Info: Applied modifier was not first, result may not be as expected
Info: Applied modifier was not first, result may not be as expected
Info: Applied modifier was not first, result may not be as expected
Info: Applied modifier was not first, result may not be as expected
Info: Applied modifier was not first, result may not be as expected
Info: Applied modifier was not first, result may not be as expected
Info: Applied modifier was not first, result may not be as expected
Info: Applied modifier was not first, result may not be as expected
Info: Applied modifier was not first, result may not be as expected
Info: Applied modifier was not first, result may not be as expected
Info: Applied modifier was not first, result may not be as expected
Info: Applied modifier was not first, result may not be as expected
Info: Applied modifier was not first, result may not be as expected
Info: Applied modifier was not first, result may not be as expected
Info: Applied modifier was not first, result may not be as expected
Info: Applied modifier was not first, result may not be as expected
Info: Applied modifier was not first, result may not be as expected
Info: Applied modifier was not first, result may not be as expected
Info: Applied modifier was not first, result may not be as expected
Info: Applied modifier was not first, result may not be as expected
Info: Applied modifier was not first, result may not be as expected
Info: Applied modifier was not first, result may not be as expected
Info: Applied modifier was not first, result may not be as expected
COLLISION AUDIT frame garden approach / uprights []
COLLISION AUDIT ivory hook / green frame []
11:51:22 | INFO: Data are loaded, start creating Blender stuff
11:51:22 | INFO: Blender create Mesh node potted_plant_01_base_low
11:51:22 | INFO: Blender create Mesh node Circle.008
11:51:22 | INFO: Blender create Mesh node Circle.002
11:51:22 | INFO: Blender create Mesh node Plane.070
11:51:22 | INFO: glTF import finished in 0.10s
Blender 4.5.0 (hash 8cb6b388974a built 2025-07-15 01:35:28)
Fra:1 Mem:102.60M (Peak 109.39M) | Time:00:00.02 | Mem:0.02M, Peak:0.02M | Scene, ViewLayer | Synchronizing object | Seabed
Fra:1 Mem:102.60M (Peak 109.39M) | Time:00:00.02 | Mem:0.02M, Peak:0.02M | Scene, ViewLayer | Synchronizing object | Garden travertine paving.001
Fra:1 Mem:102.61M (Peak 109.39M) | Time:00:00.02 | Mem:0.02M, Peak:0.02M | Scene, ViewLayer | Synchronizing object | Garden travertine paving.006
Fra:1 Mem:104.62M (Peak 109.39M) | Time:00:00.02 | Mem:0.02M, Peak:0.02M | Scene, ViewLayer | Synchronizing object | Garden travertine paving.014
Fra:1 Mem:104.67M (Peak 109.39M) | Time:00:00.02 | Mem:0.02M, Peak:0.02M | Scene, ViewLayer | Synchronizing object | Garden travertine paving.015
Fra:1 Mem:104.72M (Peak 109.39M) | Time:00:00.02 | Mem:0.02M, Peak:0.02M | Scene, ViewLayer | Synchronizing object | Garden travertine paving.016
Fra:1 Mem:104.82M (Peak 109.39M) | Time:00:00.02 | Mem:0.02M, Peak:0.02M | Scene, ViewLayer | Synchronizing object | Garden travertine paving.017
Fra:1 Mem:104.88M (Peak 109.39M) | Time:00:00.02 | Mem:0.02M, Peak:0.02M | Scene, ViewLayer | Synchronizing object | Garden travertine paving.020
Fra:1 Mem:104.95M (Peak 109.39M) | Time:00:00.02 | Mem:0.02M, Peak:0.02M | Scene, ViewLayer | Synchronizing object | Garden travertine paving.021
Fra:1 Mem:104.96M (Peak 109.39M) | Time:00:00.02 | Mem:0.02M, Peak:0.02M | Scene, ViewLayer | Synchronizing object | Garden travertine paving.022
Fra:1 Mem:104.96M (Peak 109.39M) | Time:00:00.02 | Mem:0.02M, Peak:0.02M | Scene, ViewLayer | Synchronizing object | Garden travertine paving.023
Fra:1 Mem:105.05M (Peak 109.39M) | Time:00:00.02 | Mem:0.02M, Peak:0.02M | Scene, ViewLayer | Synchronizing object | Garden travertine paving.024
Fra:1 Mem:105.02M (Peak 109.39M) | Time:00:00.02 | Mem:0.02M, Peak:0.02M | Scene, ViewLayer | Synchronizing object | Garden travertine paving.026
Fra:1 Mem:105.10M (Peak 109.39M) | Time:00:00.02 | Mem:0.02M, Peak:0.02M | Scene, ViewLayer | Synchronizing object | Garden travertine paving.027
Fra:1 Mem:105.10M (Peak 109.39M) | Time:00:00.02 | Mem:0.02M, Peak:0.02M | Scene, ViewLayer | Synchronizing object | Garden travertine paving.028
Fra:1 Mem:105.12M (Peak 109.39M) | Time:00:00.02 | Mem:0.02M, Peak:0.02M | Scene, ViewLayer | Synchronizing object | Garden travertine paving.031
Fra:1 Mem:105.14M (Peak 109.39M) | Time:00:00.02 | Mem:0.02M, Peak:0.02M | Scene, ViewLayer | Synchronizing object | Garden travertine paving.033
Fra:1 Mem:105.23M (Peak 109.39M) | Time:00:00.02 | Mem:0.02M, Peak:0.02M | Scene, ViewLayer | Synchronizing object | Garden travertine paving.034
Fra:1 Mem:105.33M (Peak 109.39M) | Time:00:00.02 | Mem:0.02M, Peak:0.02M | Scene, ViewLayer | Synchronizing object | Garden travertine paving.035
Fra:1 Mem:105.35M (Peak 109.39M) | Time:00:00.02 | Mem:0.02M, Peak:0.02M | Scene, ViewLayer | Synchronizing object | Garden travertine paving.036
Fra:1 Mem:105.36M (Peak 109.39M) | Time:00:00.02 | Mem:0.02M, Peak:0.02M | Scene, ViewLayer | Synchronizing object | Garden travertine paving.037
Fra:1 Mem:105.39M (Peak 109.39M) | Time:00:00.02 | Mem:0.02M, Peak:0.02M | Scene, ViewLayer | Synchronizing object | Garden travertine paving.038
Fra:1 Mem:105.45M (Peak 109.39M) | Time:00:00.02 | Mem:0.02M, Peak:0.02M | Scene, ViewLayer | Synchronizing object | Garden travertine paving.039
Fra:1 Mem:105.46M (Peak 109.39M) | Time:00:00.02 | Mem:0.02M, Peak:0.02M | Scene, ViewLayer | Synchronizing object | Garden travertine paving.040
Fra:1 Mem:105.47M (Peak 109.39M) | Time:00:00.02 | Mem:0.02M, Peak:0.02M | Scene, ViewLayer | Synchronizing object | Garden travertine paving.045
Fra:1 Mem:105.47M (Peak 109.39M) | Time:00:00.02 | Mem:0.02M, Peak:0.02M | Scene, ViewLayer | Synchronizing object | Garden travertine paving.048
Fra:1 Mem:105.49M (Peak 109.39M) | Time:00:00.02 | Mem:0.02M, Peak:0.02M | Scene, ViewLayer | Synchronizing object | Garden travertine paving.050
Fra:1 Mem:105.50M (Peak 109.39M) | Time:00:00.02 | Mem:0.02M, Peak:0.02M | Scene, ViewLayer | Synchronizing object | Garden travertine paving.051
Fra:1 Mem:105.65M (Peak 109.39M) | Time:00:00.02 | Mem:0.02M, Peak:0.02M | Scene, ViewLayer | Synchronizing object | Garden travertine paving.052
Fra:1 Mem:105.73M (Peak 109.39M) | Time:00:00.02 | Mem:0.02M, Peak:0.02M | Scene, ViewLayer | Synchronizing object | Garden travertine paving.053
Fra:1 Mem:105.78M (Peak 109.39M) | Time:00:00.02 | Mem:0.02M, Peak:0.02M | Scene, ViewLayer | Synchronizing object | Garden travertine paving.055
Fra:1 Mem:105.81M (Peak 109.39M) | Time:00:00.02 | Mem:0.02M, Peak:0.02M | Scene, ViewLayer | Synchronizing object | Garden travertine paving.056
Fra:1 Mem:105.88M (Peak 109.39M) | Time:00:00.02 | Mem:0.02M, Peak:0.02M | Scene, ViewLayer | Synchronizing object | Garden travertine paving.059
Fra:1 Mem:105.94M (Peak 109.39M) | Time:00:00.02 | Mem:0.02M, Peak:0.02M | Scene, ViewLayer | Synchronizing object | Garden travertine paving.060
Fra:1 Mem:105.90M (Peak 109.39M) | Time:00:00.02 | Mem:0.02M, Peak:0.02M | Scene, ViewLayer | Synchronizing object | Garden travertine paving.063
Fra:1 Mem:106.01M (Peak 109.39M) | Time:00:00.02 | Mem:0.02M, Peak:0.02M | Scene, ViewLayer | Synchronizing object | Garden travertine paving.065
Fra:1 Mem:106.04M (Peak 109.39M) | Time:00:00.02 | Mem:0.02M, Peak:0.02M | Scene, ViewLayer | Synchronizing object | Garden travertine paving.068
Fra:1 Mem:106.08M (Peak 109.39M) | Time:00:00.02 | Mem:0.02M, Peak:0.02M | Scene, ViewLayer | Synchronizing object | Garden travertine paving.070
Fra:1 Mem:106.06M (Peak 109.39M) | Time:00:00.02 | Mem:0.02M, Peak:0.02M | Scene, ViewLayer | Synchronizing object | Garden travertine paving.072
Fra:1 Mem:106.08M (Peak 109.39M) | Time:00:00.02 | Mem:0.02M, Peak:0.02M | Scene, ViewLayer | Synchronizing object | Garden travertine paving.074
Fra:1 Mem:106.11M (Peak 109.39M) | Time:00:00.02 | Mem:0.02M, Peak:0.02M | Scene, ViewLayer | Synchronizing object | Garden travertine paving.075
Fra:1 Mem:106.14M (Peak 109.39M) | Time:00:00.02 | Mem:0.02M, Peak:0.02M | Scene, ViewLayer | Synchronizing object | Garden travertine paving.076
Fra:1 Mem:106.24M (Peak 109.39M) | Time:00:00.02 | Mem:0.02M, Peak:0.02M | Scene, ViewLayer | Synchronizing object | Garden travertine paving.077
Fra:1 Mem:106.25M (Peak 109.39M) | Time:00:00.02 | Mem:0.02M, Peak:0.02M | Scene, ViewLayer | Synchronizing object | Garden travertine paving.078
Fra:1 Mem:106.34M (Peak 109.39M) | Time:00:00.02 | Mem:0.02M, Peak:0.02M | Scene, ViewLayer | Synchronizing object | Garden travertine paving.080
Fra:1 Mem:106.35M (Peak 109.39M) | Time:00:00.02 | Mem:0.02M, Peak:0.02M | Scene, ViewLayer | Synchronizing object | Garden travertine paving.081
Fra:1 Mem:106.35M (Peak 109.39M) | Time:00:00.02 | Mem:0.02M, Peak:0.02M | Scene, ViewLayer | Synchronizing object | Garden travertine paving.084
Fra:1 Mem:106.48M (Peak 109.39M) | Time:00:00.02 | Mem:0.02M, Peak:0.02M | Scene, ViewLayer | Synchronizing object | Garden travertine paving.085
Fra:1 Mem:106.51M (Peak 109.39M) | Time:00:00.02 | Mem:0.02M, Peak:0.02M | Scene, ViewLayer | Synchronizing object | Garden travertine paving.086
Fra:1 Mem:106.56M (Peak 109.39M) | Time:00:00.02 | Mem:0.02M, Peak:0.02M | Scene, ViewLayer | Synchronizing object | Garden travertine paving.088
Fra:1 Mem:106.58M (Peak 109.39M) | Time:00:00.02 | Mem:0.02M, Peak:0.02M | Scene, ViewLayer | Synchronizing object | Garden travertine paving.089
Fra:1 Mem:106.58M (Peak 109.39M) | Time:00:00.02 | Mem:0.02M, Peak:0.02M | Scene, ViewLayer | Synchronizing object | Garden travertine paving.090
Fra:1 Mem:106.64M (Peak 109.39M) | Time:00:00.02 | Mem:0.02M, Peak:0.02M | Scene, ViewLayer | Synchronizing object | Garden travertine paving.093
Fra:1 Mem:106.65M (Peak 109.39M) | Time:00:00.02 | Mem:0.02M, Peak:0.02M | Scene, ViewLayer | Synchronizing object | Garden travertine paving.094
Fra:1 Mem:106.67M (Peak 109.39M) | Time:00:00.02 | Mem:0.02M, Peak:0.02M | Scene, ViewLayer | Synchronizing object | Garden travertine paving.098
Fra:1 Mem:106.74M (Peak 109.39M) | Time:00:00.02 | Mem:0.02M, Peak:0.02M | Scene, ViewLayer | Synchronizing object | Garden travertine paving.099
Fra:1 Mem:106.72M (Peak 109.39M) | Time:00:00.02 | Mem:0.02M, Peak:0.02M | Scene, ViewLayer | Synchronizing object | Garden travertine paving.100
Fra:1 Mem:106.89M (Peak 109.39M) | Time:00:00.02 | Mem:0.02M, Peak:0.02M | Scene, ViewLayer | Synchronizing object | Garden travertine paving.101
Fra:1 Mem:106.90M (Peak 109.39M) | Time:00:00.02 | Mem:0.02M, Peak:0.02M | Scene, ViewLayer | Synchronizing object | Garden travertine paving.103
Fra:1 Mem:106.99M (Peak 109.39M) | Time:00:00.02 | Mem:0.02M, Peak:0.02M | Scene, ViewLayer | Synchronizing object | Garden travertine paving.104
Fra:1 Mem:107.03M (Peak 109.39M) | Time:00:00.02 | Mem:0.02M, Peak:0.02M | Scene, ViewLayer | Synchronizing object | Garden travertine paving.106
Fra:1 Mem:107.04M (Peak 109.39M) | Time:00:00.02 | Mem:0.02M, Peak:0.02M | Scene, ViewLayer | Synchronizing object | Garden travertine paving.109
Fra:1 Mem:107.07M (Peak 109.39M) | Time:00:00.02 | Mem:0.02M, Peak:0.02M | Scene, ViewLayer | Synchronizing object | Garden travertine paving.110
Fra:1 Mem:107.09M (Peak 109.39M) | Time:00:00.02 | Mem:0.02M, Peak:0.02M | Scene, ViewLayer | Synchronizing object | Garden travertine paving.113
Fra:1 Mem:107.12M (Peak 109.39M) | Time:00:00.02 | Mem:0.02M, Peak:0.02M | Scene, ViewLayer | Synchronizing object | Garden travertine paving.114
Fra:1 Mem:107.14M (Peak 109.39M) | Time:00:00.02 | Mem:0.02M, Peak:0.02M | Scene, ViewLayer | Synchronizing object | Garden travertine paving.115
Fra:1 Mem:107.28M (Peak 109.39M) | Time:00:00.02 | Mem:0.02M, Peak:0.02M | Scene, ViewLayer | Synchronizing object | Garden travertine paving.116
Fra:1 Mem:107.27M (Peak 109.39M) | Time:00:00.02 | Mem:0.02M, Peak:0.02M | Scene, ViewLayer | Synchronizing object | Garden travertine paving.117
Fra:1 Mem:107.33M (Peak 109.39M) | Time:00:00.02 | Mem:0.02M, Peak:0.02M | Scene, ViewLayer | Synchronizing object | Garden travertine paving.120
Fra:1 Mem:107.35M (Peak 109.39M) | Time:00:00.02 | Mem:0.02M, Peak:0.02M | Scene, ViewLayer | Synchronizing object | Garden travertine paving.123
Fra:1 Mem:107.41M (Peak 109.39M) | Time:00:00.02 | Mem:0.02M, Peak:0.02M | Scene, ViewLayer | Synchronizing object | Garden travertine paving.124
Fra:1 Mem:107.38M (Peak 109.39M) | Time:00:00.02 | Mem:0.02M, Peak:0.02M | Scene, ViewLayer | Synchronizing object | Garden travertine paving.127
Fra:1 Mem:107.41M (Peak 109.39M) | Time:00:00.02 | Mem:0.02M, Peak:0.02M | Scene, ViewLayer | Synchronizing object | Garden travertine paving.129
Fra:1 Mem:107.43M (Peak 109.39M) | Time:00:00.02 | Mem:0.02M, Peak:0.02M | Scene, ViewLayer | Synchronizing object | Garden travertine paving.130
Fra:1 Mem:107.49M (Peak 109.39M) | Time:00:00.02 | Mem:0.02M, Peak:0.02M | Scene, ViewLayer | Synchronizing object | Garden travertine paving.131
Fra:1 Mem:107.49M (Peak 109.39M) | Time:00:00.02 | Mem:0.02M, Peak:0.02M | Scene, ViewLayer | Synchronizing object | Garden travertine paving.132
Fra:1 Mem:107.55M (Peak 109.39M) | Time:00:00.02 | Mem:0.02M, Peak:0.02M | Scene, ViewLayer | Synchronizing object | Garden travertine paving.134
Fra:1 Mem:107.64M (Peak 109.39M) | Time:00:00.02 | Mem:0.02M, Peak:0.02M | Scene, ViewLayer | Synchronizing object | Garden travertine paving.136
Fra:1 Mem:107.73M (Peak 109.39M) | Time:00:00.02 | Mem:0.02M, Peak:0.02M | Scene, ViewLayer | Synchronizing object | Garden travertine paving.137
Fra:1 Mem:107.72M (Peak 109.39M) | Time:00:00.02 | Mem:0.02M, Peak:0.02M | Scene, ViewLayer | Synchronizing object | Garden travertine paving.139
Fra:1 Mem:107.74M (Peak 109.39M) | Time:00:00.02 | Mem:0.02M, Peak:0.02M | Scene, ViewLayer | Synchronizing object | Garden travertine paving.141
Fra:1 Mem:107.96M (Peak 109.39M) | Time:00:00.02 | Mem:0.02M, Peak:0.02M | Scene, ViewLayer | Synchronizing object | Garden travertine paving.143
Fra:1 Mem:107.97M (Peak 109.39M) | Time:00:00.02 | Mem:0.02M, Peak:0.02M | Scene, ViewLayer | Synchronizing object | Garden travertine paving.146
Fra:1 Mem:108.04M (Peak 109.39M) | Time:00:00.02 | Mem:0.02M, Peak:0.02M | Scene, ViewLayer | Synchronizing object | Garden travertine paving.147
Fra:1 Mem:107.98M (Peak 109.39M) | Time:00:00.02 | Mem:0.02M, Peak:0.02M | Scene, ViewLayer | Synchronizing object | Garden travertine paving.151
Fra:1 Mem:108.04M (Peak 109.39M) | Time:00:00.02 | Mem:0.02M, Peak:0.02M | Scene, ViewLayer | Synchronizing object | Garden travertine paving.152
Fra:1 Mem:108.07M (Peak 109.39M) | Time:00:00.02 | Mem:0.02M, Peak:0.02M | Scene, ViewLayer | Synchronizing object | Garden travertine paving.155
Fra:1 Mem:108.06M (Peak 109.39M) | Time:00:00.02 | Mem:0.02M, Peak:0.02M | Scene, ViewLayer | Synchronizing object | Garden travertine paving.156
Fra:1 Mem:108.07M (Peak 109.39M) | Time:00:00.02 | Mem:0.02M, Peak:0.02M | Scene, ViewLayer | Synchronizing object | Garden travertine paving.157
Fra:1 Mem:108.14M (Peak 109.39M) | Time:00:00.02 | Mem:0.02M, Peak:0.02M | Scene, ViewLayer | Synchronizing object | Garden travertine paving.159
Fra:1 Mem:108.12M (Peak 109.39M) | Time:00:00.02 | Mem:0.02M, Peak:0.02M | Scene, ViewLayer | Synchronizing object | Garden travertine paving.160
Fra:1 Mem:108.22M (Peak 109.39M) | Time:00:00.02 | Mem:0.02M, Peak:0.02M | Scene, ViewLayer | Synchronizing object | Garden travertine paving.161
Fra:1 Mem:108.26M (Peak 109.39M) | Time:00:00.02 | Mem:0.02M, Peak:0.02M | Scene, ViewLayer | Synchronizing object | Garden travertine paving.162
Fra:1 Mem:108.23M (Peak 109.39M) | Time:00:00.02 | Mem:0.02M, Peak:0.02M | Scene, ViewLayer | Synchronizing object | Garden travertine paving.163
Fra:1 Mem:108.28M (Peak 109.39M) | Time:00:00.02 | Mem:0.02M, Peak:0.02M | Scene, ViewLayer | Synchronizing object | Garden travertine paving.164
Fra:1 Mem:108.33M (Peak 109.39M) | Time:00:00.02 | Mem:0.02M, Peak:0.02M | Scene, ViewLayer | Synchronizing object | Garden travertine paving.165
Fra:1 Mem:108.39M (Peak 109.39M) | Time:00:00.02 | Mem:0.02M, Peak:0.02M | Scene, ViewLayer | Synchronizing object | Garden travertine paving.166
Fra:1 Mem:108.41M (Peak 109.39M) | Time:00:00.02 | Mem:0.02M, Peak:0.02M | Scene, ViewLayer | Synchronizing object | Garden travertine paving.168
Fra:1 Mem:108.45M (Peak 109.39M) | Time:00:00.02 | Mem:0.02M, Peak:0.02M | Scene, ViewLayer | Synchronizing object | Garden travertine paving.170
Fra:1 Mem:108.49M (Peak 109.39M) | Time:00:00.02 | Mem:0.02M, Peak:0.02M | Scene, ViewLayer | Synchronizing object | Garden travertine paving.171
Fra:1 Mem:108.51M (Peak 109.39M) | Time:00:00.02 | Mem:0.02M, Peak:0.02M | Scene, ViewLayer | Synchronizing object | Garden travertine paving.172
Fra:1 Mem:108.51M (Peak 109.39M) | Time:00:00.02 | Mem:0.02M, Peak:0.02M | Scene, ViewLayer | Synchronizing object | Garden travertine paving.173
Fra:1 Mem:108.55M (Peak 109.39M) | Time:00:00.02 | Mem:0.02M, Peak:0.02M | Scene, ViewLayer | Synchronizing object | Garden travertine paving.174
Fra:1 Mem:108.59M (Peak 109.39M) | Time:00:00.02 | Mem:0.02M, Peak:0.02M | Scene, ViewLayer | Synchronizing object | Garden travertine paving.176
Fra:1 Mem:108.59M (Peak 109.39M) | Time:00:00.02 | Mem:0.02M, Peak:0.02M | Scene, ViewLayer | Synchronizing object | Garden travertine paving.178
Fra:1 Mem:108.64M (Peak 109.39M) | Time:00:00.02 | Mem:0.02M, Peak:0.02M | Scene, ViewLayer | Synchronizing object | Garden travertine paving.179
Fra:1 Mem:108.68M (Peak 109.39M) | Time:00:00.02 | Mem:0.02M, Peak:0.02M | Scene, ViewLayer | Synchronizing object | potted_plant_01_pebbles.001
Fra:1 Mem:108.69M (Peak 109.39M) | Time:00:00.02 | Mem:0.02M, Peak:0.02M | Scene, ViewLayer | Synchronizing object | Garden travertine paving.180
Fra:1 Mem:108.80M (Peak 109.39M) | Time:00:00.02 | Mem:0.02M, Peak:0.02M | Scene, ViewLayer | Synchronizing object | Garden travertine paving.183
Fra:1 Mem:108.85M (Peak 109.39M) | Time:00:00.02 | Mem:0.02M, Peak:0.02M | Scene, ViewLayer | Synchronizing object | Garden travertine paving.184
Fra:1 Mem:108.80M (Peak 109.39M) | Time:00:00.02 | Mem:0.02M, Peak:0.02M | Scene, ViewLayer | Synchronizing object | Garden travertine paving.185
Fra:1 Mem:108.85M (Peak 109.39M) | Time:00:00.02 | Mem:0.02M, Peak:0.02M | Scene, ViewLayer | Synchronizing object | Garden travertine paving.186
Fra:1 Mem:108.92M (Peak 109.39M) | Time:00:00.02 | Mem:0.02M, Peak:0.02M | Scene, ViewLayer | Synchronizing object | Garden travertine paving.188
Fra:1 Mem:109.04M (Peak 109.39M) | Time:00:00.02 | Mem:0.02M, Peak:0.02M | Scene, ViewLayer | Synchronizing object | Garden travertine paving.190
Fra:1 Mem:109.08M (Peak 109.39M) | Time:00:00.02 | Mem:0.02M, Peak:0.02M | Scene, ViewLayer | Synchronizing object | Garden travertine paving.189
Fra:1 Mem:109.20M (Peak 109.39M) | Time:00:00.02 | Mem:0.02M, Peak:0.02M | Scene, ViewLayer | Synchronizing object | Garden travertine paving.191
Fra:1 Mem:109.18M (Peak 109.39M) | Time:00:00.02 | Mem:0.02M, Peak:0.02M | Scene, ViewLayer | Synchronizing object | Garden travertine paving.192
Fra:1 Mem:109.99M (Peak 109.99M) | Time:00:00.02 | Mem:0.02M, Peak:0.02M | Scene, ViewLayer | Synchronizing object | Garden travertine paving.196
Fra:1 Mem:110.02M (Peak 110.02M) | Time:00:00.02 | Mem:0.02M, Peak:0.02M | Scene, ViewLayer | Synchronizing object | Garden travertine paving.200
Fra:1 Mem:110.03M (Peak 110.03M) | Time:00:00.02 | Mem:0.02M, Peak:0.02M | Scene, ViewLayer | Synchronizing object | Garden travertine paving.202
Fra:1 Mem:110.04M (Peak 110.04M) | Time:00:00.02 | Mem:0.02M, Peak:0.02M | Scene, ViewLayer | Synchronizing object | Garden travertine paving.203
Fra:1 Mem:110.09M (Peak 110.09M) | Time:00:00.02 | Mem:0.02M, Peak:0.02M | Scene, ViewLayer | Synchronizing object | Garden travertine paving.204
Fra:1 Mem:110.25M (Peak 110.25M) | Time:00:00.02 | Mem:0.02M, Peak:0.02M | Scene, ViewLayer | Synchronizing object | Garden travertine paving.206
Fra:1 Mem:110.28M (Peak 110.28M) | Time:00:00.02 | Mem:0.02M, Peak:0.02M | Scene, ViewLayer | Synchronizing object | Garden travertine paving.207
Fra:1 Mem:110.32M (Peak 110.32M) | Time:00:00.02 | Mem:0.02M, Peak:0.02M | Scene, ViewLayer | Synchronizing object | Garden travertine paving.212
Fra:1 Mem:110.34M (Peak 110.34M) | Time:00:00.02 | Mem:0.02M, Peak:0.02M | Scene, ViewLayer | Synchronizing object | Garden travertine paving.213
Fra:1 Mem:110.33M (Peak 110.34M) | Time:00:00.02 | Mem:0.02M, Peak:0.02M | Scene, ViewLayer | Synchronizing object | Garden travertine paving.214
Fra:1 Mem:110.37M (Peak 110.37M) | Time:00:00.02 | Mem:0.02M, Peak:0.02M | Scene, ViewLayer | Synchronizing object | Garden travertine paving.216
Fra:1 Mem:110.40M (Peak 110.40M) | Time:00:00.02 | Mem:0.02M, Peak:0.02M | Scene, ViewLayer | Synchronizing object | Garden travertine paving.217
Fra:1 Mem:110.42M (Peak 110.42M) | Time:00:00.02 | Mem:0.02M, Peak:0.02M | Scene, ViewLayer | Synchronizing object | Garden travertine paving.218
Fra:1 Mem:110.42M (Peak 110.42M) | Time:00:00.02 | Mem:0.02M, Peak:0.02M | Scene, ViewLayer | Synchronizing object | Garden travertine paving.220
Fra:1 Mem:110.61M (Peak 110.61M) | Time:00:00.02 | Mem:0.02M, Peak:0.02M | Scene, ViewLayer | Synchronizing object | Garden travertine paving.221
Fra:1 Mem:110.65M (Peak 110.65M) | Time:00:00.02 | Mem:0.02M, Peak:0.02M | Scene, ViewLayer | Synchronizing object | Garden travertine paving.224
Fra:1 Mem:110.65M (Peak 110.65M) | Time:00:00.02 | Mem:0.02M, Peak:0.02M | Scene, ViewLayer | Synchronizing object | Garden travertine paving.225
Fra:1 Mem:110.71M (Peak 110.71M) | Time:00:00.02 | Mem:0.02M, Peak:0.02M | Scene, ViewLayer | Synchronizing object | Garden travertine paving.227
Fra:1 Mem:110.72M (Peak 110.72M) | Time:00:00.02 | Mem:0.02M, Peak:0.02M | Scene, ViewLayer | Synchronizing object | Garden travertine paving.228
Fra:1 Mem:110.72M (Peak 110.72M) | Time:00:00.02 | Mem:0.02M, Peak:0.02M | Scene, ViewLayer | Synchronizing object | Garden travertine paving.230
Fra:1 Mem:110.79M (Peak 110.79M) | Time:00:00.02 | Mem:0.02M, Peak:0.02M | Scene, ViewLayer | Synchronizing object | Garden travertine paving.231
Fra:1 Mem:111.05M (Peak 111.05M) | Time:00:00.02 | Mem:0.02M, Peak:0.02M | Scene, ViewLayer | Synchronizing object | Garden travertine paving.232
Fra:1 Mem:111.04M (Peak 111.05M) | Time:00:00.02 | Mem:0.02M, Peak:0.02M | Scene, ViewLayer | Synchronizing object | Garden travertine paving.235
Fra:1 Mem:111.10M (Peak 111.10M) | Time:00:00.02 | Mem:0.02M, Peak:0.02M | Scene, ViewLayer | Synchronizing object | Garden travertine paving.236
Fra:1 Mem:111.10M (Peak 111.10M) | Time:00:00.02 | Mem:0.02M, Peak:0.02M | Scene, ViewLayer | Synchronizing object | Garden travertine paving.237
Fra:1 Mem:111.14M (Peak 111.14M) | Time:00:00.02 | Mem:0.02M, Peak:0.02M | Scene, ViewLayer | Synchronizing object | Garden travertine paving.238
Fra:1 Mem:111.20M (Peak 111.20M) | Time:00:00.02 | Mem:0.02M, Peak:0.02M | Scene, ViewLayer | Synchronizing object | Garden travertine paving.239
Fra:1 Mem:111.25M (Peak 111.25M) | Time:00:00.02 | Mem:0.02M, Peak:0.02M | Scene, ViewLayer | Synchronizing object | Garden travertine paving.240
Fra:1 Mem:111.38M (Peak 111.38M) | Time:00:00.02 | Mem:0.02M, Peak:0.02M | Scene, ViewLayer | Synchronizing object | Garden travertine paving.241
Fra:1 Mem:111.41M (Peak 111.40M) | Time:00:00.02 | Mem:0.02M, Peak:0.02M | Scene, ViewLayer | Synchronizing object | Garden travertine paving.243
Fra:1 Mem:111.37M (Peak 111.40M) | Time:00:00.02 | Mem:0.02M, Peak:0.02M | Scene, ViewLayer | Synchronizing object | Garden travertine paving.245
Fra:1 Mem:111.42M (Peak 111.42M) | Time:00:00.02 | Mem:0.02M, Peak:0.02M | Scene, ViewLayer | Synchronizing object | Garden travertine paving.246
Fra:1 Mem:112.45M (Peak 112.45M) | Time:00:00.02 | Mem:0.02M, Peak:0.02M | Scene, ViewLayer | Synchronizing object | Garden travertine paving.248
Fra:1 Mem:112.41M (Peak 112.45M) | Time:00:00.02 | Mem:0.02M, Peak:0.02M | Scene, ViewLayer | Synchronizing object | Garden travertine paving.251
Fra:1 Mem:112.50M (Peak 112.50M) | Time:00:00.02 | Mem:0.02M, Peak:0.02M | Scene, ViewLayer | Synchronizing object | Garden travertine paving.252
Fra:1 Mem:112.50M (Peak 112.50M) | Time:00:00.02 | Mem:0.02M, Peak:0.02M | Scene, ViewLayer | Synchronizing object | Garden travertine paving.253
Fra:1 Mem:112.51M (Peak 112.51M) | Time:00:00.02 | Mem:0.02M, Peak:0.02M | Scene, ViewLayer | Synchronizing object | Garden travertine paving.255
Fra:1 Mem:112.54M (Peak 112.54M) | Time:00:00.02 | Mem:0.02M, Peak:0.02M | Scene, ViewLayer | Synchronizing object | Garden travertine paving.257
Fra:1 Mem:112.58M (Peak 112.58M) | Time:00:00.02 | Mem:0.02M, Peak:0.02M | Scene, ViewLayer | Synchronizing object | Garden travertine paving.258
Fra:1 Mem:112.65M (Peak 112.65M) | Time:00:00.02 | Mem:0.02M, Peak:0.02M | Scene, ViewLayer | Synchronizing object | Garden travertine paving.259
Fra:1 Mem:112.70M (Peak 112.70M) | Time:00:00.02 | Mem:0.02M, Peak:0.02M | Scene, ViewLayer | Synchronizing object | Garden travertine paving.260
Fra:1 Mem:112.73M (Peak 112.73M) | Time:00:00.02 | Mem:0.02M, Peak:0.02M | Scene, ViewLayer | Synchronizing object | Garden travertine paving.263
Fra:1 Mem:112.76M (Peak 112.76M) | Time:00:00.02 | Mem:0.02M, Peak:0.02M | Scene, ViewLayer | Synchronizing object | Garden travertine paving.264
Fra:1 Mem:112.86M (Peak 112.86M) | Time:00:00.02 | Mem:0.02M, Peak:0.02M | Scene, ViewLayer | Synchronizing object | Garden travertine paving.265
Fra:1 Mem:112.86M (Peak 112.86M) | Time:00:00.02 | Mem:0.02M, Peak:0.02M | Scene, ViewLayer | Synchronizing object | Garden travertine paving.268
Fra:1 Mem:112.88M (Peak 112.88M) | Time:00:00.02 | Mem:0.02M, Peak:0.02M | Scene, ViewLayer | Synchronizing object | Garden travertine paving.270
Fra:1 Mem:112.98M (Peak 112.98M) | Time:00:00.02 | Mem:0.02M, Peak:0.02M | Scene, ViewLayer | Synchronizing object | Garden travertine paving.272
Fra:1 Mem:112.95M (Peak 112.98M) | Time:00:00.02 | Mem:0.02M, Peak:0.02M | Scene, ViewLayer | Synchronizing object | Garden travertine paving.273
Fra:1 Mem:112.96M (Peak 112.98M) | Time:00:00.02 | Mem:0.02M, Peak:0.02M | Scene, ViewLayer | Synchronizing object | Garden travertine paving.274
Fra:1 Mem:112.99M (Peak 112.99M) | Time:00:00.02 | Mem:0.02M, Peak:0.02M | Scene, ViewLayer | Synchronizing object | Garden travertine paving.276
Fra:1 Mem:113.02M (Peak 113.02M) | Time:00:00.02 | Mem:0.02M, Peak:0.02M | Scene, ViewLayer | Synchronizing object | Garden travertine paving.278
Fra:1 Mem:113.01M (Peak 113.02M) | Time:00:00.02 | Mem:0.02M, Peak:0.02M | Scene, ViewLayer | Synchronizing object | Garden travertine paving.279
Fra:1 Mem:113.04M (Peak 113.04M) | Time:00:00.02 | Mem:0.02M, Peak:0.02M | Scene, ViewLayer | Synchronizing object | Garden travertine paving.281
Fra:1 Mem:113.19M (Peak 113.19M) | Time:00:00.02 | Mem:0.02M, Peak:0.02M | Scene, ViewLayer | Synchronizing object | Garden travertine paving.282
Fra:1 Mem:113.23M (Peak 113.23M) | Time:00:00.02 | Mem:0.02M, Peak:0.02M | Scene, ViewLayer | Synchronizing object | Garden travertine paving.283
Fra:1 Mem:113.36M (Peak 113.37M) | Time:00:00.02 | Mem:0.02M, Peak:0.02M | Scene, ViewLayer | Synchronizing object | Garden travertine paving.284
Fra:1 Mem:113.37M (Peak 113.37M) | Time:00:00.02 | Mem:0.02M, Peak:0.02M | Scene, ViewLayer | Synchronizing object | Garden travertine paving.287
Fra:1 Mem:113.38M (Peak 113.38M) | Time:00:00.02 | Mem:0.02M, Peak:0.02M | Scene, ViewLayer | Synchronizing object | Garden travertine paving.288
Fra:1 Mem:113.42M (Peak 113.42M) | Time:00:00.02 | Mem:0.02M, Peak:0.02M | Scene, ViewLayer | Synchronizing object | Garden travertine paving.289
Fra:1 Mem:113.41M (Peak 113.42M) | Time:00:00.02 | Mem:0.02M, Peak:0.02M | Scene, ViewLayer | Synchronizing object | Garden travertine paving.290
Fra:1 Mem:113.44M (Peak 113.44M) | Time:00:00.02 | Mem:0.02M, Peak:0.02M | Scene, ViewLayer | Synchronizing object | Garden travertine paving.292
Fra:1 Mem:113.58M (Peak 113.58M) | Time:00:00.02 | Mem:0.02M, Peak:0.02M | Scene, ViewLayer | Synchronizing object | Garden travertine paving.293
Fra:1 Mem:113.62M (Peak 113.62M) | Time:00:00.02 | Mem:0.02M, Peak:0.02M | Scene, ViewLayer | Synchronizing object | Garden travertine paving.294
Fra:1 Mem:113.99M (Peak 113.99M) | Time:00:00.02 | Mem:0.02M, Peak:0.02M | Scene, ViewLayer | Synchronizing object | Garden travertine paving.298
Fra:1 Mem:113.96M (Peak 113.99M) | Time:00:00.02 | Mem:0.02M, Peak:0.02M | Scene, ViewLayer | Synchronizing object | Garden travertine paving.299
Fra:1 Mem:114.00M (Peak 114.00M) | Time:00:00.02 | Mem:0.02M, Peak:0.02M | Scene, ViewLayer | Synchronizing object | Garden travertine paving.301
Fra:1 Mem:114.03M (Peak 114.03M) | Time:00:00.02 | Mem:0.02M, Peak:0.02M | Scene, ViewLayer | Synchronizing object | Garden travertine paving.304
Fra:1 Mem:114.10M (Peak 114.10M) | Time:00:00.02 | Mem:0.02M, Peak:0.02M | Scene, ViewLayer | Synchronizing object | Garden travertine paving.305
Fra:1 Mem:114.08M (Peak 114.10M) | Time:00:00.02 | Mem:0.02M, Peak:0.02M | Scene, ViewLayer | Synchronizing object | Garden travertine paving.306
Fra:1 Mem:114.76M (Peak 114.76M) | Time:00:00.02 | Mem:0.02M, Peak:0.02M | Scene, ViewLayer | Synchronizing object | Garden travertine paving.307
Fra:1 Mem:115.42M (Peak 115.42M) | Time:00:00.02 | Mem:0.02M, Peak:0.02M | Scene, ViewLayer | Synchronizing object | Garden travertine paving.311
Fra:1 Mem:116.15M (Peak 116.15M) | Time:00:00.02 | Mem:0.02M, Peak:0.02M | Scene, ViewLayer | Synchronizing object | Garden travertine paving.316
Fra:1 Mem:116.20M (Peak 116.20M) | Time:00:00.02 | Mem:0.02M, Peak:0.02M | Scene, ViewLayer | Synchronizing object | Garden travertine paving.318
Fra:1 Mem:116.22M (Peak 116.22M) | Time:00:00.02 | Mem:0.02M, Peak:0.02M | Scene, ViewLayer | Synchronizing object | Garden travertine paving.319
Fra:1 Mem:116.99M (Peak 116.99M) | Time:00:00.02 | Mem:0.02M, Peak:0.02M | Scene, ViewLayer | Synchronizing object | Garden travertine paving.320
Fra:1 Mem:117.06M (Peak 117.06M) | Time:00:00.02 | Mem:0.02M, Peak:0.02M | Scene, ViewLayer | Synchronizing object | Garden travertine paving.321
Fra:1 Mem:117.14M (Peak 117.14M) | Time:00:00.02 | Mem:0.02M, Peak:0.02M | Scene, ViewLayer | Synchronizing object | Garden travertine paving.323
Fra:1 Mem:117.12M (Peak 117.14M) | Time:00:00.02 | Mem:0.02M, Peak:0.02M | Scene, ViewLayer | Synchronizing object | Submerged garden foundation
Fra:1 Mem:117.18M (Peak 117.18M) | Time:00:00.02 | Mem:0.02M, Peak:0.02M | Scene, ViewLayer | Synchronizing object | Ivory frame | horizontal return
Fra:1 Mem:117.19M (Peak 117.19M) | Time:00:00.02 | Mem:0.02M, Peak:0.02M | Scene, ViewLayer | Synchronizing object | Ivory frame | impossible vertical
Fra:1 Mem:117.19M (Peak 117.19M) | Time:00:00.02 | Mem:0.02M, Peak:0.02M | Scene, ViewLayer | Synchronizing object | Frame pedestal footing
Fra:1 Mem:117.34M (Peak 117.34M) | Time:00:00.02 | Mem:0.02M, Peak:0.02M | Scene, ViewLayer | Synchronizing object | Frame pedestal.001
Fra:1 Mem:117.41M (Peak 117.41M) | Time:00:00.02 | Mem:0.02M, Peak:0.02M | Scene, ViewLayer | Synchronizing object | Frame pedestal footing.001
Fra:1 Mem:117.43M (Peak 117.43M) | Time:00:00.02 | Mem:0.02M, Peak:0.02M | Scene, ViewLayer | Synchronizing object | Frame pedestal capital.001
Fra:1 Mem:117.62M (Peak 117.62M) | Time:00:00.02 | Mem:0.02M, Peak:0.02M | Scene, ViewLayer | Synchronizing object | Frame pedestal.002
Fra:1 Mem:118.09M (Peak 118.08M) | Time:00:00.02 | Mem:0.02M, Peak:0.02M | Scene, ViewLayer | Synchronizing object | Frame pedestal footing.002
Fra:1 Mem:116.83M (Peak 118.08M) | Time:00:00.02 | Mem:0.02M, Peak:0.02M | Scene, ViewLayer | Synchronizing object | Serpentine lintel.001
Fra:1 Mem:116.89M (Peak 118.08M) | Time:00:00.02 | Mem:0.02M, Peak:0.02M | Scene, ViewLayer | Synchronizing object | Green frame base footing
Fra:1 Mem:116.93M (Peak 118.08M) | Time:00:00.02 | Mem:0.02M, Peak:0.02M | Scene, ViewLayer | Synchronizing object | Green frame base capital
Fra:1 Mem:118.98M (Peak 118.98M) | Time:00:00.02 | Mem:0.02M, Peak:0.02M | Scene, ViewLayer | Synchronizing object | Green frame base.001
Fra:1 Mem:118.98M (Peak 118.98M) | Time:00:00.02 | Mem:0.02M, Peak:0.02M | Scene, ViewLayer | Synchronizing object | Green frame base capital.001
Fra:1 Mem:119.04M (Peak 119.04M) | Time:00:00.02 | Mem:0.02M, Peak:0.02M | Scene, ViewLayer | Synchronizing object | Ivory upright on rear frame
Fra:1 Mem:119.19M (Peak 119.19M) | Time:00:00.02 | Mem:0.02M, Peak:0.02M | Scene, ViewLayer | Synchronizing object | Upright bronze connection shoe
Fra:1 Mem:119.20M (Peak 119.20M) | Time:00:00.02 | Mem:0.02M, Peak:0.02M | Scene, ViewLayer | Synchronizing object | Garden doorway jamb
Fra:1 Mem:119.28M (Peak 119.28M) | Time:00:00.02 | Mem:0.02M, Peak:0.02M | Scene, ViewLayer | Synchronizing object | Recessed oxidized door
Fra:1 Mem:120.06M (Peak 120.06M) | Time:00:00.02 | Mem:0.02M, Peak:0.02M | Scene, ViewLayer | Synchronizing object | Bronze door flute
Fra:1 Mem:120.11M (Peak 120.11M) | Time:00:00.02 | Mem:0.02M, Peak:0.02M | Scene, ViewLayer | Synchronizing object | Bronze door flute.001
Fra:1 Mem:120.16M (Peak 120.16M) | Time:00:00.02 | Mem:0.02M, Peak:0.02M | Scene, ViewLayer | Synchronizing object | Bronze door flute.002
Fra:1 Mem:120.17M (Peak 120.17M) | Time:00:00.02 | Mem:0.02M, Peak:0.02M | Scene, ViewLayer | Synchronizing object | Brass circular socket
Fra:1 Mem:120.21M (Peak 120.21M) | Time:00:00.02 | Mem:0.02M, Peak:0.02M | Scene, ViewLayer | Synchronizing object | Brass circular socket.002
Fra:1 Mem:120.27M (Peak 120.27M) | Time:00:00.02 | Mem:0.02M, Peak:0.02M | Scene, ViewLayer | Synchronizing object | Brass circular socket.004
Fra:1 Mem:120.24M (Peak 120.27M) | Time:00:00.02 | Mem:0.02M, Peak:0.02M | Scene, ViewLayer | Synchronizing object | Brass step nosing
Fra:1 Mem:120.24M (Peak 120.27M) | Time:00:00.02 | Mem:0.02M, Peak:0.02M | Scene, ViewLayer | Synchronizing object | Dressed stone tread.002
Fra:1 Mem:120.36M (Peak 120.36M) | Time:00:00.02 | Mem:0.02M, Peak:0.02M | Scene, ViewLayer | Synchronizing object | Brass step nosing.002
Fra:1 Mem:120.59M (Peak 120.59M) | Time:00:00.02 | Mem:0.02M, Peak:0.02M | Scene, ViewLayer | Synchronizing object | Dressed stone tread.003
Fra:1 Mem:120.58M (Peak 120.59M) | Time:00:00.02 | Mem:0.02M, Peak:0.02M | Scene, ViewLayer | Synchronizing object | Dressed stone tread.004
Fra:1 Mem:120.73M (Peak 120.73M) | Time:00:00.02 | Mem:0.02M, Peak:0.02M | Scene, ViewLayer | Synchronizing object | Brass step nosing.004
Fra:1 Mem:120.77M (Peak 120.77M) | Time:00:00.02 | Mem:0.02M, Peak:0.02M | Scene, ViewLayer | Synchronizing object | Brass step nosing.005
Fra:1 Mem:120.78M (Peak 120.78M) | Time:00:00.02 | Mem:0.02M, Peak:0.02M | Scene, ViewLayer | Synchronizing object | Dressed stone tread.006
Fra:1 Mem:120.83M (Peak 120.83M) | Time:00:00.02 | Mem:0.02M, Peak:0.02M | Scene, ViewLayer | Synchronizing object | Brass step nosing.006
Fra:1 Mem:120.84M (Peak 120.84M) | Time:00:00.02 | Mem:0.02M, Peak:0.02M | Scene, ViewLayer | Synchronizing object | Dressed stone tread.007
Fra:1 Mem:120.83M (Peak 120.84M) | Time:00:00.02 | Mem:0.02M, Peak:0.02M | Scene, ViewLayer | Synchronizing object | Brass step nosing.007
Fra:1 Mem:120.91M (Peak 120.91M) | Time:00:00.02 | Mem:0.02M, Peak:0.02M | Scene, ViewLayer | Synchronizing object | Dressed stone tread.009
Fra:1 Mem:120.95M (Peak 120.95M) | Time:00:00.02 | Mem:0.02M, Peak:0.02M | Scene, ViewLayer | Synchronizing object | Brass step nosing.009
Fra:1 Mem:120.98M (Peak 120.98M) | Time:00:00.02 | Mem:0.02M, Peak:0.02M | Scene, ViewLayer | Synchronizing object | Dressed stone tread.010
Fra:1 Mem:121.00M (Peak 121.00M) | Time:00:00.02 | Mem:0.02M, Peak:0.02M | Scene, ViewLayer | Synchronizing object | Brass step nosing.010
Fra:1 Mem:121.02M (Peak 121.02M) | Time:00:00.02 | Mem:0.02M, Peak:0.02M | Scene, ViewLayer | Synchronizing object | Dressed stone tread.011
Fra:1 Mem:121.08M (Peak 121.10M) | Time:00:00.02 | Mem:0.02M, Peak:0.02M | Scene, ViewLayer | Synchronizing object | Brass step nosing.011
Fra:1 Mem:121.15M (Peak 121.15M) | Time:00:00.02 | Mem:0.02M, Peak:0.02M | Scene, ViewLayer | Synchronizing object | Brass step nosing.012
Fra:1 Mem:121.21M (Peak 121.21M) | Time:00:00.02 | Mem:0.02M, Peak:0.02M | Scene, ViewLayer | Synchronizing object | Dressed stone tread.013
Fra:1 Mem:121.05M (Peak 121.21M) | Time:00:00.02 | Mem:0.02M, Peak:0.02M | Scene, ViewLayer | Synchronizing object | Dressed stone tread.014
Fra:1 Mem:121.73M (Peak 121.73M) | Time:00:00.02 | Mem:0.02M, Peak:0.02M | Scene, ViewLayer | Synchronizing object | Brass step nosing.014
Fra:1 Mem:121.75M (Peak 121.75M) | Time:00:00.02 | Mem:0.02M, Peak:0.02M | Scene, ViewLayer | Synchronizing object | Brass step nosing.015
Fra:1 Mem:121.78M (Peak 121.78M) | Time:00:00.02 | Mem:0.02M, Peak:0.02M | Scene, ViewLayer | Synchronizing object | Dressed stone tread.016
Fra:1 Mem:121.85M (Peak 121.85M) | Time:00:00.02 | Mem:0.02M, Peak:0.02M | Scene, ViewLayer | Synchronizing object | Brass step nosing.016
Fra:1 Mem:121.89M (Peak 121.89M) | Time:00:00.02 | Mem:0.02M, Peak:0.02M | Scene, ViewLayer | Synchronizing object | Brass step nosing.017
Fra:1 Mem:121.90M (Peak 121.90M) | Time:00:00.02 | Mem:0.02M, Peak:0.02M | Scene, ViewLayer | Synchronizing object | Dressed stone tread.018
Fra:1 Mem:121.89M (Peak 121.90M) | Time:00:00.02 | Mem:0.02M, Peak:0.02M | Scene, ViewLayer | Synchronizing object | Dressed stone tread.019
Fra:1 Mem:121.90M (Peak 121.90M) | Time:00:00.02 | Mem:0.02M, Peak:0.02M | Scene, ViewLayer | Synchronizing object | Brass step nosing.019
Fra:1 Mem:121.94M (Peak 121.94M) | Time:00:00.02 | Mem:0.02M, Peak:0.02M | Scene, ViewLayer | Synchronizing object | Dressed stone tread.020
Fra:1 Mem:121.98M (Peak 121.98M) | Time:00:00.02 | Mem:0.02M, Peak:0.02M | Scene, ViewLayer | Synchronizing object | Brass step nosing.020
Fra:1 Mem:122.00M (Peak 122.00M) | Time:00:00.02 | Mem:0.02M, Peak:0.02M | Scene, ViewLayer | Synchronizing object | Brass step nosing.021
Fra:1 Mem:122.06M (Peak 122.06M) | Time:00:00.02 | Mem:0.02M, Peak:0.02M | Scene, ViewLayer | Synchronizing object | Slim brass handrail
Fra:1 Mem:122.08M (Peak 122.08M) | Time:00:00.02 | Mem:0.02M, Peak:0.02M | Scene, ViewLayer | Synchronizing object | Bronze baluster
Fra:1 Mem:122.18M (Peak 122.18M) | Time:00:00.02 | Mem:0.02M, Peak:0.02M | Scene, ViewLayer | Synchronizing object | Bronze baluster.002
Fra:1 Mem:122.16M (Peak 122.18M) | Time:00:00.02 | Mem:0.02M, Peak:0.02M | Scene, ViewLayer | Synchronizing object | Bronze baluster.003
Fra:1 Mem:122.22M (Peak 122.22M) | Time:00:00.02 | Mem:0.02M, Peak:0.02M | Scene, ViewLayer | Synchronizing object | Bronze baluster.004
Fra:1 Mem:122.25M (Peak 122.25M) | Time:00:00.02 | Mem:0.02M, Peak:0.02M | Scene, ViewLayer | Synchronizing object | Bronze baluster.005
Fra:1 Mem:122.26M (Peak 122.26M) | Time:00:00.02 | Mem:0.02M, Peak:0.02M | Scene, ViewLayer | Synchronizing object | Bronze baluster.007
Fra:1 Mem:122.27M (Peak 122.27M) | Time:00:00.02 | Mem:0.02M, Peak:0.02M | Scene, ViewLayer | Synchronizing object | Bronze baluster.008
Fra:1 Mem:122.27M (Peak 122.27M) | Time:00:00.02 | Mem:0.02M, Peak:0.02M | Scene, ViewLayer | Synchronizing object | Bronze baluster.009
Fra:1 Mem:122.28M (Peak 122.28M) | Time:00:00.02 | Mem:0.02M, Peak:0.02M | Scene, ViewLayer | Synchronizing object | Bronze baluster.010
Fra:1 Mem:122.28M (Peak 122.28M) | Time:00:00.02 | Mem:0.02M, Peak:0.02M | Scene, ViewLayer | Synchronizing object | Bronze baluster.012
Fra:1 Mem:122.33M (Peak 122.33M) | Time:00:00.02 | Mem:0.02M, Peak:0.02M | Scene, ViewLayer | Synchronizing object | Bronze baluster.014
Fra:1 Mem:122.24M (Peak 122.33M) | Time:00:00.02 | Mem:0.02M, Peak:0.02M | Scene, ViewLayer | Synchronizing object | Bronze baluster.015
Fra:1 Mem:122.24M (Peak 122.33M) | Time:00:00.02 | Mem:0.02M, Peak:0.02M | Scene, ViewLayer | Synchronizing object | Bronze inlay border.001
Fra:1 Mem:122.27M (Peak 122.33M) | Time:00:00.02 | Mem:0.02M, Peak:0.02M | Scene, ViewLayer | Synchronizing object | Bronze inlay border.002
Fra:1 Mem:122.33M (Peak 122.33M) | Time:00:00.02 | Mem:0.02M, Peak:0.02M | Scene, ViewLayer | Synchronizing object | Bronze inlay border.004
Fra:1 Mem:122.34M (Peak 122.34M) | Time:00:00.02 | Mem:0.02M, Peak:0.02M | Scene, ViewLayer | Synchronizing object | Bronze inlay border.005
Fra:1 Mem:122.39M (Peak 122.39M) | Time:00:00.02 | Mem:0.02M, Peak:0.02M | Scene, ViewLayer | Synchronizing object | Bronze inlay border.006
Fra:1 Mem:122.36M (Peak 122.39M) | Time:00:00.02 | Mem:0.02M, Peak:0.02M | Scene, ViewLayer | Synchronizing object | Bronze inlay border.007
Fra:1 Mem:122.41M (Peak 122.41M) | Time:00:00.02 | Mem:0.02M, Peak:0.02M | Scene, ViewLayer | Synchronizing object | Distant garden arcade jamb.001
Fra:1 Mem:122.44M (Peak 122.44M) | Time:00:00.02 | Mem:0.02M, Peak:0.02M | Scene, ViewLayer | Synchronizing object | Distant garden arcade jamb.003
Fra:1 Mem:122.52M (Peak 122.52M) | Time:00:00.02 | Mem:0.02M, Peak:0.02M | Scene, ViewLayer | Synchronizing object | Distant garden arcade jamb.005
Fra:1 Mem:122.57M (Peak 122.57M) | Time:00:00.02 | Mem:0.02M, Peak:0.02M | Scene, ViewLayer | Synchronizing object | Distant garden arcade jamb.007
Fra:1 Mem:122.61M (Peak 122.61M) | Time:00:00.02 | Mem:0.02M, Peak:0.02M | Scene, ViewLayer | Synchronizing object | Distant garden arcade jamb.008
Fra:1 Mem:122.63M (Peak 122.63M) | Time:00:00.02 | Mem:0.02M, Peak:0.02M | Scene, ViewLayer | Synchronizing object | Rear garden wall
Fra:1 Mem:122.69M (Peak 122.69M) | Time:00:00.02 | Mem:0.02M, Peak:0.02M | Scene, ViewLayer | Synchronizing object | Stone garden bench
Fra:1 Mem:122.76M (Peak 122.76M) | Time:00:00.02 | Mem:0.02M, Peak:0.02M | Scene, ViewLayer | Synchronizing object | Bench foot.001
Fra:1 Mem:122.78M (Peak 122.78M) | Time:00:00.02 | Mem:0.02M, Peak:0.02M | Scene, ViewLayer | Synchronizing object | Bench foot.002
Fra:1 Mem:122.80M (Peak 122.80M) | Time:00:00.02 | Mem:0.02M, Peak:0.02M | Scene, ViewLayer | Synchronizing object | Bench foot.003
Fra:1 Mem:122.84M (Peak 122.84M) | Time:00:00.02 | Mem:0.02M, Peak:0.02M | Scene, ViewLayer | Synchronizing object | Refracting sea | displaced surface and enclosed volume
Fra:1 Mem:122.84M (Peak 122.84M) | Time:00:00.02 | Mem:0.02M, Peak:0.02M | Scene, ViewLayer | Synchronizing object | Garden doorway arch
Fra:1 Mem:122.84M (Peak 122.84M) | Time:00:00.02 | Mem:0.02M, Peak:0.02M | Scene, ViewLayer | Synchronizing object | Stair vault
Fra:1 Mem:124.26M (Peak 124.26M) | Time:00:00.02 | Mem:0.02M, Peak:0.02M | Scene, ViewLayer | Synchronizing object | Distant garden arcade arch
Fra:1 Mem:124.25M (Peak 124.26M) | Time:00:00.02 | Mem:0.02M, Peak:0.02M | Scene, ViewLayer | Synchronizing object | Distant garden arcade voussoir
Fra:1 Mem:124.33M (Peak 124.33M) | Time:00:00.02 | Mem:0.02M, Peak:0.02M | Scene, ViewLayer | Synchronizing object | Distant garden arcade voussoir.001
Fra:1 Mem:124.60M (Peak 124.60M) | Time:00:00.02 | Mem:0.02M, Peak:0.02M | Scene, ViewLayer | Synchronizing object | Distant garden arcade voussoir.003
Fra:1 Mem:124.68M (Peak 124.68M) | Time:00:00.02 | Mem:0.02M, Peak:0.02M | Scene, ViewLayer | Synchronizing object | Distant garden arcade voussoir.005
Fra:1 Mem:124.80M (Peak 124.80M) | Time:00:00.02 | Mem:0.02M, Peak:0.02M | Scene, ViewLayer | Synchronizing object | Distant garden arcade voussoir.006
Fra:1 Mem:124.77M (Peak 124.80M) | Time:00:00.02 | Mem:0.02M, Peak:0.02M | Scene, ViewLayer | Synchronizing object | Distant garden arcade voussoir.008
Fra:1 Mem:124.75M (Peak 124.80M) | Time:00:00.02 | Mem:0.02M, Peak:0.02M | Scene, ViewLayer | Synchronizing object | Distant garden arcade voussoir.009
Fra:1 Mem:124.80M (Peak 124.80M) | Time:00:00.02 | Mem:0.02M, Peak:0.02M | Scene, ViewLayer | Synchronizing object | Distant garden arcade voussoir.010
Fra:1 Mem:124.88M (Peak 124.88M) | Time:00:00.02 | Mem:0.02M, Peak:0.02M | Scene, ViewLayer | Synchronizing object | Distant garden arcade voussoir.011
Fra:1 Mem:124.90M (Peak 124.90M) | Time:00:00.02 | Mem:0.02M, Peak:0.02M | Scene, ViewLayer | Synchronizing object | Distant garden arcade voussoir.014
Fra:1 Mem:124.90M (Peak 124.90M) | Time:00:00.02 | Mem:0.02M, Peak:0.02M | Scene, ViewLayer | Synchronizing object | Distant garden arcade voussoir.015
Fra:1 Mem:124.94M (Peak 124.94M) | Time:00:00.02 | Mem:0.02M, Peak:0.02M | Scene, ViewLayer | Synchronizing object | Distant garden arcade voussoir.016
Fra:1 Mem:124.96M (Peak 124.96M) | Time:00:00.02 | Mem:0.02M, Peak:0.02M | Scene, ViewLayer | Synchronizing object | Distant garden arcade arch.001
Fra:1 Mem:124.98M (Peak 124.99M) | Time:00:00.02 | Mem:0.02M, Peak:0.02M | Scene, ViewLayer | Synchronizing object | Distant garden arcade voussoir.017
Fra:1 Mem:125.04M (Peak 125.04M) | Time:00:00.02 | Mem:0.02M, Peak:0.02M | Scene, ViewLayer | Synchronizing object | Distant garden arcade voussoir.018
Fra:1 Mem:125.07M (Peak 125.07M) | Time:00:00.02 | Mem:0.02M, Peak:0.02M | Scene, ViewLayer | Synchronizing object | Distant garden arcade voussoir.020
Fra:1 Mem:125.12M (Peak 125.12M) | Time:00:00.02 | Mem:0.02M, Peak:0.02M | Scene, ViewLayer | Synchronizing object | Distant garden arcade voussoir.021
Fra:1 Mem:127.85M (Peak 127.85M) | Time:00:00.02 | Mem:0.02M, Peak:0.02M | Scene, ViewLayer | Synchronizing object | Distant garden arcade voussoir.028
Fra:1 Mem:127.85M (Peak 127.85M) | Time:00:00.02 | Mem:0.02M, Peak:0.02M | Scene, ViewLayer | Synchronizing object | Distant garden arcade voussoir.029
Fra:1 Mem:128.22M (Peak 128.22M) | Time:00:00.02 | Mem:0.02M, Peak:0.02M | Scene, ViewLayer | Synchronizing object | Distant garden arcade voussoir.030
Fra:1 Mem:130.38M (Peak 130.38M) | Time:00:00.02 | Mem:0.02M, Peak:0.02M | Scene, ViewLayer | Synchronizing object | Distant garden arcade voussoir.031
Fra:1 Mem:130.22M (Peak 130.38M) | Time:00:00.02 | Mem:0.02M, Peak:0.02M | Scene, ViewLayer | Synchronizing object | Distant garden arcade voussoir.032
Fra:1 Mem:130.26M (Peak 130.38M) | Time:00:00.02 | Mem:0.02M, Peak:0.02M | Scene, ViewLayer | Synchronizing object | Distant garden arcade voussoir.033
Fra:1 Mem:130.37M (Peak 130.38M) | Time:00:00.02 | Mem:0.02M, Peak:0.02M | Scene, ViewLayer | Synchronizing object | Distant garden arcade arch.002
Fra:1 Mem:130.35M (Peak 130.38M) | Time:00:00.02 | Mem:0.02M, Peak:0.02M | Scene, ViewLayer | Synchronizing object | Distant garden arcade voussoir.036
Fra:1 Mem:130.38M (Peak 130.38M) | Time:00:00.02 | Mem:0.02M, Peak:0.02M | Scene, ViewLayer | Synchronizing object | Distant garden arcade voussoir.038
Fra:1 Mem:130.37M (Peak 130.38M) | Time:00:00.02 | Mem:0.02M, Peak:0.02M | Scene, ViewLayer | Synchronizing object | Distant garden arcade voussoir.039
Fra:1 Mem:131.71M (Peak 131.71M) | Time:00:00.02 | Mem:0.02M, Peak:0.02M | Scene, ViewLayer | Synchronizing object | Distant garden arcade voussoir.041
Fra:1 Mem:131.72M (Peak 131.72M) | Time:00:00.02 | Mem:0.02M, Peak:0.02M | Scene, ViewLayer | Synchronizing object | Distant garden arcade voussoir.042
Fra:1 Mem:132.18M (Peak 132.18M) | Time:00:00.02 | Mem:0.02M, Peak:0.02M | Scene, ViewLayer | Synchronizing object | Distant garden arcade voussoir.043
Fra:1 Mem:131.86M (Peak 132.18M) | Time:00:00.02 | Mem:0.02M, Peak:0.02M | Scene, ViewLayer | Synchronizing object | Distant garden arcade voussoir.044
Fra:1 Mem:131.81M (Peak 132.18M) | Time:00:00.02 | Mem:0.02M, Peak:0.02M | Scene, ViewLayer | Synchronizing object | Distant garden arcade voussoir.045
Fra:1 Mem:131.80M (Peak 132.18M) | Time:00:00.02 | Mem:0.02M, Peak:0.02M | Scene, ViewLayer | Synchronizing object | Distant garden arcade voussoir.046
Fra:1 Mem:131.85M (Peak 132.18M) | Time:00:00.02 | Mem:0.02M, Peak:0.02M | Scene, ViewLayer | Synchronizing object | Distant garden arcade voussoir.048
Fra:1 Mem:131.88M (Peak 132.18M) | Time:00:00.02 | Mem:0.02M, Peak:0.02M | Scene, ViewLayer | Synchronizing object | Distant garden arcade voussoir.050
Fra:1 Mem:131.90M (Peak 132.18M) | Time:00:00.02 | Mem:0.02M, Peak:0.02M | Scene, ViewLayer | Synchronizing object | Distant garden arcade arch.003
Fra:1 Mem:131.91M (Peak 132.18M) | Time:00:00.02 | Mem:0.02M, Peak:0.02M | Scene, ViewLayer | Synchronizing object | Distant garden arcade voussoir.051
Fra:1 Mem:132.06M (Peak 132.18M) | Time:00:00.02 | Mem:0.02M, Peak:0.02M | Scene, ViewLayer | Synchronizing object | Distant garden arcade voussoir.052
Fra:1 Mem:132.48M (Peak 132.48M) | Time:00:00.02 | Mem:0.02M, Peak:0.02M | Scene, ViewLayer | Synchronizing object | Distant garden arcade voussoir.054
Fra:1 Mem:132.49M (Peak 132.49M) | Time:00:00.02 | Mem:0.02M, Peak:0.02M | Scene, ViewLayer | Synchronizing object | Distant garden arcade voussoir.056
Fra:1 Mem:132.55M (Peak 132.55M) | Time:00:00.02 | Mem:0.02M, Peak:0.02M | Scene, ViewLayer | Synchronizing object | Distant garden arcade voussoir.058
Fra:1 Mem:132.66M (Peak 132.66M) | Time:00:00.02 | Mem:0.02M, Peak:0.02M | Scene, ViewLayer | Synchronizing object | Distant garden arcade voussoir.059
Fra:1 Mem:132.76M (Peak 132.76M) | Time:00:00.02 | Mem:0.02M, Peak:0.02M | Scene, ViewLayer | Synchronizing object | Distant garden arcade voussoir.060
Fra:1 Mem:132.72M (Peak 132.76M) | Time:00:00.02 | Mem:0.02M, Peak:0.02M | Scene, ViewLayer | Synchronizing object | Distant garden arcade voussoir.061
Fra:1 Mem:132.75M (Peak 132.76M) | Time:00:00.02 | Mem:0.02M, Peak:0.02M | Scene, ViewLayer | Synchronizing object | Distant garden arcade voussoir.062
Fra:1 Mem:132.86M (Peak 132.86M) | Time:00:00.02 | Mem:0.02M, Peak:0.02M | Scene, ViewLayer | Synchronizing object | Distant garden arcade voussoir.064
Fra:1 Mem:132.99M (Peak 132.99M) | Time:00:00.02 | Mem:0.02M, Peak:0.02M | Scene, ViewLayer | Synchronizing object | Distant garden arcade voussoir.067
Fra:1 Mem:133.00M (Peak 133.00M) | Time:00:00.02 | Mem:0.02M, Peak:0.02M | Scene, ViewLayer | Synchronizing object | Distant garden arcade voussoir.063
Fra:1 Mem:133.11M (Peak 133.11M) | Time:00:00.02 | Mem:0.02M, Peak:0.02M | Scene, ViewLayer | Synchronizing object | Distant garden arcade arch.004
Fra:1 Mem:133.15M (Peak 133.15M) | Time:00:00.02 | Mem:0.02M, Peak:0.02M | Scene, ViewLayer | Synchronizing object | Distant garden arcade voussoir.068
Fra:1 Mem:133.22M (Peak 133.22M) | Time:00:00.02 | Mem:0.02M, Peak:0.02M | Scene, ViewLayer | Synchronizing object | Distant garden arcade voussoir.071
Fra:1 Mem:133.33M (Peak 133.33M) | Time:00:00.02 | Mem:0.02M, Peak:0.02M | Scene, ViewLayer | Synchronizing object | Distant garden arcade voussoir.073
Fra:1 Mem:133.40M (Peak 133.40M) | Time:00:00.02 | Mem:0.02M, Peak:0.02M | Scene, ViewLayer | Synchronizing object | Distant garden arcade voussoir.077
Fra:1 Mem:133.41M (Peak 133.41M) | Time:00:00.02 | Mem:0.02M, Peak:0.02M | Scene, ViewLayer | Synchronizing object | Distant garden arcade voussoir.080
Fra:1 Mem:133.48M (Peak 133.48M) | Time:00:00.02 | Mem:0.02M, Peak:0.02M | Scene, ViewLayer | Synchronizing object | Distant garden arcade voussoir.081
Fra:1 Mem:133.50M (Peak 133.50M) | Time:00:00.02 | Mem:0.02M, Peak:0.02M | Scene, ViewLayer | Synchronizing object | Distant garden arcade voussoir.082
Fra:1 Mem:133.56M (Peak 133.56M) | Time:00:00.02 | Mem:0.02M, Peak:0.02M | Scene, ViewLayer | Synchronizing object | Distant garden arcade voussoir.083
Fra:1 Mem:133.75M (Peak 133.75M) | Time:00:00.02 | Mem:0.02M, Peak:0.02M | Scene, ViewLayer | Synchronizing object | potted_plant_01_pot.001
Fra:1 Mem:133.66M (Peak 133.75M) | Time:00:00.02 | Mem:0.02M, Peak:0.02M | Scene, ViewLayer | Synchronizing object | potted_plant_01_leaves.001
Fra:1 Mem:148.07M (Peak 150.52M) | Time:00:00.03 | Mem:0.02M, Peak:0.02M | Scene, ViewLayer | Initializing
Fra:1 Mem:130.93M (Peak 150.52M) | Time:00:00.03 | Mem:0.02M, Peak:0.02M | Scene, ViewLayer | Updating Images | Loading potted_plant_01_leaves_nor_gl.png
Fra:1 Mem:130.93M (Peak 150.52M) | Time:00:00.03 | Mem:0.02M, Peak:0.02M | Scene, ViewLayer | Updating Images | Loading potted_plant_01_pot_rough
Fra:1 Mem:130.93M (Peak 150.52M) | Time:00:00.03 | Mem:0.02M, Peak:0.02M | Scene, ViewLayer | Updating Images | Loading potted_plant_01_leaves_rough.png
Fra:1 Mem:211.64M (Peak 290.98M) | Time:00:00.05 | Mem:96.02M, Peak:96.02M | Scene, ViewLayer | Waiting for render to start
Fra:1 Mem:211.64M (Peak 290.98M) | Time:00:00.05 | Mem:96.02M, Peak:96.02M | Scene, ViewLayer | Updating Scene
Fra:1 Mem:211.64M (Peak 290.98M) | Time:00:00.05 | Mem:96.02M, Peak:96.02M | Scene, ViewLayer | Updating Shaders
Fra:1 Mem:211.73M (Peak 290.98M) | Time:00:00.06 | Mem:96.02M, Peak:96.02M | Scene, ViewLayer | Loading render kernels (may take a few minutes the first time)
Fra:1 Mem:211.72M (Peak 290.98M) | Time:00:00.08 | Mem:96.04M, Peak:96.04M | Scene, ViewLayer | Updating Procedurals
Fra:1 Mem:211.72M (Peak 290.98M) | Time:00:00.08 | Mem:96.04M, Peak:96.04M | Scene, ViewLayer | Updating Background
Fra:1 Mem:211.72M (Peak 290.98M) | Time:00:00.08 | Mem:96.04M, Peak:96.04M | Scene, ViewLayer | Updating Camera
Fra:1 Mem:211.72M (Peak 290.98M) | Time:00:00.08 | Mem:96.04M, Peak:96.04M | Scene, ViewLayer | Updating Meshes Flags
Fra:1 Mem:211.72M (Peak 290.98M) | Time:00:00.08 | Mem:96.04M, Peak:96.04M | Scene, ViewLayer | Updating Objects
Fra:1 Mem:211.72M (Peak 290.98M) | Time:00:00.08 | Mem:96.04M, Peak:96.04M | Scene, ViewLayer | Updating Objects | Copying Transformations to device
Fra:1 Mem:211.73M (Peak 290.98M) | Time:00:00.08 | Mem:96.18M, Peak:96.18M | Scene, ViewLayer | Updating Particle Systems
Fra:1 Mem:211.73M (Peak 290.98M) | Time:00:00.08 | Mem:96.18M, Peak:96.18M | Scene, ViewLayer | Updating Particle Systems | Copying Particles to device
Fra:1 Mem:211.73M (Peak 290.98M) | Time:00:00.08 | Mem:96.18M, Peak:96.18M | Scene, ViewLayer | Updating Meshes
Fra:1 Mem:221.81M (Peak 290.98M) | Time:00:00.12 | Mem:96.18M, Peak:96.18M | Scene, ViewLayer | Updating Objects | Applying Static Transformations
Fra:1 Mem:221.81M (Peak 290.98M) | Time:00:00.12 | Mem:96.18M, Peak:96.18M | Scene, ViewLayer | Updating Mesh | Computing attributes
Fra:1 Mem:238.50M (Peak 290.98M) | Time:00:00.12 | Mem:96.22M, Peak:96.22M | Scene, ViewLayer | Updating Mesh | Copying Attributes to device
Fra:1 Mem:221.81M (Peak 290.98M) | Time:00:00.17 | Mem:112.88M, Peak:112.88M | Scene, ViewLayer | Updating Geometry BVH Cube.001 2/392 | Building BVH
Fra:1 Mem:221.81M (Peak 290.98M) | Time:00:00.17 | Mem:112.88M, Peak:112.88M | Scene, ViewLayer | Updating Geometry BVH Cube.005 6/551 | Building BVH
Fra:1 Mem:221.81M (Peak 290.98M) | Time:00:00.17 | Mem:112.88M, Peak:112.88M | Scene, ViewLayer | Updating Geometry BVH Cube.006 7/551 | Building BVH
Fra:1 Mem:221.81M (Peak 290.98M) | Time:00:00.17 | Mem:112.88M, Peak:112.88M | Scene, ViewLayer | Updating Geometry BVH Cube.007 8/551 | Building BVH
Fra:1 Mem:221.81M (Peak 290.98M) | Time:00:00.17 | Mem:112.88M, Peak:112.88M | Scene, ViewLayer | Updating Geometry BVH Cube.010 11/551 | Building mesh BLAS |     188 tris | Cube.005
Fra:1 Mem:221.81M (Peak 290.98M) | Time:00:00.17 | Mem:112.88M, Peak:112.88M | Scene, ViewLayer | Updating Geometry BVH Cube.012 13/551 | Building BVH
Fra:1 Mem:221.81M (Peak 290.98M) | Time:00:00.17 | Mem:112.88M, Peak:112.88M | Scene, ViewLayer | Updating Geometry BVH Cube.013 14/551 | Building BVH
Fra:1 Mem:221.81M (Peak 290.98M) | Time:00:00.17 | Mem:112.88M, Peak:112.88M | Scene, ViewLayer | Updating Geometry BVH Cube.014 15/551 | Building BVH
Fra:1 Mem:221.81M (Peak 290.98M) | Time:00:00.17 | Mem:112.88M, Peak:112.88M | Scene, ViewLayer | Updating Geometry BVH Cube.015 16/551 | Building BVH
Fra:1 Mem:221.81M (Peak 290.98M) | Time:00:00.17 | Mem:112.88M, Peak:112.88M | Scene, ViewLayer | Updating Geometry BVH Circle.008 551/551 | Building BVH
Fra:1 Mem:221.81M (Peak 290.98M) | Time:00:00.17 | Mem:112.88M, Peak:112.88M | Scene, ViewLayer | Updating Geometry BVH Cube.017 18/551 | Building BVH
Fra:1 Mem:221.81M (Peak 290.98M) | Time:00:00.17 | Mem:112.88M, Peak:112.88M | Scene, ViewLayer | Updating Geometry BVH Cube.016 17/551 | Building BVH
Fra:1 Mem:221.81M (Peak 290.98M) | Time:00:00.17 | Mem:112.88M, Peak:112.88M | Scene, ViewLayer | Updating Geometry BVH Cube.016 17/551 | Building mesh BLAS |     188 tris | Cube.010
Fra:1 Mem:221.81M (Peak 290.98M) | Time:00:00.17 | Mem:112.88M, Peak:112.88M | Scene, ViewLayer | Updating Geometry BVH Cube.016 17/551 | Building mesh BLAS |     188 tris | Cube.009
Fra:1 Mem:221.81M (Peak 290.98M) | Time:00:00.17 | Mem:112.88M, Peak:112.88M | Scene, ViewLayer | Updating Geometry BVH Cube.016 17/551 | Building mesh BLAS |     188 tris | Cube.011
Fra:1 Mem:221.81M (Peak 290.98M) | Time:00:00.17 | Mem:112.88M, Peak:112.88M | Scene, ViewLayer | Updating Geometry BVH Cube.016 17/551 | Building mesh BLAS |     188 tris | Cube.004
Fra:1 Mem:221.81M (Peak 290.98M) | Time:00:00.17 | Mem:112.88M, Peak:112.88M | Scene, ViewLayer | Updating Geometry BVH Cube.016 17/551 | Building mesh BLAS |     188 tris | Cube.006
Fra:1 Mem:221.81M (Peak 290.98M) | Time:00:00.17 | Mem:112.88M, Peak:112.88M | Scene, ViewLayer | Updating Geometry BVH Cube.016 17/551 | Building mesh BLAS |     188 tris | Cube.016
Fra:1 Mem:221.81M (Peak 290.98M) | Time:00:00.17 | Mem:112.88M, Peak:112.88M | Scene, ViewLayer | Updating Geometry BVH Cube.016 17/551 | Building mesh BLAS |     188 tris | Cube.017
Fra:1 Mem:221.81M (Peak 290.98M) | Time:00:00.17 | Mem:112.88M, Peak:112.88M | Scene, ViewLayer | Updating Geometry BVH Cube.016 17/551 | Building mesh BLAS |     188 tris | Cube.014
Fra:1 Mem:221.81M (Peak 290.98M) | Time:00:00.17 | Mem:112.88M, Peak:112.88M | Scene, ViewLayer | Updating Geometry BVH Cube.016 17/551 | Building mesh BLAS |   56878 tris | Circle.008
Fra:1 Mem:221.81M (Peak 290.98M) | Time:00:00.17 | Mem:112.88M, Peak:112.88M | Scene, ViewLayer | Updating Geometry BVH Cube.018 19/551 | Building BVH
Fra:1 Mem:221.81M (Peak 290.98M) | Time:00:00.17 | Mem:112.88M, Peak:112.88M | Scene, ViewLayer | Updating Geometry BVH Cube.019 20/551 | Building BVH
Fra:1 Mem:221.81M (Peak 290.98M) | Time:00:00.17 | Mem:112.88M, Peak:112.88M | Scene, ViewLayer | Updating Geometry BVH Cube.021 22/551 | Building BVH
Fra:1 Mem:221.81M (Peak 290.98M) | Time:00:00.17 | Mem:112.88M, Peak:112.88M | Scene, ViewLayer | Updating Geometry BVH Cube.021 22/551 | Building mesh BLAS |     188 tris | Cube.019
Fra:1 Mem:221.81M (Peak 290.98M) | Time:00:00.17 | Mem:112.88M, Peak:112.88M | Scene, ViewLayer | Updating Geometry BVH Cube.023 24/551 | Building BVH
Fra:1 Mem:221.81M (Peak 290.98M) | Time:00:00.17 | Mem:112.88M, Peak:112.88M | Scene, ViewLayer | Updating Geometry BVH Cube.025 26/551 | Building BVH
Fra:1 Mem:221.81M (Peak 290.98M) | Time:00:00.17 | Mem:112.88M, Peak:112.88M | Scene, ViewLayer | Updating Geometry BVH Cube.024 25/551 | Building mesh BLAS |     188 tris | Cube.020
Fra:1 Mem:221.81M (Peak 290.98M) | Time:00:00.17 | Mem:112.88M, Peak:112.88M | Scene, ViewLayer | Updating Geometry BVH Cube.024 25/551 | Building mesh BLAS |     188 tris | Cube.025
Fra:1 Mem:221.81M (Peak 290.98M) | Time:00:00.17 | Mem:112.88M, Peak:112.88M | Scene, ViewLayer | Updating Geometry BVH Cube.024 25/551 | Building mesh BLAS |     188 tris | Cube.024
Fra:1 Mem:221.81M (Peak 290.98M) | Time:00:00.17 | Mem:112.88M, Peak:112.88M | Scene, ViewLayer | Updating Geometry BVH Cube.024 25/551 | Building mesh BLAS |     188 tris | Cube.023
Fra:1 Mem:221.81M (Peak 290.98M) | Time:00:00.17 | Mem:112.88M, Peak:112.88M | Scene, ViewLayer | Updating Geometry BVH Cube.027 28/551 | Building BVH
Fra:1 Mem:221.81M (Peak 290.98M) | Time:00:00.17 | Mem:112.88M, Peak:112.88M | Scene, ViewLayer | Updating Geometry BVH Cube.027 28/551 | Building mesh BLAS |     188 tris | Cube.027
Fra:1 Mem:221.81M (Peak 290.98M) | Time:00:00.17 | Mem:112.88M, Peak:112.88M | Scene, ViewLayer | Updating Geometry BVH Cube.027 28/551 | Building mesh BLAS |     188 tris | Cube.022
Fra:1 Mem:221.81M (Peak 290.98M) | Time:00:00.17 | Mem:112.88M, Peak:112.88M | Scene, ViewLayer | Updating Geometry BVH Cube.028 29/551 | Building BVH
Fra:1 Mem:221.81M (Peak 290.98M) | Time:00:00.17 | Mem:112.88M, Peak:112.88M | Scene, ViewLayer | Updating Geometry BVH Cube.029 30/551 | Building BVH
Fra:1 Mem:221.81M (Peak 290.98M) | Time:00:00.17 | Mem:112.88M, Peak:112.88M | Scene, ViewLayer | Updating Geometry BVH Cube.029 30/551 | Building mesh BLAS |     188 tris | Cube.028
Fra:1 Mem:221.81M (Peak 290.98M) | Time:00:00.17 | Mem:112.88M, Peak:112.88M | Scene, ViewLayer | Updating Geometry BVH Cube.029 30/551 | Building mesh BLAS |     188 tris | Cube.029
Fra:1 Mem:221.81M (Peak 290.98M) | Time:00:00.17 | Mem:112.88M, Peak:112.88M | Scene, ViewLayer | Updating Geometry BVH Cube.030 31/551 | Building BVH
Fra:1 Mem:221.81M (Peak 290.98M) | Time:00:00.17 | Mem:112.88M, Peak:112.88M | Scene, ViewLayer | Updating Geometry BVH Cube.030 31/551 | Building mesh BLAS |     188 tris | Cube.030
Fra:1 Mem:221.81M (Peak 290.98M) | Time:00:00.17 | Mem:112.88M, Peak:112.88M | Scene, ViewLayer | Updating Geometry BVH Cube.031 32/551 | Building BVH
Fra:1 Mem:221.81M (Peak 290.98M) | Time:00:00.17 | Mem:112.88M, Peak:112.88M | Scene, ViewLayer | Updating Geometry BVH Cube.031 32/551 | Building mesh BLAS |     188 tris | Cube.031
Fra:1 Mem:221.81M (Peak 290.98M) | Time:00:00.17 | Mem:112.88M, Peak:112.88M | Scene, ViewLayer | Updating Geometry BVH Cube.032 33/551 | Building BVH
Fra:1 Mem:221.81M (Peak 290.98M) | Time:00:00.17 | Mem:112.88M, Peak:112.88M | Scene, ViewLayer | Updating Geometry BVH Cube.032 33/551 | Building mesh BLAS |     188 tris | Cube.032
Fra:1 Mem:221.81M (Peak 290.98M) | Time:00:00.17 | Mem:112.88M, Peak:112.88M | Scene, ViewLayer | Updating Geometry BVH Cube.033 34/551 | Building BVH
Fra:1 Mem:221.81M (Peak 290.98M) | Time:00:00.17 | Mem:112.88M, Peak:112.88M | Scene, ViewLayer | Updating Geometry BVH Cube.035 36/551 | Building BVH
Fra:1 Mem:221.81M (Peak 290.98M) | Time:00:00.17 | Mem:112.88M, Peak:112.88M | Scene, ViewLayer | Updating Geometry BVH Cube.035 36/551 | Building mesh BLAS |     188 tris | Cube.035
Fra:1 Mem:221.81M (Peak 290.98M) | Time:00:00.17 | Mem:112.88M, Peak:112.88M | Scene, ViewLayer | Updating Geometry BVH Cube.035 36/551 | Building mesh BLAS |     188 tris | Cube.034
Fra:1 Mem:221.81M (Peak 290.98M) | Time:00:00.17 | Mem:112.88M, Peak:112.88M | Scene, ViewLayer | Updating Geometry BVH Cube.036 37/551 | Building BVH
Fra:1 Mem:221.81M (Peak 290.98M) | Time:00:00.17 | Mem:112.88M, Peak:112.88M | Scene, ViewLayer | Updating Geometry BVH Cube.037 38/551 | Building BVH
Fra:1 Mem:221.81M (Peak 290.98M) | Time:00:00.17 | Mem:112.88M, Peak:112.88M | Scene, ViewLayer | Updating Geometry BVH Cube.037 38/551 | Building mesh BLAS |     188 tris | Cube.036
Fra:1 Mem:221.81M (Peak 290.98M) | Time:00:00.17 | Mem:112.88M, Peak:112.88M | Scene, ViewLayer | Updating Geometry BVH Cube.037 38/551 | Building mesh BLAS |     188 tris | Cube.037
Fra:1 Mem:221.81M (Peak 290.98M) | Time:00:00.17 | Mem:112.88M, Peak:112.88M | Scene, ViewLayer | Updating Geometry BVH Cube.038 39/551 | Building BVH
Fra:1 Mem:221.81M (Peak 290.98M) | Time:00:00.17 | Mem:112.88M, Peak:112.88M | Scene, ViewLayer | Updating Geometry BVH Cube.038 39/551 | Building mesh BLAS |     188 tris | Cube.038
Fra:1 Mem:221.81M (Peak 290.98M) | Time:00:00.17 | Mem:112.88M, Peak:112.88M | Scene, ViewLayer | Updating Geometry BVH Cube.039 40/551 | Building BVH
Fra:1 Mem:221.81M (Peak 290.98M) | Time:00:00.17 | Mem:112.88M, Peak:112.88M | Scene, ViewLayer | Updating Geometry BVH Cube.040 41/551 | Building BVH
Fra:1 Mem:221.81M (Peak 290.98M) | Time:00:00.17 | Mem:112.88M, Peak:112.88M | Scene, ViewLayer | Updating Geometry BVH Cube.040 41/551 | Building mesh BLAS |     188 tris | Cube.039
Fra:1 Mem:221.81M (Peak 290.98M) | Time:00:00.17 | Mem:112.88M, Peak:112.88M | Scene, ViewLayer | Updating Geometry BVH Cube.040 41/551 | Building mesh BLAS |     188 tris | Cube.040
Fra:1 Mem:221.81M (Peak 290.98M) | Time:00:00.17 | Mem:112.88M, Peak:112.88M | Scene, ViewLayer | Updating Geometry BVH Cube.041 42/551 | Building BVH
Fra:1 Mem:221.81M (Peak 290.98M) | Time:00:00.17 | Mem:112.88M, Peak:112.88M | Scene, ViewLayer | Updating Geometry BVH Cube.042 43/551 | Building BVH
Fra:1 Mem:221.81M (Peak 290.98M) | Time:00:00.17 | Mem:112.88M, Peak:112.88M | Scene, ViewLayer | Updating Geometry BVH Cube.042 43/551 | Building mesh BLAS |     188 tris | Cube.041
Fra:1 Mem:221.81M (Peak 290.98M) | Time:00:00.17 | Mem:112.88M, Peak:112.88M | Scene, ViewLayer | Updating Geometry BVH Cube.043 44/551 | Building BVH
Fra:1 Mem:221.81M (Peak 290.98M) | Time:00:00.17 | Mem:112.88M, Peak:112.88M | Scene, ViewLayer | Updating Geometry BVH Cube.046 47/551 | Building BVH
Fra:1 Mem:221.81M (Peak 290.98M) | Time:00:00.17 | Mem:112.88M, Peak:112.88M | Scene, ViewLayer | Updating Geometry BVH Cube.048 49/551 | Building BVH
Fra:1 Mem:221.81M (Peak 290.98M) | Time:00:00.17 | Mem:112.88M, Peak:112.88M | Scene, ViewLayer | Updating Geometry BVH Plane.070 550/551 | Building mesh BLAS |     188 tris | Cube.046
Fra:1 Mem:221.81M (Peak 290.98M) | Time:00:00.17 | Mem:112.88M, Peak:112.88M | Scene, ViewLayer | Updating Geometry BVH Plane.070 550/551 | Building mesh BLAS |     188 tris | Cube.048
Fra:1 Mem:221.81M (Peak 290.98M) | Time:00:00.17 | Mem:112.88M, Peak:112.88M | Scene, ViewLayer | Updating Geometry BVH Cube.049 50/551 | Building BVH
Fra:1 Mem:221.81M (Peak 290.98M) | Time:00:00.17 | Mem:112.88M, Peak:112.88M | Scene, ViewLayer | Updating Geometry BVH Cube.049 50/551 | Building mesh BLAS |     188 tris | Cube.044
Fra:1 Mem:221.81M (Peak 290.98M) | Time:00:00.17 | Mem:112.88M, Peak:112.88M | Scene, ViewLayer | Updating Geometry BVH Cube.051 52/551 | Building BVH
Fra:1 Mem:221.81M (Peak 290.98M) | Time:00:00.17 | Mem:112.88M, Peak:112.88M | Scene, ViewLayer | Updating Geometry BVH Cube.051 52/551 | Building mesh BLAS |     188 tris | Cube.049
Fra:1 Mem:221.81M (Peak 290.98M) | Time:00:00.17 | Mem:112.88M, Peak:112.88M | Scene, ViewLayer | Updating Geometry BVH Cube.052 53/551 | Building BVH
Fra:1 Mem:221.81M (Peak 290.98M) | Time:00:00.17 | Mem:112.88M, Peak:112.88M | Scene, ViewLayer | Updating Geometry BVH Cube.053 54/551 | Building BVH
Fra:1 Mem:221.81M (Peak 290.98M) | Time:00:00.17 | Mem:112.88M, Peak:112.88M | Scene, ViewLayer | Updating Geometry BVH Cube.053 54/551 | Building mesh BLAS |     188 tris | Cube.051
Fra:1 Mem:221.81M (Peak 290.98M) | Time:00:00.17 | Mem:112.88M, Peak:112.88M | Scene, ViewLayer | Updating Geometry BVH Cube.054 55/551 | Building mesh BLAS |     188 tris | Cube.050
Fra:1 Mem:221.81M (Peak 290.98M) | Time:00:00.17 | Mem:112.88M, Peak:112.88M | Scene, ViewLayer | Updating Geometry BVH Cube.055 56/551 | Building BVH
Fra:1 Mem:221.81M (Peak 290.98M) | Time:00:00.17 | Mem:112.88M, Peak:112.88M | Scene, ViewLayer | Updating Geometry BVH Cube.055 56/551 | Building mesh BLAS |     188 tris | Cube.053
Fra:1 Mem:221.81M (Peak 290.98M) | Time:00:00.17 | Mem:112.88M, Peak:112.88M | Scene, ViewLayer | Updating Geometry BVH Cube.056 57/551 | Building mesh BLAS |     188 tris | Cube.055
Fra:1 Mem:221.81M (Peak 290.98M) | Time:00:00.17 | Mem:112.88M, Peak:112.88M | Scene, ViewLayer | Updating Geometry BVH Cube.058 59/551 | Building BVH
Fra:1 Mem:221.81M (Peak 290.98M) | Time:00:00.17 | Mem:112.88M, Peak:112.88M | Scene, ViewLayer | Updating Geometry BVH Cube.058 59/551 | Building mesh BLAS |     188 tris | Cube.054
Fra:1 Mem:221.81M (Peak 290.98M) | Time:00:00.17 | Mem:112.88M, Peak:112.88M | Scene, ViewLayer | Updating Geometry BVH Cube.058 59/551 | Building mesh BLAS |     188 tris | Cube.057
Fra:1 Mem:221.81M (Peak 290.98M) | Time:00:00.17 | Mem:112.88M, Peak:112.88M | Scene, ViewLayer | Updating Geometry BVH Cube.058 59/551 | Building mesh BLAS |     188 tris | Cube.056
Fra:1 Mem:221.81M (Peak 290.98M) | Time:00:00.17 | Mem:112.88M, Peak:112.88M | Scene, ViewLayer | Updating Geometry BVH Cube.058 59/551 | Building mesh BLAS |     188 tris | Cube.058
Fra:1 Mem:221.81M (Peak 290.98M) | Time:00:00.17 | Mem:112.88M, Peak:112.88M | Scene, ViewLayer | Updating Geometry BVH Cube.058 59/551 | Building mesh BLAS |  106900 tris | Plane.070
Fra:1 Mem:221.81M (Peak 290.98M) | Time:00:00.17 | Mem:112.88M, Peak:112.88M | Scene, ViewLayer | Updating Geometry BVH Cube.059 60/551 | Building BVH
Fra:1 Mem:221.81M (Peak 290.98M) | Time:00:00.17 | Mem:112.88M, Peak:112.88M | Scene, ViewLayer | Updating Geometry BVH Cube.059 60/551 | Building mesh BLAS |     188 tris | Cube.059
Fra:1 Mem:221.81M (Peak 290.98M) | Time:00:00.17 | Mem:112.88M, Peak:112.88M | Scene, ViewLayer | Updating Geometry BVH Cube.060 61/551 | Building BVH
Fra:1 Mem:221.81M (Peak 290.98M) | Time:00:00.18 | Mem:112.88M, Peak:112.88M | Scene, ViewLayer | Updating Geometry BVH Cube.060 61/551 | Building mesh BLAS |     188 tris | Cube.060
Fra:1 Mem:221.81M (Peak 290.98M) | Time:00:00.18 | Mem:112.88M, Peak:112.88M | Scene, ViewLayer | Updating Geometry BVH Cube.061 62/551 | Building BVH
Fra:1 Mem:221.81M (Peak 290.98M) | Time:00:00.18 | Mem:112.88M, Peak:112.88M | Scene, ViewLayer | Updating Geometry BVH Cube.061 62/551 | Building mesh BLAS |     188 tris | Cube.061
Fra:1 Mem:221.81M (Peak 290.98M) | Time:00:00.18 | Mem:112.88M, Peak:112.88M | Scene, ViewLayer | Updating Geometry BVH Cube.062 63/551 | Building BVH
Fra:1 Mem:221.81M (Peak 290.98M) | Time:00:00.18 | Mem:112.88M, Peak:112.88M | Scene, ViewLayer | Updating Geometry BVH Cube.062 63/551 | Building mesh BLAS |     188 tris | Cube.062
Fra:1 Mem:221.81M (Peak 290.98M) | Time:00:00.18 | Mem:112.88M, Peak:112.88M | Scene, ViewLayer | Updating Geometry BVH Cube.063 64/551 | Building BVH
Fra:1 Mem:221.81M (Peak 290.98M) | Time:00:00.18 | Mem:112.88M, Peak:112.88M | Scene, ViewLayer | Updating Geometry BVH Cube.063 64/551 | Building mesh BLAS |     188 tris | Cube.063
Fra:1 Mem:221.81M (Peak 290.98M) | Time:00:00.18 | Mem:112.88M, Peak:112.88M | Scene, ViewLayer | Updating Geometry BVH Cube.064 65/551 | Building BVH
Fra:1 Mem:221.81M (Peak 290.98M) | Time:00:00.18 | Mem:112.88M, Peak:112.88M | Scene, ViewLayer | Updating Geometry BVH Cube.064 65/551 | Building mesh BLAS |     188 tris | Cube.064
Fra:1 Mem:221.81M (Peak 290.98M) | Time:00:00.18 | Mem:112.88M, Peak:112.88M | Scene, ViewLayer | Updating Geometry BVH Cube.065 66/551 | Building BVH
Fra:1 Mem:221.81M (Peak 290.98M) | Time:00:00.18 | Mem:112.88M, Peak:112.88M | Scene, ViewLayer | Updating Geometry BVH Cube.065 66/551 | Building mesh BLAS |     188 tris | Cube.065
Fra:1 Mem:221.81M (Peak 290.98M) | Time:00:00.18 | Mem:112.88M, Peak:112.88M | Scene, ViewLayer | Updating Geometry BVH Cube.066 67/551 | Building BVH
Fra:1 Mem:221.81M (Peak 290.98M) | Time:00:00.18 | Mem:112.88M, Peak:112.88M | Scene, ViewLayer | Updating Geometry BVH Cube.067 68/551 | Building BVH
Fra:1 Mem:221.81M (Peak 290.98M) | Time:00:00.18 | Mem:112.88M, Peak:112.88M | Scene, ViewLayer | Updating Geometry BVH Cube.067 68/551 | Building mesh BLAS |     188 tris | Cube.066
Fra:1 Mem:221.81M (Peak 290.98M) | Time:00:00.18 | Mem:112.88M, Peak:112.88M | Scene, ViewLayer | Updating Geometry BVH Cube.067 68/551 | Building mesh BLAS |     188 tris | Cube.067
Fra:1 Mem:221.81M (Peak 290.98M) | Time:00:00.18 | Mem:112.88M, Peak:112.88M | Scene, ViewLayer | Updating Geometry BVH Cube.068 69/551 | Building BVH
Fra:1 Mem:221.81M (Peak 290.98M) | Time:00:00.18 | Mem:112.88M, Peak:112.88M | Scene, ViewLayer | Updating Geometry BVH Cube.068 69/551 | Building mesh BLAS |     188 tris | Cube.068
Fra:1 Mem:221.81M (Peak 290.98M) | Time:00:00.18 | Mem:112.88M, Peak:112.88M | Scene, ViewLayer | Updating Geometry BVH Cube.069 70/551 | Building BVH
Fra:1 Mem:221.81M (Peak 290.98M) | Time:00:00.18 | Mem:112.88M, Peak:112.88M | Scene, ViewLayer | Updating Geometry BVH Cube.069 70/551 | Building mesh BLAS |     188 tris | Cube.069
Fra:1 Mem:221.81M (Peak 290.98M) | Time:00:00.18 | Mem:112.88M, Peak:112.88M | Scene, ViewLayer | Updating Geometry BVH Cube.070 71/551 | Building BVH
Fra:1 Mem:221.81M (Peak 290.98M) | Time:00:00.18 | Mem:112.88M, Peak:112.88M | Scene, ViewLayer | Updating Geometry BVH Cube.071 72/551 | Building BVH
Fra:1 Mem:221.81M (Peak 290.98M) | Time:00:00.18 | Mem:112.88M, Peak:112.88M | Scene, ViewLayer | Updating Geometry BVH Cube.071 72/551 | Building mesh BLAS |     188 tris | Cube.070
Fra:1 Mem:221.81M (Peak 290.98M) | Time:00:00.18 | Mem:112.88M, Peak:112.88M | Scene, ViewLayer | Updating Geometry BVH Cube.072 73/551 | Building BVH
Fra:1 Mem:221.81M (Peak 290.98M) | Time:00:00.18 | Mem:112.88M, Peak:112.88M | Scene, ViewLayer | Updating Geometry BVH Cube.072 73/551 | Building mesh BLAS |     188 tris | Cube.071
Fra:1 Mem:221.81M (Peak 290.98M) | Time:00:00.18 | Mem:112.88M, Peak:112.88M | Scene, ViewLayer | Updating Geometry BVH Cube.072 73/551 | Building mesh BLAS |     188 tris | Cube.072
Fra:1 Mem:221.81M (Peak 290.98M) | Time:00:00.18 | Mem:112.88M, Peak:112.88M | Scene, ViewLayer | Updating Geometry BVH Circle.002 549/551 | Building BVH
Fra:1 Mem:221.81M (Peak 290.98M) | Time:00:00.18 | Mem:112.88M, Peak:112.88M | Scene, ViewLayer | Updating Geometry BVH Cube.073 74/551 | Building BVH
Fra:1 Mem:221.81M (Peak 290.98M) | Time:00:00.18 | Mem:112.88M, Peak:112.88M | Scene, ViewLayer | Updating Geometry BVH Cube.074 75/551 | Building mesh BLAS |    5440 tris | Circle.002
Fra:1 Mem:221.81M (Peak 290.98M) | Time:00:00.18 | Mem:112.88M, Peak:112.88M | Scene, ViewLayer | Updating Geometry BVH Cube.075 76/551 | Building BVH
Fra:1 Mem:221.81M (Peak 290.98M) | Time:00:00.18 | Mem:112.88M, Peak:112.88M | Scene, ViewLayer | Updating Geometry BVH Cube.077 78/551 | Building mesh BLAS |     188 tris | Cube.074
Fra:1 Mem:221.81M (Peak 290.98M) | Time:00:00.18 | Mem:112.88M, Peak:112.88M | Scene, ViewLayer | Updating Geometry BVH Cube.078 79/551 | Building BVH
Fra:1 Mem:221.81M (Peak 290.98M) | Time:00:00.18 | Mem:112.88M, Peak:112.88M | Scene, ViewLayer | Updating Geometry BVH Cube.078 79/551 | Building mesh BLAS |     188 tris | Cube.076
Fra:1 Mem:221.81M (Peak 290.98M) | Time:00:00.18 | Mem:112.88M, Peak:112.88M | Scene, ViewLayer | Updating Geometry BVH Cube.078 79/551 | Building mesh BLAS |     188 tris | Cube.077
Fra:1 Mem:221.81M (Peak 290.98M) | Time:00:00.18 | Mem:112.88M, Peak:112.88M | Scene, ViewLayer | Updating Geometry BVH Cube.078 79/551 | Building mesh BLAS |     188 tris | Cube.078
Fra:1 Mem:221.81M (Peak 290.98M) | Time:00:00.18 | Mem:112.88M, Peak:112.88M | Scene, ViewLayer | Updating Geometry BVH Cube.079 80/551 | Building BVH
Fra:1 Mem:221.81M (Peak 290.98M) | Time:00:00.18 | Mem:112.88M, Peak:112.88M | Scene, ViewLayer | Updating Geometry BVH Cube.080 81/551 | Building BVH
Fra:1 Mem:221.81M (Peak 290.98M) | Time:00:00.18 | Mem:112.88M, Peak:112.88M | Scene, ViewLayer | Updating Geometry BVH Cube.080 81/551 | Building mesh BLAS |     188 tris | Cube.079
Fra:1 Mem:221.81M (Peak 290.98M) | Time:00:00.18 | Mem:112.88M, Peak:112.88M | Scene, ViewLayer | Updating Geometry BVH Cube.081 82/551 | Building BVH
Fra:1 Mem:221.81M (Peak 290.98M) | Time:00:00.18 | Mem:112.88M, Peak:112.88M | Scene, ViewLayer | Updating Geometry BVH Cube.082 83/551 | Building BVH
Fra:1 Mem:221.81M (Peak 290.98M) | Time:00:00.18 | Mem:112.88M, Peak:112.88M | Scene, ViewLayer | Updating Geometry BVH Cube.082 83/551 | Building mesh BLAS |     188 tris | Cube.081
Fra:1 Mem:221.81M (Peak 290.98M) | Time:00:00.18 | Mem:112.88M, Peak:112.88M | Scene, ViewLayer | Updating Geometry BVH Cube.082 83/551 | Building mesh BLAS |     188 tris | Cube.082
Fra:1 Mem:221.81M (Peak 290.98M) | Time:00:00.18 | Mem:112.88M, Peak:112.88M | Scene, ViewLayer | Updating Geometry BVH Cube.083 84/551 | Building BVH
Fra:1 Mem:221.81M (Peak 290.98M) | Time:00:00.18 | Mem:112.88M, Peak:112.88M | Scene, ViewLayer | Updating Geometry BVH Cube.083 84/551 | Building mesh BLAS |     188 tris | Cube.083
Fra:1 Mem:221.81M (Peak 290.98M) | Time:00:00.18 | Mem:112.88M, Peak:112.88M | Scene, ViewLayer | Updating Geometry BVH Cube.084 85/551 | Building BVH
Fra:1 Mem:221.81M (Peak 290.98M) | Time:00:00.18 | Mem:112.88M, Peak:112.88M | Scene, ViewLayer | Updating Geometry BVH Cube.084 85/551 | Building mesh BLAS |     188 tris | Cube.084
Fra:1 Mem:221.81M (Peak 290.98M) | Time:00:00.18 | Mem:112.88M, Peak:112.88M | Scene, ViewLayer | Updating Geometry BVH Cube.085 86/551 | Building BVH
Fra:1 Mem:221.81M (Peak 290.98M) | Time:00:00.18 | Mem:112.88M, Peak:112.88M | Scene, ViewLayer | Updating Geometry BVH Cube.085 86/551 | Building mesh BLAS |     188 tris | Cube.085
Fra:1 Mem:221.81M (Peak 290.98M) | Time:00:00.18 | Mem:112.88M, Peak:112.88M | Scene, ViewLayer | Updating Geometry BVH Cube.086 87/551 | Building BVH
Fra:1 Mem:221.81M (Peak 290.98M) | Time:00:00.18 | Mem:112.88M, Peak:112.88M | Scene, ViewLayer | Updating Geometry BVH Cube.086 87/551 | Building mesh BLAS |     188 tris | Cube.086
Fra:1 Mem:221.81M (Peak 290.98M) | Time:00:00.18 | Mem:112.88M, Peak:112.88M | Scene, ViewLayer | Updating Geometry BVH Cube.087 88/551 | Building BVH
Fra:1 Mem:221.81M (Peak 290.98M) | Time:00:00.18 | Mem:112.88M, Peak:112.88M | Scene, ViewLayer | Updating Geometry BVH Cube.087 88/551 | Building mesh BLAS |     188 tris | Cube.087
Fra:1 Mem:221.81M (Peak 290.98M) | Time:00:00.18 | Mem:112.88M, Peak:112.88M | Scene, ViewLayer | Updating Geometry BVH Cube.088 89/551 | Building BVH
Fra:1 Mem:221.81M (Peak 290.98M) | Time:00:00.18 | Mem:112.88M, Peak:112.88M | Scene, ViewLayer | Updating Geometry BVH Cube.088 89/551 | Building mesh BLAS |     188 tris | Cube.088
Fra:1 Mem:221.81M (Peak 290.98M) | Time:00:00.18 | Mem:112.88M, Peak:112.88M | Scene, ViewLayer | Updating Geometry BVH Cube.089 90/551 | Building BVH
Fra:1 Mem:221.81M (Peak 290.98M) | Time:00:00.18 | Mem:112.88M, Peak:112.88M | Scene, ViewLayer | Updating Geometry BVH Cube.089 90/551 | Building mesh BLAS |     188 tris | Cube.089
Fra:1 Mem:221.81M (Peak 290.98M) | Time:00:00.18 | Mem:112.88M, Peak:112.88M | Scene, ViewLayer | Updating Geometry BVH potted_plant_01_base_low 548/551 | Building BVH
Fra:1 Mem:221.81M (Peak 290.98M) | Time:00:00.18 | Mem:112.88M, Peak:112.88M | Scene, ViewLayer | Updating Geometry BVH Cube.090 91/551 | Building BVH
Fra:1 Mem:221.81M (Peak 290.98M) | Time:00:00.18 | Mem:112.88M, Peak:112.88M | Scene, ViewLayer | Updating Geometry BVH Cube.090 91/551 | Building mesh BLAS |    7008 tris | potted_plant_01_base_low
Fra:1 Mem:221.81M (Peak 290.98M) | Time:00:00.18 | Mem:112.88M, Peak:112.88M | Scene, ViewLayer | Updating Geometry BVH Cube.090 91/551 | Building mesh BLAS |     188 tris | Cube.090
Fra:1 Mem:221.81M (Peak 290.98M) | Time:00:00.18 | Mem:112.88M, Peak:112.88M | Scene, ViewLayer | Updating Geometry BVH Cube.091 92/551 | Building BVH
Fra:1 Mem:221.81M (Peak 290.98M) | Time:00:00.18 | Mem:112.88M, Peak:112.88M | Scene, ViewLayer | Updating Geometry BVH Cube.091 92/551 | Building mesh BLAS |     188 tris | Cube.091
Fra:1 Mem:221.81M (Peak 290.98M) | Time:00:00.18 | Mem:112.88M, Peak:112.88M | Scene, ViewLayer | Updating Geometry BVH Cube.092 93/551 | Building BVH
Fra:1 Mem:221.81M (Peak 290.98M) | Time:00:00.18 | Mem:112.88M, Peak:112.88M | Scene, ViewLayer | Updating Geometry BVH Cube.092 93/551 | Building mesh BLAS |     188 tris | Cube.092
Fra:1 Mem:221.81M (Peak 290.98M) | Time:00:00.18 | Mem:112.88M, Peak:112.88M | Scene, ViewLayer | Updating Geometry BVH Cube.093 94/551 | Building BVH
Fra:1 Mem:221.81M (Peak 290.98M) | Time:00:00.18 | Mem:112.88M, Peak:112.88M | Scene, ViewLayer | Updating Geometry BVH Cube.093 94/551 | Building mesh BLAS |     188 tris | Cube.093
Fra:1 Mem:221.81M (Peak 290.98M) | Time:00:00.18 | Mem:112.88M, Peak:112.88M | Scene, ViewLayer | Updating Geometry BVH Cube.094 95/551 | Building BVH
Fra:1 Mem:221.81M (Peak 290.98M) | Time:00:00.18 | Mem:112.88M, Peak:112.88M | Scene, ViewLayer | Updating Geometry BVH Cube.095 96/551 | Building BVH
Fra:1 Mem:221.81M (Peak 290.98M) | Time:00:00.18 | Mem:112.88M, Peak:112.88M | Scene, ViewLayer | Updating Geometry BVH Cube.095 96/551 | Building mesh BLAS |     188 tris | Cube.094
Fra:1 Mem:221.81M (Peak 290.98M) | Time:00:00.18 | Mem:112.88M, Peak:112.88M | Scene, ViewLayer | Updating Geometry BVH Cube.095 96/551 | Building mesh BLAS |     188 tris | Cube.095
Fra:1 Mem:221.81M (Peak 290.98M) | Time:00:00.18 | Mem:112.88M, Peak:112.88M | Scene, ViewLayer | Updating Geometry BVH Cube.096 97/551 | Building BVH
Fra:1 Mem:221.81M (Peak 290.98M) | Time:00:00.18 | Mem:112.88M, Peak:112.88M | Scene, ViewLayer | Updating Geometry BVH Cube.096 97/551 | Building mesh BLAS |     188 tris | Cube.096
Fra:1 Mem:221.81M (Peak 290.98M) | Time:00:00.18 | Mem:112.88M, Peak:112.88M | Scene, ViewLayer | Updating Geometry BVH Cube.097 98/551 | Building BVH
Fra:1 Mem:221.81M (Peak 290.98M) | Time:00:00.18 | Mem:112.88M, Peak:112.88M | Scene, ViewLayer | Updating Geometry BVH Cube.097 98/551 | Building mesh BLAS |     188 tris | Cube.097
Fra:1 Mem:221.81M (Peak 290.98M) | Time:00:00.18 | Mem:112.88M, Peak:112.88M | Scene, ViewLayer | Updating Geometry BVH Cube.098 99/551 | Building BVH
Fra:1 Mem:221.81M (Peak 290.98M) | Time:00:00.18 | Mem:112.88M, Peak:112.88M | Scene, ViewLayer | Updating Geometry BVH Cube.098 99/551 | Building mesh BLAS |     188 tris | Cube.098
Fra:1 Mem:221.81M (Peak 290.98M) | Time:00:00.18 | Mem:112.88M, Peak:112.88M | Scene, ViewLayer | Updating Geometry BVH Cube.099 100/551 | Building BVH
Fra:1 Mem:221.81M (Peak 290.98M) | Time:00:00.18 | Mem:112.88M, Peak:112.88M | Scene, ViewLayer | Updating Geometry BVH Cube.099 100/551 | Building mesh BLAS |     188 tris | Cube.099
Fra:1 Mem:221.81M (Peak 290.98M) | Time:00:00.18 | Mem:112.88M, Peak:112.88M | Scene, ViewLayer | Updating Geometry BVH Cube.100 101/551 | Building BVH
Fra:1 Mem:221.81M (Peak 290.98M) | Time:00:00.18 | Mem:112.88M, Peak:112.88M | Scene, ViewLayer | Updating Geometry BVH Cube.100 101/551 | Building mesh BLAS |     188 tris | Cube.100
Fra:1 Mem:221.81M (Peak 290.98M) | Time:00:00.18 | Mem:112.88M, Peak:112.88M | Scene, ViewLayer | Updating Geometry BVH Cube.101 102/551 | Building BVH
Fra:1 Mem:221.81M (Peak 290.98M) | Time:00:00.18 | Mem:112.88M, Peak:112.88M | Scene, ViewLayer | Updating Geometry BVH Cube.101 102/551 | Building mesh BLAS |     188 tris | Cube.101
Fra:1 Mem:221.81M (Peak 290.98M) | Time:00:00.18 | Mem:112.88M, Peak:112.88M | Scene, ViewLayer | Updating Geometry BVH Cube.102 103/551 | Building BVH
Fra:1 Mem:221.81M (Peak 290.98M) | Time:00:00.18 | Mem:112.88M, Peak:112.88M | Scene, ViewLayer | Updating Geometry BVH Cube.102 103/551 | Building mesh BLAS |     188 tris | Cube.102
Fra:1 Mem:221.81M (Peak 290.98M) | Time:00:00.18 | Mem:112.88M, Peak:112.88M | Scene, ViewLayer | Updating Geometry BVH Cube.103 104/551 | Building BVH
Fra:1 Mem:221.81M (Peak 290.98M) | Time:00:00.18 | Mem:112.88M, Peak:112.88M | Scene, ViewLayer | Updating Geometry BVH Cube.103 104/551 | Building mesh BLAS |     188 tris | Cube.103
Fra:1 Mem:221.81M (Peak 290.98M) | Time:00:00.18 | Mem:112.88M, Peak:112.88M | Scene, ViewLayer | Updating Geometry BVH Cube.104 105/551 | Building BVH
Fra:1 Mem:221.81M (Peak 290.98M) | Time:00:00.18 | Mem:112.88M, Peak:112.88M | Scene, ViewLayer | Updating Geometry BVH Cube.104 105/551 | Building mesh BLAS |     188 tris | Cube.104
Fra:1 Mem:221.81M (Peak 290.98M) | Time:00:00.18 | Mem:112.88M, Peak:112.88M | Scene, ViewLayer | Updating Geometry BVH Cube.105 106/551 | Building BVH
Fra:1 Mem:221.81M (Peak 290.98M) | Time:00:00.18 | Mem:112.88M, Peak:112.88M | Scene, ViewLayer | Updating Geometry BVH Cube.105 106/551 | Building mesh BLAS |     188 tris | Cube.105
Fra:1 Mem:221.81M (Peak 290.98M) | Time:00:00.18 | Mem:112.88M, Peak:112.88M | Scene, ViewLayer | Updating Geometry BVH Cube.106 107/551 | Building BVH
Fra:1 Mem:221.81M (Peak 290.98M) | Time:00:00.18 | Mem:112.88M, Peak:112.88M | Scene, ViewLayer | Updating Geometry BVH Cube.106 107/551 | Building mesh BLAS |     188 tris | Cube.106
Fra:1 Mem:221.81M (Peak 290.98M) | Time:00:00.19 | Mem:112.88M, Peak:112.88M | Scene, ViewLayer | Updating Geometry BVH Distant garden arcade voussoir.084 547/551 | Building BVH
Fra:1 Mem:221.81M (Peak 290.98M) | Time:00:00.19 | Mem:112.88M, Peak:112.88M | Scene, ViewLayer | Updating Geometry BVH Distant garden arcade voussoir.084 547/551 | Building mesh BLAS |     188 tris | Distant garden arcade voussoir.084
Fra:1 Mem:221.81M (Peak 290.98M) | Time:00:00.19 | Mem:112.88M, Peak:112.88M | Scene, ViewLayer | Updating Geometry BVH Cube.107 108/551 | Building BVH
Fra:1 Mem:221.81M (Peak 290.98M) | Time:00:00.19 | Mem:112.88M, Peak:112.88M | Scene, ViewLayer | Updating Geometry BVH Cube.107 108/551 | Building mesh BLAS |     188 tris | Cube.107
Fra:1 Mem:221.81M (Peak 290.98M) | Time:00:00.19 | Mem:112.88M, Peak:112.88M | Scene, ViewLayer | Updating Geometry BVH Cube.108 109/551 | Building BVH
Fra:1 Mem:221.81M (Peak 290.98M) | Time:00:00.19 | Mem:112.88M, Peak:112.88M | Scene, ViewLayer | Updating Geometry BVH Cube.108 109/551 | Building mesh BLAS |     188 tris | Cube.108
Fra:1 Mem:221.81M (Peak 290.98M) | Time:00:00.19 | Mem:112.88M, Peak:112.88M | Scene, ViewLayer | Updating Geometry BVH Cube.109 110/551 | Building BVH
Fra:1 Mem:221.81M (Peak 290.98M) | Time:00:00.19 | Mem:112.88M, Peak:112.88M | Scene, ViewLayer | Updating Geometry BVH Cube.110 111/551 | Building BVH
Fra:1 Mem:221.81M (Peak 290.98M) | Time:00:00.19 | Mem:112.88M, Peak:112.88M | Scene, ViewLayer | Updating Geometry BVH Cube.110 111/551 | Building mesh BLAS |     188 tris | Cube.109
Fra:1 Mem:221.81M (Peak 290.98M) | Time:00:00.19 | Mem:112.88M, Peak:112.88M | Scene, ViewLayer | Updating Geometry BVH Cube.110 111/551 | Building mesh BLAS |     188 tris | Cube.110
Fra:1 Mem:221.81M (Peak 290.98M) | Time:00:00.19 | Mem:112.88M, Peak:112.88M | Scene, ViewLayer | Updating Geometry BVH Cube.111 112/551 | Building BVH
Fra:1 Mem:221.81M (Peak 290.98M) | Time:00:00.19 | Mem:112.88M, Peak:112.88M | Scene, ViewLayer | Updating Geometry BVH Cube.111 112/551 | Building mesh BLAS |     188 tris | Cube.111
Fra:1 Mem:221.81M (Peak 290.98M) | Time:00:00.19 | Mem:112.88M, Peak:112.88M | Scene, ViewLayer | Updating Geometry BVH Cube.112 113/551 | Building BVH
Fra:1 Mem:221.81M (Peak 290.98M) | Time:00:00.19 | Mem:112.88M, Peak:112.88M | Scene, ViewLayer | Updating Geometry BVH Cube.112 113/551 | Building mesh BLAS |     188 tris | Cube.112
Fra:1 Mem:221.81M (Peak 290.98M) | Time:00:00.19 | Mem:112.88M, Peak:112.88M | Scene, ViewLayer | Updating Geometry BVH Cube.113 114/551 | Building BVH
Fra:1 Mem:221.81M (Peak 290.98M) | Time:00:00.19 | Mem:112.88M, Peak:112.88M | Scene, ViewLayer | Updating Geometry BVH Cube.113 114/551 | Building mesh BLAS |     188 tris | Cube.113
Fra:1 Mem:221.81M (Peak 290.98M) | Time:00:00.19 | Mem:112.88M, Peak:112.88M | Scene, ViewLayer | Updating Geometry BVH Cube.114 115/551 | Building BVH
Fra:1 Mem:221.81M (Peak 290.98M) | Time:00:00.19 | Mem:112.88M, Peak:112.88M | Scene, ViewLayer | Updating Geometry BVH Cube.114 115/551 | Building mesh BLAS |     188 tris | Cube.114
Fra:1 Mem:221.81M (Peak 290.98M) | Time:00:00.19 | Mem:112.88M, Peak:112.88M | Scene, ViewLayer | Updating Geometry BVH Cube.115 116/551 | Building BVH
Fra:1 Mem:221.81M (Peak 290.98M) | Time:00:00.19 | Mem:112.88M, Peak:112.88M | Scene, ViewLayer | Updating Geometry BVH Cube.116 117/551 | Building BVH
Fra:1 Mem:221.81M (Peak 290.98M) | Time:00:00.19 | Mem:112.88M, Peak:112.88M | Scene, ViewLayer | Updating Geometry BVH Cube.116 117/551 | Building mesh BLAS |     188 tris | Cube.115
Fra:1 Mem:221.81M (Peak 290.98M) | Time:00:00.19 | Mem:112.88M, Peak:112.88M | Scene, ViewLayer | Updating Geometry BVH Cube.116 117/551 | Building mesh BLAS |     188 tris | Cube.116
Fra:1 Mem:221.81M (Peak 290.98M) | Time:00:00.19 | Mem:112.88M, Peak:112.88M | Scene, ViewLayer | Updating Geometry BVH Cube.117 118/551 | Building BVH
Fra:1 Mem:221.81M (Peak 290.98M) | Time:00:00.19 | Mem:112.88M, Peak:112.88M | Scene, ViewLayer | Updating Geometry BVH Cube.117 118/551 | Building mesh BLAS |     188 tris | Cube.117
Fra:1 Mem:221.81M (Peak 290.98M) | Time:00:00.19 | Mem:112.88M, Peak:112.88M | Scene, ViewLayer | Updating Geometry BVH Cube.118 119/551 | Building BVH
Fra:1 Mem:221.81M (Peak 290.98M) | Time:00:00.19 | Mem:112.88M, Peak:112.88M | Scene, ViewLayer | Updating Geometry BVH Cube.118 119/551 | Building mesh BLAS |     188 tris | Cube.118
Fra:1 Mem:221.81M (Peak 290.98M) | Time:00:00.19 | Mem:112.88M, Peak:112.88M | Scene, ViewLayer | Updating Geometry BVH Cube.119 120/551 | Building BVH
Fra:1 Mem:221.81M (Peak 290.98M) | Time:00:00.19 | Mem:112.88M, Peak:112.88M | Scene, ViewLayer | Updating Geometry BVH Cube.119 120/551 | Building mesh BLAS |     188 tris | Cube.119
Fra:1 Mem:221.81M (Peak 290.98M) | Time:00:00.19 | Mem:112.90M, Peak:112.90M | Scene, ViewLayer | Updating Geometry BVH Cube.120 121/551 | Building BVH
Fra:1 Mem:221.81M (Peak 290.98M) | Time:00:00.19 | Mem:112.91M, Peak:112.91M | Scene, ViewLayer | Updating Geometry BVH Cube.120 121/551 | Building mesh BLAS |     188 tris | Cube.120
Fra:1 Mem:221.81M (Peak 290.98M) | Time:00:00.19 | Mem:112.91M, Peak:112.91M | Scene, ViewLayer | Updating Geometry BVH Cube.121 122/551 | Building BVH
Fra:1 Mem:221.81M (Peak 290.98M) | Time:00:00.19 | Mem:112.91M, Peak:112.91M | Scene, ViewLayer | Updating Geometry BVH Cube.122 123/551 | Building BVH
Fra:1 Mem:221.81M (Peak 290.98M) | Time:00:00.19 | Mem:112.91M, Peak:112.91M | Scene, ViewLayer | Updating Geometry BVH Cube.122 123/551 | Building mesh BLAS |     188 tris | Cube.121
Fra:1 Mem:221.81M (Peak 290.98M) | Time:00:00.19 | Mem:112.91M, Peak:112.91M | Scene, ViewLayer | Updating Geometry BVH Cube.122 123/551 | Building mesh BLAS |     188 tris | Cube.122
Fra:1 Mem:221.81M (Peak 290.98M) | Time:00:00.19 | Mem:112.91M, Peak:112.91M | Scene, ViewLayer | Updating Geometry BVH Cube.123 124/551 | Building BVH
Fra:1 Mem:221.81M (Peak 290.98M) | Time:00:00.19 | Mem:112.92M, Peak:112.92M | Scene, ViewLayer | Updating Geometry BVH Cube.123 124/551 | Building mesh BLAS |     188 tris | Cube.123
Fra:1 Mem:221.81M (Peak 290.98M) | Time:00:00.19 | Mem:112.94M, Peak:112.94M | Scene, ViewLayer | Updating Geometry BVH Distant garden arcade voussoir.083 546/551 | Building BVH
Fra:1 Mem:221.81M (Peak 290.98M) | Time:00:00.19 | Mem:112.94M, Peak:112.94M | Scene, ViewLayer | Updating Geometry BVH Distant garden arcade voussoir.083 546/551 | Building mesh BLAS |     188 tris | Distant garden arcade voussoir.083
Fra:1 Mem:221.81M (Peak 290.98M) | Time:00:00.19 | Mem:112.94M, Peak:112.94M | Scene, ViewLayer | Updating Geometry BVH Cube.124 125/551 | Building BVH
Fra:1 Mem:221.81M (Peak 290.98M) | Time:00:00.19 | Mem:112.94M, Peak:112.94M | Scene, ViewLayer | Updating Geometry BVH Cube.124 125/551 | Building mesh BLAS |     188 tris | Cube.124
Fra:1 Mem:221.81M (Peak 290.98M) | Time:00:00.19 | Mem:112.96M, Peak:112.96M | Scene, ViewLayer | Updating Geometry BVH Cube.125 126/551 | Building BVH
Fra:1 Mem:221.81M (Peak 290.98M) | Time:00:00.19 | Mem:112.96M, Peak:112.96M | Scene, ViewLayer | Updating Geometry BVH Cube.125 126/551 | Building mesh BLAS |     188 tris | Cube.125
Fra:1 Mem:221.81M (Peak 290.98M) | Time:00:00.19 | Mem:112.99M, Peak:112.99M | Scene, ViewLayer | Updating Geometry BVH Cube.126 127/551 | Building BVH
Fra:1 Mem:221.81M (Peak 290.98M) | Time:00:00.19 | Mem:112.99M, Peak:112.99M | Scene, ViewLayer | Updating Geometry BVH Cube.127 128/551 | Building BVH
Fra:1 Mem:221.81M (Peak 290.98M) | Time:00:00.19 | Mem:112.99M, Peak:112.99M | Scene, ViewLayer | Updating Geometry BVH Cube.127 128/551 | Building mesh BLAS |     188 tris | Cube.127
Fra:1 Mem:221.81M (Peak 290.98M) | Time:00:00.19 | Mem:113.02M, Peak:113.02M | Scene, ViewLayer | Updating Geometry BVH Cube.128 129/551 | Building BVH
Fra:1 Mem:221.81M (Peak 290.98M) | Time:00:00.19 | Mem:113.02M, Peak:113.02M | Scene, ViewLayer | Updating Geometry BVH Cube.128 129/551 | Building mesh BLAS |     188 tris | Cube.128
Fra:1 Mem:221.81M (Peak 290.98M) | Time:00:00.19 | Mem:113.04M, Peak:113.04M | Scene, ViewLayer | Updating Geometry BVH Cube.129 130/551 | Building BVH
Fra:1 Mem:221.81M (Peak 290.98M) | Time:00:00.19 | Mem:113.05M, Peak:113.05M | Scene, ViewLayer | Updating Geometry BVH Cube.130 131/551 | Building BVH
Fra:1 Mem:221.81M (Peak 290.98M) | Time:00:00.19 | Mem:113.05M, Peak:113.05M | Scene, ViewLayer | Updating Geometry BVH Cube.130 131/551 | Building mesh BLAS |     188 tris | Cube.130
Fra:1 Mem:221.81M (Peak 290.98M) | Time:00:00.19 | Mem:113.06M, Peak:113.06M | Scene, ViewLayer | Updating Geometry BVH Cube.131 132/551 | Building BVH
Fra:1 Mem:221.81M (Peak 290.98M) | Time:00:00.19 | Mem:113.08M, Peak:113.08M | Scene, ViewLayer | Updating Geometry BVH Cube.131 132/551 | Building mesh BLAS |     188 tris | Cube.131
Fra:1 Mem:221.81M (Peak 290.98M) | Time:00:00.19 | Mem:113.08M, Peak:113.08M | Scene, ViewLayer | Updating Geometry BVH Cube.132 133/551 | Building BVH
Fra:1 Mem:221.81M (Peak 290.98M) | Time:00:00.19 | Mem:113.10M, Peak:113.10M | Scene, ViewLayer | Updating Geometry BVH Cube.133 134/551 | Building BVH
Fra:1 Mem:221.81M (Peak 290.98M) | Time:00:00.19 | Mem:113.10M, Peak:113.10M | Scene, ViewLayer | Updating Geometry BVH Cube.133 134/551 | Building mesh BLAS |     188 tris | Cube.133
Fra:1 Mem:221.81M (Peak 290.98M) | Time:00:00.19 | Mem:116.01M, Peak:116.01M | Scene, ViewLayer | Updating Geometry BVH Cube.134 135/551 | Building BVH
Fra:1 Mem:221.81M (Peak 290.98M) | Time:00:00.19 | Mem:116.03M, Peak:116.03M | Scene, ViewLayer | Updating Geometry BVH Cube.134 135/551 | Building mesh BLAS |     188 tris | Cube.134
Fra:1 Mem:221.81M (Peak 290.98M) | Time:00:00.19 | Mem:116.03M, Peak:116.03M | Scene, ViewLayer | Updating Geometry BVH Cube.135 136/551 | Building BVH
Fra:1 Mem:221.81M (Peak 290.98M) | Time:00:00.19 | Mem:116.03M, Peak:116.03M | Scene, ViewLayer | Updating Geometry BVH Cube.135 136/551 | Building mesh BLAS |     188 tris | Cube.135
Fra:1 Mem:221.81M (Peak 290.98M) | Time:00:00.19 | Mem:116.05M, Peak:116.05M | Scene, ViewLayer | Updating Geometry BVH Cube.136 137/551 | Building BVH
Fra:1 Mem:221.81M (Peak 290.98M) | Time:00:00.19 | Mem:116.05M, Peak:116.05M | Scene, ViewLayer | Updating Geometry BVH Cube.136 137/551 | Building mesh BLAS |     188 tris | Cube.136
Fra:1 Mem:221.81M (Peak 290.98M) | Time:00:00.19 | Mem:116.09M, Peak:116.09M | Scene, ViewLayer | Updating Geometry BVH Cube.137 138/551 | Building BVH
Fra:1 Mem:221.81M (Peak 290.98M) | Time:00:00.19 | Mem:116.10M, Peak:116.10M | Scene, ViewLayer | Updating Geometry BVH Cube.138 139/551 | Building BVH
Fra:1 Mem:221.81M (Peak 290.98M) | Time:00:00.19 | Mem:116.10M, Peak:116.10M | Scene, ViewLayer | Updating Geometry BVH Cube.139 140/551 | Building mesh BLAS |     188 tris | Cube.137
Fra:1 Mem:221.81M (Peak 290.98M) | Time:00:00.19 | Mem:116.10M, Peak:116.10M | Scene, ViewLayer | Updating Geometry BVH Cube.139 140/551 | Building mesh BLAS |     188 tris | Cube.138
Fra:1 Mem:221.81M (Peak 290.98M) | Time:00:00.19 | Mem:116.10M, Peak:116.10M | Scene, ViewLayer | Updating Geometry BVH Cube.139 140/551 | Building mesh BLAS |     188 tris | Cube.139
Fra:1 Mem:221.81M (Peak 290.98M) | Time:00:00.19 | Mem:116.15M, Peak:116.15M | Scene, ViewLayer | Updating Geometry BVH Cube.140 141/551 | Building BVH
Fra:1 Mem:221.81M (Peak 290.98M) | Time:00:00.19 | Mem:116.15M, Peak:116.15M | Scene, ViewLayer | Updating Geometry BVH Distant garden arcade voussoir.082 545/551 | Building BVH
Fra:1 Mem:221.81M (Peak 290.98M) | Time:00:00.19 | Mem:116.16M, Peak:116.16M | Scene, ViewLayer | Updating Geometry BVH Distant garden arcade voussoir.082 545/551 | Building mesh BLAS |     188 tris | Cube.140
Fra:1 Mem:221.81M (Peak 290.98M) | Time:00:00.19 | Mem:116.16M, Peak:116.16M | Scene, ViewLayer | Updating Geometry BVH Distant garden arcade voussoir.082 545/551 | Building mesh BLAS |     188 tris | Distant garden arcade voussoir.082
Fra:1 Mem:221.81M (Peak 290.98M) | Time:00:00.19 | Mem:116.16M, Peak:116.16M | Scene, ViewLayer | Updating Geometry BVH Cube.141 142/551 | Building BVH
Fra:1 Mem:221.81M (Peak 290.98M) | Time:00:00.19 | Mem:116.16M, Peak:116.16M | Scene, ViewLayer | Updating Geometry BVH Cube.141 142/551 | Building mesh BLAS |     188 tris | Cube.141
Fra:1 Mem:221.81M (Peak 290.98M) | Time:00:00.19 | Mem:116.17M, Peak:116.17M | Scene, ViewLayer | Updating Geometry BVH Cube.142 143/551 | Building BVH
Fra:1 Mem:221.81M (Peak 290.98M) | Time:00:00.19 | Mem:116.17M, Peak:116.17M | Scene, ViewLayer | Updating Geometry BVH Cube.142 143/551 | Building mesh BLAS |     188 tris | Cube.142
Fra:1 Mem:221.81M (Peak 290.98M) | Time:00:00.19 | Mem:116.20M, Peak:116.20M | Scene, ViewLayer | Updating Geometry BVH Cube.143 144/551 | Building BVH
Fra:1 Mem:221.81M (Peak 290.98M) | Time:00:00.19 | Mem:116.22M, Peak:116.22M | Scene, ViewLayer | Updating Geometry BVH Cube.143 144/551 | Building mesh BLAS |     188 tris | Cube.143
Fra:1 Mem:221.81M (Peak 290.98M) | Time:00:00.19 | Mem:116.23M, Peak:116.23M | Scene, ViewLayer | Updating Geometry BVH Cube.144 145/551 | Building BVH
Fra:1 Mem:221.81M (Peak 290.98M) | Time:00:00.19 | Mem:116.24M, Peak:116.24M | Scene, ViewLayer | Updating Geometry BVH Cube.144 145/551 | Building mesh BLAS |     188 tris | Cube.144
Fra:1 Mem:221.81M (Peak 290.98M) | Time:00:00.19 | Mem:116.24M, Peak:116.24M | Scene, ViewLayer | Updating Geometry BVH Cube.145 146/551 | Building BVH
Fra:1 Mem:221.81M (Peak 290.98M) | Time:00:00.19 | Mem:116.24M, Peak:116.24M | Scene, ViewLayer | Updating Geometry BVH Cube.145 146/551 | Building mesh BLAS |     188 tris | Cube.145
Fra:1 Mem:221.81M (Peak 290.98M) | Time:00:00.19 | Mem:116.27M, Peak:116.27M | Scene, ViewLayer | Updating Geometry BVH Cube.146 147/551 | Building BVH
Fra:1 Mem:221.81M (Peak 290.98M) | Time:00:00.19 | Mem:116.27M, Peak:116.27M | Scene, ViewLayer | Updating Geometry BVH Cube.147 148/551 | Building BVH
Fra:1 Mem:221.81M (Peak 290.98M) | Time:00:00.19 | Mem:116.28M, Peak:116.28M | Scene, ViewLayer | Updating Geometry BVH Cube.148 149/551 | Building BVH
Fra:1 Mem:221.81M (Peak 290.98M) | Time:00:00.19 | Mem:116.29M, Peak:116.29M | Scene, ViewLayer | Updating Geometry BVH Cube.148 149/551 | Building mesh BLAS |     188 tris | Cube.147
Fra:1 Mem:221.81M (Peak 290.98M) | Time:00:00.19 | Mem:116.29M, Peak:116.29M | Scene, ViewLayer | Updating Geometry BVH Cube.148 149/551 | Building mesh BLAS |     188 tris | Cube.148
Fra:1 Mem:221.81M (Peak 290.98M) | Time:00:00.19 | Mem:116.29M, Peak:116.29M | Scene, ViewLayer | Updating Geometry BVH Cube.149 150/551 | Building BVH
Fra:1 Mem:221.81M (Peak 290.98M) | Time:00:00.19 | Mem:116.29M, Peak:116.29M | Scene, ViewLayer | Updating Geometry BVH Cube.149 150/551 | Building mesh BLAS |     188 tris | Cube.149
Fra:1 Mem:221.81M (Peak 290.98M) | Time:00:00.19 | Mem:121.42M, Peak:121.42M | Scene, ViewLayer | Updating Geometry BVH Cube.150 151/551 | Building BVH
Fra:1 Mem:221.81M (Peak 290.98M) | Time:00:00.19 | Mem:121.43M, Peak:121.43M | Scene, ViewLayer | Updating Geometry BVH Cube.150 151/551 | Building mesh BLAS |     188 tris | Cube.150
Fra:1 Mem:221.81M (Peak 290.98M) | Time:00:00.19 | Mem:121.45M, Peak:121.45M | Scene, ViewLayer | Updating Geometry BVH Cube.151 152/551 | Building BVH
Fra:1 Mem:221.81M (Peak 290.98M) | Time:00:00.19 | Mem:121.45M, Peak:121.45M | Scene, ViewLayer | Updating Geometry BVH Cube.152 153/551 | Building BVH
Fra:1 Mem:221.81M (Peak 290.98M) | Time:00:00.19 | Mem:121.45M, Peak:121.45M | Scene, ViewLayer | Updating Geometry BVH Cube.152 153/551 | Building mesh BLAS |     188 tris | Cube.151
Fra:1 Mem:221.81M (Peak 290.98M) | Time:00:00.19 | Mem:121.45M, Peak:121.45M | Scene, ViewLayer | Updating Geometry BVH Cube.152 153/551 | Building mesh BLAS |     188 tris | Cube.152
Fra:1 Mem:221.81M (Peak 290.98M) | Time:00:00.19 | Mem:121.45M, Peak:121.45M | Scene, ViewLayer | Updating Geometry BVH Cube.153 154/551 | Building BVH
Fra:1 Mem:221.81M (Peak 290.98M) | Time:00:00.19 | Mem:121.45M, Peak:121.45M | Scene, ViewLayer | Updating Geometry BVH Cube.153 154/551 | Building mesh BLAS |     188 tris | Cube.153
Fra:1 Mem:221.81M (Peak 290.98M) | Time:00:00.19 | Mem:121.49M, Peak:121.49M | Scene, ViewLayer | Updating Geometry BVH Cube.154 155/551 | Building BVH
Fra:1 Mem:221.81M (Peak 290.98M) | Time:00:00.19 | Mem:121.50M, Peak:121.50M | Scene, ViewLayer | Updating Geometry BVH Cube.155 156/551 | Building mesh BLAS |     188 tris | Cube.154
Fra:1 Mem:221.81M (Peak 290.98M) | Time:00:00.19 | Mem:121.51M, Peak:121.51M | Scene, ViewLayer | Updating Geometry BVH Cube.155 156/551 | Building mesh BLAS |     188 tris | Cube.155
Fra:1 Mem:221.81M (Peak 290.98M) | Time:00:00.19 | Mem:121.52M, Peak:121.52M | Scene, ViewLayer | Updating Geometry BVH Cube.157 158/551 | Building BVH
Fra:1 Mem:221.81M (Peak 290.98M) | Time:00:00.19 | Mem:121.52M, Peak:121.52M | Scene, ViewLayer | Updating Geometry BVH Distant garden arcade voussoir.081 544/551 | Building BVH
Fra:1 Mem:221.81M (Peak 290.98M) | Time:00:00.19 | Mem:121.52M, Peak:121.52M | Scene, ViewLayer | Updating Geometry BVH Distant garden arcade voussoir.081 544/551 | Building mesh BLAS |     188 tris | Cube.157
Fra:1 Mem:221.81M (Peak 290.98M) | Time:00:00.19 | Mem:121.52M, Peak:121.52M | Scene, ViewLayer | Updating Geometry BVH Distant garden arcade voussoir.081 544/551 | Building mesh BLAS |     188 tris | Distant garden arcade voussoir.081
Fra:1 Mem:221.81M (Peak 290.98M) | Time:00:00.19 | Mem:121.82M, Peak:121.82M | Scene, ViewLayer | Updating Geometry BVH Distant garden arcade voussoir.081 544/551 | Building mesh BLAS |     188 tris | Cube.156
Fra:1 Mem:221.81M (Peak 290.98M) | Time:00:00.19 | Mem:121.85M, Peak:121.85M | Scene, ViewLayer | Updating Geometry BVH Cube.160 161/551 | Building BVH
Fra:1 Mem:221.81M (Peak 290.98M) | Time:00:00.19 | Mem:121.85M, Peak:121.85M | Scene, ViewLayer | Updating Geometry BVH Cube.161 162/551 | Building mesh BLAS |     188 tris | Cube.158
Fra:1 Mem:221.81M (Peak 290.98M) | Time:00:00.19 | Mem:121.85M, Peak:121.85M | Scene, ViewLayer | Updating Geometry BVH Cube.161 162/551 | Building mesh BLAS |     188 tris | Cube.159
Fra:1 Mem:221.81M (Peak 290.98M) | Time:00:00.19 | Mem:121.85M, Peak:121.85M | Scene, ViewLayer | Updating Geometry BVH Cube.161 162/551 | Building mesh BLAS |     188 tris | Cube.161
Fra:1 Mem:221.81M (Peak 290.98M) | Time:00:00.19 | Mem:121.87M, Peak:121.87M | Scene, ViewLayer | Updating Geometry BVH Cube.162 163/551 | Building BVH
Fra:1 Mem:221.81M (Peak 290.98M) | Time:00:00.19 | Mem:121.88M, Peak:121.88M | Scene, ViewLayer | Updating Geometry BVH Cube.162 163/551 | Building mesh BLAS |     188 tris | Cube.162
Fra:1 Mem:221.81M (Peak 290.98M) | Time:00:00.19 | Mem:121.89M, Peak:121.89M | Scene, ViewLayer | Updating Geometry BVH Cube.163 164/551 | Building BVH
Fra:1 Mem:221.81M (Peak 290.98M) | Time:00:00.19 | Mem:121.90M, Peak:121.90M | Scene, ViewLayer | Updating Geometry BVH Cube.164 165/551 | Building BVH
Fra:1 Mem:221.81M (Peak 290.98M) | Time:00:00.19 | Mem:121.90M, Peak:121.90M | Scene, ViewLayer | Updating Geometry BVH Cube.164 165/551 | Building mesh BLAS |     188 tris | Cube.164
Fra:1 Mem:221.81M (Peak 290.98M) | Time:00:00.19 | Mem:121.90M, Peak:121.90M | Scene, ViewLayer | Updating Geometry BVH Cube.165 166/551 | Building BVH
Fra:1 Mem:221.81M (Peak 290.98M) | Time:00:00.19 | Mem:121.90M, Peak:121.90M | Scene, ViewLayer | Updating Geometry BVH Cube.166 167/551 | Building BVH
Fra:1 Mem:221.81M (Peak 290.98M) | Time:00:00.19 | Mem:121.90M, Peak:121.90M | Scene, ViewLayer | Updating Geometry BVH Cube.166 167/551 | Building mesh BLAS |     188 tris | Cube.166
Fra:1 Mem:221.81M (Peak 290.98M) | Time:00:00.19 | Mem:121.91M, Peak:121.91M | Scene, ViewLayer | Updating Geometry BVH Cube.167 168/551 | Building BVH
Fra:1 Mem:221.81M (Peak 290.98M) | Time:00:00.19 | Mem:121.93M, Peak:121.93M | Scene, ViewLayer | Updating Geometry BVH Cube.167 168/551 | Building mesh BLAS |     188 tris | Cube.167
Fra:1 Mem:221.81M (Peak 290.98M) | Time:00:00.19 | Mem:121.93M, Peak:121.93M | Scene, ViewLayer | Updating Geometry BVH Cube.168 169/551 | Building BVH
Fra:1 Mem:221.81M (Peak 290.98M) | Time:00:00.19 | Mem:121.94M, Peak:121.94M | Scene, ViewLayer | Updating Geometry BVH Cube.169 170/551 | Building BVH
Fra:1 Mem:221.81M (Peak 290.98M) | Time:00:00.19 | Mem:121.94M, Peak:121.94M | Scene, ViewLayer | Updating Geometry BVH Cube.170 171/551 | Building BVH
Fra:1 Mem:221.81M (Peak 290.98M) | Time:00:00.19 | Mem:121.94M, Peak:121.94M | Scene, ViewLayer | Updating Geometry BVH Cube.170 171/551 | Building mesh BLAS |     188 tris | Cube.169
Fra:1 Mem:221.81M (Peak 290.98M) | Time:00:00.19 | Mem:121.94M, Peak:121.94M | Scene, ViewLayer | Updating Geometry BVH Cube.170 171/551 | Building mesh BLAS |     188 tris | Cube.170
Fra:1 Mem:221.81M (Peak 290.98M) | Time:00:00.19 | Mem:121.97M, Peak:121.97M | Scene, ViewLayer | Updating Geometry BVH Cube.171 172/551 | Building BVH
Fra:1 Mem:221.81M (Peak 290.98M) | Time:00:00.19 | Mem:121.97M, Peak:121.97M | Scene, ViewLayer | Updating Geometry BVH Cube.171 172/551 | Building mesh BLAS |     188 tris | Cube.171
Fra:1 Mem:221.81M (Peak 290.98M) | Time:00:00.19 | Mem:122.35M, Peak:122.35M | Scene, ViewLayer | Updating Geometry BVH Cube.173 174/551 | Building BVH
Fra:1 Mem:221.81M (Peak 290.98M) | Time:00:00.19 | Mem:122.37M, Peak:122.37M | Scene, ViewLayer | Updating Geometry BVH Distant garden arcade voussoir.080 543/551 | Building BVH
Fra:1 Mem:221.81M (Peak 290.98M) | Time:00:00.19 | Mem:122.37M, Peak:122.37M | Scene, ViewLayer | Updating Geometry BVH Cube.174 175/551 | Building BVH
Fra:1 Mem:221.81M (Peak 290.98M) | Time:00:00.19 | Mem:122.37M, Peak:122.37M | Scene, ViewLayer | Updating Geometry BVH Cube.175 176/551 | Building BVH
Fra:1 Mem:221.81M (Peak 290.98M) | Time:00:00.19 | Mem:122.37M, Peak:122.37M | Scene, ViewLayer | Updating Geometry BVH Cube.175 176/551 | Building mesh BLAS |     188 tris | Cube.174
Fra:1 Mem:221.81M (Peak 290.98M) | Time:00:00.19 | Mem:122.37M, Peak:122.37M | Scene, ViewLayer | Updating Geometry BVH Cube.175 176/551 | Building mesh BLAS |     188 tris | Distant garden arcade voussoir.080
Fra:1 Mem:221.81M (Peak 290.98M) | Time:00:00.19 | Mem:122.37M, Peak:122.37M | Scene, ViewLayer | Updating Geometry BVH Cube.175 176/551 | Building mesh BLAS |     188 tris | Cube.175
Fra:1 Mem:221.81M (Peak 290.98M) | Time:00:00.19 | Mem:122.39M, Peak:122.39M | Scene, ViewLayer | Updating Geometry BVH Cube.176 177/551 | Building BVH
Fra:1 Mem:221.81M (Peak 290.98M) | Time:00:00.19 | Mem:122.39M, Peak:122.39M | Scene, ViewLayer | Updating Geometry BVH Cube.176 177/551 | Building mesh BLAS |     188 tris | Cube.176
Fra:1 Mem:221.81M (Peak 290.98M) | Time:00:00.19 | Mem:122.39M, Peak:122.39M | Scene, ViewLayer | Updating Geometry BVH Cube.177 178/551 | Building BVH
Fra:1 Mem:221.81M (Peak 290.98M) | Time:00:00.19 | Mem:122.39M, Peak:122.39M | Scene, ViewLayer | Updating Geometry BVH Cube.177 178/551 | Building mesh BLAS |     188 tris | Cube.177
Fra:1 Mem:221.81M (Peak 290.98M) | Time:00:00.19 | Mem:122.42M, Peak:122.42M | Scene, ViewLayer | Updating Geometry BVH Cube.178 179/551 | Building BVH
Fra:1 Mem:221.81M (Peak 290.98M) | Time:00:00.19 | Mem:122.42M, Peak:122.42M | Scene, ViewLayer | Updating Geometry BVH Cube.179 180/551 | Building BVH
Fra:1 Mem:221.81M (Peak 290.98M) | Time:00:00.19 | Mem:122.42M, Peak:122.42M | Scene, ViewLayer | Updating Geometry BVH Cube.181 182/551 | Building mesh BLAS |     188 tris | Cube.178
Fra:1 Mem:221.81M (Peak 290.98M) | Time:00:00.19 | Mem:122.42M, Peak:122.42M | Scene, ViewLayer | Updating Geometry BVH Cube.181 182/551 | Building mesh BLAS |     188 tris | Cube.179
Fra:1 Mem:221.81M (Peak 290.98M) | Time:00:00.19 | Mem:122.42M, Peak:122.42M | Scene, ViewLayer | Updating Geometry BVH Cube.182 183/551 | Building BVH
Fra:1 Mem:221.81M (Peak 290.98M) | Time:00:00.19 | Mem:122.42M, Peak:122.42M | Scene, ViewLayer | Updating Geometry BVH Cube.183 184/551 | Building BVH
Fra:1 Mem:221.81M (Peak 290.98M) | Time:00:00.19 | Mem:122.42M, Peak:122.42M | Scene, ViewLayer | Updating Geometry BVH Cube.183 184/551 | Building mesh BLAS |     188 tris | Cube.182
Fra:1 Mem:221.81M (Peak 290.98M) | Time:00:00.19 | Mem:122.42M, Peak:122.42M | Scene, ViewLayer | Updating Geometry BVH Cube.183 184/551 | Building mesh BLAS |     188 tris | Cube.181
Fra:1 Mem:221.81M (Peak 290.98M) | Time:00:00.19 | Mem:122.42M, Peak:122.42M | Scene, ViewLayer | Updating Geometry BVH Cube.183 184/551 | Building mesh BLAS |     188 tris | Cube.180
Fra:1 Mem:221.81M (Peak 290.98M) | Time:00:00.19 | Mem:122.42M, Peak:122.42M | Scene, ViewLayer | Updating Geometry BVH Cube.183 184/551 | Building mesh BLAS |     188 tris | Cube.183
Fra:1 Mem:221.81M (Peak 290.98M) | Time:00:00.19 | Mem:122.46M, Peak:122.46M | Scene, ViewLayer | Updating Geometry BVH Cube.184 185/551 | Building BVH
Fra:1 Mem:221.81M (Peak 290.98M) | Time:00:00.19 | Mem:122.46M, Peak:122.46M | Scene, ViewLayer | Updating Geometry BVH Cube.185 186/551 | Building BVH
Fra:1 Mem:221.81M (Peak 290.98M) | Time:00:00.19 | Mem:122.46M, Peak:122.46M | Scene, ViewLayer | Updating Geometry BVH Cube.185 186/551 | Building mesh BLAS |     188 tris | Cube.184
Fra:1 Mem:221.81M (Peak 290.98M) | Time:00:00.19 | Mem:122.46M, Peak:122.46M | Scene, ViewLayer | Updating Geometry BVH Cube.186 187/551 | Building BVH
Fra:1 Mem:221.81M (Peak 290.98M) | Time:00:00.19 | Mem:122.46M, Peak:122.46M | Scene, ViewLayer | Updating Geometry BVH Cube.186 187/551 | Building mesh BLAS |     188 tris | Cube.186
Fra:1 Mem:221.81M (Peak 290.98M) | Time:00:00.19 | Mem:122.46M, Peak:122.46M | Scene, ViewLayer | Updating Geometry BVH Cube.187 188/551 | Building BVH
Fra:1 Mem:221.81M (Peak 290.98M) | Time:00:00.19 | Mem:122.47M, Peak:122.47M | Scene, ViewLayer | Updating Geometry BVH Cube.187 188/551 | Building mesh BLAS |     188 tris | Cube.187
Fra:1 Mem:221.81M (Peak 290.98M) | Time:00:00.19 | Mem:122.48M, Peak:122.48M | Scene, ViewLayer | Updating Geometry BVH Cube.188 189/551 | Building BVH
Fra:1 Mem:221.81M (Peak 290.98M) | Time:00:00.19 | Mem:122.48M, Peak:122.48M | Scene, ViewLayer | Updating Geometry BVH Cube.188 189/551 | Building mesh BLAS |     188 tris | Cube.188
Fra:1 Mem:221.81M (Peak 290.98M) | Time:00:00.19 | Mem:122.48M, Peak:122.48M | Scene, ViewLayer | Updating Geometry BVH Cube.189 190/551 | Building BVH
Fra:1 Mem:221.81M (Peak 290.98M) | Time:00:00.19 | Mem:122.48M, Peak:122.48M | Scene, ViewLayer | Updating Geometry BVH Cube.189 190/551 | Building mesh BLAS |     188 tris | Cube.189
Fra:1 Mem:221.81M (Peak 290.98M) | Time:00:00.19 | Mem:122.48M, Peak:122.48M | Scene, ViewLayer | Updating Geometry BVH Cube.190 191/551 | Building BVH
Fra:1 Mem:221.81M (Peak 290.98M) | Time:00:00.19 | Mem:122.49M, Peak:122.49M | Scene, ViewLayer | Updating Geometry BVH Distant garden arcade voussoir.079 542/551 | Building BVH
Fra:1 Mem:221.81M (Peak 290.98M) | Time:00:00.19 | Mem:122.49M, Peak:122.49M | Scene, ViewLayer | Updating Geometry BVH Cube.192 193/551 | Building BVH
Fra:1 Mem:221.81M (Peak 290.98M) | Time:00:00.19 | Mem:122.49M, Peak:122.49M | Scene, ViewLayer | Updating Geometry BVH Cube.192 193/551 | Building mesh BLAS |     188 tris | Distant garden arcade voussoir.079
Fra:1 Mem:221.81M (Peak 290.98M) | Time:00:00.19 | Mem:122.49M, Peak:122.49M | Scene, ViewLayer | Updating Geometry BVH Cube.192 193/551 | Building mesh BLAS |     188 tris | Cube.192
Fra:1 Mem:221.81M (Peak 290.98M) | Time:00:00.19 | Mem:122.49M, Peak:122.49M | Scene, ViewLayer | Updating Geometry BVH Cube.192 193/551 | Building mesh BLAS |     188 tris | Cube.191
Fra:1 Mem:221.81M (Peak 290.98M) | Time:00:00.19 | Mem:122.49M, Peak:122.49M | Scene, ViewLayer | Updating Geometry BVH Cube.193 194/551 | Building BVH
Fra:1 Mem:221.81M (Peak 290.98M) | Time:00:00.19 | Mem:122.49M, Peak:122.49M | Scene, ViewLayer | Updating Geometry BVH Cube.193 194/551 | Building mesh BLAS |     188 tris | Cube.193
Fra:1 Mem:221.81M (Peak 290.98M) | Time:00:00.19 | Mem:122.51M, Peak:122.51M | Scene, ViewLayer | Updating Geometry BVH Cube.194 195/551 | Building BVH
Fra:1 Mem:221.81M (Peak 290.98M) | Time:00:00.19 | Mem:122.51M, Peak:122.51M | Scene, ViewLayer | Updating Geometry BVH Cube.194 195/551 | Building mesh BLAS |     188 tris | Cube.194
Fra:1 Mem:221.81M (Peak 290.98M) | Time:00:00.19 | Mem:122.52M, Peak:122.52M | Scene, ViewLayer | Updating Geometry BVH Cube.195 196/551 | Building BVH
Fra:1 Mem:221.81M (Peak 290.98M) | Time:00:00.19 | Mem:122.53M, Peak:122.53M | Scene, ViewLayer | Updating Geometry BVH Cube.195 196/551 | Building mesh BLAS |     188 tris | Cube.195
Fra:1 Mem:221.81M (Peak 290.98M) | Time:00:00.19 | Mem:122.54M, Peak:122.54M | Scene, ViewLayer | Updating Geometry BVH Cube.196 197/551 | Building BVH
Fra:1 Mem:221.81M (Peak 290.98M) | Time:00:00.19 | Mem:122.55M, Peak:122.55M | Scene, ViewLayer | Updating Geometry BVH Cube.197 198/551 | Building BVH
Fra:1 Mem:221.81M (Peak 290.98M) | Time:00:00.19 | Mem:122.56M, Peak:122.56M | Scene, ViewLayer | Updating Geometry BVH Cube.199 200/551 | Building BVH
Fra:1 Mem:221.81M (Peak 290.98M) | Time:00:00.19 | Mem:122.57M, Peak:122.57M | Scene, ViewLayer | Updating Geometry BVH Cube.199 200/551 | Building mesh BLAS |     188 tris | Cube.197
Fra:1 Mem:221.81M (Peak 290.98M) | Time:00:00.19 | Mem:122.58M, Peak:122.58M | Scene, ViewLayer | Updating Geometry BVH Cube.200 201/551 | Building BVH
Fra:1 Mem:221.81M (Peak 290.98M) | Time:00:00.19 | Mem:122.58M, Peak:122.58M | Scene, ViewLayer | Updating Geometry BVH Cube.202 203/551 | Building BVH
Fra:1 Mem:221.81M (Peak 290.98M) | Time:00:00.19 | Mem:122.58M, Peak:122.58M | Scene, ViewLayer | Updating Geometry BVH Cube.202 203/551 | Building mesh BLAS |     188 tris | Cube.198
Fra:1 Mem:221.81M (Peak 290.98M) | Time:00:00.19 | Mem:122.58M, Peak:122.58M | Scene, ViewLayer | Updating Geometry BVH Cube.202 203/551 | Building mesh BLAS |     188 tris | Cube.202
Fra:1 Mem:221.81M (Peak 290.98M) | Time:00:00.19 | Mem:122.58M, Peak:122.58M | Scene, ViewLayer | Updating Geometry BVH Cube.203 204/551 | Building BVH
Fra:1 Mem:221.81M (Peak 290.98M) | Time:00:00.19 | Mem:122.58M, Peak:122.58M | Scene, ViewLayer | Updating Geometry BVH Cube.203 204/551 | Building mesh BLAS |     188 tris | Cube.203
Fra:1 Mem:221.81M (Peak 290.98M) | Time:00:00.19 | Mem:122.58M, Peak:122.58M | Scene, ViewLayer | Updating Geometry BVH Cube.203 204/551 | Building mesh BLAS |     188 tris | Cube.201
Fra:1 Mem:221.81M (Peak 290.98M) | Time:00:00.19 | Mem:122.61M, Peak:122.61M | Scene, ViewLayer | Updating Geometry BVH Cube.204 205/551 | Building BVH
Fra:1 Mem:221.81M (Peak 290.98M) | Time:00:00.19 | Mem:122.61M, Peak:122.61M | Scene, ViewLayer | Updating Geometry BVH Cube.204 205/551 | Building mesh BLAS |     188 tris | Cube.204
Fra:1 Mem:221.81M (Peak 290.98M) | Time:00:00.19 | Mem:122.61M, Peak:122.61M | Scene, ViewLayer | Updating Geometry BVH Cube.206 207/551 | Building BVH
Fra:1 Mem:221.81M (Peak 290.98M) | Time:00:00.19 | Mem:122.61M, Peak:122.61M | Scene, ViewLayer | Updating Geometry BVH Cube.206 207/551 | Building mesh BLAS |     188 tris | Cube.206
Fra:1 Mem:221.81M (Peak 290.98M) | Time:00:00.19 | Mem:122.61M, Peak:122.61M | Scene, ViewLayer | Updating Geometry BVH Cube.206 207/551 | Building mesh BLAS |     188 tris | Cube.205
Fra:1 Mem:221.81M (Peak 290.98M) | Time:00:00.19 | Mem:122.62M, Peak:122.62M | Scene, ViewLayer | Updating Geometry BVH Distant garden arcade voussoir.078 541/551 | Building BVH
Fra:1 Mem:221.81M (Peak 290.98M) | Time:00:00.19 | Mem:122.62M, Peak:122.62M | Scene, ViewLayer | Updating Geometry BVH Distant garden arcade voussoir.078 541/551 | Building mesh BLAS |     188 tris | Distant garden arcade voussoir.078
Fra:1 Mem:221.81M (Peak 290.98M) | Time:00:00.19 | Mem:122.62M, Peak:122.62M | Scene, ViewLayer | Updating Geometry BVH Cube.207 208/551 | Building BVH
Fra:1 Mem:221.81M (Peak 290.98M) | Time:00:00.19 | Mem:122.62M, Peak:122.62M | Scene, ViewLayer | Updating Geometry BVH Cube.207 208/551 | Building mesh BLAS |     188 tris | Cube.207
Fra:1 Mem:221.81M (Peak 290.98M) | Time:00:00.19 | Mem:122.63M, Peak:122.63M | Scene, ViewLayer | Updating Geometry BVH Cube.208 209/551 | Building BVH
Fra:1 Mem:221.81M (Peak 290.98M) | Time:00:00.19 | Mem:122.63M, Peak:122.63M | Scene, ViewLayer | Updating Geometry BVH Cube.209 210/551 | Building BVH
Fra:1 Mem:221.81M (Peak 290.98M) | Time:00:00.19 | Mem:122.63M, Peak:122.63M | Scene, ViewLayer | Updating Geometry BVH Cube.209 210/551 | Building mesh BLAS |     188 tris | Cube.208
Fra:1 Mem:221.81M (Peak 290.98M) | Time:00:00.19 | Mem:122.63M, Peak:122.63M | Scene, ViewLayer | Updating Geometry BVH Cube.210 211/551 | Building mesh BLAS |     188 tris | Cube.209
Fra:1 Mem:221.81M (Peak 290.98M) | Time:00:00.19 | Mem:122.63M, Peak:122.63M | Scene, ViewLayer | Updating Geometry BVH Cube.210 211/551 | Building mesh BLAS |     188 tris | Cube.210
Fra:1 Mem:221.81M (Peak 290.98M) | Time:00:00.19 | Mem:122.66M, Peak:122.66M | Scene, ViewLayer | Updating Geometry BVH Cube.211 212/551 | Building BVH
Fra:1 Mem:221.81M (Peak 290.98M) | Time:00:00.19 | Mem:122.66M, Peak:122.66M | Scene, ViewLayer | Updating Geometry BVH Cube.211 212/551 | Building mesh BLAS |     188 tris | Cube.211
Fra:1 Mem:221.81M (Peak 290.98M) | Time:00:00.19 | Mem:122.66M, Peak:122.66M | Scene, ViewLayer | Updating Geometry BVH Cube.212 213/551 | Building BVH
Fra:1 Mem:221.81M (Peak 290.98M) | Time:00:00.19 | Mem:122.66M, Peak:122.66M | Scene, ViewLayer | Updating Geometry BVH Cube.212 213/551 | Building mesh BLAS |     188 tris | Cube.212
Fra:1 Mem:221.81M (Peak 290.98M) | Time:00:00.19 | Mem:122.67M, Peak:122.67M | Scene, ViewLayer | Updating Geometry BVH Cube.213 214/551 | Building BVH
Fra:1 Mem:221.81M (Peak 290.98M) | Time:00:00.19 | Mem:122.67M, Peak:122.67M | Scene, ViewLayer | Updating Geometry BVH Cube.213 214/551 | Building mesh BLAS |     188 tris | Cube.213
Fra:1 Mem:221.81M (Peak 290.98M) | Time:00:00.19 | Mem:122.67M, Peak:122.67M | Scene, ViewLayer | Updating Geometry BVH Cube.214 215/551 | Building BVH
Fra:1 Mem:221.81M (Peak 290.98M) | Time:00:00.19 | Mem:122.67M, Peak:122.67M | Scene, ViewLayer | Updating Geometry BVH Cube.214 215/551 | Building mesh BLAS |     188 tris | Cube.214
Fra:1 Mem:221.81M (Peak 290.98M) | Time:00:00.19 | Mem:122.67M, Peak:122.67M | Scene, ViewLayer | Updating Geometry BVH Cube.215 216/551 | Building BVH
Fra:1 Mem:221.81M (Peak 290.98M) | Time:00:00.19 | Mem:122.67M, Peak:122.67M | Scene, ViewLayer | Updating Geometry BVH Cube.215 216/551 | Building mesh BLAS |     188 tris | Cube.215
Fra:1 Mem:221.81M (Peak 290.98M) | Time:00:00.19 | Mem:122.67M, Peak:122.67M | Scene, ViewLayer | Updating Geometry BVH Cube.216 217/551 | Building BVH
Fra:1 Mem:221.81M (Peak 290.98M) | Time:00:00.19 | Mem:122.69M, Peak:122.69M | Scene, ViewLayer | Updating Geometry BVH Cube.216 217/551 | Building mesh BLAS |     188 tris | Cube.216
Fra:1 Mem:221.81M (Peak 290.98M) | Time:00:00.19 | Mem:122.69M, Peak:122.69M | Scene, ViewLayer | Updating Geometry BVH Cube.217 218/551 | Building BVH
Fra:1 Mem:221.81M (Peak 290.98M) | Time:00:00.19 | Mem:122.70M, Peak:122.70M | Scene, ViewLayer | Updating Geometry BVH Cube.218 219/551 | Building BVH
Fra:1 Mem:221.81M (Peak 290.98M) | Time:00:00.19 | Mem:122.70M, Peak:122.70M | Scene, ViewLayer | Updating Geometry BVH Cube.219 220/551 | Building mesh BLAS |     188 tris | Cube.218
Fra:1 Mem:221.81M (Peak 290.98M) | Time:00:00.19 | Mem:122.70M, Peak:122.70M | Scene, ViewLayer | Updating Geometry BVH Cube.219 220/551 | Building mesh BLAS |     188 tris | Cube.219
Fra:1 Mem:221.81M (Peak 290.98M) | Time:00:00.19 | Mem:122.70M, Peak:122.70M | Scene, ViewLayer | Updating Geometry BVH Cube.220 221/551 | Building BVH
Fra:1 Mem:221.81M (Peak 290.98M) | Time:00:00.19 | Mem:122.70M, Peak:122.70M | Scene, ViewLayer | Updating Geometry BVH Cube.220 221/551 | Building mesh BLAS |     188 tris | Cube.220
Fra:1 Mem:221.81M (Peak 290.98M) | Time:00:00.19 | Mem:122.70M, Peak:122.70M | Scene, ViewLayer | Updating Geometry BVH Cube.221 222/551 | Building BVH
Fra:1 Mem:221.81M (Peak 290.98M) | Time:00:00.19 | Mem:122.70M, Peak:122.70M | Scene, ViewLayer | Updating Geometry BVH Cube.221 222/551 | Building mesh BLAS |     188 tris | Cube.221
Fra:1 Mem:221.81M (Peak 290.98M) | Time:00:00.19 | Mem:122.73M, Peak:122.73M | Scene, ViewLayer | Updating Geometry BVH Cube.222 223/551 | Building BVH
Fra:1 Mem:221.81M (Peak 290.98M) | Time:00:00.19 | Mem:122.73M, Peak:122.73M | Scene, ViewLayer | Updating Geometry BVH Cube.223 224/551 | Building BVH
Fra:1 Mem:221.81M (Peak 290.98M) | Time:00:00.19 | Mem:122.73M, Peak:122.73M | Scene, ViewLayer | Updating Geometry BVH Cube.223 224/551 | Building mesh BLAS |     188 tris | Cube.222
Fra:1 Mem:221.81M (Peak 290.98M) | Time:00:00.19 | Mem:122.73M, Peak:122.73M | Scene, ViewLayer | Updating Geometry BVH Cube.223 224/551 | Building mesh BLAS |     188 tris | Cube.223
Fra:1 Mem:221.81M (Peak 290.98M) | Time:00:00.19 | Mem:122.73M, Peak:122.73M | Scene, ViewLayer | Updating Geometry BVH Distant garden arcade voussoir.077 540/551 | Building BVH
Fra:1 Mem:221.81M (Peak 290.98M) | Time:00:00.19 | Mem:122.73M, Peak:122.73M | Scene, ViewLayer | Updating Geometry BVH Cube.224 225/551 | Building BVH
Fra:1 Mem:221.81M (Peak 290.98M) | Time:00:00.19 | Mem:122.73M, Peak:122.73M | Scene, ViewLayer | Updating Geometry BVH Cube.224 225/551 | Building mesh BLAS |     188 tris | Distant garden arcade voussoir.077
Fra:1 Mem:221.81M (Peak 290.98M) | Time:00:00.19 | Mem:122.73M, Peak:122.73M | Scene, ViewLayer | Updating Geometry BVH Cube.224 225/551 | Building mesh BLAS |     188 tris | Cube.224
Fra:1 Mem:221.81M (Peak 290.98M) | Time:00:00.20 | Mem:122.74M, Peak:122.74M | Scene, ViewLayer | Updating Geometry BVH Cube.225 226/551 | Building BVH
Fra:1 Mem:221.81M (Peak 290.98M) | Time:00:00.20 | Mem:122.74M, Peak:122.74M | Scene, ViewLayer | Updating Geometry BVH Cube.225 226/551 | Building mesh BLAS |     188 tris | Cube.225
Fra:1 Mem:221.81M (Peak 290.98M) | Time:00:00.20 | Mem:122.74M, Peak:122.74M | Scene, ViewLayer | Updating Geometry BVH Cube.226 227/551 | Building BVH
Fra:1 Mem:221.81M (Peak 290.98M) | Time:00:00.20 | Mem:122.74M, Peak:122.74M | Scene, ViewLayer | Updating Geometry BVH Cube.226 227/551 | Building mesh BLAS |     188 tris | Cube.226
Fra:1 Mem:221.81M (Peak 290.98M) | Time:00:00.20 | Mem:122.76M, Peak:122.76M | Scene, ViewLayer | Updating Geometry BVH Cube.227 228/551 | Building BVH
Fra:1 Mem:221.81M (Peak 290.98M) | Time:00:00.20 | Mem:122.76M, Peak:122.76M | Scene, ViewLayer | Updating Geometry BVH Cube.227 228/551 | Building mesh BLAS |     188 tris | Cube.227
Fra:1 Mem:221.81M (Peak 290.98M) | Time:00:00.20 | Mem:122.77M, Peak:122.77M | Scene, ViewLayer | Updating Geometry BVH Cube.228 229/551 | Building BVH
Fra:1 Mem:221.81M (Peak 290.98M) | Time:00:00.20 | Mem:122.77M, Peak:122.77M | Scene, ViewLayer | Updating Geometry BVH Cube.229 230/551 | Building BVH
Fra:1 Mem:221.81M (Peak 290.98M) | Time:00:00.20 | Mem:122.77M, Peak:122.77M | Scene, ViewLayer | Updating Geometry BVH Cube.229 230/551 | Building mesh BLAS |     188 tris | Cube.228
Fra:1 Mem:221.81M (Peak 290.98M) | Time:00:00.20 | Mem:122.77M, Peak:122.77M | Scene, ViewLayer | Updating Geometry BVH Cube.229 230/551 | Building mesh BLAS |     188 tris | Cube.229
Fra:1 Mem:221.81M (Peak 290.98M) | Time:00:00.20 | Mem:122.79M, Peak:122.79M | Scene, ViewLayer | Updating Geometry BVH Cube.230 231/551 | Building BVH
Fra:1 Mem:221.81M (Peak 290.98M) | Time:00:00.20 | Mem:122.79M, Peak:122.79M | Scene, ViewLayer | Updating Geometry BVH Cube.230 231/551 | Building mesh BLAS |     188 tris | Cube.230
Fra:1 Mem:221.81M (Peak 290.98M) | Time:00:00.20 | Mem:122.79M, Peak:122.79M | Scene, ViewLayer | Updating Geometry BVH Cube.231 232/551 | Building BVH
Fra:1 Mem:221.81M (Peak 290.98M) | Time:00:00.20 | Mem:122.79M, Peak:122.79M | Scene, ViewLayer | Updating Geometry BVH Cube.231 232/551 | Building mesh BLAS |     188 tris | Cube.231
Fra:1 Mem:221.81M (Peak 290.98M) | Time:00:00.20 | Mem:122.81M, Peak:122.81M | Scene, ViewLayer | Updating Geometry BVH Cube.232 233/551 | Building BVH
Fra:1 Mem:221.81M (Peak 290.98M) | Time:00:00.20 | Mem:122.81M, Peak:122.81M | Scene, ViewLayer | Updating Geometry BVH Cube.232 233/551 | Building mesh BLAS |     188 tris | Cube.232
Fra:1 Mem:221.81M (Peak 290.98M) | Time:00:00.20 | Mem:122.81M, Peak:122.81M | Scene, ViewLayer | Updating Geometry BVH Cube.233 234/551 | Building BVH
Fra:1 Mem:221.81M (Peak 290.98M) | Time:00:00.20 | Mem:122.81M, Peak:122.81M | Scene, ViewLayer | Updating Geometry BVH Cube.233 234/551 | Building mesh BLAS |     188 tris | Cube.233
Fra:1 Mem:221.81M (Peak 290.98M) | Time:00:00.20 | Mem:122.82M, Peak:122.82M | Scene, ViewLayer | Updating Geometry BVH Cube.234 235/551 | Building BVH
Fra:1 Mem:221.81M (Peak 290.98M) | Time:00:00.20 | Mem:122.84M, Peak:122.84M | Scene, ViewLayer | Updating Geometry BVH Cube.236 237/551 | Building BVH
Fra:1 Mem:221.81M (Peak 290.98M) | Time:00:00.20 | Mem:122.86M, Peak:122.86M | Scene, ViewLayer | Updating Geometry BVH Cube.236 237/551 | Building mesh BLAS |     188 tris | Cube.236
Fra:1 Mem:221.81M (Peak 290.98M) | Time:00:00.20 | Mem:122.86M, Peak:122.86M | Scene, ViewLayer | Updating Geometry BVH Cube.237 238/551 | Building BVH
Fra:1 Mem:221.81M (Peak 290.98M) | Time:00:00.20 | Mem:122.86M, Peak:122.86M | Scene, ViewLayer | Updating Geometry BVH Cube.238 239/551 | Building BVH
Fra:1 Mem:221.81M (Peak 290.98M) | Time:00:00.20 | Mem:122.86M, Peak:122.86M | Scene, ViewLayer | Updating Geometry BVH Cube.238 239/551 | Building mesh BLAS |     188 tris | Cube.235
Fra:1 Mem:221.81M (Peak 290.98M) | Time:00:00.20 | Mem:122.86M, Peak:122.86M | Scene, ViewLayer | Updating Geometry BVH Cube.238 239/551 | Building mesh BLAS |     188 tris | Cube.238
Fra:1 Mem:221.81M (Peak 290.98M) | Time:00:00.20 | Mem:122.86M, Peak:122.86M | Scene, ViewLayer | Updating Geometry BVH Cube.238 239/551 | Building mesh BLAS |     188 tris | Cube.237
Fra:1 Mem:221.81M (Peak 290.98M) | Time:00:00.20 | Mem:122.86M, Peak:122.86M | Scene, ViewLayer | Updating Geometry BVH Cube.239 240/551 | Building BVH
Fra:1 Mem:221.81M (Peak 290.98M) | Time:00:00.20 | Mem:122.86M, Peak:122.86M | Scene, ViewLayer | Updating Geometry BVH Cube.239 240/551 | Building mesh BLAS |     188 tris | Cube.239
Fra:1 Mem:221.81M (Peak 290.98M) | Time:00:00.20 | Mem:122.88M, Peak:122.88M | Scene, ViewLayer | Updating Geometry BVH Cube.240 241/551 | Building BVH
Fra:1 Mem:221.81M (Peak 290.98M) | Time:00:00.20 | Mem:122.89M, Peak:122.89M | Scene, ViewLayer | Updating Geometry BVH Cube.240 241/551 | Building mesh BLAS |     188 tris | Cube.240
Fra:1 Mem:221.81M (Peak 290.98M) | Time:00:00.20 | Mem:122.89M, Peak:122.89M | Scene, ViewLayer | Updating Geometry BVH Distant garden arcade voussoir.076 539/551 | Building BVH
Fra:1 Mem:221.81M (Peak 290.98M) | Time:00:00.20 | Mem:122.90M, Peak:122.90M | Scene, ViewLayer | Updating Geometry BVH Cube.241 242/551 | Building BVH
Fra:1 Mem:221.81M (Peak 290.98M) | Time:00:00.20 | Mem:122.92M, Peak:122.92M | Scene, ViewLayer | Updating Geometry BVH Cube.241 242/551 | Building mesh BLAS |     188 tris | Cube.241
Fra:1 Mem:221.81M (Peak 290.98M) | Time:00:00.20 | Mem:122.92M, Peak:122.92M | Scene, ViewLayer | Updating Geometry BVH Cube.242 243/551 | Building BVH
Fra:1 Mem:221.81M (Peak 290.98M) | Time:00:00.20 | Mem:122.92M, Peak:122.92M | Scene, ViewLayer | Updating Geometry BVH Cube.242 243/551 | Building mesh BLAS |     188 tris | Cube.242
Fra:1 Mem:221.81M (Peak 290.98M) | Time:00:00.20 | Mem:122.92M, Peak:122.92M | Scene, ViewLayer | Updating Geometry BVH Cube.243 244/551 | Building BVH
Fra:1 Mem:221.81M (Peak 290.98M) | Time:00:00.20 | Mem:122.93M, Peak:122.93M | Scene, ViewLayer | Updating Geometry BVH Cube.243 244/551 | Building mesh BLAS |     188 tris | Cube.243
Fra:1 Mem:221.81M (Peak 290.98M) | Time:00:00.20 | Mem:122.93M, Peak:122.93M | Scene, ViewLayer | Updating Geometry BVH Cube.244 245/551 | Building BVH
Fra:1 Mem:221.81M (Peak 290.98M) | Time:00:00.20 | Mem:122.93M, Peak:122.93M | Scene, ViewLayer | Updating Geometry BVH Cube.244 245/551 | Building mesh BLAS |     188 tris | Cube.244
Fra:1 Mem:221.81M (Peak 290.98M) | Time:00:00.20 | Mem:122.93M, Peak:122.93M | Scene, ViewLayer | Updating Geometry BVH Cube.245 246/551 | Building BVH
Fra:1 Mem:221.81M (Peak 290.98M) | Time:00:00.20 | Mem:122.93M, Peak:122.93M | Scene, ViewLayer | Updating Geometry BVH Cube.245 246/551 | Building mesh BLAS |     188 tris | Cube.245
Fra:1 Mem:221.81M (Peak 290.98M) | Time:00:00.20 | Mem:122.93M, Peak:122.93M | Scene, ViewLayer | Updating Geometry BVH Cube.246 247/551 | Building BVH
Fra:1 Mem:221.81M (Peak 290.98M) | Time:00:00.20 | Mem:122.93M, Peak:122.93M | Scene, ViewLayer | Updating Geometry BVH Cube.246 247/551 | Building mesh BLAS |     188 tris | Cube.246
Fra:1 Mem:221.81M (Peak 290.98M) | Time:00:00.20 | Mem:122.95M, Peak:122.95M | Scene, ViewLayer | Updating Geometry BVH Cube.247 248/551 | Building BVH
Fra:1 Mem:221.81M (Peak 290.98M) | Time:00:00.20 | Mem:122.95M, Peak:122.95M | Scene, ViewLayer | Updating Geometry BVH Cube.247 248/551 | Building mesh BLAS |     188 tris | Cube.247
Fra:1 Mem:221.81M (Peak 290.98M) | Time:00:00.20 | Mem:122.98M, Peak:122.98M | Scene, ViewLayer | Updating Geometry BVH Cube.248 249/551 | Building BVH
Fra:1 Mem:221.81M (Peak 290.98M) | Time:00:00.20 | Mem:122.99M, Peak:122.99M | Scene, ViewLayer | Updating Geometry BVH Cube.249 250/551 | Building BVH
Fra:1 Mem:221.81M (Peak 290.98M) | Time:00:00.20 | Mem:122.99M, Peak:122.99M | Scene, ViewLayer | Updating Geometry BVH Cube.249 250/551 | Building mesh BLAS |     188 tris | Cube.249
Fra:1 Mem:221.81M (Peak 290.98M) | Time:00:00.20 | Mem:122.99M, Peak:122.99M | Scene, ViewLayer | Updating Geometry BVH Cube.250 251/551 | Building BVH
Fra:1 Mem:221.81M (Peak 290.98M) | Time:00:00.20 | Mem:122.99M, Peak:122.99M | Scene, ViewLayer | Updating Geometry BVH Cube.250 251/551 | Building mesh BLAS |     188 tris | Cube.250
Fra:1 Mem:221.81M (Peak 290.98M) | Time:00:00.20 | Mem:123.01M, Peak:123.01M | Scene, ViewLayer | Updating Geometry BVH Cube.251 252/551 | Building BVH
Fra:1 Mem:221.81M (Peak 290.98M) | Time:00:00.20 | Mem:123.01M, Peak:123.01M | Scene, ViewLayer | Updating Geometry BVH Cube.251 252/551 | Building mesh BLAS |     188 tris | Cube.251
Fra:1 Mem:221.81M (Peak 290.98M) | Time:00:00.20 | Mem:123.02M, Peak:123.02M | Scene, ViewLayer | Updating Geometry BVH Cube.252 253/551 | Building BVH
Fra:1 Mem:221.81M (Peak 290.98M) | Time:00:00.20 | Mem:123.03M, Peak:123.03M | Scene, ViewLayer | Updating Geometry BVH Cube.253 254/551 | Building BVH
Fra:1 Mem:221.81M (Peak 290.98M) | Time:00:00.20 | Mem:123.04M, Peak:123.04M | Scene, ViewLayer | Updating Geometry BVH Cube.254 255/551 | Building BVH
Fra:1 Mem:221.81M (Peak 290.98M) | Time:00:00.20 | Mem:123.04M, Peak:123.04M | Scene, ViewLayer | Updating Geometry BVH Cube.254 255/551 | Building mesh BLAS |     188 tris | Cube.253
Fra:1 Mem:221.81M (Peak 290.98M) | Time:00:00.20 | Mem:123.04M, Peak:123.04M | Scene, ViewLayer | Updating Geometry BVH Cube.254 255/551 | Building mesh BLAS |     188 tris | Cube.254
Fra:1 Mem:221.81M (Peak 290.98M) | Time:00:00.20 | Mem:123.04M, Peak:123.04M | Scene, ViewLayer | Updating Geometry BVH Cube.255 256/551 | Building BVH
Fra:1 Mem:221.81M (Peak 290.98M) | Time:00:00.20 | Mem:123.04M, Peak:123.04M | Scene, ViewLayer | Updating Geometry BVH Cube.255 256/551 | Building mesh BLAS |     188 tris | Cube.255
Fra:1 Mem:221.81M (Peak 290.98M) | Time:00:00.20 | Mem:123.06M, Peak:123.06M | Scene, ViewLayer | Updating Geometry BVH Cube.256 257/551 | Building BVH
Fra:1 Mem:221.81M (Peak 290.98M) | Time:00:00.20 | Mem:123.07M, Peak:123.07M | Scene, ViewLayer | Updating Geometry BVH Cube.256 257/551 | Building mesh BLAS |     188 tris | Cube.256
Fra:1 Mem:221.81M (Peak 290.98M) | Time:00:00.20 | Mem:123.09M, Peak:123.09M | Scene, ViewLayer | Updating Geometry BVH Cube.257 258/551 | Building BVH
Fra:1 Mem:221.81M (Peak 290.98M) | Time:00:00.20 | Mem:123.09M, Peak:123.09M | Scene, ViewLayer | Updating Geometry BVH Distant garden arcade voussoir.075 538/551 | Building BVH
Fra:1 Mem:221.81M (Peak 290.98M) | Time:00:00.20 | Mem:123.09M, Peak:123.09M | Scene, ViewLayer | Updating Geometry BVH Cube.258 259/551 | Building mesh BLAS |     188 tris | Cube.257
Fra:1 Mem:221.81M (Peak 290.98M) | Time:00:00.20 | Mem:123.09M, Peak:123.09M | Scene, ViewLayer | Updating Geometry BVH Cube.258 259/551 | Building mesh BLAS |     188 tris | Distant garden arcade voussoir.075
Fra:1 Mem:221.81M (Peak 290.98M) | Time:00:00.20 | Mem:123.09M, Peak:123.09M | Scene, ViewLayer | Updating Geometry BVH Cube.259 260/551 | Building BVH
Fra:1 Mem:221.81M (Peak 290.98M) | Time:00:00.20 | Mem:123.09M, Peak:123.09M | Scene, ViewLayer | Updating Geometry BVH Cube.259 260/551 | Building mesh BLAS |     188 tris | Cube.259
Fra:1 Mem:221.81M (Peak 290.98M) | Time:00:00.20 | Mem:123.12M, Peak:123.12M | Scene, ViewLayer | Updating Geometry BVH Cube.260 261/551 | Building BVH
Fra:1 Mem:221.81M (Peak 290.98M) | Time:00:00.20 | Mem:123.12M, Peak:123.12M | Scene, ViewLayer | Updating Geometry BVH Cube.260 261/551 | Building mesh BLAS |     188 tris | Cube.260
Fra:1 Mem:221.81M (Peak 290.98M) | Time:00:00.20 | Mem:123.12M, Peak:123.12M | Scene, ViewLayer | Updating Geometry BVH Cube.261 262/551 | Building BVH
Fra:1 Mem:221.81M (Peak 290.98M) | Time:00:00.20 | Mem:123.14M, Peak:123.14M | Scene, ViewLayer | Updating Geometry BVH Cube.261 262/551 | Building mesh BLAS |     188 tris | Cube.261
Fra:1 Mem:221.81M (Peak 290.98M) | Time:00:00.20 | Mem:123.14M, Peak:123.14M | Scene, ViewLayer | Updating Geometry BVH Cube.262 263/551 | Building BVH
Fra:1 Mem:221.81M (Peak 290.98M) | Time:00:00.20 | Mem:123.14M, Peak:123.14M | Scene, ViewLayer | Updating Geometry BVH Cube.263 264/551 | Building mesh BLAS |     188 tris | Cube.262
Fra:1 Mem:221.81M (Peak 290.98M) | Time:00:00.20 | Mem:123.14M, Peak:123.14M | Scene, ViewLayer | Updating Geometry BVH Cube.263 264/551 | Building mesh BLAS |     188 tris | Cube.263
Fra:1 Mem:221.81M (Peak 290.98M) | Time:00:00.20 | Mem:123.17M, Peak:123.17M | Scene, ViewLayer | Updating Geometry BVH Cube.264 265/551 | Building BVH
Fra:1 Mem:221.81M (Peak 290.98M) | Time:00:00.20 | Mem:123.17M, Peak:123.17M | Scene, ViewLayer | Updating Geometry BVH Cube.264 265/551 | Building mesh BLAS |     188 tris | Cube.264
Fra:1 Mem:221.81M (Peak 290.98M) | Time:00:00.20 | Mem:123.19M, Peak:123.19M | Scene, ViewLayer | Updating Geometry BVH Cube.265 266/551 | Building BVH
Fra:1 Mem:221.81M (Peak 290.98M) | Time:00:00.20 | Mem:123.20M, Peak:123.20M | Scene, ViewLayer | Updating Geometry BVH Cube.265 266/551 | Building mesh BLAS |     188 tris | Cube.265
Fra:1 Mem:221.81M (Peak 290.98M) | Time:00:00.20 | Mem:123.20M, Peak:123.20M | Scene, ViewLayer | Updating Geometry BVH Cube.266 267/551 | Building BVH
Fra:1 Mem:221.82M (Peak 290.98M) | Time:00:00.20 | Mem:123.20M, Peak:123.20M | Scene, ViewLayer | Updating Geometry BVH Cube.267 268/551 | Building BVH
Fra:1 Mem:221.82M (Peak 290.98M) | Time:00:00.20 | Mem:123.20M, Peak:123.20M | Scene, ViewLayer | Updating Geometry BVH Cube.267 268/551 | Building mesh BLAS |     188 tris | Cube.266
Fra:1 Mem:221.82M (Peak 290.98M) | Time:00:00.20 | Mem:123.20M, Peak:123.20M | Scene, ViewLayer | Updating Geometry BVH Cube.267 268/551 | Building mesh BLAS |     188 tris | Cube.267
Fra:1 Mem:221.82M (Peak 290.98M) | Time:00:00.20 | Mem:123.22M, Peak:123.22M | Scene, ViewLayer | Updating Geometry BVH Cube.268 269/551 | Building BVH
Fra:1 Mem:221.82M (Peak 290.98M) | Time:00:00.20 | Mem:123.22M, Peak:123.22M | Scene, ViewLayer | Updating Geometry BVH Cube.268 269/551 | Building mesh BLAS |     188 tris | Cube.268
Fra:1 Mem:221.82M (Peak 290.98M) | Time:00:00.20 | Mem:123.23M, Peak:123.23M | Scene, ViewLayer | Updating Geometry BVH Cube.269 270/551 | Building BVH
Fra:1 Mem:221.82M (Peak 290.98M) | Time:00:00.20 | Mem:123.24M, Peak:123.24M | Scene, ViewLayer | Updating Geometry BVH Cube.270 271/551 | Building BVH
Fra:1 Mem:221.82M (Peak 290.98M) | Time:00:00.20 | Mem:123.25M, Peak:123.25M | Scene, ViewLayer | Updating Geometry BVH Cube.271 272/551 | Building BVH
Fra:1 Mem:221.82M (Peak 290.98M) | Time:00:00.20 | Mem:123.25M, Peak:123.25M | Scene, ViewLayer | Updating Geometry BVH Cube.271 272/551 | Building mesh BLAS |     188 tris | Cube.270
Fra:1 Mem:221.82M (Peak 290.98M) | Time:00:00.20 | Mem:123.25M, Peak:123.25M | Scene, ViewLayer | Updating Geometry BVH Cube.272 273/551 | Building mesh BLAS |     188 tris | Cube.271
Fra:1 Mem:221.82M (Peak 290.98M) | Time:00:00.20 | Mem:123.27M, Peak:123.27M | Scene, ViewLayer | Updating Geometry BVH Cube.272 273/551 | Building mesh BLAS |     188 tris | Cube.272
Fra:1 Mem:221.82M (Peak 290.98M) | Time:00:00.20 | Mem:123.28M, Peak:123.28M | Scene, ViewLayer | Updating Geometry BVH Cube.274 275/551 | Building BVH
Fra:1 Mem:221.82M (Peak 290.98M) | Time:00:00.20 | Mem:123.28M, Peak:123.28M | Scene, ViewLayer | Updating Geometry BVH Distant garden arcade voussoir.074 537/551 | Building BVH
Fra:1 Mem:221.82M (Peak 290.98M) | Time:00:00.20 | Mem:123.28M, Peak:123.28M | Scene, ViewLayer | Updating Geometry BVH Distant garden arcade voussoir.074 537/551 | Building mesh BLAS |     188 tris | Cube.274
Fra:1 Mem:221.82M (Peak 290.98M) | Time:00:00.20 | Mem:123.28M, Peak:123.28M | Scene, ViewLayer | Updating Geometry BVH Distant garden arcade voussoir.074 537/551 | Building mesh BLAS |     188 tris | Distant garden arcade voussoir.074
Fra:1 Mem:221.82M (Peak 290.98M) | Time:00:00.20 | Mem:123.28M, Peak:123.28M | Scene, ViewLayer | Updating Geometry BVH Cube.275 276/551 | Building mesh BLAS |     188 tris | Cube.273
Fra:1 Mem:221.82M (Peak 290.98M) | Time:00:00.20 | Mem:123.28M, Peak:123.28M | Scene, ViewLayer | Updating Geometry BVH Cube.275 276/551 | Building mesh BLAS |     188 tris | Cube.275
Fra:1 Mem:221.82M (Peak 290.98M) | Time:00:00.20 | Mem:123.31M, Peak:123.31M | Scene, ViewLayer | Updating Geometry BVH Cube.276 277/551 | Building BVH
Fra:1 Mem:221.82M (Peak 290.98M) | Time:00:00.20 | Mem:123.31M, Peak:123.31M | Scene, ViewLayer | Updating Geometry BVH Cube.276 277/551 | Building mesh BLAS |     188 tris | Cube.276
Fra:1 Mem:221.82M (Peak 290.98M) | Time:00:00.20 | Mem:123.33M, Peak:123.33M | Scene, ViewLayer | Updating Geometry BVH Cube.277 278/551 | Building BVH
Fra:1 Mem:221.82M (Peak 290.98M) | Time:00:00.20 | Mem:123.34M, Peak:123.34M | Scene, ViewLayer | Updating Geometry BVH Cube.277 278/551 | Building mesh BLAS |     188 tris | Cube.277
Fra:1 Mem:221.82M (Peak 290.98M) | Time:00:00.20 | Mem:123.35M, Peak:123.35M | Scene, ViewLayer | Updating Geometry BVH Cube.278 279/551 | Building BVH
Fra:1 Mem:221.82M (Peak 290.98M) | Time:00:00.20 | Mem:123.35M, Peak:123.35M | Scene, ViewLayer | Updating Geometry BVH Cube.279 280/551 | Building BVH
Fra:1 Mem:221.82M (Peak 290.98M) | Time:00:00.20 | Mem:123.35M, Peak:123.35M | Scene, ViewLayer | Updating Geometry BVH Cube.279 280/551 | Building mesh BLAS |     188 tris | Cube.278
Fra:1 Mem:221.82M (Peak 290.98M) | Time:00:00.20 | Mem:123.35M, Peak:123.35M | Scene, ViewLayer | Updating Geometry BVH Cube.279 280/551 | Building mesh BLAS |     188 tris | Cube.279
Fra:1 Mem:221.82M (Peak 290.98M) | Time:00:00.20 | Mem:123.35M, Peak:123.35M | Scene, ViewLayer | Updating Geometry BVH Cube.280 281/551 | Building BVH
Fra:1 Mem:221.82M (Peak 290.98M) | Time:00:00.20 | Mem:123.35M, Peak:123.35M | Scene, ViewLayer | Updating Geometry BVH Cube.280 281/551 | Building mesh BLAS |     188 tris | Cube.280
Fra:1 Mem:221.82M (Peak 290.98M) | Time:00:00.20 | Mem:123.35M, Peak:123.35M | Scene, ViewLayer | Updating Geometry BVH Cube.281 282/551 | Building BVH
Fra:1 Mem:221.82M (Peak 290.98M) | Time:00:00.20 | Mem:123.37M, Peak:123.37M | Scene, ViewLayer | Updating Geometry BVH Cube.281 282/551 | Building mesh BLAS |     188 tris | Cube.281
Fra:1 Mem:221.82M (Peak 290.98M) | Time:00:00.20 | Mem:123.38M, Peak:123.38M | Scene, ViewLayer | Updating Geometry BVH Cube.282 283/551 | Building BVH
Fra:1 Mem:221.82M (Peak 290.98M) | Time:00:00.20 | Mem:123.38M, Peak:123.38M | Scene, ViewLayer | Updating Geometry BVH Cube.283 284/551 | Building BVH
Fra:1 Mem:221.82M (Peak 290.98M) | Time:00:00.20 | Mem:123.38M, Peak:123.38M | Scene, ViewLayer | Updating Geometry BVH Cube.284 285/551 | Building mesh BLAS |     188 tris | Cube.282
Fra:1 Mem:221.82M (Peak 290.98M) | Time:00:00.20 | Mem:123.38M, Peak:123.38M | Scene, ViewLayer | Updating Geometry BVH Cube.284 285/551 | Building mesh BLAS |     188 tris | Cube.283
Fra:1 Mem:221.82M (Peak 290.98M) | Time:00:00.20 | Mem:123.38M, Peak:123.38M | Scene, ViewLayer | Updating Geometry BVH Cube.284 285/551 | Building mesh BLAS |     188 tris | Cube.284
Fra:1 Mem:221.82M (Peak 290.98M) | Time:00:00.20 | Mem:123.41M, Peak:123.41M | Scene, ViewLayer | Updating Geometry BVH Cube.285 286/551 | Building BVH
Fra:1 Mem:221.82M (Peak 290.98M) | Time:00:00.20 | Mem:123.41M, Peak:123.41M | Scene, ViewLayer | Updating Geometry BVH Cube.285 286/551 | Building mesh BLAS |     188 tris | Cube.285
Fra:1 Mem:221.82M (Peak 290.98M) | Time:00:00.20 | Mem:123.42M, Peak:123.42M | Scene, ViewLayer | Updating Geometry BVH Cube.286 287/551 | Building BVH
Fra:1 Mem:221.82M (Peak 290.98M) | Time:00:00.20 | Mem:123.43M, Peak:123.43M | Scene, ViewLayer | Updating Geometry BVH Cube.286 287/551 | Building mesh BLAS |     188 tris | Cube.286
Fra:1 Mem:221.82M (Peak 290.98M) | Time:00:00.20 | Mem:123.44M, Peak:123.44M | Scene, ViewLayer | Updating Geometry BVH Cube.287 288/551 | Building BVH
Fra:1 Mem:221.82M (Peak 290.98M) | Time:00:00.20 | Mem:123.45M, Peak:123.45M | Scene, ViewLayer | Updating Geometry BVH Cube.287 288/551 | Building mesh BLAS |     188 tris | Cube.287
Fra:1 Mem:221.82M (Peak 290.98M) | Time:00:00.20 | Mem:123.45M, Peak:123.45M | Scene, ViewLayer | Updating Geometry BVH Cube.288 289/551 | Building BVH
Fra:1 Mem:221.82M (Peak 290.98M) | Time:00:00.20 | Mem:123.45M, Peak:123.45M | Scene, ViewLayer | Updating Geometry BVH Cube.289 290/551 | Building BVH
Fra:1 Mem:221.82M (Peak 290.98M) | Time:00:00.20 | Mem:123.45M, Peak:123.45M | Scene, ViewLayer | Updating Geometry BVH Cube.290 291/551 | Building BVH
Fra:1 Mem:221.82M (Peak 290.98M) | Time:00:00.20 | Mem:123.45M, Peak:123.45M | Scene, ViewLayer | Updating Geometry BVH Cube.290 291/551 | Building mesh BLAS |     188 tris | Cube.289
Fra:1 Mem:221.82M (Peak 290.98M) | Time:00:00.20 | Mem:123.45M, Peak:123.45M | Scene, ViewLayer | Updating Geometry BVH Cube.291 292/551 | Building mesh BLAS |     188 tris | Cube.290
Fra:1 Mem:221.82M (Peak 290.98M) | Time:00:00.20 | Mem:123.45M, Peak:123.45M | Scene, ViewLayer | Updating Geometry BVH Cube.291 292/551 | Building mesh BLAS |     188 tris | Cube.291
Fra:1 Mem:221.82M (Peak 290.98M) | Time:00:00.20 | Mem:123.45M, Peak:123.45M | Scene, ViewLayer | Updating Geometry BVH Cube.291 292/551 | Building mesh BLAS |     188 tris | Distant garden arcade voussoir.073
Fra:1 Mem:221.82M (Peak 290.98M) | Time:00:00.20 | Mem:123.45M, Peak:123.45M | Scene, ViewLayer | Updating Geometry BVH Cube.292 293/551 | Building BVH
Fra:1 Mem:221.82M (Peak 290.98M) | Time:00:00.20 | Mem:123.46M, Peak:123.46M | Scene, ViewLayer | Updating Geometry BVH Cube.292 293/551 | Building mesh BLAS |     188 tris | Cube.292
Fra:1 Mem:221.82M (Peak 290.98M) | Time:00:00.20 | Mem:123.48M, Peak:123.48M | Scene, ViewLayer | Updating Geometry BVH Cube.293 294/551 | Building BVH
Fra:1 Mem:221.82M (Peak 290.98M) | Time:00:00.20 | Mem:123.48M, Peak:123.48M | Scene, ViewLayer | Updating Geometry BVH Cube.293 294/551 | Building mesh BLAS |     188 tris | Cube.293
Fra:1 Mem:221.82M (Peak 290.98M) | Time:00:00.20 | Mem:123.52M, Peak:123.52M | Scene, ViewLayer | Updating Geometry BVH Cube.294 295/551 | Building BVH
Fra:1 Mem:221.82M (Peak 290.98M) | Time:00:00.20 | Mem:123.52M, Peak:123.52M | Scene, ViewLayer | Updating Geometry BVH Cube.295 296/551 | Building BVH
Fra:1 Mem:221.82M (Peak 290.98M) | Time:00:00.20 | Mem:123.52M, Peak:123.52M | Scene, ViewLayer | Updating Geometry BVH Cube.295 296/551 | Building mesh BLAS |     188 tris | Cube.295
Fra:1 Mem:221.82M (Peak 290.98M) | Time:00:00.20 | Mem:123.52M, Peak:123.52M | Scene, ViewLayer | Updating Geometry BVH Cube.296 297/551 | Building BVH
Fra:1 Mem:221.82M (Peak 290.98M) | Time:00:00.20 | Mem:123.52M, Peak:123.52M | Scene, ViewLayer | Updating Geometry BVH Cube.296 297/551 | Building mesh BLAS |     188 tris | Cube.296
Fra:1 Mem:221.82M (Peak 290.98M) | Time:00:00.20 | Mem:123.53M, Peak:123.53M | Scene, ViewLayer | Updating Geometry BVH Cube.297 298/551 | Building BVH
Fra:1 Mem:221.82M (Peak 290.98M) | Time:00:00.20 | Mem:123.53M, Peak:123.53M | Scene, ViewLayer | Updating Geometry BVH Cube.297 298/551 | Building mesh BLAS |     188 tris | Cube.297
Fra:1 Mem:221.82M (Peak 290.98M) | Time:00:00.20 | Mem:123.55M, Peak:123.55M | Scene, ViewLayer | Updating Geometry BVH Cube.298 299/551 | Building BVH
Fra:1 Mem:221.82M (Peak 290.98M) | Time:00:00.20 | Mem:123.56M, Peak:123.56M | Scene, ViewLayer | Updating Geometry BVH Cube.298 299/551 | Building mesh BLAS |     188 tris | Cube.298
Fra:1 Mem:221.82M (Peak 290.98M) | Time:00:00.20 | Mem:123.56M, Peak:123.56M | Scene, ViewLayer | Updating Geometry BVH Cube.299 300/551 | Building BVH
Fra:1 Mem:221.82M (Peak 290.98M) | Time:00:00.20 | Mem:123.56M, Peak:123.56M | Scene, ViewLayer | Updating Geometry BVH Cube.300 301/551 | Building mesh BLAS |     188 tris | Cube.299
Fra:1 Mem:221.82M (Peak 290.98M) | Time:00:00.20 | Mem:123.56M, Peak:123.56M | Scene, ViewLayer | Updating Geometry BVH Cube.300 301/551 | Building mesh BLAS |     188 tris | Cube.300
Fra:1 Mem:221.82M (Peak 290.98M) | Time:00:00.20 | Mem:123.59M, Peak:123.59M | Scene, ViewLayer | Updating Geometry BVH Cube.301 302/551 | Building BVH
Fra:1 Mem:221.82M (Peak 290.98M) | Time:00:00.20 | Mem:123.59M, Peak:123.59M | Scene, ViewLayer | Updating Geometry BVH Cube.301 302/551 | Building mesh BLAS |     188 tris | Cube.301
Fra:1 Mem:221.82M (Peak 290.98M) | Time:00:00.20 | Mem:123.59M, Peak:123.59M | Scene, ViewLayer | Updating Geometry BVH Cube.302 303/551 | Building BVH
Fra:1 Mem:221.82M (Peak 290.98M) | Time:00:00.20 | Mem:123.59M, Peak:123.59M | Scene, ViewLayer | Updating Geometry BVH Cube.303 304/551 | Building BVH
Fra:1 Mem:221.82M (Peak 290.98M) | Time:00:00.20 | Mem:123.59M, Peak:123.59M | Scene, ViewLayer | Updating Geometry BVH Cube.304 305/551 | Building BVH
Fra:1 Mem:221.82M (Peak 290.98M) | Time:00:00.20 | Mem:123.59M, Peak:123.59M | Scene, ViewLayer | Updating Geometry BVH Cube.304 305/551 | Building mesh BLAS |     188 tris | Cube.303
Fra:1 Mem:221.82M (Peak 290.98M) | Time:00:00.20 | Mem:123.59M, Peak:123.59M | Scene, ViewLayer | Updating Geometry BVH Cube.304 305/551 | Building mesh BLAS |     188 tris | Cube.304
Fra:1 Mem:221.82M (Peak 290.98M) | Time:00:00.20 | Mem:123.60M, Peak:123.60M | Scene, ViewLayer | Updating Geometry BVH Cube.305 306/551 | Building BVH
Fra:1 Mem:221.82M (Peak 290.98M) | Time:00:00.20 | Mem:123.60M, Peak:123.60M | Scene, ViewLayer | Updating Geometry BVH Cube.305 306/551 | Building mesh BLAS |     188 tris | Cube.305
Fra:1 Mem:221.82M (Peak 290.98M) | Time:00:00.20 | Mem:123.60M, Peak:123.60M | Scene, ViewLayer | Updating Geometry BVH Cube.306 307/551 | Building BVH
Fra:1 Mem:221.82M (Peak 290.98M) | Time:00:00.20 | Mem:123.60M, Peak:123.60M | Scene, ViewLayer | Updating Geometry BVH Cube.306 307/551 | Building mesh BLAS |     188 tris | Cube.306
Fra:1 Mem:221.82M (Peak 290.98M) | Time:00:00.20 | Mem:123.62M, Peak:123.62M | Scene, ViewLayer | Updating Geometry BVH Cube.307 308/551 | Building BVH
Fra:1 Mem:221.82M (Peak 290.98M) | Time:00:00.20 | Mem:123.62M, Peak:123.62M | Scene, ViewLayer | Updating Geometry BVH Distant garden arcade voussoir.072 535/551 | Building BVH
Fra:1 Mem:221.82M (Peak 290.98M) | Time:00:00.20 | Mem:123.63M, Peak:123.63M | Scene, ViewLayer | Updating Geometry BVH Cube.308 309/551 | Building BVH
Fra:1 Mem:221.82M (Peak 290.98M) | Time:00:00.20 | Mem:123.64M, Peak:123.64M | Scene, ViewLayer | Updating Geometry BVH Cube.308 309/551 | Building mesh BLAS |     188 tris | Distant garden arcade voussoir.072
Fra:1 Mem:221.82M (Peak 290.98M) | Time:00:00.20 | Mem:123.65M, Peak:123.65M | Scene, ViewLayer | Updating Geometry BVH Cube.308 309/551 | Building mesh BLAS |     188 tris | Cube.308
Fra:1 Mem:221.82M (Peak 290.98M) | Time:00:00.20 | Mem:123.65M, Peak:123.65M | Scene, ViewLayer | Updating Geometry BVH Cube.309 310/551 | Building BVH
Fra:1 Mem:221.82M (Peak 290.98M) | Time:00:00.20 | Mem:123.65M, Peak:123.65M | Scene, ViewLayer | Updating Geometry BVH Cube.310 311/551 | Building BVH
Fra:1 Mem:221.82M (Peak 290.98M) | Time:00:00.20 | Mem:123.65M, Peak:123.65M | Scene, ViewLayer | Updating Geometry BVH Cube.310 311/551 | Building mesh BLAS |     188 tris | Cube.309
Fra:1 Mem:221.82M (Peak 290.98M) | Time:00:00.20 | Mem:123.65M, Peak:123.65M | Scene, ViewLayer | Updating Geometry BVH Cube.310 311/551 | Building mesh BLAS |     188 tris | Cube.310
Fra:1 Mem:221.82M (Peak 290.98M) | Time:00:00.20 | Mem:123.68M, Peak:123.68M | Scene, ViewLayer | Updating Geometry BVH Cube.311 312/551 | Building BVH
Fra:1 Mem:221.82M (Peak 290.98M) | Time:00:00.20 | Mem:123.68M, Peak:123.68M | Scene, ViewLayer | Updating Geometry BVH Cube.312 313/551 | Building BVH
Fra:1 Mem:221.82M (Peak 290.98M) | Time:00:00.20 | Mem:123.68M, Peak:123.68M | Scene, ViewLayer | Updating Geometry BVH Cube.312 313/551 | Building mesh BLAS |     188 tris | Cube.311
Fra:1 Mem:221.82M (Peak 290.98M) | Time:00:00.20 | Mem:123.68M, Peak:123.68M | Scene, ViewLayer | Updating Geometry BVH Cube.313 314/551 | Building BVH
Fra:1 Mem:221.82M (Peak 290.98M) | Time:00:00.20 | Mem:123.68M, Peak:123.68M | Scene, ViewLayer | Updating Geometry BVH Cube.314 315/551 | Building BVH
Fra:1 Mem:221.82M (Peak 290.98M) | Time:00:00.20 | Mem:123.68M, Peak:123.68M | Scene, ViewLayer | Updating Geometry BVH Cube.314 315/551 | Building mesh BLAS |     188 tris | Cube.313
Fra:1 Mem:221.82M (Peak 290.98M) | Time:00:00.20 | Mem:123.68M, Peak:123.68M | Scene, ViewLayer | Updating Geometry BVH Cube.314 315/551 | Building mesh BLAS |     188 tris | Cube.314
Fra:1 Mem:221.82M (Peak 290.98M) | Time:00:00.20 | Mem:123.70M, Peak:123.70M | Scene, ViewLayer | Updating Geometry BVH Cube.315 316/551 | Building BVH
Fra:1 Mem:221.82M (Peak 290.98M) | Time:00:00.20 | Mem:123.72M, Peak:123.72M | Scene, ViewLayer | Updating Geometry BVH Cube.315 316/551 | Building mesh BLAS |     188 tris | Cube.315
Fra:1 Mem:221.82M (Peak 290.98M) | Time:00:00.20 | Mem:123.72M, Peak:123.72M | Scene, ViewLayer | Updating Geometry BVH Cube.316 317/551 | Building BVH
Fra:1 Mem:221.82M (Peak 290.98M) | Time:00:00.20 | Mem:123.72M, Peak:123.72M | Scene, ViewLayer | Updating Geometry BVH Cube.317 318/551 | Building mesh BLAS |     188 tris | Cube.316
Fra:1 Mem:221.82M (Peak 290.98M) | Time:00:00.20 | Mem:123.74M, Peak:123.74M | Scene, ViewLayer | Updating Geometry BVH Cube.317 318/551 | Building mesh BLAS |     188 tris | Cube.317
Fra:1 Mem:221.82M (Peak 290.98M) | Time:00:00.20 | Mem:123.74M, Peak:123.74M | Scene, ViewLayer | Updating Geometry BVH Cube.318 319/551 | Building BVH
Fra:1 Mem:221.82M (Peak 290.98M) | Time:00:00.20 | Mem:123.74M, Peak:123.74M | Scene, ViewLayer | Updating Geometry BVH Cube.318 319/551 | Building mesh BLAS |     188 tris | Cube.318
Fra:1 Mem:221.82M (Peak 290.98M) | Time:00:00.20 | Mem:123.75M, Peak:123.75M | Scene, ViewLayer | Updating Geometry BVH Cube.319 320/551 | Building BVH
Fra:1 Mem:221.82M (Peak 290.98M) | Time:00:00.20 | Mem:123.75M, Peak:123.75M | Scene, ViewLayer | Updating Geometry BVH Cube.320 321/551 | Building BVH
Fra:1 Mem:221.82M (Peak 290.98M) | Time:00:00.20 | Mem:123.75M, Peak:123.75M | Scene, ViewLayer | Updating Geometry BVH Cube.320 321/551 | Building mesh BLAS |     188 tris | Cube.320
Fra:1 Mem:221.82M (Peak 290.98M) | Time:00:00.20 | Mem:123.75M, Peak:123.75M | Scene, ViewLayer | Updating Geometry BVH Cube.321 322/551 | Building BVH
Fra:1 Mem:221.82M (Peak 290.98M) | Time:00:00.20 | Mem:123.75M, Peak:123.75M | Scene, ViewLayer | Updating Geometry BVH Cube.321 322/551 | Building mesh BLAS |     188 tris | Cube.321
Fra:1 Mem:221.82M (Peak 290.98M) | Time:00:00.20 | Mem:123.76M, Peak:123.76M | Scene, ViewLayer | Updating Geometry BVH Cube.322 323/551 | Building BVH
Fra:1 Mem:221.82M (Peak 290.98M) | Time:00:00.20 | Mem:123.76M, Peak:123.76M | Scene, ViewLayer | Updating Geometry BVH Cube.323 324/551 | Building BVH
Fra:1 Mem:221.82M (Peak 290.98M) | Time:00:00.20 | Mem:123.76M, Peak:123.76M | Scene, ViewLayer | Updating Geometry BVH Cube.323 324/551 | Building mesh BLAS |     188 tris | Cube.322
Fra:1 Mem:221.82M (Peak 290.98M) | Time:00:00.20 | Mem:123.77M, Peak:123.77M | Scene, ViewLayer | Updating Geometry BVH Cube.323 324/551 | Building mesh BLAS |     188 tris | Cube.323
Fra:1 Mem:221.82M (Peak 290.98M) | Time:00:00.20 | Mem:123.79M, Peak:123.79M | Scene, ViewLayer | Updating Geometry BVH Cube.324 325/551 | Building BVH
Fra:1 Mem:221.82M (Peak 290.98M) | Time:00:00.20 | Mem:123.79M, Peak:123.79M | Scene, ViewLayer | Updating Geometry BVH Distant garden arcade voussoir.071 534/551 | Building BVH
Fra:1 Mem:221.82M (Peak 290.98M) | Time:00:00.20 | Mem:123.79M, Peak:123.79M | Scene, ViewLayer | Updating Geometry BVH Distant garden arcade voussoir.071 534/551 | Building mesh BLAS |     188 tris | Cube.324
Fra:1 Mem:221.82M (Peak 290.98M) | Time:00:00.20 | Mem:123.79M, Peak:123.79M | Scene, ViewLayer | Updating Geometry BVH Cube.326 327/551 | Building BVH
Fra:1 Mem:221.82M (Peak 290.98M) | Time:00:00.20 | Mem:123.79M, Peak:123.79M | Scene, ViewLayer | Updating Geometry BVH Cube.326 327/551 | Building mesh BLAS |     188 tris | Cube.326
Fra:1 Mem:221.82M (Peak 290.98M) | Time:00:00.20 | Mem:123.79M, Peak:123.79M | Scene, ViewLayer | Updating Geometry BVH Cube.326 327/551 | Building mesh BLAS |     188 tris | Cube.325
Fra:1 Mem:221.82M (Peak 290.98M) | Time:00:00.20 | Mem:123.80M, Peak:123.80M | Scene, ViewLayer | Updating Geometry BVH Cube.327 328/551 | Building BVH
Fra:1 Mem:221.82M (Peak 290.98M) | Time:00:00.20 | Mem:123.82M, Peak:123.82M | Scene, ViewLayer | Updating Geometry BVH Cube.327 328/551 | Building mesh BLAS |     188 tris | Cube.327
Fra:1 Mem:221.82M (Peak 290.98M) | Time:00:00.20 | Mem:123.83M, Peak:123.83M | Scene, ViewLayer | Updating Geometry BVH Cube.328 329/551 | Building BVH
Fra:1 Mem:221.82M (Peak 290.98M) | Time:00:00.20 | Mem:123.83M, Peak:123.83M | Scene, ViewLayer | Updating Geometry BVH Cube.331 332/551 | Building BVH
Fra:1 Mem:221.82M (Peak 290.98M) | Time:00:00.20 | Mem:123.83M, Peak:123.83M | Scene, ViewLayer | Updating Geometry BVH Cube.331 332/551 | Building mesh BLAS |     188 tris | Cube.328
Fra:1 Mem:221.82M (Peak 290.98M) | Time:00:00.20 | Mem:123.83M, Peak:123.83M | Scene, ViewLayer | Updating Geometry BVH Cube.331 332/551 | Building mesh BLAS |     188 tris | Cube.330
Fra:1 Mem:221.82M (Peak 290.98M) | Time:00:00.20 | Mem:123.83M, Peak:123.83M | Scene, ViewLayer | Updating Geometry BVH Cube.331 332/551 | Building mesh BLAS |     188 tris | Cube.331
Fra:1 Mem:221.82M (Peak 290.98M) | Time:00:00.20 | Mem:123.83M, Peak:123.83M | Scene, ViewLayer | Updating Geometry BVH Cube.331 332/551 | Building mesh BLAS |     328 tris | Cube.329
Fra:1 Mem:221.82M (Peak 290.98M) | Time:00:00.20 | Mem:123.85M, Peak:123.85M | Scene, ViewLayer | Updating Geometry BVH Cube.332 333/551 | Building BVH
Fra:1 Mem:221.82M (Peak 290.98M) | Time:00:00.20 | Mem:123.85M, Peak:123.85M | Scene, ViewLayer | Updating Geometry BVH Cube.333 334/551 | Building BVH
Fra:1 Mem:221.82M (Peak 290.98M) | Time:00:00.20 | Mem:123.85M, Peak:123.85M | Scene, ViewLayer | Updating Geometry BVH Cube.333 334/551 | Building mesh BLAS |     188 tris | Cube.332
Fra:1 Mem:221.82M (Peak 290.98M) | Time:00:00.20 | Mem:123.86M, Peak:123.86M | Scene, ViewLayer | Updating Geometry BVH Cube.333 334/551 | Building mesh BLAS |     188 tris | Cube.333
Fra:1 Mem:221.82M (Peak 290.98M) | Time:00:00.20 | Mem:123.86M, Peak:123.86M | Scene, ViewLayer | Updating Geometry BVH Cube.334 335/551 | Building BVH
Fra:1 Mem:221.82M (Peak 290.98M) | Time:00:00.20 | Mem:123.86M, Peak:123.86M | Scene, ViewLayer | Updating Geometry BVH Cube.334 335/551 | Building mesh BLAS |     188 tris | Cube.334
Fra:1 Mem:221.82M (Peak 290.98M) | Time:00:00.20 | Mem:123.88M, Peak:123.88M | Scene, ViewLayer | Updating Geometry BVH Cube.335 336/551 | Building BVH
Fra:1 Mem:221.82M (Peak 290.98M) | Time:00:00.20 | Mem:123.88M, Peak:123.88M | Scene, ViewLayer | Updating Geometry BVH Cube.335 336/551 | Building mesh BLAS |     188 tris | Cube.335
Fra:1 Mem:221.82M (Peak 290.98M) | Time:00:00.20 | Mem:123.90M, Peak:123.90M | Scene, ViewLayer | Updating Geometry BVH Cube.336 337/551 | Building BVH
Fra:1 Mem:221.82M (Peak 290.98M) | Time:00:00.20 | Mem:123.90M, Peak:123.90M | Scene, ViewLayer | Updating Geometry BVH Cube.337 338/551 | Building BVH
Fra:1 Mem:221.82M (Peak 290.98M) | Time:00:00.20 | Mem:123.90M, Peak:123.90M | Scene, ViewLayer | Updating Geometry BVH Cube.337 338/551 | Building mesh BLAS |     188 tris | Cube.336
Fra:1 Mem:221.82M (Peak 290.98M) | Time:00:00.20 | Mem:123.90M, Peak:123.90M | Scene, ViewLayer | Updating Geometry BVH Cube.338 339/551 | Building mesh BLAS |     188 tris | Cube.337
Fra:1 Mem:221.82M (Peak 290.98M) | Time:00:00.20 | Mem:123.90M, Peak:123.90M | Scene, ViewLayer | Updating Geometry BVH Cube.338 339/551 | Building mesh BLAS |     188 tris | Cube.338
Fra:1 Mem:221.82M (Peak 290.98M) | Time:00:00.20 | Mem:123.93M, Peak:123.93M | Scene, ViewLayer | Updating Geometry BVH Cube.339 340/551 | Building BVH
Fra:1 Mem:221.82M (Peak 290.98M) | Time:00:00.20 | Mem:123.93M, Peak:123.93M | Scene, ViewLayer | Updating Geometry BVH Cube.340 341/551 | Building BVH
Fra:1 Mem:221.82M (Peak 290.98M) | Time:00:00.20 | Mem:123.93M, Peak:123.93M | Scene, ViewLayer | Updating Geometry BVH Cube.341 342/551 | Building BVH
Fra:1 Mem:221.82M (Peak 290.98M) | Time:00:00.20 | Mem:123.93M, Peak:123.93M | Scene, ViewLayer | Updating Geometry BVH Cube.341 342/551 | Building mesh BLAS |     188 tris | Cube.340
Fra:1 Mem:221.82M (Peak 290.98M) | Time:00:00.20 | Mem:123.93M, Peak:123.93M | Scene, ViewLayer | Updating Geometry BVH Cube.341 342/551 | Building mesh BLAS |     188 tris | Cube.341
Fra:1 Mem:221.82M (Peak 290.98M) | Time:00:00.20 | Mem:123.95M, Peak:123.95M | Scene, ViewLayer | Updating Geometry BVH Cube.342 343/551 | Building BVH
Fra:1 Mem:221.82M (Peak 290.98M) | Time:00:00.20 | Mem:123.95M, Peak:123.95M | Scene, ViewLayer | Updating Geometry BVH Cube.343 344/551 | Building BVH
Fra:1 Mem:221.82M (Peak 290.98M) | Time:00:00.20 | Mem:123.95M, Peak:123.95M | Scene, ViewLayer | Updating Geometry BVH Distant garden arcade voussoir.070 533/551 | Building mesh BLAS |     188 tris | Cube.342
Fra:1 Mem:221.82M (Peak 290.98M) | Time:00:00.20 | Mem:123.95M, Peak:123.95M | Scene, ViewLayer | Updating Geometry BVH Distant garden arcade voussoir.070 533/551 | Building mesh BLAS |     188 tris | Cube.343
Fra:1 Mem:221.82M (Peak 290.98M) | Time:00:00.20 | Mem:123.95M, Peak:123.95M | Scene, ViewLayer | Updating Geometry BVH Distant garden arcade voussoir.070 533/551 | Building mesh BLAS |     188 tris | Distant garden arcade voussoir.070
Fra:1 Mem:221.82M (Peak 290.98M) | Time:00:00.20 | Mem:123.96M, Peak:123.96M | Scene, ViewLayer | Updating Geometry BVH Cube.344 345/551 | Building BVH
Fra:1 Mem:221.82M (Peak 290.98M) | Time:00:00.20 | Mem:123.96M, Peak:123.96M | Scene, ViewLayer | Updating Geometry BVH Cube.344 345/551 | Building mesh BLAS |     188 tris | Cube.344
Fra:1 Mem:221.82M (Peak 290.98M) | Time:00:00.20 | Mem:123.98M, Peak:123.98M | Scene, ViewLayer | Updating Geometry BVH Cube.345 346/551 | Building BVH
Fra:1 Mem:221.82M (Peak 290.98M) | Time:00:00.20 | Mem:123.98M, Peak:123.98M | Scene, ViewLayer | Updating Geometry BVH Cube.346 347/551 | Building BVH
Fra:1 Mem:221.82M (Peak 290.98M) | Time:00:00.20 | Mem:123.98M, Peak:123.98M | Scene, ViewLayer | Updating Geometry BVH Cube.347 348/551 | Building BVH
Fra:1 Mem:221.82M (Peak 290.98M) | Time:00:00.20 | Mem:123.98M, Peak:123.98M | Scene, ViewLayer | Updating Geometry BVH Cube.347 348/551 | Building mesh BLAS |     188 tris | Cube.346
Fra:1 Mem:221.82M (Peak 290.98M) | Time:00:00.20 | Mem:123.98M, Peak:123.98M | Scene, ViewLayer | Updating Geometry BVH Cube.347 348/551 | Building mesh BLAS |     188 tris | Cube.347
Fra:1 Mem:221.82M (Peak 290.98M) | Time:00:00.20 | Mem:124.00M, Peak:124.00M | Scene, ViewLayer | Updating Geometry BVH Cube.348 349/551 | Building BVH
Fra:1 Mem:221.82M (Peak 290.98M) | Time:00:00.20 | Mem:124.00M, Peak:124.00M | Scene, ViewLayer | Updating Geometry BVH Cube.348 349/551 | Building mesh BLAS |     188 tris | Cube.348
Fra:1 Mem:221.82M (Peak 290.98M) | Time:00:00.20 | Mem:124.01M, Peak:124.01M | Scene, ViewLayer | Updating Geometry BVH Cube.349 350/551 | Building BVH
Fra:1 Mem:221.82M (Peak 290.98M) | Time:00:00.20 | Mem:124.01M, Peak:124.01M | Scene, ViewLayer | Updating Geometry BVH Cube.349 350/551 | Building mesh BLAS |     188 tris | Cube.349
Fra:1 Mem:221.82M (Peak 290.98M) | Time:00:00.20 | Mem:124.01M, Peak:124.01M | Scene, ViewLayer | Updating Geometry BVH Cube.350 351/551 | Building BVH
Fra:1 Mem:221.82M (Peak 290.98M) | Time:00:00.20 | Mem:124.01M, Peak:124.01M | Scene, ViewLayer | Updating Geometry BVH Cube.350 351/551 | Building mesh BLAS |     188 tris | Cube.350
Fra:1 Mem:221.82M (Peak 290.98M) | Time:00:00.20 | Mem:124.01M, Peak:124.01M | Scene, ViewLayer | Updating Geometry BVH Cube.351 352/551 | Building BVH
Fra:1 Mem:221.82M (Peak 290.98M) | Time:00:00.20 | Mem:124.03M, Peak:124.03M | Scene, ViewLayer | Updating Geometry BVH Cube.351 352/551 | Building mesh BLAS |     188 tris | Cube.351
Fra:1 Mem:221.82M (Peak 290.98M) | Time:00:00.20 | Mem:124.04M, Peak:124.04M | Scene, ViewLayer | Updating Geometry BVH Cube.352 353/551 | Building BVH
Fra:1 Mem:221.82M (Peak 290.98M) | Time:00:00.20 | Mem:124.04M, Peak:124.04M | Scene, ViewLayer | Updating Geometry BVH Cube.352 353/551 | Building mesh BLAS |     188 tris | Cube.352
Fra:1 Mem:221.82M (Peak 290.98M) | Time:00:00.20 | Mem:124.06M, Peak:124.06M | Scene, ViewLayer | Updating Geometry BVH Cube.353 354/551 | Building BVH
Fra:1 Mem:221.82M (Peak 290.98M) | Time:00:00.20 | Mem:124.07M, Peak:124.07M | Scene, ViewLayer | Updating Geometry BVH Cube.354 355/551 | Building BVH
Fra:1 Mem:221.82M (Peak 290.98M) | Time:00:00.20 | Mem:124.07M, Peak:124.07M | Scene, ViewLayer | Updating Geometry BVH Cube.355 356/551 | Building mesh BLAS |     188 tris | Cube.353
Fra:1 Mem:221.82M (Peak 290.98M) | Time:00:00.20 | Mem:124.07M, Peak:124.07M | Scene, ViewLayer | Updating Geometry BVH Cube.355 356/551 | Building mesh BLAS |     188 tris | Cube.354
Fra:1 Mem:221.82M (Peak 290.98M) | Time:00:00.20 | Mem:124.07M, Peak:124.07M | Scene, ViewLayer | Updating Geometry BVH Cube.355 356/551 | Building mesh BLAS |     188 tris | Cube.355
Fra:1 Mem:221.82M (Peak 290.98M) | Time:00:00.20 | Mem:124.07M, Peak:124.07M | Scene, ViewLayer | Updating Geometry BVH Cube.356 357/551 | Building BVH
Fra:1 Mem:221.82M (Peak 290.98M) | Time:00:00.20 | Mem:124.07M, Peak:124.07M | Scene, ViewLayer | Updating Geometry BVH Cube.356 357/551 | Building mesh BLAS |     188 tris | Cube.356
Fra:1 Mem:221.82M (Peak 290.98M) | Time:00:00.20 | Mem:124.09M, Peak:124.09M | Scene, ViewLayer | Updating Geometry BVH Cube.357 358/551 | Building BVH
Fra:1 Mem:221.82M (Peak 290.98M) | Time:00:00.20 | Mem:124.10M, Peak:124.10M | Scene, ViewLayer | Updating Geometry BVH Torus 359/551 | Building BVH
Fra:1 Mem:221.82M (Peak 290.98M) | Time:00:00.20 | Mem:124.10M, Peak:124.10M | Scene, ViewLayer | Updating Geometry BVH Torus.001 360/551 | Building BVH
Fra:1 Mem:221.82M (Peak 290.98M) | Time:00:00.20 | Mem:124.10M, Peak:124.10M | Scene, ViewLayer | Updating Geometry BVH Torus.002 361/551 | Building BVH
Fra:1 Mem:221.82M (Peak 290.98M) | Time:00:00.20 | Mem:124.10M, Peak:124.10M | Scene, ViewLayer | Updating Geometry BVH Distant garden arcade voussoir.069 532/551 | Building BVH
Fra:1 Mem:221.82M (Peak 290.98M) | Time:00:00.20 | Mem:124.10M, Peak:124.10M | Scene, ViewLayer | Updating Geometry BVH Distant garden arcade voussoir.069 532/551 | Building mesh BLAS |    1152 tris | Torus.002
Fra:1 Mem:221.82M (Peak 290.98M) | Time:00:00.20 | Mem:124.10M, Peak:124.10M | Scene, ViewLayer | Updating Geometry BVH Distant garden arcade voussoir.069 532/551 | Building mesh BLAS |     188 tris | Distant garden arcade voussoir.069
Fra:1 Mem:221.82M (Peak 290.98M) | Time:00:00.20 | Mem:124.13M, Peak:124.13M | Scene, ViewLayer | Updating Geometry BVH Torus.003 362/551 | Building BVH
Fra:1 Mem:221.82M (Peak 290.98M) | Time:00:00.20 | Mem:124.13M, Peak:124.13M | Scene, ViewLayer | Updating Geometry BVH Torus.004 363/551 | Building BVH
Fra:1 Mem:221.82M (Peak 290.98M) | Time:00:00.20 | Mem:124.13M, Peak:124.13M | Scene, ViewLayer | Updating Geometry BVH Cube.358 364/551 | Building BVH
Fra:1 Mem:221.82M (Peak 290.98M) | Time:00:00.20 | Mem:124.13M, Peak:124.13M | Scene, ViewLayer | Updating Geometry BVH Cube.358 364/551 | Building mesh BLAS |    1152 tris | Torus.004
Fra:1 Mem:221.82M (Peak 290.98M) | Time:00:00.20 | Mem:124.13M, Peak:124.13M | Scene, ViewLayer | Updating Geometry BVH Cube.358 364/551 | Building mesh BLAS |     188 tris | Cube.358
Fra:1 Mem:221.82M (Peak 290.98M) | Time:00:00.20 | Mem:124.13M, Peak:124.13M | Scene, ViewLayer | Updating Geometry BVH Cube.359 365/551 | Building BVH
Fra:1 Mem:221.82M (Peak 290.98M) | Time:00:00.20 | Mem:124.13M, Peak:124.13M | Scene, ViewLayer | Updating Geometry BVH Cube.359 365/551 | Building mesh BLAS |     188 tris | Cube.359
Fra:1 Mem:221.82M (Peak 290.98M) | Time:00:00.20 | Mem:124.15M, Peak:124.15M | Scene, ViewLayer | Updating Geometry BVH Cube.360 366/551 | Building BVH
Fra:1 Mem:221.82M (Peak 290.98M) | Time:00:00.20 | Mem:124.15M, Peak:124.15M | Scene, ViewLayer | Updating Geometry BVH Cube.361 367/551 | Building BVH
Fra:1 Mem:221.82M (Peak 290.98M) | Time:00:00.20 | Mem:124.17M, Peak:124.17M | Scene, ViewLayer | Updating Geometry BVH Cube.361 367/551 | Building mesh BLAS |     188 tris | Cube.360
Fra:1 Mem:221.82M (Peak 290.98M) | Time:00:00.20 | Mem:124.17M, Peak:124.17M | Scene, ViewLayer | Updating Geometry BVH Cube.361 367/551 | Building mesh BLAS |     188 tris | Cube.361
Fra:1 Mem:221.82M (Peak 290.98M) | Time:00:00.20 | Mem:124.22M, Peak:124.22M | Scene, ViewLayer | Updating Geometry BVH Cube.362 368/551 | Building BVH
Fra:1 Mem:221.82M (Peak 290.98M) | Time:00:00.20 | Mem:124.22M, Peak:124.22M | Scene, ViewLayer | Updating Geometry BVH Cube.362 368/551 | Building mesh BLAS |     188 tris | Cube.362
Fra:1 Mem:221.82M (Peak 290.98M) | Time:00:00.20 | Mem:124.22M, Peak:124.22M | Scene, ViewLayer | Updating Geometry BVH Cube.363 369/551 | Building BVH
Fra:1 Mem:221.82M (Peak 290.98M) | Time:00:00.20 | Mem:124.22M, Peak:124.22M | Scene, ViewLayer | Updating Geometry BVH Cube.363 369/551 | Building mesh BLAS |     188 tris | Cube.363
Fra:1 Mem:221.82M (Peak 290.98M) | Time:00:00.20 | Mem:124.22M, Peak:124.22M | Scene, ViewLayer | Updating Geometry BVH Cube.364 370/551 | Building BVH
Fra:1 Mem:221.82M (Peak 290.98M) | Time:00:00.20 | Mem:124.22M, Peak:124.22M | Scene, ViewLayer | Updating Geometry BVH Cube.364 370/551 | Building mesh BLAS |     188 tris | Cube.364
Fra:1 Mem:221.82M (Peak 290.98M) | Time:00:00.20 | Mem:124.22M, Peak:124.22M | Scene, ViewLayer | Updating Geometry BVH Cube.365 371/551 | Building BVH
Fra:1 Mem:221.82M (Peak 290.98M) | Time:00:00.20 | Mem:124.22M, Peak:124.22M | Scene, ViewLayer | Updating Geometry BVH Cube.365 371/551 | Building mesh BLAS |     188 tris | Cube.365
Fra:1 Mem:221.82M (Peak 290.98M) | Time:00:00.20 | Mem:124.22M, Peak:124.22M | Scene, ViewLayer | Updating Geometry BVH Cube.366 372/551 | Building BVH
Fra:1 Mem:221.82M (Peak 290.98M) | Time:00:00.20 | Mem:124.22M, Peak:124.22M | Scene, ViewLayer | Updating Geometry BVH Cube.366 372/551 | Building mesh BLAS |     188 tris | Cube.366
Fra:1 Mem:221.82M (Peak 290.98M) | Time:00:00.20 | Mem:124.22M, Peak:124.22M | Scene, ViewLayer | Updating Geometry BVH Cube.367 373/551 | Building BVH
Fra:1 Mem:221.82M (Peak 290.98M) | Time:00:00.20 | Mem:124.22M, Peak:124.22M | Scene, ViewLayer | Updating Geometry BVH Cube.367 373/551 | Building mesh BLAS |     188 tris | Cube.367
Fra:1 Mem:221.82M (Peak 290.98M) | Time:00:00.20 | Mem:124.25M, Peak:124.25M | Scene, ViewLayer | Updating Geometry BVH Cube.368 374/551 | Building BVH
Fra:1 Mem:221.82M (Peak 290.98M) | Time:00:00.20 | Mem:124.26M, Peak:124.26M | Scene, ViewLayer | Updating Geometry BVH Cube.368 374/551 | Building mesh BLAS |     188 tris | Cube.368
Fra:1 Mem:221.82M (Peak 290.98M) | Time:00:00.20 | Mem:124.27M, Peak:124.27M | Scene, ViewLayer | Updating Geometry BVH Cube.369 375/551 | Building BVH
Fra:1 Mem:221.82M (Peak 290.98M) | Time:00:00.20 | Mem:124.27M, Peak:124.27M | Scene, ViewLayer | Updating Geometry BVH Cube.370 376/551 | Building BVH
Fra:1 Mem:221.82M (Peak 290.98M) | Time:00:00.20 | Mem:124.27M, Peak:124.27M | Scene, ViewLayer | Updating Geometry BVH Cube.370 376/551 | Building mesh BLAS |     188 tris | Cube.369
Fra:1 Mem:221.82M (Peak 290.98M) | Time:00:00.20 | Mem:124.27M, Peak:124.27M | Scene, ViewLayer | Updating Geometry BVH Cube.371 377/551 | Building BVH
Fra:1 Mem:221.82M (Peak 290.98M) | Time:00:00.20 | Mem:124.27M, Peak:124.27M | Scene, ViewLayer | Updating Geometry BVH Cube.371 377/551 | Building mesh BLAS |     188 tris | Cube.371
Fra:1 Mem:221.82M (Peak 290.98M) | Time:00:00.20 | Mem:124.27M, Peak:124.27M | Scene, ViewLayer | Updating Geometry BVH Cube.372 378/551 | Building BVH
Fra:1 Mem:221.82M (Peak 290.98M) | Time:00:00.20 | Mem:124.27M, Peak:124.27M | Scene, ViewLayer | Updating Geometry BVH Cube.372 378/551 | Building mesh BLAS |     188 tris | Cube.372
Fra:1 Mem:221.82M (Peak 290.98M) | Time:00:00.20 | Mem:124.29M, Peak:124.29M | Scene, ViewLayer | Updating Geometry BVH Distant garden arcade voussoir.068 531/551 | Building BVH
Fra:1 Mem:221.82M (Peak 290.98M) | Time:00:00.20 | Mem:124.29M, Peak:124.29M | Scene, ViewLayer | Updating Geometry BVH Distant garden arcade voussoir.068 531/551 | Building mesh BLAS |     188 tris | Distant garden arcade voussoir.068
Fra:1 Mem:221.82M (Peak 290.98M) | Time:00:00.20 | Mem:124.30M, Peak:124.30M | Scene, ViewLayer | Updating Geometry BVH Cube.373 379/551 | Building BVH
Fra:1 Mem:221.82M (Peak 290.98M) | Time:00:00.20 | Mem:124.30M, Peak:124.30M | Scene, ViewLayer | Updating Geometry BVH Cube.373 379/551 | Building mesh BLAS |     188 tris | Cube.373
Fra:1 Mem:221.82M (Peak 290.98M) | Time:00:00.20 | Mem:124.30M, Peak:124.30M | Scene, ViewLayer | Updating Geometry BVH Cube.374 380/551 | Building BVH
Fra:1 Mem:221.82M (Peak 290.98M) | Time:00:00.20 | Mem:124.30M, Peak:124.30M | Scene, ViewLayer | Updating Geometry BVH Cube.374 380/551 | Building mesh BLAS |     188 tris | Cube.374
Fra:1 Mem:221.82M (Peak 290.98M) | Time:00:00.20 | Mem:124.33M, Peak:124.33M | Scene, ViewLayer | Updating Geometry BVH Cube.375 381/551 | Building BVH
Fra:1 Mem:221.82M (Peak 290.98M) | Time:00:00.20 | Mem:124.33M, Peak:124.33M | Scene, ViewLayer | Updating Geometry BVH Cube.376 382/551 | Building mesh BLAS |     188 tris | Cube.375
Fra:1 Mem:221.82M (Peak 290.98M) | Time:00:00.20 | Mem:124.34M, Peak:124.34M | Scene, ViewLayer | Updating Geometry BVH Cube.376 382/551 | Building mesh BLAS |     188 tris | Cube.376
Fra:1 Mem:221.82M (Peak 290.98M) | Time:00:00.20 | Mem:124.34M, Peak:124.34M | Scene, ViewLayer | Updating Geometry BVH Cube.377 383/551 | Building BVH
Fra:1 Mem:221.82M (Peak 290.98M) | Time:00:00.20 | Mem:124.36M, Peak:124.36M | Scene, ViewLayer | Updating Geometry BVH Cube.378 384/551 | Building BVH
Fra:1 Mem:221.82M (Peak 290.98M) | Time:00:00.20 | Mem:124.37M, Peak:124.37M | Scene, ViewLayer | Updating Geometry BVH Cube.378 384/551 | Building mesh BLAS |     188 tris | Cube.377
Fra:1 Mem:221.82M (Peak 290.98M) | Time:00:00.20 | Mem:124.38M, Peak:124.38M | Scene, ViewLayer | Updating Geometry BVH Cube.378 384/551 | Building mesh BLAS |     188 tris | Cube.378
Fra:1 Mem:221.82M (Peak 290.98M) | Time:00:00.20 | Mem:124.38M, Peak:124.38M | Scene, ViewLayer | Updating Geometry BVH Cube.379 385/551 | Building BVH
Fra:1 Mem:221.82M (Peak 290.98M) | Time:00:00.20 | Mem:124.38M, Peak:124.38M | Scene, ViewLayer | Updating Geometry BVH Cube.380 386/551 | Building BVH
Fra:1 Mem:221.82M (Peak 290.98M) | Time:00:00.20 | Mem:124.38M, Peak:124.38M | Scene, ViewLayer | Updating Geometry BVH Cube.380 386/551 | Building mesh BLAS |     188 tris | Cube.380
Fra:1 Mem:221.82M (Peak 290.98M) | Time:00:00.20 | Mem:124.39M, Peak:124.39M | Scene, ViewLayer | Updating Geometry BVH Cube.381 387/551 | Building BVH
Fra:1 Mem:221.82M (Peak 290.98M) | Time:00:00.20 | Mem:124.39M, Peak:124.39M | Scene, ViewLayer | Updating Geometry BVH Cube.381 387/551 | Building mesh BLAS |     188 tris | Cube.381
Fra:1 Mem:221.82M (Peak 290.98M) | Time:00:00.20 | Mem:124.39M, Peak:124.39M | Scene, ViewLayer | Updating Geometry BVH Cube.382 388/551 | Building BVH
Fra:1 Mem:221.82M (Peak 290.98M) | Time:00:00.20 | Mem:124.39M, Peak:124.39M | Scene, ViewLayer | Updating Geometry BVH Cube.383 389/551 | Building mesh BLAS |     188 tris | Cube.382
Fra:1 Mem:221.82M (Peak 290.98M) | Time:00:00.20 | Mem:124.39M, Peak:124.39M | Scene, ViewLayer | Updating Geometry BVH Cube.383 389/551 | Building mesh BLAS |     188 tris | Cube.383
Fra:1 Mem:221.82M (Peak 290.98M) | Time:00:00.20 | Mem:124.43M, Peak:124.43M | Scene, ViewLayer | Updating Geometry BVH Cube.384 390/551 | Building BVH
Fra:1 Mem:221.82M (Peak 290.98M) | Time:00:00.20 | Mem:124.43M, Peak:124.43M | Scene, ViewLayer | Updating Geometry BVH Cube.385 391/551 | Building BVH
Fra:1 Mem:221.82M (Peak 290.98M) | Time:00:00.20 | Mem:124.43M, Peak:124.43M | Scene, ViewLayer | Updating Geometry BVH Cube.385 391/551 | Building mesh BLAS |     188 tris | Cube.385
Fra:1 Mem:221.82M (Peak 290.98M) | Time:00:00.20 | Mem:124.44M, Peak:124.44M | Scene, ViewLayer | Updating Geometry BVH Cube.386 392/551 | Building BVH
Fra:1 Mem:221.82M (Peak 290.98M) | Time:00:00.20 | Mem:124.44M, Peak:124.44M | Scene, ViewLayer | Updating Geometry BVH Cube.386 392/551 | Building mesh BLAS |     188 tris | Cube.386
Fra:1 Mem:221.82M (Peak 290.98M) | Time:00:00.20 | Mem:124.44M, Peak:124.44M | Scene, ViewLayer | Updating Geometry BVH Cube.387 393/551 | Building BVH
Fra:1 Mem:221.82M (Peak 290.98M) | Time:00:00.20 | Mem:124.44M, Peak:124.44M | Scene, ViewLayer | Updating Geometry BVH Cube.387 393/551 | Building mesh BLAS |     188 tris | Cube.387
Fra:1 Mem:221.82M (Peak 290.98M) | Time:00:00.20 | Mem:124.46M, Peak:124.46M | Scene, ViewLayer | Updating Geometry BVH Cube.388 394/551 | Building BVH
Fra:1 Mem:221.82M (Peak 290.98M) | Time:00:00.20 | Mem:124.46M, Peak:124.46M | Scene, ViewLayer | Updating Geometry BVH Cube.388 394/551 | Building mesh BLAS |     188 tris | Cube.388
Fra:1 Mem:221.82M (Peak 290.98M) | Time:00:00.20 | Mem:124.46M, Peak:124.46M | Scene, ViewLayer | Updating Geometry BVH Distant garden arcade arch.004 530/551 | Building BVH
Fra:1 Mem:221.82M (Peak 290.98M) | Time:00:00.20 | Mem:124.46M, Peak:124.46M | Scene, ViewLayer | Updating Geometry BVH Distant garden arcade arch.004 530/551 | Building mesh BLAS |    1692 tris | Distant garden arcade arch.004
Fra:1 Mem:221.82M (Peak 290.98M) | Time:00:00.20 | Mem:124.46M, Peak:124.46M | Scene, ViewLayer | Updating Geometry BVH Cube.389 395/551 | Building BVH
Fra:1 Mem:221.82M (Peak 290.98M) | Time:00:00.20 | Mem:124.46M, Peak:124.46M | Scene, ViewLayer | Updating Geometry BVH Cube.389 395/551 | Building mesh BLAS |     188 tris | Cube.389
Fra:1 Mem:221.82M (Peak 290.98M) | Time:00:00.20 | Mem:124.48M, Peak:124.48M | Scene, ViewLayer | Updating Geometry BVH Cube.390 396/551 | Building BVH
Fra:1 Mem:221.82M (Peak 290.98M) | Time:00:00.20 | Mem:124.48M, Peak:124.48M | Scene, ViewLayer | Updating Geometry BVH Cube.391 397/551 | Building mesh BLAS |     188 tris | Cube.390
Fra:1 Mem:221.82M (Peak 290.98M) | Time:00:00.20 | Mem:124.48M, Peak:124.48M | Scene, ViewLayer | Updating Geometry BVH Cube.391 397/551 | Building mesh BLAS |     188 tris | Cube.391
Fra:1 Mem:221.82M (Peak 290.98M) | Time:00:00.20 | Mem:124.50M, Peak:124.50M | Scene, ViewLayer | Updating Geometry BVH Cube.392 398/551 | Building BVH
Fra:1 Mem:221.82M (Peak 290.98M) | Time:00:00.20 | Mem:124.50M, Peak:124.50M | Scene, ViewLayer | Updating Geometry BVH Cube.392 398/551 | Building mesh BLAS |     188 tris | Cube.392
Fra:1 Mem:221.82M (Peak 290.98M) | Time:00:00.20 | Mem:124.52M, Peak:124.52M | Scene, ViewLayer | Updating Geometry BVH Cube.393 399/551 | Building BVH
Fra:1 Mem:221.82M (Peak 290.98M) | Time:00:00.20 | Mem:124.52M, Peak:124.52M | Scene, ViewLayer | Updating Geometry BVH Cube.393 399/551 | Building mesh BLAS |     188 tris | Cube.393
Fra:1 Mem:221.82M (Peak 290.98M) | Time:00:00.20 | Mem:124.53M, Peak:124.53M | Scene, ViewLayer | Updating Geometry BVH Cube.394 400/551 | Building BVH
Fra:1 Mem:221.82M (Peak 290.98M) | Time:00:00.20 | Mem:124.55M, Peak:124.55M | Scene, ViewLayer | Updating Geometry BVH Cube.394 400/551 | Building mesh BLAS |     188 tris | Cube.394
Fra:1 Mem:221.82M (Peak 290.98M) | Time:00:00.20 | Mem:124.55M, Peak:124.55M | Scene, ViewLayer | Updating Geometry BVH Cube.395 401/551 | Building BVH
Fra:1 Mem:221.82M (Peak 290.98M) | Time:00:00.20 | Mem:124.55M, Peak:124.55M | Scene, ViewLayer | Updating Geometry BVH Cube.396 402/551 | Building mesh BLAS |     188 tris | Cube.395
Fra:1 Mem:221.82M (Peak 290.98M) | Time:00:00.20 | Mem:124.55M, Peak:124.55M | Scene, ViewLayer | Updating Geometry BVH Cube.397 403/551 | Building BVH
Fra:1 Mem:221.82M (Peak 290.98M) | Time:00:00.20 | Mem:124.55M, Peak:124.55M | Scene, ViewLayer | Updating Geometry BVH Cube.397 403/551 | Building mesh BLAS |     188 tris | Cube.397
Fra:1 Mem:221.82M (Peak 290.98M) | Time:00:00.21 | Mem:124.58M, Peak:124.58M | Scene, ViewLayer | Updating Geometry BVH Cube.398 404/551 | Building BVH
Fra:1 Mem:221.82M (Peak 290.98M) | Time:00:00.21 | Mem:124.58M, Peak:124.58M | Scene, ViewLayer | Updating Geometry BVH Cube.398 404/551 | Building mesh BLAS |     188 tris | Cube.398
Fra:1 Mem:221.82M (Peak 290.98M) | Time:00:00.21 | Mem:124.58M, Peak:124.58M | Scene, ViewLayer | Updating Geometry BVH Cube.399 405/551 | Building BVH
Fra:1 Mem:221.82M (Peak 290.98M) | Time:00:00.21 | Mem:124.58M, Peak:124.58M | Scene, ViewLayer | Updating Geometry BVH Cube.399 405/551 | Building mesh BLAS |     188 tris | Cube.399
Fra:1 Mem:221.82M (Peak 290.98M) | Time:00:00.21 | Mem:124.58M, Peak:124.58M | Scene, ViewLayer | Updating Geometry BVH Cube.400 406/551 | Building BVH
Fra:1 Mem:221.82M (Peak 290.98M) | Time:00:00.21 | Mem:124.58M, Peak:124.58M | Scene, ViewLayer | Updating Geometry BVH Cube.400 406/551 | Building mesh BLAS |     188 tris | Cube.400
Fra:1 Mem:221.82M (Peak 290.98M) | Time:00:00.21 | Mem:124.60M, Peak:124.60M | Scene, ViewLayer | Updating Geometry BVH Cube.401 407/551 | Building BVH
Fra:1 Mem:221.82M (Peak 290.98M) | Time:00:00.21 | Mem:124.62M, Peak:124.62M | Scene, ViewLayer | Updating Geometry BVH Cube.401 407/551 | Building mesh BLAS |     188 tris | Cube.401
Fra:1 Mem:221.82M (Peak 290.98M) | Time:00:00.21 | Mem:124.62M, Peak:124.62M | Scene, ViewLayer | Updating Geometry BVH Cylinder 408/551 | Building BVH
Fra:1 Mem:221.82M (Peak 290.98M) | Time:00:00.21 | Mem:124.62M, Peak:124.62M | Scene, ViewLayer | Updating Geometry BVH Cylinder 408/551 | Building mesh BLAS |      60 tris | Cylinder
Fra:1 Mem:221.82M (Peak 290.98M) | Time:00:00.21 | Mem:124.62M, Peak:124.62M | Scene, ViewLayer | Updating Geometry BVH Cylinder.002 410/551 | Building BVH
Fra:1 Mem:221.82M (Peak 290.98M) | Time:00:00.21 | Mem:124.62M, Peak:124.62M | Scene, ViewLayer | Updating Geometry BVH Cylinder.002 410/551 | Building mesh BLAS |      60 tris | Cylinder.002
Fra:1 Mem:221.82M (Peak 290.98M) | Time:00:00.21 | Mem:124.62M, Peak:124.62M | Scene, ViewLayer | Updating Geometry BVH Cylinder.002 410/551 | Building mesh BLAS |      60 tris | Cylinder.001
Fra:1 Mem:221.82M (Peak 290.98M) | Time:00:00.21 | Mem:124.64M, Peak:124.64M | Scene, ViewLayer | Updating Geometry BVH Distant garden arcade voussoir.067 529/551 | Building BVH
Fra:1 Mem:221.82M (Peak 290.98M) | Time:00:00.21 | Mem:124.65M, Peak:124.65M | Scene, ViewLayer | Updating Geometry BVH Cylinder.003 411/551 | Building BVH
Fra:1 Mem:221.82M (Peak 290.98M) | Time:00:00.21 | Mem:124.66M, Peak:124.66M | Scene, ViewLayer | Updating Geometry BVH Cylinder.003 411/551 | Building mesh BLAS |      60 tris | Cylinder.003
Fra:1 Mem:221.82M (Peak 290.98M) | Time:00:00.21 | Mem:124.66M, Peak:124.66M | Scene, ViewLayer | Updating Geometry BVH Cylinder.004 412/551 | Building BVH
Fra:1 Mem:221.82M (Peak 290.98M) | Time:00:00.21 | Mem:124.67M, Peak:124.67M | Scene, ViewLayer | Updating Geometry BVH Cylinder.005 413/551 | Building mesh BLAS |      60 tris | Cylinder.004
Fra:1 Mem:221.82M (Peak 290.98M) | Time:00:00.21 | Mem:124.68M, Peak:124.68M | Scene, ViewLayer | Updating Geometry BVH Cylinder.006 414/551 | Building BVH
Fra:1 Mem:221.82M (Peak 290.98M) | Time:00:00.21 | Mem:124.68M, Peak:124.68M | Scene, ViewLayer | Updating Geometry BVH Cylinder.007 415/551 | Building mesh BLAS |      60 tris | Cylinder.005
Fra:1 Mem:221.82M (Peak 290.98M) | Time:00:00.21 | Mem:124.68M, Peak:124.68M | Scene, ViewLayer | Updating Geometry BVH Cylinder.008 416/551 | Building BVH
Fra:1 Mem:221.82M (Peak 290.98M) | Time:00:00.21 | Mem:124.68M, Peak:124.68M | Scene, ViewLayer | Updating Geometry BVH Cylinder.008 416/551 | Building mesh BLAS |      60 tris | Cylinder.007
Fra:1 Mem:221.82M (Peak 290.98M) | Time:00:00.21 | Mem:124.68M, Peak:124.68M | Scene, ViewLayer | Updating Geometry BVH Cylinder.008 416/551 | Building mesh BLAS |      60 tris | Cylinder.008
Fra:1 Mem:221.82M (Peak 290.98M) | Time:00:00.21 | Mem:124.71M, Peak:124.71M | Scene, ViewLayer | Updating Geometry BVH Cylinder.009 417/551 | Building BVH
Fra:1 Mem:221.82M (Peak 290.98M) | Time:00:00.21 | Mem:124.71M, Peak:124.71M | Scene, ViewLayer | Updating Geometry BVH Cylinder.010 418/551 | Building BVH
Fra:1 Mem:221.82M (Peak 290.98M) | Time:00:00.21 | Mem:124.71M, Peak:124.71M | Scene, ViewLayer | Updating Geometry BVH Cylinder.010 418/551 | Building mesh BLAS |      60 tris | Cylinder.009
Fra:1 Mem:221.82M (Peak 290.98M) | Time:00:00.21 | Mem:124.71M, Peak:124.71M | Scene, ViewLayer | Updating Geometry BVH Cylinder.010 418/551 | Building mesh BLAS |      60 tris | Cylinder.010
Fra:1 Mem:221.82M (Peak 290.98M) | Time:00:00.21 | Mem:124.71M, Peak:124.71M | Scene, ViewLayer | Updating Geometry BVH Cylinder.011 419/551 | Building BVH
Fra:1 Mem:221.82M (Peak 290.98M) | Time:00:00.21 | Mem:124.71M, Peak:124.71M | Scene, ViewLayer | Updating Geometry BVH Cylinder.011 419/551 | Building mesh BLAS |      60 tris | Cylinder.011
Fra:1 Mem:221.82M (Peak 290.98M) | Time:00:00.21 | Mem:124.75M, Peak:124.75M | Scene, ViewLayer | Updating Geometry BVH Cylinder.012 420/551 | Building BVH
Fra:1 Mem:221.82M (Peak 290.98M) | Time:00:00.21 | Mem:124.75M, Peak:124.75M | Scene, ViewLayer | Updating Geometry BVH Cylinder.013 421/551 | Building BVH
Fra:1 Mem:221.82M (Peak 290.98M) | Time:00:00.21 | Mem:124.75M, Peak:124.75M | Scene, ViewLayer | Updating Geometry BVH Cylinder.013 421/551 | Building mesh BLAS |      60 tris | Cylinder.012
Fra:1 Mem:221.82M (Peak 290.98M) | Time:00:00.21 | Mem:124.75M, Peak:124.75M | Scene, ViewLayer | Updating Geometry BVH Cylinder.015 423/551 | Building BVH
Fra:1 Mem:221.82M (Peak 290.98M) | Time:00:00.21 | Mem:124.75M, Peak:124.75M | Scene, ViewLayer | Updating Geometry BVH Cylinder.015 423/551 | Building mesh BLAS |      60 tris | Cylinder.015
Fra:1 Mem:221.82M (Peak 290.98M) | Time:00:00.21 | Mem:124.75M, Peak:124.75M | Scene, ViewLayer | Updating Geometry BVH Cylinder.015 423/551 | Building mesh BLAS |      60 tris | Cylinder.014
Fra:1 Mem:221.82M (Peak 290.98M) | Time:00:00.21 | Mem:124.76M, Peak:124.76M | Scene, ViewLayer | Updating Geometry BVH Cylinder.016 424/551 | Building BVH
Fra:1 Mem:221.82M (Peak 290.98M) | Time:00:00.21 | Mem:124.76M, Peak:124.76M | Scene, ViewLayer | Updating Geometry BVH Cylinder.016 424/551 | Building mesh BLAS |      60 tris | Cylinder.016
Fra:1 Mem:221.82M (Peak 290.98M) | Time:00:00.21 | Mem:124.80M, Peak:124.80M | Scene, ViewLayer | Updating Geometry BVH Cylinder.017 425/551 | Building BVH
Fra:1 Mem:221.82M (Peak 290.98M) | Time:00:00.21 | Mem:124.80M, Peak:124.80M | Scene, ViewLayer | Updating Geometry BVH Cylinder.017 425/551 | Building mesh BLAS |      60 tris | Cylinder.017
Fra:1 Mem:221.82M (Peak 290.98M) | Time:00:00.21 | Mem:124.80M, Peak:124.80M | Scene, ViewLayer | Updating Geometry BVH Cube.402 426/551 | Building BVH
Fra:1 Mem:221.82M (Peak 290.98M) | Time:00:00.21 | Mem:124.80M, Peak:124.80M | Scene, ViewLayer | Updating Geometry BVH Cube.402 426/551 | Building mesh BLAS |     188 tris | Cube.402
Fra:1 Mem:221.82M (Peak 290.98M) | Time:00:00.21 | Mem:124.82M, Peak:124.82M | Scene, ViewLayer | Updating Geometry BVH Cube.403 427/551 | Building BVH
Fra:1 Mem:221.82M (Peak 290.98M) | Time:00:00.21 | Mem:124.82M, Peak:124.82M | Scene, ViewLayer | Updating Geometry BVH Cube.403 427/551 | Building mesh BLAS |     188 tris | Cube.403
Fra:1 Mem:221.82M (Peak 290.98M) | Time:00:00.21 | Mem:124.84M, Peak:124.84M | Scene, ViewLayer | Updating Geometry BVH Cube.404 428/551 | Building BVH
Fra:1 Mem:221.82M (Peak 290.98M) | Time:00:00.21 | Mem:124.85M, Peak:124.85M | Scene, ViewLayer | Updating Geometry BVH Cube.404 428/551 | Building mesh BLAS |     188 tris | Cube.404
Fra:1 Mem:221.82M (Peak 290.98M) | Time:00:00.21 | Mem:124.85M, Peak:124.85M | Scene, ViewLayer | Updating Geometry BVH Distant garden arcade voussoir.066 528/551 | Building BVH
Fra:1 Mem:221.82M (Peak 290.98M) | Time:00:00.21 | Mem:124.86M, Peak:124.86M | Scene, ViewLayer | Updating Geometry BVH Cube.405 429/551 | Building BVH
Fra:1 Mem:221.82M (Peak 290.98M) | Time:00:00.21 | Mem:124.86M, Peak:124.86M | Scene, ViewLayer | Updating Geometry BVH Cube.406 430/551 | Building BVH
Fra:1 Mem:221.82M (Peak 290.98M) | Time:00:00.21 | Mem:124.86M, Peak:124.86M | Scene, ViewLayer | Updating Geometry BVH Cube.406 430/551 | Building mesh BLAS |     188 tris | Cube.405
Fra:1 Mem:221.82M (Peak 290.98M) | Time:00:00.21 | Mem:124.86M, Peak:124.86M | Scene, ViewLayer | Updating Geometry BVH Cube.406 430/551 | Building mesh BLAS |     188 tris | Cube.406
Fra:1 Mem:221.82M (Peak 290.98M) | Time:00:00.21 | Mem:124.86M, Peak:124.86M | Scene, ViewLayer | Updating Geometry BVH Cube.407 431/551 | Building BVH
Fra:1 Mem:221.82M (Peak 290.98M) | Time:00:00.21 | Mem:124.87M, Peak:124.87M | Scene, ViewLayer | Updating Geometry BVH Cube.407 431/551 | Building mesh BLAS |     188 tris | Cube.407
Fra:1 Mem:221.82M (Peak 290.98M) | Time:00:00.21 | Mem:124.87M, Peak:124.87M | Scene, ViewLayer | Updating Geometry BVH Cube.408 432/551 | Building BVH
Fra:1 Mem:221.82M (Peak 290.98M) | Time:00:00.21 | Mem:124.87M, Peak:124.87M | Scene, ViewLayer | Updating Geometry BVH Cube.408 432/551 | Building mesh BLAS |     188 tris | Cube.408
Fra:1 Mem:221.82M (Peak 290.98M) | Time:00:00.21 | Mem:124.89M, Peak:124.89M | Scene, ViewLayer | Updating Geometry BVH Cube.409 433/551 | Building BVH
Fra:1 Mem:221.82M (Peak 290.98M) | Time:00:00.21 | Mem:124.90M, Peak:124.90M | Scene, ViewLayer | Updating Geometry BVH Cube.409 433/551 | Building mesh BLAS |     188 tris | Cube.409
Fra:1 Mem:221.82M (Peak 290.98M) | Time:00:00.21 | Mem:124.90M, Peak:124.90M | Scene, ViewLayer | Updating Geometry BVH Cube.410 434/551 | Building BVH
Fra:1 Mem:221.82M (Peak 290.98M) | Time:00:00.21 | Mem:124.90M, Peak:124.90M | Scene, ViewLayer | Updating Geometry BVH Cube.411 435/551 | Building BVH
Fra:1 Mem:221.82M (Peak 290.98M) | Time:00:00.21 | Mem:124.90M, Peak:124.90M | Scene, ViewLayer | Updating Geometry BVH Cube.412 436/551 | Building mesh BLAS |     188 tris | Cube.410
Fra:1 Mem:221.82M (Peak 290.98M) | Time:00:00.21 | Mem:124.90M, Peak:124.90M | Scene, ViewLayer | Updating Geometry BVH Cube.412 436/551 | Building mesh BLAS |     188 tris | Cube.412
Fra:1 Mem:221.82M (Peak 290.98M) | Time:00:00.21 | Mem:124.93M, Peak:124.93M | Scene, ViewLayer | Updating Geometry BVH Cube.413 437/551 | Building BVH
Fra:1 Mem:221.82M (Peak 290.98M) | Time:00:00.21 | Mem:124.93M, Peak:124.93M | Scene, ViewLayer | Updating Geometry BVH Cube.415 439/551 | Building BVH
Fra:1 Mem:221.82M (Peak 290.98M) | Time:00:00.21 | Mem:124.93M, Peak:124.93M | Scene, ViewLayer | Updating Geometry BVH Cube.416 440/551 | Building BVH
Fra:1 Mem:221.82M (Peak 290.98M) | Time:00:00.21 | Mem:124.93M, Peak:124.93M | Scene, ViewLayer | Updating Geometry BVH Cube.416 440/551 | Building mesh BLAS |     188 tris | Cube.415
Fra:1 Mem:221.82M (Peak 290.98M) | Time:00:00.21 | Mem:124.93M, Peak:124.93M | Scene, ViewLayer | Updating Geometry BVH Cube.416 440/551 | Building mesh BLAS |     188 tris | Cube.416
Fra:1 Mem:221.82M (Peak 290.98M) | Time:00:00.21 | Mem:124.93M, Peak:124.93M | Scene, ViewLayer | Updating Geometry BVH Cube.416 440/551 | Building mesh BLAS |     188 tris | Cube.414
Fra:1 Mem:221.82M (Peak 290.98M) | Time:00:00.21 | Mem:124.96M, Peak:124.96M | Scene, ViewLayer | Updating Geometry BVH Cube.417 441/551 | Building BVH
Fra:1 Mem:221.82M (Peak 290.98M) | Time:00:00.21 | Mem:124.96M, Peak:124.96M | Scene, ViewLayer | Updating Geometry BVH Cube.417 441/551 | Building mesh BLAS |     188 tris | Cube.417
Fra:1 Mem:221.82M (Peak 290.98M) | Time:00:00.21 | Mem:124.96M, Peak:124.96M | Scene, ViewLayer | Updating Geometry BVH Cube.418 442/551 | Building BVH
Fra:1 Mem:221.82M (Peak 290.98M) | Time:00:00.21 | Mem:124.96M, Peak:124.96M | Scene, ViewLayer | Updating Geometry BVH Cube.418 442/551 | Building mesh BLAS |     188 tris | Cube.418
Fra:1 Mem:221.82M (Peak 290.98M) | Time:00:00.21 | Mem:124.96M, Peak:124.96M | Scene, ViewLayer | Updating Geometry BVH Cube.419 443/551 | Building BVH
Fra:1 Mem:221.82M (Peak 290.98M) | Time:00:00.21 | Mem:124.96M, Peak:124.96M | Scene, ViewLayer | Updating Geometry BVH Cube.419 443/551 | Building mesh BLAS |     188 tris | Cube.419
Fra:1 Mem:221.82M (Peak 290.98M) | Time:00:00.21 | Mem:124.98M, Peak:124.98M | Scene, ViewLayer | Updating Geometry BVH Cube.420 444/551 | Building BVH
Fra:1 Mem:221.82M (Peak 290.98M) | Time:00:00.21 | Mem:124.98M, Peak:124.98M | Scene, ViewLayer | Updating Geometry BVH Cube.420 444/551 | Building mesh BLAS |     188 tris | Cube.420
Fra:1 Mem:221.82M (Peak 290.98M) | Time:00:00.21 | Mem:124.99M, Peak:124.99M | Scene, ViewLayer | Updating Geometry BVH Cube.421 445/551 | Building BVH
Fra:1 Mem:221.82M (Peak 290.98M) | Time:00:00.21 | Mem:124.99M, Peak:124.99M | Scene, ViewLayer | Updating Geometry BVH Cube.421 445/551 | Building mesh BLAS |     188 tris | Cube.421
Fra:1 Mem:221.82M (Peak 290.98M) | Time:00:00.21 | Mem:125.00M, Peak:125.00M | Scene, ViewLayer | Updating Geometry BVH Distant garden arcade voussoir.065 527/551 | Building BVH
Fra:1 Mem:221.82M (Peak 290.98M) | Time:00:00.21 | Mem:125.01M, Peak:125.01M | Scene, ViewLayer | Updating Geometry BVH Cube.422 446/551 | Building BVH
Fra:1 Mem:221.82M (Peak 290.98M) | Time:00:00.21 | Mem:125.02M, Peak:125.02M | Scene, ViewLayer | Updating Geometry BVH Cube.422 446/551 | Building mesh BLAS |     188 tris | Distant garden arcade voussoir.065
Fra:1 Mem:221.82M (Peak 290.98M) | Time:00:00.21 | Mem:125.02M, Peak:125.02M | Scene, ViewLayer | Updating Geometry BVH Cube.423 447/551 | Building BVH
Fra:1 Mem:221.82M (Peak 290.98M) | Time:00:00.21 | Mem:125.03M, Peak:125.03M | Scene, ViewLayer | Updating Geometry BVH Cube.423 447/551 | Building mesh BLAS |     188 tris | Cube.423
Fra:1 Mem:221.82M (Peak 290.98M) | Time:00:00.21 | Mem:125.03M, Peak:125.03M | Scene, ViewLayer | Updating Geometry BVH Cube.424 448/551 | Building BVH
Fra:1 Mem:221.82M (Peak 290.98M) | Time:00:00.21 | Mem:125.03M, Peak:125.03M | Scene, ViewLayer | Updating Geometry BVH Cube.424 448/551 | Building mesh BLAS |     188 tris | Cube.424
Fra:1 Mem:221.82M (Peak 290.98M) | Time:00:00.21 | Mem:125.03M, Peak:125.03M | Scene, ViewLayer | Updating Geometry BVH Cube.425 449/551 | Building BVH
Fra:1 Mem:221.82M (Peak 290.98M) | Time:00:00.21 | Mem:125.03M, Peak:125.03M | Scene, ViewLayer | Updating Geometry BVH Cube.425 449/551 | Building mesh BLAS |     188 tris | Cube.425
Fra:1 Mem:221.82M (Peak 290.98M) | Time:00:00.21 | Mem:125.04M, Peak:125.04M | Scene, ViewLayer | Updating Geometry BVH Cube.426 450/551 | Building BVH
Fra:1 Mem:221.82M (Peak 290.98M) | Time:00:00.21 | Mem:125.11M, Peak:125.11M | Scene, ViewLayer | Updating Geometry BVH Cube.426 450/551 | Building mesh BLAS |     188 tris | Cube.426
Fra:1 Mem:221.82M (Peak 290.98M) | Time:00:00.21 | Mem:125.11M, Peak:125.11M | Scene, ViewLayer | Updating Geometry BVH Cube.427 451/551 | Building BVH
Fra:1 Mem:221.82M (Peak 290.98M) | Time:00:00.21 | Mem:125.11M, Peak:125.11M | Scene, ViewLayer | Updating Geometry BVH Cube.429 453/551 | Building BVH
Fra:1 Mem:221.82M (Peak 290.98M) | Time:00:00.21 | Mem:125.11M, Peak:125.11M | Scene, ViewLayer | Updating Geometry BVH Cube.429 453/551 | Building mesh BLAS |     188 tris | Cube.428
Fra:1 Mem:221.82M (Peak 290.98M) | Time:00:00.21 | Mem:125.11M, Peak:125.11M | Scene, ViewLayer | Updating Geometry BVH Cube.429 453/551 | Building mesh BLAS |     188 tris | Cube.429
Fra:1 Mem:221.82M (Peak 290.98M) | Time:00:00.21 | Mem:125.30M, Peak:125.30M | Scene, ViewLayer | Updating Geometry BVH Cube.430 454/551 | Building BVH
Fra:1 Mem:221.82M (Peak 290.98M) | Time:00:00.21 | Mem:125.30M, Peak:125.30M | Scene, ViewLayer | Updating Geometry BVH Cube.430 454/551 | Building mesh BLAS |     188 tris | Cube.430
Fra:1 Mem:221.82M (Peak 290.98M) | Time:00:00.21 | Mem:125.30M, Peak:125.30M | Scene, ViewLayer | Updating Geometry BVH Refracting sea | displaced surface and enclosed volume 455/551 | Building BVH
Fra:1 Mem:221.82M (Peak 290.98M) | Time:00:00.21 | Mem:125.30M, Peak:125.30M | Scene, ViewLayer | Updating Geometry BVH Garden doorway arch 456/551 | Building BVH
Fra:1 Mem:221.82M (Peak 290.98M) | Time:00:00.21 | Mem:125.37M, Peak:125.37M | Scene, ViewLayer | Updating Geometry BVH Stair vault 457/551 | Building BVH
Fra:1 Mem:221.82M (Peak 290.98M) | Time:00:00.21 | Mem:125.39M, Peak:125.39M | Scene, ViewLayer | Updating Geometry BVH Stair vault 457/551 | Building mesh BLAS |     188 tris | Stair vault
Fra:1 Mem:221.82M (Peak 290.98M) | Time:00:00.21 | Mem:125.39M, Peak:125.39M | Scene, ViewLayer | Updating Geometry BVH Stair vault 457/551 | Building mesh BLAS |    1692 tris | Garden doorway arch
Fra:1 Mem:221.82M (Peak 290.98M) | Time:00:00.21 | Mem:125.40M, Peak:125.40M | Scene, ViewLayer | Updating Geometry BVH Distant garden arcade voussoir 459/551 | Building BVH
Fra:1 Mem:221.82M (Peak 290.98M) | Time:00:00.21 | Mem:125.40M, Peak:125.40M | Scene, ViewLayer | Updating Geometry BVH Distant garden arcade arch 458/551 | Building BVH
Fra:1 Mem:221.82M (Peak 290.98M) | Time:00:00.21 | Mem:125.40M, Peak:125.40M | Scene, ViewLayer | Updating Geometry BVH Distant garden arcade arch 458/551 | Building mesh BLAS |     188 tris | Distant garden arcade voussoir
Fra:1 Mem:221.82M (Peak 290.98M) | Time:00:00.21 | Mem:125.40M, Peak:125.40M | Scene, ViewLayer | Updating Geometry BVH Distant garden arcade voussoir.001 460/551 | Building BVH
Fra:1 Mem:221.82M (Peak 290.98M) | Time:00:00.21 | Mem:125.40M, Peak:125.40M | Scene, ViewLayer | Updating Geometry BVH Distant garden arcade voussoir.001 460/551 | Building mesh BLAS |    1692 tris | Distant garden arcade arch
Fra:1 Mem:221.82M (Peak 290.98M) | Time:00:00.21 | Mem:125.40M, Peak:125.40M | Scene, ViewLayer | Updating Geometry BVH Distant garden arcade voussoir.001 460/551 | Building mesh BLAS |     188 tris | Distant garden arcade voussoir.001
Fra:1 Mem:221.82M (Peak 290.98M) | Time:00:00.21 | Mem:125.41M, Peak:125.41M | Scene, ViewLayer | Updating Geometry BVH Distant garden arcade voussoir.002 461/551 | Building BVH
Fra:1 Mem:221.82M (Peak 290.98M) | Time:00:00.21 | Mem:125.41M, Peak:125.41M | Scene, ViewLayer | Updating Geometry BVH Distant garden arcade voussoir.002 461/551 | Building mesh BLAS |     188 tris | Distant garden arcade voussoir.002
Fra:1 Mem:221.82M (Peak 290.98M) | Time:00:00.21 | Mem:125.41M, Peak:125.41M | Scene, ViewLayer | Updating Geometry BVH Distant garden arcade voussoir.002 461/551 | Building mesh BLAS |  118078 tris | Refracting sea | displaced surface and enclosed volume
Fra:1 Mem:221.82M (Peak 290.98M) | Time:00:00.21 | Mem:125.41M, Peak:125.41M | Scene, ViewLayer | Updating Geometry BVH Distant garden arcade voussoir.003 462/551 | Building BVH
Fra:1 Mem:221.82M (Peak 290.98M) | Time:00:00.21 | Mem:125.41M, Peak:125.41M | Scene, ViewLayer | Updating Geometry BVH Distant garden arcade voussoir.003 462/551 | Building mesh BLAS |     188 tris | Distant garden arcade voussoir.003
Fra:1 Mem:221.82M (Peak 290.98M) | Time:00:00.21 | Mem:125.44M, Peak:125.44M | Scene, ViewLayer | Updating Geometry BVH Distant garden arcade voussoir.064 526/551 | Building BVH
Fra:1 Mem:221.82M (Peak 290.98M) | Time:00:00.21 | Mem:125.44M, Peak:125.44M | Scene, ViewLayer | Updating Geometry BVH Distant garden arcade voussoir.064 526/551 | Building mesh BLAS |     188 tris | Distant garden arcade voussoir.064
Fra:1 Mem:221.82M (Peak 290.98M) | Time:00:00.21 | Mem:125.44M, Peak:125.44M | Scene, ViewLayer | Updating Geometry BVH Distant garden arcade voussoir.004 463/551 | Building BVH
Fra:1 Mem:221.82M (Peak 290.98M) | Time:00:00.21 | Mem:125.44M, Peak:125.44M | Scene, ViewLayer | Updating Geometry BVH Distant garden arcade voussoir.004 463/551 | Building mesh BLAS |     188 tris | Distant garden arcade voussoir.004
Fra:1 Mem:221.82M (Peak 290.98M) | Time:00:00.21 | Mem:125.44M, Peak:125.44M | Scene, ViewLayer | Updating Geometry BVH Distant garden arcade voussoir.005 464/551 | Building BVH
Fra:1 Mem:221.82M (Peak 290.98M) | Time:00:00.21 | Mem:125.44M, Peak:125.44M | Scene, ViewLayer | Updating Geometry BVH Distant garden arcade voussoir.005 464/551 | Building mesh BLAS |     188 tris | Distant garden arcade voussoir.005
Fra:1 Mem:221.82M (Peak 290.98M) | Time:00:00.21 | Mem:125.48M, Peak:125.48M | Scene, ViewLayer | Updating Geometry BVH Distant garden arcade voussoir.006 465/551 | Building BVH
Fra:1 Mem:221.82M (Peak 290.98M) | Time:00:00.21 | Mem:125.48M, Peak:125.48M | Scene, ViewLayer | Updating Geometry BVH Distant garden arcade voussoir.007 466/551 | Building BVH
Fra:1 Mem:221.82M (Peak 290.98M) | Time:00:00.21 | Mem:125.48M, Peak:125.48M | Scene, ViewLayer | Updating Geometry BVH Distant garden arcade voussoir.007 466/551 | Building mesh BLAS |     188 tris | Distant garden arcade voussoir.006
Fra:1 Mem:221.82M (Peak 290.98M) | Time:00:00.21 | Mem:125.48M, Peak:125.48M | Scene, ViewLayer | Updating Geometry BVH Distant garden arcade voussoir.007 466/551 | Building mesh BLAS |     188 tris | Distant garden arcade voussoir.007
Fra:1 Mem:221.82M (Peak 290.98M) | Time:00:00.21 | Mem:125.48M, Peak:125.48M | Scene, ViewLayer | Updating Geometry BVH Distant garden arcade voussoir.008 467/551 | Building BVH
Fra:1 Mem:221.82M (Peak 290.98M) | Time:00:00.21 | Mem:125.50M, Peak:125.50M | Scene, ViewLayer | Updating Geometry BVH Distant garden arcade voussoir.008 467/551 | Building mesh BLAS |     188 tris | Distant garden arcade voussoir.008
Fra:1 Mem:221.82M (Peak 290.98M) | Time:00:00.21 | Mem:125.50M, Peak:125.50M | Scene, ViewLayer | Updating Geometry BVH Distant garden arcade voussoir.009 468/551 | Building BVH
Fra:1 Mem:221.82M (Peak 290.98M) | Time:00:00.21 | Mem:125.50M, Peak:125.50M | Scene, ViewLayer | Updating Geometry BVH Distant garden arcade voussoir.010 469/551 | Building BVH
Fra:1 Mem:221.82M (Peak 290.98M) | Time:00:00.21 | Mem:125.51M, Peak:125.51M | Scene, ViewLayer | Updating Geometry BVH Distant garden arcade voussoir.010 469/551 | Building mesh BLAS |     188 tris | Distant garden arcade voussoir.009
Fra:1 Mem:221.82M (Peak 290.98M) | Time:00:00.21 | Mem:125.51M, Peak:125.51M | Scene, ViewLayer | Updating Geometry BVH Distant garden arcade voussoir.010 469/551 | Building mesh BLAS |     188 tris | Distant garden arcade voussoir.010
Fra:1 Mem:221.82M (Peak 290.98M) | Time:00:00.21 | Mem:125.53M, Peak:125.53M | Scene, ViewLayer | Updating Geometry BVH Distant garden arcade voussoir.011 470/551 | Building BVH
Fra:1 Mem:221.82M (Peak 290.98M) | Time:00:00.21 | Mem:125.54M, Peak:125.54M | Scene, ViewLayer | Updating Geometry BVH Distant garden arcade voussoir.012 471/551 | Building BVH
Fra:1 Mem:221.82M (Peak 290.98M) | Time:00:00.21 | Mem:125.54M, Peak:125.54M | Scene, ViewLayer | Updating Geometry BVH Distant garden arcade voussoir.012 471/551 | Building mesh BLAS |     188 tris | Distant garden arcade voussoir.011
Fra:1 Mem:221.82M (Peak 290.98M) | Time:00:00.21 | Mem:125.55M, Peak:125.55M | Scene, ViewLayer | Updating Geometry BVH Distant garden arcade voussoir.014 473/551 | Building BVH
Fra:1 Mem:221.82M (Peak 290.98M) | Time:00:00.21 | Mem:125.55M, Peak:125.55M | Scene, ViewLayer | Updating Geometry BVH Distant garden arcade voussoir.014 473/551 | Building mesh BLAS |     188 tris | Distant garden arcade voussoir.014
Fra:1 Mem:221.82M (Peak 290.98M) | Time:00:00.21 | Mem:125.55M, Peak:125.55M | Scene, ViewLayer | Updating Geometry BVH Distant garden arcade voussoir.014 473/551 | Building mesh BLAS |     188 tris | Distant garden arcade voussoir.013
Fra:1 Mem:221.82M (Peak 290.98M) | Time:00:00.21 | Mem:125.57M, Peak:125.57M | Scene, ViewLayer | Updating Geometry BVH Distant garden arcade voussoir.015 474/551 | Building BVH
Fra:1 Mem:221.82M (Peak 290.98M) | Time:00:00.21 | Mem:125.58M, Peak:125.58M | Scene, ViewLayer | Updating Geometry BVH Distant garden arcade voussoir.016 475/551 | Building BVH
Fra:1 Mem:221.82M (Peak 290.98M) | Time:00:00.21 | Mem:125.58M, Peak:125.58M | Scene, ViewLayer | Updating Geometry BVH Distant garden arcade voussoir.016 475/551 | Building mesh BLAS |     188 tris | Distant garden arcade voussoir.016
Fra:1 Mem:221.82M (Peak 290.98M) | Time:00:00.21 | Mem:125.58M, Peak:125.58M | Scene, ViewLayer | Updating Geometry BVH Distant garden arcade voussoir.017 477/551 | Building BVH
Fra:1 Mem:221.82M (Peak 290.98M) | Time:00:00.21 | Mem:125.58M, Peak:125.58M | Scene, ViewLayer | Updating Geometry BVH Distant garden arcade voussoir.018 478/551 | Building BVH
Fra:1 Mem:221.82M (Peak 290.98M) | Time:00:00.21 | Mem:125.58M, Peak:125.58M | Scene, ViewLayer | Updating Geometry BVH Distant garden arcade voussoir.018 478/551 | Building mesh BLAS |     188 tris | Distant garden arcade voussoir.017
Fra:1 Mem:221.82M (Peak 290.98M) | Time:00:00.21 | Mem:125.58M, Peak:125.58M | Scene, ViewLayer | Updating Geometry BVH Distant garden arcade voussoir.018 478/551 | Building mesh BLAS |    1692 tris | Distant garden arcade arch.001
Fra:1 Mem:221.82M (Peak 290.98M) | Time:00:00.21 | Mem:125.59M, Peak:125.59M | Scene, ViewLayer | Updating Geometry BVH Distant garden arcade voussoir.019 479/551 | Building BVH
Fra:1 Mem:221.82M (Peak 290.98M) | Time:00:00.21 | Mem:125.59M, Peak:125.59M | Scene, ViewLayer | Updating Geometry BVH Distant garden arcade voussoir.019 479/551 | Building mesh BLAS |     188 tris | Distant garden arcade voussoir.019
Fra:1 Mem:221.82M (Peak 290.98M) | Time:00:00.21 | Mem:125.60M, Peak:125.60M | Scene, ViewLayer | Updating Geometry BVH Distant garden arcade voussoir.063 525/551 | Building BVH
Fra:1 Mem:221.82M (Peak 290.98M) | Time:00:00.21 | Mem:125.60M, Peak:125.60M | Scene, ViewLayer | Updating Geometry BVH Distant garden arcade voussoir.063 525/551 | Building mesh BLAS |     188 tris | Distant garden arcade voussoir.063
Fra:1 Mem:221.82M (Peak 290.98M) | Time:00:00.21 | Mem:125.60M, Peak:125.60M | Scene, ViewLayer | Updating Geometry BVH Distant garden arcade voussoir.020 480/551 | Building BVH
Fra:1 Mem:221.82M (Peak 290.98M) | Time:00:00.21 | Mem:125.61M, Peak:125.61M | Scene, ViewLayer | Updating Geometry BVH Distant garden arcade voussoir.020 480/551 | Building mesh BLAS |     188 tris | Distant garden arcade voussoir.020
Fra:1 Mem:221.82M (Peak 290.98M) | Time:00:00.21 | Mem:125.63M, Peak:125.63M | Scene, ViewLayer | Updating Geometry BVH Distant garden arcade voussoir.021 481/551 | Building BVH
Fra:1 Mem:221.82M (Peak 290.98M) | Time:00:00.21 | Mem:125.64M, Peak:125.64M | Scene, ViewLayer | Updating Geometry BVH Distant garden arcade voussoir.022 482/551 | Building BVH
Fra:1 Mem:221.82M (Peak 290.98M) | Time:00:00.21 | Mem:125.64M, Peak:125.64M | Scene, ViewLayer | Updating Geometry BVH Distant garden arcade voussoir.023 483/551 | Building BVH
Fra:1 Mem:221.82M (Peak 290.98M) | Time:00:00.21 | Mem:125.64M, Peak:125.64M | Scene, ViewLayer | Updating Geometry BVH Distant garden arcade voussoir.023 483/551 | Building mesh BLAS |     188 tris | Distant garden arcade voussoir.022
Fra:1 Mem:221.82M (Peak 290.98M) | Time:00:00.21 | Mem:125.64M, Peak:125.64M | Scene, ViewLayer | Updating Geometry BVH Distant garden arcade voussoir.023 483/551 | Building mesh BLAS |     188 tris | Distant garden arcade voussoir.023
Fra:1 Mem:221.82M (Peak 290.98M) | Time:00:00.21 | Mem:125.64M, Peak:125.64M | Scene, ViewLayer | Updating Geometry BVH Distant garden arcade voussoir.024 484/551 | Building BVH
Fra:1 Mem:221.82M (Peak 290.98M) | Time:00:00.21 | Mem:125.64M, Peak:125.64M | Scene, ViewLayer | Updating Geometry BVH Distant garden arcade voussoir.024 484/551 | Building mesh BLAS |     188 tris | Distant garden arcade voussoir.024
Fra:1 Mem:221.82M (Peak 290.98M) | Time:00:00.21 | Mem:125.76M, Peak:125.76M | Scene, ViewLayer | Updating Geometry BVH Distant garden arcade voussoir.025 485/551 | Building BVH
Fra:1 Mem:221.82M (Peak 290.98M) | Time:00:00.21 | Mem:125.76M, Peak:125.76M | Scene, ViewLayer | Updating Geometry BVH Distant garden arcade voussoir.025 485/551 | Building mesh BLAS |     188 tris | Distant garden arcade voussoir.025
Fra:1 Mem:221.82M (Peak 290.98M) | Time:00:00.21 | Mem:125.76M, Peak:125.76M | Scene, ViewLayer | Updating Geometry BVH Distant garden arcade voussoir.026 486/551 | Building BVH
Fra:1 Mem:221.82M (Peak 290.98M) | Time:00:00.21 | Mem:125.76M, Peak:125.76M | Scene, ViewLayer | Updating Geometry BVH Distant garden arcade voussoir.026 486/551 | Building mesh BLAS |     188 tris | Distant garden arcade voussoir.026
Fra:1 Mem:221.82M (Peak 290.98M) | Time:00:00.21 | Mem:125.78M, Peak:125.78M | Scene, ViewLayer | Updating Geometry BVH Distant garden arcade voussoir.027 487/551 | Building BVH
Fra:1 Mem:221.82M (Peak 290.98M) | Time:00:00.21 | Mem:125.78M, Peak:125.78M | Scene, ViewLayer | Updating Geometry BVH Distant garden arcade voussoir.027 487/551 | Building mesh BLAS |     188 tris | Distant garden arcade voussoir.027
Fra:1 Mem:221.82M (Peak 290.98M) | Time:00:00.21 | Mem:125.78M, Peak:125.78M | Scene, ViewLayer | Updating Geometry BVH Distant garden arcade voussoir.028 488/551 | Building BVH
Fra:1 Mem:221.82M (Peak 290.98M) | Time:00:00.21 | Mem:125.78M, Peak:125.78M | Scene, ViewLayer | Updating Geometry BVH Distant garden arcade voussoir.029 489/551 | Building BVH
Fra:1 Mem:221.82M (Peak 290.98M) | Time:00:00.21 | Mem:125.78M, Peak:125.78M | Scene, ViewLayer | Updating Geometry BVH Distant garden arcade voussoir.029 489/551 | Building mesh BLAS |     188 tris | Distant garden arcade voussoir.028
Fra:1 Mem:221.82M (Peak 290.98M) | Time:00:00.21 | Mem:125.78M, Peak:125.78M | Scene, ViewLayer | Updating Geometry BVH Distant garden arcade voussoir.029 489/551 | Building mesh BLAS |     188 tris | Distant garden arcade voussoir.029
Fra:1 Mem:221.82M (Peak 290.98M) | Time:00:00.21 | Mem:125.80M, Peak:125.80M | Scene, ViewLayer | Updating Geometry BVH Distant garden arcade voussoir.030 490/551 | Building BVH
Fra:1 Mem:221.82M (Peak 290.98M) | Time:00:00.21 | Mem:125.80M, Peak:125.80M | Scene, ViewLayer | Updating Geometry BVH Distant garden arcade voussoir.030 490/551 | Building mesh BLAS |     188 tris | Distant garden arcade voussoir.030
Fra:1 Mem:221.82M (Peak 290.98M) | Time:00:00.21 | Mem:125.80M, Peak:125.80M | Scene, ViewLayer | Updating Geometry BVH Distant garden arcade voussoir.031 491/551 | Building BVH
Fra:1 Mem:221.82M (Peak 290.98M) | Time:00:00.21 | Mem:125.80M, Peak:125.80M | Scene, ViewLayer | Updating Geometry BVH Distant garden arcade voussoir.031 491/551 | Building mesh BLAS |     188 tris | Distant garden arcade voussoir.031
Fra:1 Mem:221.82M (Peak 290.98M) | Time:00:00.21 | Mem:125.82M, Peak:125.82M | Scene, ViewLayer | Updating Geometry BVH Distant garden arcade voussoir.032 492/551 | Building BVH
Fra:1 Mem:221.82M (Peak 290.98M) | Time:00:00.21 | Mem:125.82M, Peak:125.82M | Scene, ViewLayer | Updating Geometry BVH Distant garden arcade voussoir.032 492/551 | Building mesh BLAS |     188 tris | Distant garden arcade voussoir.032
Fra:1 Mem:221.82M (Peak 290.98M) | Time:00:00.21 | Mem:125.82M, Peak:125.82M | Scene, ViewLayer | Updating Geometry BVH Distant garden arcade voussoir.033 493/551 | Building BVH
Fra:1 Mem:221.82M (Peak 290.98M) | Time:00:00.21 | Mem:125.82M, Peak:125.82M | Scene, ViewLayer | Updating Geometry BVH Distant garden arcade voussoir.033 493/551 | Building mesh BLAS |     188 tris | Distant garden arcade voussoir.033
Fra:1 Mem:221.82M (Peak 290.98M) | Time:00:00.21 | Mem:125.83M, Peak:125.83M | Scene, ViewLayer | Updating Geometry BVH Distant garden arcade arch.002 494/551 | Building BVH
Fra:1 Mem:221.82M (Peak 290.98M) | Time:00:00.21 | Mem:125.83M, Peak:125.83M | Scene, ViewLayer | Updating Geometry BVH Distant garden arcade voussoir.034 495/551 | Building BVH
Fra:1 Mem:221.82M (Peak 290.98M) | Time:00:00.21 | Mem:125.83M, Peak:125.83M | Scene, ViewLayer | Updating Geometry BVH Distant garden arcade voussoir.034 495/551 | Building mesh BLAS |     188 tris | Distant garden arcade voussoir.034
Fra:1 Mem:221.82M (Peak 290.98M) | Time:00:00.21 | Mem:125.83M, Peak:125.83M | Scene, ViewLayer | Updating Geometry BVH Distant garden arcade voussoir.034 495/551 | Building mesh BLAS |    1692 tris | Distant garden arcade arch.002
Fra:1 Mem:221.82M (Peak 290.98M) | Time:00:00.21 | Mem:125.84M, Peak:125.84M | Scene, ViewLayer | Updating Geometry BVH Distant garden arcade voussoir.035 496/551 | Building BVH
Fra:1 Mem:221.82M (Peak 290.98M) | Time:00:00.21 | Mem:125.85M, Peak:125.85M | Scene, ViewLayer | Updating Geometry BVH Distant garden arcade voussoir.035 496/551 | Building mesh BLAS |     188 tris | Distant garden arcade voussoir.035
Fra:1 Mem:221.82M (Peak 290.98M) | Time:00:00.21 | Mem:125.86M, Peak:125.86M | Scene, ViewLayer | Updating Geometry BVH Distant garden arcade voussoir.062 524/551 | Building BVH
Fra:1 Mem:221.82M (Peak 290.98M) | Time:00:00.21 | Mem:125.86M, Peak:125.86M | Scene, ViewLayer | Updating Geometry BVH Distant garden arcade voussoir.062 524/551 | Building mesh BLAS |     188 tris | Distant garden arcade voussoir.062
Fra:1 Mem:221.82M (Peak 290.98M) | Time:00:00.21 | Mem:125.86M, Peak:125.86M | Scene, ViewLayer | Updating Geometry BVH Distant garden arcade voussoir.036 497/551 | Building BVH
Fra:1 Mem:221.82M (Peak 290.98M) | Time:00:00.21 | Mem:125.86M, Peak:125.86M | Scene, ViewLayer | Updating Geometry BVH Distant garden arcade voussoir.037 498/551 | Building BVH
Fra:1 Mem:221.82M (Peak 290.98M) | Time:00:00.21 | Mem:125.88M, Peak:125.88M | Scene, ViewLayer | Updating Geometry BVH Distant garden arcade voussoir.037 498/551 | Building mesh BLAS |     188 tris | Distant garden arcade voussoir.036
Fra:1 Mem:221.82M (Peak 290.98M) | Time:00:00.21 | Mem:125.89M, Peak:125.89M | Scene, ViewLayer | Updating Geometry BVH Distant garden arcade voussoir.038 499/551 | Building BVH
Fra:1 Mem:221.82M (Peak 290.98M) | Time:00:00.21 | Mem:125.89M, Peak:125.89M | Scene, ViewLayer | Updating Geometry BVH Distant garden arcade voussoir.039 500/551 | Building BVH
Fra:1 Mem:221.82M (Peak 290.98M) | Time:00:00.21 | Mem:125.89M, Peak:125.89M | Scene, ViewLayer | Updating Geometry BVH Distant garden arcade voussoir.039 500/551 | Building mesh BLAS |     188 tris | Distant garden arcade voussoir.038
Fra:1 Mem:221.82M (Peak 290.98M) | Time:00:00.21 | Mem:125.89M, Peak:125.89M | Scene, ViewLayer | Updating Geometry BVH Distant garden arcade voussoir.040 501/551 | Building BVH
Fra:1 Mem:221.82M (Peak 290.98M) | Time:00:00.21 | Mem:125.89M, Peak:125.89M | Scene, ViewLayer | Updating Geometry BVH Distant garden arcade voussoir.040 501/551 | Building mesh BLAS |     188 tris | Distant garden arcade voussoir.039
Fra:1 Mem:221.82M (Peak 290.98M) | Time:00:00.21 | Mem:125.89M, Peak:125.89M | Scene, ViewLayer | Updating Geometry BVH Distant garden arcade voussoir.040 501/551 | Building mesh BLAS |     188 tris | Distant garden arcade voussoir.040
Fra:1 Mem:221.82M (Peak 290.98M) | Time:00:00.21 | Mem:125.90M, Peak:125.90M | Scene, ViewLayer | Updating Geometry BVH Distant garden arcade voussoir.041 502/551 | Building BVH
Fra:1 Mem:221.82M (Peak 290.98M) | Time:00:00.21 | Mem:125.90M, Peak:125.90M | Scene, ViewLayer | Updating Geometry BVH Distant garden arcade voussoir.041 502/551 | Building mesh BLAS |     188 tris | Distant garden arcade voussoir.041
Fra:1 Mem:221.82M (Peak 290.98M) | Time:00:00.21 | Mem:125.91M, Peak:125.91M | Scene, ViewLayer | Updating Geometry BVH Distant garden arcade voussoir.042 503/551 | Building BVH
Fra:1 Mem:221.82M (Peak 290.98M) | Time:00:00.21 | Mem:125.91M, Peak:125.91M | Scene, ViewLayer | Updating Geometry BVH Distant garden arcade voussoir.042 503/551 | Building mesh BLAS |     188 tris | Distant garden arcade voussoir.042
Fra:1 Mem:221.82M (Peak 290.98M) | Time:00:00.21 | Mem:125.91M, Peak:125.91M | Scene, ViewLayer | Updating Geometry BVH Distant garden arcade voussoir.043 504/551 | Building BVH
Fra:1 Mem:221.82M (Peak 290.98M) | Time:00:00.21 | Mem:125.91M, Peak:125.91M | Scene, ViewLayer | Updating Geometry BVH Distant garden arcade voussoir.044 505/551 | Building BVH
Fra:1 Mem:221.82M (Peak 290.98M) | Time:00:00.21 | Mem:125.91M, Peak:125.91M | Scene, ViewLayer | Updating Geometry BVH Distant garden arcade voussoir.045 506/551 | Building mesh BLAS |     188 tris | Distant garden arcade voussoir.043
Fra:1 Mem:221.82M (Peak 290.98M) | Time:00:00.21 | Mem:125.91M, Peak:125.91M | Scene, ViewLayer | Updating Geometry BVH Distant garden arcade voussoir.045 506/551 | Building mesh BLAS |     188 tris | Distant garden arcade voussoir.044
Fra:1 Mem:221.82M (Peak 290.98M) | Time:00:00.21 | Mem:125.91M, Peak:125.91M | Scene, ViewLayer | Updating Geometry BVH Distant garden arcade voussoir.045 506/551 | Building mesh BLAS |     188 tris | Distant garden arcade voussoir.045
Fra:1 Mem:221.82M (Peak 290.98M) | Time:00:00.21 | Mem:125.92M, Peak:125.92M | Scene, ViewLayer | Updating Geometry BVH Distant garden arcade voussoir.046 507/551 | Building BVH
Fra:1 Mem:221.82M (Peak 290.98M) | Time:00:00.21 | Mem:125.92M, Peak:125.92M | Scene, ViewLayer | Updating Geometry BVH Distant garden arcade voussoir.047 508/551 | Building BVH
Fra:1 Mem:221.82M (Peak 290.98M) | Time:00:00.21 | Mem:125.92M, Peak:125.92M | Scene, ViewLayer | Updating Geometry BVH Distant garden arcade voussoir.047 508/551 | Building mesh BLAS |     188 tris | Distant garden arcade voussoir.047
Fra:1 Mem:221.82M (Peak 290.98M) | Time:00:00.21 | Mem:125.93M, Peak:125.93M | Scene, ViewLayer | Updating Geometry BVH Distant garden arcade voussoir.048 509/551 | Building BVH
Fra:1 Mem:221.82M (Peak 290.98M) | Time:00:00.21 | Mem:125.93M, Peak:125.93M | Scene, ViewLayer | Updating Geometry BVH Distant garden arcade voussoir.049 510/551 | Building mesh BLAS |     188 tris | Distant garden arcade voussoir.048
Fra:1 Mem:221.82M (Peak 290.98M) | Time:00:00.21 | Mem:125.93M, Peak:125.93M | Scene, ViewLayer | Updating Geometry BVH Distant garden arcade voussoir.050 511/551 | Building BVH
Fra:1 Mem:221.82M (Peak 290.98M) | Time:00:00.21 | Mem:125.93M, Peak:125.93M | Scene, ViewLayer | Updating Geometry BVH Distant garden arcade voussoir.050 511/551 | Building mesh BLAS |     188 tris | Distant garden arcade voussoir.049
Fra:1 Mem:221.82M (Peak 290.98M) | Time:00:00.21 | Mem:125.93M, Peak:125.93M | Scene, ViewLayer | Updating Geometry BVH Distant garden arcade voussoir.050 511/551 | Building mesh BLAS |     188 tris | Distant garden arcade voussoir.050
Fra:1 Mem:221.82M (Peak 290.98M) | Time:00:00.21 | Mem:125.93M, Peak:125.93M | Scene, ViewLayer | Updating Geometry BVH Distant garden arcade arch.003 512/551 | Building BVH
Fra:1 Mem:221.82M (Peak 290.98M) | Time:00:00.21 | Mem:125.94M, Peak:125.94M | Scene, ViewLayer | Updating Geometry BVH Distant garden arcade arch.003 512/551 | Building mesh BLAS |    1692 tris | Distant garden arcade arch.003
Fra:1 Mem:221.82M (Peak 290.98M) | Time:00:00.21 | Mem:125.94M, Peak:125.94M | Scene, ViewLayer | Updating Geometry BVH Distant garden arcade voussoir.061 523/551 | Building BVH
Fra:1 Mem:221.82M (Peak 290.98M) | Time:00:00.21 | Mem:125.95M, Peak:125.95M | Scene, ViewLayer | Updating Geometry BVH Distant garden arcade voussoir.051 513/551 | Building mesh BLAS |     188 tris | Distant garden arcade voussoir.061
Fra:1 Mem:221.82M (Peak 290.98M) | Time:00:00.21 | Mem:125.95M, Peak:125.95M | Scene, ViewLayer | Updating Geometry BVH Distant garden arcade voussoir.051 513/551 | Building mesh BLAS |     188 tris | Distant garden arcade voussoir.051
Fra:1 Mem:221.82M (Peak 290.98M) | Time:00:00.21 | Mem:125.96M, Peak:125.96M | Scene, ViewLayer | Updating Geometry BVH Distant garden arcade voussoir.052 514/551 | Building BVH
Fra:1 Mem:221.82M (Peak 290.98M) | Time:00:00.21 | Mem:125.96M, Peak:125.96M | Scene, ViewLayer | Updating Geometry BVH Distant garden arcade voussoir.053 515/551 | Building BVH
Fra:1 Mem:221.82M (Peak 290.98M) | Time:00:00.21 | Mem:125.97M, Peak:125.97M | Scene, ViewLayer | Updating Geometry BVH Distant garden arcade voussoir.054 516/551 | Building BVH
Fra:1 Mem:221.82M (Peak 290.98M) | Time:00:00.21 | Mem:125.97M, Peak:125.97M | Scene, ViewLayer | Updating Geometry BVH Distant garden arcade voussoir.054 516/551 | Building mesh BLAS |     188 tris | Distant garden arcade voussoir.053
Fra:1 Mem:221.82M (Peak 290.98M) | Time:00:00.21 | Mem:125.97M, Peak:125.97M | Scene, ViewLayer | Updating Geometry BVH Distant garden arcade voussoir.055 517/551 | Building BVH
Fra:1 Mem:221.82M (Peak 290.98M) | Time:00:00.21 | Mem:125.97M, Peak:125.97M | Scene, ViewLayer | Updating Geometry BVH Distant garden arcade voussoir.056 518/551 | Building BVH
Fra:1 Mem:221.82M (Peak 290.98M) | Time:00:00.21 | Mem:125.97M, Peak:125.97M | Scene, ViewLayer | Updating Geometry BVH Distant garden arcade voussoir.056 518/551 | Building mesh BLAS |     188 tris | Distant garden arcade voussoir.056
Fra:1 Mem:221.82M (Peak 290.98M) | Time:00:00.21 | Mem:125.97M, Peak:125.97M | Scene, ViewLayer | Updating Geometry BVH Distant garden arcade voussoir.056 518/551 | Building mesh BLAS |     188 tris | Distant garden arcade voussoir.055
Fra:1 Mem:221.82M (Peak 290.98M) | Time:00:00.21 | Mem:125.99M, Peak:125.99M | Scene, ViewLayer | Updating Geometry BVH Distant garden arcade voussoir.057 519/551 | Building BVH
Fra:1 Mem:221.82M (Peak 290.98M) | Time:00:00.21 | Mem:126.00M, Peak:126.00M | Scene, ViewLayer | Updating Geometry BVH Distant garden arcade voussoir.057 519/551 | Building mesh BLAS |     188 tris | Distant garden arcade voussoir.057
Fra:1 Mem:221.82M (Peak 290.98M) | Time:00:00.21 | Mem:126.00M, Peak:126.00M | Scene, ViewLayer | Updating Geometry BVH Distant garden arcade voussoir.058 520/551 | Building BVH
Fra:1 Mem:221.82M (Peak 290.98M) | Time:00:00.21 | Mem:126.00M, Peak:126.00M | Scene, ViewLayer | Updating Geometry BVH Distant garden arcade voussoir.058 520/551 | Building mesh BLAS |     188 tris | Distant garden arcade voussoir.058
Fra:1 Mem:221.82M (Peak 290.98M) | Time:00:00.21 | Mem:126.01M, Peak:126.01M | Scene, ViewLayer | Updating Geometry BVH Distant garden arcade voussoir.059 521/551 | Building BVH
Fra:1 Mem:221.82M (Peak 290.98M) | Time:00:00.21 | Mem:126.01M, Peak:126.01M | Scene, ViewLayer | Updating Geometry BVH Distant garden arcade voussoir.060 522/551 | Building BVH
Fra:1 Mem:221.82M (Peak 290.98M) | Time:00:00.21 | Mem:126.01M, Peak:126.01M | Scene, ViewLayer | Updating Geometry BVH Distant garden arcade voussoir.060 522/551 | Building mesh BLAS |     188 tris | Distant garden arcade voussoir.059
Fra:1 Mem:221.82M (Peak 290.98M) | Time:00:00.21 | Mem:126.01M, Peak:126.01M | Scene, ViewLayer | Updating Geometry BVH Distant garden arcade voussoir.060 522/551 | Building mesh BLAS |     188 tris | Distant garden arcade voussoir.060
Fra:1 Mem:221.82M (Peak 290.98M) | Time:00:00.21 | Mem:126.15M, Peak:126.15M | Scene, ViewLayer | Updating Scene BVH | Building
Fra:1 Mem:221.83M (Peak 290.98M) | Time:00:00.23 | Mem:132.70M, Peak:132.70M | Scene, ViewLayer | Updating Scene BVH | Building TLAS      |     571 instances
Fra:1 Mem:221.84M (Peak 290.98M) | Time:00:00.23 | Mem:132.83M, Peak:132.83M | Scene, ViewLayer | Updating Scene BVH | Copying BVH to device
Fra:1 Mem:221.84M (Peak 290.98M) | Time:00:00.23 | Mem:132.83M, Peak:132.83M | Scene, ViewLayer | Updating Mesh | Computing normals
Fra:1 Mem:237.11M (Peak 290.98M) | Time:00:00.23 | Mem:132.83M, Peak:132.83M | Scene, ViewLayer | Updating Mesh | Copying Mesh to device
Fra:1 Mem:221.84M (Peak 290.98M) | Time:00:00.23 | Mem:148.14M, Peak:148.14M | Scene, ViewLayer | Updating Objects Flags
Fra:1 Mem:221.84M (Peak 290.98M) | Time:00:00.23 | Mem:148.15M, Peak:148.15M | Scene, ViewLayer | Updating Primitive Offsets
Fra:1 Mem:221.84M (Peak 290.98M) | Time:00:00.23 | Mem:148.15M, Peak:148.15M | Scene, ViewLayer | Updating Images
Fra:1 Mem:221.84M (Peak 290.98M) | Time:00:00.23 | Mem:148.15M, Peak:148.15M | Scene, ViewLayer | Updating Images | Loading plastered_wall_02_disp_2k.jpg
Fra:1 Mem:225.84M (Peak 290.98M) | Time:00:00.23 | Mem:148.15M, Peak:148.15M | Scene, ViewLayer | Updating Images | Loading sky_nishita
Fra:1 Mem:225.84M (Peak 290.98M) | Time:00:00.23 | Mem:148.15M, Peak:148.15M | Scene, ViewLayer | Updating Images | Loading plastered_wall_02_diff_2k.jpg
Fra:1 Mem:226.84M (Peak 290.98M) | Time:00:00.23 | Mem:148.15M, Peak:148.15M | Scene, ViewLayer | Updating Images | Loading marble_01_rough_2k.jpg
Fra:1 Mem:262.84M (Peak 290.98M) | Time:00:00.23 | Mem:148.15M, Peak:148.15M | Scene, ViewLayer | Updating Images | Loading concrete_floor_02_disp_2k.jpg
Fra:1 Mem:306.84M (Peak 306.84M) | Time:00:00.26 | Mem:233.15M, Peak:233.15M | Scene, ViewLayer | Updating Camera Volume
Fra:1 Mem:306.84M (Peak 306.84M) | Time:00:00.26 | Mem:233.15M, Peak:233.15M | Scene, ViewLayer | Updating Lookup Tables
Fra:1 Mem:306.75M (Peak 306.84M) | Time:00:00.26 | Mem:233.24M, Peak:233.24M | Scene, ViewLayer | Updating Lights
Fra:1 Mem:306.75M (Peak 306.84M) | Time:00:00.26 | Mem:233.24M, Peak:233.24M | Scene, ViewLayer | Updating Lights | Importance map
Fra:1 Mem:306.74M (Peak 310.75M) | Time:00:00.28 | Mem:234.28M, Peak:236.76M | Scene, ViewLayer | Updating Lights | Computing tree
Fra:1 Mem:306.74M (Peak 310.75M) | Time:00:00.28 | Mem:234.28M, Peak:236.76M | Scene, ViewLayer | Updating Integrator
Fra:1 Mem:306.74M (Peak 310.75M) | Time:00:00.28 | Mem:234.28M, Peak:236.76M | Scene, ViewLayer | Updating Film
Fra:1 Mem:306.83M (Peak 310.75M) | Time:00:00.28 | Mem:234.19M, Peak:236.76M | Scene, ViewLayer | Updating Lookup Tables
Fra:1 Mem:306.74M (Peak 310.75M) | Time:00:00.28 | Mem:234.28M, Peak:236.76M | Scene, ViewLayer | Updating Baking
Fra:1 Mem:306.74M (Peak 310.75M) | Time:00:00.28 | Mem:234.28M, Peak:236.76M | Scene, ViewLayer | Updating Device | Writing constant memory
Fra:1 Mem:306.75M (Peak 310.75M) | Time:00:00.30 | Mem:234.28M, Peak:236.76M | Scene, ViewLayer | Loading denoising kernels (may take a few minutes the first time)
Fra:1 Mem:306.75M (Peak 338.75M) | Time:00:00.30 | Mem:3434.29M, Peak:3434.29M | Scene, ViewLayer | Sample 0/48 (Using optimized kernels)
Fra:1 Mem:306.76M (Peak 384.69M) | Time:00:00.45 | Remaining:00:07.05 | Mem:3512.24M, Peak:3512.24M | Scene, ViewLayer | Sample 1/48 (Using optimized kernels)
Fra:1 Mem:339.57M (Peak 388.79M) | Time:00:02.83 | Mem:3512.24M, Peak:3512.24M | Scene, ViewLayer | Sample 48/48 (Using optimized kernels)
Fra:1 Mem:339.57M (Peak 388.79M) | Time:00:02.83 | Mem:3512.24M, Peak:3512.24M | Scene, ViewLayer | Finished
Saved: '/Users/xuanji/gits/mv-astra/output/monuments/previews/03-impossible-frame-garden.png'
Time: 00:03.05 (Saving: 00:00.17)

FINISHED 03-impossible-frame-garden alignment errors: [6.67572021484375e-05]

Blender quit
