Info: Applied modifier was not first, result may not be as expected
11:19:39 | INFO: Data are loaded, start creating Blender stuff
11:19:39 | INFO: Blender create Mesh node potted_plant_01_base_low
11:19:39 | INFO: Blender create Mesh node Circle.008
11:19:39 | INFO: Blender create Mesh node Circle.002
11:19:39 | INFO: Blender create Mesh node Plane.070
11:19:39 | INFO: glTF import finished in 0.11s
Blender 4.5.0 (hash 8cb6b388974a built 2025-07-15 01:35:28)
Fra:1 Mem:112.54M (Peak 117.44M) | Time:00:00.02 | Mem:0.02M, Peak:0.02M | Scene, ViewLayer | Synchronizing object | Seabed
Fra:1 Mem:112.54M (Peak 117.44M) | Time:00:00.02 | Mem:0.02M, Peak:0.02M | Scene, ViewLayer | Synchronizing object | Garden travertine paving.002
Fra:1 Mem:112.55M (Peak 117.44M) | Time:00:00.02 | Mem:0.02M, Peak:0.02M | Scene, ViewLayer | Synchronizing object | Garden travertine paving.010
Fra:1 Mem:114.56M (Peak 117.44M) | Time:00:00.02 | Mem:0.02M, Peak:0.02M | Scene, ViewLayer | Synchronizing object | Garden travertine paving.013
Fra:1 Mem:114.98M (Peak 117.44M) | Time:00:00.02 | Mem:0.02M, Peak:0.02M | Scene, ViewLayer | Synchronizing object | Garden travertine paving.014
Fra:1 Mem:114.95M (Peak 117.44M) | Time:00:00.02 | Mem:0.02M, Peak:0.02M | Scene, ViewLayer | Synchronizing object | Garden travertine paving.017
Fra:1 Mem:114.99M (Peak 117.44M) | Time:00:00.02 | Mem:0.02M, Peak:0.02M | Scene, ViewLayer | Synchronizing object | Garden travertine paving.019
Fra:1 Mem:115.03M (Peak 117.44M) | Time:00:00.02 | Mem:0.02M, Peak:0.02M | Scene, ViewLayer | Synchronizing object | Garden travertine paving.020
Fra:1 Mem:114.98M (Peak 117.44M) | Time:00:00.02 | Mem:0.02M, Peak:0.02M | Scene, ViewLayer | Synchronizing object | Garden travertine paving.030
Fra:1 Mem:114.97M (Peak 117.44M) | Time:00:00.02 | Mem:0.02M, Peak:0.02M | Scene, ViewLayer | Synchronizing object | Garden travertine paving.028
Fra:1 Mem:115.04M (Peak 117.44M) | Time:00:00.02 | Mem:0.02M, Peak:0.02M | Scene, ViewLayer | Synchronizing object | Garden travertine paving.031
Fra:1 Mem:115.05M (Peak 117.44M) | Time:00:00.02 | Mem:0.02M, Peak:0.02M | Scene, ViewLayer | Synchronizing object | Garden travertine paving.032
Fra:1 Mem:115.09M (Peak 117.44M) | Time:00:00.02 | Mem:0.02M, Peak:0.02M | Scene, ViewLayer | Synchronizing object | Garden travertine paving.033
Fra:1 Mem:115.10M (Peak 117.44M) | Time:00:00.02 | Mem:0.02M, Peak:0.02M | Scene, ViewLayer | Synchronizing object | Garden travertine paving.035
Fra:1 Mem:115.15M (Peak 117.44M) | Time:00:00.02 | Mem:0.02M, Peak:0.02M | Scene, ViewLayer | Synchronizing object | Garden travertine paving.037
Fra:1 Mem:115.25M (Peak 117.44M) | Time:00:00.02 | Mem:0.02M, Peak:0.02M | Scene, ViewLayer | Synchronizing object | Garden travertine paving.038
Fra:1 Mem:115.29M (Peak 117.44M) | Time:00:00.02 | Mem:0.02M, Peak:0.02M | Scene, ViewLayer | Synchronizing object | Garden travertine paving.039
Fra:1 Mem:115.33M (Peak 117.44M) | Time:00:00.02 | Mem:0.02M, Peak:0.02M | Scene, ViewLayer | Synchronizing object | Garden travertine paving.040
Fra:1 Mem:115.40M (Peak 117.44M) | Time:00:00.02 | Mem:0.02M, Peak:0.02M | Scene, ViewLayer | Synchronizing object | Garden travertine paving.041
Fra:1 Mem:115.36M (Peak 117.44M) | Time:00:00.02 | Mem:0.02M, Peak:0.02M | Scene, ViewLayer | Synchronizing object | Garden travertine paving.043
Fra:1 Mem:115.41M (Peak 117.44M) | Time:00:00.02 | Mem:0.02M, Peak:0.02M | Scene, ViewLayer | Synchronizing object | Garden travertine paving.044
Fra:1 Mem:115.42M (Peak 117.44M) | Time:00:00.02 | Mem:0.02M, Peak:0.02M | Scene, ViewLayer | Synchronizing object | Garden travertine paving.045
Fra:1 Mem:115.43M (Peak 117.44M) | Time:00:00.02 | Mem:0.02M, Peak:0.02M | Scene, ViewLayer | Synchronizing object | Garden travertine paving.048
Fra:1 Mem:115.45M (Peak 117.44M) | Time:00:00.02 | Mem:0.02M, Peak:0.02M | Scene, ViewLayer | Synchronizing object | Garden travertine paving.049
Fra:1 Mem:115.60M (Peak 117.44M) | Time:00:00.02 | Mem:0.02M, Peak:0.02M | Scene, ViewLayer | Synchronizing object | Garden travertine paving.050
Fra:1 Mem:115.67M (Peak 117.44M) | Time:00:00.02 | Mem:0.02M, Peak:0.02M | Scene, ViewLayer | Synchronizing object | Garden travertine paving.055
Fra:1 Mem:115.70M (Peak 117.44M) | Time:00:00.02 | Mem:0.02M, Peak:0.02M | Scene, ViewLayer | Synchronizing object | Garden travertine paving.058
Fra:1 Mem:115.69M (Peak 117.44M) | Time:00:00.02 | Mem:0.02M, Peak:0.02M | Scene, ViewLayer | Synchronizing object | Garden travertine paving.059
Fra:1 Mem:115.74M (Peak 117.44M) | Time:00:00.02 | Mem:0.02M, Peak:0.02M | Scene, ViewLayer | Synchronizing object | Garden travertine paving.060
Fra:1 Mem:115.74M (Peak 117.44M) | Time:00:00.02 | Mem:0.02M, Peak:0.02M | Scene, ViewLayer | Synchronizing object | Garden travertine paving.062
Fra:1 Mem:115.79M (Peak 117.44M) | Time:00:00.02 | Mem:0.02M, Peak:0.02M | Scene, ViewLayer | Synchronizing object | Garden travertine paving.063
Fra:1 Mem:115.78M (Peak 117.44M) | Time:00:00.02 | Mem:0.02M, Peak:0.02M | Scene, ViewLayer | Synchronizing object | Garden travertine paving.064
Fra:1 Mem:115.84M (Peak 117.44M) | Time:00:00.02 | Mem:0.02M, Peak:0.02M | Scene, ViewLayer | Synchronizing object | Garden travertine paving.065
Fra:1 Mem:115.87M (Peak 117.44M) | Time:00:00.02 | Mem:0.02M, Peak:0.02M | Scene, ViewLayer | Synchronizing object | Garden travertine paving.066
Fra:1 Mem:115.91M (Peak 117.44M) | Time:00:00.02 | Mem:0.02M, Peak:0.02M | Scene, ViewLayer | Synchronizing object | Garden travertine paving.067
Fra:1 Mem:115.97M (Peak 117.44M) | Time:00:00.02 | Mem:0.02M, Peak:0.02M | Scene, ViewLayer | Synchronizing object | Garden travertine paving.068
Fra:1 Mem:116.10M (Peak 117.44M) | Time:00:00.02 | Mem:0.02M, Peak:0.02M | Scene, ViewLayer | Synchronizing object | Garden travertine paving.069
Fra:1 Mem:116.09M (Peak 117.44M) | Time:00:00.02 | Mem:0.02M, Peak:0.02M | Scene, ViewLayer | Synchronizing object | Garden travertine paving.071
Fra:1 Mem:116.15M (Peak 117.44M) | Time:00:00.02 | Mem:0.02M, Peak:0.02M | Scene, ViewLayer | Synchronizing object | Garden travertine paving.074
Fra:1 Mem:116.14M (Peak 117.44M) | Time:00:00.02 | Mem:0.02M, Peak:0.02M | Scene, ViewLayer | Synchronizing object | Garden travertine paving.075
Fra:1 Mem:116.14M (Peak 117.44M) | Time:00:00.02 | Mem:0.02M, Peak:0.02M | Scene, ViewLayer | Synchronizing object | Garden travertine paving.078
Fra:1 Mem:116.21M (Peak 117.44M) | Time:00:00.02 | Mem:0.02M, Peak:0.02M | Scene, ViewLayer | Synchronizing object | Garden travertine paving.079
Fra:1 Mem:116.25M (Peak 117.44M) | Time:00:00.02 | Mem:0.02M, Peak:0.02M | Scene, ViewLayer | Synchronizing object | Garden travertine paving.080
Fra:1 Mem:116.28M (Peak 117.44M) | Time:00:00.02 | Mem:0.02M, Peak:0.02M | Scene, ViewLayer | Synchronizing object | Garden travertine paving.081
Fra:1 Mem:116.32M (Peak 117.44M) | Time:00:00.02 | Mem:0.02M, Peak:0.02M | Scene, ViewLayer | Synchronizing object | Garden travertine paving.082
Fra:1 Mem:116.33M (Peak 117.44M) | Time:00:00.02 | Mem:0.02M, Peak:0.02M | Scene, ViewLayer | Synchronizing object | Garden travertine paving.083
Fra:1 Mem:116.41M (Peak 117.44M) | Time:00:00.02 | Mem:0.02M, Peak:0.02M | Scene, ViewLayer | Synchronizing object | Garden travertine paving.084
Fra:1 Mem:116.41M (Peak 117.44M) | Time:00:00.02 | Mem:0.02M, Peak:0.02M | Scene, ViewLayer | Synchronizing object | Garden travertine paving.087
Fra:1 Mem:116.45M (Peak 117.44M) | Time:00:00.02 | Mem:0.02M, Peak:0.02M | Scene, ViewLayer | Synchronizing object | Garden travertine paving.088
Fra:1 Mem:116.48M (Peak 117.44M) | Time:00:00.02 | Mem:0.02M, Peak:0.02M | Scene, ViewLayer | Synchronizing object | Garden travertine paving.090
Fra:1 Mem:116.51M (Peak 117.44M) | Time:00:00.02 | Mem:0.02M, Peak:0.02M | Scene, ViewLayer | Synchronizing object | Garden travertine paving.091
Fra:1 Mem:116.51M (Peak 117.44M) | Time:00:00.02 | Mem:0.02M, Peak:0.02M | Scene, ViewLayer | Synchronizing object | Garden travertine paving.092
Fra:1 Mem:116.60M (Peak 117.44M) | Time:00:00.02 | Mem:0.02M, Peak:0.02M | Scene, ViewLayer | Synchronizing object | Garden travertine paving.093
Fra:1 Mem:116.61M (Peak 117.44M) | Time:00:00.02 | Mem:0.02M, Peak:0.02M | Scene, ViewLayer | Synchronizing object | Garden travertine paving.094
Fra:1 Mem:116.67M (Peak 117.44M) | Time:00:00.02 | Mem:0.02M, Peak:0.02M | Scene, ViewLayer | Synchronizing object | Garden travertine paving.095
Fra:1 Mem:116.65M (Peak 117.44M) | Time:00:00.02 | Mem:0.02M, Peak:0.02M | Scene, ViewLayer | Synchronizing object | Garden travertine paving.096
Fra:1 Mem:116.71M (Peak 117.44M) | Time:00:00.02 | Mem:0.02M, Peak:0.02M | Scene, ViewLayer | Synchronizing object | Garden travertine paving.100
Fra:1 Mem:116.70M (Peak 117.44M) | Time:00:00.02 | Mem:0.02M, Peak:0.02M | Scene, ViewLayer | Synchronizing object | Garden travertine paving.101
Fra:1 Mem:116.73M (Peak 117.44M) | Time:00:00.02 | Mem:0.02M, Peak:0.02M | Scene, ViewLayer | Synchronizing object | Garden travertine paving.102
Fra:1 Mem:116.75M (Peak 117.44M) | Time:00:00.02 | Mem:0.02M, Peak:0.02M | Scene, ViewLayer | Synchronizing object | Garden travertine paving.103
Fra:1 Mem:116.82M (Peak 117.44M) | Time:00:00.02 | Mem:0.02M, Peak:0.02M | Scene, ViewLayer | Synchronizing object | Garden travertine paving.104
Fra:1 Mem:116.86M (Peak 117.44M) | Time:00:00.02 | Mem:0.02M, Peak:0.02M | Scene, ViewLayer | Synchronizing object | Garden travertine paving.105
Fra:1 Mem:116.90M (Peak 117.44M) | Time:00:00.02 | Mem:0.02M, Peak:0.02M | Scene, ViewLayer | Synchronizing object | Garden travertine paving.106
Fra:1 Mem:116.93M (Peak 117.44M) | Time:00:00.02 | Mem:0.02M, Peak:0.02M | Scene, ViewLayer | Synchronizing object | Garden travertine paving.107
Fra:1 Mem:117.03M (Peak 117.44M) | Time:00:00.02 | Mem:0.02M, Peak:0.02M | Scene, ViewLayer | Synchronizing object | Garden travertine paving.108
Fra:1 Mem:117.09M (Peak 117.44M) | Time:00:00.02 | Mem:0.02M, Peak:0.02M | Scene, ViewLayer | Synchronizing object | Garden travertine paving.109
Fra:1 Mem:117.16M (Peak 117.44M) | Time:00:00.02 | Mem:0.02M, Peak:0.02M | Scene, ViewLayer | Synchronizing object | Garden travertine paving.112
Fra:1 Mem:117.07M (Peak 117.44M) | Time:00:00.02 | Mem:0.02M, Peak:0.02M | Scene, ViewLayer | Synchronizing object | Garden travertine paving.114
Fra:1 Mem:117.11M (Peak 117.44M) | Time:00:00.02 | Mem:0.02M, Peak:0.02M | Scene, ViewLayer | Synchronizing object | Garden travertine paving.116
Fra:1 Mem:117.16M (Peak 117.44M) | Time:00:00.02 | Mem:0.02M, Peak:0.02M | Scene, ViewLayer | Synchronizing object | Garden travertine paving.119
Fra:1 Mem:117.22M (Peak 117.44M) | Time:00:00.02 | Mem:0.02M, Peak:0.02M | Scene, ViewLayer | Synchronizing object | Garden travertine paving.120
Fra:1 Mem:117.24M (Peak 117.44M) | Time:00:00.02 | Mem:0.02M, Peak:0.02M | Scene, ViewLayer | Synchronizing object | Garden travertine paving.121
Fra:1 Mem:117.27M (Peak 117.44M) | Time:00:00.02 | Mem:0.02M, Peak:0.02M | Scene, ViewLayer | Synchronizing object | Garden travertine paving.122
Fra:1 Mem:117.31M (Peak 117.44M) | Time:00:00.02 | Mem:0.02M, Peak:0.02M | Scene, ViewLayer | Synchronizing object | Garden travertine paving.123
Fra:1 Mem:117.33M (Peak 117.44M) | Time:00:00.02 | Mem:0.02M, Peak:0.02M | Scene, ViewLayer | Synchronizing object | Garden travertine paving.125
Fra:1 Mem:117.44M (Peak 117.44M) | Time:00:00.02 | Mem:0.02M, Peak:0.02M | Scene, ViewLayer | Synchronizing object | Garden travertine paving.126
Fra:1 Mem:117.43M (Peak 117.44M) | Time:00:00.02 | Mem:0.02M, Peak:0.02M | Scene, ViewLayer | Synchronizing object | Garden travertine paving.127
Fra:1 Mem:117.46M (Peak 117.46M) | Time:00:00.02 | Mem:0.02M, Peak:0.02M | Scene, ViewLayer | Synchronizing object | Garden travertine paving.129
Fra:1 Mem:117.48M (Peak 117.48M) | Time:00:00.02 | Mem:0.02M, Peak:0.02M | Scene, ViewLayer | Synchronizing object | Garden travertine paving.130
Fra:1 Mem:117.47M (Peak 117.48M) | Time:00:00.02 | Mem:0.02M, Peak:0.02M | Scene, ViewLayer | Synchronizing object | Garden travertine paving.131
Fra:1 Mem:117.56M (Peak 117.56M) | Time:00:00.02 | Mem:0.02M, Peak:0.02M | Scene, ViewLayer | Synchronizing object | Garden travertine paving.133
Fra:1 Mem:117.60M (Peak 117.60M) | Time:00:00.02 | Mem:0.02M, Peak:0.02M | Scene, ViewLayer | Synchronizing object | Garden travertine paving.134
Fra:1 Mem:117.58M (Peak 117.60M) | Time:00:00.02 | Mem:0.02M, Peak:0.02M | Scene, ViewLayer | Synchronizing object | Garden travertine paving.136
Fra:1 Mem:117.67M (Peak 117.67M) | Time:00:00.02 | Mem:0.02M, Peak:0.02M | Scene, ViewLayer | Synchronizing object | Garden travertine paving.137
Fra:1 Mem:117.66M (Peak 117.67M) | Time:00:00.02 | Mem:0.02M, Peak:0.02M | Scene, ViewLayer | Synchronizing object | Garden travertine paving.138
Fra:1 Mem:117.69M (Peak 117.69M) | Time:00:00.02 | Mem:0.02M, Peak:0.02M | Scene, ViewLayer | Synchronizing object | Garden travertine paving.140
Fra:1 Mem:117.71M (Peak 117.71M) | Time:00:00.02 | Mem:0.02M, Peak:0.02M | Scene, ViewLayer | Synchronizing object | Garden travertine paving.141
Fra:1 Mem:117.77M (Peak 117.77M) | Time:00:00.02 | Mem:0.02M, Peak:0.02M | Scene, ViewLayer | Synchronizing object | Garden travertine paving.142
Fra:1 Mem:117.81M (Peak 117.81M) | Time:00:00.02 | Mem:0.02M, Peak:0.02M | Scene, ViewLayer | Synchronizing object | Garden travertine paving.143
Fra:1 Mem:117.83M (Peak 117.83M) | Time:00:00.02 | Mem:0.02M, Peak:0.02M | Scene, ViewLayer | Synchronizing object | Garden travertine paving.145
Fra:1 Mem:117.87M (Peak 117.87M) | Time:00:00.02 | Mem:0.02M, Peak:0.02M | Scene, ViewLayer | Synchronizing object | Garden travertine paving.148
Fra:1 Mem:117.94M (Peak 117.94M) | Time:00:00.02 | Mem:0.02M, Peak:0.02M | Scene, ViewLayer | Synchronizing object | Garden travertine paving.150
Fra:1 Mem:117.97M (Peak 117.97M) | Time:00:00.02 | Mem:0.02M, Peak:0.02M | Scene, ViewLayer | Synchronizing object | Garden travertine paving.151
Fra:1 Mem:117.96M (Peak 117.97M) | Time:00:00.02 | Mem:0.02M, Peak:0.02M | Scene, ViewLayer | Synchronizing object | Garden travertine paving.152
Fra:1 Mem:118.02M (Peak 118.02M) | Time:00:00.02 | Mem:0.02M, Peak:0.02M | Scene, ViewLayer | Synchronizing object | Garden travertine paving.153
Fra:1 Mem:118.01M (Peak 118.02M) | Time:00:00.02 | Mem:0.02M, Peak:0.02M | Scene, ViewLayer | Synchronizing object | Garden travertine paving.154
Fra:1 Mem:118.07M (Peak 118.07M) | Time:00:00.02 | Mem:0.02M, Peak:0.02M | Scene, ViewLayer | Synchronizing object | Garden travertine paving.155
Fra:1 Mem:118.15M (Peak 118.15M) | Time:00:00.02 | Mem:0.02M, Peak:0.02M | Scene, ViewLayer | Synchronizing object | Garden travertine paving.156
Fra:1 Mem:118.21M (Peak 118.21M) | Time:00:00.02 | Mem:0.02M, Peak:0.02M | Scene, ViewLayer | Synchronizing object | Garden travertine paving.157
Fra:1 Mem:118.28M (Peak 118.28M) | Time:00:00.02 | Mem:0.02M, Peak:0.02M | Scene, ViewLayer | Synchronizing object | potted_plant_01_pebbles.001
Fra:1 Mem:118.31M (Peak 118.31M) | Time:00:00.02 | Mem:0.02M, Peak:0.02M | Scene, ViewLayer | Synchronizing object | Garden travertine paving.159
Fra:1 Mem:118.43M (Peak 118.43M) | Time:00:00.02 | Mem:0.02M, Peak:0.02M | Scene, ViewLayer | Synchronizing object | Garden travertine paving.161
Fra:1 Mem:118.43M (Peak 118.43M) | Time:00:00.02 | Mem:0.02M, Peak:0.02M | Scene, ViewLayer | Synchronizing object | Garden travertine paving.164
Fra:1 Mem:118.45M (Peak 118.45M) | Time:00:00.02 | Mem:0.02M, Peak:0.02M | Scene, ViewLayer | Synchronizing object | Garden travertine paving.166
Fra:1 Mem:118.49M (Peak 118.50M) | Time:00:00.02 | Mem:0.02M, Peak:0.02M | Scene, ViewLayer | Synchronizing object | Garden travertine paving.167
Fra:1 Mem:118.50M (Peak 118.50M) | Time:00:00.02 | Mem:0.02M, Peak:0.02M | Scene, ViewLayer | Synchronizing object | Garden travertine paving.169
Fra:1 Mem:118.53M (Peak 118.53M) | Time:00:00.02 | Mem:0.02M, Peak:0.02M | Scene, ViewLayer | Synchronizing object | Garden travertine paving.171
Fra:1 Mem:118.55M (Peak 118.55M) | Time:00:00.02 | Mem:0.02M, Peak:0.02M | Scene, ViewLayer | Synchronizing object | Garden travertine paving.172
Fra:1 Mem:118.59M (Peak 118.59M) | Time:00:00.02 | Mem:0.02M, Peak:0.02M | Scene, ViewLayer | Synchronizing object | Garden travertine paving.173
Fra:1 Mem:118.62M (Peak 118.62M) | Time:00:00.02 | Mem:0.02M, Peak:0.02M | Scene, ViewLayer | Synchronizing object | Garden travertine paving.174
Fra:1 Mem:118.62M (Peak 118.62M) | Time:00:00.02 | Mem:0.02M, Peak:0.02M | Scene, ViewLayer | Synchronizing object | Garden travertine paving.178
Fra:1 Mem:118.83M (Peak 118.83M) | Time:00:00.02 | Mem:0.02M, Peak:0.02M | Scene, ViewLayer | Synchronizing object | Garden travertine paving.179
Fra:1 Mem:119.55M (Peak 119.55M) | Time:00:00.02 | Mem:0.02M, Peak:0.02M | Scene, ViewLayer | Synchronizing object | Garden travertine paving.181
Fra:1 Mem:119.58M (Peak 119.58M) | Time:00:00.02 | Mem:0.02M, Peak:0.02M | Scene, ViewLayer | Synchronizing object | Garden travertine paving.182
Fra:1 Mem:119.69M (Peak 119.69M) | Time:00:00.02 | Mem:0.02M, Peak:0.02M | Scene, ViewLayer | Synchronizing object | Garden travertine paving.183
Fra:1 Mem:119.67M (Peak 119.69M) | Time:00:00.02 | Mem:0.02M, Peak:0.02M | Scene, ViewLayer | Synchronizing object | Garden travertine paving.184
Fra:1 Mem:119.68M (Peak 119.69M) | Time:00:00.02 | Mem:0.02M, Peak:0.02M | Scene, ViewLayer | Synchronizing object | Garden travertine paving.186
Fra:1 Mem:119.70M (Peak 119.70M) | Time:00:00.02 | Mem:0.02M, Peak:0.02M | Scene, ViewLayer | Synchronizing object | Garden travertine paving.187
Fra:1 Mem:119.75M (Peak 119.75M) | Time:00:00.02 | Mem:0.02M, Peak:0.02M | Scene, ViewLayer | Synchronizing object | Garden travertine paving.188
Fra:1 Mem:119.72M (Peak 119.75M) | Time:00:00.02 | Mem:0.02M, Peak:0.02M | Scene, ViewLayer | Synchronizing object | Garden travertine paving.190
Fra:1 Mem:119.77M (Peak 119.77M) | Time:00:00.02 | Mem:0.02M, Peak:0.02M | Scene, ViewLayer | Synchronizing object | Garden travertine paving.191
Fra:1 Mem:119.80M (Peak 119.80M) | Time:00:00.02 | Mem:0.02M, Peak:0.02M | Scene, ViewLayer | Synchronizing object | Garden travertine paving.193
Fra:1 Mem:119.80M (Peak 119.80M) | Time:00:00.02 | Mem:0.02M, Peak:0.02M | Scene, ViewLayer | Synchronizing object | Garden travertine paving.194
Fra:1 Mem:119.88M (Peak 119.88M) | Time:00:00.02 | Mem:0.02M, Peak:0.02M | Scene, ViewLayer | Synchronizing object | Garden travertine paving.195
Fra:1 Mem:119.91M (Peak 119.91M) | Time:00:00.02 | Mem:0.02M, Peak:0.02M | Scene, ViewLayer | Synchronizing object | Garden travertine paving.196
Fra:1 Mem:119.89M (Peak 119.91M) | Time:00:00.02 | Mem:0.02M, Peak:0.02M | Scene, ViewLayer | Synchronizing object | Garden travertine paving.197
Fra:1 Mem:119.92M (Peak 119.92M) | Time:00:00.02 | Mem:0.02M, Peak:0.02M | Scene, ViewLayer | Synchronizing object | Garden travertine paving.198
Fra:1 Mem:119.95M (Peak 119.95M) | Time:00:00.02 | Mem:0.02M, Peak:0.02M | Scene, ViewLayer | Synchronizing object | Garden travertine paving.199
Fra:1 Mem:119.99M (Peak 119.99M) | Time:00:00.02 | Mem:0.02M, Peak:0.02M | Scene, ViewLayer | Synchronizing object | Garden travertine paving.202
Fra:1 Mem:120.22M (Peak 120.22M) | Time:00:00.02 | Mem:0.02M, Peak:0.02M | Scene, ViewLayer | Synchronizing object | Garden travertine paving.203
Fra:1 Mem:120.18M (Peak 120.22M) | Time:00:00.02 | Mem:0.02M, Peak:0.02M | Scene, ViewLayer | Synchronizing object | Garden travertine paving.207
Fra:1 Mem:120.19M (Peak 120.22M) | Time:00:00.02 | Mem:0.02M, Peak:0.02M | Scene, ViewLayer | Synchronizing object | Garden travertine paving.210
Fra:1 Mem:120.26M (Peak 120.26M) | Time:00:00.02 | Mem:0.02M, Peak:0.02M | Scene, ViewLayer | Synchronizing object | Garden travertine paving.211
Fra:1 Mem:120.29M (Peak 120.29M) | Time:00:00.02 | Mem:0.02M, Peak:0.02M | Scene, ViewLayer | Synchronizing object | Garden travertine paving.213
Fra:1 Mem:120.30M (Peak 120.30M) | Time:00:00.02 | Mem:0.02M, Peak:0.02M | Scene, ViewLayer | Synchronizing object | Garden travertine paving.214
Fra:1 Mem:120.31M (Peak 120.31M) | Time:00:00.02 | Mem:0.02M, Peak:0.02M | Scene, ViewLayer | Synchronizing object | Garden travertine paving.215
Fra:1 Mem:120.38M (Peak 120.38M) | Time:00:00.02 | Mem:0.02M, Peak:0.02M | Scene, ViewLayer | Synchronizing object | Garden travertine paving.216
Fra:1 Mem:120.37M (Peak 120.38M) | Time:00:00.02 | Mem:0.02M, Peak:0.02M | Scene, ViewLayer | Synchronizing object | Garden travertine paving.217
Fra:1 Mem:120.66M (Peak 120.66M) | Time:00:00.02 | Mem:0.02M, Peak:0.02M | Scene, ViewLayer | Synchronizing object | Garden travertine paving.219
Fra:1 Mem:120.66M (Peak 120.66M) | Time:00:00.02 | Mem:0.02M, Peak:0.02M | Scene, ViewLayer | Synchronizing object | Garden travertine paving.220
Fra:1 Mem:120.72M (Peak 120.72M) | Time:00:00.02 | Mem:0.02M, Peak:0.02M | Scene, ViewLayer | Synchronizing object | Garden travertine paving.221
Fra:1 Mem:120.76M (Peak 120.76M) | Time:00:00.02 | Mem:0.02M, Peak:0.02M | Scene, ViewLayer | Synchronizing object | Garden travertine paving.223
Fra:1 Mem:120.78M (Peak 120.78M) | Time:00:00.02 | Mem:0.02M, Peak:0.02M | Scene, ViewLayer | Synchronizing object | Garden travertine paving.222
Fra:1 Mem:120.83M (Peak 120.83M) | Time:00:00.02 | Mem:0.02M, Peak:0.02M | Scene, ViewLayer | Synchronizing object | Garden travertine paving.225
Fra:1 Mem:120.80M (Peak 120.83M) | Time:00:00.02 | Mem:0.02M, Peak:0.02M | Scene, ViewLayer | Synchronizing object | Garden travertine paving.226
Fra:1 Mem:120.84M (Peak 120.84M) | Time:00:00.02 | Mem:0.02M, Peak:0.02M | Scene, ViewLayer | Synchronizing object | Garden travertine paving.229
Fra:1 Mem:120.87M (Peak 120.87M) | Time:00:00.02 | Mem:0.02M, Peak:0.02M | Scene, ViewLayer | Synchronizing object | Garden travertine paving.230
Fra:1 Mem:120.86M (Peak 120.87M) | Time:00:00.02 | Mem:0.02M, Peak:0.02M | Scene, ViewLayer | Synchronizing object | Garden travertine paving.232
Fra:1 Mem:121.97M (Peak 121.97M) | Time:00:00.02 | Mem:0.02M, Peak:0.02M | Scene, ViewLayer | Synchronizing object | Garden travertine paving.233
Fra:1 Mem:121.99M (Peak 121.99M) | Time:00:00.02 | Mem:0.02M, Peak:0.02M | Scene, ViewLayer | Synchronizing object | Garden travertine paving.234
Fra:1 Mem:122.16M (Peak 122.16M) | Time:00:00.02 | Mem:0.02M, Peak:0.02M | Scene, ViewLayer | Synchronizing object | Garden travertine paving.235
Fra:1 Mem:122.14M (Peak 122.16M) | Time:00:00.02 | Mem:0.02M, Peak:0.02M | Scene, ViewLayer | Synchronizing object | Garden travertine paving.236
Fra:1 Mem:122.22M (Peak 122.22M) | Time:00:00.02 | Mem:0.02M, Peak:0.02M | Scene, ViewLayer | Synchronizing object | Garden travertine paving.239
Fra:1 Mem:122.19M (Peak 122.22M) | Time:00:00.02 | Mem:0.02M, Peak:0.02M | Scene, ViewLayer | Synchronizing object | Garden travertine paving.240
Fra:1 Mem:122.23M (Peak 122.23M) | Time:00:00.02 | Mem:0.02M, Peak:0.02M | Scene, ViewLayer | Synchronizing object | Garden travertine paving.242
Fra:1 Mem:122.28M (Peak 122.28M) | Time:00:00.02 | Mem:0.02M, Peak:0.02M | Scene, ViewLayer | Synchronizing object | Garden travertine paving.243
Fra:1 Mem:122.33M (Peak 122.33M) | Time:00:00.02 | Mem:0.02M, Peak:0.02M | Scene, ViewLayer | Synchronizing object | Garden travertine paving.245
Fra:1 Mem:122.31M (Peak 122.33M) | Time:00:00.02 | Mem:0.02M, Peak:0.02M | Scene, ViewLayer | Synchronizing object | Garden travertine paving.246
Fra:1 Mem:122.37M (Peak 122.37M) | Time:00:00.02 | Mem:0.02M, Peak:0.02M | Scene, ViewLayer | Synchronizing object | Garden travertine paving.247
Fra:1 Mem:122.39M (Peak 122.39M) | Time:00:00.02 | Mem:0.02M, Peak:0.02M | Scene, ViewLayer | Synchronizing object | Garden travertine paving.249
Fra:1 Mem:122.39M (Peak 122.39M) | Time:00:00.02 | Mem:0.02M, Peak:0.02M | Scene, ViewLayer | Synchronizing object | Garden travertine paving.250
Fra:1 Mem:122.43M (Peak 122.43M) | Time:00:00.02 | Mem:0.02M, Peak:0.02M | Scene, ViewLayer | Synchronizing object | Garden travertine paving.252
Fra:1 Mem:122.43M (Peak 122.43M) | Time:00:00.02 | Mem:0.02M, Peak:0.02M | Scene, ViewLayer | Synchronizing object | Garden travertine paving.253
Fra:1 Mem:122.46M (Peak 122.46M) | Time:00:00.02 | Mem:0.02M, Peak:0.02M | Scene, ViewLayer | Synchronizing object | Garden travertine paving.255
Fra:1 Mem:122.47M (Peak 122.47M) | Time:00:00.02 | Mem:0.02M, Peak:0.02M | Scene, ViewLayer | Synchronizing object | Garden travertine paving.256
Fra:1 Mem:122.51M (Peak 122.51M) | Time:00:00.02 | Mem:0.02M, Peak:0.02M | Scene, ViewLayer | Synchronizing object | Garden travertine paving.258
Fra:1 Mem:122.51M (Peak 122.51M) | Time:00:00.02 | Mem:0.02M, Peak:0.02M | Scene, ViewLayer | Synchronizing object | Garden travertine paving.259
Fra:1 Mem:122.52M (Peak 122.52M) | Time:00:00.02 | Mem:0.02M, Peak:0.02M | Scene, ViewLayer | Synchronizing object | Garden travertine paving.262
Fra:1 Mem:122.56M (Peak 122.56M) | Time:00:00.02 | Mem:0.02M, Peak:0.02M | Scene, ViewLayer | Synchronizing object | Garden travertine paving.263
Fra:1 Mem:122.62M (Peak 122.62M) | Time:00:00.02 | Mem:0.02M, Peak:0.02M | Scene, ViewLayer | Synchronizing object | Garden travertine paving.264
Fra:1 Mem:122.74M (Peak 122.74M) | Time:00:00.02 | Mem:0.02M, Peak:0.02M | Scene, ViewLayer | Synchronizing object | Garden travertine paving.265
Fra:1 Mem:122.80M (Peak 122.80M) | Time:00:00.02 | Mem:0.02M, Peak:0.02M | Scene, ViewLayer | Synchronizing object | Garden travertine paving.266
Fra:1 Mem:122.83M (Peak 122.83M) | Time:00:00.02 | Mem:0.02M, Peak:0.02M | Scene, ViewLayer | Synchronizing object | Garden travertine paving.267
Fra:1 Mem:122.87M (Peak 122.87M) | Time:00:00.02 | Mem:0.02M, Peak:0.02M | Scene, ViewLayer | Synchronizing object | Garden travertine paving.269
Fra:1 Mem:123.18M (Peak 123.18M) | Time:00:00.02 | Mem:0.02M, Peak:0.02M | Scene, ViewLayer | Synchronizing object | Garden travertine paving.272
Fra:1 Mem:123.14M (Peak 123.18M) | Time:00:00.02 | Mem:0.02M, Peak:0.02M | Scene, ViewLayer | Synchronizing object | Garden travertine paving.273
Fra:1 Mem:123.24M (Peak 123.24M) | Time:00:00.02 | Mem:0.02M, Peak:0.02M | Scene, ViewLayer | Synchronizing object | Garden travertine paving.274
Fra:1 Mem:123.30M (Peak 123.30M) | Time:00:00.02 | Mem:0.02M, Peak:0.02M | Scene, ViewLayer | Synchronizing object | Garden travertine paving.275
Fra:1 Mem:123.30M (Peak 123.30M) | Time:00:00.02 | Mem:0.02M, Peak:0.02M | Scene, ViewLayer | Synchronizing object | Garden travertine paving.278
Fra:1 Mem:123.32M (Peak 123.32M) | Time:00:00.02 | Mem:0.02M, Peak:0.02M | Scene, ViewLayer | Synchronizing object | Garden travertine paving.277
Fra:1 Mem:123.34M (Peak 123.34M) | Time:00:00.02 | Mem:0.02M, Peak:0.02M | Scene, ViewLayer | Synchronizing object | Garden travertine paving.280
Fra:1 Mem:123.97M (Peak 123.98M) | Time:00:00.02 | Mem:0.02M, Peak:0.02M | Scene, ViewLayer | Synchronizing object | Garden travertine paving.281
Fra:1 Mem:124.02M (Peak 124.02M) | Time:00:00.02 | Mem:0.02M, Peak:0.02M | Scene, ViewLayer | Synchronizing object | Garden travertine paving.283
Fra:1 Mem:124.05M (Peak 124.05M) | Time:00:00.02 | Mem:0.02M, Peak:0.02M | Scene, ViewLayer | Synchronizing object | Garden travertine paving.284
Fra:1 Mem:124.11M (Peak 124.11M) | Time:00:00.02 | Mem:0.02M, Peak:0.02M | Scene, ViewLayer | Synchronizing object | Garden travertine paving.285
Fra:1 Mem:124.17M (Peak 124.15M) | Time:00:00.02 | Mem:0.02M, Peak:0.02M | Scene, ViewLayer | Synchronizing object | Garden travertine paving.286
Fra:1 Mem:124.18M (Peak 124.18M) | Time:00:00.02 | Mem:0.02M, Peak:0.02M | Scene, ViewLayer | Synchronizing object | Garden travertine paving.288
Fra:1 Mem:124.86M (Peak 124.86M) | Time:00:00.02 | Mem:0.02M, Peak:0.02M | Scene, ViewLayer | Synchronizing object | Garden travertine paving.289
Fra:1 Mem:124.89M (Peak 124.89M) | Time:00:00.02 | Mem:0.02M, Peak:0.02M | Scene, ViewLayer | Synchronizing object | Garden travertine paving.292
Fra:1 Mem:124.94M (Peak 124.94M) | Time:00:00.02 | Mem:0.02M, Peak:0.02M | Scene, ViewLayer | Synchronizing object | Garden travertine paving.293
Fra:1 Mem:125.65M (Peak 125.65M) | Time:00:00.02 | Mem:0.02M, Peak:0.02M | Scene, ViewLayer | Synchronizing object | Garden travertine paving.294
Fra:1 Mem:125.70M (Peak 125.70M) | Time:00:00.02 | Mem:0.02M, Peak:0.02M | Scene, ViewLayer | Synchronizing object | Garden travertine paving.295
Fra:1 Mem:125.77M (Peak 125.77M) | Time:00:00.02 | Mem:0.02M, Peak:0.02M | Scene, ViewLayer | Synchronizing object | Garden travertine paving.297
Fra:1 Mem:126.49M (Peak 126.49M) | Time:00:00.02 | Mem:0.02M, Peak:0.02M | Scene, ViewLayer | Synchronizing object | Garden travertine paving.298
Fra:1 Mem:126.53M (Peak 126.53M) | Time:00:00.02 | Mem:0.02M, Peak:0.02M | Scene, ViewLayer | Synchronizing object | Garden travertine paving.300
Fra:1 Mem:126.52M (Peak 126.53M) | Time:00:00.02 | Mem:0.02M, Peak:0.02M | Scene, ViewLayer | Synchronizing object | Garden travertine paving.302
Fra:1 Mem:126.71M (Peak 126.71M) | Time:00:00.02 | Mem:0.02M, Peak:0.02M | Scene, ViewLayer | Synchronizing object | Garden travertine paving.303
Fra:1 Mem:126.67M (Peak 126.71M) | Time:00:00.02 | Mem:0.02M, Peak:0.02M | Scene, ViewLayer | Synchronizing object | Garden travertine paving.304
Fra:1 Mem:126.69M (Peak 126.71M) | Time:00:00.02 | Mem:0.02M, Peak:0.02M | Scene, ViewLayer | Synchronizing object | Garden travertine paving.307
Fra:1 Mem:126.70M (Peak 126.71M) | Time:00:00.02 | Mem:0.02M, Peak:0.02M | Scene, ViewLayer | Synchronizing object | Garden travertine paving.309
Fra:1 Mem:126.78M (Peak 126.78M) | Time:00:00.02 | Mem:0.02M, Peak:0.02M | Scene, ViewLayer | Synchronizing object | Garden travertine paving.310
Fra:1 Mem:126.79M (Peak 126.79M) | Time:00:00.02 | Mem:0.02M, Peak:0.02M | Scene, ViewLayer | Synchronizing object | Garden travertine paving.311
Fra:1 Mem:126.86M (Peak 126.86M) | Time:00:00.02 | Mem:0.02M, Peak:0.02M | Scene, ViewLayer | Synchronizing object | Garden travertine paving.312
Fra:1 Mem:126.93M (Peak 126.93M) | Time:00:00.02 | Mem:0.02M, Peak:0.02M | Scene, ViewLayer | Synchronizing object | Garden travertine paving.314
Fra:1 Mem:126.96M (Peak 126.96M) | Time:00:00.02 | Mem:0.02M, Peak:0.02M | Scene, ViewLayer | Synchronizing object | Garden travertine paving.315
Fra:1 Mem:127.03M (Peak 127.03M) | Time:00:00.02 | Mem:0.02M, Peak:0.02M | Scene, ViewLayer | Synchronizing object | Garden travertine paving.316
Fra:1 Mem:127.12M (Peak 127.14M) | Time:00:00.02 | Mem:0.02M, Peak:0.02M | Scene, ViewLayer | Synchronizing object | Garden travertine paving.319
Fra:1 Mem:127.88M (Peak 127.88M) | Time:00:00.02 | Mem:0.02M, Peak:0.02M | Scene, ViewLayer | Synchronizing object | Garden travertine paving.321
Fra:1 Mem:127.90M (Peak 127.90M) | Time:00:00.02 | Mem:0.02M, Peak:0.02M | Scene, ViewLayer | Synchronizing object | Garden travertine paving.322
Fra:1 Mem:127.19M (Peak 127.90M) | Time:00:00.02 | Mem:0.02M, Peak:0.02M | Scene, ViewLayer | Synchronizing object | Ivory frame | impossible vertical
Fra:1 Mem:126.46M (Peak 127.90M) | Time:00:00.02 | Mem:0.02M, Peak:0.02M | Scene, ViewLayer | Synchronizing object | Frame pedestal
Fra:1 Mem:126.57M (Peak 127.90M) | Time:00:00.02 | Mem:0.02M, Peak:0.02M | Scene, ViewLayer | Synchronizing object | Frame pedestal capital
Fra:1 Mem:126.59M (Peak 127.90M) | Time:00:00.02 | Mem:0.02M, Peak:0.02M | Scene, ViewLayer | Synchronizing object | Frame pedestal.001
Fra:1 Mem:126.63M (Peak 127.90M) | Time:00:00.02 | Mem:0.02M, Peak:0.02M | Scene, ViewLayer | Synchronizing object | Frame pedestal capital.001
Fra:1 Mem:128.74M (Peak 128.74M) | Time:00:00.02 | Mem:0.02M, Peak:0.02M | Scene, ViewLayer | Synchronizing object | Frame pedestal.002
Fra:1 Mem:128.80M (Peak 128.80M) | Time:00:00.02 | Mem:0.02M, Peak:0.02M | Scene, ViewLayer | Synchronizing object | Frame pedestal footing.002
Fra:1 Mem:128.79M (Peak 128.80M) | Time:00:00.02 | Mem:0.02M, Peak:0.02M | Scene, ViewLayer | Synchronizing object | Frame pedestal capital.002
Fra:1 Mem:128.84M (Peak 128.84M) | Time:00:00.02 | Mem:0.02M, Peak:0.02M | Scene, ViewLayer | Synchronizing object | Serpentine vertical frame.001
Fra:1 Mem:128.96M (Peak 128.96M) | Time:00:00.02 | Mem:0.02M, Peak:0.02M | Scene, ViewLayer | Synchronizing object | Serpentine lintel
Fra:1 Mem:128.94M (Peak 128.96M) | Time:00:00.02 | Mem:0.02M, Peak:0.02M | Scene, ViewLayer | Synchronizing object | Serpentine lintel.001
Fra:1 Mem:129.01M (Peak 129.01M) | Time:00:00.02 | Mem:0.02M, Peak:0.02M | Scene, ViewLayer | Synchronizing object | Green frame base footing
Fra:1 Mem:129.02M (Peak 129.02M) | Time:00:00.02 | Mem:0.02M, Peak:0.02M | Scene, ViewLayer | Synchronizing object | Green frame base capital
Fra:1 Mem:129.82M (Peak 129.82M) | Time:00:00.02 | Mem:0.02M, Peak:0.02M | Scene, ViewLayer | Synchronizing object | Green frame base.001
Fra:1 Mem:129.85M (Peak 129.85M) | Time:00:00.02 | Mem:0.02M, Peak:0.02M | Scene, ViewLayer | Synchronizing object | Green frame base capital.001
Fra:1 Mem:129.88M (Peak 129.88M) | Time:00:00.02 | Mem:0.02M, Peak:0.02M | Scene, ViewLayer | Synchronizing object | Suspended ivory upright
Fra:1 Mem:129.93M (Peak 129.93M) | Time:00:00.02 | Mem:0.02M, Peak:0.02M | Scene, ViewLayer | Synchronizing object | Suspended ivory upper return
Fra:1 Mem:129.95M (Peak 129.95M) | Time:00:00.02 | Mem:0.02M, Peak:0.02M | Scene, ViewLayer | Synchronizing object | Recessed oxidized door
Fra:1 Mem:129.96M (Peak 129.96M) | Time:00:00.02 | Mem:0.02M, Peak:0.02M | Scene, ViewLayer | Synchronizing object | Bronze door flute.001
Fra:1 Mem:130.02M (Peak 130.02M) | Time:00:00.02 | Mem:0.02M, Peak:0.02M | Scene, ViewLayer | Synchronizing object | Bronze door flute.002
Fra:1 Mem:130.10M (Peak 130.10M) | Time:00:00.02 | Mem:0.02M, Peak:0.02M | Scene, ViewLayer | Synchronizing object | Brass circular socket
Fra:1 Mem:130.11M (Peak 130.11M) | Time:00:00.02 | Mem:0.02M, Peak:0.02M | Scene, ViewLayer | Synchronizing object | Brass circular socket.002
Fra:1 Mem:130.13M (Peak 130.13M) | Time:00:00.02 | Mem:0.02M, Peak:0.02M | Scene, ViewLayer | Synchronizing object | Brass circular socket.003
Fra:1 Mem:130.19M (Peak 130.19M) | Time:00:00.02 | Mem:0.02M, Peak:0.02M | Scene, ViewLayer | Synchronizing object | Brass circular socket.004
Fra:1 Mem:130.17M (Peak 130.19M) | Time:00:00.02 | Mem:0.02M, Peak:0.02M | Scene, ViewLayer | Synchronizing object | Dressed stone tread.001
Fra:1 Mem:130.20M (Peak 130.20M) | Time:00:00.02 | Mem:0.02M, Peak:0.02M | Scene, ViewLayer | Synchronizing object | Dressed stone tread.002
Fra:1 Mem:130.23M (Peak 130.23M) | Time:00:00.02 | Mem:0.02M, Peak:0.02M | Scene, ViewLayer | Synchronizing object | Dressed stone tread.003
Fra:1 Mem:130.41M (Peak 130.42M) | Time:00:00.02 | Mem:0.02M, Peak:0.02M | Scene, ViewLayer | Synchronizing object | Brass step nosing.003
Fra:1 Mem:130.42M (Peak 130.42M) | Time:00:00.02 | Mem:0.02M, Peak:0.02M | Scene, ViewLayer | Synchronizing object | Dressed stone tread.004
Fra:1 Mem:130.53M (Peak 130.53M) | Time:00:00.02 | Mem:0.02M, Peak:0.02M | Scene, ViewLayer | Synchronizing object | Brass step nosing.004
Fra:1 Mem:130.56M (Peak 130.56M) | Time:00:00.02 | Mem:0.02M, Peak:0.02M | Scene, ViewLayer | Synchronizing object | Dressed stone tread.006
Fra:1 Mem:130.66M (Peak 130.66M) | Time:00:00.02 | Mem:0.02M, Peak:0.02M | Scene, ViewLayer | Synchronizing object | Brass step nosing.006
Fra:1 Mem:130.73M (Peak 130.73M) | Time:00:00.02 | Mem:0.02M, Peak:0.02M | Scene, ViewLayer | Synchronizing object | Brass step nosing.007
Fra:1 Mem:130.71M (Peak 130.73M) | Time:00:00.02 | Mem:0.02M, Peak:0.02M | Scene, ViewLayer | Synchronizing object | Dressed stone tread.008
Fra:1 Mem:131.26M (Peak 131.26M) | Time:00:00.02 | Mem:0.02M, Peak:0.02M | Scene, ViewLayer | Synchronizing object | Brass step nosing.008
Fra:1 Mem:131.33M (Peak 131.33M) | Time:00:00.02 | Mem:0.02M, Peak:0.02M | Scene, ViewLayer | Synchronizing object | Dressed stone tread.009
Fra:1 Mem:131.40M (Peak 131.40M) | Time:00:00.02 | Mem:0.02M, Peak:0.02M | Scene, ViewLayer | Synchronizing object | Brass step nosing.009
Fra:1 Mem:131.42M (Peak 131.42M) | Time:00:00.02 | Mem:0.02M, Peak:0.02M | Scene, ViewLayer | Synchronizing object | Dressed stone tread.010
Fra:1 Mem:131.46M (Peak 131.46M) | Time:00:00.02 | Mem:0.02M, Peak:0.02M | Scene, ViewLayer | Synchronizing object | Brass step nosing.010
Fra:1 Mem:131.68M (Peak 131.68M) | Time:00:00.02 | Mem:0.02M, Peak:0.02M | Scene, ViewLayer | Synchronizing object | Brass step nosing.012
Fra:1 Mem:131.70M (Peak 131.70M) | Time:00:00.02 | Mem:0.02M, Peak:0.02M | Scene, ViewLayer | Synchronizing object | Dressed stone tread.013
Fra:1 Mem:131.68M (Peak 131.70M) | Time:00:00.02 | Mem:0.02M, Peak:0.02M | Scene, ViewLayer | Synchronizing object | Brass step nosing.013
Fra:1 Mem:131.75M (Peak 131.75M) | Time:00:00.02 | Mem:0.02M, Peak:0.02M | Scene, ViewLayer | Synchronizing object | Dressed stone tread.015
Fra:1 Mem:131.76M (Peak 131.76M) | Time:00:00.02 | Mem:0.02M, Peak:0.02M | Scene, ViewLayer | Synchronizing object | Dressed stone tread.017
Fra:1 Mem:131.78M (Peak 131.78M) | Time:00:00.02 | Mem:0.02M, Peak:0.02M | Scene, ViewLayer | Synchronizing object | Brass step nosing.018
Fra:1 Mem:131.79M (Peak 131.79M) | Time:00:00.02 | Mem:0.02M, Peak:0.02M | Scene, ViewLayer | Synchronizing object | Brass step nosing.019
Fra:1 Mem:131.83M (Peak 131.83M) | Time:00:00.02 | Mem:0.02M, Peak:0.02M | Scene, ViewLayer | Synchronizing object | Dressed stone tread.020
Fra:1 Mem:131.87M (Peak 131.87M) | Time:00:00.02 | Mem:0.02M, Peak:0.02M | Scene, ViewLayer | Synchronizing object | Brass step nosing.020
Fra:1 Mem:131.85M (Peak 131.87M) | Time:00:00.02 | Mem:0.02M, Peak:0.02M | Scene, ViewLayer | Synchronizing object | Dressed stone tread.021
Fra:1 Mem:131.89M (Peak 131.89M) | Time:00:00.02 | Mem:0.02M, Peak:0.02M | Scene, ViewLayer | Synchronizing object | Brass step nosing.021
Fra:1 Mem:132.03M (Peak 132.03M) | Time:00:00.02 | Mem:0.02M, Peak:0.02M | Scene, ViewLayer | Synchronizing object | Slim brass handrail
Fra:1 Mem:132.02M (Peak 132.03M) | Time:00:00.02 | Mem:0.02M, Peak:0.02M | Scene, ViewLayer | Synchronizing object | Bronze baluster
Fra:1 Mem:132.05M (Peak 132.05M) | Time:00:00.02 | Mem:0.02M, Peak:0.02M | Scene, ViewLayer | Synchronizing object | Bronze baluster.001
Fra:1 Mem:132.10M (Peak 132.10M) | Time:00:00.02 | Mem:0.02M, Peak:0.02M | Scene, ViewLayer | Synchronizing object | Bronze baluster.002
Fra:1 Mem:132.05M (Peak 132.10M) | Time:00:00.02 | Mem:0.02M, Peak:0.02M | Scene, ViewLayer | Synchronizing object | Bronze baluster.003
Fra:1 Mem:132.04M (Peak 132.10M) | Time:00:00.02 | Mem:0.02M, Peak:0.02M | Scene, ViewLayer | Synchronizing object | Bronze baluster.006
Fra:1 Mem:132.04M (Peak 132.10M) | Time:00:00.02 | Mem:0.02M, Peak:0.02M | Scene, ViewLayer | Synchronizing object | Bronze baluster.007
Fra:1 Mem:132.05M (Peak 132.10M) | Time:00:00.02 | Mem:0.02M, Peak:0.02M | Scene, ViewLayer | Synchronizing object | Slim brass handrail.001
Fra:1 Mem:132.03M (Peak 132.10M) | Time:00:00.02 | Mem:0.02M, Peak:0.02M | Scene, ViewLayer | Synchronizing object | Bronze baluster.010
Fra:1 Mem:132.04M (Peak 132.10M) | Time:00:00.02 | Mem:0.02M, Peak:0.02M | Scene, ViewLayer | Synchronizing object | Bronze baluster.011
Fra:1 Mem:132.08M (Peak 132.10M) | Time:00:00.02 | Mem:0.02M, Peak:0.02M | Scene, ViewLayer | Synchronizing object | Bronze baluster.012
Fra:1 Mem:132.10M (Peak 132.10M) | Time:00:00.02 | Mem:0.02M, Peak:0.02M | Scene, ViewLayer | Synchronizing object | Bronze baluster.013
Fra:1 Mem:132.13M (Peak 132.13M) | Time:00:00.02 | Mem:0.02M, Peak:0.02M | Scene, ViewLayer | Synchronizing object | Bronze baluster.015
Fra:1 Mem:132.13M (Peak 132.13M) | Time:00:00.02 | Mem:0.02M, Peak:0.02M | Scene, ViewLayer | Synchronizing object | Footbridge to garden
Fra:1 Mem:132.23M (Peak 132.23M) | Time:00:00.02 | Mem:0.02M, Peak:0.02M | Scene, ViewLayer | Synchronizing object | Inset stone paving
Fra:1 Mem:132.21M (Peak 132.23M) | Time:00:00.02 | Mem:0.02M, Peak:0.02M | Scene, ViewLayer | Synchronizing object | Bronze inlay border
Fra:1 Mem:132.31M (Peak 132.31M) | Time:00:00.02 | Mem:0.02M, Peak:0.02M | Scene, ViewLayer | Synchronizing object | Bronze inlay border.003
Fra:1 Mem:132.27M (Peak 132.31M) | Time:00:00.02 | Mem:0.02M, Peak:0.02M | Scene, ViewLayer | Synchronizing object | Bronze inlay border.005
Fra:1 Mem:132.29M (Peak 132.31M) | Time:00:00.02 | Mem:0.02M, Peak:0.02M | Scene, ViewLayer | Synchronizing object | Bronze inlay border.006
Fra:1 Mem:132.29M (Peak 132.31M) | Time:00:00.02 | Mem:0.02M, Peak:0.02M | Scene, ViewLayer | Synchronizing object | Bronze inlay border.007
Fra:1 Mem:132.30M (Peak 132.31M) | Time:00:00.02 | Mem:0.02M, Peak:0.02M | Scene, ViewLayer | Synchronizing object | Distant garden arcade jamb.001
Fra:1 Mem:132.31M (Peak 132.31M) | Time:00:00.02 | Mem:0.02M, Peak:0.02M | Scene, ViewLayer | Synchronizing object | Distant garden arcade jamb.005
Fra:1 Mem:132.32M (Peak 132.32M) | Time:00:00.02 | Mem:0.02M, Peak:0.02M | Scene, ViewLayer | Synchronizing object | Distant garden arcade jamb.006
Fra:1 Mem:132.45M (Peak 132.45M) | Time:00:00.02 | Mem:0.02M, Peak:0.02M | Scene, ViewLayer | Synchronizing object | Distant garden arcade jamb.007
Fra:1 Mem:132.61M (Peak 132.62M) | Time:00:00.02 | Mem:0.02M, Peak:0.02M | Scene, ViewLayer | Synchronizing object | Distant garden arcade jamb.008
Fra:1 Mem:132.59M (Peak 132.62M) | Time:00:00.02 | Mem:0.02M, Peak:0.02M | Scene, ViewLayer | Synchronizing object | Garden portico roof
Fra:1 Mem:132.60M (Peak 132.62M) | Time:00:00.02 | Mem:0.02M, Peak:0.02M | Scene, ViewLayer | Synchronizing object | Bench foot.001
Fra:1 Mem:132.63M (Peak 132.63M) | Time:00:00.02 | Mem:0.02M, Peak:0.02M | Scene, ViewLayer | Synchronizing object | Stone garden bench.001
Fra:1 Mem:132.69M (Peak 132.69M) | Time:00:00.02 | Mem:0.02M, Peak:0.02M | Scene, ViewLayer | Synchronizing object | Bench foot.002
Fra:1 Mem:132.78M (Peak 132.78M) | Time:00:00.02 | Mem:0.02M, Peak:0.02M | Scene, ViewLayer | Synchronizing object | Bench foot.003
Fra:1 Mem:132.82M (Peak 132.82M) | Time:00:00.02 | Mem:0.02M, Peak:0.02M | Scene, ViewLayer | Synchronizing object | Refracting sea | displaced surface and enclosed volume
Fra:1 Mem:132.89M (Peak 132.89M) | Time:00:00.02 | Mem:0.02M, Peak:0.02M | Scene, ViewLayer | Synchronizing object | Stair vault
Fra:1 Mem:132.86M (Peak 132.89M) | Time:00:00.02 | Mem:0.02M, Peak:0.02M | Scene, ViewLayer | Synchronizing object | Distant garden arcade arch
Fra:1 Mem:132.87M (Peak 132.89M) | Time:00:00.02 | Mem:0.02M, Peak:0.02M | Scene, ViewLayer | Synchronizing object | Distant garden arcade voussoir.004
Fra:1 Mem:132.97M (Peak 132.97M) | Time:00:00.02 | Mem:0.02M, Peak:0.02M | Scene, ViewLayer | Synchronizing object | Distant garden arcade voussoir.005
Fra:1 Mem:132.97M (Peak 132.97M) | Time:00:00.02 | Mem:0.02M, Peak:0.02M | Scene, ViewLayer | Synchronizing object | Distant garden arcade voussoir.006
Fra:1 Mem:133.01M (Peak 133.01M) | Time:00:00.02 | Mem:0.02M, Peak:0.02M | Scene, ViewLayer | Synchronizing object | Distant garden arcade voussoir.009
Fra:1 Mem:133.04M (Peak 133.04M) | Time:00:00.02 | Mem:0.02M, Peak:0.02M | Scene, ViewLayer | Synchronizing object | Distant garden arcade voussoir.011
Fra:1 Mem:133.07M (Peak 133.07M) | Time:00:00.02 | Mem:0.02M, Peak:0.02M | Scene, ViewLayer | Synchronizing object | Distant garden arcade voussoir.012
Fra:1 Mem:133.07M (Peak 133.09M) | Time:00:00.02 | Mem:0.02M, Peak:0.02M | Scene, ViewLayer | Synchronizing object | Distant garden arcade voussoir.015
Fra:1 Mem:133.12M (Peak 133.12M) | Time:00:00.02 | Mem:0.02M, Peak:0.02M | Scene, ViewLayer | Synchronizing object | Distant garden arcade voussoir.016
Fra:1 Mem:133.18M (Peak 133.18M) | Time:00:00.02 | Mem:0.02M, Peak:0.02M | Scene, ViewLayer | Synchronizing object | Distant garden arcade arch.001
Fra:1 Mem:133.28M (Peak 133.29M) | Time:00:00.02 | Mem:0.02M, Peak:0.02M | Scene, ViewLayer | Synchronizing object | Distant garden arcade voussoir.017
Fra:1 Mem:133.25M (Peak 133.29M) | Time:00:00.02 | Mem:0.02M, Peak:0.02M | Scene, ViewLayer | Synchronizing object | Distant garden arcade voussoir.018
Fra:1 Mem:133.45M (Peak 133.45M) | Time:00:00.02 | Mem:0.02M, Peak:0.02M | Scene, ViewLayer | Synchronizing object | Distant garden arcade voussoir.020
Fra:1 Mem:133.53M (Peak 133.53M) | Time:00:00.02 | Mem:0.02M, Peak:0.02M | Scene, ViewLayer | Synchronizing object | Distant garden arcade voussoir.021
Fra:1 Mem:133.60M (Peak 133.60M) | Time:00:00.02 | Mem:0.02M, Peak:0.02M | Scene, ViewLayer | Synchronizing object | Distant garden arcade voussoir.022
Fra:1 Mem:133.66M (Peak 133.66M) | Time:00:00.02 | Mem:0.02M, Peak:0.02M | Scene, ViewLayer | Synchronizing object | Distant garden arcade voussoir.023
Fra:1 Mem:133.70M (Peak 133.70M) | Time:00:00.02 | Mem:0.02M, Peak:0.02M | Scene, ViewLayer | Synchronizing object | Distant garden arcade voussoir.024
Fra:1 Mem:133.82M (Peak 133.82M) | Time:00:00.02 | Mem:0.02M, Peak:0.02M | Scene, ViewLayer | Synchronizing object | Distant garden arcade voussoir.025
Fra:1 Mem:133.83M (Peak 133.83M) | Time:00:00.02 | Mem:0.02M, Peak:0.02M | Scene, ViewLayer | Synchronizing object | Distant garden arcade voussoir.027
Fra:1 Mem:134.01M (Peak 134.01M) | Time:00:00.02 | Mem:0.02M, Peak:0.02M | Scene, ViewLayer | Synchronizing object | Distant garden arcade voussoir.028
Fra:1 Mem:134.11M (Peak 134.11M) | Time:00:00.02 | Mem:0.02M, Peak:0.02M | Scene, ViewLayer | Synchronizing object | Distant garden arcade voussoir.030
Fra:1 Mem:134.18M (Peak 134.18M) | Time:00:00.02 | Mem:0.02M, Peak:0.02M | Scene, ViewLayer | Synchronizing object | Distant garden arcade voussoir.031
Fra:1 Mem:134.14M (Peak 134.18M) | Time:00:00.02 | Mem:0.02M, Peak:0.02M | Scene, ViewLayer | Synchronizing object | Distant garden arcade voussoir.032
Fra:1 Mem:134.17M (Peak 134.18M) | Time:00:00.02 | Mem:0.02M, Peak:0.02M | Scene, ViewLayer | Synchronizing object | Distant garden arcade voussoir.033
Fra:1 Mem:134.18M (Peak 134.18M) | Time:00:00.02 | Mem:0.02M, Peak:0.02M | Scene, ViewLayer | Synchronizing object | Distant garden arcade arch.002
Fra:1 Mem:134.22M (Peak 134.22M) | Time:00:00.02 | Mem:0.02M, Peak:0.02M | Scene, ViewLayer | Synchronizing object | Distant garden arcade voussoir.034
Fra:1 Mem:134.26M (Peak 134.26M) | Time:00:00.02 | Mem:0.02M, Peak:0.02M | Scene, ViewLayer | Synchronizing object | Distant garden arcade voussoir.035
Fra:1 Mem:134.30M (Peak 134.30M) | Time:00:00.02 | Mem:0.02M, Peak:0.02M | Scene, ViewLayer | Synchronizing object | Distant garden arcade voussoir.036
Fra:1 Mem:134.60M (Peak 134.60M) | Time:00:00.02 | Mem:0.02M, Peak:0.02M | Scene, ViewLayer | Synchronizing object | Distant garden arcade voussoir.037
Fra:1 Mem:134.79M (Peak 134.79M) | Time:00:00.02 | Mem:0.02M, Peak:0.02M | Scene, ViewLayer | Synchronizing object | Distant garden arcade voussoir.038
Fra:1 Mem:134.78M (Peak 134.79M) | Time:00:00.02 | Mem:0.02M, Peak:0.02M | Scene, ViewLayer | Synchronizing object | Distant garden arcade voussoir.039
Fra:1 Mem:134.48M (Peak 134.79M) | Time:00:00.02 | Mem:0.02M, Peak:0.02M | Scene, ViewLayer | Synchronizing object | Distant garden arcade voussoir.040
Fra:1 Mem:134.57M (Peak 134.79M) | Time:00:00.02 | Mem:0.02M, Peak:0.02M | Scene, ViewLayer | Synchronizing object | Distant garden arcade voussoir.044
Fra:1 Mem:134.70M (Peak 134.79M) | Time:00:00.02 | Mem:0.02M, Peak:0.02M | Scene, ViewLayer | Synchronizing object | Distant garden arcade voussoir.046
Fra:1 Mem:134.85M (Peak 134.85M) | Time:00:00.02 | Mem:0.02M, Peak:0.02M | Scene, ViewLayer | Synchronizing object | Distant garden arcade voussoir.047
Fra:1 Mem:134.71M (Peak 134.85M) | Time:00:00.02 | Mem:0.02M, Peak:0.02M | Scene, ViewLayer | Synchronizing object | Distant garden arcade voussoir.048
Fra:1 Mem:136.16M (Peak 136.16M) | Time:00:00.02 | Mem:0.02M, Peak:0.02M | Scene, ViewLayer | Synchronizing object | Distant garden arcade voussoir.049
Fra:1 Mem:136.18M (Peak 136.18M) | Time:00:00.02 | Mem:0.02M, Peak:0.02M | Scene, ViewLayer | Synchronizing object | Distant garden arcade voussoir.050
Fra:1 Mem:136.23M (Peak 136.23M) | Time:00:00.02 | Mem:0.02M, Peak:0.02M | Scene, ViewLayer | Synchronizing object | Distant garden arcade arch.003
Fra:1 Mem:136.46M (Peak 136.46M) | Time:00:00.02 | Mem:0.02M, Peak:0.02M | Scene, ViewLayer | Synchronizing object | Distant garden arcade voussoir.051
Fra:1 Mem:136.46M (Peak 136.46M) | Time:00:00.02 | Mem:0.02M, Peak:0.02M | Scene, ViewLayer | Synchronizing object | Distant garden arcade voussoir.056
Fra:1 Mem:136.34M (Peak 136.46M) | Time:00:00.02 | Mem:0.02M, Peak:0.02M | Scene, ViewLayer | Synchronizing object | Distant garden arcade voussoir.058
Fra:1 Mem:136.40M (Peak 136.46M) | Time:00:00.02 | Mem:0.02M, Peak:0.02M | Scene, ViewLayer | Synchronizing object | Distant garden arcade voussoir.059
Fra:1 Mem:136.43M (Peak 136.46M) | Time:00:00.02 | Mem:0.02M, Peak:0.02M | Scene, ViewLayer | Synchronizing object | Distant garden arcade voussoir.060
Fra:1 Mem:136.46M (Peak 136.46M) | Time:00:00.02 | Mem:0.02M, Peak:0.02M | Scene, ViewLayer | Synchronizing object | Distant garden arcade voussoir.061
Fra:1 Mem:136.63M (Peak 136.63M) | Time:00:00.02 | Mem:0.02M, Peak:0.02M | Scene, ViewLayer | Synchronizing object | Distant garden arcade voussoir.062
Fra:1 Mem:136.73M (Peak 136.73M) | Time:00:00.02 | Mem:0.02M, Peak:0.02M | Scene, ViewLayer | Synchronizing object | Distant garden arcade voussoir.063
Fra:1 Mem:136.77M (Peak 136.77M) | Time:00:00.02 | Mem:0.02M, Peak:0.02M | Scene, ViewLayer | Synchronizing object | Distant garden arcade voussoir.064
Fra:1 Mem:136.84M (Peak 136.84M) | Time:00:00.02 | Mem:0.02M, Peak:0.02M | Scene, ViewLayer | Synchronizing object | Distant garden arcade voussoir.065
Fra:1 Mem:136.83M (Peak 136.84M) | Time:00:00.02 | Mem:0.02M, Peak:0.02M | Scene, ViewLayer | Synchronizing object | Distant garden arcade voussoir.066
Fra:1 Mem:136.89M (Peak 136.89M) | Time:00:00.02 | Mem:0.02M, Peak:0.02M | Scene, ViewLayer | Synchronizing object | Distant garden arcade voussoir.067
Fra:1 Mem:136.81M (Peak 136.89M) | Time:00:00.02 | Mem:0.02M, Peak:0.02M | Scene, ViewLayer | Synchronizing object | Distant garden arcade arch.004
Fra:1 Mem:136.85M (Peak 136.89M) | Time:00:00.02 | Mem:0.02M, Peak:0.02M | Scene, ViewLayer | Synchronizing object | Distant garden arcade voussoir.068
Fra:1 Mem:136.87M (Peak 136.89M) | Time:00:00.02 | Mem:0.02M, Peak:0.02M | Scene, ViewLayer | Synchronizing object | Distant garden arcade voussoir.069
Fra:1 Mem:136.90M (Peak 136.90M) | Time:00:00.02 | Mem:0.02M, Peak:0.02M | Scene, ViewLayer | Synchronizing object | Distant garden arcade voussoir.071
Fra:1 Mem:136.90M (Peak 136.90M) | Time:00:00.02 | Mem:0.02M, Peak:0.02M | Scene, ViewLayer | Synchronizing object | Distant garden arcade voussoir.072
Fra:1 Mem:137.13M (Peak 137.13M) | Time:00:00.02 | Mem:0.02M, Peak:0.02M | Scene, ViewLayer | Synchronizing object | Distant garden arcade voussoir.073
Fra:1 Mem:137.27M (Peak 137.27M) | Time:00:00.02 | Mem:0.02M, Peak:0.02M | Scene, ViewLayer | Synchronizing object | Distant garden arcade voussoir.074
Fra:1 Mem:137.15M (Peak 137.27M) | Time:00:00.02 | Mem:0.02M, Peak:0.02M | Scene, ViewLayer | Synchronizing object | Distant garden arcade voussoir.077
Fra:1 Mem:137.18M (Peak 137.27M) | Time:00:00.02 | Mem:0.02M, Peak:0.02M | Scene, ViewLayer | Synchronizing object | Distant garden arcade voussoir.078
Fra:1 Mem:137.23M (Peak 137.27M) | Time:00:00.02 | Mem:0.02M, Peak:0.02M | Scene, ViewLayer | Synchronizing object | Distant garden arcade voussoir.079
Fra:1 Mem:140.17M (Peak 140.17M) | Time:00:00.02 | Mem:0.02M, Peak:0.02M | Scene, ViewLayer | Synchronizing object | Distant garden arcade voussoir.080
Fra:1 Mem:140.16M (Peak 140.17M) | Time:00:00.02 | Mem:0.02M, Peak:0.02M | Scene, ViewLayer | Synchronizing object | Distant garden arcade voussoir.081
Fra:1 Mem:140.00M (Peak 140.17M) | Time:00:00.02 | Mem:0.02M, Peak:0.02M | Scene, ViewLayer | Synchronizing object | Distant garden arcade voussoir.082
Fra:1 Mem:140.95M (Peak 140.95M) | Time:00:00.02 | Mem:0.02M, Peak:0.02M | Scene, ViewLayer | Synchronizing object | Distant garden arcade voussoir.083
Fra:1 Mem:140.97M (Peak 140.97M) | Time:00:00.02 | Mem:0.02M, Peak:0.02M | Scene, ViewLayer | Synchronizing object | potted_plant_01_pot.001
Fra:1 Mem:141.01M (Peak 141.01M) | Time:00:00.02 | Mem:0.02M, Peak:0.02M | Scene, ViewLayer | Synchronizing object | potted_plant_01_stem.001
Fra:1 Mem:141.15M (Peak 141.15M) | Time:00:00.02 | Mem:0.02M, Peak:0.02M | Scene, ViewLayer | Synchronizing object | potted_plant_01_leaves.001
Fra:1 Mem:157.98M (Peak 160.43M) | Time:00:00.03 | Mem:0.02M, Peak:0.02M | Scene, ViewLayer | Initializing
Fra:1 Mem:140.87M (Peak 160.43M) | Time:00:00.03 | Mem:0.02M, Peak:0.02M | Scene, ViewLayer | Updating Images | Loading potted_plant_01_leaves_nor_gl.png
Fra:1 Mem:140.87M (Peak 160.43M) | Time:00:00.03 | Mem:0.02M, Peak:0.02M | Scene, ViewLayer | Updating Images | Loading concrete_floor_02_rough_2k.jpg
Fra:1 Mem:140.88M (Peak 160.43M) | Time:00:00.03 | Mem:0.02M, Peak:0.02M | Scene, ViewLayer | Updating Images | Loading marble_01_rough_2k.jpg
Fra:1 Mem:156.88M (Peak 160.43M) | Time:00:00.03 | Mem:0.02M, Peak:0.02M | Scene, ViewLayer | Updating Images | Loading potted_plant_01_leaves_diff.png
Fra:1 Mem:156.88M (Peak 160.43M) | Time:00:00.03 | Mem:0.02M, Peak:0.02M | Scene, ViewLayer | Updating Images | Loading potted_plant_01_leaves_rough.png
Fra:1 Mem:365.61M (Peak 476.96M) | Time:00:00.08 | Mem:240.02M, Peak:240.02M | Scene, ViewLayer | Waiting for render to start
Fra:1 Mem:365.61M (Peak 476.96M) | Time:00:00.08 | Mem:240.02M, Peak:240.02M | Scene, ViewLayer | Updating Scene
Fra:1 Mem:365.61M (Peak 476.96M) | Time:00:00.08 | Mem:240.02M, Peak:240.02M | Scene, ViewLayer | Updating Shaders
Fra:1 Mem:365.71M (Peak 476.96M) | Time:00:00.08 | Mem:240.02M, Peak:240.02M | Scene, ViewLayer | Loading render kernels (may take a few minutes the first time)
Fra:1 Mem:365.69M (Peak 476.96M) | Time:00:00.13 | Mem:240.04M, Peak:240.04M | Scene, ViewLayer | Updating Procedurals
Fra:1 Mem:365.69M (Peak 476.96M) | Time:00:00.13 | Mem:240.04M, Peak:240.04M | Scene, ViewLayer | Updating Background
Fra:1 Mem:365.69M (Peak 476.96M) | Time:00:00.13 | Mem:240.04M, Peak:240.04M | Scene, ViewLayer | Updating Camera
Fra:1 Mem:365.69M (Peak 476.96M) | Time:00:00.13 | Mem:240.04M, Peak:240.04M | Scene, ViewLayer | Updating Meshes Flags
Fra:1 Mem:365.69M (Peak 476.96M) | Time:00:00.13 | Mem:240.04M, Peak:240.04M | Scene, ViewLayer | Updating Objects
Fra:1 Mem:365.69M (Peak 476.96M) | Time:00:00.13 | Mem:240.04M, Peak:240.04M | Scene, ViewLayer | Updating Objects | Copying Transformations to device
Fra:1 Mem:365.70M (Peak 476.96M) | Time:00:00.13 | Mem:240.18M, Peak:240.18M | Scene, ViewLayer | Updating Particle Systems
Fra:1 Mem:365.70M (Peak 476.96M) | Time:00:00.13 | Mem:240.18M, Peak:240.18M | Scene, ViewLayer | Updating Particle Systems | Copying Particles to device
Fra:1 Mem:365.70M (Peak 476.96M) | Time:00:00.13 | Mem:240.18M, Peak:240.18M | Scene, ViewLayer | Updating Meshes
Fra:1 Mem:375.78M (Peak 476.96M) | Time:00:00.17 | Mem:240.18M, Peak:240.18M | Scene, ViewLayer | Updating Objects | Applying Static Transformations
Fra:1 Mem:375.78M (Peak 476.96M) | Time:00:00.17 | Mem:240.18M, Peak:240.18M | Scene, ViewLayer | Updating Mesh | Computing attributes
Fra:1 Mem:392.47M (Peak 476.96M) | Time:00:00.17 | Mem:240.22M, Peak:240.22M | Scene, ViewLayer | Updating Mesh | Copying Attributes to device
Fra:1 Mem:375.78M (Peak 476.96M) | Time:00:00.22 | Mem:256.88M, Peak:256.88M | Scene, ViewLayer | Updating Geometry BVH Cube.003 4/91 | Building BVH
Fra:1 Mem:375.78M (Peak 476.96M) | Time:00:00.22 | Mem:256.88M, Peak:256.88M | Scene, ViewLayer | Updating Geometry BVH Cube.010 11/155 | Building BVH
Fra:1 Mem:375.78M (Peak 476.96M) | Time:00:00.22 | Mem:256.88M, Peak:256.88M | Scene, ViewLayer | Updating Geometry BVH Cube.013 14/155 | Building BVH
Fra:1 Mem:375.78M (Peak 476.96M) | Time:00:00.22 | Mem:256.88M, Peak:256.88M | Scene, ViewLayer | Updating Geometry BVH light 551/550 | Building BVH
Fra:1 Mem:375.78M (Peak 476.96M) | Time:00:00.22 | Mem:256.88M, Peak:256.88M | Scene, ViewLayer | Updating Geometry BVH Cube.017 18/550 | Building mesh BLAS |     188 tris | Cube.013
Fra:1 Mem:375.78M (Peak 476.96M) | Time:00:00.22 | Mem:256.88M, Peak:256.88M | Scene, ViewLayer | Updating Geometry BVH Cube.017 18/550 | Building mesh BLAS |     188 tris | Cube.007
Fra:1 Mem:375.78M (Peak 476.96M) | Time:00:00.22 | Mem:256.88M, Peak:256.88M | Scene, ViewLayer | Updating Geometry BVH Circle.008 550/550 | Building mesh BLAS |     188 tris | Cube.002
Fra:1 Mem:375.78M (Peak 476.96M) | Time:00:00.22 | Mem:256.88M, Peak:256.88M | Scene, ViewLayer | Updating Geometry BVH Circle.008 550/550 | Building mesh BLAS |     188 tris | Cube.011
Fra:1 Mem:375.78M (Peak 476.96M) | Time:00:00.22 | Mem:256.88M, Peak:256.88M | Scene, ViewLayer | Updating Geometry BVH Circle.008 550/550 | Building mesh BLAS |     188 tris | Cube.012
Fra:1 Mem:375.78M (Peak 476.96M) | Time:00:00.22 | Mem:256.88M, Peak:256.88M | Scene, ViewLayer | Updating Geometry BVH Circle.008 550/550 | Building mesh BLAS |     188 tris | Cube.005
Fra:1 Mem:375.78M (Peak 476.96M) | Time:00:00.22 | Mem:256.88M, Peak:256.88M | Scene, ViewLayer | Updating Geometry BVH Circle.008 550/550 | Building mesh BLAS |     188 tris | Cube.015
Fra:1 Mem:375.78M (Peak 476.96M) | Time:00:00.22 | Mem:256.88M, Peak:256.88M | Scene, ViewLayer | Updating Geometry BVH Circle.008 550/550 | Building mesh BLAS |      12 tris | Cube.001
Fra:1 Mem:375.78M (Peak 476.96M) | Time:00:00.22 | Mem:256.88M, Peak:256.88M | Scene, ViewLayer | Updating Geometry BVH Circle.008 550/550 | Building mesh BLAS |     188 tris | Cube.016
Fra:1 Mem:375.78M (Peak 476.96M) | Time:00:00.22 | Mem:256.88M, Peak:256.88M | Scene, ViewLayer | Updating Geometry BVH Circle.008 550/550 | Building mesh BLAS |     188 tris | Cube.003
Fra:1 Mem:375.78M (Peak 476.96M) | Time:00:00.22 | Mem:256.88M, Peak:256.88M | Scene, ViewLayer | Updating Geometry BVH Circle.008 550/550 | Building mesh BLAS |     188 tris | Cube.009
Fra:1 Mem:375.78M (Peak 476.96M) | Time:00:00.22 | Mem:256.88M, Peak:256.88M | Scene, ViewLayer | Updating Geometry BVH Circle.008 550/550 | Building mesh BLAS |     188 tris | Cube.014
Fra:1 Mem:375.78M (Peak 476.96M) | Time:00:00.22 | Mem:256.88M, Peak:256.88M | Scene, ViewLayer | Updating Geometry BVH Circle.008 550/550 | Building mesh BLAS |     188 tris | Cube.006
Fra:1 Mem:375.78M (Peak 476.96M) | Time:00:00.22 | Mem:256.88M, Peak:256.88M | Scene, ViewLayer | Updating Geometry BVH Circle.008 550/550 | Building mesh BLAS |   56878 tris | Circle.008
Fra:1 Mem:375.78M (Peak 476.96M) | Time:00:00.23 | Mem:256.88M, Peak:256.88M | Scene, ViewLayer | Updating Geometry BVH Cube.018 19/550 | Building BVH
Fra:1 Mem:375.78M (Peak 476.96M) | Time:00:00.23 | Mem:256.88M, Peak:256.88M | Scene, ViewLayer | Updating Geometry BVH Cube.020 21/550 | Building mesh BLAS |     188 tris | Cube.018
Fra:1 Mem:375.78M (Peak 476.96M) | Time:00:00.23 | Mem:256.88M, Peak:256.88M | Scene, ViewLayer | Updating Geometry BVH Cube.021 22/550 | Building BVH
Fra:1 Mem:375.78M (Peak 476.96M) | Time:00:00.23 | Mem:256.88M, Peak:256.88M | Scene, ViewLayer | Updating Geometry BVH Cube.022 23/550 | Building BVH
Fra:1 Mem:375.78M (Peak 476.96M) | Time:00:00.23 | Mem:256.88M, Peak:256.88M | Scene, ViewLayer | Updating Geometry BVH Cube.024 25/550 | Building mesh BLAS |     188 tris | Cube.019
Fra:1 Mem:375.78M (Peak 476.96M) | Time:00:00.23 | Mem:256.88M, Peak:256.88M | Scene, ViewLayer | Updating Geometry BVH Cube.024 25/550 | Building mesh BLAS |     188 tris | Cube.021
Fra:1 Mem:375.78M (Peak 476.96M) | Time:00:00.23 | Mem:256.88M, Peak:256.88M | Scene, ViewLayer | Updating Geometry BVH Cube.024 25/550 | Building mesh BLAS |     188 tris | Cube.020
Fra:1 Mem:375.78M (Peak 476.96M) | Time:00:00.23 | Mem:256.88M, Peak:256.88M | Scene, ViewLayer | Updating Geometry BVH Cube.024 25/550 | Building mesh BLAS |     188 tris | Cube.022
Fra:1 Mem:375.78M (Peak 476.96M) | Time:00:00.23 | Mem:256.88M, Peak:256.88M | Scene, ViewLayer | Updating Geometry BVH Cube.024 25/550 | Building mesh BLAS |     188 tris | Cube.023
Fra:1 Mem:375.78M (Peak 476.96M) | Time:00:00.23 | Mem:256.88M, Peak:256.88M | Scene, ViewLayer | Updating Geometry BVH Cube.025 26/550 | Building BVH
Fra:1 Mem:375.78M (Peak 476.96M) | Time:00:00.23 | Mem:256.88M, Peak:256.88M | Scene, ViewLayer | Updating Geometry BVH Cube.025 26/550 | Building mesh BLAS |     188 tris | Cube.025
Fra:1 Mem:375.78M (Peak 476.96M) | Time:00:00.23 | Mem:256.88M, Peak:256.88M | Scene, ViewLayer | Updating Geometry BVH Cube.026 27/550 | Building BVH
Fra:1 Mem:375.78M (Peak 476.96M) | Time:00:00.23 | Mem:256.88M, Peak:256.88M | Scene, ViewLayer | Updating Geometry BVH Cube.026 27/550 | Building mesh BLAS |     188 tris | Cube.026
Fra:1 Mem:375.78M (Peak 476.96M) | Time:00:00.23 | Mem:256.88M, Peak:256.88M | Scene, ViewLayer | Updating Geometry BVH Cube.027 28/550 | Building BVH
Fra:1 Mem:375.78M (Peak 476.96M) | Time:00:00.23 | Mem:256.88M, Peak:256.88M | Scene, ViewLayer | Updating Geometry BVH Cube.027 28/550 | Building mesh BLAS |     188 tris | Cube.027
Fra:1 Mem:375.78M (Peak 476.96M) | Time:00:00.23 | Mem:256.88M, Peak:256.88M | Scene, ViewLayer | Updating Geometry BVH Cube.028 29/550 | Building BVH
Fra:1 Mem:375.78M (Peak 476.96M) | Time:00:00.23 | Mem:256.88M, Peak:256.88M | Scene, ViewLayer | Updating Geometry BVH Cube.028 29/550 | Building mesh BLAS |     188 tris | Cube.028
Fra:1 Mem:375.78M (Peak 476.96M) | Time:00:00.23 | Mem:256.88M, Peak:256.88M | Scene, ViewLayer | Updating Geometry BVH Cube.029 30/550 | Building BVH
Fra:1 Mem:375.78M (Peak 476.96M) | Time:00:00.23 | Mem:256.88M, Peak:256.88M | Scene, ViewLayer | Updating Geometry BVH Cube.029 30/550 | Building mesh BLAS |     188 tris | Cube.029
Fra:1 Mem:375.78M (Peak 476.96M) | Time:00:00.23 | Mem:256.88M, Peak:256.88M | Scene, ViewLayer | Updating Geometry BVH Cube.030 31/550 | Building BVH
Fra:1 Mem:375.78M (Peak 476.96M) | Time:00:00.23 | Mem:256.88M, Peak:256.88M | Scene, ViewLayer | Updating Geometry BVH Cube.030 31/550 | Building mesh BLAS |     188 tris | Cube.030
Fra:1 Mem:375.78M (Peak 476.96M) | Time:00:00.23 | Mem:256.88M, Peak:256.88M | Scene, ViewLayer | Updating Geometry BVH Cube.031 32/550 | Building BVH
Fra:1 Mem:375.78M (Peak 476.96M) | Time:00:00.23 | Mem:256.88M, Peak:256.88M | Scene, ViewLayer | Updating Geometry BVH Cube.031 32/550 | Building mesh BLAS |     188 tris | Cube.031
Fra:1 Mem:375.78M (Peak 476.96M) | Time:00:00.23 | Mem:256.88M, Peak:256.88M | Scene, ViewLayer | Updating Geometry BVH Cube.032 33/550 | Building BVH
Fra:1 Mem:375.78M (Peak 476.96M) | Time:00:00.23 | Mem:256.88M, Peak:256.88M | Scene, ViewLayer | Updating Geometry BVH Cube.032 33/550 | Building mesh BLAS |     188 tris | Cube.032
Fra:1 Mem:375.78M (Peak 476.96M) | Time:00:00.23 | Mem:256.88M, Peak:256.88M | Scene, ViewLayer | Updating Geometry BVH Cube.033 34/550 | Building BVH
Fra:1 Mem:375.78M (Peak 476.96M) | Time:00:00.23 | Mem:256.88M, Peak:256.88M | Scene, ViewLayer | Updating Geometry BVH Cube.034 35/550 | Building mesh BLAS |     188 tris | Cube.033
Fra:1 Mem:375.78M (Peak 476.96M) | Time:00:00.23 | Mem:256.88M, Peak:256.88M | Scene, ViewLayer | Updating Geometry BVH Cube.035 36/550 | Building BVH
Fra:1 Mem:375.78M (Peak 476.96M) | Time:00:00.23 | Mem:256.88M, Peak:256.88M | Scene, ViewLayer | Updating Geometry BVH Cube.036 37/550 | Building BVH
Fra:1 Mem:375.78M (Peak 476.96M) | Time:00:00.23 | Mem:256.88M, Peak:256.88M | Scene, ViewLayer | Updating Geometry BVH Cube.039 40/550 | Building BVH
Fra:1 Mem:375.78M (Peak 476.96M) | Time:00:00.23 | Mem:256.88M, Peak:256.88M | Scene, ViewLayer | Updating Geometry BVH Cube.041 42/550 | Building BVH
Fra:1 Mem:375.78M (Peak 476.96M) | Time:00:00.23 | Mem:256.88M, Peak:256.88M | Scene, ViewLayer | Updating Geometry BVH Cube.042 43/550 | Building BVH
Fra:1 Mem:375.78M (Peak 476.96M) | Time:00:00.23 | Mem:256.88M, Peak:256.88M | Scene, ViewLayer | Updating Geometry BVH Cube.045 46/550 | Building BVH
Fra:1 Mem:375.78M (Peak 476.96M) | Time:00:00.23 | Mem:256.88M, Peak:256.88M | Scene, ViewLayer | Updating Geometry BVH Cube.045 46/550 | Building mesh BLAS |     188 tris | Cube.042
Fra:1 Mem:375.78M (Peak 476.96M) | Time:00:00.23 | Mem:256.88M, Peak:256.88M | Scene, ViewLayer | Updating Geometry BVH Cube.045 46/550 | Building mesh BLAS |     188 tris | Cube.037
Fra:1 Mem:375.78M (Peak 476.96M) | Time:00:00.23 | Mem:256.88M, Peak:256.88M | Scene, ViewLayer | Updating Geometry BVH Cube.047 48/550 | Building BVH
Fra:1 Mem:375.78M (Peak 476.96M) | Time:00:00.23 | Mem:256.88M, Peak:256.88M | Scene, ViewLayer | Updating Geometry BVH Cube.047 48/550 | Building mesh BLAS |     188 tris | Cube.047
Fra:1 Mem:375.78M (Peak 476.96M) | Time:00:00.23 | Mem:256.88M, Peak:256.88M | Scene, ViewLayer | Updating Geometry BVH Cube.047 48/550 | Building mesh BLAS |     188 tris | Cube.041
Fra:1 Mem:375.78M (Peak 476.96M) | Time:00:00.23 | Mem:256.88M, Peak:256.88M | Scene, ViewLayer | Updating Geometry BVH Cube.048 49/550 | Building BVH
Fra:1 Mem:375.78M (Peak 476.96M) | Time:00:00.23 | Mem:256.88M, Peak:256.88M | Scene, ViewLayer | Updating Geometry BVH Cube.049 50/550 | Building mesh BLAS |     188 tris | Cube.044
Fra:1 Mem:375.78M (Peak 476.96M) | Time:00:00.23 | Mem:256.88M, Peak:256.88M | Scene, ViewLayer | Updating Geometry BVH Cube.049 50/550 | Building mesh BLAS |     188 tris | Cube.048
Fra:1 Mem:375.78M (Peak 476.96M) | Time:00:00.23 | Mem:256.88M, Peak:256.88M | Scene, ViewLayer | Updating Geometry BVH Cube.049 50/550 | Building mesh BLAS |     188 tris | Cube.045
Fra:1 Mem:375.78M (Peak 476.96M) | Time:00:00.23 | Mem:256.88M, Peak:256.88M | Scene, ViewLayer | Updating Geometry BVH Cube.050 51/550 | Building BVH
Fra:1 Mem:375.78M (Peak 476.96M) | Time:00:00.23 | Mem:256.88M, Peak:256.88M | Scene, ViewLayer | Updating Geometry BVH Cube.051 52/550 | Building BVH
Fra:1 Mem:375.78M (Peak 476.96M) | Time:00:00.23 | Mem:256.88M, Peak:256.88M | Scene, ViewLayer | Updating Geometry BVH Cube.051 52/550 | Building mesh BLAS |     188 tris | Cube.051
Fra:1 Mem:375.78M (Peak 476.96M) | Time:00:00.23 | Mem:256.88M, Peak:256.88M | Scene, ViewLayer | Updating Geometry BVH Cube.051 52/550 | Building mesh BLAS |     188 tris | Cube.049
Fra:1 Mem:375.78M (Peak 476.96M) | Time:00:00.23 | Mem:256.88M, Peak:256.88M | Scene, ViewLayer | Updating Geometry BVH Cube.052 53/550 | Building BVH
Fra:1 Mem:375.78M (Peak 476.96M) | Time:00:00.23 | Mem:256.88M, Peak:256.88M | Scene, ViewLayer | Updating Geometry BVH Cube.052 53/550 | Building mesh BLAS |     188 tris | Cube.052
Fra:1 Mem:375.78M (Peak 476.96M) | Time:00:00.23 | Mem:256.88M, Peak:256.88M | Scene, ViewLayer | Updating Geometry BVH Cube.053 54/550 | Building BVH
Fra:1 Mem:375.78M (Peak 476.96M) | Time:00:00.23 | Mem:256.88M, Peak:256.88M | Scene, ViewLayer | Updating Geometry BVH Cube.053 54/550 | Building mesh BLAS |     188 tris | Cube.053
Fra:1 Mem:375.78M (Peak 476.96M) | Time:00:00.23 | Mem:256.88M, Peak:256.88M | Scene, ViewLayer | Updating Geometry BVH Cube.054 55/550 | Building BVH
Fra:1 Mem:375.78M (Peak 476.96M) | Time:00:00.23 | Mem:256.88M, Peak:256.88M | Scene, ViewLayer | Updating Geometry BVH Cube.054 55/550 | Building mesh BLAS |     188 tris | Cube.054
Fra:1 Mem:375.78M (Peak 476.96M) | Time:00:00.23 | Mem:256.88M, Peak:256.88M | Scene, ViewLayer | Updating Geometry BVH Cube.055 56/550 | Building BVH
Fra:1 Mem:375.78M (Peak 476.96M) | Time:00:00.23 | Mem:256.88M, Peak:256.88M | Scene, ViewLayer | Updating Geometry BVH Cube.055 56/550 | Building mesh BLAS |     188 tris | Cube.055
Fra:1 Mem:375.78M (Peak 476.96M) | Time:00:00.23 | Mem:256.88M, Peak:256.88M | Scene, ViewLayer | Updating Geometry BVH Cube.056 57/550 | Building BVH
Fra:1 Mem:375.78M (Peak 476.96M) | Time:00:00.23 | Mem:256.88M, Peak:256.88M | Scene, ViewLayer | Updating Geometry BVH Cube.056 57/550 | Building mesh BLAS |     188 tris | Cube.056
Fra:1 Mem:375.78M (Peak 476.96M) | Time:00:00.23 | Mem:256.88M, Peak:256.88M | Scene, ViewLayer | Updating Geometry BVH Cube.057 58/550 | Building BVH
Fra:1 Mem:375.78M (Peak 476.96M) | Time:00:00.23 | Mem:256.88M, Peak:256.88M | Scene, ViewLayer | Updating Geometry BVH Cube.057 58/550 | Building mesh BLAS |     188 tris | Cube.057
Fra:1 Mem:375.78M (Peak 476.96M) | Time:00:00.23 | Mem:256.88M, Peak:256.88M | Scene, ViewLayer | Updating Geometry BVH Cube.057 58/550 | Building mesh BLAS |  106900 tris | Plane.070
Fra:1 Mem:375.78M (Peak 476.96M) | Time:00:00.23 | Mem:256.88M, Peak:256.88M | Scene, ViewLayer | Updating Geometry BVH Cube.058 59/550 | Building BVH
Fra:1 Mem:375.78M (Peak 476.96M) | Time:00:00.23 | Mem:256.88M, Peak:256.88M | Scene, ViewLayer | Updating Geometry BVH Cube.058 59/550 | Building mesh BLAS |     188 tris | Cube.058
Fra:1 Mem:375.78M (Peak 476.96M) | Time:00:00.23 | Mem:256.88M, Peak:256.88M | Scene, ViewLayer | Updating Geometry BVH Cube.059 60/550 | Building BVH
Fra:1 Mem:375.78M (Peak 476.96M) | Time:00:00.23 | Mem:256.88M, Peak:256.88M | Scene, ViewLayer | Updating Geometry BVH Cube.060 61/550 | Building BVH
Fra:1 Mem:375.78M (Peak 476.96M) | Time:00:00.23 | Mem:256.88M, Peak:256.88M | Scene, ViewLayer | Updating Geometry BVH Cube.060 61/550 | Building mesh BLAS |     188 tris | Cube.060
Fra:1 Mem:375.78M (Peak 476.96M) | Time:00:00.23 | Mem:256.88M, Peak:256.88M | Scene, ViewLayer | Updating Geometry BVH Cube.060 61/550 | Building mesh BLAS |     188 tris | Cube.059
Fra:1 Mem:375.78M (Peak 476.96M) | Time:00:00.23 | Mem:256.88M, Peak:256.88M | Scene, ViewLayer | Updating Geometry BVH Cube.061 62/550 | Building BVH
Fra:1 Mem:375.78M (Peak 476.96M) | Time:00:00.23 | Mem:256.88M, Peak:256.88M | Scene, ViewLayer | Updating Geometry BVH Cube.062 63/550 | Building BVH
Fra:1 Mem:375.78M (Peak 476.96M) | Time:00:00.23 | Mem:256.88M, Peak:256.88M | Scene, ViewLayer | Updating Geometry BVH Cube.062 63/550 | Building mesh BLAS |     188 tris | Cube.061
Fra:1 Mem:375.78M (Peak 476.96M) | Time:00:00.23 | Mem:256.88M, Peak:256.88M | Scene, ViewLayer | Updating Geometry BVH Cube.063 64/550 | Building BVH
Fra:1 Mem:375.78M (Peak 476.96M) | Time:00:00.23 | Mem:256.88M, Peak:256.88M | Scene, ViewLayer | Updating Geometry BVH Cube.063 64/550 | Building mesh BLAS |     188 tris | Cube.063
Fra:1 Mem:375.78M (Peak 476.96M) | Time:00:00.23 | Mem:256.88M, Peak:256.88M | Scene, ViewLayer | Updating Geometry BVH Cube.064 65/550 | Building BVH
Fra:1 Mem:375.78M (Peak 476.96M) | Time:00:00.23 | Mem:256.88M, Peak:256.88M | Scene, ViewLayer | Updating Geometry BVH Cube.064 65/550 | Building mesh BLAS |     188 tris | Cube.064
Fra:1 Mem:375.78M (Peak 476.96M) | Time:00:00.23 | Mem:256.88M, Peak:256.88M | Scene, ViewLayer | Updating Geometry BVH Cube.065 66/550 | Building BVH
Fra:1 Mem:375.78M (Peak 476.96M) | Time:00:00.23 | Mem:256.88M, Peak:256.88M | Scene, ViewLayer | Updating Geometry BVH Cube.066 67/550 | Building BVH
Fra:1 Mem:375.78M (Peak 476.96M) | Time:00:00.23 | Mem:256.88M, Peak:256.88M | Scene, ViewLayer | Updating Geometry BVH Cube.067 68/550 | Building BVH
Fra:1 Mem:375.78M (Peak 476.96M) | Time:00:00.23 | Mem:256.88M, Peak:256.88M | Scene, ViewLayer | Updating Geometry BVH Cube.067 68/550 | Building mesh BLAS |     188 tris | Cube.066
Fra:1 Mem:375.78M (Peak 476.96M) | Time:00:00.23 | Mem:256.88M, Peak:256.88M | Scene, ViewLayer | Updating Geometry BVH Cube.067 68/550 | Building mesh BLAS |     188 tris | Cube.067
Fra:1 Mem:375.78M (Peak 476.96M) | Time:00:00.23 | Mem:256.88M, Peak:256.88M | Scene, ViewLayer | Updating Geometry BVH potted_plant_01_base_low 548/550 | Building BVH
Fra:1 Mem:375.78M (Peak 476.96M) | Time:00:00.23 | Mem:256.88M, Peak:256.88M | Scene, ViewLayer | Updating Geometry BVH Cube.068 69/550 | Building BVH
Fra:1 Mem:375.78M (Peak 476.96M) | Time:00:00.23 | Mem:256.88M, Peak:256.88M | Scene, ViewLayer | Updating Geometry BVH Cube.068 69/550 | Building mesh BLAS |    7008 tris | potted_plant_01_base_low
Fra:1 Mem:375.78M (Peak 476.96M) | Time:00:00.23 | Mem:256.88M, Peak:256.88M | Scene, ViewLayer | Updating Geometry BVH Cube.068 69/550 | Building mesh BLAS |     188 tris | Cube.068
Fra:1 Mem:375.78M (Peak 476.96M) | Time:00:00.23 | Mem:256.88M, Peak:256.88M | Scene, ViewLayer | Updating Geometry BVH Cube.069 70/550 | Building BVH
Fra:1 Mem:375.78M (Peak 476.96M) | Time:00:00.23 | Mem:256.88M, Peak:256.88M | Scene, ViewLayer | Updating Geometry BVH Cube.070 71/550 | Building BVH
Fra:1 Mem:375.78M (Peak 476.96M) | Time:00:00.23 | Mem:256.88M, Peak:256.88M | Scene, ViewLayer | Updating Geometry BVH Cube.071 72/550 | Building mesh BLAS |     188 tris | Cube.069
Fra:1 Mem:375.78M (Peak 476.96M) | Time:00:00.23 | Mem:256.88M, Peak:256.88M | Scene, ViewLayer | Updating Geometry BVH Cube.071 72/550 | Building mesh BLAS |     188 tris | Cube.070
Fra:1 Mem:375.78M (Peak 476.96M) | Time:00:00.23 | Mem:256.88M, Peak:256.88M | Scene, ViewLayer | Updating Geometry BVH Cube.073 74/550 | Building BVH
Fra:1 Mem:375.78M (Peak 476.96M) | Time:00:00.23 | Mem:256.88M, Peak:256.88M | Scene, ViewLayer | Updating Geometry BVH Cube.073 74/550 | Building mesh BLAS |     188 tris | Cube.073
Fra:1 Mem:375.78M (Peak 476.96M) | Time:00:00.23 | Mem:256.88M, Peak:256.88M | Scene, ViewLayer | Updating Geometry BVH Cube.074 75/550 | Building BVH
Fra:1 Mem:375.78M (Peak 476.96M) | Time:00:00.23 | Mem:256.88M, Peak:256.88M | Scene, ViewLayer | Updating Geometry BVH Cube.074 75/550 | Building mesh BLAS |     188 tris | Cube.072
Fra:1 Mem:375.78M (Peak 476.96M) | Time:00:00.23 | Mem:256.88M, Peak:256.88M | Scene, ViewLayer | Updating Geometry BVH Cube.074 75/550 | Building mesh BLAS |     188 tris | Cube.074
Fra:1 Mem:375.78M (Peak 476.96M) | Time:00:00.23 | Mem:256.88M, Peak:256.88M | Scene, ViewLayer | Updating Geometry BVH Cube.075 76/550 | Building BVH
Fra:1 Mem:375.78M (Peak 476.96M) | Time:00:00.23 | Mem:256.88M, Peak:256.88M | Scene, ViewLayer | Updating Geometry BVH Cube.075 76/550 | Building mesh BLAS |     188 tris | Cube.075
Fra:1 Mem:375.78M (Peak 476.96M) | Time:00:00.23 | Mem:256.88M, Peak:256.88M | Scene, ViewLayer | Updating Geometry BVH Cube.076 77/550 | Building BVH
Fra:1 Mem:375.78M (Peak 476.96M) | Time:00:00.23 | Mem:256.88M, Peak:256.88M | Scene, ViewLayer | Updating Geometry BVH Cube.076 77/550 | Building mesh BLAS |     188 tris | Cube.076
Fra:1 Mem:375.78M (Peak 476.96M) | Time:00:00.23 | Mem:256.88M, Peak:256.88M | Scene, ViewLayer | Updating Geometry BVH Cube.077 78/550 | Building BVH
Fra:1 Mem:375.78M (Peak 476.96M) | Time:00:00.23 | Mem:256.88M, Peak:256.88M | Scene, ViewLayer | Updating Geometry BVH Cube.077 78/550 | Building mesh BLAS |     188 tris | Cube.077
Fra:1 Mem:375.78M (Peak 476.96M) | Time:00:00.23 | Mem:256.88M, Peak:256.88M | Scene, ViewLayer | Updating Geometry BVH Cube.078 79/550 | Building BVH
Fra:1 Mem:375.78M (Peak 476.96M) | Time:00:00.23 | Mem:256.88M, Peak:256.88M | Scene, ViewLayer | Updating Geometry BVH Cube.079 80/550 | Building BVH
Fra:1 Mem:375.78M (Peak 476.96M) | Time:00:00.23 | Mem:256.88M, Peak:256.88M | Scene, ViewLayer | Updating Geometry BVH Cube.081 82/550 | Building BVH
Fra:1 Mem:375.78M (Peak 476.96M) | Time:00:00.23 | Mem:256.88M, Peak:256.88M | Scene, ViewLayer | Updating Geometry BVH Cube.081 82/550 | Building mesh BLAS |     188 tris | Cube.079
Fra:1 Mem:375.78M (Peak 476.96M) | Time:00:00.23 | Mem:256.88M, Peak:256.88M | Scene, ViewLayer | Updating Geometry BVH Cube.081 82/550 | Building mesh BLAS |     188 tris | Cube.081
Fra:1 Mem:375.78M (Peak 476.96M) | Time:00:00.23 | Mem:256.88M, Peak:256.88M | Scene, ViewLayer | Updating Geometry BVH Cube.081 82/550 | Building mesh BLAS |     188 tris | Cube.080
Fra:1 Mem:375.78M (Peak 476.96M) | Time:00:00.23 | Mem:256.88M, Peak:256.88M | Scene, ViewLayer | Updating Geometry BVH Cube.082 83/550 | Building BVH
Fra:1 Mem:375.78M (Peak 476.96M) | Time:00:00.23 | Mem:256.88M, Peak:256.88M | Scene, ViewLayer | Updating Geometry BVH Cube.082 83/550 | Building mesh BLAS |     188 tris | Cube.082
Fra:1 Mem:375.78M (Peak 476.96M) | Time:00:00.23 | Mem:256.88M, Peak:256.88M | Scene, ViewLayer | Updating Geometry BVH Cube.083 84/550 | Building BVH
Fra:1 Mem:375.78M (Peak 476.96M) | Time:00:00.23 | Mem:256.88M, Peak:256.88M | Scene, ViewLayer | Updating Geometry BVH Cube.084 85/550 | Building BVH
Fra:1 Mem:375.78M (Peak 476.96M) | Time:00:00.23 | Mem:256.88M, Peak:256.88M | Scene, ViewLayer | Updating Geometry BVH Cube.084 85/550 | Building mesh BLAS |     188 tris | Cube.084
Fra:1 Mem:375.78M (Peak 476.96M) | Time:00:00.23 | Mem:256.88M, Peak:256.88M | Scene, ViewLayer | Updating Geometry BVH Cube.085 86/550 | Building BVH
Fra:1 Mem:375.78M (Peak 476.96M) | Time:00:00.23 | Mem:256.88M, Peak:256.88M | Scene, ViewLayer | Updating Geometry BVH Circle.002 547/550 | Building BVH
Fra:1 Mem:375.78M (Peak 476.96M) | Time:00:00.23 | Mem:256.88M, Peak:256.88M | Scene, ViewLayer | Updating Geometry BVH Circle.002 547/550 | Building mesh BLAS |     188 tris | Cube.085
Fra:1 Mem:375.78M (Peak 476.96M) | Time:00:00.23 | Mem:256.88M, Peak:256.88M | Scene, ViewLayer | Updating Geometry BVH Circle.002 547/550 | Building mesh BLAS |    5440 tris | Circle.002
Fra:1 Mem:375.78M (Peak 476.96M) | Time:00:00.23 | Mem:256.88M, Peak:256.88M | Scene, ViewLayer | Updating Geometry BVH Cube.086 87/550 | Building BVH
Fra:1 Mem:375.78M (Peak 476.96M) | Time:00:00.23 | Mem:256.88M, Peak:256.88M | Scene, ViewLayer | Updating Geometry BVH Cube.086 87/550 | Building mesh BLAS |     188 tris | Cube.086
Fra:1 Mem:375.78M (Peak 476.96M) | Time:00:00.23 | Mem:256.88M, Peak:256.88M | Scene, ViewLayer | Updating Geometry BVH Cube.087 88/550 | Building BVH
Fra:1 Mem:375.78M (Peak 476.96M) | Time:00:00.23 | Mem:256.88M, Peak:256.88M | Scene, ViewLayer | Updating Geometry BVH Cube.087 88/550 | Building mesh BLAS |     188 tris | Cube.087
Fra:1 Mem:375.78M (Peak 476.96M) | Time:00:00.23 | Mem:256.88M, Peak:256.88M | Scene, ViewLayer | Updating Geometry BVH Cube.088 89/550 | Building BVH
Fra:1 Mem:375.78M (Peak 476.96M) | Time:00:00.23 | Mem:256.88M, Peak:256.88M | Scene, ViewLayer | Updating Geometry BVH Cube.088 89/550 | Building mesh BLAS |     188 tris | Cube.088
Fra:1 Mem:375.78M (Peak 476.96M) | Time:00:00.23 | Mem:256.88M, Peak:256.88M | Scene, ViewLayer | Updating Geometry BVH Cube.089 90/550 | Building BVH
Fra:1 Mem:375.78M (Peak 476.96M) | Time:00:00.23 | Mem:256.88M, Peak:256.88M | Scene, ViewLayer | Updating Geometry BVH Cube.089 90/550 | Building mesh BLAS |     188 tris | Cube.089
Fra:1 Mem:375.78M (Peak 476.96M) | Time:00:00.23 | Mem:256.88M, Peak:256.88M | Scene, ViewLayer | Updating Geometry BVH Cube.090 91/550 | Building BVH
Fra:1 Mem:375.78M (Peak 476.96M) | Time:00:00.23 | Mem:256.88M, Peak:256.88M | Scene, ViewLayer | Updating Geometry BVH Cube.090 91/550 | Building mesh BLAS |     188 tris | Cube.090
Fra:1 Mem:375.78M (Peak 476.96M) | Time:00:00.23 | Mem:256.88M, Peak:256.88M | Scene, ViewLayer | Updating Geometry BVH Cube.091 92/550 | Building BVH
Fra:1 Mem:375.78M (Peak 476.96M) | Time:00:00.23 | Mem:256.88M, Peak:256.88M | Scene, ViewLayer | Updating Geometry BVH Cube.091 92/550 | Building mesh BLAS |     188 tris | Cube.091
Fra:1 Mem:375.78M (Peak 476.96M) | Time:00:00.23 | Mem:256.88M, Peak:256.88M | Scene, ViewLayer | Updating Geometry BVH Cube.092 93/550 | Building BVH
Fra:1 Mem:375.78M (Peak 476.96M) | Time:00:00.23 | Mem:256.88M, Peak:256.88M | Scene, ViewLayer | Updating Geometry BVH Cube.092 93/550 | Building mesh BLAS |     188 tris | Cube.092
Fra:1 Mem:375.78M (Peak 476.96M) | Time:00:00.23 | Mem:256.88M, Peak:256.88M | Scene, ViewLayer | Updating Geometry BVH Cube.093 94/550 | Building BVH
Fra:1 Mem:375.78M (Peak 476.96M) | Time:00:00.23 | Mem:256.88M, Peak:256.88M | Scene, ViewLayer | Updating Geometry BVH Cube.093 94/550 | Building mesh BLAS |     188 tris | Cube.093
Fra:1 Mem:375.78M (Peak 476.96M) | Time:00:00.23 | Mem:256.88M, Peak:256.88M | Scene, ViewLayer | Updating Geometry BVH Cube.094 95/550 | Building BVH
Fra:1 Mem:375.78M (Peak 476.96M) | Time:00:00.23 | Mem:256.88M, Peak:256.88M | Scene, ViewLayer | Updating Geometry BVH Cube.094 95/550 | Building mesh BLAS |     188 tris | Cube.094
Fra:1 Mem:375.78M (Peak 476.96M) | Time:00:00.23 | Mem:256.88M, Peak:256.88M | Scene, ViewLayer | Updating Geometry BVH Cube.095 96/550 | Building BVH
Fra:1 Mem:375.78M (Peak 476.96M) | Time:00:00.23 | Mem:256.88M, Peak:256.88M | Scene, ViewLayer | Updating Geometry BVH Cube.095 96/550 | Building mesh BLAS |     188 tris | Cube.095
Fra:1 Mem:375.78M (Peak 476.96M) | Time:00:00.23 | Mem:256.88M, Peak:256.88M | Scene, ViewLayer | Updating Geometry BVH Cube.096 97/550 | Building BVH
Fra:1 Mem:375.78M (Peak 476.96M) | Time:00:00.23 | Mem:256.88M, Peak:256.88M | Scene, ViewLayer | Updating Geometry BVH Cube.096 97/550 | Building mesh BLAS |     188 tris | Cube.096
Fra:1 Mem:375.78M (Peak 476.96M) | Time:00:00.23 | Mem:256.88M, Peak:256.88M | Scene, ViewLayer | Updating Geometry BVH Cube.097 98/550 | Building BVH
Fra:1 Mem:375.78M (Peak 476.96M) | Time:00:00.23 | Mem:256.88M, Peak:256.88M | Scene, ViewLayer | Updating Geometry BVH Cube.097 98/550 | Building mesh BLAS |     188 tris | Cube.097
Fra:1 Mem:375.78M (Peak 476.96M) | Time:00:00.23 | Mem:256.88M, Peak:256.88M | Scene, ViewLayer | Updating Geometry BVH Cube.098 99/550 | Building BVH
Fra:1 Mem:375.78M (Peak 476.96M) | Time:00:00.23 | Mem:256.88M, Peak:256.88M | Scene, ViewLayer | Updating Geometry BVH Cube.098 99/550 | Building mesh BLAS |     188 tris | Cube.098
Fra:1 Mem:375.78M (Peak 476.96M) | Time:00:00.23 | Mem:256.88M, Peak:256.88M | Scene, ViewLayer | Updating Geometry BVH Cube.099 100/550 | Building BVH
Fra:1 Mem:375.78M (Peak 476.96M) | Time:00:00.23 | Mem:256.88M, Peak:256.88M | Scene, ViewLayer | Updating Geometry BVH Cube.099 100/550 | Building mesh BLAS |     188 tris | Cube.099
Fra:1 Mem:375.78M (Peak 476.96M) | Time:00:00.23 | Mem:256.88M, Peak:256.88M | Scene, ViewLayer | Updating Geometry BVH Cube.100 101/550 | Building BVH
Fra:1 Mem:375.78M (Peak 476.96M) | Time:00:00.23 | Mem:256.88M, Peak:256.88M | Scene, ViewLayer | Updating Geometry BVH Cube.100 101/550 | Building mesh BLAS |     188 tris | Cube.100
Fra:1 Mem:375.78M (Peak 476.96M) | Time:00:00.23 | Mem:256.88M, Peak:256.88M | Scene, ViewLayer | Updating Geometry BVH Cube.101 102/550 | Building BVH
Fra:1 Mem:375.78M (Peak 476.96M) | Time:00:00.23 | Mem:256.88M, Peak:256.88M | Scene, ViewLayer | Updating Geometry BVH Cube.101 102/550 | Building mesh BLAS |     188 tris | Cube.101
Fra:1 Mem:375.78M (Peak 476.96M) | Time:00:00.23 | Mem:256.88M, Peak:256.88M | Scene, ViewLayer | Updating Geometry BVH Cube.102 103/550 | Building BVH
Fra:1 Mem:375.78M (Peak 476.96M) | Time:00:00.23 | Mem:256.88M, Peak:256.88M | Scene, ViewLayer | Updating Geometry BVH Cube.102 103/550 | Building mesh BLAS |     188 tris | Cube.102
Fra:1 Mem:375.78M (Peak 476.96M) | Time:00:00.23 | Mem:256.88M, Peak:256.88M | Scene, ViewLayer | Updating Geometry BVH Distant garden arcade voussoir.084 546/550 | Building BVH
Fra:1 Mem:375.78M (Peak 476.96M) | Time:00:00.23 | Mem:256.88M, Peak:256.88M | Scene, ViewLayer | Updating Geometry BVH Distant garden arcade voussoir.084 546/550 | Building mesh BLAS |     188 tris | Distant garden arcade voussoir.084
Fra:1 Mem:375.78M (Peak 476.96M) | Time:00:00.24 | Mem:256.88M, Peak:256.88M | Scene, ViewLayer | Updating Geometry BVH Cube.103 104/550 | Building BVH
Fra:1 Mem:375.78M (Peak 476.96M) | Time:00:00.24 | Mem:256.88M, Peak:256.88M | Scene, ViewLayer | Updating Geometry BVH Cube.104 105/550 | Building BVH
Fra:1 Mem:375.78M (Peak 476.96M) | Time:00:00.24 | Mem:256.88M, Peak:256.88M | Scene, ViewLayer | Updating Geometry BVH Cube.104 105/550 | Building mesh BLAS |     188 tris | Cube.103
Fra:1 Mem:375.78M (Peak 476.96M) | Time:00:00.24 | Mem:256.88M, Peak:256.88M | Scene, ViewLayer | Updating Geometry BVH Cube.105 106/550 | Building mesh BLAS |     188 tris | Cube.104
Fra:1 Mem:375.78M (Peak 476.96M) | Time:00:00.24 | Mem:256.88M, Peak:256.88M | Scene, ViewLayer | Updating Geometry BVH Cube.105 106/550 | Building mesh BLAS |     188 tris | Cube.105
Fra:1 Mem:375.78M (Peak 476.96M) | Time:00:00.24 | Mem:256.88M, Peak:256.88M | Scene, ViewLayer | Updating Geometry BVH Cube.106 107/550 | Building BVH
Fra:1 Mem:375.78M (Peak 476.96M) | Time:00:00.24 | Mem:256.88M, Peak:256.88M | Scene, ViewLayer | Updating Geometry BVH Cube.107 108/550 | Building BVH
Fra:1 Mem:375.78M (Peak 476.96M) | Time:00:00.24 | Mem:256.88M, Peak:256.88M | Scene, ViewLayer | Updating Geometry BVH Cube.107 108/550 | Building mesh BLAS |     188 tris | Cube.107
Fra:1 Mem:375.78M (Peak 476.96M) | Time:00:00.24 | Mem:256.88M, Peak:256.88M | Scene, ViewLayer | Updating Geometry BVH Cube.108 109/550 | Building BVH
Fra:1 Mem:375.78M (Peak 476.96M) | Time:00:00.24 | Mem:256.88M, Peak:256.88M | Scene, ViewLayer | Updating Geometry BVH Cube.108 109/550 | Building mesh BLAS |     188 tris | Cube.108
Fra:1 Mem:375.78M (Peak 476.96M) | Time:00:00.24 | Mem:256.88M, Peak:256.88M | Scene, ViewLayer | Updating Geometry BVH Cube.109 110/550 | Building BVH
Fra:1 Mem:375.78M (Peak 476.96M) | Time:00:00.24 | Mem:256.88M, Peak:256.88M | Scene, ViewLayer | Updating Geometry BVH Cube.110 111/550 | Building BVH
Fra:1 Mem:375.78M (Peak 476.96M) | Time:00:00.24 | Mem:256.88M, Peak:256.88M | Scene, ViewLayer | Updating Geometry BVH Cube.110 111/550 | Building mesh BLAS |     188 tris | Cube.109
Fra:1 Mem:375.78M (Peak 476.96M) | Time:00:00.24 | Mem:256.88M, Peak:256.88M | Scene, ViewLayer | Updating Geometry BVH Cube.110 111/550 | Building mesh BLAS |     188 tris | Cube.110
Fra:1 Mem:375.78M (Peak 476.96M) | Time:00:00.24 | Mem:256.88M, Peak:256.88M | Scene, ViewLayer | Updating Geometry BVH Cube.111 112/550 | Building BVH
Fra:1 Mem:375.78M (Peak 476.96M) | Time:00:00.24 | Mem:256.88M, Peak:256.88M | Scene, ViewLayer | Updating Geometry BVH Cube.111 112/550 | Building mesh BLAS |     188 tris | Cube.111
Fra:1 Mem:375.78M (Peak 476.96M) | Time:00:00.24 | Mem:256.88M, Peak:256.88M | Scene, ViewLayer | Updating Geometry BVH Cube.112 113/550 | Building BVH
Fra:1 Mem:375.78M (Peak 476.96M) | Time:00:00.24 | Mem:256.88M, Peak:256.88M | Scene, ViewLayer | Updating Geometry BVH Cube.112 113/550 | Building mesh BLAS |     188 tris | Cube.112
Fra:1 Mem:375.78M (Peak 476.96M) | Time:00:00.24 | Mem:256.88M, Peak:256.88M | Scene, ViewLayer | Updating Geometry BVH Cube.113 114/550 | Building BVH
Fra:1 Mem:375.78M (Peak 476.96M) | Time:00:00.24 | Mem:256.88M, Peak:256.88M | Scene, ViewLayer | Updating Geometry BVH Cube.113 114/550 | Building mesh BLAS |     188 tris | Cube.113
Fra:1 Mem:375.78M (Peak 476.96M) | Time:00:00.24 | Mem:256.88M, Peak:256.88M | Scene, ViewLayer | Updating Geometry BVH Cube.114 115/550 | Building BVH
Fra:1 Mem:375.78M (Peak 476.96M) | Time:00:00.24 | Mem:256.88M, Peak:256.88M | Scene, ViewLayer | Updating Geometry BVH Cube.115 116/550 | Building BVH
Fra:1 Mem:375.78M (Peak 476.96M) | Time:00:00.24 | Mem:256.88M, Peak:256.88M | Scene, ViewLayer | Updating Geometry BVH Cube.115 116/550 | Building mesh BLAS |     188 tris | Cube.114
Fra:1 Mem:375.78M (Peak 476.96M) | Time:00:00.24 | Mem:256.88M, Peak:256.88M | Scene, ViewLayer | Updating Geometry BVH Cube.115 116/550 | Building mesh BLAS |     188 tris | Cube.115
Fra:1 Mem:375.78M (Peak 476.96M) | Time:00:00.24 | Mem:256.89M, Peak:256.89M | Scene, ViewLayer | Updating Geometry BVH Cube.116 117/550 | Building BVH
Fra:1 Mem:375.78M (Peak 476.96M) | Time:00:00.24 | Mem:256.89M, Peak:256.89M | Scene, ViewLayer | Updating Geometry BVH Cube.117 118/550 | Building BVH
Fra:1 Mem:375.78M (Peak 476.96M) | Time:00:00.24 | Mem:256.89M, Peak:256.89M | Scene, ViewLayer | Updating Geometry BVH Cube.117 118/550 | Building mesh BLAS |     188 tris | Cube.116
Fra:1 Mem:375.78M (Peak 476.96M) | Time:00:00.24 | Mem:256.89M, Peak:256.89M | Scene, ViewLayer | Updating Geometry BVH Cube.117 118/550 | Building mesh BLAS |     188 tris | Cube.117
Fra:1 Mem:375.78M (Peak 476.96M) | Time:00:00.24 | Mem:256.89M, Peak:256.89M | Scene, ViewLayer | Updating Geometry BVH Cube.118 119/550 | Building BVH
Fra:1 Mem:375.78M (Peak 476.96M) | Time:00:00.24 | Mem:256.89M, Peak:256.89M | Scene, ViewLayer | Updating Geometry BVH Cube.118 119/550 | Building mesh BLAS |     188 tris | Cube.118
Fra:1 Mem:375.78M (Peak 476.96M) | Time:00:00.24 | Mem:256.89M, Peak:256.89M | Scene, ViewLayer | Updating Geometry BVH Cube.119 120/550 | Building BVH
Fra:1 Mem:375.78M (Peak 476.96M) | Time:00:00.24 | Mem:256.89M, Peak:256.89M | Scene, ViewLayer | Updating Geometry BVH Distant garden arcade voussoir.083 545/550 | Building mesh BLAS |     188 tris | Cube.119
Fra:1 Mem:375.78M (Peak 476.96M) | Time:00:00.24 | Mem:256.89M, Peak:256.89M | Scene, ViewLayer | Updating Geometry BVH Distant garden arcade voussoir.083 545/550 | Building mesh BLAS |     188 tris | Distant garden arcade voussoir.083
Fra:1 Mem:375.78M (Peak 476.96M) | Time:00:00.24 | Mem:256.91M, Peak:256.91M | Scene, ViewLayer | Updating Geometry BVH Cube.120 121/550 | Building BVH
Fra:1 Mem:375.78M (Peak 476.96M) | Time:00:00.24 | Mem:256.91M, Peak:256.91M | Scene, ViewLayer | Updating Geometry BVH Cube.120 121/550 | Building mesh BLAS |     188 tris | Cube.120
Fra:1 Mem:375.78M (Peak 476.96M) | Time:00:00.24 | Mem:256.91M, Peak:256.91M | Scene, ViewLayer | Updating Geometry BVH Cube.121 122/550 | Building BVH
Fra:1 Mem:375.78M (Peak 476.96M) | Time:00:00.24 | Mem:256.91M, Peak:256.91M | Scene, ViewLayer | Updating Geometry BVH Cube.121 122/550 | Building mesh BLAS |     188 tris | Cube.121
Fra:1 Mem:375.78M (Peak 476.96M) | Time:00:00.24 | Mem:256.91M, Peak:256.91M | Scene, ViewLayer | Updating Geometry BVH Cube.122 123/550 | Building BVH
Fra:1 Mem:375.78M (Peak 476.96M) | Time:00:00.24 | Mem:256.91M, Peak:256.91M | Scene, ViewLayer | Updating Geometry BVH Cube.122 123/550 | Building mesh BLAS |     188 tris | Cube.122
Fra:1 Mem:375.78M (Peak 476.96M) | Time:00:00.24 | Mem:256.95M, Peak:256.95M | Scene, ViewLayer | Updating Geometry BVH Cube.123 124/550 | Building BVH
Fra:1 Mem:375.78M (Peak 476.96M) | Time:00:00.24 | Mem:256.96M, Peak:256.96M | Scene, ViewLayer | Updating Geometry BVH Cube.123 124/550 | Building mesh BLAS |     188 tris | Cube.123
Fra:1 Mem:375.78M (Peak 476.96M) | Time:00:00.24 | Mem:256.96M, Peak:256.96M | Scene, ViewLayer | Updating Geometry BVH Cube.124 125/550 | Building BVH
Fra:1 Mem:375.78M (Peak 476.96M) | Time:00:00.24 | Mem:256.96M, Peak:256.96M | Scene, ViewLayer | Updating Geometry BVH Cube.124 125/550 | Building mesh BLAS |     188 tris | Cube.124
Fra:1 Mem:375.78M (Peak 476.96M) | Time:00:00.24 | Mem:256.96M, Peak:256.96M | Scene, ViewLayer | Updating Geometry BVH Cube.125 126/550 | Building BVH
Fra:1 Mem:375.78M (Peak 476.96M) | Time:00:00.24 | Mem:256.96M, Peak:256.96M | Scene, ViewLayer | Updating Geometry BVH Cube.125 126/550 | Building mesh BLAS |     188 tris | Cube.125
Fra:1 Mem:375.78M (Peak 476.96M) | Time:00:00.24 | Mem:256.98M, Peak:256.98M | Scene, ViewLayer | Updating Geometry BVH Cube.126 127/550 | Building BVH
Fra:1 Mem:375.78M (Peak 476.96M) | Time:00:00.24 | Mem:256.98M, Peak:256.98M | Scene, ViewLayer | Updating Geometry BVH Cube.126 127/550 | Building mesh BLAS |     188 tris | Cube.126
Fra:1 Mem:375.78M (Peak 476.96M) | Time:00:00.24 | Mem:256.98M, Peak:256.98M | Scene, ViewLayer | Updating Geometry BVH Cube.127 128/550 | Building BVH
Fra:1 Mem:375.78M (Peak 476.96M) | Time:00:00.24 | Mem:256.98M, Peak:256.98M | Scene, ViewLayer | Updating Geometry BVH Cube.127 128/550 | Building mesh BLAS |     188 tris | Cube.127
Fra:1 Mem:375.78M (Peak 476.96M) | Time:00:00.24 | Mem:257.01M, Peak:257.01M | Scene, ViewLayer | Updating Geometry BVH Cube.128 129/550 | Building BVH
Fra:1 Mem:375.78M (Peak 476.96M) | Time:00:00.24 | Mem:257.01M, Peak:257.01M | Scene, ViewLayer | Updating Geometry BVH Cube.128 129/550 | Building mesh BLAS |     188 tris | Cube.128
Fra:1 Mem:375.78M (Peak 476.96M) | Time:00:00.24 | Mem:257.02M, Peak:257.02M | Scene, ViewLayer | Updating Geometry BVH Cube.129 130/550 | Building BVH
Fra:1 Mem:375.78M (Peak 476.96M) | Time:00:00.24 | Mem:257.04M, Peak:257.04M | Scene, ViewLayer | Updating Geometry BVH Cube.129 130/550 | Building mesh BLAS |     188 tris | Cube.129
Fra:1 Mem:375.78M (Peak 476.96M) | Time:00:00.24 | Mem:257.05M, Peak:257.05M | Scene, ViewLayer | Updating Geometry BVH Cube.130 131/550 | Building BVH
Fra:1 Mem:375.78M (Peak 476.96M) | Time:00:00.24 | Mem:257.05M, Peak:257.05M | Scene, ViewLayer | Updating Geometry BVH Cube.130 131/550 | Building mesh BLAS |     188 tris | Cube.130
Fra:1 Mem:375.78M (Peak 476.96M) | Time:00:00.24 | Mem:259.96M, Peak:259.96M | Scene, ViewLayer | Updating Geometry BVH Cube.131 132/550 | Building BVH
Fra:1 Mem:375.78M (Peak 476.96M) | Time:00:00.24 | Mem:259.96M, Peak:259.96M | Scene, ViewLayer | Updating Geometry BVH Cube.132 133/550 | Building BVH
Fra:1 Mem:375.78M (Peak 476.96M) | Time:00:00.24 | Mem:259.96M, Peak:259.96M | Scene, ViewLayer | Updating Geometry BVH Cube.132 133/550 | Building mesh BLAS |     188 tris | Cube.131
Fra:1 Mem:375.78M (Peak 476.96M) | Time:00:00.24 | Mem:259.96M, Peak:259.96M | Scene, ViewLayer | Updating Geometry BVH Cube.132 133/550 | Building mesh BLAS |     188 tris | Cube.132
Fra:1 Mem:375.78M (Peak 476.96M) | Time:00:00.24 | Mem:259.99M, Peak:259.99M | Scene, ViewLayer | Updating Geometry BVH Cube.133 134/550 | Building BVH
Fra:1 Mem:375.78M (Peak 476.96M) | Time:00:00.24 | Mem:259.99M, Peak:259.99M | Scene, ViewLayer | Updating Geometry BVH Cube.133 134/550 | Building mesh BLAS |     188 tris | Cube.133
Fra:1 Mem:375.78M (Peak 476.96M) | Time:00:00.24 | Mem:259.99M, Peak:259.99M | Scene, ViewLayer | Updating Geometry BVH Cube.134 135/550 | Building BVH
Fra:1 Mem:375.78M (Peak 476.96M) | Time:00:00.24 | Mem:260.00M, Peak:260.00M | Scene, ViewLayer | Updating Geometry BVH Cube.134 135/550 | Building mesh BLAS |     188 tris | Cube.134
Fra:1 Mem:375.78M (Peak 476.96M) | Time:00:00.24 | Mem:260.03M, Peak:260.03M | Scene, ViewLayer | Updating Geometry BVH Cube.135 136/550 | Building BVH
Fra:1 Mem:375.78M (Peak 476.96M) | Time:00:00.24 | Mem:260.04M, Peak:260.04M | Scene, ViewLayer | Updating Geometry BVH Cube.135 136/550 | Building mesh BLAS |     188 tris | Cube.135
Fra:1 Mem:375.78M (Peak 476.96M) | Time:00:00.24 | Mem:260.07M, Peak:260.07M | Scene, ViewLayer | Updating Geometry BVH Distant garden arcade voussoir.082 544/550 | Building BVH
Fra:1 Mem:375.78M (Peak 476.96M) | Time:00:00.24 | Mem:260.07M, Peak:260.07M | Scene, ViewLayer | Updating Geometry BVH Distant garden arcade voussoir.082 544/550 | Building mesh BLAS |     188 tris | Distant garden arcade voussoir.082
Fra:1 Mem:375.78M (Peak 476.96M) | Time:00:00.24 | Mem:260.07M, Peak:260.07M | Scene, ViewLayer | Updating Geometry BVH Cube.136 137/550 | Building BVH
Fra:1 Mem:375.78M (Peak 476.96M) | Time:00:00.24 | Mem:260.07M, Peak:260.07M | Scene, ViewLayer | Updating Geometry BVH Cube.136 137/550 | Building mesh BLAS |     188 tris | Cube.136
Fra:1 Mem:375.78M (Peak 476.96M) | Time:00:00.24 | Mem:260.12M, Peak:260.12M | Scene, ViewLayer | Updating Geometry BVH Cube.137 138/550 | Building BVH
Fra:1 Mem:375.78M (Peak 476.96M) | Time:00:00.24 | Mem:260.13M, Peak:260.13M | Scene, ViewLayer | Updating Geometry BVH Cube.137 138/550 | Building mesh BLAS |     188 tris | Cube.137
Fra:1 Mem:375.78M (Peak 476.96M) | Time:00:00.24 | Mem:260.13M, Peak:260.13M | Scene, ViewLayer | Updating Geometry BVH Cube.138 139/550 | Building BVH
Fra:1 Mem:375.78M (Peak 476.96M) | Time:00:00.24 | Mem:260.13M, Peak:260.13M | Scene, ViewLayer | Updating Geometry BVH Cube.138 139/550 | Building mesh BLAS |     188 tris | Cube.138
Fra:1 Mem:375.78M (Peak 476.96M) | Time:00:00.24 | Mem:260.13M, Peak:260.13M | Scene, ViewLayer | Updating Geometry BVH Cube.139 140/550 | Building BVH
Fra:1 Mem:375.78M (Peak 476.96M) | Time:00:00.24 | Mem:260.13M, Peak:260.13M | Scene, ViewLayer | Updating Geometry BVH Cube.139 140/550 | Building mesh BLAS |     188 tris | Cube.139
Fra:1 Mem:375.78M (Peak 476.96M) | Time:00:00.24 | Mem:260.18M, Peak:260.18M | Scene, ViewLayer | Updating Geometry BVH Cube.140 141/550 | Building BVH
Fra:1 Mem:375.78M (Peak 476.96M) | Time:00:00.24 | Mem:260.19M, Peak:260.19M | Scene, ViewLayer | Updating Geometry BVH Cube.141 142/550 | Building BVH
Fra:1 Mem:375.78M (Peak 476.96M) | Time:00:00.24 | Mem:260.19M, Peak:260.19M | Scene, ViewLayer | Updating Geometry BVH Cube.142 143/550 | Building BVH
Fra:1 Mem:375.78M (Peak 476.96M) | Time:00:00.24 | Mem:260.19M, Peak:260.19M | Scene, ViewLayer | Updating Geometry BVH Cube.142 143/550 | Building mesh BLAS |     188 tris | Cube.141
Fra:1 Mem:375.78M (Peak 476.96M) | Time:00:00.24 | Mem:260.19M, Peak:260.19M | Scene, ViewLayer | Updating Geometry BVH Cube.142 143/550 | Building mesh BLAS |     188 tris | Cube.142
Fra:1 Mem:375.78M (Peak 476.96M) | Time:00:00.24 | Mem:260.21M, Peak:260.21M | Scene, ViewLayer | Updating Geometry BVH Cube.143 144/550 | Building BVH
Fra:1 Mem:375.78M (Peak 476.96M) | Time:00:00.24 | Mem:260.22M, Peak:260.22M | Scene, ViewLayer | Updating Geometry BVH Cube.143 144/550 | Building mesh BLAS |     188 tris | Cube.143
Fra:1 Mem:375.78M (Peak 476.96M) | Time:00:00.24 | Mem:260.23M, Peak:260.23M | Scene, ViewLayer | Updating Geometry BVH Cube.144 145/550 | Building BVH
Fra:1 Mem:375.78M (Peak 476.96M) | Time:00:00.24 | Mem:260.23M, Peak:260.23M | Scene, ViewLayer | Updating Geometry BVH Cube.144 145/550 | Building mesh BLAS |     188 tris | Cube.144
Fra:1 Mem:375.78M (Peak 476.96M) | Time:00:00.24 | Mem:260.23M, Peak:260.23M | Scene, ViewLayer | Updating Geometry BVH Cube.145 146/550 | Building BVH
Fra:1 Mem:375.78M (Peak 476.96M) | Time:00:00.24 | Mem:260.23M, Peak:260.23M | Scene, ViewLayer | Updating Geometry BVH Cube.145 146/550 | Building mesh BLAS |     188 tris | Cube.145
Fra:1 Mem:375.78M (Peak 476.96M) | Time:00:00.24 | Mem:265.35M, Peak:265.35M | Scene, ViewLayer | Updating Geometry BVH Cube.146 147/550 | Building BVH
Fra:1 Mem:375.78M (Peak 476.96M) | Time:00:00.24 | Mem:265.35M, Peak:265.35M | Scene, ViewLayer | Updating Geometry BVH Cube.146 147/550 | Building mesh BLAS |     188 tris | Cube.146
Fra:1 Mem:375.78M (Peak 476.96M) | Time:00:00.24 | Mem:265.39M, Peak:265.39M | Scene, ViewLayer | Updating Geometry BVH Cube.147 148/550 | Building BVH
Fra:1 Mem:375.78M (Peak 476.96M) | Time:00:00.24 | Mem:265.39M, Peak:265.39M | Scene, ViewLayer | Updating Geometry BVH Cube.148 149/550 | Building BVH
Fra:1 Mem:375.78M (Peak 476.96M) | Time:00:00.24 | Mem:265.40M, Peak:265.40M | Scene, ViewLayer | Updating Geometry BVH Cube.148 149/550 | Building mesh BLAS |     188 tris | Cube.147
Fra:1 Mem:375.78M (Peak 476.96M) | Time:00:00.24 | Mem:265.41M, Peak:265.41M | Scene, ViewLayer | Updating Geometry BVH Cube.148 149/550 | Building mesh BLAS |     188 tris | Cube.148
Fra:1 Mem:375.78M (Peak 476.96M) | Time:00:00.24 | Mem:265.42M, Peak:265.42M | Scene, ViewLayer | Updating Geometry BVH Cube.149 150/550 | Building BVH
Fra:1 Mem:375.78M (Peak 476.96M) | Time:00:00.24 | Mem:265.42M, Peak:265.42M | Scene, ViewLayer | Updating Geometry BVH Cube.150 151/550 | Building BVH
Fra:1 Mem:375.78M (Peak 476.96M) | Time:00:00.24 | Mem:265.42M, Peak:265.42M | Scene, ViewLayer | Updating Geometry BVH Cube.150 151/550 | Building mesh BLAS |     188 tris | Cube.149
Fra:1 Mem:375.78M (Peak 476.96M) | Time:00:00.24 | Mem:265.42M, Peak:265.42M | Scene, ViewLayer | Updating Geometry BVH Cube.150 151/550 | Building mesh BLAS |     188 tris | Cube.150
Fra:1 Mem:375.78M (Peak 476.96M) | Time:00:00.24 | Mem:265.44M, Peak:265.44M | Scene, ViewLayer | Updating Geometry BVH Cube.151 152/550 | Building BVH
Fra:1 Mem:375.78M (Peak 476.96M) | Time:00:00.24 | Mem:265.45M, Peak:265.45M | Scene, ViewLayer | Updating Geometry BVH Cube.151 152/550 | Building mesh BLAS |     188 tris | Cube.151
Fra:1 Mem:375.78M (Peak 476.96M) | Time:00:00.24 | Mem:265.45M, Peak:265.45M | Scene, ViewLayer | Updating Geometry BVH Cube.152 153/550 | Building BVH
Fra:1 Mem:375.78M (Peak 476.96M) | Time:00:00.24 | Mem:265.46M, Peak:265.46M | Scene, ViewLayer | Updating Geometry BVH Distant garden arcade voussoir.081 543/550 | Building BVH
Fra:1 Mem:375.78M (Peak 476.96M) | Time:00:00.24 | Mem:265.47M, Peak:265.47M | Scene, ViewLayer | Updating Geometry BVH Distant garden arcade voussoir.081 543/550 | Building mesh BLAS |     188 tris | Cube.152
Fra:1 Mem:375.78M (Peak 476.96M) | Time:00:00.24 | Mem:265.48M, Peak:265.48M | Scene, ViewLayer | Updating Geometry BVH Distant garden arcade voussoir.081 543/550 | Building mesh BLAS |     188 tris | Distant garden arcade voussoir.081
Fra:1 Mem:375.78M (Peak 476.96M) | Time:00:00.24 | Mem:265.49M, Peak:265.49M | Scene, ViewLayer | Updating Geometry BVH Cube.153 154/550 | Building BVH
Fra:1 Mem:375.78M (Peak 476.96M) | Time:00:00.24 | Mem:265.49M, Peak:265.49M | Scene, ViewLayer | Updating Geometry BVH Cube.153 154/550 | Building mesh BLAS |     188 tris | Cube.153
Fra:1 Mem:375.78M (Peak 476.96M) | Time:00:00.24 | Mem:265.49M, Peak:265.49M | Scene, ViewLayer | Updating Geometry BVH Cube.154 155/550 | Building BVH
Fra:1 Mem:375.78M (Peak 476.96M) | Time:00:00.24 | Mem:265.49M, Peak:265.49M | Scene, ViewLayer | Updating Geometry BVH Cube.155 156/550 | Building BVH
Fra:1 Mem:375.78M (Peak 476.96M) | Time:00:00.24 | Mem:265.49M, Peak:265.49M | Scene, ViewLayer | Updating Geometry BVH Cube.155 156/550 | Building mesh BLAS |     188 tris | Cube.154
Fra:1 Mem:375.78M (Peak 476.96M) | Time:00:00.24 | Mem:265.49M, Peak:265.49M | Scene, ViewLayer | Updating Geometry BVH Cube.155 156/550 | Building mesh BLAS |     188 tris | Cube.155
Fra:1 Mem:375.78M (Peak 476.96M) | Time:00:00.24 | Mem:265.91M, Peak:265.91M | Scene, ViewLayer | Updating Geometry BVH Cube.156 157/550 | Building BVH
Fra:1 Mem:375.78M (Peak 476.96M) | Time:00:00.24 | Mem:265.91M, Peak:265.91M | Scene, ViewLayer | Updating Geometry BVH Cube.157 158/550 | Building BVH
Fra:1 Mem:375.78M (Peak 476.96M) | Time:00:00.24 | Mem:265.91M, Peak:265.91M | Scene, ViewLayer | Updating Geometry BVH Cube.157 158/550 | Building mesh BLAS |     188 tris | Cube.156
Fra:1 Mem:375.78M (Peak 476.96M) | Time:00:00.24 | Mem:265.91M, Peak:265.91M | Scene, ViewLayer | Updating Geometry BVH Cube.158 159/550 | Building BVH
Fra:1 Mem:375.78M (Peak 476.96M) | Time:00:00.24 | Mem:265.91M, Peak:265.91M | Scene, ViewLayer | Updating Geometry BVH Cube.158 159/550 | Building mesh BLAS |     188 tris | Cube.158
Fra:1 Mem:375.78M (Peak 476.96M) | Time:00:00.24 | Mem:265.93M, Peak:265.93M | Scene, ViewLayer | Updating Geometry BVH Cube.159 160/550 | Building BVH
Fra:1 Mem:375.78M (Peak 476.96M) | Time:00:00.24 | Mem:265.94M, Peak:265.94M | Scene, ViewLayer | Updating Geometry BVH Cube.159 160/550 | Building mesh BLAS |     188 tris | Cube.159
Fra:1 Mem:375.78M (Peak 476.96M) | Time:00:00.24 | Mem:265.95M, Peak:265.95M | Scene, ViewLayer | Updating Geometry BVH Cube.160 161/550 | Building BVH
Fra:1 Mem:375.78M (Peak 476.96M) | Time:00:00.24 | Mem:265.97M, Peak:265.97M | Scene, ViewLayer | Updating Geometry BVH Cube.160 161/550 | Building mesh BLAS |     188 tris | Cube.160
Fra:1 Mem:375.78M (Peak 476.96M) | Time:00:00.24 | Mem:265.98M, Peak:265.98M | Scene, ViewLayer | Updating Geometry BVH Cube.162 163/550 | Building BVH
Fra:1 Mem:375.78M (Peak 476.96M) | Time:00:00.24 | Mem:265.98M, Peak:265.98M | Scene, ViewLayer | Updating Geometry BVH Cube.162 163/550 | Building mesh BLAS |     188 tris | Cube.162
Fra:1 Mem:375.78M (Peak 476.96M) | Time:00:00.24 | Mem:265.98M, Peak:265.98M | Scene, ViewLayer | Updating Geometry BVH Cube.162 163/550 | Building mesh BLAS |     188 tris | Cube.161
Fra:1 Mem:375.78M (Peak 476.96M) | Time:00:00.24 | Mem:265.98M, Peak:265.98M | Scene, ViewLayer | Updating Geometry BVH Cube.163 164/550 | Building BVH
Fra:1 Mem:375.78M (Peak 476.96M) | Time:00:00.24 | Mem:265.98M, Peak:265.98M | Scene, ViewLayer | Updating Geometry BVH Cube.163 164/550 | Building mesh BLAS |     188 tris | Cube.163
Fra:1 Mem:375.78M (Peak 476.96M) | Time:00:00.24 | Mem:265.98M, Peak:265.98M | Scene, ViewLayer | Updating Geometry BVH Cube.164 165/550 | Building BVH
Fra:1 Mem:375.78M (Peak 476.96M) | Time:00:00.24 | Mem:265.98M, Peak:265.98M | Scene, ViewLayer | Updating Geometry BVH Cube.164 165/550 | Building mesh BLAS |     188 tris | Cube.164
Fra:1 Mem:375.78M (Peak 476.96M) | Time:00:00.24 | Mem:266.01M, Peak:266.01M | Scene, ViewLayer | Updating Geometry BVH Cube.165 166/550 | Building BVH
Fra:1 Mem:375.78M (Peak 476.96M) | Time:00:00.24 | Mem:266.01M, Peak:266.01M | Scene, ViewLayer | Updating Geometry BVH Cube.165 166/550 | Building mesh BLAS |     188 tris | Cube.165
Fra:1 Mem:375.78M (Peak 476.96M) | Time:00:00.24 | Mem:266.03M, Peak:266.03M | Scene, ViewLayer | Updating Geometry BVH Cube.167 168/550 | Building BVH
Fra:1 Mem:375.78M (Peak 476.96M) | Time:00:00.24 | Mem:266.04M, Peak:266.04M | Scene, ViewLayer | Updating Geometry BVH Cube.167 168/550 | Building mesh BLAS |     188 tris | Cube.167
Fra:1 Mem:375.78M (Peak 476.96M) | Time:00:00.24 | Mem:266.04M, Peak:266.04M | Scene, ViewLayer | Updating Geometry BVH Cube.168 169/550 | Building mesh BLAS |     188 tris | Cube.166
Fra:1 Mem:375.78M (Peak 476.96M) | Time:00:00.24 | Mem:266.04M, Peak:266.04M | Scene, ViewLayer | Updating Geometry BVH Cube.169 170/550 | Building BVH
Fra:1 Mem:375.78M (Peak 476.96M) | Time:00:00.24 | Mem:266.04M, Peak:266.04M | Scene, ViewLayer | Updating Geometry BVH Distant garden arcade voussoir.080 542/550 | Building BVH
Fra:1 Mem:375.78M (Peak 476.96M) | Time:00:00.24 | Mem:266.04M, Peak:266.04M | Scene, ViewLayer | Updating Geometry BVH Distant garden arcade voussoir.080 542/550 | Building mesh BLAS |     188 tris | Cube.168
Fra:1 Mem:375.78M (Peak 476.96M) | Time:00:00.24 | Mem:266.04M, Peak:266.04M | Scene, ViewLayer | Updating Geometry BVH Distant garden arcade voussoir.080 542/550 | Building mesh BLAS |     188 tris | Cube.169
Fra:1 Mem:375.78M (Peak 476.96M) | Time:00:00.24 | Mem:266.04M, Peak:266.04M | Scene, ViewLayer | Updating Geometry BVH Distant garden arcade voussoir.080 542/550 | Building mesh BLAS |     188 tris | Distant garden arcade voussoir.080
Fra:1 Mem:375.78M (Peak 476.96M) | Time:00:00.24 | Mem:266.05M, Peak:266.05M | Scene, ViewLayer | Updating Geometry BVH Cube.170 171/550 | Building BVH
Fra:1 Mem:375.78M (Peak 476.96M) | Time:00:00.24 | Mem:266.05M, Peak:266.05M | Scene, ViewLayer | Updating Geometry BVH Cube.170 171/550 | Building mesh BLAS |     188 tris | Cube.170
Fra:1 Mem:375.78M (Peak 476.96M) | Time:00:00.24 | Mem:266.33M, Peak:266.33M | Scene, ViewLayer | Updating Geometry BVH Cube.171 172/550 | Building BVH
Fra:1 Mem:375.78M (Peak 476.96M) | Time:00:00.24 | Mem:266.33M, Peak:266.33M | Scene, ViewLayer | Updating Geometry BVH Cube.172 173/550 | Building BVH
Fra:1 Mem:375.78M (Peak 476.96M) | Time:00:00.24 | Mem:266.33M, Peak:266.33M | Scene, ViewLayer | Updating Geometry BVH Cube.172 173/550 | Building mesh BLAS |     188 tris | Cube.171
Fra:1 Mem:375.78M (Peak 476.96M) | Time:00:00.24 | Mem:266.33M, Peak:266.33M | Scene, ViewLayer | Updating Geometry BVH Cube.172 173/550 | Building mesh BLAS |     188 tris | Cube.172
Fra:1 Mem:375.78M (Peak 476.96M) | Time:00:00.24 | Mem:266.33M, Peak:266.33M | Scene, ViewLayer | Updating Geometry BVH Cube.173 174/550 | Building BVH
Fra:1 Mem:375.78M (Peak 476.96M) | Time:00:00.24 | Mem:266.33M, Peak:266.33M | Scene, ViewLayer | Updating Geometry BVH Cube.174 175/550 | Building BVH
Fra:1 Mem:375.78M (Peak 476.96M) | Time:00:00.24 | Mem:266.34M, Peak:266.34M | Scene, ViewLayer | Updating Geometry BVH Cube.174 175/550 | Building mesh BLAS |     188 tris | Cube.173
Fra:1 Mem:375.78M (Peak 476.96M) | Time:00:00.24 | Mem:266.35M, Peak:266.35M | Scene, ViewLayer | Updating Geometry BVH Cube.175 176/550 | Building BVH
Fra:1 Mem:375.78M (Peak 476.96M) | Time:00:00.24 | Mem:266.36M, Peak:266.36M | Scene, ViewLayer | Updating Geometry BVH Cube.175 176/550 | Building mesh BLAS |     188 tris | Cube.175
Fra:1 Mem:375.78M (Peak 476.96M) | Time:00:00.24 | Mem:266.38M, Peak:266.38M | Scene, ViewLayer | Updating Geometry BVH Cube.176 177/550 | Building BVH
Fra:1 Mem:375.78M (Peak 476.96M) | Time:00:00.24 | Mem:266.39M, Peak:266.39M | Scene, ViewLayer | Updating Geometry BVH Cube.176 177/550 | Building mesh BLAS |     188 tris | Cube.176
Fra:1 Mem:375.78M (Peak 476.96M) | Time:00:00.24 | Mem:266.40M, Peak:266.40M | Scene, ViewLayer | Updating Geometry BVH Cube.177 178/550 | Building BVH
Fra:1 Mem:375.78M (Peak 476.96M) | Time:00:00.24 | Mem:266.40M, Peak:266.40M | Scene, ViewLayer | Updating Geometry BVH Cube.178 179/550 | Building BVH
Fra:1 Mem:375.78M (Peak 476.96M) | Time:00:00.24 | Mem:266.40M, Peak:266.40M | Scene, ViewLayer | Updating Geometry BVH Cube.178 179/550 | Building mesh BLAS |     188 tris | Cube.177
Fra:1 Mem:375.78M (Peak 476.96M) | Time:00:00.24 | Mem:266.40M, Peak:266.40M | Scene, ViewLayer | Updating Geometry BVH Cube.179 180/550 | Building mesh BLAS |     188 tris | Cube.178
Fra:1 Mem:375.78M (Peak 476.96M) | Time:00:00.24 | Mem:266.40M, Peak:266.40M | Scene, ViewLayer | Updating Geometry BVH Cube.180 181/550 | Building BVH
Fra:1 Mem:375.78M (Peak 476.96M) | Time:00:00.24 | Mem:266.40M, Peak:266.40M | Scene, ViewLayer | Updating Geometry BVH Cube.180 181/550 | Building mesh BLAS |     188 tris | Cube.179
Fra:1 Mem:375.78M (Peak 476.96M) | Time:00:00.24 | Mem:266.40M, Peak:266.40M | Scene, ViewLayer | Updating Geometry BVH Cube.180 181/550 | Building mesh BLAS |     188 tris | Cube.180
Fra:1 Mem:375.78M (Peak 476.96M) | Time:00:00.24 | Mem:266.41M, Peak:266.41M | Scene, ViewLayer | Updating Geometry BVH Cube.181 182/550 | Building BVH
Fra:1 Mem:375.78M (Peak 476.96M) | Time:00:00.24 | Mem:266.41M, Peak:266.41M | Scene, ViewLayer | Updating Geometry BVH Cube.181 182/550 | Building mesh BLAS |     188 tris | Cube.181
Fra:1 Mem:375.78M (Peak 476.96M) | Time:00:00.24 | Mem:266.43M, Peak:266.43M | Scene, ViewLayer | Updating Geometry BVH Cube.182 183/550 | Building BVH
Fra:1 Mem:375.78M (Peak 476.96M) | Time:00:00.24 | Mem:266.43M, Peak:266.43M | Scene, ViewLayer | Updating Geometry BVH Cube.182 183/550 | Building mesh BLAS |     188 tris | Cube.182
Fra:1 Mem:375.78M (Peak 476.96M) | Time:00:00.24 | Mem:266.43M, Peak:266.43M | Scene, ViewLayer | Updating Geometry BVH Cube.183 184/550 | Building BVH
Fra:1 Mem:375.78M (Peak 476.96M) | Time:00:00.24 | Mem:266.43M, Peak:266.43M | Scene, ViewLayer | Updating Geometry BVH Cube.183 184/550 | Building mesh BLAS |     188 tris | Cube.183
Fra:1 Mem:375.78M (Peak 476.96M) | Time:00:00.24 | Mem:266.45M, Peak:266.45M | Scene, ViewLayer | Updating Geometry BVH Cube.184 185/550 | Building BVH
Fra:1 Mem:375.78M (Peak 476.96M) | Time:00:00.24 | Mem:266.46M, Peak:266.46M | Scene, ViewLayer | Updating Geometry BVH Cube.185 186/550 | Building BVH
Fra:1 Mem:375.78M (Peak 476.96M) | Time:00:00.24 | Mem:266.46M, Peak:266.46M | Scene, ViewLayer | Updating Geometry BVH Distant garden arcade voussoir.079 541/550 | Building BVH
Fra:1 Mem:375.78M (Peak 476.96M) | Time:00:00.24 | Mem:266.46M, Peak:266.46M | Scene, ViewLayer | Updating Geometry BVH Distant garden arcade voussoir.079 541/550 | Building mesh BLAS |     188 tris | Cube.185
Fra:1 Mem:375.78M (Peak 476.96M) | Time:00:00.24 | Mem:266.47M, Peak:266.47M | Scene, ViewLayer | Updating Geometry BVH Distant garden arcade voussoir.079 541/550 | Building mesh BLAS |     188 tris | Cube.186
Fra:1 Mem:375.78M (Peak 476.96M) | Time:00:00.24 | Mem:266.47M, Peak:266.47M | Scene, ViewLayer | Updating Geometry BVH Cube.187 188/550 | Building BVH
Fra:1 Mem:375.78M (Peak 476.96M) | Time:00:00.24 | Mem:266.47M, Peak:266.47M | Scene, ViewLayer | Updating Geometry BVH Cube.188 189/550 | Building BVH
Fra:1 Mem:375.78M (Peak 476.96M) | Time:00:00.24 | Mem:266.47M, Peak:266.47M | Scene, ViewLayer | Updating Geometry BVH Cube.188 189/550 | Building mesh BLAS |     188 tris | Cube.188
Fra:1 Mem:375.78M (Peak 476.96M) | Time:00:00.24 | Mem:266.47M, Peak:266.47M | Scene, ViewLayer | Updating Geometry BVH Cube.188 189/550 | Building mesh BLAS |     188 tris | Cube.187
Fra:1 Mem:375.78M (Peak 476.96M) | Time:00:00.24 | Mem:266.48M, Peak:266.48M | Scene, ViewLayer | Updating Geometry BVH Cube.189 190/550 | Building BVH
Fra:1 Mem:375.78M (Peak 476.96M) | Time:00:00.24 | Mem:266.48M, Peak:266.48M | Scene, ViewLayer | Updating Geometry BVH Cube.189 190/550 | Building mesh BLAS |     188 tris | Cube.189
Fra:1 Mem:375.78M (Peak 476.96M) | Time:00:00.24 | Mem:266.48M, Peak:266.48M | Scene, ViewLayer | Updating Geometry BVH Cube.190 191/550 | Building BVH
Fra:1 Mem:375.78M (Peak 476.96M) | Time:00:00.24 | Mem:266.48M, Peak:266.48M | Scene, ViewLayer | Updating Geometry BVH Cube.190 191/550 | Building mesh BLAS |     188 tris | Cube.190
Fra:1 Mem:375.78M (Peak 476.96M) | Time:00:00.24 | Mem:266.51M, Peak:266.51M | Scene, ViewLayer | Updating Geometry BVH Cube.191 192/550 | Building BVH
Fra:1 Mem:375.78M (Peak 476.96M) | Time:00:00.24 | Mem:266.52M, Peak:266.52M | Scene, ViewLayer | Updating Geometry BVH Cube.193 194/550 | Building BVH
Fra:1 Mem:375.78M (Peak 476.96M) | Time:00:00.24 | Mem:266.52M, Peak:266.52M | Scene, ViewLayer | Updating Geometry BVH Cube.194 195/550 | Building mesh BLAS |     188 tris | Cube.191
Fra:1 Mem:375.78M (Peak 476.96M) | Time:00:00.24 | Mem:266.52M, Peak:266.52M | Scene, ViewLayer | Updating Geometry BVH Cube.195 196/550 | Building mesh BLAS |     188 tris | Cube.193
Fra:1 Mem:375.78M (Peak 476.96M) | Time:00:00.24 | Mem:266.54M, Peak:266.54M | Scene, ViewLayer | Updating Geometry BVH Cube.196 197/550 | Building BVH
Fra:1 Mem:375.78M (Peak 476.96M) | Time:00:00.24 | Mem:266.54M, Peak:266.54M | Scene, ViewLayer | Updating Geometry BVH Cube.197 198/550 | Building mesh BLAS |     188 tris | Cube.192
Fra:1 Mem:375.78M (Peak 476.96M) | Time:00:00.24 | Mem:266.54M, Peak:266.54M | Scene, ViewLayer | Updating Geometry BVH Cube.197 198/550 | Building mesh BLAS |     188 tris | Cube.196
Fra:1 Mem:375.78M (Peak 476.96M) | Time:00:00.24 | Mem:266.54M, Peak:266.54M | Scene, ViewLayer | Updating Geometry BVH Cube.197 198/550 | Building mesh BLAS |     188 tris | Cube.195
Fra:1 Mem:375.78M (Peak 476.96M) | Time:00:00.24 | Mem:266.55M, Peak:266.55M | Scene, ViewLayer | Updating Geometry BVH Cube.197 198/550 | Building mesh BLAS |     188 tris | Cube.197
Fra:1 Mem:375.78M (Peak 476.96M) | Time:00:00.24 | Mem:266.55M, Peak:266.55M | Scene, ViewLayer | Updating Geometry BVH Cube.197 198/550 | Building mesh BLAS |     188 tris | Cube.194
Fra:1 Mem:375.78M (Peak 476.96M) | Time:00:00.24 | Mem:266.56M, Peak:266.56M | Scene, ViewLayer | Updating Geometry BVH Cube.198 199/550 | Building BVH
Fra:1 Mem:375.78M (Peak 476.96M) | Time:00:00.24 | Mem:266.56M, Peak:266.56M | Scene, ViewLayer | Updating Geometry BVH Cube.198 199/550 | Building mesh BLAS |     188 tris | Cube.198
Fra:1 Mem:375.78M (Peak 476.96M) | Time:00:00.24 | Mem:266.56M, Peak:266.56M | Scene, ViewLayer | Updating Geometry BVH Cube.199 200/550 | Building BVH
Fra:1 Mem:375.78M (Peak 476.96M) | Time:00:00.24 | Mem:266.57M, Peak:266.57M | Scene, ViewLayer | Updating Geometry BVH Cube.199 200/550 | Building mesh BLAS |     188 tris | Cube.199
Fra:1 Mem:375.78M (Peak 476.96M) | Time:00:00.24 | Mem:266.58M, Peak:266.58M | Scene, ViewLayer | Updating Geometry BVH Cube.200 201/550 | Building BVH
Fra:1 Mem:375.78M (Peak 476.96M) | Time:00:00.24 | Mem:266.58M, Peak:266.58M | Scene, ViewLayer | Updating Geometry BVH Cube.200 201/550 | Building mesh BLAS |     188 tris | Cube.200
Fra:1 Mem:375.78M (Peak 476.96M) | Time:00:00.24 | Mem:266.58M, Peak:266.58M | Scene, ViewLayer | Updating Geometry BVH Cube.201 202/550 | Building BVH
Fra:1 Mem:375.78M (Peak 476.96M) | Time:00:00.24 | Mem:266.58M, Peak:266.58M | Scene, ViewLayer | Updating Geometry BVH Cube.201 202/550 | Building mesh BLAS |     188 tris | Cube.201
Fra:1 Mem:375.78M (Peak 476.96M) | Time:00:00.24 | Mem:266.58M, Peak:266.58M | Scene, ViewLayer | Updating Geometry BVH Cube.202 203/550 | Building BVH
Fra:1 Mem:375.78M (Peak 476.96M) | Time:00:00.24 | Mem:266.58M, Peak:266.58M | Scene, ViewLayer | Updating Geometry BVH Cube.202 203/550 | Building mesh BLAS |     188 tris | Cube.202
Fra:1 Mem:375.78M (Peak 476.96M) | Time:00:00.24 | Mem:266.58M, Peak:266.58M | Scene, ViewLayer | Updating Geometry BVH Cube.203 204/550 | Building BVH
Fra:1 Mem:375.78M (Peak 476.96M) | Time:00:00.24 | Mem:266.58M, Peak:266.58M | Scene, ViewLayer | Updating Geometry BVH Cube.203 204/550 | Building mesh BLAS |     188 tris | Cube.203
Fra:1 Mem:375.78M (Peak 476.96M) | Time:00:00.24 | Mem:266.58M, Peak:266.58M | Scene, ViewLayer | Updating Geometry BVH Cube.204 205/550 | Building BVH
Fra:1 Mem:375.78M (Peak 476.96M) | Time:00:00.24 | Mem:266.61M, Peak:266.61M | Scene, ViewLayer | Updating Geometry BVH Distant garden arcade voussoir.078 540/550 | Building BVH
Fra:1 Mem:375.78M (Peak 476.96M) | Time:00:00.24 | Mem:266.61M, Peak:266.61M | Scene, ViewLayer | Updating Geometry BVH Distant garden arcade voussoir.078 540/550 | Building mesh BLAS |     188 tris | Distant garden arcade voussoir.078
Fra:1 Mem:375.78M (Peak 476.96M) | Time:00:00.24 | Mem:266.61M, Peak:266.61M | Scene, ViewLayer | Updating Geometry BVH Cube.205 206/550 | Building BVH
Fra:1 Mem:375.78M (Peak 476.96M) | Time:00:00.24 | Mem:266.61M, Peak:266.61M | Scene, ViewLayer | Updating Geometry BVH Cube.205 206/550 | Building mesh BLAS |     188 tris | Cube.205
Fra:1 Mem:375.78M (Peak 476.96M) | Time:00:00.24 | Mem:266.61M, Peak:266.61M | Scene, ViewLayer | Updating Geometry BVH Cube.206 207/550 | Building BVH
Fra:1 Mem:375.78M (Peak 476.96M) | Time:00:00.24 | Mem:266.61M, Peak:266.61M | Scene, ViewLayer | Updating Geometry BVH Cube.206 207/550 | Building mesh BLAS |     188 tris | Cube.206
Fra:1 Mem:375.79M (Peak 476.96M) | Time:00:00.24 | Mem:266.61M, Peak:266.61M | Scene, ViewLayer | Updating Geometry BVH Cube.207 208/550 | Building BVH
Fra:1 Mem:375.79M (Peak 476.96M) | Time:00:00.24 | Mem:266.61M, Peak:266.61M | Scene, ViewLayer | Updating Geometry BVH Cube.207 208/550 | Building mesh BLAS |     188 tris | Cube.207
Fra:1 Mem:375.79M (Peak 476.96M) | Time:00:00.24 | Mem:266.62M, Peak:266.62M | Scene, ViewLayer | Updating Geometry BVH Cube.208 209/550 | Building BVH
Fra:1 Mem:375.79M (Peak 476.96M) | Time:00:00.24 | Mem:266.62M, Peak:266.62M | Scene, ViewLayer | Updating Geometry BVH Cube.208 209/550 | Building mesh BLAS |     188 tris | Cube.208
Fra:1 Mem:375.79M (Peak 476.96M) | Time:00:00.24 | Mem:266.62M, Peak:266.62M | Scene, ViewLayer | Updating Geometry BVH Cube.209 210/550 | Building BVH
Fra:1 Mem:375.79M (Peak 476.96M) | Time:00:00.24 | Mem:266.64M, Peak:266.64M | Scene, ViewLayer | Updating Geometry BVH Cube.209 210/550 | Building mesh BLAS |     188 tris | Cube.209
Fra:1 Mem:375.79M (Peak 476.96M) | Time:00:00.24 | Mem:266.66M, Peak:266.66M | Scene, ViewLayer | Updating Geometry BVH Cube.210 211/550 | Building BVH
Fra:1 Mem:375.79M (Peak 476.96M) | Time:00:00.24 | Mem:266.66M, Peak:266.66M | Scene, ViewLayer | Updating Geometry BVH Cube.210 211/550 | Building mesh BLAS |     188 tris | Cube.210
Fra:1 Mem:375.79M (Peak 476.96M) | Time:00:00.24 | Mem:266.66M, Peak:266.66M | Scene, ViewLayer | Updating Geometry BVH Cube.211 212/550 | Building BVH
Fra:1 Mem:375.79M (Peak 476.96M) | Time:00:00.24 | Mem:266.66M, Peak:266.66M | Scene, ViewLayer | Updating Geometry BVH Cube.212 213/550 | Building BVH
Fra:1 Mem:375.79M (Peak 476.96M) | Time:00:00.24 | Mem:266.66M, Peak:266.66M | Scene, ViewLayer | Updating Geometry BVH Cube.212 213/550 | Building mesh BLAS |     188 tris | Cube.212
Fra:1 Mem:375.79M (Peak 476.96M) | Time:00:00.24 | Mem:266.66M, Peak:266.66M | Scene, ViewLayer | Updating Geometry BVH Cube.212 213/550 | Building mesh BLAS |     188 tris | Cube.211
Fra:1 Mem:375.79M (Peak 476.96M) | Time:00:00.24 | Mem:266.66M, Peak:266.66M | Scene, ViewLayer | Updating Geometry BVH Cube.213 214/550 | Building BVH
Fra:1 Mem:375.79M (Peak 476.96M) | Time:00:00.24 | Mem:266.66M, Peak:266.66M | Scene, ViewLayer | Updating Geometry BVH Cube.213 214/550 | Building mesh BLAS |     188 tris | Cube.213
Fra:1 Mem:375.79M (Peak 476.96M) | Time:00:00.24 | Mem:266.66M, Peak:266.66M | Scene, ViewLayer | Updating Geometry BVH Cube.214 215/550 | Building BVH
Fra:1 Mem:375.79M (Peak 476.96M) | Time:00:00.24 | Mem:266.66M, Peak:266.66M | Scene, ViewLayer | Updating Geometry BVH Cube.214 215/550 | Building mesh BLAS |     188 tris | Cube.214
Fra:1 Mem:375.79M (Peak 476.96M) | Time:00:00.24 | Mem:266.66M, Peak:266.66M | Scene, ViewLayer | Updating Geometry BVH Cube.215 216/550 | Building BVH
Fra:1 Mem:375.79M (Peak 476.96M) | Time:00:00.25 | Mem:266.66M, Peak:266.66M | Scene, ViewLayer | Updating Geometry BVH Cube.215 216/550 | Building mesh BLAS |     188 tris | Cube.215
Fra:1 Mem:375.79M (Peak 476.96M) | Time:00:00.25 | Mem:266.66M, Peak:266.66M | Scene, ViewLayer | Updating Geometry BVH Cube.216 217/550 | Building BVH
Fra:1 Mem:375.79M (Peak 476.96M) | Time:00:00.25 | Mem:266.67M, Peak:266.67M | Scene, ViewLayer | Updating Geometry BVH Cube.216 217/550 | Building mesh BLAS |     188 tris | Cube.216
Fra:1 Mem:375.79M (Peak 476.96M) | Time:00:00.25 | Mem:266.68M, Peak:266.68M | Scene, ViewLayer | Updating Geometry BVH Cube.217 218/550 | Building BVH
Fra:1 Mem:375.79M (Peak 476.96M) | Time:00:00.25 | Mem:266.68M, Peak:266.68M | Scene, ViewLayer | Updating Geometry BVH Cube.217 218/550 | Building mesh BLAS |     188 tris | Cube.217
Fra:1 Mem:375.79M (Peak 476.96M) | Time:00:00.25 | Mem:266.69M, Peak:266.69M | Scene, ViewLayer | Updating Geometry BVH Cube.218 219/550 | Building BVH
Fra:1 Mem:375.79M (Peak 476.96M) | Time:00:00.25 | Mem:266.69M, Peak:266.69M | Scene, ViewLayer | Updating Geometry BVH Cube.218 219/550 | Building mesh BLAS |     188 tris | Cube.218
Fra:1 Mem:375.79M (Peak 476.96M) | Time:00:00.25 | Mem:266.69M, Peak:266.69M | Scene, ViewLayer | Updating Geometry BVH Cube.219 220/550 | Building BVH
Fra:1 Mem:375.79M (Peak 476.96M) | Time:00:00.25 | Mem:266.69M, Peak:266.69M | Scene, ViewLayer | Updating Geometry BVH Cube.219 220/550 | Building mesh BLAS |     188 tris | Cube.219
Fra:1 Mem:375.79M (Peak 476.96M) | Time:00:00.25 | Mem:266.69M, Peak:266.69M | Scene, ViewLayer | Updating Geometry BVH Cube.220 221/550 | Building BVH
Fra:1 Mem:375.79M (Peak 476.96M) | Time:00:00.25 | Mem:266.69M, Peak:266.69M | Scene, ViewLayer | Updating Geometry BVH Cube.220 221/550 | Building mesh BLAS |     188 tris | Cube.220
Fra:1 Mem:375.79M (Peak 476.96M) | Time:00:00.25 | Mem:266.73M, Peak:266.73M | Scene, ViewLayer | Updating Geometry BVH Distant garden arcade voussoir.077 539/550 | Building BVH
Fra:1 Mem:375.79M (Peak 476.96M) | Time:00:00.25 | Mem:266.73M, Peak:266.73M | Scene, ViewLayer | Updating Geometry BVH Distant garden arcade voussoir.077 539/550 | Building mesh BLAS |     188 tris | Distant garden arcade voussoir.077
Fra:1 Mem:375.79M (Peak 476.96M) | Time:00:00.25 | Mem:266.73M, Peak:266.73M | Scene, ViewLayer | Updating Geometry BVH Cube.221 222/550 | Building BVH
Fra:1 Mem:375.79M (Peak 476.96M) | Time:00:00.25 | Mem:266.73M, Peak:266.73M | Scene, ViewLayer | Updating Geometry BVH Cube.223 224/550 | Building BVH
Fra:1 Mem:375.79M (Peak 476.96M) | Time:00:00.25 | Mem:266.73M, Peak:266.73M | Scene, ViewLayer | Updating Geometry BVH Cube.222 223/550 | Building BVH
Fra:1 Mem:375.79M (Peak 476.96M) | Time:00:00.25 | Mem:266.73M, Peak:266.73M | Scene, ViewLayer | Updating Geometry BVH Cube.222 223/550 | Building mesh BLAS |     188 tris | Cube.223
Fra:1 Mem:375.79M (Peak 476.96M) | Time:00:00.25 | Mem:266.73M, Peak:266.73M | Scene, ViewLayer | Updating Geometry BVH Cube.224 225/550 | Building BVH
Fra:1 Mem:375.79M (Peak 476.96M) | Time:00:00.25 | Mem:266.73M, Peak:266.73M | Scene, ViewLayer | Updating Geometry BVH Cube.224 225/550 | Building mesh BLAS |     188 tris | Cube.224
Fra:1 Mem:375.79M (Peak 476.96M) | Time:00:00.25 | Mem:266.75M, Peak:266.75M | Scene, ViewLayer | Updating Geometry BVH Cube.225 226/550 | Building BVH
Fra:1 Mem:375.79M (Peak 476.96M) | Time:00:00.25 | Mem:266.75M, Peak:266.75M | Scene, ViewLayer | Updating Geometry BVH Cube.225 226/550 | Building mesh BLAS |     188 tris | Cube.225
Fra:1 Mem:375.79M (Peak 476.96M) | Time:00:00.25 | Mem:266.75M, Peak:266.75M | Scene, ViewLayer | Updating Geometry BVH Cube.226 227/550 | Building BVH
Fra:1 Mem:375.79M (Peak 476.96M) | Time:00:00.25 | Mem:266.75M, Peak:266.75M | Scene, ViewLayer | Updating Geometry BVH Cube.226 227/550 | Building mesh BLAS |     188 tris | Cube.226
Fra:1 Mem:375.79M (Peak 476.96M) | Time:00:00.25 | Mem:266.75M, Peak:266.75M | Scene, ViewLayer | Updating Geometry BVH Cube.227 228/550 | Building BVH
Fra:1 Mem:375.79M (Peak 476.96M) | Time:00:00.25 | Mem:266.75M, Peak:266.75M | Scene, ViewLayer | Updating Geometry BVH Cube.227 228/550 | Building mesh BLAS |     188 tris | Cube.227
Fra:1 Mem:375.79M (Peak 476.96M) | Time:00:00.25 | Mem:266.77M, Peak:266.77M | Scene, ViewLayer | Updating Geometry BVH Cube.228 229/550 | Building BVH
Fra:1 Mem:375.79M (Peak 476.96M) | Time:00:00.25 | Mem:266.77M, Peak:266.77M | Scene, ViewLayer | Updating Geometry BVH Cube.228 229/550 | Building mesh BLAS |     188 tris | Cube.228
Fra:1 Mem:375.79M (Peak 476.96M) | Time:00:00.25 | Mem:266.77M, Peak:266.77M | Scene, ViewLayer | Updating Geometry BVH Cube.229 230/550 | Building BVH
Fra:1 Mem:375.79M (Peak 476.96M) | Time:00:00.25 | Mem:266.77M, Peak:266.77M | Scene, ViewLayer | Updating Geometry BVH Cube.229 230/550 | Building mesh BLAS |     188 tris | Cube.229
Fra:1 Mem:375.79M (Peak 476.96M) | Time:00:00.25 | Mem:266.78M, Peak:266.78M | Scene, ViewLayer | Updating Geometry BVH Cube.230 231/550 | Building BVH
Fra:1 Mem:375.79M (Peak 476.96M) | Time:00:00.25 | Mem:266.78M, Peak:266.78M | Scene, ViewLayer | Updating Geometry BVH Cube.230 231/550 | Building mesh BLAS |     188 tris | Cube.230
Fra:1 Mem:375.79M (Peak 476.96M) | Time:00:00.25 | Mem:266.81M, Peak:266.81M | Scene, ViewLayer | Updating Geometry BVH Cube.231 232/550 | Building BVH
Fra:1 Mem:375.79M (Peak 476.96M) | Time:00:00.25 | Mem:266.81M, Peak:266.81M | Scene, ViewLayer | Updating Geometry BVH Cube.232 233/550 | Building mesh BLAS |     188 tris | Cube.231
Fra:1 Mem:375.79M (Peak 476.96M) | Time:00:00.25 | Mem:266.81M, Peak:266.81M | Scene, ViewLayer | Updating Geometry BVH Cube.233 234/550 | Building BVH
Fra:1 Mem:375.79M (Peak 476.96M) | Time:00:00.25 | Mem:266.81M, Peak:266.81M | Scene, ViewLayer | Updating Geometry BVH Cube.234 235/550 | Building mesh BLAS |     188 tris | Cube.233
Fra:1 Mem:375.79M (Peak 476.96M) | Time:00:00.25 | Mem:266.81M, Peak:266.81M | Scene, ViewLayer | Updating Geometry BVH Cube.234 235/550 | Building mesh BLAS |     188 tris | Cube.234
Fra:1 Mem:375.79M (Peak 476.96M) | Time:00:00.25 | Mem:266.81M, Peak:266.81M | Scene, ViewLayer | Updating Geometry BVH Cube.235 236/550 | Building BVH
Fra:1 Mem:375.79M (Peak 476.96M) | Time:00:00.25 | Mem:266.81M, Peak:266.81M | Scene, ViewLayer | Updating Geometry BVH Cube.235 236/550 | Building mesh BLAS |     188 tris | Cube.235
Fra:1 Mem:375.79M (Peak 476.96M) | Time:00:00.25 | Mem:266.86M, Peak:266.86M | Scene, ViewLayer | Updating Geometry BVH Cube.236 237/550 | Building BVH
Fra:1 Mem:375.79M (Peak 476.96M) | Time:00:00.25 | Mem:266.88M, Peak:266.88M | Scene, ViewLayer | Updating Geometry BVH Cube.236 237/550 | Building mesh BLAS |     188 tris | Cube.236
Fra:1 Mem:375.79M (Peak 476.96M) | Time:00:00.25 | Mem:266.88M, Peak:266.88M | Scene, ViewLayer | Updating Geometry BVH Distant garden arcade voussoir.076 538/550 | Building BVH
Fra:1 Mem:375.79M (Peak 476.96M) | Time:00:00.25 | Mem:266.88M, Peak:266.88M | Scene, ViewLayer | Updating Geometry BVH Distant garden arcade voussoir.076 538/550 | Building mesh BLAS |     188 tris | Distant garden arcade voussoir.076
Fra:1 Mem:375.79M (Peak 476.96M) | Time:00:00.25 | Mem:266.88M, Peak:266.88M | Scene, ViewLayer | Updating Geometry BVH Cube.237 238/550 | Building BVH
Fra:1 Mem:375.79M (Peak 476.96M) | Time:00:00.25 | Mem:266.88M, Peak:266.88M | Scene, ViewLayer | Updating Geometry BVH Cube.237 238/550 | Building mesh BLAS |     188 tris | Cube.237
Fra:1 Mem:375.79M (Peak 476.96M) | Time:00:00.25 | Mem:266.88M, Peak:266.88M | Scene, ViewLayer | Updating Geometry BVH Cube.238 239/550 | Building BVH
Fra:1 Mem:375.79M (Peak 476.96M) | Time:00:00.25 | Mem:266.88M, Peak:266.88M | Scene, ViewLayer | Updating Geometry BVH Cube.238 239/550 | Building mesh BLAS |     188 tris | Cube.238
Fra:1 Mem:375.79M (Peak 476.96M) | Time:00:00.25 | Mem:266.88M, Peak:266.88M | Scene, ViewLayer | Updating Geometry BVH Cube.239 240/550 | Building BVH
Fra:1 Mem:375.79M (Peak 476.96M) | Time:00:00.25 | Mem:266.88M, Peak:266.88M | Scene, ViewLayer | Updating Geometry BVH Cube.239 240/550 | Building mesh BLAS |     188 tris | Cube.239
Fra:1 Mem:375.79M (Peak 476.96M) | Time:00:00.25 | Mem:266.90M, Peak:266.90M | Scene, ViewLayer | Updating Geometry BVH Cube.240 241/550 | Building BVH
Fra:1 Mem:375.79M (Peak 476.96M) | Time:00:00.25 | Mem:266.90M, Peak:266.90M | Scene, ViewLayer | Updating Geometry BVH Cube.240 241/550 | Building mesh BLAS |     188 tris | Cube.240
Fra:1 Mem:375.79M (Peak 476.96M) | Time:00:00.25 | Mem:266.90M, Peak:266.90M | Scene, ViewLayer | Updating Geometry BVH Cube.241 242/550 | Building BVH
Fra:1 Mem:375.79M (Peak 476.96M) | Time:00:00.25 | Mem:266.90M, Peak:266.90M | Scene, ViewLayer | Updating Geometry BVH Cube.241 242/550 | Building mesh BLAS |     188 tris | Cube.241
Fra:1 Mem:375.79M (Peak 476.96M) | Time:00:00.25 | Mem:266.92M, Peak:266.92M | Scene, ViewLayer | Updating Geometry BVH Cube.242 243/550 | Building BVH
Fra:1 Mem:375.79M (Peak 476.96M) | Time:00:00.25 | Mem:266.92M, Peak:266.92M | Scene, ViewLayer | Updating Geometry BVH Cube.242 243/550 | Building mesh BLAS |     188 tris | Cube.242
Fra:1 Mem:375.79M (Peak 476.96M) | Time:00:00.25 | Mem:266.94M, Peak:266.94M | Scene, ViewLayer | Updating Geometry BVH Cube.243 244/550 | Building BVH
Fra:1 Mem:375.79M (Peak 476.96M) | Time:00:00.25 | Mem:266.95M, Peak:266.95M | Scene, ViewLayer | Updating Geometry BVH Cube.243 244/550 | Building mesh BLAS |     188 tris | Cube.243
Fra:1 Mem:375.79M (Peak 476.96M) | Time:00:00.25 | Mem:266.96M, Peak:266.96M | Scene, ViewLayer | Updating Geometry BVH Cube.244 245/550 | Building BVH
Fra:1 Mem:375.79M (Peak 476.96M) | Time:00:00.25 | Mem:266.96M, Peak:266.96M | Scene, ViewLayer | Updating Geometry BVH Cube.244 245/550 | Building mesh BLAS |     188 tris | Cube.244
Fra:1 Mem:375.79M (Peak 476.96M) | Time:00:00.25 | Mem:266.96M, Peak:266.96M | Scene, ViewLayer | Updating Geometry BVH Cube.245 246/550 | Building BVH
Fra:1 Mem:375.79M (Peak 476.96M) | Time:00:00.25 | Mem:266.96M, Peak:266.96M | Scene, ViewLayer | Updating Geometry BVH Cube.246 247/550 | Building BVH
Fra:1 Mem:375.79M (Peak 476.96M) | Time:00:00.25 | Mem:266.96M, Peak:266.96M | Scene, ViewLayer | Updating Geometry BVH Cube.246 247/550 | Building mesh BLAS |     188 tris | Cube.245
Fra:1 Mem:375.79M (Peak 476.96M) | Time:00:00.25 | Mem:266.97M, Peak:266.97M | Scene, ViewLayer | Updating Geometry BVH Cube.248 249/550 | Building BVH
Fra:1 Mem:375.79M (Peak 476.96M) | Time:00:00.25 | Mem:266.97M, Peak:266.97M | Scene, ViewLayer | Updating Geometry BVH Cube.250 251/550 | Building BVH
Fra:1 Mem:375.79M (Peak 476.96M) | Time:00:00.25 | Mem:266.97M, Peak:266.97M | Scene, ViewLayer | Updating Geometry BVH Cube.250 251/550 | Building mesh BLAS |     188 tris | Cube.248
Fra:1 Mem:375.79M (Peak 476.96M) | Time:00:00.25 | Mem:266.97M, Peak:266.97M | Scene, ViewLayer | Updating Geometry BVH Cube.250 251/550 | Building mesh BLAS |     188 tris | Cube.250
Fra:1 Mem:375.79M (Peak 476.96M) | Time:00:00.25 | Mem:266.97M, Peak:266.97M | Scene, ViewLayer | Updating Geometry BVH Cube.250 251/550 | Building mesh BLAS |     188 tris | Cube.249
Fra:1 Mem:375.79M (Peak 476.96M) | Time:00:00.25 | Mem:266.97M, Peak:266.97M | Scene, ViewLayer | Updating Geometry BVH Cube.250 251/550 | Building mesh BLAS |     188 tris | Cube.247
Fra:1 Mem:375.79M (Peak 476.96M) | Time:00:00.25 | Mem:266.97M, Peak:266.97M | Scene, ViewLayer | Updating Geometry BVH Cube.251 252/550 | Building BVH
Fra:1 Mem:375.79M (Peak 476.96M) | Time:00:00.25 | Mem:266.98M, Peak:266.98M | Scene, ViewLayer | Updating Geometry BVH Cube.251 252/550 | Building mesh BLAS |     188 tris | Cube.251
Fra:1 Mem:375.79M (Peak 476.96M) | Time:00:00.25 | Mem:267.03M, Peak:267.03M | Scene, ViewLayer | Updating Geometry BVH Cube.252 253/550 | Building BVH
Fra:1 Mem:375.79M (Peak 476.96M) | Time:00:00.25 | Mem:267.03M, Peak:267.03M | Scene, ViewLayer | Updating Geometry BVH Cube.252 253/550 | Building mesh BLAS |     188 tris | Cube.252
Fra:1 Mem:375.79M (Peak 476.96M) | Time:00:00.25 | Mem:267.04M, Peak:267.04M | Scene, ViewLayer | Updating Geometry BVH Cube.253 254/550 | Building BVH
Fra:1 Mem:375.79M (Peak 476.96M) | Time:00:00.25 | Mem:267.04M, Peak:267.04M | Scene, ViewLayer | Updating Geometry BVH Distant garden arcade voussoir.075 537/550 | Building BVH
Fra:1 Mem:375.79M (Peak 476.96M) | Time:00:00.25 | Mem:267.04M, Peak:267.04M | Scene, ViewLayer | Updating Geometry BVH Distant garden arcade voussoir.075 537/550 | Building mesh BLAS |     188 tris | Cube.253
Fra:1 Mem:375.79M (Peak 476.96M) | Time:00:00.25 | Mem:267.04M, Peak:267.04M | Scene, ViewLayer | Updating Geometry BVH Distant garden arcade voussoir.075 537/550 | Building mesh BLAS |     188 tris | Distant garden arcade voussoir.075
Fra:1 Mem:375.79M (Peak 476.96M) | Time:00:00.25 | Mem:267.05M, Peak:267.05M | Scene, ViewLayer | Updating Geometry BVH Cube.254 255/550 | Building BVH
Fra:1 Mem:375.79M (Peak 476.96M) | Time:00:00.25 | Mem:267.05M, Peak:267.05M | Scene, ViewLayer | Updating Geometry BVH Cube.254 255/550 | Building mesh BLAS |     188 tris | Cube.254
Fra:1 Mem:375.79M (Peak 476.96M) | Time:00:00.25 | Mem:267.05M, Peak:267.05M | Scene, ViewLayer | Updating Geometry BVH Cube.255 256/550 | Building BVH
Fra:1 Mem:375.79M (Peak 476.96M) | Time:00:00.25 | Mem:267.05M, Peak:267.05M | Scene, ViewLayer | Updating Geometry BVH Cube.255 256/550 | Building mesh BLAS |     188 tris | Cube.255
Fra:1 Mem:375.79M (Peak 476.96M) | Time:00:00.25 | Mem:267.07M, Peak:267.07M | Scene, ViewLayer | Updating Geometry BVH Cube.256 257/550 | Building BVH
Fra:1 Mem:375.79M (Peak 476.96M) | Time:00:00.25 | Mem:267.07M, Peak:267.07M | Scene, ViewLayer | Updating Geometry BVH Cube.256 257/550 | Building mesh BLAS |     188 tris | Cube.256
Fra:1 Mem:375.79M (Peak 476.96M) | Time:00:00.25 | Mem:267.09M, Peak:267.09M | Scene, ViewLayer | Updating Geometry BVH Cube.257 258/550 | Building BVH
Fra:1 Mem:375.79M (Peak 476.96M) | Time:00:00.25 | Mem:267.09M, Peak:267.09M | Scene, ViewLayer | Updating Geometry BVH Cube.257 258/550 | Building mesh BLAS |     188 tris | Cube.257
Fra:1 Mem:375.79M (Peak 476.96M) | Time:00:00.25 | Mem:267.09M, Peak:267.09M | Scene, ViewLayer | Updating Geometry BVH Cube.258 259/550 | Building BVH
Fra:1 Mem:375.79M (Peak 476.96M) | Time:00:00.25 | Mem:267.09M, Peak:267.09M | Scene, ViewLayer | Updating Geometry BVH Cube.258 259/550 | Building mesh BLAS |     188 tris | Cube.258
Fra:1 Mem:375.79M (Peak 476.96M) | Time:00:00.25 | Mem:267.11M, Peak:267.11M | Scene, ViewLayer | Updating Geometry BVH Cube.259 260/550 | Building BVH
Fra:1 Mem:375.79M (Peak 476.96M) | Time:00:00.25 | Mem:267.12M, Peak:267.12M | Scene, ViewLayer | Updating Geometry BVH Cube.259 260/550 | Building mesh BLAS |     188 tris | Cube.259
Fra:1 Mem:375.79M (Peak 476.96M) | Time:00:00.25 | Mem:267.14M, Peak:267.14M | Scene, ViewLayer | Updating Geometry BVH Cube.260 261/550 | Building BVH
Fra:1 Mem:375.79M (Peak 476.96M) | Time:00:00.25 | Mem:267.14M, Peak:267.14M | Scene, ViewLayer | Updating Geometry BVH Cube.260 261/550 | Building mesh BLAS |     188 tris | Cube.260
Fra:1 Mem:375.79M (Peak 476.96M) | Time:00:00.25 | Mem:267.14M, Peak:267.14M | Scene, ViewLayer | Updating Geometry BVH Cube.261 262/550 | Building BVH
Fra:1 Mem:375.79M (Peak 476.96M) | Time:00:00.25 | Mem:267.14M, Peak:267.14M | Scene, ViewLayer | Updating Geometry BVH Cube.261 262/550 | Building mesh BLAS |     188 tris | Cube.261
Fra:1 Mem:375.79M (Peak 476.96M) | Time:00:00.25 | Mem:267.15M, Peak:267.15M | Scene, ViewLayer | Updating Geometry BVH Cube.262 263/550 | Building BVH
Fra:1 Mem:375.79M (Peak 476.96M) | Time:00:00.25 | Mem:267.15M, Peak:267.15M | Scene, ViewLayer | Updating Geometry BVH Cube.262 263/550 | Building mesh BLAS |     188 tris | Cube.262
Fra:1 Mem:375.79M (Peak 476.96M) | Time:00:00.25 | Mem:267.15M, Peak:267.15M | Scene, ViewLayer | Updating Geometry BVH Cube.263 264/550 | Building BVH
Fra:1 Mem:375.79M (Peak 476.96M) | Time:00:00.25 | Mem:267.15M, Peak:267.15M | Scene, ViewLayer | Updating Geometry BVH Cube.263 264/550 | Building mesh BLAS |     188 tris | Cube.263
Fra:1 Mem:375.79M (Peak 476.96M) | Time:00:00.25 | Mem:267.16M, Peak:267.16M | Scene, ViewLayer | Updating Geometry BVH Cube.264 265/550 | Building BVH
Fra:1 Mem:375.79M (Peak 476.96M) | Time:00:00.25 | Mem:267.17M, Peak:267.17M | Scene, ViewLayer | Updating Geometry BVH Cube.264 265/550 | Building mesh BLAS |     188 tris | Cube.264
Fra:1 Mem:375.79M (Peak 476.96M) | Time:00:00.25 | Mem:267.18M, Peak:267.18M | Scene, ViewLayer | Updating Geometry BVH Cube.265 266/550 | Building BVH
Fra:1 Mem:375.79M (Peak 476.96M) | Time:00:00.25 | Mem:267.20M, Peak:267.20M | Scene, ViewLayer | Updating Geometry BVH Cube.265 266/550 | Building mesh BLAS |     188 tris | Cube.265
Fra:1 Mem:375.79M (Peak 476.96M) | Time:00:00.25 | Mem:267.20M, Peak:267.20M | Scene, ViewLayer | Updating Geometry BVH Cube.266 267/550 | Building BVH
Fra:1 Mem:375.79M (Peak 476.96M) | Time:00:00.25 | Mem:267.20M, Peak:267.20M | Scene, ViewLayer | Updating Geometry BVH Cube.266 267/550 | Building mesh BLAS |     188 tris | Cube.266
Fra:1 Mem:375.79M (Peak 476.96M) | Time:00:00.25 | Mem:267.20M, Peak:267.20M | Scene, ViewLayer | Updating Geometry BVH Cube.267 268/550 | Building BVH
Fra:1 Mem:375.79M (Peak 476.96M) | Time:00:00.25 | Mem:267.20M, Peak:267.20M | Scene, ViewLayer | Updating Geometry BVH Cube.268 269/550 | Building BVH
Fra:1 Mem:375.79M (Peak 476.96M) | Time:00:00.25 | Mem:267.20M, Peak:267.20M | Scene, ViewLayer | Updating Geometry BVH Cube.268 269/550 | Building mesh BLAS |     188 tris | Cube.267
Fra:1 Mem:375.79M (Peak 476.96M) | Time:00:00.25 | Mem:267.20M, Peak:267.20M | Scene, ViewLayer | Updating Geometry BVH Cube.268 269/550 | Building mesh BLAS |     188 tris | Cube.268
Fra:1 Mem:375.79M (Peak 476.96M) | Time:00:00.25 | Mem:267.21M, Peak:267.21M | Scene, ViewLayer | Updating Geometry BVH Cube.269 270/550 | Building BVH
Fra:1 Mem:375.79M (Peak 476.96M) | Time:00:00.25 | Mem:267.21M, Peak:267.21M | Scene, ViewLayer | Updating Geometry BVH Cube.269 270/550 | Building mesh BLAS |     188 tris | Cube.269
Fra:1 Mem:375.79M (Peak 476.96M) | Time:00:00.25 | Mem:267.25M, Peak:267.25M | Scene, ViewLayer | Updating Geometry BVH Cube.270 271/550 | Building BVH
Fra:1 Mem:375.79M (Peak 476.96M) | Time:00:00.25 | Mem:267.25M, Peak:267.25M | Scene, ViewLayer | Updating Geometry BVH Distant garden arcade voussoir.074 536/550 | Building mesh BLAS |     188 tris | Cube.270
Fra:1 Mem:375.79M (Peak 476.96M) | Time:00:00.25 | Mem:267.25M, Peak:267.25M | Scene, ViewLayer | Updating Geometry BVH Distant garden arcade voussoir.074 536/550 | Building mesh BLAS |     188 tris | Distant garden arcade voussoir.074
Fra:1 Mem:375.79M (Peak 476.96M) | Time:00:00.25 | Mem:267.25M, Peak:267.25M | Scene, ViewLayer | Updating Geometry BVH Cube.271 272/550 | Building BVH
Fra:1 Mem:375.79M (Peak 476.96M) | Time:00:00.25 | Mem:267.25M, Peak:267.25M | Scene, ViewLayer | Updating Geometry BVH Cube.271 272/550 | Building mesh BLAS |     188 tris | Cube.271
Fra:1 Mem:375.79M (Peak 476.96M) | Time:00:00.25 | Mem:267.25M, Peak:267.25M | Scene, ViewLayer | Updating Geometry BVH Cube.272 273/550 | Building BVH
Fra:1 Mem:375.79M (Peak 476.96M) | Time:00:00.25 | Mem:267.25M, Peak:267.25M | Scene, ViewLayer | Updating Geometry BVH Cube.272 273/550 | Building mesh BLAS |     188 tris | Cube.272
Fra:1 Mem:375.79M (Peak 476.96M) | Time:00:00.25 | Mem:267.27M, Peak:267.27M | Scene, ViewLayer | Updating Geometry BVH Cube.273 274/550 | Building BVH
Fra:1 Mem:375.79M (Peak 476.96M) | Time:00:00.25 | Mem:267.27M, Peak:267.27M | Scene, ViewLayer | Updating Geometry BVH Cube.273 274/550 | Building mesh BLAS |     188 tris | Cube.273
Fra:1 Mem:375.79M (Peak 476.96M) | Time:00:00.25 | Mem:267.29M, Peak:267.29M | Scene, ViewLayer | Updating Geometry BVH Cube.274 275/550 | Building BVH
Fra:1 Mem:375.79M (Peak 476.96M) | Time:00:00.25 | Mem:267.29M, Peak:267.29M | Scene, ViewLayer | Updating Geometry BVH Cube.274 275/550 | Building mesh BLAS |     188 tris | Cube.274
Fra:1 Mem:375.79M (Peak 476.96M) | Time:00:00.25 | Mem:267.29M, Peak:267.29M | Scene, ViewLayer | Updating Geometry BVH Cube.275 276/550 | Building BVH
Fra:1 Mem:375.79M (Peak 476.96M) | Time:00:00.25 | Mem:267.29M, Peak:267.29M | Scene, ViewLayer | Updating Geometry BVH Cube.275 276/550 | Building mesh BLAS |     188 tris | Cube.275
Fra:1 Mem:375.79M (Peak 476.96M) | Time:00:00.25 | Mem:267.33M, Peak:267.33M | Scene, ViewLayer | Updating Geometry BVH Cube.276 277/550 | Building BVH
Fra:1 Mem:375.79M (Peak 476.96M) | Time:00:00.25 | Mem:267.33M, Peak:267.33M | Scene, ViewLayer | Updating Geometry BVH Cube.277 278/550 | Building BVH
Fra:1 Mem:375.79M (Peak 476.96M) | Time:00:00.25 | Mem:267.33M, Peak:267.33M | Scene, ViewLayer | Updating Geometry BVH Cube.278 279/550 | Building BVH
Fra:1 Mem:375.79M (Peak 476.96M) | Time:00:00.25 | Mem:267.34M, Peak:267.34M | Scene, ViewLayer | Updating Geometry BVH Cube.278 279/550 | Building mesh BLAS |     188 tris | Cube.278
Fra:1 Mem:375.79M (Peak 476.96M) | Time:00:00.25 | Mem:267.36M, Peak:267.36M | Scene, ViewLayer | Updating Geometry BVH Cube.280 281/550 | Building BVH
Fra:1 Mem:375.79M (Peak 476.96M) | Time:00:00.25 | Mem:267.36M, Peak:267.36M | Scene, ViewLayer | Updating Geometry BVH Cube.280 281/550 | Building mesh BLAS |     188 tris | Cube.277
Fra:1 Mem:375.79M (Peak 476.96M) | Time:00:00.25 | Mem:267.36M, Peak:267.36M | Scene, ViewLayer | Updating Geometry BVH Cube.280 281/550 | Building mesh BLAS |     188 tris | Cube.280
Fra:1 Mem:375.79M (Peak 476.96M) | Time:00:00.25 | Mem:267.38M, Peak:267.38M | Scene, ViewLayer | Updating Geometry BVH Cube.280 281/550 | Building mesh BLAS |     188 tris | Cube.279
Fra:1 Mem:375.79M (Peak 476.96M) | Time:00:00.25 | Mem:267.41M, Peak:267.41M | Scene, ViewLayer | Updating Geometry BVH Cube.283 284/550 | Building BVH
Fra:1 Mem:375.79M (Peak 476.96M) | Time:00:00.25 | Mem:267.42M, Peak:267.42M | Scene, ViewLayer | Updating Geometry BVH Cube.283 284/550 | Building mesh BLAS |     188 tris | Cube.283
Fra:1 Mem:375.79M (Peak 476.96M) | Time:00:00.25 | Mem:267.44M, Peak:267.44M | Scene, ViewLayer | Updating Geometry BVH Cube.284 285/550 | Building BVH
Fra:1 Mem:375.79M (Peak 476.96M) | Time:00:00.25 | Mem:267.44M, Peak:267.44M | Scene, ViewLayer | Updating Geometry BVH Cube.284 285/550 | Building mesh BLAS |     188 tris | Cube.284
Fra:1 Mem:375.79M (Peak 476.96M) | Time:00:00.25 | Mem:267.45M, Peak:267.45M | Scene, ViewLayer | Updating Geometry BVH Distant garden arcade voussoir.073 535/550 | Building BVH
Fra:1 Mem:375.79M (Peak 476.96M) | Time:00:00.25 | Mem:267.45M, Peak:267.45M | Scene, ViewLayer | Updating Geometry BVH Distant garden arcade voussoir.073 535/550 | Building mesh BLAS |     188 tris | Distant garden arcade voussoir.073
Fra:1 Mem:375.79M (Peak 476.96M) | Time:00:00.25 | Mem:267.45M, Peak:267.45M | Scene, ViewLayer | Updating Geometry BVH Cube.285 286/550 | Building BVH
Fra:1 Mem:375.79M (Peak 476.96M) | Time:00:00.25 | Mem:267.45M, Peak:267.45M | Scene, ViewLayer | Updating Geometry BVH Cube.286 287/550 | Building BVH
Fra:1 Mem:375.79M (Peak 476.96M) | Time:00:00.25 | Mem:267.45M, Peak:267.45M | Scene, ViewLayer | Updating Geometry BVH Cube.287 288/550 | Building BVH
Fra:1 Mem:375.79M (Peak 476.96M) | Time:00:00.25 | Mem:267.45M, Peak:267.45M | Scene, ViewLayer | Updating Geometry BVH Cube.287 288/550 | Building mesh BLAS |     188 tris | Cube.286
Fra:1 Mem:375.79M (Peak 476.96M) | Time:00:00.25 | Mem:267.45M, Peak:267.45M | Scene, ViewLayer | Updating Geometry BVH Cube.288 289/550 | Building BVH
Fra:1 Mem:375.79M (Peak 476.96M) | Time:00:00.25 | Mem:267.45M, Peak:267.45M | Scene, ViewLayer | Updating Geometry BVH Cube.288 289/550 | Building mesh BLAS |     188 tris | Cube.285
Fra:1 Mem:375.79M (Peak 476.96M) | Time:00:00.25 | Mem:267.45M, Peak:267.45M | Scene, ViewLayer | Updating Geometry BVH Cube.288 289/550 | Building mesh BLAS |     188 tris | Cube.288
Fra:1 Mem:375.79M (Peak 476.96M) | Time:00:00.25 | Mem:267.46M, Peak:267.46M | Scene, ViewLayer | Updating Geometry BVH Cube.289 290/550 | Building BVH
Fra:1 Mem:375.79M (Peak 476.96M) | Time:00:00.25 | Mem:267.48M, Peak:267.48M | Scene, ViewLayer | Updating Geometry BVH Cube.289 290/550 | Building mesh BLAS |     188 tris | Cube.289
Fra:1 Mem:375.79M (Peak 476.96M) | Time:00:00.25 | Mem:267.49M, Peak:267.49M | Scene, ViewLayer | Updating Geometry BVH Cube.290 291/550 | Building BVH
Fra:1 Mem:375.79M (Peak 476.96M) | Time:00:00.25 | Mem:267.50M, Peak:267.50M | Scene, ViewLayer | Updating Geometry BVH Cube.291 292/550 | Building BVH
Fra:1 Mem:375.79M (Peak 476.96M) | Time:00:00.25 | Mem:267.50M, Peak:267.50M | Scene, ViewLayer | Updating Geometry BVH Cube.291 292/550 | Building mesh BLAS |     188 tris | Cube.291
Fra:1 Mem:375.79M (Peak 476.96M) | Time:00:00.25 | Mem:267.50M, Peak:267.50M | Scene, ViewLayer | Updating Geometry BVH Cube.291 292/550 | Building mesh BLAS |     188 tris | Cube.290
Fra:1 Mem:375.79M (Peak 476.96M) | Time:00:00.25 | Mem:267.50M, Peak:267.50M | Scene, ViewLayer | Updating Geometry BVH Cube.293 294/550 | Building BVH
Fra:1 Mem:375.79M (Peak 476.96M) | Time:00:00.25 | Mem:267.50M, Peak:267.50M | Scene, ViewLayer | Updating Geometry BVH Cube.292 293/550 | Building BVH
Fra:1 Mem:375.79M (Peak 476.96M) | Time:00:00.25 | Mem:267.50M, Peak:267.50M | Scene, ViewLayer | Updating Geometry BVH Cube.292 293/550 | Building mesh BLAS |     188 tris | Cube.293
Fra:1 Mem:375.79M (Peak 476.96M) | Time:00:00.25 | Mem:267.50M, Peak:267.50M | Scene, ViewLayer | Updating Geometry BVH Cube.292 293/550 | Building mesh BLAS |     188 tris | Cube.292
Fra:1 Mem:375.79M (Peak 476.96M) | Time:00:00.25 | Mem:267.53M, Peak:267.53M | Scene, ViewLayer | Updating Geometry BVH Cube.294 295/550 | Building BVH
Fra:1 Mem:375.79M (Peak 476.96M) | Time:00:00.25 | Mem:267.53M, Peak:267.53M | Scene, ViewLayer | Updating Geometry BVH Cube.294 295/550 | Building mesh BLAS |     188 tris | Cube.294
Fra:1 Mem:375.79M (Peak 476.96M) | Time:00:00.25 | Mem:267.55M, Peak:267.55M | Scene, ViewLayer | Updating Geometry BVH Cube.295 296/550 | Building BVH
Fra:1 Mem:375.79M (Peak 476.96M) | Time:00:00.25 | Mem:267.55M, Peak:267.55M | Scene, ViewLayer | Updating Geometry BVH Cube.295 296/550 | Building mesh BLAS |     188 tris | Cube.295
Fra:1 Mem:375.79M (Peak 476.96M) | Time:00:00.25 | Mem:267.55M, Peak:267.55M | Scene, ViewLayer | Updating Geometry BVH Cube.296 297/550 | Building BVH
Fra:1 Mem:375.79M (Peak 476.96M) | Time:00:00.25 | Mem:267.56M, Peak:267.56M | Scene, ViewLayer | Updating Geometry BVH Cube.297 298/550 | Building BVH
Fra:1 Mem:375.79M (Peak 476.96M) | Time:00:00.25 | Mem:267.56M, Peak:267.56M | Scene, ViewLayer | Updating Geometry BVH Cube.298 299/550 | Building mesh BLAS |     188 tris | Cube.296
Fra:1 Mem:375.79M (Peak 476.96M) | Time:00:00.25 | Mem:267.56M, Peak:267.56M | Scene, ViewLayer | Updating Geometry BVH Cube.298 299/550 | Building mesh BLAS |     188 tris | Cube.297
Fra:1 Mem:375.79M (Peak 476.96M) | Time:00:00.25 | Mem:267.56M, Peak:267.56M | Scene, ViewLayer | Updating Geometry BVH Cube.298 299/550 | Building mesh BLAS |     188 tris | Cube.298
Fra:1 Mem:375.79M (Peak 476.96M) | Time:00:00.25 | Mem:267.56M, Peak:267.56M | Scene, ViewLayer | Updating Geometry BVH Cube.299 300/550 | Building BVH
Fra:1 Mem:375.79M (Peak 476.96M) | Time:00:00.25 | Mem:267.56M, Peak:267.56M | Scene, ViewLayer | Updating Geometry BVH Cube.299 300/550 | Building mesh BLAS |     188 tris | Cube.299
Fra:1 Mem:375.79M (Peak 476.96M) | Time:00:00.25 | Mem:267.61M, Peak:267.61M | Scene, ViewLayer | Updating Geometry BVH Distant garden arcade voussoir.072 534/550 | Building BVH
Fra:1 Mem:375.79M (Peak 476.96M) | Time:00:00.25 | Mem:267.61M, Peak:267.61M | Scene, ViewLayer | Updating Geometry BVH Cube.301 302/550 | Building BVH
Fra:1 Mem:375.79M (Peak 476.96M) | Time:00:00.25 | Mem:267.61M, Peak:267.61M | Scene, ViewLayer | Updating Geometry BVH Cube.302 303/550 | Building BVH
Fra:1 Mem:375.79M (Peak 476.96M) | Time:00:00.25 | Mem:267.61M, Peak:267.61M | Scene, ViewLayer | Updating Geometry BVH Cube.304 305/550 | Building BVH
Fra:1 Mem:375.79M (Peak 476.96M) | Time:00:00.25 | Mem:267.61M, Peak:267.61M | Scene, ViewLayer | Updating Geometry BVH Cube.304 305/550 | Building mesh BLAS |     188 tris | Cube.300
Fra:1 Mem:375.79M (Peak 476.96M) | Time:00:00.25 | Mem:267.62M, Peak:267.62M | Scene, ViewLayer | Updating Geometry BVH Cube.305 306/550 | Building mesh BLAS |     188 tris | Cube.303
Fra:1 Mem:375.79M (Peak 476.96M) | Time:00:00.25 | Mem:267.63M, Peak:267.63M | Scene, ViewLayer | Updating Geometry BVH Cube.306 307/550 | Building BVH
Fra:1 Mem:375.79M (Peak 476.96M) | Time:00:00.25 | Mem:267.63M, Peak:267.63M | Scene, ViewLayer | Updating Geometry BVH Cube.306 307/550 | Building mesh BLAS |     188 tris | Cube.306
Fra:1 Mem:375.79M (Peak 476.96M) | Time:00:00.25 | Mem:267.63M, Peak:267.63M | Scene, ViewLayer | Updating Geometry BVH Cube.306 307/550 | Building mesh BLAS |     188 tris | Cube.305
Fra:1 Mem:375.79M (Peak 476.96M) | Time:00:00.25 | Mem:267.65M, Peak:267.65M | Scene, ViewLayer | Updating Geometry BVH Cube.307 308/550 | Building BVH
Fra:1 Mem:375.79M (Peak 476.96M) | Time:00:00.25 | Mem:267.65M, Peak:267.65M | Scene, ViewLayer | Updating Geometry BVH Cube.308 309/550 | Building BVH
Fra:1 Mem:375.79M (Peak 476.96M) | Time:00:00.25 | Mem:267.65M, Peak:267.65M | Scene, ViewLayer | Updating Geometry BVH Cube.309 310/550 | Building BVH
Fra:1 Mem:375.79M (Peak 476.96M) | Time:00:00.25 | Mem:267.65M, Peak:267.65M | Scene, ViewLayer | Updating Geometry BVH Cube.309 310/550 | Building mesh BLAS |     188 tris | Cube.308
Fra:1 Mem:375.79M (Peak 476.96M) | Time:00:00.25 | Mem:267.65M, Peak:267.65M | Scene, ViewLayer | Updating Geometry BVH Cube.309 310/550 | Building mesh BLAS |     188 tris | Cube.309
Fra:1 Mem:375.79M (Peak 476.96M) | Time:00:00.25 | Mem:267.66M, Peak:267.66M | Scene, ViewLayer | Updating Geometry BVH Cube.310 311/550 | Building BVH
Fra:1 Mem:375.79M (Peak 476.96M) | Time:00:00.25 | Mem:267.66M, Peak:267.66M | Scene, ViewLayer | Updating Geometry BVH Cube.310 311/550 | Building mesh BLAS |     188 tris | Cube.310
Fra:1 Mem:375.79M (Peak 476.96M) | Time:00:00.25 | Mem:267.69M, Peak:267.69M | Scene, ViewLayer | Updating Geometry BVH Cube.311 312/550 | Building BVH
Fra:1 Mem:375.79M (Peak 476.96M) | Time:00:00.25 | Mem:267.69M, Peak:267.69M | Scene, ViewLayer | Updating Geometry BVH Cube.311 312/550 | Building mesh BLAS |     188 tris | Cube.311
Fra:1 Mem:375.79M (Peak 476.96M) | Time:00:00.25 | Mem:267.69M, Peak:267.69M | Scene, ViewLayer | Updating Geometry BVH Cube.312 313/550 | Building BVH
Fra:1 Mem:375.79M (Peak 476.96M) | Time:00:00.25 | Mem:267.69M, Peak:267.69M | Scene, ViewLayer | Updating Geometry BVH Cube.312 313/550 | Building mesh BLAS |     188 tris | Cube.312
Fra:1 Mem:375.79M (Peak 476.96M) | Time:00:00.25 | Mem:267.69M, Peak:267.69M | Scene, ViewLayer | Updating Geometry BVH Cube.313 314/550 | Building BVH
Fra:1 Mem:375.79M (Peak 476.96M) | Time:00:00.25 | Mem:267.69M, Peak:267.69M | Scene, ViewLayer | Updating Geometry BVH Cube.313 314/550 | Building mesh BLAS |     188 tris | Cube.313
Fra:1 Mem:375.79M (Peak 476.96M) | Time:00:00.25 | Mem:267.72M, Peak:267.72M | Scene, ViewLayer | Updating Geometry BVH Cube.314 315/550 | Building BVH
Fra:1 Mem:375.79M (Peak 476.96M) | Time:00:00.25 | Mem:267.73M, Peak:267.73M | Scene, ViewLayer | Updating Geometry BVH Cube.314 315/550 | Building mesh BLAS |     188 tris | Cube.314
Fra:1 Mem:375.79M (Peak 476.96M) | Time:00:00.25 | Mem:267.73M, Peak:267.73M | Scene, ViewLayer | Updating Geometry BVH Cube.315 316/550 | Building BVH
Fra:1 Mem:375.79M (Peak 476.96M) | Time:00:00.25 | Mem:267.73M, Peak:267.73M | Scene, ViewLayer | Updating Geometry BVH Cube.316 317/550 | Building BVH
Fra:1 Mem:375.79M (Peak 476.96M) | Time:00:00.25 | Mem:267.73M, Peak:267.73M | Scene, ViewLayer | Updating Geometry BVH Cube.316 317/550 | Building mesh BLAS |     188 tris | Cube.316
Fra:1 Mem:375.79M (Peak 476.96M) | Time:00:00.25 | Mem:267.73M, Peak:267.73M | Scene, ViewLayer | Updating Geometry BVH Cube.316 317/550 | Building mesh BLAS |     188 tris | Cube.315
Fra:1 Mem:375.79M (Peak 476.96M) | Time:00:00.25 | Mem:267.74M, Peak:267.74M | Scene, ViewLayer | Updating Geometry BVH Distant garden arcade voussoir.071 533/550 | Building BVH
Fra:1 Mem:375.79M (Peak 476.96M) | Time:00:00.25 | Mem:267.74M, Peak:267.74M | Scene, ViewLayer | Updating Geometry BVH Distant garden arcade voussoir.071 533/550 | Building mesh BLAS |     188 tris | Distant garden arcade voussoir.071
Fra:1 Mem:375.79M (Peak 476.96M) | Time:00:00.25 | Mem:267.74M, Peak:267.74M | Scene, ViewLayer | Updating Geometry BVH Cube.317 318/550 | Building BVH
Fra:1 Mem:375.79M (Peak 476.96M) | Time:00:00.25 | Mem:267.74M, Peak:267.74M | Scene, ViewLayer | Updating Geometry BVH Cube.317 318/550 | Building mesh BLAS |     188 tris | Cube.317
Fra:1 Mem:375.79M (Peak 476.96M) | Time:00:00.25 | Mem:267.76M, Peak:267.76M | Scene, ViewLayer | Updating Geometry BVH Cube.318 319/550 | Building BVH
Fra:1 Mem:375.79M (Peak 476.96M) | Time:00:00.25 | Mem:267.77M, Peak:267.77M | Scene, ViewLayer | Updating Geometry BVH Cube.318 319/550 | Building mesh BLAS |     188 tris | Cube.318
Fra:1 Mem:375.79M (Peak 476.96M) | Time:00:00.25 | Mem:267.78M, Peak:267.78M | Scene, ViewLayer | Updating Geometry BVH Cube.319 320/550 | Building BVH
Fra:1 Mem:375.79M (Peak 476.96M) | Time:00:00.25 | Mem:267.78M, Peak:267.78M | Scene, ViewLayer | Updating Geometry BVH Cube.319 320/550 | Building mesh BLAS |     188 tris | Cube.319
Fra:1 Mem:375.79M (Peak 476.96M) | Time:00:00.25 | Mem:267.80M, Peak:267.80M | Scene, ViewLayer | Updating Geometry BVH Cube.320 321/550 | Building BVH
Fra:1 Mem:375.79M (Peak 476.96M) | Time:00:00.25 | Mem:267.81M, Peak:267.81M | Scene, ViewLayer | Updating Geometry BVH Cube.320 321/550 | Building mesh BLAS |     188 tris | Cube.320
Fra:1 Mem:375.79M (Peak 476.96M) | Time:00:00.25 | Mem:267.81M, Peak:267.81M | Scene, ViewLayer | Updating Geometry BVH Cube.321 322/550 | Building BVH
Fra:1 Mem:375.79M (Peak 476.96M) | Time:00:00.25 | Mem:267.82M, Peak:267.82M | Scene, ViewLayer | Updating Geometry BVH Cube.324 325/550 | Building BVH
Fra:1 Mem:375.79M (Peak 476.96M) | Time:00:00.25 | Mem:267.82M, Peak:267.82M | Scene, ViewLayer | Updating Geometry BVH Cube.325 326/550 | Building BVH
Fra:1 Mem:375.79M (Peak 476.96M) | Time:00:00.25 | Mem:267.82M, Peak:267.82M | Scene, ViewLayer | Updating Geometry BVH Cube.325 326/550 | Building mesh BLAS |     188 tris | Cube.322
Fra:1 Mem:375.79M (Peak 476.96M) | Time:00:00.25 | Mem:267.82M, Peak:267.82M | Scene, ViewLayer | Updating Geometry BVH Cube.327 328/550 | Building mesh BLAS |     188 tris | Cube.325
Fra:1 Mem:375.79M (Peak 476.96M) | Time:00:00.25 | Mem:267.83M, Peak:267.83M | Scene, ViewLayer | Updating Geometry BVH Cube.327 328/550 | Building mesh BLAS |     188 tris | Cube.323
Fra:1 Mem:375.79M (Peak 476.96M) | Time:00:00.25 | Mem:267.84M, Peak:267.84M | Scene, ViewLayer | Updating Geometry BVH Cube.328 329/550 | Building BVH
Fra:1 Mem:375.79M (Peak 476.96M) | Time:00:00.25 | Mem:267.85M, Peak:267.85M | Scene, ViewLayer | Updating Geometry BVH Cube.328 329/550 | Building mesh BLAS |     188 tris | Cube.326
Fra:1 Mem:375.79M (Peak 476.96M) | Time:00:00.25 | Mem:267.87M, Peak:267.87M | Scene, ViewLayer | Updating Geometry BVH Cube.328 329/550 | Building mesh BLAS |     188 tris | Cube.328
Fra:1 Mem:375.79M (Peak 476.96M) | Time:00:00.25 | Mem:267.87M, Peak:267.87M | Scene, ViewLayer | Updating Geometry BVH Cube.329 330/550 | Building BVH
Fra:1 Mem:375.79M (Peak 476.96M) | Time:00:00.25 | Mem:267.88M, Peak:267.88M | Scene, ViewLayer | Updating Geometry BVH Cube.329 330/550 | Building mesh BLAS |     188 tris | Cube.327
Fra:1 Mem:375.79M (Peak 476.96M) | Time:00:00.25 | Mem:267.88M, Peak:267.88M | Scene, ViewLayer | Updating Geometry BVH Cube.330 331/550 | Building BVH
Fra:1 Mem:375.79M (Peak 476.96M) | Time:00:00.25 | Mem:267.88M, Peak:267.88M | Scene, ViewLayer | Updating Geometry BVH Cube.331 332/550 | Building BVH
Fra:1 Mem:375.79M (Peak 476.96M) | Time:00:00.25 | Mem:267.88M, Peak:267.88M | Scene, ViewLayer | Updating Geometry BVH Cube.331 332/550 | Building mesh BLAS |     188 tris | Cube.330
Fra:1 Mem:375.79M (Peak 476.96M) | Time:00:00.25 | Mem:267.88M, Peak:267.88M | Scene, ViewLayer | Updating Geometry BVH Cube.331 332/550 | Building mesh BLAS |     280 tris | Cube.329
Fra:1 Mem:375.79M (Peak 476.96M) | Time:00:00.25 | Mem:267.90M, Peak:267.90M | Scene, ViewLayer | Updating Geometry BVH Cube.331 332/550 | Building mesh BLAS |     188 tris | Cube.331
Fra:1 Mem:375.79M (Peak 476.96M) | Time:00:00.25 | Mem:267.90M, Peak:267.90M | Scene, ViewLayer | Updating Geometry BVH Cube.332 333/550 | Building BVH
Fra:1 Mem:375.79M (Peak 476.96M) | Time:00:00.25 | Mem:267.90M, Peak:267.90M | Scene, ViewLayer | Updating Geometry BVH Cube.333 334/550 | Building BVH
Fra:1 Mem:375.79M (Peak 476.96M) | Time:00:00.25 | Mem:267.90M, Peak:267.90M | Scene, ViewLayer | Updating Geometry BVH Cube.333 334/550 | Building mesh BLAS |     188 tris | Cube.332
Fra:1 Mem:375.79M (Peak 476.96M) | Time:00:00.25 | Mem:267.90M, Peak:267.90M | Scene, ViewLayer | Updating Geometry BVH Cube.333 334/550 | Building mesh BLAS |     188 tris | Cube.333
Fra:1 Mem:375.79M (Peak 476.96M) | Time:00:00.25 | Mem:267.90M, Peak:267.90M | Scene, ViewLayer | Updating Geometry BVH Distant garden arcade voussoir.070 532/550 | Building BVH
Fra:1 Mem:375.79M (Peak 476.96M) | Time:00:00.25 | Mem:267.90M, Peak:267.90M | Scene, ViewLayer | Updating Geometry BVH Distant garden arcade voussoir.070 532/550 | Building mesh BLAS |     188 tris | Distant garden arcade voussoir.070
Fra:1 Mem:375.79M (Peak 476.96M) | Time:00:00.25 | Mem:267.90M, Peak:267.90M | Scene, ViewLayer | Updating Geometry BVH Cube.334 335/550 | Building BVH
Fra:1 Mem:375.79M (Peak 476.96M) | Time:00:00.25 | Mem:267.92M, Peak:267.92M | Scene, ViewLayer | Updating Geometry BVH Cube.334 335/550 | Building mesh BLAS |     188 tris | Cube.334
Fra:1 Mem:375.79M (Peak 476.96M) | Time:00:00.25 | Mem:267.93M, Peak:267.93M | Scene, ViewLayer | Updating Geometry BVH Cube.335 336/550 | Building BVH
Fra:1 Mem:375.79M (Peak 476.96M) | Time:00:00.25 | Mem:267.93M, Peak:267.93M | Scene, ViewLayer | Updating Geometry BVH Cube.335 336/550 | Building mesh BLAS |     188 tris | Cube.335
Fra:1 Mem:375.79M (Peak 476.96M) | Time:00:00.25 | Mem:267.93M, Peak:267.93M | Scene, ViewLayer | Updating Geometry BVH Cube.336 337/550 | Building BVH
Fra:1 Mem:375.79M (Peak 476.96M) | Time:00:00.25 | Mem:267.93M, Peak:267.93M | Scene, ViewLayer | Updating Geometry BVH Cube.336 337/550 | Building mesh BLAS |     188 tris | Cube.336
Fra:1 Mem:375.79M (Peak 476.96M) | Time:00:00.25 | Mem:267.94M, Peak:267.94M | Scene, ViewLayer | Updating Geometry BVH Cube.337 338/550 | Building BVH
Fra:1 Mem:375.79M (Peak 476.96M) | Time:00:00.25 | Mem:267.94M, Peak:267.94M | Scene, ViewLayer | Updating Geometry BVH Cube.337 338/550 | Building mesh BLAS |     188 tris | Cube.337
Fra:1 Mem:375.79M (Peak 476.96M) | Time:00:00.25 | Mem:267.94M, Peak:267.94M | Scene, ViewLayer | Updating Geometry BVH Cube.338 339/550 | Building BVH
Fra:1 Mem:375.79M (Peak 476.96M) | Time:00:00.25 | Mem:267.94M, Peak:267.94M | Scene, ViewLayer | Updating Geometry BVH Cube.338 339/550 | Building mesh BLAS |     188 tris | Cube.338
Fra:1 Mem:375.79M (Peak 476.96M) | Time:00:00.25 | Mem:267.97M, Peak:267.97M | Scene, ViewLayer | Updating Geometry BVH Cube.339 340/550 | Building BVH
Fra:1 Mem:375.79M (Peak 476.96M) | Time:00:00.25 | Mem:267.99M, Peak:267.99M | Scene, ViewLayer | Updating Geometry BVH Cube.339 340/550 | Building mesh BLAS |     188 tris | Cube.339
Fra:1 Mem:375.79M (Peak 476.96M) | Time:00:00.25 | Mem:267.99M, Peak:267.99M | Scene, ViewLayer | Updating Geometry BVH Cube.342 343/550 | Building BVH
Fra:1 Mem:375.79M (Peak 476.96M) | Time:00:00.25 | Mem:267.99M, Peak:267.99M | Scene, ViewLayer | Updating Geometry BVH Cube.343 344/550 | Building BVH
Fra:1 Mem:375.79M (Peak 476.96M) | Time:00:00.25 | Mem:267.99M, Peak:267.99M | Scene, ViewLayer | Updating Geometry BVH Cube.343 344/550 | Building mesh BLAS |     188 tris | Cube.342
Fra:1 Mem:375.79M (Peak 476.96M) | Time:00:00.25 | Mem:267.99M, Peak:267.99M | Scene, ViewLayer | Updating Geometry BVH Cube.343 344/550 | Building mesh BLAS |     188 tris | Cube.343
Fra:1 Mem:375.79M (Peak 476.96M) | Time:00:00.25 | Mem:267.99M, Peak:267.99M | Scene, ViewLayer | Updating Geometry BVH Cube.345 346/550 | Building BVH
Fra:1 Mem:375.79M (Peak 476.96M) | Time:00:00.25 | Mem:267.99M, Peak:267.99M | Scene, ViewLayer | Updating Geometry BVH Cube.345 346/550 | Building mesh BLAS |     188 tris | Cube.341
Fra:1 Mem:375.79M (Peak 476.96M) | Time:00:00.25 | Mem:268.00M, Peak:268.00M | Scene, ViewLayer | Updating Geometry BVH Cube.345 346/550 | Building mesh BLAS |     188 tris | Cube.344
Fra:1 Mem:375.79M (Peak 476.96M) | Time:00:00.25 | Mem:268.01M, Peak:268.01M | Scene, ViewLayer | Updating Geometry BVH Cube.346 347/550 | Building BVH
Fra:1 Mem:375.79M (Peak 476.96M) | Time:00:00.25 | Mem:268.01M, Peak:268.01M | Scene, ViewLayer | Updating Geometry BVH Cube.346 347/550 | Building mesh BLAS |     188 tris | Cube.340
Fra:1 Mem:375.79M (Peak 476.96M) | Time:00:00.25 | Mem:268.03M, Peak:268.03M | Scene, ViewLayer | Updating Geometry BVH Cube.346 347/550 | Building mesh BLAS |     188 tris | Cube.345
Fra:1 Mem:375.79M (Peak 476.96M) | Time:00:00.25 | Mem:268.04M, Peak:268.04M | Scene, ViewLayer | Updating Geometry BVH Cube.348 349/550 | Building mesh BLAS |     188 tris | Cube.346
Fra:1 Mem:375.79M (Peak 476.96M) | Time:00:00.25 | Mem:268.06M, Peak:268.06M | Scene, ViewLayer | Updating Geometry BVH Distant garden arcade voussoir.069 531/550 | Building BVH
Fra:1 Mem:375.79M (Peak 476.96M) | Time:00:00.25 | Mem:268.06M, Peak:268.06M | Scene, ViewLayer | Updating Geometry BVH Distant garden arcade voussoir.069 531/550 | Building mesh BLAS |     188 tris | Cube.348
Fra:1 Mem:375.79M (Peak 476.96M) | Time:00:00.25 | Mem:268.06M, Peak:268.06M | Scene, ViewLayer | Updating Geometry BVH Distant garden arcade voussoir.069 531/550 | Building mesh BLAS |     188 tris | Cube.347
Fra:1 Mem:375.79M (Peak 476.96M) | Time:00:00.25 | Mem:268.06M, Peak:268.06M | Scene, ViewLayer | Updating Geometry BVH Cube.349 350/550 | Building BVH
Fra:1 Mem:375.79M (Peak 476.96M) | Time:00:00.25 | Mem:268.06M, Peak:268.06M | Scene, ViewLayer | Updating Geometry BVH Cube.350 351/550 | Building BVH
Fra:1 Mem:375.79M (Peak 476.96M) | Time:00:00.25 | Mem:268.06M, Peak:268.06M | Scene, ViewLayer | Updating Geometry BVH Cube.350 351/550 | Building mesh BLAS |     188 tris | Cube.349
Fra:1 Mem:375.79M (Peak 476.96M) | Time:00:00.25 | Mem:268.06M, Peak:268.06M | Scene, ViewLayer | Updating Geometry BVH Cube.350 351/550 | Building mesh BLAS |     188 tris | Cube.350
Fra:1 Mem:375.79M (Peak 476.96M) | Time:00:00.25 | Mem:268.06M, Peak:268.06M | Scene, ViewLayer | Updating Geometry BVH Cube.351 352/550 | Building BVH
Fra:1 Mem:375.79M (Peak 476.96M) | Time:00:00.25 | Mem:268.06M, Peak:268.06M | Scene, ViewLayer | Updating Geometry BVH Cube.352 353/550 | Building BVH
Fra:1 Mem:375.79M (Peak 476.96M) | Time:00:00.25 | Mem:268.06M, Peak:268.06M | Scene, ViewLayer | Updating Geometry BVH Cube.352 353/550 | Building mesh BLAS |     188 tris | Cube.351
Fra:1 Mem:375.79M (Peak 476.96M) | Time:00:00.25 | Mem:268.06M, Peak:268.06M | Scene, ViewLayer | Updating Geometry BVH Cube.352 353/550 | Building mesh BLAS |     188 tris | Cube.352
Fra:1 Mem:375.79M (Peak 476.96M) | Time:00:00.25 | Mem:268.08M, Peak:268.08M | Scene, ViewLayer | Updating Geometry BVH Cube.353 354/550 | Building BVH
Fra:1 Mem:375.79M (Peak 476.96M) | Time:00:00.25 | Mem:268.08M, Peak:268.08M | Scene, ViewLayer | Updating Geometry BVH Cube.353 354/550 | Building mesh BLAS |     188 tris | Cube.353
Fra:1 Mem:375.79M (Peak 476.96M) | Time:00:00.25 | Mem:268.08M, Peak:268.08M | Scene, ViewLayer | Updating Geometry BVH Cube.354 355/550 | Building BVH
Fra:1 Mem:375.79M (Peak 476.96M) | Time:00:00.25 | Mem:268.08M, Peak:268.08M | Scene, ViewLayer | Updating Geometry BVH Cube.355 356/550 | Building BVH
Fra:1 Mem:375.79M (Peak 476.96M) | Time:00:00.25 | Mem:268.08M, Peak:268.08M | Scene, ViewLayer | Updating Geometry BVH Cube.355 356/550 | Building mesh BLAS |     188 tris | Cube.354
Fra:1 Mem:375.79M (Peak 476.96M) | Time:00:00.25 | Mem:268.08M, Peak:268.08M | Scene, ViewLayer | Updating Geometry BVH Cube.355 356/550 | Building mesh BLAS |     188 tris | Cube.355
Fra:1 Mem:375.79M (Peak 476.96M) | Time:00:00.25 | Mem:268.12M, Peak:268.12M | Scene, ViewLayer | Updating Geometry BVH Cube.356 357/550 | Building BVH
Fra:1 Mem:375.79M (Peak 476.96M) | Time:00:00.25 | Mem:268.12M, Peak:268.12M | Scene, ViewLayer | Updating Geometry BVH Torus 358/550 | Building BVH
Fra:1 Mem:375.79M (Peak 476.96M) | Time:00:00.25 | Mem:268.12M, Peak:268.12M | Scene, ViewLayer | Updating Geometry BVH Torus.001 359/550 | Building BVH
Fra:1 Mem:375.79M (Peak 476.96M) | Time:00:00.25 | Mem:268.12M, Peak:268.12M | Scene, ViewLayer | Updating Geometry BVH Torus.001 359/550 | Building mesh BLAS |    1152 tris | Torus.001
Fra:1 Mem:375.79M (Peak 476.96M) | Time:00:00.25 | Mem:268.14M, Peak:268.14M | Scene, ViewLayer | Updating Geometry BVH Torus.002 360/550 | Building BVH
Fra:1 Mem:375.79M (Peak 476.96M) | Time:00:00.25 | Mem:268.16M, Peak:268.16M | Scene, ViewLayer | Updating Geometry BVH Torus.003 361/550 | Building BVH
Fra:1 Mem:375.79M (Peak 476.96M) | Time:00:00.25 | Mem:268.17M, Peak:268.17M | Scene, ViewLayer | Updating Geometry BVH Torus.003 361/550 | Building mesh BLAS |    1152 tris | Torus.002
Fra:1 Mem:375.79M (Peak 476.96M) | Time:00:00.25 | Mem:268.18M, Peak:268.18M | Scene, ViewLayer | Updating Geometry BVH Cube.357 363/550 | Building BVH
Fra:1 Mem:375.79M (Peak 476.96M) | Time:00:00.25 | Mem:268.18M, Peak:268.18M | Scene, ViewLayer | Updating Geometry BVH Distant garden arcade voussoir.068 530/550 | Building BVH
Fra:1 Mem:375.79M (Peak 476.96M) | Time:00:00.25 | Mem:268.18M, Peak:268.18M | Scene, ViewLayer | Updating Geometry BVH Distant garden arcade voussoir.068 530/550 | Building mesh BLAS |     188 tris | Cube.357
Fra:1 Mem:375.79M (Peak 476.96M) | Time:00:00.25 | Mem:268.18M, Peak:268.18M | Scene, ViewLayer | Updating Geometry BVH Distant garden arcade voussoir.068 530/550 | Building mesh BLAS |     188 tris | Distant garden arcade voussoir.068
Fra:1 Mem:375.79M (Peak 476.96M) | Time:00:00.25 | Mem:268.18M, Peak:268.18M | Scene, ViewLayer | Updating Geometry BVH Cube.359 365/550 | Building BVH
Fra:1 Mem:375.79M (Peak 476.96M) | Time:00:00.25 | Mem:268.18M, Peak:268.18M | Scene, ViewLayer | Updating Geometry BVH Cube.359 365/550 | Building mesh BLAS |     188 tris | Cube.359
Fra:1 Mem:375.79M (Peak 476.96M) | Time:00:00.25 | Mem:268.19M, Peak:268.19M | Scene, ViewLayer | Updating Geometry BVH Cube.360 366/550 | Building BVH
Fra:1 Mem:375.79M (Peak 476.96M) | Time:00:00.25 | Mem:268.20M, Peak:268.20M | Scene, ViewLayer | Updating Geometry BVH Cube.360 366/550 | Building mesh BLAS |     188 tris | Cube.358
Fra:1 Mem:375.79M (Peak 476.96M) | Time:00:00.25 | Mem:268.20M, Peak:268.20M | Scene, ViewLayer | Updating Geometry BVH Cube.360 366/550 | Building mesh BLAS |     188 tris | Cube.360
Fra:1 Mem:375.79M (Peak 476.96M) | Time:00:00.25 | Mem:268.20M, Peak:268.20M | Scene, ViewLayer | Updating Geometry BVH Cube.361 367/550 | Building BVH
Fra:1 Mem:375.79M (Peak 476.96M) | Time:00:00.25 | Mem:268.20M, Peak:268.20M | Scene, ViewLayer | Updating Geometry BVH Cube.361 367/550 | Building mesh BLAS |     188 tris | Cube.361
Fra:1 Mem:375.79M (Peak 476.96M) | Time:00:00.25 | Mem:268.20M, Peak:268.20M | Scene, ViewLayer | Updating Geometry BVH Cube.362 368/550 | Building BVH
Fra:1 Mem:375.79M (Peak 476.96M) | Time:00:00.25 | Mem:268.20M, Peak:268.20M | Scene, ViewLayer | Updating Geometry BVH Cube.362 368/550 | Building mesh BLAS |     188 tris | Cube.362
Fra:1 Mem:375.79M (Peak 476.96M) | Time:00:00.25 | Mem:268.23M, Peak:268.23M | Scene, ViewLayer | Updating Geometry BVH Cube.363 369/550 | Building BVH
Fra:1 Mem:375.79M (Peak 476.96M) | Time:00:00.25 | Mem:268.23M, Peak:268.23M | Scene, ViewLayer | Updating Geometry BVH Cube.363 369/550 | Building mesh BLAS |     188 tris | Cube.363
Fra:1 Mem:375.79M (Peak 476.96M) | Time:00:00.25 | Mem:268.24M, Peak:268.24M | Scene, ViewLayer | Updating Geometry BVH Cube.364 370/550 | Building BVH
Fra:1 Mem:375.79M (Peak 476.96M) | Time:00:00.25 | Mem:268.24M, Peak:268.24M | Scene, ViewLayer | Updating Geometry BVH Cube.364 370/550 | Building mesh BLAS |     188 tris | Cube.364
Fra:1 Mem:375.79M (Peak 476.96M) | Time:00:00.25 | Mem:268.24M, Peak:268.24M | Scene, ViewLayer | Updating Geometry BVH Cube.365 371/550 | Building BVH
Fra:1 Mem:375.79M (Peak 476.96M) | Time:00:00.25 | Mem:268.24M, Peak:268.24M | Scene, ViewLayer | Updating Geometry BVH Cube.365 371/550 | Building mesh BLAS |     188 tris | Cube.365
Fra:1 Mem:375.79M (Peak 476.96M) | Time:00:00.25 | Mem:268.27M, Peak:268.27M | Scene, ViewLayer | Updating Geometry BVH Cube.366 372/550 | Building BVH
Fra:1 Mem:375.79M (Peak 476.96M) | Time:00:00.25 | Mem:268.27M, Peak:268.27M | Scene, ViewLayer | Updating Geometry BVH Cube.366 372/550 | Building mesh BLAS |     188 tris | Cube.366
Fra:1 Mem:375.79M (Peak 476.96M) | Time:00:00.25 | Mem:268.27M, Peak:268.27M | Scene, ViewLayer | Updating Geometry BVH Cube.367 373/550 | Building BVH
Fra:1 Mem:375.79M (Peak 476.96M) | Time:00:00.25 | Mem:268.27M, Peak:268.27M | Scene, ViewLayer | Updating Geometry BVH Cube.367 373/550 | Building mesh BLAS |     188 tris | Cube.367
Fra:1 Mem:375.79M (Peak 476.96M) | Time:00:00.26 | Mem:268.28M, Peak:268.28M | Scene, ViewLayer | Updating Geometry BVH Cube.368 374/550 | Building BVH
Fra:1 Mem:375.79M (Peak 476.96M) | Time:00:00.26 | Mem:268.28M, Peak:268.28M | Scene, ViewLayer | Updating Geometry BVH Cube.368 374/550 | Building mesh BLAS |     188 tris | Cube.368
Fra:1 Mem:375.79M (Peak 476.96M) | Time:00:00.26 | Mem:268.28M, Peak:268.28M | Scene, ViewLayer | Updating Geometry BVH Cube.369 375/550 | Building BVH
Fra:1 Mem:375.79M (Peak 476.96M) | Time:00:00.26 | Mem:268.28M, Peak:268.28M | Scene, ViewLayer | Updating Geometry BVH Cube.370 376/550 | Building BVH
Fra:1 Mem:375.79M (Peak 476.96M) | Time:00:00.26 | Mem:268.28M, Peak:268.28M | Scene, ViewLayer | Updating Geometry BVH Cube.370 376/550 | Building mesh BLAS |     188 tris | Cube.369
Fra:1 Mem:375.79M (Peak 476.96M) | Time:00:00.26 | Mem:268.28M, Peak:268.28M | Scene, ViewLayer | Updating Geometry BVH Cube.370 376/550 | Building mesh BLAS |     188 tris | Cube.370
Fra:1 Mem:375.79M (Peak 476.96M) | Time:00:00.26 | Mem:268.32M, Peak:268.32M | Scene, ViewLayer | Updating Geometry BVH Cube.371 377/550 | Building BVH
Fra:1 Mem:375.79M (Peak 476.96M) | Time:00:00.26 | Mem:268.34M, Peak:268.34M | Scene, ViewLayer | Updating Geometry BVH Cube.372 378/550 | Building mesh BLAS |     188 tris | Cube.371
Fra:1 Mem:375.79M (Peak 476.96M) | Time:00:00.26 | Mem:268.34M, Peak:268.34M | Scene, ViewLayer | Updating Geometry BVH Distant garden arcade arch.004 529/550 | Building BVH
Fra:1 Mem:375.79M (Peak 476.96M) | Time:00:00.26 | Mem:268.35M, Peak:268.35M | Scene, ViewLayer | Updating Geometry BVH Cube.373 379/550 | Building BVH
Fra:1 Mem:375.79M (Peak 476.96M) | Time:00:00.26 | Mem:268.35M, Peak:268.35M | Scene, ViewLayer | Updating Geometry BVH Cube.373 379/550 | Building mesh BLAS |    1692 tris | Distant garden arcade arch.004
Fra:1 Mem:375.79M (Peak 476.96M) | Time:00:00.26 | Mem:268.35M, Peak:268.35M | Scene, ViewLayer | Updating Geometry BVH Cube.373 379/550 | Building mesh BLAS |     188 tris | Cube.373
Fra:1 Mem:375.79M (Peak 476.96M) | Time:00:00.26 | Mem:268.35M, Peak:268.35M | Scene, ViewLayer | Updating Geometry BVH Cube.376 382/550 | Building BVH
Fra:1 Mem:375.79M (Peak 476.96M) | Time:00:00.26 | Mem:268.35M, Peak:268.35M | Scene, ViewLayer | Updating Geometry BVH Cube.377 383/550 | Building BVH
Fra:1 Mem:375.79M (Peak 476.96M) | Time:00:00.26 | Mem:268.35M, Peak:268.35M | Scene, ViewLayer | Updating Geometry BVH Cube.377 383/550 | Building mesh BLAS |     188 tris | Cube.374
Fra:1 Mem:375.79M (Peak 476.96M) | Time:00:00.26 | Mem:268.36M, Peak:268.36M | Scene, ViewLayer | Updating Geometry BVH Cube.377 383/550 | Building mesh BLAS |     188 tris | Cube.375
Fra:1 Mem:375.79M (Peak 476.96M) | Time:00:00.26 | Mem:268.36M, Peak:268.36M | Scene, ViewLayer | Updating Geometry BVH Cube.378 384/550 | Building BVH
Fra:1 Mem:375.79M (Peak 476.96M) | Time:00:00.26 | Mem:268.37M, Peak:268.37M | Scene, ViewLayer | Updating Geometry BVH Cube.378 384/550 | Building mesh BLAS |     188 tris | Cube.376
Fra:1 Mem:375.79M (Peak 476.96M) | Time:00:00.26 | Mem:268.37M, Peak:268.37M | Scene, ViewLayer | Updating Geometry BVH Cube.379 385/550 | Building mesh BLAS |     188 tris | Cube.378
Fra:1 Mem:375.79M (Peak 476.96M) | Time:00:00.26 | Mem:268.38M, Peak:268.38M | Scene, ViewLayer | Updating Geometry BVH Cube.380 386/550 | Building BVH
Fra:1 Mem:375.79M (Peak 476.96M) | Time:00:00.26 | Mem:268.38M, Peak:268.38M | Scene, ViewLayer | Updating Geometry BVH Cube.381 387/550 | Building mesh BLAS |     188 tris | Cube.372
Fra:1 Mem:375.79M (Peak 476.96M) | Time:00:00.26 | Mem:268.41M, Peak:268.41M | Scene, ViewLayer | Updating Geometry BVH Cube.381 387/550 | Building mesh BLAS |     188 tris | Cube.380
Fra:1 Mem:375.79M (Peak 476.96M) | Time:00:00.26 | Mem:268.43M, Peak:268.43M | Scene, ViewLayer | Updating Geometry BVH Cube.382 388/550 | Building BVH
Fra:1 Mem:375.79M (Peak 476.96M) | Time:00:00.26 | Mem:268.43M, Peak:268.43M | Scene, ViewLayer | Updating Geometry BVH Cube.382 388/550 | Building mesh BLAS |     188 tris | Cube.379
Fra:1 Mem:375.79M (Peak 476.96M) | Time:00:00.26 | Mem:268.43M, Peak:268.43M | Scene, ViewLayer | Updating Geometry BVH Cube.383 389/550 | Building BVH
Fra:1 Mem:375.79M (Peak 476.96M) | Time:00:00.26 | Mem:268.44M, Peak:268.44M | Scene, ViewLayer | Updating Geometry BVH Cube.384 390/550 | Building BVH
Fra:1 Mem:375.79M (Peak 476.96M) | Time:00:00.26 | Mem:268.44M, Peak:268.44M | Scene, ViewLayer | Updating Geometry BVH Cube.384 390/550 | Building mesh BLAS |     188 tris | Cube.383
Fra:1 Mem:375.79M (Peak 476.96M) | Time:00:00.26 | Mem:268.44M, Peak:268.44M | Scene, ViewLayer | Updating Geometry BVH Cube.384 390/550 | Building mesh BLAS |     188 tris | Cube.382
Fra:1 Mem:375.79M (Peak 476.96M) | Time:00:00.26 | Mem:268.44M, Peak:268.44M | Scene, ViewLayer | Updating Geometry BVH Cube.384 390/550 | Building mesh BLAS |     188 tris | Cube.384
Fra:1 Mem:375.79M (Peak 476.96M) | Time:00:00.26 | Mem:268.45M, Peak:268.45M | Scene, ViewLayer | Updating Geometry BVH Cube.385 391/550 | Building BVH
Fra:1 Mem:375.79M (Peak 476.96M) | Time:00:00.26 | Mem:268.45M, Peak:268.45M | Scene, ViewLayer | Updating Geometry BVH Cube.385 391/550 | Building mesh BLAS |     188 tris | Cube.385
Fra:1 Mem:375.79M (Peak 476.96M) | Time:00:00.26 | Mem:268.46M, Peak:268.46M | Scene, ViewLayer | Updating Geometry BVH Cube.386 392/550 | Building BVH
Fra:1 Mem:375.79M (Peak 476.96M) | Time:00:00.26 | Mem:268.46M, Peak:268.46M | Scene, ViewLayer | Updating Geometry BVH Cube.386 392/550 | Building mesh BLAS |     188 tris | Cube.386
Fra:1 Mem:375.79M (Peak 476.96M) | Time:00:00.26 | Mem:268.46M, Peak:268.46M | Scene, ViewLayer | Updating Geometry BVH Cube.387 393/550 | Building BVH
Fra:1 Mem:375.79M (Peak 476.96M) | Time:00:00.26 | Mem:268.46M, Peak:268.46M | Scene, ViewLayer | Updating Geometry BVH Cube.387 393/550 | Building mesh BLAS |     188 tris | Cube.387
Fra:1 Mem:375.79M (Peak 476.96M) | Time:00:00.26 | Mem:268.47M, Peak:268.47M | Scene, ViewLayer | Updating Geometry BVH Cube.388 394/550 | Building BVH
Fra:1 Mem:375.79M (Peak 476.96M) | Time:00:00.26 | Mem:268.47M, Peak:268.47M | Scene, ViewLayer | Updating Geometry BVH Cube.388 394/550 | Building mesh BLAS |     188 tris | Cube.388
Fra:1 Mem:375.79M (Peak 476.96M) | Time:00:00.26 | Mem:268.47M, Peak:268.47M | Scene, ViewLayer | Updating Geometry BVH Distant garden arcade voussoir.067 528/550 | Building BVH
Fra:1 Mem:375.79M (Peak 476.96M) | Time:00:00.26 | Mem:268.47M, Peak:268.47M | Scene, ViewLayer | Updating Geometry BVH Distant garden arcade voussoir.067 528/550 | Building mesh BLAS |     188 tris | Distant garden arcade voussoir.067
Fra:1 Mem:375.79M (Peak 476.96M) | Time:00:00.26 | Mem:268.49M, Peak:268.49M | Scene, ViewLayer | Updating Geometry BVH Cube.389 395/550 | Building BVH
Fra:1 Mem:375.79M (Peak 476.96M) | Time:00:00.26 | Mem:268.49M, Peak:268.49M | Scene, ViewLayer | Updating Geometry BVH Cube.389 395/550 | Building mesh BLAS |     188 tris | Cube.389
Fra:1 Mem:375.79M (Peak 476.96M) | Time:00:00.26 | Mem:268.49M, Peak:268.49M | Scene, ViewLayer | Updating Geometry BVH Cube.390 396/550 | Building BVH
Fra:1 Mem:375.79M (Peak 476.96M) | Time:00:00.26 | Mem:268.49M, Peak:268.49M | Scene, ViewLayer | Updating Geometry BVH Cube.390 396/550 | Building mesh BLAS |     188 tris | Cube.390
Fra:1 Mem:375.79M (Peak 476.96M) | Time:00:00.26 | Mem:268.54M, Peak:268.54M | Scene, ViewLayer | Updating Geometry BVH Cube.391 397/550 | Building BVH
Fra:1 Mem:375.79M (Peak 476.96M) | Time:00:00.26 | Mem:268.54M, Peak:268.54M | Scene, ViewLayer | Updating Geometry BVH Cube.392 398/550 | Building mesh BLAS |     188 tris | Cube.391
Fra:1 Mem:375.79M (Peak 476.96M) | Time:00:00.26 | Mem:268.54M, Peak:268.54M | Scene, ViewLayer | Updating Geometry BVH Cube.393 399/550 | Building BVH
Fra:1 Mem:375.79M (Peak 476.96M) | Time:00:00.26 | Mem:268.54M, Peak:268.54M | Scene, ViewLayer | Updating Geometry BVH Cube.393 399/550 | Building mesh BLAS |     188 tris | Cube.393
Fra:1 Mem:375.79M (Peak 476.96M) | Time:00:00.26 | Mem:268.54M, Peak:268.54M | Scene, ViewLayer | Updating Geometry BVH Cube.394 400/550 | Building mesh BLAS |     188 tris | Cube.392
Fra:1 Mem:375.79M (Peak 476.96M) | Time:00:00.26 | Mem:268.54M, Peak:268.54M | Scene, ViewLayer | Updating Geometry BVH Cube.395 401/550 | Building BVH
Fra:1 Mem:375.79M (Peak 476.96M) | Time:00:00.26 | Mem:268.54M, Peak:268.54M | Scene, ViewLayer | Updating Geometry BVH Cube.395 401/550 | Building mesh BLAS |     188 tris | Cube.395
Fra:1 Mem:375.79M (Peak 476.96M) | Time:00:00.26 | Mem:268.54M, Peak:268.54M | Scene, ViewLayer | Updating Geometry BVH Cube.395 401/550 | Building mesh BLAS |     188 tris | Cube.394
Fra:1 Mem:375.79M (Peak 476.96M) | Time:00:00.26 | Mem:268.59M, Peak:268.59M | Scene, ViewLayer | Updating Geometry BVH Cube.396 402/550 | Building BVH
Fra:1 Mem:375.79M (Peak 476.96M) | Time:00:00.26 | Mem:268.60M, Peak:268.60M | Scene, ViewLayer | Updating Geometry BVH Cube.396 402/550 | Building mesh BLAS |     188 tris | Cube.396
Fra:1 Mem:375.79M (Peak 476.96M) | Time:00:00.26 | Mem:268.61M, Peak:268.61M | Scene, ViewLayer | Updating Geometry BVH Cube.397 403/550 | Building BVH
Fra:1 Mem:375.79M (Peak 476.96M) | Time:00:00.26 | Mem:268.61M, Peak:268.61M | Scene, ViewLayer | Updating Geometry BVH Cube.399 405/550 | Building BVH
Fra:1 Mem:375.79M (Peak 476.96M) | Time:00:00.26 | Mem:268.61M, Peak:268.61M | Scene, ViewLayer | Updating Geometry BVH Cube.400 406/550 | Building BVH
Fra:1 Mem:375.79M (Peak 476.96M) | Time:00:00.26 | Mem:268.61M, Peak:268.61M | Scene, ViewLayer | Updating Geometry BVH Cube.400 406/550 | Building mesh BLAS |     188 tris | Cube.399
Fra:1 Mem:375.79M (Peak 476.96M) | Time:00:00.26 | Mem:268.61M, Peak:268.61M | Scene, ViewLayer | Updating Geometry BVH Cube.400 406/550 | Building mesh BLAS |     188 tris | Cube.398
Fra:1 Mem:375.79M (Peak 476.96M) | Time:00:00.26 | Mem:268.61M, Peak:268.61M | Scene, ViewLayer | Updating Geometry BVH Cylinder 407/550 | Building BVH
Fra:1 Mem:375.79M (Peak 476.96M) | Time:00:00.26 | Mem:268.61M, Peak:268.61M | Scene, ViewLayer | Updating Geometry BVH Cylinder 407/550 | Building mesh BLAS |     188 tris | Cube.400
Fra:1 Mem:375.79M (Peak 476.96M) | Time:00:00.26 | Mem:268.61M, Peak:268.61M | Scene, ViewLayer | Updating Geometry BVH Cylinder 407/550 | Building mesh BLAS |      60 tris | Cylinder
Fra:1 Mem:375.79M (Peak 476.96M) | Time:00:00.26 | Mem:268.63M, Peak:268.63M | Scene, ViewLayer | Updating Geometry BVH Cylinder.001 408/550 | Building BVH
Fra:1 Mem:375.79M (Peak 476.96M) | Time:00:00.26 | Mem:268.63M, Peak:268.63M | Scene, ViewLayer | Updating Geometry BVH Cylinder.001 408/550 | Building mesh BLAS |      60 tris | Cylinder.001
Fra:1 Mem:375.79M (Peak 476.96M) | Time:00:00.26 | Mem:268.64M, Peak:268.64M | Scene, ViewLayer | Updating Geometry BVH Cylinder.002 409/550 | Building BVH
Fra:1 Mem:375.79M (Peak 476.96M) | Time:00:00.26 | Mem:268.64M, Peak:268.64M | Scene, ViewLayer | Updating Geometry BVH Cylinder.002 409/550 | Building mesh BLAS |      60 tris | Cylinder.002
Fra:1 Mem:375.79M (Peak 476.96M) | Time:00:00.26 | Mem:268.64M, Peak:268.64M | Scene, ViewLayer | Updating Geometry BVH Cylinder.003 410/550 | Building BVH
Fra:1 Mem:375.79M (Peak 476.96M) | Time:00:00.26 | Mem:268.64M, Peak:268.64M | Scene, ViewLayer | Updating Geometry BVH Cylinder.003 410/550 | Building mesh BLAS |      60 tris | Cylinder.003
Fra:1 Mem:375.79M (Peak 476.96M) | Time:00:00.26 | Mem:268.64M, Peak:268.64M | Scene, ViewLayer | Updating Geometry BVH Cylinder.004 411/550 | Building BVH
Fra:1 Mem:375.79M (Peak 476.96M) | Time:00:00.26 | Mem:268.64M, Peak:268.64M | Scene, ViewLayer | Updating Geometry BVH Cylinder.004 411/550 | Building mesh BLAS |      60 tris | Cylinder.004
Fra:1 Mem:375.79M (Peak 476.96M) | Time:00:00.26 | Mem:268.64M, Peak:268.64M | Scene, ViewLayer | Updating Geometry BVH Distant garden arcade voussoir.066 527/550 | Building BVH
Fra:1 Mem:375.79M (Peak 476.96M) | Time:00:00.26 | Mem:268.64M, Peak:268.64M | Scene, ViewLayer | Updating Geometry BVH Distant garden arcade voussoir.066 527/550 | Building mesh BLAS |     188 tris | Distant garden arcade voussoir.066
Fra:1 Mem:375.79M (Peak 476.96M) | Time:00:00.26 | Mem:268.64M, Peak:268.64M | Scene, ViewLayer | Updating Geometry BVH Cylinder.005 412/550 | Building BVH
Fra:1 Mem:375.79M (Peak 476.96M) | Time:00:00.26 | Mem:268.64M, Peak:268.64M | Scene, ViewLayer | Updating Geometry BVH Cylinder.005 412/550 | Building mesh BLAS |      60 tris | Cylinder.005
Fra:1 Mem:375.79M (Peak 476.96M) | Time:00:00.26 | Mem:268.65M, Peak:268.65M | Scene, ViewLayer | Updating Geometry BVH Cylinder.006 413/550 | Building BVH
Fra:1 Mem:375.79M (Peak 476.96M) | Time:00:00.26 | Mem:268.66M, Peak:268.66M | Scene, ViewLayer | Updating Geometry BVH Cylinder.006 413/550 | Building mesh BLAS |      60 tris | Cylinder.006
Fra:1 Mem:375.79M (Peak 476.96M) | Time:00:00.26 | Mem:268.69M, Peak:268.69M | Scene, ViewLayer | Updating Geometry BVH Cylinder.007 414/550 | Building BVH
Fra:1 Mem:375.79M (Peak 476.96M) | Time:00:00.26 | Mem:268.69M, Peak:268.69M | Scene, ViewLayer | Updating Geometry BVH Cylinder.007 414/550 | Building mesh BLAS |      60 tris | Cylinder.007
Fra:1 Mem:375.79M (Peak 476.96M) | Time:00:00.26 | Mem:268.73M, Peak:268.73M | Scene, ViewLayer | Updating Geometry BVH Cylinder.008 415/550 | Building BVH
Fra:1 Mem:375.79M (Peak 476.96M) | Time:00:00.26 | Mem:268.74M, Peak:268.74M | Scene, ViewLayer | Updating Geometry BVH Cylinder.010 417/550 | Building BVH
Fra:1 Mem:375.79M (Peak 476.96M) | Time:00:00.26 | Mem:268.76M, Peak:268.76M | Scene, ViewLayer | Updating Geometry BVH Cylinder.010 417/550 | Building mesh BLAS |      60 tris | Cylinder.010
Fra:1 Mem:375.79M (Peak 476.96M) | Time:00:00.26 | Mem:268.76M, Peak:268.76M | Scene, ViewLayer | Updating Geometry BVH Cylinder.011 418/550 | Building BVH
Fra:1 Mem:375.79M (Peak 476.96M) | Time:00:00.26 | Mem:268.76M, Peak:268.76M | Scene, ViewLayer | Updating Geometry BVH Cylinder.013 420/550 | Building BVH
Fra:1 Mem:375.79M (Peak 476.96M) | Time:00:00.26 | Mem:268.77M, Peak:268.77M | Scene, ViewLayer | Updating Geometry BVH Cylinder.013 420/550 | Building mesh BLAS |      60 tris | Cylinder.011
Fra:1 Mem:375.79M (Peak 476.96M) | Time:00:00.26 | Mem:268.77M, Peak:268.77M | Scene, ViewLayer | Updating Geometry BVH Cylinder.017 424/550 | Building mesh BLAS |      60 tris | Cylinder.012
Fra:1 Mem:375.79M (Peak 476.96M) | Time:00:00.26 | Mem:268.80M, Peak:268.80M | Scene, ViewLayer | Updating Geometry BVH Cube.401 425/550 | Building BVH
Fra:1 Mem:375.79M (Peak 476.96M) | Time:00:00.26 | Mem:268.81M, Peak:268.81M | Scene, ViewLayer | Updating Geometry BVH Cube.402 426/550 | Building BVH
Fra:1 Mem:375.79M (Peak 476.96M) | Time:00:00.26 | Mem:268.81M, Peak:268.81M | Scene, ViewLayer | Updating Geometry BVH Cube.402 426/550 | Building mesh BLAS |      60 tris | Cylinder.013
Fra:1 Mem:375.79M (Peak 476.96M) | Time:00:00.26 | Mem:268.81M, Peak:268.81M | Scene, ViewLayer | Updating Geometry BVH Cube.403 427/550 | Building BVH
Fra:1 Mem:375.79M (Peak 476.96M) | Time:00:00.26 | Mem:268.82M, Peak:268.82M | Scene, ViewLayer | Updating Geometry BVH Cube.403 427/550 | Building mesh BLAS |      60 tris | Cylinder.017
Fra:1 Mem:375.79M (Peak 476.96M) | Time:00:00.26 | Mem:268.85M, Peak:268.85M | Scene, ViewLayer | Updating Geometry BVH Cube.403 427/550 | Building mesh BLAS |      60 tris | Cylinder.016
Fra:1 Mem:375.79M (Peak 476.96M) | Time:00:00.26 | Mem:268.85M, Peak:268.85M | Scene, ViewLayer | Updating Geometry BVH Distant garden arcade voussoir.065 526/550 | Building BVH
Fra:1 Mem:375.79M (Peak 476.96M) | Time:00:00.26 | Mem:268.85M, Peak:268.85M | Scene, ViewLayer | Updating Geometry BVH Distant garden arcade voussoir.065 526/550 | Building mesh BLAS |     188 tris | Cube.403
Fra:1 Mem:375.79M (Peak 476.96M) | Time:00:00.26 | Mem:268.85M, Peak:268.85M | Scene, ViewLayer | Updating Geometry BVH Cube.404 428/550 | Building BVH
Fra:1 Mem:375.79M (Peak 476.96M) | Time:00:00.26 | Mem:268.85M, Peak:268.85M | Scene, ViewLayer | Updating Geometry BVH Cube.405 429/550 | Building BVH
Fra:1 Mem:375.79M (Peak 476.96M) | Time:00:00.26 | Mem:268.85M, Peak:268.85M | Scene, ViewLayer | Updating Geometry BVH Cube.405 429/550 | Building mesh BLAS |     188 tris | Cube.404
Fra:1 Mem:375.79M (Peak 476.96M) | Time:00:00.26 | Mem:268.85M, Peak:268.85M | Scene, ViewLayer | Updating Geometry BVH Cube.405 429/550 | Building mesh BLAS |     188 tris | Distant garden arcade voussoir.065
Fra:1 Mem:375.79M (Peak 476.96M) | Time:00:00.26 | Mem:268.85M, Peak:268.85M | Scene, ViewLayer | Updating Geometry BVH Cube.405 429/550 | Building mesh BLAS |     188 tris | Cube.402
Fra:1 Mem:375.79M (Peak 476.96M) | Time:00:00.26 | Mem:268.87M, Peak:268.87M | Scene, ViewLayer | Updating Geometry BVH Cube.406 430/550 | Building BVH
Fra:1 Mem:375.79M (Peak 476.96M) | Time:00:00.26 | Mem:268.87M, Peak:268.87M | Scene, ViewLayer | Updating Geometry BVH Cube.406 430/550 | Building mesh BLAS |     188 tris | Cube.406
Fra:1 Mem:375.79M (Peak 476.96M) | Time:00:00.26 | Mem:268.87M, Peak:268.87M | Scene, ViewLayer | Updating Geometry BVH Cube.407 431/550 | Building BVH
Fra:1 Mem:375.79M (Peak 476.96M) | Time:00:00.26 | Mem:268.87M, Peak:268.87M | Scene, ViewLayer | Updating Geometry BVH Cube.407 431/550 | Building mesh BLAS |     188 tris | Cube.407
Fra:1 Mem:375.79M (Peak 476.96M) | Time:00:00.26 | Mem:268.88M, Peak:268.88M | Scene, ViewLayer | Updating Geometry BVH Cube.408 432/550 | Building BVH
Fra:1 Mem:375.79M (Peak 476.96M) | Time:00:00.26 | Mem:268.88M, Peak:268.88M | Scene, ViewLayer | Updating Geometry BVH Cube.408 432/550 | Building mesh BLAS |     188 tris | Cube.408
Fra:1 Mem:375.79M (Peak 476.96M) | Time:00:00.26 | Mem:268.89M, Peak:268.89M | Scene, ViewLayer | Updating Geometry BVH Cube.409 433/550 | Building BVH
Fra:1 Mem:375.79M (Peak 476.96M) | Time:00:00.26 | Mem:268.89M, Peak:268.89M | Scene, ViewLayer | Updating Geometry BVH Cube.409 433/550 | Building mesh BLAS |     188 tris | Cube.409
Fra:1 Mem:375.79M (Peak 476.96M) | Time:00:00.26 | Mem:268.91M, Peak:268.91M | Scene, ViewLayer | Updating Geometry BVH Cube.410 434/550 | Building BVH
Fra:1 Mem:375.79M (Peak 476.96M) | Time:00:00.26 | Mem:268.92M, Peak:268.92M | Scene, ViewLayer | Updating Geometry BVH Cube.410 434/550 | Building mesh BLAS |     188 tris | Cube.410
Fra:1 Mem:375.79M (Peak 476.96M) | Time:00:00.26 | Mem:268.93M, Peak:268.93M | Scene, ViewLayer | Updating Geometry BVH Cube.411 435/550 | Building BVH
Fra:1 Mem:375.79M (Peak 476.96M) | Time:00:00.26 | Mem:268.93M, Peak:268.93M | Scene, ViewLayer | Updating Geometry BVH Cube.411 435/550 | Building mesh BLAS |     188 tris | Cube.411
Fra:1 Mem:375.79M (Peak 476.96M) | Time:00:00.26 | Mem:268.94M, Peak:268.94M | Scene, ViewLayer | Updating Geometry BVH Cube.412 436/550 | Building BVH
Fra:1 Mem:375.79M (Peak 476.96M) | Time:00:00.26 | Mem:268.94M, Peak:268.94M | Scene, ViewLayer | Updating Geometry BVH Cube.413 437/550 | Building BVH
Fra:1 Mem:375.79M (Peak 476.96M) | Time:00:00.26 | Mem:268.96M, Peak:268.96M | Scene, ViewLayer | Updating Geometry BVH Cube.415 439/550 | Building mesh BLAS |     188 tris | Cube.412
Fra:1 Mem:375.79M (Peak 476.96M) | Time:00:00.26 | Mem:268.96M, Peak:268.96M | Scene, ViewLayer | Updating Geometry BVH Cube.416 440/550 | Building BVH
Fra:1 Mem:375.79M (Peak 476.96M) | Time:00:00.26 | Mem:268.96M, Peak:268.96M | Scene, ViewLayer | Updating Geometry BVH Cube.417 441/550 | Building mesh BLAS |     188 tris | Cube.414
Fra:1 Mem:375.79M (Peak 476.96M) | Time:00:00.26 | Mem:268.97M, Peak:268.97M | Scene, ViewLayer | Updating Geometry BVH Cube.417 441/550 | Building mesh BLAS |     188 tris | Cube.416
Fra:1 Mem:375.79M (Peak 476.96M) | Time:00:00.26 | Mem:268.97M, Peak:268.97M | Scene, ViewLayer | Updating Geometry BVH Cube.417 441/550 | Building mesh BLAS |     188 tris | Cube.415
Fra:1 Mem:375.79M (Peak 476.96M) | Time:00:00.26 | Mem:268.97M, Peak:268.97M | Scene, ViewLayer | Updating Geometry BVH Cube.418 442/550 | Building BVH
Fra:1 Mem:375.79M (Peak 476.96M) | Time:00:00.26 | Mem:268.99M, Peak:268.99M | Scene, ViewLayer | Updating Geometry BVH Cube.419 443/550 | Building BVH
Fra:1 Mem:375.79M (Peak 476.96M) | Time:00:00.26 | Mem:269.00M, Peak:269.00M | Scene, ViewLayer | Updating Geometry BVH Distant garden arcade voussoir.064 525/550 | Building BVH
Fra:1 Mem:375.79M (Peak 476.96M) | Time:00:00.26 | Mem:269.01M, Peak:269.01M | Scene, ViewLayer | Updating Geometry BVH Cube.420 444/550 | Building BVH
Fra:1 Mem:375.79M (Peak 476.96M) | Time:00:00.26 | Mem:269.01M, Peak:269.01M | Scene, ViewLayer | Updating Geometry BVH Cube.420 444/550 | Building mesh BLAS |     188 tris | Distant garden arcade voussoir.064
Fra:1 Mem:375.79M (Peak 476.96M) | Time:00:00.26 | Mem:269.01M, Peak:269.01M | Scene, ViewLayer | Updating Geometry BVH Cube.422 446/550 | Building mesh BLAS |     188 tris | Cube.420
Fra:1 Mem:375.79M (Peak 476.96M) | Time:00:00.26 | Mem:269.01M, Peak:269.01M | Scene, ViewLayer | Updating Geometry BVH Cube.422 446/550 | Building mesh BLAS |     188 tris | Cube.417
Fra:1 Mem:375.79M (Peak 476.96M) | Time:00:00.26 | Mem:269.01M, Peak:269.01M | Scene, ViewLayer | Updating Geometry BVH Cube.422 446/550 | Building mesh BLAS |     188 tris | Cube.421
Fra:1 Mem:375.79M (Peak 476.96M) | Time:00:00.26 | Mem:269.01M, Peak:269.01M | Scene, ViewLayer | Updating Geometry BVH Cube.422 446/550 | Building mesh BLAS |     188 tris | Cube.422
Fra:1 Mem:375.79M (Peak 476.96M) | Time:00:00.26 | Mem:269.07M, Peak:269.07M | Scene, ViewLayer | Updating Geometry BVH Cube.423 447/550 | Building BVH
Fra:1 Mem:375.79M (Peak 476.96M) | Time:00:00.26 | Mem:269.07M, Peak:269.07M | Scene, ViewLayer | Updating Geometry BVH Cube.423 447/550 | Building mesh BLAS |     188 tris | Cube.423
Fra:1 Mem:375.79M (Peak 476.96M) | Time:00:00.26 | Mem:269.07M, Peak:269.07M | Scene, ViewLayer | Updating Geometry BVH Cube.424 448/550 | Building BVH
Fra:1 Mem:375.79M (Peak 476.96M) | Time:00:00.26 | Mem:269.07M, Peak:269.07M | Scene, ViewLayer | Updating Geometry BVH Cube.425 449/550 | Building BVH
Fra:1 Mem:375.79M (Peak 476.96M) | Time:00:00.26 | Mem:269.07M, Peak:269.07M | Scene, ViewLayer | Updating Geometry BVH Cube.425 449/550 | Building mesh BLAS |     188 tris | Cube.424
Fra:1 Mem:375.79M (Peak 476.96M) | Time:00:00.26 | Mem:269.07M, Peak:269.07M | Scene, ViewLayer | Updating Geometry BVH Cube.425 449/550 | Building mesh BLAS |     188 tris | Cube.425
Fra:1 Mem:375.79M (Peak 476.96M) | Time:00:00.26 | Mem:269.14M, Peak:269.14M | Scene, ViewLayer | Updating Geometry BVH Cube.426 450/550 | Building BVH
Fra:1 Mem:375.79M (Peak 476.96M) | Time:00:00.26 | Mem:269.14M, Peak:269.14M | Scene, ViewLayer | Updating Geometry BVH Cube.426 450/550 | Building mesh BLAS |     188 tris | Cube.426
Fra:1 Mem:375.79M (Peak 476.96M) | Time:00:00.26 | Mem:269.22M, Peak:269.22M | Scene, ViewLayer | Updating Geometry BVH Cube.427 451/550 | Building BVH
Fra:1 Mem:375.79M (Peak 476.96M) | Time:00:00.26 | Mem:269.22M, Peak:269.22M | Scene, ViewLayer | Updating Geometry BVH Cube.427 451/550 | Building mesh BLAS |     188 tris | Cube.427
Fra:1 Mem:375.79M (Peak 476.96M) | Time:00:00.26 | Mem:269.22M, Peak:269.22M | Scene, ViewLayer | Updating Geometry BVH Cube.428 452/550 | Building BVH
Fra:1 Mem:375.79M (Peak 476.96M) | Time:00:00.26 | Mem:269.23M, Peak:269.23M | Scene, ViewLayer | Updating Geometry BVH Cube.428 452/550 | Building mesh BLAS |     188 tris | Cube.428
Fra:1 Mem:375.79M (Peak 476.96M) | Time:00:00.26 | Mem:269.31M, Peak:269.31M | Scene, ViewLayer | Updating Geometry BVH Cube.429 453/550 | Building BVH
Fra:1 Mem:375.79M (Peak 476.96M) | Time:00:00.26 | Mem:269.32M, Peak:269.32M | Scene, ViewLayer | Updating Geometry BVH Cube.429 453/550 | Building mesh BLAS |     188 tris | Cube.429
Fra:1 Mem:375.79M (Peak 476.96M) | Time:00:00.26 | Mem:269.38M, Peak:269.38M | Scene, ViewLayer | Updating Geometry BVH Garden doorway arch 455/550 | Building BVH
Fra:1 Mem:375.79M (Peak 476.96M) | Time:00:00.26 | Mem:269.39M, Peak:269.39M | Scene, ViewLayer | Updating Geometry BVH Garden doorway arch 455/550 | Building mesh BLAS |    1692 tris | Garden doorway arch
Fra:1 Mem:375.79M (Peak 476.96M) | Time:00:00.26 | Mem:269.39M, Peak:269.39M | Scene, ViewLayer | Updating Geometry BVH Stair vault 456/550 | Building BVH
Fra:1 Mem:375.79M (Peak 476.96M) | Time:00:00.26 | Mem:269.39M, Peak:269.39M | Scene, ViewLayer | Updating Geometry BVH Stair vault 456/550 | Building mesh BLAS |     188 tris | Stair vault
Fra:1 Mem:375.79M (Peak 476.96M) | Time:00:00.26 | Mem:269.39M, Peak:269.39M | Scene, ViewLayer | Updating Geometry BVH Refracting sea | displaced surface and enclosed volume 454/550 | Building BVH
Fra:1 Mem:375.79M (Peak 476.96M) | Time:00:00.26 | Mem:269.43M, Peak:269.43M | Scene, ViewLayer | Updating Geometry BVH Distant garden arcade voussoir.063 524/550 | Building BVH
Fra:1 Mem:375.79M (Peak 476.96M) | Time:00:00.26 | Mem:269.43M, Peak:269.43M | Scene, ViewLayer | Updating Geometry BVH Distant garden arcade arch 457/550 | Building mesh BLAS |     188 tris | Distant garden arcade voussoir.063
Fra:1 Mem:375.79M (Peak 476.96M) | Time:00:00.26 | Mem:269.43M, Peak:269.43M | Scene, ViewLayer | Updating Geometry BVH Distant garden arcade voussoir 458/550 | Building BVH
Fra:1 Mem:375.79M (Peak 476.96M) | Time:00:00.26 | Mem:269.43M, Peak:269.43M | Scene, ViewLayer | Updating Geometry BVH Distant garden arcade voussoir 458/550 | Building mesh BLAS |     188 tris | Distant garden arcade voussoir
Fra:1 Mem:375.79M (Peak 476.96M) | Time:00:00.26 | Mem:269.43M, Peak:269.43M | Scene, ViewLayer | Updating Geometry BVH Distant garden arcade voussoir 458/550 | Building mesh BLAS |    1692 tris | Distant garden arcade arch
Fra:1 Mem:375.79M (Peak 476.96M) | Time:00:00.26 | Mem:269.43M, Peak:269.43M | Scene, ViewLayer | Updating Geometry BVH Distant garden arcade voussoir.001 459/550 | Building BVH
Fra:1 Mem:375.79M (Peak 476.96M) | Time:00:00.26 | Mem:269.45M, Peak:269.45M | Scene, ViewLayer | Updating Geometry BVH Distant garden arcade voussoir.001 459/550 | Building mesh BLAS |     188 tris | Distant garden arcade voussoir.001
Fra:1 Mem:375.79M (Peak 476.96M) | Time:00:00.26 | Mem:269.45M, Peak:269.45M | Scene, ViewLayer | Updating Geometry BVH Distant garden arcade voussoir.002 460/550 | Building BVH
Fra:1 Mem:375.79M (Peak 476.96M) | Time:00:00.26 | Mem:269.45M, Peak:269.45M | Scene, ViewLayer | Updating Geometry BVH Distant garden arcade voussoir.003 461/550 | Building BVH
Fra:1 Mem:375.79M (Peak 476.96M) | Time:00:00.26 | Mem:269.47M, Peak:269.47M | Scene, ViewLayer | Updating Geometry BVH Distant garden arcade voussoir.004 462/550 | Building BVH
Fra:1 Mem:375.79M (Peak 476.96M) | Time:00:00.26 | Mem:269.47M, Peak:269.47M | Scene, ViewLayer | Updating Geometry BVH Distant garden arcade voussoir.004 462/550 | Building mesh BLAS |     188 tris | Distant garden arcade voussoir.004
Fra:1 Mem:375.79M (Peak 476.96M) | Time:00:00.26 | Mem:269.47M, Peak:269.47M | Scene, ViewLayer | Updating Geometry BVH Distant garden arcade voussoir.005 463/550 | Building BVH
Fra:1 Mem:375.79M (Peak 476.96M) | Time:00:00.26 | Mem:269.47M, Peak:269.47M | Scene, ViewLayer | Updating Geometry BVH Distant garden arcade voussoir.006 464/550 | Building BVH
Fra:1 Mem:375.79M (Peak 476.96M) | Time:00:00.26 | Mem:269.47M, Peak:269.47M | Scene, ViewLayer | Updating Geometry BVH Distant garden arcade voussoir.006 464/550 | Building mesh BLAS |     188 tris | Distant garden arcade voussoir.005
Fra:1 Mem:375.79M (Peak 476.96M) | Time:00:00.26 | Mem:269.47M, Peak:269.47M | Scene, ViewLayer | Updating Geometry BVH Distant garden arcade voussoir.007 465/550 | Building BVH
Fra:1 Mem:375.79M (Peak 476.96M) | Time:00:00.26 | Mem:269.48M, Peak:269.48M | Scene, ViewLayer | Updating Geometry BVH Distant garden arcade voussoir.007 465/550 | Building mesh BLAS |     188 tris | Distant garden arcade voussoir.007
Fra:1 Mem:375.79M (Peak 476.96M) | Time:00:00.26 | Mem:269.48M, Peak:269.48M | Scene, ViewLayer | Updating Geometry BVH Distant garden arcade voussoir.007 465/550 | Building mesh BLAS |     188 tris | Distant garden arcade voussoir.006
Fra:1 Mem:375.79M (Peak 476.96M) | Time:00:00.26 | Mem:269.49M, Peak:269.49M | Scene, ViewLayer | Updating Geometry BVH Distant garden arcade voussoir.008 466/550 | Building BVH
Fra:1 Mem:375.79M (Peak 476.96M) | Time:00:00.26 | Mem:269.60M, Peak:269.60M | Scene, ViewLayer | Updating Geometry BVH Distant garden arcade voussoir.008 466/550 | Building mesh BLAS |     188 tris | Distant garden arcade voussoir.008
Fra:1 Mem:375.79M (Peak 476.96M) | Time:00:00.26 | Mem:269.60M, Peak:269.60M | Scene, ViewLayer | Updating Geometry BVH Distant garden arcade voussoir.008 466/550 | Building mesh BLAS |  118078 tris | Refracting sea | displaced surface and enclosed volume
Fra:1 Mem:375.79M (Peak 476.96M) | Time:00:00.26 | Mem:269.60M, Peak:269.60M | Scene, ViewLayer | Updating Geometry BVH Distant garden arcade voussoir.009 467/550 | Building BVH
Fra:1 Mem:375.79M (Peak 476.96M) | Time:00:00.26 | Mem:269.60M, Peak:269.60M | Scene, ViewLayer | Updating Geometry BVH Distant garden arcade voussoir.009 467/550 | Building mesh BLAS |     188 tris | Distant garden arcade voussoir.009
Fra:1 Mem:375.79M (Peak 476.96M) | Time:00:00.26 | Mem:269.60M, Peak:269.60M | Scene, ViewLayer | Updating Geometry BVH Distant garden arcade voussoir.010 468/550 | Building BVH
Fra:1 Mem:375.79M (Peak 476.96M) | Time:00:00.26 | Mem:269.60M, Peak:269.60M | Scene, ViewLayer | Updating Geometry BVH Distant garden arcade voussoir.010 468/550 | Building mesh BLAS |     188 tris | Distant garden arcade voussoir.010
Fra:1 Mem:375.79M (Peak 476.96M) | Time:00:00.26 | Mem:269.61M, Peak:269.61M | Scene, ViewLayer | Updating Geometry BVH Distant garden arcade voussoir.011 469/550 | Building BVH
Fra:1 Mem:375.79M (Peak 476.96M) | Time:00:00.26 | Mem:269.61M, Peak:269.61M | Scene, ViewLayer | Updating Geometry BVH Distant garden arcade voussoir.011 469/550 | Building mesh BLAS |     188 tris | Distant garden arcade voussoir.011
Fra:1 Mem:375.79M (Peak 476.96M) | Time:00:00.26 | Mem:269.61M, Peak:269.61M | Scene, ViewLayer | Updating Geometry BVH Distant garden arcade voussoir.012 470/550 | Building BVH
Fra:1 Mem:375.79M (Peak 476.96M) | Time:00:00.26 | Mem:269.61M, Peak:269.61M | Scene, ViewLayer | Updating Geometry BVH Distant garden arcade voussoir.012 470/550 | Building mesh BLAS |     188 tris | Distant garden arcade voussoir.012
Fra:1 Mem:375.79M (Peak 476.96M) | Time:00:00.26 | Mem:269.61M, Peak:269.61M | Scene, ViewLayer | Updating Geometry BVH Distant garden arcade voussoir.013 471/550 | Building BVH
Fra:1 Mem:375.79M (Peak 476.96M) | Time:00:00.26 | Mem:269.61M, Peak:269.61M | Scene, ViewLayer | Updating Geometry BVH Distant garden arcade voussoir.013 471/550 | Building mesh BLAS |     188 tris | Distant garden arcade voussoir.013
Fra:1 Mem:375.79M (Peak 476.96M) | Time:00:00.26 | Mem:269.63M, Peak:269.63M | Scene, ViewLayer | Updating Geometry BVH Distant garden arcade voussoir.014 472/550 | Building BVH
Fra:1 Mem:375.79M (Peak 476.96M) | Time:00:00.26 | Mem:269.63M, Peak:269.63M | Scene, ViewLayer | Updating Geometry BVH Distant garden arcade voussoir.014 472/550 | Building mesh BLAS |     188 tris | Distant garden arcade voussoir.014
Fra:1 Mem:375.79M (Peak 476.96M) | Time:00:00.26 | Mem:269.64M, Peak:269.64M | Scene, ViewLayer | Updating Geometry BVH Distant garden arcade voussoir.062 523/550 | Building BVH
Fra:1 Mem:375.79M (Peak 476.96M) | Time:00:00.26 | Mem:269.64M, Peak:269.64M | Scene, ViewLayer | Updating Geometry BVH Distant garden arcade voussoir.062 523/550 | Building mesh BLAS |     188 tris | Distant garden arcade voussoir.062
Fra:1 Mem:375.79M (Peak 476.96M) | Time:00:00.26 | Mem:269.64M, Peak:269.64M | Scene, ViewLayer | Updating Geometry BVH Distant garden arcade voussoir.015 473/550 | Building BVH
Fra:1 Mem:375.79M (Peak 476.96M) | Time:00:00.26 | Mem:269.64M, Peak:269.64M | Scene, ViewLayer | Updating Geometry BVH Distant garden arcade voussoir.016 474/550 | Building BVH
Fra:1 Mem:375.79M (Peak 476.96M) | Time:00:00.26 | Mem:269.64M, Peak:269.64M | Scene, ViewLayer | Updating Geometry BVH Distant garden arcade voussoir.016 474/550 | Building mesh BLAS |     188 tris | Distant garden arcade voussoir.015
Fra:1 Mem:375.79M (Peak 476.96M) | Time:00:00.26 | Mem:269.64M, Peak:269.64M | Scene, ViewLayer | Updating Geometry BVH Distant garden arcade voussoir.016 474/550 | Building mesh BLAS |     188 tris | Distant garden arcade voussoir.016
Fra:1 Mem:375.79M (Peak 476.96M) | Time:00:00.26 | Mem:269.65M, Peak:269.65M | Scene, ViewLayer | Updating Geometry BVH Distant garden arcade arch.001 475/550 | Building BVH
Fra:1 Mem:375.79M (Peak 476.96M) | Time:00:00.26 | Mem:269.65M, Peak:269.65M | Scene, ViewLayer | Updating Geometry BVH Distant garden arcade arch.001 475/550 | Building mesh BLAS |    1692 tris | Distant garden arcade arch.001
Fra:1 Mem:375.79M (Peak 476.96M) | Time:00:00.26 | Mem:269.68M, Peak:269.68M | Scene, ViewLayer | Updating Geometry BVH Distant garden arcade voussoir.017 476/550 | Building BVH
Fra:1 Mem:375.79M (Peak 476.96M) | Time:00:00.26 | Mem:269.69M, Peak:269.69M | Scene, ViewLayer | Updating Geometry BVH Distant garden arcade voussoir.017 476/550 | Building mesh BLAS |     188 tris | Distant garden arcade voussoir.017
Fra:1 Mem:375.79M (Peak 476.96M) | Time:00:00.26 | Mem:269.71M, Peak:269.71M | Scene, ViewLayer | Updating Geometry BVH Distant garden arcade voussoir.018 477/550 | Building BVH
Fra:1 Mem:375.79M (Peak 476.96M) | Time:00:00.26 | Mem:269.72M, Peak:269.72M | Scene, ViewLayer | Updating Geometry BVH Distant garden arcade voussoir.019 478/550 | Building BVH
Fra:1 Mem:375.79M (Peak 476.96M) | Time:00:00.26 | Mem:269.73M, Peak:269.73M | Scene, ViewLayer | Updating Geometry BVH Distant garden arcade voussoir.020 479/550 | Building BVH
Fra:1 Mem:375.79M (Peak 476.96M) | Time:00:00.26 | Mem:269.73M, Peak:269.73M | Scene, ViewLayer | Updating Geometry BVH Distant garden arcade voussoir.021 480/550 | Building BVH
Fra:1 Mem:375.79M (Peak 476.96M) | Time:00:00.26 | Mem:269.73M, Peak:269.73M | Scene, ViewLayer | Updating Geometry BVH Distant garden arcade voussoir.021 480/550 | Building mesh BLAS |     188 tris | Distant garden arcade voussoir.020
Fra:1 Mem:375.79M (Peak 476.96M) | Time:00:00.26 | Mem:269.74M, Peak:269.74M | Scene, ViewLayer | Updating Geometry BVH Distant garden arcade voussoir.021 480/550 | Building mesh BLAS |     188 tris | Distant garden arcade voussoir.021
Fra:1 Mem:375.79M (Peak 476.96M) | Time:00:00.26 | Mem:269.74M, Peak:269.74M | Scene, ViewLayer | Updating Geometry BVH Distant garden arcade voussoir.022 481/550 | Building BVH
Fra:1 Mem:375.79M (Peak 476.96M) | Time:00:00.26 | Mem:269.74M, Peak:269.74M | Scene, ViewLayer | Updating Geometry BVH Distant garden arcade voussoir.022 481/550 | Building mesh BLAS |     188 tris | Distant garden arcade voussoir.022
Fra:1 Mem:375.79M (Peak 476.96M) | Time:00:00.26 | Mem:269.75M, Peak:269.75M | Scene, ViewLayer | Updating Geometry BVH Distant garden arcade voussoir.023 482/550 | Building BVH
Fra:1 Mem:375.79M (Peak 476.96M) | Time:00:00.26 | Mem:269.75M, Peak:269.75M | Scene, ViewLayer | Updating Geometry BVH Distant garden arcade voussoir.024 483/550 | Building BVH
Fra:1 Mem:375.79M (Peak 476.96M) | Time:00:00.26 | Mem:269.75M, Peak:269.75M | Scene, ViewLayer | Updating Geometry BVH Distant garden arcade voussoir.024 483/550 | Building mesh BLAS |     188 tris | Distant garden arcade voussoir.024
Fra:1 Mem:375.79M (Peak 476.96M) | Time:00:00.26 | Mem:269.76M, Peak:269.76M | Scene, ViewLayer | Updating Geometry BVH Distant garden arcade voussoir.025 484/550 | Building BVH
Fra:1 Mem:375.79M (Peak 476.96M) | Time:00:00.26 | Mem:269.77M, Peak:269.77M | Scene, ViewLayer | Updating Geometry BVH Distant garden arcade voussoir.025 484/550 | Building mesh BLAS |     188 tris | Distant garden arcade voussoir.025
Fra:1 Mem:375.79M (Peak 476.96M) | Time:00:00.26 | Mem:269.77M, Peak:269.77M | Scene, ViewLayer | Updating Geometry BVH Distant garden arcade voussoir.026 485/550 | Building BVH
Fra:1 Mem:375.79M (Peak 476.96M) | Time:00:00.26 | Mem:269.77M, Peak:269.77M | Scene, ViewLayer | Updating Geometry BVH Distant garden arcade voussoir.027 486/550 | Building BVH
Fra:1 Mem:375.79M (Peak 476.96M) | Time:00:00.26 | Mem:269.77M, Peak:269.77M | Scene, ViewLayer | Updating Geometry BVH Distant garden arcade voussoir.027 486/550 | Building mesh BLAS |     188 tris | Distant garden arcade voussoir.026
Fra:1 Mem:375.79M (Peak 476.96M) | Time:00:00.26 | Mem:269.77M, Peak:269.77M | Scene, ViewLayer | Updating Geometry BVH Distant garden arcade voussoir.027 486/550 | Building mesh BLAS |     188 tris | Distant garden arcade voussoir.027
Fra:1 Mem:375.79M (Peak 476.96M) | Time:00:00.26 | Mem:269.77M, Peak:269.77M | Scene, ViewLayer | Updating Geometry BVH Distant garden arcade voussoir.028 487/550 | Building BVH
Fra:1 Mem:375.79M (Peak 476.96M) | Time:00:00.26 | Mem:269.79M, Peak:269.79M | Scene, ViewLayer | Updating Geometry BVH Distant garden arcade voussoir.028 487/550 | Building mesh BLAS |     188 tris | Distant garden arcade voussoir.028
Fra:1 Mem:375.79M (Peak 476.96M) | Time:00:00.26 | Mem:269.80M, Peak:269.80M | Scene, ViewLayer | Updating Geometry BVH Distant garden arcade voussoir.029 488/550 | Building BVH
Fra:1 Mem:375.79M (Peak 476.96M) | Time:00:00.26 | Mem:269.80M, Peak:269.80M | Scene, ViewLayer | Updating Geometry BVH Distant garden arcade voussoir.030 489/550 | Building BVH
Fra:1 Mem:375.79M (Peak 476.96M) | Time:00:00.26 | Mem:269.80M, Peak:269.80M | Scene, ViewLayer | Updating Geometry BVH Distant garden arcade voussoir.030 489/550 | Building mesh BLAS |     188 tris | Distant garden arcade voussoir.029
Fra:1 Mem:375.79M (Peak 476.96M) | Time:00:00.26 | Mem:269.80M, Peak:269.80M | Scene, ViewLayer | Updating Geometry BVH Distant garden arcade voussoir.030 489/550 | Building mesh BLAS |     188 tris | Distant garden arcade voussoir.030
Fra:1 Mem:375.79M (Peak 476.96M) | Time:00:00.26 | Mem:269.80M, Peak:269.80M | Scene, ViewLayer | Updating Geometry BVH Distant garden arcade voussoir.061 522/550 | Building BVH
Fra:1 Mem:375.79M (Peak 476.96M) | Time:00:00.26 | Mem:269.80M, Peak:269.80M | Scene, ViewLayer | Updating Geometry BVH Distant garden arcade voussoir.061 522/550 | Building mesh BLAS |     188 tris | Distant garden arcade voussoir.061
Fra:1 Mem:375.79M (Peak 476.96M) | Time:00:00.26 | Mem:269.82M, Peak:269.82M | Scene, ViewLayer | Updating Geometry BVH Distant garden arcade voussoir.031 490/550 | Building BVH
Fra:1 Mem:375.79M (Peak 476.96M) | Time:00:00.26 | Mem:269.82M, Peak:269.82M | Scene, ViewLayer | Updating Geometry BVH Distant garden arcade voussoir.032 491/550 | Building BVH
Fra:1 Mem:375.79M (Peak 476.96M) | Time:00:00.26 | Mem:269.82M, Peak:269.82M | Scene, ViewLayer | Updating Geometry BVH Distant garden arcade voussoir.032 491/550 | Building mesh BLAS |     188 tris | Distant garden arcade voussoir.031
Fra:1 Mem:375.79M (Peak 476.96M) | Time:00:00.26 | Mem:269.82M, Peak:269.82M | Scene, ViewLayer | Updating Geometry BVH Distant garden arcade voussoir.032 491/550 | Building mesh BLAS |     188 tris | Distant garden arcade voussoir.032
Fra:1 Mem:375.79M (Peak 476.96M) | Time:00:00.26 | Mem:269.82M, Peak:269.82M | Scene, ViewLayer | Updating Geometry BVH Distant garden arcade voussoir.033 492/550 | Building BVH
Fra:1 Mem:375.79M (Peak 476.96M) | Time:00:00.26 | Mem:269.82M, Peak:269.82M | Scene, ViewLayer | Updating Geometry BVH Distant garden arcade voussoir.033 492/550 | Building mesh BLAS |     188 tris | Distant garden arcade voussoir.033
Fra:1 Mem:375.79M (Peak 476.96M) | Time:00:00.26 | Mem:269.84M, Peak:269.84M | Scene, ViewLayer | Updating Geometry BVH Distant garden arcade arch.002 493/550 | Building BVH
Fra:1 Mem:375.79M (Peak 476.96M) | Time:00:00.26 | Mem:269.84M, Peak:269.84M | Scene, ViewLayer | Updating Geometry BVH Distant garden arcade arch.002 493/550 | Building mesh BLAS |    1692 tris | Distant garden arcade arch.002
Fra:1 Mem:375.79M (Peak 476.96M) | Time:00:00.26 | Mem:269.87M, Peak:269.87M | Scene, ViewLayer | Updating Geometry BVH Distant garden arcade voussoir.034 494/550 | Building BVH
Fra:1 Mem:375.79M (Peak 476.96M) | Time:00:00.26 | Mem:269.87M, Peak:269.87M | Scene, ViewLayer | Updating Geometry BVH Distant garden arcade voussoir.035 495/550 | Building BVH
Fra:1 Mem:375.79M (Peak 476.96M) | Time:00:00.26 | Mem:269.87M, Peak:269.87M | Scene, ViewLayer | Updating Geometry BVH Distant garden arcade voussoir.035 495/550 | Building mesh BLAS |     188 tris | Distant garden arcade voussoir.035
Fra:1 Mem:375.79M (Peak 476.96M) | Time:00:00.26 | Mem:269.87M, Peak:269.87M | Scene, ViewLayer | Updating Geometry BVH Distant garden arcade voussoir.037 497/550 | Building BVH
Fra:1 Mem:375.79M (Peak 476.96M) | Time:00:00.26 | Mem:269.87M, Peak:269.87M | Scene, ViewLayer | Updating Geometry BVH Distant garden arcade voussoir.038 498/550 | Building BVH
Fra:1 Mem:375.79M (Peak 476.96M) | Time:00:00.26 | Mem:269.87M, Peak:269.87M | Scene, ViewLayer | Updating Geometry BVH Distant garden arcade voussoir.038 498/550 | Building mesh BLAS |     188 tris | Distant garden arcade voussoir.038
Fra:1 Mem:375.79M (Peak 476.96M) | Time:00:00.26 | Mem:269.87M, Peak:269.87M | Scene, ViewLayer | Updating Geometry BVH Distant garden arcade voussoir.038 498/550 | Building mesh BLAS |     188 tris | Distant garden arcade voussoir.037
Fra:1 Mem:375.79M (Peak 476.96M) | Time:00:00.26 | Mem:269.87M, Peak:269.87M | Scene, ViewLayer | Updating Geometry BVH Distant garden arcade voussoir.038 498/550 | Building mesh BLAS |     188 tris | Distant garden arcade voussoir.036
Fra:1 Mem:375.79M (Peak 476.96M) | Time:00:00.26 | Mem:269.88M, Peak:269.88M | Scene, ViewLayer | Updating Geometry BVH Distant garden arcade voussoir.039 499/550 | Building BVH
Fra:1 Mem:375.79M (Peak 476.96M) | Time:00:00.26 | Mem:269.88M, Peak:269.88M | Scene, ViewLayer | Updating Geometry BVH Distant garden arcade voussoir.039 499/550 | Building mesh BLAS |     188 tris | Distant garden arcade voussoir.039
Fra:1 Mem:375.79M (Peak 476.96M) | Time:00:00.26 | Mem:269.88M, Peak:269.88M | Scene, ViewLayer | Updating Geometry BVH Distant garden arcade voussoir.040 500/550 | Building BVH
Fra:1 Mem:375.79M (Peak 476.96M) | Time:00:00.26 | Mem:269.89M, Peak:269.89M | Scene, ViewLayer | Updating Geometry BVH Distant garden arcade voussoir.040 500/550 | Building mesh BLAS |     188 tris | Distant garden arcade voussoir.040
Fra:1 Mem:375.79M (Peak 476.96M) | Time:00:00.26 | Mem:269.89M, Peak:269.89M | Scene, ViewLayer | Updating Geometry BVH Distant garden arcade voussoir.041 501/550 | Building BVH
Fra:1 Mem:375.79M (Peak 476.96M) | Time:00:00.26 | Mem:269.89M, Peak:269.89M | Scene, ViewLayer | Updating Geometry BVH Distant garden arcade voussoir.041 501/550 | Building mesh BLAS |     188 tris | Distant garden arcade voussoir.041
Fra:1 Mem:375.79M (Peak 476.96M) | Time:00:00.26 | Mem:269.89M, Peak:269.89M | Scene, ViewLayer | Updating Geometry BVH Distant garden arcade voussoir.042 502/550 | Building BVH
Fra:1 Mem:375.79M (Peak 476.96M) | Time:00:00.26 | Mem:269.89M, Peak:269.89M | Scene, ViewLayer | Updating Geometry BVH Distant garden arcade voussoir.042 502/550 | Building mesh BLAS |     188 tris | Distant garden arcade voussoir.042
Fra:1 Mem:375.79M (Peak 476.96M) | Time:00:00.26 | Mem:269.89M, Peak:269.89M | Scene, ViewLayer | Updating Geometry BVH Distant garden arcade voussoir.043 503/550 | Building BVH
Fra:1 Mem:375.79M (Peak 476.96M) | Time:00:00.26 | Mem:269.89M, Peak:269.89M | Scene, ViewLayer | Updating Geometry BVH Distant garden arcade voussoir.043 503/550 | Building mesh BLAS |     188 tris | Distant garden arcade voussoir.043
Fra:1 Mem:375.79M (Peak 476.96M) | Time:00:00.26 | Mem:269.90M, Peak:269.90M | Scene, ViewLayer | Updating Geometry BVH Distant garden arcade voussoir.044 504/550 | Building BVH
Fra:1 Mem:375.79M (Peak 476.96M) | Time:00:00.26 | Mem:269.90M, Peak:269.90M | Scene, ViewLayer | Updating Geometry BVH Distant garden arcade voussoir.044 504/550 | Building mesh BLAS |     188 tris | Distant garden arcade voussoir.044
Fra:1 Mem:375.79M (Peak 476.96M) | Time:00:00.26 | Mem:269.90M, Peak:269.90M | Scene, ViewLayer | Updating Geometry BVH Distant garden arcade voussoir.045 505/550 | Building BVH
Fra:1 Mem:375.79M (Peak 476.96M) | Time:00:00.26 | Mem:269.90M, Peak:269.90M | Scene, ViewLayer | Updating Geometry BVH Distant garden arcade voussoir.046 506/550 | Building BVH
Fra:1 Mem:375.79M (Peak 476.96M) | Time:00:00.26 | Mem:269.90M, Peak:269.90M | Scene, ViewLayer | Updating Geometry BVH Distant garden arcade voussoir.046 506/550 | Building mesh BLAS |     188 tris | Distant garden arcade voussoir.045
Fra:1 Mem:375.79M (Peak 476.96M) | Time:00:00.26 | Mem:269.90M, Peak:269.90M | Scene, ViewLayer | Updating Geometry BVH Distant garden arcade voussoir.046 506/550 | Building mesh BLAS |     188 tris | Distant garden arcade voussoir.046
Fra:1 Mem:375.79M (Peak 476.96M) | Time:00:00.26 | Mem:269.90M, Peak:269.90M | Scene, ViewLayer | Updating Geometry BVH Distant garden arcade voussoir.046 506/550 | Building mesh BLAS |     188 tris | Distant garden arcade voussoir.060
Fra:1 Mem:375.79M (Peak 476.96M) | Time:00:00.26 | Mem:269.92M, Peak:269.92M | Scene, ViewLayer | Updating Geometry BVH Distant garden arcade voussoir.047 507/550 | Building BVH
Fra:1 Mem:375.79M (Peak 476.96M) | Time:00:00.26 | Mem:269.92M, Peak:269.92M | Scene, ViewLayer | Updating Geometry BVH Distant garden arcade voussoir.047 507/550 | Building mesh BLAS |     188 tris | Distant garden arcade voussoir.047
Fra:1 Mem:375.79M (Peak 476.96M) | Time:00:00.26 | Mem:269.92M, Peak:269.92M | Scene, ViewLayer | Updating Geometry BVH Distant garden arcade voussoir.048 508/550 | Building BVH
Fra:1 Mem:375.79M (Peak 476.96M) | Time:00:00.26 | Mem:269.92M, Peak:269.92M | Scene, ViewLayer | Updating Geometry BVH Distant garden arcade voussoir.048 508/550 | Building mesh BLAS |     188 tris | Distant garden arcade voussoir.048
Fra:1 Mem:375.79M (Peak 476.96M) | Time:00:00.26 | Mem:269.92M, Peak:269.92M | Scene, ViewLayer | Updating Geometry BVH Distant garden arcade voussoir.049 509/550 | Building BVH
Fra:1 Mem:375.79M (Peak 476.96M) | Time:00:00.26 | Mem:269.92M, Peak:269.92M | Scene, ViewLayer | Updating Geometry BVH Distant garden arcade voussoir.049 509/550 | Building mesh BLAS |     188 tris | Distant garden arcade voussoir.049
Fra:1 Mem:375.79M (Peak 476.96M) | Time:00:00.26 | Mem:269.92M, Peak:269.92M | Scene, ViewLayer | Updating Geometry BVH Distant garden arcade voussoir.050 510/550 | Building BVH
Fra:1 Mem:375.79M (Peak 476.96M) | Time:00:00.26 | Mem:269.92M, Peak:269.92M | Scene, ViewLayer | Updating Geometry BVH Distant garden arcade voussoir.050 510/550 | Building mesh BLAS |     188 tris | Distant garden arcade voussoir.050
Fra:1 Mem:375.79M (Peak 476.96M) | Time:00:00.26 | Mem:269.93M, Peak:269.93M | Scene, ViewLayer | Updating Geometry BVH Distant garden arcade arch.003 511/550 | Building BVH
Fra:1 Mem:375.79M (Peak 476.96M) | Time:00:00.26 | Mem:269.93M, Peak:269.93M | Scene, ViewLayer | Updating Geometry BVH Distant garden arcade voussoir.051 512/550 | Building BVH
Fra:1 Mem:375.79M (Peak 476.96M) | Time:00:00.26 | Mem:269.95M, Peak:269.95M | Scene, ViewLayer | Updating Geometry BVH Distant garden arcade voussoir.053 514/550 | Building BVH
Fra:1 Mem:375.79M (Peak 476.96M) | Time:00:00.26 | Mem:269.95M, Peak:269.95M | Scene, ViewLayer | Updating Geometry BVH Distant garden arcade voussoir.053 514/550 | Building mesh BLAS |    1692 tris | Distant garden arcade arch.003
Fra:1 Mem:375.79M (Peak 476.96M) | Time:00:00.26 | Mem:269.95M, Peak:269.95M | Scene, ViewLayer | Updating Geometry BVH Distant garden arcade voussoir.053 514/550 | Building mesh BLAS |     188 tris | Distant garden arcade voussoir.053
Fra:1 Mem:375.79M (Peak 476.96M) | Time:00:00.26 | Mem:269.95M, Peak:269.95M | Scene, ViewLayer | Updating Geometry BVH Distant garden arcade voussoir.054 515/550 | Building BVH
Fra:1 Mem:375.79M (Peak 476.96M) | Time:00:00.26 | Mem:269.95M, Peak:269.95M | Scene, ViewLayer | Updating Geometry BVH Distant garden arcade voussoir.055 516/550 | Building BVH
Fra:1 Mem:375.79M (Peak 476.96M) | Time:00:00.26 | Mem:269.95M, Peak:269.95M | Scene, ViewLayer | Updating Geometry BVH Distant garden arcade voussoir.056 517/550 | Building BVH
Fra:1 Mem:375.79M (Peak 476.96M) | Time:00:00.26 | Mem:269.95M, Peak:269.95M | Scene, ViewLayer | Updating Geometry BVH Distant garden arcade voussoir.056 517/550 | Building mesh BLAS |     188 tris | Distant garden arcade voussoir.054
Fra:1 Mem:375.79M (Peak 476.96M) | Time:00:00.26 | Mem:269.95M, Peak:269.95M | Scene, ViewLayer | Updating Geometry BVH Distant garden arcade voussoir.056 517/550 | Building mesh BLAS |     188 tris | Distant garden arcade voussoir.055
Fra:1 Mem:375.79M (Peak 476.96M) | Time:00:00.26 | Mem:269.97M, Peak:269.97M | Scene, ViewLayer | Updating Geometry BVH Distant garden arcade voussoir.057 518/550 | Building BVH
Fra:1 Mem:375.79M (Peak 476.96M) | Time:00:00.26 | Mem:269.97M, Peak:269.97M | Scene, ViewLayer | Updating Geometry BVH Distant garden arcade voussoir.057 518/550 | Building mesh BLAS |     188 tris | Distant garden arcade voussoir.057
Fra:1 Mem:375.79M (Peak 476.96M) | Time:00:00.26 | Mem:269.97M, Peak:269.97M | Scene, ViewLayer | Updating Geometry BVH Distant garden arcade voussoir.058 519/550 | Building BVH
Fra:1 Mem:375.79M (Peak 476.96M) | Time:00:00.26 | Mem:269.97M, Peak:269.97M | Scene, ViewLayer | Updating Geometry BVH Distant garden arcade voussoir.058 519/550 | Building mesh BLAS |     188 tris | Distant garden arcade voussoir.058
Fra:1 Mem:375.79M (Peak 476.96M) | Time:00:00.26 | Mem:269.97M, Peak:269.97M | Scene, ViewLayer | Updating Geometry BVH Distant garden arcade voussoir.059 520/550 | Building BVH
Fra:1 Mem:375.79M (Peak 476.96M) | Time:00:00.26 | Mem:269.97M, Peak:269.97M | Scene, ViewLayer | Updating Geometry BVH Distant garden arcade voussoir.059 520/550 | Building mesh BLAS |     188 tris | Distant garden arcade voussoir.059
Fra:1 Mem:375.79M (Peak 476.96M) | Time:00:00.26 | Mem:270.15M, Peak:270.15M | Scene, ViewLayer | Updating Scene BVH | Building
Fra:1 Mem:375.80M (Peak 476.96M) | Time:00:00.28 | Mem:276.68M, Peak:276.68M | Scene, ViewLayer | Updating Scene BVH | Building TLAS      |     570 instances
Fra:1 Mem:375.81M (Peak 476.96M) | Time:00:00.28 | Mem:276.81M, Peak:276.81M | Scene, ViewLayer | Updating Scene BVH | Copying BVH to device
Fra:1 Mem:375.81M (Peak 476.96M) | Time:00:00.28 | Mem:276.81M, Peak:276.81M | Scene, ViewLayer | Updating Mesh | Computing normals
Fra:1 Mem:391.07M (Peak 476.96M) | Time:00:00.28 | Mem:276.81M, Peak:276.81M | Scene, ViewLayer | Updating Mesh | Copying Mesh to device
Fra:1 Mem:375.81M (Peak 476.96M) | Time:00:00.28 | Mem:292.11M, Peak:292.11M | Scene, ViewLayer | Updating Objects Flags
Fra:1 Mem:375.81M (Peak 476.96M) | Time:00:00.28 | Mem:292.11M, Peak:292.11M | Scene, ViewLayer | Updating Primitive Offsets
Fra:1 Mem:375.81M (Peak 476.96M) | Time:00:00.28 | Mem:292.11M, Peak:292.11M | Scene, ViewLayer | Updating Images
Fra:1 Mem:375.81M (Peak 476.96M) | Time:00:00.28 | Mem:292.11M, Peak:292.11M | Scene, ViewLayer | Updating Images | Loading sky_nishita
Fra:1 Mem:376.81M (Peak 476.96M) | Time:00:00.29 | Mem:293.11M, Peak:293.11M | Scene, ViewLayer | Updating Camera Volume
Fra:1 Mem:376.81M (Peak 476.96M) | Time:00:00.29 | Mem:293.11M, Peak:293.11M | Scene, ViewLayer | Updating Lookup Tables
Fra:1 Mem:376.73M (Peak 476.96M) | Time:00:00.29 | Mem:293.21M, Peak:293.21M | Scene, ViewLayer | Updating Lights
Fra:1 Mem:376.73M (Peak 476.96M) | Time:00:00.29 | Mem:293.21M, Peak:293.21M | Scene, ViewLayer | Updating Lights | Importance map
Fra:1 Mem:376.71M (Peak 476.96M) | Time:00:00.31 | Mem:294.24M, Peak:296.72M | Scene, ViewLayer | Updating Lights | Computing tree
Fra:1 Mem:376.71M (Peak 476.96M) | Time:00:00.31 | Mem:294.25M, Peak:296.72M | Scene, ViewLayer | Updating Integrator
Fra:1 Mem:376.71M (Peak 476.96M) | Time:00:00.31 | Mem:294.25M, Peak:296.72M | Scene, ViewLayer | Updating Film
Fra:1 Mem:376.80M (Peak 476.96M) | Time:00:00.31 | Mem:294.15M, Peak:296.72M | Scene, ViewLayer | Updating Lookup Tables
Fra:1 Mem:376.71M (Peak 476.96M) | Time:00:00.31 | Mem:294.25M, Peak:296.72M | Scene, ViewLayer | Updating Baking
Fra:1 Mem:376.71M (Peak 476.96M) | Time:00:00.31 | Mem:294.25M, Peak:296.72M | Scene, ViewLayer | Updating Device | Writing constant memory
Fra:1 Mem:376.72M (Peak 476.96M) | Time:00:00.33 | Mem:294.25M, Peak:296.72M | Scene, ViewLayer | Loading denoising kernels (may take a few minutes the first time)
Fra:1 Mem:376.73M (Peak 476.96M) | Time:00:00.33 | Mem:3494.25M, Peak:3494.25M | Scene, ViewLayer | Rendered 0/4 Tiles, Sample 0/512 (Using optimized kernels)
Fra:1 Mem:376.73M (Peak 681.92M) | Time:00:00.73 | Remaining:05:25.38 | Mem:3799.47M, Peak:3799.47M | Scene, ViewLayer | Rendered 0/4 Tiles, Sample 1/512 (4 kernels to optimize)
Fra:1 Mem:376.73M (Peak 681.92M) | Time:00:11.77 | Remaining:02:12.96 | Mem:3799.48M, Peak:3799.48M | Scene, ViewLayer | Rendered 0/4 Tiles, Sample 65/512 (1 kernels to optimize)
Fra:1 Mem:376.73M (Peak 681.92M) | Time:00:13.75 | Remaining:02:04.20 | Mem:3799.48M, Peak:3799.48M | Scene, ViewLayer | Rendered 0/4 Tiles, Sample 80/512 (1 kernels to optimize)
Fra:1 Mem:376.73M (Peak 681.92M) | Time:00:15.99 | Remaining:01:58.12 | Mem:3799.48M, Peak:3799.48M | Scene, ViewLayer | Rendered 0/4 Tiles, Sample 96/512 (1 kernels to optimize)
Fra:1 Mem:376.73M (Peak 681.92M) | Time:00:18.23 | Remaining:01:53.21 | Mem:3799.48M, Peak:3799.48M | Scene, ViewLayer | Rendered 0/4 Tiles, Sample 112/512 (1 kernels to optimize)
Fra:1 Mem:376.73M (Peak 681.92M) | Time:00:20.41 | Remaining:01:48.57 | Mem:3799.48M, Peak:3799.48M | Scene, ViewLayer | Rendered 0/4 Tiles, Sample 128/512 (Using optimized kernels)
Fra:1 Mem:376.73M (Peak 681.92M) | Time:00:22.44 | Remaining:01:43.84 | Mem:3799.48M, Peak:3799.48M | Scene, ViewLayer | Rendered 0/4 Tiles, Sample 144/512 (Using optimized kernels)
Fra:1 Mem:376.73M (Peak 681.92M) | Time:00:24.46 | Remaining:01:39.57 | Mem:3799.48M, Peak:3799.48M | Scene, ViewLayer | Rendered 0/4 Tiles, Sample 160/512 (Using optimized kernels)
Fra:1 Mem:376.73M (Peak 681.92M) | Time:00:26.63 | Remaining:01:36.25 | Mem:3799.48M, Peak:3799.48M | Scene, ViewLayer | Rendered 0/4 Tiles, Sample 176/512 (Using optimized kernels)
Fra:1 Mem:376.73M (Peak 681.92M) | Time:00:28.74 | Remaining:01:32.96 | Mem:3799.48M, Peak:3799.48M | Scene, ViewLayer | Rendered 0/4 Tiles, Sample 192/512 (Using optimized kernels)
Fra:1 Mem:376.73M (Peak 681.92M) | Time:00:30.85 | Remaining:01:29.84 | Mem:3799.48M, Peak:3799.48M | Scene, ViewLayer | Rendered 0/4 Tiles, Sample 208/512 (Using optimized kernels)
Fra:1 Mem:376.73M (Peak 681.92M) | Time:00:33.06 | Remaining:01:27.12 | Mem:3799.48M, Peak:3799.48M | Scene, ViewLayer | Rendered 0/4 Tiles, Sample 224/512 (Using optimized kernels)
Fra:1 Mem:376.73M (Peak 681.92M) | Time:00:35.20 | Remaining:01:24.31 | Mem:3799.48M, Peak:3799.48M | Scene, ViewLayer | Rendered 0/4 Tiles, Sample 240/512 (Using optimized kernels)
Fra:1 Mem:376.73M (Peak 681.92M) | Time:00:36.98 | Remaining:01:20.79 | Mem:3799.48M, Peak:3799.48M | Scene, ViewLayer | Rendered 0/4 Tiles, Sample 256/512 (Using optimized kernels)
Fra:1 Mem:376.73M (Peak 681.92M) | Time:00:39.02 | Remaining:01:17.98 | Mem:3799.48M, Peak:3799.48M | Scene, ViewLayer | Rendered 0/4 Tiles, Sample 272/512 (Using optimized kernels)
Fra:1 Mem:376.73M (Peak 681.92M) | Time:00:41.12 | Remaining:01:15.39 | Mem:3799.48M, Peak:3799.48M | Scene, ViewLayer | Rendered 0/4 Tiles, Sample 288/512 (Using optimized kernels)
Fra:1 Mem:376.73M (Peak 681.92M) | Time:00:42.88 | Remaining:01:12.26 | Mem:3799.48M, Peak:3799.48M | Scene, ViewLayer | Rendered 0/4 Tiles, Sample 304/512 (Using optimized kernels)
Fra:1 Mem:376.73M (Peak 681.92M) | Time:00:44.68 | Remaining:01:09.34 | Mem:3799.48M, Peak:3799.48M | Scene, ViewLayer | Rendered 0/4 Tiles, Sample 320/512 (Using optimized kernels)
Fra:1 Mem:376.73M (Peak 681.92M) | Time:00:46.60 | Remaining:01:06.68 | Mem:3799.48M, Peak:3799.48M | Scene, ViewLayer | Rendered 0/4 Tiles, Sample 336/512 (Using optimized kernels)
Fra:1 Mem:376.73M (Peak 681.92M) | Time:00:48.41 | Remaining:01:03.96 | Mem:3799.48M, Peak:3799.48M | Scene, ViewLayer | Rendered 0/4 Tiles, Sample 352/512 (Using optimized kernels)
Fra:1 Mem:376.73M (Peak 681.92M) | Time:00:50.26 | Remaining:01:01.36 | Mem:3799.48M, Peak:3799.48M | Scene, ViewLayer | Rendered 0/4 Tiles, Sample 368/512 (Using optimized kernels)
Fra:1 Mem:376.73M (Peak 681.92M) | Time:00:51.98 | Remaining:00:58.68 | Mem:3799.48M, Peak:3799.48M | Scene, ViewLayer | Rendered 0/4 Tiles, Sample 384/512 (Using optimized kernels)
Fra:1 Mem:376.73M (Peak 681.92M) | Time:00:53.65 | Remaining:00:56.03 | Mem:3799.48M, Peak:3799.48M | Scene, ViewLayer | Rendered 0/4 Tiles, Sample 400/512 (Using optimized kernels)
Fra:1 Mem:376.73M (Peak 681.92M) | Time:00:55.29 | Remaining:00:53.41 | Mem:3799.48M, Peak:3799.48M | Scene, ViewLayer | Rendered 0/4 Tiles, Sample 416/512 (Using optimized kernels)
Fra:1 Mem:376.73M (Peak 681.92M) | Time:00:57.02 | Remaining:00:50.95 | Mem:3799.48M, Peak:3799.48M | Scene, ViewLayer | Rendered 0/4 Tiles, Sample 432/512 (Using optimized kernels)
Fra:1 Mem:376.73M (Peak 681.92M) | Time:00:58.65 | Remaining:00:48.46 | Mem:3799.48M, Peak:3799.48M | Scene, ViewLayer | Rendered 0/4 Tiles, Sample 448/512 (Using optimized kernels)
Fra:1 Mem:376.73M (Peak 681.92M) | Time:01:00.33 | Remaining:00:46.07 | Mem:3799.48M, Peak:3799.48M | Scene, ViewLayer | Rendered 0/4 Tiles, Sample 464/512 (Using optimized kernels)
Fra:1 Mem:376.73M (Peak 681.92M) | Time:01:02.23 | Remaining:00:43.88 | Mem:3799.48M, Peak:3799.48M | Scene, ViewLayer | Rendered 0/4 Tiles, Sample 480/512 (Using optimized kernels)
Fra:1 Mem:376.73M (Peak 681.92M) | Time:01:03.80 | Remaining:00:41.50 | Mem:3799.48M, Peak:3799.48M | Scene, ViewLayer | Rendered 0/4 Tiles, Sample 496/512 (Using optimized kernels)
Fra:1 Mem:376.73M (Peak 681.92M) | Time:01:05.65 | Remaining:00:39.33 | Mem:3799.48M, Peak:3799.48M | Scene, ViewLayer | Rendered 0/4 Tiles, Sample 512/512 (Using optimized kernels)
Fra:1 Mem:376.73M (Peak 681.92M) | Time:01:05.65 | Remaining:00:39.33 | Mem:3799.48M, Peak:3799.48M | Scene, ViewLayer | Rendered 1/4 Tiles, Sample 512/512 (Using optimized kernels)
Fra:1 Mem:376.73M (Peak 681.92M) | Time:01:05.73 | Remaining:00:39.34 | Mem:3547.23M, Peak:3799.48M | Scene, ViewLayer | Rendered 1/4 Tiles, Sample 1/512 (Using optimized kernels)
Fra:1 Mem:376.73M (Peak 681.92M) | Time:01:06.89 | Remaining:00:37.29 | Mem:3547.24M, Peak:3799.48M | Scene, ViewLayer | Rendered 1/4 Tiles, Sample 80/512 (Using optimized kernels)
Fra:1 Mem:376.73M (Peak 681.92M) | Time:01:07.19 | Remaining:00:36.91 | Mem:3547.24M, Peak:3799.48M | Scene, ViewLayer | Rendered 1/4 Tiles, Sample 96/512 (Using optimized kernels)
Fra:1 Mem:376.73M (Peak 681.92M) | Time:01:07.48 | Remaining:00:36.53 | Mem:3547.24M, Peak:3799.48M | Scene, ViewLayer | Rendered 1/4 Tiles, Sample 112/512 (Using optimized kernels)
Fra:1 Mem:376.73M (Peak 681.92M) | Time:01:07.76 | Remaining:00:36.15 | Mem:3547.24M, Peak:3799.48M | Scene, ViewLayer | Rendered 1/4 Tiles, Sample 128/512 (Using optimized kernels)
Fra:1 Mem:376.73M (Peak 681.92M) | Time:01:08.05 | Remaining:00:35.77 | Mem:3547.24M, Peak:3799.48M | Scene, ViewLayer | Rendered 1/4 Tiles, Sample 144/512 (Using optimized kernels)
Fra:1 Mem:376.73M (Peak 681.92M) | Time:01:08.35 | Remaining:00:35.40 | Mem:3547.24M, Peak:3799.48M | Scene, ViewLayer | Rendered 1/4 Tiles, Sample 160/512 (Using optimized kernels)
Fra:1 Mem:376.73M (Peak 681.92M) | Time:01:08.65 | Remaining:00:35.03 | Mem:3547.24M, Peak:3799.48M | Scene, ViewLayer | Rendered 1/4 Tiles, Sample 176/512 (Using optimized kernels)
Fra:1 Mem:376.73M (Peak 681.92M) | Time:01:08.95 | Remaining:00:34.66 | Mem:3547.24M, Peak:3799.48M | Scene, ViewLayer | Rendered 1/4 Tiles, Sample 192/512 (Using optimized kernels)
Fra:1 Mem:376.73M (Peak 681.92M) | Time:01:09.23 | Remaining:00:34.28 | Mem:3547.24M, Peak:3799.48M | Scene, ViewLayer | Rendered 1/4 Tiles, Sample 208/512 (Using optimized kernels)
Fra:1 Mem:376.73M (Peak 681.92M) | Time:01:09.52 | Remaining:00:33.90 | Mem:3547.24M, Peak:3799.48M | Scene, ViewLayer | Rendered 1/4 Tiles, Sample 224/512 (Using optimized kernels)
Fra:1 Mem:376.73M (Peak 681.92M) | Time:01:09.79 | Remaining:00:33.52 | Mem:3547.24M, Peak:3799.48M | Scene, ViewLayer | Rendered 1/4 Tiles, Sample 240/512 (Using optimized kernels)
Fra:1 Mem:376.73M (Peak 681.92M) | Time:01:10.05 | Remaining:00:33.14 | Mem:3547.24M, Peak:3799.48M | Scene, ViewLayer | Rendered 1/4 Tiles, Sample 256/512 (Using optimized kernels)
Fra:1 Mem:376.73M (Peak 681.92M) | Time:01:10.32 | Remaining:00:32.76 | Mem:3547.24M, Peak:3799.48M | Scene, ViewLayer | Rendered 1/4 Tiles, Sample 272/512 (Using optimized kernels)
Fra:1 Mem:376.73M (Peak 681.92M) | Time:01:10.58 | Remaining:00:32.38 | Mem:3547.24M, Peak:3799.48M | Scene, ViewLayer | Rendered 1/4 Tiles, Sample 288/512 (Using optimized kernels)
Fra:1 Mem:376.73M (Peak 681.92M) | Time:01:10.85 | Remaining:00:32.00 | Mem:3547.24M, Peak:3799.48M | Scene, ViewLayer | Rendered 1/4 Tiles, Sample 304/512 (Using optimized kernels)
Fra:1 Mem:376.73M (Peak 681.92M) | Time:01:11.12 | Remaining:00:31.62 | Mem:3547.24M, Peak:3799.48M | Scene, ViewLayer | Rendered 1/4 Tiles, Sample 320/512 (Using optimized kernels)
Fra:1 Mem:376.73M (Peak 681.92M) | Time:01:11.40 | Remaining:00:31.25 | Mem:3547.24M, Peak:3799.48M | Scene, ViewLayer | Rendered 1/4 Tiles, Sample 336/512 (Using optimized kernels)
Fra:1 Mem:376.73M (Peak 681.92M) | Time:01:11.68 | Remaining:00:30.88 | Mem:3547.24M, Peak:3799.48M | Scene, ViewLayer | Rendered 1/4 Tiles, Sample 352/512 (Using optimized kernels)
Fra:1 Mem:376.73M (Peak 681.92M) | Time:01:11.96 | Remaining:00:30.51 | Mem:3547.24M, Peak:3799.48M | Scene, ViewLayer | Rendered 1/4 Tiles, Sample 368/512 (Using optimized kernels)
Fra:1 Mem:376.73M (Peak 681.92M) | Time:01:12.23 | Remaining:00:30.14 | Mem:3547.24M, Peak:3799.48M | Scene, ViewLayer | Rendered 1/4 Tiles, Sample 384/512 (Using optimized kernels)
Fra:1 Mem:376.73M (Peak 681.92M) | Time:01:12.50 | Remaining:00:29.77 | Mem:3547.24M, Peak:3799.48M | Scene, ViewLayer | Rendered 1/4 Tiles, Sample 400/512 (Using optimized kernels)
Fra:1 Mem:376.73M (Peak 681.92M) | Time:01:12.77 | Remaining:00:29.39 | Mem:3547.24M, Peak:3799.48M | Scene, ViewLayer | Rendered 1/4 Tiles, Sample 416/512 (Using optimized kernels)
Fra:1 Mem:376.73M (Peak 681.92M) | Time:01:13.03 | Remaining:00:29.02 | Mem:3547.24M, Peak:3799.48M | Scene, ViewLayer | Rendered 1/4 Tiles, Sample 432/512 (Using optimized kernels)
Fra:1 Mem:376.73M (Peak 681.92M) | Time:01:13.31 | Remaining:00:28.65 | Mem:3547.24M, Peak:3799.48M | Scene, ViewLayer | Rendered 1/4 Tiles, Sample 448/512 (Using optimized kernels)
Fra:1 Mem:376.73M (Peak 681.92M) | Time:01:13.58 | Remaining:00:28.29 | Mem:3547.24M, Peak:3799.48M | Scene, ViewLayer | Rendered 1/4 Tiles, Sample 464/512 (Using optimized kernels)
Fra:1 Mem:376.73M (Peak 681.92M) | Time:01:13.84 | Remaining:00:27.92 | Mem:3547.24M, Peak:3799.48M | Scene, ViewLayer | Rendered 1/4 Tiles, Sample 480/512 (Using optimized kernels)
Fra:1 Mem:376.73M (Peak 681.92M) | Time:01:14.11 | Remaining:00:27.55 | Mem:3547.24M, Peak:3799.48M | Scene, ViewLayer | Rendered 1/4 Tiles, Sample 496/512 (Using optimized kernels)
Fra:1 Mem:376.73M (Peak 681.92M) | Time:01:14.64 | Remaining:00:27.28 | Mem:3547.24M, Peak:3799.48M | Scene, ViewLayer | Rendered 1/4 Tiles, Sample 512/512 (Using optimized kernels)
Fra:1 Mem:376.73M (Peak 681.92M) | Time:01:14.64 | Remaining:00:27.28 | Mem:3547.24M, Peak:3799.48M | Scene, ViewLayer | Rendered 2/4 Tiles, Sample 512/512 (Using optimized kernels)
Fra:1 Mem:376.73M (Peak 681.92M) | Time:01:14.79 | Remaining:00:27.27 | Mem:3606.74M, Peak:3799.48M | Scene, ViewLayer | Rendered 2/4 Tiles, Sample 1/512 (Using optimized kernels)
Fra:1 Mem:376.73M (Peak 681.92M) | Time:01:19.58 | Remaining:00:24.04 | Mem:3606.74M, Peak:3799.48M | Scene, ViewLayer | Rendered 2/4 Tiles, Sample 80/512 (Using optimized kernels)
Fra:1 Mem:376.73M (Peak 681.92M) | Time:01:20.59 | Remaining:00:23.37 | Mem:3606.74M, Peak:3799.48M | Scene, ViewLayer | Rendered 2/4 Tiles, Sample 96/512 (Using optimized kernels)
Fra:1 Mem:376.73M (Peak 681.92M) | Time:01:21.61 | Remaining:00:22.71 | Mem:3606.74M, Peak:3799.48M | Scene, ViewLayer | Rendered 2/4 Tiles, Sample 112/512 (Using optimized kernels)
Fra:1 Mem:376.73M (Peak 681.92M) | Time:01:22.74 | Remaining:00:22.07 | Mem:3606.74M, Peak:3799.48M | Scene, ViewLayer | Rendered 2/4 Tiles, Sample 128/512 (Using optimized kernels)
Fra:1 Mem:376.73M (Peak 681.92M) | Time:01:24.25 | Remaining:00:21.52 | Mem:3606.74M, Peak:3799.48M | Scene, ViewLayer | Rendered 2/4 Tiles, Sample 144/512 (Using optimized kernels)
Fra:1 Mem:376.73M (Peak 681.92M) | Time:01:25.54 | Remaining:00:20.89 | Mem:3606.74M, Peak:3799.48M | Scene, ViewLayer | Rendered 2/4 Tiles, Sample 160/512 (Using optimized kernels)
Fra:1 Mem:376.73M (Peak 681.92M) | Time:01:26.63 | Remaining:00:20.21 | Mem:3606.74M, Peak:3799.48M | Scene, ViewLayer | Rendered 2/4 Tiles, Sample 176/512 (Using optimized kernels)
Fra:1 Mem:376.73M (Peak 681.92M) | Time:01:27.89 | Remaining:00:19.56 | Mem:3606.74M, Peak:3799.48M | Scene, ViewLayer | Rendered 2/4 Tiles, Sample 192/512 (Using optimized kernels)
Fra:1 Mem:376.73M (Peak 681.92M) | Time:01:29.31 | Remaining:00:18.93 | Mem:3606.74M, Peak:3799.48M | Scene, ViewLayer | Rendered 2/4 Tiles, Sample 208/512 (Using optimized kernels)
Fra:1 Mem:376.73M (Peak 681.92M) | Time:01:31.04 | Remaining:00:18.35 | Mem:3606.74M, Peak:3799.48M | Scene, ViewLayer | Rendered 2/4 Tiles, Sample 224/512 (Using optimized kernels)
Fra:1 Mem:376.73M (Peak 681.92M) | Time:01:32.15 | Remaining:00:17.63 | Mem:3606.74M, Peak:3799.48M | Scene, ViewLayer | Rendered 2/4 Tiles, Sample 240/512 (Using optimized kernels)
Fra:1 Mem:376.73M (Peak 681.92M) | Time:01:33.16 | Remaining:00:16.89 | Mem:3606.74M, Peak:3799.48M | Scene, ViewLayer | Rendered 2/4 Tiles, Sample 256/512 (Using optimized kernels)
Fra:1 Mem:376.73M (Peak 681.92M) | Time:01:34.28 | Remaining:00:16.16 | Mem:3606.74M, Peak:3799.48M | Scene, ViewLayer | Rendered 2/4 Tiles, Sample 272/512 (Using optimized kernels)
Fra:1 Mem:376.73M (Peak 681.92M) | Time:01:35.59 | Remaining:00:15.46 | Mem:3606.74M, Peak:3799.48M | Scene, ViewLayer | Rendered 2/4 Tiles, Sample 288/512 (Using optimized kernels)
Fra:1 Mem:376.73M (Peak 681.92M) | Time:01:36.76 | Remaining:00:14.72 | Mem:3606.74M, Peak:3799.48M | Scene, ViewLayer | Rendered 2/4 Tiles, Sample 304/512 (Using optimized kernels)
Fra:1 Mem:376.73M (Peak 681.92M) | Time:01:38.03 | Remaining:00:14.00 | Mem:3606.74M, Peak:3799.48M | Scene, ViewLayer | Rendered 2/4 Tiles, Sample 320/512 (Using optimized kernels)
Fra:1 Mem:376.73M (Peak 681.92M) | Time:01:39.18 | Remaining:00:13.24 | Mem:3606.74M, Peak:3799.48M | Scene, ViewLayer | Rendered 2/4 Tiles, Sample 336/512 (Using optimized kernels)
Fra:1 Mem:376.73M (Peak 681.92M) | Time:01:40.33 | Remaining:00:12.48 | Mem:3606.74M, Peak:3799.48M | Scene, ViewLayer | Rendered 2/4 Tiles, Sample 352/512 (Using optimized kernels)
Fra:1 Mem:376.73M (Peak 681.92M) | Time:01:41.39 | Remaining:00:11.71 | Mem:3606.74M, Peak:3799.48M | Scene, ViewLayer | Rendered 2/4 Tiles, Sample 368/512 (Using optimized kernels)
Fra:1 Mem:376.73M (Peak 681.92M) | Time:01:42.42 | Remaining:00:10.92 | Mem:3606.74M, Peak:3799.48M | Scene, ViewLayer | Rendered 2/4 Tiles, Sample 384/512 (Using optimized kernels)
Fra:1 Mem:376.73M (Peak 681.92M) | Time:01:43.42 | Remaining:00:10.13 | Mem:3606.74M, Peak:3799.48M | Scene, ViewLayer | Rendered 2/4 Tiles, Sample 400/512 (Using optimized kernels)
Fra:1 Mem:376.73M (Peak 681.92M) | Time:01:44.49 | Remaining:00:09.34 | Mem:3606.74M, Peak:3799.48M | Scene, ViewLayer | Rendered 2/4 Tiles, Sample 416/512 (Using optimized kernels)
Fra:1 Mem:376.73M (Peak 681.92M) | Time:01:45.53 | Remaining:00:08.55 | Mem:3606.74M, Peak:3799.48M | Scene, ViewLayer | Rendered 2/4 Tiles, Sample 432/512 (Using optimized kernels)
Fra:1 Mem:376.73M (Peak 681.92M) | Time:01:46.53 | Remaining:00:07.75 | Mem:3606.74M, Peak:3799.48M | Scene, ViewLayer | Rendered 2/4 Tiles, Sample 448/512 (Using optimized kernels)
Fra:1 Mem:376.73M (Peak 681.92M) | Time:01:47.53 | Remaining:00:06.94 | Mem:3606.74M, Peak:3799.48M | Scene, ViewLayer | Rendered 2/4 Tiles, Sample 464/512 (Using optimized kernels)
Fra:1 Mem:376.73M (Peak 681.92M) | Time:01:48.53 | Remaining:00:06.14 | Mem:3606.74M, Peak:3799.48M | Scene, ViewLayer | Rendered 2/4 Tiles, Sample 480/512 (Using optimized kernels)
Fra:1 Mem:376.73M (Peak 681.92M) | Time:01:49.53 | Remaining:00:05.33 | Mem:3606.74M, Peak:3799.48M | Scene, ViewLayer | Rendered 2/4 Tiles, Sample 496/512 (Using optimized kernels)
Fra:1 Mem:376.73M (Peak 681.92M) | Time:01:50.87 | Remaining:00:04.53 | Mem:3606.74M, Peak:3799.48M | Scene, ViewLayer | Rendered 2/4 Tiles, Sample 512/512 (Using optimized kernels)
Fra:1 Mem:376.73M (Peak 681.92M) | Time:01:50.87 | Remaining:00:04.53 | Mem:3606.74M, Peak:3799.48M | Scene, ViewLayer | Rendered 3/4 Tiles, Sample 512/512 (Using optimized kernels)
Fra:1 Mem:376.73M (Peak 681.92M) | Time:01:50.96 | Remaining:00:04.52 | Mem:3513.80M, Peak:3799.48M | Scene, ViewLayer | Rendered 3/4 Tiles, Sample 1/512 (Using optimized kernels)
Fra:1 Mem:376.73M (Peak 681.92M) | Time:01:52.06 | Remaining:00:03.84 | Mem:3513.80M, Peak:3799.48M | Scene, ViewLayer | Rendered 3/4 Tiles, Sample 80/512 (Using optimized kernels)
Fra:1 Mem:376.73M (Peak 681.92M) | Time:01:52.37 | Remaining:00:03.70 | Mem:3513.80M, Peak:3799.48M | Scene, ViewLayer | Rendered 3/4 Tiles, Sample 96/512 (Using optimized kernels)
Fra:1 Mem:376.73M (Peak 681.92M) | Time:01:52.69 | Remaining:00:03.56 | Mem:3513.80M, Peak:3799.48M | Scene, ViewLayer | Rendered 3/4 Tiles, Sample 112/512 (Using optimized kernels)
Fra:1 Mem:376.73M (Peak 681.92M) | Time:01:52.98 | Remaining:00:03.42 | Mem:3513.80M, Peak:3799.48M | Scene, ViewLayer | Rendered 3/4 Tiles, Sample 128/512 (Using optimized kernels)
Fra:1 Mem:376.73M (Peak 681.92M) | Time:01:53.26 | Remaining:00:03.29 | Mem:3513.80M, Peak:3799.48M | Scene, ViewLayer | Rendered 3/4 Tiles, Sample 144/512 (Using optimized kernels)
Fra:1 Mem:376.73M (Peak 681.92M) | Time:01:53.53 | Remaining:00:03.15 | Mem:3513.80M, Peak:3799.48M | Scene, ViewLayer | Rendered 3/4 Tiles, Sample 160/512 (Using optimized kernels)
Fra:1 Mem:376.73M (Peak 681.92M) | Time:01:53.81 | Remaining:00:03.01 | Mem:3513.80M, Peak:3799.48M | Scene, ViewLayer | Rendered 3/4 Tiles, Sample 176/512 (Using optimized kernels)
Fra:1 Mem:376.73M (Peak 681.92M) | Time:01:54.08 | Remaining:00:02.87 | Mem:3513.80M, Peak:3799.48M | Scene, ViewLayer | Rendered 3/4 Tiles, Sample 192/512 (Using optimized kernels)
Fra:1 Mem:376.73M (Peak 681.92M) | Time:01:54.35 | Remaining:00:02.73 | Mem:3513.80M, Peak:3799.48M | Scene, ViewLayer | Rendered 3/4 Tiles, Sample 208/512 (Using optimized kernels)
Fra:1 Mem:376.73M (Peak 681.92M) | Time:01:54.63 | Remaining:00:02.58 | Mem:3513.80M, Peak:3799.48M | Scene, ViewLayer | Rendered 3/4 Tiles, Sample 224/512 (Using optimized kernels)
Fra:1 Mem:376.73M (Peak 681.92M) | Time:01:54.91 | Remaining:00:02.44 | Mem:3513.80M, Peak:3799.48M | Scene, ViewLayer | Rendered 3/4 Tiles, Sample 240/512 (Using optimized kernels)
Fra:1 Mem:376.73M (Peak 681.92M) | Time:01:55.19 | Remaining:00:02.30 | Mem:3513.80M, Peak:3799.48M | Scene, ViewLayer | Rendered 3/4 Tiles, Sample 256/512 (Using optimized kernels)
Fra:1 Mem:376.73M (Peak 681.92M) | Time:01:55.68 | Remaining:00:02.16 | Mem:3513.80M, Peak:3799.48M | Scene, ViewLayer | Rendered 3/4 Tiles, Sample 272/512 (Using optimized kernels)
Fra:1 Mem:376.73M (Peak 681.92M) | Time:01:55.93 | Remaining:00:02.02 | Mem:3513.80M, Peak:3799.48M | Scene, ViewLayer | Rendered 3/4 Tiles, Sample 288/512 (Using optimized kernels)
Fra:1 Mem:376.73M (Peak 681.92M) | Time:01:56.20 | Remaining:00:01.88 | Mem:3513.80M, Peak:3799.48M | Scene, ViewLayer | Rendered 3/4 Tiles, Sample 304/512 (Using optimized kernels)
Fra:1 Mem:376.73M (Peak 681.92M) | Time:01:56.45 | Remaining:00:01.74 | Mem:3513.80M, Peak:3799.48M | Scene, ViewLayer | Rendered 3/4 Tiles, Sample 320/512 (Using optimized kernels)
Fra:1 Mem:376.73M (Peak 681.92M) | Time:01:56.70 | Remaining:00:01.59 | Mem:3513.80M, Peak:3799.48M | Scene, ViewLayer | Rendered 3/4 Tiles, Sample 336/512 (Using optimized kernels)
Fra:1 Mem:376.73M (Peak 681.92M) | Time:01:56.96 | Remaining:00:01.45 | Mem:3513.80M, Peak:3799.48M | Scene, ViewLayer | Rendered 3/4 Tiles, Sample 352/512 (Using optimized kernels)
Fra:1 Mem:376.73M (Peak 681.92M) | Time:01:57.22 | Remaining:00:01.30 | Mem:3513.80M, Peak:3799.48M | Scene, ViewLayer | Rendered 3/4 Tiles, Sample 368/512 (Using optimized kernels)
Fra:1 Mem:376.73M (Peak 681.92M) | Time:01:57.48 | Remaining:00:01.16 | Mem:3513.80M, Peak:3799.48M | Scene, ViewLayer | Rendered 3/4 Tiles, Sample 384/512 (Using optimized kernels)
Fra:1 Mem:376.73M (Peak 681.92M) | Time:01:57.77 | Remaining:00:01.02 | Mem:3513.80M, Peak:3799.48M | Scene, ViewLayer | Rendered 3/4 Tiles, Sample 400/512 (Using optimized kernels)
Fra:1 Mem:376.73M (Peak 681.92M) | Time:01:58.05 | Remaining:00:00.87 | Mem:3513.80M, Peak:3799.48M | Scene, ViewLayer | Rendered 3/4 Tiles, Sample 416/512 (Using optimized kernels)
Fra:1 Mem:376.73M (Peak 681.92M) | Time:01:58.33 | Remaining:00:00.73 | Mem:3513.80M, Peak:3799.48M | Scene, ViewLayer | Rendered 3/4 Tiles, Sample 432/512 (Using optimized kernels)
Fra:1 Mem:376.73M (Peak 681.92M) | Time:01:58.65 | Remaining:00:00.58 | Mem:3513.80M, Peak:3799.48M | Scene, ViewLayer | Rendered 3/4 Tiles, Sample 448/512 (Using optimized kernels)
Fra:1 Mem:376.73M (Peak 681.92M) | Time:01:58.94 | Remaining:00:00.43 | Mem:3513.80M, Peak:3799.48M | Scene, ViewLayer | Rendered 3/4 Tiles, Sample 464/512 (Using optimized kernels)
Fra:1 Mem:376.73M (Peak 681.92M) | Time:01:59.23 | Remaining:00:00.29 | Mem:3513.80M, Peak:3799.48M | Scene, ViewLayer | Rendered 3/4 Tiles, Sample 480/512 (Using optimized kernels)
Fra:1 Mem:376.73M (Peak 681.92M) | Time:01:59.50 | Remaining:00:00.14 | Mem:3513.80M, Peak:3799.48M | Scene, ViewLayer | Rendered 3/4 Tiles, Sample 496/512 (Using optimized kernels)
Fra:1 Mem:376.73M (Peak 681.92M) | Time:01:59.89 | Mem:3513.80M, Peak:3799.48M | Scene, ViewLayer | Rendered 3/4 Tiles, Sample 512/512 (Using optimized kernels)
Fra:1 Mem:376.73M (Peak 681.92M) | Time:01:59.89 | Mem:3513.80M, Peak:3799.48M | Scene, ViewLayer | Rendered 3/4 Tiles, Sample 0/512 (Using optimized kernels)
Fra:1 Mem:376.73M (Peak 681.92M) | Time:01:59.90 | Mem:3513.80M, Peak:3799.48M | Scene, ViewLayer | Finished
Fra:1 Mem:96.89M (Peak 681.92M) | Time:01:59.91 | Mem:3200.09M, Peak:3799.48M | Scene | Reading full buffer from disk
Fra:1 Mem:583.95M (Peak 681.92M) | Time:02:00.77 | Mem:3200.09M, Peak:3799.48M | Scene | ViewLayer | Denoising
Fra:1 Mem:583.95M (Peak 737.76M) | Time:02:20.50 | Mem:3687.15M, Peak:3799.48M | Scene | ViewLayer | Finishing
Saved: '/Users/xuanji/gits/mv-astra/output/monuments/03-impossible-frame-garden.png'
Time: 02:21.45 (Saving: 00:00.77)

Info: Packed 9 file(s)
Info: Saved as "03-impossible-frame-garden.blend"
FINISHED 03-impossible-frame-garden alignment errors: [0.00016689300537109375]

Blender quit
