11:20:49 | INFO: Data are loaded, start creating Blender stuff
11:20:49 | INFO: Blender create Mesh node realCap_Model_2.006
11:20:49 | INFO: Blender create Mesh node realCap_Model_2.009
11:20:49 | INFO: Blender create Mesh node realCap_Model_2.014
11:20:49 | INFO: Blender create Mesh node realCap_Model_2.002
11:20:49 | INFO: glTF import finished in 0.08s
Info: Applied modifier was not first, result may not be as expected
Info: Applied modifier was not first, result may not be as expected
Info: Applied modifier was not first, result may not be as expected
Info: Applied modifier was not first, result may not be as expected
Info: Applied modifier was not first, result may not be as expected
Info: Applied modifier was not first, result may not be as expected
Info: Applied modifier was not first, result may not be as expected
Info: Applied modifier was not first, result may not be as expected
Info: Applied modifier was not first, result may not be as expected
Info: Applied modifier was not first, result may not be as expected
Info: Applied modifier was not first, result may not be as expected
Info: Applied modifier was not first, result may not be as expected
Info: Applied modifier was not first, result may not be as expected
Info: Applied modifier was not first, result may not be as expected
Info: Applied modifier was not first, result may not be as expected
Info: Applied modifier was not first, result may not be as expected
Info: Applied modifier was not first, result may not be as expected
Info: Applied modifier was not first, result may not be as expected
Info: Applied modifier was not first, result may not be as expected
Info: Applied modifier was not first, result may not be as expected
Info: Applied modifier was not first, result may not be as expected
Info: Applied modifier was not first, result may not be as expected
Info: Applied modifier was not first, result may not be as expected
Info: Applied modifier was not first, result may not be as expected
Info: Applied modifier was not first, result may not be as expected
Info: Applied modifier was not first, result may not be as expected
Info: Applied modifier was not first, result may not be as expected
Info: Applied modifier was not first, result may not be as expected
Info: Applied modifier was not first, result may not be as expected
Info: Applied modifier was not first, result may not be as expected
Info: Applied modifier was not first, result may not be as expected
Info: Applied modifier was not first, result may not be as expected
Info: Applied modifier was not first, result may not be as expected
Info: Applied modifier was not first, result may not be as expected
Info: Applied modifier was not first, result may not be as expected
Info: Applied modifier was not first, result may not be as expected
Info: Applied modifier was not first, result may not be as expected
Info: Applied modifier was not first, result may not be as expected
Info: Applied modifier was not first, result may not be as expected
Info: Applied modifier was not first, result may not be as expected
Info: Applied modifier was not first, result may not be as expected
Info: Applied modifier was not first, result may not be as expected
Info: Applied modifier was not first, result may not be as expected
Info: Applied modifier was not first, result may not be as expected
Info: Applied modifier was not first, result may not be as expected
Info: Applied modifier was not first, result may not be as expected
Info: Applied modifier was not first, result may not be as expected
Info: Applied modifier was not first, result may not be as expected
Info: Applied modifier was not first, result may not be as expected
Info: Applied modifier was not first, result may not be as expected
Info: Applied modifier was not first, result may not be as expected
Info: Applied modifier was not first, result may not be as expected
Info: Applied modifier was not first, result may not be as expected
Info: Applied modifier was not first, result may not be as expected
Info: Applied modifier was not first, result may not be as expected
Info: Applied modifier was not first, result may not be as expected
Info: Applied modifier was not first, result may not be as expected
Info: Applied modifier was not first, result may not be as expected
Info: Applied modifier was not first, result may not be as expected
Info: Applied modifier was not first, result may not be as expected
Info: Applied modifier was not first, result may not be as expected
Info: Applied modifier was not first, result may not be as expected
Info: Applied modifier was not first, result may not be as expected
Info: Applied modifier was not first, result may not be as expected
Info: Applied modifier was not first, result may not be as expected
11:21:17 | INFO: Data are loaded, start creating Blender stuff
11:21:17 | INFO: Blender create Mesh node potted_plant_01_base_low
11:21:17 | INFO: Blender create Mesh node Circle.008
11:21:17 | INFO: Blender create Mesh node Circle.002
11:21:17 | INFO: Blender create Mesh node Plane.070
11:21:17 | INFO: glTF import finished in 0.53s
Blender 4.5.0 (hash 8cb6b388974a built 2025-07-15 01:35:28)
Fra:1 Mem:155.04M (Peak 160.59M) | Time:00:00.23 | Mem:0.02M, Peak:0.02M | Scene, ViewLayer | Synchronizing object | Seabed
Fra:1 Mem:155.04M (Peak 160.59M) | Time:00:00.23 | Mem:0.02M, Peak:0.02M | Scene, ViewLayer | Synchronizing object | Dressed stone tread
Fra:1 Mem:155.04M (Peak 160.59M) | Time:00:00.23 | Mem:0.02M, Peak:0.02M | Scene, ViewLayer | Synchronizing object | Brass step nosing
Fra:1 Mem:157.04M (Peak 160.59M) | Time:00:00.23 | Mem:0.02M, Peak:0.02M | Scene, ViewLayer | Synchronizing object | Dressed stone tread.001
Fra:1 Mem:157.05M (Peak 160.59M) | Time:00:00.23 | Mem:0.02M, Peak:0.02M | Scene, ViewLayer | Synchronizing object | Brass step nosing.001
Fra:1 Mem:157.06M (Peak 160.59M) | Time:00:00.23 | Mem:0.02M, Peak:0.02M | Scene, ViewLayer | Synchronizing object | Dressed stone tread.002
Fra:1 Mem:157.16M (Peak 160.59M) | Time:00:00.23 | Mem:0.02M, Peak:0.02M | Scene, ViewLayer | Synchronizing object | Brass step nosing.002
Fra:1 Mem:157.28M (Peak 160.59M) | Time:00:00.23 | Mem:0.02M, Peak:0.02M | Scene, ViewLayer | Synchronizing object | Dressed stone tread.003
Fra:1 Mem:157.33M (Peak 160.59M) | Time:00:00.23 | Mem:0.02M, Peak:0.02M | Scene, ViewLayer | Synchronizing object | Dressed stone tread.004
Fra:1 Mem:157.35M (Peak 160.59M) | Time:00:00.23 | Mem:0.02M, Peak:0.02M | Scene, ViewLayer | Synchronizing object | Brass step nosing.004
Fra:1 Mem:157.41M (Peak 160.59M) | Time:00:00.23 | Mem:0.02M, Peak:0.02M | Scene, ViewLayer | Synchronizing object | Dressed stone tread.005
Fra:1 Mem:157.40M (Peak 160.59M) | Time:00:00.23 | Mem:0.02M, Peak:0.02M | Scene, ViewLayer | Synchronizing object | Brass step nosing.005
Fra:1 Mem:157.44M (Peak 160.59M) | Time:00:00.23 | Mem:0.02M, Peak:0.02M | Scene, ViewLayer | Synchronizing object | Dressed stone tread.006
Fra:1 Mem:157.48M (Peak 160.59M) | Time:00:00.23 | Mem:0.02M, Peak:0.02M | Scene, ViewLayer | Synchronizing object | Brass step nosing.006
Fra:1 Mem:157.37M (Peak 160.59M) | Time:00:00.23 | Mem:0.02M, Peak:0.02M | Scene, ViewLayer | Synchronizing object | Dressed stone tread.007
Fra:1 Mem:157.37M (Peak 160.59M) | Time:00:00.23 | Mem:0.02M, Peak:0.02M | Scene, ViewLayer | Synchronizing object | Brass step nosing.007
Fra:1 Mem:157.41M (Peak 160.59M) | Time:00:00.23 | Mem:0.02M, Peak:0.02M | Scene, ViewLayer | Synchronizing object | Dressed stone tread.008
Fra:1 Mem:157.44M (Peak 160.59M) | Time:00:00.23 | Mem:0.02M, Peak:0.02M | Scene, ViewLayer | Synchronizing object | Brass step nosing.008
Fra:1 Mem:157.48M (Peak 160.59M) | Time:00:00.23 | Mem:0.02M, Peak:0.02M | Scene, ViewLayer | Synchronizing object | Dressed stone tread.009
Fra:1 Mem:157.46M (Peak 160.59M) | Time:00:00.23 | Mem:0.02M, Peak:0.02M | Scene, ViewLayer | Synchronizing object | Brass step nosing.009
Fra:1 Mem:157.50M (Peak 160.59M) | Time:00:00.23 | Mem:0.02M, Peak:0.02M | Scene, ViewLayer | Synchronizing object | Dressed stone tread.010
Fra:1 Mem:157.52M (Peak 160.59M) | Time:00:00.23 | Mem:0.02M, Peak:0.02M | Scene, ViewLayer | Synchronizing object | Brass step nosing.010
Fra:1 Mem:157.53M (Peak 160.59M) | Time:00:00.23 | Mem:0.02M, Peak:0.02M | Scene, ViewLayer | Synchronizing object | Dressed stone tread.011
Fra:1 Mem:157.57M (Peak 160.59M) | Time:00:00.23 | Mem:0.02M, Peak:0.02M | Scene, ViewLayer | Synchronizing object | Brass step nosing.011
Fra:1 Mem:157.59M (Peak 160.59M) | Time:00:00.23 | Mem:0.02M, Peak:0.02M | Scene, ViewLayer | Synchronizing object | Dressed stone tread.012
Fra:1 Mem:157.62M (Peak 160.59M) | Time:00:00.23 | Mem:0.02M, Peak:0.02M | Scene, ViewLayer | Synchronizing object | Brass step nosing.012
Fra:1 Mem:157.65M (Peak 160.59M) | Time:00:00.23 | Mem:0.02M, Peak:0.02M | Scene, ViewLayer | Synchronizing object | Dressed stone tread.013
Fra:1 Mem:157.67M (Peak 160.59M) | Time:00:00.23 | Mem:0.02M, Peak:0.02M | Scene, ViewLayer | Synchronizing object | Brass step nosing.013
Fra:1 Mem:157.70M (Peak 160.59M) | Time:00:00.24 | Mem:0.02M, Peak:0.02M | Scene, ViewLayer | Synchronizing object | Slim brass handrail
Fra:1 Mem:157.69M (Peak 160.59M) | Time:00:00.24 | Mem:0.02M, Peak:0.02M | Scene, ViewLayer | Synchronizing object | Bronze baluster.002
Fra:1 Mem:157.70M (Peak 160.59M) | Time:00:00.24 | Mem:0.02M, Peak:0.02M | Scene, ViewLayer | Synchronizing object | Bronze baluster.003
Fra:1 Mem:157.71M (Peak 160.59M) | Time:00:00.24 | Mem:0.02M, Peak:0.02M | Scene, ViewLayer | Synchronizing object | Bronze baluster.004
Fra:1 Mem:157.71M (Peak 160.59M) | Time:00:00.24 | Mem:0.02M, Peak:0.02M | Scene, ViewLayer | Synchronizing object | Slim brass handrail.001
Fra:1 Mem:157.72M (Peak 160.59M) | Time:00:00.24 | Mem:0.02M, Peak:0.02M | Scene, ViewLayer | Synchronizing object | Bronze baluster.005
Fra:1 Mem:157.72M (Peak 160.59M) | Time:00:00.24 | Mem:0.02M, Peak:0.02M | Scene, ViewLayer | Synchronizing object | Bronze baluster.006
Fra:1 Mem:157.73M (Peak 160.59M) | Time:00:00.24 | Mem:0.02M, Peak:0.02M | Scene, ViewLayer | Synchronizing object | Bronze baluster.007
Fra:1 Mem:157.73M (Peak 160.59M) | Time:00:00.24 | Mem:0.02M, Peak:0.02M | Scene, ViewLayer | Synchronizing object | Bronze baluster.008
Fra:1 Mem:157.74M (Peak 160.59M) | Time:00:00.24 | Mem:0.02M, Peak:0.02M | Scene, ViewLayer | Synchronizing object | Bronze baluster.009
Fra:1 Mem:157.74M (Peak 160.59M) | Time:00:00.24 | Mem:0.02M, Peak:0.02M | Scene, ViewLayer | Synchronizing object | Brass step nosing.014
Fra:1 Mem:157.74M (Peak 160.59M) | Time:00:00.24 | Mem:0.02M, Peak:0.02M | Scene, ViewLayer | Synchronizing object | Dressed stone tread.016
Fra:1 Mem:157.88M (Peak 160.59M) | Time:00:00.24 | Mem:0.02M, Peak:0.02M | Scene, ViewLayer | Synchronizing object | Brass step nosing.016
Fra:1 Mem:157.91M (Peak 160.59M) | Time:00:00.24 | Mem:0.02M, Peak:0.02M | Scene, ViewLayer | Synchronizing object | Dressed stone tread.017
Fra:1 Mem:157.91M (Peak 160.59M) | Time:00:00.24 | Mem:0.02M, Peak:0.02M | Scene, ViewLayer | Synchronizing object | Brass step nosing.017
Fra:1 Mem:157.96M (Peak 160.59M) | Time:00:00.24 | Mem:0.02M, Peak:0.02M | Scene, ViewLayer | Synchronizing object | Dressed stone tread.018
Fra:1 Mem:157.95M (Peak 160.59M) | Time:00:00.24 | Mem:0.02M, Peak:0.02M | Scene, ViewLayer | Synchronizing object | Brass step nosing.018
Fra:1 Mem:157.96M (Peak 160.59M) | Time:00:00.24 | Mem:0.02M, Peak:0.02M | Scene, ViewLayer | Synchronizing object | Dressed stone tread.019
Fra:1 Mem:157.98M (Peak 160.59M) | Time:00:00.24 | Mem:0.02M, Peak:0.02M | Scene, ViewLayer | Synchronizing object | Brass step nosing.019
Fra:1 Mem:158.01M (Peak 160.59M) | Time:00:00.24 | Mem:0.02M, Peak:0.02M | Scene, ViewLayer | Synchronizing object | Dressed stone tread.020
Fra:1 Mem:158.05M (Peak 160.59M) | Time:00:00.24 | Mem:0.02M, Peak:0.02M | Scene, ViewLayer | Synchronizing object | Brass step nosing.020
Fra:1 Mem:158.04M (Peak 160.59M) | Time:00:00.24 | Mem:0.02M, Peak:0.02M | Scene, ViewLayer | Synchronizing object | Slim brass handrail.002
Fra:1 Mem:158.07M (Peak 160.59M) | Time:00:00.24 | Mem:0.02M, Peak:0.02M | Scene, ViewLayer | Synchronizing object | Bronze baluster.010
Fra:1 Mem:158.07M (Peak 160.59M) | Time:00:00.24 | Mem:0.02M, Peak:0.02M | Scene, ViewLayer | Synchronizing object | Bronze baluster.011
Fra:1 Mem:158.08M (Peak 160.59M) | Time:00:00.24 | Mem:0.02M, Peak:0.02M | Scene, ViewLayer | Synchronizing object | Bronze baluster.012
Fra:1 Mem:158.08M (Peak 160.59M) | Time:00:00.24 | Mem:0.02M, Peak:0.02M | Scene, ViewLayer | Synchronizing object | Slim brass handrail.003
Fra:1 Mem:158.10M (Peak 160.59M) | Time:00:00.24 | Mem:0.02M, Peak:0.02M | Scene, ViewLayer | Synchronizing object | Bronze baluster.013
Fra:1 Mem:158.09M (Peak 160.59M) | Time:00:00.24 | Mem:0.02M, Peak:0.02M | Scene, ViewLayer | Synchronizing object | Bronze baluster.015
Fra:1 Mem:158.10M (Peak 160.59M) | Time:00:00.24 | Mem:0.02M, Peak:0.02M | Scene, ViewLayer | Synchronizing object | Dressed stone tread.021
Fra:1 Mem:158.13M (Peak 160.59M) | Time:00:00.24 | Mem:0.02M, Peak:0.02M | Scene, ViewLayer | Synchronizing object | Brass step nosing.021
Fra:1 Mem:158.13M (Peak 160.59M) | Time:00:00.24 | Mem:0.02M, Peak:0.02M | Scene, ViewLayer | Synchronizing object | Dressed stone tread.022
Fra:1 Mem:158.17M (Peak 160.59M) | Time:00:00.24 | Mem:0.02M, Peak:0.02M | Scene, ViewLayer | Synchronizing object | Dressed stone tread.023
Fra:1 Mem:158.21M (Peak 160.59M) | Time:00:00.24 | Mem:0.02M, Peak:0.02M | Scene, ViewLayer | Synchronizing object | Dressed stone tread.024
Fra:1 Mem:158.22M (Peak 160.59M) | Time:00:00.24 | Mem:0.02M, Peak:0.02M | Scene, ViewLayer | Synchronizing object | Brass step nosing.024
Fra:1 Mem:158.28M (Peak 160.59M) | Time:00:00.24 | Mem:0.02M, Peak:0.02M | Scene, ViewLayer | Synchronizing object | Dressed stone tread.025
Fra:1 Mem:158.31M (Peak 160.59M) | Time:00:00.24 | Mem:0.02M, Peak:0.02M | Scene, ViewLayer | Synchronizing object | Brass step nosing.025
Fra:1 Mem:158.36M (Peak 160.59M) | Time:00:00.24 | Mem:0.02M, Peak:0.02M | Scene, ViewLayer | Synchronizing object | Dressed stone tread.026
Fra:1 Mem:158.35M (Peak 160.59M) | Time:00:00.24 | Mem:0.02M, Peak:0.02M | Scene, ViewLayer | Synchronizing object | Dressed stone tread.027
Fra:1 Mem:158.37M (Peak 160.59M) | Time:00:00.24 | Mem:0.02M, Peak:0.02M | Scene, ViewLayer | Synchronizing object | Brass step nosing.027
Fra:1 Mem:158.43M (Peak 160.59M) | Time:00:00.24 | Mem:0.02M, Peak:0.02M | Scene, ViewLayer | Synchronizing object | Bronze baluster.016
Fra:1 Mem:158.42M (Peak 160.59M) | Time:00:00.24 | Mem:0.02M, Peak:0.02M | Scene, ViewLayer | Synchronizing object | Bronze baluster.017
Fra:1 Mem:158.46M (Peak 160.59M) | Time:00:00.24 | Mem:0.02M, Peak:0.02M | Scene, ViewLayer | Synchronizing object | Bronze baluster.018
Fra:1 Mem:158.46M (Peak 160.59M) | Time:00:00.24 | Mem:0.02M, Peak:0.02M | Scene, ViewLayer | Synchronizing object | Bronze baluster.019
Fra:1 Mem:158.45M (Peak 160.59M) | Time:00:00.24 | Mem:0.02M, Peak:0.02M | Scene, ViewLayer | Synchronizing object | Bronze baluster.020
Fra:1 Mem:158.45M (Peak 160.59M) | Time:00:00.24 | Mem:0.02M, Peak:0.02M | Scene, ViewLayer | Synchronizing object | Bronze baluster.021
Fra:1 Mem:158.46M (Peak 160.59M) | Time:00:00.24 | Mem:0.02M, Peak:0.02M | Scene, ViewLayer | Synchronizing object | Dressed stone tread.028
Fra:1 Mem:158.46M (Peak 160.59M) | Time:00:00.24 | Mem:0.02M, Peak:0.02M | Scene, ViewLayer | Synchronizing object | Brass step nosing.028
Fra:1 Mem:158.50M (Peak 160.59M) | Time:00:00.24 | Mem:0.02M, Peak:0.02M | Scene, ViewLayer | Synchronizing object | Dressed stone tread.029
Fra:1 Mem:158.54M (Peak 160.59M) | Time:00:00.24 | Mem:0.02M, Peak:0.02M | Scene, ViewLayer | Synchronizing object | Brass step nosing.029
Fra:1 Mem:158.58M (Peak 160.59M) | Time:00:00.24 | Mem:0.02M, Peak:0.02M | Scene, ViewLayer | Synchronizing object | Dressed stone tread.030
Fra:1 Mem:158.58M (Peak 160.59M) | Time:00:00.24 | Mem:0.02M, Peak:0.02M | Scene, ViewLayer | Synchronizing object | Dressed stone tread.031
Fra:1 Mem:158.61M (Peak 160.59M) | Time:00:00.24 | Mem:0.02M, Peak:0.02M | Scene, ViewLayer | Synchronizing object | Brass step nosing.031
Fra:1 Mem:158.64M (Peak 160.59M) | Time:00:00.24 | Mem:0.02M, Peak:0.02M | Scene, ViewLayer | Synchronizing object | Dressed stone tread.032
Fra:1 Mem:158.63M (Peak 160.59M) | Time:00:00.24 | Mem:0.02M, Peak:0.02M | Scene, ViewLayer | Synchronizing object | Brass step nosing.032
Fra:1 Mem:158.71M (Peak 160.59M) | Time:00:00.24 | Mem:0.02M, Peak:0.02M | Scene, ViewLayer | Synchronizing object | Dressed stone tread.033
Fra:1 Mem:158.68M (Peak 160.59M) | Time:00:00.24 | Mem:0.02M, Peak:0.02M | Scene, ViewLayer | Synchronizing object | Brass step nosing.033
Fra:1 Mem:158.76M (Peak 160.59M) | Time:00:00.24 | Mem:0.02M, Peak:0.02M | Scene, ViewLayer | Synchronizing object | Dressed stone tread.034
Fra:1 Mem:158.78M (Peak 160.59M) | Time:00:00.24 | Mem:0.02M, Peak:0.02M | Scene, ViewLayer | Synchronizing object | Brass step nosing.034
Fra:1 Mem:158.77M (Peak 160.59M) | Time:00:00.24 | Mem:0.02M, Peak:0.02M | Scene, ViewLayer | Synchronizing object | Dressed stone tread.035
Fra:1 Mem:158.83M (Peak 160.59M) | Time:00:00.24 | Mem:0.02M, Peak:0.02M | Scene, ViewLayer | Synchronizing object | Brass step nosing.035
Fra:1 Mem:158.82M (Peak 160.59M) | Time:00:00.24 | Mem:0.02M, Peak:0.02M | Scene, ViewLayer | Synchronizing object | Dressed stone tread.036
Fra:1 Mem:158.86M (Peak 160.59M) | Time:00:00.24 | Mem:0.02M, Peak:0.02M | Scene, ViewLayer | Synchronizing object | Brass step nosing.036
Fra:1 Mem:158.86M (Peak 160.59M) | Time:00:00.24 | Mem:0.02M, Peak:0.02M | Scene, ViewLayer | Synchronizing object | Dressed stone tread.037
Fra:1 Mem:158.92M (Peak 160.59M) | Time:00:00.24 | Mem:0.02M, Peak:0.02M | Scene, ViewLayer | Synchronizing object | Brass step nosing.037
Fra:1 Mem:158.94M (Peak 160.59M) | Time:00:00.24 | Mem:0.02M, Peak:0.02M | Scene, ViewLayer | Synchronizing object | Dressed stone tread.038
Fra:1 Mem:158.97M (Peak 160.59M) | Time:00:00.24 | Mem:0.02M, Peak:0.02M | Scene, ViewLayer | Synchronizing object | Brass step nosing.038
Fra:1 Mem:159.00M (Peak 160.59M) | Time:00:00.24 | Mem:0.02M, Peak:0.02M | Scene, ViewLayer | Synchronizing object | Dressed stone tread.039
Fra:1 Mem:159.03M (Peak 160.59M) | Time:00:00.24 | Mem:0.02M, Peak:0.02M | Scene, ViewLayer | Synchronizing object | Brass step nosing.039
Fra:1 Mem:159.00M (Peak 160.59M) | Time:00:00.24 | Mem:0.02M, Peak:0.02M | Scene, ViewLayer | Synchronizing object | Dressed stone tread.040
Fra:1 Mem:159.08M (Peak 160.59M) | Time:00:00.24 | Mem:0.02M, Peak:0.02M | Scene, ViewLayer | Synchronizing object | Brass step nosing.040
Fra:1 Mem:159.08M (Peak 160.59M) | Time:00:00.24 | Mem:0.02M, Peak:0.02M | Scene, ViewLayer | Synchronizing object | Dressed stone tread.041
Fra:1 Mem:159.16M (Peak 160.59M) | Time:00:00.24 | Mem:0.02M, Peak:0.02M | Scene, ViewLayer | Synchronizing object | Brass step nosing.041
Fra:1 Mem:159.16M (Peak 160.59M) | Time:00:00.24 | Mem:0.02M, Peak:0.02M | Scene, ViewLayer | Synchronizing object | Slim brass handrail.006
Fra:1 Mem:159.20M (Peak 160.59M) | Time:00:00.24 | Mem:0.02M, Peak:0.02M | Scene, ViewLayer | Synchronizing object | Bronze baluster.022
Fra:1 Mem:159.21M (Peak 160.59M) | Time:00:00.24 | Mem:0.02M, Peak:0.02M | Scene, ViewLayer | Synchronizing object | Bronze baluster.023
Fra:1 Mem:159.26M (Peak 160.59M) | Time:00:00.24 | Mem:0.02M, Peak:0.02M | Scene, ViewLayer | Synchronizing object | Bronze baluster.024
Fra:1 Mem:159.23M (Peak 160.59M) | Time:00:00.24 | Mem:0.02M, Peak:0.02M | Scene, ViewLayer | Synchronizing object | Bronze baluster.026
Fra:1 Mem:159.26M (Peak 160.59M) | Time:00:00.24 | Mem:0.02M, Peak:0.02M | Scene, ViewLayer | Synchronizing object | Slim brass handrail.007
Fra:1 Mem:159.22M (Peak 160.59M) | Time:00:00.24 | Mem:0.02M, Peak:0.02M | Scene, ViewLayer | Synchronizing object | Bronze baluster.027
Fra:1 Mem:159.23M (Peak 160.59M) | Time:00:00.24 | Mem:0.02M, Peak:0.02M | Scene, ViewLayer | Synchronizing object | Bronze baluster.028
Fra:1 Mem:159.23M (Peak 160.59M) | Time:00:00.24 | Mem:0.02M, Peak:0.02M | Scene, ViewLayer | Synchronizing object | Bronze baluster.029
Fra:1 Mem:159.24M (Peak 160.59M) | Time:00:00.24 | Mem:0.02M, Peak:0.02M | Scene, ViewLayer | Synchronizing object | Bronze baluster.030
Fra:1 Mem:159.24M (Peak 160.59M) | Time:00:00.24 | Mem:0.02M, Peak:0.02M | Scene, ViewLayer | Synchronizing object | Bronze baluster.031
Fra:1 Mem:159.25M (Peak 160.59M) | Time:00:00.24 | Mem:0.02M, Peak:0.02M | Scene, ViewLayer | Synchronizing object | Landing rail return
Fra:1 Mem:159.25M (Peak 160.59M) | Time:00:00.24 | Mem:0.02M, Peak:0.02M | Scene, ViewLayer | Synchronizing object | Landing rail return.001
Fra:1 Mem:159.26M (Peak 160.59M) | Time:00:00.24 | Mem:0.02M, Peak:0.02M | Scene, ViewLayer | Synchronizing object | Continuous corner railing
Fra:1 Mem:159.26M (Peak 160.59M) | Time:00:00.24 | Mem:0.02M, Peak:0.02M | Scene, ViewLayer | Synchronizing object | Continuous corner railing.001
Fra:1 Mem:159.27M (Peak 160.59M) | Time:00:00.24 | Mem:0.02M, Peak:0.02M | Scene, ViewLayer | Synchronizing object | Corner baluster
Fra:1 Mem:159.27M (Peak 160.59M) | Time:00:00.24 | Mem:0.02M, Peak:0.02M | Scene, ViewLayer | Synchronizing object | Landing rail return.002
Fra:1 Mem:159.28M (Peak 160.59M) | Time:00:00.24 | Mem:0.02M, Peak:0.02M | Scene, ViewLayer | Synchronizing object | Landing rail return.003
Fra:1 Mem:159.28M (Peak 160.59M) | Time:00:00.24 | Mem:0.02M, Peak:0.02M | Scene, ViewLayer | Synchronizing object | Continuous corner railing.002
Fra:1 Mem:159.29M (Peak 160.59M) | Time:00:00.24 | Mem:0.02M, Peak:0.02M | Scene, ViewLayer | Synchronizing object | Continuous corner railing.003
Fra:1 Mem:159.29M (Peak 160.59M) | Time:00:00.24 | Mem:0.02M, Peak:0.02M | Scene, ViewLayer | Synchronizing object | Corner baluster.001
Fra:1 Mem:159.31M (Peak 160.59M) | Time:00:00.24 | Mem:0.02M, Peak:0.02M | Scene, ViewLayer | Synchronizing object | Landing rail return.004
Fra:1 Mem:159.30M (Peak 160.59M) | Time:00:00.24 | Mem:0.02M, Peak:0.02M | Scene, ViewLayer | Synchronizing object | Landing rail return.005
Fra:1 Mem:159.30M (Peak 160.59M) | Time:00:00.24 | Mem:0.02M, Peak:0.02M | Scene, ViewLayer | Synchronizing object | Continuous corner railing.004
Fra:1 Mem:159.31M (Peak 160.59M) | Time:00:00.24 | Mem:0.02M, Peak:0.02M | Scene, ViewLayer | Synchronizing object | Continuous corner railing.005
Fra:1 Mem:159.31M (Peak 160.59M) | Time:00:00.24 | Mem:0.02M, Peak:0.02M | Scene, ViewLayer | Synchronizing object | Corner baluster.002
Fra:1 Mem:159.32M (Peak 160.59M) | Time:00:00.25 | Mem:0.02M, Peak:0.02M | Scene, ViewLayer | Synchronizing object | Landing rail return.006
Fra:1 Mem:159.32M (Peak 160.59M) | Time:00:00.25 | Mem:0.02M, Peak:0.02M | Scene, ViewLayer | Synchronizing object | Landing rail return.007
Fra:1 Mem:159.33M (Peak 160.59M) | Time:00:00.25 | Mem:0.02M, Peak:0.02M | Scene, ViewLayer | Synchronizing object | Continuous corner railing.006
Fra:1 Mem:159.33M (Peak 160.59M) | Time:00:00.25 | Mem:0.02M, Peak:0.02M | Scene, ViewLayer | Synchronizing object | Continuous corner railing.007
Fra:1 Mem:159.33M (Peak 160.59M) | Time:00:00.25 | Mem:0.02M, Peak:0.02M | Scene, ViewLayer | Synchronizing object | Corner baluster.003
Fra:1 Mem:159.34M (Peak 160.59M) | Time:00:00.25 | Mem:0.02M, Peak:0.02M | Scene, ViewLayer | Synchronizing object | Landing rail return.008
Fra:1 Mem:159.35M (Peak 160.59M) | Time:00:00.25 | Mem:0.02M, Peak:0.02M | Scene, ViewLayer | Synchronizing object | Landing rail return.009
Fra:1 Mem:159.35M (Peak 160.59M) | Time:00:00.25 | Mem:0.02M, Peak:0.02M | Scene, ViewLayer | Synchronizing object | Continuous corner railing.008
Fra:1 Mem:159.36M (Peak 160.59M) | Time:00:00.25 | Mem:0.02M, Peak:0.02M | Scene, ViewLayer | Synchronizing object | Continuous corner railing.009
Fra:1 Mem:159.36M (Peak 160.59M) | Time:00:00.25 | Mem:0.02M, Peak:0.02M | Scene, ViewLayer | Synchronizing object | Corner baluster.004
Fra:1 Mem:159.37M (Peak 160.59M) | Time:00:00.25 | Mem:0.02M, Peak:0.02M | Scene, ViewLayer | Synchronizing object | Landing rail return.010
Fra:1 Mem:159.37M (Peak 160.59M) | Time:00:00.25 | Mem:0.02M, Peak:0.02M | Scene, ViewLayer | Synchronizing object | Landing rail return.011
Fra:1 Mem:159.38M (Peak 160.59M) | Time:00:00.25 | Mem:0.02M, Peak:0.02M | Scene, ViewLayer | Synchronizing object | Continuous corner railing.010
Fra:1 Mem:159.38M (Peak 160.59M) | Time:00:00.25 | Mem:0.02M, Peak:0.02M | Scene, ViewLayer | Synchronizing object | Continuous corner railing.011
Fra:1 Mem:159.38M (Peak 160.59M) | Time:00:00.25 | Mem:0.02M, Peak:0.02M | Scene, ViewLayer | Synchronizing object | Corner baluster.005
Fra:1 Mem:159.39M (Peak 160.59M) | Time:00:00.25 | Mem:0.02M, Peak:0.02M | Scene, ViewLayer | Synchronizing object | Landing rail return.012
Fra:1 Mem:159.39M (Peak 160.59M) | Time:00:00.25 | Mem:0.02M, Peak:0.02M | Scene, ViewLayer | Synchronizing object | Landing rail return.013
Fra:1 Mem:159.40M (Peak 160.59M) | Time:00:00.25 | Mem:0.02M, Peak:0.02M | Scene, ViewLayer | Synchronizing object | Continuous corner railing.012
Fra:1 Mem:159.40M (Peak 160.59M) | Time:00:00.25 | Mem:0.02M, Peak:0.02M | Scene, ViewLayer | Synchronizing object | Continuous corner railing.013
Fra:1 Mem:159.41M (Peak 160.59M) | Time:00:00.25 | Mem:0.02M, Peak:0.02M | Scene, ViewLayer | Synchronizing object | Corner baluster.006
Fra:1 Mem:159.42M (Peak 160.59M) | Time:00:00.25 | Mem:0.02M, Peak:0.02M | Scene, ViewLayer | Synchronizing object | Landing rail return.014
Fra:1 Mem:159.42M (Peak 160.59M) | Time:00:00.25 | Mem:0.02M, Peak:0.02M | Scene, ViewLayer | Synchronizing object | Landing rail return.015
Fra:1 Mem:159.44M (Peak 160.59M) | Time:00:00.25 | Mem:0.02M, Peak:0.02M | Scene, ViewLayer | Synchronizing object | Continuous corner railing.014
Fra:1 Mem:159.43M (Peak 160.59M) | Time:00:00.25 | Mem:0.02M, Peak:0.02M | Scene, ViewLayer | Synchronizing object | Continuous corner railing.015
Fra:1 Mem:159.44M (Peak 160.59M) | Time:00:00.25 | Mem:0.02M, Peak:0.02M | Scene, ViewLayer | Synchronizing object | Corner baluster.007
Fra:1 Mem:159.44M (Peak 160.59M) | Time:00:00.25 | Mem:0.02M, Peak:0.02M | Scene, ViewLayer | Synchronizing object | Illusion corner landing 0
Fra:1 Mem:159.44M (Peak 160.59M) | Time:00:00.25 | Mem:0.02M, Peak:0.02M | Scene, ViewLayer | Synchronizing object | Illusion corner landing 1
Fra:1 Mem:159.50M (Peak 160.59M) | Time:00:00.25 | Mem:0.02M, Peak:0.02M | Scene, ViewLayer | Synchronizing object | Stair support 1
Fra:1 Mem:159.53M (Peak 160.59M) | Time:00:00.25 | Mem:0.02M, Peak:0.02M | Scene, ViewLayer | Synchronizing object | Stair support 1 footing
Fra:1 Mem:159.52M (Peak 160.59M) | Time:00:00.25 | Mem:0.02M, Peak:0.02M | Scene, ViewLayer | Synchronizing object | Stair support 1 capital
Fra:1 Mem:159.57M (Peak 160.59M) | Time:00:00.25 | Mem:0.02M, Peak:0.02M | Scene, ViewLayer | Synchronizing object | Fine horizontal masonry joint
Fra:1 Mem:159.60M (Peak 160.59M) | Time:00:00.25 | Mem:0.02M, Peak:0.02M | Scene, ViewLayer | Synchronizing object | Fine horizontal masonry joint.001
Fra:1 Mem:159.60M (Peak 160.59M) | Time:00:00.25 | Mem:0.02M, Peak:0.02M | Scene, ViewLayer | Synchronizing object | Fine horizontal masonry joint.002
Fra:1 Mem:159.60M (Peak 160.59M) | Time:00:00.25 | Mem:0.02M, Peak:0.02M | Scene, ViewLayer | Synchronizing object | Fine horizontal masonry joint.003
Fra:1 Mem:159.65M (Peak 160.59M) | Time:00:00.25 | Mem:0.02M, Peak:0.02M | Scene, ViewLayer | Synchronizing object | Fine horizontal masonry joint.004
Fra:1 Mem:159.68M (Peak 160.59M) | Time:00:00.25 | Mem:0.02M, Peak:0.02M | Scene, ViewLayer | Synchronizing object | Fine horizontal masonry joint.005
Fra:1 Mem:159.70M (Peak 160.59M) | Time:00:00.25 | Mem:0.02M, Peak:0.02M | Scene, ViewLayer | Synchronizing object | Illusion corner landing 2
Fra:1 Mem:159.73M (Peak 160.59M) | Time:00:00.25 | Mem:0.02M, Peak:0.02M | Scene, ViewLayer | Synchronizing object | Stair support 2
Fra:1 Mem:159.73M (Peak 160.59M) | Time:00:00.25 | Mem:0.02M, Peak:0.02M | Scene, ViewLayer | Synchronizing object | Stair support 2 footing
Fra:1 Mem:159.79M (Peak 160.59M) | Time:00:00.25 | Mem:0.02M, Peak:0.02M | Scene, ViewLayer | Synchronizing object | Stair support 2 capital
Fra:1 Mem:159.78M (Peak 160.59M) | Time:00:00.25 | Mem:0.02M, Peak:0.02M | Scene, ViewLayer | Synchronizing object | Fine horizontal masonry joint.006
Fra:1 Mem:159.82M (Peak 160.59M) | Time:00:00.25 | Mem:0.02M, Peak:0.02M | Scene, ViewLayer | Synchronizing object | Fine horizontal masonry joint.007
Fra:1 Mem:159.81M (Peak 160.59M) | Time:00:00.25 | Mem:0.02M, Peak:0.02M | Scene, ViewLayer | Synchronizing object | Fine horizontal masonry joint.008
Fra:1 Mem:159.87M (Peak 160.59M) | Time:00:00.25 | Mem:0.02M, Peak:0.02M | Scene, ViewLayer | Synchronizing object | Fine horizontal masonry joint.009
Fra:1 Mem:159.88M (Peak 160.59M) | Time:00:00.25 | Mem:0.02M, Peak:0.02M | Scene, ViewLayer | Synchronizing object | Fine horizontal masonry joint.010
Fra:1 Mem:159.91M (Peak 160.59M) | Time:00:00.25 | Mem:0.02M, Peak:0.02M | Scene, ViewLayer | Synchronizing object | Fine horizontal masonry joint.011
Fra:1 Mem:159.95M (Peak 160.59M) | Time:00:00.25 | Mem:0.02M, Peak:0.02M | Scene, ViewLayer | Synchronizing object | Fine horizontal masonry joint.012
Fra:1 Mem:159.99M (Peak 160.59M) | Time:00:00.25 | Mem:0.02M, Peak:0.02M | Scene, ViewLayer | Synchronizing object | Fine horizontal masonry joint.013
Fra:1 Mem:159.99M (Peak 160.59M) | Time:00:00.25 | Mem:0.02M, Peak:0.02M | Scene, ViewLayer | Synchronizing object | Illusion corner landing 3
Fra:1 Mem:159.99M (Peak 160.59M) | Time:00:00.25 | Mem:0.02M, Peak:0.02M | Scene, ViewLayer | Synchronizing object | Stair support 3
Fra:1 Mem:160.02M (Peak 160.59M) | Time:00:00.25 | Mem:0.02M, Peak:0.02M | Scene, ViewLayer | Synchronizing object | Stair support 3 footing
Fra:1 Mem:160.05M (Peak 160.59M) | Time:00:00.25 | Mem:0.02M, Peak:0.02M | Scene, ViewLayer | Synchronizing object | Stair support 3 capital
Fra:1 Mem:160.05M (Peak 160.59M) | Time:00:00.25 | Mem:0.02M, Peak:0.02M | Scene, ViewLayer | Synchronizing object | Fine horizontal masonry joint.014
Fra:1 Mem:160.07M (Peak 160.59M) | Time:00:00.25 | Mem:0.02M, Peak:0.02M | Scene, ViewLayer | Synchronizing object | Fine horizontal masonry joint.015
Fra:1 Mem:160.11M (Peak 160.59M) | Time:00:00.25 | Mem:0.02M, Peak:0.02M | Scene, ViewLayer | Synchronizing object | Fine horizontal masonry joint.016
Fra:1 Mem:160.14M (Peak 160.59M) | Time:00:00.25 | Mem:0.02M, Peak:0.02M | Scene, ViewLayer | Synchronizing object | Fine horizontal masonry joint.017
Fra:1 Mem:160.18M (Peak 160.59M) | Time:00:00.25 | Mem:0.02M, Peak:0.02M | Scene, ViewLayer | Synchronizing object | Fine horizontal masonry joint.018
Fra:1 Mem:160.17M (Peak 160.59M) | Time:00:00.25 | Mem:0.02M, Peak:0.02M | Scene, ViewLayer | Synchronizing object | Fine horizontal masonry joint.019
Fra:1 Mem:160.20M (Peak 160.59M) | Time:00:00.25 | Mem:0.02M, Peak:0.02M | Scene, ViewLayer | Synchronizing object | Fine horizontal masonry joint.020
Fra:1 Mem:160.21M (Peak 160.59M) | Time:00:00.25 | Mem:0.02M, Peak:0.02M | Scene, ViewLayer | Synchronizing object | Fine horizontal masonry joint.021
Fra:1 Mem:160.29M (Peak 160.59M) | Time:00:00.25 | Mem:0.02M, Peak:0.02M | Scene, ViewLayer | Synchronizing object | Fine horizontal masonry joint.022
Fra:1 Mem:160.29M (Peak 160.59M) | Time:00:00.25 | Mem:0.02M, Peak:0.02M | Scene, ViewLayer | Synchronizing object | Illusion corner landing 4
Fra:1 Mem:160.38M (Peak 160.59M) | Time:00:00.25 | Mem:0.02M, Peak:0.02M | Scene, ViewLayer | Synchronizing object | Stair support 4
Fra:1 Mem:160.40M (Peak 160.59M) | Time:00:00.25 | Mem:0.02M, Peak:0.02M | Scene, ViewLayer | Synchronizing object | Stair support 4 footing
Fra:1 Mem:160.38M (Peak 160.59M) | Time:00:00.25 | Mem:0.02M, Peak:0.02M | Scene, ViewLayer | Synchronizing object | Stair support 4 capital
Fra:1 Mem:160.52M (Peak 160.59M) | Time:00:00.25 | Mem:0.02M, Peak:0.02M | Scene, ViewLayer | Synchronizing object | Fine horizontal masonry joint.023
Fra:1 Mem:160.61M (Peak 160.61M) | Time:00:00.25 | Mem:0.02M, Peak:0.02M | Scene, ViewLayer | Synchronizing object | Fine horizontal masonry joint.024
Fra:1 Mem:160.71M (Peak 160.71M) | Time:00:00.25 | Mem:0.02M, Peak:0.02M | Scene, ViewLayer | Synchronizing object | Fine horizontal masonry joint.026
Fra:1 Mem:160.67M (Peak 160.71M) | Time:00:00.25 | Mem:0.02M, Peak:0.02M | Scene, ViewLayer | Synchronizing object | Fine horizontal masonry joint.027
Fra:1 Mem:160.71M (Peak 160.71M) | Time:00:00.25 | Mem:0.02M, Peak:0.02M | Scene, ViewLayer | Synchronizing object | Fine horizontal masonry joint.029
Fra:1 Mem:160.73M (Peak 160.73M) | Time:00:00.25 | Mem:0.02M, Peak:0.02M | Scene, ViewLayer | Synchronizing object | Fine horizontal masonry joint.030
Fra:1 Mem:160.73M (Peak 160.73M) | Time:00:00.25 | Mem:0.02M, Peak:0.02M | Scene, ViewLayer | Synchronizing object | Fine horizontal masonry joint.031
Fra:1 Mem:160.75M (Peak 160.75M) | Time:00:00.25 | Mem:0.02M, Peak:0.02M | Scene, ViewLayer | Synchronizing object | Fine horizontal masonry joint.032
Fra:1 Mem:160.83M (Peak 160.83M) | Time:00:00.25 | Mem:0.02M, Peak:0.02M | Scene, ViewLayer | Synchronizing object | Fine horizontal masonry joint.033
Fra:1 Mem:160.85M (Peak 160.85M) | Time:00:00.25 | Mem:0.02M, Peak:0.02M | Scene, ViewLayer | Synchronizing object | Arrival terrace
Fra:1 Mem:160.89M (Peak 160.89M) | Time:00:00.25 | Mem:0.02M, Peak:0.02M | Scene, ViewLayer | Synchronizing object | Sea arcade jamb
Fra:1 Mem:160.90M (Peak 160.90M) | Time:00:00.25 | Mem:0.02M, Peak:0.02M | Scene, ViewLayer | Synchronizing object | Sea arcade jamb.001
Fra:1 Mem:160.98M (Peak 160.98M) | Time:00:00.25 | Mem:0.02M, Peak:0.02M | Scene, ViewLayer | Synchronizing object | Sea arcade jamb.002
Fra:1 Mem:161.00M (Peak 161.00M) | Time:00:00.25 | Mem:0.02M, Peak:0.02M | Scene, ViewLayer | Synchronizing object | Sea arcade jamb.003
Fra:1 Mem:161.03M (Peak 161.03M) | Time:00:00.25 | Mem:0.02M, Peak:0.02M | Scene, ViewLayer | Synchronizing object | Sea arcade jamb.004
Fra:1 Mem:161.11M (Peak 161.11M) | Time:00:00.25 | Mem:0.02M, Peak:0.02M | Scene, ViewLayer | Synchronizing object | Sea arcade jamb.005
Fra:1 Mem:161.02M (Peak 161.11M) | Time:00:00.25 | Mem:0.02M, Peak:0.02M | Scene, ViewLayer | Synchronizing object | Dressed stone tread.042
Fra:1 Mem:161.08M (Peak 161.11M) | Time:00:00.25 | Mem:0.02M, Peak:0.02M | Scene, ViewLayer | Synchronizing object | Brass step nosing.042
Fra:1 Mem:161.08M (Peak 161.11M) | Time:00:00.25 | Mem:0.02M, Peak:0.02M | Scene, ViewLayer | Synchronizing object | Dressed stone tread.043
Fra:1 Mem:161.16M (Peak 161.16M) | Time:00:00.25 | Mem:0.02M, Peak:0.02M | Scene, ViewLayer | Synchronizing object | Brass step nosing.043
Fra:1 Mem:161.14M (Peak 161.16M) | Time:00:00.25 | Mem:0.02M, Peak:0.02M | Scene, ViewLayer | Synchronizing object | Dressed stone tread.044
Fra:1 Mem:161.16M (Peak 161.16M) | Time:00:00.25 | Mem:0.02M, Peak:0.02M | Scene, ViewLayer | Synchronizing object | Brass step nosing.044
Fra:1 Mem:161.18M (Peak 161.18M) | Time:00:00.25 | Mem:0.02M, Peak:0.02M | Scene, ViewLayer | Synchronizing object | Dressed stone tread.045
Fra:1 Mem:161.26M (Peak 161.26M) | Time:00:00.25 | Mem:0.02M, Peak:0.02M | Scene, ViewLayer | Synchronizing object | Brass step nosing.045
Fra:1 Mem:161.27M (Peak 161.27M) | Time:00:00.25 | Mem:0.02M, Peak:0.02M | Scene, ViewLayer | Synchronizing object | Dressed stone tread.046
Fra:1 Mem:161.26M (Peak 161.27M) | Time:00:00.25 | Mem:0.02M, Peak:0.02M | Scene, ViewLayer | Synchronizing object | Brass step nosing.046
Fra:1 Mem:161.27M (Peak 161.27M) | Time:00:00.25 | Mem:0.02M, Peak:0.02M | Scene, ViewLayer | Synchronizing object | Dressed stone tread.047
Fra:1 Mem:161.32M (Peak 161.32M) | Time:00:00.25 | Mem:0.02M, Peak:0.02M | Scene, ViewLayer | Synchronizing object | Brass step nosing.047
Fra:1 Mem:161.35M (Peak 161.35M) | Time:00:00.25 | Mem:0.02M, Peak:0.02M | Scene, ViewLayer | Synchronizing object | Dressed stone tread.048
Fra:1 Mem:161.37M (Peak 161.37M) | Time:00:00.25 | Mem:0.02M, Peak:0.02M | Scene, ViewLayer | Synchronizing object | Brass step nosing.048
Fra:1 Mem:161.36M (Peak 161.37M) | Time:00:00.25 | Mem:0.02M, Peak:0.02M | Scene, ViewLayer | Synchronizing object | Dressed stone tread.049
Fra:1 Mem:161.42M (Peak 161.42M) | Time:00:00.25 | Mem:0.02M, Peak:0.02M | Scene, ViewLayer | Synchronizing object | Brass step nosing.049
Fra:1 Mem:161.46M (Peak 161.46M) | Time:00:00.25 | Mem:0.02M, Peak:0.02M | Scene, ViewLayer | Synchronizing object | Dressed stone tread.050
Fra:1 Mem:161.46M (Peak 161.46M) | Time:00:00.25 | Mem:0.02M, Peak:0.02M | Scene, ViewLayer | Synchronizing object | Brass step nosing.050
Fra:1 Mem:161.46M (Peak 161.46M) | Time:00:00.25 | Mem:0.02M, Peak:0.02M | Scene, ViewLayer | Synchronizing object | Dressed stone tread.051
Fra:1 Mem:161.51M (Peak 161.51M) | Time:00:00.25 | Mem:0.02M, Peak:0.02M | Scene, ViewLayer | Synchronizing object | Brass step nosing.051
Fra:1 Mem:161.53M (Peak 161.53M) | Time:00:00.25 | Mem:0.02M, Peak:0.02M | Scene, ViewLayer | Synchronizing object | Dressed stone tread.052
Fra:1 Mem:161.55M (Peak 161.55M) | Time:00:00.25 | Mem:0.02M, Peak:0.02M | Scene, ViewLayer | Synchronizing object | Brass step nosing.052
Fra:1 Mem:161.57M (Peak 161.57M) | Time:00:00.25 | Mem:0.02M, Peak:0.02M | Scene, ViewLayer | Synchronizing object | Dressed stone tread.053
Fra:1 Mem:161.60M (Peak 161.60M) | Time:00:00.26 | Mem:0.02M, Peak:0.02M | Scene, ViewLayer | Synchronizing object | Brass step nosing.053
Fra:1 Mem:161.62M (Peak 161.62M) | Time:00:00.26 | Mem:0.02M, Peak:0.02M | Scene, ViewLayer | Synchronizing object | Dressed stone tread.054
Fra:1 Mem:161.62M (Peak 161.62M) | Time:00:00.26 | Mem:0.02M, Peak:0.02M | Scene, ViewLayer | Synchronizing object | Brass step nosing.054
Fra:1 Mem:161.68M (Peak 161.68M) | Time:00:00.26 | Mem:0.02M, Peak:0.02M | Scene, ViewLayer | Synchronizing object | Slim brass handrail.008
Fra:1 Mem:161.67M (Peak 161.68M) | Time:00:00.26 | Mem:0.02M, Peak:0.02M | Scene, ViewLayer | Synchronizing object | Bronze baluster.032
Fra:1 Mem:161.67M (Peak 161.68M) | Time:00:00.26 | Mem:0.02M, Peak:0.02M | Scene, ViewLayer | Synchronizing object | Bronze baluster.033
Fra:1 Mem:161.68M (Peak 161.68M) | Time:00:00.26 | Mem:0.02M, Peak:0.02M | Scene, ViewLayer | Synchronizing object | Bronze baluster.034
Fra:1 Mem:161.68M (Peak 161.68M) | Time:00:00.26 | Mem:0.02M, Peak:0.02M | Scene, ViewLayer | Synchronizing object | Bronze baluster.035
Fra:1 Mem:161.68M (Peak 161.68M) | Time:00:00.26 | Mem:0.02M, Peak:0.02M | Scene, ViewLayer | Synchronizing object | Bronze baluster.037
Fra:1 Mem:161.69M (Peak 161.69M) | Time:00:00.26 | Mem:0.02M, Peak:0.02M | Scene, ViewLayer | Synchronizing object | Bronze baluster.038
Fra:1 Mem:161.70M (Peak 161.70M) | Time:00:00.26 | Mem:0.02M, Peak:0.02M | Scene, ViewLayer | Synchronizing object | Bronze baluster.039
Fra:1 Mem:161.71M (Peak 161.71M) | Time:00:00.26 | Mem:0.02M, Peak:0.02M | Scene, ViewLayer | Synchronizing object | Bronze baluster.040
Fra:1 Mem:161.71M (Peak 161.71M) | Time:00:00.26 | Mem:0.02M, Peak:0.02M | Scene, ViewLayer | Synchronizing object | Bronze baluster.041
Fra:1 Mem:161.72M (Peak 161.72M) | Time:00:00.26 | Mem:0.02M, Peak:0.02M | Scene, ViewLayer | Synchronizing object | Lower landing
Fra:1 Mem:161.73M (Peak 161.73M) | Time:00:00.26 | Mem:0.02M, Peak:0.02M | Scene, ViewLayer | Synchronizing object | Arrival shrine stylobate
Fra:1 Mem:161.77M (Peak 161.77M) | Time:00:00.26 | Mem:0.02M, Peak:0.02M | Scene, ViewLayer | Synchronizing object | Inset stone paving
Fra:1 Mem:161.80M (Peak 161.80M) | Time:00:00.26 | Mem:0.02M, Peak:0.02M | Scene, ViewLayer | Synchronizing object | Bronze inlay border
Fra:1 Mem:161.81M (Peak 161.81M) | Time:00:00.26 | Mem:0.02M, Peak:0.02M | Scene, ViewLayer | Synchronizing object | Bronze inlay border.001
Fra:1 Mem:161.83M (Peak 161.83M) | Time:00:00.26 | Mem:0.02M, Peak:0.02M | Scene, ViewLayer | Synchronizing object | Bronze inlay border.002
Fra:1 Mem:161.85M (Peak 161.85M) | Time:00:00.26 | Mem:0.02M, Peak:0.02M | Scene, ViewLayer | Synchronizing object | Bronze inlay border.003
Fra:1 Mem:161.87M (Peak 161.87M) | Time:00:00.26 | Mem:0.02M, Peak:0.02M | Scene, ViewLayer | Synchronizing object | Bronze inlay border.005
Fra:1 Mem:161.89M (Peak 161.89M) | Time:00:00.26 | Mem:0.02M, Peak:0.02M | Scene, ViewLayer | Synchronizing object | Bronze inlay border.007
Fra:1 Mem:161.97M (Peak 161.97M) | Time:00:00.26 | Mem:0.02M, Peak:0.02M | Scene, ViewLayer | Synchronizing object | Diamond inlaid stone
Fra:1 Mem:161.99M (Peak 161.99M) | Time:00:00.26 | Mem:0.02M, Peak:0.02M | Scene, ViewLayer | Synchronizing object | Arrival shrine jamb
Fra:1 Mem:162.00M (Peak 162.00M) | Time:00:00.26 | Mem:0.02M, Peak:0.02M | Scene, ViewLayer | Synchronizing object | Arrival shrine jamb.001
Fra:1 Mem:162.01M (Peak 162.01M) | Time:00:00.26 | Mem:0.02M, Peak:0.02M | Scene, ViewLayer | Synchronizing object | Arrival shrine jamb.002
Fra:1 Mem:162.05M (Peak 162.05M) | Time:00:00.26 | Mem:0.02M, Peak:0.02M | Scene, ViewLayer | Synchronizing object | Arrival shrine jamb.003
Fra:1 Mem:162.07M (Peak 162.07M) | Time:00:00.26 | Mem:0.02M, Peak:0.02M | Scene, ViewLayer | Synchronizing object | Arrival shrine jamb.004
Fra:1 Mem:162.10M (Peak 162.10M) | Time:00:00.26 | Mem:0.02M, Peak:0.02M | Scene, ViewLayer | Synchronizing object | Arrival shrine jamb.005
Fra:1 Mem:162.15M (Peak 162.15M) | Time:00:00.26 | Mem:0.02M, Peak:0.02M | Scene, ViewLayer | Synchronizing object | Arrival shrine jamb.006
Fra:1 Mem:162.16M (Peak 162.16M) | Time:00:00.26 | Mem:0.02M, Peak:0.02M | Scene, ViewLayer | Synchronizing object | Arrival shrine cornice
Fra:1 Mem:162.21M (Peak 162.21M) | Time:00:00.26 | Mem:0.02M, Peak:0.02M | Scene, ViewLayer | Synchronizing object | Arrival shrine bronze roof curb
Fra:1 Mem:162.22M (Peak 162.22M) | Time:00:00.26 | Mem:0.02M, Peak:0.02M | Scene, ViewLayer | Synchronizing object | Gilded finial
Fra:1 Mem:162.25M (Peak 162.25M) | Time:00:00.26 | Mem:0.02M, Peak:0.02M | Scene, ViewLayer | Synchronizing object | Pavilion tower footing
Fra:1 Mem:162.25M (Peak 162.25M) | Time:00:00.26 | Mem:0.02M, Peak:0.02M | Scene, ViewLayer | Synchronizing object | Pavilion tower capital
Fra:1 Mem:162.31M (Peak 162.31M) | Time:00:00.26 | Mem:0.02M, Peak:0.02M | Scene, ViewLayer | Synchronizing object | Fine horizontal masonry joint.035
Fra:1 Mem:162.33M (Peak 162.33M) | Time:00:00.26 | Mem:0.02M, Peak:0.02M | Scene, ViewLayer | Synchronizing object | Fine horizontal masonry joint.036
Fra:1 Mem:162.37M (Peak 162.37M) | Time:00:00.26 | Mem:0.02M, Peak:0.02M | Scene, ViewLayer | Synchronizing object | Fine horizontal masonry joint.037
Fra:1 Mem:162.37M (Peak 162.37M) | Time:00:00.26 | Mem:0.02M, Peak:0.02M | Scene, ViewLayer | Synchronizing object | Fine horizontal masonry joint.038
Fra:1 Mem:162.45M (Peak 162.45M) | Time:00:00.26 | Mem:0.02M, Peak:0.02M | Scene, ViewLayer | Synchronizing object | Fine horizontal masonry joint.039
Fra:1 Mem:162.45M (Peak 162.45M) | Time:00:00.26 | Mem:0.02M, Peak:0.02M | Scene, ViewLayer | Synchronizing object | Fine horizontal masonry joint.040
Fra:1 Mem:162.50M (Peak 162.50M) | Time:00:00.26 | Mem:0.02M, Peak:0.02M | Scene, ViewLayer | Synchronizing object | Island pavilion 0 stylobate
Fra:1 Mem:162.52M (Peak 162.52M) | Time:00:00.26 | Mem:0.02M, Peak:0.02M | Scene, ViewLayer | Synchronizing object | Bronze inlay border.008
Fra:1 Mem:162.52M (Peak 162.52M) | Time:00:00.26 | Mem:0.02M, Peak:0.02M | Scene, ViewLayer | Synchronizing object | Bronze inlay border.009
Fra:1 Mem:162.51M (Peak 162.52M) | Time:00:00.26 | Mem:0.02M, Peak:0.02M | Scene, ViewLayer | Synchronizing object | Bronze inlay border.010
Fra:1 Mem:162.57M (Peak 162.57M) | Time:00:00.26 | Mem:0.02M, Peak:0.02M | Scene, ViewLayer | Synchronizing object | Bronze inlay border.011
Fra:1 Mem:162.61M (Peak 162.61M) | Time:00:00.26 | Mem:0.02M, Peak:0.02M | Scene, ViewLayer | Synchronizing object | Bronze inlay border.012
Fra:1 Mem:162.58M (Peak 162.61M) | Time:00:00.26 | Mem:0.02M, Peak:0.02M | Scene, ViewLayer | Synchronizing object | Bronze inlay border.013
Fra:1 Mem:162.63M (Peak 162.63M) | Time:00:00.26 | Mem:0.02M, Peak:0.02M | Scene, ViewLayer | Synchronizing object | Bronze inlay border.014
Fra:1 Mem:162.71M (Peak 162.71M) | Time:00:00.26 | Mem:0.02M, Peak:0.02M | Scene, ViewLayer | Synchronizing object | Bronze inlay border.015
Fra:1 Mem:162.73M (Peak 162.73M) | Time:00:00.26 | Mem:0.02M, Peak:0.02M | Scene, ViewLayer | Synchronizing object | Diamond inlaid stone.001
Fra:1 Mem:162.74M (Peak 162.74M) | Time:00:00.26 | Mem:0.02M, Peak:0.02M | Scene, ViewLayer | Synchronizing object | Island pavilion 0 jamb
Fra:1 Mem:162.77M (Peak 162.77M) | Time:00:00.26 | Mem:0.02M, Peak:0.02M | Scene, ViewLayer | Synchronizing object | Island pavilion 0 jamb.001
Fra:1 Mem:162.80M (Peak 162.80M) | Time:00:00.26 | Mem:0.02M, Peak:0.02M | Scene, ViewLayer | Synchronizing object | Island pavilion 0 jamb.002
Fra:1 Mem:162.81M (Peak 162.81M) | Time:00:00.26 | Mem:0.02M, Peak:0.02M | Scene, ViewLayer | Synchronizing object | Island pavilion 0 jamb.003
Fra:1 Mem:162.85M (Peak 162.85M) | Time:00:00.26 | Mem:0.02M, Peak:0.02M | Scene, ViewLayer | Synchronizing object | Island pavilion 0 jamb.004
Fra:1 Mem:162.87M (Peak 162.87M) | Time:00:00.26 | Mem:0.02M, Peak:0.02M | Scene, ViewLayer | Synchronizing object | Island pavilion 0 jamb.005
Fra:1 Mem:162.88M (Peak 162.88M) | Time:00:00.26 | Mem:0.02M, Peak:0.02M | Scene, ViewLayer | Synchronizing object | Island pavilion 0 jamb.006
Fra:1 Mem:162.91M (Peak 162.91M) | Time:00:00.26 | Mem:0.02M, Peak:0.02M | Scene, ViewLayer | Synchronizing object | Island pavilion 0 jamb.007
Fra:1 Mem:162.92M (Peak 162.92M) | Time:00:00.26 | Mem:0.02M, Peak:0.02M | Scene, ViewLayer | Synchronizing object | Gilded finial.001
Fra:1 Mem:162.93M (Peak 162.93M) | Time:00:00.26 | Mem:0.02M, Peak:0.02M | Scene, ViewLayer | Synchronizing object | Sphere.001
Fra:1 Mem:162.94M (Peak 162.94M) | Time:00:00.26 | Mem:0.02M, Peak:0.02M | Scene, ViewLayer | Synchronizing object | Pavilion tower.001
Fra:1 Mem:163.00M (Peak 163.00M) | Time:00:00.26 | Mem:0.02M, Peak:0.02M | Scene, ViewLayer | Synchronizing object | Pavilion tower footing.001
Fra:1 Mem:163.07M (Peak 163.07M) | Time:00:00.26 | Mem:0.02M, Peak:0.02M | Scene, ViewLayer | Synchronizing object | Pavilion tower capital.001
Fra:1 Mem:163.09M (Peak 163.09M) | Time:00:00.26 | Mem:0.02M, Peak:0.02M | Scene, ViewLayer | Synchronizing object | Fine horizontal masonry joint.041
Fra:1 Mem:163.13M (Peak 163.13M) | Time:00:00.26 | Mem:0.02M, Peak:0.02M | Scene, ViewLayer | Synchronizing object | Fine horizontal masonry joint.042
Fra:1 Mem:163.15M (Peak 163.15M) | Time:00:00.26 | Mem:0.02M, Peak:0.02M | Scene, ViewLayer | Synchronizing object | Fine horizontal masonry joint.043
Fra:1 Mem:163.16M (Peak 163.16M) | Time:00:00.26 | Mem:0.02M, Peak:0.02M | Scene, ViewLayer | Synchronizing object | Fine horizontal masonry joint.044
Fra:1 Mem:163.15M (Peak 163.16M) | Time:00:00.26 | Mem:0.02M, Peak:0.02M | Scene, ViewLayer | Synchronizing object | Fine horizontal masonry joint.045
Fra:1 Mem:163.19M (Peak 163.19M) | Time:00:00.26 | Mem:0.02M, Peak:0.02M | Scene, ViewLayer | Synchronizing object | Fine horizontal masonry joint.046
Fra:1 Mem:163.22M (Peak 163.22M) | Time:00:00.26 | Mem:0.02M, Peak:0.02M | Scene, ViewLayer | Synchronizing object | Fine horizontal masonry joint.047
Fra:1 Mem:163.24M (Peak 163.24M) | Time:00:00.26 | Mem:0.02M, Peak:0.02M | Scene, ViewLayer | Synchronizing object | Fine horizontal masonry joint.048
Fra:1 Mem:163.29M (Peak 163.29M) | Time:00:00.26 | Mem:0.02M, Peak:0.02M | Scene, ViewLayer | Synchronizing object | Island pavilion 1 stylobate
Fra:1 Mem:163.29M (Peak 163.29M) | Time:00:00.26 | Mem:0.02M, Peak:0.02M | Scene, ViewLayer | Synchronizing object | Inset stone paving.002
Fra:1 Mem:163.31M (Peak 163.31M) | Time:00:00.26 | Mem:0.02M, Peak:0.02M | Scene, ViewLayer | Synchronizing object | Bronze inlay border.016
Fra:1 Mem:163.31M (Peak 163.31M) | Time:00:00.26 | Mem:0.02M, Peak:0.02M | Scene, ViewLayer | Synchronizing object | Bronze inlay border.019
Fra:1 Mem:163.41M (Peak 163.41M) | Time:00:00.26 | Mem:0.02M, Peak:0.02M | Scene, ViewLayer | Synchronizing object | Bronze inlay border.020
Fra:1 Mem:163.41M (Peak 163.41M) | Time:00:00.26 | Mem:0.02M, Peak:0.02M | Scene, ViewLayer | Synchronizing object | Bronze inlay border.021
Fra:1 Mem:163.46M (Peak 163.46M) | Time:00:00.26 | Mem:0.02M, Peak:0.02M | Scene, ViewLayer | Synchronizing object | Bronze inlay border.022
Fra:1 Mem:163.49M (Peak 163.49M) | Time:00:00.26 | Mem:0.02M, Peak:0.02M | Scene, ViewLayer | Synchronizing object | Bronze inlay border.023
Fra:1 Mem:163.50M (Peak 163.50M) | Time:00:00.26 | Mem:0.02M, Peak:0.02M | Scene, ViewLayer | Synchronizing object | Island pavilion 1 jamb
Fra:1 Mem:163.50M (Peak 163.50M) | Time:00:00.26 | Mem:0.02M, Peak:0.02M | Scene, ViewLayer | Synchronizing object | Island pavilion 1 jamb.001
Fra:1 Mem:163.57M (Peak 163.57M) | Time:00:00.26 | Mem:0.02M, Peak:0.02M | Scene, ViewLayer | Synchronizing object | Island pavilion 1 jamb.003
Fra:1 Mem:163.63M (Peak 163.63M) | Time:00:00.26 | Mem:0.02M, Peak:0.02M | Scene, ViewLayer | Synchronizing object | Island pavilion 1 jamb.004
Fra:1 Mem:163.63M (Peak 163.63M) | Time:00:00.26 | Mem:0.02M, Peak:0.02M | Scene, ViewLayer | Synchronizing object | Island pavilion 1 jamb.005
Fra:1 Mem:163.66M (Peak 163.66M) | Time:00:00.26 | Mem:0.02M, Peak:0.02M | Scene, ViewLayer | Synchronizing object | Island pavilion 1 jamb.006
Fra:1 Mem:163.69M (Peak 163.69M) | Time:00:00.26 | Mem:0.02M, Peak:0.02M | Scene, ViewLayer | Synchronizing object | Island pavilion 1 jamb.007
Fra:1 Mem:163.75M (Peak 163.75M) | Time:00:00.26 | Mem:0.02M, Peak:0.02M | Scene, ViewLayer | Synchronizing object | Island pavilion 1 cornice
Fra:1 Mem:163.73M (Peak 163.75M) | Time:00:00.26 | Mem:0.02M, Peak:0.02M | Scene, ViewLayer | Synchronizing object | Island pavilion 1 bronze roof curb
Fra:1 Mem:163.74M (Peak 163.75M) | Time:00:00.26 | Mem:0.02M, Peak:0.02M | Scene, ViewLayer | Synchronizing object | Gilded finial.002
Fra:1 Mem:163.78M (Peak 163.78M) | Time:00:00.26 | Mem:0.02M, Peak:0.02M | Scene, ViewLayer | Synchronizing object | Sphere.002
Fra:1 Mem:163.82M (Peak 163.82M) | Time:00:00.26 | Mem:0.02M, Peak:0.02M | Scene, ViewLayer | Synchronizing object | Pavilion tower.002
Fra:1 Mem:163.80M (Peak 163.82M) | Time:00:00.26 | Mem:0.02M, Peak:0.02M | Scene, ViewLayer | Synchronizing object | Pavilion tower footing.002
Fra:1 Mem:163.82M (Peak 163.82M) | Time:00:00.26 | Mem:0.02M, Peak:0.02M | Scene, ViewLayer | Synchronizing object | Fine horizontal masonry joint.049
Fra:1 Mem:163.84M (Peak 163.84M) | Time:00:00.26 | Mem:0.02M, Peak:0.02M | Scene, ViewLayer | Synchronizing object | Fine horizontal masonry joint.050
Fra:1 Mem:163.88M (Peak 163.88M) | Time:00:00.26 | Mem:0.02M, Peak:0.02M | Scene, ViewLayer | Synchronizing object | Fine horizontal masonry joint.051
Fra:1 Mem:163.91M (Peak 163.91M) | Time:00:00.26 | Mem:0.02M, Peak:0.02M | Scene, ViewLayer | Synchronizing object | Fine horizontal masonry joint.052
Fra:1 Mem:163.98M (Peak 163.98M) | Time:00:00.26 | Mem:0.02M, Peak:0.02M | Scene, ViewLayer | Synchronizing object | Fine horizontal masonry joint.053
Fra:1 Mem:163.99M (Peak 163.99M) | Time:00:00.26 | Mem:0.02M, Peak:0.02M | Scene, ViewLayer | Synchronizing object | Fine horizontal masonry joint.054
Fra:1 Mem:164.01M (Peak 164.01M) | Time:00:00.26 | Mem:0.02M, Peak:0.02M | Scene, ViewLayer | Synchronizing object | Fine horizontal masonry joint.055
Fra:1 Mem:164.03M (Peak 164.03M) | Time:00:00.26 | Mem:0.02M, Peak:0.02M | Scene, ViewLayer | Synchronizing object | Fine horizontal masonry joint.056
Fra:1 Mem:164.05M (Peak 164.05M) | Time:00:00.26 | Mem:0.02M, Peak:0.02M | Scene, ViewLayer | Synchronizing object | Fine horizontal masonry joint.057
Fra:1 Mem:164.08M (Peak 164.08M) | Time:00:00.26 | Mem:0.02M, Peak:0.02M | Scene, ViewLayer | Synchronizing object | Island pavilion 2 stylobate
Fra:1 Mem:164.09M (Peak 164.09M) | Time:00:00.26 | Mem:0.02M, Peak:0.02M | Scene, ViewLayer | Synchronizing object | Inset stone paving.003
Fra:1 Mem:164.10M (Peak 164.10M) | Time:00:00.26 | Mem:0.02M, Peak:0.02M | Scene, ViewLayer | Synchronizing object | Bronze inlay border.025
Fra:1 Mem:164.11M (Peak 164.11M) | Time:00:00.26 | Mem:0.02M, Peak:0.02M | Scene, ViewLayer | Synchronizing object | Bronze inlay border.026
Fra:1 Mem:164.22M (Peak 164.22M) | Time:00:00.26 | Mem:0.02M, Peak:0.02M | Scene, ViewLayer | Synchronizing object | Bronze inlay border.027
Fra:1 Mem:164.22M (Peak 164.22M) | Time:00:00.26 | Mem:0.02M, Peak:0.02M | Scene, ViewLayer | Synchronizing object | Bronze inlay border.028
Fra:1 Mem:164.24M (Peak 164.24M) | Time:00:00.26 | Mem:0.02M, Peak:0.02M | Scene, ViewLayer | Synchronizing object | Bronze inlay border.029
Fra:1 Mem:164.26M (Peak 164.26M) | Time:00:00.26 | Mem:0.02M, Peak:0.02M | Scene, ViewLayer | Synchronizing object | Bronze inlay border.030
Fra:1 Mem:164.26M (Peak 164.26M) | Time:00:00.26 | Mem:0.02M, Peak:0.02M | Scene, ViewLayer | Synchronizing object | Bronze inlay border.031
Fra:1 Mem:164.32M (Peak 164.32M) | Time:00:00.26 | Mem:0.02M, Peak:0.02M | Scene, ViewLayer | Synchronizing object | Diamond inlaid stone.003
Fra:1 Mem:164.33M (Peak 164.33M) | Time:00:00.26 | Mem:0.02M, Peak:0.02M | Scene, ViewLayer | Synchronizing object | Island pavilion 2 jamb
Fra:1 Mem:164.35M (Peak 164.35M) | Time:00:00.26 | Mem:0.02M, Peak:0.02M | Scene, ViewLayer | Synchronizing object | Island pavilion 2 jamb.001
Fra:1 Mem:164.35M (Peak 164.35M) | Time:00:00.26 | Mem:0.02M, Peak:0.02M | Scene, ViewLayer | Synchronizing object | Island pavilion 2 jamb.002
Fra:1 Mem:164.39M (Peak 164.39M) | Time:00:00.26 | Mem:0.02M, Peak:0.02M | Scene, ViewLayer | Synchronizing object | Island pavilion 2 jamb.003
Fra:1 Mem:164.40M (Peak 164.40M) | Time:00:00.26 | Mem:0.02M, Peak:0.02M | Scene, ViewLayer | Synchronizing object | Island pavilion 2 jamb.004
Fra:1 Mem:164.42M (Peak 164.42M) | Time:00:00.26 | Mem:0.02M, Peak:0.02M | Scene, ViewLayer | Synchronizing object | Island pavilion 2 jamb.005
Fra:1 Mem:164.47M (Peak 164.47M) | Time:00:00.26 | Mem:0.02M, Peak:0.02M | Scene, ViewLayer | Synchronizing object | Island pavilion 2 jamb.006
Fra:1 Mem:164.47M (Peak 164.47M) | Time:00:00.26 | Mem:0.02M, Peak:0.02M | Scene, ViewLayer | Synchronizing object | Island pavilion 2 cornice
Fra:1 Mem:164.49M (Peak 164.49M) | Time:00:00.26 | Mem:0.02M, Peak:0.02M | Scene, ViewLayer | Synchronizing object | Island pavilion 2 bronze roof curb
Fra:1 Mem:164.49M (Peak 164.49M) | Time:00:00.26 | Mem:0.02M, Peak:0.02M | Scene, ViewLayer | Synchronizing object | Gilded finial.003
Fra:1 Mem:164.56M (Peak 164.56M) | Time:00:00.26 | Mem:0.02M, Peak:0.02M | Scene, ViewLayer | Synchronizing object | Sphere.003
Fra:1 Mem:164.60M (Peak 164.60M) | Time:00:00.26 | Mem:0.02M, Peak:0.02M | Scene, ViewLayer | Synchronizing object | High cliff bridge jamb
Fra:1 Mem:164.64M (Peak 164.64M) | Time:00:00.26 | Mem:0.02M, Peak:0.02M | Scene, ViewLayer | Synchronizing object | High cliff bridge jamb.001
Fra:1 Mem:164.67M (Peak 164.66M) | Time:00:00.26 | Mem:0.02M, Peak:0.02M | Scene, ViewLayer | Synchronizing object | High bridge paving
Fra:1 Mem:164.65M (Peak 164.66M) | Time:00:00.26 | Mem:0.02M, Peak:0.02M | Scene, ViewLayer | Synchronizing object | Dressed stone tread.055
Fra:1 Mem:164.70M (Peak 164.70M) | Time:00:00.27 | Mem:0.02M, Peak:0.02M | Scene, ViewLayer | Synchronizing object | Brass step nosing.055
Fra:1 Mem:164.75M (Peak 164.75M) | Time:00:00.27 | Mem:0.02M, Peak:0.02M | Scene, ViewLayer | Synchronizing object | Brass step nosing.056
Fra:1 Mem:164.74M (Peak 164.75M) | Time:00:00.27 | Mem:0.02M, Peak:0.02M | Scene, ViewLayer | Synchronizing object | Dressed stone tread.057
Fra:1 Mem:164.78M (Peak 164.78M) | Time:00:00.27 | Mem:0.02M, Peak:0.02M | Scene, ViewLayer | Synchronizing object | Brass step nosing.057
Fra:1 Mem:164.81M (Peak 164.81M) | Time:00:00.27 | Mem:0.02M, Peak:0.02M | Scene, ViewLayer | Synchronizing object | Dressed stone tread.058
Fra:1 Mem:164.84M (Peak 164.84M) | Time:00:00.27 | Mem:0.02M, Peak:0.02M | Scene, ViewLayer | Synchronizing object | Brass step nosing.058
Fra:1 Mem:164.86M (Peak 164.86M) | Time:00:00.27 | Mem:0.02M, Peak:0.02M | Scene, ViewLayer | Synchronizing object | Dressed stone tread.059
Fra:1 Mem:164.87M (Peak 164.87M) | Time:00:00.27 | Mem:0.02M, Peak:0.02M | Scene, ViewLayer | Synchronizing object | Brass step nosing.059
Fra:1 Mem:164.88M (Peak 164.88M) | Time:00:00.27 | Mem:0.02M, Peak:0.02M | Scene, ViewLayer | Synchronizing object | Dressed stone tread.060
Fra:1 Mem:164.94M (Peak 164.94M) | Time:00:00.27 | Mem:0.02M, Peak:0.02M | Scene, ViewLayer | Synchronizing object | Brass step nosing.060
Fra:1 Mem:164.93M (Peak 164.94M) | Time:00:00.27 | Mem:0.02M, Peak:0.02M | Scene, ViewLayer | Synchronizing object | Dressed stone tread.061
Fra:1 Mem:164.96M (Peak 164.96M) | Time:00:00.27 | Mem:0.02M, Peak:0.02M | Scene, ViewLayer | Synchronizing object | Brass step nosing.061
Fra:1 Mem:165.00M (Peak 165.00M) | Time:00:00.27 | Mem:0.02M, Peak:0.02M | Scene, ViewLayer | Synchronizing object | Dressed stone tread.062
Fra:1 Mem:165.02M (Peak 165.02M) | Time:00:00.27 | Mem:0.02M, Peak:0.02M | Scene, ViewLayer | Synchronizing object | Brass step nosing.062
Fra:1 Mem:165.08M (Peak 165.08M) | Time:00:00.27 | Mem:0.02M, Peak:0.02M | Scene, ViewLayer | Synchronizing object | Dressed stone tread.063
Fra:1 Mem:165.04M (Peak 165.08M) | Time:00:00.27 | Mem:0.02M, Peak:0.02M | Scene, ViewLayer | Synchronizing object | Brass step nosing.063
Fra:1 Mem:165.09M (Peak 165.09M) | Time:00:00.27 | Mem:0.02M, Peak:0.02M | Scene, ViewLayer | Synchronizing object | Dressed stone tread.064
Fra:1 Mem:165.12M (Peak 165.12M) | Time:00:00.27 | Mem:0.02M, Peak:0.02M | Scene, ViewLayer | Synchronizing object | Brass step nosing.064
Fra:1 Mem:165.14M (Peak 165.14M) | Time:00:00.27 | Mem:0.02M, Peak:0.02M | Scene, ViewLayer | Synchronizing object | Dressed stone tread.065
Fra:1 Mem:165.16M (Peak 165.16M) | Time:00:00.27 | Mem:0.02M, Peak:0.02M | Scene, ViewLayer | Synchronizing object | Brass step nosing.065
Fra:1 Mem:165.18M (Peak 165.18M) | Time:00:00.27 | Mem:0.02M, Peak:0.02M | Scene, ViewLayer | Synchronizing object | Dressed stone tread.066
Fra:1 Mem:165.18M (Peak 165.18M) | Time:00:00.27 | Mem:0.02M, Peak:0.02M | Scene, ViewLayer | Synchronizing object | Brass step nosing.066
Fra:1 Mem:165.21M (Peak 165.21M) | Time:00:00.27 | Mem:0.02M, Peak:0.02M | Scene, ViewLayer | Synchronizing object | Slim brass handrail.010
Fra:1 Mem:165.25M (Peak 165.25M) | Time:00:00.27 | Mem:0.02M, Peak:0.02M | Scene, ViewLayer | Synchronizing object | Bronze baluster.042
Fra:1 Mem:165.25M (Peak 165.25M) | Time:00:00.27 | Mem:0.02M, Peak:0.02M | Scene, ViewLayer | Synchronizing object | Bronze baluster.043
Fra:1 Mem:165.24M (Peak 165.25M) | Time:00:00.27 | Mem:0.02M, Peak:0.02M | Scene, ViewLayer | Synchronizing object | Bronze baluster.044
Fra:1 Mem:165.24M (Peak 165.25M) | Time:00:00.27 | Mem:0.02M, Peak:0.02M | Scene, ViewLayer | Synchronizing object | Bronze baluster.045
Fra:1 Mem:165.24M (Peak 165.25M) | Time:00:00.27 | Mem:0.02M, Peak:0.02M | Scene, ViewLayer | Synchronizing object | Slim brass handrail.011
Fra:1 Mem:165.25M (Peak 165.25M) | Time:00:00.27 | Mem:0.02M, Peak:0.02M | Scene, ViewLayer | Synchronizing object | Bronze baluster.048
Fra:1 Mem:165.25M (Peak 165.25M) | Time:00:00.27 | Mem:0.02M, Peak:0.02M | Scene, ViewLayer | Synchronizing object | Summit dais
Fra:1 Mem:165.26M (Peak 165.26M) | Time:00:00.27 | Mem:0.02M, Peak:0.02M | Scene, ViewLayer | Synchronizing object | Summit lantern stylobate
Fra:1 Mem:165.29M (Peak 165.29M) | Time:00:00.27 | Mem:0.02M, Peak:0.02M | Scene, ViewLayer | Synchronizing object | Inset stone paving.004
Fra:1 Mem:165.33M (Peak 165.33M) | Time:00:00.27 | Mem:0.02M, Peak:0.02M | Scene, ViewLayer | Synchronizing object | Bronze inlay border.032
Fra:1 Mem:165.32M (Peak 165.33M) | Time:00:00.27 | Mem:0.02M, Peak:0.02M | Scene, ViewLayer | Synchronizing object | Bronze inlay border.033
Fra:1 Mem:165.41M (Peak 165.41M) | Time:00:00.27 | Mem:0.02M, Peak:0.02M | Scene, ViewLayer | Synchronizing object | Bronze inlay border.034
Fra:1 Mem:165.43M (Peak 165.43M) | Time:00:00.27 | Mem:0.02M, Peak:0.02M | Scene, ViewLayer | Synchronizing object | Bronze inlay border.035
Fra:1 Mem:165.45M (Peak 165.45M) | Time:00:00.27 | Mem:0.02M, Peak:0.02M | Scene, ViewLayer | Synchronizing object | Bronze inlay border.036
Fra:1 Mem:165.49M (Peak 165.49M) | Time:00:00.27 | Mem:0.02M, Peak:0.02M | Scene, ViewLayer | Synchronizing object | Bronze inlay border.037
Fra:1 Mem:165.48M (Peak 165.49M) | Time:00:00.27 | Mem:0.02M, Peak:0.02M | Scene, ViewLayer | Synchronizing object | Bronze inlay border.038
Fra:1 Mem:165.50M (Peak 165.50M) | Time:00:00.27 | Mem:0.02M, Peak:0.02M | Scene, ViewLayer | Synchronizing object | Bronze inlay border.039
Fra:1 Mem:165.53M (Peak 165.53M) | Time:00:00.27 | Mem:0.02M, Peak:0.02M | Scene, ViewLayer | Synchronizing object | Diamond inlaid stone.004
Fra:1 Mem:165.57M (Peak 165.57M) | Time:00:00.27 | Mem:0.02M, Peak:0.02M | Scene, ViewLayer | Synchronizing object | Summit lantern jamb
Fra:1 Mem:165.58M (Peak 165.58M) | Time:00:00.27 | Mem:0.02M, Peak:0.02M | Scene, ViewLayer | Synchronizing object | Summit lantern jamb.001
Fra:1 Mem:165.59M (Peak 165.59M) | Time:00:00.27 | Mem:0.02M, Peak:0.02M | Scene, ViewLayer | Synchronizing object | Summit lantern jamb.002
Fra:1 Mem:165.61M (Peak 165.61M) | Time:00:00.27 | Mem:0.02M, Peak:0.02M | Scene, ViewLayer | Synchronizing object | Summit lantern jamb.003
Fra:1 Mem:165.62M (Peak 165.62M) | Time:00:00.27 | Mem:0.02M, Peak:0.02M | Scene, ViewLayer | Synchronizing object | Summit lantern jamb.004
Fra:1 Mem:165.63M (Peak 165.63M) | Time:00:00.27 | Mem:0.02M, Peak:0.02M | Scene, ViewLayer | Synchronizing object | Summit lantern jamb.005
Fra:1 Mem:165.67M (Peak 165.67M) | Time:00:00.27 | Mem:0.02M, Peak:0.02M | Scene, ViewLayer | Synchronizing object | Summit lantern jamb.006
Fra:1 Mem:165.70M (Peak 165.70M) | Time:00:00.27 | Mem:0.02M, Peak:0.02M | Scene, ViewLayer | Synchronizing object | Summit lantern jamb.007
Fra:1 Mem:165.76M (Peak 165.76M) | Time:00:00.27 | Mem:0.02M, Peak:0.02M | Scene, ViewLayer | Synchronizing object | Summit lantern cornice
Fra:1 Mem:165.76M (Peak 165.76M) | Time:00:00.27 | Mem:0.02M, Peak:0.02M | Scene, ViewLayer | Synchronizing object | Summit lantern bronze roof curb
Fra:1 Mem:165.80M (Peak 165.80M) | Time:00:00.27 | Mem:0.02M, Peak:0.02M | Scene, ViewLayer | Synchronizing object | Gilded finial.004
Fra:1 Mem:165.81M (Peak 165.81M) | Time:00:00.27 | Mem:0.02M, Peak:0.02M | Scene, ViewLayer | Synchronizing object | Sphere.004
Fra:1 Mem:165.85M (Peak 165.85M) | Time:00:00.27 | Mem:0.02M, Peak:0.02M | Scene, ViewLayer | Synchronizing object | Slender flagstaff
Fra:1 Mem:165.83M (Peak 165.85M) | Time:00:00.27 | Mem:0.02M, Peak:0.02M | Scene, ViewLayer | Synchronizing object | Bronze inlay border.040
Fra:1 Mem:165.88M (Peak 165.88M) | Time:00:00.27 | Mem:0.02M, Peak:0.02M | Scene, ViewLayer | Synchronizing object | Bronze inlay border.041
Fra:1 Mem:165.90M (Peak 165.90M) | Time:00:00.27 | Mem:0.02M, Peak:0.02M | Scene, ViewLayer | Synchronizing object | Bronze inlay border.042
Fra:1 Mem:165.93M (Peak 165.93M) | Time:00:00.27 | Mem:0.02M, Peak:0.02M | Scene, ViewLayer | Synchronizing object | Bronze inlay border.043
Fra:1 Mem:165.95M (Peak 165.95M) | Time:00:00.27 | Mem:0.02M, Peak:0.02M | Scene, ViewLayer | Synchronizing object | Bronze inlay border.044
Fra:1 Mem:165.98M (Peak 165.98M) | Time:00:00.27 | Mem:0.02M, Peak:0.02M | Scene, ViewLayer | Synchronizing object | Bronze inlay border.045
Fra:1 Mem:166.01M (Peak 166.01M) | Time:00:00.27 | Mem:0.02M, Peak:0.02M | Scene, ViewLayer | Synchronizing object | Bronze inlay border.046
Fra:1 Mem:166.02M (Peak 166.02M) | Time:00:00.27 | Mem:0.02M, Peak:0.02M | Scene, ViewLayer | Synchronizing object | Bronze inlay border.047
Fra:1 Mem:166.03M (Peak 166.03M) | Time:00:00.27 | Mem:0.02M, Peak:0.02M | Scene, ViewLayer | Synchronizing object | Inset stone paving.006
Fra:1 Mem:166.07M (Peak 166.07M) | Time:00:00.27 | Mem:0.02M, Peak:0.02M | Scene, ViewLayer | Synchronizing object | Bronze inlay border.048
Fra:1 Mem:166.13M (Peak 166.13M) | Time:00:00.27 | Mem:0.02M, Peak:0.02M | Scene, ViewLayer | Synchronizing object | Bronze inlay border.049
Fra:1 Mem:166.11M (Peak 166.13M) | Time:00:00.27 | Mem:0.02M, Peak:0.02M | Scene, ViewLayer | Synchronizing object | Bronze inlay border.051
Fra:1 Mem:166.13M (Peak 166.13M) | Time:00:00.27 | Mem:0.02M, Peak:0.02M | Scene, ViewLayer | Synchronizing object | Bronze inlay border.053
Fra:1 Mem:166.23M (Peak 166.23M) | Time:00:00.27 | Mem:0.02M, Peak:0.02M | Scene, ViewLayer | Synchronizing object | Bronze inlay border.054
Fra:1 Mem:166.24M (Peak 166.24M) | Time:00:00.27 | Mem:0.02M, Peak:0.02M | Scene, ViewLayer | Synchronizing object | Diamond inlaid stone.006
Fra:1 Mem:166.27M (Peak 166.27M) | Time:00:00.27 | Mem:0.02M, Peak:0.02M | Scene, ViewLayer | Synchronizing object | Inset stone paving.007
Fra:1 Mem:166.30M (Peak 166.30M) | Time:00:00.27 | Mem:0.02M, Peak:0.02M | Scene, ViewLayer | Synchronizing object | Bronze inlay border.060
Fra:1 Mem:166.31M (Peak 166.31M) | Time:00:00.27 | Mem:0.02M, Peak:0.02M | Scene, ViewLayer | Synchronizing object | Bronze inlay border.062
Fra:1 Mem:166.29M (Peak 166.31M) | Time:00:00.27 | Mem:0.02M, Peak:0.02M | Scene, ViewLayer | Synchronizing object | Diamond inlaid stone.007
Fra:1 Mem:166.46M (Peak 166.46M) | Time:00:00.27 | Mem:0.02M, Peak:0.02M | Scene, ViewLayer | Synchronizing object | Inset stone paving.008
Fra:1 Mem:166.48M (Peak 166.48M) | Time:00:00.27 | Mem:0.02M, Peak:0.02M | Scene, ViewLayer | Synchronizing object | Bronze inlay border.064
Fra:1 Mem:166.48M (Peak 166.48M) | Time:00:00.27 | Mem:0.02M, Peak:0.02M | Scene, ViewLayer | Synchronizing object | Bronze inlay border.065
Fra:1 Mem:166.48M (Peak 166.48M) | Time:00:00.27 | Mem:0.02M, Peak:0.02M | Scene, ViewLayer | Synchronizing object | Bronze inlay border.066
Fra:1 Mem:166.57M (Peak 166.57M) | Time:00:00.27 | Mem:0.02M, Peak:0.02M | Scene, ViewLayer | Synchronizing object | Bronze inlay border.067
Fra:1 Mem:166.58M (Peak 166.58M) | Time:00:00.27 | Mem:0.02M, Peak:0.02M | Scene, ViewLayer | Synchronizing object | Bronze inlay border.068
Fra:1 Mem:166.61M (Peak 166.61M) | Time:00:00.27 | Mem:0.02M, Peak:0.02M | Scene, ViewLayer | Synchronizing object | Bronze inlay border.069
Fra:1 Mem:166.61M (Peak 166.61M) | Time:00:00.27 | Mem:0.02M, Peak:0.02M | Scene, ViewLayer | Synchronizing object | Bronze inlay border.070
Fra:1 Mem:166.68M (Peak 166.68M) | Time:00:00.27 | Mem:0.02M, Peak:0.02M | Scene, ViewLayer | Synchronizing object | Bronze inlay border.071
Fra:1 Mem:166.70M (Peak 166.70M) | Time:00:00.27 | Mem:0.02M, Peak:0.02M | Scene, ViewLayer | Synchronizing object | Bronze inlay border.074
Fra:1 Mem:166.72M (Peak 166.72M) | Time:00:00.27 | Mem:0.02M, Peak:0.02M | Scene, ViewLayer | Synchronizing object | Bronze inlay border.075
Fra:1 Mem:166.85M (Peak 166.86M) | Time:00:00.27 | Mem:0.02M, Peak:0.02M | Scene, ViewLayer | Synchronizing object | Bronze inlay border.076
Fra:1 Mem:166.86M (Peak 166.86M) | Time:00:00.27 | Mem:0.02M, Peak:0.02M | Scene, ViewLayer | Synchronizing object | Bronze inlay border.077
Fra:1 Mem:166.85M (Peak 166.86M) | Time:00:00.27 | Mem:0.02M, Peak:0.02M | Scene, ViewLayer | Synchronizing object | Diamond inlaid stone.009
Fra:1 Mem:166.86M (Peak 166.86M) | Time:00:00.27 | Mem:0.02M, Peak:0.02M | Scene, ViewLayer | Synchronizing object | Refracting sea | displaced surface and enclosed volume
Fra:1 Mem:167.04M (Peak 167.04M) | Time:00:00.27 | Mem:0.02M, Peak:0.02M | Scene, ViewLayer | Synchronizing object | Scanned warm rock outcrop
Fra:1 Mem:166.99M (Peak 167.04M) | Time:00:00.27 | Mem:0.02M, Peak:0.02M | Scene, ViewLayer | Synchronizing object | Scanned warm rock outcrop.001
Fra:1 Mem:166.98M (Peak 167.04M) | Time:00:00.27 | Mem:0.02M, Peak:0.02M | Scene, ViewLayer | Synchronizing object | Scanned warm rock outcrop.003
Fra:1 Mem:167.02M (Peak 167.04M) | Time:00:00.27 | Mem:0.02M, Peak:0.02M | Scene, ViewLayer | Synchronizing object | Scanned warm rock outcrop.004
Fra:1 Mem:167.08M (Peak 167.08M) | Time:00:00.27 | Mem:0.02M, Peak:0.02M | Scene, ViewLayer | Synchronizing object | Scanned warm rock outcrop.006
Fra:1 Mem:167.08M (Peak 167.08M) | Time:00:00.27 | Mem:0.02M, Peak:0.02M | Scene, ViewLayer | Synchronizing object | Scanned warm rock outcrop.007
Fra:1 Mem:167.22M (Peak 167.22M) | Time:00:00.27 | Mem:0.02M, Peak:0.02M | Scene, ViewLayer | Synchronizing object | Scanned warm rock outcrop.008
Fra:1 Mem:167.27M (Peak 167.27M) | Time:00:00.27 | Mem:0.02M, Peak:0.02M | Scene, ViewLayer | Synchronizing object | Scanned warm rock outcrop.009
Fra:1 Mem:167.28M (Peak 167.28M) | Time:00:00.27 | Mem:0.02M, Peak:0.02M | Scene, ViewLayer | Synchronizing object | Stair vault
Fra:1 Mem:167.69M (Peak 167.69M) | Time:00:00.27 | Mem:0.02M, Peak:0.02M | Scene, ViewLayer | Synchronizing object | Stair vault.001
Fra:1 Mem:168.14M (Peak 168.14M) | Time:00:00.27 | Mem:0.02M, Peak:0.02M | Scene, ViewLayer | Synchronizing object | Stair vault.002
Fra:1 Mem:168.39M (Peak 168.39M) | Time:00:00.27 | Mem:0.02M, Peak:0.02M | Scene, ViewLayer | Synchronizing object | Stair vault.003
Fra:1 Mem:169.78M (Peak 169.78M) | Time:00:00.27 | Mem:0.02M, Peak:0.02M | Scene, ViewLayer | Synchronizing object | Sea arcade arch
Fra:1 Mem:169.78M (Peak 169.78M) | Time:00:00.27 | Mem:0.02M, Peak:0.02M | Scene, ViewLayer | Synchronizing object | Sea arcade voussoir
Fra:1 Mem:174.09M (Peak 174.09M) | Time:00:00.28 | Mem:0.02M, Peak:0.02M | Scene, ViewLayer | Synchronizing object | Sea arcade voussoir.001
Fra:1 Mem:175.36M (Peak 175.36M) | Time:00:00.28 | Mem:0.02M, Peak:0.02M | Scene, ViewLayer | Synchronizing object | Sea arcade voussoir.003
Fra:1 Mem:175.27M (Peak 175.36M) | Time:00:00.28 | Mem:0.02M, Peak:0.02M | Scene, ViewLayer | Synchronizing object | Sea arcade voussoir.004
Fra:1 Mem:176.46M (Peak 176.46M) | Time:00:00.28 | Mem:0.02M, Peak:0.02M | Scene, ViewLayer | Synchronizing object | Sea arcade voussoir.005
Fra:1 Mem:176.47M (Peak 176.47M) | Time:00:00.28 | Mem:0.02M, Peak:0.02M | Scene, ViewLayer | Synchronizing object | Raised standing seam
Fra:1 Mem:176.56M (Peak 176.56M) | Time:00:00.28 | Mem:0.02M, Peak:0.02M | Scene, ViewLayer | Synchronizing object | Sea arcade voussoir.007
Fra:1 Mem:176.58M (Peak 176.58M) | Time:00:00.28 | Mem:0.02M, Peak:0.02M | Scene, ViewLayer | Synchronizing object | Sea arcade voussoir.009
Fra:1 Mem:176.63M (Peak 176.63M) | Time:00:00.28 | Mem:0.02M, Peak:0.02M | Scene, ViewLayer | Synchronizing object | Raised standing seam.001
Fra:1 Mem:176.63M (Peak 176.63M) | Time:00:00.28 | Mem:0.02M, Peak:0.02M | Scene, ViewLayer | Synchronizing object | Sea arcade voussoir.010
Fra:1 Mem:176.65M (Peak 176.65M) | Time:00:00.28 | Mem:0.02M, Peak:0.02M | Scene, ViewLayer | Synchronizing object | Sea arcade voussoir.011
Fra:1 Mem:176.66M (Peak 176.66M) | Time:00:00.28 | Mem:0.02M, Peak:0.02M | Scene, ViewLayer | Synchronizing object | Sea arcade voussoir.012
Fra:1 Mem:176.72M (Peak 176.72M) | Time:00:00.28 | Mem:0.02M, Peak:0.02M | Scene, ViewLayer | Synchronizing object | Sea arcade voussoir.013
Fra:1 Mem:176.72M (Peak 176.72M) | Time:00:00.28 | Mem:0.02M, Peak:0.02M | Scene, ViewLayer | Synchronizing object | Sea arcade voussoir.014
Fra:1 Mem:176.82M (Peak 176.82M) | Time:00:00.28 | Mem:0.02M, Peak:0.02M | Scene, ViewLayer | Synchronizing object | Sea arcade voussoir.015
Fra:1 Mem:176.82M (Peak 176.82M) | Time:00:00.28 | Mem:0.02M, Peak:0.02M | Scene, ViewLayer | Synchronizing object | Sea arcade voussoir.016
Fra:1 Mem:176.87M (Peak 176.87M) | Time:00:00.28 | Mem:0.02M, Peak:0.02M | Scene, ViewLayer | Synchronizing object | Raised standing seam.002
Fra:1 Mem:176.99M (Peak 176.99M) | Time:00:00.28 | Mem:0.02M, Peak:0.02M | Scene, ViewLayer | Synchronizing object | Sea arcade voussoir.017
Fra:1 Mem:177.02M (Peak 177.02M) | Time:00:00.28 | Mem:0.02M, Peak:0.02M | Scene, ViewLayer | Synchronizing object | Sea arcade voussoir.019
Fra:1 Mem:177.04M (Peak 177.04M) | Time:00:00.28 | Mem:0.02M, Peak:0.02M | Scene, ViewLayer | Synchronizing object | Sea arcade voussoir.020
Fra:1 Mem:177.29M (Peak 177.29M) | Time:00:00.28 | Mem:0.02M, Peak:0.02M | Scene, ViewLayer | Synchronizing object | Sea arcade voussoir.021
Fra:1 Mem:177.35M (Peak 177.35M) | Time:00:00.28 | Mem:0.02M, Peak:0.02M | Scene, ViewLayer | Synchronizing object | Sea arcade voussoir.022
Fra:1 Mem:177.32M (Peak 177.35M) | Time:00:00.28 | Mem:0.02M, Peak:0.02M | Scene, ViewLayer | Synchronizing object | Sea arcade voussoir.023
Fra:1 Mem:177.32M (Peak 177.35M) | Time:00:00.28 | Mem:0.02M, Peak:0.02M | Scene, ViewLayer | Synchronizing object | Sea arcade voussoir.025
Fra:1 Mem:178.03M (Peak 178.03M) | Time:00:00.28 | Mem:0.02M, Peak:0.02M | Scene, ViewLayer | Synchronizing object | Sea arcade voussoir.026
Fra:1 Mem:178.04M (Peak 178.04M) | Time:00:00.28 | Mem:0.02M, Peak:0.02M | Scene, ViewLayer | Synchronizing object | Sea arcade voussoir.027
Fra:1 Mem:178.27M (Peak 178.27M) | Time:00:00.28 | Mem:0.02M, Peak:0.02M | Scene, ViewLayer | Synchronizing object | Sea arcade voussoir.028
Fra:1 Mem:178.16M (Peak 178.27M) | Time:00:00.28 | Mem:0.02M, Peak:0.02M | Scene, ViewLayer | Synchronizing object | Sea arcade voussoir.030
Fra:1 Mem:178.17M (Peak 178.27M) | Time:00:00.28 | Mem:0.02M, Peak:0.02M | Scene, ViewLayer | Synchronizing object | Raised standing seam.004
Fra:1 Mem:178.36M (Peak 178.36M) | Time:00:00.28 | Mem:0.02M, Peak:0.02M | Scene, ViewLayer | Synchronizing object | Raised standing seam.005
Fra:1 Mem:179.53M (Peak 179.53M) | Time:00:00.28 | Mem:0.02M, Peak:0.02M | Scene, ViewLayer | Synchronizing object | Sea arcade voussoir.031
Fra:1 Mem:179.56M (Peak 179.56M) | Time:00:00.28 | Mem:0.02M, Peak:0.02M | Scene, ViewLayer | Synchronizing object | Sea arcade voussoir.032
Fra:1 Mem:179.59M (Peak 179.59M) | Time:00:00.28 | Mem:0.02M, Peak:0.02M | Scene, ViewLayer | Synchronizing object | Sea arcade voussoir.033
Fra:1 Mem:179.62M (Peak 179.62M) | Time:00:00.28 | Mem:0.02M, Peak:0.02M | Scene, ViewLayer | Synchronizing object | Raised standing seam.006
Fra:1 Mem:179.69M (Peak 179.69M) | Time:00:00.28 | Mem:0.02M, Peak:0.02M | Scene, ViewLayer | Synchronizing object | Sea arcade voussoir.034
Fra:1 Mem:179.72M (Peak 179.72M) | Time:00:00.28 | Mem:0.02M, Peak:0.02M | Scene, ViewLayer | Synchronizing object | Raised standing seam.007
Fra:1 Mem:179.81M (Peak 179.81M) | Time:00:00.28 | Mem:0.02M, Peak:0.02M | Scene, ViewLayer | Synchronizing object | Sea arcade voussoir.036
Fra:1 Mem:179.84M (Peak 179.84M) | Time:00:00.28 | Mem:0.02M, Peak:0.02M | Scene, ViewLayer | Synchronizing object | Raised standing seam.008
Fra:1 Mem:179.90M (Peak 179.90M) | Time:00:00.28 | Mem:0.02M, Peak:0.02M | Scene, ViewLayer | Synchronizing object | Sea arcade voussoir.037
Fra:1 Mem:180.13M (Peak 180.13M) | Time:00:00.28 | Mem:0.02M, Peak:0.02M | Scene, ViewLayer | Synchronizing object | Sea arcade voussoir.038
Fra:1 Mem:180.17M (Peak 180.17M) | Time:00:00.28 | Mem:0.02M, Peak:0.02M | Scene, ViewLayer | Synchronizing object | Sea arcade voussoir.039
Fra:1 Mem:180.21M (Peak 180.21M) | Time:00:00.28 | Mem:0.02M, Peak:0.02M | Scene, ViewLayer | Synchronizing object | Sea arcade voussoir.040
Fra:1 Mem:180.26M (Peak 180.26M) | Time:00:00.28 | Mem:0.02M, Peak:0.02M | Scene, ViewLayer | Synchronizing object | Raised standing seam.009
Fra:1 Mem:180.42M (Peak 180.42M) | Time:00:00.28 | Mem:0.02M, Peak:0.02M | Scene, ViewLayer | Synchronizing object | Raised standing seam.010
Fra:1 Mem:180.44M (Peak 180.44M) | Time:00:00.28 | Mem:0.02M, Peak:0.02M | Scene, ViewLayer | Synchronizing object | Raised standing seam.011
Fra:1 Mem:180.53M (Peak 180.53M) | Time:00:00.28 | Mem:0.02M, Peak:0.02M | Scene, ViewLayer | Synchronizing object | Raised standing seam.012
Fra:1 Mem:180.58M (Peak 180.58M) | Time:00:00.28 | Mem:0.02M, Peak:0.02M | Scene, ViewLayer | Synchronizing object | Sea arcade voussoir.042
Fra:1 Mem:180.62M (Peak 180.62M) | Time:00:00.28 | Mem:0.02M, Peak:0.02M | Scene, ViewLayer | Synchronizing object | Raised standing seam.013
Fra:1 Mem:180.70M (Peak 180.70M) | Time:00:00.28 | Mem:0.02M, Peak:0.02M | Scene, ViewLayer | Synchronizing object | Sea arcade voussoir.043
Fra:1 Mem:180.84M (Peak 180.84M) | Time:00:00.28 | Mem:0.02M, Peak:0.02M | Scene, ViewLayer | Synchronizing object | Raised standing seam.014
Fra:1 Mem:180.80M (Peak 180.84M) | Time:00:00.28 | Mem:0.02M, Peak:0.02M | Scene, ViewLayer | Synchronizing object | Sea arcade voussoir.044
Fra:1 Mem:180.82M (Peak 180.84M) | Time:00:00.28 | Mem:0.02M, Peak:0.02M | Scene, ViewLayer | Synchronizing object | Sea arcade voussoir.045
Fra:1 Mem:180.84M (Peak 180.84M) | Time:00:00.28 | Mem:0.02M, Peak:0.02M | Scene, ViewLayer | Synchronizing object | Sea arcade voussoir.046
Fra:1 Mem:180.88M (Peak 180.88M) | Time:00:00.28 | Mem:0.02M, Peak:0.02M | Scene, ViewLayer | Synchronizing object | Sea arcade voussoir.047
Fra:1 Mem:180.91M (Peak 180.91M) | Time:00:00.28 | Mem:0.02M, Peak:0.02M | Scene, ViewLayer | Synchronizing object | Sea arcade voussoir.048
Fra:1 Mem:180.90M (Peak 180.91M) | Time:00:00.28 | Mem:0.02M, Peak:0.02M | Scene, ViewLayer | Synchronizing object | Sea arcade voussoir.049
Fra:1 Mem:180.94M (Peak 180.94M) | Time:00:00.28 | Mem:0.02M, Peak:0.02M | Scene, ViewLayer | Synchronizing object | Raised standing seam.015
Fra:1 Mem:180.99M (Peak 180.99M) | Time:00:00.28 | Mem:0.02M, Peak:0.02M | Scene, ViewLayer | Synchronizing object | Sea arcade voussoir.050
Fra:1 Mem:181.08M (Peak 181.08M) | Time:00:00.28 | Mem:0.02M, Peak:0.02M | Scene, ViewLayer | Synchronizing object | Stair vault.004
Fra:1 Mem:181.11M (Peak 181.11M) | Time:00:00.28 | Mem:0.02M, Peak:0.02M | Scene, ViewLayer | Synchronizing object | Dome rolled rim
Fra:1 Mem:181.13M (Peak 181.13M) | Time:00:00.28 | Mem:0.02M, Peak:0.02M | Scene, ViewLayer | Synchronizing object | Arrival shrine arch
Fra:1 Mem:181.14M (Peak 181.14M) | Time:00:00.28 | Mem:0.02M, Peak:0.02M | Scene, ViewLayer | Synchronizing object | Arrival shrine arch.001
Fra:1 Mem:182.13M (Peak 182.13M) | Time:00:00.28 | Mem:0.02M, Peak:0.02M | Scene, ViewLayer | Synchronizing object | Arrival shrine arch.002
Fra:1 Mem:182.69M (Peak 182.69M) | Time:00:00.28 | Mem:0.02M, Peak:0.02M | Scene, ViewLayer | Synchronizing object | Dome rolled rim.001
Fra:1 Mem:183.03M (Peak 183.03M) | Time:00:00.28 | Mem:0.02M, Peak:0.02M | Scene, ViewLayer | Synchronizing object | Arrival shrine arch.003
Fra:1 Mem:183.12M (Peak 183.12M) | Time:00:00.28 | Mem:0.02M, Peak:0.02M | Scene, ViewLayer | Synchronizing object | Raised standing seam.016
Fra:1 Mem:183.20M (Peak 183.20M) | Time:00:00.28 | Mem:0.02M, Peak:0.02M | Scene, ViewLayer | Synchronizing object | Arrival shrine copper dome
Fra:1 Mem:183.48M (Peak 183.48M) | Time:00:00.28 | Mem:0.02M, Peak:0.02M | Scene, ViewLayer | Synchronizing object | Raised standing seam.017
Fra:1 Mem:184.08M (Peak 184.08M) | Time:00:00.29 | Mem:0.02M, Peak:0.02M | Scene, ViewLayer | Synchronizing object | Raised standing seam.018
Fra:1 Mem:184.71M (Peak 184.71M) | Time:00:00.29 | Mem:0.02M, Peak:0.02M | Scene, ViewLayer | Synchronizing object | Raised standing seam.019
Fra:1 Mem:185.22M (Peak 185.22M) | Time:00:00.29 | Mem:0.02M, Peak:0.02M | Scene, ViewLayer | Synchronizing object | Raised standing seam.020
Fra:1 Mem:185.43M (Peak 185.43M) | Time:00:00.29 | Mem:0.02M, Peak:0.02M | Scene, ViewLayer | Synchronizing object | Island pavilion 0 arch.001
Fra:1 Mem:185.54M (Peak 185.54M) | Time:00:00.29 | Mem:0.02M, Peak:0.02M | Scene, ViewLayer | Synchronizing object | Raised standing seam.021
Fra:1 Mem:186.48M (Peak 186.48M) | Time:00:00.29 | Mem:0.02M, Peak:0.02M | Scene, ViewLayer | Synchronizing object | Raised standing seam.022
Fra:1 Mem:186.69M (Peak 186.69M) | Time:00:00.29 | Mem:0.02M, Peak:0.02M | Scene, ViewLayer | Synchronizing object | Island pavilion 0 arch.002
Fra:1 Mem:187.00M (Peak 187.00M) | Time:00:00.29 | Mem:0.02M, Peak:0.02M | Scene, ViewLayer | Synchronizing object | Raised standing seam.023
Fra:1 Mem:187.03M (Peak 187.03M) | Time:00:00.29 | Mem:0.02M, Peak:0.02M | Scene, ViewLayer | Synchronizing object | Island pavilion 0 arch.003
Fra:1 Mem:187.29M (Peak 187.29M) | Time:00:00.29 | Mem:0.02M, Peak:0.02M | Scene, ViewLayer | Synchronizing object | Raised standing seam.024
Fra:1 Mem:187.51M (Peak 187.51M) | Time:00:00.29 | Mem:0.02M, Peak:0.02M | Scene, ViewLayer | Synchronizing object | Island pavilion 0 copper dome
Fra:1 Mem:187.57M (Peak 187.57M) | Time:00:00.29 | Mem:0.02M, Peak:0.02M | Scene, ViewLayer | Synchronizing object | Raised standing seam.025
Fra:1 Mem:187.66M (Peak 187.66M) | Time:00:00.29 | Mem:0.02M, Peak:0.02M | Scene, ViewLayer | Synchronizing object | Raised standing seam.026
Fra:1 Mem:189.54M (Peak 189.54M) | Time:00:00.29 | Mem:0.02M, Peak:0.02M | Scene, ViewLayer | Synchronizing object | Raised standing seam.027
Fra:1 Mem:189.63M (Peak 189.63M) | Time:00:00.29 | Mem:0.02M, Peak:0.02M | Scene, ViewLayer | Synchronizing object | Raised standing seam.028
Fra:1 Mem:189.82M (Peak 189.82M) | Time:00:00.29 | Mem:0.02M, Peak:0.02M | Scene, ViewLayer | Synchronizing object | Raised standing seam.029
Fra:1 Mem:190.04M (Peak 190.04M) | Time:00:00.29 | Mem:0.02M, Peak:0.02M | Scene, ViewLayer | Synchronizing object | Raised standing seam.030
Fra:1 Mem:190.18M (Peak 190.18M) | Time:00:00.29 | Mem:0.02M, Peak:0.02M | Scene, ViewLayer | Synchronizing object | Raised standing seam.031
Fra:1 Mem:190.27M (Peak 190.27M) | Time:00:00.29 | Mem:0.02M, Peak:0.02M | Scene, ViewLayer | Synchronizing object | Dome rolled rim.002
Fra:1 Mem:190.38M (Peak 190.38M) | Time:00:00.29 | Mem:0.02M, Peak:0.02M | Scene, ViewLayer | Synchronizing object | Dome rolled rim.003
Fra:1 Mem:190.50M (Peak 190.50M) | Time:00:00.29 | Mem:0.02M, Peak:0.02M | Scene, ViewLayer | Synchronizing object | Raised standing seam.032
Fra:1 Mem:190.59M (Peak 190.59M) | Time:00:00.29 | Mem:0.02M, Peak:0.02M | Scene, ViewLayer | Synchronizing object | Raised standing seam.033
Fra:1 Mem:190.68M (Peak 190.68M) | Time:00:00.29 | Mem:0.02M, Peak:0.02M | Scene, ViewLayer | Synchronizing object | Raised standing seam.034
Fra:1 Mem:190.76M (Peak 190.76M) | Time:00:00.29 | Mem:0.02M, Peak:0.02M | Scene, ViewLayer | Synchronizing object | Raised standing seam.035
Fra:1 Mem:191.01M (Peak 191.01M) | Time:00:00.29 | Mem:0.02M, Peak:0.02M | Scene, ViewLayer | Synchronizing object | Raised standing seam.036
Fra:1 Mem:191.10M (Peak 191.10M) | Time:00:00.29 | Mem:0.02M, Peak:0.02M | Scene, ViewLayer | Synchronizing object | Raised standing seam.037
Fra:1 Mem:191.19M (Peak 191.19M) | Time:00:00.29 | Mem:0.02M, Peak:0.02M | Scene, ViewLayer | Synchronizing object | Raised standing seam.038
Fra:1 Mem:191.27M (Peak 191.27M) | Time:00:00.29 | Mem:0.02M, Peak:0.02M | Scene, ViewLayer | Synchronizing object | Raised standing seam.039
Fra:1 Mem:191.36M (Peak 191.36M) | Time:00:00.30 | Mem:0.02M, Peak:0.02M | Scene, ViewLayer | Synchronizing object | Raised standing seam.040
Fra:1 Mem:191.47M (Peak 191.47M) | Time:00:00.30 | Mem:0.02M, Peak:0.02M | Scene, ViewLayer | Synchronizing object | Raised standing seam.041
Fra:1 Mem:192.29M (Peak 192.29M) | Time:00:00.30 | Mem:0.02M, Peak:0.02M | Scene, ViewLayer | Synchronizing object | Raised standing seam.042
Fra:1 Mem:192.69M (Peak 192.69M) | Time:00:00.30 | Mem:0.02M, Peak:0.02M | Scene, ViewLayer | Synchronizing object | Raised standing seam.043
Fra:1 Mem:192.77M (Peak 192.77M) | Time:00:00.30 | Mem:0.02M, Peak:0.02M | Scene, ViewLayer | Synchronizing object | Raised standing seam.044
Fra:1 Mem:193.66M (Peak 193.66M) | Time:00:00.30 | Mem:0.02M, Peak:0.02M | Scene, ViewLayer | Synchronizing object | Raised standing seam.045
Fra:1 Mem:193.94M (Peak 193.94M) | Time:00:00.30 | Mem:0.02M, Peak:0.02M | Scene, ViewLayer | Synchronizing object | Raised standing seam.046
Fra:1 Mem:194.13M (Peak 194.13M) | Time:00:00.30 | Mem:0.02M, Peak:0.02M | Scene, ViewLayer | Synchronizing object | Raised standing seam.047
Fra:1 Mem:194.21M (Peak 194.21M) | Time:00:00.30 | Mem:0.02M, Peak:0.02M | Scene, ViewLayer | Synchronizing object | Dome rolled rim.004
Fra:1 Mem:194.31M (Peak 194.31M) | Time:00:00.30 | Mem:0.02M, Peak:0.02M | Scene, ViewLayer | Synchronizing object | Island pavilion 1 arch.001
Fra:1 Mem:194.33M (Peak 194.33M) | Time:00:00.30 | Mem:0.02M, Peak:0.02M | Scene, ViewLayer | Synchronizing object | Island pavilion 1 arch.002
Fra:1 Mem:196.90M (Peak 196.90M) | Time:00:00.30 | Mem:0.02M, Peak:0.02M | Scene, ViewLayer | Synchronizing object | Island pavilion 1 arch.003
Fra:1 Mem:198.77M (Peak 198.77M) | Time:00:00.30 | Mem:0.02M, Peak:0.02M | Scene, ViewLayer | Synchronizing object | Raised standing seam.048
Fra:1 Mem:199.39M (Peak 199.39M) | Time:00:00.30 | Mem:0.02M, Peak:0.02M | Scene, ViewLayer | Synchronizing object | Island pavilion 1 copper dome
Fra:1 Mem:199.55M (Peak 199.55M) | Time:00:00.30 | Mem:0.02M, Peak:0.02M | Scene, ViewLayer | Synchronizing object | Island pavilion 2 arch
Fra:1 Mem:199.75M (Peak 199.75M) | Time:00:00.30 | Mem:0.02M, Peak:0.02M | Scene, ViewLayer | Synchronizing object | Island pavilion 2 arch.001
Fra:1 Mem:199.95M (Peak 199.95M) | Time:00:00.30 | Mem:0.02M, Peak:0.02M | Scene, ViewLayer | Synchronizing object | Island pavilion 2 arch.002
Fra:1 Mem:200.29M (Peak 200.29M) | Time:00:00.30 | Mem:0.02M, Peak:0.02M | Scene, ViewLayer | Synchronizing object | Island pavilion 2 arch.003
Fra:1 Mem:201.40M (Peak 201.40M) | Time:00:00.30 | Mem:0.02M, Peak:0.02M | Scene, ViewLayer | Synchronizing object | Raised standing seam.049
Fra:1 Mem:201.51M (Peak 201.51M) | Time:00:00.30 | Mem:0.02M, Peak:0.02M | Scene, ViewLayer | Synchronizing object | Raised standing seam.050
Fra:1 Mem:201.59M (Peak 201.59M) | Time:00:00.30 | Mem:0.02M, Peak:0.02M | Scene, ViewLayer | Synchronizing object | Raised standing seam.051
Fra:1 Mem:202.01M (Peak 202.01M) | Time:00:00.30 | Mem:0.02M, Peak:0.02M | Scene, ViewLayer | Synchronizing object | Raised standing seam.052
Fra:1 Mem:201.77M (Peak 202.01M) | Time:00:00.31 | Mem:0.02M, Peak:0.02M | Scene, ViewLayer | Synchronizing object | Island pavilion 2 copper dome
Fra:1 Mem:202.45M (Peak 202.45M) | Time:00:00.31 | Mem:0.02M, Peak:0.02M | Scene, ViewLayer | Synchronizing object | Raised standing seam.053
Fra:1 Mem:202.59M (Peak 202.59M) | Time:00:00.31 | Mem:0.02M, Peak:0.02M | Scene, ViewLayer | Synchronizing object | Raised standing seam.054
Fra:1 Mem:204.45M (Peak 204.45M) | Time:00:00.31 | Mem:0.02M, Peak:0.02M | Scene, ViewLayer | Synchronizing object | Raised standing seam.055
Fra:1 Mem:210.02M (Peak 210.02M) | Time:00:00.31 | Mem:0.02M, Peak:0.02M | Scene, ViewLayer | Synchronizing object | Raised standing seam.056
Fra:1 Mem:211.59M (Peak 211.59M) | Time:00:00.31 | Mem:0.02M, Peak:0.02M | Scene, ViewLayer | Synchronizing object | Raised standing seam.057
Fra:1 Mem:211.87M (Peak 211.87M) | Time:00:00.31 | Mem:0.02M, Peak:0.02M | Scene, ViewLayer | Synchronizing object | Raised standing seam.058
Fra:1 Mem:211.89M (Peak 211.89M) | Time:00:00.31 | Mem:0.02M, Peak:0.02M | Scene, ViewLayer | Synchronizing object | Raised standing seam.059
Fra:1 Mem:213.16M (Peak 213.16M) | Time:00:00.31 | Mem:0.02M, Peak:0.02M | Scene, ViewLayer | Synchronizing object | Raised standing seam.060
Fra:1 Mem:212.49M (Peak 213.16M) | Time:00:00.31 | Mem:0.02M, Peak:0.02M | Scene, ViewLayer | Synchronizing object | Raised standing seam.061
Fra:1 Mem:212.58M (Peak 213.16M) | Time:00:00.31 | Mem:0.02M, Peak:0.02M | Scene, ViewLayer | Synchronizing object | Raised standing seam.062
Fra:1 Mem:212.67M (Peak 213.16M) | Time:00:00.31 | Mem:0.02M, Peak:0.02M | Scene, ViewLayer | Synchronizing object | Raised standing seam.063
Fra:1 Mem:212.75M (Peak 213.16M) | Time:00:00.31 | Mem:0.02M, Peak:0.02M | Scene, ViewLayer | Synchronizing object | Dome rolled rim.006
Fra:1 Mem:213.31M (Peak 213.31M) | Time:00:00.31 | Mem:0.02M, Peak:0.02M | Scene, ViewLayer | Synchronizing object | Dome rolled rim.007
Fra:1 Mem:213.43M (Peak 213.43M) | Time:00:00.31 | Mem:0.02M, Peak:0.02M | Scene, ViewLayer | Synchronizing object | High cliff bridge arch
Fra:1 Mem:213.64M (Peak 213.64M) | Time:00:00.31 | Mem:0.02M, Peak:0.02M | Scene, ViewLayer | Synchronizing object | High cliff bridge voussoir
Fra:1 Mem:213.75M (Peak 213.75M) | Time:00:00.31 | Mem:0.02M, Peak:0.02M | Scene, ViewLayer | Synchronizing object | High cliff bridge voussoir.001
Fra:1 Mem:213.81M (Peak 213.81M) | Time:00:00.31 | Mem:0.02M, Peak:0.02M | Scene, ViewLayer | Synchronizing object | High cliff bridge voussoir.002
Fra:1 Mem:213.71M (Peak 213.81M) | Time:00:00.31 | Mem:0.02M, Peak:0.02M | Scene, ViewLayer | Synchronizing object | High cliff bridge voussoir.003
Fra:1 Mem:213.71M (Peak 213.81M) | Time:00:00.31 | Mem:0.02M, Peak:0.02M | Scene, ViewLayer | Synchronizing object | High cliff bridge voussoir.005
Fra:1 Mem:213.74M (Peak 213.81M) | Time:00:00.31 | Mem:0.02M, Peak:0.02M | Scene, ViewLayer | Synchronizing object | High cliff bridge voussoir.004
Fra:1 Mem:213.77M (Peak 213.81M) | Time:00:00.31 | Mem:0.02M, Peak:0.02M | Scene, ViewLayer | Synchronizing object | High cliff bridge voussoir.006
Fra:1 Mem:213.97M (Peak 213.97M) | Time:00:00.31 | Mem:0.02M, Peak:0.02M | Scene, ViewLayer | Synchronizing object | High cliff bridge voussoir.007
Fra:1 Mem:213.98M (Peak 213.98M) | Time:00:00.31 | Mem:0.02M, Peak:0.02M | Scene, ViewLayer | Synchronizing object | Raised standing seam.064
Fra:1 Mem:214.10M (Peak 214.10M) | Time:00:00.31 | Mem:0.02M, Peak:0.02M | Scene, ViewLayer | Synchronizing object | Raised standing seam.065
Fra:1 Mem:214.12M (Peak 214.12M) | Time:00:00.31 | Mem:0.02M, Peak:0.02M | Scene, ViewLayer | Synchronizing object | High cliff bridge voussoir.008
Fra:1 Mem:214.19M (Peak 214.19M) | Time:00:00.31 | Mem:0.02M, Peak:0.02M | Scene, ViewLayer | Synchronizing object | High cliff bridge voussoir.009
Fra:1 Mem:214.26M (Peak 214.26M) | Time:00:00.31 | Mem:0.02M, Peak:0.02M | Scene, ViewLayer | Synchronizing object | Raised standing seam.066
Fra:1 Mem:214.35M (Peak 214.35M) | Time:00:00.31 | Mem:0.02M, Peak:0.02M | Scene, ViewLayer | Synchronizing object | High cliff bridge voussoir.011
Fra:1 Mem:214.14M (Peak 214.35M) | Time:00:00.31 | Mem:0.02M, Peak:0.02M | Scene, ViewLayer | Synchronizing object | High cliff bridge voussoir.012
Fra:1 Mem:214.18M (Peak 214.35M) | Time:00:00.31 | Mem:0.02M, Peak:0.02M | Scene, ViewLayer | Synchronizing object | High cliff bridge voussoir.013
Fra:1 Mem:214.19M (Peak 214.35M) | Time:00:00.31 | Mem:0.02M, Peak:0.02M | Scene, ViewLayer | Synchronizing object | High cliff bridge voussoir.014
Fra:1 Mem:214.23M (Peak 214.35M) | Time:00:00.31 | Mem:0.02M, Peak:0.02M | Scene, ViewLayer | Synchronizing object | High cliff bridge voussoir.016
Fra:1 Mem:214.36M (Peak 214.36M) | Time:00:00.31 | Mem:0.02M, Peak:0.02M | Scene, ViewLayer | Synchronizing object | Stair vault.005
Fra:1 Mem:214.40M (Peak 214.40M) | Time:00:00.31 | Mem:0.02M, Peak:0.02M | Scene, ViewLayer | Synchronizing object | Summit lantern arch
Fra:1 Mem:214.40M (Peak 214.40M) | Time:00:00.31 | Mem:0.02M, Peak:0.02M | Scene, ViewLayer | Synchronizing object | Summit lantern arch.001
Fra:1 Mem:214.60M (Peak 214.60M) | Time:00:00.31 | Mem:0.02M, Peak:0.02M | Scene, ViewLayer | Synchronizing object | Summit lantern arch.002
Fra:1 Mem:214.94M (Peak 214.94M) | Time:00:00.31 | Mem:0.02M, Peak:0.02M | Scene, ViewLayer | Synchronizing object | Summit lantern arch.003
Fra:1 Mem:215.40M (Peak 215.40M) | Time:00:00.31 | Mem:0.02M, Peak:0.02M | Scene, ViewLayer | Synchronizing object | Summit lantern copper dome
Fra:1 Mem:216.17M (Peak 216.17M) | Time:00:00.31 | Mem:0.02M, Peak:0.02M | Scene, ViewLayer | Synchronizing object | Raised standing seam.069
Fra:1 Mem:217.11M (Peak 217.11M) | Time:00:00.32 | Mem:0.02M, Peak:0.02M | Scene, ViewLayer | Synchronizing object | Raised standing seam.070
Fra:1 Mem:217.20M (Peak 217.20M) | Time:00:00.32 | Mem:0.02M, Peak:0.02M | Scene, ViewLayer | Synchronizing object | Raised standing seam.071
Fra:1 Mem:217.65M (Peak 217.65M) | Time:00:00.32 | Mem:0.02M, Peak:0.02M | Scene, ViewLayer | Synchronizing object | Raised standing seam.072
Fra:1 Mem:218.45M (Peak 218.45M) | Time:00:00.32 | Mem:0.02M, Peak:0.02M | Scene, ViewLayer | Synchronizing object | Raised standing seam.073
Fra:1 Mem:218.54M (Peak 218.54M) | Time:00:00.32 | Mem:0.02M, Peak:0.02M | Scene, ViewLayer | Synchronizing object | Raised standing seam.074
Fra:1 Mem:218.63M (Peak 218.63M) | Time:00:00.32 | Mem:0.02M, Peak:0.02M | Scene, ViewLayer | Synchronizing object | Raised standing seam.075
Fra:1 Mem:218.72M (Peak 218.72M) | Time:00:00.32 | Mem:0.02M, Peak:0.02M | Scene, ViewLayer | Synchronizing object | Raised standing seam.076
Fra:1 Mem:219.25M (Peak 219.25M) | Time:00:00.32 | Mem:0.02M, Peak:0.02M | Scene, ViewLayer | Synchronizing object | Raised standing seam.077
Fra:1 Mem:219.34M (Peak 219.34M) | Time:00:00.32 | Mem:0.02M, Peak:0.02M | Scene, ViewLayer | Synchronizing object | Raised standing seam.078
Fra:1 Mem:220.33M (Peak 220.33M) | Time:00:00.32 | Mem:0.02M, Peak:0.02M | Scene, ViewLayer | Synchronizing object | Raised standing seam.079
Fra:1 Mem:219.52M (Peak 220.33M) | Time:00:00.32 | Mem:0.02M, Peak:0.02M | Scene, ViewLayer | Synchronizing object | Dome rolled rim.008
Fra:1 Mem:219.63M (Peak 220.33M) | Time:00:00.32 | Mem:0.02M, Peak:0.02M | Scene, ViewLayer | Synchronizing object | Dome rolled rim.009
Fra:1 Mem:219.75M (Peak 220.33M) | Time:00:00.32 | Mem:0.02M, Peak:0.02M | Scene, ViewLayer | Synchronizing object | Wind-shaped silk flag
Fra:1 Mem:219.78M (Peak 220.33M) | Time:00:00.32 | Mem:0.02M, Peak:0.02M | Scene, ViewLayer | Synchronizing object | potted_plant_01_stem.001
Fra:1 Mem:220.19M (Peak 220.33M) | Time:00:00.32 | Mem:0.02M, Peak:0.02M | Scene, ViewLayer | Synchronizing object | potted_plant_01_pot.001
Fra:1 Mem:220.25M (Peak 220.33M) | Time:00:00.32 | Mem:0.02M, Peak:0.02M | Scene, ViewLayer | Synchronizing object | potted_plant_01_leaves.001
Fra:1 Mem:220.68M (Peak 220.68M) | Time:00:00.32 | Mem:0.02M, Peak:0.02M | Scene, ViewLayer | Synchronizing object | potted_plant_01_pebbles.001
Fra:1 Mem:240.71M (Peak 243.15M) | Time:00:00.34 | Mem:0.02M, Peak:0.02M | Scene, ViewLayer | Initializing
Fra:1 Mem:209.37M (Peak 243.15M) | Time:00:00.35 | Mem:0.02M, Peak:0.02M | Scene, ViewLayer | Updating Images | Loading potted_plant_01_leaves_nor_gl.png
Fra:1 Mem:209.37M (Peak 243.15M) | Time:00:00.35 | Mem:0.02M, Peak:0.02M | Scene, ViewLayer | Updating Images | Loading namaqualand_rocks_02_rough
Fra:1 Mem:225.37M (Peak 243.15M) | Time:00:00.35 | Mem:0.02M, Peak:0.02M | Scene, ViewLayer | Updating Images | Loading namaqualand_rocks_02_diff
Fra:1 Mem:225.37M (Peak 243.15M) | Time:00:00.35 | Mem:0.02M, Peak:0.02M | Scene, ViewLayer | Updating Images | Loading potted_plant_01_leaves_diff.png
Fra:1 Mem:273.38M (Peak 273.38M) | Time:00:00.35 | Mem:0.02M, Peak:0.02M | Scene, ViewLayer | Updating Images | Loading potted_plant_01_leaves_rough.png
Fra:1 Mem:334.33M (Peak 417.42M) | Time:00:00.75 | Mem:144.02M, Peak:144.02M | Scene, ViewLayer | Waiting for render to start
Fra:1 Mem:334.33M (Peak 417.42M) | Time:00:00.75 | Mem:144.02M, Peak:144.02M | Scene, ViewLayer | Updating Scene
Fra:1 Mem:334.33M (Peak 417.42M) | Time:00:00.75 | Mem:144.02M, Peak:144.02M | Scene, ViewLayer | Updating Shaders
Fra:1 Mem:334.43M (Peak 417.42M) | Time:00:00.78 | Mem:144.02M, Peak:144.02M | Scene, ViewLayer | Loading render kernels (may take a few minutes the first time)
Fra:1 Mem:334.41M (Peak 417.42M) | Time:00:00.99 | Mem:144.06M, Peak:144.06M | Scene, ViewLayer | Updating Procedurals
Fra:1 Mem:334.41M (Peak 417.42M) | Time:00:00.99 | Mem:144.06M, Peak:144.06M | Scene, ViewLayer | Updating Background
Fra:1 Mem:334.41M (Peak 417.42M) | Time:00:00.99 | Mem:144.06M, Peak:144.06M | Scene, ViewLayer | Updating Camera
Fra:1 Mem:334.41M (Peak 417.42M) | Time:00:00.99 | Mem:144.06M, Peak:144.06M | Scene, ViewLayer | Updating Meshes Flags
Fra:1 Mem:334.41M (Peak 417.42M) | Time:00:00.99 | Mem:144.06M, Peak:144.06M | Scene, ViewLayer | Updating Objects
Fra:1 Mem:334.41M (Peak 417.42M) | Time:00:00.99 | Mem:144.06M, Peak:144.06M | Scene, ViewLayer | Updating Objects | Copying Transformations to device
Fra:1 Mem:334.41M (Peak 417.42M) | Time:00:00.99 | Mem:144.23M, Peak:144.23M | Scene, ViewLayer | Updating Particle Systems
Fra:1 Mem:334.41M (Peak 417.42M) | Time:00:00.99 | Mem:144.23M, Peak:144.23M | Scene, ViewLayer | Updating Particle Systems | Copying Particles to device
Fra:1 Mem:334.41M (Peak 417.42M) | Time:00:00.99 | Mem:144.23M, Peak:144.23M | Scene, ViewLayer | Updating Meshes
Fra:1 Mem:355.50M (Peak 417.42M) | Time:00:01.31 | Mem:144.23M, Peak:144.23M | Scene, ViewLayer | Updating Objects | Applying Static Transformations
Fra:1 Mem:355.50M (Peak 417.42M) | Time:00:01.32 | Mem:144.23M, Peak:144.23M | Scene, ViewLayer | Updating Mesh | Computing attributes
Fra:1 Mem:388.17M (Peak 417.42M) | Time:00:01.33 | Mem:144.27M, Peak:144.27M | Scene, ViewLayer | Updating Mesh | Copying Attributes to device
Fra:1 Mem:355.50M (Peak 417.42M) | Time:00:01.59 | Mem:176.87M, Peak:176.87M | Scene, ViewLayer | Updating Geometry BVH Cube.001 2/158 | Building BVH
Fra:1 Mem:355.50M (Peak 417.42M) | Time:00:01.59 | Mem:176.87M, Peak:176.87M | Scene, ViewLayer | Updating Geometry BVH Cube.003 4/463 | Building BVH
Fra:1 Mem:355.50M (Peak 417.42M) | Time:00:01.59 | Mem:176.87M, Peak:176.87M | Scene, ViewLayer | Updating Geometry BVH Cube.008 9/710 | Building BVH
Fra:1 Mem:355.50M (Peak 417.42M) | Time:00:01.59 | Mem:176.87M, Peak:176.87M | Scene, ViewLayer | Updating Geometry BVH Cube.008 9/710 | Building mesh BLAS |     188 tris | Cube.003
Fra:1 Mem:355.50M (Peak 417.42M) | Time:00:01.59 | Mem:176.87M, Peak:176.87M | Scene, ViewLayer | Updating Geometry BVH Cube.009 10/710 | Building BVH
Fra:1 Mem:355.50M (Peak 417.42M) | Time:00:01.59 | Mem:176.87M, Peak:176.87M | Scene, ViewLayer | Updating Geometry BVH Cube.010 11/710 | Building BVH
Fra:1 Mem:355.50M (Peak 417.42M) | Time:00:01.59 | Mem:176.87M, Peak:176.87M | Scene, ViewLayer | Updating Geometry BVH Cube.011 12/710 | Building BVH
Fra:1 Mem:355.50M (Peak 417.42M) | Time:00:01.59 | Mem:176.87M, Peak:176.87M | Scene, ViewLayer | Updating Geometry BVH Cube.012 13/710 | Building BVH
Fra:1 Mem:355.50M (Peak 417.42M) | Time:00:01.59 | Mem:176.87M, Peak:176.87M | Scene, ViewLayer | Updating Geometry BVH Cube.012 13/710 | Building mesh BLAS |     188 tris | Cube.005
Fra:1 Mem:355.50M (Peak 417.42M) | Time:00:01.59 | Mem:176.87M, Peak:176.87M | Scene, ViewLayer | Updating Geometry BVH Cube.012 13/710 | Building mesh BLAS |     188 tris | Cube.008
Fra:1 Mem:355.50M (Peak 417.42M) | Time:00:01.59 | Mem:176.87M, Peak:176.87M | Scene, ViewLayer | Updating Geometry BVH Cube.013 14/710 | Building BVH
Fra:1 Mem:355.50M (Peak 417.42M) | Time:00:01.59 | Mem:176.87M, Peak:176.87M | Scene, ViewLayer | Updating Geometry BVH Cube.014 15/710 | Building BVH
Fra:1 Mem:355.50M (Peak 417.42M) | Time:00:01.59 | Mem:176.87M, Peak:176.87M | Scene, ViewLayer | Updating Geometry BVH Cube.014 15/710 | Building mesh BLAS |     188 tris | Cube.014
Fra:1 Mem:355.50M (Peak 417.42M) | Time:00:01.59 | Mem:176.87M, Peak:176.87M | Scene, ViewLayer | Updating Geometry BVH Cube.014 15/710 | Building mesh BLAS |     188 tris | Cube.013
Fra:1 Mem:355.50M (Peak 417.42M) | Time:00:01.59 | Mem:176.87M, Peak:176.87M | Scene, ViewLayer | Updating Geometry BVH Cube.015 16/710 | Building BVH
Fra:1 Mem:355.50M (Peak 417.42M) | Time:00:01.59 | Mem:176.87M, Peak:176.87M | Scene, ViewLayer | Updating Geometry BVH Cube.015 16/710 | Building mesh BLAS |     188 tris | Cube.006
Fra:1 Mem:355.50M (Peak 417.42M) | Time:00:01.59 | Mem:176.87M, Peak:176.87M | Scene, ViewLayer | Updating Geometry BVH Circle.008 710/710 | Building BVH
Fra:1 Mem:355.50M (Peak 417.42M) | Time:00:01.59 | Mem:176.87M, Peak:176.87M | Scene, ViewLayer | Updating Geometry BVH Circle.008 710/710 | Building mesh BLAS |     188 tris | Cube.011
Fra:1 Mem:355.50M (Peak 417.42M) | Time:00:01.59 | Mem:176.87M, Peak:176.87M | Scene, ViewLayer | Updating Geometry BVH Circle.008 710/710 | Building mesh BLAS |     188 tris | Cube.007
Fra:1 Mem:355.50M (Peak 417.42M) | Time:00:01.59 | Mem:176.87M, Peak:176.87M | Scene, ViewLayer | Updating Geometry BVH Circle.008 710/710 | Building mesh BLAS |   56878 tris | Circle.008
Fra:1 Mem:355.50M (Peak 417.42M) | Time:00:01.59 | Mem:176.87M, Peak:176.87M | Scene, ViewLayer | Updating Geometry BVH Circle.008 710/710 | Building mesh BLAS |     188 tris | Cube.010
Fra:1 Mem:355.50M (Peak 417.42M) | Time:00:01.59 | Mem:176.87M, Peak:176.87M | Scene, ViewLayer | Updating Geometry BVH Cube.016 17/710 | Building BVH
Fra:1 Mem:355.50M (Peak 417.42M) | Time:00:01.59 | Mem:176.87M, Peak:176.87M | Scene, ViewLayer | Updating Geometry BVH Cube.018 19/710 | Building BVH
Fra:1 Mem:355.50M (Peak 417.42M) | Time:00:01.59 | Mem:176.87M, Peak:176.87M | Scene, ViewLayer | Updating Geometry BVH Cube.018 19/710 | Building mesh BLAS |     188 tris | Cube.016
Fra:1 Mem:355.50M (Peak 417.42M) | Time:00:01.59 | Mem:176.87M, Peak:176.87M | Scene, ViewLayer | Updating Geometry BVH Cube.018 19/710 | Building mesh BLAS |     188 tris | Cube.018
Fra:1 Mem:355.50M (Peak 417.42M) | Time:00:01.59 | Mem:176.87M, Peak:176.87M | Scene, ViewLayer | Updating Geometry BVH Cube.018 19/710 | Building mesh BLAS |     188 tris | Cube.017
Fra:1 Mem:355.50M (Peak 417.42M) | Time:00:01.59 | Mem:176.87M, Peak:176.87M | Scene, ViewLayer | Updating Geometry BVH Cube.019 20/710 | Building BVH
Fra:1 Mem:355.50M (Peak 417.42M) | Time:00:01.59 | Mem:176.87M, Peak:176.87M | Scene, ViewLayer | Updating Geometry BVH Cube.020 21/710 | Building BVH
Fra:1 Mem:355.50M (Peak 417.42M) | Time:00:01.59 | Mem:176.87M, Peak:176.87M | Scene, ViewLayer | Updating Geometry BVH Cube.020 21/710 | Building mesh BLAS |     188 tris | Cube.020
Fra:1 Mem:355.50M (Peak 417.42M) | Time:00:01.59 | Mem:176.87M, Peak:176.87M | Scene, ViewLayer | Updating Geometry BVH Cube.021 22/710 | Building BVH
Fra:1 Mem:355.50M (Peak 417.42M) | Time:00:01.59 | Mem:176.87M, Peak:176.87M | Scene, ViewLayer | Updating Geometry BVH Cube.022 23/710 | Building BVH
Fra:1 Mem:355.50M (Peak 417.42M) | Time:00:01.59 | Mem:176.87M, Peak:176.87M | Scene, ViewLayer | Updating Geometry BVH Cube.022 23/710 | Building mesh BLAS |     188 tris | Cube.021
Fra:1 Mem:355.50M (Peak 417.42M) | Time:00:01.59 | Mem:176.87M, Peak:176.87M | Scene, ViewLayer | Updating Geometry BVH Cube.022 23/710 | Building mesh BLAS |     188 tris | Cube.022
Fra:1 Mem:355.50M (Peak 417.42M) | Time:00:01.59 | Mem:176.87M, Peak:176.87M | Scene, ViewLayer | Updating Geometry BVH Cube.023 24/710 | Building BVH
Fra:1 Mem:355.50M (Peak 417.42M) | Time:00:01.59 | Mem:176.87M, Peak:176.87M | Scene, ViewLayer | Updating Geometry BVH Cube.023 24/710 | Building mesh BLAS |     188 tris | Cube.023
Fra:1 Mem:355.50M (Peak 417.42M) | Time:00:01.59 | Mem:176.87M, Peak:176.87M | Scene, ViewLayer | Updating Geometry BVH Cube.024 25/710 | Building BVH
Fra:1 Mem:355.50M (Peak 417.42M) | Time:00:01.59 | Mem:176.87M, Peak:176.87M | Scene, ViewLayer | Updating Geometry BVH Cube.024 25/710 | Building mesh BLAS |     188 tris | Cube.024
Fra:1 Mem:355.50M (Peak 417.42M) | Time:00:01.59 | Mem:176.87M, Peak:176.87M | Scene, ViewLayer | Updating Geometry BVH Cube.025 26/710 | Building BVH
Fra:1 Mem:355.50M (Peak 417.42M) | Time:00:01.59 | Mem:176.87M, Peak:176.87M | Scene, ViewLayer | Updating Geometry BVH Cube.025 26/710 | Building mesh BLAS |     188 tris | Cube.025
Fra:1 Mem:355.50M (Peak 417.42M) | Time:00:01.59 | Mem:176.87M, Peak:176.87M | Scene, ViewLayer | Updating Geometry BVH Cube.026 27/710 | Building BVH
Fra:1 Mem:355.50M (Peak 417.42M) | Time:00:01.59 | Mem:176.87M, Peak:176.87M | Scene, ViewLayer | Updating Geometry BVH Cube.028 29/710 | Building BVH
Fra:1 Mem:355.50M (Peak 417.42M) | Time:00:01.59 | Mem:176.87M, Peak:176.87M | Scene, ViewLayer | Updating Geometry BVH Cube.029 30/710 | Building BVH
Fra:1 Mem:355.50M (Peak 417.42M) | Time:00:01.59 | Mem:176.87M, Peak:176.87M | Scene, ViewLayer | Updating Geometry BVH Cube.029 30/710 | Building mesh BLAS |     188 tris | Cube.029
Fra:1 Mem:355.50M (Peak 417.42M) | Time:00:01.59 | Mem:176.87M, Peak:176.87M | Scene, ViewLayer | Updating Geometry BVH Cube.029 30/710 | Building mesh BLAS |     188 tris | Cube.028
Fra:1 Mem:355.50M (Peak 417.42M) | Time:00:01.59 | Mem:176.87M, Peak:176.87M | Scene, ViewLayer | Updating Geometry BVH Cylinder 31/710 | Building BVH
Fra:1 Mem:355.50M (Peak 417.42M) | Time:00:01.59 | Mem:176.87M, Peak:176.87M | Scene, ViewLayer | Updating Geometry BVH Cylinder 31/710 | Building mesh BLAS |      60 tris | Cylinder
Fra:1 Mem:355.50M (Peak 417.42M) | Time:00:01.59 | Mem:176.87M, Peak:176.87M | Scene, ViewLayer | Updating Geometry BVH Cylinder.001 32/710 | Building BVH
Fra:1 Mem:355.50M (Peak 417.42M) | Time:00:01.59 | Mem:176.87M, Peak:176.87M | Scene, ViewLayer | Updating Geometry BVH Cylinder.001 32/710 | Building mesh BLAS |      60 tris | Cylinder.001
Fra:1 Mem:355.50M (Peak 417.42M) | Time:00:01.59 | Mem:176.87M, Peak:176.87M | Scene, ViewLayer | Updating Geometry BVH Cylinder.002 33/710 | Building BVH
Fra:1 Mem:355.50M (Peak 417.42M) | Time:00:01.59 | Mem:176.87M, Peak:176.87M | Scene, ViewLayer | Updating Geometry BVH Cylinder.002 33/710 | Building mesh BLAS |      60 tris | Cylinder.002
Fra:1 Mem:355.50M (Peak 417.42M) | Time:00:01.59 | Mem:176.87M, Peak:176.87M | Scene, ViewLayer | Updating Geometry BVH Cylinder.002 33/710 | Building mesh BLAS |     188 tris | Cube.027
Fra:1 Mem:355.50M (Peak 417.42M) | Time:00:01.59 | Mem:176.87M, Peak:176.87M | Scene, ViewLayer | Updating Geometry BVH Cylinder.003 34/710 | Building BVH
Fra:1 Mem:355.50M (Peak 417.42M) | Time:00:01.59 | Mem:176.87M, Peak:176.87M | Scene, ViewLayer | Updating Geometry BVH Cylinder.004 35/710 | Building BVH
Fra:1 Mem:355.50M (Peak 417.42M) | Time:00:01.59 | Mem:176.87M, Peak:176.87M | Scene, ViewLayer | Updating Geometry BVH Cylinder.004 35/710 | Building mesh BLAS |      60 tris | Cylinder.004
Fra:1 Mem:355.50M (Peak 417.42M) | Time:00:01.59 | Mem:176.87M, Peak:176.87M | Scene, ViewLayer | Updating Geometry BVH Cylinder.005 36/710 | Building BVH
Fra:1 Mem:355.50M (Peak 417.42M) | Time:00:01.59 | Mem:176.87M, Peak:176.87M | Scene, ViewLayer | Updating Geometry BVH Cylinder.005 36/710 | Building mesh BLAS |      60 tris | Cylinder.005
Fra:1 Mem:355.50M (Peak 417.42M) | Time:00:01.59 | Mem:176.87M, Peak:176.87M | Scene, ViewLayer | Updating Geometry BVH Cylinder.006 37/710 | Building BVH
Fra:1 Mem:355.50M (Peak 417.42M) | Time:00:01.59 | Mem:176.87M, Peak:176.87M | Scene, ViewLayer | Updating Geometry BVH Cylinder.007 38/710 | Building BVH
Fra:1 Mem:355.50M (Peak 417.42M) | Time:00:01.59 | Mem:176.87M, Peak:176.87M | Scene, ViewLayer | Updating Geometry BVH Cylinder.007 38/710 | Building mesh BLAS |      60 tris | Cylinder.006
Fra:1 Mem:355.50M (Peak 417.42M) | Time:00:01.59 | Mem:176.87M, Peak:176.87M | Scene, ViewLayer | Updating Geometry BVH Cylinder.007 38/710 | Building mesh BLAS |      60 tris | Cylinder.007
Fra:1 Mem:355.50M (Peak 417.42M) | Time:00:01.59 | Mem:176.87M, Peak:176.87M | Scene, ViewLayer | Updating Geometry BVH Cylinder.008 39/710 | Building BVH
Fra:1 Mem:355.50M (Peak 417.42M) | Time:00:01.59 | Mem:176.87M, Peak:176.87M | Scene, ViewLayer | Updating Geometry BVH Cylinder.008 39/710 | Building mesh BLAS |      60 tris | Cylinder.008
Fra:1 Mem:355.50M (Peak 417.42M) | Time:00:01.59 | Mem:176.87M, Peak:176.87M | Scene, ViewLayer | Updating Geometry BVH Cylinder.009 40/710 | Building BVH
Fra:1 Mem:355.50M (Peak 417.42M) | Time:00:01.59 | Mem:176.87M, Peak:176.87M | Scene, ViewLayer | Updating Geometry BVH Cylinder.009 40/710 | Building mesh BLAS |      60 tris | Cylinder.009
Fra:1 Mem:355.50M (Peak 417.42M) | Time:00:01.59 | Mem:176.87M, Peak:176.87M | Scene, ViewLayer | Updating Geometry BVH Cylinder.010 41/710 | Building BVH
Fra:1 Mem:355.50M (Peak 417.42M) | Time:00:01.59 | Mem:176.87M, Peak:176.87M | Scene, ViewLayer | Updating Geometry BVH Cylinder.010 41/710 | Building mesh BLAS |      60 tris | Cylinder.010
Fra:1 Mem:355.50M (Peak 417.42M) | Time:00:01.59 | Mem:176.87M, Peak:176.87M | Scene, ViewLayer | Updating Geometry BVH Cube.030 43/710 | Building BVH
Fra:1 Mem:355.50M (Peak 417.42M) | Time:00:01.59 | Mem:176.87M, Peak:176.87M | Scene, ViewLayer | Updating Geometry BVH Cube.030 43/710 | Building mesh BLAS |     188 tris | Cube.030
Fra:1 Mem:355.50M (Peak 417.42M) | Time:00:01.59 | Mem:176.87M, Peak:176.87M | Scene, ViewLayer | Updating Geometry BVH Cube.031 44/710 | Building BVH
Fra:1 Mem:355.50M (Peak 417.42M) | Time:00:01.59 | Mem:176.87M, Peak:176.87M | Scene, ViewLayer | Updating Geometry BVH Cube.031 44/710 | Building mesh BLAS |     188 tris | Cube.031
Fra:1 Mem:355.50M (Peak 417.42M) | Time:00:01.59 | Mem:176.87M, Peak:176.87M | Scene, ViewLayer | Updating Geometry BVH Cube.032 45/710 | Building BVH
Fra:1 Mem:355.50M (Peak 417.42M) | Time:00:01.59 | Mem:176.87M, Peak:176.87M | Scene, ViewLayer | Updating Geometry BVH Cube.032 45/710 | Building mesh BLAS |     188 tris | Cube.032
Fra:1 Mem:355.50M (Peak 417.42M) | Time:00:01.59 | Mem:176.87M, Peak:176.87M | Scene, ViewLayer | Updating Geometry BVH Cube.033 46/710 | Building BVH
Fra:1 Mem:355.50M (Peak 417.42M) | Time:00:01.59 | Mem:176.87M, Peak:176.87M | Scene, ViewLayer | Updating Geometry BVH Cube.033 46/710 | Building mesh BLAS |     188 tris | Cube.033
Fra:1 Mem:355.50M (Peak 417.42M) | Time:00:01.59 | Mem:176.87M, Peak:176.87M | Scene, ViewLayer | Updating Geometry BVH Cube.034 47/710 | Building BVH
Fra:1 Mem:355.50M (Peak 417.42M) | Time:00:01.59 | Mem:176.87M, Peak:176.87M | Scene, ViewLayer | Updating Geometry BVH Cube.034 47/710 | Building mesh BLAS |     188 tris | Cube.034
Fra:1 Mem:355.50M (Peak 417.42M) | Time:00:01.59 | Mem:176.87M, Peak:176.87M | Scene, ViewLayer | Updating Geometry BVH Cube.035 48/710 | Building BVH
Fra:1 Mem:355.50M (Peak 417.42M) | Time:00:01.59 | Mem:176.87M, Peak:176.87M | Scene, ViewLayer | Updating Geometry BVH Cube.035 48/710 | Building mesh BLAS |     188 tris | Cube.035
Fra:1 Mem:355.50M (Peak 417.42M) | Time:00:01.59 | Mem:176.87M, Peak:176.87M | Scene, ViewLayer | Updating Geometry BVH Cube.036 49/710 | Building BVH
Fra:1 Mem:355.50M (Peak 417.42M) | Time:00:01.59 | Mem:176.87M, Peak:176.87M | Scene, ViewLayer | Updating Geometry BVH Cube.036 49/710 | Building mesh BLAS |     188 tris | Cube.036
Fra:1 Mem:355.50M (Peak 417.42M) | Time:00:01.60 | Mem:176.87M, Peak:176.87M | Scene, ViewLayer | Updating Geometry BVH Cube.036 49/710 | Building mesh BLAS |      60 tris | Cylinder.011
Fra:1 Mem:355.50M (Peak 417.42M) | Time:00:01.60 | Mem:176.87M, Peak:176.87M | Scene, ViewLayer | Updating Geometry BVH Cube.037 50/710 | Building BVH
Fra:1 Mem:355.50M (Peak 417.42M) | Time:00:01.60 | Mem:176.87M, Peak:176.87M | Scene, ViewLayer | Updating Geometry BVH Cube.038 51/710 | Building BVH
Fra:1 Mem:355.50M (Peak 417.42M) | Time:00:01.60 | Mem:176.87M, Peak:176.87M | Scene, ViewLayer | Updating Geometry BVH Cube.038 51/710 | Building mesh BLAS |     188 tris | Cube.037
Fra:1 Mem:355.50M (Peak 417.42M) | Time:00:01.60 | Mem:176.87M, Peak:176.87M | Scene, ViewLayer | Updating Geometry BVH Cube.038 51/710 | Building mesh BLAS |     188 tris | Cube.038
Fra:1 Mem:355.50M (Peak 417.42M) | Time:00:01.60 | Mem:176.87M, Peak:176.87M | Scene, ViewLayer | Updating Geometry BVH Plane.070 709/710 | Building BVH
Fra:1 Mem:355.50M (Peak 417.42M) | Time:00:01.60 | Mem:176.87M, Peak:176.87M | Scene, ViewLayer | Updating Geometry BVH Cube.039 52/710 | Building BVH
Fra:1 Mem:355.50M (Peak 417.42M) | Time:00:01.60 | Mem:176.87M, Peak:176.87M | Scene, ViewLayer | Updating Geometry BVH Cube.039 52/710 | Building mesh BLAS |     188 tris | Cube.039
Fra:1 Mem:355.50M (Peak 417.42M) | Time:00:01.60 | Mem:176.87M, Peak:176.87M | Scene, ViewLayer | Updating Geometry BVH Cube.040 53/710 | Building BVH
Fra:1 Mem:355.50M (Peak 417.42M) | Time:00:01.60 | Mem:176.87M, Peak:176.87M | Scene, ViewLayer | Updating Geometry BVH Cube.040 53/710 | Building mesh BLAS |     188 tris | Cube.040
Fra:1 Mem:355.50M (Peak 417.42M) | Time:00:01.60 | Mem:176.87M, Peak:176.87M | Scene, ViewLayer | Updating Geometry BVH Cube.041 54/710 | Building BVH
Fra:1 Mem:355.50M (Peak 417.42M) | Time:00:01.60 | Mem:176.87M, Peak:176.87M | Scene, ViewLayer | Updating Geometry BVH Cube.041 54/710 | Building mesh BLAS |     188 tris | Cube.041
Fra:1 Mem:355.50M (Peak 417.42M) | Time:00:01.60 | Mem:176.87M, Peak:176.87M | Scene, ViewLayer | Updating Geometry BVH Cube.042 55/710 | Building BVH
Fra:1 Mem:355.50M (Peak 417.42M) | Time:00:01.60 | Mem:176.87M, Peak:176.87M | Scene, ViewLayer | Updating Geometry BVH Cube.042 55/710 | Building mesh BLAS |     188 tris | Cube.042
Fra:1 Mem:355.50M (Peak 417.42M) | Time:00:01.60 | Mem:176.87M, Peak:176.87M | Scene, ViewLayer | Updating Geometry BVH Cube.043 56/710 | Building BVH
Fra:1 Mem:355.50M (Peak 417.42M) | Time:00:01.60 | Mem:176.87M, Peak:176.87M | Scene, ViewLayer | Updating Geometry BVH Cube.043 56/710 | Building mesh BLAS |     188 tris | Cube.043
Fra:1 Mem:355.50M (Peak 417.42M) | Time:00:01.60 | Mem:176.87M, Peak:176.87M | Scene, ViewLayer | Updating Geometry BVH Cylinder.012 57/710 | Building BVH
Fra:1 Mem:355.50M (Peak 417.42M) | Time:00:01.60 | Mem:176.87M, Peak:176.87M | Scene, ViewLayer | Updating Geometry BVH Cylinder.012 57/710 | Building mesh BLAS |      60 tris | Cylinder.012
Fra:1 Mem:355.50M (Peak 417.42M) | Time:00:01.60 | Mem:176.87M, Peak:176.87M | Scene, ViewLayer | Updating Geometry BVH Cylinder.013 58/710 | Building BVH
Fra:1 Mem:355.50M (Peak 417.42M) | Time:00:01.60 | Mem:176.87M, Peak:176.87M | Scene, ViewLayer | Updating Geometry BVH Cylinder.013 58/710 | Building mesh BLAS |      60 tris | Cylinder.013
Fra:1 Mem:355.50M (Peak 417.42M) | Time:00:01.60 | Mem:176.87M, Peak:176.87M | Scene, ViewLayer | Updating Geometry BVH Cylinder.014 59/710 | Building BVH
Fra:1 Mem:355.50M (Peak 417.42M) | Time:00:01.60 | Mem:176.87M, Peak:176.87M | Scene, ViewLayer | Updating Geometry BVH Cube.046 67/710 | Building mesh BLAS |      60 tris | Cylinder.014
Fra:1 Mem:355.50M (Peak 417.42M) | Time:00:01.60 | Mem:176.87M, Peak:176.87M | Scene, ViewLayer | Updating Geometry BVH Cube.047 68/710 | Building BVH
Fra:1 Mem:355.50M (Peak 417.42M) | Time:00:01.60 | Mem:176.87M, Peak:176.87M | Scene, ViewLayer | Updating Geometry BVH Cylinder.018 63/710 | Building BVH
Fra:1 Mem:355.50M (Peak 417.42M) | Time:00:01.60 | Mem:176.87M, Peak:176.87M | Scene, ViewLayer | Updating Geometry BVH Cylinder.018 63/710 | Building mesh BLAS |      60 tris | Cylinder.018
Fra:1 Mem:355.50M (Peak 417.42M) | Time:00:01.60 | Mem:176.87M, Peak:176.87M | Scene, ViewLayer | Updating Geometry BVH Cylinder.018 63/710 | Building mesh BLAS |     188 tris | Cube.044
Fra:1 Mem:355.50M (Peak 417.42M) | Time:00:01.60 | Mem:176.87M, Peak:176.87M | Scene, ViewLayer | Updating Geometry BVH Cylinder.018 63/710 | Building mesh BLAS |     188 tris | Cube.045
Fra:1 Mem:355.50M (Peak 417.42M) | Time:00:01.60 | Mem:176.87M, Peak:176.87M | Scene, ViewLayer | Updating Geometry BVH Cube.049 70/710 | Building BVH
Fra:1 Mem:355.50M (Peak 417.42M) | Time:00:01.60 | Mem:176.87M, Peak:176.87M | Scene, ViewLayer | Updating Geometry BVH Cube.049 70/710 | Building mesh BLAS |     188 tris | Cube.049
Fra:1 Mem:355.50M (Peak 417.42M) | Time:00:01.60 | Mem:176.87M, Peak:176.87M | Scene, ViewLayer | Updating Geometry BVH Cube.049 70/710 | Building mesh BLAS |     188 tris | Cube.046
Fra:1 Mem:355.50M (Peak 417.42M) | Time:00:01.60 | Mem:176.87M, Peak:176.87M | Scene, ViewLayer | Updating Geometry BVH Cube.050 71/710 | Building BVH
Fra:1 Mem:355.50M (Peak 417.42M) | Time:00:01.60 | Mem:176.87M, Peak:176.87M | Scene, ViewLayer | Updating Geometry BVH Cube.050 71/710 | Building mesh BLAS |     188 tris | Cube.050
Fra:1 Mem:355.50M (Peak 417.42M) | Time:00:01.60 | Mem:176.87M, Peak:176.87M | Scene, ViewLayer | Updating Geometry BVH Cube.050 71/710 | Building mesh BLAS |      60 tris | Cylinder.015
Fra:1 Mem:355.50M (Peak 417.42M) | Time:00:01.60 | Mem:176.87M, Peak:176.87M | Scene, ViewLayer | Updating Geometry BVH Circle.002 708/710 | Building BVH
Fra:1 Mem:355.50M (Peak 417.42M) | Time:00:01.60 | Mem:176.87M, Peak:176.87M | Scene, ViewLayer | Updating Geometry BVH Cube.052 73/710 | Building BVH
Fra:1 Mem:355.50M (Peak 417.42M) | Time:00:01.60 | Mem:176.87M, Peak:176.87M | Scene, ViewLayer | Updating Geometry BVH Cube.052 73/710 | Building mesh BLAS |     188 tris | Cube.051
Fra:1 Mem:355.50M (Peak 417.42M) | Time:00:01.60 | Mem:176.87M, Peak:176.87M | Scene, ViewLayer | Updating Geometry BVH Cube.052 73/710 | Building mesh BLAS |     188 tris | Cube.047
Fra:1 Mem:355.50M (Peak 417.42M) | Time:00:01.60 | Mem:176.87M, Peak:176.87M | Scene, ViewLayer | Updating Geometry BVH Cube.053 74/710 | Building mesh BLAS |     188 tris | Cube.052
Fra:1 Mem:355.50M (Peak 417.42M) | Time:00:01.60 | Mem:176.87M, Peak:176.87M | Scene, ViewLayer | Updating Geometry BVH Cube.053 74/710 | Building mesh BLAS |    5440 tris | Circle.002
Fra:1 Mem:355.50M (Peak 417.42M) | Time:00:01.60 | Mem:176.87M, Peak:176.87M | Scene, ViewLayer | Updating Geometry BVH Cube.048 69/710 | Building BVH
Fra:1 Mem:355.50M (Peak 417.42M) | Time:00:01.60 | Mem:176.87M, Peak:176.87M | Scene, ViewLayer | Updating Geometry BVH Cube.048 69/710 | Building mesh BLAS |     188 tris | Cube.048
Fra:1 Mem:355.50M (Peak 417.42M) | Time:00:01.60 | Mem:176.87M, Peak:176.87M | Scene, ViewLayer | Updating Geometry BVH Cube.054 75/710 | Building BVH
Fra:1 Mem:355.50M (Peak 417.42M) | Time:00:01.60 | Mem:176.87M, Peak:176.87M | Scene, ViewLayer | Updating Geometry BVH Cube.054 75/710 | Building mesh BLAS |     188 tris | Cube.054
Fra:1 Mem:355.50M (Peak 417.42M) | Time:00:01.60 | Mem:176.87M, Peak:176.87M | Scene, ViewLayer | Updating Geometry BVH Cube.055 76/710 | Building BVH
Fra:1 Mem:355.50M (Peak 417.42M) | Time:00:01.60 | Mem:176.87M, Peak:176.87M | Scene, ViewLayer | Updating Geometry BVH Cube.055 76/710 | Building mesh BLAS |     188 tris | Cube.055
Fra:1 Mem:355.50M (Peak 417.42M) | Time:00:01.60 | Mem:176.87M, Peak:176.87M | Scene, ViewLayer | Updating Geometry BVH Cube.056 77/710 | Building BVH
Fra:1 Mem:355.50M (Peak 417.42M) | Time:00:01.60 | Mem:176.87M, Peak:176.87M | Scene, ViewLayer | Updating Geometry BVH Cube.056 77/710 | Building mesh BLAS |     188 tris | Cube.056
Fra:1 Mem:355.50M (Peak 417.42M) | Time:00:01.60 | Mem:176.87M, Peak:176.87M | Scene, ViewLayer | Updating Geometry BVH Cube.057 78/710 | Building BVH
Fra:1 Mem:355.50M (Peak 417.42M) | Time:00:01.60 | Mem:176.87M, Peak:176.87M | Scene, ViewLayer | Updating Geometry BVH Cylinder.020 79/710 | Building mesh BLAS |     188 tris | Cube.057
Fra:1 Mem:355.50M (Peak 417.42M) | Time:00:01.60 | Mem:176.87M, Peak:176.87M | Scene, ViewLayer | Updating Geometry BVH Cylinder.021 80/710 | Building BVH
Fra:1 Mem:355.50M (Peak 417.42M) | Time:00:01.60 | Mem:176.87M, Peak:176.87M | Scene, ViewLayer | Updating Geometry BVH Cylinder.021 80/710 | Building mesh BLAS |      60 tris | Cylinder.020
Fra:1 Mem:355.50M (Peak 417.42M) | Time:00:01.60 | Mem:176.87M, Peak:176.87M | Scene, ViewLayer | Updating Geometry BVH Cylinder.021 80/710 | Building mesh BLAS |      60 tris | Cylinder.021
Fra:1 Mem:355.50M (Peak 417.42M) | Time:00:01.60 | Mem:176.87M, Peak:176.87M | Scene, ViewLayer | Updating Geometry BVH Cylinder.021 80/710 | Building mesh BLAS |     188 tris | Cube.053
Fra:1 Mem:355.50M (Peak 417.42M) | Time:00:01.60 | Mem:176.87M, Peak:176.87M | Scene, ViewLayer | Updating Geometry BVH Cylinder.022 81/710 | Building BVH
Fra:1 Mem:355.50M (Peak 417.42M) | Time:00:01.60 | Mem:176.87M, Peak:176.87M | Scene, ViewLayer | Updating Geometry BVH Cylinder.022 81/710 | Building mesh BLAS |      60 tris | Cylinder.022
Fra:1 Mem:355.50M (Peak 417.42M) | Time:00:01.60 | Mem:176.87M, Peak:176.87M | Scene, ViewLayer | Updating Geometry BVH Cylinder.023 82/710 | Building BVH
Fra:1 Mem:355.50M (Peak 417.42M) | Time:00:01.60 | Mem:176.87M, Peak:176.87M | Scene, ViewLayer | Updating Geometry BVH potted_plant_01_base_low 707/710 | Building BVH
Fra:1 Mem:355.50M (Peak 417.42M) | Time:00:01.60 | Mem:176.87M, Peak:176.87M | Scene, ViewLayer | Updating Geometry BVH potted_plant_01_base_low 707/710 | Building mesh BLAS |      60 tris | Cylinder.023
Fra:1 Mem:355.50M (Peak 417.42M) | Time:00:01.60 | Mem:176.87M, Peak:176.87M | Scene, ViewLayer | Updating Geometry BVH Cylinder.024 83/710 | Building BVH
Fra:1 Mem:355.50M (Peak 417.42M) | Time:00:01.61 | Mem:176.87M, Peak:176.87M | Scene, ViewLayer | Updating Geometry BVH Cylinder.024 83/710 | Building mesh BLAS |      60 tris | Cylinder.024
Fra:1 Mem:355.50M (Peak 417.42M) | Time:00:01.61 | Mem:176.87M, Peak:176.87M | Scene, ViewLayer | Updating Geometry BVH Cylinder.024 83/710 | Building mesh BLAS |    7008 tris | potted_plant_01_base_low
Fra:1 Mem:355.50M (Peak 417.42M) | Time:00:01.61 | Mem:176.87M, Peak:176.87M | Scene, ViewLayer | Updating Geometry BVH Cylinder.025 84/710 | Building BVH
Fra:1 Mem:355.50M (Peak 417.42M) | Time:00:01.61 | Mem:176.87M, Peak:176.87M | Scene, ViewLayer | Updating Geometry BVH Cylinder.025 84/710 | Building mesh BLAS |      60 tris | Cylinder.025
Fra:1 Mem:355.50M (Peak 417.42M) | Time:00:01.61 | Mem:176.87M, Peak:176.87M | Scene, ViewLayer | Updating Geometry BVH Cylinder.026 85/710 | Building BVH
Fra:1 Mem:355.50M (Peak 417.42M) | Time:00:01.61 | Mem:176.87M, Peak:176.87M | Scene, ViewLayer | Updating Geometry BVH Cylinder.026 85/710 | Building mesh BLAS |      60 tris | Cylinder.026
Fra:1 Mem:355.50M (Peak 417.42M) | Time:00:01.61 | Mem:176.87M, Peak:176.87M | Scene, ViewLayer | Updating Geometry BVH Cylinder.027 86/710 | Building BVH
Fra:1 Mem:355.50M (Peak 417.42M) | Time:00:01.61 | Mem:176.87M, Peak:176.87M | Scene, ViewLayer | Updating Geometry BVH Cube.059 88/710 | Building BVH
Fra:1 Mem:355.50M (Peak 417.42M) | Time:00:01.61 | Mem:176.87M, Peak:176.87M | Scene, ViewLayer | Updating Geometry BVH Cube.059 88/710 | Building mesh BLAS |     188 tris | Cube.058
Fra:1 Mem:355.50M (Peak 417.42M) | Time:00:01.61 | Mem:176.87M, Peak:176.87M | Scene, ViewLayer | Updating Geometry BVH Cube.061 90/710 | Building BVH
Fra:1 Mem:355.50M (Peak 417.42M) | Time:00:01.61 | Mem:176.87M, Peak:176.87M | Scene, ViewLayer | Updating Geometry BVH Cube.061 90/710 | Building mesh BLAS |     188 tris | Cube.061
Fra:1 Mem:355.50M (Peak 417.42M) | Time:00:01.61 | Mem:176.87M, Peak:176.87M | Scene, ViewLayer | Updating Geometry BVH Cube.062 91/710 | Building BVH
Fra:1 Mem:355.50M (Peak 417.42M) | Time:00:01.61 | Mem:176.87M, Peak:176.87M | Scene, ViewLayer | Updating Geometry BVH Cube.062 91/710 | Building mesh BLAS |     188 tris | Cube.062
Fra:1 Mem:355.50M (Peak 417.42M) | Time:00:01.61 | Mem:176.87M, Peak:176.87M | Scene, ViewLayer | Updating Geometry BVH Cube.063 92/710 | Building BVH
Fra:1 Mem:355.50M (Peak 417.42M) | Time:00:01.61 | Mem:176.87M, Peak:176.87M | Scene, ViewLayer | Updating Geometry BVH Cube.064 93/710 | Building BVH
Fra:1 Mem:355.50M (Peak 417.42M) | Time:00:01.61 | Mem:176.87M, Peak:176.87M | Scene, ViewLayer | Updating Geometry BVH Cube.064 93/710 | Building mesh BLAS |     188 tris | Cube.064
Fra:1 Mem:355.50M (Peak 417.42M) | Time:00:01.61 | Mem:176.87M, Peak:176.87M | Scene, ViewLayer | Updating Geometry BVH Cube.065 94/710 | Building BVH
Fra:1 Mem:355.50M (Peak 417.42M) | Time:00:01.61 | Mem:176.87M, Peak:176.87M | Scene, ViewLayer | Updating Geometry BVH Cube.066 95/710 | Building BVH
Fra:1 Mem:355.50M (Peak 417.42M) | Time:00:01.61 | Mem:176.88M, Peak:176.88M | Scene, ViewLayer | Updating Geometry BVH Cube.068 97/710 | Building mesh BLAS |     188 tris | Cube.066
Fra:1 Mem:355.50M (Peak 417.42M) | Time:00:01.61 | Mem:176.89M, Peak:176.89M | Scene, ViewLayer | Updating Geometry BVH Cube.069 98/710 | Building BVH
Fra:1 Mem:355.50M (Peak 417.42M) | Time:00:01.61 | Mem:176.89M, Peak:176.89M | Scene, ViewLayer | Updating Geometry BVH Cube.070 99/710 | Building BVH
Fra:1 Mem:355.50M (Peak 417.42M) | Time:00:01.61 | Mem:176.89M, Peak:176.89M | Scene, ViewLayer | Updating Geometry BVH Cube.070 99/710 | Building mesh BLAS |     188 tris | Cube.069
Fra:1 Mem:355.50M (Peak 417.42M) | Time:00:01.61 | Mem:176.89M, Peak:176.89M | Scene, ViewLayer | Updating Geometry BVH Cube.072 101/710 | Building BVH
Fra:1 Mem:355.50M (Peak 417.42M) | Time:00:01.61 | Mem:176.89M, Peak:176.89M | Scene, ViewLayer | Updating Geometry BVH Cube.072 101/710 | Building mesh BLAS |     188 tris | Cube.072
Fra:1 Mem:355.50M (Peak 417.42M) | Time:00:01.61 | Mem:176.89M, Peak:176.89M | Scene, ViewLayer | Updating Geometry BVH Cube.073 102/710 | Building BVH
Fra:1 Mem:355.50M (Peak 417.42M) | Time:00:01.61 | Mem:176.89M, Peak:176.89M | Scene, ViewLayer | Updating Geometry BVH Cube.073 102/710 | Building mesh BLAS |     188 tris | Cube.073
Fra:1 Mem:355.50M (Peak 417.42M) | Time:00:01.61 | Mem:176.89M, Peak:176.89M | Scene, ViewLayer | Updating Geometry BVH Cube.073 102/710 | Building mesh BLAS |     188 tris | Cube.059
Fra:1 Mem:355.50M (Peak 417.42M) | Time:00:01.61 | Mem:176.89M, Peak:176.89M | Scene, ViewLayer | Updating Geometry BVH Wind-shaped silk flag 706/710 | Building BVH
Fra:1 Mem:355.50M (Peak 417.42M) | Time:00:01.61 | Mem:176.89M, Peak:176.89M | Scene, ViewLayer | Updating Geometry BVH Cube.074 103/710 | Building mesh BLAS |     416 tris | Wind-shaped silk flag
Fra:1 Mem:355.50M (Peak 417.42M) | Time:00:01.61 | Mem:176.89M, Peak:176.89M | Scene, ViewLayer | Updating Geometry BVH Cube.075 104/710 | Building BVH
Fra:1 Mem:355.50M (Peak 417.42M) | Time:00:01.61 | Mem:176.89M, Peak:176.89M | Scene, ViewLayer | Updating Geometry BVH Cube.075 104/710 | Building mesh BLAS |     188 tris | Cube.074
Fra:1 Mem:355.50M (Peak 417.42M) | Time:00:01.61 | Mem:176.89M, Peak:176.89M | Scene, ViewLayer | Updating Geometry BVH Cube.075 104/710 | Building mesh BLAS |     188 tris | Cube.075
Fra:1 Mem:355.50M (Peak 417.42M) | Time:00:01.61 | Mem:176.89M, Peak:176.89M | Scene, ViewLayer | Updating Geometry BVH Cube.075 104/710 | Building mesh BLAS |     188 tris | Cube.060
Fra:1 Mem:355.50M (Peak 417.42M) | Time:00:01.61 | Mem:176.89M, Peak:176.89M | Scene, ViewLayer | Updating Geometry BVH Cube.076 105/710 | Building BVH
Fra:1 Mem:355.50M (Peak 417.42M) | Time:00:01.61 | Mem:176.89M, Peak:176.89M | Scene, ViewLayer | Updating Geometry BVH Cube.076 105/710 | Building mesh BLAS |     188 tris | Cube.076
Fra:1 Mem:355.50M (Peak 417.42M) | Time:00:01.61 | Mem:176.89M, Peak:176.89M | Scene, ViewLayer | Updating Geometry BVH Cube.076 105/710 | Building mesh BLAS |     188 tris | Cube.067
Fra:1 Mem:355.50M (Peak 417.42M) | Time:00:01.61 | Mem:176.89M, Peak:176.89M | Scene, ViewLayer | Updating Geometry BVH Cube.078 107/710 | Building BVH
Fra:1 Mem:355.50M (Peak 417.42M) | Time:00:01.61 | Mem:176.89M, Peak:176.89M | Scene, ViewLayer | Updating Geometry BVH Cube.078 107/710 | Building mesh BLAS |     188 tris | Cube.077
Fra:1 Mem:355.50M (Peak 417.42M) | Time:00:01.61 | Mem:176.89M, Peak:176.89M | Scene, ViewLayer | Updating Geometry BVH Cube.078 107/710 | Building mesh BLAS |     188 tris | Cube.078
Fra:1 Mem:355.50M (Peak 417.42M) | Time:00:01.61 | Mem:176.89M, Peak:176.89M | Scene, ViewLayer | Updating Geometry BVH Cube.079 108/710 | Building BVH
Fra:1 Mem:355.50M (Peak 417.42M) | Time:00:01.61 | Mem:176.89M, Peak:176.89M | Scene, ViewLayer | Updating Geometry BVH Cube.079 108/710 | Building mesh BLAS |     188 tris | Cube.079
Fra:1 Mem:355.50M (Peak 417.42M) | Time:00:01.61 | Mem:176.89M, Peak:176.89M | Scene, ViewLayer | Updating Geometry BVH Cube.079 108/710 | Building mesh BLAS |     188 tris | Cube.071
Fra:1 Mem:355.50M (Peak 417.42M) | Time:00:01.61 | Mem:176.90M, Peak:176.90M | Scene, ViewLayer | Updating Geometry BVH Cube.079 108/710 | Building mesh BLAS |     188 tris | Cube.068
Fra:1 Mem:355.50M (Peak 417.42M) | Time:00:01.61 | Mem:176.90M, Peak:176.90M | Scene, ViewLayer | Updating Geometry BVH Cube.080 109/710 | Building BVH
Fra:1 Mem:355.50M (Peak 417.42M) | Time:00:01.61 | Mem:176.90M, Peak:176.90M | Scene, ViewLayer | Updating Geometry BVH Cube.080 109/710 | Building mesh BLAS |     188 tris | Cube.080
Fra:1 Mem:355.50M (Peak 417.42M) | Time:00:01.61 | Mem:176.90M, Peak:176.90M | Scene, ViewLayer | Updating Geometry BVH Cube.081 110/710 | Building BVH
Fra:1 Mem:355.50M (Peak 417.42M) | Time:00:01.61 | Mem:176.90M, Peak:176.90M | Scene, ViewLayer | Updating Geometry BVH Cube.081 110/710 | Building mesh BLAS |     188 tris | Cube.081
Fra:1 Mem:355.50M (Peak 417.42M) | Time:00:01.61 | Mem:176.90M, Peak:176.90M | Scene, ViewLayer | Updating Geometry BVH Cube.082 111/710 | Building BVH
Fra:1 Mem:355.50M (Peak 417.42M) | Time:00:01.61 | Mem:176.90M, Peak:176.90M | Scene, ViewLayer | Updating Geometry BVH Cube.082 111/710 | Building mesh BLAS |     472 tris | Cube.082
Fra:1 Mem:355.50M (Peak 417.42M) | Time:00:01.61 | Mem:176.90M, Peak:176.90M | Scene, ViewLayer | Updating Geometry BVH Cube.083 112/710 | Building BVH
Fra:1 Mem:355.50M (Peak 417.42M) | Time:00:01.61 | Mem:176.90M, Peak:176.90M | Scene, ViewLayer | Updating Geometry BVH Cube.085 114/710 | Building BVH
Fra:1 Mem:355.50M (Peak 417.42M) | Time:00:01.61 | Mem:176.90M, Peak:176.90M | Scene, ViewLayer | Updating Geometry BVH Cube.085 114/710 | Building mesh BLAS |     188 tris | Cube.083
Fra:1 Mem:355.50M (Peak 417.42M) | Time:00:01.61 | Mem:176.90M, Peak:176.90M | Scene, ViewLayer | Updating Geometry BVH Cube.085 114/710 | Building mesh BLAS |     316 tris | Cube.085
Fra:1 Mem:355.50M (Peak 417.42M) | Time:00:01.61 | Mem:176.90M, Peak:176.90M | Scene, ViewLayer | Updating Geometry BVH Cube.085 114/710 | Building mesh BLAS |     460 tris | Cube.084
Fra:1 Mem:355.50M (Peak 417.42M) | Time:00:01.61 | Mem:176.91M, Peak:176.91M | Scene, ViewLayer | Updating Geometry BVH Cube.085 114/710 | Building mesh BLAS |    1536 tris | Dome rolled rim.009
Fra:1 Mem:355.50M (Peak 417.42M) | Time:00:01.61 | Mem:176.91M, Peak:176.91M | Scene, ViewLayer | Updating Geometry BVH Cylinder.028 115/710 | Building BVH
Fra:1 Mem:355.50M (Peak 417.42M) | Time:00:01.61 | Mem:176.91M, Peak:176.91M | Scene, ViewLayer | Updating Geometry BVH Cylinder.028 115/710 | Building mesh BLAS |      60 tris | Cylinder.028
Fra:1 Mem:355.50M (Peak 417.42M) | Time:00:01.61 | Mem:176.92M, Peak:176.92M | Scene, ViewLayer | Updating Geometry BVH Cylinder.029 116/710 | Building BVH
Fra:1 Mem:355.50M (Peak 417.42M) | Time:00:01.61 | Mem:176.93M, Peak:176.93M | Scene, ViewLayer | Updating Geometry BVH Cylinder.029 116/710 | Building mesh BLAS |      60 tris | Cylinder.029
Fra:1 Mem:355.50M (Peak 417.42M) | Time:00:01.61 | Mem:176.98M, Peak:176.98M | Scene, ViewLayer | Updating Geometry BVH Cylinder.030 117/710 | Building BVH
Fra:1 Mem:355.50M (Peak 417.42M) | Time:00:01.61 | Mem:176.98M, Peak:176.98M | Scene, ViewLayer | Updating Geometry BVH Cylinder.031 118/710 | Building BVH
Fra:1 Mem:355.50M (Peak 417.42M) | Time:00:01.61 | Mem:176.98M, Peak:176.98M | Scene, ViewLayer | Updating Geometry BVH Cylinder.032 119/710 | Building BVH
Fra:1 Mem:355.50M (Peak 417.42M) | Time:00:01.61 | Mem:176.98M, Peak:176.98M | Scene, ViewLayer | Updating Geometry BVH Cylinder.032 119/710 | Building mesh BLAS |      60 tris | Cylinder.032
Fra:1 Mem:355.50M (Peak 417.42M) | Time:00:01.61 | Mem:176.98M, Peak:176.98M | Scene, ViewLayer | Updating Geometry BVH Cylinder.033 120/710 | Building BVH
Fra:1 Mem:355.50M (Peak 417.42M) | Time:00:01.61 | Mem:176.98M, Peak:176.98M | Scene, ViewLayer | Updating Geometry BVH Cylinder.033 120/710 | Building mesh BLAS |      60 tris | Cylinder.033
Fra:1 Mem:355.50M (Peak 417.42M) | Time:00:01.61 | Mem:176.98M, Peak:176.98M | Scene, ViewLayer | Updating Geometry BVH Cylinder.034 121/710 | Building BVH
Fra:1 Mem:355.50M (Peak 417.42M) | Time:00:01.61 | Mem:176.98M, Peak:176.98M | Scene, ViewLayer | Updating Geometry BVH Cylinder.034 121/710 | Building mesh BLAS |      60 tris | Cylinder.034
Fra:1 Mem:355.50M (Peak 417.42M) | Time:00:01.61 | Mem:176.98M, Peak:176.98M | Scene, ViewLayer | Updating Geometry BVH Cylinder.035 122/710 | Building BVH
Fra:1 Mem:355.50M (Peak 417.42M) | Time:00:01.61 | Mem:176.99M, Peak:176.99M | Scene, ViewLayer | Updating Geometry BVH Cylinder.035 122/710 | Building mesh BLAS |      60 tris | Cylinder.035
Fra:1 Mem:355.50M (Peak 417.42M) | Time:00:01.61 | Mem:177.01M, Peak:177.01M | Scene, ViewLayer | Updating Geometry BVH Cylinder.036 123/710 | Building BVH
Fra:1 Mem:355.50M (Peak 417.42M) | Time:00:01.61 | Mem:177.01M, Peak:177.01M | Scene, ViewLayer | Updating Geometry BVH Cylinder.038 125/710 | Building BVH
Fra:1 Mem:355.50M (Peak 417.42M) | Time:00:01.61 | Mem:177.01M, Peak:177.01M | Scene, ViewLayer | Updating Geometry BVH Cylinder.038 125/710 | Building mesh BLAS |      60 tris | Cylinder.036
Fra:1 Mem:355.50M (Peak 417.42M) | Time:00:01.61 | Mem:177.01M, Peak:177.01M | Scene, ViewLayer | Updating Geometry BVH Cylinder.038 125/710 | Building mesh BLAS |      60 tris | Cylinder.038
Fra:1 Mem:355.50M (Peak 417.42M) | Time:00:01.61 | Mem:177.05M, Peak:177.05M | Scene, ViewLayer | Updating Geometry BVH Cylinder.039 126/710 | Building BVH
Fra:1 Mem:355.50M (Peak 417.42M) | Time:00:01.61 | Mem:177.05M, Peak:177.05M | Scene, ViewLayer | Updating Geometry BVH Cylinder.039 126/710 | Building mesh BLAS |      60 tris | Cylinder.039
Fra:1 Mem:355.50M (Peak 417.42M) | Time:00:01.61 | Mem:177.07M, Peak:177.07M | Scene, ViewLayer | Updating Geometry BVH Cylinder.040 127/710 | Building BVH
Fra:1 Mem:355.50M (Peak 417.42M) | Time:00:01.61 | Mem:177.07M, Peak:177.07M | Scene, ViewLayer | Updating Geometry BVH Cylinder.040 127/710 | Building mesh BLAS |      60 tris | Cylinder.040
Fra:1 Mem:355.50M (Peak 417.42M) | Time:00:01.61 | Mem:177.07M, Peak:177.07M | Scene, ViewLayer | Updating Geometry BVH Cylinder.041 128/710 | Building BVH
Fra:1 Mem:355.50M (Peak 417.42M) | Time:00:01.61 | Mem:177.07M, Peak:177.07M | Scene, ViewLayer | Updating Geometry BVH Cylinder.041 128/710 | Building mesh BLAS |      60 tris | Cylinder.041
Fra:1 Mem:355.50M (Peak 417.42M) | Time:00:01.61 | Mem:177.10M, Peak:177.10M | Scene, ViewLayer | Updating Geometry BVH Cylinder.042 129/710 | Building BVH
Fra:1 Mem:355.50M (Peak 417.42M) | Time:00:01.61 | Mem:177.12M, Peak:177.12M | Scene, ViewLayer | Updating Geometry BVH Cylinder.042 129/710 | Building mesh BLAS |      60 tris | Cylinder.042
Fra:1 Mem:355.50M (Peak 417.42M) | Time:00:01.61 | Mem:177.14M, Peak:177.14M | Scene, ViewLayer | Updating Geometry BVH Dome rolled rim.008 704/710 | Building BVH
Fra:1 Mem:355.50M (Peak 417.42M) | Time:00:01.61 | Mem:177.14M, Peak:177.14M | Scene, ViewLayer | Updating Geometry BVH Cylinder.043 130/710 | Building BVH
Fra:1 Mem:355.50M (Peak 417.42M) | Time:00:01.61 | Mem:177.14M, Peak:177.14M | Scene, ViewLayer | Updating Geometry BVH Cylinder.043 130/710 | Building mesh BLAS |    1536 tris | Dome rolled rim.008
Fra:1 Mem:355.50M (Peak 417.42M) | Time:00:01.61 | Mem:180.04M, Peak:180.04M | Scene, ViewLayer | Updating Geometry BVH Cylinder.044 131/710 | Building BVH
Fra:1 Mem:355.50M (Peak 417.42M) | Time:00:01.61 | Mem:180.04M, Peak:180.04M | Scene, ViewLayer | Updating Geometry BVH Cylinder.044 131/710 | Building mesh BLAS |      60 tris | Cylinder.043
Fra:1 Mem:355.50M (Peak 417.42M) | Time:00:01.61 | Mem:180.04M, Peak:180.04M | Scene, ViewLayer | Updating Geometry BVH Cylinder.044 131/710 | Building mesh BLAS |      60 tris | Cylinder.044
Fra:1 Mem:355.50M (Peak 417.42M) | Time:00:01.61 | Mem:180.04M, Peak:180.04M | Scene, ViewLayer | Updating Geometry BVH Cylinder.045 132/710 | Building BVH
Fra:1 Mem:355.50M (Peak 417.42M) | Time:00:01.61 | Mem:180.04M, Peak:180.04M | Scene, ViewLayer | Updating Geometry BVH Cylinder.045 132/710 | Building mesh BLAS |      60 tris | Cylinder.045
Fra:1 Mem:355.50M (Peak 417.42M) | Time:00:01.61 | Mem:180.04M, Peak:180.04M | Scene, ViewLayer | Updating Geometry BVH Cylinder.046 133/710 | Building BVH
Fra:1 Mem:355.50M (Peak 417.42M) | Time:00:01.61 | Mem:180.04M, Peak:180.04M | Scene, ViewLayer | Updating Geometry BVH Cylinder.046 133/710 | Building mesh BLAS |      60 tris | Cylinder.046
Fra:1 Mem:355.50M (Peak 417.42M) | Time:00:01.61 | Mem:180.04M, Peak:180.04M | Scene, ViewLayer | Updating Geometry BVH Cylinder.047 134/710 | Building BVH
Fra:1 Mem:355.50M (Peak 417.42M) | Time:00:01.61 | Mem:180.05M, Peak:180.05M | Scene, ViewLayer | Updating Geometry BVH Cylinder.048 135/710 | Building mesh BLAS |      60 tris | Cylinder.047
Fra:1 Mem:355.50M (Peak 417.42M) | Time:00:01.61 | Mem:180.07M, Peak:180.07M | Scene, ViewLayer | Updating Geometry BVH Cylinder.049 136/710 | Building BVH
Fra:1 Mem:355.50M (Peak 417.42M) | Time:00:01.61 | Mem:180.08M, Peak:180.08M | Scene, ViewLayer | Updating Geometry BVH Cylinder.049 136/710 | Building mesh BLAS |      60 tris | Cylinder.049
Fra:1 Mem:355.50M (Peak 417.42M) | Time:00:01.61 | Mem:180.11M, Peak:180.11M | Scene, ViewLayer | Updating Geometry BVH Cylinder.049 136/710 | Building mesh BLAS |      60 tris | Cylinder.048
Fra:1 Mem:355.50M (Peak 417.42M) | Time:00:01.61 | Mem:180.13M, Peak:180.13M | Scene, ViewLayer | Updating Geometry BVH Cylinder.050 137/710 | Building BVH
Fra:1 Mem:355.50M (Peak 417.42M) | Time:00:01.61 | Mem:180.13M, Peak:180.13M | Scene, ViewLayer | Updating Geometry BVH Cylinder.050 137/710 | Building mesh BLAS |      60 tris | Cylinder.050
Fra:1 Mem:355.50M (Peak 417.42M) | Time:00:01.61 | Mem:180.16M, Peak:180.16M | Scene, ViewLayer | Updating Geometry BVH Cylinder.051 138/710 | Building BVH
Fra:1 Mem:355.50M (Peak 417.42M) | Time:00:01.61 | Mem:180.17M, Peak:180.17M | Scene, ViewLayer | Updating Geometry BVH Cylinder.051 138/710 | Building mesh BLAS |      60 tris | Cylinder.051
Fra:1 Mem:355.50M (Peak 417.42M) | Time:00:01.61 | Mem:180.19M, Peak:180.19M | Scene, ViewLayer | Updating Geometry BVH Cylinder.053 140/710 | Building BVH
Fra:1 Mem:355.50M (Peak 417.42M) | Time:00:01.62 | Mem:180.20M, Peak:180.20M | Scene, ViewLayer | Updating Geometry BVH Cylinder.053 140/710 | Building mesh BLAS |      60 tris | Cylinder.053
Fra:1 Mem:355.50M (Peak 417.42M) | Time:00:01.62 | Mem:180.21M, Peak:180.21M | Scene, ViewLayer | Updating Geometry BVH Cylinder.054 141/710 | Building BVH
Fra:1 Mem:355.50M (Peak 417.42M) | Time:00:01.62 | Mem:180.22M, Peak:180.22M | Scene, ViewLayer | Updating Geometry BVH Cylinder.054 141/710 | Building mesh BLAS |      60 tris | Cylinder.054
Fra:1 Mem:355.50M (Peak 417.42M) | Time:00:01.62 | Mem:180.23M, Peak:180.23M | Scene, ViewLayer | Updating Geometry BVH Cylinder.056 143/710 | Building BVH
Fra:1 Mem:355.50M (Peak 417.42M) | Time:00:01.62 | Mem:180.23M, Peak:180.23M | Scene, ViewLayer | Updating Geometry BVH Cylinder.057 144/710 | Building mesh BLAS |      60 tris | Cylinder.056
Fra:1 Mem:355.50M (Peak 417.42M) | Time:00:01.62 | Mem:180.23M, Peak:180.23M | Scene, ViewLayer | Updating Geometry BVH Cylinder.057 144/710 | Building mesh BLAS |      60 tris | Cylinder.052
Fra:1 Mem:355.50M (Peak 417.42M) | Time:00:01.62 | Mem:180.23M, Peak:180.23M | Scene, ViewLayer | Updating Geometry BVH Cylinder.059 146/710 | Building BVH
Fra:1 Mem:355.50M (Peak 417.42M) | Time:00:01.62 | Mem:180.23M, Peak:180.23M | Scene, ViewLayer | Updating Geometry BVH Cylinder.060 147/710 | Building BVH
Fra:1 Mem:355.50M (Peak 417.42M) | Time:00:01.62 | Mem:180.23M, Peak:180.23M | Scene, ViewLayer | Updating Geometry BVH Cylinder.061 148/710 | Building BVH
Fra:1 Mem:355.50M (Peak 417.42M) | Time:00:01.62 | Mem:180.23M, Peak:180.23M | Scene, ViewLayer | Updating Geometry BVH Cylinder.061 148/710 | Building mesh BLAS |      60 tris | Cylinder.060
Fra:1 Mem:355.50M (Peak 417.42M) | Time:00:01.62 | Mem:180.23M, Peak:180.23M | Scene, ViewLayer | Updating Geometry BVH Cylinder.061 148/710 | Building mesh BLAS |      60 tris | Cylinder.061
Fra:1 Mem:355.50M (Peak 417.42M) | Time:00:01.62 | Mem:180.23M, Peak:180.23M | Scene, ViewLayer | Updating Geometry BVH Cylinder.062 149/710 | Building mesh BLAS |      60 tris | Cylinder.055
Fra:1 Mem:355.50M (Peak 417.42M) | Time:00:01.62 | Mem:185.34M, Peak:185.34M | Scene, ViewLayer | Updating Geometry BVH Cylinder.062 149/710 | Building mesh BLAS |      60 tris | Cylinder.058
Fra:1 Mem:355.50M (Peak 417.42M) | Time:00:01.62 | Mem:185.34M, Peak:185.34M | Scene, ViewLayer | Updating Geometry BVH Cylinder.063 150/710 | Building mesh BLAS |      60 tris | Cylinder.062
Fra:1 Mem:355.50M (Peak 417.42M) | Time:00:01.62 | Mem:185.36M, Peak:185.36M | Scene, ViewLayer | Updating Geometry BVH Cylinder.063 150/710 | Building mesh BLAS |    1152 tris | Raised standing seam.079
Fra:1 Mem:355.50M (Peak 417.42M) | Time:00:01.62 | Mem:185.38M, Peak:185.38M | Scene, ViewLayer | Updating Geometry BVH Cylinder.065 152/710 | Building BVH
Fra:1 Mem:355.50M (Peak 417.42M) | Time:00:01.62 | Mem:185.38M, Peak:185.38M | Scene, ViewLayer | Updating Geometry BVH Cylinder.065 152/710 | Building mesh BLAS |      60 tris | Cylinder.065
Fra:1 Mem:355.50M (Peak 417.42M) | Time:00:01.62 | Mem:185.38M, Peak:185.38M | Scene, ViewLayer | Updating Geometry BVH Cylinder.065 152/710 | Building mesh BLAS |      60 tris | Cylinder.064
Fra:1 Mem:355.50M (Peak 417.42M) | Time:00:01.62 | Mem:185.38M, Peak:185.38M | Scene, ViewLayer | Updating Geometry BVH Cylinder.065 152/710 | Building mesh BLAS |      60 tris | Cylinder.063
Fra:1 Mem:355.50M (Peak 417.42M) | Time:00:01.62 | Mem:185.38M, Peak:185.38M | Scene, ViewLayer | Updating Geometry BVH Cylinder.066 153/710 | Building BVH
Fra:1 Mem:355.50M (Peak 417.42M) | Time:00:01.62 | Mem:185.38M, Peak:185.38M | Scene, ViewLayer | Updating Geometry BVH Cylinder.066 153/710 | Building mesh BLAS |      60 tris | Cylinder.066
Fra:1 Mem:355.50M (Peak 417.42M) | Time:00:01.62 | Mem:185.67M, Peak:185.67M | Scene, ViewLayer | Updating Geometry BVH Cylinder.067 154/710 | Building BVH
Fra:1 Mem:355.50M (Peak 417.42M) | Time:00:01.62 | Mem:185.67M, Peak:185.67M | Scene, ViewLayer | Updating Geometry BVH Cylinder.067 154/710 | Building mesh BLAS |      60 tris | Cylinder.067
Fra:1 Mem:355.50M (Peak 417.42M) | Time:00:01.62 | Mem:185.67M, Peak:185.67M | Scene, ViewLayer | Updating Geometry BVH Cylinder.068 155/710 | Building BVH
Fra:1 Mem:355.50M (Peak 417.42M) | Time:00:01.62 | Mem:185.67M, Peak:185.67M | Scene, ViewLayer | Updating Geometry BVH Cylinder.068 155/710 | Building mesh BLAS |      60 tris | Cylinder.068
Fra:1 Mem:355.50M (Peak 417.42M) | Time:00:01.62 | Mem:185.68M, Peak:185.68M | Scene, ViewLayer | Updating Geometry BVH Cylinder.069 156/710 | Building BVH
Fra:1 Mem:355.50M (Peak 417.42M) | Time:00:01.62 | Mem:185.68M, Peak:185.68M | Scene, ViewLayer | Updating Geometry BVH Cylinder.069 156/710 | Building mesh BLAS |      60 tris | Cylinder.069
Fra:1 Mem:355.50M (Peak 417.42M) | Time:00:01.62 | Mem:185.70M, Peak:185.70M | Scene, ViewLayer | Updating Geometry BVH Cylinder.070 157/710 | Building BVH
Fra:1 Mem:355.50M (Peak 417.42M) | Time:00:01.62 | Mem:185.70M, Peak:185.70M | Scene, ViewLayer | Updating Geometry BVH Cylinder.071 158/710 | Building BVH
Fra:1 Mem:355.50M (Peak 417.42M) | Time:00:01.62 | Mem:185.70M, Peak:185.70M | Scene, ViewLayer | Updating Geometry BVH Cylinder.071 158/710 | Building mesh BLAS |      60 tris | Cylinder.070
Fra:1 Mem:355.50M (Peak 417.42M) | Time:00:01.62 | Mem:185.70M, Peak:185.70M | Scene, ViewLayer | Updating Geometry BVH Cylinder.073 160/710 | Building BVH
Fra:1 Mem:355.50M (Peak 417.42M) | Time:00:01.62 | Mem:185.70M, Peak:185.70M | Scene, ViewLayer | Updating Geometry BVH Cylinder.074 161/710 | Building mesh BLAS |      96 tris | Cylinder.073
Fra:1 Mem:355.50M (Peak 417.42M) | Time:00:01.62 | Mem:185.70M, Peak:185.70M | Scene, ViewLayer | Updating Geometry BVH Cylinder.074 161/710 | Building mesh BLAS |      60 tris | Cylinder.072
Fra:1 Mem:355.50M (Peak 417.42M) | Time:00:01.62 | Mem:185.70M, Peak:185.70M | Scene, ViewLayer | Updating Geometry BVH Cylinder.074 161/710 | Building mesh BLAS |      60 tris | Cylinder.074
Fra:1 Mem:355.50M (Peak 417.42M) | Time:00:01.62 | Mem:185.71M, Peak:185.71M | Scene, ViewLayer | Updating Geometry BVH Cylinder.075 162/710 | Building BVH
Fra:1 Mem:355.50M (Peak 417.42M) | Time:00:01.62 | Mem:185.71M, Peak:185.71M | Scene, ViewLayer | Updating Geometry BVH Cylinder.075 162/710 | Building mesh BLAS |      60 tris | Cylinder.075
Fra:1 Mem:355.50M (Peak 417.42M) | Time:00:01.62 | Mem:185.71M, Peak:185.71M | Scene, ViewLayer | Updating Geometry BVH Cylinder.076 163/710 | Building BVH
Fra:1 Mem:355.50M (Peak 417.42M) | Time:00:01.62 | Mem:185.71M, Peak:185.71M | Scene, ViewLayer | Updating Geometry BVH Cylinder.076 163/710 | Building mesh BLAS |     120 tris | Cylinder.076
Fra:1 Mem:355.50M (Peak 417.42M) | Time:00:01.62 | Mem:185.75M, Peak:185.75M | Scene, ViewLayer | Updating Geometry BVH Cylinder.077 164/710 | Building BVH
Fra:1 Mem:355.50M (Peak 417.42M) | Time:00:01.62 | Mem:185.75M, Peak:185.75M | Scene, ViewLayer | Updating Geometry BVH Cylinder.078 165/710 | Building mesh BLAS |      60 tris | Cylinder.077
Fra:1 Mem:355.50M (Peak 417.42M) | Time:00:01.62 | Mem:185.75M, Peak:185.75M | Scene, ViewLayer | Updating Geometry BVH Cylinder.079 166/710 | Building BVH
Fra:1 Mem:355.50M (Peak 417.42M) | Time:00:01.62 | Mem:185.75M, Peak:185.75M | Scene, ViewLayer | Updating Geometry BVH Cube.086 167/710 | Building BVH
Fra:1 Mem:355.50M (Peak 417.42M) | Time:00:01.62 | Mem:185.75M, Peak:185.75M | Scene, ViewLayer | Updating Geometry BVH Cube.086 167/710 | Building mesh BLAS |      60 tris | Cylinder.079
Fra:1 Mem:355.50M (Peak 417.42M) | Time:00:01.62 | Mem:185.75M, Peak:185.75M | Scene, ViewLayer | Updating Geometry BVH Cube.088 169/710 | Building BVH
Fra:1 Mem:355.50M (Peak 417.42M) | Time:00:01.62 | Mem:185.75M, Peak:185.75M | Scene, ViewLayer | Updating Geometry BVH Cube.088 169/710 | Building mesh BLAS |     188 tris | Cube.086
Fra:1 Mem:355.50M (Peak 417.42M) | Time:00:01.62 | Mem:185.75M, Peak:185.75M | Scene, ViewLayer | Updating Geometry BVH Cube.088 169/710 | Building mesh BLAS |     188 tris | Cube.088
Fra:1 Mem:355.50M (Peak 417.42M) | Time:00:01.62 | Mem:185.75M, Peak:185.75M | Scene, ViewLayer | Updating Geometry BVH Cube.088 169/710 | Building mesh BLAS |     188 tris | Cube.087
Fra:1 Mem:355.50M (Peak 417.42M) | Time:00:01.62 | Mem:185.75M, Peak:185.75M | Scene, ViewLayer | Updating Geometry BVH Raised standing seam.078 702/710 | Building BVH
Fra:1 Mem:355.50M (Peak 417.42M) | Time:00:01.62 | Mem:185.75M, Peak:185.75M | Scene, ViewLayer | Updating Geometry BVH Cube.089 170/710 | Building BVH
Fra:1 Mem:355.50M (Peak 417.42M) | Time:00:01.62 | Mem:185.76M, Peak:185.76M | Scene, ViewLayer | Updating Geometry BVH Cube.089 170/710 | Building mesh BLAS |    1152 tris | Raised standing seam.078
Fra:1 Mem:355.50M (Peak 417.42M) | Time:00:01.62 | Mem:185.76M, Peak:185.76M | Scene, ViewLayer | Updating Geometry BVH Cube.090 171/710 | Building BVH
Fra:1 Mem:355.50M (Peak 417.42M) | Time:00:01.62 | Mem:185.77M, Peak:185.77M | Scene, ViewLayer | Updating Geometry BVH Cube.091 172/710 | Building BVH
Fra:1 Mem:355.50M (Peak 417.42M) | Time:00:01.62 | Mem:185.77M, Peak:185.77M | Scene, ViewLayer | Updating Geometry BVH Cube.091 172/710 | Building mesh BLAS |     188 tris | Cube.090
Fra:1 Mem:355.50M (Peak 417.42M) | Time:00:01.62 | Mem:185.77M, Peak:185.77M | Scene, ViewLayer | Updating Geometry BVH Cube.091 172/710 | Building mesh BLAS |     188 tris | Cube.091
Fra:1 Mem:355.50M (Peak 417.42M) | Time:00:01.62 | Mem:186.16M, Peak:186.16M | Scene, ViewLayer | Updating Geometry BVH Cube.092 173/710 | Building BVH
Fra:1 Mem:355.50M (Peak 417.42M) | Time:00:01.62 | Mem:186.18M, Peak:186.18M | Scene, ViewLayer | Updating Geometry BVH Cube.092 173/710 | Building mesh BLAS |     188 tris | Cube.092
Fra:1 Mem:355.50M (Peak 417.42M) | Time:00:01.62 | Mem:186.20M, Peak:186.20M | Scene, ViewLayer | Updating Geometry BVH Cube.093 174/710 | Building BVH
Fra:1 Mem:355.50M (Peak 417.42M) | Time:00:01.62 | Mem:186.21M, Peak:186.21M | Scene, ViewLayer | Updating Geometry BVH Cube.094 175/710 | Building BVH
Fra:1 Mem:355.50M (Peak 417.42M) | Time:00:01.62 | Mem:186.21M, Peak:186.21M | Scene, ViewLayer | Updating Geometry BVH Cube.096 177/710 | Building BVH
Fra:1 Mem:355.50M (Peak 417.42M) | Time:00:01.62 | Mem:186.21M, Peak:186.21M | Scene, ViewLayer | Updating Geometry BVH Cube.097 178/710 | Building BVH
Fra:1 Mem:355.50M (Peak 417.42M) | Time:00:01.62 | Mem:186.21M, Peak:186.21M | Scene, ViewLayer | Updating Geometry BVH Cube.097 178/710 | Building mesh BLAS |     188 tris | Cube.096
Fra:1 Mem:355.50M (Peak 417.42M) | Time:00:01.62 | Mem:186.21M, Peak:186.21M | Scene, ViewLayer | Updating Geometry BVH Cube.097 178/710 | Building mesh BLAS |     188 tris | Cube.097
Fra:1 Mem:355.50M (Peak 417.42M) | Time:00:01.62 | Mem:186.21M, Peak:186.21M | Scene, ViewLayer | Updating Geometry BVH Cube.098 179/710 | Building BVH
Fra:1 Mem:355.50M (Peak 417.42M) | Time:00:01.62 | Mem:186.21M, Peak:186.21M | Scene, ViewLayer | Updating Geometry BVH Cube.099 180/710 | Building BVH
Fra:1 Mem:355.50M (Peak 417.42M) | Time:00:01.62 | Mem:186.21M, Peak:186.21M | Scene, ViewLayer | Updating Geometry BVH Cube.099 180/710 | Building mesh BLAS |     188 tris | Cube.098
Fra:1 Mem:355.50M (Peak 417.42M) | Time:00:01.62 | Mem:186.21M, Peak:186.21M | Scene, ViewLayer | Updating Geometry BVH Cube.099 180/710 | Building mesh BLAS |     188 tris | Cube.099
Fra:1 Mem:355.50M (Peak 417.42M) | Time:00:01.62 | Mem:186.21M, Peak:186.21M | Scene, ViewLayer | Updating Geometry BVH Cube.099 180/710 | Building mesh BLAS |     188 tris | Cube.095
Fra:1 Mem:355.50M (Peak 417.42M) | Time:00:01.62 | Mem:186.21M, Peak:186.21M | Scene, ViewLayer | Updating Geometry BVH Cube.100 181/710 | Building BVH
Fra:1 Mem:355.50M (Peak 417.42M) | Time:00:01.62 | Mem:186.24M, Peak:186.24M | Scene, ViewLayer | Updating Geometry BVH Cube.101 182/710 | Building BVH
Fra:1 Mem:355.50M (Peak 417.42M) | Time:00:01.62 | Mem:186.25M, Peak:186.25M | Scene, ViewLayer | Updating Geometry BVH Cube.101 182/710 | Building mesh BLAS |     188 tris | Cube.100
Fra:1 Mem:355.50M (Peak 417.42M) | Time:00:01.62 | Mem:186.26M, Peak:186.26M | Scene, ViewLayer | Updating Geometry BVH Cube.101 182/710 | Building mesh BLAS |     188 tris | Cube.101
Fra:1 Mem:355.50M (Peak 417.42M) | Time:00:01.62 | Mem:186.27M, Peak:186.27M | Scene, ViewLayer | Updating Geometry BVH Cube.102 183/710 | Building BVH
Fra:1 Mem:355.50M (Peak 417.42M) | Time:00:01.62 | Mem:186.28M, Peak:186.28M | Scene, ViewLayer | Updating Geometry BVH Cube.103 184/710 | Building BVH
Fra:1 Mem:355.50M (Peak 417.42M) | Time:00:01.62 | Mem:186.28M, Peak:186.28M | Scene, ViewLayer | Updating Geometry BVH Cube.104 185/710 | Building mesh BLAS |     188 tris | Cube.102
Fra:1 Mem:355.50M (Peak 417.42M) | Time:00:01.62 | Mem:186.28M, Peak:186.28M | Scene, ViewLayer | Updating Geometry BVH Cube.104 185/710 | Building mesh BLAS |     188 tris | Cube.103
Fra:1 Mem:355.50M (Peak 417.42M) | Time:00:01.62 | Mem:186.30M, Peak:186.30M | Scene, ViewLayer | Updating Geometry BVH Cube.104 185/710 | Building mesh BLAS |     188 tris | Cube.104
Fra:1 Mem:355.50M (Peak 417.42M) | Time:00:01.62 | Mem:186.32M, Peak:186.32M | Scene, ViewLayer | Updating Geometry BVH Raised standing seam.077 701/710 | Building BVH
Fra:1 Mem:355.50M (Peak 417.42M) | Time:00:01.62 | Mem:186.33M, Peak:186.33M | Scene, ViewLayer | Updating Geometry BVH Raised standing seam.077 701/710 | Building mesh BLAS |    1152 tris | Raised standing seam.077
Fra:1 Mem:355.50M (Peak 417.42M) | Time:00:01.62 | Mem:186.34M, Peak:186.34M | Scene, ViewLayer | Updating Geometry BVH Cube.105 186/710 | Building BVH
Fra:1 Mem:355.50M (Peak 417.42M) | Time:00:01.62 | Mem:186.34M, Peak:186.34M | Scene, ViewLayer | Updating Geometry BVH Cube.106 187/710 | Building BVH
Fra:1 Mem:355.50M (Peak 417.42M) | Time:00:01.62 | Mem:186.34M, Peak:186.34M | Scene, ViewLayer | Updating Geometry BVH Cube.106 187/710 | Building mesh BLAS |     188 tris | Cube.105
Fra:1 Mem:355.50M (Peak 417.42M) | Time:00:01.62 | Mem:186.34M, Peak:186.34M | Scene, ViewLayer | Updating Geometry BVH Cube.106 187/710 | Building mesh BLAS |     188 tris | Cube.106
Fra:1 Mem:355.50M (Peak 417.42M) | Time:00:01.62 | Mem:186.34M, Peak:186.34M | Scene, ViewLayer | Updating Geometry BVH Cube.107 188/710 | Building BVH
Fra:1 Mem:355.50M (Peak 417.42M) | Time:00:01.62 | Mem:186.34M, Peak:186.34M | Scene, ViewLayer | Updating Geometry BVH Cube.107 188/710 | Building mesh BLAS |     188 tris | Cube.107
Fra:1 Mem:355.50M (Peak 417.42M) | Time:00:01.62 | Mem:186.34M, Peak:186.34M | Scene, ViewLayer | Updating Geometry BVH Cube.108 189/710 | Building BVH
Fra:1 Mem:355.50M (Peak 417.42M) | Time:00:01.62 | Mem:186.34M, Peak:186.34M | Scene, ViewLayer | Updating Geometry BVH Cube.108 189/710 | Building mesh BLAS |     188 tris | Cube.108
Fra:1 Mem:355.50M (Peak 417.42M) | Time:00:01.62 | Mem:186.34M, Peak:186.34M | Scene, ViewLayer | Updating Geometry BVH Cube.109 190/710 | Building BVH
Fra:1 Mem:355.50M (Peak 417.42M) | Time:00:01.62 | Mem:186.34M, Peak:186.34M | Scene, ViewLayer | Updating Geometry BVH Cube.109 190/710 | Building mesh BLAS |     188 tris | Cube.109
Fra:1 Mem:355.50M (Peak 417.42M) | Time:00:01.62 | Mem:186.36M, Peak:186.36M | Scene, ViewLayer | Updating Geometry BVH Cube.110 191/710 | Building BVH
Fra:1 Mem:355.50M (Peak 417.42M) | Time:00:01.62 | Mem:186.36M, Peak:186.36M | Scene, ViewLayer | Updating Geometry BVH Cube.110 191/710 | Building mesh BLAS |     188 tris | Cube.110
Fra:1 Mem:355.50M (Peak 417.42M) | Time:00:01.62 | Mem:186.39M, Peak:186.39M | Scene, ViewLayer | Updating Geometry BVH Cube.111 192/710 | Building BVH
Fra:1 Mem:355.50M (Peak 417.42M) | Time:00:01.62 | Mem:186.39M, Peak:186.39M | Scene, ViewLayer | Updating Geometry BVH Cube.111 192/710 | Building mesh BLAS |     188 tris | Cube.111
Fra:1 Mem:355.50M (Peak 417.42M) | Time:00:01.62 | Mem:186.39M, Peak:186.39M | Scene, ViewLayer | Updating Geometry BVH Cube.112 193/710 | Building BVH
Fra:1 Mem:355.50M (Peak 417.42M) | Time:00:01.62 | Mem:186.39M, Peak:186.39M | Scene, ViewLayer | Updating Geometry BVH Cube.112 193/710 | Building mesh BLAS |     188 tris | Cube.112
Fra:1 Mem:355.50M (Peak 417.42M) | Time:00:01.62 | Mem:186.39M, Peak:186.39M | Scene, ViewLayer | Updating Geometry BVH Cube.113 194/710 | Building BVH
Fra:1 Mem:355.50M (Peak 417.42M) | Time:00:01.62 | Mem:186.39M, Peak:186.39M | Scene, ViewLayer | Updating Geometry BVH Cube.113 194/710 | Building mesh BLAS |     188 tris | Cube.113
Fra:1 Mem:355.50M (Peak 417.42M) | Time:00:01.62 | Mem:186.39M, Peak:186.39M | Scene, ViewLayer | Updating Geometry BVH Cube.114 195/710 | Building BVH
Fra:1 Mem:355.50M (Peak 417.42M) | Time:00:01.62 | Mem:186.39M, Peak:186.39M | Scene, ViewLayer | Updating Geometry BVH Cube.114 195/710 | Building mesh BLAS |     188 tris | Cube.114
Fra:1 Mem:355.50M (Peak 417.42M) | Time:00:01.62 | Mem:186.39M, Peak:186.39M | Scene, ViewLayer | Updating Geometry BVH Cube.115 196/710 | Building BVH
Fra:1 Mem:355.50M (Peak 417.42M) | Time:00:01.62 | Mem:186.39M, Peak:186.39M | Scene, ViewLayer | Updating Geometry BVH Cube.116 197/710 | Building BVH
Fra:1 Mem:355.50M (Peak 417.42M) | Time:00:01.62 | Mem:186.39M, Peak:186.39M | Scene, ViewLayer | Updating Geometry BVH Cube.116 197/710 | Building mesh BLAS |     188 tris | Cube.116
Fra:1 Mem:355.50M (Peak 417.42M) | Time:00:01.63 | Mem:186.43M, Peak:186.43M | Scene, ViewLayer | Updating Geometry BVH Cube.117 198/710 | Building BVH
Fra:1 Mem:355.50M (Peak 417.42M) | Time:00:01.63 | Mem:186.43M, Peak:186.43M | Scene, ViewLayer | Updating Geometry BVH Cube.118 199/710 | Building BVH
Fra:1 Mem:355.50M (Peak 417.42M) | Time:00:01.63 | Mem:186.43M, Peak:186.43M | Scene, ViewLayer | Updating Geometry BVH Cube.118 199/710 | Building mesh BLAS |     188 tris | Cube.117
Fra:1 Mem:355.50M (Peak 417.42M) | Time:00:01.63 | Mem:186.43M, Peak:186.43M | Scene, ViewLayer | Updating Geometry BVH Cube.118 199/710 | Building mesh BLAS |     188 tris | Cube.118
Fra:1 Mem:355.50M (Peak 417.42M) | Time:00:01.63 | Mem:186.43M, Peak:186.43M | Scene, ViewLayer | Updating Geometry BVH Cube.119 200/710 | Building BVH
Fra:1 Mem:355.50M (Peak 417.42M) | Time:00:01.63 | Mem:186.43M, Peak:186.43M | Scene, ViewLayer | Updating Geometry BVH Cube.119 200/710 | Building mesh BLAS |     188 tris | Cube.119
Fra:1 Mem:355.50M (Peak 417.42M) | Time:00:01.63 | Mem:186.43M, Peak:186.43M | Scene, ViewLayer | Updating Geometry BVH Cube.120 201/710 | Building BVH
Fra:1 Mem:355.50M (Peak 417.42M) | Time:00:01.63 | Mem:186.43M, Peak:186.43M | Scene, ViewLayer | Updating Geometry BVH Cube.121 202/710 | Building BVH
Fra:1 Mem:355.50M (Peak 417.42M) | Time:00:01.63 | Mem:186.43M, Peak:186.43M | Scene, ViewLayer | Updating Geometry BVH Cube.121 202/710 | Building mesh BLAS |     188 tris | Cube.120
Fra:1 Mem:355.50M (Peak 417.42M) | Time:00:01.63 | Mem:186.44M, Peak:186.44M | Scene, ViewLayer | Updating Geometry BVH Raised standing seam.076 700/710 | Building BVH
Fra:1 Mem:355.50M (Peak 417.42M) | Time:00:01.63 | Mem:186.53M, Peak:186.53M | Scene, ViewLayer | Updating Geometry BVH Cube.123 204/710 | Building BVH
Fra:1 Mem:355.50M (Peak 417.42M) | Time:00:01.63 | Mem:186.56M, Peak:186.56M | Scene, ViewLayer | Updating Geometry BVH Cube.124 205/710 | Building BVH
Fra:1 Mem:355.50M (Peak 417.42M) | Time:00:01.63 | Mem:186.57M, Peak:186.57M | Scene, ViewLayer | Updating Geometry BVH Cube.124 205/710 | Building mesh BLAS |    1152 tris | Raised standing seam.076
Fra:1 Mem:355.50M (Peak 417.42M) | Time:00:01.63 | Mem:186.58M, Peak:186.58M | Scene, ViewLayer | Updating Geometry BVH Cube.126 207/710 | Building BVH
Fra:1 Mem:355.50M (Peak 417.42M) | Time:00:01.63 | Mem:186.58M, Peak:186.58M | Scene, ViewLayer | Updating Geometry BVH Cube.125 206/710 | Building mesh BLAS |     760 tris | Cube.123
Fra:1 Mem:355.50M (Peak 417.42M) | Time:00:01.63 | Mem:186.61M, Peak:186.61M | Scene, ViewLayer | Updating Geometry BVH Cube.125 206/710 | Building mesh BLAS |     188 tris | Cube.126
Fra:1 Mem:355.50M (Peak 417.42M) | Time:00:01.63 | Mem:186.61M, Peak:186.61M | Scene, ViewLayer | Updating Geometry BVH Cube.127 208/710 | Building BVH
Fra:1 Mem:355.50M (Peak 417.42M) | Time:00:01.63 | Mem:186.61M, Peak:186.61M | Scene, ViewLayer | Updating Geometry BVH Cube.127 208/710 | Building mesh BLAS |     188 tris | Cube.127
Fra:1 Mem:355.50M (Peak 417.42M) | Time:00:01.63 | Mem:186.61M, Peak:186.61M | Scene, ViewLayer | Updating Geometry BVH Cube.127 208/710 | Building mesh BLAS |     836 tris | Cube.122
Fra:1 Mem:355.50M (Peak 417.42M) | Time:00:01.63 | Mem:186.61M, Peak:186.61M | Scene, ViewLayer | Updating Geometry BVH Cube.129 210/710 | Building BVH
Fra:1 Mem:355.50M (Peak 417.42M) | Time:00:01.63 | Mem:186.61M, Peak:186.61M | Scene, ViewLayer | Updating Geometry BVH Cube.130 211/710 | Building BVH
Fra:1 Mem:355.50M (Peak 417.42M) | Time:00:01.63 | Mem:186.61M, Peak:186.61M | Scene, ViewLayer | Updating Geometry BVH Cube.130 211/710 | Building mesh BLAS |     712 tris | Cube.125
Fra:1 Mem:355.50M (Peak 417.42M) | Time:00:01.63 | Mem:186.61M, Peak:186.61M | Scene, ViewLayer | Updating Geometry BVH Cube.131 212/710 | Building BVH
Fra:1 Mem:355.50M (Peak 417.42M) | Time:00:01.63 | Mem:186.61M, Peak:186.61M | Scene, ViewLayer | Updating Geometry BVH Cube.131 212/710 | Building mesh BLAS |     188 tris | Cube.130
Fra:1 Mem:355.50M (Peak 417.42M) | Time:00:01.63 | Mem:186.61M, Peak:186.61M | Scene, ViewLayer | Updating Geometry BVH Cube.131 212/710 | Building mesh BLAS |     188 tris | Cube.131
Fra:1 Mem:355.50M (Peak 417.42M) | Time:00:01.63 | Mem:186.61M, Peak:186.61M | Scene, ViewLayer | Updating Geometry BVH Cube.131 212/710 | Building mesh BLAS |     188 tris | Cube.124
Fra:1 Mem:355.50M (Peak 417.42M) | Time:00:01.63 | Mem:186.61M, Peak:186.61M | Scene, ViewLayer | Updating Geometry BVH Cube.132 213/710 | Building BVH
Fra:1 Mem:355.50M (Peak 417.42M) | Time:00:01.63 | Mem:186.61M, Peak:186.61M | Scene, ViewLayer | Updating Geometry BVH Cube.133 214/710 | Building BVH
Fra:1 Mem:355.50M (Peak 417.42M) | Time:00:01.63 | Mem:186.61M, Peak:186.61M | Scene, ViewLayer | Updating Geometry BVH Cube.133 214/710 | Building mesh BLAS |     188 tris | Cube.133
Fra:1 Mem:355.50M (Peak 417.42M) | Time:00:01.63 | Mem:186.61M, Peak:186.61M | Scene, ViewLayer | Updating Geometry BVH Cube.134 215/710 | Building BVH
Fra:1 Mem:355.50M (Peak 417.42M) | Time:00:01.63 | Mem:186.62M, Peak:186.62M | Scene, ViewLayer | Updating Geometry BVH Cube.134 215/710 | Building mesh BLAS |     188 tris | Cube.134
Fra:1 Mem:355.50M (Peak 417.42M) | Time:00:01.63 | Mem:186.62M, Peak:186.62M | Scene, ViewLayer | Updating Geometry BVH Cube.135 216/710 | Building BVH
Fra:1 Mem:355.50M (Peak 417.42M) | Time:00:01.63 | Mem:186.62M, Peak:186.62M | Scene, ViewLayer | Updating Geometry BVH Cube.135 216/710 | Building mesh BLAS |     188 tris | Cube.135
Fra:1 Mem:355.50M (Peak 417.42M) | Time:00:01.63 | Mem:186.63M, Peak:186.63M | Scene, ViewLayer | Updating Geometry BVH Cube.136 217/710 | Building BVH
Fra:1 Mem:355.50M (Peak 417.42M) | Time:00:01.63 | Mem:186.63M, Peak:186.63M | Scene, ViewLayer | Updating Geometry BVH Cube.136 217/710 | Building mesh BLAS |     284 tris | Cube.136
Fra:1 Mem:355.50M (Peak 417.42M) | Time:00:01.63 | Mem:186.63M, Peak:186.63M | Scene, ViewLayer | Updating Geometry BVH Cube.137 218/710 | Building BVH
Fra:1 Mem:355.50M (Peak 417.42M) | Time:00:01.63 | Mem:186.63M, Peak:186.63M | Scene, ViewLayer | Updating Geometry BVH Cube.138 219/710 | Building mesh BLAS |     476 tris | Cube.137
Fra:1 Mem:355.50M (Peak 417.42M) | Time:00:01.63 | Mem:186.63M, Peak:186.63M | Scene, ViewLayer | Updating Geometry BVH Cube.138 219/710 | Building mesh BLAS |     188 tris | Cube.138
Fra:1 Mem:355.50M (Peak 417.42M) | Time:00:01.63 | Mem:186.64M, Peak:186.64M | Scene, ViewLayer | Updating Geometry BVH Raised standing seam.075 699/710 | Building BVH
Fra:1 Mem:355.50M (Peak 417.42M) | Time:00:01.63 | Mem:186.64M, Peak:186.64M | Scene, ViewLayer | Updating Geometry BVH Raised standing seam.075 699/710 | Building mesh BLAS |    1152 tris | Raised standing seam.075
Fra:1 Mem:355.50M (Peak 417.42M) | Time:00:01.63 | Mem:186.64M, Peak:186.64M | Scene, ViewLayer | Updating Geometry BVH Cube.139 220/710 | Building BVH
Fra:1 Mem:355.50M (Peak 417.42M) | Time:00:01.63 | Mem:186.64M, Peak:186.64M | Scene, ViewLayer | Updating Geometry BVH Cube.140 221/710 | Building mesh BLAS |     188 tris | Cube.139
Fra:1 Mem:355.50M (Peak 417.42M) | Time:00:01.63 | Mem:186.64M, Peak:186.64M | Scene, ViewLayer | Updating Geometry BVH Cube.140 221/710 | Building mesh BLAS |     188 tris | Cube.140
Fra:1 Mem:355.50M (Peak 417.42M) | Time:00:01.63 | Mem:186.75M, Peak:186.75M | Scene, ViewLayer | Updating Geometry BVH Cube.141 222/710 | Building BVH
Fra:1 Mem:355.50M (Peak 417.42M) | Time:00:01.63 | Mem:186.75M, Peak:186.75M | Scene, ViewLayer | Updating Geometry BVH Cube.142 223/710 | Building BVH
Fra:1 Mem:355.50M (Peak 417.42M) | Time:00:01.63 | Mem:186.75M, Peak:186.75M | Scene, ViewLayer | Updating Geometry BVH Cube.142 223/710 | Building mesh BLAS |     188 tris | Cube.141
Fra:1 Mem:355.50M (Peak 417.42M) | Time:00:01.63 | Mem:186.75M, Peak:186.75M | Scene, ViewLayer | Updating Geometry BVH Cube.142 223/710 | Building mesh BLAS |     188 tris | Cube.142
Fra:1 Mem:355.50M (Peak 417.42M) | Time:00:01.63 | Mem:186.75M, Peak:186.75M | Scene, ViewLayer | Updating Geometry BVH Cube.143 224/710 | Building BVH
Fra:1 Mem:355.50M (Peak 417.42M) | Time:00:01.63 | Mem:186.75M, Peak:186.75M | Scene, ViewLayer | Updating Geometry BVH Cube.143 224/710 | Building mesh BLAS |     188 tris | Cube.143
Fra:1 Mem:355.50M (Peak 417.42M) | Time:00:01.64 | Mem:186.75M, Peak:186.75M | Scene, ViewLayer | Updating Geometry BVH Cube.144 225/710 | Building BVH
Fra:1 Mem:355.50M (Peak 417.42M) | Time:00:01.64 | Mem:186.75M, Peak:186.75M | Scene, ViewLayer | Updating Geometry BVH Cube.145 226/710 | Building BVH
Fra:1 Mem:355.50M (Peak 417.42M) | Time:00:01.64 | Mem:186.75M, Peak:186.75M | Scene, ViewLayer | Updating Geometry BVH Cube.145 226/710 | Building mesh BLAS |     188 tris | Cube.144
Fra:1 Mem:355.50M (Peak 417.42M) | Time:00:01.64 | Mem:186.75M, Peak:186.75M | Scene, ViewLayer | Updating Geometry BVH Cube.145 226/710 | Building mesh BLAS |     188 tris | Cube.145
Fra:1 Mem:355.50M (Peak 417.42M) | Time:00:01.64 | Mem:186.75M, Peak:186.75M | Scene, ViewLayer | Updating Geometry BVH Cube.146 227/710 | Building BVH
Fra:1 Mem:355.50M (Peak 417.42M) | Time:00:01.64 | Mem:186.75M, Peak:186.75M | Scene, ViewLayer | Updating Geometry BVH Cube.146 227/710 | Building mesh BLAS |     188 tris | Cube.146
Fra:1 Mem:355.50M (Peak 417.42M) | Time:00:01.64 | Mem:186.76M, Peak:186.76M | Scene, ViewLayer | Updating Geometry BVH Cube.147 228/710 | Building BVH
Fra:1 Mem:355.50M (Peak 417.42M) | Time:00:01.64 | Mem:186.76M, Peak:186.76M | Scene, ViewLayer | Updating Geometry BVH Cube.147 228/710 | Building mesh BLAS |     188 tris | Cube.147
Fra:1 Mem:355.50M (Peak 417.42M) | Time:00:01.64 | Mem:186.77M, Peak:186.77M | Scene, ViewLayer | Updating Geometry BVH Cube.148 229/710 | Building BVH
Fra:1 Mem:355.50M (Peak 417.42M) | Time:00:01.64 | Mem:186.77M, Peak:186.77M | Scene, ViewLayer | Updating Geometry BVH Cube.148 229/710 | Building mesh BLAS |     188 tris | Cube.148
Fra:1 Mem:355.50M (Peak 417.42M) | Time:00:01.64 | Mem:186.77M, Peak:186.77M | Scene, ViewLayer | Updating Geometry BVH Cube.149 230/710 | Building BVH
Fra:1 Mem:355.50M (Peak 417.42M) | Time:00:01.64 | Mem:186.77M, Peak:186.77M | Scene, ViewLayer | Updating Geometry BVH Cube.149 230/710 | Building mesh BLAS |     188 tris | Cube.149
Fra:1 Mem:355.50M (Peak 417.42M) | Time:00:01.64 | Mem:186.77M, Peak:186.77M | Scene, ViewLayer | Updating Geometry BVH Cube.150 231/710 | Building BVH
Fra:1 Mem:355.50M (Peak 417.42M) | Time:00:01.64 | Mem:186.77M, Peak:186.77M | Scene, ViewLayer | Updating Geometry BVH Cube.150 231/710 | Building mesh BLAS |     188 tris | Cube.150
Fra:1 Mem:355.50M (Peak 417.42M) | Time:00:01.64 | Mem:186.77M, Peak:186.77M | Scene, ViewLayer | Updating Geometry BVH Cube.151 232/710 | Building BVH
Fra:1 Mem:355.50M (Peak 417.42M) | Time:00:01.64 | Mem:186.77M, Peak:186.77M | Scene, ViewLayer | Updating Geometry BVH Cube.151 232/710 | Building mesh BLAS |     188 tris | Cube.151
Fra:1 Mem:355.50M (Peak 417.42M) | Time:00:01.64 | Mem:186.77M, Peak:186.77M | Scene, ViewLayer | Updating Geometry BVH Cube.152 233/710 | Building BVH
Fra:1 Mem:355.50M (Peak 417.42M) | Time:00:01.64 | Mem:186.77M, Peak:186.77M | Scene, ViewLayer | Updating Geometry BVH Cube.152 233/710 | Building mesh BLAS |     188 tris | Cube.152
Fra:1 Mem:355.50M (Peak 417.42M) | Time:00:01.64 | Mem:186.77M, Peak:186.77M | Scene, ViewLayer | Updating Geometry BVH Cube.153 234/710 | Building BVH
Fra:1 Mem:355.50M (Peak 417.42M) | Time:00:01.64 | Mem:186.77M, Peak:186.77M | Scene, ViewLayer | Updating Geometry BVH Cube.153 234/710 | Building mesh BLAS |     188 tris | Cube.153
Fra:1 Mem:355.50M (Peak 417.42M) | Time:00:01.64 | Mem:186.78M, Peak:186.78M | Scene, ViewLayer | Updating Geometry BVH Cube.154 235/710 | Building BVH
Fra:1 Mem:355.50M (Peak 417.42M) | Time:00:01.64 | Mem:186.78M, Peak:186.78M | Scene, ViewLayer | Updating Geometry BVH Cube.154 235/710 | Building mesh BLAS |     188 tris | Cube.154
Fra:1 Mem:355.50M (Peak 417.42M) | Time:00:01.64 | Mem:186.78M, Peak:186.78M | Scene, ViewLayer | Updating Geometry BVH Cube.155 236/710 | Building BVH
Fra:1 Mem:355.50M (Peak 417.42M) | Time:00:01.64 | Mem:186.78M, Peak:186.78M | Scene, ViewLayer | Updating Geometry BVH Cube.155 236/710 | Building mesh BLAS |     188 tris | Cube.155
Fra:1 Mem:355.50M (Peak 417.42M) | Time:00:01.64 | Mem:186.78M, Peak:186.78M | Scene, ViewLayer | Updating Geometry BVH Raised standing seam.074 698/710 | Building BVH
Fra:1 Mem:355.50M (Peak 417.42M) | Time:00:01.64 | Mem:186.78M, Peak:186.78M | Scene, ViewLayer | Updating Geometry BVH Raised standing seam.074 698/710 | Building mesh BLAS |    1152 tris | Raised standing seam.074
Fra:1 Mem:355.50M (Peak 417.42M) | Time:00:01.64 | Mem:186.78M, Peak:186.78M | Scene, ViewLayer | Updating Geometry BVH Cube.156 237/710 | Building BVH
Fra:1 Mem:355.50M (Peak 417.42M) | Time:00:01.64 | Mem:186.78M, Peak:186.78M | Scene, ViewLayer | Updating Geometry BVH Cube.157 238/710 | Building BVH
Fra:1 Mem:355.50M (Peak 417.42M) | Time:00:01.64 | Mem:186.78M, Peak:186.78M | Scene, ViewLayer | Updating Geometry BVH Cube.158 239/710 | Building mesh BLAS |     188 tris | Cube.157
Fra:1 Mem:355.50M (Peak 417.42M) | Time:00:01.64 | Mem:186.78M, Peak:186.78M | Scene, ViewLayer | Updating Geometry BVH Cube.158 239/710 | Building mesh BLAS |     188 tris | Cube.158
Fra:1 Mem:355.50M (Peak 417.42M) | Time:00:01.64 | Mem:186.79M, Peak:186.79M | Scene, ViewLayer | Updating Geometry BVH Cube.159 240/710 | Building BVH
Fra:1 Mem:355.50M (Peak 417.42M) | Time:00:01.64 | Mem:186.79M, Peak:186.79M | Scene, ViewLayer | Updating Geometry BVH Cube.160 241/710 | Building BVH
Fra:1 Mem:355.50M (Peak 417.42M) | Time:00:01.64 | Mem:186.79M, Peak:186.79M | Scene, ViewLayer | Updating Geometry BVH Cube.160 241/710 | Building mesh BLAS |     188 tris | Cube.159
Fra:1 Mem:355.50M (Peak 417.42M) | Time:00:01.64 | Mem:186.79M, Peak:186.79M | Scene, ViewLayer | Updating Geometry BVH Cube.160 241/710 | Building mesh BLAS |     188 tris | Cube.160
Fra:1 Mem:355.50M (Peak 417.42M) | Time:00:01.64 | Mem:186.80M, Peak:186.80M | Scene, ViewLayer | Updating Geometry BVH Cube.161 242/710 | Building BVH
Fra:1 Mem:355.50M (Peak 417.42M) | Time:00:01.64 | Mem:186.83M, Peak:186.83M | Scene, ViewLayer | Updating Geometry BVH Cube.161 242/710 | Building mesh BLAS |     188 tris | Cube.161
Fra:1 Mem:355.50M (Peak 417.42M) | Time:00:01.64 | Mem:186.90M, Peak:186.90M | Scene, ViewLayer | Updating Geometry BVH Cube.162 243/710 | Building BVH
Fra:1 Mem:355.50M (Peak 417.42M) | Time:00:01.64 | Mem:186.90M, Peak:186.90M | Scene, ViewLayer | Updating Geometry BVH Cube.162 243/710 | Building mesh BLAS |     188 tris | Cube.162
Fra:1 Mem:355.50M (Peak 417.42M) | Time:00:01.64 | Mem:186.90M, Peak:186.90M | Scene, ViewLayer | Updating Geometry BVH Cube.163 244/710 | Building BVH
Fra:1 Mem:355.50M (Peak 417.42M) | Time:00:01.64 | Mem:186.90M, Peak:186.90M | Scene, ViewLayer | Updating Geometry BVH Cube.164 245/710 | Building BVH
Fra:1 Mem:355.50M (Peak 417.42M) | Time:00:01.64 | Mem:186.90M, Peak:186.90M | Scene, ViewLayer | Updating Geometry BVH Cube.164 245/710 | Building mesh BLAS |     188 tris | Cube.164
Fra:1 Mem:355.50M (Peak 417.42M) | Time:00:01.65 | Mem:187.19M, Peak:187.19M | Scene, ViewLayer | Updating Geometry BVH Cube.165 246/710 | Building BVH
Fra:1 Mem:355.50M (Peak 417.42M) | Time:00:01.65 | Mem:187.19M, Peak:187.19M | Scene, ViewLayer | Updating Geometry BVH Cube.166 247/710 | Building BVH
Fra:1 Mem:355.50M (Peak 417.42M) | Time:00:01.65 | Mem:187.19M, Peak:187.19M | Scene, ViewLayer | Updating Geometry BVH Cube.166 247/710 | Building mesh BLAS |     188 tris | Cube.165
Fra:1 Mem:355.50M (Peak 417.42M) | Time:00:01.65 | Mem:187.19M, Peak:187.19M | Scene, ViewLayer | Updating Geometry BVH Cube.166 247/710 | Building mesh BLAS |     188 tris | Cube.166
Fra:1 Mem:355.50M (Peak 417.42M) | Time:00:01.65 | Mem:187.19M, Peak:187.19M | Scene, ViewLayer | Updating Geometry BVH Cube.167 248/710 | Building BVH
Fra:1 Mem:355.50M (Peak 417.42M) | Time:00:01.65 | Mem:187.19M, Peak:187.19M | Scene, ViewLayer | Updating Geometry BVH Cube.168 249/710 | Building BVH
Fra:1 Mem:355.50M (Peak 417.42M) | Time:00:01.65 | Mem:187.19M, Peak:187.19M | Scene, ViewLayer | Updating Geometry BVH Cube.168 249/710 | Building mesh BLAS |     188 tris | Cube.167
Fra:1 Mem:355.50M (Peak 417.42M) | Time:00:01.65 | Mem:187.19M, Peak:187.19M | Scene, ViewLayer | Updating Geometry BVH Cube.168 249/710 | Building mesh BLAS |     188 tris | Cube.168
Fra:1 Mem:355.50M (Peak 417.42M) | Time:00:01.65 | Mem:187.19M, Peak:187.19M | Scene, ViewLayer | Updating Geometry BVH Cube.169 250/710 | Building BVH
Fra:1 Mem:355.50M (Peak 417.42M) | Time:00:01.65 | Mem:187.19M, Peak:187.19M | Scene, ViewLayer | Updating Geometry BVH Cube.170 251/710 | Building mesh BLAS |     188 tris | Cube.169
Fra:1 Mem:355.50M (Peak 417.42M) | Time:00:01.65 | Mem:187.19M, Peak:187.19M | Scene, ViewLayer | Updating Geometry BVH Cylinder.080 252/710 | Building BVH
Fra:1 Mem:355.50M (Peak 417.42M) | Time:00:01.65 | Mem:187.19M, Peak:187.19M | Scene, ViewLayer | Updating Geometry BVH Cylinder.080 252/710 | Building mesh BLAS |      60 tris | Cylinder.080
Fra:1 Mem:355.50M (Peak 417.42M) | Time:00:01.65 | Mem:187.19M, Peak:187.19M | Scene, ViewLayer | Updating Geometry BVH Cylinder.082 254/710 | Building BVH
Fra:1 Mem:355.50M (Peak 417.42M) | Time:00:01.65 | Mem:187.19M, Peak:187.19M | Scene, ViewLayer | Updating Geometry BVH Cylinder.082 254/710 | Building mesh BLAS |      60 tris | Cylinder.082
Fra:1 Mem:355.50M (Peak 417.42M) | Time:00:01.65 | Mem:187.19M, Peak:187.19M | Scene, ViewLayer | Updating Geometry BVH Cylinder.083 255/710 | Building BVH
Fra:1 Mem:355.50M (Peak 417.42M) | Time:00:01.65 | Mem:187.19M, Peak:187.19M | Scene, ViewLayer | Updating Geometry BVH Cylinder.083 255/710 | Building mesh BLAS |      60 tris | Cylinder.083
Fra:1 Mem:355.50M (Peak 417.42M) | Time:00:01.65 | Mem:187.19M, Peak:187.19M | Scene, ViewLayer | Updating Geometry BVH Cylinder.084 256/710 | Building BVH
Fra:1 Mem:355.50M (Peak 417.42M) | Time:00:01.65 | Mem:187.19M, Peak:187.19M | Scene, ViewLayer | Updating Geometry BVH Cylinder.084 256/710 | Building mesh BLAS |      60 tris | Cylinder.084
Fra:1 Mem:355.50M (Peak 417.42M) | Time:00:01.65 | Mem:187.19M, Peak:187.19M | Scene, ViewLayer | Updating Geometry BVH Cylinder.085 257/710 | Building BVH
Fra:1 Mem:355.50M (Peak 417.42M) | Time:00:01.65 | Mem:187.19M, Peak:187.19M | Scene, ViewLayer | Updating Geometry BVH Cylinder.085 257/710 | Building mesh BLAS |      60 tris | Cylinder.085
Fra:1 Mem:355.50M (Peak 417.42M) | Time:00:01.65 | Mem:187.19M, Peak:187.19M | Scene, ViewLayer | Updating Geometry BVH Cylinder.086 258/710 | Building BVH
Fra:1 Mem:355.50M (Peak 417.42M) | Time:00:01.65 | Mem:187.19M, Peak:187.19M | Scene, ViewLayer | Updating Geometry BVH Cylinder.087 259/710 | Building BVH
Fra:1 Mem:355.50M (Peak 417.42M) | Time:00:01.65 | Mem:187.19M, Peak:187.19M | Scene, ViewLayer | Updating Geometry BVH Cylinder.087 259/710 | Building mesh BLAS |      60 tris | Cylinder.087
Fra:1 Mem:355.50M (Peak 417.42M) | Time:00:01.65 | Mem:187.19M, Peak:187.19M | Scene, ViewLayer | Updating Geometry BVH Cylinder.089 261/710 | Building BVH
Fra:1 Mem:355.50M (Peak 417.42M) | Time:00:01.65 | Mem:187.19M, Peak:187.19M | Scene, ViewLayer | Updating Geometry BVH Cylinder.090 262/710 | Building mesh BLAS |      60 tris | Cylinder.089
Fra:1 Mem:355.50M (Peak 417.42M) | Time:00:01.65 | Mem:187.19M, Peak:187.19M | Scene, ViewLayer | Updating Geometry BVH Raised standing seam.073 697/710 | Building BVH
Fra:1 Mem:355.50M (Peak 417.42M) | Time:00:01.65 | Mem:187.19M, Peak:187.19M | Scene, ViewLayer | Updating Geometry BVH Cylinder.091 263/710 | Building mesh BLAS |    1152 tris | Raised standing seam.073
Fra:1 Mem:355.50M (Peak 417.42M) | Time:00:01.65 | Mem:187.19M, Peak:187.19M | Scene, ViewLayer | Updating Geometry BVH Cube.171 264/710 | Building BVH
Fra:1 Mem:355.50M (Peak 417.42M) | Time:00:01.65 | Mem:187.19M, Peak:187.19M | Scene, ViewLayer | Updating Geometry BVH Cube.172 265/710 | Building mesh BLAS |     188 tris | Cube.171
Fra:1 Mem:355.50M (Peak 417.42M) | Time:00:01.65 | Mem:187.19M, Peak:187.19M | Scene, ViewLayer | Updating Geometry BVH Cube.173 266/710 | Building BVH
Fra:1 Mem:355.50M (Peak 417.42M) | Time:00:01.65 | Mem:187.19M, Peak:187.19M | Scene, ViewLayer | Updating Geometry BVH Cube.173 266/710 | Building mesh BLAS |     188 tris | Cube.173
Fra:1 Mem:355.50M (Peak 417.42M) | Time:00:01.65 | Mem:187.19M, Peak:187.19M | Scene, ViewLayer | Updating Geometry BVH Cube.174 267/710 | Building BVH
Fra:1 Mem:355.50M (Peak 417.42M) | Time:00:01.65 | Mem:187.19M, Peak:187.19M | Scene, ViewLayer | Updating Geometry BVH Cube.174 267/710 | Building mesh BLAS |     188 tris | Cube.174
Fra:1 Mem:355.50M (Peak 417.42M) | Time:00:01.65 | Mem:187.19M, Peak:187.19M | Scene, ViewLayer | Updating Geometry BVH Cube.175 268/710 | Building BVH
Fra:1 Mem:355.50M (Peak 417.42M) | Time:00:01.65 | Mem:187.19M, Peak:187.19M | Scene, ViewLayer | Updating Geometry BVH Cube.176 269/710 | Building mesh BLAS |     188 tris | Cube.175
Fra:1 Mem:355.50M (Peak 417.42M) | Time:00:01.65 | Mem:187.19M, Peak:187.19M | Scene, ViewLayer | Updating Geometry BVH Cube.177 270/710 | Building BVH
Fra:1 Mem:355.50M (Peak 417.42M) | Time:00:01.65 | Mem:187.19M, Peak:187.19M | Scene, ViewLayer | Updating Geometry BVH Cube.177 270/710 | Building mesh BLAS |     188 tris | Cube.177
Fra:1 Mem:355.50M (Peak 417.42M) | Time:00:01.65 | Mem:187.26M, Peak:187.26M | Scene, ViewLayer | Updating Geometry BVH Cube.177 270/710 | Building mesh BLAS |     188 tris | Cube.170
Fra:1 Mem:355.50M (Peak 417.42M) | Time:00:01.65 | Mem:187.26M, Peak:187.26M | Scene, ViewLayer | Updating Geometry BVH Cube.178 271/710 | Building BVH
Fra:1 Mem:355.50M (Peak 417.42M) | Time:00:01.65 | Mem:187.26M, Peak:187.26M | Scene, ViewLayer | Updating Geometry BVH Cube.178 271/710 | Building mesh BLAS |     188 tris | Cube.178
Fra:1 Mem:355.50M (Peak 417.42M) | Time:00:01.65 | Mem:187.27M, Peak:187.27M | Scene, ViewLayer | Updating Geometry BVH Cube.178 271/710 | Building mesh BLAS |     188 tris | Cube.172
Fra:1 Mem:355.50M (Peak 417.42M) | Time:00:01.65 | Mem:187.27M, Peak:187.27M | Scene, ViewLayer | Updating Geometry BVH Cube.178 271/710 | Building mesh BLAS |     188 tris | Cube.176
Fra:1 Mem:355.50M (Peak 417.42M) | Time:00:01.65 | Mem:187.27M, Peak:187.27M | Scene, ViewLayer | Updating Geometry BVH Cube.179 272/710 | Building BVH
Fra:1 Mem:355.50M (Peak 417.42M) | Time:00:01.65 | Mem:187.27M, Peak:187.27M | Scene, ViewLayer | Updating Geometry BVH Cube.179 272/710 | Building mesh BLAS |     188 tris | Cube.179
Fra:1 Mem:355.50M (Peak 417.42M) | Time:00:01.65 | Mem:187.27M, Peak:187.27M | Scene, ViewLayer | Updating Geometry BVH Cube.180 273/710 | Building BVH
Fra:1 Mem:355.50M (Peak 417.42M) | Time:00:01.65 | Mem:187.27M, Peak:187.27M | Scene, ViewLayer | Updating Geometry BVH Cube.180 273/710 | Building mesh BLAS |     188 tris | Cube.180
Fra:1 Mem:355.50M (Peak 417.42M) | Time:00:01.65 | Mem:187.27M, Peak:187.27M | Scene, ViewLayer | Updating Geometry BVH Raised standing seam.072 696/710 | Building BVH
Fra:1 Mem:355.50M (Peak 417.42M) | Time:00:01.65 | Mem:187.27M, Peak:187.27M | Scene, ViewLayer | Updating Geometry BVH Raised standing seam.072 696/710 | Building mesh BLAS |    1152 tris | Raised standing seam.072
Fra:1 Mem:355.50M (Peak 417.42M) | Time:00:01.65 | Mem:187.27M, Peak:187.27M | Scene, ViewLayer | Updating Geometry BVH Raised standing seam.072 696/710 | Building mesh BLAS |      60 tris | Cylinder.090
Fra:1 Mem:355.50M (Peak 417.42M) | Time:00:01.65 | Mem:187.27M, Peak:187.27M | Scene, ViewLayer | Updating Geometry BVH Raised standing seam.072 696/710 | Building mesh BLAS |      60 tris | Cylinder.091
Fra:1 Mem:355.50M (Peak 417.42M) | Time:00:01.65 | Mem:187.30M, Peak:187.30M | Scene, ViewLayer | Updating Geometry BVH Cube.181 274/710 | Building BVH
Fra:1 Mem:355.50M (Peak 417.42M) | Time:00:01.65 | Mem:187.31M, Peak:187.31M | Scene, ViewLayer | Updating Geometry BVH Cube.182 275/710 | Building BVH
Fra:1 Mem:355.50M (Peak 417.42M) | Time:00:01.65 | Mem:187.32M, Peak:187.32M | Scene, ViewLayer | Updating Geometry BVH Cube.182 275/710 | Building mesh BLAS |     188 tris | Cube.182
Fra:1 Mem:355.50M (Peak 417.42M) | Time:00:01.65 | Mem:187.33M, Peak:187.33M | Scene, ViewLayer | Updating Geometry BVH Cube.183 276/710 | Building BVH
Fra:1 Mem:355.50M (Peak 417.42M) | Time:00:01.65 | Mem:187.34M, Peak:187.34M | Scene, ViewLayer | Updating Geometry BVH Cube.184 277/710 | Building BVH
Fra:1 Mem:355.50M (Peak 417.42M) | Time:00:01.65 | Mem:187.35M, Peak:187.35M | Scene, ViewLayer | Updating Geometry BVH Cube.184 277/710 | Building mesh BLAS |     188 tris | Cube.183
Fra:1 Mem:355.50M (Peak 417.42M) | Time:00:01.65 | Mem:187.35M, Peak:187.35M | Scene, ViewLayer | Updating Geometry BVH Cube.184 277/710 | Building mesh BLAS |     188 tris | Cube.184
Fra:1 Mem:355.50M (Peak 417.42M) | Time:00:01.65 | Mem:187.45M, Peak:187.45M | Scene, ViewLayer | Updating Geometry BVH Cube.185 278/710 | Building BVH
Fra:1 Mem:355.50M (Peak 417.42M) | Time:00:01.65 | Mem:187.45M, Peak:187.45M | Scene, ViewLayer | Updating Geometry BVH Cube.185 278/710 | Building mesh BLAS |     188 tris | Cube.185
Fra:1 Mem:355.50M (Peak 417.42M) | Time:00:01.65 | Mem:187.45M, Peak:187.45M | Scene, ViewLayer | Updating Geometry BVH Cube.186 279/710 | Building BVH
Fra:1 Mem:355.50M (Peak 417.42M) | Time:00:01.65 | Mem:187.45M, Peak:187.45M | Scene, ViewLayer | Updating Geometry BVH Cube.186 279/710 | Building mesh BLAS |     188 tris | Cube.186
Fra:1 Mem:355.50M (Peak 417.42M) | Time:00:01.65 | Mem:187.47M, Peak:187.47M | Scene, ViewLayer | Updating Geometry BVH Cube.187 280/710 | Building BVH
Fra:1 Mem:355.50M (Peak 417.42M) | Time:00:01.65 | Mem:187.47M, Peak:187.47M | Scene, ViewLayer | Updating Geometry BVH Cube.187 280/710 | Building mesh BLAS |     188 tris | Cube.187
Fra:1 Mem:355.50M (Peak 417.42M) | Time:00:01.65 | Mem:187.47M, Peak:187.47M | Scene, ViewLayer | Updating Geometry BVH Cube.188 281/710 | Building BVH
Fra:1 Mem:355.50M (Peak 417.42M) | Time:00:01.65 | Mem:187.47M, Peak:187.47M | Scene, ViewLayer | Updating Geometry BVH Cube.189 282/710 | Building mesh BLAS |     188 tris | Cube.188
Fra:1 Mem:355.50M (Peak 417.42M) | Time:00:01.65 | Mem:187.47M, Peak:187.47M | Scene, ViewLayer | Updating Geometry BVH Cube.189 282/710 | Building mesh BLAS |     188 tris | Cube.189
Fra:1 Mem:355.50M (Peak 417.42M) | Time:00:01.65 | Mem:187.47M, Peak:187.47M | Scene, ViewLayer | Updating Geometry BVH Cube.190 283/710 | Building BVH
Fra:1 Mem:355.50M (Peak 417.42M) | Time:00:01.65 | Mem:187.47M, Peak:187.47M | Scene, ViewLayer | Updating Geometry BVH Cube.190 283/710 | Building mesh BLAS |     188 tris | Cube.190
Fra:1 Mem:355.50M (Peak 417.42M) | Time:00:01.65 | Mem:187.49M, Peak:187.49M | Scene, ViewLayer | Updating Geometry BVH Cube.191 284/710 | Building BVH
Fra:1 Mem:355.50M (Peak 417.42M) | Time:00:01.65 | Mem:187.49M, Peak:187.49M | Scene, ViewLayer | Updating Geometry BVH Cube.191 284/710 | Building mesh BLAS |     188 tris | Cube.191
Fra:1 Mem:355.50M (Peak 417.42M) | Time:00:01.65 | Mem:187.51M, Peak:187.51M | Scene, ViewLayer | Updating Geometry BVH Cube.192 285/710 | Building BVH
Fra:1 Mem:355.50M (Peak 417.42M) | Time:00:01.65 | Mem:187.52M, Peak:187.52M | Scene, ViewLayer | Updating Geometry BVH Cube.192 285/710 | Building mesh BLAS |     188 tris | Cube.192
Fra:1 Mem:355.50M (Peak 417.42M) | Time:00:01.65 | Mem:187.55M, Peak:187.55M | Scene, ViewLayer | Updating Geometry BVH Cylinder.092 286/710 | Building BVH
Fra:1 Mem:355.50M (Peak 417.42M) | Time:00:01.65 | Mem:187.55M, Peak:187.55M | Scene, ViewLayer | Updating Geometry BVH Cube.193 288/710 | Building BVH
Fra:1 Mem:355.50M (Peak 417.42M) | Time:00:01.65 | Mem:187.55M, Peak:187.55M | Scene, ViewLayer | Updating Geometry BVH Cube.193 288/710 | Building mesh BLAS |      60 tris | Cylinder.092
Fra:1 Mem:355.50M (Peak 417.42M) | Time:00:01.65 | Mem:187.55M, Peak:187.55M | Scene, ViewLayer | Updating Geometry BVH Cube.194 289/710 | Building BVH
Fra:1 Mem:355.50M (Peak 417.42M) | Time:00:01.65 | Mem:187.55M, Peak:187.55M | Scene, ViewLayer | Updating Geometry BVH Cube.196 291/710 | Building BVH
Fra:1 Mem:355.50M (Peak 417.42M) | Time:00:01.65 | Mem:187.55M, Peak:187.55M | Scene, ViewLayer | Updating Geometry BVH Cube.197 292/710 | Building mesh BLAS |     188 tris | Cube.194
Fra:1 Mem:355.50M (Peak 417.42M) | Time:00:01.65 | Mem:187.57M, Peak:187.57M | Scene, ViewLayer | Updating Geometry BVH Cube.197 292/710 | Building mesh BLAS |     188 tris | Cube.196
Fra:1 Mem:355.50M (Peak 417.42M) | Time:00:01.65 | Mem:187.58M, Peak:187.58M | Scene, ViewLayer | Updating Geometry BVH Cube.197 292/710 | Building mesh BLAS |     528 tris | Sphere
Fra:1 Mem:355.50M (Peak 417.42M) | Time:00:01.65 | Mem:187.58M, Peak:187.58M | Scene, ViewLayer | Updating Geometry BVH Cube.198 293/710 | Building BVH
Fra:1 Mem:355.50M (Peak 417.42M) | Time:00:01.65 | Mem:187.59M, Peak:187.59M | Scene, ViewLayer | Updating Geometry BVH Cube.198 293/710 | Building mesh BLAS |     188 tris | Cube.198
Fra:1 Mem:355.50M (Peak 417.42M) | Time:00:01.65 | Mem:187.59M, Peak:187.59M | Scene, ViewLayer | Updating Geometry BVH Cube.198 293/710 | Building mesh BLAS |     188 tris | Cube.195
Fra:1 Mem:355.50M (Peak 417.42M) | Time:00:01.65 | Mem:187.59M, Peak:187.59M | Scene, ViewLayer | Updating Geometry BVH Cube.199 294/710 | Building BVH
Fra:1 Mem:355.50M (Peak 417.42M) | Time:00:01.65 | Mem:187.59M, Peak:187.59M | Scene, ViewLayer | Updating Geometry BVH Cube.200 295/710 | Building BVH
Fra:1 Mem:355.50M (Peak 417.42M) | Time:00:01.65 | Mem:187.59M, Peak:187.59M | Scene, ViewLayer | Updating Geometry BVH Cube.200 295/710 | Building mesh BLAS |     188 tris | Cube.199
Fra:1 Mem:355.50M (Peak 417.42M) | Time:00:01.65 | Mem:187.59M, Peak:187.59M | Scene, ViewLayer | Updating Geometry BVH Cube.201 296/710 | Building BVH
Fra:1 Mem:355.50M (Peak 417.42M) | Time:00:01.65 | Mem:187.59M, Peak:187.59M | Scene, ViewLayer | Updating Geometry BVH Cube.203 298/710 | Building BVH
Fra:1 Mem:355.50M (Peak 417.42M) | Time:00:01.65 | Mem:187.59M, Peak:187.59M | Scene, ViewLayer | Updating Geometry BVH Cube.203 298/710 | Building mesh BLAS |     188 tris | Cube.201
Fra:1 Mem:355.50M (Peak 417.42M) | Time:00:01.65 | Mem:187.59M, Peak:187.59M | Scene, ViewLayer | Updating Geometry BVH Cube.205 300/710 | Building mesh BLAS |     188 tris | Cube.203
Fra:1 Mem:355.50M (Peak 417.42M) | Time:00:01.65 | Mem:187.71M, Peak:187.71M | Scene, ViewLayer | Updating Geometry BVH Cube.205 300/710 | Building mesh BLAS |    1152 tris | Raised standing seam.071
Fra:1 Mem:355.50M (Peak 417.42M) | Time:00:01.65 | Mem:187.72M, Peak:187.72M | Scene, ViewLayer | Updating Geometry BVH Cube.206 301/710 | Building BVH
Fra:1 Mem:355.50M (Peak 417.42M) | Time:00:01.65 | Mem:187.73M, Peak:187.73M | Scene, ViewLayer | Updating Geometry BVH Cube.206 301/710 | Building mesh BLAS |     188 tris | Cube.204
Fra:1 Mem:355.50M (Peak 417.42M) | Time:00:01.65 | Mem:187.78M, Peak:187.78M | Scene, ViewLayer | Updating Geometry BVH Cube.206 301/710 | Building mesh BLAS |     188 tris | Cube.205
Fra:1 Mem:355.50M (Peak 417.42M) | Time:00:01.65 | Mem:187.86M, Peak:187.86M | Scene, ViewLayer | Updating Geometry BVH Cube.206 301/710 | Building mesh BLAS |     188 tris | Cube.200
Fra:1 Mem:355.50M (Peak 417.42M) | Time:00:01.65 | Mem:187.86M, Peak:187.86M | Scene, ViewLayer | Updating Geometry BVH Cube.206 301/710 | Building mesh BLAS |     188 tris | Cube.206
Fra:1 Mem:355.50M (Peak 417.42M) | Time:00:01.65 | Mem:187.86M, Peak:187.86M | Scene, ViewLayer | Updating Geometry BVH Cube.206 301/710 | Building mesh BLAS |     188 tris | Cube.202
Fra:1 Mem:355.50M (Peak 417.42M) | Time:00:01.65 | Mem:187.86M, Peak:187.86M | Scene, ViewLayer | Updating Geometry BVH Cube.207 302/710 | Building BVH
Fra:1 Mem:355.50M (Peak 417.42M) | Time:00:01.65 | Mem:187.86M, Peak:187.86M | Scene, ViewLayer | Updating Geometry BVH Cube.208 303/710 | Building BVH
Fra:1 Mem:355.50M (Peak 417.42M) | Time:00:01.65 | Mem:187.86M, Peak:187.86M | Scene, ViewLayer | Updating Geometry BVH Cube.208 303/710 | Building mesh BLAS |     188 tris | Cube.207
Fra:1 Mem:355.50M (Peak 417.42M) | Time:00:01.65 | Mem:187.88M, Peak:187.88M | Scene, ViewLayer | Updating Geometry BVH Cube.208 303/710 | Building mesh BLAS |     188 tris | Cube.208
Fra:1 Mem:355.50M (Peak 417.42M) | Time:00:01.65 | Mem:187.91M, Peak:187.91M | Scene, ViewLayer | Updating Geometry BVH Cube.209 304/710 | Building BVH
Fra:1 Mem:355.50M (Peak 417.42M) | Time:00:01.65 | Mem:187.91M, Peak:187.91M | Scene, ViewLayer | Updating Geometry BVH Cube.209 304/710 | Building mesh BLAS |     188 tris | Cube.209
Fra:1 Mem:355.50M (Peak 417.42M) | Time:00:01.65 | Mem:187.92M, Peak:187.92M | Scene, ViewLayer | Updating Geometry BVH Cube.210 305/710 | Building BVH
Fra:1 Mem:355.50M (Peak 417.42M) | Time:00:01.65 | Mem:187.92M, Peak:187.92M | Scene, ViewLayer | Updating Geometry BVH Cube.210 305/710 | Building mesh BLAS |     188 tris | Cube.210
Fra:1 Mem:355.50M (Peak 417.42M) | Time:00:01.65 | Mem:187.92M, Peak:187.92M | Scene, ViewLayer | Updating Geometry BVH Cube.211 306/710 | Building BVH
Fra:1 Mem:355.50M (Peak 417.42M) | Time:00:01.65 | Mem:187.92M, Peak:187.92M | Scene, ViewLayer | Updating Geometry BVH Cube.212 307/710 | Building BVH
Fra:1 Mem:355.50M (Peak 417.42M) | Time:00:01.65 | Mem:187.92M, Peak:187.92M | Scene, ViewLayer | Updating Geometry BVH Cube.212 307/710 | Building mesh BLAS |     188 tris | Cube.211
Fra:1 Mem:355.50M (Peak 417.42M) | Time:00:01.65 | Mem:187.92M, Peak:187.92M | Scene, ViewLayer | Updating Geometry BVH Cube.212 307/710 | Building mesh BLAS |     188 tris | Cube.212
Fra:1 Mem:355.50M (Peak 417.42M) | Time:00:01.65 | Mem:187.92M, Peak:187.92M | Scene, ViewLayer | Updating Geometry BVH Cube.213 308/710 | Building BVH
Fra:1 Mem:355.50M (Peak 417.42M) | Time:00:01.65 | Mem:187.92M, Peak:187.92M | Scene, ViewLayer | Updating Geometry BVH Cube.214 309/710 | Building BVH
Fra:1 Mem:355.50M (Peak 417.42M) | Time:00:01.65 | Mem:187.92M, Peak:187.92M | Scene, ViewLayer | Updating Geometry BVH Cube.214 309/710 | Building mesh BLAS |     188 tris | Cube.213
Fra:1 Mem:355.50M (Peak 417.42M) | Time:00:01.65 | Mem:187.92M, Peak:187.92M | Scene, ViewLayer | Updating Geometry BVH Cube.214 309/710 | Building mesh BLAS |     188 tris | Cube.214
Fra:1 Mem:355.50M (Peak 417.42M) | Time:00:01.65 | Mem:187.95M, Peak:187.95M | Scene, ViewLayer | Updating Geometry BVH Cube.215 310/710 | Building BVH
Fra:1 Mem:355.50M (Peak 417.42M) | Time:00:01.65 | Mem:187.95M, Peak:187.95M | Scene, ViewLayer | Updating Geometry BVH Raised standing seam.070 694/710 | Building BVH
Fra:1 Mem:355.50M (Peak 417.42M) | Time:00:01.66 | Mem:188.00M, Peak:188.00M | Scene, ViewLayer | Updating Geometry BVH Cube.216 311/710 | Building mesh BLAS |    1152 tris | Raised standing seam.070
Fra:1 Mem:355.50M (Peak 417.42M) | Time:00:01.66 | Mem:188.00M, Peak:188.00M | Scene, ViewLayer | Updating Geometry BVH Cube.217 312/710 | Building BVH
Fra:1 Mem:355.50M (Peak 417.42M) | Time:00:01.66 | Mem:188.01M, Peak:188.01M | Scene, ViewLayer | Updating Geometry BVH Cube.217 312/710 | Building mesh BLAS |     188 tris | Cube.217
Fra:1 Mem:355.50M (Peak 417.42M) | Time:00:01.66 | Mem:188.01M, Peak:188.01M | Scene, ViewLayer | Updating Geometry BVH Cube.218 313/710 | Building BVH
Fra:1 Mem:355.50M (Peak 417.42M) | Time:00:01.66 | Mem:188.01M, Peak:188.01M | Scene, ViewLayer | Updating Geometry BVH Cube.218 313/710 | Building mesh BLAS |     188 tris | Cube.218
Fra:1 Mem:355.50M (Peak 417.42M) | Time:00:01.66 | Mem:188.01M, Peak:188.01M | Scene, ViewLayer | Updating Geometry BVH Cube.221 316/710 | Building BVH
Fra:1 Mem:355.50M (Peak 417.42M) | Time:00:01.66 | Mem:188.01M, Peak:188.01M | Scene, ViewLayer | Updating Geometry BVH Cube.222 317/710 | Building BVH
Fra:1 Mem:355.50M (Peak 417.42M) | Time:00:01.66 | Mem:188.01M, Peak:188.01M | Scene, ViewLayer | Updating Geometry BVH Cube.222 317/710 | Building mesh BLAS |     188 tris | Cube.221
Fra:1 Mem:355.50M (Peak 417.42M) | Time:00:01.66 | Mem:188.01M, Peak:188.01M | Scene, ViewLayer | Updating Geometry BVH Cylinder.093 318/710 | Building BVH
Fra:1 Mem:355.50M (Peak 417.42M) | Time:00:01.66 | Mem:188.01M, Peak:188.01M | Scene, ViewLayer | Updating Geometry BVH Sphere.001 319/710 | Building BVH
Fra:1 Mem:355.50M (Peak 417.42M) | Time:00:01.66 | Mem:188.01M, Peak:188.01M | Scene, ViewLayer | Updating Geometry BVH Sphere.001 319/710 | Building mesh BLAS |      60 tris | Cylinder.093
Fra:1 Mem:355.50M (Peak 417.42M) | Time:00:01.66 | Mem:188.01M, Peak:188.01M | Scene, ViewLayer | Updating Geometry BVH Sphere.001 319/710 | Building mesh BLAS |     528 tris | Sphere.001
Fra:1 Mem:355.50M (Peak 417.42M) | Time:00:01.66 | Mem:188.01M, Peak:188.01M | Scene, ViewLayer | Updating Geometry BVH Cube.223 320/710 | Building BVH
Fra:1 Mem:355.50M (Peak 417.42M) | Time:00:01.66 | Mem:188.01M, Peak:188.01M | Scene, ViewLayer | Updating Geometry BVH Cube.223 320/710 | Building mesh BLAS |     188 tris | Cube.223
Fra:1 Mem:355.50M (Peak 417.42M) | Time:00:01.66 | Mem:188.01M, Peak:188.01M | Scene, ViewLayer | Updating Geometry BVH Cube.223 320/710 | Building mesh BLAS |     188 tris | Cube.219
Fra:1 Mem:355.50M (Peak 417.42M) | Time:00:01.66 | Mem:188.01M, Peak:188.01M | Scene, ViewLayer | Updating Geometry BVH Cube.223 320/710 | Building mesh BLAS |     188 tris | Cube.216
Fra:1 Mem:355.50M (Peak 417.42M) | Time:00:01.66 | Mem:188.01M, Peak:188.01M | Scene, ViewLayer | Updating Geometry BVH Cube.223 320/710 | Building mesh BLAS |     188 tris | Cube.220
Fra:1 Mem:355.50M (Peak 417.42M) | Time:00:01.66 | Mem:188.01M, Peak:188.01M | Scene, ViewLayer | Updating Geometry BVH Cube.223 320/710 | Building mesh BLAS |     188 tris | Cube.222
Fra:1 Mem:355.50M (Peak 417.42M) | Time:00:01.66 | Mem:188.01M, Peak:188.01M | Scene, ViewLayer | Updating Geometry BVH Cube.224 321/710 | Building BVH
Fra:1 Mem:355.50M (Peak 417.42M) | Time:00:01.66 | Mem:188.01M, Peak:188.01M | Scene, ViewLayer | Updating Geometry BVH Cube.225 322/710 | Building BVH
Fra:1 Mem:355.50M (Peak 417.42M) | Time:00:01.66 | Mem:188.01M, Peak:188.01M | Scene, ViewLayer | Updating Geometry BVH Cube.225 322/710 | Building mesh BLAS |     188 tris | Cube.225
Fra:1 Mem:355.50M (Peak 417.42M) | Time:00:01.66 | Mem:188.01M, Peak:188.01M | Scene, ViewLayer | Updating Geometry BVH Cube.226 323/710 | Building BVH
Fra:1 Mem:355.50M (Peak 417.42M) | Time:00:01.66 | Mem:188.01M, Peak:188.01M | Scene, ViewLayer | Updating Geometry BVH Cube.226 323/710 | Building mesh BLAS |     188 tris | Cube.226
Fra:1 Mem:355.50M (Peak 417.42M) | Time:00:01.66 | Mem:188.01M, Peak:188.01M | Scene, ViewLayer | Updating Geometry BVH Cube.227 324/710 | Building BVH
Fra:1 Mem:355.50M (Peak 417.42M) | Time:00:01.66 | Mem:188.01M, Peak:188.01M | Scene, ViewLayer | Updating Geometry BVH Cube.227 324/710 | Building mesh BLAS |     188 tris | Cube.227
Fra:1 Mem:355.50M (Peak 417.42M) | Time:00:01.66 | Mem:188.01M, Peak:188.01M | Scene, ViewLayer | Updating Geometry BVH Raised standing seam.069 693/710 | Building BVH
Fra:1 Mem:355.50M (Peak 417.42M) | Time:00:01.66 | Mem:188.02M, Peak:188.02M | Scene, ViewLayer | Updating Geometry BVH Raised standing seam.069 693/710 | Building mesh BLAS |    1152 tris | Raised standing seam.069
Fra:1 Mem:355.50M (Peak 417.42M) | Time:00:01.66 | Mem:188.02M, Peak:188.02M | Scene, ViewLayer | Updating Geometry BVH Cube.228 325/710 | Building BVH
Fra:1 Mem:355.50M (Peak 417.42M) | Time:00:01.66 | Mem:188.02M, Peak:188.02M | Scene, ViewLayer | Updating Geometry BVH Cube.228 325/710 | Building mesh BLAS |     188 tris | Cube.228
Fra:1 Mem:355.50M (Peak 417.42M) | Time:00:01.66 | Mem:188.02M, Peak:188.02M | Scene, ViewLayer | Updating Geometry BVH Cube.229 326/710 | Building BVH
Fra:1 Mem:355.50M (Peak 417.42M) | Time:00:01.66 | Mem:188.02M, Peak:188.02M | Scene, ViewLayer | Updating Geometry BVH Cube.230 327/710 | Building BVH
Fra:1 Mem:355.50M (Peak 417.42M) | Time:00:01.66 | Mem:188.02M, Peak:188.02M | Scene, ViewLayer | Updating Geometry BVH Cube.231 328/710 | Building mesh BLAS |     188 tris | Cube.230
Fra:1 Mem:355.50M (Peak 417.42M) | Time:00:01.66 | Mem:188.02M, Peak:188.02M | Scene, ViewLayer | Updating Geometry BVH Cube.234 331/710 | Building BVH
Fra:1 Mem:355.50M (Peak 417.42M) | Time:00:01.66 | Mem:188.02M, Peak:188.02M | Scene, ViewLayer | Updating Geometry BVH Cube.235 332/710 | Building BVH
Fra:1 Mem:355.50M (Peak 417.42M) | Time:00:01.66 | Mem:188.02M, Peak:188.02M | Scene, ViewLayer | Updating Geometry BVH Cube.235 332/710 | Building mesh BLAS |     188 tris | Cube.234
Fra:1 Mem:355.50M (Peak 417.42M) | Time:00:01.66 | Mem:188.02M, Peak:188.02M | Scene, ViewLayer | Updating Geometry BVH Cube.235 332/710 | Building mesh BLAS |     188 tris | Cube.231
Fra:1 Mem:355.50M (Peak 417.42M) | Time:00:01.66 | Mem:188.03M, Peak:188.03M | Scene, ViewLayer | Updating Geometry BVH Cube.235 332/710 | Building mesh BLAS |     188 tris | Cube.233
Fra:1 Mem:355.50M (Peak 417.42M) | Time:00:01.66 | Mem:188.03M, Peak:188.03M | Scene, ViewLayer | Updating Geometry BVH Cube.235 332/710 | Building mesh BLAS |     188 tris | Cube.232
Fra:1 Mem:355.50M (Peak 417.42M) | Time:00:01.66 | Mem:188.03M, Peak:188.03M | Scene, ViewLayer | Updating Geometry BVH Cube.236 333/710 | Building BVH
Fra:1 Mem:355.50M (Peak 417.42M) | Time:00:01.66 | Mem:188.03M, Peak:188.03M | Scene, ViewLayer | Updating Geometry BVH Cube.237 334/710 | Building BVH
Fra:1 Mem:355.50M (Peak 417.42M) | Time:00:01.66 | Mem:188.03M, Peak:188.03M | Scene, ViewLayer | Updating Geometry BVH Cube.237 334/710 | Building mesh BLAS |     188 tris | Cube.235
Fra:1 Mem:355.50M (Peak 417.42M) | Time:00:01.66 | Mem:188.03M, Peak:188.03M | Scene, ViewLayer | Updating Geometry BVH Cube.238 335/710 | Building mesh BLAS |     188 tris | Cube.236
Fra:1 Mem:355.50M (Peak 417.42M) | Time:00:01.66 | Mem:188.03M, Peak:188.03M | Scene, ViewLayer | Updating Geometry BVH Cube.238 335/710 | Building mesh BLAS |     188 tris | Cube.238
Fra:1 Mem:355.50M (Peak 417.42M) | Time:00:01.66 | Mem:188.03M, Peak:188.03M | Scene, ViewLayer | Updating Geometry BVH Cube.239 336/710 | Building BVH
Fra:1 Mem:355.50M (Peak 417.42M) | Time:00:01.66 | Mem:188.03M, Peak:188.03M | Scene, ViewLayer | Updating Geometry BVH Cube.239 336/710 | Building mesh BLAS |     188 tris | Cube.239
Fra:1 Mem:355.50M (Peak 417.42M) | Time:00:01.66 | Mem:188.05M, Peak:188.05M | Scene, ViewLayer | Updating Geometry BVH Cube.240 337/710 | Building BVH
Fra:1 Mem:355.50M (Peak 417.42M) | Time:00:01.66 | Mem:188.05M, Peak:188.05M | Scene, ViewLayer | Updating Geometry BVH Cube.241 338/710 | Building BVH
Fra:1 Mem:355.50M (Peak 417.42M) | Time:00:01.66 | Mem:188.05M, Peak:188.05M | Scene, ViewLayer | Updating Geometry BVH Cube.241 338/710 | Building mesh BLAS |     188 tris | Cube.240
Fra:1 Mem:355.50M (Peak 417.42M) | Time:00:01.66 | Mem:188.05M, Peak:188.05M | Scene, ViewLayer | Updating Geometry BVH Cube.241 338/710 | Building mesh BLAS |     188 tris | Cube.241
Fra:1 Mem:355.50M (Peak 417.42M) | Time:00:01.66 | Mem:188.05M, Peak:188.05M | Scene, ViewLayer | Updating Geometry BVH Cube.242 339/710 | Building BVH
Fra:1 Mem:355.50M (Peak 417.42M) | Time:00:01.66 | Mem:188.05M, Peak:188.05M | Scene, ViewLayer | Updating Geometry BVH Cube.242 339/710 | Building mesh BLAS |     188 tris | Cube.242
Fra:1 Mem:355.50M (Peak 417.42M) | Time:00:01.66 | Mem:188.05M, Peak:188.05M | Scene, ViewLayer | Updating Geometry BVH Cube.243 340/710 | Building BVH
Fra:1 Mem:355.50M (Peak 417.42M) | Time:00:01.66 | Mem:188.05M, Peak:188.05M | Scene, ViewLayer | Updating Geometry BVH Cube.243 340/710 | Building mesh BLAS |     188 tris | Cube.243
Fra:1 Mem:355.50M (Peak 417.42M) | Time:00:01.66 | Mem:188.13M, Peak:188.13M | Scene, ViewLayer | Updating Geometry BVH Cube.244 341/710 | Building BVH
Fra:1 Mem:355.50M (Peak 417.42M) | Time:00:01.66 | Mem:188.14M, Peak:188.14M | Scene, ViewLayer | Updating Geometry BVH Cube.244 341/710 | Building mesh BLAS |     188 tris | Cube.244
Fra:1 Mem:355.50M (Peak 417.42M) | Time:00:01.66 | Mem:188.15M, Peak:188.15M | Scene, ViewLayer | Updating Geometry BVH Raised standing seam.068 692/710 | Building BVH
Fra:1 Mem:355.50M (Peak 417.42M) | Time:00:01.66 | Mem:188.15M, Peak:188.15M | Scene, ViewLayer | Updating Geometry BVH Raised standing seam.068 692/710 | Building mesh BLAS |    1152 tris | Raised standing seam.068
Fra:1 Mem:355.50M (Peak 417.42M) | Time:00:01.66 | Mem:188.16M, Peak:188.16M | Scene, ViewLayer | Updating Geometry BVH Cube.245 342/710 | Building BVH
Fra:1 Mem:355.50M (Peak 417.42M) | Time:00:01.66 | Mem:188.16M, Peak:188.16M | Scene, ViewLayer | Updating Geometry BVH Cube.245 342/710 | Building mesh BLAS |     188 tris | Cube.245
Fra:1 Mem:355.50M (Peak 417.42M) | Time:00:01.66 | Mem:188.17M, Peak:188.17M | Scene, ViewLayer | Updating Geometry BVH Cube.246 343/710 | Building BVH
Fra:1 Mem:355.50M (Peak 417.42M) | Time:00:01.66 | Mem:188.19M, Peak:188.19M | Scene, ViewLayer | Updating Geometry BVH Cube.246 343/710 | Building mesh BLAS |     188 tris | Cube.246
Fra:1 Mem:355.50M (Peak 417.42M) | Time:00:01.66 | Mem:188.20M, Peak:188.20M | Scene, ViewLayer | Updating Geometry BVH Cube.247 344/710 | Building BVH
Fra:1 Mem:355.50M (Peak 417.42M) | Time:00:01.66 | Mem:188.20M, Peak:188.20M | Scene, ViewLayer | Updating Geometry BVH Cube.247 344/710 | Building mesh BLAS |     188 tris | Cube.247
Fra:1 Mem:355.50M (Peak 417.42M) | Time:00:01.66 | Mem:188.20M, Peak:188.20M | Scene, ViewLayer | Updating Geometry BVH Cube.248 345/710 | Building BVH
Fra:1 Mem:355.50M (Peak 417.42M) | Time:00:01.66 | Mem:188.20M, Peak:188.20M | Scene, ViewLayer | Updating Geometry BVH Cube.249 346/710 | Building BVH
Fra:1 Mem:355.50M (Peak 417.42M) | Time:00:01.66 | Mem:188.20M, Peak:188.20M | Scene, ViewLayer | Updating Geometry BVH Cube.249 346/710 | Building mesh BLAS |     188 tris | Cube.249
Fra:1 Mem:355.50M (Peak 417.42M) | Time:00:01.66 | Mem:188.20M, Peak:188.20M | Scene, ViewLayer | Updating Geometry BVH Cube.250 347/710 | Building BVH
Fra:1 Mem:355.50M (Peak 417.42M) | Time:00:01.66 | Mem:188.20M, Peak:188.20M | Scene, ViewLayer | Updating Geometry BVH Cube.250 347/710 | Building mesh BLAS |     188 tris | Cube.248
Fra:1 Mem:355.50M (Peak 417.42M) | Time:00:01.66 | Mem:188.20M, Peak:188.20M | Scene, ViewLayer | Updating Geometry BVH Cube.250 347/710 | Building mesh BLAS |     188 tris | Cube.250
Fra:1 Mem:355.50M (Peak 417.42M) | Time:00:01.66 | Mem:188.20M, Peak:188.20M | Scene, ViewLayer | Updating Geometry BVH Cube.251 348/710 | Building BVH
Fra:1 Mem:355.50M (Peak 417.42M) | Time:00:01.66 | Mem:188.20M, Peak:188.20M | Scene, ViewLayer | Updating Geometry BVH Cube.251 348/710 | Building mesh BLAS |     188 tris | Cube.251
Fra:1 Mem:355.50M (Peak 417.42M) | Time:00:01.66 | Mem:188.20M, Peak:188.20M | Scene, ViewLayer | Updating Geometry BVH Cube.252 349/710 | Building BVH
Fra:1 Mem:355.50M (Peak 417.42M) | Time:00:01.66 | Mem:188.20M, Peak:188.20M | Scene, ViewLayer | Updating Geometry BVH Cube.252 349/710 | Building mesh BLAS |     188 tris | Cube.252
Fra:1 Mem:355.50M (Peak 417.42M) | Time:00:01.66 | Mem:188.20M, Peak:188.20M | Scene, ViewLayer | Updating Geometry BVH Cube.253 350/710 | Building BVH
Fra:1 Mem:355.50M (Peak 417.42M) | Time:00:01.66 | Mem:188.20M, Peak:188.20M | Scene, ViewLayer | Updating Geometry BVH Cube.253 350/710 | Building mesh BLAS |     188 tris | Cube.253
Fra:1 Mem:355.50M (Peak 417.42M) | Time:00:01.66 | Mem:188.20M, Peak:188.20M | Scene, ViewLayer | Updating Geometry BVH Cube.254 351/710 | Building BVH
Fra:1 Mem:355.50M (Peak 417.42M) | Time:00:01.66 | Mem:188.20M, Peak:188.20M | Scene, ViewLayer | Updating Geometry BVH Cube.254 351/710 | Building mesh BLAS |     188 tris | Cube.254
Fra:1 Mem:355.50M (Peak 417.42M) | Time:00:01.66 | Mem:188.20M, Peak:188.20M | Scene, ViewLayer | Updating Geometry BVH Cylinder.094 352/710 | Building BVH
Fra:1 Mem:355.50M (Peak 417.42M) | Time:00:01.66 | Mem:188.20M, Peak:188.20M | Scene, ViewLayer | Updating Geometry BVH Cylinder.094 352/710 | Building mesh BLAS |      60 tris | Cylinder.094
Fra:1 Mem:355.50M (Peak 417.42M) | Time:00:01.66 | Mem:188.21M, Peak:188.21M | Scene, ViewLayer | Updating Geometry BVH Sphere.002 353/710 | Building BVH
Fra:1 Mem:355.50M (Peak 417.42M) | Time:00:01.66 | Mem:188.21M, Peak:188.21M | Scene, ViewLayer | Updating Geometry BVH Sphere.002 353/710 | Building mesh BLAS |     528 tris | Sphere.002
Fra:1 Mem:355.50M (Peak 417.42M) | Time:00:01.66 | Mem:188.21M, Peak:188.21M | Scene, ViewLayer | Updating Geometry BVH Cube.255 354/710 | Building BVH
Fra:1 Mem:355.50M (Peak 417.42M) | Time:00:01.66 | Mem:188.21M, Peak:188.21M | Scene, ViewLayer | Updating Geometry BVH Cube.256 355/710 | Building BVH
Fra:1 Mem:355.50M (Peak 417.42M) | Time:00:01.66 | Mem:188.21M, Peak:188.21M | Scene, ViewLayer | Updating Geometry BVH Cube.256 355/710 | Building mesh BLAS |     188 tris | Cube.255
Fra:1 Mem:355.50M (Peak 417.42M) | Time:00:01.66 | Mem:188.21M, Peak:188.21M | Scene, ViewLayer | Updating Geometry BVH Cube.256 355/710 | Building mesh BLAS |     188 tris | Cube.256
Fra:1 Mem:355.50M (Peak 417.42M) | Time:00:01.66 | Mem:188.27M, Peak:188.27M | Scene, ViewLayer | Updating Geometry BVH Cube.257 356/710 | Building BVH
Fra:1 Mem:355.50M (Peak 417.42M) | Time:00:01.66 | Mem:188.27M, Peak:188.27M | Scene, ViewLayer | Updating Geometry BVH Cube.258 357/710 | Building BVH
Fra:1 Mem:355.50M (Peak 417.42M) | Time:00:01.66 | Mem:188.27M, Peak:188.27M | Scene, ViewLayer | Updating Geometry BVH Cube.258 357/710 | Building mesh BLAS |     188 tris | Cube.258
Fra:1 Mem:355.50M (Peak 417.42M) | Time:00:01.66 | Mem:188.31M, Peak:188.31M | Scene, ViewLayer | Updating Geometry BVH Cube.259 358/710 | Building BVH
Fra:1 Mem:355.50M (Peak 417.42M) | Time:00:01.66 | Mem:188.31M, Peak:188.31M | Scene, ViewLayer | Updating Geometry BVH Raised standing seam.067 691/710 | Building mesh BLAS |     188 tris | Cube.259
Fra:1 Mem:355.50M (Peak 417.42M) | Time:00:01.66 | Mem:188.31M, Peak:188.31M | Scene, ViewLayer | Updating Geometry BVH Raised standing seam.067 691/710 | Building mesh BLAS |    1152 tris | Raised standing seam.067
Fra:1 Mem:355.50M (Peak 417.42M) | Time:00:01.66 | Mem:188.32M, Peak:188.32M | Scene, ViewLayer | Updating Geometry BVH Cube.260 359/710 | Building BVH
Fra:1 Mem:355.50M (Peak 417.42M) | Time:00:01.66 | Mem:188.32M, Peak:188.32M | Scene, ViewLayer | Updating Geometry BVH Cube.260 359/710 | Building mesh BLAS |     188 tris | Cube.260
Fra:1 Mem:355.50M (Peak 417.42M) | Time:00:01.67 | Mem:188.34M, Peak:188.34M | Scene, ViewLayer | Updating Geometry BVH Cube.261 360/710 | Building BVH
Fra:1 Mem:355.50M (Peak 417.42M) | Time:00:01.67 | Mem:188.35M, Peak:188.35M | Scene, ViewLayer | Updating Geometry BVH Cube.261 360/710 | Building mesh BLAS |     188 tris | Cube.261
Fra:1 Mem:355.50M (Peak 417.42M) | Time:00:01.67 | Mem:188.35M, Peak:188.35M | Scene, ViewLayer | Updating Geometry BVH Cube.262 361/710 | Building BVH
Fra:1 Mem:355.50M (Peak 417.42M) | Time:00:01.67 | Mem:188.35M, Peak:188.35M | Scene, ViewLayer | Updating Geometry BVH Cube.263 362/710 | Building BVH
Fra:1 Mem:355.50M (Peak 417.42M) | Time:00:01.67 | Mem:188.35M, Peak:188.35M | Scene, ViewLayer | Updating Geometry BVH Cube.264 363/710 | Building BVH
Fra:1 Mem:355.50M (Peak 417.42M) | Time:00:01.67 | Mem:188.36M, Peak:188.36M | Scene, ViewLayer | Updating Geometry BVH Cube.264 363/710 | Building mesh BLAS |     188 tris | Cube.263
Fra:1 Mem:355.50M (Peak 417.42M) | Time:00:01.67 | Mem:188.38M, Peak:188.38M | Scene, ViewLayer | Updating Geometry BVH Cube.265 364/710 | Building BVH
Fra:1 Mem:355.50M (Peak 417.42M) | Time:00:01.67 | Mem:188.39M, Peak:188.39M | Scene, ViewLayer | Updating Geometry BVH Cube.265 364/710 | Building mesh BLAS |     188 tris | Cube.265
Fra:1 Mem:355.50M (Peak 417.42M) | Time:00:01.67 | Mem:188.39M, Peak:188.39M | Scene, ViewLayer | Updating Geometry BVH Cube.266 365/710 | Building BVH
Fra:1 Mem:355.50M (Peak 417.42M) | Time:00:01.67 | Mem:188.39M, Peak:188.39M | Scene, ViewLayer | Updating Geometry BVH Cube.267 366/710 | Building BVH
Fra:1 Mem:355.50M (Peak 417.42M) | Time:00:01.67 | Mem:188.39M, Peak:188.39M | Scene, ViewLayer | Updating Geometry BVH Cube.267 366/710 | Building mesh BLAS |     188 tris | Cube.266
Fra:1 Mem:355.50M (Peak 417.42M) | Time:00:01.67 | Mem:188.40M, Peak:188.40M | Scene, ViewLayer | Updating Geometry BVH Cube.268 367/710 | Building BVH
Fra:1 Mem:355.50M (Peak 417.42M) | Time:00:01.67 | Mem:188.46M, Peak:188.46M | Scene, ViewLayer | Updating Geometry BVH Cube.269 368/710 | Building mesh BLAS |     188 tris | Cube.268
Fra:1 Mem:355.50M (Peak 417.42M) | Time:00:01.67 | Mem:188.46M, Peak:188.46M | Scene, ViewLayer | Updating Geometry BVH Cube.269 368/710 | Building mesh BLAS |     188 tris | Cube.269
Fra:1 Mem:355.50M (Peak 417.42M) | Time:00:01.67 | Mem:188.46M, Peak:188.46M | Scene, ViewLayer | Updating Geometry BVH Cube.270 369/710 | Building BVH
Fra:1 Mem:355.50M (Peak 417.42M) | Time:00:01.67 | Mem:188.46M, Peak:188.46M | Scene, ViewLayer | Updating Geometry BVH Cube.270 369/710 | Building mesh BLAS |     188 tris | Cube.270
Fra:1 Mem:355.50M (Peak 417.42M) | Time:00:01.67 | Mem:188.46M, Peak:188.46M | Scene, ViewLayer | Updating Geometry BVH Cube.271 370/710 | Building BVH
Fra:1 Mem:355.50M (Peak 417.42M) | Time:00:01.67 | Mem:188.46M, Peak:188.46M | Scene, ViewLayer | Updating Geometry BVH Cube.271 370/710 | Building mesh BLAS |     188 tris | Cube.271
Fra:1 Mem:355.50M (Peak 417.42M) | Time:00:01.67 | Mem:188.48M, Peak:188.48M | Scene, ViewLayer | Updating Geometry BVH Cube.272 371/710 | Building BVH
Fra:1 Mem:355.50M (Peak 417.42M) | Time:00:01.67 | Mem:188.48M, Peak:188.48M | Scene, ViewLayer | Updating Geometry BVH Cube.272 371/710 | Building mesh BLAS |     188 tris | Cube.272
Fra:1 Mem:355.50M (Peak 417.42M) | Time:00:01.67 | Mem:188.48M, Peak:188.48M | Scene, ViewLayer | Updating Geometry BVH Cube.273 372/710 | Building BVH
Fra:1 Mem:355.50M (Peak 417.42M) | Time:00:01.67 | Mem:188.48M, Peak:188.48M | Scene, ViewLayer | Updating Geometry BVH Cube.273 372/710 | Building mesh BLAS |     188 tris | Cube.273
Fra:1 Mem:355.50M (Peak 417.42M) | Time:00:01.67 | Mem:188.50M, Peak:188.50M | Scene, ViewLayer | Updating Geometry BVH Cube.274 373/710 | Building BVH
Fra:1 Mem:355.50M (Peak 417.42M) | Time:00:01.67 | Mem:188.50M, Peak:188.50M | Scene, ViewLayer | Updating Geometry BVH Cube.275 374/710 | Building mesh BLAS |     188 tris | Cube.274
Fra:1 Mem:355.50M (Peak 417.42M) | Time:00:01.67 | Mem:188.50M, Peak:188.50M | Scene, ViewLayer | Updating Geometry BVH Cube.275 374/710 | Building mesh BLAS |     188 tris | Cube.275
Fra:1 Mem:355.50M (Peak 417.42M) | Time:00:01.67 | Mem:188.51M, Peak:188.51M | Scene, ViewLayer | Updating Geometry BVH Raised standing seam.066 690/710 | Building BVH
Fra:1 Mem:355.50M (Peak 417.42M) | Time:00:01.67 | Mem:188.51M, Peak:188.51M | Scene, ViewLayer | Updating Geometry BVH Cube.276 375/710 | Building mesh BLAS |    1152 tris | Raised standing seam.066
Fra:1 Mem:355.50M (Peak 417.42M) | Time:00:01.67 | Mem:188.51M, Peak:188.51M | Scene, ViewLayer | Updating Geometry BVH Cube.276 375/710 | Building mesh BLAS |     188 tris | Cube.276
Fra:1 Mem:355.50M (Peak 417.42M) | Time:00:01.67 | Mem:188.53M, Peak:188.53M | Scene, ViewLayer | Updating Geometry BVH Cube.277 376/710 | Building BVH
Fra:1 Mem:355.50M (Peak 417.42M) | Time:00:01.67 | Mem:188.53M, Peak:188.53M | Scene, ViewLayer | Updating Geometry BVH Cube.277 376/710 | Building mesh BLAS |     188 tris | Cube.277
Fra:1 Mem:355.50M (Peak 417.42M) | Time:00:01.67 | Mem:188.57M, Peak:188.57M | Scene, ViewLayer | Updating Geometry BVH Cube.278 377/710 | Building BVH
Fra:1 Mem:355.50M (Peak 417.42M) | Time:00:01.67 | Mem:188.57M, Peak:188.57M | Scene, ViewLayer | Updating Geometry BVH Cube.278 377/710 | Building mesh BLAS |     188 tris | Cube.278
Fra:1 Mem:355.50M (Peak 417.42M) | Time:00:01.67 | Mem:188.59M, Peak:188.59M | Scene, ViewLayer | Updating Geometry BVH Cube.279 378/710 | Building BVH
Fra:1 Mem:355.50M (Peak 417.42M) | Time:00:01.67 | Mem:188.59M, Peak:188.59M | Scene, ViewLayer | Updating Geometry BVH Cube.281 380/710 | Building BVH
Fra:1 Mem:355.50M (Peak 417.42M) | Time:00:01.67 | Mem:188.59M, Peak:188.59M | Scene, ViewLayer | Updating Geometry BVH Cube.281 380/710 | Building mesh BLAS |     188 tris | Cube.279
Fra:1 Mem:355.50M (Peak 417.42M) | Time:00:01.67 | Mem:188.59M, Peak:188.59M | Scene, ViewLayer | Updating Geometry BVH Cube.281 380/710 | Building mesh BLAS |     188 tris | Cube.281
Fra:1 Mem:355.50M (Peak 417.42M) | Time:00:01.67 | Mem:188.59M, Peak:188.59M | Scene, ViewLayer | Updating Geometry BVH Cube.281 380/710 | Building mesh BLAS |     188 tris | Cube.280
Fra:1 Mem:355.50M (Peak 417.42M) | Time:00:01.67 | Mem:188.62M, Peak:188.62M | Scene, ViewLayer | Updating Geometry BVH Cube.282 381/710 | Building BVH
Fra:1 Mem:355.50M (Peak 417.42M) | Time:00:01.67 | Mem:188.62M, Peak:188.62M | Scene, ViewLayer | Updating Geometry BVH Cube.282 381/710 | Building mesh BLAS |     188 tris | Cube.282
Fra:1 Mem:355.50M (Peak 417.42M) | Time:00:01.67 | Mem:188.77M, Peak:188.77M | Scene, ViewLayer | Updating Geometry BVH Cube.284 383/710 | Building BVH
Fra:1 Mem:355.50M (Peak 417.42M) | Time:00:01.67 | Mem:188.77M, Peak:188.77M | Scene, ViewLayer | Updating Geometry BVH Cube.284 383/710 | Building mesh BLAS |     188 tris | Cube.284
Fra:1 Mem:355.50M (Peak 417.42M) | Time:00:01.67 | Mem:188.77M, Peak:188.77M | Scene, ViewLayer | Updating Geometry BVH Cube.286 385/710 | Building BVH
Fra:1 Mem:355.50M (Peak 417.42M) | Time:00:01.67 | Mem:188.77M, Peak:188.77M | Scene, ViewLayer | Updating Geometry BVH Cube.287 386/710 | Building BVH
Fra:1 Mem:355.50M (Peak 417.42M) | Time:00:01.67 | Mem:188.77M, Peak:188.77M | Scene, ViewLayer | Updating Geometry BVH Cube.287 386/710 | Building mesh BLAS |     188 tris | Cube.286
Fra:1 Mem:355.50M (Peak 417.42M) | Time:00:01.67 | Mem:188.77M, Peak:188.77M | Scene, ViewLayer | Updating Geometry BVH Cube.287 386/710 | Building mesh BLAS |     188 tris | Cube.287
Fra:1 Mem:355.50M (Peak 417.42M) | Time:00:01.67 | Mem:188.77M, Peak:188.77M | Scene, ViewLayer | Updating Geometry BVH Cylinder.095 387/710 | Building BVH
Fra:1 Mem:355.50M (Peak 417.42M) | Time:00:01.67 | Mem:188.77M, Peak:188.77M | Scene, ViewLayer | Updating Geometry BVH Raised standing seam.065 689/710 | Building BVH
Fra:1 Mem:355.50M (Peak 417.42M) | Time:00:01.67 | Mem:188.77M, Peak:188.77M | Scene, ViewLayer | Updating Geometry BVH Raised standing seam.065 689/710 | Building mesh BLAS |    1152 tris | Raised standing seam.065
Fra:1 Mem:355.50M (Peak 417.42M) | Time:00:01.67 | Mem:188.77M, Peak:188.77M | Scene, ViewLayer | Updating Geometry BVH Raised standing seam.065 689/710 | Building mesh BLAS |     528 tris | Sphere.003
Fra:1 Mem:355.50M (Peak 417.42M) | Time:00:01.67 | Mem:188.77M, Peak:188.77M | Scene, ViewLayer | Updating Geometry BVH Raised standing seam.065 689/710 | Building mesh BLAS |     188 tris | Cube.283
Fra:1 Mem:355.50M (Peak 417.42M) | Time:00:01.67 | Mem:188.77M, Peak:188.77M | Scene, ViewLayer | Updating Geometry BVH Cube.288 389/710 | Building BVH
Fra:1 Mem:355.50M (Peak 417.42M) | Time:00:01.67 | Mem:188.77M, Peak:188.77M | Scene, ViewLayer | Updating Geometry BVH Cube.288 389/710 | Building mesh BLAS |     188 tris | Cube.288
Fra:1 Mem:355.50M (Peak 417.42M) | Time:00:01.67 | Mem:188.77M, Peak:188.77M | Scene, ViewLayer | Updating Geometry BVH Cube.289 390/710 | Building BVH
Fra:1 Mem:355.50M (Peak 417.42M) | Time:00:01.67 | Mem:188.77M, Peak:188.77M | Scene, ViewLayer | Updating Geometry BVH Cube.290 391/710 | Building mesh BLAS |     188 tris | Cube.289
Fra:1 Mem:355.50M (Peak 417.42M) | Time:00:01.67 | Mem:188.78M, Peak:188.78M | Scene, ViewLayer | Updating Geometry BVH Cube.290 391/710 | Building mesh BLAS |     188 tris | Cube.290
Fra:1 Mem:355.50M (Peak 417.42M) | Time:00:01.67 | Mem:188.79M, Peak:188.79M | Scene, ViewLayer | Updating Geometry BVH Cube.291 392/710 | Building BVH
Fra:1 Mem:355.50M (Peak 417.42M) | Time:00:01.67 | Mem:188.79M, Peak:188.79M | Scene, ViewLayer | Updating Geometry BVH Cube.291 392/710 | Building mesh BLAS |     188 tris | Cube.291
Fra:1 Mem:355.50M (Peak 417.42M) | Time:00:01.67 | Mem:188.81M, Peak:188.81M | Scene, ViewLayer | Updating Geometry BVH Cube.292 393/710 | Building BVH
Fra:1 Mem:355.50M (Peak 417.42M) | Time:00:01.67 | Mem:188.81M, Peak:188.81M | Scene, ViewLayer | Updating Geometry BVH Cube.292 393/710 | Building mesh BLAS |     188 tris | Cube.292
Fra:1 Mem:355.50M (Peak 417.42M) | Time:00:01.68 | Mem:188.82M, Peak:188.82M | Scene, ViewLayer | Updating Geometry BVH Cube.293 394/710 | Building BVH
Fra:1 Mem:355.50M (Peak 417.42M) | Time:00:01.68 | Mem:188.82M, Peak:188.82M | Scene, ViewLayer | Updating Geometry BVH Cube.293 394/710 | Building mesh BLAS |     188 tris | Cube.293
Fra:1 Mem:355.50M (Peak 417.42M) | Time:00:01.68 | Mem:188.87M, Peak:188.87M | Scene, ViewLayer | Updating Geometry BVH Cube.294 395/710 | Building BVH
Fra:1 Mem:355.50M (Peak 417.42M) | Time:00:01.68 | Mem:188.87M, Peak:188.87M | Scene, ViewLayer | Updating Geometry BVH Cube.295 396/710 | Building BVH
Fra:1 Mem:355.50M (Peak 417.42M) | Time:00:01.68 | Mem:188.87M, Peak:188.87M | Scene, ViewLayer | Updating Geometry BVH Cube.295 396/710 | Building mesh BLAS |     188 tris | Cube.294
Fra:1 Mem:355.50M (Peak 417.42M) | Time:00:01.68 | Mem:188.87M, Peak:188.87M | Scene, ViewLayer | Updating Geometry BVH Cube.295 396/710 | Building mesh BLAS |     188 tris | Cube.295
Fra:1 Mem:355.50M (Peak 417.42M) | Time:00:01.68 | Mem:188.87M, Peak:188.87M | Scene, ViewLayer | Updating Geometry BVH Cube.296 397/710 | Building BVH
Fra:1 Mem:355.50M (Peak 417.42M) | Time:00:01.68 | Mem:188.87M, Peak:188.87M | Scene, ViewLayer | Updating Geometry BVH Cube.296 397/710 | Building mesh BLAS |     188 tris | Cube.296
Fra:1 Mem:355.50M (Peak 417.42M) | Time:00:01.68 | Mem:188.88M, Peak:188.88M | Scene, ViewLayer | Updating Geometry BVH Cube.297 398/710 | Building BVH
Fra:1 Mem:355.50M (Peak 417.42M) | Time:00:01.68 | Mem:188.94M, Peak:188.94M | Scene, ViewLayer | Updating Geometry BVH Cube.297 398/710 | Building mesh BLAS |     188 tris | Cube.297
Fra:1 Mem:355.50M (Peak 417.42M) | Time:00:01.68 | Mem:188.94M, Peak:188.94M | Scene, ViewLayer | Updating Geometry BVH Cube.298 399/710 | Building BVH
Fra:1 Mem:355.50M (Peak 417.42M) | Time:00:01.68 | Mem:188.96M, Peak:188.96M | Scene, ViewLayer | Updating Geometry BVH Cube.299 400/710 | Building BVH
Fra:1 Mem:355.50M (Peak 417.42M) | Time:00:01.68 | Mem:188.97M, Peak:188.97M | Scene, ViewLayer | Updating Geometry BVH Cube.300 401/710 | Building BVH
Fra:1 Mem:355.50M (Peak 417.42M) | Time:00:01.68 | Mem:188.98M, Peak:188.98M | Scene, ViewLayer | Updating Geometry BVH Cube.300 401/710 | Building mesh BLAS |     188 tris | Cube.300
Fra:1 Mem:355.50M (Peak 417.42M) | Time:00:01.68 | Mem:188.98M, Peak:188.98M | Scene, ViewLayer | Updating Geometry BVH Cube.301 402/710 | Building BVH
Fra:1 Mem:355.50M (Peak 417.42M) | Time:00:01.68 | Mem:189.02M, Peak:189.02M | Scene, ViewLayer | Updating Geometry BVH Cube.301 402/710 | Building mesh BLAS |     188 tris | Cube.299
Fra:1 Mem:355.50M (Peak 417.42M) | Time:00:01.68 | Mem:189.06M, Peak:189.06M | Scene, ViewLayer | Updating Geometry BVH Cube.302 403/710 | Building BVH
Fra:1 Mem:355.50M (Peak 417.42M) | Time:00:01.68 | Mem:189.06M, Peak:189.06M | Scene, ViewLayer | Updating Geometry BVH Cube.303 404/710 | Building BVH
Fra:1 Mem:355.50M (Peak 417.42M) | Time:00:01.68 | Mem:189.07M, Peak:189.07M | Scene, ViewLayer | Updating Geometry BVH Cube.303 404/710 | Building mesh BLAS |     188 tris | Cube.303
Fra:1 Mem:355.50M (Peak 417.42M) | Time:00:01.68 | Mem:189.08M, Peak:189.08M | Scene, ViewLayer | Updating Geometry BVH Cube.303 404/710 | Building mesh BLAS |     188 tris | Cube.302
Fra:1 Mem:355.50M (Peak 417.42M) | Time:00:01.68 | Mem:189.09M, Peak:189.09M | Scene, ViewLayer | Updating Geometry BVH Cube.304 405/710 | Building BVH
Fra:1 Mem:355.50M (Peak 417.42M) | Time:00:01.68 | Mem:189.09M, Peak:189.09M | Scene, ViewLayer | Updating Geometry BVH Cube.306 407/710 | Building BVH
Fra:1 Mem:355.50M (Peak 417.42M) | Time:00:01.68 | Mem:189.09M, Peak:189.09M | Scene, ViewLayer | Updating Geometry BVH Cube.307 408/710 | Building mesh BLAS |     188 tris | Cube.304
Fra:1 Mem:355.50M (Peak 417.42M) | Time:00:01.68 | Mem:189.09M, Peak:189.09M | Scene, ViewLayer | Updating Geometry BVH Cube.307 408/710 | Building mesh BLAS |     188 tris | Cube.306
Fra:1 Mem:355.50M (Peak 417.42M) | Time:00:01.68 | Mem:189.09M, Peak:189.09M | Scene, ViewLayer | Updating Geometry BVH Cube.308 409/710 | Building BVH
Fra:1 Mem:355.50M (Peak 417.42M) | Time:00:01.68 | Mem:189.09M, Peak:189.09M | Scene, ViewLayer | Updating Geometry BVH Cube.308 409/710 | Building mesh BLAS |     188 tris | Cube.305
Fra:1 Mem:355.50M (Peak 417.42M) | Time:00:01.68 | Mem:189.09M, Peak:189.09M | Scene, ViewLayer | Updating Geometry BVH Cube.309 410/710 | Building BVH
Fra:1 Mem:355.50M (Peak 417.42M) | Time:00:01.68 | Mem:189.09M, Peak:189.09M | Scene, ViewLayer | Updating Geometry BVH Cube.309 410/710 | Building mesh BLAS |     188 tris | Cube.309
Fra:1 Mem:355.50M (Peak 417.42M) | Time:00:01.68 | Mem:189.09M, Peak:189.09M | Scene, ViewLayer | Updating Geometry BVH Cube.309 410/710 | Building mesh BLAS |     188 tris | Cube.308
Fra:1 Mem:355.50M (Peak 417.42M) | Time:00:01.68 | Mem:189.10M, Peak:189.10M | Scene, ViewLayer | Updating Geometry BVH Cube.310 411/710 | Building BVH
Fra:1 Mem:355.50M (Peak 417.42M) | Time:00:01.68 | Mem:189.16M, Peak:189.16M | Scene, ViewLayer | Updating Geometry BVH Cube.310 411/710 | Building mesh BLAS |     188 tris | Cube.310
Fra:1 Mem:355.50M (Peak 417.42M) | Time:00:01.68 | Mem:189.16M, Peak:189.16M | Scene, ViewLayer | Updating Geometry BVH Cube.311 412/710 | Building BVH
Fra:1 Mem:355.50M (Peak 417.42M) | Time:00:01.68 | Mem:189.16M, Peak:189.16M | Scene, ViewLayer | Updating Geometry BVH Cube.311 412/710 | Building mesh BLAS |     188 tris | Cube.311
Fra:1 Mem:355.50M (Peak 417.42M) | Time:00:01.68 | Mem:189.16M, Peak:189.16M | Scene, ViewLayer | Updating Geometry BVH Cube.312 413/710 | Building BVH
Fra:1 Mem:355.50M (Peak 417.42M) | Time:00:01.68 | Mem:189.16M, Peak:189.16M | Scene, ViewLayer | Updating Geometry BVH Cube.313 414/710 | Building BVH
Fra:1 Mem:355.50M (Peak 417.42M) | Time:00:01.68 | Mem:189.16M, Peak:189.16M | Scene, ViewLayer | Updating Geometry BVH Cube.313 414/710 | Building mesh BLAS |     188 tris | Cube.312
Fra:1 Mem:355.50M (Peak 417.42M) | Time:00:01.68 | Mem:189.16M, Peak:189.16M | Scene, ViewLayer | Updating Geometry BVH Cube.313 414/710 | Building mesh BLAS |     188 tris | Cube.313
Fra:1 Mem:355.50M (Peak 417.42M) | Time:00:01.68 | Mem:189.18M, Peak:189.18M | Scene, ViewLayer | Updating Geometry BVH Cube.314 415/710 | Building BVH
Fra:1 Mem:355.50M (Peak 417.42M) | Time:00:01.68 | Mem:189.18M, Peak:189.18M | Scene, ViewLayer | Updating Geometry BVH Cube.314 415/710 | Building mesh BLAS |     188 tris | Cube.314
Fra:1 Mem:355.50M (Peak 417.42M) | Time:00:01.68 | Mem:189.19M, Peak:189.19M | Scene, ViewLayer | Updating Geometry BVH Cylinder.096 416/710 | Building BVH
Fra:1 Mem:355.50M (Peak 417.42M) | Time:00:01.68 | Mem:189.19M, Peak:189.19M | Scene, ViewLayer | Updating Geometry BVH Cylinder.096 416/710 | Building mesh BLAS |      60 tris | Cylinder.096
Fra:1 Mem:355.50M (Peak 417.42M) | Time:00:01.68 | Mem:189.19M, Peak:189.19M | Scene, ViewLayer | Updating Geometry BVH Cylinder.097 417/710 | Building BVH
Fra:1 Mem:355.50M (Peak 417.42M) | Time:00:01.68 | Mem:189.19M, Peak:189.19M | Scene, ViewLayer | Updating Geometry BVH Cylinder.097 417/710 | Building mesh BLAS |      60 tris | Cylinder.097
Fra:1 Mem:355.50M (Peak 417.42M) | Time:00:01.68 | Mem:189.19M, Peak:189.19M | Scene, ViewLayer | Updating Geometry BVH Cylinder.098 418/710 | Building BVH
Fra:1 Mem:355.50M (Peak 417.42M) | Time:00:01.68 | Mem:189.20M, Peak:189.20M | Scene, ViewLayer | Updating Geometry BVH Cylinder.098 418/710 | Building mesh BLAS |      60 tris | Cylinder.098
Fra:1 Mem:355.50M (Peak 417.42M) | Time:00:01.68 | Mem:189.21M, Peak:189.21M | Scene, ViewLayer | Updating Geometry BVH Cylinder.099 419/710 | Building BVH
Fra:1 Mem:355.50M (Peak 417.42M) | Time:00:01.68 | Mem:189.21M, Peak:189.21M | Scene, ViewLayer | Updating Geometry BVH Cylinder.099 419/710 | Building mesh BLAS |      60 tris | Cylinder.099
Fra:1 Mem:355.50M (Peak 417.42M) | Time:00:01.68 | Mem:189.23M, Peak:189.23M | Scene, ViewLayer | Updating Geometry BVH Cylinder.100 420/710 | Building BVH
Fra:1 Mem:355.50M (Peak 417.42M) | Time:00:01.68 | Mem:189.24M, Peak:189.24M | Scene, ViewLayer | Updating Geometry BVH Cylinder.100 420/710 | Building mesh BLAS |      60 tris | Cylinder.100
Fra:1 Mem:355.50M (Peak 417.42M) | Time:00:01.68 | Mem:189.25M, Peak:189.25M | Scene, ViewLayer | Updating Geometry BVH Cylinder.101 421/710 | Building BVH
Fra:1 Mem:355.50M (Peak 417.42M) | Time:00:01.68 | Mem:189.28M, Peak:189.28M | Scene, ViewLayer | Updating Geometry BVH Cylinder.103 423/710 | Building BVH
Fra:1 Mem:355.50M (Peak 417.42M) | Time:00:01.68 | Mem:189.28M, Peak:189.28M | Scene, ViewLayer | Updating Geometry BVH Cylinder.103 423/710 | Building mesh BLAS |      60 tris | Cylinder.101
Fra:1 Mem:355.50M (Peak 417.42M) | Time:00:01.68 | Mem:189.28M, Peak:189.28M | Scene, ViewLayer | Updating Geometry BVH Cylinder.104 424/710 | Building BVH
Fra:1 Mem:355.50M (Peak 417.42M) | Time:00:01.68 | Mem:189.28M, Peak:189.28M | Scene, ViewLayer | Updating Geometry BVH Cylinder.104 424/710 | Building mesh BLAS |      60 tris | Cylinder.102
Fra:1 Mem:355.50M (Peak 417.42M) | Time:00:01.68 | Mem:189.28M, Peak:189.28M | Scene, ViewLayer | Updating Geometry BVH Cylinder.105 425/710 | Building BVH
Fra:1 Mem:355.50M (Peak 417.42M) | Time:00:01.68 | Mem:189.28M, Peak:189.28M | Scene, ViewLayer | Updating Geometry BVH Summit lantern copper dome 687/710 | Building BVH
Fra:1 Mem:355.50M (Peak 417.42M) | Time:00:01.68 | Mem:189.28M, Peak:189.28M | Scene, ViewLayer | Updating Geometry BVH Summit lantern copper dome 687/710 | Building mesh BLAS |      60 tris | Cylinder.105
Fra:1 Mem:355.50M (Peak 417.42M) | Time:00:01.68 | Mem:189.29M, Peak:189.29M | Scene, ViewLayer | Updating Geometry BVH Summit lantern copper dome 687/710 | Building mesh BLAS |   13824 tris | Summit lantern copper dome
Fra:1 Mem:355.50M (Peak 417.42M) | Time:00:01.68 | Mem:189.31M, Peak:189.31M | Scene, ViewLayer | Updating Geometry BVH Cube.316 427/710 | Building BVH
Fra:1 Mem:355.50M (Peak 417.42M) | Time:00:01.68 | Mem:189.31M, Peak:189.31M | Scene, ViewLayer | Updating Geometry BVH Cube.317 428/710 | Building BVH
Fra:1 Mem:355.50M (Peak 417.42M) | Time:00:01.68 | Mem:189.31M, Peak:189.31M | Scene, ViewLayer | Updating Geometry BVH Cube.317 428/710 | Building mesh BLAS |     188 tris | Cube.317
Fra:1 Mem:355.50M (Peak 417.42M) | Time:00:01.68 | Mem:189.31M, Peak:189.31M | Scene, ViewLayer | Updating Geometry BVH Cube.317 428/710 | Building mesh BLAS |     188 tris | Cube.315
Fra:1 Mem:355.50M (Peak 417.42M) | Time:00:01.68 | Mem:189.39M, Peak:189.39M | Scene, ViewLayer | Updating Geometry BVH Cube.318 429/710 | Building BVH
Fra:1 Mem:355.50M (Peak 417.42M) | Time:00:01.68 | Mem:189.39M, Peak:189.39M | Scene, ViewLayer | Updating Geometry BVH Cube.319 430/710 | Building mesh BLAS |     188 tris | Cube.318
Fra:1 Mem:355.50M (Peak 417.42M) | Time:00:01.68 | Mem:189.42M, Peak:189.42M | Scene, ViewLayer | Updating Geometry BVH Cube.320 431/710 | Building mesh BLAS |     188 tris | Cube.319
Fra:1 Mem:355.50M (Peak 417.42M) | Time:00:01.68 | Mem:189.43M, Peak:189.43M | Scene, ViewLayer | Updating Geometry BVH Cube.321 432/710 | Building BVH
Fra:1 Mem:355.50M (Peak 417.42M) | Time:00:01.68 | Mem:189.43M, Peak:189.43M | Scene, ViewLayer | Updating Geometry BVH Cube.321 432/710 | Building mesh BLAS |     188 tris | Cube.321
Fra:1 Mem:355.50M (Peak 417.42M) | Time:00:01.68 | Mem:189.43M, Peak:189.43M | Scene, ViewLayer | Updating Geometry BVH Cube.321 432/710 | Building mesh BLAS |     188 tris | Cube.320
Fra:1 Mem:355.50M (Peak 417.42M) | Time:00:01.68 | Mem:189.43M, Peak:189.43M | Scene, ViewLayer | Updating Geometry BVH Cube.322 433/710 | Building BVH
Fra:1 Mem:355.50M (Peak 417.42M) | Time:00:01.68 | Mem:189.43M, Peak:189.43M | Scene, ViewLayer | Updating Geometry BVH Cube.323 434/710 | Building BVH
Fra:1 Mem:355.50M (Peak 417.42M) | Time:00:01.68 | Mem:189.43M, Peak:189.43M | Scene, ViewLayer | Updating Geometry BVH Cube.323 434/710 | Building mesh BLAS |     188 tris | Cube.322
Fra:1 Mem:355.50M (Peak 417.42M) | Time:00:01.68 | Mem:189.43M, Peak:189.43M | Scene, ViewLayer | Updating Geometry BVH Cube.323 434/710 | Building mesh BLAS |     188 tris | Cube.323
Fra:1 Mem:355.50M (Peak 417.42M) | Time:00:01.68 | Mem:189.43M, Peak:189.43M | Scene, ViewLayer | Updating Geometry BVH Cube.324 435/710 | Building BVH
Fra:1 Mem:355.50M (Peak 417.42M) | Time:00:01.68 | Mem:189.43M, Peak:189.43M | Scene, ViewLayer | Updating Geometry BVH Cube.324 435/710 | Building mesh BLAS |     188 tris | Cube.324
Fra:1 Mem:355.50M (Peak 417.42M) | Time:00:01.68 | Mem:189.43M, Peak:189.43M | Scene, ViewLayer | Updating Geometry BVH Cube.325 436/710 | Building BVH
Fra:1 Mem:355.50M (Peak 417.42M) | Time:00:01.68 | Mem:189.43M, Peak:189.43M | Scene, ViewLayer | Updating Geometry BVH Cube.325 436/710 | Building mesh BLAS |     188 tris | Cube.325
Fra:1 Mem:355.50M (Peak 417.42M) | Time:00:01.68 | Mem:189.43M, Peak:189.43M | Scene, ViewLayer | Updating Geometry BVH Cube.326 437/710 | Building BVH
Fra:1 Mem:355.50M (Peak 417.42M) | Time:00:01.68 | Mem:189.43M, Peak:189.43M | Scene, ViewLayer | Updating Geometry BVH Cube.326 437/710 | Building mesh BLAS |     188 tris | Cube.326
Fra:1 Mem:355.50M (Peak 417.42M) | Time:00:01.68 | Mem:189.44M, Peak:189.44M | Scene, ViewLayer | Updating Geometry BVH Cube.327 438/710 | Building BVH
Fra:1 Mem:355.50M (Peak 417.42M) | Time:00:01.68 | Mem:189.44M, Peak:189.44M | Scene, ViewLayer | Updating Geometry BVH Cube.328 439/710 | Building BVH
Fra:1 Mem:355.50M (Peak 417.42M) | Time:00:01.68 | Mem:189.44M, Peak:189.44M | Scene, ViewLayer | Updating Geometry BVH Cube.328 439/710 | Building mesh BLAS |     188 tris | Cube.327
Fra:1 Mem:355.50M (Peak 417.42M) | Time:00:01.68 | Mem:189.44M, Peak:189.44M | Scene, ViewLayer | Updating Geometry BVH Cube.328 439/710 | Building mesh BLAS |     188 tris | Cube.328
Fra:1 Mem:355.50M (Peak 417.42M) | Time:00:01.68 | Mem:189.44M, Peak:189.44M | Scene, ViewLayer | Updating Geometry BVH Cube.329 440/710 | Building BVH
Fra:1 Mem:355.50M (Peak 417.42M) | Time:00:01.68 | Mem:189.44M, Peak:189.44M | Scene, ViewLayer | Updating Geometry BVH Cube.329 440/710 | Building mesh BLAS |     188 tris | Cube.329
Fra:1 Mem:355.50M (Peak 417.42M) | Time:00:01.68 | Mem:189.46M, Peak:189.46M | Scene, ViewLayer | Updating Geometry BVH Cube.330 441/710 | Building BVH
Fra:1 Mem:355.50M (Peak 417.42M) | Time:00:01.68 | Mem:189.46M, Peak:189.46M | Scene, ViewLayer | Updating Geometry BVH Cube.331 442/710 | Building BVH
Fra:1 Mem:355.50M (Peak 417.42M) | Time:00:01.68 | Mem:189.46M, Peak:189.46M | Scene, ViewLayer | Updating Geometry BVH Cube.331 442/710 | Building mesh BLAS |     188 tris | Cube.330
Fra:1 Mem:355.50M (Peak 417.42M) | Time:00:01.68 | Mem:189.46M, Peak:189.46M | Scene, ViewLayer | Updating Geometry BVH Cube.331 442/710 | Building mesh BLAS |     188 tris | Cube.331
Fra:1 Mem:355.50M (Peak 417.42M) | Time:00:01.68 | Mem:189.51M, Peak:189.51M | Scene, ViewLayer | Updating Geometry BVH Summit lantern arch.003 686/710 | Building BVH
Fra:1 Mem:355.50M (Peak 417.42M) | Time:00:01.68 | Mem:189.53M, Peak:189.53M | Scene, ViewLayer | Updating Geometry BVH Summit lantern arch.003 686/710 | Building mesh BLAS |    1692 tris | Summit lantern arch.003
Fra:1 Mem:355.50M (Peak 417.42M) | Time:00:01.68 | Mem:189.53M, Peak:189.53M | Scene, ViewLayer | Updating Geometry BVH Cube.332 443/710 | Building BVH
Fra:1 Mem:355.50M (Peak 417.42M) | Time:00:01.68 | Mem:189.53M, Peak:189.53M | Scene, ViewLayer | Updating Geometry BVH Cube.332 443/710 | Building mesh BLAS |     188 tris | Cube.332
Fra:1 Mem:355.50M (Peak 417.42M) | Time:00:01.68 | Mem:189.53M, Peak:189.53M | Scene, ViewLayer | Updating Geometry BVH Cube.333 444/710 | Building BVH
Fra:1 Mem:355.50M (Peak 417.42M) | Time:00:01.68 | Mem:189.53M, Peak:189.53M | Scene, ViewLayer | Updating Geometry BVH Cube.333 444/710 | Building mesh BLAS |     188 tris | Cube.333
Fra:1 Mem:355.50M (Peak 417.42M) | Time:00:01.68 | Mem:189.54M, Peak:189.54M | Scene, ViewLayer | Updating Geometry BVH Cube.334 445/710 | Building BVH
Fra:1 Mem:355.50M (Peak 417.42M) | Time:00:01.68 | Mem:189.62M, Peak:189.62M | Scene, ViewLayer | Updating Geometry BVH Cube.334 445/710 | Building mesh BLAS |     188 tris | Cube.334
Fra:1 Mem:355.50M (Peak 417.42M) | Time:00:01.68 | Mem:189.66M, Peak:189.66M | Scene, ViewLayer | Updating Geometry BVH Cube.335 446/710 | Building BVH
Fra:1 Mem:355.50M (Peak 417.42M) | Time:00:01.68 | Mem:189.67M, Peak:189.67M | Scene, ViewLayer | Updating Geometry BVH Cube.335 446/710 | Building mesh BLAS |     188 tris | Cube.335
Fra:1 Mem:355.50M (Peak 417.42M) | Time:00:01.69 | Mem:189.67M, Peak:189.67M | Scene, ViewLayer | Updating Geometry BVH Cube.336 447/710 | Building BVH
Fra:1 Mem:355.50M (Peak 417.42M) | Time:00:01.69 | Mem:189.71M, Peak:189.71M | Scene, ViewLayer | Updating Geometry BVH Cube.336 447/710 | Building mesh BLAS |     188 tris | Cube.336
Fra:1 Mem:355.50M (Peak 417.42M) | Time:00:01.69 | Mem:189.72M, Peak:189.72M | Scene, ViewLayer | Updating Geometry BVH Cylinder.106 448/710 | Building BVH
Fra:1 Mem:355.50M (Peak 417.42M) | Time:00:01.69 | Mem:189.74M, Peak:189.74M | Scene, ViewLayer | Updating Geometry BVH Cylinder.107 450/710 | Building BVH
Fra:1 Mem:355.50M (Peak 417.42M) | Time:00:01.69 | Mem:189.74M, Peak:189.74M | Scene, ViewLayer | Updating Geometry BVH Cube.337 451/710 | Building mesh BLAS |      60 tris | Cylinder.106
Fra:1 Mem:355.50M (Peak 417.42M) | Time:00:01.69 | Mem:189.74M, Peak:189.74M | Scene, ViewLayer | Updating Geometry BVH Cube.338 452/710 | Building mesh BLAS |      60 tris | Cylinder.107
Fra:1 Mem:355.50M (Peak 417.42M) | Time:00:01.69 | Mem:189.74M, Peak:189.74M | Scene, ViewLayer | Updating Geometry BVH Cube.339 453/710 | Building BVH
Fra:1 Mem:355.50M (Peak 417.42M) | Time:00:01.69 | Mem:189.74M, Peak:189.74M | Scene, ViewLayer | Updating Geometry BVH Cube.340 454/710 | Building mesh BLAS |     188 tris | Cube.339
Fra:1 Mem:355.50M (Peak 417.42M) | Time:00:01.69 | Mem:189.74M, Peak:189.74M | Scene, ViewLayer | Updating Geometry BVH Cube.342 456/710 | Building BVH
Fra:1 Mem:355.50M (Peak 417.42M) | Time:00:01.69 | Mem:189.74M, Peak:189.74M | Scene, ViewLayer | Updating Geometry BVH Cube.342 456/710 | Building mesh BLAS |     188 tris | Cube.342
Fra:1 Mem:355.50M (Peak 417.42M) | Time:00:01.69 | Mem:189.74M, Peak:189.74M | Scene, ViewLayer | Updating Geometry BVH Cube.343 457/710 | Building BVH
Fra:1 Mem:355.50M (Peak 417.42M) | Time:00:01.69 | Mem:189.74M, Peak:189.74M | Scene, ViewLayer | Updating Geometry BVH Cube.344 458/710 | Building mesh BLAS |     188 tris | Cube.343
Fra:1 Mem:355.50M (Peak 417.42M) | Time:00:01.69 | Mem:189.74M, Peak:189.74M | Scene, ViewLayer | Updating Geometry BVH Cube.345 459/710 | Building BVH
Fra:1 Mem:355.50M (Peak 417.42M) | Time:00:01.69 | Mem:189.74M, Peak:189.74M | Scene, ViewLayer | Updating Geometry BVH Cube.346 460/710 | Building BVH
Fra:1 Mem:355.50M (Peak 417.42M) | Time:00:01.69 | Mem:189.74M, Peak:189.74M | Scene, ViewLayer | Updating Geometry BVH Cube.347 461/710 | Building mesh BLAS |     188 tris | Cube.345
Fra:1 Mem:355.50M (Peak 417.42M) | Time:00:01.69 | Mem:189.74M, Peak:189.74M | Scene, ViewLayer | Updating Geometry BVH Cube.348 462/710 | Building BVH
Fra:1 Mem:355.50M (Peak 417.42M) | Time:00:01.69 | Mem:189.74M, Peak:189.74M | Scene, ViewLayer | Updating Geometry BVH Cube.348 462/710 | Building mesh BLAS |     188 tris | Cube.348
Fra:1 Mem:355.50M (Peak 417.42M) | Time:00:01.69 | Mem:189.74M, Peak:189.74M | Scene, ViewLayer | Updating Geometry BVH Cube.348 462/710 | Building mesh BLAS |     528 tris | Sphere.004
Fra:1 Mem:355.50M (Peak 417.42M) | Time:00:01.69 | Mem:189.74M, Peak:189.74M | Scene, ViewLayer | Updating Geometry BVH Cube.349 463/710 | Building BVH
Fra:1 Mem:355.50M (Peak 417.42M) | Time:00:01.69 | Mem:189.74M, Peak:189.74M | Scene, ViewLayer | Updating Geometry BVH Cube.349 463/710 | Building mesh BLAS |     188 tris | Cube.338
Fra:1 Mem:355.50M (Peak 417.42M) | Time:00:01.69 | Mem:189.74M, Peak:189.74M | Scene, ViewLayer | Updating Geometry BVH Cube.349 463/710 | Building mesh BLAS |     188 tris | Cube.349
Fra:1 Mem:355.50M (Peak 417.42M) | Time:00:01.69 | Mem:189.76M, Peak:189.76M | Scene, ViewLayer | Updating Geometry BVH Cube.349 463/710 | Building mesh BLAS |     188 tris | Cube.340
Fra:1 Mem:355.50M (Peak 417.42M) | Time:00:01.69 | Mem:189.83M, Peak:189.83M | Scene, ViewLayer | Updating Geometry BVH Cube.349 463/710 | Building mesh BLAS |     188 tris | Cube.337
Fra:1 Mem:355.50M (Peak 417.42M) | Time:00:01.69 | Mem:189.84M, Peak:189.84M | Scene, ViewLayer | Updating Geometry BVH Cube.349 463/710 | Building mesh BLAS |     188 tris | Cube.341
Fra:1 Mem:355.50M (Peak 417.42M) | Time:00:01.69 | Mem:189.85M, Peak:189.85M | Scene, ViewLayer | Updating Geometry BVH Cube.349 463/710 | Building mesh BLAS |     188 tris | Cube.347
Fra:1 Mem:355.50M (Peak 417.42M) | Time:00:01.69 | Mem:189.85M, Peak:189.85M | Scene, ViewLayer | Updating Geometry BVH Cube.350 464/710 | Building BVH
Fra:1 Mem:355.50M (Peak 417.42M) | Time:00:01.69 | Mem:189.85M, Peak:189.85M | Scene, ViewLayer | Updating Geometry BVH Cube.350 464/710 | Building mesh BLAS |     188 tris | Cube.350
Fra:1 Mem:355.50M (Peak 417.42M) | Time:00:01.69 | Mem:189.85M, Peak:189.85M | Scene, ViewLayer | Updating Geometry BVH Cube.350 464/710 | Building mesh BLAS |    1692 tris | Summit lantern arch.002
Fra:1 Mem:355.50M (Peak 417.42M) | Time:00:01.69 | Mem:189.85M, Peak:189.85M | Scene, ViewLayer | Updating Geometry BVH Cube.352 466/710 | Building BVH
Fra:1 Mem:355.50M (Peak 417.42M) | Time:00:01.69 | Mem:189.85M, Peak:189.85M | Scene, ViewLayer | Updating Geometry BVH Cube.352 466/710 | Building mesh BLAS |     188 tris | Cube.344
Fra:1 Mem:355.50M (Peak 417.42M) | Time:00:01.69 | Mem:189.85M, Peak:189.85M | Scene, ViewLayer | Updating Geometry BVH Cube.352 466/710 | Building mesh BLAS |     188 tris | Cube.352
Fra:1 Mem:355.50M (Peak 417.42M) | Time:00:01.69 | Mem:189.85M, Peak:189.85M | Scene, ViewLayer | Updating Geometry BVH Cube.352 466/710 | Building mesh BLAS |     188 tris | Cube.351
Fra:1 Mem:355.50M (Peak 417.42M) | Time:00:01.69 | Mem:189.86M, Peak:189.86M | Scene, ViewLayer | Updating Geometry BVH Cube.353 467/710 | Building BVH
Fra:1 Mem:355.50M (Peak 417.42M) | Time:00:01.69 | Mem:189.86M, Peak:189.86M | Scene, ViewLayer | Updating Geometry BVH Cube.353 467/710 | Building mesh BLAS |     188 tris | Cube.353
Fra:1 Mem:355.50M (Peak 417.42M) | Time:00:01.69 | Mem:189.86M, Peak:189.86M | Scene, ViewLayer | Updating Geometry BVH Cube.354 468/710 | Building BVH
Fra:1 Mem:355.50M (Peak 417.42M) | Time:00:01.69 | Mem:189.86M, Peak:189.86M | Scene, ViewLayer | Updating Geometry BVH Cube.354 468/710 | Building mesh BLAS |     188 tris | Cube.354
Fra:1 Mem:355.50M (Peak 417.42M) | Time:00:01.69 | Mem:189.88M, Peak:189.88M | Scene, ViewLayer | Updating Geometry BVH Cube.355 469/710 | Building BVH
Fra:1 Mem:355.50M (Peak 417.42M) | Time:00:01.69 | Mem:189.88M, Peak:189.88M | Scene, ViewLayer | Updating Geometry BVH Cube.355 469/710 | Building mesh BLAS |     188 tris | Cube.355
Fra:1 Mem:355.50M (Peak 417.42M) | Time:00:01.69 | Mem:189.92M, Peak:189.92M | Scene, ViewLayer | Updating Geometry BVH Cube.356 470/710 | Building BVH
Fra:1 Mem:355.50M (Peak 417.42M) | Time:00:01.69 | Mem:189.99M, Peak:189.99M | Scene, ViewLayer | Updating Geometry BVH Cube.356 470/710 | Building mesh BLAS |     188 tris | Cube.356
Fra:1 Mem:355.50M (Peak 417.42M) | Time:00:01.69 | Mem:190.04M, Peak:190.04M | Scene, ViewLayer | Updating Geometry BVH Cube.357 471/710 | Building BVH
Fra:1 Mem:355.50M (Peak 417.42M) | Time:00:01.69 | Mem:190.05M, Peak:190.05M | Scene, ViewLayer | Updating Geometry BVH Cube.358 472/710 | Building mesh BLAS |     188 tris | Cube.357
Fra:1 Mem:355.50M (Peak 417.42M) | Time:00:01.69 | Mem:190.05M, Peak:190.05M | Scene, ViewLayer | Updating Geometry BVH Cube.359 473/710 | Building BVH
Fra:1 Mem:355.50M (Peak 417.42M) | Time:00:01.69 | Mem:190.05M, Peak:190.05M | Scene, ViewLayer | Updating Geometry BVH Cube.359 473/710 | Building mesh BLAS |     188 tris | Cube.359
Fra:1 Mem:355.50M (Peak 417.42M) | Time:00:01.69 | Mem:190.05M, Peak:190.05M | Scene, ViewLayer | Updating Geometry BVH Cube.360 474/710 | Building BVH
Fra:1 Mem:355.50M (Peak 417.42M) | Time:00:01.69 | Mem:190.05M, Peak:190.05M | Scene, ViewLayer | Updating Geometry BVH Cube.360 474/710 | Building mesh BLAS |     188 tris | Cube.360
Fra:1 Mem:355.50M (Peak 417.42M) | Time:00:01.69 | Mem:190.05M, Peak:190.05M | Scene, ViewLayer | Updating Geometry BVH Cube.361 475/710 | Building BVH
Fra:1 Mem:355.50M (Peak 417.42M) | Time:00:01.69 | Mem:190.05M, Peak:190.05M | Scene, ViewLayer | Updating Geometry BVH Cube.361 475/710 | Building mesh BLAS |     188 tris | Cube.361
Fra:1 Mem:355.50M (Peak 417.42M) | Time:00:01.69 | Mem:190.05M, Peak:190.05M | Scene, ViewLayer | Updating Geometry BVH Cube.362 476/710 | Building BVH
Fra:1 Mem:355.50M (Peak 417.42M) | Time:00:01.69 | Mem:190.05M, Peak:190.05M | Scene, ViewLayer | Updating Geometry BVH Cube.362 476/710 | Building mesh BLAS |     188 tris | Cube.362
Fra:1 Mem:355.50M (Peak 417.42M) | Time:00:01.69 | Mem:190.06M, Peak:190.06M | Scene, ViewLayer | Updating Geometry BVH Cube.363 477/710 | Building BVH
Fra:1 Mem:355.50M (Peak 417.42M) | Time:00:01.69 | Mem:190.07M, Peak:190.07M | Scene, ViewLayer | Updating Geometry BVH Cube.363 477/710 | Building mesh BLAS |     188 tris | Cube.358
Fra:1 Mem:355.50M (Peak 417.42M) | Time:00:01.69 | Mem:190.07M, Peak:190.07M | Scene, ViewLayer | Updating Geometry BVH Summit lantern arch.001 684/710 | Building BVH
Fra:1 Mem:355.50M (Peak 417.42M) | Time:00:01.69 | Mem:190.07M, Peak:190.07M | Scene, ViewLayer | Updating Geometry BVH Cube.364 478/710 | Building mesh BLAS |    1692 tris | Summit lantern arch.001
Fra:1 Mem:355.50M (Peak 417.42M) | Time:00:01.69 | Mem:190.07M, Peak:190.07M | Scene, ViewLayer | Updating Geometry BVH Cube.365 479/710 | Building BVH
Fra:1 Mem:355.50M (Peak 417.42M) | Time:00:01.69 | Mem:190.07M, Peak:190.07M | Scene, ViewLayer | Updating Geometry BVH Cube.365 479/710 | Building mesh BLAS |     188 tris | Cube.363
Fra:1 Mem:355.50M (Peak 417.42M) | Time:00:01.69 | Mem:190.07M, Peak:190.07M | Scene, ViewLayer | Updating Geometry BVH Cube.365 479/710 | Building mesh BLAS |     188 tris | Cube.365
Fra:1 Mem:355.50M (Peak 417.42M) | Time:00:01.69 | Mem:190.07M, Peak:190.07M | Scene, ViewLayer | Updating Geometry BVH Cube.367 481/710 | Building BVH
Fra:1 Mem:355.50M (Peak 417.42M) | Time:00:01.69 | Mem:190.07M, Peak:190.07M | Scene, ViewLayer | Updating Geometry BVH Cube.367 481/710 | Building mesh BLAS |     188 tris | Cube.366
Fra:1 Mem:355.50M (Peak 417.42M) | Time:00:01.69 | Mem:190.08M, Peak:190.08M | Scene, ViewLayer | Updating Geometry BVH Cube.368 482/710 | Building BVH
Fra:1 Mem:355.50M (Peak 417.42M) | Time:00:01.69 | Mem:190.10M, Peak:190.10M | Scene, ViewLayer | Updating Geometry BVH Cube.368 482/710 | Building mesh BLAS |     188 tris | Cube.368
Fra:1 Mem:355.50M (Peak 417.42M) | Time:00:01.69 | Mem:190.11M, Peak:190.11M | Scene, ViewLayer | Updating Geometry BVH Cube.369 483/710 | Building BVH
Fra:1 Mem:355.50M (Peak 417.42M) | Time:00:01.69 | Mem:190.12M, Peak:190.12M | Scene, ViewLayer | Updating Geometry BVH Cube.369 483/710 | Building mesh BLAS |     188 tris | Cube.369
Fra:1 Mem:355.50M (Peak 417.42M) | Time:00:01.69 | Mem:190.14M, Peak:190.14M | Scene, ViewLayer | Updating Geometry BVH Cube.371 485/710 | Building BVH
Fra:1 Mem:355.50M (Peak 417.42M) | Time:00:01.69 | Mem:190.14M, Peak:190.14M | Scene, ViewLayer | Updating Geometry BVH Cube.372 486/710 | Building mesh BLAS |     188 tris | Cube.371
Fra:1 Mem:355.50M (Peak 417.42M) | Time:00:01.69 | Mem:190.16M, Peak:190.16M | Scene, ViewLayer | Updating Geometry BVH Cube.373 487/710 | Building BVH
Fra:1 Mem:355.50M (Peak 417.42M) | Time:00:01.69 | Mem:190.18M, Peak:190.18M | Scene, ViewLayer | Updating Geometry BVH Cube.373 487/710 | Building mesh BLAS |     188 tris | Cube.373
Fra:1 Mem:355.50M (Peak 417.42M) | Time:00:01.69 | Mem:190.18M, Peak:190.18M | Scene, ViewLayer | Updating Geometry BVH Cube.374 488/710 | Building BVH
Fra:1 Mem:355.50M (Peak 417.42M) | Time:00:01.69 | Mem:190.18M, Peak:190.18M | Scene, ViewLayer | Updating Geometry BVH Cube.375 489/710 | Building BVH
Fra:1 Mem:355.50M (Peak 417.42M) | Time:00:01.69 | Mem:190.19M, Peak:190.19M | Scene, ViewLayer | Updating Geometry BVH Cube.376 490/710 | Building mesh BLAS |     188 tris | Cube.374
Fra:1 Mem:355.50M (Peak 417.42M) | Time:00:01.69 | Mem:190.19M, Peak:190.19M | Scene, ViewLayer | Updating Geometry BVH Cube.376 490/710 | Building mesh BLAS |     188 tris | Cube.375
Fra:1 Mem:355.50M (Peak 417.42M) | Time:00:01.69 | Mem:190.19M, Peak:190.19M | Scene, ViewLayer | Updating Geometry BVH Cube.376 490/710 | Building mesh BLAS |     188 tris | Cube.372
Fra:1 Mem:355.50M (Peak 417.42M) | Time:00:01.69 | Mem:190.20M, Peak:190.20M | Scene, ViewLayer | Updating Geometry BVH Cube.377 491/710 | Building BVH
Fra:1 Mem:355.50M (Peak 417.42M) | Time:00:01.69 | Mem:190.22M, Peak:190.22M | Scene, ViewLayer | Updating Geometry BVH Cube.377 491/710 | Building mesh BLAS |     188 tris | Cube.377
Fra:1 Mem:355.50M (Peak 417.42M) | Time:00:01.69 | Mem:190.22M, Peak:190.22M | Scene, ViewLayer | Updating Geometry BVH Cube.378 492/710 | Building BVH
Fra:1 Mem:355.50M (Peak 417.42M) | Time:00:01.69 | Mem:190.28M, Peak:190.28M | Scene, ViewLayer | Updating Geometry BVH Cube.378 492/710 | Building mesh BLAS |     188 tris | Cube.378
Fra:1 Mem:355.50M (Peak 417.42M) | Time:00:01.69 | Mem:190.29M, Peak:190.29M | Scene, ViewLayer | Updating Geometry BVH Cube.379 493/710 | Building BVH
Fra:1 Mem:355.50M (Peak 417.42M) | Time:00:01.69 | Mem:190.30M, Peak:190.30M | Scene, ViewLayer | Updating Geometry BVH Summit lantern arch 683/710 | Building BVH
Fra:1 Mem:355.50M (Peak 417.42M) | Time:00:01.69 | Mem:190.32M, Peak:190.32M | Scene, ViewLayer | Updating Geometry BVH Summit lantern arch 683/710 | Building mesh BLAS |     188 tris | Cube.379
Fra:1 Mem:355.50M (Peak 417.42M) | Time:00:01.69 | Mem:190.32M, Peak:190.32M | Scene, ViewLayer | Updating Geometry BVH Cube.380 494/710 | Building BVH
Fra:1 Mem:355.50M (Peak 417.42M) | Time:00:01.69 | Mem:190.33M, Peak:190.33M | Scene, ViewLayer | Updating Geometry BVH Cube.380 494/710 | Building mesh BLAS |    1692 tris | Summit lantern arch
Fra:1 Mem:355.50M (Peak 417.42M) | Time:00:01.69 | Mem:190.34M, Peak:190.34M | Scene, ViewLayer | Updating Geometry BVH Cube.380 494/710 | Building mesh BLAS |     188 tris | Cube.380
Fra:1 Mem:355.50M (Peak 417.42M) | Time:00:01.69 | Mem:190.34M, Peak:190.34M | Scene, ViewLayer | Updating Geometry BVH Cube.381 495/710 | Building BVH
Fra:1 Mem:355.50M (Peak 417.42M) | Time:00:01.69 | Mem:190.34M, Peak:190.34M | Scene, ViewLayer | Updating Geometry BVH Cube.381 495/710 | Building mesh BLAS |     188 tris | Cube.381
Fra:1 Mem:355.50M (Peak 417.42M) | Time:00:01.69 | Mem:190.34M, Peak:190.34M | Scene, ViewLayer | Updating Geometry BVH Cube.382 496/710 | Building BVH
Fra:1 Mem:355.50M (Peak 417.42M) | Time:00:01.69 | Mem:190.36M, Peak:190.36M | Scene, ViewLayer | Updating Geometry BVH Cube.382 496/710 | Building mesh BLAS |     188 tris | Cube.382
Fra:1 Mem:355.50M (Peak 417.42M) | Time:00:01.69 | Mem:190.36M, Peak:190.36M | Scene, ViewLayer | Updating Geometry BVH Cube.383 497/710 | Building BVH
Fra:1 Mem:355.50M (Peak 417.42M) | Time:00:01.69 | Mem:190.36M, Peak:190.36M | Scene, ViewLayer | Updating Geometry BVH Cube.384 498/710 | Building BVH
Fra:1 Mem:355.50M (Peak 417.42M) | Time:00:01.69 | Mem:190.36M, Peak:190.36M | Scene, ViewLayer | Updating Geometry BVH Cube.384 498/710 | Building mesh BLAS |     188 tris | Cube.383
Fra:1 Mem:355.50M (Peak 417.42M) | Time:00:01.69 | Mem:190.36M, Peak:190.36M | Scene, ViewLayer | Updating Geometry BVH Cube.385 499/710 | Building BVH
Fra:1 Mem:355.50M (Peak 417.42M) | Time:00:01.69 | Mem:190.36M, Peak:190.36M | Scene, ViewLayer | Updating Geometry BVH Cube.386 500/710 | Building BVH
Fra:1 Mem:355.50M (Peak 417.42M) | Time:00:01.69 | Mem:190.36M, Peak:190.36M | Scene, ViewLayer | Updating Geometry BVH Cube.386 500/710 | Building mesh BLAS |     188 tris | Cube.386
Fra:1 Mem:355.50M (Peak 417.42M) | Time:00:01.69 | Mem:190.36M, Peak:190.36M | Scene, ViewLayer | Updating Geometry BVH realCap_Model_2.001 502/710 | Building BVH
Fra:1 Mem:355.50M (Peak 417.42M) | Time:00:01.69 | Mem:190.37M, Peak:190.37M | Scene, ViewLayer | Updating Geometry BVH realCap_Model_2.003 503/710 | Building BVH
Fra:1 Mem:355.50M (Peak 417.42M) | Time:00:01.69 | Mem:190.38M, Peak:190.38M | Scene, ViewLayer | Updating Geometry BVH realCap_Model_2.005 505/710 | Building BVH
Fra:1 Mem:355.50M (Peak 417.42M) | Time:00:01.69 | Mem:190.38M, Peak:190.38M | Scene, ViewLayer | Updating Geometry BVH realCap_Model_2.007 506/710 | Building BVH
Fra:1 Mem:355.50M (Peak 417.42M) | Time:00:01.69 | Mem:190.38M, Peak:190.38M | Scene, ViewLayer | Updating Geometry BVH realCap_Model_2.010 508/710 | Building BVH
Fra:1 Mem:355.50M (Peak 417.42M) | Time:00:01.69 | Mem:190.38M, Peak:190.38M | Scene, ViewLayer | Updating Geometry BVH realCap_Model_2.008 507/710 | Building BVH
Fra:1 Mem:355.50M (Peak 417.42M) | Time:00:01.69 | Mem:190.38M, Peak:190.38M | Scene, ViewLayer | Updating Geometry BVH realCap_Model_2.008 507/710 | Building mesh BLAS |   13582 tris | realCap_Model_2.007
Fra:1 Mem:355.50M (Peak 417.42M) | Time:00:01.69 | Mem:190.38M, Peak:190.38M | Scene, ViewLayer | Updating Geometry BVH Refracting sea | displaced surface and enclosed volume 501/710 | Building BVH
Fra:1 Mem:355.50M (Peak 417.42M) | Time:00:01.69 | Mem:190.38M, Peak:190.38M | Scene, ViewLayer | Updating Geometry BVH Refracting sea | displaced surface and enclosed volume 501/710 | Building mesh BLAS |   13582 tris | realCap_Model_2.010
Fra:1 Mem:355.50M (Peak 417.42M) | Time:00:01.69 | Mem:190.38M, Peak:190.38M | Scene, ViewLayer | Updating Geometry BVH Refracting sea | displaced surface and enclosed volume 501/710 | Building mesh BLAS |   24910 tris | realCap_Model_2.003
Fra:1 Mem:355.50M (Peak 417.42M) | Time:00:01.69 | Mem:190.38M, Peak:190.38M | Scene, ViewLayer | Updating Geometry BVH Refracting sea | displaced surface and enclosed volume 501/710 | Building mesh BLAS |   13582 tris | realCap_Model_2.004
Fra:1 Mem:355.50M (Peak 417.42M) | Time:00:01.69 | Mem:190.38M, Peak:190.38M | Scene, ViewLayer | Updating Geometry BVH Refracting sea | displaced surface and enclosed volume 501/710 | Building mesh BLAS |   24910 tris | realCap_Model_2.008
Fra:1 Mem:355.50M (Peak 417.42M) | Time:00:01.69 | Mem:190.38M, Peak:190.38M | Scene, ViewLayer | Updating Geometry BVH Stair vault.005 682/710 | Building BVH
Fra:1 Mem:355.50M (Peak 417.42M) | Time:00:01.69 | Mem:190.38M, Peak:190.38M | Scene, ViewLayer | Updating Geometry BVH Stair vault.005 682/710 | Building mesh BLAS |     188 tris | Stair vault.005
Fra:1 Mem:355.50M (Peak 417.42M) | Time:00:01.69 | Mem:190.39M, Peak:190.39M | Scene, ViewLayer | Updating Geometry BVH realCap_Model_2.011 509/710 | Building BVH
Fra:1 Mem:355.50M (Peak 417.42M) | Time:00:01.69 | Mem:190.39M, Peak:190.39M | Scene, ViewLayer | Updating Geometry BVH realCap_Model_2.012 510/710 | Building BVH
Fra:1 Mem:355.50M (Peak 417.42M) | Time:00:01.69 | Mem:190.39M, Peak:190.39M | Scene, ViewLayer | Updating Geometry BVH realCap_Model_2.012 510/710 | Building mesh BLAS |   24792 tris | realCap_Model_2.011
Fra:1 Mem:355.50M (Peak 417.42M) | Time:00:01.69 | Mem:190.39M, Peak:190.39M | Scene, ViewLayer | Updating Geometry BVH realCap_Model_2.012 510/710 | Building mesh BLAS |   13582 tris | realCap_Model_2.012
Fra:1 Mem:355.50M (Peak 417.42M) | Time:00:01.69 | Mem:190.39M, Peak:190.39M | Scene, ViewLayer | Updating Geometry BVH realCap_Model_2.012 510/710 | Building mesh BLAS |  118078 tris | Refracting sea | displaced surface and enclosed volume
Fra:1 Mem:355.50M (Peak 417.42M) | Time:00:01.69 | Mem:190.39M, Peak:190.39M | Scene, ViewLayer | Updating Geometry BVH Sea foam following the actual rock waterline 512/710 | Building BVH
Fra:1 Mem:355.50M (Peak 417.42M) | Time:00:01.69 | Mem:190.39M, Peak:190.39M | Scene, ViewLayer | Updating Geometry BVH Stair vault 513/710 | Building BVH
Fra:1 Mem:355.50M (Peak 417.42M) | Time:00:01.69 | Mem:190.39M, Peak:190.39M | Scene, ViewLayer | Updating Geometry BVH realCap_Model_2.013 511/710 | Building mesh BLAS |    5760 tris | Sea foam following the actual rock waterline
Fra:1 Mem:355.50M (Peak 417.42M) | Time:00:01.69 | Mem:190.39M, Peak:190.39M | Scene, ViewLayer | Updating Geometry BVH realCap_Model_2.013 511/710 | Building mesh BLAS |     188 tris | Stair vault
Fra:1 Mem:355.50M (Peak 417.42M) | Time:00:01.69 | Mem:190.39M, Peak:190.39M | Scene, ViewLayer | Updating Geometry BVH realCap_Model_2.013 511/710 | Building mesh BLAS |   24910 tris | realCap_Model_2.013
Fra:1 Mem:355.50M (Peak 417.42M) | Time:00:01.70 | Mem:191.06M, Peak:191.06M | Scene, ViewLayer | Updating Geometry BVH Stair vault.001 514/710 | Building BVH
Fra:1 Mem:355.50M (Peak 417.42M) | Time:00:01.70 | Mem:191.07M, Peak:191.07M | Scene, ViewLayer | Updating Geometry BVH Stair vault.002 515/710 | Building mesh BLAS |     188 tris | Stair vault.001
Fra:1 Mem:355.50M (Peak 417.42M) | Time:00:01.70 | Mem:191.07M, Peak:191.07M | Scene, ViewLayer | Updating Geometry BVH Stair vault.003 516/710 | Building BVH
Fra:1 Mem:355.50M (Peak 417.42M) | Time:00:01.70 | Mem:191.11M, Peak:191.11M | Scene, ViewLayer | Updating Geometry BVH Sea arcade arch 517/710 | Building BVH
Fra:1 Mem:355.50M (Peak 417.42M) | Time:00:01.70 | Mem:191.13M, Peak:191.13M | Scene, ViewLayer | Updating Geometry BVH Sea arcade voussoir 518/710 | Building BVH
Fra:1 Mem:355.50M (Peak 417.42M) | Time:00:01.70 | Mem:191.15M, Peak:191.15M | Scene, ViewLayer | Updating Geometry BVH Sea arcade voussoir 518/710 | Building mesh BLAS |     188 tris | Sea arcade voussoir
Fra:1 Mem:355.50M (Peak 417.42M) | Time:00:01.70 | Mem:191.15M, Peak:191.15M | Scene, ViewLayer | Updating Geometry BVH Sea arcade voussoir.001 519/710 | Building BVH
Fra:1 Mem:355.50M (Peak 417.42M) | Time:00:01.70 | Mem:191.15M, Peak:191.15M | Scene, ViewLayer | Updating Geometry BVH Sea arcade voussoir.001 519/710 | Building mesh BLAS |     188 tris | Sea arcade voussoir.001
Fra:1 Mem:355.50M (Peak 417.42M) | Time:00:01.70 | Mem:191.16M, Peak:191.16M | Scene, ViewLayer | Updating Geometry BVH Sea arcade voussoir.001 519/710 | Building mesh BLAS |     712 tris | Stair vault.003
Fra:1 Mem:355.50M (Peak 417.42M) | Time:00:01.70 | Mem:191.16M, Peak:191.16M | Scene, ViewLayer | Updating Geometry BVH Sea arcade voussoir.003 521/710 | Building BVH
Fra:1 Mem:355.50M (Peak 417.42M) | Time:00:01.70 | Mem:191.16M, Peak:191.16M | Scene, ViewLayer | Updating Geometry BVH Sea arcade voussoir.004 522/710 | Building BVH
Fra:1 Mem:355.50M (Peak 417.42M) | Time:00:01.70 | Mem:191.16M, Peak:191.16M | Scene, ViewLayer | Updating Geometry BVH Sea arcade voussoir.005 523/710 | Building mesh BLAS |     188 tris | Sea arcade voussoir.003
Fra:1 Mem:355.50M (Peak 417.42M) | Time:00:01.70 | Mem:191.16M, Peak:191.16M | Scene, ViewLayer | Updating Geometry BVH High cliff bridge voussoir.016 681/710 | Building BVH
Fra:1 Mem:355.50M (Peak 417.42M) | Time:00:01.70 | Mem:191.16M, Peak:191.16M | Scene, ViewLayer | Updating Geometry BVH Sea arcade voussoir.006 524/710 | Building BVH
Fra:1 Mem:355.50M (Peak 417.42M) | Time:00:01.70 | Mem:191.16M, Peak:191.16M | Scene, ViewLayer | Updating Geometry BVH Sea arcade voussoir.006 524/710 | Building mesh BLAS |     188 tris | High cliff bridge voussoir.016
Fra:1 Mem:355.50M (Peak 417.42M) | Time:00:01.70 | Mem:191.16M, Peak:191.16M | Scene, ViewLayer | Updating Geometry BVH Sea arcade voussoir.006 524/710 | Building mesh BLAS |     188 tris | Sea arcade voussoir.006
Fra:1 Mem:355.50M (Peak 417.42M) | Time:00:01.70 | Mem:191.16M, Peak:191.16M | Scene, ViewLayer | Updating Geometry BVH Sea arcade voussoir.007 525/710 | Building BVH
Fra:1 Mem:355.50M (Peak 417.42M) | Time:00:01.70 | Mem:191.16M, Peak:191.16M | Scene, ViewLayer | Updating Geometry BVH Sea arcade voussoir.007 525/710 | Building mesh BLAS |     188 tris | Sea arcade voussoir.004
Fra:1 Mem:355.50M (Peak 417.42M) | Time:00:01.70 | Mem:191.16M, Peak:191.16M | Scene, ViewLayer | Updating Geometry BVH Sea arcade voussoir.007 525/710 | Building mesh BLAS |     188 tris | Sea arcade voussoir.005
Fra:1 Mem:355.50M (Peak 417.42M) | Time:00:01.70 | Mem:191.16M, Peak:191.16M | Scene, ViewLayer | Updating Geometry BVH Sea arcade voussoir.007 525/710 | Building mesh BLAS |     188 tris | Sea arcade voussoir.002
Fra:1 Mem:355.50M (Peak 417.42M) | Time:00:01.70 | Mem:191.16M, Peak:191.16M | Scene, ViewLayer | Updating Geometry BVH Sea arcade voussoir.007 525/710 | Building mesh BLAS |     188 tris | Sea arcade voussoir.007
Fra:1 Mem:355.50M (Peak 417.42M) | Time:00:01.70 | Mem:191.16M, Peak:191.16M | Scene, ViewLayer | Updating Geometry BVH Sea arcade voussoir.008 526/710 | Building BVH
Fra:1 Mem:355.50M (Peak 417.42M) | Time:00:01.70 | Mem:191.16M, Peak:191.16M | Scene, ViewLayer | Updating Geometry BVH Sea arcade voussoir.008 526/710 | Building mesh BLAS |     188 tris | Sea arcade voussoir.008
Fra:1 Mem:355.50M (Peak 417.42M) | Time:00:01.70 | Mem:191.18M, Peak:191.18M | Scene, ViewLayer | Updating Geometry BVH Sea arcade voussoir.009 527/710 | Building BVH
Fra:1 Mem:355.50M (Peak 417.42M) | Time:00:01.70 | Mem:191.18M, Peak:191.18M | Scene, ViewLayer | Updating Geometry BVH Sea arcade voussoir.010 528/710 | Building BVH
Fra:1 Mem:355.50M (Peak 417.42M) | Time:00:01.70 | Mem:191.18M, Peak:191.18M | Scene, ViewLayer | Updating Geometry BVH Sea arcade voussoir.010 528/710 | Building mesh BLAS |     188 tris | Sea arcade voussoir.010
Fra:1 Mem:355.50M (Peak 417.42M) | Time:00:01.70 | Mem:191.18M, Peak:191.18M | Scene, ViewLayer | Updating Geometry BVH Sea arcade voussoir.011 529/710 | Building BVH
Fra:1 Mem:355.50M (Peak 417.42M) | Time:00:01.70 | Mem:191.19M, Peak:191.19M | Scene, ViewLayer | Updating Geometry BVH Sea arcade voussoir.011 529/710 | Building mesh BLAS |     188 tris | Sea arcade voussoir.011
Fra:1 Mem:355.50M (Peak 417.42M) | Time:00:01.70 | Mem:191.19M, Peak:191.19M | Scene, ViewLayer | Updating Geometry BVH Sea arcade voussoir.012 530/710 | Building BVH
Fra:1 Mem:355.50M (Peak 417.42M) | Time:00:01.70 | Mem:191.20M, Peak:191.20M | Scene, ViewLayer | Updating Geometry BVH Sea arcade voussoir.012 530/710 | Building mesh BLAS |     188 tris | Sea arcade voussoir.012
Fra:1 Mem:355.50M (Peak 417.42M) | Time:00:01.70 | Mem:191.33M, Peak:191.33M | Scene, ViewLayer | Updating Geometry BVH Sea arcade voussoir.013 531/710 | Building BVH
Fra:1 Mem:355.50M (Peak 417.42M) | Time:00:01.70 | Mem:191.33M, Peak:191.33M | Scene, ViewLayer | Updating Geometry BVH Sea arcade voussoir.013 531/710 | Building mesh BLAS |     188 tris | Sea arcade voussoir.013
Fra:1 Mem:355.50M (Peak 417.42M) | Time:00:01.70 | Mem:191.33M, Peak:191.33M | Scene, ViewLayer | Updating Geometry BVH Sea arcade voussoir.014 532/710 | Building BVH
Fra:1 Mem:355.50M (Peak 417.42M) | Time:00:01.70 | Mem:191.33M, Peak:191.33M | Scene, ViewLayer | Updating Geometry BVH Sea arcade voussoir.014 532/710 | Building mesh BLAS |     188 tris | Sea arcade voussoir.014
Fra:1 Mem:355.50M (Peak 417.42M) | Time:00:01.70 | Mem:191.33M, Peak:191.33M | Scene, ViewLayer | Updating Geometry BVH Sea arcade voussoir.015 533/710 | Building BVH
Fra:1 Mem:355.50M (Peak 417.42M) | Time:00:01.70 | Mem:191.33M, Peak:191.33M | Scene, ViewLayer | Updating Geometry BVH Sea arcade voussoir.015 533/710 | Building mesh BLAS |     188 tris | Sea arcade voussoir.015
Fra:1 Mem:355.50M (Peak 417.42M) | Time:00:01.70 | Mem:191.35M, Peak:191.35M | Scene, ViewLayer | Updating Geometry BVH Sea arcade voussoir.016 534/710 | Building BVH
Fra:1 Mem:355.50M (Peak 417.42M) | Time:00:01.70 | Mem:191.35M, Peak:191.35M | Scene, ViewLayer | Updating Geometry BVH Sea arcade arch.001 535/710 | Building mesh BLAS |     188 tris | Sea arcade voussoir.016
Fra:1 Mem:355.50M (Peak 417.42M) | Time:00:01.70 | Mem:191.35M, Peak:191.35M | Scene, ViewLayer | Updating Geometry BVH Sea arcade voussoir.017 536/710 | Building BVH
Fra:1 Mem:355.50M (Peak 417.42M) | Time:00:01.70 | Mem:191.35M, Peak:191.35M | Scene, ViewLayer | Updating Geometry BVH Sea arcade voussoir.017 536/710 | Building mesh BLAS |     188 tris | Sea arcade voussoir.017
Fra:1 Mem:355.50M (Peak 417.42M) | Time:00:01.70 | Mem:191.35M, Peak:191.35M | Scene, ViewLayer | Updating Geometry BVH Sea arcade voussoir.017 536/710 | Building mesh BLAS |    1692 tris | Sea arcade arch.001
Fra:1 Mem:355.50M (Peak 417.42M) | Time:00:01.70 | Mem:191.35M, Peak:191.35M | Scene, ViewLayer | Updating Geometry BVH Sea arcade voussoir.018 537/710 | Building BVH
Fra:1 Mem:355.50M (Peak 417.42M) | Time:00:01.70 | Mem:191.35M, Peak:191.35M | Scene, ViewLayer | Updating Geometry BVH Sea arcade voussoir.018 537/710 | Building mesh BLAS |     188 tris | Sea arcade voussoir.018
Fra:1 Mem:355.50M (Peak 417.42M) | Time:00:01.70 | Mem:191.35M, Peak:191.35M | Scene, ViewLayer | Updating Geometry BVH Sea arcade voussoir.019 538/710 | Building BVH
Fra:1 Mem:355.50M (Peak 417.42M) | Time:00:01.70 | Mem:191.35M, Peak:191.35M | Scene, ViewLayer | Updating Geometry BVH Sea arcade voussoir.019 538/710 | Building mesh BLAS |     188 tris | Sea arcade voussoir.019
Fra:1 Mem:355.50M (Peak 417.42M) | Time:00:01.70 | Mem:191.35M, Peak:191.35M | Scene, ViewLayer | Updating Geometry BVH Sea arcade voussoir.020 539/710 | Building BVH
Fra:1 Mem:355.50M (Peak 417.42M) | Time:00:01.70 | Mem:191.35M, Peak:191.35M | Scene, ViewLayer | Updating Geometry BVH Sea arcade voussoir.020 539/710 | Building mesh BLAS |     188 tris | Sea arcade voussoir.020
Fra:1 Mem:355.50M (Peak 417.42M) | Time:00:01.70 | Mem:191.35M, Peak:191.35M | Scene, ViewLayer | Updating Geometry BVH Sea arcade voussoir.021 540/710 | Building BVH
Fra:1 Mem:355.50M (Peak 417.42M) | Time:00:01.70 | Mem:191.35M, Peak:191.35M | Scene, ViewLayer | Updating Geometry BVH High cliff bridge voussoir.015 680/710 | Building BVH
Fra:1 Mem:355.50M (Peak 417.42M) | Time:00:01.70 | Mem:191.35M, Peak:191.35M | Scene, ViewLayer | Updating Geometry BVH High cliff bridge voussoir.015 680/710 | Building mesh BLAS |     188 tris | High cliff bridge voussoir.015
Fra:1 Mem:355.50M (Peak 417.42M) | Time:00:01.70 | Mem:191.37M, Peak:191.37M | Scene, ViewLayer | Updating Geometry BVH Sea arcade voussoir.022 541/710 | Building BVH
Fra:1 Mem:355.50M (Peak 417.42M) | Time:00:01.70 | Mem:191.37M, Peak:191.37M | Scene, ViewLayer | Updating Geometry BVH Sea arcade voussoir.024 543/710 | Building BVH
Fra:1 Mem:355.50M (Peak 417.42M) | Time:00:01.70 | Mem:191.37M, Peak:191.37M | Scene, ViewLayer | Updating Geometry BVH Sea arcade voussoir.024 543/710 | Building mesh BLAS |     188 tris | Sea arcade voussoir.022
Fra:1 Mem:355.50M (Peak 417.42M) | Time:00:01.70 | Mem:191.38M, Peak:191.38M | Scene, ViewLayer | Updating Geometry BVH Sea arcade voussoir.024 543/710 | Building mesh BLAS |     188 tris | Sea arcade voussoir.024
Fra:1 Mem:355.50M (Peak 417.42M) | Time:00:01.70 | Mem:191.39M, Peak:191.39M | Scene, ViewLayer | Updating Geometry BVH Sea arcade voussoir.024 543/710 | Building mesh BLAS |     188 tris | Sea arcade voussoir.023
Fra:1 Mem:355.50M (Peak 417.42M) | Time:00:01.70 | Mem:191.39M, Peak:191.39M | Scene, ViewLayer | Updating Geometry BVH Sea arcade voussoir.025 544/710 | Building BVH
Fra:1 Mem:355.50M (Peak 417.42M) | Time:00:01.70 | Mem:191.40M, Peak:191.40M | Scene, ViewLayer | Updating Geometry BVH Sea arcade voussoir.025 544/710 | Building mesh BLAS |     188 tris | Sea arcade voussoir.025
Fra:1 Mem:355.51M (Peak 417.42M) | Time:00:01.70 | Mem:191.40M, Peak:191.40M | Scene, ViewLayer | Updating Geometry BVH Sea arcade voussoir.026 545/710 | Building BVH
Fra:1 Mem:355.51M (Peak 417.42M) | Time:00:01.70 | Mem:191.40M, Peak:191.40M | Scene, ViewLayer | Updating Geometry BVH Sea arcade voussoir.026 545/710 | Building mesh BLAS |     188 tris | Sea arcade voussoir.026
Fra:1 Mem:355.51M (Peak 417.42M) | Time:00:01.71 | Mem:191.45M, Peak:191.45M | Scene, ViewLayer | Updating Geometry BVH Sea arcade voussoir.027 546/710 | Building BVH
Fra:1 Mem:355.51M (Peak 417.42M) | Time:00:01.71 | Mem:191.45M, Peak:191.45M | Scene, ViewLayer | Updating Geometry BVH Sea arcade voussoir.027 546/710 | Building mesh BLAS |     188 tris | Sea arcade voussoir.027
Fra:1 Mem:355.51M (Peak 417.42M) | Time:00:01.71 | Mem:191.48M, Peak:191.48M | Scene, ViewLayer | Updating Geometry BVH Sea arcade voussoir.028 547/710 | Building BVH
Fra:1 Mem:355.51M (Peak 417.42M) | Time:00:01.71 | Mem:191.48M, Peak:191.48M | Scene, ViewLayer | Updating Geometry BVH Sea arcade voussoir.028 547/710 | Building mesh BLAS |     188 tris | Sea arcade voussoir.028
Fra:1 Mem:355.51M (Peak 417.42M) | Time:00:01.71 | Mem:191.48M, Peak:191.48M | Scene, ViewLayer | Updating Geometry BVH Sea arcade voussoir.029 548/710 | Building BVH
Fra:1 Mem:355.51M (Peak 417.42M) | Time:00:01.71 | Mem:191.48M, Peak:191.48M | Scene, ViewLayer | Updating Geometry BVH Sea arcade voussoir.030 549/710 | Building mesh BLAS |     188 tris | Sea arcade voussoir.029
Fra:1 Mem:355.51M (Peak 417.42M) | Time:00:01.71 | Mem:191.48M, Peak:191.48M | Scene, ViewLayer | Updating Geometry BVH Sea arcade voussoir.031 550/710 | Building BVH
Fra:1 Mem:355.51M (Peak 417.42M) | Time:00:01.71 | Mem:191.48M, Peak:191.48M | Scene, ViewLayer | Updating Geometry BVH Sea arcade voussoir.033 552/710 | Building BVH
Fra:1 Mem:355.51M (Peak 417.42M) | Time:00:01.71 | Mem:191.48M, Peak:191.48M | Scene, ViewLayer | Updating Geometry BVH Sea arcade voussoir.033 552/710 | Building mesh BLAS |     188 tris | Sea arcade voussoir.031
Fra:1 Mem:355.51M (Peak 417.42M) | Time:00:01.71 | Mem:191.48M, Peak:191.48M | Scene, ViewLayer | Updating Geometry BVH Sea arcade voussoir.033 552/710 | Building mesh BLAS |     188 tris | Sea arcade voussoir.032
Fra:1 Mem:355.51M (Peak 417.42M) | Time:00:01.71 | Mem:191.48M, Peak:191.48M | Scene, ViewLayer | Updating Geometry BVH Sea arcade voussoir.033 552/710 | Building mesh BLAS |     188 tris | Sea arcade voussoir.033
Fra:1 Mem:355.51M (Peak 417.42M) | Time:00:01.71 | Mem:191.48M, Peak:191.48M | Scene, ViewLayer | Updating Geometry BVH Sea arcade voussoir.033 552/710 | Building mesh BLAS |     188 tris | Sea arcade voussoir.030
Fra:1 Mem:355.51M (Peak 417.42M) | Time:00:01.71 | Mem:191.48M, Peak:191.48M | Scene, ViewLayer | Updating Geometry BVH Sea arcade arch.002 553/710 | Building BVH
Fra:1 Mem:355.51M (Peak 417.42M) | Time:00:01.71 | Mem:191.48M, Peak:191.48M | Scene, ViewLayer | Updating Geometry BVH Sea arcade voussoir.034 554/710 | Building BVH
Fra:1 Mem:355.51M (Peak 417.42M) | Time:00:01.71 | Mem:191.48M, Peak:191.48M | Scene, ViewLayer | Updating Geometry BVH Sea arcade voussoir.034 554/710 | Building mesh BLAS |    1692 tris | Sea arcade arch.002
Fra:1 Mem:355.51M (Peak 417.42M) | Time:00:01.71 | Mem:191.48M, Peak:191.48M | Scene, ViewLayer | Updating Geometry BVH Sea arcade voussoir.034 554/710 | Building mesh BLAS |     188 tris | Sea arcade voussoir.034
Fra:1 Mem:355.51M (Peak 417.42M) | Time:00:01.71 | Mem:191.48M, Peak:191.48M | Scene, ViewLayer | Updating Geometry BVH Sea arcade voussoir.035 555/710 | Building BVH
Fra:1 Mem:355.51M (Peak 417.42M) | Time:00:01.71 | Mem:191.48M, Peak:191.48M | Scene, ViewLayer | Updating Geometry BVH Sea arcade voussoir.035 555/710 | Building mesh BLAS |     188 tris | Sea arcade voussoir.035
Fra:1 Mem:355.51M (Peak 417.42M) | Time:00:01.71 | Mem:191.59M, Peak:191.59M | Scene, ViewLayer | Updating Geometry BVH Sea arcade voussoir.036 556/710 | Building BVH
Fra:1 Mem:355.51M (Peak 417.42M) | Time:00:01.71 | Mem:191.59M, Peak:191.59M | Scene, ViewLayer | Updating Geometry BVH High cliff bridge voussoir.014 679/710 | Building BVH
Fra:1 Mem:355.51M (Peak 417.42M) | Time:00:01.71 | Mem:191.59M, Peak:191.59M | Scene, ViewLayer | Updating Geometry BVH High cliff bridge voussoir.014 679/710 | Building mesh BLAS |     188 tris | Sea arcade voussoir.036
Fra:1 Mem:355.51M (Peak 417.42M) | Time:00:01.71 | Mem:191.59M, Peak:191.59M | Scene, ViewLayer | Updating Geometry BVH High cliff bridge voussoir.014 679/710 | Building mesh BLAS |     188 tris | High cliff bridge voussoir.014
Fra:1 Mem:355.51M (Peak 417.42M) | Time:00:01.71 | Mem:191.62M, Peak:191.62M | Scene, ViewLayer | Updating Geometry BVH Sea arcade voussoir.037 557/710 | Building BVH
Fra:1 Mem:355.51M (Peak 417.42M) | Time:00:01.71 | Mem:191.62M, Peak:191.62M | Scene, ViewLayer | Updating Geometry BVH Sea arcade voussoir.037 557/710 | Building mesh BLAS |     188 tris | Sea arcade voussoir.037
Fra:1 Mem:355.51M (Peak 417.42M) | Time:00:01.71 | Mem:191.62M, Peak:191.62M | Scene, ViewLayer | Updating Geometry BVH Sea arcade voussoir.038 558/710 | Building BVH
Fra:1 Mem:355.51M (Peak 417.42M) | Time:00:01.71 | Mem:191.62M, Peak:191.62M | Scene, ViewLayer | Updating Geometry BVH Sea arcade voussoir.038 558/710 | Building mesh BLAS |     188 tris | Sea arcade voussoir.038
Fra:1 Mem:355.51M (Peak 417.42M) | Time:00:01.71 | Mem:191.62M, Peak:191.62M | Scene, ViewLayer | Updating Geometry BVH Sea arcade voussoir.039 559/710 | Building BVH
Fra:1 Mem:355.51M (Peak 417.42M) | Time:00:01.71 | Mem:191.62M, Peak:191.62M | Scene, ViewLayer | Updating Geometry BVH Sea arcade voussoir.039 559/710 | Building mesh BLAS |     188 tris | Sea arcade voussoir.039
Fra:1 Mem:355.51M (Peak 417.42M) | Time:00:01.71 | Mem:191.62M, Peak:191.62M | Scene, ViewLayer | Updating Geometry BVH Sea arcade voussoir.040 560/710 | Building BVH
Fra:1 Mem:355.51M (Peak 417.42M) | Time:00:01.71 | Mem:191.62M, Peak:191.62M | Scene, ViewLayer | Updating Geometry BVH Sea arcade voussoir.040 560/710 | Building mesh BLAS |     188 tris | Sea arcade voussoir.040
Fra:1 Mem:355.51M (Peak 417.42M) | Time:00:01.71 | Mem:191.65M, Peak:191.65M | Scene, ViewLayer | Updating Geometry BVH Sea arcade voussoir.041 561/710 | Building BVH
Fra:1 Mem:355.51M (Peak 417.42M) | Time:00:01.71 | Mem:191.66M, Peak:191.66M | Scene, ViewLayer | Updating Geometry BVH Sea arcade voussoir.042 562/710 | Building BVH
Fra:1 Mem:355.51M (Peak 417.42M) | Time:00:01.71 | Mem:191.69M, Peak:191.69M | Scene, ViewLayer | Updating Geometry BVH Sea arcade voussoir.042 562/710 | Building mesh BLAS |     188 tris | Sea arcade voussoir.042
Fra:1 Mem:355.51M (Peak 417.42M) | Time:00:01.71 | Mem:191.70M, Peak:191.70M | Scene, ViewLayer | Updating Geometry BVH Sea arcade voussoir.044 564/710 | Building BVH
Fra:1 Mem:355.51M (Peak 417.42M) | Time:00:01.71 | Mem:191.71M, Peak:191.71M | Scene, ViewLayer | Updating Geometry BVH Sea arcade voussoir.043 563/710 | Building mesh BLAS |     188 tris | Sea arcade voussoir.044
Fra:1 Mem:355.51M (Peak 417.42M) | Time:00:01.71 | Mem:191.71M, Peak:191.71M | Scene, ViewLayer | Updating Geometry BVH Sea arcade voussoir.045 565/710 | Building BVH
Fra:1 Mem:355.51M (Peak 417.42M) | Time:00:01.71 | Mem:191.71M, Peak:191.71M | Scene, ViewLayer | Updating Geometry BVH Sea arcade voussoir.046 566/710 | Building BVH
Fra:1 Mem:355.51M (Peak 417.42M) | Time:00:01.71 | Mem:191.71M, Peak:191.71M | Scene, ViewLayer | Updating Geometry BVH Sea arcade voussoir.047 567/710 | Building mesh BLAS |     188 tris | Sea arcade voussoir.046
Fra:1 Mem:355.51M (Peak 417.42M) | Time:00:01.71 | Mem:191.71M, Peak:191.71M | Scene, ViewLayer | Updating Geometry BVH Sea arcade voussoir.048 568/710 | Building BVH
Fra:1 Mem:355.51M (Peak 417.42M) | Time:00:01.71 | Mem:191.71M, Peak:191.71M | Scene, ViewLayer | Updating Geometry BVH Sea arcade voussoir.048 568/710 | Building mesh BLAS |     188 tris | Sea arcade voussoir.043
Fra:1 Mem:355.51M (Peak 417.42M) | Time:00:01.71 | Mem:191.71M, Peak:191.71M | Scene, ViewLayer | Updating Geometry BVH Sea arcade voussoir.048 568/710 | Building mesh BLAS |     188 tris | Sea arcade voussoir.048
Fra:1 Mem:355.51M (Peak 417.42M) | Time:00:01.71 | Mem:191.71M, Peak:191.71M | Scene, ViewLayer | Updating Geometry BVH Sea arcade voussoir.048 568/710 | Building mesh BLAS |     188 tris | Sea arcade voussoir.047
Fra:1 Mem:355.51M (Peak 417.42M) | Time:00:01.71 | Mem:191.71M, Peak:191.71M | Scene, ViewLayer | Updating Geometry BVH Sea arcade voussoir.049 569/710 | Building BVH
Fra:1 Mem:355.51M (Peak 417.42M) | Time:00:01.71 | Mem:191.71M, Peak:191.71M | Scene, ViewLayer | Updating Geometry BVH Sea arcade voussoir.050 570/710 | Building BVH
Fra:1 Mem:355.51M (Peak 417.42M) | Time:00:01.71 | Mem:191.71M, Peak:191.71M | Scene, ViewLayer | Updating Geometry BVH Sea arcade voussoir.050 570/710 | Building mesh BLAS |     188 tris | Sea arcade voussoir.050
Fra:1 Mem:355.51M (Peak 417.42M) | Time:00:01.71 | Mem:191.71M, Peak:191.71M | Scene, ViewLayer | Updating Geometry BVH Stair vault.004 571/710 | Building BVH
Fra:1 Mem:355.51M (Peak 417.42M) | Time:00:01.71 | Mem:191.72M, Peak:191.72M | Scene, ViewLayer | Updating Geometry BVH Stair vault.004 571/710 | Building mesh BLAS |     188 tris | Stair vault.004
Fra:1 Mem:355.51M (Peak 417.42M) | Time:00:01.71 | Mem:191.85M, Peak:191.85M | Scene, ViewLayer | Updating Geometry BVH Arrival shrine arch 572/710 | Building BVH
Fra:1 Mem:355.51M (Peak 417.42M) | Time:00:01.71 | Mem:191.87M, Peak:191.87M | Scene, ViewLayer | Updating Geometry BVH High cliff bridge voussoir.013 678/710 | Building BVH
Fra:1 Mem:355.51M (Peak 417.42M) | Time:00:01.71 | Mem:191.88M, Peak:191.88M | Scene, ViewLayer | Updating Geometry BVH High cliff bridge voussoir.013 678/710 | Building mesh BLAS |    1692 tris | Arrival shrine arch
Fra:1 Mem:355.51M (Peak 417.42M) | Time:00:01.71 | Mem:191.88M, Peak:191.88M | Scene, ViewLayer | Updating Geometry BVH Arrival shrine arch.001 573/710 | Building BVH
Fra:1 Mem:355.51M (Peak 417.42M) | Time:00:01.71 | Mem:191.88M, Peak:191.88M | Scene, ViewLayer | Updating Geometry BVH Arrival shrine arch.003 575/710 | Building BVH
Fra:1 Mem:355.51M (Peak 417.42M) | Time:00:01.71 | Mem:191.88M, Peak:191.88M | Scene, ViewLayer | Updating Geometry BVH Arrival shrine arch.003 575/710 | Building mesh BLAS |    1692 tris | Arrival shrine arch.001
Fra:1 Mem:355.51M (Peak 417.42M) | Time:00:01.71 | Mem:191.88M, Peak:191.88M | Scene, ViewLayer | Updating Geometry BVH Arrival shrine arch.003 575/710 | Building mesh BLAS |    1692 tris | Arrival shrine arch.003
Fra:1 Mem:355.51M (Peak 417.42M) | Time:00:01.71 | Mem:191.88M, Peak:191.88M | Scene, ViewLayer | Updating Geometry BVH Arrival shrine arch.003 575/710 | Building mesh BLAS |    1692 tris | Arrival shrine arch.002
Fra:1 Mem:355.51M (Peak 417.42M) | Time:00:01.71 | Mem:191.88M, Peak:191.88M | Scene, ViewLayer | Updating Geometry BVH Arrival shrine copper dome 576/710 | Building BVH
Fra:1 Mem:355.51M (Peak 417.42M) | Time:00:01.71 | Mem:191.90M, Peak:191.90M | Scene, ViewLayer | Updating Geometry BVH Raised standing seam 577/710 | Building BVH
Fra:1 Mem:355.51M (Peak 417.42M) | Time:00:01.71 | Mem:191.90M, Peak:191.90M | Scene, ViewLayer | Updating Geometry BVH Raised standing seam 577/710 | Building mesh BLAS |   13824 tris | Arrival shrine copper dome
Fra:1 Mem:355.51M (Peak 417.42M) | Time:00:01.71 | Mem:191.90M, Peak:191.90M | Scene, ViewLayer | Updating Geometry BVH Raised standing seam 577/710 | Building mesh BLAS |    1152 tris | Raised standing seam
Fra:1 Mem:355.51M (Peak 417.42M) | Time:00:01.71 | Mem:191.90M, Peak:191.90M | Scene, ViewLayer | Updating Geometry BVH Raised standing seam.001 578/710 | Building BVH
Fra:1 Mem:355.51M (Peak 417.42M) | Time:00:01.71 | Mem:191.90M, Peak:191.90M | Scene, ViewLayer | Updating Geometry BVH Raised standing seam.002 579/710 | Building BVH
Fra:1 Mem:355.51M (Peak 417.42M) | Time:00:01.71 | Mem:191.90M, Peak:191.90M | Scene, ViewLayer | Updating Geometry BVH Raised standing seam.002 579/710 | Building mesh BLAS |    1152 tris | Raised standing seam.001
Fra:1 Mem:355.51M (Peak 417.42M) | Time:00:01.71 | Mem:191.90M, Peak:191.90M | Scene, ViewLayer | Updating Geometry BVH Raised standing seam.002 579/710 | Building mesh BLAS |    1152 tris | Raised standing seam.002
Fra:1 Mem:355.51M (Peak 417.42M) | Time:00:01.71 | Mem:191.93M, Peak:191.93M | Scene, ViewLayer | Updating Geometry BVH Raised standing seam.003 580/710 | Building BVH
Fra:1 Mem:355.51M (Peak 417.42M) | Time:00:01.71 | Mem:191.94M, Peak:191.94M | Scene, ViewLayer | Updating Geometry BVH Raised standing seam.003 580/710 | Building mesh BLAS |    1152 tris | Raised standing seam.003
Fra:1 Mem:355.51M (Peak 417.42M) | Time:00:01.71 | Mem:192.08M, Peak:192.08M | Scene, ViewLayer | Updating Geometry BVH Raised standing seam.004 581/710 | Building BVH
Fra:1 Mem:355.51M (Peak 417.42M) | Time:00:01.71 | Mem:192.09M, Peak:192.09M | Scene, ViewLayer | Updating Geometry BVH Raised standing seam.004 581/710 | Building mesh BLAS |    1152 tris | Raised standing seam.004
Fra:1 Mem:355.51M (Peak 417.42M) | Time:00:01.71 | Mem:192.95M, Peak:192.95M | Scene, ViewLayer | Updating Geometry BVH Raised standing seam.005 582/710 | Building BVH
Fra:1 Mem:355.51M (Peak 417.42M) | Time:00:01.71 | Mem:192.95M, Peak:192.95M | Scene, ViewLayer | Updating Geometry BVH Raised standing seam.005 582/710 | Building mesh BLAS |    1152 tris | Raised standing seam.005
Fra:1 Mem:355.51M (Peak 417.42M) | Time:00:01.71 | Mem:192.95M, Peak:192.95M | Scene, ViewLayer | Updating Geometry BVH Raised standing seam.006 583/710 | Building BVH
Fra:1 Mem:355.51M (Peak 417.42M) | Time:00:01.71 | Mem:192.95M, Peak:192.95M | Scene, ViewLayer | Updating Geometry BVH Raised standing seam.006 583/710 | Building mesh BLAS |    1152 tris | Raised standing seam.006
Fra:1 Mem:355.51M (Peak 417.42M) | Time:00:01.72 | Mem:192.95M, Peak:192.95M | Scene, ViewLayer | Updating Geometry BVH Raised standing seam.007 584/710 | Building BVH
Fra:1 Mem:355.51M (Peak 417.42M) | Time:00:01.72 | Mem:192.95M, Peak:192.95M | Scene, ViewLayer | Updating Geometry BVH Raised standing seam.007 584/710 | Building mesh BLAS |    1152 tris | Raised standing seam.007
Fra:1 Mem:355.51M (Peak 417.42M) | Time:00:01.72 | Mem:192.95M, Peak:192.95M | Scene, ViewLayer | Updating Geometry BVH Raised standing seam.008 585/710 | Building BVH
Fra:1 Mem:355.51M (Peak 417.42M) | Time:00:01.72 | Mem:192.95M, Peak:192.95M | Scene, ViewLayer | Updating Geometry BVH Raised standing seam.009 586/710 | Building BVH
Fra:1 Mem:355.51M (Peak 417.42M) | Time:00:01.72 | Mem:192.95M, Peak:192.95M | Scene, ViewLayer | Updating Geometry BVH Raised standing seam.010 587/710 | Building mesh BLAS |    1152 tris | Raised standing seam.008
Fra:1 Mem:355.51M (Peak 417.42M) | Time:00:01.72 | Mem:192.95M, Peak:192.95M | Scene, ViewLayer | Updating Geometry BVH Raised standing seam.010 587/710 | Building mesh BLAS |    1152 tris | Raised standing seam.009
Fra:1 Mem:355.51M (Peak 417.42M) | Time:00:01.72 | Mem:192.95M, Peak:192.95M | Scene, ViewLayer | Updating Geometry BVH Raised standing seam.011 588/710 | Building BVH
Fra:1 Mem:355.51M (Peak 417.42M) | Time:00:01.72 | Mem:192.95M, Peak:192.95M | Scene, ViewLayer | Updating Geometry BVH Raised standing seam.011 588/710 | Building mesh BLAS |    1152 tris | Raised standing seam.011
Fra:1 Mem:355.51M (Peak 417.42M) | Time:00:01.72 | Mem:192.95M, Peak:192.95M | Scene, ViewLayer | Updating Geometry BVH Raised standing seam.012 589/710 | Building BVH
Fra:1 Mem:355.51M (Peak 417.42M) | Time:00:01.72 | Mem:192.95M, Peak:192.95M | Scene, ViewLayer | Updating Geometry BVH Raised standing seam.012 589/710 | Building mesh BLAS |    1152 tris | Raised standing seam.012
Fra:1 Mem:355.51M (Peak 417.42M) | Time:00:01.72 | Mem:192.95M, Peak:192.95M | Scene, ViewLayer | Updating Geometry BVH High cliff bridge voussoir.012 677/710 | Building BVH
Fra:1 Mem:355.51M (Peak 417.42M) | Time:00:01.72 | Mem:192.95M, Peak:192.95M | Scene, ViewLayer | Updating Geometry BVH High cliff bridge voussoir.012 677/710 | Building mesh BLAS |     188 tris | High cliff bridge voussoir.012
Fra:1 Mem:355.51M (Peak 417.42M) | Time:00:01.72 | Mem:195.24M, Peak:195.24M | Scene, ViewLayer | Updating Geometry BVH High cliff bridge voussoir.012 677/710 | Building mesh BLAS |    1152 tris | Raised standing seam.010
Fra:1 Mem:355.51M (Peak 417.42M) | Time:00:01.72 | Mem:198.35M, Peak:198.35M | Scene, ViewLayer | Updating Geometry BVH Raised standing seam.013 590/710 | Building BVH
Fra:1 Mem:355.51M (Peak 417.42M) | Time:00:01.72 | Mem:198.35M, Peak:198.35M | Scene, ViewLayer | Updating Geometry BVH Raised standing seam.013 590/710 | Building mesh BLAS |    1152 tris | Raised standing seam.013
Fra:1 Mem:355.51M (Peak 417.42M) | Time:00:01.72 | Mem:198.35M, Peak:198.35M | Scene, ViewLayer | Updating Geometry BVH Raised standing seam.014 591/710 | Building BVH
Fra:1 Mem:355.51M (Peak 417.42M) | Time:00:01.72 | Mem:199.81M, Peak:199.81M | Scene, ViewLayer | Updating Geometry BVH Raised standing seam.014 591/710 | Building mesh BLAS |    1152 tris | Raised standing seam.014
Fra:1 Mem:355.51M (Peak 417.42M) | Time:00:01.72 | Mem:199.81M, Peak:199.81M | Scene, ViewLayer | Updating Geometry BVH Raised standing seam.015 592/710 | Building BVH
Fra:1 Mem:355.51M (Peak 417.42M) | Time:00:01.72 | Mem:199.81M, Peak:199.81M | Scene, ViewLayer | Updating Geometry BVH Dome rolled rim 593/710 | Building BVH
Fra:1 Mem:355.51M (Peak 417.42M) | Time:00:01.72 | Mem:199.81M, Peak:199.81M | Scene, ViewLayer | Updating Geometry BVH Dome rolled rim 593/710 | Building mesh BLAS |    1152 tris | Raised standing seam.015
Fra:1 Mem:355.51M (Peak 417.42M) | Time:00:01.72 | Mem:199.81M, Peak:199.81M | Scene, ViewLayer | Updating Geometry BVH Dome rolled rim.001 594/710 | Building mesh BLAS |    1536 tris | Dome rolled rim
Fra:1 Mem:355.51M (Peak 417.42M) | Time:00:01.72 | Mem:199.81M, Peak:199.81M | Scene, ViewLayer | Updating Geometry BVH Island pavilion 0 arch 595/710 | Building BVH
Fra:1 Mem:355.51M (Peak 417.42M) | Time:00:01.72 | Mem:200.64M, Peak:200.64M | Scene, ViewLayer | Updating Geometry BVH Island pavilion 0 arch.002 597/710 | Building BVH
Fra:1 Mem:355.51M (Peak 417.42M) | Time:00:01.72 | Mem:202.10M, Peak:202.10M | Scene, ViewLayer | Updating Geometry BVH Island pavilion 0 arch.002 597/710 | Building mesh BLAS |    1536 tris | Dome rolled rim.001
Fra:1 Mem:355.51M (Peak 417.42M) | Time:00:01.72 | Mem:202.40M, Peak:202.40M | Scene, ViewLayer | Updating Geometry BVH Island pavilion 0 arch.003 598/710 | Building mesh BLAS |    1692 tris | Island pavilion 0 arch.002
Fra:1 Mem:355.51M (Peak 417.42M) | Time:00:01.72 | Mem:207.75M, Peak:207.75M | Scene, ViewLayer | Updating Geometry BVH Island pavilion 0 copper dome 599/710 | Building BVH
Fra:1 Mem:355.51M (Peak 417.42M) | Time:00:01.72 | Mem:209.21M, Peak:209.21M | Scene, ViewLayer | Updating Geometry BVH Island pavilion 0 copper dome 599/710 | Building mesh BLAS |    1692 tris | Island pavilion 0 arch.001
Fra:1 Mem:355.51M (Peak 417.42M) | Time:00:01.72 | Mem:209.21M, Peak:209.21M | Scene, ViewLayer | Updating Geometry BVH Raised standing seam.016 600/710 | Building BVH
Fra:1 Mem:355.51M (Peak 417.42M) | Time:00:01.72 | Mem:209.21M, Peak:209.21M | Scene, ViewLayer | Updating Geometry BVH Raised standing seam.016 600/710 | Building mesh BLAS |    1692 tris | Island pavilion 0 arch
Fra:1 Mem:355.51M (Peak 417.42M) | Time:00:01.72 | Mem:209.21M, Peak:209.21M | Scene, ViewLayer | Updating Geometry BVH Raised standing seam.016 600/710 | Building mesh BLAS |   13824 tris | Island pavilion 0 copper dome
Fra:1 Mem:355.51M (Peak 417.42M) | Time:00:01.72 | Mem:209.21M, Peak:209.21M | Scene, ViewLayer | Updating Geometry BVH Raised standing seam.016 600/710 | Building mesh BLAS |    1692 tris | Island pavilion 0 arch.003
Fra:1 Mem:355.51M (Peak 417.42M) | Time:00:01.72 | Mem:209.23M, Peak:209.23M | Scene, ViewLayer | Updating Geometry BVH Raised standing seam.017 601/710 | Building BVH
Fra:1 Mem:355.51M (Peak 417.42M) | Time:00:01.72 | Mem:209.28M, Peak:209.28M | Scene, ViewLayer | Updating Geometry BVH Raised standing seam.017 601/710 | Building mesh BLAS |    1152 tris | Raised standing seam.017
Fra:1 Mem:355.51M (Peak 417.42M) | Time:00:01.72 | Mem:209.30M, Peak:209.30M | Scene, ViewLayer | Updating Geometry BVH Raised standing seam.018 602/710 | Building BVH
Fra:1 Mem:355.51M (Peak 417.42M) | Time:00:01.72 | Mem:209.30M, Peak:209.30M | Scene, ViewLayer | Updating Geometry BVH Raised standing seam.018 602/710 | Building mesh BLAS |    1152 tris | Raised standing seam.018
Fra:1 Mem:355.51M (Peak 417.42M) | Time:00:01.72 | Mem:209.30M, Peak:209.30M | Scene, ViewLayer | Updating Geometry BVH High cliff bridge voussoir.011 676/710 | Building BVH
Fra:1 Mem:355.51M (Peak 417.42M) | Time:00:01.72 | Mem:209.30M, Peak:209.30M | Scene, ViewLayer | Updating Geometry BVH Raised standing seam.019 603/710 | Building BVH
Fra:1 Mem:355.51M (Peak 417.42M) | Time:00:01.72 | Mem:209.30M, Peak:209.30M | Scene, ViewLayer | Updating Geometry BVH Raised standing seam.019 603/710 | Building mesh BLAS |     188 tris | High cliff bridge voussoir.011
Fra:1 Mem:355.51M (Peak 417.42M) | Time:00:01.72 | Mem:209.30M, Peak:209.30M | Scene, ViewLayer | Updating Geometry BVH Raised standing seam.019 603/710 | Building mesh BLAS |    1152 tris | Raised standing seam.019
Fra:1 Mem:355.51M (Peak 417.42M) | Time:00:01.72 | Mem:209.41M, Peak:209.41M | Scene, ViewLayer | Updating Geometry BVH Raised standing seam.020 604/710 | Building BVH
Fra:1 Mem:355.51M (Peak 417.42M) | Time:00:01.72 | Mem:209.42M, Peak:209.42M | Scene, ViewLayer | Updating Geometry BVH Raised standing seam.020 604/710 | Building mesh BLAS |    1152 tris | Raised standing seam.020
Fra:1 Mem:355.51M (Peak 417.42M) | Time:00:01.72 | Mem:209.42M, Peak:209.42M | Scene, ViewLayer | Updating Geometry BVH Raised standing seam.021 605/710 | Building BVH
Fra:1 Mem:355.51M (Peak 417.42M) | Time:00:01.72 | Mem:209.42M, Peak:209.42M | Scene, ViewLayer | Updating Geometry BVH Raised standing seam.022 606/710 | Building BVH
Fra:1 Mem:355.51M (Peak 417.42M) | Time:00:01.72 | Mem:209.42M, Peak:209.42M | Scene, ViewLayer | Updating Geometry BVH Raised standing seam.023 607/710 | Building BVH
Fra:1 Mem:355.51M (Peak 417.42M) | Time:00:01.72 | Mem:209.42M, Peak:209.42M | Scene, ViewLayer | Updating Geometry BVH Raised standing seam.024 608/710 | Building BVH
Fra:1 Mem:355.51M (Peak 417.42M) | Time:00:01.72 | Mem:209.42M, Peak:209.42M | Scene, ViewLayer | Updating Geometry BVH Raised standing seam.024 608/710 | Building mesh BLAS |    1152 tris | Raised standing seam.023
Fra:1 Mem:355.51M (Peak 417.42M) | Time:00:01.72 | Mem:209.44M, Peak:209.44M | Scene, ViewLayer | Updating Geometry BVH Raised standing seam.024 608/710 | Building mesh BLAS |    1152 tris | Raised standing seam.024
Fra:1 Mem:355.51M (Peak 417.42M) | Time:00:01.72 | Mem:209.45M, Peak:209.45M | Scene, ViewLayer | Updating Geometry BVH Raised standing seam.025 609/710 | Building BVH
Fra:1 Mem:355.51M (Peak 417.42M) | Time:00:01.72 | Mem:209.45M, Peak:209.45M | Scene, ViewLayer | Updating Geometry BVH Raised standing seam.026 610/710 | Building BVH
Fra:1 Mem:355.51M (Peak 417.42M) | Time:00:01.72 | Mem:209.45M, Peak:209.45M | Scene, ViewLayer | Updating Geometry BVH Raised standing seam.026 610/710 | Building mesh BLAS |    1152 tris | Raised standing seam.025
Fra:1 Mem:355.51M (Peak 417.42M) | Time:00:01.72 | Mem:209.45M, Peak:209.45M | Scene, ViewLayer | Updating Geometry BVH Raised standing seam.026 610/710 | Building mesh BLAS |    1152 tris | Raised standing seam.026
Fra:1 Mem:355.51M (Peak 417.42M) | Time:00:01.72 | Mem:209.46M, Peak:209.46M | Scene, ViewLayer | Updating Geometry BVH Raised standing seam.027 611/710 | Building BVH
Fra:1 Mem:355.51M (Peak 417.42M) | Time:00:01.72 | Mem:209.46M, Peak:209.46M | Scene, ViewLayer | Updating Geometry BVH Raised standing seam.028 612/710 | Building BVH
Fra:1 Mem:355.51M (Peak 417.42M) | Time:00:01.72 | Mem:209.47M, Peak:209.47M | Scene, ViewLayer | Updating Geometry BVH Raised standing seam.028 612/710 | Building mesh BLAS |    1152 tris | Raised standing seam.027
Fra:1 Mem:355.51M (Peak 417.42M) | Time:00:01.72 | Mem:209.48M, Peak:209.48M | Scene, ViewLayer | Updating Geometry BVH Raised standing seam.030 614/710 | Building BVH
Fra:1 Mem:355.51M (Peak 417.42M) | Time:00:01.72 | Mem:209.49M, Peak:209.49M | Scene, ViewLayer | Updating Geometry BVH Raised standing seam.030 614/710 | Building mesh BLAS |    1152 tris | Raised standing seam.030
Fra:1 Mem:355.51M (Peak 417.42M) | Time:00:01.72 | Mem:209.49M, Peak:209.49M | Scene, ViewLayer | Updating Geometry BVH Raised standing seam.031 615/710 | Building BVH
Fra:1 Mem:355.51M (Peak 417.42M) | Time:00:01.72 | Mem:209.51M, Peak:209.51M | Scene, ViewLayer | Updating Geometry BVH Raised standing seam.031 615/710 | Building mesh BLAS |    1152 tris | Raised standing seam.031
Fra:1 Mem:355.51M (Peak 417.42M) | Time:00:01.72 | Mem:209.63M, Peak:209.63M | Scene, ViewLayer | Updating Geometry BVH Dome rolled rim.002 616/710 | Building BVH
Fra:1 Mem:355.51M (Peak 417.42M) | Time:00:01.72 | Mem:209.63M, Peak:209.63M | Scene, ViewLayer | Updating Geometry BVH High cliff bridge voussoir.010 675/710 | Building BVH
Fra:1 Mem:355.51M (Peak 417.42M) | Time:00:01.72 | Mem:209.63M, Peak:209.63M | Scene, ViewLayer | Updating Geometry BVH High cliff bridge voussoir.010 675/710 | Building mesh BLAS |     188 tris | High cliff bridge voussoir.010
Fra:1 Mem:355.51M (Peak 417.42M) | Time:00:01.72 | Mem:209.63M, Peak:209.63M | Scene, ViewLayer | Updating Geometry BVH High cliff bridge voussoir.010 675/710 | Building mesh BLAS |    1536 tris | Dome rolled rim.002
Fra:1 Mem:355.51M (Peak 417.42M) | Time:00:01.72 | Mem:209.63M, Peak:209.63M | Scene, ViewLayer | Updating Geometry BVH Dome rolled rim.003 617/710 | Building BVH
Fra:1 Mem:355.51M (Peak 417.42M) | Time:00:01.72 | Mem:209.63M, Peak:209.63M | Scene, ViewLayer | Updating Geometry BVH Dome rolled rim.003 617/710 | Building mesh BLAS |    1536 tris | Dome rolled rim.003
Fra:1 Mem:355.51M (Peak 417.42M) | Time:00:01.72 | Mem:209.63M, Peak:209.63M | Scene, ViewLayer | Updating Geometry BVH Island pavilion 1 arch 618/710 | Building BVH
Fra:1 Mem:355.51M (Peak 417.42M) | Time:00:01.72 | Mem:209.63M, Peak:209.63M | Scene, ViewLayer | Updating Geometry BVH Island pavilion 1 arch 618/710 | Building mesh BLAS |    1152 tris | Raised standing seam.029
Fra:1 Mem:355.51M (Peak 417.42M) | Time:00:01.72 | Mem:209.63M, Peak:209.63M | Scene, ViewLayer | Updating Geometry BVH Island pavilion 1 arch 618/710 | Building mesh BLAS |    1692 tris | Island pavilion 1 arch
Fra:1 Mem:355.51M (Peak 417.42M) | Time:00:01.72 | Mem:209.63M, Peak:209.63M | Scene, ViewLayer | Updating Geometry BVH Island pavilion 1 arch.001 619/710 | Building BVH
Fra:1 Mem:355.51M (Peak 417.42M) | Time:00:01.72 | Mem:209.63M, Peak:209.63M | Scene, ViewLayer | Updating Geometry BVH Island pavilion 1 arch.001 619/710 | Building mesh BLAS |    1692 tris | Island pavilion 1 arch.001
Fra:1 Mem:355.51M (Peak 417.42M) | Time:00:01.72 | Mem:209.63M, Peak:209.63M | Scene, ViewLayer | Updating Geometry BVH Island pavilion 1 arch.002 620/710 | Building BVH
Fra:1 Mem:355.51M (Peak 417.42M) | Time:00:01.72 | Mem:209.63M, Peak:209.63M | Scene, ViewLayer | Updating Geometry BVH Island pavilion 1 arch.002 620/710 | Building mesh BLAS |    1692 tris | Island pavilion 1 arch.002
Fra:1 Mem:355.51M (Peak 417.42M) | Time:00:01.72 | Mem:209.64M, Peak:209.64M | Scene, ViewLayer | Updating Geometry BVH Island pavilion 1 arch.003 621/710 | Building BVH
Fra:1 Mem:355.51M (Peak 417.42M) | Time:00:01.72 | Mem:209.64M, Peak:209.64M | Scene, ViewLayer | Updating Geometry BVH Island pavilion 1 arch.003 621/710 | Building mesh BLAS |    1692 tris | Island pavilion 1 arch.003
Fra:1 Mem:355.51M (Peak 417.42M) | Time:00:01.72 | Mem:209.64M, Peak:209.64M | Scene, ViewLayer | Updating Geometry BVH Island pavilion 1 copper dome 622/710 | Building BVH
Fra:1 Mem:355.51M (Peak 417.42M) | Time:00:01.72 | Mem:209.64M, Peak:209.64M | Scene, ViewLayer | Updating Geometry BVH Island pavilion 1 copper dome 622/710 | Building mesh BLAS |   13824 tris | Island pavilion 1 copper dome
Fra:1 Mem:355.51M (Peak 417.42M) | Time:00:01.72 | Mem:209.64M, Peak:209.64M | Scene, ViewLayer | Updating Geometry BVH Raised standing seam.032 623/710 | Building BVH
Fra:1 Mem:355.51M (Peak 417.42M) | Time:00:01.72 | Mem:209.64M, Peak:209.64M | Scene, ViewLayer | Updating Geometry BVH Raised standing seam.033 624/710 | Building BVH
Fra:1 Mem:355.51M (Peak 417.42M) | Time:00:01.72 | Mem:209.64M, Peak:209.64M | Scene, ViewLayer | Updating Geometry BVH Raised standing seam.033 624/710 | Building mesh BLAS |    1152 tris | Raised standing seam.033
Fra:1 Mem:355.51M (Peak 417.42M) | Time:00:01.72 | Mem:209.64M, Peak:209.64M | Scene, ViewLayer | Updating Geometry BVH Raised standing seam.033 624/710 | Building mesh BLAS |    1152 tris | Raised standing seam.032
Fra:1 Mem:355.51M (Peak 417.42M) | Time:00:01.72 | Mem:209.69M, Peak:209.69M | Scene, ViewLayer | Updating Geometry BVH Raised standing seam.034 625/710 | Building BVH
Fra:1 Mem:355.51M (Peak 417.42M) | Time:00:01.72 | Mem:209.70M, Peak:209.70M | Scene, ViewLayer | Updating Geometry BVH Raised standing seam.036 627/710 | Building BVH
Fra:1 Mem:355.51M (Peak 417.42M) | Time:00:01.72 | Mem:209.70M, Peak:209.70M | Scene, ViewLayer | Updating Geometry BVH Raised standing seam.036 627/710 | Building mesh BLAS |    1152 tris | Raised standing seam.034
Fra:1 Mem:355.51M (Peak 417.42M) | Time:00:01.72 | Mem:209.70M, Peak:209.70M | Scene, ViewLayer | Updating Geometry BVH Raised standing seam.036 627/710 | Building mesh BLAS |    1152 tris | Raised standing seam.036
Fra:1 Mem:355.51M (Peak 417.42M) | Time:00:01.72 | Mem:209.71M, Peak:209.71M | Scene, ViewLayer | Updating Geometry BVH Raised standing seam.037 628/710 | Building BVH
Fra:1 Mem:355.51M (Peak 417.42M) | Time:00:01.72 | Mem:209.71M, Peak:209.71M | Scene, ViewLayer | Updating Geometry BVH Raised standing seam.037 628/710 | Building mesh BLAS |    1152 tris | Raised standing seam.037
Fra:1 Mem:355.51M (Peak 417.42M) | Time:00:01.72 | Mem:209.71M, Peak:209.71M | Scene, ViewLayer | Updating Geometry BVH Raised standing seam.038 629/710 | Building BVH
Fra:1 Mem:355.51M (Peak 417.42M) | Time:00:01.72 | Mem:209.71M, Peak:209.71M | Scene, ViewLayer | Updating Geometry BVH Raised standing seam.039 630/710 | Building mesh BLAS |    1152 tris | Raised standing seam.035
Fra:1 Mem:355.51M (Peak 417.42M) | Time:00:01.72 | Mem:209.71M, Peak:209.71M | Scene, ViewLayer | Updating Geometry BVH Raised standing seam.039 630/710 | Building mesh BLAS |    1152 tris | Raised standing seam.038
Fra:1 Mem:355.51M (Peak 417.42M) | Time:00:01.72 | Mem:209.71M, Peak:209.71M | Scene, ViewLayer | Updating Geometry BVH Raised standing seam.039 630/710 | Building mesh BLAS |    1152 tris | Raised standing seam.039
Fra:1 Mem:355.51M (Peak 417.42M) | Time:00:01.72 | Mem:209.74M, Peak:209.74M | Scene, ViewLayer | Updating Geometry BVH Raised standing seam.040 631/710 | Building BVH
Fra:1 Mem:355.51M (Peak 417.42M) | Time:00:01.72 | Mem:209.74M, Peak:209.74M | Scene, ViewLayer | Updating Geometry BVH Raised standing seam.041 632/710 | Building BVH
Fra:1 Mem:355.51M (Peak 417.42M) | Time:00:01.72 | Mem:209.74M, Peak:209.74M | Scene, ViewLayer | Updating Geometry BVH Raised standing seam.042 633/710 | Building BVH
Fra:1 Mem:355.51M (Peak 417.42M) | Time:00:01.72 | Mem:209.74M, Peak:209.74M | Scene, ViewLayer | Updating Geometry BVH Raised standing seam.044 635/710 | Building BVH
Fra:1 Mem:355.51M (Peak 417.42M) | Time:00:01.72 | Mem:209.74M, Peak:209.74M | Scene, ViewLayer | Updating Geometry BVH High cliff bridge voussoir.009 674/710 | Building mesh BLAS |    1152 tris | Raised standing seam.042
Fra:1 Mem:355.51M (Peak 417.42M) | Time:00:01.72 | Mem:209.74M, Peak:209.74M | Scene, ViewLayer | Updating Geometry BVH High cliff bridge voussoir.009 674/710 | Building mesh BLAS |    1152 tris | Raised standing seam.044
Fra:1 Mem:355.51M (Peak 417.42M) | Time:00:01.72 | Mem:209.74M, Peak:209.74M | Scene, ViewLayer | Updating Geometry BVH High cliff bridge voussoir.009 674/710 | Building mesh BLAS |     188 tris | High cliff bridge voussoir.009
Fra:1 Mem:355.51M (Peak 417.42M) | Time:00:01.72 | Mem:209.74M, Peak:209.74M | Scene, ViewLayer | Updating Geometry BVH High cliff bridge voussoir.009 674/710 | Building mesh BLAS |    1152 tris | Raised standing seam.043
Fra:1 Mem:355.51M (Peak 417.42M) | Time:00:01.72 | Mem:209.75M, Peak:209.75M | Scene, ViewLayer | Updating Geometry BVH Raised standing seam.045 636/710 | Building BVH
Fra:1 Mem:355.51M (Peak 417.42M) | Time:00:01.72 | Mem:209.76M, Peak:209.76M | Scene, ViewLayer | Updating Geometry BVH Raised standing seam.045 636/710 | Building mesh BLAS |    1152 tris | Raised standing seam.045
Fra:1 Mem:355.51M (Peak 417.42M) | Time:00:01.72 | Mem:209.78M, Peak:209.78M | Scene, ViewLayer | Updating Geometry BVH Raised standing seam.046 637/710 | Building BVH
Fra:1 Mem:355.51M (Peak 417.42M) | Time:00:01.72 | Mem:209.78M, Peak:209.78M | Scene, ViewLayer | Updating Geometry BVH Raised standing seam.046 637/710 | Building mesh BLAS |    1152 tris | Raised standing seam.046
Fra:1 Mem:355.51M (Peak 417.42M) | Time:00:01.72 | Mem:209.78M, Peak:209.78M | Scene, ViewLayer | Updating Geometry BVH Raised standing seam.047 638/710 | Building BVH
Fra:1 Mem:355.51M (Peak 417.42M) | Time:00:01.72 | Mem:209.78M, Peak:209.78M | Scene, ViewLayer | Updating Geometry BVH Raised standing seam.047 638/710 | Building mesh BLAS |    1152 tris | Raised standing seam.047
Fra:1 Mem:355.51M (Peak 417.42M) | Time:00:01.73 | Mem:209.79M, Peak:209.79M | Scene, ViewLayer | Updating Geometry BVH Dome rolled rim.004 639/710 | Building BVH
Fra:1 Mem:355.51M (Peak 417.42M) | Time:00:01.73 | Mem:209.79M, Peak:209.79M | Scene, ViewLayer | Updating Geometry BVH Dome rolled rim.004 639/710 | Building mesh BLAS |    1536 tris | Dome rolled rim.004
Fra:1 Mem:355.51M (Peak 417.42M) | Time:00:01.73 | Mem:209.89M, Peak:209.89M | Scene, ViewLayer | Updating Geometry BVH Dome rolled rim.005 640/710 | Building BVH
Fra:1 Mem:355.51M (Peak 417.42M) | Time:00:01.73 | Mem:209.89M, Peak:209.89M | Scene, ViewLayer | Updating Geometry BVH Island pavilion 2 arch 641/710 | Building BVH
Fra:1 Mem:355.51M (Peak 417.42M) | Time:00:01.73 | Mem:209.89M, Peak:209.89M | Scene, ViewLayer | Updating Geometry BVH Island pavilion 2 arch 641/710 | Building mesh BLAS |    1536 tris | Dome rolled rim.005
Fra:1 Mem:355.51M (Peak 417.42M) | Time:00:01.73 | Mem:209.89M, Peak:209.89M | Scene, ViewLayer | Updating Geometry BVH Island pavilion 2 arch 641/710 | Building mesh BLAS |    1692 tris | Island pavilion 2 arch
Fra:1 Mem:355.51M (Peak 417.42M) | Time:00:01.73 | Mem:209.94M, Peak:209.94M | Scene, ViewLayer | Updating Geometry BVH Island pavilion 2 arch.001 642/710 | Building BVH
Fra:1 Mem:355.51M (Peak 417.42M) | Time:00:01.73 | Mem:209.95M, Peak:209.95M | Scene, ViewLayer | Updating Geometry BVH Island pavilion 2 arch.003 644/710 | Building BVH
Fra:1 Mem:355.51M (Peak 417.42M) | Time:00:01.73 | Mem:209.95M, Peak:209.95M | Scene, ViewLayer | Updating Geometry BVH Raised standing seam.048 646/710 | Building BVH
Fra:1 Mem:355.51M (Peak 417.42M) | Time:00:01.73 | Mem:209.95M, Peak:209.95M | Scene, ViewLayer | Updating Geometry BVH Island pavilion 2 copper dome 645/710 | Building BVH
Fra:1 Mem:355.51M (Peak 417.42M) | Time:00:01.73 | Mem:209.95M, Peak:209.95M | Scene, ViewLayer | Updating Geometry BVH Island pavilion 2 copper dome 645/710 | Building mesh BLAS |    1692 tris | Island pavilion 2 arch.003
Fra:1 Mem:355.51M (Peak 417.42M) | Time:00:01.73 | Mem:209.95M, Peak:209.95M | Scene, ViewLayer | Updating Geometry BVH Island pavilion 2 copper dome 645/710 | Building mesh BLAS |    1152 tris | Raised standing seam.048
Fra:1 Mem:355.51M (Peak 417.42M) | Time:00:01.73 | Mem:209.95M, Peak:209.95M | Scene, ViewLayer | Updating Geometry BVH Raised standing seam.049 647/710 | Building BVH
Fra:1 Mem:355.51M (Peak 417.42M) | Time:00:01.73 | Mem:209.95M, Peak:209.95M | Scene, ViewLayer | Updating Geometry BVH Raised standing seam.049 647/710 | Building mesh BLAS |   13824 tris | Island pavilion 2 copper dome
Fra:1 Mem:355.51M (Peak 417.42M) | Time:00:01.73 | Mem:209.95M, Peak:209.95M | Scene, ViewLayer | Updating Geometry BVH Raised standing seam.049 647/710 | Building mesh BLAS |    1692 tris | Island pavilion 2 arch.001
Fra:1 Mem:355.51M (Peak 417.42M) | Time:00:01.73 | Mem:209.95M, Peak:209.95M | Scene, ViewLayer | Updating Geometry BVH Raised standing seam.049 647/710 | Building mesh BLAS |    1692 tris | Island pavilion 2 arch.002
Fra:1 Mem:355.51M (Peak 417.42M) | Time:00:01.73 | Mem:209.95M, Peak:209.95M | Scene, ViewLayer | Updating Geometry BVH Raised standing seam.049 647/710 | Building mesh BLAS |    1152 tris | Raised standing seam.049
Fra:1 Mem:355.51M (Peak 417.42M) | Time:00:01.73 | Mem:209.96M, Peak:209.96M | Scene, ViewLayer | Updating Geometry BVH Raised standing seam.050 648/710 | Building BVH
Fra:1 Mem:355.51M (Peak 417.42M) | Time:00:01.73 | Mem:209.97M, Peak:209.97M | Scene, ViewLayer | Updating Geometry BVH High cliff bridge voussoir.008 673/710 | Building BVH
Fra:1 Mem:355.51M (Peak 417.42M) | Time:00:01.73 | Mem:209.97M, Peak:209.97M | Scene, ViewLayer | Updating Geometry BVH Raised standing seam.051 649/710 | Building BVH
Fra:1 Mem:355.51M (Peak 417.42M) | Time:00:01.73 | Mem:209.97M, Peak:209.97M | Scene, ViewLayer | Updating Geometry BVH Raised standing seam.051 649/710 | Building mesh BLAS |     188 tris | High cliff bridge voussoir.008
Fra:1 Mem:355.51M (Peak 417.42M) | Time:00:01.73 | Mem:209.97M, Peak:209.97M | Scene, ViewLayer | Updating Geometry BVH Raised standing seam.051 649/710 | Building mesh BLAS |    1152 tris | Raised standing seam.051
Fra:1 Mem:355.51M (Peak 417.42M) | Time:00:01.73 | Mem:209.97M, Peak:209.97M | Scene, ViewLayer | Updating Geometry BVH Raised standing seam.052 650/710 | Building BVH
Fra:1 Mem:355.51M (Peak 417.42M) | Time:00:01.73 | Mem:209.97M, Peak:209.97M | Scene, ViewLayer | Updating Geometry BVH Raised standing seam.053 651/710 | Building BVH
Fra:1 Mem:355.51M (Peak 417.42M) | Time:00:01.73 | Mem:209.97M, Peak:209.97M | Scene, ViewLayer | Updating Geometry BVH Raised standing seam.053 651/710 | Building mesh BLAS |    1152 tris | Raised standing seam.052
Fra:1 Mem:355.51M (Peak 417.42M) | Time:00:01.73 | Mem:209.97M, Peak:209.97M | Scene, ViewLayer | Updating Geometry BVH Raised standing seam.053 651/710 | Building mesh BLAS |    1152 tris | Raised standing seam.053
Fra:1 Mem:355.51M (Peak 417.42M) | Time:00:01.73 | Mem:209.97M, Peak:209.97M | Scene, ViewLayer | Updating Geometry BVH Raised standing seam.054 652/710 | Building BVH
Fra:1 Mem:355.51M (Peak 417.42M) | Time:00:01.73 | Mem:209.97M, Peak:209.97M | Scene, ViewLayer | Updating Geometry BVH Raised standing seam.054 652/710 | Building mesh BLAS |    1152 tris | Raised standing seam.054
Fra:1 Mem:355.51M (Peak 417.42M) | Time:00:01.73 | Mem:209.97M, Peak:209.97M | Scene, ViewLayer | Updating Geometry BVH Raised standing seam.055 653/710 | Building BVH
Fra:1 Mem:355.51M (Peak 417.42M) | Time:00:01.73 | Mem:209.97M, Peak:209.97M | Scene, ViewLayer | Updating Geometry BVH Raised standing seam.055 653/710 | Building mesh BLAS |    1152 tris | Raised standing seam.055
Fra:1 Mem:355.51M (Peak 417.42M) | Time:00:01.73 | Mem:209.99M, Peak:209.99M | Scene, ViewLayer | Updating Geometry BVH Raised standing seam.056 654/710 | Building BVH
Fra:1 Mem:355.51M (Peak 417.42M) | Time:00:01.73 | Mem:209.99M, Peak:209.99M | Scene, ViewLayer | Updating Geometry BVH Raised standing seam.057 655/710 | Building mesh BLAS |    1152 tris | Raised standing seam.056
Fra:1 Mem:355.51M (Peak 417.42M) | Time:00:01.73 | Mem:209.99M, Peak:209.99M | Scene, ViewLayer | Updating Geometry BVH Raised standing seam.057 655/710 | Building mesh BLAS |    1152 tris | Raised standing seam.057
Fra:1 Mem:355.51M (Peak 417.42M) | Time:00:01.73 | Mem:210.03M, Peak:210.03M | Scene, ViewLayer | Updating Geometry BVH Raised standing seam.058 656/710 | Building BVH
Fra:1 Mem:355.51M (Peak 417.42M) | Time:00:01.73 | Mem:210.03M, Peak:210.03M | Scene, ViewLayer | Updating Geometry BVH Raised standing seam.059 657/710 | Building BVH
Fra:1 Mem:355.51M (Peak 417.42M) | Time:00:01.73 | Mem:210.03M, Peak:210.03M | Scene, ViewLayer | Updating Geometry BVH Raised standing seam.060 658/710 | Building BVH
Fra:1 Mem:355.51M (Peak 417.42M) | Time:00:01.73 | Mem:210.03M, Peak:210.03M | Scene, ViewLayer | Updating Geometry BVH Raised standing seam.060 658/710 | Building mesh BLAS |    1152 tris | Raised standing seam.060
Fra:1 Mem:355.51M (Peak 417.42M) | Time:00:01.73 | Mem:210.03M, Peak:210.03M | Scene, ViewLayer | Updating Geometry BVH Raised standing seam.060 658/710 | Building mesh BLAS |    1152 tris | Raised standing seam.059
Fra:1 Mem:355.51M (Peak 417.42M) | Time:00:01.73 | Mem:210.05M, Peak:210.05M | Scene, ViewLayer | Updating Geometry BVH Raised standing seam.061 659/710 | Building BVH
Fra:1 Mem:355.51M (Peak 417.42M) | Time:00:01.73 | Mem:210.05M, Peak:210.05M | Scene, ViewLayer | Updating Geometry BVH Raised standing seam.062 660/710 | Building BVH
Fra:1 Mem:355.51M (Peak 417.42M) | Time:00:01.73 | Mem:210.05M, Peak:210.05M | Scene, ViewLayer | Updating Geometry BVH Raised standing seam.062 660/710 | Building mesh BLAS |    1152 tris | Raised standing seam.061
Fra:1 Mem:355.51M (Peak 417.42M) | Time:00:01.73 | Mem:210.05M, Peak:210.05M | Scene, ViewLayer | Updating Geometry BVH Raised standing seam.062 660/710 | Building mesh BLAS |    1152 tris | Raised standing seam.062
Fra:1 Mem:355.51M (Peak 417.42M) | Time:00:01.73 | Mem:210.07M, Peak:210.07M | Scene, ViewLayer | Updating Geometry BVH Raised standing seam.063 661/710 | Building BVH
Fra:1 Mem:355.51M (Peak 417.42M) | Time:00:01.73 | Mem:210.07M, Peak:210.07M | Scene, ViewLayer | Updating Geometry BVH Raised standing seam.063 661/710 | Building mesh BLAS |    1152 tris | Raised standing seam.063
Fra:1 Mem:355.51M (Peak 417.42M) | Time:00:01.73 | Mem:210.07M, Peak:210.07M | Scene, ViewLayer | Updating Geometry BVH Dome rolled rim.006 662/710 | Building BVH
Fra:1 Mem:355.51M (Peak 417.42M) | Time:00:01.73 | Mem:210.18M, Peak:210.18M | Scene, ViewLayer | Updating Geometry BVH Dome rolled rim.006 662/710 | Building mesh BLAS |    1536 tris | Dome rolled rim.006
Fra:1 Mem:355.51M (Peak 417.42M) | Time:00:01.73 | Mem:210.18M, Peak:210.18M | Scene, ViewLayer | Updating Geometry BVH Dome rolled rim.007 663/710 | Building BVH
Fra:1 Mem:355.51M (Peak 417.42M) | Time:00:01.73 | Mem:210.18M, Peak:210.18M | Scene, ViewLayer | Updating Geometry BVH High cliff bridge arch 664/710 | Building BVH
Fra:1 Mem:355.51M (Peak 417.42M) | Time:00:01.73 | Mem:210.18M, Peak:210.18M | Scene, ViewLayer | Updating Geometry BVH High cliff bridge arch 664/710 | Building mesh BLAS |    1536 tris | Dome rolled rim.007
Fra:1 Mem:355.51M (Peak 417.42M) | Time:00:01.73 | Mem:210.18M, Peak:210.18M | Scene, ViewLayer | Updating Geometry BVH High cliff bridge arch 664/710 | Building mesh BLAS |    1692 tris | High cliff bridge arch
Fra:1 Mem:355.51M (Peak 417.42M) | Time:00:01.73 | Mem:210.18M, Peak:210.18M | Scene, ViewLayer | Updating Geometry BVH High cliff bridge voussoir.007 672/710 | Building BVH
Fra:1 Mem:355.51M (Peak 417.42M) | Time:00:01.73 | Mem:210.18M, Peak:210.18M | Scene, ViewLayer | Updating Geometry BVH High cliff bridge voussoir 665/710 | Building BVH
Fra:1 Mem:355.51M (Peak 417.42M) | Time:00:01.73 | Mem:210.18M, Peak:210.18M | Scene, ViewLayer | Updating Geometry BVH High cliff bridge voussoir 665/710 | Building mesh BLAS |     188 tris | High cliff bridge voussoir.007
Fra:1 Mem:355.51M (Peak 417.42M) | Time:00:01.73 | Mem:210.18M, Peak:210.18M | Scene, ViewLayer | Updating Geometry BVH High cliff bridge voussoir 665/710 | Building mesh BLAS |     188 tris | High cliff bridge voussoir
Fra:1 Mem:355.51M (Peak 417.42M) | Time:00:01.73 | Mem:210.18M, Peak:210.18M | Scene, ViewLayer | Updating Geometry BVH High cliff bridge voussoir.001 666/710 | Building BVH
Fra:1 Mem:355.51M (Peak 417.42M) | Time:00:01.73 | Mem:210.18M, Peak:210.18M | Scene, ViewLayer | Updating Geometry BVH High cliff bridge voussoir.001 666/710 | Building mesh BLAS |     188 tris | High cliff bridge voussoir.001
Fra:1 Mem:355.51M (Peak 417.42M) | Time:00:01.73 | Mem:210.18M, Peak:210.18M | Scene, ViewLayer | Updating Geometry BVH High cliff bridge voussoir.002 667/710 | Building BVH
Fra:1 Mem:355.51M (Peak 417.42M) | Time:00:01.73 | Mem:210.18M, Peak:210.18M | Scene, ViewLayer | Updating Geometry BVH High cliff bridge voussoir.002 667/710 | Building mesh BLAS |     188 tris | High cliff bridge voussoir.002
Fra:1 Mem:355.51M (Peak 417.42M) | Time:00:01.73 | Mem:210.27M, Peak:210.27M | Scene, ViewLayer | Updating Geometry BVH High cliff bridge voussoir.003 668/710 | Building BVH
Fra:1 Mem:355.51M (Peak 417.42M) | Time:00:01.73 | Mem:210.36M, Peak:210.36M | Scene, ViewLayer | Updating Geometry BVH High cliff bridge voussoir.003 668/710 | Building mesh BLAS |     188 tris | High cliff bridge voussoir.003
Fra:1 Mem:355.51M (Peak 417.42M) | Time:00:01.73 | Mem:210.36M, Peak:210.36M | Scene, ViewLayer | Updating Geometry BVH High cliff bridge voussoir.004 669/710 | Building BVH
Fra:1 Mem:355.51M (Peak 417.42M) | Time:00:01.73 | Mem:210.36M, Peak:210.36M | Scene, ViewLayer | Updating Geometry BVH High cliff bridge voussoir.004 669/710 | Building mesh BLAS |     188 tris | High cliff bridge voussoir.004
Fra:1 Mem:355.51M (Peak 417.42M) | Time:00:01.73 | Mem:210.36M, Peak:210.36M | Scene, ViewLayer | Updating Geometry BVH High cliff bridge voussoir.005 670/710 | Building BVH
Fra:1 Mem:355.51M (Peak 417.42M) | Time:00:01.73 | Mem:210.46M, Peak:210.46M | Scene, ViewLayer | Updating Geometry BVH High cliff bridge voussoir.005 670/710 | Building mesh BLAS |     188 tris | High cliff bridge voussoir.005
Fra:1 Mem:355.51M (Peak 417.42M) | Time:00:01.73 | Mem:211.18M, Peak:211.18M | Scene, ViewLayer | Updating Geometry BVH High cliff bridge voussoir.006 671/710 | Building BVH
Fra:1 Mem:355.51M (Peak 417.42M) | Time:00:01.73 | Mem:211.18M, Peak:211.18M | Scene, ViewLayer | Updating Geometry BVH High cliff bridge voussoir.006 671/710 | Building mesh BLAS |     188 tris | High cliff bridge voussoir.006
Fra:1 Mem:355.51M (Peak 417.42M) | Time:00:01.74 | Mem:212.31M, Peak:212.31M | Scene, ViewLayer | Updating Scene BVH | Building
Fra:1 Mem:355.52M (Peak 417.42M) | Time:00:01.75 | Mem:219.17M, Peak:219.17M | Scene, ViewLayer | Updating Scene BVH | Building TLAS      |     714 instances
Fra:1 Mem:355.53M (Peak 417.42M) | Time:00:01.75 | Mem:219.33M, Peak:219.33M | Scene, ViewLayer | Updating Scene BVH | Copying BVH to device
Fra:1 Mem:355.53M (Peak 417.42M) | Time:00:01.75 | Mem:219.33M, Peak:219.33M | Scene, ViewLayer | Updating Mesh | Computing normals
Fra:1 Mem:382.44M (Peak 417.42M) | Time:00:01.76 | Mem:219.33M, Peak:219.33M | Scene, ViewLayer | Updating Mesh | Copying Mesh to device
Fra:1 Mem:355.53M (Peak 417.42M) | Time:00:01.77 | Mem:246.29M, Peak:246.29M | Scene, ViewLayer | Updating Objects Flags
Fra:1 Mem:355.53M (Peak 417.42M) | Time:00:01.77 | Mem:246.29M, Peak:246.29M | Scene, ViewLayer | Updating Primitive Offsets
Fra:1 Mem:355.53M (Peak 417.42M) | Time:00:01.77 | Mem:246.30M, Peak:246.30M | Scene, ViewLayer | Updating Images
Fra:1 Mem:355.53M (Peak 417.42M) | Time:00:01.77 | Mem:246.30M, Peak:246.30M | Scene, ViewLayer | Updating Images | Loading plastered_wall_02_disp_2k.jpg
Fra:1 Mem:359.53M (Peak 417.42M) | Time:00:01.77 | Mem:246.30M, Peak:246.30M | Scene, ViewLayer | Updating Images | Loading concrete_floor_02_diff_2k.jpg
Fra:1 Mem:375.53M (Peak 417.42M) | Time:00:01.77 | Mem:246.30M, Peak:246.30M | Scene, ViewLayer | Updating Images | Loading concrete_floor_02_rough_2k.jpg
Fra:1 Mem:376.53M (Peak 417.42M) | Time:00:01.77 | Mem:246.30M, Peak:246.30M | Scene, ViewLayer | Updating Images | Loading concrete_floor_02_disp_2k.jpg
Fra:1 Mem:440.53M (Peak 440.53M) | Time:00:01.92 | Mem:331.30M, Peak:331.30M | Scene, ViewLayer | Updating Camera Volume
Fra:1 Mem:440.53M (Peak 440.53M) | Time:00:01.92 | Mem:331.30M, Peak:331.30M | Scene, ViewLayer | Updating Lookup Tables
Fra:1 Mem:440.45M (Peak 440.53M) | Time:00:01.92 | Mem:331.39M, Peak:331.39M | Scene, ViewLayer | Updating Lights
Fra:1 Mem:440.45M (Peak 440.53M) | Time:00:01.93 | Mem:331.39M, Peak:331.39M | Scene, ViewLayer | Updating Lights | Importance map
Fra:1 Mem:440.44M (Peak 444.45M) | Time:00:12.83 | Mem:332.42M, Peak:334.91M | Scene, ViewLayer | Updating Lights | Computing tree
Fra:1 Mem:440.44M (Peak 444.45M) | Time:00:12.83 | Mem:332.43M, Peak:334.91M | Scene, ViewLayer | Updating Integrator
Fra:1 Mem:440.44M (Peak 444.45M) | Time:00:12.83 | Mem:332.43M, Peak:334.91M | Scene, ViewLayer | Updating Film
Fra:1 Mem:440.52M (Peak 444.45M) | Time:00:12.83 | Mem:332.34M, Peak:334.91M | Scene, ViewLayer | Updating Lookup Tables
Fra:1 Mem:440.44M (Peak 444.45M) | Time:00:12.83 | Mem:332.43M, Peak:334.91M | Scene, ViewLayer | Updating Baking
Fra:1 Mem:440.44M (Peak 444.45M) | Time:00:12.83 | Mem:332.43M, Peak:334.91M | Scene, ViewLayer | Updating Device | Writing constant memory
Fra:1 Mem:440.45M (Peak 444.45M) | Time:00:12.86 | Mem:332.43M, Peak:334.91M | Scene, ViewLayer | Loading denoising kernels (may take a few minutes the first time)
Fra:1 Mem:440.45M (Peak 472.45M) | Time:00:12.89 | Mem:3532.44M, Peak:3532.44M | Scene, ViewLayer | 61 / 66 render kernels loaded (may take a few minutes the first time)
Fra:1 Mem:440.45M (Peak 472.45M) | Time:00:23.90 | Mem:3532.44M, Peak:3532.44M | Scene, ViewLayer | 62 / 66 render kernels loaded (may take a few minutes the first time)
Fra:1 Mem:440.45M (Peak 472.45M) | Time:00:24.31 | Mem:3532.44M, Peak:3532.44M | Scene, ViewLayer | 63 / 66 render kernels loaded (may take a few minutes the first time)
Fra:1 Mem:440.45M (Peak 472.45M) | Time:00:24.51 | Mem:3532.44M, Peak:3532.44M | Scene, ViewLayer | 65 / 66 render kernels loaded (may take a few minutes the first time)
Fra:1 Mem:440.45M (Peak 472.45M) | Time:00:24.72 | Mem:3532.44M, Peak:3532.44M | Scene, ViewLayer | Sample 0/48 (Using optimized kernels)
Fra:1 Mem:440.45M (Peak 518.38M) | Time:00:25.68 | Remaining:00:45.52 | Mem:3610.39M, Peak:3610.39M | Scene, ViewLayer | Sample 1/48 (Using optimized kernels)
Fra:1 Mem:440.45M (Peak 518.38M) | Time:00:27.07 | Remaining:00:01.07 | Mem:3610.40M, Peak:3610.40M | Scene, ViewLayer | Sample 33/48 (11 kernels to optimize)
Fra:1 Mem:473.27M (Peak 522.49M) | Time:00:34.77 | Mem:3610.40M, Peak:3610.40M | Scene, ViewLayer | Sample 48/48 (8 kernels to optimize)
Fra:1 Mem:473.27M (Peak 522.49M) | Time:00:34.77 | Mem:3610.40M, Peak:3610.40M | Scene, ViewLayer | Finished
Saved: '/Users/xuanji/gits/mv-astra/output/monuments/previews/01-island-of-steps.png'
Time: 00:35.11 (Saving: 00:00.26)

FINISHED 01-island-of-steps alignment errors: [2.86102294921875e-05]

Blender quit
