11:50:39 | INFO: Data are loaded, start creating Blender stuff
11:50:39 | INFO: Blender create Mesh node realCap_Model_2.006
11:50:39 | INFO: Blender create Mesh node realCap_Model_2.009
11:50:39 | INFO: Blender create Mesh node realCap_Model_2.014
11:50:39 | INFO: Blender create Mesh node realCap_Model_2.002
11:50:39 | INFO: glTF import finished in 0.05s
Info: Applied modifier was not first, result may not be as expected
Info: Applied modifier was not first, result may not be as expected
Info: Applied modifier was not first, result may not be as expected
Info: Applied modifier was not first, result may not be as expected
Info: Applied modifier was not first, result may not be as expected
Info: Applied modifier was not first, result may not be as expected
Info: Applied modifier was not first, result may not be as expected
Info: Applied modifier was not first, result may not be as expected
Info: Applied modifier was not first, result may not be as expected
Info: Applied modifier was not first, result may not be as expected
Info: Applied modifier was not first, result may not be as expected
Info: Applied modifier was not first, result may not be as expected
Info: Applied modifier was not first, result may not be as expected
Info: Applied modifier was not first, result may not be as expected
Info: Applied modifier was not first, result may not be as expected
Info: Applied modifier was not first, result may not be as expected
Info: Applied modifier was not first, result may not be as expected
Info: Applied modifier was not first, result may not be as expected
Info: Applied modifier was not first, result may not be as expected
Info: Applied modifier was not first, result may not be as expected
Info: Applied modifier was not first, result may not be as expected
Info: Applied modifier was not first, result may not be as expected
Info: Applied modifier was not first, result may not be as expected
Info: Applied modifier was not first, result may not be as expected
Info: Applied modifier was not first, result may not be as expected
Info: Applied modifier was not first, result may not be as expected
Info: Applied modifier was not first, result may not be as expected
Info: Applied modifier was not first, result may not be as expected
Info: Applied modifier was not first, result may not be as expected
Info: Applied modifier was not first, result may not be as expected
Info: Applied modifier was not first, result may not be as expected
Info: Applied modifier was not first, result may not be as expected
Info: Applied modifier was not first, result may not be as expected
Info: Applied modifier was not first, result may not be as expected
Info: Applied modifier was not first, result may not be as expected
Info: Applied modifier was not first, result may not be as expected
Info: Applied modifier was not first, result may not be as expected
Info: Applied modifier was not first, result may not be as expected
Info: Applied modifier was not first, result may not be as expected
Info: Applied modifier was not first, result may not be as expected
Info: Applied modifier was not first, result may not be as expected
Info: Applied modifier was not first, result may not be as expected
Info: Applied modifier was not first, result may not be as expected
Info: Applied modifier was not first, result may not be as expected
Info: Applied modifier was not first, result may not be as expected
Info: Applied modifier was not first, result may not be as expected
Info: Applied modifier was not first, result may not be as expected
Info: Applied modifier was not first, result may not be as expected
Info: Applied modifier was not first, result may not be as expected
Info: Applied modifier was not first, result may not be as expected
Info: Applied modifier was not first, result may not be as expected
Info: Applied modifier was not first, result may not be as expected
Info: Applied modifier was not first, result may not be as expected
Info: Applied modifier was not first, result may not be as expected
Info: Applied modifier was not first, result may not be as expected
11:50:45 | INFO: Data are loaded, start creating Blender stuff
11:50:45 | INFO: Blender create Mesh node potted_plant_01_base_low
11:50:45 | INFO: Blender create Mesh node Circle.008
11:50:45 | INFO: Blender create Mesh node Circle.002
11:50:45 | INFO: Blender create Mesh node Plane.070
11:50:45 | INFO: glTF import finished in 0.09s
Blender 4.5.0 (hash 8cb6b388974a built 2025-07-15 01:35:28)
Fra:1 Mem:167.05M (Peak 174.41M) | Time:00:00.02 | Mem:0.02M, Peak:0.02M | Scene, ViewLayer | Synchronizing object | Seabed
Fra:1 Mem:167.06M (Peak 174.41M) | Time:00:00.02 | Mem:0.02M, Peak:0.02M | Scene, ViewLayer | Synchronizing object | Brass step nosing.004
Fra:1 Mem:169.06M (Peak 174.41M) | Time:00:00.02 | Mem:0.02M, Peak:0.02M | Scene, ViewLayer | Synchronizing object | Brass step nosing.006
Fra:1 Mem:169.07M (Peak 174.41M) | Time:00:00.02 | Mem:0.02M, Peak:0.02M | Scene, ViewLayer | Synchronizing object | Brass step nosing.007
Fra:1 Mem:169.10M (Peak 174.41M) | Time:00:00.02 | Mem:0.02M, Peak:0.02M | Scene, ViewLayer | Synchronizing object | Dressed stone tread.008
Fra:1 Mem:169.55M (Peak 174.41M) | Time:00:00.02 | Mem:0.02M, Peak:0.02M | Scene, ViewLayer | Synchronizing object | Brass step nosing.008
Fra:1 Mem:169.60M (Peak 174.41M) | Time:00:00.02 | Mem:0.02M, Peak:0.02M | Scene, ViewLayer | Synchronizing object | Dressed stone tread.009
Fra:1 Mem:169.57M (Peak 174.41M) | Time:00:00.02 | Mem:0.02M, Peak:0.02M | Scene, ViewLayer | Synchronizing object | Brass step nosing.009
Fra:1 Mem:169.53M (Peak 174.41M) | Time:00:00.02 | Mem:0.02M, Peak:0.02M | Scene, ViewLayer | Synchronizing object | Dressed stone tread.013
Fra:1 Mem:169.56M (Peak 174.41M) | Time:00:00.02 | Mem:0.02M, Peak:0.02M | Scene, ViewLayer | Synchronizing object | Bronze baluster
Fra:1 Mem:169.56M (Peak 174.41M) | Time:00:00.02 | Mem:0.02M, Peak:0.02M | Scene, ViewLayer | Synchronizing object | Bronze baluster.001
Fra:1 Mem:169.60M (Peak 174.41M) | Time:00:00.02 | Mem:0.02M, Peak:0.02M | Scene, ViewLayer | Synchronizing object | Bronze baluster.004
Fra:1 Mem:169.67M (Peak 174.41M) | Time:00:00.02 | Mem:0.02M, Peak:0.02M | Scene, ViewLayer | Synchronizing object | Slim brass handrail.001
Fra:1 Mem:169.63M (Peak 174.41M) | Time:00:00.02 | Mem:0.02M, Peak:0.02M | Scene, ViewLayer | Synchronizing object | Bronze baluster.005
Fra:1 Mem:169.63M (Peak 174.41M) | Time:00:00.02 | Mem:0.02M, Peak:0.02M | Scene, ViewLayer | Synchronizing object | Bronze baluster.007
Fra:1 Mem:169.69M (Peak 174.41M) | Time:00:00.02 | Mem:0.02M, Peak:0.02M | Scene, ViewLayer | Synchronizing object | Bronze baluster.009
Fra:1 Mem:169.65M (Peak 174.41M) | Time:00:00.02 | Mem:0.02M, Peak:0.02M | Scene, ViewLayer | Synchronizing object | Dressed stone tread.014
Fra:1 Mem:169.65M (Peak 174.41M) | Time:00:00.02 | Mem:0.02M, Peak:0.02M | Scene, ViewLayer | Synchronizing object | Brass step nosing.015
Fra:1 Mem:169.68M (Peak 174.41M) | Time:00:00.02 | Mem:0.02M, Peak:0.02M | Scene, ViewLayer | Synchronizing object | Dressed stone tread.016
Fra:1 Mem:169.77M (Peak 174.41M) | Time:00:00.02 | Mem:0.02M, Peak:0.02M | Scene, ViewLayer | Synchronizing object | Brass step nosing.017
Fra:1 Mem:169.79M (Peak 174.41M) | Time:00:00.02 | Mem:0.02M, Peak:0.02M | Scene, ViewLayer | Synchronizing object | Dressed stone tread.018
Fra:1 Mem:169.78M (Peak 174.41M) | Time:00:00.02 | Mem:0.02M, Peak:0.02M | Scene, ViewLayer | Synchronizing object | Brass step nosing.019
Fra:1 Mem:169.83M (Peak 174.41M) | Time:00:00.02 | Mem:0.02M, Peak:0.02M | Scene, ViewLayer | Synchronizing object | Dressed stone tread.020
Fra:1 Mem:169.86M (Peak 174.41M) | Time:00:00.02 | Mem:0.02M, Peak:0.02M | Scene, ViewLayer | Synchronizing object | Brass step nosing.020
Fra:1 Mem:169.89M (Peak 174.41M) | Time:00:00.02 | Mem:0.02M, Peak:0.02M | Scene, ViewLayer | Synchronizing object | Slim brass handrail.002
Fra:1 Mem:169.91M (Peak 174.41M) | Time:00:00.02 | Mem:0.02M, Peak:0.02M | Scene, ViewLayer | Synchronizing object | Bronze baluster.010
Fra:1 Mem:169.90M (Peak 174.41M) | Time:00:00.02 | Mem:0.02M, Peak:0.02M | Scene, ViewLayer | Synchronizing object | Bronze baluster.012
Fra:1 Mem:169.91M (Peak 174.41M) | Time:00:00.02 | Mem:0.02M, Peak:0.02M | Scene, ViewLayer | Synchronizing object | Bronze baluster.014
Fra:1 Mem:170.08M (Peak 174.41M) | Time:00:00.02 | Mem:0.02M, Peak:0.02M | Scene, ViewLayer | Synchronizing object | Dressed stone tread.021
Fra:1 Mem:170.14M (Peak 174.41M) | Time:00:00.02 | Mem:0.02M, Peak:0.02M | Scene, ViewLayer | Synchronizing object | Brass step nosing.022
Fra:1 Mem:170.21M (Peak 174.41M) | Time:00:00.02 | Mem:0.02M, Peak:0.02M | Scene, ViewLayer | Synchronizing object | Dressed stone tread.023
Fra:1 Mem:170.15M (Peak 174.41M) | Time:00:00.02 | Mem:0.02M, Peak:0.02M | Scene, ViewLayer | Synchronizing object | Brass step nosing.023
Fra:1 Mem:170.19M (Peak 174.41M) | Time:00:00.02 | Mem:0.02M, Peak:0.02M | Scene, ViewLayer | Synchronizing object | Brass step nosing.024
Fra:1 Mem:170.21M (Peak 174.41M) | Time:00:00.02 | Mem:0.02M, Peak:0.02M | Scene, ViewLayer | Synchronizing object | Dressed stone tread.026
Fra:1 Mem:170.19M (Peak 174.41M) | Time:00:00.02 | Mem:0.02M, Peak:0.02M | Scene, ViewLayer | Synchronizing object | Dressed stone tread.027
Fra:1 Mem:170.19M (Peak 174.41M) | Time:00:00.02 | Mem:0.02M, Peak:0.02M | Scene, ViewLayer | Synchronizing object | Brass step nosing.027
Fra:1 Mem:170.23M (Peak 174.41M) | Time:00:00.02 | Mem:0.02M, Peak:0.02M | Scene, ViewLayer | Synchronizing object | Slim brass handrail.004
Fra:1 Mem:170.25M (Peak 174.41M) | Time:00:00.02 | Mem:0.02M, Peak:0.02M | Scene, ViewLayer | Synchronizing object | Bronze baluster.016
Fra:1 Mem:170.27M (Peak 174.41M) | Time:00:00.02 | Mem:0.02M, Peak:0.02M | Scene, ViewLayer | Synchronizing object | Bronze baluster.017
Fra:1 Mem:170.31M (Peak 174.41M) | Time:00:00.02 | Mem:0.02M, Peak:0.02M | Scene, ViewLayer | Synchronizing object | Bronze baluster.018
Fra:1 Mem:170.30M (Peak 174.41M) | Time:00:00.02 | Mem:0.02M, Peak:0.02M | Scene, ViewLayer | Synchronizing object | Bronze baluster.019
Fra:1 Mem:170.32M (Peak 174.41M) | Time:00:00.02 | Mem:0.02M, Peak:0.02M | Scene, ViewLayer | Synchronizing object | Bronze baluster.020
Fra:1 Mem:170.33M (Peak 174.41M) | Time:00:00.02 | Mem:0.02M, Peak:0.02M | Scene, ViewLayer | Synchronizing object | Bronze baluster.021
Fra:1 Mem:170.35M (Peak 174.41M) | Time:00:00.02 | Mem:0.02M, Peak:0.02M | Scene, ViewLayer | Synchronizing object | Brass step nosing.028
Fra:1 Mem:170.37M (Peak 174.41M) | Time:00:00.02 | Mem:0.02M, Peak:0.02M | Scene, ViewLayer | Synchronizing object | Dressed stone tread.029
Fra:1 Mem:170.54M (Peak 174.41M) | Time:00:00.02 | Mem:0.02M, Peak:0.02M | Scene, ViewLayer | Synchronizing object | Brass step nosing.029
Fra:1 Mem:170.59M (Peak 174.41M) | Time:00:00.02 | Mem:0.02M, Peak:0.02M | Scene, ViewLayer | Synchronizing object | Dressed stone tread.030
Fra:1 Mem:170.64M (Peak 174.41M) | Time:00:00.02 | Mem:0.02M, Peak:0.02M | Scene, ViewLayer | Synchronizing object | Brass step nosing.030
Fra:1 Mem:170.70M (Peak 174.41M) | Time:00:00.02 | Mem:0.02M, Peak:0.02M | Scene, ViewLayer | Synchronizing object | Brass step nosing.032
Fra:1 Mem:170.70M (Peak 174.41M) | Time:00:00.02 | Mem:0.02M, Peak:0.02M | Scene, ViewLayer | Synchronizing object | Dressed stone tread.033
Fra:1 Mem:170.63M (Peak 174.41M) | Time:00:00.02 | Mem:0.02M, Peak:0.02M | Scene, ViewLayer | Synchronizing object | Dressed stone tread.035
Fra:1 Mem:170.68M (Peak 174.41M) | Time:00:00.02 | Mem:0.02M, Peak:0.02M | Scene, ViewLayer | Synchronizing object | Dressed stone tread.036
Fra:1 Mem:170.71M (Peak 174.41M) | Time:00:00.02 | Mem:0.02M, Peak:0.02M | Scene, ViewLayer | Synchronizing object | Brass step nosing.036
Fra:1 Mem:170.74M (Peak 174.41M) | Time:00:00.02 | Mem:0.02M, Peak:0.02M | Scene, ViewLayer | Synchronizing object | Brass step nosing.037
Fra:1 Mem:170.76M (Peak 174.41M) | Time:00:00.02 | Mem:0.02M, Peak:0.02M | Scene, ViewLayer | Synchronizing object | Dressed stone tread.038
Fra:1 Mem:170.83M (Peak 174.41M) | Time:00:00.02 | Mem:0.02M, Peak:0.02M | Scene, ViewLayer | Synchronizing object | Brass step nosing.038
Fra:1 Mem:170.89M (Peak 174.41M) | Time:00:00.02 | Mem:0.02M, Peak:0.02M | Scene, ViewLayer | Synchronizing object | Dressed stone tread.039
Fra:1 Mem:171.03M (Peak 174.41M) | Time:00:00.02 | Mem:0.02M, Peak:0.02M | Scene, ViewLayer | Synchronizing object | Brass step nosing.039
Fra:1 Mem:171.07M (Peak 174.41M) | Time:00:00.02 | Mem:0.02M, Peak:0.02M | Scene, ViewLayer | Synchronizing object | Dressed stone tread.040
Fra:1 Mem:171.10M (Peak 174.41M) | Time:00:00.02 | Mem:0.02M, Peak:0.02M | Scene, ViewLayer | Synchronizing object | Brass step nosing.041
Fra:1 Mem:171.16M (Peak 174.41M) | Time:00:00.02 | Mem:0.02M, Peak:0.02M | Scene, ViewLayer | Synchronizing object | Bronze baluster.022
Fra:1 Mem:171.29M (Peak 174.41M) | Time:00:00.02 | Mem:0.02M, Peak:0.02M | Scene, ViewLayer | Synchronizing object | Bronze baluster.024
Fra:1 Mem:171.23M (Peak 174.41M) | Time:00:00.02 | Mem:0.02M, Peak:0.02M | Scene, ViewLayer | Synchronizing object | Slim brass handrail.007
Fra:1 Mem:171.31M (Peak 174.41M) | Time:00:00.02 | Mem:0.02M, Peak:0.02M | Scene, ViewLayer | Synchronizing object | Bronze baluster.030
Fra:1 Mem:171.32M (Peak 174.41M) | Time:00:00.02 | Mem:0.02M, Peak:0.02M | Scene, ViewLayer | Synchronizing object | Bronze baluster.031
Fra:1 Mem:171.30M (Peak 174.41M) | Time:00:00.02 | Mem:0.02M, Peak:0.02M | Scene, ViewLayer | Synchronizing object | Landing perimeter handrail.002
Fra:1 Mem:171.32M (Peak 174.41M) | Time:00:00.02 | Mem:0.02M, Peak:0.02M | Scene, ViewLayer | Synchronizing object | Corner baluster
Fra:1 Mem:171.30M (Peak 174.41M) | Time:00:00.02 | Mem:0.02M, Peak:0.02M | Scene, ViewLayer | Synchronizing object | Landing perimeter handrail.003
Fra:1 Mem:171.32M (Peak 174.41M) | Time:00:00.02 | Mem:0.02M, Peak:0.02M | Scene, ViewLayer | Synchronizing object | Corner baluster.001
Fra:1 Mem:171.37M (Peak 174.41M) | Time:00:00.02 | Mem:0.02M, Peak:0.02M | Scene, ViewLayer | Synchronizing object | Landing perimeter handrail.006
Fra:1 Mem:171.33M (Peak 174.41M) | Time:00:00.02 | Mem:0.02M, Peak:0.02M | Scene, ViewLayer | Synchronizing object | Pavilion entry gatepost.002
Fra:1 Mem:171.33M (Peak 174.41M) | Time:00:00.02 | Mem:0.02M, Peak:0.02M | Scene, ViewLayer | Synchronizing object | Pavilion entry gatepost.003
Fra:1 Mem:171.34M (Peak 174.41M) | Time:00:00.02 | Mem:0.02M, Peak:0.02M | Scene, ViewLayer | Synchronizing object | Corner baluster.002
Fra:1 Mem:171.35M (Peak 174.41M) | Time:00:00.02 | Mem:0.02M, Peak:0.02M | Scene, ViewLayer | Synchronizing object | Landing perimeter handrail.009
Fra:1 Mem:171.35M (Peak 174.41M) | Time:00:00.02 | Mem:0.02M, Peak:0.02M | Scene, ViewLayer | Synchronizing object | Landing perimeter handrail.010
Fra:1 Mem:171.36M (Peak 174.41M) | Time:00:00.02 | Mem:0.02M, Peak:0.02M | Scene, ViewLayer | Synchronizing object | Landing perimeter handrail.011
Fra:1 Mem:171.40M (Peak 174.41M) | Time:00:00.02 | Mem:0.02M, Peak:0.02M | Scene, ViewLayer | Synchronizing object | Pavilion entry gatepost.004
Fra:1 Mem:171.39M (Peak 174.41M) | Time:00:00.02 | Mem:0.02M, Peak:0.02M | Scene, ViewLayer | Synchronizing object | Landing perimeter handrail.012
Fra:1 Mem:171.40M (Peak 174.41M) | Time:00:00.02 | Mem:0.02M, Peak:0.02M | Scene, ViewLayer | Synchronizing object | Landing perimeter handrail.013
Fra:1 Mem:171.40M (Peak 174.41M) | Time:00:00.02 | Mem:0.02M, Peak:0.02M | Scene, ViewLayer | Synchronizing object | Landing perimeter handrail.014
Fra:1 Mem:171.40M (Peak 174.41M) | Time:00:00.02 | Mem:0.02M, Peak:0.02M | Scene, ViewLayer | Synchronizing object | Corner baluster.005
Fra:1 Mem:171.41M (Peak 174.41M) | Time:00:00.02 | Mem:0.02M, Peak:0.02M | Scene, ViewLayer | Synchronizing object | Landing perimeter handrail.015
Fra:1 Mem:171.46M (Peak 174.41M) | Time:00:00.02 | Mem:0.02M, Peak:0.02M | Scene, ViewLayer | Synchronizing object | Landing perimeter handrail.016
Fra:1 Mem:171.45M (Peak 174.41M) | Time:00:00.02 | Mem:0.02M, Peak:0.02M | Scene, ViewLayer | Synchronizing object | Pavilion entry gatepost.006
Fra:1 Mem:171.47M (Peak 174.41M) | Time:00:00.02 | Mem:0.02M, Peak:0.02M | Scene, ViewLayer | Synchronizing object | Landing perimeter handrail.017
Fra:1 Mem:171.47M (Peak 174.41M) | Time:00:00.02 | Mem:0.02M, Peak:0.02M | Scene, ViewLayer | Synchronizing object | Landing perimeter handrail.019
Fra:1 Mem:171.48M (Peak 174.41M) | Time:00:00.02 | Mem:0.02M, Peak:0.02M | Scene, ViewLayer | Synchronizing object | Illusion corner landing 0
Fra:1 Mem:171.52M (Peak 174.41M) | Time:00:00.02 | Mem:0.02M, Peak:0.02M | Scene, ViewLayer | Synchronizing object | Illusion corner landing 1
Fra:1 Mem:171.51M (Peak 174.41M) | Time:00:00.02 | Mem:0.02M, Peak:0.02M | Scene, ViewLayer | Synchronizing object | Raised standing seam
Fra:1 Mem:171.60M (Peak 174.41M) | Time:00:00.02 | Mem:0.02M, Peak:0.02M | Scene, ViewLayer | Synchronizing object | Stair support 1 footing
Fra:1 Mem:171.60M (Peak 174.41M) | Time:00:00.02 | Mem:0.02M, Peak:0.02M | Scene, ViewLayer | Synchronizing object | Stair support 1 capital
Fra:1 Mem:171.62M (Peak 174.41M) | Time:00:00.02 | Mem:0.02M, Peak:0.02M | Scene, ViewLayer | Synchronizing object | Fine horizontal masonry joint
Fra:1 Mem:171.63M (Peak 174.41M) | Time:00:00.02 | Mem:0.02M, Peak:0.02M | Scene, ViewLayer | Synchronizing object | Raised standing seam.001
Fra:1 Mem:171.66M (Peak 174.41M) | Time:00:00.02 | Mem:0.02M, Peak:0.02M | Scene, ViewLayer | Synchronizing object | Fine horizontal masonry joint.002
Fra:1 Mem:171.66M (Peak 174.41M) | Time:00:00.02 | Mem:0.02M, Peak:0.02M | Scene, ViewLayer | Synchronizing object | Fine horizontal masonry joint.003
Fra:1 Mem:171.69M (Peak 174.41M) | Time:00:00.02 | Mem:0.02M, Peak:0.02M | Scene, ViewLayer | Synchronizing object | Fine horizontal masonry joint.004
Fra:1 Mem:171.67M (Peak 174.41M) | Time:00:00.02 | Mem:0.02M, Peak:0.02M | Scene, ViewLayer | Synchronizing object | Fine horizontal masonry joint.005
Fra:1 Mem:171.68M (Peak 174.41M) | Time:00:00.02 | Mem:0.02M, Peak:0.02M | Scene, ViewLayer | Synchronizing object | Illusion corner landing 2
Fra:1 Mem:171.73M (Peak 174.41M) | Time:00:00.02 | Mem:0.02M, Peak:0.02M | Scene, ViewLayer | Synchronizing object | Stair support 2 footing
Fra:1 Mem:171.81M (Peak 174.41M) | Time:00:00.02 | Mem:0.02M, Peak:0.02M | Scene, ViewLayer | Synchronizing object | Stair support 2 capital
Fra:1 Mem:171.91M (Peak 174.41M) | Time:00:00.02 | Mem:0.02M, Peak:0.02M | Scene, ViewLayer | Synchronizing object | Fine horizontal masonry joint.007
Fra:1 Mem:171.91M (Peak 174.41M) | Time:00:00.02 | Mem:0.02M, Peak:0.02M | Scene, ViewLayer | Synchronizing object | Fine horizontal masonry joint.008
Fra:1 Mem:171.92M (Peak 174.41M) | Time:00:00.02 | Mem:0.02M, Peak:0.02M | Scene, ViewLayer | Synchronizing object | Fine horizontal masonry joint.011
Fra:1 Mem:172.02M (Peak 174.41M) | Time:00:00.02 | Mem:0.02M, Peak:0.02M | Scene, ViewLayer | Synchronizing object | Raised standing seam.002
Fra:1 Mem:172.03M (Peak 174.41M) | Time:00:00.02 | Mem:0.02M, Peak:0.02M | Scene, ViewLayer | Synchronizing object | Stair support 3
Fra:1 Mem:172.02M (Peak 174.41M) | Time:00:00.02 | Mem:0.02M, Peak:0.02M | Scene, ViewLayer | Synchronizing object | Stair support 3 footing
Fra:1 Mem:172.06M (Peak 174.41M) | Time:00:00.02 | Mem:0.02M, Peak:0.02M | Scene, ViewLayer | Synchronizing object | Stair support 3 capital
Fra:1 Mem:172.11M (Peak 174.41M) | Time:00:00.02 | Mem:0.02M, Peak:0.02M | Scene, ViewLayer | Synchronizing object | Fine horizontal masonry joint.014
Fra:1 Mem:172.22M (Peak 174.41M) | Time:00:00.02 | Mem:0.02M, Peak:0.02M | Scene, ViewLayer | Synchronizing object | Fine horizontal masonry joint.015
Fra:1 Mem:172.19M (Peak 174.41M) | Time:00:00.02 | Mem:0.02M, Peak:0.02M | Scene, ViewLayer | Synchronizing object | Fine horizontal masonry joint.018
Fra:1 Mem:172.26M (Peak 174.41M) | Time:00:00.02 | Mem:0.02M, Peak:0.02M | Scene, ViewLayer | Synchronizing object | Fine horizontal masonry joint.019
Fra:1 Mem:172.40M (Peak 174.41M) | Time:00:00.02 | Mem:0.02M, Peak:0.02M | Scene, ViewLayer | Synchronizing object | Fine horizontal masonry joint.020
Fra:1 Mem:172.43M (Peak 174.41M) | Time:00:00.02 | Mem:0.02M, Peak:0.02M | Scene, ViewLayer | Synchronizing object | Fine horizontal masonry joint.021
Fra:1 Mem:172.45M (Peak 174.41M) | Time:00:00.02 | Mem:0.02M, Peak:0.02M | Scene, ViewLayer | Synchronizing object | Raised standing seam.003
Fra:1 Mem:172.50M (Peak 174.41M) | Time:00:00.02 | Mem:0.02M, Peak:0.02M | Scene, ViewLayer | Synchronizing object | Stair support 4 capital
Fra:1 Mem:172.55M (Peak 174.41M) | Time:00:00.02 | Mem:0.02M, Peak:0.02M | Scene, ViewLayer | Synchronizing object | Fine horizontal masonry joint.023
Fra:1 Mem:172.61M (Peak 174.41M) | Time:00:00.02 | Mem:0.02M, Peak:0.02M | Scene, ViewLayer | Synchronizing object | Fine horizontal masonry joint.024
Fra:1 Mem:172.65M (Peak 174.41M) | Time:00:00.02 | Mem:0.02M, Peak:0.02M | Scene, ViewLayer | Synchronizing object | Fine horizontal masonry joint.025
Fra:1 Mem:172.66M (Peak 174.41M) | Time:00:00.02 | Mem:0.02M, Peak:0.02M | Scene, ViewLayer | Synchronizing object | Fine horizontal masonry joint.026
Fra:1 Mem:172.69M (Peak 174.41M) | Time:00:00.02 | Mem:0.02M, Peak:0.02M | Scene, ViewLayer | Synchronizing object | Fine horizontal masonry joint.028
Fra:1 Mem:172.70M (Peak 174.41M) | Time:00:00.02 | Mem:0.02M, Peak:0.02M | Scene, ViewLayer | Synchronizing object | Fine horizontal masonry joint.029
Fra:1 Mem:172.72M (Peak 174.41M) | Time:00:00.02 | Mem:0.02M, Peak:0.02M | Scene, ViewLayer | Synchronizing object | Fine horizontal masonry joint.030
Fra:1 Mem:172.95M (Peak 174.41M) | Time:00:00.02 | Mem:0.02M, Peak:0.02M | Scene, ViewLayer | Synchronizing object | Fine horizontal masonry joint.031
Fra:1 Mem:173.09M (Peak 174.41M) | Time:00:00.02 | Mem:0.02M, Peak:0.02M | Scene, ViewLayer | Synchronizing object | Fine horizontal masonry joint.032
Fra:1 Mem:173.05M (Peak 174.41M) | Time:00:00.02 | Mem:0.02M, Peak:0.02M | Scene, ViewLayer | Synchronizing object | Fine horizontal masonry joint.034
Fra:1 Mem:173.03M (Peak 174.41M) | Time:00:00.02 | Mem:0.02M, Peak:0.02M | Scene, ViewLayer | Synchronizing object | Arrival terrace
Fra:1 Mem:173.16M (Peak 174.41M) | Time:00:00.02 | Mem:0.02M, Peak:0.02M | Scene, ViewLayer | Synchronizing object | Sea arcade jamb
Fra:1 Mem:173.16M (Peak 174.41M) | Time:00:00.02 | Mem:0.02M, Peak:0.02M | Scene, ViewLayer | Synchronizing object | Sea arcade jamb.003
Fra:1 Mem:173.16M (Peak 174.41M) | Time:00:00.02 | Mem:0.02M, Peak:0.02M | Scene, ViewLayer | Synchronizing object | Sea arcade jamb.004
Fra:1 Mem:173.44M (Peak 174.41M) | Time:00:00.02 | Mem:0.02M, Peak:0.02M | Scene, ViewLayer | Synchronizing object | Sea arcade jamb.005
Fra:1 Mem:173.48M (Peak 174.41M) | Time:00:00.02 | Mem:0.02M, Peak:0.02M | Scene, ViewLayer | Synchronizing object | Brass step nosing.043
Fra:1 Mem:173.50M (Peak 174.41M) | Time:00:00.02 | Mem:0.02M, Peak:0.02M | Scene, ViewLayer | Synchronizing object | Brass step nosing.044
Fra:1 Mem:173.44M (Peak 174.41M) | Time:00:00.02 | Mem:0.02M, Peak:0.02M | Scene, ViewLayer | Synchronizing object | Dressed stone tread.045
Fra:1 Mem:173.49M (Peak 174.41M) | Time:00:00.02 | Mem:0.02M, Peak:0.02M | Scene, ViewLayer | Synchronizing object | Dressed stone tread.046
Fra:1 Mem:173.48M (Peak 174.41M) | Time:00:00.02 | Mem:0.02M, Peak:0.02M | Scene, ViewLayer | Synchronizing object | Brass step nosing.046
Fra:1 Mem:173.59M (Peak 174.41M) | Time:00:00.02 | Mem:0.02M, Peak:0.02M | Scene, ViewLayer | Synchronizing object | Brass step nosing.048
Fra:1 Mem:173.59M (Peak 174.41M) | Time:00:00.02 | Mem:0.02M, Peak:0.02M | Scene, ViewLayer | Synchronizing object | Dressed stone tread.049
Fra:1 Mem:173.60M (Peak 174.41M) | Time:00:00.02 | Mem:0.02M, Peak:0.02M | Scene, ViewLayer | Synchronizing object | Brass step nosing.049
Fra:1 Mem:173.67M (Peak 174.41M) | Time:00:00.02 | Mem:0.02M, Peak:0.02M | Scene, ViewLayer | Synchronizing object | Dressed stone tread.050
Fra:1 Mem:173.76M (Peak 174.41M) | Time:00:00.02 | Mem:0.02M, Peak:0.02M | Scene, ViewLayer | Synchronizing object | Brass step nosing.050
Fra:1 Mem:173.79M (Peak 174.41M) | Time:00:00.02 | Mem:0.02M, Peak:0.02M | Scene, ViewLayer | Synchronizing object | Dressed stone tread.051
Fra:1 Mem:173.92M (Peak 174.41M) | Time:00:00.02 | Mem:0.02M, Peak:0.02M | Scene, ViewLayer | Synchronizing object | Dressed stone tread.053
Fra:1 Mem:173.89M (Peak 174.41M) | Time:00:00.02 | Mem:0.02M, Peak:0.02M | Scene, ViewLayer | Synchronizing object | Brass step nosing.053
Fra:1 Mem:173.88M (Peak 174.41M) | Time:00:00.02 | Mem:0.02M, Peak:0.02M | Scene, ViewLayer | Synchronizing object | Bronze baluster.034
Fra:1 Mem:173.92M (Peak 174.41M) | Time:00:00.02 | Mem:0.02M, Peak:0.02M | Scene, ViewLayer | Synchronizing object | Bronze baluster.035
Fra:1 Mem:173.92M (Peak 174.41M) | Time:00:00.02 | Mem:0.02M, Peak:0.02M | Scene, ViewLayer | Synchronizing object | Slim brass handrail.009
Fra:1 Mem:173.92M (Peak 174.41M) | Time:00:00.02 | Mem:0.02M, Peak:0.02M | Scene, ViewLayer | Synchronizing object | Bronze baluster.037
Fra:1 Mem:173.95M (Peak 174.41M) | Time:00:00.02 | Mem:0.02M, Peak:0.02M | Scene, ViewLayer | Synchronizing object | Bronze baluster.038
Fra:1 Mem:173.98M (Peak 174.41M) | Time:00:00.02 | Mem:0.02M, Peak:0.02M | Scene, ViewLayer | Synchronizing object | Bronze baluster.039
Fra:1 Mem:174.02M (Peak 174.41M) | Time:00:00.02 | Mem:0.02M, Peak:0.02M | Scene, ViewLayer | Synchronizing object | Bronze baluster.040
Fra:1 Mem:174.04M (Peak 174.41M) | Time:00:00.02 | Mem:0.02M, Peak:0.02M | Scene, ViewLayer | Synchronizing object | Bronze baluster.041
Fra:1 Mem:174.06M (Peak 174.41M) | Time:00:00.02 | Mem:0.02M, Peak:0.02M | Scene, ViewLayer | Synchronizing object | Lower landing
Fra:1 Mem:174.09M (Peak 174.41M) | Time:00:00.02 | Mem:0.02M, Peak:0.02M | Scene, ViewLayer | Synchronizing object | Arrival shrine stylobate
Fra:1 Mem:174.13M (Peak 174.41M) | Time:00:00.02 | Mem:0.02M, Peak:0.02M | Scene, ViewLayer | Synchronizing object | Bronze inlay border
Fra:1 Mem:174.11M (Peak 174.41M) | Time:00:00.02 | Mem:0.02M, Peak:0.02M | Scene, ViewLayer | Synchronizing object | Bronze inlay border.001
Fra:1 Mem:174.17M (Peak 174.41M) | Time:00:00.02 | Mem:0.02M, Peak:0.02M | Scene, ViewLayer | Synchronizing object | Bronze inlay border.002
Fra:1 Mem:174.17M (Peak 174.41M) | Time:00:00.02 | Mem:0.02M, Peak:0.02M | Scene, ViewLayer | Synchronizing object | Bronze inlay border.004
Fra:1 Mem:174.19M (Peak 174.41M) | Time:00:00.02 | Mem:0.02M, Peak:0.02M | Scene, ViewLayer | Synchronizing object | Bronze inlay border.005
Fra:1 Mem:174.25M (Peak 174.41M) | Time:00:00.02 | Mem:0.02M, Peak:0.02M | Scene, ViewLayer | Synchronizing object | Bronze inlay border.006
Fra:1 Mem:174.24M (Peak 174.41M) | Time:00:00.02 | Mem:0.02M, Peak:0.02M | Scene, ViewLayer | Synchronizing object | Diamond inlaid stone
Fra:1 Mem:174.27M (Peak 174.41M) | Time:00:00.02 | Mem:0.02M, Peak:0.02M | Scene, ViewLayer | Synchronizing object | Arrival shrine jamb
Fra:1 Mem:174.34M (Peak 174.41M) | Time:00:00.02 | Mem:0.02M, Peak:0.02M | Scene, ViewLayer | Synchronizing object | Arrival shrine jamb.001
Fra:1 Mem:174.34M (Peak 174.41M) | Time:00:00.02 | Mem:0.02M, Peak:0.02M | Scene, ViewLayer | Synchronizing object | Arrival shrine jamb.002
Fra:1 Mem:174.41M (Peak 174.41M) | Time:00:00.02 | Mem:0.02M, Peak:0.02M | Scene, ViewLayer | Synchronizing object | Arrival shrine jamb.003
Fra:1 Mem:174.42M (Peak 174.42M) | Time:00:00.02 | Mem:0.02M, Peak:0.02M | Scene, ViewLayer | Synchronizing object | Arrival shrine jamb.005
Fra:1 Mem:174.50M (Peak 174.50M) | Time:00:00.02 | Mem:0.02M, Peak:0.02M | Scene, ViewLayer | Synchronizing object | Arrival shrine jamb.007
Fra:1 Mem:174.53M (Peak 174.53M) | Time:00:00.02 | Mem:0.02M, Peak:0.02M | Scene, ViewLayer | Synchronizing object | Arrival shrine bronze roof curb
Fra:1 Mem:174.56M (Peak 174.56M) | Time:00:00.02 | Mem:0.02M, Peak:0.02M | Scene, ViewLayer | Synchronizing object | Gilded finial
Fra:1 Mem:174.61M (Peak 174.61M) | Time:00:00.02 | Mem:0.02M, Peak:0.02M | Scene, ViewLayer | Synchronizing object | Sphere
Fra:1 Mem:174.64M (Peak 174.64M) | Time:00:00.02 | Mem:0.02M, Peak:0.02M | Scene, ViewLayer | Synchronizing object | Pavilion tower
Fra:1 Mem:174.67M (Peak 174.67M) | Time:00:00.02 | Mem:0.02M, Peak:0.02M | Scene, ViewLayer | Synchronizing object | Pavilion tower footing
Fra:1 Mem:174.67M (Peak 174.67M) | Time:00:00.02 | Mem:0.02M, Peak:0.02M | Scene, ViewLayer | Synchronizing object | Fine horizontal masonry joint.035
Fra:1 Mem:174.75M (Peak 174.75M) | Time:00:00.02 | Mem:0.02M, Peak:0.02M | Scene, ViewLayer | Synchronizing object | Fine horizontal masonry joint.036
Fra:1 Mem:174.73M (Peak 174.75M) | Time:00:00.02 | Mem:0.02M, Peak:0.02M | Scene, ViewLayer | Synchronizing object | Fine horizontal masonry joint.038
Fra:1 Mem:174.75M (Peak 174.75M) | Time:00:00.02 | Mem:0.02M, Peak:0.02M | Scene, ViewLayer | Synchronizing object | Fine horizontal masonry joint.039
Fra:1 Mem:174.78M (Peak 174.78M) | Time:00:00.02 | Mem:0.02M, Peak:0.02M | Scene, ViewLayer | Synchronizing object | Fine horizontal masonry joint.040
Fra:1 Mem:174.80M (Peak 174.80M) | Time:00:00.02 | Mem:0.02M, Peak:0.02M | Scene, ViewLayer | Synchronizing object | Island pavilion 0 stylobate
Fra:1 Mem:174.87M (Peak 174.87M) | Time:00:00.02 | Mem:0.02M, Peak:0.02M | Scene, ViewLayer | Synchronizing object | Bronze inlay border.008
Fra:1 Mem:174.87M (Peak 174.87M) | Time:00:00.02 | Mem:0.02M, Peak:0.02M | Scene, ViewLayer | Synchronizing object | Bronze inlay border.009
Fra:1 Mem:174.90M (Peak 174.90M) | Time:00:00.02 | Mem:0.02M, Peak:0.02M | Scene, ViewLayer | Synchronizing object | Bronze inlay border.013
Fra:1 Mem:175.10M (Peak 175.11M) | Time:00:00.02 | Mem:0.02M, Peak:0.02M | Scene, ViewLayer | Synchronizing object | Bronze inlay border.014
Fra:1 Mem:175.11M (Peak 175.11M) | Time:00:00.02 | Mem:0.02M, Peak:0.02M | Scene, ViewLayer | Synchronizing object | Bronze inlay border.015
Fra:1 Mem:175.21M (Peak 175.21M) | Time:00:00.02 | Mem:0.02M, Peak:0.02M | Scene, ViewLayer | Synchronizing object | Island pavilion 0 jamb
Fra:1 Mem:175.19M (Peak 175.21M) | Time:00:00.02 | Mem:0.02M, Peak:0.02M | Scene, ViewLayer | Synchronizing object | Island pavilion 0 jamb.002
Fra:1 Mem:175.24M (Peak 175.24M) | Time:00:00.02 | Mem:0.02M, Peak:0.02M | Scene, ViewLayer | Synchronizing object | Island pavilion 0 jamb.003
Fra:1 Mem:175.24M (Peak 175.24M) | Time:00:00.02 | Mem:0.02M, Peak:0.02M | Scene, ViewLayer | Synchronizing object | Island pavilion 0 jamb.004
Fra:1 Mem:175.27M (Peak 175.27M) | Time:00:00.02 | Mem:0.02M, Peak:0.02M | Scene, ViewLayer | Synchronizing object | Island pavilion 0 jamb.005
Fra:1 Mem:175.29M (Peak 175.29M) | Time:00:00.02 | Mem:0.02M, Peak:0.02M | Scene, ViewLayer | Synchronizing object | Island pavilion 0 jamb.007
Fra:1 Mem:175.30M (Peak 175.30M) | Time:00:00.02 | Mem:0.02M, Peak:0.02M | Scene, ViewLayer | Synchronizing object | Island pavilion 0 cornice
Fra:1 Mem:175.36M (Peak 175.36M) | Time:00:00.02 | Mem:0.02M, Peak:0.02M | Scene, ViewLayer | Synchronizing object | Island pavilion 0 bronze roof curb
Fra:1 Mem:175.41M (Peak 175.41M) | Time:00:00.02 | Mem:0.02M, Peak:0.02M | Scene, ViewLayer | Synchronizing object | Gilded finial.001
Fra:1 Mem:175.56M (Peak 175.56M) | Time:00:00.02 | Mem:0.02M, Peak:0.02M | Scene, ViewLayer | Synchronizing object | Sphere.001
Fra:1 Mem:175.64M (Peak 175.64M) | Time:00:00.02 | Mem:0.02M, Peak:0.02M | Scene, ViewLayer | Synchronizing object | Pavilion tower footing.001
Fra:1 Mem:175.73M (Peak 175.73M) | Time:00:00.02 | Mem:0.02M, Peak:0.02M | Scene, ViewLayer | Synchronizing object | Raised standing seam.008
Fra:1 Mem:175.70M (Peak 175.73M) | Time:00:00.02 | Mem:0.02M, Peak:0.02M | Scene, ViewLayer | Synchronizing object | Fine horizontal masonry joint.041
Fra:1 Mem:175.83M (Peak 175.83M) | Time:00:00.02 | Mem:0.02M, Peak:0.02M | Scene, ViewLayer | Synchronizing object | Fine horizontal masonry joint.043
Fra:1 Mem:175.79M (Peak 175.83M) | Time:00:00.02 | Mem:0.02M, Peak:0.02M | Scene, ViewLayer | Synchronizing object | Fine horizontal masonry joint.044
Fra:1 Mem:175.81M (Peak 175.83M) | Time:00:00.02 | Mem:0.02M, Peak:0.02M | Scene, ViewLayer | Synchronizing object | Fine horizontal masonry joint.045
Fra:1 Mem:175.86M (Peak 175.86M) | Time:00:00.02 | Mem:0.02M, Peak:0.02M | Scene, ViewLayer | Synchronizing object | Fine horizontal masonry joint.047
Fra:1 Mem:175.92M (Peak 175.92M) | Time:00:00.02 | Mem:0.02M, Peak:0.02M | Scene, ViewLayer | Synchronizing object | Fine horizontal masonry joint.048
Fra:1 Mem:175.94M (Peak 175.94M) | Time:00:00.02 | Mem:0.02M, Peak:0.02M | Scene, ViewLayer | Synchronizing object | Inset stone paving.002
Fra:1 Mem:175.92M (Peak 175.94M) | Time:00:00.02 | Mem:0.02M, Peak:0.02M | Scene, ViewLayer | Synchronizing object | Bronze inlay border.016
Fra:1 Mem:175.96M (Peak 175.96M) | Time:00:00.02 | Mem:0.02M, Peak:0.02M | Scene, ViewLayer | Synchronizing object | Bronze inlay border.018
Fra:1 Mem:176.04M (Peak 176.04M) | Time:00:00.02 | Mem:0.02M, Peak:0.02M | Scene, ViewLayer | Synchronizing object | Bronze inlay border.019
Fra:1 Mem:176.05M (Peak 176.05M) | Time:00:00.02 | Mem:0.02M, Peak:0.02M | Scene, ViewLayer | Synchronizing object | Bronze inlay border.020
Fra:1 Mem:176.09M (Peak 176.09M) | Time:00:00.02 | Mem:0.02M, Peak:0.02M | Scene, ViewLayer | Synchronizing object | Bronze inlay border.023
Fra:1 Mem:176.10M (Peak 176.10M) | Time:00:00.02 | Mem:0.02M, Peak:0.02M | Scene, ViewLayer | Synchronizing object | Bronze inlay border.022
Fra:1 Mem:176.14M (Peak 176.14M) | Time:00:00.02 | Mem:0.02M, Peak:0.02M | Scene, ViewLayer | Synchronizing object | Diamond inlaid stone.002
Fra:1 Mem:176.26M (Peak 176.26M) | Time:00:00.02 | Mem:0.02M, Peak:0.02M | Scene, ViewLayer | Synchronizing object | Island pavilion 1 jamb
Fra:1 Mem:176.28M (Peak 176.28M) | Time:00:00.02 | Mem:0.02M, Peak:0.02M | Scene, ViewLayer | Synchronizing object | Island pavilion 1 jamb.003
Fra:1 Mem:176.28M (Peak 176.28M) | Time:00:00.02 | Mem:0.02M, Peak:0.02M | Scene, ViewLayer | Synchronizing object | Island pavilion 1 jamb.005
Fra:1 Mem:176.32M (Peak 176.32M) | Time:00:00.02 | Mem:0.02M, Peak:0.02M | Scene, ViewLayer | Synchronizing object | Island pavilion 1 jamb.007
Fra:1 Mem:176.36M (Peak 176.36M) | Time:00:00.02 | Mem:0.02M, Peak:0.02M | Scene, ViewLayer | Synchronizing object | Island pavilion 1 cornice
Fra:1 Mem:176.39M (Peak 176.39M) | Time:00:00.02 | Mem:0.02M, Peak:0.02M | Scene, ViewLayer | Synchronizing object | Island pavilion 1 bronze roof curb
Fra:1 Mem:176.47M (Peak 176.47M) | Time:00:00.02 | Mem:0.02M, Peak:0.02M | Scene, ViewLayer | Synchronizing object | Sphere.002
Fra:1 Mem:176.48M (Peak 176.48M) | Time:00:00.02 | Mem:0.02M, Peak:0.02M | Scene, ViewLayer | Synchronizing object | Pavilion threshold bridge.001
Fra:1 Mem:176.56M (Peak 176.56M) | Time:00:00.02 | Mem:0.02M, Peak:0.02M | Scene, ViewLayer | Synchronizing object | Pavilion tower.002
Fra:1 Mem:176.55M (Peak 176.56M) | Time:00:00.02 | Mem:0.02M, Peak:0.02M | Scene, ViewLayer | Synchronizing object | Pavilion tower footing.002
Fra:1 Mem:176.55M (Peak 176.56M) | Time:00:00.02 | Mem:0.02M, Peak:0.02M | Scene, ViewLayer | Synchronizing object | Pavilion tower capital.002
Fra:1 Mem:176.60M (Peak 176.60M) | Time:00:00.02 | Mem:0.02M, Peak:0.02M | Scene, ViewLayer | Synchronizing object | Fine horizontal masonry joint.049
Fra:1 Mem:176.86M (Peak 176.86M) | Time:00:00.02 | Mem:0.02M, Peak:0.02M | Scene, ViewLayer | Synchronizing object | Fine horizontal masonry joint.050
Fra:1 Mem:176.90M (Peak 176.90M) | Time:00:00.02 | Mem:0.02M, Peak:0.02M | Scene, ViewLayer | Synchronizing object | Fine horizontal masonry joint.053
Fra:1 Mem:177.00M (Peak 177.00M) | Time:00:00.02 | Mem:0.02M, Peak:0.02M | Scene, ViewLayer | Synchronizing object | Fine horizontal masonry joint.056
Fra:1 Mem:177.03M (Peak 177.03M) | Time:00:00.02 | Mem:0.02M, Peak:0.02M | Scene, ViewLayer | Synchronizing object | Fine horizontal masonry joint.057
Fra:1 Mem:177.08M (Peak 177.08M) | Time:00:00.02 | Mem:0.02M, Peak:0.02M | Scene, ViewLayer | Synchronizing object | Raised standing seam.011
Fra:1 Mem:177.10M (Peak 177.10M) | Time:00:00.02 | Mem:0.02M, Peak:0.02M | Scene, ViewLayer | Synchronizing object | Inset stone paving.003
Fra:1 Mem:177.16M (Peak 177.16M) | Time:00:00.02 | Mem:0.02M, Peak:0.02M | Scene, ViewLayer | Synchronizing object | Bronze inlay border.024
Fra:1 Mem:177.25M (Peak 177.25M) | Time:00:00.02 | Mem:0.02M, Peak:0.02M | Scene, ViewLayer | Synchronizing object | Bronze inlay border.025
Fra:1 Mem:177.23M (Peak 177.25M) | Time:00:00.02 | Mem:0.02M, Peak:0.02M | Scene, ViewLayer | Synchronizing object | Bronze inlay border.029
Fra:1 Mem:177.27M (Peak 177.27M) | Time:00:00.02 | Mem:0.02M, Peak:0.02M | Scene, ViewLayer | Synchronizing object | Island pavilion 2 jamb
Fra:1 Mem:177.30M (Peak 177.30M) | Time:00:00.02 | Mem:0.02M, Peak:0.02M | Scene, ViewLayer | Synchronizing object | Island pavilion 2 jamb.002
Fra:1 Mem:177.35M (Peak 177.35M) | Time:00:00.02 | Mem:0.02M, Peak:0.02M | Scene, ViewLayer | Synchronizing object | Island pavilion 2 jamb.003
Fra:1 Mem:177.32M (Peak 177.35M) | Time:00:00.02 | Mem:0.02M, Peak:0.02M | Scene, ViewLayer | Synchronizing object | Island pavilion 2 jamb.004
Fra:1 Mem:177.39M (Peak 177.39M) | Time:00:00.02 | Mem:0.02M, Peak:0.02M | Scene, ViewLayer | Synchronizing object | Island pavilion 2 jamb.006
Fra:1 Mem:177.42M (Peak 177.42M) | Time:00:00.02 | Mem:0.02M, Peak:0.02M | Scene, ViewLayer | Synchronizing object | Island pavilion 2 jamb.007
Fra:1 Mem:177.41M (Peak 177.42M) | Time:00:00.02 | Mem:0.02M, Peak:0.02M | Scene, ViewLayer | Synchronizing object | Island pavilion 2 bronze roof curb
Fra:1 Mem:177.51M (Peak 177.51M) | Time:00:00.02 | Mem:0.02M, Peak:0.02M | Scene, ViewLayer | Synchronizing object | Gilded finial.003
Fra:1 Mem:177.56M (Peak 177.56M) | Time:00:00.02 | Mem:0.02M, Peak:0.02M | Scene, ViewLayer | Synchronizing object | Sphere.003
Fra:1 Mem:177.57M (Peak 177.57M) | Time:00:00.02 | Mem:0.02M, Peak:0.02M | Scene, ViewLayer | Synchronizing object | Pavilion threshold bridge.002
Fra:1 Mem:177.63M (Peak 177.63M) | Time:00:00.02 | Mem:0.02M, Peak:0.02M | Scene, ViewLayer | Synchronizing object | High cliff bridge jamb.001
Fra:1 Mem:177.69M (Peak 177.69M) | Time:00:00.02 | Mem:0.02M, Peak:0.02M | Scene, ViewLayer | Synchronizing object | High bridge paving
Fra:1 Mem:177.71M (Peak 177.71M) | Time:00:00.02 | Mem:0.02M, Peak:0.02M | Scene, ViewLayer | Synchronizing object | Dressed stone tread.055
Fra:1 Mem:177.80M (Peak 177.80M) | Time:00:00.02 | Mem:0.02M, Peak:0.02M | Scene, ViewLayer | Synchronizing object | Brass step nosing.055
Fra:1 Mem:177.80M (Peak 177.80M) | Time:00:00.02 | Mem:0.02M, Peak:0.02M | Scene, ViewLayer | Synchronizing object | Brass step nosing.056
Fra:1 Mem:177.83M (Peak 177.83M) | Time:00:00.02 | Mem:0.02M, Peak:0.02M | Scene, ViewLayer | Synchronizing object | Brass step nosing.057
Fra:1 Mem:177.86M (Peak 177.86M) | Time:00:00.02 | Mem:0.02M, Peak:0.02M | Scene, ViewLayer | Synchronizing object | Brass step nosing.058
Fra:1 Mem:177.91M (Peak 177.91M) | Time:00:00.02 | Mem:0.02M, Peak:0.02M | Scene, ViewLayer | Synchronizing object | Dressed stone tread.059
Fra:1 Mem:177.89M (Peak 177.91M) | Time:00:00.02 | Mem:0.02M, Peak:0.02M | Scene, ViewLayer | Synchronizing object | Brass step nosing.059
Fra:1 Mem:177.96M (Peak 177.96M) | Time:00:00.02 | Mem:0.02M, Peak:0.02M | Scene, ViewLayer | Synchronizing object | Brass step nosing.060
Fra:1 Mem:177.95M (Peak 177.96M) | Time:00:00.02 | Mem:0.02M, Peak:0.02M | Scene, ViewLayer | Synchronizing object | Dressed stone tread.062
Fra:1 Mem:177.98M (Peak 177.98M) | Time:00:00.02 | Mem:0.02M, Peak:0.02M | Scene, ViewLayer | Synchronizing object | Brass step nosing.062
Fra:1 Mem:178.00M (Peak 178.00M) | Time:00:00.02 | Mem:0.02M, Peak:0.02M | Scene, ViewLayer | Synchronizing object | Dressed stone tread.063
Fra:1 Mem:178.03M (Peak 178.03M) | Time:00:00.02 | Mem:0.02M, Peak:0.02M | Scene, ViewLayer | Synchronizing object | Brass step nosing.063
Fra:1 Mem:178.15M (Peak 178.15M) | Time:00:00.02 | Mem:0.02M, Peak:0.02M | Scene, ViewLayer | Synchronizing object | Dressed stone tread.064
Fra:1 Mem:178.16M (Peak 178.16M) | Time:00:00.02 | Mem:0.02M, Peak:0.02M | Scene, ViewLayer | Synchronizing object | Brass step nosing.064
Fra:1 Mem:178.17M (Peak 178.17M) | Time:00:00.02 | Mem:0.02M, Peak:0.02M | Scene, ViewLayer | Synchronizing object | Raised standing seam.014
Fra:1 Mem:178.31M (Peak 178.31M) | Time:00:00.02 | Mem:0.02M, Peak:0.02M | Scene, ViewLayer | Synchronizing object | Dressed stone tread.066
Fra:1 Mem:178.40M (Peak 178.40M) | Time:00:00.02 | Mem:0.02M, Peak:0.02M | Scene, ViewLayer | Synchronizing object | Raised standing seam.015
Fra:1 Mem:178.49M (Peak 178.49M) | Time:00:00.02 | Mem:0.02M, Peak:0.02M | Scene, ViewLayer | Synchronizing object | Dressed stone tread.067
Fra:1 Mem:178.65M (Peak 178.65M) | Time:00:00.02 | Mem:0.02M, Peak:0.02M | Scene, ViewLayer | Synchronizing object | Dome rolled rim
Fra:1 Mem:178.69M (Peak 178.69M) | Time:00:00.02 | Mem:0.02M, Peak:0.02M | Scene, ViewLayer | Synchronizing object | Brass step nosing.067
Fra:1 Mem:178.80M (Peak 178.80M) | Time:00:00.02 | Mem:0.02M, Peak:0.02M | Scene, ViewLayer | Synchronizing object | Bronze baluster.042
Fra:1 Mem:178.84M (Peak 178.84M) | Time:00:00.02 | Mem:0.02M, Peak:0.02M | Scene, ViewLayer | Synchronizing object | Dome rolled rim.001
Fra:1 Mem:178.80M (Peak 178.84M) | Time:00:00.02 | Mem:0.02M, Peak:0.02M | Scene, ViewLayer | Synchronizing object | Bronze baluster.045
Fra:1 Mem:178.86M (Peak 178.86M) | Time:00:00.02 | Mem:0.02M, Peak:0.02M | Scene, ViewLayer | Synchronizing object | Slim brass handrail.011
Fra:1 Mem:178.89M (Peak 178.89M) | Time:00:00.02 | Mem:0.02M, Peak:0.02M | Scene, ViewLayer | Synchronizing object | Bronze baluster.048
Fra:1 Mem:178.93M (Peak 178.93M) | Time:00:00.02 | Mem:0.02M, Peak:0.02M | Scene, ViewLayer | Synchronizing object | Lookout balcony handrail
Fra:1 Mem:178.96M (Peak 178.96M) | Time:00:00.02 | Mem:0.02M, Peak:0.02M | Scene, ViewLayer | Synchronizing object | Lookout balcony baluster
Fra:1 Mem:178.95M (Peak 178.96M) | Time:00:00.02 | Mem:0.02M, Peak:0.02M | Scene, ViewLayer | Synchronizing object | Raised standing seam.016
Fra:1 Mem:178.96M (Peak 178.96M) | Time:00:00.02 | Mem:0.02M, Peak:0.02M | Scene, ViewLayer | Synchronizing object | Lookout balcony baluster.002
Fra:1 Mem:179.02M (Peak 179.02M) | Time:00:00.02 | Mem:0.02M, Peak:0.02M | Scene, ViewLayer | Synchronizing object | Lookout balcony baluster.003
Fra:1 Mem:179.02M (Peak 179.02M) | Time:00:00.02 | Mem:0.02M, Peak:0.02M | Scene, ViewLayer | Synchronizing object | Lookout balcony baluster.004
Fra:1 Mem:179.07M (Peak 179.07M) | Time:00:00.02 | Mem:0.02M, Peak:0.02M | Scene, ViewLayer | Synchronizing object | Raised standing seam.017
Fra:1 Mem:179.07M (Peak 179.07M) | Time:00:00.02 | Mem:0.02M, Peak:0.02M | Scene, ViewLayer | Synchronizing object | Lookout balcony baluster.006
Fra:1 Mem:179.10M (Peak 179.10M) | Time:00:00.02 | Mem:0.02M, Peak:0.02M | Scene, ViewLayer | Synchronizing object | Lookout balcony handrail.002
Fra:1 Mem:179.08M (Peak 179.10M) | Time:00:00.02 | Mem:0.02M, Peak:0.02M | Scene, ViewLayer | Synchronizing object | Lookout balcony baluster.007
Fra:1 Mem:179.13M (Peak 179.13M) | Time:00:00.02 | Mem:0.02M, Peak:0.02M | Scene, ViewLayer | Synchronizing object | Lookout balcony baluster.009
Fra:1 Mem:179.12M (Peak 179.13M) | Time:00:00.03 | Mem:0.02M, Peak:0.02M | Scene, ViewLayer | Synchronizing object | Inset stone paving.004
Fra:1 Mem:179.16M (Peak 179.16M) | Time:00:00.03 | Mem:0.02M, Peak:0.02M | Scene, ViewLayer | Synchronizing object | Bronze inlay border.034
Fra:1 Mem:179.17M (Peak 179.17M) | Time:00:00.03 | Mem:0.02M, Peak:0.02M | Scene, ViewLayer | Synchronizing object | Bronze inlay border.035
Fra:1 Mem:179.20M (Peak 179.20M) | Time:00:00.03 | Mem:0.02M, Peak:0.02M | Scene, ViewLayer | Synchronizing object | Bronze inlay border.036
Fra:1 Mem:179.36M (Peak 179.35M) | Time:00:00.03 | Mem:0.02M, Peak:0.02M | Scene, ViewLayer | Synchronizing object | Bronze inlay border.037
Fra:1 Mem:179.36M (Peak 179.36M) | Time:00:00.03 | Mem:0.02M, Peak:0.02M | Scene, ViewLayer | Synchronizing object | Summit lantern jamb.001
Fra:1 Mem:179.39M (Peak 179.39M) | Time:00:00.03 | Mem:0.02M, Peak:0.02M | Scene, ViewLayer | Synchronizing object | Summit lantern jamb.002
Fra:1 Mem:179.41M (Peak 179.41M) | Time:00:00.03 | Mem:0.02M, Peak:0.02M | Scene, ViewLayer | Synchronizing object | Summit lantern jamb.003
Fra:1 Mem:179.42M (Peak 179.42M) | Time:00:00.03 | Mem:0.02M, Peak:0.02M | Scene, ViewLayer | Synchronizing object | Summit lantern jamb.004
Fra:1 Mem:179.43M (Peak 179.43M) | Time:00:00.03 | Mem:0.02M, Peak:0.02M | Scene, ViewLayer | Synchronizing object | Summit lantern jamb.005
Fra:1 Mem:179.44M (Peak 179.44M) | Time:00:00.03 | Mem:0.02M, Peak:0.02M | Scene, ViewLayer | Synchronizing object | Summit lantern jamb.007
Fra:1 Mem:179.47M (Peak 179.47M) | Time:00:00.03 | Mem:0.02M, Peak:0.02M | Scene, ViewLayer | Synchronizing object | Summit lantern cornice
Fra:1 Mem:179.55M (Peak 179.55M) | Time:00:00.03 | Mem:0.02M, Peak:0.02M | Scene, ViewLayer | Synchronizing object | Summit lantern bronze roof curb
Fra:1 Mem:179.56M (Peak 179.56M) | Time:00:00.03 | Mem:0.02M, Peak:0.02M | Scene, ViewLayer | Synchronizing object | Gilded finial.004
Fra:1 Mem:179.56M (Peak 179.56M) | Time:00:00.03 | Mem:0.02M, Peak:0.02M | Scene, ViewLayer | Synchronizing object | Sphere.004
Fra:1 Mem:179.66M (Peak 179.66M) | Time:00:00.03 | Mem:0.02M, Peak:0.02M | Scene, ViewLayer | Synchronizing object | Slender flagstaff
Fra:1 Mem:179.70M (Peak 179.70M) | Time:00:00.03 | Mem:0.02M, Peak:0.02M | Scene, ViewLayer | Synchronizing object | Inset stone paving.005
Fra:1 Mem:179.72M (Peak 179.72M) | Time:00:00.03 | Mem:0.02M, Peak:0.02M | Scene, ViewLayer | Synchronizing object | Bronze inlay border.041
Fra:1 Mem:179.83M (Peak 179.83M) | Time:00:00.03 | Mem:0.02M, Peak:0.02M | Scene, ViewLayer | Synchronizing object | Raised standing seam.019
Fra:1 Mem:179.89M (Peak 179.89M) | Time:00:00.03 | Mem:0.02M, Peak:0.02M | Scene, ViewLayer | Synchronizing object | Bronze inlay border.043
Fra:1 Mem:179.94M (Peak 179.94M) | Time:00:00.03 | Mem:0.02M, Peak:0.02M | Scene, ViewLayer | Synchronizing object | Bronze inlay border.044
Fra:1 Mem:180.06M (Peak 180.06M) | Time:00:00.03 | Mem:0.02M, Peak:0.02M | Scene, ViewLayer | Synchronizing object | Bronze inlay border.045
Fra:1 Mem:180.03M (Peak 180.06M) | Time:00:00.03 | Mem:0.02M, Peak:0.02M | Scene, ViewLayer | Synchronizing object | Diamond inlaid stone.005
Fra:1 Mem:180.07M (Peak 180.07M) | Time:00:00.03 | Mem:0.02M, Peak:0.02M | Scene, ViewLayer | Synchronizing object | Bronze inlay border.048
Fra:1 Mem:180.08M (Peak 180.08M) | Time:00:00.03 | Mem:0.02M, Peak:0.02M | Scene, ViewLayer | Synchronizing object | Bronze inlay border.046
Fra:1 Mem:180.16M (Peak 180.16M) | Time:00:00.03 | Mem:0.02M, Peak:0.02M | Scene, ViewLayer | Synchronizing object | Bronze inlay border.049
Fra:1 Mem:180.18M (Peak 180.18M) | Time:00:00.03 | Mem:0.02M, Peak:0.02M | Scene, ViewLayer | Synchronizing object | Bronze inlay border.052
Fra:1 Mem:180.23M (Peak 180.23M) | Time:00:00.03 | Mem:0.02M, Peak:0.02M | Scene, ViewLayer | Synchronizing object | Bronze inlay border.055
Fra:1 Mem:180.26M (Peak 180.26M) | Time:00:00.03 | Mem:0.02M, Peak:0.02M | Scene, ViewLayer | Synchronizing object | Inset stone paving.007
Fra:1 Mem:180.31M (Peak 180.31M) | Time:00:00.03 | Mem:0.02M, Peak:0.02M | Scene, ViewLayer | Synchronizing object | Raised standing seam.021
Fra:1 Mem:180.33M (Peak 180.33M) | Time:00:00.03 | Mem:0.02M, Peak:0.02M | Scene, ViewLayer | Synchronizing object | Bronze inlay border.056
Fra:1 Mem:180.36M (Peak 180.36M) | Time:00:00.03 | Mem:0.02M, Peak:0.02M | Scene, ViewLayer | Synchronizing object | Bronze inlay border.058
Fra:1 Mem:180.38M (Peak 180.38M) | Time:00:00.03 | Mem:0.02M, Peak:0.02M | Scene, ViewLayer | Synchronizing object | Bronze inlay border.059
Fra:1 Mem:180.39M (Peak 180.39M) | Time:00:00.03 | Mem:0.02M, Peak:0.02M | Scene, ViewLayer | Synchronizing object | Bronze inlay border.060
Fra:1 Mem:180.48M (Peak 180.48M) | Time:00:00.03 | Mem:0.02M, Peak:0.02M | Scene, ViewLayer | Synchronizing object | Bronze inlay border.061
Fra:1 Mem:180.66M (Peak 180.66M) | Time:00:00.03 | Mem:0.02M, Peak:0.02M | Scene, ViewLayer | Synchronizing object | Bronze inlay border.062
Fra:1 Mem:180.69M (Peak 180.69M) | Time:00:00.03 | Mem:0.02M, Peak:0.02M | Scene, ViewLayer | Synchronizing object | Diamond inlaid stone.007
Fra:1 Mem:180.74M (Peak 180.74M) | Time:00:00.03 | Mem:0.02M, Peak:0.02M | Scene, ViewLayer | Synchronizing object | Bronze inlay border.066
Fra:1 Mem:180.74M (Peak 180.74M) | Time:00:00.03 | Mem:0.02M, Peak:0.02M | Scene, ViewLayer | Synchronizing object | Bronze inlay border.068
Fra:1 Mem:180.79M (Peak 180.79M) | Time:00:00.03 | Mem:0.02M, Peak:0.02M | Scene, ViewLayer | Synchronizing object | Bronze inlay border.070
Fra:1 Mem:180.78M (Peak 180.79M) | Time:00:00.03 | Mem:0.02M, Peak:0.02M | Scene, ViewLayer | Synchronizing object | Inset stone paving.009
Fra:1 Mem:180.88M (Peak 180.88M) | Time:00:00.03 | Mem:0.02M, Peak:0.02M | Scene, ViewLayer | Synchronizing object | Bronze inlay border.072
Fra:1 Mem:180.91M (Peak 180.91M) | Time:00:00.03 | Mem:0.02M, Peak:0.02M | Scene, ViewLayer | Synchronizing object | Bronze inlay border.073
Fra:1 Mem:180.96M (Peak 180.96M) | Time:00:00.03 | Mem:0.02M, Peak:0.02M | Scene, ViewLayer | Synchronizing object | Bronze inlay border.074
Fra:1 Mem:180.95M (Peak 180.96M) | Time:00:00.03 | Mem:0.02M, Peak:0.02M | Scene, ViewLayer | Synchronizing object | Bronze inlay border.076
Fra:1 Mem:181.03M (Peak 181.03M) | Time:00:00.03 | Mem:0.02M, Peak:0.02M | Scene, ViewLayer | Synchronizing object | Bronze inlay border.078
Fra:1 Mem:181.04M (Peak 181.04M) | Time:00:00.03 | Mem:0.02M, Peak:0.02M | Scene, ViewLayer | Synchronizing object | Bronze inlay border.079
Fra:1 Mem:181.13M (Peak 181.13M) | Time:00:00.03 | Mem:0.02M, Peak:0.02M | Scene, ViewLayer | Synchronizing object | Raised standing seam.023
Fra:1 Mem:181.24M (Peak 181.24M) | Time:00:00.03 | Mem:0.02M, Peak:0.02M | Scene, ViewLayer | Synchronizing object | Refracting sea | displaced surface and enclosed volume
Fra:1 Mem:181.22M (Peak 181.24M) | Time:00:00.03 | Mem:0.02M, Peak:0.02M | Scene, ViewLayer | Synchronizing object | Scanned warm rock outcrop.001
Fra:1 Mem:181.27M (Peak 181.27M) | Time:00:00.03 | Mem:0.02M, Peak:0.02M | Scene, ViewLayer | Synchronizing object | Scanned warm rock outcrop.002
Fra:1 Mem:181.30M (Peak 181.30M) | Time:00:00.03 | Mem:0.02M, Peak:0.02M | Scene, ViewLayer | Synchronizing object | Scanned warm rock outcrop.003
Fra:1 Mem:184.16M (Peak 184.16M) | Time:00:00.03 | Mem:0.02M, Peak:0.02M | Scene, ViewLayer | Synchronizing object | Scanned warm rock outcrop.004
Fra:1 Mem:184.58M (Peak 184.58M) | Time:00:00.03 | Mem:0.02M, Peak:0.02M | Scene, ViewLayer | Synchronizing object | Scanned warm rock outcrop.005
Fra:1 Mem:184.61M (Peak 184.61M) | Time:00:00.03 | Mem:0.02M, Peak:0.02M | Scene, ViewLayer | Synchronizing object | Scanned warm rock outcrop.006
Fra:1 Mem:184.83M (Peak 184.83M) | Time:00:00.03 | Mem:0.02M, Peak:0.02M | Scene, ViewLayer | Synchronizing object | Raised standing seam.024
Fra:1 Mem:184.98M (Peak 184.98M) | Time:00:00.03 | Mem:0.02M, Peak:0.02M | Scene, ViewLayer | Synchronizing object | Scanned warm rock outcrop.007
Fra:1 Mem:186.12M (Peak 186.12M) | Time:00:00.03 | Mem:0.02M, Peak:0.02M | Scene, ViewLayer | Synchronizing object | Scanned warm rock outcrop.008
Fra:1 Mem:186.48M (Peak 186.48M) | Time:00:00.03 | Mem:0.02M, Peak:0.02M | Scene, ViewLayer | Synchronizing object | Sea foam following the actual rock waterline
Fra:1 Mem:187.41M (Peak 187.41M) | Time:00:00.03 | Mem:0.02M, Peak:0.02M | Scene, ViewLayer | Synchronizing object | Stair vault
Fra:1 Mem:187.73M (Peak 187.73M) | Time:00:00.03 | Mem:0.02M, Peak:0.02M | Scene, ViewLayer | Synchronizing object | Stair vault.001
Fra:1 Mem:189.69M (Peak 189.69M) | Time:00:00.03 | Mem:0.02M, Peak:0.02M | Scene, ViewLayer | Synchronizing object | Stair vault.002
Fra:1 Mem:191.72M (Peak 191.72M) | Time:00:00.03 | Mem:0.02M, Peak:0.02M | Scene, ViewLayer | Synchronizing object | Stair vault.003
Fra:1 Mem:191.72M (Peak 191.72M) | Time:00:00.03 | Mem:0.02M, Peak:0.02M | Scene, ViewLayer | Synchronizing object | Sea arcade arch
Fra:1 Mem:191.81M (Peak 191.81M) | Time:00:00.03 | Mem:0.02M, Peak:0.02M | Scene, ViewLayer | Synchronizing object | Sea arcade voussoir
Fra:1 Mem:191.77M (Peak 191.81M) | Time:00:00.03 | Mem:0.02M, Peak:0.02M | Scene, ViewLayer | Synchronizing object | Sea arcade voussoir.004
Fra:1 Mem:192.12M (Peak 192.12M) | Time:00:00.03 | Mem:0.02M, Peak:0.02M | Scene, ViewLayer | Synchronizing object | Raised standing seam.025
Fra:1 Mem:192.99M (Peak 192.99M) | Time:00:00.03 | Mem:0.02M, Peak:0.02M | Scene, ViewLayer | Synchronizing object | Sea arcade voussoir.005
Fra:1 Mem:194.99M (Peak 194.99M) | Time:00:00.03 | Mem:0.02M, Peak:0.02M | Scene, ViewLayer | Synchronizing object | Sea arcade voussoir.006
Fra:1 Mem:195.99M (Peak 195.99M) | Time:00:00.03 | Mem:0.02M, Peak:0.02M | Scene, ViewLayer | Synchronizing object | Sea arcade voussoir.007
Fra:1 Mem:196.29M (Peak 196.29M) | Time:00:00.03 | Mem:0.02M, Peak:0.02M | Scene, ViewLayer | Synchronizing object | Raised standing seam.026
Fra:1 Mem:196.36M (Peak 196.36M) | Time:00:00.03 | Mem:0.02M, Peak:0.02M | Scene, ViewLayer | Synchronizing object | Sea arcade voussoir.010
Fra:1 Mem:196.47M (Peak 196.47M) | Time:00:00.03 | Mem:0.02M, Peak:0.02M | Scene, ViewLayer | Synchronizing object | Sea arcade voussoir.011
Fra:1 Mem:197.07M (Peak 197.07M) | Time:00:00.03 | Mem:0.02M, Peak:0.02M | Scene, ViewLayer | Synchronizing object | Sea arcade voussoir.014
Fra:1 Mem:197.32M (Peak 197.32M) | Time:00:00.03 | Mem:0.02M, Peak:0.02M | Scene, ViewLayer | Synchronizing object | Raised standing seam.027
Fra:1 Mem:197.44M (Peak 197.44M) | Time:00:00.03 | Mem:0.02M, Peak:0.02M | Scene, ViewLayer | Synchronizing object | Sea arcade voussoir.016
Fra:1 Mem:197.55M (Peak 197.55M) | Time:00:00.03 | Mem:0.02M, Peak:0.02M | Scene, ViewLayer | Synchronizing object | Sea arcade arch.001
Fra:1 Mem:197.56M (Peak 197.56M) | Time:00:00.03 | Mem:0.02M, Peak:0.02M | Scene, ViewLayer | Synchronizing object | Sea arcade voussoir.017
Fra:1 Mem:197.66M (Peak 197.67M) | Time:00:00.03 | Mem:0.02M, Peak:0.02M | Scene, ViewLayer | Synchronizing object | Sea arcade voussoir.018
Fra:1 Mem:197.65M (Peak 197.67M) | Time:00:00.03 | Mem:0.02M, Peak:0.02M | Scene, ViewLayer | Synchronizing object | Sea arcade voussoir.019
Fra:1 Mem:197.98M (Peak 197.98M) | Time:00:00.03 | Mem:0.02M, Peak:0.02M | Scene, ViewLayer | Synchronizing object | Sea arcade voussoir.021
Fra:1 Mem:197.84M (Peak 197.98M) | Time:00:00.03 | Mem:0.02M, Peak:0.02M | Scene, ViewLayer | Synchronizing object | Raised standing seam.028
Fra:1 Mem:199.05M (Peak 199.05M) | Time:00:00.03 | Mem:0.02M, Peak:0.02M | Scene, ViewLayer | Synchronizing object | Sea arcade voussoir.022
Fra:1 Mem:199.12M (Peak 199.12M) | Time:00:00.03 | Mem:0.02M, Peak:0.02M | Scene, ViewLayer | Synchronizing object | Raised standing seam.029
Fra:1 Mem:199.11M (Peak 199.12M) | Time:00:00.03 | Mem:0.02M, Peak:0.02M | Scene, ViewLayer | Synchronizing object | Sea arcade voussoir.024
Fra:1 Mem:199.17M (Peak 199.17M) | Time:00:00.03 | Mem:0.02M, Peak:0.02M | Scene, ViewLayer | Synchronizing object | Sea arcade voussoir.025
Fra:1 Mem:199.22M (Peak 199.22M) | Time:00:00.03 | Mem:0.02M, Peak:0.02M | Scene, ViewLayer | Synchronizing object | Sea arcade voussoir.026
Fra:1 Mem:199.28M (Peak 199.28M) | Time:00:00.03 | Mem:0.02M, Peak:0.02M | Scene, ViewLayer | Synchronizing object | Raised standing seam.030
Fra:1 Mem:199.33M (Peak 199.33M) | Time:00:00.03 | Mem:0.02M, Peak:0.02M | Scene, ViewLayer | Synchronizing object | Sea arcade voussoir.028
Fra:1 Mem:199.40M (Peak 199.40M) | Time:00:00.03 | Mem:0.02M, Peak:0.02M | Scene, ViewLayer | Synchronizing object | Sea arcade voussoir.029
Fra:1 Mem:199.41M (Peak 199.41M) | Time:00:00.03 | Mem:0.02M, Peak:0.02M | Scene, ViewLayer | Synchronizing object | Sea arcade voussoir.030
Fra:1 Mem:199.40M (Peak 199.41M) | Time:00:00.03 | Mem:0.02M, Peak:0.02M | Scene, ViewLayer | Synchronizing object | Sea arcade voussoir.032
Fra:1 Mem:199.47M (Peak 199.47M) | Time:00:00.03 | Mem:0.02M, Peak:0.02M | Scene, ViewLayer | Synchronizing object | Raised standing seam.031
Fra:1 Mem:199.76M (Peak 199.76M) | Time:00:00.03 | Mem:0.02M, Peak:0.02M | Scene, ViewLayer | Synchronizing object | Sea arcade voussoir.033
Fra:1 Mem:199.62M (Peak 199.76M) | Time:00:00.03 | Mem:0.02M, Peak:0.02M | Scene, ViewLayer | Synchronizing object | Sea arcade arch.002
Fra:1 Mem:200.09M (Peak 200.09M) | Time:00:00.03 | Mem:0.02M, Peak:0.02M | Scene, ViewLayer | Synchronizing object | Sea arcade voussoir.036
Fra:1 Mem:200.11M (Peak 200.11M) | Time:00:00.03 | Mem:0.02M, Peak:0.02M | Scene, ViewLayer | Synchronizing object | Dome rolled rim.002
Fra:1 Mem:200.49M (Peak 200.49M) | Time:00:00.03 | Mem:0.02M, Peak:0.02M | Scene, ViewLayer | Synchronizing object | Sea arcade voussoir.037
Fra:1 Mem:200.50M (Peak 200.50M) | Time:00:00.03 | Mem:0.02M, Peak:0.02M | Scene, ViewLayer | Synchronizing object | Sea arcade voussoir.038
Fra:1 Mem:200.51M (Peak 200.51M) | Time:00:00.03 | Mem:0.02M, Peak:0.02M | Scene, ViewLayer | Synchronizing object | Dome rolled rim.003
Fra:1 Mem:200.51M (Peak 200.51M) | Time:00:00.03 | Mem:0.02M, Peak:0.02M | Scene, ViewLayer | Synchronizing object | Sea arcade voussoir.041
Fra:1 Mem:200.65M (Peak 200.65M) | Time:00:00.03 | Mem:0.02M, Peak:0.02M | Scene, ViewLayer | Synchronizing object | Raised standing seam.032
Fra:1 Mem:200.73M (Peak 200.73M) | Time:00:00.03 | Mem:0.02M, Peak:0.02M | Scene, ViewLayer | Synchronizing object | Raised standing seam.033
Fra:1 Mem:200.81M (Peak 200.81M) | Time:00:00.03 | Mem:0.02M, Peak:0.02M | Scene, ViewLayer | Synchronizing object | Sea arcade voussoir.042
Fra:1 Mem:200.81M (Peak 200.81M) | Time:00:00.03 | Mem:0.02M, Peak:0.02M | Scene, ViewLayer | Synchronizing object | Sea arcade voussoir.043
Fra:1 Mem:200.87M (Peak 200.87M) | Time:00:00.03 | Mem:0.02M, Peak:0.02M | Scene, ViewLayer | Synchronizing object | Raised standing seam.034
Fra:1 Mem:200.88M (Peak 200.88M) | Time:00:00.03 | Mem:0.02M, Peak:0.02M | Scene, ViewLayer | Synchronizing object | Sea arcade voussoir.044
Fra:1 Mem:200.95M (Peak 200.95M) | Time:00:00.03 | Mem:0.02M, Peak:0.02M | Scene, ViewLayer | Synchronizing object | Sea arcade voussoir.045
Fra:1 Mem:200.98M (Peak 200.98M) | Time:00:00.03 | Mem:0.02M, Peak:0.02M | Scene, ViewLayer | Synchronizing object | Sea arcade voussoir.048
Fra:1 Mem:201.02M (Peak 201.02M) | Time:00:00.03 | Mem:0.02M, Peak:0.02M | Scene, ViewLayer | Synchronizing object | Sea arcade voussoir.049
Fra:1 Mem:201.10M (Peak 201.10M) | Time:00:00.03 | Mem:0.02M, Peak:0.02M | Scene, ViewLayer | Synchronizing object | Raised standing seam.035
Fra:1 Mem:201.16M (Peak 201.16M) | Time:00:00.03 | Mem:0.02M, Peak:0.02M | Scene, ViewLayer | Synchronizing object | Sea arcade voussoir.050
Fra:1 Mem:201.27M (Peak 201.27M) | Time:00:00.03 | Mem:0.02M, Peak:0.02M | Scene, ViewLayer | Synchronizing object | Stair vault.004
Fra:1 Mem:201.29M (Peak 201.29M) | Time:00:00.03 | Mem:0.02M, Peak:0.02M | Scene, ViewLayer | Synchronizing object | Arrival shrine arch
Fra:1 Mem:201.25M (Peak 201.29M) | Time:00:00.03 | Mem:0.02M, Peak:0.02M | Scene, ViewLayer | Synchronizing object | Arrival shrine arch.001
Fra:1 Mem:201.31M (Peak 201.31M) | Time:00:00.03 | Mem:0.02M, Peak:0.02M | Scene, ViewLayer | Synchronizing object | Arrival shrine arch.002
Fra:1 Mem:201.38M (Peak 201.38M) | Time:00:00.03 | Mem:0.02M, Peak:0.02M | Scene, ViewLayer | Synchronizing object | Arrival shrine arch.003
Fra:1 Mem:202.18M (Peak 202.18M) | Time:00:00.03 | Mem:0.02M, Peak:0.02M | Scene, ViewLayer | Synchronizing object | Arrival shrine copper dome
Fra:1 Mem:203.67M (Peak 203.67M) | Time:00:00.03 | Mem:0.02M, Peak:0.02M | Scene, ViewLayer | Synchronizing object | Raised standing seam.037
Fra:1 Mem:203.83M (Peak 203.83M) | Time:00:00.03 | Mem:0.02M, Peak:0.02M | Scene, ViewLayer | Synchronizing object | Island pavilion 0 arch.002
Fra:1 Mem:203.92M (Peak 203.92M) | Time:00:00.03 | Mem:0.02M, Peak:0.02M | Scene, ViewLayer | Synchronizing object | Island pavilion 0 copper dome
Fra:1 Mem:204.92M (Peak 204.92M) | Time:00:00.03 | Mem:0.02M, Peak:0.02M | Scene, ViewLayer | Synchronizing object | Island pavilion 1 arch
Fra:1 Mem:205.75M (Peak 205.75M) | Time:00:00.03 | Mem:0.02M, Peak:0.02M | Scene, ViewLayer | Synchronizing object | Raised standing seam.038
Fra:1 Mem:206.19M (Peak 206.19M) | Time:00:00.03 | Mem:0.02M, Peak:0.02M | Scene, ViewLayer | Synchronizing object | Island pavilion 1 arch.001
Fra:1 Mem:206.31M (Peak 206.31M) | Time:00:00.03 | Mem:0.02M, Peak:0.02M | Scene, ViewLayer | Synchronizing object | Island pavilion 1 arch.002
Fra:1 Mem:206.95M (Peak 206.95M) | Time:00:00.03 | Mem:0.02M, Peak:0.02M | Scene, ViewLayer | Synchronizing object | Raised standing seam.039
Fra:1 Mem:207.38M (Peak 207.38M) | Time:00:00.03 | Mem:0.02M, Peak:0.02M | Scene, ViewLayer | Synchronizing object | Raised standing seam.040
Fra:1 Mem:208.08M (Peak 208.08M) | Time:00:00.03 | Mem:0.02M, Peak:0.02M | Scene, ViewLayer | Synchronizing object | Raised standing seam.041
Fra:1 Mem:208.16M (Peak 208.16M) | Time:00:00.03 | Mem:0.02M, Peak:0.02M | Scene, ViewLayer | Synchronizing object | Island pavilion 1 arch.003
Fra:1 Mem:208.40M (Peak 208.40M) | Time:00:00.03 | Mem:0.02M, Peak:0.02M | Scene, ViewLayer | Synchronizing object | Raised standing seam.042
Fra:1 Mem:210.69M (Peak 210.69M) | Time:00:00.03 | Mem:0.02M, Peak:0.02M | Scene, ViewLayer | Synchronizing object | Raised standing seam.043
Fra:1 Mem:210.91M (Peak 210.91M) | Time:00:00.03 | Mem:0.02M, Peak:0.02M | Scene, ViewLayer | Synchronizing object | Island pavilion 1 copper dome
Fra:1 Mem:210.94M (Peak 210.94M) | Time:00:00.03 | Mem:0.02M, Peak:0.02M | Scene, ViewLayer | Synchronizing object | Raised standing seam.044
Fra:1 Mem:213.64M (Peak 213.64M) | Time:00:00.03 | Mem:0.02M, Peak:0.02M | Scene, ViewLayer | Synchronizing object | Raised standing seam.045
Fra:1 Mem:213.17M (Peak 213.64M) | Time:00:00.03 | Mem:0.02M, Peak:0.02M | Scene, ViewLayer | Synchronizing object | Raised standing seam.046
Fra:1 Mem:213.28M (Peak 213.64M) | Time:00:00.03 | Mem:0.02M, Peak:0.02M | Scene, ViewLayer | Synchronizing object | Raised standing seam.047
Fra:1 Mem:213.47M (Peak 213.64M) | Time:00:00.03 | Mem:0.02M, Peak:0.02M | Scene, ViewLayer | Synchronizing object | Dome rolled rim.004
Fra:1 Mem:213.78M (Peak 213.78M) | Time:00:00.03 | Mem:0.02M, Peak:0.02M | Scene, ViewLayer | Synchronizing object | Dome rolled rim.005
Fra:1 Mem:213.76M (Peak 213.78M) | Time:00:00.03 | Mem:0.02M, Peak:0.02M | Scene, ViewLayer | Synchronizing object | Island pavilion 2 arch
Fra:1 Mem:213.83M (Peak 213.83M) | Time:00:00.03 | Mem:0.02M, Peak:0.02M | Scene, ViewLayer | Synchronizing object | Island pavilion 2 arch.003
Fra:1 Mem:213.83M (Peak 213.83M) | Time:00:00.03 | Mem:0.02M, Peak:0.02M | Scene, ViewLayer | Synchronizing object | Island pavilion 2 copper dome
Fra:1 Mem:216.59M (Peak 216.59M) | Time:00:00.03 | Mem:0.02M, Peak:0.02M | Scene, ViewLayer | Synchronizing object | Raised standing seam.049
Fra:1 Mem:217.27M (Peak 217.84M) | Time:00:00.03 | Mem:0.02M, Peak:0.02M | Scene, ViewLayer | Synchronizing object | Raised standing seam.050
Fra:1 Mem:217.46M (Peak 217.84M) | Time:00:00.03 | Mem:0.02M, Peak:0.02M | Scene, ViewLayer | Synchronizing object | Raised standing seam.051
Fra:1 Mem:218.66M (Peak 218.77M) | Time:00:00.03 | Mem:0.02M, Peak:0.02M | Scene, ViewLayer | Synchronizing object | Raised standing seam.052
Fra:1 Mem:218.93M (Peak 218.93M) | Time:00:00.03 | Mem:0.02M, Peak:0.02M | Scene, ViewLayer | Synchronizing object | Raised standing seam.053
Fra:1 Mem:219.40M (Peak 219.40M) | Time:00:00.03 | Mem:0.02M, Peak:0.02M | Scene, ViewLayer | Synchronizing object | Raised standing seam.054
Fra:1 Mem:219.49M (Peak 219.49M) | Time:00:00.03 | Mem:0.02M, Peak:0.02M | Scene, ViewLayer | Synchronizing object | Raised standing seam.055
Fra:1 Mem:219.58M (Peak 219.58M) | Time:00:00.03 | Mem:0.02M, Peak:0.02M | Scene, ViewLayer | Synchronizing object | Raised standing seam.056
Fra:1 Mem:219.66M (Peak 219.66M) | Time:00:00.03 | Mem:0.02M, Peak:0.02M | Scene, ViewLayer | Synchronizing object | Raised standing seam.057
Fra:1 Mem:219.75M (Peak 219.75M) | Time:00:00.03 | Mem:0.02M, Peak:0.02M | Scene, ViewLayer | Synchronizing object | Raised standing seam.058
Fra:1 Mem:219.84M (Peak 219.84M) | Time:00:00.03 | Mem:0.02M, Peak:0.02M | Scene, ViewLayer | Synchronizing object | Raised standing seam.059
Fra:1 Mem:220.53M (Peak 220.53M) | Time:00:00.03 | Mem:0.02M, Peak:0.02M | Scene, ViewLayer | Synchronizing object | Raised standing seam.060
Fra:1 Mem:221.10M (Peak 221.10M) | Time:00:00.03 | Mem:0.02M, Peak:0.02M | Scene, ViewLayer | Synchronizing object | Raised standing seam.061
Fra:1 Mem:221.19M (Peak 221.19M) | Time:00:00.03 | Mem:0.02M, Peak:0.02M | Scene, ViewLayer | Synchronizing object | Raised standing seam.062
Fra:1 Mem:221.85M (Peak 221.85M) | Time:00:00.03 | Mem:0.02M, Peak:0.02M | Scene, ViewLayer | Synchronizing object | Raised standing seam.063
Fra:1 Mem:222.50M (Peak 222.50M) | Time:00:00.03 | Mem:0.02M, Peak:0.02M | Scene, ViewLayer | Synchronizing object | Dome rolled rim.006
Fra:1 Mem:222.19M (Peak 222.50M) | Time:00:00.03 | Mem:0.02M, Peak:0.02M | Scene, ViewLayer | Synchronizing object | Dome rolled rim.007
Fra:1 Mem:222.73M (Peak 222.73M) | Time:00:00.03 | Mem:0.02M, Peak:0.02M | Scene, ViewLayer | Synchronizing object | High cliff bridge arch
Fra:1 Mem:223.20M (Peak 223.20M) | Time:00:00.03 | Mem:0.02M, Peak:0.02M | Scene, ViewLayer | Synchronizing object | High cliff bridge voussoir
Fra:1 Mem:223.35M (Peak 223.35M) | Time:00:00.03 | Mem:0.02M, Peak:0.02M | Scene, ViewLayer | Synchronizing object | High cliff bridge voussoir.001
Fra:1 Mem:223.52M (Peak 223.52M) | Time:00:00.03 | Mem:0.02M, Peak:0.02M | Scene, ViewLayer | Synchronizing object | High cliff bridge voussoir.002
Fra:1 Mem:223.52M (Peak 223.52M) | Time:00:00.03 | Mem:0.02M, Peak:0.02M | Scene, ViewLayer | Synchronizing object | Raised standing seam.064
Fra:1 Mem:223.57M (Peak 223.57M) | Time:00:00.03 | Mem:0.02M, Peak:0.02M | Scene, ViewLayer | Synchronizing object | High cliff bridge voussoir.007
Fra:1 Mem:223.65M (Peak 223.65M) | Time:00:00.03 | Mem:0.02M, Peak:0.02M | Scene, ViewLayer | Synchronizing object | High cliff bridge voussoir.009
Fra:1 Mem:223.68M (Peak 223.69M) | Time:00:00.03 | Mem:0.02M, Peak:0.02M | Scene, ViewLayer | Synchronizing object | High cliff bridge voussoir.006
Fra:1 Mem:224.02M (Peak 224.02M) | Time:00:00.03 | Mem:0.02M, Peak:0.02M | Scene, ViewLayer | Synchronizing object | High cliff bridge voussoir.011
Fra:1 Mem:224.13M (Peak 224.13M) | Time:00:00.03 | Mem:0.02M, Peak:0.02M | Scene, ViewLayer | Synchronizing object | High cliff bridge voussoir.013
Fra:1 Mem:224.42M (Peak 224.42M) | Time:00:00.03 | Mem:0.02M, Peak:0.02M | Scene, ViewLayer | Synchronizing object | Raised standing seam.065
Fra:1 Mem:224.49M (Peak 224.49M) | Time:00:00.03 | Mem:0.02M, Peak:0.02M | Scene, ViewLayer | Synchronizing object | High cliff bridge voussoir.016
Fra:1 Mem:224.66M (Peak 224.66M) | Time:00:00.03 | Mem:0.02M, Peak:0.02M | Scene, ViewLayer | Synchronizing object | Summit lantern arch.002
Fra:1 Mem:224.69M (Peak 224.69M) | Time:00:00.03 | Mem:0.02M, Peak:0.02M | Scene, ViewLayer | Synchronizing object | Raised standing seam.066
Fra:1 Mem:224.75M (Peak 224.75M) | Time:00:00.03 | Mem:0.02M, Peak:0.02M | Scene, ViewLayer | Synchronizing object | Summit lantern arch.003
Fra:1 Mem:224.81M (Peak 224.81M) | Time:00:00.03 | Mem:0.02M, Peak:0.02M | Scene, ViewLayer | Synchronizing object | Raised standing seam.067
Fra:1 Mem:225.15M (Peak 225.15M) | Time:00:00.03 | Mem:0.02M, Peak:0.02M | Scene, ViewLayer | Synchronizing object | Raised standing seam.068
Fra:1 Mem:226.43M (Peak 226.43M) | Time:00:00.03 | Mem:0.02M, Peak:0.02M | Scene, ViewLayer | Synchronizing object | Raised standing seam.069
Fra:1 Mem:228.71M (Peak 228.71M) | Time:00:00.03 | Mem:0.02M, Peak:0.02M | Scene, ViewLayer | Synchronizing object | Raised standing seam.070
Fra:1 Mem:228.95M (Peak 228.95M) | Time:00:00.03 | Mem:0.02M, Peak:0.02M | Scene, ViewLayer | Synchronizing object | Raised standing seam.071
Fra:1 Mem:229.80M (Peak 229.80M) | Time:00:00.03 | Mem:0.02M, Peak:0.02M | Scene, ViewLayer | Synchronizing object | Raised standing seam.072
Fra:1 Mem:229.90M (Peak 229.90M) | Time:00:00.03 | Mem:0.02M, Peak:0.02M | Scene, ViewLayer | Synchronizing object | Raised standing seam.073
Fra:1 Mem:230.67M (Peak 230.67M) | Time:00:00.03 | Mem:0.02M, Peak:0.02M | Scene, ViewLayer | Synchronizing object | Raised standing seam.074
Fra:1 Mem:231.14M (Peak 231.14M) | Time:00:00.03 | Mem:0.02M, Peak:0.02M | Scene, ViewLayer | Synchronizing object | Raised standing seam.075
Fra:1 Mem:230.98M (Peak 231.14M) | Time:00:00.03 | Mem:0.02M, Peak:0.02M | Scene, ViewLayer | Synchronizing object | Raised standing seam.076
Fra:1 Mem:231.09M (Peak 231.14M) | Time:00:00.03 | Mem:0.02M, Peak:0.02M | Scene, ViewLayer | Synchronizing object | Raised standing seam.077
Fra:1 Mem:232.14M (Peak 232.14M) | Time:00:00.03 | Mem:0.02M, Peak:0.02M | Scene, ViewLayer | Synchronizing object | Raised standing seam.078
Fra:1 Mem:232.56M (Peak 232.56M) | Time:00:00.03 | Mem:0.02M, Peak:0.02M | Scene, ViewLayer | Synchronizing object | Raised standing seam.079
Fra:1 Mem:232.65M (Peak 232.65M) | Time:00:00.03 | Mem:0.02M, Peak:0.02M | Scene, ViewLayer | Synchronizing object | Dome rolled rim.008
Fra:1 Mem:232.76M (Peak 232.76M) | Time:00:00.03 | Mem:0.02M, Peak:0.02M | Scene, ViewLayer | Synchronizing object | Dome rolled rim.009
Fra:1 Mem:233.11M (Peak 233.11M) | Time:00:00.03 | Mem:0.02M, Peak:0.02M | Scene, ViewLayer | Synchronizing object | Wind-shaped silk flag
Fra:1 Mem:233.12M (Peak 233.12M) | Time:00:00.03 | Mem:0.02M, Peak:0.02M | Scene, ViewLayer | Synchronizing object | potted_plant_01_pot.001
Fra:1 Mem:251.71M (Peak 254.15M) | Time:00:00.04 | Mem:0.02M, Peak:0.02M | Scene, ViewLayer | Initializing
Fra:1 Mem:220.21M (Peak 254.15M) | Time:00:00.04 | Mem:0.02M, Peak:0.02M | Scene, ViewLayer | Updating Images | Loading potted_plant_01_leaves_nor_gl.png
Fra:1 Mem:220.21M (Peak 254.15M) | Time:00:00.04 | Mem:0.02M, Peak:0.02M | Scene, ViewLayer | Updating Images | Loading namaqualand_rocks_02_nor_gl
Fra:1 Mem:220.21M (Peak 254.15M) | Time:00:00.04 | Mem:0.02M, Peak:0.02M | Scene, ViewLayer | Updating Images | Loading potted_plant_01_pot_rough
Fra:1 Mem:220.21M (Peak 254.15M) | Time:00:00.04 | Mem:0.02M, Peak:0.02M | Scene, ViewLayer | Updating Images | Loading potted_plant_01_leaves_rough.png
Fra:1 Mem:344.74M (Peak 412.25M) | Time:00:00.07 | Mem:144.02M, Peak:144.02M | Scene, ViewLayer | Waiting for render to start
Fra:1 Mem:344.74M (Peak 412.25M) | Time:00:00.07 | Mem:144.02M, Peak:144.02M | Scene, ViewLayer | Updating Scene
Fra:1 Mem:344.74M (Peak 412.25M) | Time:00:00.07 | Mem:144.02M, Peak:144.02M | Scene, ViewLayer | Updating Shaders
Fra:1 Mem:344.84M (Peak 412.25M) | Time:00:00.07 | Mem:144.02M, Peak:144.02M | Scene, ViewLayer | Loading render kernels (may take a few minutes the first time)
Fra:1 Mem:344.82M (Peak 412.25M) | Time:00:00.12 | Mem:144.06M, Peak:144.06M | Scene, ViewLayer | Updating Procedurals
Fra:1 Mem:344.82M (Peak 412.25M) | Time:00:00.12 | Mem:144.06M, Peak:144.06M | Scene, ViewLayer | Updating Background
Fra:1 Mem:344.82M (Peak 412.25M) | Time:00:00.12 | Mem:144.06M, Peak:144.06M | Scene, ViewLayer | Updating Camera
Fra:1 Mem:344.82M (Peak 412.25M) | Time:00:00.12 | Mem:144.06M, Peak:144.06M | Scene, ViewLayer | Updating Meshes Flags
Fra:1 Mem:344.82M (Peak 412.25M) | Time:00:00.12 | Mem:144.06M, Peak:144.06M | Scene, ViewLayer | Updating Objects
Fra:1 Mem:344.82M (Peak 412.25M) | Time:00:00.12 | Mem:144.06M, Peak:144.06M | Scene, ViewLayer | Updating Objects | Copying Transformations to device
Fra:1 Mem:344.83M (Peak 412.25M) | Time:00:00.12 | Mem:144.23M, Peak:144.23M | Scene, ViewLayer | Updating Particle Systems
Fra:1 Mem:344.83M (Peak 412.25M) | Time:00:00.12 | Mem:144.23M, Peak:144.23M | Scene, ViewLayer | Updating Particle Systems | Copying Particles to device
Fra:1 Mem:344.83M (Peak 412.25M) | Time:00:00.12 | Mem:144.23M, Peak:144.23M | Scene, ViewLayer | Updating Meshes
Fra:1 Mem:365.90M (Peak 412.25M) | Time:00:00.20 | Mem:144.23M, Peak:144.23M | Scene, ViewLayer | Updating Objects | Applying Static Transformations
Fra:1 Mem:365.90M (Peak 412.25M) | Time:00:00.20 | Mem:144.23M, Peak:144.23M | Scene, ViewLayer | Updating Mesh | Computing attributes
Fra:1 Mem:398.55M (Peak 412.25M) | Time:00:00.20 | Mem:144.27M, Peak:144.27M | Scene, ViewLayer | Updating Mesh | Copying Attributes to device
Fra:1 Mem:365.90M (Peak 412.25M) | Time:00:00.25 | Mem:176.85M, Peak:176.85M | Scene, ViewLayer | Updating Geometry BVH Cube.001 2/116 | Building BVH
Fra:1 Mem:365.90M (Peak 412.25M) | Time:00:00.25 | Mem:176.85M, Peak:176.85M | Scene, ViewLayer | Updating Geometry BVH Cube.004 5/451 | Building BVH
Fra:1 Mem:365.90M (Peak 412.25M) | Time:00:00.25 | Mem:176.85M, Peak:176.85M | Scene, ViewLayer | Updating Geometry BVH light 727/726 | Building BVH
Fra:1 Mem:365.90M (Peak 412.25M) | Time:00:00.25 | Mem:176.85M, Peak:176.85M | Scene, ViewLayer | Updating Geometry BVH Cube.012 13/726 | Building BVH
Fra:1 Mem:365.90M (Peak 412.25M) | Time:00:00.25 | Mem:176.85M, Peak:176.85M | Scene, ViewLayer | Updating Geometry BVH Cube.013 14/726 | Building BVH
Fra:1 Mem:365.90M (Peak 412.25M) | Time:00:00.25 | Mem:176.85M, Peak:176.85M | Scene, ViewLayer | Updating Geometry BVH Cube.016 17/726 | Building BVH
Fra:1 Mem:365.90M (Peak 412.25M) | Time:00:00.25 | Mem:176.85M, Peak:176.85M | Scene, ViewLayer | Updating Geometry BVH Cube.017 18/726 | Building BVH
Fra:1 Mem:365.90M (Peak 412.25M) | Time:00:00.25 | Mem:176.85M, Peak:176.85M | Scene, ViewLayer | Updating Geometry BVH Cube.017 18/726 | Building mesh BLAS |     188 tris | Cube.004
Fra:1 Mem:365.90M (Peak 412.25M) | Time:00:00.25 | Mem:176.85M, Peak:176.85M | Scene, ViewLayer | Updating Geometry BVH Cube.017 18/726 | Building mesh BLAS |     188 tris | Cube.012
Fra:1 Mem:365.90M (Peak 412.25M) | Time:00:00.25 | Mem:176.85M, Peak:176.85M | Scene, ViewLayer | Updating Geometry BVH Cube.017 18/726 | Building mesh BLAS |     188 tris | Cube.017
Fra:1 Mem:365.90M (Peak 412.25M) | Time:00:00.25 | Mem:176.85M, Peak:176.85M | Scene, ViewLayer | Updating Geometry BVH Plane.070 726/726 | Building BVH
Fra:1 Mem:365.90M (Peak 412.25M) | Time:00:00.25 | Mem:176.85M, Peak:176.85M | Scene, ViewLayer | Updating Geometry BVH Plane.070 726/726 | Building mesh BLAS |     188 tris | Cube.011
Fra:1 Mem:365.90M (Peak 412.25M) | Time:00:00.25 | Mem:176.85M, Peak:176.85M | Scene, ViewLayer | Updating Geometry BVH Plane.070 726/726 | Building mesh BLAS |     188 tris | Cube.003
Fra:1 Mem:365.90M (Peak 412.25M) | Time:00:00.25 | Mem:176.85M, Peak:176.85M | Scene, ViewLayer | Updating Geometry BVH Plane.070 726/726 | Building mesh BLAS |     188 tris | Cube.016
Fra:1 Mem:365.90M (Peak 412.25M) | Time:00:00.25 | Mem:176.85M, Peak:176.85M | Scene, ViewLayer | Updating Geometry BVH Plane.070 726/726 | Building mesh BLAS |  106900 tris | Plane.070
Fra:1 Mem:365.90M (Peak 412.25M) | Time:00:00.25 | Mem:176.85M, Peak:176.85M | Scene, ViewLayer | Updating Geometry BVH Plane.070 726/726 | Building mesh BLAS |     188 tris | Cube.015
Fra:1 Mem:365.90M (Peak 412.25M) | Time:00:00.25 | Mem:176.85M, Peak:176.85M | Scene, ViewLayer | Updating Geometry BVH Plane.070 726/726 | Building mesh BLAS |     188 tris | Cube.002
Fra:1 Mem:365.90M (Peak 412.25M) | Time:00:00.25 | Mem:176.85M, Peak:176.85M | Scene, ViewLayer | Updating Geometry BVH Plane.070 726/726 | Building mesh BLAS |     188 tris | Cube.010
Fra:1 Mem:365.90M (Peak 412.25M) | Time:00:00.25 | Mem:176.85M, Peak:176.85M | Scene, ViewLayer | Updating Geometry BVH Plane.070 726/726 | Building mesh BLAS |     188 tris | Cube.007
Fra:1 Mem:365.90M (Peak 412.25M) | Time:00:00.25 | Mem:176.85M, Peak:176.85M | Scene, ViewLayer | Updating Geometry BVH Plane.070 726/726 | Building mesh BLAS |     188 tris | Cube.008
Fra:1 Mem:365.90M (Peak 412.25M) | Time:00:00.25 | Mem:176.85M, Peak:176.85M | Scene, ViewLayer | Updating Geometry BVH Cube.018 19/726 | Building BVH
Fra:1 Mem:365.90M (Peak 412.25M) | Time:00:00.25 | Mem:176.85M, Peak:176.85M | Scene, ViewLayer | Updating Geometry BVH Cube.021 22/726 | Building BVH
Fra:1 Mem:365.90M (Peak 412.25M) | Time:00:00.25 | Mem:176.85M, Peak:176.85M | Scene, ViewLayer | Updating Geometry BVH Cube.024 25/726 | Building BVH
Fra:1 Mem:365.90M (Peak 412.25M) | Time:00:00.25 | Mem:176.85M, Peak:176.85M | Scene, ViewLayer | Updating Geometry BVH Cube.025 26/726 | Building mesh BLAS |     188 tris | Cube.019
Fra:1 Mem:365.90M (Peak 412.25M) | Time:00:00.25 | Mem:176.85M, Peak:176.85M | Scene, ViewLayer | Updating Geometry BVH Cube.026 27/726 | Building BVH
Fra:1 Mem:365.90M (Peak 412.25M) | Time:00:00.25 | Mem:176.85M, Peak:176.85M | Scene, ViewLayer | Updating Geometry BVH Cube.028 29/726 | Building BVH
Fra:1 Mem:365.90M (Peak 412.25M) | Time:00:00.25 | Mem:176.85M, Peak:176.85M | Scene, ViewLayer | Updating Geometry BVH Cube.028 29/726 | Building mesh BLAS |     188 tris | Cube.028
Fra:1 Mem:365.90M (Peak 412.25M) | Time:00:00.25 | Mem:176.85M, Peak:176.85M | Scene, ViewLayer | Updating Geometry BVH Cube.028 29/726 | Building mesh BLAS |     188 tris | Cube.022
Fra:1 Mem:365.90M (Peak 412.25M) | Time:00:00.25 | Mem:176.85M, Peak:176.85M | Scene, ViewLayer | Updating Geometry BVH Cylinder 31/726 | Building mesh BLAS |     188 tris | Cube.020
Fra:1 Mem:365.90M (Peak 412.25M) | Time:00:00.25 | Mem:176.85M, Peak:176.85M | Scene, ViewLayer | Updating Geometry BVH Cube.029 30/726 | Building BVH
Fra:1 Mem:365.90M (Peak 412.25M) | Time:00:00.25 | Mem:176.85M, Peak:176.85M | Scene, ViewLayer | Updating Geometry BVH Cylinder.001 32/726 | Building BVH
Fra:1 Mem:365.90M (Peak 412.25M) | Time:00:00.25 | Mem:176.85M, Peak:176.85M | Scene, ViewLayer | Updating Geometry BVH Cylinder.001 32/726 | Building mesh BLAS |     188 tris | Cube.027
Fra:1 Mem:365.90M (Peak 412.25M) | Time:00:00.25 | Mem:176.85M, Peak:176.85M | Scene, ViewLayer | Updating Geometry BVH Cylinder.001 32/726 | Building mesh BLAS |      60 tris | Cylinder.001
Fra:1 Mem:365.90M (Peak 412.25M) | Time:00:00.25 | Mem:176.85M, Peak:176.85M | Scene, ViewLayer | Updating Geometry BVH Cylinder.002 33/726 | Building BVH
Fra:1 Mem:365.90M (Peak 412.25M) | Time:00:00.25 | Mem:176.85M, Peak:176.85M | Scene, ViewLayer | Updating Geometry BVH Cylinder.003 34/726 | Building BVH
Fra:1 Mem:365.90M (Peak 412.25M) | Time:00:00.25 | Mem:176.85M, Peak:176.85M | Scene, ViewLayer | Updating Geometry BVH Cylinder.004 35/726 | Building mesh BLAS |     188 tris | Cube.025
Fra:1 Mem:365.90M (Peak 412.25M) | Time:00:00.25 | Mem:176.85M, Peak:176.85M | Scene, ViewLayer | Updating Geometry BVH Cylinder.005 36/726 | Building mesh BLAS |      60 tris | Cylinder
Fra:1 Mem:365.90M (Peak 412.25M) | Time:00:00.25 | Mem:176.85M, Peak:176.85M | Scene, ViewLayer | Updating Geometry BVH Cylinder.005 36/726 | Building mesh BLAS |     188 tris | Cube.023
Fra:1 Mem:365.90M (Peak 412.25M) | Time:00:00.25 | Mem:176.85M, Peak:176.85M | Scene, ViewLayer | Updating Geometry BVH Cylinder.005 36/726 | Building mesh BLAS |     188 tris | Cube.029
Fra:1 Mem:365.90M (Peak 412.25M) | Time:00:00.25 | Mem:176.85M, Peak:176.85M | Scene, ViewLayer | Updating Geometry BVH Cylinder.005 36/726 | Building mesh BLAS |      60 tris | Cylinder.004
Fra:1 Mem:365.90M (Peak 412.25M) | Time:00:00.25 | Mem:176.85M, Peak:176.85M | Scene, ViewLayer | Updating Geometry BVH Cylinder.006 37/726 | Building BVH
Fra:1 Mem:365.90M (Peak 412.25M) | Time:00:00.25 | Mem:176.85M, Peak:176.85M | Scene, ViewLayer | Updating Geometry BVH Cylinder.006 37/726 | Building mesh BLAS |      60 tris | Cylinder.006
Fra:1 Mem:365.90M (Peak 412.25M) | Time:00:00.25 | Mem:176.85M, Peak:176.85M | Scene, ViewLayer | Updating Geometry BVH Cylinder.006 37/726 | Building mesh BLAS |      60 tris | Cylinder.003
Fra:1 Mem:365.90M (Peak 412.25M) | Time:00:00.25 | Mem:176.85M, Peak:176.85M | Scene, ViewLayer | Updating Geometry BVH Cylinder.007 38/726 | Building BVH
Fra:1 Mem:365.90M (Peak 412.25M) | Time:00:00.25 | Mem:176.85M, Peak:176.85M | Scene, ViewLayer | Updating Geometry BVH Cylinder.007 38/726 | Building mesh BLAS |     188 tris | Cube.021
Fra:1 Mem:365.90M (Peak 412.25M) | Time:00:00.25 | Mem:176.85M, Peak:176.85M | Scene, ViewLayer | Updating Geometry BVH Cylinder.008 39/726 | Building BVH
Fra:1 Mem:365.90M (Peak 412.25M) | Time:00:00.25 | Mem:176.85M, Peak:176.85M | Scene, ViewLayer | Updating Geometry BVH Cylinder.010 41/726 | Building BVH
Fra:1 Mem:365.90M (Peak 412.25M) | Time:00:00.25 | Mem:176.85M, Peak:176.85M | Scene, ViewLayer | Updating Geometry BVH Cylinder.010 41/726 | Building mesh BLAS |      60 tris | Cylinder.008
Fra:1 Mem:365.90M (Peak 412.25M) | Time:00:00.25 | Mem:176.85M, Peak:176.85M | Scene, ViewLayer | Updating Geometry BVH Cylinder.010 41/726 | Building mesh BLAS |      60 tris | Cylinder.010
Fra:1 Mem:365.90M (Peak 412.25M) | Time:00:00.25 | Mem:176.85M, Peak:176.85M | Scene, ViewLayer | Updating Geometry BVH Cylinder.011 42/726 | Building BVH
Fra:1 Mem:365.90M (Peak 412.25M) | Time:00:00.25 | Mem:176.85M, Peak:176.85M | Scene, ViewLayer | Updating Geometry BVH Cube.030 43/726 | Building BVH
Fra:1 Mem:365.90M (Peak 412.25M) | Time:00:00.25 | Mem:176.85M, Peak:176.85M | Scene, ViewLayer | Updating Geometry BVH Cube.031 44/726 | Building BVH
Fra:1 Mem:365.90M (Peak 412.25M) | Time:00:00.25 | Mem:176.85M, Peak:176.85M | Scene, ViewLayer | Updating Geometry BVH Cube.031 44/726 | Building mesh BLAS |      60 tris | Cylinder.011
Fra:1 Mem:365.90M (Peak 412.25M) | Time:00:00.25 | Mem:176.85M, Peak:176.85M | Scene, ViewLayer | Updating Geometry BVH Cube.031 44/726 | Building mesh BLAS |     188 tris | Cube.031
Fra:1 Mem:365.90M (Peak 412.25M) | Time:00:00.25 | Mem:176.85M, Peak:176.85M | Scene, ViewLayer | Updating Geometry BVH Cube.031 44/726 | Building mesh BLAS |     188 tris | Cube.030
Fra:1 Mem:365.90M (Peak 412.25M) | Time:00:00.25 | Mem:176.85M, Peak:176.85M | Scene, ViewLayer | Updating Geometry BVH Cube.032 45/726 | Building BVH
Fra:1 Mem:365.90M (Peak 412.25M) | Time:00:00.25 | Mem:176.85M, Peak:176.85M | Scene, ViewLayer | Updating Geometry BVH Cube.032 45/726 | Building mesh BLAS |     188 tris | Cube.032
Fra:1 Mem:365.90M (Peak 412.25M) | Time:00:00.25 | Mem:176.85M, Peak:176.85M | Scene, ViewLayer | Updating Geometry BVH Cube.033 46/726 | Building BVH
Fra:1 Mem:365.90M (Peak 412.25M) | Time:00:00.25 | Mem:176.85M, Peak:176.85M | Scene, ViewLayer | Updating Geometry BVH Cube.033 46/726 | Building mesh BLAS |     188 tris | Cube.033
Fra:1 Mem:365.90M (Peak 412.25M) | Time:00:00.25 | Mem:176.85M, Peak:176.85M | Scene, ViewLayer | Updating Geometry BVH Cube.034 47/726 | Building BVH
Fra:1 Mem:365.90M (Peak 412.25M) | Time:00:00.25 | Mem:176.85M, Peak:176.85M | Scene, ViewLayer | Updating Geometry BVH Cube.034 47/726 | Building mesh BLAS |     188 tris | Cube.034
Fra:1 Mem:365.90M (Peak 412.25M) | Time:00:00.25 | Mem:176.85M, Peak:176.85M | Scene, ViewLayer | Updating Geometry BVH Cube.035 48/726 | Building BVH
Fra:1 Mem:365.90M (Peak 412.25M) | Time:00:00.25 | Mem:176.85M, Peak:176.85M | Scene, ViewLayer | Updating Geometry BVH Cube.036 49/726 | Building BVH
Fra:1 Mem:365.90M (Peak 412.25M) | Time:00:00.25 | Mem:176.85M, Peak:176.85M | Scene, ViewLayer | Updating Geometry BVH Cube.036 49/726 | Building mesh BLAS |     188 tris | Cube.035
Fra:1 Mem:365.90M (Peak 412.25M) | Time:00:00.25 | Mem:176.85M, Peak:176.85M | Scene, ViewLayer | Updating Geometry BVH Cube.036 49/726 | Building mesh BLAS |     188 tris | Cube.036
Fra:1 Mem:365.90M (Peak 412.25M) | Time:00:00.25 | Mem:176.85M, Peak:176.85M | Scene, ViewLayer | Updating Geometry BVH Cube.037 50/726 | Building BVH
Fra:1 Mem:365.90M (Peak 412.25M) | Time:00:00.25 | Mem:176.85M, Peak:176.85M | Scene, ViewLayer | Updating Geometry BVH Cube.038 51/726 | Building BVH
Fra:1 Mem:365.90M (Peak 412.25M) | Time:00:00.25 | Mem:176.85M, Peak:176.85M | Scene, ViewLayer | Updating Geometry BVH Cube.038 51/726 | Building mesh BLAS |     188 tris | Cube.037
Fra:1 Mem:365.90M (Peak 412.25M) | Time:00:00.25 | Mem:176.85M, Peak:176.85M | Scene, ViewLayer | Updating Geometry BVH Cube.039 52/726 | Building BVH
Fra:1 Mem:365.90M (Peak 412.25M) | Time:00:00.25 | Mem:176.85M, Peak:176.85M | Scene, ViewLayer | Updating Geometry BVH Cube.040 53/726 | Building BVH
Fra:1 Mem:365.90M (Peak 412.25M) | Time:00:00.25 | Mem:176.85M, Peak:176.85M | Scene, ViewLayer | Updating Geometry BVH Cube.040 53/726 | Building mesh BLAS |     188 tris | Cube.039
Fra:1 Mem:365.90M (Peak 412.25M) | Time:00:00.25 | Mem:176.85M, Peak:176.85M | Scene, ViewLayer | Updating Geometry BVH Cube.041 54/726 | Building BVH
Fra:1 Mem:365.90M (Peak 412.25M) | Time:00:00.25 | Mem:176.85M, Peak:176.85M | Scene, ViewLayer | Updating Geometry BVH Cube.041 54/726 | Building mesh BLAS |     188 tris | Cube.040
Fra:1 Mem:365.90M (Peak 412.25M) | Time:00:00.25 | Mem:176.85M, Peak:176.85M | Scene, ViewLayer | Updating Geometry BVH Cube.041 54/726 | Building mesh BLAS |     188 tris | Cube.041
Fra:1 Mem:365.90M (Peak 412.25M) | Time:00:00.25 | Mem:176.85M, Peak:176.85M | Scene, ViewLayer | Updating Geometry BVH Circle.008 724/726 | Building BVH
Fra:1 Mem:365.90M (Peak 412.25M) | Time:00:00.25 | Mem:176.85M, Peak:176.85M | Scene, ViewLayer | Updating Geometry BVH Cube.042 55/726 | Building BVH
Fra:1 Mem:365.90M (Peak 412.25M) | Time:00:00.25 | Mem:176.85M, Peak:176.85M | Scene, ViewLayer | Updating Geometry BVH Cube.043 56/726 | Building BVH
Fra:1 Mem:365.90M (Peak 412.25M) | Time:00:00.25 | Mem:176.85M, Peak:176.85M | Scene, ViewLayer | Updating Geometry BVH Cube.043 56/726 | Building mesh BLAS |     188 tris | Cube.042
Fra:1 Mem:365.90M (Peak 412.25M) | Time:00:00.25 | Mem:176.85M, Peak:176.85M | Scene, ViewLayer | Updating Geometry BVH Cube.043 56/726 | Building mesh BLAS |     188 tris | Cube.043
Fra:1 Mem:365.90M (Peak 412.25M) | Time:00:00.25 | Mem:176.85M, Peak:176.85M | Scene, ViewLayer | Updating Geometry BVH Cylinder.012 57/726 | Building BVH
Fra:1 Mem:365.90M (Peak 412.25M) | Time:00:00.25 | Mem:176.85M, Peak:176.85M | Scene, ViewLayer | Updating Geometry BVH Cylinder.012 57/726 | Building mesh BLAS |      60 tris | Cylinder.012
Fra:1 Mem:365.90M (Peak 412.25M) | Time:00:00.25 | Mem:176.85M, Peak:176.85M | Scene, ViewLayer | Updating Geometry BVH Cylinder.013 58/726 | Building BVH
Fra:1 Mem:365.90M (Peak 412.25M) | Time:00:00.25 | Mem:176.85M, Peak:176.85M | Scene, ViewLayer | Updating Geometry BVH Cylinder.013 58/726 | Building mesh BLAS |      60 tris | Cylinder.013
Fra:1 Mem:365.90M (Peak 412.25M) | Time:00:00.25 | Mem:176.85M, Peak:176.85M | Scene, ViewLayer | Updating Geometry BVH Cylinder.013 58/726 | Building mesh BLAS |   56878 tris | Circle.008
Fra:1 Mem:365.90M (Peak 412.25M) | Time:00:00.25 | Mem:176.85M, Peak:176.85M | Scene, ViewLayer | Updating Geometry BVH Cylinder.014 59/726 | Building BVH
Fra:1 Mem:365.90M (Peak 412.25M) | Time:00:00.25 | Mem:176.85M, Peak:176.85M | Scene, ViewLayer | Updating Geometry BVH Cylinder.014 59/726 | Building mesh BLAS |      60 tris | Cylinder.014
Fra:1 Mem:365.90M (Peak 412.25M) | Time:00:00.25 | Mem:176.85M, Peak:176.85M | Scene, ViewLayer | Updating Geometry BVH Cylinder.015 60/726 | Building BVH
Fra:1 Mem:365.90M (Peak 412.25M) | Time:00:00.25 | Mem:176.85M, Peak:176.85M | Scene, ViewLayer | Updating Geometry BVH Cylinder.015 60/726 | Building mesh BLAS |      60 tris | Cylinder.015
Fra:1 Mem:365.90M (Peak 412.25M) | Time:00:00.25 | Mem:176.85M, Peak:176.85M | Scene, ViewLayer | Updating Geometry BVH Cylinder.016 61/726 | Building BVH
Fra:1 Mem:365.90M (Peak 412.25M) | Time:00:00.25 | Mem:176.85M, Peak:176.85M | Scene, ViewLayer | Updating Geometry BVH Cylinder.017 62/726 | Building BVH
Fra:1 Mem:365.90M (Peak 412.25M) | Time:00:00.25 | Mem:176.85M, Peak:176.85M | Scene, ViewLayer | Updating Geometry BVH Cylinder.017 62/726 | Building mesh BLAS |      60 tris | Cylinder.016
Fra:1 Mem:365.90M (Peak 412.25M) | Time:00:00.25 | Mem:176.85M, Peak:176.85M | Scene, ViewLayer | Updating Geometry BVH Cylinder.017 62/726 | Building mesh BLAS |      60 tris | Cylinder.017
Fra:1 Mem:365.90M (Peak 412.25M) | Time:00:00.25 | Mem:176.85M, Peak:176.85M | Scene, ViewLayer | Updating Geometry BVH Cylinder.018 63/726 | Building BVH
Fra:1 Mem:365.90M (Peak 412.25M) | Time:00:00.25 | Mem:176.85M, Peak:176.85M | Scene, ViewLayer | Updating Geometry BVH Cylinder.018 63/726 | Building mesh BLAS |      60 tris | Cylinder.018
Fra:1 Mem:365.90M (Peak 412.25M) | Time:00:00.25 | Mem:176.85M, Peak:176.85M | Scene, ViewLayer | Updating Geometry BVH Cylinder.019 64/726 | Building BVH
Fra:1 Mem:365.90M (Peak 412.25M) | Time:00:00.25 | Mem:176.85M, Peak:176.85M | Scene, ViewLayer | Updating Geometry BVH Cylinder.019 64/726 | Building mesh BLAS |      60 tris | Cylinder.019
Fra:1 Mem:365.90M (Peak 412.25M) | Time:00:00.25 | Mem:176.85M, Peak:176.85M | Scene, ViewLayer | Updating Geometry BVH Cube.044 65/726 | Building BVH
Fra:1 Mem:365.90M (Peak 412.25M) | Time:00:00.25 | Mem:176.85M, Peak:176.85M | Scene, ViewLayer | Updating Geometry BVH Cube.044 65/726 | Building mesh BLAS |     188 tris | Cube.044
Fra:1 Mem:365.90M (Peak 412.25M) | Time:00:00.25 | Mem:176.85M, Peak:176.85M | Scene, ViewLayer | Updating Geometry BVH Cube.045 66/726 | Building BVH
Fra:1 Mem:365.90M (Peak 412.25M) | Time:00:00.25 | Mem:176.85M, Peak:176.85M | Scene, ViewLayer | Updating Geometry BVH Cube.045 66/726 | Building mesh BLAS |     188 tris | Cube.045
Fra:1 Mem:365.90M (Peak 412.25M) | Time:00:00.25 | Mem:176.85M, Peak:176.85M | Scene, ViewLayer | Updating Geometry BVH Cube.046 67/726 | Building BVH
Fra:1 Mem:365.90M (Peak 412.25M) | Time:00:00.25 | Mem:176.85M, Peak:176.85M | Scene, ViewLayer | Updating Geometry BVH Cube.047 68/726 | Building BVH
Fra:1 Mem:365.90M (Peak 412.25M) | Time:00:00.25 | Mem:176.85M, Peak:176.85M | Scene, ViewLayer | Updating Geometry BVH Cube.047 68/726 | Building mesh BLAS |     188 tris | Cube.046
Fra:1 Mem:365.90M (Peak 412.25M) | Time:00:00.25 | Mem:176.85M, Peak:176.85M | Scene, ViewLayer | Updating Geometry BVH Cube.047 68/726 | Building mesh BLAS |     188 tris | Cube.047
Fra:1 Mem:365.90M (Peak 412.25M) | Time:00:00.25 | Mem:176.85M, Peak:176.85M | Scene, ViewLayer | Updating Geometry BVH Cube.048 69/726 | Building BVH
Fra:1 Mem:365.90M (Peak 412.25M) | Time:00:00.25 | Mem:176.85M, Peak:176.85M | Scene, ViewLayer | Updating Geometry BVH Cube.048 69/726 | Building mesh BLAS |     188 tris | Cube.048
Fra:1 Mem:365.90M (Peak 412.25M) | Time:00:00.25 | Mem:176.85M, Peak:176.85M | Scene, ViewLayer | Updating Geometry BVH Cube.049 70/726 | Building BVH
Fra:1 Mem:365.90M (Peak 412.25M) | Time:00:00.25 | Mem:176.85M, Peak:176.85M | Scene, ViewLayer | Updating Geometry BVH Cube.049 70/726 | Building mesh BLAS |     188 tris | Cube.049
Fra:1 Mem:365.90M (Peak 412.25M) | Time:00:00.25 | Mem:176.85M, Peak:176.85M | Scene, ViewLayer | Updating Geometry BVH potted_plant_01_base_low 723/726 | Building BVH
Fra:1 Mem:365.90M (Peak 412.25M) | Time:00:00.25 | Mem:176.85M, Peak:176.85M | Scene, ViewLayer | Updating Geometry BVH Cube.050 71/726 | Building BVH
Fra:1 Mem:365.90M (Peak 412.25M) | Time:00:00.25 | Mem:176.85M, Peak:176.85M | Scene, ViewLayer | Updating Geometry BVH Cube.050 71/726 | Building mesh BLAS |     188 tris | Cube.050
Fra:1 Mem:365.90M (Peak 412.25M) | Time:00:00.25 | Mem:176.85M, Peak:176.85M | Scene, ViewLayer | Updating Geometry BVH Cube.050 71/726 | Building mesh BLAS |    7008 tris | potted_plant_01_base_low
Fra:1 Mem:365.90M (Peak 412.25M) | Time:00:00.25 | Mem:176.85M, Peak:176.85M | Scene, ViewLayer | Updating Geometry BVH Cube.051 72/726 | Building BVH
Fra:1 Mem:365.90M (Peak 412.25M) | Time:00:00.25 | Mem:176.85M, Peak:176.85M | Scene, ViewLayer | Updating Geometry BVH Cube.051 72/726 | Building mesh BLAS |     188 tris | Cube.051
Fra:1 Mem:365.90M (Peak 412.25M) | Time:00:00.25 | Mem:176.85M, Peak:176.85M | Scene, ViewLayer | Updating Geometry BVH Cube.052 73/726 | Building BVH
Fra:1 Mem:365.90M (Peak 412.25M) | Time:00:00.25 | Mem:176.85M, Peak:176.85M | Scene, ViewLayer | Updating Geometry BVH Cube.053 74/726 | Building BVH
Fra:1 Mem:365.90M (Peak 412.25M) | Time:00:00.25 | Mem:176.85M, Peak:176.85M | Scene, ViewLayer | Updating Geometry BVH Cube.053 74/726 | Building mesh BLAS |     188 tris | Cube.052
Fra:1 Mem:365.90M (Peak 412.25M) | Time:00:00.25 | Mem:176.85M, Peak:176.85M | Scene, ViewLayer | Updating Geometry BVH Cube.053 74/726 | Building mesh BLAS |     188 tris | Cube.053
Fra:1 Mem:365.90M (Peak 412.25M) | Time:00:00.25 | Mem:176.85M, Peak:176.85M | Scene, ViewLayer | Updating Geometry BVH Cube.056 77/726 | Building BVH
Fra:1 Mem:365.90M (Peak 412.25M) | Time:00:00.25 | Mem:176.85M, Peak:176.85M | Scene, ViewLayer | Updating Geometry BVH Cube.057 78/726 | Building BVH
Fra:1 Mem:365.90M (Peak 412.25M) | Time:00:00.25 | Mem:176.85M, Peak:176.85M | Scene, ViewLayer | Updating Geometry BVH Cube.057 78/726 | Building mesh BLAS |     188 tris | Cube.054
Fra:1 Mem:365.90M (Peak 412.25M) | Time:00:00.25 | Mem:176.85M, Peak:176.85M | Scene, ViewLayer | Updating Geometry BVH Cylinder.020 79/726 | Building mesh BLAS |     188 tris | Cube.057
Fra:1 Mem:365.90M (Peak 412.25M) | Time:00:00.25 | Mem:176.85M, Peak:176.85M | Scene, ViewLayer | Updating Geometry BVH Cylinder.020 79/726 | Building mesh BLAS |     188 tris | Cube.055
Fra:1 Mem:365.90M (Peak 412.25M) | Time:00:00.25 | Mem:176.85M, Peak:176.85M | Scene, ViewLayer | Updating Geometry BVH Cylinder.021 80/726 | Building BVH
Fra:1 Mem:365.90M (Peak 412.25M) | Time:00:00.25 | Mem:176.85M, Peak:176.85M | Scene, ViewLayer | Updating Geometry BVH Cylinder.021 80/726 | Building mesh BLAS |      60 tris | Cylinder.020
Fra:1 Mem:365.90M (Peak 412.25M) | Time:00:00.25 | Mem:176.85M, Peak:176.85M | Scene, ViewLayer | Updating Geometry BVH Cylinder.021 80/726 | Building mesh BLAS |      60 tris | Cylinder.021
Fra:1 Mem:365.90M (Peak 412.25M) | Time:00:00.25 | Mem:176.85M, Peak:176.85M | Scene, ViewLayer | Updating Geometry BVH Cylinder.022 81/726 | Building BVH
Fra:1 Mem:365.90M (Peak 412.25M) | Time:00:00.25 | Mem:176.85M, Peak:176.85M | Scene, ViewLayer | Updating Geometry BVH Cylinder.022 81/726 | Building mesh BLAS |      60 tris | Cylinder.022
Fra:1 Mem:365.90M (Peak 412.25M) | Time:00:00.25 | Mem:176.85M, Peak:176.85M | Scene, ViewLayer | Updating Geometry BVH Cylinder.023 82/726 | Building BVH
Fra:1 Mem:365.90M (Peak 412.25M) | Time:00:00.25 | Mem:176.85M, Peak:176.85M | Scene, ViewLayer | Updating Geometry BVH Cylinder.023 82/726 | Building mesh BLAS |      60 tris | Cylinder.023
Fra:1 Mem:365.90M (Peak 412.25M) | Time:00:00.25 | Mem:176.85M, Peak:176.85M | Scene, ViewLayer | Updating Geometry BVH Cylinder.024 83/726 | Building BVH
Fra:1 Mem:365.90M (Peak 412.25M) | Time:00:00.25 | Mem:176.85M, Peak:176.85M | Scene, ViewLayer | Updating Geometry BVH Cylinder.024 83/726 | Building mesh BLAS |      60 tris | Cylinder.024
Fra:1 Mem:365.90M (Peak 412.25M) | Time:00:00.25 | Mem:176.85M, Peak:176.85M | Scene, ViewLayer | Updating Geometry BVH Cylinder.025 84/726 | Building BVH
Fra:1 Mem:365.90M (Peak 412.25M) | Time:00:00.25 | Mem:176.85M, Peak:176.85M | Scene, ViewLayer | Updating Geometry BVH Cylinder.025 84/726 | Building mesh BLAS |      60 tris | Cylinder.025
Fra:1 Mem:365.90M (Peak 412.25M) | Time:00:00.25 | Mem:176.85M, Peak:176.85M | Scene, ViewLayer | Updating Geometry BVH Cylinder.026 85/726 | Building BVH
Fra:1 Mem:365.90M (Peak 412.25M) | Time:00:00.25 | Mem:176.85M, Peak:176.85M | Scene, ViewLayer | Updating Geometry BVH Cylinder.027 86/726 | Building BVH
Fra:1 Mem:365.90M (Peak 412.25M) | Time:00:00.25 | Mem:176.85M, Peak:176.85M | Scene, ViewLayer | Updating Geometry BVH Cylinder.027 86/726 | Building mesh BLAS |      60 tris | Cylinder.027
Fra:1 Mem:365.90M (Peak 412.25M) | Time:00:00.25 | Mem:176.85M, Peak:176.85M | Scene, ViewLayer | Updating Geometry BVH Cube.058 87/726 | Building BVH
Fra:1 Mem:365.90M (Peak 412.25M) | Time:00:00.25 | Mem:176.85M, Peak:176.85M | Scene, ViewLayer | Updating Geometry BVH Cube.058 87/726 | Building mesh BLAS |     188 tris | Cube.058
Fra:1 Mem:365.90M (Peak 412.25M) | Time:00:00.25 | Mem:176.85M, Peak:176.85M | Scene, ViewLayer | Updating Geometry BVH Wind-shaped silk flag 722/726 | Building BVH
Fra:1 Mem:365.90M (Peak 412.25M) | Time:00:00.25 | Mem:176.85M, Peak:176.85M | Scene, ViewLayer | Updating Geometry BVH Cube.059 88/726 | Building BVH
Fra:1 Mem:365.90M (Peak 412.25M) | Time:00:00.25 | Mem:176.85M, Peak:176.85M | Scene, ViewLayer | Updating Geometry BVH Cube.059 88/726 | Building mesh BLAS |     416 tris | Wind-shaped silk flag
Fra:1 Mem:365.90M (Peak 412.25M) | Time:00:00.25 | Mem:176.85M, Peak:176.85M | Scene, ViewLayer | Updating Geometry BVH Cube.060 89/726 | Building BVH
Fra:1 Mem:365.90M (Peak 412.25M) | Time:00:00.25 | Mem:176.85M, Peak:176.85M | Scene, ViewLayer | Updating Geometry BVH Cube.060 89/726 | Building mesh BLAS |     188 tris | Cube.060
Fra:1 Mem:365.90M (Peak 412.25M) | Time:00:00.25 | Mem:176.85M, Peak:176.85M | Scene, ViewLayer | Updating Geometry BVH Cube.061 90/726 | Building BVH
Fra:1 Mem:365.90M (Peak 412.25M) | Time:00:00.25 | Mem:176.85M, Peak:176.85M | Scene, ViewLayer | Updating Geometry BVH Cube.062 91/726 | Building BVH
Fra:1 Mem:365.90M (Peak 412.25M) | Time:00:00.25 | Mem:176.85M, Peak:176.85M | Scene, ViewLayer | Updating Geometry BVH Cube.062 91/726 | Building mesh BLAS |     188 tris | Cube.061
Fra:1 Mem:365.90M (Peak 412.25M) | Time:00:00.25 | Mem:176.85M, Peak:176.85M | Scene, ViewLayer | Updating Geometry BVH Cube.062 91/726 | Building mesh BLAS |     188 tris | Cube.062
Fra:1 Mem:365.90M (Peak 412.25M) | Time:00:00.26 | Mem:176.85M, Peak:176.85M | Scene, ViewLayer | Updating Geometry BVH Cube.063 92/726 | Building BVH
Fra:1 Mem:365.90M (Peak 412.25M) | Time:00:00.26 | Mem:176.85M, Peak:176.85M | Scene, ViewLayer | Updating Geometry BVH Cube.064 93/726 | Building BVH
Fra:1 Mem:365.90M (Peak 412.25M) | Time:00:00.26 | Mem:176.85M, Peak:176.85M | Scene, ViewLayer | Updating Geometry BVH Cube.065 94/726 | Building BVH
Fra:1 Mem:365.90M (Peak 412.25M) | Time:00:00.26 | Mem:176.85M, Peak:176.85M | Scene, ViewLayer | Updating Geometry BVH Cube.065 94/726 | Building mesh BLAS |     188 tris | Cube.064
Fra:1 Mem:365.90M (Peak 412.25M) | Time:00:00.26 | Mem:176.85M, Peak:176.85M | Scene, ViewLayer | Updating Geometry BVH Cube.065 94/726 | Building mesh BLAS |     188 tris | Cube.065
Fra:1 Mem:365.90M (Peak 412.25M) | Time:00:00.26 | Mem:176.85M, Peak:176.85M | Scene, ViewLayer | Updating Geometry BVH Cube.066 95/726 | Building BVH
Fra:1 Mem:365.90M (Peak 412.25M) | Time:00:00.26 | Mem:176.85M, Peak:176.85M | Scene, ViewLayer | Updating Geometry BVH Cube.067 96/726 | Building BVH
Fra:1 Mem:365.90M (Peak 412.25M) | Time:00:00.26 | Mem:176.85M, Peak:176.85M | Scene, ViewLayer | Updating Geometry BVH Cube.067 96/726 | Building mesh BLAS |     188 tris | Cube.066
Fra:1 Mem:365.90M (Peak 412.25M) | Time:00:00.26 | Mem:176.85M, Peak:176.85M | Scene, ViewLayer | Updating Geometry BVH Cube.067 96/726 | Building mesh BLAS |     188 tris | Cube.067
Fra:1 Mem:365.90M (Peak 412.25M) | Time:00:00.26 | Mem:176.85M, Peak:176.85M | Scene, ViewLayer | Updating Geometry BVH Cube.068 97/726 | Building BVH
Fra:1 Mem:365.90M (Peak 412.25M) | Time:00:00.26 | Mem:176.85M, Peak:176.85M | Scene, ViewLayer | Updating Geometry BVH Cube.068 97/726 | Building mesh BLAS |     188 tris | Cube.068
Fra:1 Mem:365.90M (Peak 412.25M) | Time:00:00.26 | Mem:176.85M, Peak:176.85M | Scene, ViewLayer | Updating Geometry BVH Cube.069 98/726 | Building BVH
Fra:1 Mem:365.90M (Peak 412.25M) | Time:00:00.26 | Mem:176.85M, Peak:176.85M | Scene, ViewLayer | Updating Geometry BVH Cube.069 98/726 | Building mesh BLAS |     188 tris | Cube.069
Fra:1 Mem:365.90M (Peak 412.25M) | Time:00:00.26 | Mem:176.85M, Peak:176.85M | Scene, ViewLayer | Updating Geometry BVH Cube.070 99/726 | Building BVH
Fra:1 Mem:365.90M (Peak 412.25M) | Time:00:00.26 | Mem:176.85M, Peak:176.85M | Scene, ViewLayer | Updating Geometry BVH Cube.070 99/726 | Building mesh BLAS |     188 tris | Cube.070
Fra:1 Mem:365.90M (Peak 412.25M) | Time:00:00.26 | Mem:176.85M, Peak:176.85M | Scene, ViewLayer | Updating Geometry BVH Cube.071 100/726 | Building BVH
Fra:1 Mem:365.90M (Peak 412.25M) | Time:00:00.26 | Mem:176.85M, Peak:176.85M | Scene, ViewLayer | Updating Geometry BVH Cube.071 100/726 | Building mesh BLAS |     188 tris | Cube.071
Fra:1 Mem:365.90M (Peak 412.25M) | Time:00:00.26 | Mem:176.85M, Peak:176.85M | Scene, ViewLayer | Updating Geometry BVH Cube.072 101/726 | Building BVH
Fra:1 Mem:365.90M (Peak 412.25M) | Time:00:00.26 | Mem:176.85M, Peak:176.85M | Scene, ViewLayer | Updating Geometry BVH Cube.072 101/726 | Building mesh BLAS |     188 tris | Cube.072
Fra:1 Mem:365.90M (Peak 412.25M) | Time:00:00.26 | Mem:176.85M, Peak:176.85M | Scene, ViewLayer | Updating Geometry BVH Cube.073 102/726 | Building BVH
Fra:1 Mem:365.90M (Peak 412.25M) | Time:00:00.26 | Mem:176.85M, Peak:176.85M | Scene, ViewLayer | Updating Geometry BVH Cube.073 102/726 | Building mesh BLAS |     188 tris | Cube.073
Fra:1 Mem:365.90M (Peak 412.25M) | Time:00:00.26 | Mem:176.85M, Peak:176.85M | Scene, ViewLayer | Updating Geometry BVH Cube.074 103/726 | Building BVH
Fra:1 Mem:365.90M (Peak 412.25M) | Time:00:00.26 | Mem:176.85M, Peak:176.85M | Scene, ViewLayer | Updating Geometry BVH Cube.074 103/726 | Building mesh BLAS |     188 tris | Cube.074
Fra:1 Mem:365.90M (Peak 412.25M) | Time:00:00.26 | Mem:176.85M, Peak:176.85M | Scene, ViewLayer | Updating Geometry BVH Cube.075 104/726 | Building BVH
Fra:1 Mem:365.90M (Peak 412.25M) | Time:00:00.26 | Mem:176.85M, Peak:176.85M | Scene, ViewLayer | Updating Geometry BVH Cube.075 104/726 | Building mesh BLAS |     188 tris | Cube.075
Fra:1 Mem:365.90M (Peak 412.25M) | Time:00:00.26 | Mem:176.85M, Peak:176.85M | Scene, ViewLayer | Updating Geometry BVH Dome rolled rim.009 721/726 | Building BVH
Fra:1 Mem:365.90M (Peak 412.25M) | Time:00:00.26 | Mem:176.85M, Peak:176.85M | Scene, ViewLayer | Updating Geometry BVH Dome rolled rim.009 721/726 | Building mesh BLAS |    1536 tris | Dome rolled rim.009
Fra:1 Mem:365.90M (Peak 412.25M) | Time:00:00.26 | Mem:176.85M, Peak:176.85M | Scene, ViewLayer | Updating Geometry BVH Cube.076 105/726 | Building BVH
Fra:1 Mem:365.90M (Peak 412.25M) | Time:00:00.26 | Mem:176.85M, Peak:176.85M | Scene, ViewLayer | Updating Geometry BVH Cube.077 106/726 | Building BVH
Fra:1 Mem:365.90M (Peak 412.25M) | Time:00:00.26 | Mem:176.85M, Peak:176.85M | Scene, ViewLayer | Updating Geometry BVH Cube.077 106/726 | Building mesh BLAS |     188 tris | Cube.076
Fra:1 Mem:365.90M (Peak 412.25M) | Time:00:00.26 | Mem:176.85M, Peak:176.85M | Scene, ViewLayer | Updating Geometry BVH Cube.077 106/726 | Building mesh BLAS |     188 tris | Cube.077
Fra:1 Mem:365.90M (Peak 412.25M) | Time:00:00.26 | Mem:176.85M, Peak:176.85M | Scene, ViewLayer | Updating Geometry BVH Cube.078 107/726 | Building BVH
Fra:1 Mem:365.90M (Peak 412.25M) | Time:00:00.26 | Mem:176.85M, Peak:176.85M | Scene, ViewLayer | Updating Geometry BVH Cube.078 107/726 | Building mesh BLAS |     188 tris | Cube.078
Fra:1 Mem:365.90M (Peak 412.25M) | Time:00:00.26 | Mem:176.85M, Peak:176.85M | Scene, ViewLayer | Updating Geometry BVH Cube.079 108/726 | Building BVH
Fra:1 Mem:365.90M (Peak 412.25M) | Time:00:00.26 | Mem:176.85M, Peak:176.85M | Scene, ViewLayer | Updating Geometry BVH Cube.079 108/726 | Building mesh BLAS |     188 tris | Cube.079
Fra:1 Mem:365.90M (Peak 412.25M) | Time:00:00.26 | Mem:176.85M, Peak:176.85M | Scene, ViewLayer | Updating Geometry BVH Cube.080 109/726 | Building BVH
Fra:1 Mem:365.90M (Peak 412.25M) | Time:00:00.26 | Mem:176.85M, Peak:176.85M | Scene, ViewLayer | Updating Geometry BVH Cube.080 109/726 | Building mesh BLAS |     188 tris | Cube.080
Fra:1 Mem:365.90M (Peak 412.25M) | Time:00:00.26 | Mem:176.85M, Peak:176.85M | Scene, ViewLayer | Updating Geometry BVH Cube.081 110/726 | Building BVH
Fra:1 Mem:365.90M (Peak 412.25M) | Time:00:00.26 | Mem:176.85M, Peak:176.85M | Scene, ViewLayer | Updating Geometry BVH Cube.081 110/726 | Building mesh BLAS |     188 tris | Cube.081
Fra:1 Mem:365.90M (Peak 412.25M) | Time:00:00.26 | Mem:176.85M, Peak:176.85M | Scene, ViewLayer | Updating Geometry BVH Cube.082 111/726 | Building BVH
Fra:1 Mem:365.90M (Peak 412.25M) | Time:00:00.26 | Mem:176.85M, Peak:176.85M | Scene, ViewLayer | Updating Geometry BVH Cube.082 111/726 | Building mesh BLAS |     428 tris | Cube.082
Fra:1 Mem:365.90M (Peak 412.25M) | Time:00:00.26 | Mem:176.85M, Peak:176.85M | Scene, ViewLayer | Updating Geometry BVH Cube.083 112/726 | Building BVH
Fra:1 Mem:365.90M (Peak 412.25M) | Time:00:00.26 | Mem:176.85M, Peak:176.85M | Scene, ViewLayer | Updating Geometry BVH Cube.084 113/726 | Building BVH
Fra:1 Mem:365.90M (Peak 412.25M) | Time:00:00.26 | Mem:176.85M, Peak:176.85M | Scene, ViewLayer | Updating Geometry BVH Cube.084 113/726 | Building mesh BLAS |     188 tris | Cube.083
Fra:1 Mem:365.90M (Peak 412.25M) | Time:00:00.26 | Mem:176.85M, Peak:176.85M | Scene, ViewLayer | Updating Geometry BVH Cube.084 113/726 | Building mesh BLAS |     476 tris | Cube.084
Fra:1 Mem:365.90M (Peak 412.25M) | Time:00:00.26 | Mem:176.85M, Peak:176.85M | Scene, ViewLayer | Updating Geometry BVH Cube.085 114/726 | Building BVH
Fra:1 Mem:365.90M (Peak 412.25M) | Time:00:00.26 | Mem:176.85M, Peak:176.85M | Scene, ViewLayer | Updating Geometry BVH Cube.085 114/726 | Building mesh BLAS |     268 tris | Cube.085
Fra:1 Mem:365.90M (Peak 412.25M) | Time:00:00.26 | Mem:176.85M, Peak:176.85M | Scene, ViewLayer | Updating Geometry BVH Cylinder.028 115/726 | Building BVH
Fra:1 Mem:365.90M (Peak 412.25M) | Time:00:00.26 | Mem:176.85M, Peak:176.85M | Scene, ViewLayer | Updating Geometry BVH Cylinder.028 115/726 | Building mesh BLAS |      60 tris | Cylinder.028
Fra:1 Mem:365.90M (Peak 412.25M) | Time:00:00.26 | Mem:176.86M, Peak:176.86M | Scene, ViewLayer | Updating Geometry BVH Cylinder.029 116/726 | Building BVH
Fra:1 Mem:365.90M (Peak 412.25M) | Time:00:00.26 | Mem:176.86M, Peak:176.86M | Scene, ViewLayer | Updating Geometry BVH Cylinder.029 116/726 | Building mesh BLAS |      60 tris | Cylinder.029
Fra:1 Mem:365.90M (Peak 412.25M) | Time:00:00.26 | Mem:176.86M, Peak:176.86M | Scene, ViewLayer | Updating Geometry BVH Cylinder.030 117/726 | Building BVH
Fra:1 Mem:365.90M (Peak 412.25M) | Time:00:00.26 | Mem:176.86M, Peak:176.86M | Scene, ViewLayer | Updating Geometry BVH Cylinder.030 117/726 | Building mesh BLAS |      60 tris | Cylinder.030
Fra:1 Mem:365.90M (Peak 412.25M) | Time:00:00.26 | Mem:176.86M, Peak:176.86M | Scene, ViewLayer | Updating Geometry BVH Cylinder.031 118/726 | Building BVH
Fra:1 Mem:365.90M (Peak 412.25M) | Time:00:00.26 | Mem:176.86M, Peak:176.86M | Scene, ViewLayer | Updating Geometry BVH Cylinder.031 118/726 | Building mesh BLAS |      60 tris | Cylinder.031
Fra:1 Mem:365.90M (Peak 412.25M) | Time:00:00.26 | Mem:176.86M, Peak:176.86M | Scene, ViewLayer | Updating Geometry BVH Cylinder.032 119/726 | Building BVH
Fra:1 Mem:365.90M (Peak 412.25M) | Time:00:00.26 | Mem:176.86M, Peak:176.86M | Scene, ViewLayer | Updating Geometry BVH Cylinder.032 119/726 | Building mesh BLAS |      60 tris | Cylinder.032
Fra:1 Mem:365.90M (Peak 412.25M) | Time:00:00.27 | Mem:176.87M, Peak:176.87M | Scene, ViewLayer | Updating Geometry BVH Cylinder.033 120/726 | Building BVH
Fra:1 Mem:365.90M (Peak 412.25M) | Time:00:00.27 | Mem:176.87M, Peak:176.87M | Scene, ViewLayer | Updating Geometry BVH Cylinder.033 120/726 | Building mesh BLAS |      60 tris | Cylinder.033
Fra:1 Mem:365.90M (Peak 412.25M) | Time:00:00.27 | Mem:176.87M, Peak:176.87M | Scene, ViewLayer | Updating Geometry BVH Cylinder.034 121/726 | Building BVH
Fra:1 Mem:365.90M (Peak 412.25M) | Time:00:00.27 | Mem:176.87M, Peak:176.87M | Scene, ViewLayer | Updating Geometry BVH Cylinder.034 121/726 | Building mesh BLAS |      60 tris | Cylinder.034
Fra:1 Mem:365.90M (Peak 412.25M) | Time:00:00.27 | Mem:176.88M, Peak:176.88M | Scene, ViewLayer | Updating Geometry BVH Dome rolled rim.008 720/726 | Building BVH
Fra:1 Mem:365.90M (Peak 412.25M) | Time:00:00.27 | Mem:176.88M, Peak:176.88M | Scene, ViewLayer | Updating Geometry BVH Dome rolled rim.008 720/726 | Building mesh BLAS |    1536 tris | Dome rolled rim.008
Fra:1 Mem:365.90M (Peak 412.25M) | Time:00:00.27 | Mem:176.91M, Peak:176.91M | Scene, ViewLayer | Updating Geometry BVH Cylinder.035 122/726 | Building BVH
Fra:1 Mem:365.90M (Peak 412.25M) | Time:00:00.27 | Mem:176.91M, Peak:176.91M | Scene, ViewLayer | Updating Geometry BVH Cylinder.036 123/726 | Building BVH
Fra:1 Mem:365.90M (Peak 412.25M) | Time:00:00.27 | Mem:176.91M, Peak:176.91M | Scene, ViewLayer | Updating Geometry BVH Cylinder.036 123/726 | Building mesh BLAS |      60 tris | Cylinder.035
Fra:1 Mem:365.90M (Peak 412.25M) | Time:00:00.27 | Mem:176.91M, Peak:176.91M | Scene, ViewLayer | Updating Geometry BVH Cylinder.036 123/726 | Building mesh BLAS |      60 tris | Cylinder.036
Fra:1 Mem:365.90M (Peak 412.25M) | Time:00:00.27 | Mem:176.93M, Peak:176.93M | Scene, ViewLayer | Updating Geometry BVH Cylinder.037 124/726 | Building BVH
Fra:1 Mem:365.90M (Peak 412.25M) | Time:00:00.27 | Mem:176.94M, Peak:176.94M | Scene, ViewLayer | Updating Geometry BVH Cylinder.037 124/726 | Building mesh BLAS |      60 tris | Cylinder.037
Fra:1 Mem:365.90M (Peak 412.25M) | Time:00:00.27 | Mem:176.94M, Peak:176.94M | Scene, ViewLayer | Updating Geometry BVH Cylinder.038 125/726 | Building BVH
Fra:1 Mem:365.90M (Peak 412.25M) | Time:00:00.27 | Mem:176.94M, Peak:176.94M | Scene, ViewLayer | Updating Geometry BVH Cylinder.038 125/726 | Building mesh BLAS |      60 tris | Cylinder.038
Fra:1 Mem:365.90M (Peak 412.25M) | Time:00:00.27 | Mem:176.96M, Peak:176.96M | Scene, ViewLayer | Updating Geometry BVH Cylinder.039 126/726 | Building BVH
Fra:1 Mem:365.90M (Peak 412.25M) | Time:00:00.27 | Mem:176.96M, Peak:176.96M | Scene, ViewLayer | Updating Geometry BVH Cylinder.039 126/726 | Building mesh BLAS |      60 tris | Cylinder.039
Fra:1 Mem:365.90M (Peak 412.25M) | Time:00:00.27 | Mem:176.96M, Peak:176.96M | Scene, ViewLayer | Updating Geometry BVH Cylinder.040 127/726 | Building BVH
Fra:1 Mem:365.90M (Peak 412.25M) | Time:00:00.27 | Mem:176.96M, Peak:176.96M | Scene, ViewLayer | Updating Geometry BVH Cylinder.040 127/726 | Building mesh BLAS |      60 tris | Cylinder.040
Fra:1 Mem:365.90M (Peak 412.25M) | Time:00:00.27 | Mem:176.99M, Peak:176.99M | Scene, ViewLayer | Updating Geometry BVH Cylinder.041 128/726 | Building BVH
Fra:1 Mem:365.90M (Peak 412.25M) | Time:00:00.27 | Mem:176.99M, Peak:176.99M | Scene, ViewLayer | Updating Geometry BVH Cylinder.041 128/726 | Building mesh BLAS |      60 tris | Cylinder.041
Fra:1 Mem:365.90M (Peak 412.25M) | Time:00:00.27 | Mem:177.02M, Peak:177.02M | Scene, ViewLayer | Updating Geometry BVH Cylinder.042 129/726 | Building BVH
Fra:1 Mem:365.90M (Peak 412.25M) | Time:00:00.27 | Mem:177.02M, Peak:177.02M | Scene, ViewLayer | Updating Geometry BVH Cylinder.042 129/726 | Building mesh BLAS |      60 tris | Cylinder.042
Fra:1 Mem:365.90M (Peak 412.25M) | Time:00:00.27 | Mem:177.02M, Peak:177.02M | Scene, ViewLayer | Updating Geometry BVH Cylinder.043 130/726 | Building BVH
Fra:1 Mem:365.90M (Peak 412.25M) | Time:00:00.27 | Mem:177.02M, Peak:177.02M | Scene, ViewLayer | Updating Geometry BVH Cylinder.043 130/726 | Building mesh BLAS |      60 tris | Cylinder.043
Fra:1 Mem:365.90M (Peak 412.25M) | Time:00:00.27 | Mem:177.04M, Peak:177.04M | Scene, ViewLayer | Updating Geometry BVH Cylinder.044 131/726 | Building BVH
Fra:1 Mem:365.90M (Peak 412.25M) | Time:00:00.27 | Mem:177.04M, Peak:177.04M | Scene, ViewLayer | Updating Geometry BVH Cylinder.044 131/726 | Building mesh BLAS |      60 tris | Cylinder.044
Fra:1 Mem:365.90M (Peak 412.25M) | Time:00:00.27 | Mem:177.04M, Peak:177.04M | Scene, ViewLayer | Updating Geometry BVH Cylinder.045 132/726 | Building BVH
Fra:1 Mem:365.90M (Peak 412.25M) | Time:00:00.27 | Mem:177.04M, Peak:177.04M | Scene, ViewLayer | Updating Geometry BVH Cylinder.045 132/726 | Building mesh BLAS |      60 tris | Cylinder.045
Fra:1 Mem:365.90M (Peak 412.25M) | Time:00:00.27 | Mem:182.20M, Peak:182.20M | Scene, ViewLayer | Updating Geometry BVH Cylinder.046 133/726 | Building BVH
Fra:1 Mem:365.90M (Peak 412.25M) | Time:00:00.27 | Mem:182.21M, Peak:182.21M | Scene, ViewLayer | Updating Geometry BVH Cylinder.046 133/726 | Building mesh BLAS |      60 tris | Cylinder.046
Fra:1 Mem:365.90M (Peak 412.25M) | Time:00:00.27 | Mem:182.21M, Peak:182.21M | Scene, ViewLayer | Updating Geometry BVH Cylinder.047 134/726 | Building BVH
Fra:1 Mem:365.90M (Peak 412.25M) | Time:00:00.27 | Mem:182.21M, Peak:182.21M | Scene, ViewLayer | Updating Geometry BVH Cylinder.047 134/726 | Building mesh BLAS |      60 tris | Cylinder.047
Fra:1 Mem:365.90M (Peak 412.25M) | Time:00:00.27 | Mem:182.21M, Peak:182.21M | Scene, ViewLayer | Updating Geometry BVH Cylinder.048 135/726 | Building BVH
Fra:1 Mem:365.90M (Peak 412.25M) | Time:00:00.27 | Mem:182.21M, Peak:182.21M | Scene, ViewLayer | Updating Geometry BVH Cylinder.048 135/726 | Building mesh BLAS |      60 tris | Cylinder.048
Fra:1 Mem:365.90M (Peak 412.25M) | Time:00:00.27 | Mem:182.21M, Peak:182.21M | Scene, ViewLayer | Updating Geometry BVH Cylinder.049 136/726 | Building BVH
Fra:1 Mem:365.90M (Peak 412.25M) | Time:00:00.27 | Mem:182.22M, Peak:182.22M | Scene, ViewLayer | Updating Geometry BVH Cylinder.049 136/726 | Building mesh BLAS |      60 tris | Cylinder.049
Fra:1 Mem:365.90M (Peak 412.25M) | Time:00:00.27 | Mem:182.24M, Peak:182.24M | Scene, ViewLayer | Updating Geometry BVH Cylinder.050 137/726 | Building BVH
Fra:1 Mem:365.90M (Peak 412.25M) | Time:00:00.27 | Mem:182.24M, Peak:182.24M | Scene, ViewLayer | Updating Geometry BVH Cylinder.051 138/726 | Building mesh BLAS |      60 tris | Cylinder.050
Fra:1 Mem:365.90M (Peak 412.25M) | Time:00:00.27 | Mem:182.24M, Peak:182.24M | Scene, ViewLayer | Updating Geometry BVH Cylinder.051 138/726 | Building mesh BLAS |      60 tris | Cylinder.051
Fra:1 Mem:365.90M (Peak 412.25M) | Time:00:00.27 | Mem:182.25M, Peak:182.25M | Scene, ViewLayer | Updating Geometry BVH Raised standing seam.079 719/726 | Building BVH
Fra:1 Mem:365.90M (Peak 412.25M) | Time:00:00.27 | Mem:182.52M, Peak:182.52M | Scene, ViewLayer | Updating Geometry BVH Raised standing seam.079 719/726 | Building mesh BLAS |    1152 tris | Raised standing seam.079
Fra:1 Mem:365.90M (Peak 412.25M) | Time:00:00.27 | Mem:182.53M, Peak:182.53M | Scene, ViewLayer | Updating Geometry BVH Cylinder.052 139/726 | Building BVH
Fra:1 Mem:365.90M (Peak 412.25M) | Time:00:00.27 | Mem:182.53M, Peak:182.53M | Scene, ViewLayer | Updating Geometry BVH Cylinder.052 139/726 | Building mesh BLAS |      60 tris | Cylinder.052
Fra:1 Mem:365.90M (Peak 412.25M) | Time:00:00.27 | Mem:182.53M, Peak:182.53M | Scene, ViewLayer | Updating Geometry BVH Cylinder.053 140/726 | Building BVH
Fra:1 Mem:365.90M (Peak 412.25M) | Time:00:00.27 | Mem:182.53M, Peak:182.53M | Scene, ViewLayer | Updating Geometry BVH Cylinder.053 140/726 | Building mesh BLAS |      60 tris | Cylinder.053
Fra:1 Mem:365.90M (Peak 412.25M) | Time:00:00.27 | Mem:182.55M, Peak:182.55M | Scene, ViewLayer | Updating Geometry BVH Cylinder.054 141/726 | Building BVH
Fra:1 Mem:365.90M (Peak 412.25M) | Time:00:00.27 | Mem:182.56M, Peak:182.56M | Scene, ViewLayer | Updating Geometry BVH Cylinder.054 141/726 | Building mesh BLAS |      60 tris | Cylinder.054
Fra:1 Mem:365.90M (Peak 412.25M) | Time:00:00.27 | Mem:182.58M, Peak:182.58M | Scene, ViewLayer | Updating Geometry BVH Cylinder.055 142/726 | Building BVH
Fra:1 Mem:365.90M (Peak 412.25M) | Time:00:00.27 | Mem:182.59M, Peak:182.59M | Scene, ViewLayer | Updating Geometry BVH Cylinder.056 143/726 | Building BVH
Fra:1 Mem:365.90M (Peak 412.25M) | Time:00:00.27 | Mem:182.59M, Peak:182.59M | Scene, ViewLayer | Updating Geometry BVH Cylinder.056 143/726 | Building mesh BLAS |      60 tris | Cylinder.055
Fra:1 Mem:365.90M (Peak 412.25M) | Time:00:00.27 | Mem:182.59M, Peak:182.59M | Scene, ViewLayer | Updating Geometry BVH Cylinder.056 143/726 | Building mesh BLAS |      60 tris | Cylinder.056
Fra:1 Mem:365.90M (Peak 412.25M) | Time:00:00.27 | Mem:182.61M, Peak:182.61M | Scene, ViewLayer | Updating Geometry BVH Cylinder.057 144/726 | Building BVH
Fra:1 Mem:365.90M (Peak 412.25M) | Time:00:00.27 | Mem:182.61M, Peak:182.61M | Scene, ViewLayer | Updating Geometry BVH Cylinder.058 145/726 | Building mesh BLAS |      60 tris | Cylinder.057
Fra:1 Mem:365.90M (Peak 412.25M) | Time:00:00.27 | Mem:182.61M, Peak:182.61M | Scene, ViewLayer | Updating Geometry BVH Cylinder.058 145/726 | Building mesh BLAS |      60 tris | Cylinder.058
Fra:1 Mem:365.90M (Peak 412.25M) | Time:00:00.27 | Mem:182.64M, Peak:182.64M | Scene, ViewLayer | Updating Geometry BVH Cylinder.059 146/726 | Building BVH
Fra:1 Mem:365.90M (Peak 412.25M) | Time:00:00.27 | Mem:185.53M, Peak:185.53M | Scene, ViewLayer | Updating Geometry BVH Cylinder.059 146/726 | Building mesh BLAS |      60 tris | Cylinder.059
Fra:1 Mem:365.90M (Peak 412.25M) | Time:00:00.27 | Mem:185.54M, Peak:185.54M | Scene, ViewLayer | Updating Geometry BVH Cylinder.060 147/726 | Building BVH
Fra:1 Mem:365.90M (Peak 412.25M) | Time:00:00.27 | Mem:185.54M, Peak:185.54M | Scene, ViewLayer | Updating Geometry BVH Cylinder.060 147/726 | Building mesh BLAS |      60 tris | Cylinder.060
Fra:1 Mem:365.90M (Peak 412.25M) | Time:00:00.27 | Mem:185.54M, Peak:185.54M | Scene, ViewLayer | Updating Geometry BVH Cylinder.061 148/726 | Building BVH
Fra:1 Mem:365.90M (Peak 412.25M) | Time:00:00.27 | Mem:185.54M, Peak:185.54M | Scene, ViewLayer | Updating Geometry BVH Cylinder.062 149/726 | Building BVH
Fra:1 Mem:365.90M (Peak 412.25M) | Time:00:00.27 | Mem:185.54M, Peak:185.54M | Scene, ViewLayer | Updating Geometry BVH Cylinder.062 149/726 | Building mesh BLAS |      60 tris | Cylinder.061
Fra:1 Mem:365.90M (Peak 412.25M) | Time:00:00.27 | Mem:185.54M, Peak:185.54M | Scene, ViewLayer | Updating Geometry BVH Cylinder.062 149/726 | Building mesh BLAS |      60 tris | Cylinder.062
Fra:1 Mem:365.90M (Peak 412.25M) | Time:00:00.27 | Mem:185.57M, Peak:185.57M | Scene, ViewLayer | Updating Geometry BVH Cylinder.063 150/726 | Building BVH
Fra:1 Mem:365.90M (Peak 412.25M) | Time:00:00.27 | Mem:185.57M, Peak:185.57M | Scene, ViewLayer | Updating Geometry BVH Cylinder.064 151/726 | Building BVH
Fra:1 Mem:365.90M (Peak 412.25M) | Time:00:00.27 | Mem:185.57M, Peak:185.57M | Scene, ViewLayer | Updating Geometry BVH Cylinder.065 152/726 | Building BVH
Fra:1 Mem:365.90M (Peak 412.25M) | Time:00:00.27 | Mem:185.57M, Peak:185.57M | Scene, ViewLayer | Updating Geometry BVH Cylinder.065 152/726 | Building mesh BLAS |      60 tris | Cylinder.064
Fra:1 Mem:365.90M (Peak 412.25M) | Time:00:00.27 | Mem:185.57M, Peak:185.57M | Scene, ViewLayer | Updating Geometry BVH Cylinder.065 152/726 | Building mesh BLAS |      60 tris | Cylinder.065
Fra:1 Mem:365.90M (Peak 412.25M) | Time:00:00.27 | Mem:185.59M, Peak:185.59M | Scene, ViewLayer | Updating Geometry BVH Cylinder.066 153/726 | Building BVH
Fra:1 Mem:365.90M (Peak 412.25M) | Time:00:00.27 | Mem:185.60M, Peak:185.60M | Scene, ViewLayer | Updating Geometry BVH Cylinder.066 153/726 | Building mesh BLAS |      60 tris | Cylinder.066
Fra:1 Mem:365.90M (Peak 412.25M) | Time:00:00.27 | Mem:185.60M, Peak:185.60M | Scene, ViewLayer | Updating Geometry BVH Cylinder.067 154/726 | Building BVH
Fra:1 Mem:365.90M (Peak 412.25M) | Time:00:00.27 | Mem:185.60M, Peak:185.60M | Scene, ViewLayer | Updating Geometry BVH Cylinder.067 154/726 | Building mesh BLAS |      60 tris | Cylinder.067
Fra:1 Mem:365.90M (Peak 412.25M) | Time:00:00.27 | Mem:185.60M, Peak:185.60M | Scene, ViewLayer | Updating Geometry BVH Cylinder.068 155/726 | Building BVH
Fra:1 Mem:365.90M (Peak 412.25M) | Time:00:00.27 | Mem:185.60M, Peak:185.60M | Scene, ViewLayer | Updating Geometry BVH Cylinder.068 155/726 | Building mesh BLAS |      60 tris | Cylinder.068
Fra:1 Mem:365.90M (Peak 412.25M) | Time:00:00.27 | Mem:185.63M, Peak:185.63M | Scene, ViewLayer | Updating Geometry BVH Raised standing seam.078 718/726 | Building BVH
Fra:1 Mem:365.90M (Peak 412.25M) | Time:00:00.27 | Mem:185.63M, Peak:185.63M | Scene, ViewLayer | Updating Geometry BVH Raised standing seam.078 718/726 | Building mesh BLAS |    1152 tris | Raised standing seam.078
Fra:1 Mem:365.90M (Peak 412.25M) | Time:00:00.27 | Mem:185.64M, Peak:185.64M | Scene, ViewLayer | Updating Geometry BVH Cylinder.069 156/726 | Building BVH
Fra:1 Mem:365.90M (Peak 412.25M) | Time:00:00.27 | Mem:186.03M, Peak:186.03M | Scene, ViewLayer | Updating Geometry BVH Cylinder.070 157/726 | Building BVH
Fra:1 Mem:365.90M (Peak 412.25M) | Time:00:00.27 | Mem:186.03M, Peak:186.03M | Scene, ViewLayer | Updating Geometry BVH Cylinder.070 157/726 | Building mesh BLAS |      60 tris | Cylinder.069
Fra:1 Mem:365.90M (Peak 412.25M) | Time:00:00.27 | Mem:186.03M, Peak:186.03M | Scene, ViewLayer | Updating Geometry BVH Cylinder.070 157/726 | Building mesh BLAS |      96 tris | Cylinder.070
Fra:1 Mem:365.90M (Peak 412.25M) | Time:00:00.27 | Mem:186.03M, Peak:186.03M | Scene, ViewLayer | Updating Geometry BVH Cylinder.071 158/726 | Building BVH
Fra:1 Mem:365.90M (Peak 412.25M) | Time:00:00.27 | Mem:186.03M, Peak:186.03M | Scene, ViewLayer | Updating Geometry BVH Cylinder.071 158/726 | Building mesh BLAS |      60 tris | Cylinder.071
Fra:1 Mem:365.90M (Peak 412.25M) | Time:00:00.27 | Mem:186.04M, Peak:186.04M | Scene, ViewLayer | Updating Geometry BVH Cylinder.072 159/726 | Building BVH
Fra:1 Mem:365.90M (Peak 412.25M) | Time:00:00.27 | Mem:186.05M, Peak:186.05M | Scene, ViewLayer | Updating Geometry BVH Cylinder.072 159/726 | Building mesh BLAS |      60 tris | Cylinder.072
Fra:1 Mem:365.90M (Peak 412.25M) | Time:00:00.27 | Mem:186.06M, Peak:186.06M | Scene, ViewLayer | Updating Geometry BVH Cylinder.073 160/726 | Building BVH
Fra:1 Mem:365.90M (Peak 412.25M) | Time:00:00.27 | Mem:186.07M, Peak:186.07M | Scene, ViewLayer | Updating Geometry BVH Cylinder.074 161/726 | Building BVH
Fra:1 Mem:365.90M (Peak 412.25M) | Time:00:00.27 | Mem:186.07M, Peak:186.07M | Scene, ViewLayer | Updating Geometry BVH Cylinder.074 161/726 | Building mesh BLAS |      96 tris | Cylinder.074
Fra:1 Mem:365.90M (Peak 412.25M) | Time:00:00.27 | Mem:186.07M, Peak:186.07M | Scene, ViewLayer | Updating Geometry BVH Cylinder.075 162/726 | Building BVH
Fra:1 Mem:365.90M (Peak 412.25M) | Time:00:00.27 | Mem:186.08M, Peak:186.08M | Scene, ViewLayer | Updating Geometry BVH Cylinder.075 162/726 | Building mesh BLAS |      60 tris | Cylinder.075
Fra:1 Mem:365.90M (Peak 412.25M) | Time:00:00.27 | Mem:186.09M, Peak:186.09M | Scene, ViewLayer | Updating Geometry BVH Cube.086 163/726 | Building BVH
Fra:1 Mem:365.90M (Peak 412.25M) | Time:00:00.27 | Mem:186.10M, Peak:186.10M | Scene, ViewLayer | Updating Geometry BVH Cube.086 163/726 | Building mesh BLAS |     188 tris | Cube.086
Fra:1 Mem:365.90M (Peak 412.25M) | Time:00:00.27 | Mem:186.10M, Peak:186.10M | Scene, ViewLayer | Updating Geometry BVH Cube.087 164/726 | Building BVH
Fra:1 Mem:365.90M (Peak 412.25M) | Time:00:00.27 | Mem:186.10M, Peak:186.10M | Scene, ViewLayer | Updating Geometry BVH Cube.088 165/726 | Building BVH
Fra:1 Mem:365.90M (Peak 412.25M) | Time:00:00.27 | Mem:186.10M, Peak:186.10M | Scene, ViewLayer | Updating Geometry BVH Cube.088 165/726 | Building mesh BLAS |     188 tris | Cube.088
Fra:1 Mem:365.90M (Peak 412.25M) | Time:00:00.27 | Mem:186.10M, Peak:186.10M | Scene, ViewLayer | Updating Geometry BVH Cube.089 166/726 | Building BVH
Fra:1 Mem:365.90M (Peak 412.25M) | Time:00:00.27 | Mem:186.10M, Peak:186.10M | Scene, ViewLayer | Updating Geometry BVH Cube.089 166/726 | Building mesh BLAS |     188 tris | Cube.089
Fra:1 Mem:365.90M (Peak 412.25M) | Time:00:00.27 | Mem:186.10M, Peak:186.10M | Scene, ViewLayer | Updating Geometry BVH Cube.090 167/726 | Building BVH
Fra:1 Mem:365.90M (Peak 412.25M) | Time:00:00.27 | Mem:186.11M, Peak:186.11M | Scene, ViewLayer | Updating Geometry BVH Cube.090 167/726 | Building mesh BLAS |     188 tris | Cube.090
Fra:1 Mem:365.90M (Peak 412.25M) | Time:00:00.27 | Mem:186.11M, Peak:186.11M | Scene, ViewLayer | Updating Geometry BVH Cube.091 168/726 | Building BVH
Fra:1 Mem:365.90M (Peak 412.25M) | Time:00:00.27 | Mem:186.12M, Peak:186.12M | Scene, ViewLayer | Updating Geometry BVH Cube.091 168/726 | Building mesh BLAS |     188 tris | Cube.091
Fra:1 Mem:365.90M (Peak 412.25M) | Time:00:00.27 | Mem:186.13M, Peak:186.13M | Scene, ViewLayer | Updating Geometry BVH Cube.093 170/726 | Building BVH
Fra:1 Mem:365.90M (Peak 412.25M) | Time:00:00.27 | Mem:186.13M, Peak:186.13M | Scene, ViewLayer | Updating Geometry BVH Cube.093 170/726 | Building mesh BLAS |     188 tris | Cube.094
Fra:1 Mem:365.90M (Peak 412.25M) | Time:00:00.27 | Mem:186.13M, Peak:186.13M | Scene, ViewLayer | Updating Geometry BVH Cube.093 170/726 | Building mesh BLAS |     188 tris | Cube.092
Fra:1 Mem:365.90M (Peak 412.25M) | Time:00:00.27 | Mem:186.13M, Peak:186.13M | Scene, ViewLayer | Updating Geometry BVH Cube.095 172/726 | Building BVH
Fra:1 Mem:365.90M (Peak 412.25M) | Time:00:00.27 | Mem:186.13M, Peak:186.13M | Scene, ViewLayer | Updating Geometry BVH Cube.095 172/726 | Building mesh BLAS |     188 tris | Cube.095
Fra:1 Mem:365.90M (Peak 412.25M) | Time:00:00.27 | Mem:186.13M, Peak:186.13M | Scene, ViewLayer | Updating Geometry BVH Raised standing seam.077 717/726 | Building BVH
Fra:1 Mem:365.90M (Peak 412.25M) | Time:00:00.27 | Mem:186.17M, Peak:186.17M | Scene, ViewLayer | Updating Geometry BVH Raised standing seam.077 717/726 | Building mesh BLAS |    1152 tris | Raised standing seam.077
Fra:1 Mem:365.90M (Peak 412.25M) | Time:00:00.27 | Mem:186.18M, Peak:186.18M | Scene, ViewLayer | Updating Geometry BVH Cube.096 173/726 | Building BVH
Fra:1 Mem:365.90M (Peak 412.25M) | Time:00:00.27 | Mem:186.18M, Peak:186.18M | Scene, ViewLayer | Updating Geometry BVH Cube.096 173/726 | Building mesh BLAS |     188 tris | Cube.096
Fra:1 Mem:365.90M (Peak 412.25M) | Time:00:00.27 | Mem:186.18M, Peak:186.18M | Scene, ViewLayer | Updating Geometry BVH Cube.097 174/726 | Building BVH
Fra:1 Mem:365.90M (Peak 412.25M) | Time:00:00.27 | Mem:186.18M, Peak:186.18M | Scene, ViewLayer | Updating Geometry BVH Cube.097 174/726 | Building mesh BLAS |     188 tris | Cube.097
Fra:1 Mem:365.90M (Peak 412.25M) | Time:00:00.27 | Mem:186.18M, Peak:186.18M | Scene, ViewLayer | Updating Geometry BVH Cube.098 175/726 | Building BVH
Fra:1 Mem:365.90M (Peak 412.25M) | Time:00:00.27 | Mem:186.18M, Peak:186.18M | Scene, ViewLayer | Updating Geometry BVH Cube.098 175/726 | Building mesh BLAS |     188 tris | Cube.098
Fra:1 Mem:365.90M (Peak 412.25M) | Time:00:00.27 | Mem:186.20M, Peak:186.20M | Scene, ViewLayer | Updating Geometry BVH Cube.099 176/726 | Building BVH
Fra:1 Mem:365.90M (Peak 412.25M) | Time:00:00.27 | Mem:186.21M, Peak:186.21M | Scene, ViewLayer | Updating Geometry BVH Cube.099 176/726 | Building mesh BLAS |     188 tris | Cube.099
Fra:1 Mem:365.90M (Peak 412.25M) | Time:00:00.27 | Mem:186.23M, Peak:186.23M | Scene, ViewLayer | Updating Geometry BVH Cube.100 177/726 | Building BVH
Fra:1 Mem:365.90M (Peak 412.25M) | Time:00:00.27 | Mem:186.23M, Peak:186.23M | Scene, ViewLayer | Updating Geometry BVH Cube.101 178/726 | Building BVH
Fra:1 Mem:365.90M (Peak 412.25M) | Time:00:00.27 | Mem:186.23M, Peak:186.23M | Scene, ViewLayer | Updating Geometry BVH Cube.102 179/726 | Building mesh BLAS |     188 tris | Cube.100
Fra:1 Mem:365.90M (Peak 412.25M) | Time:00:00.27 | Mem:186.23M, Peak:186.23M | Scene, ViewLayer | Updating Geometry BVH Cube.103 180/726 | Building BVH
Fra:1 Mem:365.90M (Peak 412.25M) | Time:00:00.27 | Mem:186.23M, Peak:186.23M | Scene, ViewLayer | Updating Geometry BVH Cube.103 180/726 | Building mesh BLAS |     188 tris | Cube.101
Fra:1 Mem:365.90M (Peak 412.25M) | Time:00:00.27 | Mem:186.23M, Peak:186.23M | Scene, ViewLayer | Updating Geometry BVH Cube.103 180/726 | Building mesh BLAS |     188 tris | Cube.102
Fra:1 Mem:365.90M (Peak 412.25M) | Time:00:00.27 | Mem:186.23M, Peak:186.23M | Scene, ViewLayer | Updating Geometry BVH Cube.103 180/726 | Building mesh BLAS |     188 tris | Cube.103
Fra:1 Mem:365.90M (Peak 412.25M) | Time:00:00.27 | Mem:186.24M, Peak:186.24M | Scene, ViewLayer | Updating Geometry BVH Cube.104 181/726 | Building BVH
Fra:1 Mem:365.90M (Peak 412.25M) | Time:00:00.27 | Mem:186.26M, Peak:186.26M | Scene, ViewLayer | Updating Geometry BVH Cube.105 182/726 | Building BVH
Fra:1 Mem:365.90M (Peak 412.25M) | Time:00:00.27 | Mem:186.27M, Peak:186.27M | Scene, ViewLayer | Updating Geometry BVH Cube.106 183/726 | Building BVH
Fra:1 Mem:365.90M (Peak 412.25M) | Time:00:00.27 | Mem:186.28M, Peak:186.28M | Scene, ViewLayer | Updating Geometry BVH Cube.106 183/726 | Building mesh BLAS |     188 tris | Cube.105
Fra:1 Mem:365.90M (Peak 412.25M) | Time:00:00.27 | Mem:186.28M, Peak:186.28M | Scene, ViewLayer | Updating Geometry BVH Cube.107 184/726 | Building BVH
Fra:1 Mem:365.90M (Peak 412.25M) | Time:00:00.27 | Mem:186.28M, Peak:186.28M | Scene, ViewLayer | Updating Geometry BVH Cube.108 185/726 | Building BVH
Fra:1 Mem:365.90M (Peak 412.25M) | Time:00:00.27 | Mem:186.28M, Peak:186.28M | Scene, ViewLayer | Updating Geometry BVH Cube.109 186/726 | Building BVH
Fra:1 Mem:365.90M (Peak 412.25M) | Time:00:00.27 | Mem:186.28M, Peak:186.28M | Scene, ViewLayer | Updating Geometry BVH Cube.109 186/726 | Building mesh BLAS |     188 tris | Cube.108
Fra:1 Mem:365.90M (Peak 412.25M) | Time:00:00.27 | Mem:186.28M, Peak:186.28M | Scene, ViewLayer | Updating Geometry BVH Cube.109 186/726 | Building mesh BLAS |     188 tris | Cube.107
Fra:1 Mem:365.90M (Peak 412.25M) | Time:00:00.27 | Mem:186.29M, Peak:186.29M | Scene, ViewLayer | Updating Geometry BVH Cube.109 186/726 | Building mesh BLAS |     188 tris | Cube.109
Fra:1 Mem:365.90M (Peak 412.25M) | Time:00:00.27 | Mem:186.29M, Peak:186.29M | Scene, ViewLayer | Updating Geometry BVH Cube.110 187/726 | Building BVH
Fra:1 Mem:365.90M (Peak 412.25M) | Time:00:00.27 | Mem:186.29M, Peak:186.29M | Scene, ViewLayer | Updating Geometry BVH Cube.110 187/726 | Building mesh BLAS |     188 tris | Cube.110
Fra:1 Mem:365.90M (Peak 412.25M) | Time:00:00.27 | Mem:186.29M, Peak:186.29M | Scene, ViewLayer | Updating Geometry BVH Cube.111 188/726 | Building BVH
Fra:1 Mem:365.90M (Peak 412.25M) | Time:00:00.27 | Mem:186.29M, Peak:186.29M | Scene, ViewLayer | Updating Geometry BVH Cube.111 188/726 | Building mesh BLAS |     188 tris | Cube.111
Fra:1 Mem:365.90M (Peak 412.25M) | Time:00:00.27 | Mem:186.30M, Peak:186.30M | Scene, ViewLayer | Updating Geometry BVH Cube.112 189/726 | Building BVH
Fra:1 Mem:365.90M (Peak 412.25M) | Time:00:00.27 | Mem:186.30M, Peak:186.30M | Scene, ViewLayer | Updating Geometry BVH Cube.112 189/726 | Building mesh BLAS |     188 tris | Cube.112
Fra:1 Mem:365.90M (Peak 412.25M) | Time:00:00.27 | Mem:186.32M, Peak:186.32M | Scene, ViewLayer | Updating Geometry BVH Raised standing seam.076 716/726 | Building BVH
Fra:1 Mem:365.90M (Peak 412.25M) | Time:00:00.27 | Mem:186.42M, Peak:186.42M | Scene, ViewLayer | Updating Geometry BVH Raised standing seam.076 716/726 | Building mesh BLAS |    1152 tris | Raised standing seam.076
Fra:1 Mem:365.90M (Peak 412.25M) | Time:00:00.27 | Mem:186.42M, Peak:186.42M | Scene, ViewLayer | Updating Geometry BVH Cube.113 190/726 | Building BVH
Fra:1 Mem:365.90M (Peak 412.25M) | Time:00:00.27 | Mem:186.42M, Peak:186.42M | Scene, ViewLayer | Updating Geometry BVH Cube.113 190/726 | Building mesh BLAS |     188 tris | Cube.113
Fra:1 Mem:365.90M (Peak 412.25M) | Time:00:00.27 | Mem:186.43M, Peak:186.43M | Scene, ViewLayer | Updating Geometry BVH Cube.114 191/726 | Building BVH
Fra:1 Mem:365.90M (Peak 412.25M) | Time:00:00.27 | Mem:186.44M, Peak:186.44M | Scene, ViewLayer | Updating Geometry BVH Cube.114 191/726 | Building mesh BLAS |     188 tris | Cube.114
Fra:1 Mem:365.90M (Peak 412.25M) | Time:00:00.27 | Mem:186.44M, Peak:186.44M | Scene, ViewLayer | Updating Geometry BVH Cube.115 192/726 | Building BVH
Fra:1 Mem:365.90M (Peak 412.25M) | Time:00:00.27 | Mem:186.45M, Peak:186.45M | Scene, ViewLayer | Updating Geometry BVH Cube.115 192/726 | Building mesh BLAS |     188 tris | Cube.115
Fra:1 Mem:365.90M (Peak 412.25M) | Time:00:00.27 | Mem:186.45M, Peak:186.45M | Scene, ViewLayer | Updating Geometry BVH Cube.116 193/726 | Building BVH
Fra:1 Mem:365.90M (Peak 412.25M) | Time:00:00.27 | Mem:186.45M, Peak:186.45M | Scene, ViewLayer | Updating Geometry BVH Cube.116 193/726 | Building mesh BLAS |     188 tris | Cube.116
Fra:1 Mem:365.90M (Peak 412.25M) | Time:00:00.27 | Mem:186.45M, Peak:186.45M | Scene, ViewLayer | Updating Geometry BVH Cube.117 194/726 | Building BVH
Fra:1 Mem:365.90M (Peak 412.25M) | Time:00:00.27 | Mem:186.45M, Peak:186.45M | Scene, ViewLayer | Updating Geometry BVH Cube.120 197/726 | Building BVH
Fra:1 Mem:365.90M (Peak 412.25M) | Time:00:00.27 | Mem:186.45M, Peak:186.45M | Scene, ViewLayer | Updating Geometry BVH Cube.120 197/726 | Building mesh BLAS |     188 tris | Cube.117
Fra:1 Mem:365.90M (Peak 412.25M) | Time:00:00.27 | Mem:186.45M, Peak:186.45M | Scene, ViewLayer | Updating Geometry BVH Cube.120 197/726 | Building mesh BLAS |     188 tris | Cube.120
Fra:1 Mem:365.90M (Peak 412.25M) | Time:00:00.27 | Mem:186.45M, Peak:186.45M | Scene, ViewLayer | Updating Geometry BVH Cube.120 197/726 | Building mesh BLAS |     188 tris | Cube.119
Fra:1 Mem:365.90M (Peak 412.25M) | Time:00:00.27 | Mem:186.45M, Peak:186.45M | Scene, ViewLayer | Updating Geometry BVH Cube.120 197/726 | Building mesh BLAS |     188 tris | Cube.118
Fra:1 Mem:365.90M (Peak 412.25M) | Time:00:00.27 | Mem:186.50M, Peak:186.50M | Scene, ViewLayer | Updating Geometry BVH Cube.121 198/726 | Building BVH
Fra:1 Mem:365.90M (Peak 412.25M) | Time:00:00.27 | Mem:186.50M, Peak:186.50M | Scene, ViewLayer | Updating Geometry BVH Cube.122 199/726 | Building BVH
Fra:1 Mem:365.90M (Peak 412.25M) | Time:00:00.27 | Mem:186.50M, Peak:186.50M | Scene, ViewLayer | Updating Geometry BVH Cube.123 200/726 | Building BVH
Fra:1 Mem:365.90M (Peak 412.25M) | Time:00:00.27 | Mem:186.50M, Peak:186.50M | Scene, ViewLayer | Updating Geometry BVH Cube.123 200/726 | Building mesh BLAS |     792 tris | Cube.122
Fra:1 Mem:365.90M (Peak 412.25M) | Time:00:00.27 | Mem:186.50M, Peak:186.50M | Scene, ViewLayer | Updating Geometry BVH Cube.123 200/726 | Building mesh BLAS |     716 tris | Cube.123
Fra:1 Mem:365.90M (Peak 412.25M) | Time:00:00.27 | Mem:186.54M, Peak:186.54M | Scene, ViewLayer | Updating Geometry BVH Cube.124 201/726 | Building BVH
Fra:1 Mem:365.90M (Peak 412.25M) | Time:00:00.27 | Mem:186.54M, Peak:186.54M | Scene, ViewLayer | Updating Geometry BVH Cube.125 202/726 | Building BVH
Fra:1 Mem:365.90M (Peak 412.25M) | Time:00:00.27 | Mem:186.54M, Peak:186.54M | Scene, ViewLayer | Updating Geometry BVH Cube.125 202/726 | Building mesh BLAS |     188 tris | Cube.124
Fra:1 Mem:365.90M (Peak 412.25M) | Time:00:00.27 | Mem:186.54M, Peak:186.54M | Scene, ViewLayer | Updating Geometry BVH Cube.125 202/726 | Building mesh BLAS |     668 tris | Cube.125
Fra:1 Mem:365.90M (Peak 412.25M) | Time:00:00.27 | Mem:186.56M, Peak:186.56M | Scene, ViewLayer | Updating Geometry BVH Cube.126 203/726 | Building BVH
Fra:1 Mem:365.90M (Peak 412.25M) | Time:00:00.27 | Mem:186.56M, Peak:186.56M | Scene, ViewLayer | Updating Geometry BVH Cube.127 204/726 | Building BVH
Fra:1 Mem:365.90M (Peak 412.25M) | Time:00:00.27 | Mem:186.56M, Peak:186.56M | Scene, ViewLayer | Updating Geometry BVH Cube.127 204/726 | Building mesh BLAS |     188 tris | Cube.126
Fra:1 Mem:365.90M (Peak 412.25M) | Time:00:00.27 | Mem:186.56M, Peak:186.56M | Scene, ViewLayer | Updating Geometry BVH Cube.128 205/726 | Building BVH
Fra:1 Mem:365.90M (Peak 412.25M) | Time:00:00.27 | Mem:186.56M, Peak:186.56M | Scene, ViewLayer | Updating Geometry BVH Cube.129 206/726 | Building BVH
Fra:1 Mem:365.90M (Peak 412.25M) | Time:00:00.27 | Mem:186.56M, Peak:186.56M | Scene, ViewLayer | Updating Geometry BVH Cube.129 206/726 | Building mesh BLAS |     188 tris | Cube.129
Fra:1 Mem:365.90M (Peak 412.25M) | Time:00:00.27 | Mem:186.56M, Peak:186.56M | Scene, ViewLayer | Updating Geometry BVH Raised standing seam.075 715/726 | Building BVH
Fra:1 Mem:365.90M (Peak 412.25M) | Time:00:00.27 | Mem:186.56M, Peak:186.56M | Scene, ViewLayer | Updating Geometry BVH Raised standing seam.075 715/726 | Building mesh BLAS |    1152 tris | Raised standing seam.075
Fra:1 Mem:365.90M (Peak 412.25M) | Time:00:00.27 | Mem:186.57M, Peak:186.57M | Scene, ViewLayer | Updating Geometry BVH Cube.130 207/726 | Building BVH
Fra:1 Mem:365.90M (Peak 412.25M) | Time:00:00.27 | Mem:186.57M, Peak:186.57M | Scene, ViewLayer | Updating Geometry BVH Cube.130 207/726 | Building mesh BLAS |     188 tris | Cube.130
Fra:1 Mem:365.90M (Peak 412.25M) | Time:00:00.27 | Mem:186.57M, Peak:186.57M | Scene, ViewLayer | Updating Geometry BVH Cube.131 208/726 | Building BVH
Fra:1 Mem:365.90M (Peak 412.25M) | Time:00:00.27 | Mem:186.57M, Peak:186.57M | Scene, ViewLayer | Updating Geometry BVH Cube.131 208/726 | Building mesh BLAS |     188 tris | Cube.131
Fra:1 Mem:365.90M (Peak 412.25M) | Time:00:00.27 | Mem:186.57M, Peak:186.57M | Scene, ViewLayer | Updating Geometry BVH Cube.132 209/726 | Building BVH
Fra:1 Mem:365.90M (Peak 412.25M) | Time:00:00.27 | Mem:186.58M, Peak:186.58M | Scene, ViewLayer | Updating Geometry BVH Cube.133 210/726 | Building BVH
Fra:1 Mem:365.90M (Peak 412.25M) | Time:00:00.27 | Mem:186.58M, Peak:186.58M | Scene, ViewLayer | Updating Geometry BVH Cube.134 211/726 | Building mesh BLAS |     188 tris | Cube.132
Fra:1 Mem:365.90M (Peak 412.25M) | Time:00:00.27 | Mem:186.58M, Peak:186.58M | Scene, ViewLayer | Updating Geometry BVH Cube.134 211/726 | Building mesh BLAS |     188 tris | Cube.133
Fra:1 Mem:365.90M (Peak 412.25M) | Time:00:00.27 | Mem:186.58M, Peak:186.58M | Scene, ViewLayer | Updating Geometry BVH Cube.134 211/726 | Building mesh BLAS |     188 tris | Cube.134
Fra:1 Mem:365.90M (Peak 412.25M) | Time:00:00.27 | Mem:186.58M, Peak:186.58M | Scene, ViewLayer | Updating Geometry BVH Cube.136 213/726 | Building BVH
Fra:1 Mem:365.90M (Peak 412.25M) | Time:00:00.27 | Mem:186.58M, Peak:186.58M | Scene, ViewLayer | Updating Geometry BVH Cube.136 213/726 | Building mesh BLAS |     284 tris | Cube.136
Fra:1 Mem:365.90M (Peak 412.25M) | Time:00:00.27 | Mem:186.58M, Peak:186.58M | Scene, ViewLayer | Updating Geometry BVH Cube.137 214/726 | Building BVH
Fra:1 Mem:365.90M (Peak 412.25M) | Time:00:00.27 | Mem:186.58M, Peak:186.58M | Scene, ViewLayer | Updating Geometry BVH Cube.137 214/726 | Building mesh BLAS |     188 tris | Cube.135
Fra:1 Mem:365.90M (Peak 412.25M) | Time:00:00.27 | Mem:186.58M, Peak:186.58M | Scene, ViewLayer | Updating Geometry BVH Cube.137 214/726 | Building mesh BLAS |     476 tris | Cube.137
Fra:1 Mem:365.90M (Peak 412.25M) | Time:00:00.27 | Mem:186.68M, Peak:186.68M | Scene, ViewLayer | Updating Geometry BVH Cube.138 215/726 | Building BVH
Fra:1 Mem:365.90M (Peak 412.25M) | Time:00:00.27 | Mem:186.68M, Peak:186.68M | Scene, ViewLayer | Updating Geometry BVH Cube.139 216/726 | Building BVH
Fra:1 Mem:365.90M (Peak 412.25M) | Time:00:00.27 | Mem:186.68M, Peak:186.68M | Scene, ViewLayer | Updating Geometry BVH Cube.139 216/726 | Building mesh BLAS |     188 tris | Cube.139
Fra:1 Mem:365.90M (Peak 412.25M) | Time:00:00.27 | Mem:186.68M, Peak:186.68M | Scene, ViewLayer | Updating Geometry BVH Cube.140 217/726 | Building BVH
Fra:1 Mem:365.90M (Peak 412.25M) | Time:00:00.27 | Mem:186.69M, Peak:186.69M | Scene, ViewLayer | Updating Geometry BVH Cube.140 217/726 | Building mesh BLAS |     188 tris | Cube.140
Fra:1 Mem:365.90M (Peak 412.25M) | Time:00:00.27 | Mem:186.69M, Peak:186.69M | Scene, ViewLayer | Updating Geometry BVH Cube.142 219/726 | Building BVH
Fra:1 Mem:365.90M (Peak 412.25M) | Time:00:00.27 | Mem:186.69M, Peak:186.69M | Scene, ViewLayer | Updating Geometry BVH Cube.142 219/726 | Building mesh BLAS |     188 tris | Cube.142
Fra:1 Mem:365.90M (Peak 412.25M) | Time:00:00.27 | Mem:186.69M, Peak:186.69M | Scene, ViewLayer | Updating Geometry BVH Cube.142 219/726 | Building mesh BLAS |     188 tris | Cube.141
Fra:1 Mem:365.90M (Peak 412.25M) | Time:00:00.27 | Mem:186.69M, Peak:186.69M | Scene, ViewLayer | Updating Geometry BVH Cube.143 220/726 | Building BVH
Fra:1 Mem:365.90M (Peak 412.25M) | Time:00:00.27 | Mem:186.69M, Peak:186.69M | Scene, ViewLayer | Updating Geometry BVH Cube.143 220/726 | Building mesh BLAS |     188 tris | Cube.143
Fra:1 Mem:365.90M (Peak 412.25M) | Time:00:00.27 | Mem:186.69M, Peak:186.69M | Scene, ViewLayer | Updating Geometry BVH Cube.144 221/726 | Building BVH
Fra:1 Mem:365.90M (Peak 412.25M) | Time:00:00.27 | Mem:186.69M, Peak:186.69M | Scene, ViewLayer | Updating Geometry BVH Cube.144 221/726 | Building mesh BLAS |     188 tris | Cube.144
Fra:1 Mem:365.90M (Peak 412.25M) | Time:00:00.27 | Mem:186.69M, Peak:186.69M | Scene, ViewLayer | Updating Geometry BVH Cube.145 222/726 | Building BVH
Fra:1 Mem:365.90M (Peak 412.25M) | Time:00:00.27 | Mem:186.69M, Peak:186.69M | Scene, ViewLayer | Updating Geometry BVH Cube.145 222/726 | Building mesh BLAS |     188 tris | Cube.145
Fra:1 Mem:365.90M (Peak 412.25M) | Time:00:00.27 | Mem:186.69M, Peak:186.69M | Scene, ViewLayer | Updating Geometry BVH Cube.146 223/726 | Building BVH
Fra:1 Mem:365.90M (Peak 412.25M) | Time:00:00.27 | Mem:186.69M, Peak:186.69M | Scene, ViewLayer | Updating Geometry BVH Cube.146 223/726 | Building mesh BLAS |     188 tris | Cube.146
Fra:1 Mem:365.90M (Peak 412.25M) | Time:00:00.27 | Mem:186.70M, Peak:186.70M | Scene, ViewLayer | Updating Geometry BVH Raised standing seam.074 714/726 | Building BVH
Fra:1 Mem:365.90M (Peak 412.25M) | Time:00:00.27 | Mem:186.70M, Peak:186.70M | Scene, ViewLayer | Updating Geometry BVH Raised standing seam.074 714/726 | Building mesh BLAS |    1152 tris | Raised standing seam.074
Fra:1 Mem:365.90M (Peak 412.25M) | Time:00:00.27 | Mem:186.71M, Peak:186.71M | Scene, ViewLayer | Updating Geometry BVH Cube.147 224/726 | Building BVH
Fra:1 Mem:365.90M (Peak 412.25M) | Time:00:00.27 | Mem:186.71M, Peak:186.71M | Scene, ViewLayer | Updating Geometry BVH Cube.147 224/726 | Building mesh BLAS |     188 tris | Cube.147
Fra:1 Mem:365.90M (Peak 412.25M) | Time:00:00.27 | Mem:186.71M, Peak:186.71M | Scene, ViewLayer | Updating Geometry BVH Cube.148 225/726 | Building BVH
Fra:1 Mem:365.90M (Peak 412.25M) | Time:00:00.27 | Mem:186.71M, Peak:186.71M | Scene, ViewLayer | Updating Geometry BVH Cube.148 225/726 | Building mesh BLAS |     188 tris | Cube.148
Fra:1 Mem:365.90M (Peak 412.25M) | Time:00:00.27 | Mem:186.71M, Peak:186.71M | Scene, ViewLayer | Updating Geometry BVH Cube.149 226/726 | Building BVH
Fra:1 Mem:365.90M (Peak 412.25M) | Time:00:00.27 | Mem:186.71M, Peak:186.71M | Scene, ViewLayer | Updating Geometry BVH Cube.149 226/726 | Building mesh BLAS |     188 tris | Cube.149
Fra:1 Mem:365.90M (Peak 412.25M) | Time:00:00.27 | Mem:186.71M, Peak:186.71M | Scene, ViewLayer | Updating Geometry BVH Cube.150 227/726 | Building BVH
Fra:1 Mem:365.90M (Peak 412.25M) | Time:00:00.27 | Mem:186.71M, Peak:186.71M | Scene, ViewLayer | Updating Geometry BVH Cube.150 227/726 | Building mesh BLAS |     188 tris | Cube.150
Fra:1 Mem:365.90M (Peak 412.25M) | Time:00:00.27 | Mem:186.73M, Peak:186.73M | Scene, ViewLayer | Updating Geometry BVH Cube.151 228/726 | Building BVH
Fra:1 Mem:365.90M (Peak 412.25M) | Time:00:00.27 | Mem:186.73M, Peak:186.73M | Scene, ViewLayer | Updating Geometry BVH Cube.152 229/726 | Building BVH
Fra:1 Mem:365.90M (Peak 412.25M) | Time:00:00.27 | Mem:186.73M, Peak:186.73M | Scene, ViewLayer | Updating Geometry BVH Cube.152 229/726 | Building mesh BLAS |     188 tris | Cube.151
Fra:1 Mem:365.90M (Peak 412.25M) | Time:00:00.27 | Mem:186.73M, Peak:186.73M | Scene, ViewLayer | Updating Geometry BVH Cube.152 229/726 | Building mesh BLAS |     188 tris | Cube.152
Fra:1 Mem:365.90M (Peak 412.25M) | Time:00:00.27 | Mem:186.73M, Peak:186.73M | Scene, ViewLayer | Updating Geometry BVH Cube.153 230/726 | Building BVH
Fra:1 Mem:365.90M (Peak 412.25M) | Time:00:00.27 | Mem:186.73M, Peak:186.73M | Scene, ViewLayer | Updating Geometry BVH Cube.153 230/726 | Building mesh BLAS |     188 tris | Cube.153
Fra:1 Mem:365.90M (Peak 412.25M) | Time:00:00.27 | Mem:186.73M, Peak:186.73M | Scene, ViewLayer | Updating Geometry BVH Cube.154 231/726 | Building BVH
Fra:1 Mem:365.90M (Peak 412.25M) | Time:00:00.27 | Mem:186.73M, Peak:186.73M | Scene, ViewLayer | Updating Geometry BVH Cube.154 231/726 | Building mesh BLAS |     188 tris | Cube.154
Fra:1 Mem:365.90M (Peak 412.25M) | Time:00:00.27 | Mem:186.73M, Peak:186.73M | Scene, ViewLayer | Updating Geometry BVH Cube.155 232/726 | Building BVH
Fra:1 Mem:365.90M (Peak 412.25M) | Time:00:00.27 | Mem:186.73M, Peak:186.73M | Scene, ViewLayer | Updating Geometry BVH Cube.155 232/726 | Building mesh BLAS |     188 tris | Cube.155
Fra:1 Mem:365.90M (Peak 412.25M) | Time:00:00.27 | Mem:186.74M, Peak:186.74M | Scene, ViewLayer | Updating Geometry BVH Cube.156 233/726 | Building BVH
Fra:1 Mem:365.90M (Peak 412.25M) | Time:00:00.27 | Mem:186.74M, Peak:186.74M | Scene, ViewLayer | Updating Geometry BVH Cube.156 233/726 | Building mesh BLAS |     188 tris | Cube.156
Fra:1 Mem:365.90M (Peak 412.25M) | Time:00:00.27 | Mem:186.74M, Peak:186.74M | Scene, ViewLayer | Updating Geometry BVH Cube.157 234/726 | Building BVH
Fra:1 Mem:365.90M (Peak 412.25M) | Time:00:00.27 | Mem:186.74M, Peak:186.74M | Scene, ViewLayer | Updating Geometry BVH Cube.157 234/726 | Building mesh BLAS |     188 tris | Cube.157
Fra:1 Mem:365.90M (Peak 412.25M) | Time:00:00.27 | Mem:186.74M, Peak:186.74M | Scene, ViewLayer | Updating Geometry BVH Cube.158 235/726 | Building BVH
Fra:1 Mem:365.90M (Peak 412.25M) | Time:00:00.27 | Mem:186.74M, Peak:186.74M | Scene, ViewLayer | Updating Geometry BVH Cube.158 235/726 | Building mesh BLAS |     188 tris | Cube.158
Fra:1 Mem:365.90M (Peak 412.25M) | Time:00:00.27 | Mem:186.74M, Peak:186.74M | Scene, ViewLayer | Updating Geometry BVH Cube.159 236/726 | Building BVH
Fra:1 Mem:365.90M (Peak 412.25M) | Time:00:00.27 | Mem:186.74M, Peak:186.74M | Scene, ViewLayer | Updating Geometry BVH Cube.159 236/726 | Building mesh BLAS |     188 tris | Cube.159
Fra:1 Mem:365.90M (Peak 412.25M) | Time:00:00.27 | Mem:186.81M, Peak:186.81M | Scene, ViewLayer | Updating Geometry BVH Cube.160 237/726 | Building BVH
Fra:1 Mem:365.90M (Peak 412.25M) | Time:00:00.27 | Mem:186.81M, Peak:186.81M | Scene, ViewLayer | Updating Geometry BVH Cube.160 237/726 | Building mesh BLAS |     188 tris | Cube.160
Fra:1 Mem:365.90M (Peak 412.25M) | Time:00:00.27 | Mem:186.82M, Peak:186.82M | Scene, ViewLayer | Updating Geometry BVH Cube.161 238/726 | Building BVH
Fra:1 Mem:365.90M (Peak 412.25M) | Time:00:00.27 | Mem:186.82M, Peak:186.82M | Scene, ViewLayer | Updating Geometry BVH Cube.162 239/726 | Building BVH
Fra:1 Mem:365.90M (Peak 412.25M) | Time:00:00.27 | Mem:186.82M, Peak:186.82M | Scene, ViewLayer | Updating Geometry BVH Cube.162 239/726 | Building mesh BLAS |     188 tris | Cube.161
Fra:1 Mem:365.90M (Peak 412.25M) | Time:00:00.27 | Mem:186.82M, Peak:186.82M | Scene, ViewLayer | Updating Geometry BVH Cube.163 240/726 | Building BVH
Fra:1 Mem:365.90M (Peak 412.25M) | Time:00:00.27 | Mem:186.82M, Peak:186.82M | Scene, ViewLayer | Updating Geometry BVH Cube.163 240/726 | Building mesh BLAS |     188 tris | Cube.163
Fra:1 Mem:365.90M (Peak 412.25M) | Time:00:00.27 | Mem:186.82M, Peak:186.82M | Scene, ViewLayer | Updating Geometry BVH Raised standing seam.073 713/726 | Building BVH
Fra:1 Mem:365.90M (Peak 412.25M) | Time:00:00.27 | Mem:186.82M, Peak:186.82M | Scene, ViewLayer | Updating Geometry BVH Raised standing seam.073 713/726 | Building mesh BLAS |    1152 tris | Raised standing seam.073
Fra:1 Mem:365.90M (Peak 412.25M) | Time:00:00.27 | Mem:186.83M, Peak:186.83M | Scene, ViewLayer | Updating Geometry BVH Cube.164 241/726 | Building BVH
Fra:1 Mem:365.90M (Peak 412.25M) | Time:00:00.27 | Mem:186.83M, Peak:186.83M | Scene, ViewLayer | Updating Geometry BVH Cube.165 242/726 | Building BVH
Fra:1 Mem:365.90M (Peak 412.25M) | Time:00:00.27 | Mem:186.83M, Peak:186.83M | Scene, ViewLayer | Updating Geometry BVH Cube.165 242/726 | Building mesh BLAS |     188 tris | Cube.164
Fra:1 Mem:365.90M (Peak 412.25M) | Time:00:00.27 | Mem:186.83M, Peak:186.83M | Scene, ViewLayer | Updating Geometry BVH Cube.165 242/726 | Building mesh BLAS |     188 tris | Cube.165
Fra:1 Mem:365.90M (Peak 412.25M) | Time:00:00.27 | Mem:186.84M, Peak:186.84M | Scene, ViewLayer | Updating Geometry BVH Cube.166 243/726 | Building BVH
Fra:1 Mem:365.90M (Peak 412.25M) | Time:00:00.27 | Mem:186.84M, Peak:186.84M | Scene, ViewLayer | Updating Geometry BVH Cube.166 243/726 | Building mesh BLAS |     188 tris | Cube.166
Fra:1 Mem:365.90M (Peak 412.25M) | Time:00:00.27 | Mem:186.84M, Peak:186.84M | Scene, ViewLayer | Updating Geometry BVH Cube.167 244/726 | Building BVH
Fra:1 Mem:365.90M (Peak 412.25M) | Time:00:00.27 | Mem:186.84M, Peak:186.84M | Scene, ViewLayer | Updating Geometry BVH Cube.167 244/726 | Building mesh BLAS |     188 tris | Cube.167
Fra:1 Mem:365.90M (Peak 412.25M) | Time:00:00.27 | Mem:186.85M, Peak:186.85M | Scene, ViewLayer | Updating Geometry BVH Cube.168 245/726 | Building BVH
Fra:1 Mem:365.90M (Peak 412.25M) | Time:00:00.27 | Mem:186.85M, Peak:186.85M | Scene, ViewLayer | Updating Geometry BVH Cube.169 246/726 | Building BVH
Fra:1 Mem:365.90M (Peak 412.25M) | Time:00:00.27 | Mem:186.85M, Peak:186.85M | Scene, ViewLayer | Updating Geometry BVH Cube.169 246/726 | Building mesh BLAS |     188 tris | Cube.168
Fra:1 Mem:365.90M (Peak 412.25M) | Time:00:00.27 | Mem:186.85M, Peak:186.85M | Scene, ViewLayer | Updating Geometry BVH Cube.169 246/726 | Building mesh BLAS |     188 tris | Cube.169
Fra:1 Mem:365.90M (Peak 412.25M) | Time:00:00.27 | Mem:186.85M, Peak:186.85M | Scene, ViewLayer | Updating Geometry BVH Cube.170 247/726 | Building BVH
Fra:1 Mem:365.90M (Peak 412.25M) | Time:00:00.27 | Mem:186.85M, Peak:186.85M | Scene, ViewLayer | Updating Geometry BVH Cube.170 247/726 | Building mesh BLAS |     188 tris | Cube.170
Fra:1 Mem:365.90M (Peak 412.25M) | Time:00:00.27 | Mem:186.85M, Peak:186.85M | Scene, ViewLayer | Updating Geometry BVH Cylinder.076 248/726 | Building BVH
Fra:1 Mem:365.90M (Peak 412.25M) | Time:00:00.27 | Mem:186.85M, Peak:186.85M | Scene, ViewLayer | Updating Geometry BVH Cylinder.076 248/726 | Building mesh BLAS |      60 tris | Cylinder.076
Fra:1 Mem:365.90M (Peak 412.25M) | Time:00:00.27 | Mem:186.86M, Peak:186.86M | Scene, ViewLayer | Updating Geometry BVH Cylinder.077 249/726 | Building BVH
Fra:1 Mem:365.90M (Peak 412.25M) | Time:00:00.27 | Mem:186.86M, Peak:186.86M | Scene, ViewLayer | Updating Geometry BVH Cylinder.077 249/726 | Building mesh BLAS |      60 tris | Cylinder.077
Fra:1 Mem:365.90M (Peak 412.25M) | Time:00:00.27 | Mem:186.87M, Peak:186.87M | Scene, ViewLayer | Updating Geometry BVH Cylinder.078 250/726 | Building BVH
Fra:1 Mem:365.90M (Peak 412.25M) | Time:00:00.27 | Mem:186.87M, Peak:186.87M | Scene, ViewLayer | Updating Geometry BVH Cylinder.078 250/726 | Building mesh BLAS |      60 tris | Cylinder.078
Fra:1 Mem:365.90M (Peak 412.25M) | Time:00:00.27 | Mem:186.87M, Peak:186.87M | Scene, ViewLayer | Updating Geometry BVH Cylinder.079 251/726 | Building BVH
Fra:1 Mem:365.90M (Peak 412.25M) | Time:00:00.27 | Mem:186.87M, Peak:186.87M | Scene, ViewLayer | Updating Geometry BVH Cylinder.079 251/726 | Building mesh BLAS |      60 tris | Cylinder.079
Fra:1 Mem:365.90M (Peak 412.25M) | Time:00:00.27 | Mem:186.94M, Peak:186.94M | Scene, ViewLayer | Updating Geometry BVH Cylinder.080 252/726 | Building BVH
Fra:1 Mem:365.90M (Peak 412.25M) | Time:00:00.27 | Mem:186.95M, Peak:186.95M | Scene, ViewLayer | Updating Geometry BVH Cylinder.080 252/726 | Building mesh BLAS |      60 tris | Cylinder.080
Fra:1 Mem:365.90M (Peak 412.25M) | Time:00:00.27 | Mem:186.95M, Peak:186.95M | Scene, ViewLayer | Updating Geometry BVH Cylinder.081 253/726 | Building BVH
Fra:1 Mem:365.90M (Peak 412.25M) | Time:00:00.27 | Mem:186.95M, Peak:186.95M | Scene, ViewLayer | Updating Geometry BVH Cylinder.081 253/726 | Building mesh BLAS |      60 tris | Cylinder.081
Fra:1 Mem:365.90M (Peak 412.25M) | Time:00:00.27 | Mem:186.95M, Peak:186.95M | Scene, ViewLayer | Updating Geometry BVH Cylinder.082 254/726 | Building BVH
Fra:1 Mem:365.90M (Peak 412.25M) | Time:00:00.27 | Mem:186.95M, Peak:186.95M | Scene, ViewLayer | Updating Geometry BVH Cylinder.082 254/726 | Building mesh BLAS |      60 tris | Cylinder.082
Fra:1 Mem:365.90M (Peak 412.25M) | Time:00:00.27 | Mem:186.95M, Peak:186.95M | Scene, ViewLayer | Updating Geometry BVH Cylinder.083 255/726 | Building BVH
Fra:1 Mem:365.90M (Peak 412.25M) | Time:00:00.27 | Mem:186.95M, Peak:186.95M | Scene, ViewLayer | Updating Geometry BVH Cylinder.083 255/726 | Building mesh BLAS |      60 tris | Cylinder.083
Fra:1 Mem:365.90M (Peak 412.25M) | Time:00:00.27 | Mem:186.95M, Peak:186.95M | Scene, ViewLayer | Updating Geometry BVH Cylinder.084 256/726 | Building BVH
Fra:1 Mem:365.90M (Peak 412.25M) | Time:00:00.27 | Mem:186.95M, Peak:186.95M | Scene, ViewLayer | Updating Geometry BVH Cylinder.085 257/726 | Building mesh BLAS |      60 tris | Cylinder.084
Fra:1 Mem:365.90M (Peak 412.25M) | Time:00:00.27 | Mem:186.95M, Peak:186.95M | Scene, ViewLayer | Updating Geometry BVH Cylinder.085 257/726 | Building mesh BLAS |      60 tris | Cylinder.085
Fra:1 Mem:365.90M (Peak 412.25M) | Time:00:00.27 | Mem:186.96M, Peak:186.96M | Scene, ViewLayer | Updating Geometry BVH Raised standing seam.072 712/726 | Building BVH
Fra:1 Mem:365.90M (Peak 412.25M) | Time:00:00.27 | Mem:186.96M, Peak:186.96M | Scene, ViewLayer | Updating Geometry BVH Raised standing seam.072 712/726 | Building mesh BLAS |    1152 tris | Raised standing seam.072
Fra:1 Mem:365.90M (Peak 412.25M) | Time:00:00.27 | Mem:187.01M, Peak:187.01M | Scene, ViewLayer | Updating Geometry BVH Cylinder.086 258/726 | Building BVH
Fra:1 Mem:365.90M (Peak 412.25M) | Time:00:00.27 | Mem:187.01M, Peak:187.01M | Scene, ViewLayer | Updating Geometry BVH Cylinder.087 259/726 | Building BVH
Fra:1 Mem:365.90M (Peak 412.25M) | Time:00:00.27 | Mem:187.01M, Peak:187.01M | Scene, ViewLayer | Updating Geometry BVH Cylinder.087 259/726 | Building mesh BLAS |      60 tris | Cylinder.087
Fra:1 Mem:365.90M (Peak 412.25M) | Time:00:00.27 | Mem:187.01M, Peak:187.01M | Scene, ViewLayer | Updating Geometry BVH Cube.171 260/726 | Building BVH
Fra:1 Mem:365.90M (Peak 412.25M) | Time:00:00.27 | Mem:187.01M, Peak:187.01M | Scene, ViewLayer | Updating Geometry BVH Cube.172 261/726 | Building BVH
Fra:1 Mem:365.90M (Peak 412.25M) | Time:00:00.27 | Mem:187.01M, Peak:187.01M | Scene, ViewLayer | Updating Geometry BVH Cube.172 261/726 | Building mesh BLAS |     188 tris | Cube.171
Fra:1 Mem:365.90M (Peak 412.25M) | Time:00:00.27 | Mem:187.01M, Peak:187.01M | Scene, ViewLayer | Updating Geometry BVH Cube.172 261/726 | Building mesh BLAS |     188 tris | Cube.172
Fra:1 Mem:365.90M (Peak 412.25M) | Time:00:00.27 | Mem:187.04M, Peak:187.04M | Scene, ViewLayer | Updating Geometry BVH Cube.173 262/726 | Building BVH
Fra:1 Mem:365.90M (Peak 412.25M) | Time:00:00.27 | Mem:187.04M, Peak:187.04M | Scene, ViewLayer | Updating Geometry BVH Cube.175 264/726 | Building BVH
Fra:1 Mem:365.90M (Peak 412.25M) | Time:00:00.27 | Mem:187.04M, Peak:187.04M | Scene, ViewLayer | Updating Geometry BVH Cube.175 264/726 | Building mesh BLAS |     188 tris | Cube.173
Fra:1 Mem:365.90M (Peak 412.25M) | Time:00:00.27 | Mem:187.04M, Peak:187.04M | Scene, ViewLayer | Updating Geometry BVH Cube.175 264/726 | Building mesh BLAS |     188 tris | Cube.175
Fra:1 Mem:365.90M (Peak 412.25M) | Time:00:00.27 | Mem:187.04M, Peak:187.04M | Scene, ViewLayer | Updating Geometry BVH Cube.175 264/726 | Building mesh BLAS |     188 tris | Cube.174
Fra:1 Mem:365.90M (Peak 412.25M) | Time:00:00.27 | Mem:187.06M, Peak:187.06M | Scene, ViewLayer | Updating Geometry BVH Cube.176 265/726 | Building BVH
Fra:1 Mem:365.90M (Peak 412.25M) | Time:00:00.27 | Mem:187.06M, Peak:187.06M | Scene, ViewLayer | Updating Geometry BVH Cube.176 265/726 | Building mesh BLAS |     188 tris | Cube.176
Fra:1 Mem:365.90M (Peak 412.25M) | Time:00:00.27 | Mem:187.12M, Peak:187.12M | Scene, ViewLayer | Updating Geometry BVH Cube.177 266/726 | Building BVH
Fra:1 Mem:365.90M (Peak 412.25M) | Time:00:00.27 | Mem:187.14M, Peak:187.14M | Scene, ViewLayer | Updating Geometry BVH Cube.177 266/726 | Building mesh BLAS |     188 tris | Cube.177
Fra:1 Mem:365.90M (Peak 412.25M) | Time:00:00.27 | Mem:187.14M, Peak:187.14M | Scene, ViewLayer | Updating Geometry BVH Cube.178 267/726 | Building BVH
Fra:1 Mem:365.90M (Peak 412.25M) | Time:00:00.27 | Mem:187.15M, Peak:187.15M | Scene, ViewLayer | Updating Geometry BVH Cube.179 268/726 | Building BVH
Fra:1 Mem:365.90M (Peak 412.25M) | Time:00:00.27 | Mem:187.16M, Peak:187.16M | Scene, ViewLayer | Updating Geometry BVH Cube.179 268/726 | Building mesh BLAS |     188 tris | Cube.178
Fra:1 Mem:365.90M (Peak 412.25M) | Time:00:00.27 | Mem:187.18M, Peak:187.18M | Scene, ViewLayer | Updating Geometry BVH Cube.179 268/726 | Building mesh BLAS |     188 tris | Cube.179
Fra:1 Mem:365.90M (Peak 412.25M) | Time:00:00.27 | Mem:187.19M, Peak:187.19M | Scene, ViewLayer | Updating Geometry BVH Cube.180 269/726 | Building BVH
Fra:1 Mem:365.90M (Peak 412.25M) | Time:00:00.27 | Mem:187.19M, Peak:187.19M | Scene, ViewLayer | Updating Geometry BVH Cube.180 269/726 | Building mesh BLAS |     188 tris | Cube.180
Fra:1 Mem:365.90M (Peak 412.25M) | Time:00:00.27 | Mem:187.19M, Peak:187.19M | Scene, ViewLayer | Updating Geometry BVH Cube.181 270/726 | Building BVH
Fra:1 Mem:365.90M (Peak 412.25M) | Time:00:00.27 | Mem:187.19M, Peak:187.19M | Scene, ViewLayer | Updating Geometry BVH Cube.182 271/726 | Building BVH
Fra:1 Mem:365.90M (Peak 412.25M) | Time:00:00.27 | Mem:187.19M, Peak:187.19M | Scene, ViewLayer | Updating Geometry BVH Cube.183 272/726 | Building mesh BLAS |     188 tris | Cube.182
Fra:1 Mem:365.90M (Peak 412.25M) | Time:00:00.27 | Mem:187.21M, Peak:187.21M | Scene, ViewLayer | Updating Geometry BVH Cube.184 273/726 | Building BVH
Fra:1 Mem:365.90M (Peak 412.25M) | Time:00:00.27 | Mem:187.21M, Peak:187.21M | Scene, ViewLayer | Updating Geometry BVH Cube.185 274/726 | Building BVH
Fra:1 Mem:365.90M (Peak 412.25M) | Time:00:00.27 | Mem:187.21M, Peak:187.21M | Scene, ViewLayer | Updating Geometry BVH Cube.185 274/726 | Building mesh BLAS |     188 tris | Cube.184
Fra:1 Mem:365.90M (Peak 412.25M) | Time:00:00.27 | Mem:187.21M, Peak:187.21M | Scene, ViewLayer | Updating Geometry BVH Cube.185 274/726 | Building mesh BLAS |     188 tris | Cube.183
Fra:1 Mem:365.90M (Peak 412.25M) | Time:00:00.27 | Mem:187.21M, Peak:187.21M | Scene, ViewLayer | Updating Geometry BVH Raised standing seam.071 711/726 | Building BVH
Fra:1 Mem:365.90M (Peak 412.25M) | Time:00:00.27 | Mem:187.21M, Peak:187.21M | Scene, ViewLayer | Updating Geometry BVH Raised standing seam.071 711/726 | Building mesh BLAS |    1152 tris | Raised standing seam.071
Fra:1 Mem:365.90M (Peak 412.25M) | Time:00:00.27 | Mem:187.27M, Peak:187.27M | Scene, ViewLayer | Updating Geometry BVH Cube.186 275/726 | Building BVH
Fra:1 Mem:365.90M (Peak 412.25M) | Time:00:00.27 | Mem:187.27M, Peak:187.27M | Scene, ViewLayer | Updating Geometry BVH Cube.186 275/726 | Building mesh BLAS |     188 tris | Cube.186
Fra:1 Mem:365.90M (Peak 412.25M) | Time:00:00.27 | Mem:187.27M, Peak:187.27M | Scene, ViewLayer | Updating Geometry BVH Cube.187 276/726 | Building BVH
Fra:1 Mem:365.90M (Peak 412.25M) | Time:00:00.27 | Mem:187.28M, Peak:187.28M | Scene, ViewLayer | Updating Geometry BVH Cube.187 276/726 | Building mesh BLAS |     188 tris | Cube.187
Fra:1 Mem:365.90M (Peak 412.25M) | Time:00:00.27 | Mem:187.34M, Peak:187.34M | Scene, ViewLayer | Updating Geometry BVH Cube.188 277/726 | Building BVH
Fra:1 Mem:365.90M (Peak 412.25M) | Time:00:00.27 | Mem:187.34M, Peak:187.34M | Scene, ViewLayer | Updating Geometry BVH Cube.188 277/726 | Building mesh BLAS |     188 tris | Cube.188
Fra:1 Mem:365.90M (Peak 412.25M) | Time:00:00.27 | Mem:187.34M, Peak:187.34M | Scene, ViewLayer | Updating Geometry BVH Cube.189 278/726 | Building BVH
Fra:1 Mem:365.90M (Peak 412.25M) | Time:00:00.27 | Mem:187.34M, Peak:187.34M | Scene, ViewLayer | Updating Geometry BVH Cube.189 278/726 | Building mesh BLAS |     188 tris | Cube.189
Fra:1 Mem:365.90M (Peak 412.25M) | Time:00:00.27 | Mem:187.35M, Peak:187.35M | Scene, ViewLayer | Updating Geometry BVH Cube.190 279/726 | Building BVH
Fra:1 Mem:365.90M (Peak 412.25M) | Time:00:00.27 | Mem:187.35M, Peak:187.35M | Scene, ViewLayer | Updating Geometry BVH Cube.191 280/726 | Building BVH
Fra:1 Mem:365.90M (Peak 412.25M) | Time:00:00.27 | Mem:187.35M, Peak:187.35M | Scene, ViewLayer | Updating Geometry BVH Cube.191 280/726 | Building mesh BLAS |     188 tris | Cube.190
Fra:1 Mem:365.90M (Peak 412.25M) | Time:00:00.27 | Mem:187.35M, Peak:187.35M | Scene, ViewLayer | Updating Geometry BVH Cube.191 280/726 | Building mesh BLAS |     188 tris | Cube.191
Fra:1 Mem:365.90M (Peak 412.25M) | Time:00:00.27 | Mem:187.35M, Peak:187.35M | Scene, ViewLayer | Updating Geometry BVH Cylinder.088 282/726 | Building BVH
Fra:1 Mem:365.90M (Peak 412.25M) | Time:00:00.27 | Mem:187.35M, Peak:187.35M | Scene, ViewLayer | Updating Geometry BVH Cylinder.088 282/726 | Building mesh BLAS |      60 tris | Cylinder.088
Fra:1 Mem:365.90M (Peak 412.25M) | Time:00:00.27 | Mem:187.35M, Peak:187.35M | Scene, ViewLayer | Updating Geometry BVH Cylinder.088 282/726 | Building mesh BLAS |     188 tris | Cube.192
Fra:1 Mem:365.90M (Peak 412.25M) | Time:00:00.27 | Mem:187.37M, Peak:187.37M | Scene, ViewLayer | Updating Geometry BVH Sphere 283/726 | Building BVH
Fra:1 Mem:365.90M (Peak 412.25M) | Time:00:00.27 | Mem:187.38M, Peak:187.38M | Scene, ViewLayer | Updating Geometry BVH Sphere 283/726 | Building mesh BLAS |     528 tris | Sphere
Fra:1 Mem:365.90M (Peak 412.25M) | Time:00:00.27 | Mem:187.38M, Peak:187.38M | Scene, ViewLayer | Updating Geometry BVH Cube.193 284/726 | Building BVH
Fra:1 Mem:365.90M (Peak 412.25M) | Time:00:00.27 | Mem:187.38M, Peak:187.38M | Scene, ViewLayer | Updating Geometry BVH Cube.194 285/726 | Building mesh BLAS |     188 tris | Cube.193
Fra:1 Mem:365.90M (Peak 412.25M) | Time:00:00.27 | Mem:187.38M, Peak:187.38M | Scene, ViewLayer | Updating Geometry BVH Cube.194 285/726 | Building mesh BLAS |     188 tris | Cube.194
Fra:1 Mem:365.90M (Peak 412.25M) | Time:00:00.27 | Mem:187.42M, Peak:187.42M | Scene, ViewLayer | Updating Geometry BVH Cube.195 286/726 | Building BVH
Fra:1 Mem:365.90M (Peak 412.25M) | Time:00:00.27 | Mem:187.43M, Peak:187.43M | Scene, ViewLayer | Updating Geometry BVH Cube.195 286/726 | Building mesh BLAS |     188 tris | Cube.195
Fra:1 Mem:365.90M (Peak 412.25M) | Time:00:00.27 | Mem:187.43M, Peak:187.43M | Scene, ViewLayer | Updating Geometry BVH Cube.196 287/726 | Building BVH
Fra:1 Mem:365.90M (Peak 412.25M) | Time:00:00.27 | Mem:187.43M, Peak:187.43M | Scene, ViewLayer | Updating Geometry BVH Cube.196 287/726 | Building mesh BLAS |     188 tris | Cube.196
Fra:1 Mem:365.90M (Peak 412.25M) | Time:00:00.28 | Mem:187.52M, Peak:187.52M | Scene, ViewLayer | Updating Geometry BVH Cube.197 288/726 | Building BVH
Fra:1 Mem:365.90M (Peak 412.25M) | Time:00:00.28 | Mem:187.52M, Peak:187.52M | Scene, ViewLayer | Updating Geometry BVH Cube.198 289/726 | Building BVH
Fra:1 Mem:365.90M (Peak 412.25M) | Time:00:00.28 | Mem:187.52M, Peak:187.52M | Scene, ViewLayer | Updating Geometry BVH Raised standing seam.070 710/726 | Building mesh BLAS |     188 tris | Cube.198
Fra:1 Mem:365.90M (Peak 412.25M) | Time:00:00.28 | Mem:187.52M, Peak:187.52M | Scene, ViewLayer | Updating Geometry BVH Cube.199 290/726 | Building BVH
Fra:1 Mem:365.90M (Peak 412.25M) | Time:00:00.28 | Mem:187.52M, Peak:187.52M | Scene, ViewLayer | Updating Geometry BVH Cube.199 290/726 | Building mesh BLAS |    1152 tris | Raised standing seam.070
Fra:1 Mem:365.90M (Peak 412.25M) | Time:00:00.28 | Mem:187.52M, Peak:187.52M | Scene, ViewLayer | Updating Geometry BVH Cube.199 290/726 | Building mesh BLAS |     188 tris | Cube.199
Fra:1 Mem:365.90M (Peak 412.25M) | Time:00:00.28 | Mem:187.52M, Peak:187.52M | Scene, ViewLayer | Updating Geometry BVH Cube.200 291/726 | Building BVH
Fra:1 Mem:365.90M (Peak 412.25M) | Time:00:00.28 | Mem:187.58M, Peak:187.58M | Scene, ViewLayer | Updating Geometry BVH Cube.200 291/726 | Building mesh BLAS |     188 tris | Cube.200
Fra:1 Mem:365.90M (Peak 412.25M) | Time:00:00.28 | Mem:187.61M, Peak:187.61M | Scene, ViewLayer | Updating Geometry BVH Cube.201 292/726 | Building BVH
Fra:1 Mem:365.90M (Peak 412.25M) | Time:00:00.28 | Mem:187.61M, Peak:187.61M | Scene, ViewLayer | Updating Geometry BVH Cube.201 292/726 | Building mesh BLAS |     188 tris | Cube.201
Fra:1 Mem:365.90M (Peak 412.25M) | Time:00:00.28 | Mem:187.62M, Peak:187.62M | Scene, ViewLayer | Updating Geometry BVH Cube.202 293/726 | Building BVH
Fra:1 Mem:365.90M (Peak 412.25M) | Time:00:00.28 | Mem:187.62M, Peak:187.62M | Scene, ViewLayer | Updating Geometry BVH Cube.203 294/726 | Building BVH
Fra:1 Mem:365.90M (Peak 412.25M) | Time:00:00.28 | Mem:187.62M, Peak:187.62M | Scene, ViewLayer | Updating Geometry BVH Cube.203 294/726 | Building mesh BLAS |     188 tris | Cube.202
Fra:1 Mem:365.90M (Peak 412.25M) | Time:00:00.28 | Mem:187.62M, Peak:187.62M | Scene, ViewLayer | Updating Geometry BVH Cube.203 294/726 | Building mesh BLAS |     188 tris | Cube.203
Fra:1 Mem:365.90M (Peak 412.25M) | Time:00:00.28 | Mem:187.68M, Peak:187.68M | Scene, ViewLayer | Updating Geometry BVH Cube.204 295/726 | Building BVH
Fra:1 Mem:365.90M (Peak 412.25M) | Time:00:00.28 | Mem:187.69M, Peak:187.69M | Scene, ViewLayer | Updating Geometry BVH Cube.204 295/726 | Building mesh BLAS |     188 tris | Cube.204
Fra:1 Mem:365.90M (Peak 412.25M) | Time:00:00.28 | Mem:187.69M, Peak:187.69M | Scene, ViewLayer | Updating Geometry BVH Cube.205 296/726 | Building BVH
Fra:1 Mem:365.90M (Peak 412.25M) | Time:00:00.28 | Mem:187.69M, Peak:187.69M | Scene, ViewLayer | Updating Geometry BVH Cube.205 296/726 | Building mesh BLAS |     188 tris | Cube.205
Fra:1 Mem:365.90M (Peak 412.25M) | Time:00:00.28 | Mem:187.71M, Peak:187.71M | Scene, ViewLayer | Updating Geometry BVH Cube.206 297/726 | Building BVH
Fra:1 Mem:365.90M (Peak 412.25M) | Time:00:00.28 | Mem:187.71M, Peak:187.71M | Scene, ViewLayer | Updating Geometry BVH Cube.206 297/726 | Building mesh BLAS |     188 tris | Cube.206
Fra:1 Mem:365.90M (Peak 412.25M) | Time:00:00.28 | Mem:187.72M, Peak:187.72M | Scene, ViewLayer | Updating Geometry BVH Cube.207 298/726 | Building BVH
Fra:1 Mem:365.90M (Peak 412.25M) | Time:00:00.28 | Mem:187.72M, Peak:187.72M | Scene, ViewLayer | Updating Geometry BVH Cube.208 299/726 | Building BVH
Fra:1 Mem:365.90M (Peak 412.25M) | Time:00:00.28 | Mem:187.72M, Peak:187.72M | Scene, ViewLayer | Updating Geometry BVH Cube.209 300/726 | Building mesh BLAS |     188 tris | Cube.208
Fra:1 Mem:365.90M (Peak 412.25M) | Time:00:00.28 | Mem:187.72M, Peak:187.72M | Scene, ViewLayer | Updating Geometry BVH Cube.209 300/726 | Building mesh BLAS |     188 tris | Cube.209
Fra:1 Mem:365.90M (Peak 412.25M) | Time:00:00.28 | Mem:187.72M, Peak:187.72M | Scene, ViewLayer | Updating Geometry BVH Cube.210 301/726 | Building BVH
Fra:1 Mem:365.90M (Peak 412.25M) | Time:00:00.28 | Mem:187.72M, Peak:187.72M | Scene, ViewLayer | Updating Geometry BVH Cube.210 301/726 | Building mesh BLAS |     188 tris | Cube.210
Fra:1 Mem:365.90M (Peak 412.25M) | Time:00:00.28 | Mem:187.72M, Peak:187.72M | Scene, ViewLayer | Updating Geometry BVH Cube.211 302/726 | Building BVH
Fra:1 Mem:365.90M (Peak 412.25M) | Time:00:00.28 | Mem:187.72M, Peak:187.72M | Scene, ViewLayer | Updating Geometry BVH Cube.211 302/726 | Building mesh BLAS |     188 tris | Cube.211
Fra:1 Mem:365.90M (Peak 412.25M) | Time:00:00.28 | Mem:187.75M, Peak:187.75M | Scene, ViewLayer | Updating Geometry BVH Cube.212 303/726 | Building BVH
Fra:1 Mem:365.90M (Peak 412.25M) | Time:00:00.28 | Mem:187.75M, Peak:187.75M | Scene, ViewLayer | Updating Geometry BVH Cube.213 304/726 | Building BVH
Fra:1 Mem:365.90M (Peak 412.25M) | Time:00:00.28 | Mem:187.75M, Peak:187.75M | Scene, ViewLayer | Updating Geometry BVH Cube.213 304/726 | Building mesh BLAS |     188 tris | Cube.212
Fra:1 Mem:365.90M (Peak 412.25M) | Time:00:00.28 | Mem:187.79M, Peak:187.79M | Scene, ViewLayer | Updating Geometry BVH Cube.214 305/726 | Building mesh BLAS |     188 tris | Cube.213
Fra:1 Mem:365.90M (Peak 412.25M) | Time:00:00.28 | Mem:187.79M, Peak:187.79M | Scene, ViewLayer | Updating Geometry BVH Cube.215 306/726 | Building BVH
Fra:1 Mem:365.90M (Peak 412.25M) | Time:00:00.28 | Mem:187.80M, Peak:187.80M | Scene, ViewLayer | Updating Geometry BVH Cube.215 306/726 | Building mesh BLAS |     188 tris | Cube.214
Fra:1 Mem:365.90M (Peak 412.25M) | Time:00:00.28 | Mem:187.81M, Peak:187.81M | Scene, ViewLayer | Updating Geometry BVH Cube.215 306/726 | Building mesh BLAS |     188 tris | Cube.215
Fra:1 Mem:365.90M (Peak 412.25M) | Time:00:00.28 | Mem:187.82M, Peak:187.82M | Scene, ViewLayer | Updating Geometry BVH Cube.216 307/726 | Building BVH
Fra:1 Mem:365.90M (Peak 412.25M) | Time:00:00.28 | Mem:187.82M, Peak:187.82M | Scene, ViewLayer | Updating Geometry BVH Cube.217 308/726 | Building BVH
Fra:1 Mem:365.90M (Peak 412.25M) | Time:00:00.28 | Mem:187.82M, Peak:187.82M | Scene, ViewLayer | Updating Geometry BVH Cube.217 308/726 | Building mesh BLAS |    1152 tris | Raised standing seam.069
Fra:1 Mem:365.90M (Peak 412.25M) | Time:00:00.28 | Mem:187.82M, Peak:187.82M | Scene, ViewLayer | Updating Geometry BVH Cube.217 308/726 | Building mesh BLAS |     188 tris | Cube.217
Fra:1 Mem:365.90M (Peak 412.25M) | Time:00:00.28 | Mem:187.82M, Peak:187.82M | Scene, ViewLayer | Updating Geometry BVH Cube.217 308/726 | Building mesh BLAS |     188 tris | Cube.216
Fra:1 Mem:365.90M (Peak 412.25M) | Time:00:00.28 | Mem:187.84M, Peak:187.84M | Scene, ViewLayer | Updating Geometry BVH Cube.218 309/726 | Building BVH
Fra:1 Mem:365.90M (Peak 412.25M) | Time:00:00.28 | Mem:187.86M, Peak:187.86M | Scene, ViewLayer | Updating Geometry BVH Cube.219 310/726 | Building BVH
Fra:1 Mem:365.90M (Peak 412.25M) | Time:00:00.28 | Mem:187.86M, Peak:187.86M | Scene, ViewLayer | Updating Geometry BVH Cube.219 310/726 | Building mesh BLAS |     188 tris | Cube.218
Fra:1 Mem:365.90M (Peak 412.25M) | Time:00:00.28 | Mem:187.86M, Peak:187.86M | Scene, ViewLayer | Updating Geometry BVH Cube.220 311/726 | Building BVH
Fra:1 Mem:365.90M (Peak 412.25M) | Time:00:00.28 | Mem:187.86M, Peak:187.86M | Scene, ViewLayer | Updating Geometry BVH Cube.221 312/726 | Building BVH
Fra:1 Mem:365.90M (Peak 412.25M) | Time:00:00.28 | Mem:187.86M, Peak:187.86M | Scene, ViewLayer | Updating Geometry BVH Cube.221 312/726 | Building mesh BLAS |     188 tris | Cube.220
Fra:1 Mem:365.90M (Peak 412.25M) | Time:00:00.28 | Mem:187.86M, Peak:187.86M | Scene, ViewLayer | Updating Geometry BVH Cube.221 312/726 | Building mesh BLAS |     188 tris | Cube.221
Fra:1 Mem:365.90M (Peak 412.25M) | Time:00:00.28 | Mem:187.86M, Peak:187.86M | Scene, ViewLayer | Updating Geometry BVH Cube.222 313/726 | Building BVH
Fra:1 Mem:365.90M (Peak 412.25M) | Time:00:00.28 | Mem:187.86M, Peak:187.86M | Scene, ViewLayer | Updating Geometry BVH Cube.222 313/726 | Building mesh BLAS |     188 tris | Cube.222
Fra:1 Mem:365.90M (Peak 412.25M) | Time:00:00.28 | Mem:187.93M, Peak:187.93M | Scene, ViewLayer | Updating Geometry BVH Cylinder.089 314/726 | Building BVH
Fra:1 Mem:365.90M (Peak 412.25M) | Time:00:00.28 | Mem:187.94M, Peak:187.94M | Scene, ViewLayer | Updating Geometry BVH Cylinder.089 314/726 | Building mesh BLAS |      60 tris | Cylinder.089
Fra:1 Mem:365.90M (Peak 412.25M) | Time:00:00.28 | Mem:187.95M, Peak:187.95M | Scene, ViewLayer | Updating Geometry BVH Sphere.001 315/726 | Building BVH
Fra:1 Mem:365.90M (Peak 412.25M) | Time:00:00.28 | Mem:187.95M, Peak:187.95M | Scene, ViewLayer | Updating Geometry BVH Cube.223 316/726 | Building BVH
Fra:1 Mem:365.90M (Peak 412.25M) | Time:00:00.28 | Mem:187.95M, Peak:187.95M | Scene, ViewLayer | Updating Geometry BVH Cube.224 317/726 | Building mesh BLAS |     188 tris | Cube.223
Fra:1 Mem:365.90M (Peak 412.25M) | Time:00:00.28 | Mem:187.95M, Peak:187.95M | Scene, ViewLayer | Updating Geometry BVH Cube.224 317/726 | Building mesh BLAS |     188 tris | Cube.224
Fra:1 Mem:365.90M (Peak 412.25M) | Time:00:00.28 | Mem:187.97M, Peak:187.97M | Scene, ViewLayer | Updating Geometry BVH Cube.225 318/726 | Building BVH
Fra:1 Mem:365.90M (Peak 412.25M) | Time:00:00.28 | Mem:187.99M, Peak:187.99M | Scene, ViewLayer | Updating Geometry BVH Cube.226 319/726 | Building BVH
Fra:1 Mem:365.90M (Peak 412.25M) | Time:00:00.28 | Mem:187.99M, Peak:187.99M | Scene, ViewLayer | Updating Geometry BVH Cube.226 319/726 | Building mesh BLAS |     188 tris | Cube.226
Fra:1 Mem:365.90M (Peak 412.25M) | Time:00:00.28 | Mem:187.99M, Peak:187.99M | Scene, ViewLayer | Updating Geometry BVH Cube.227 320/726 | Building BVH
Fra:1 Mem:365.90M (Peak 412.25M) | Time:00:00.28 | Mem:187.99M, Peak:187.99M | Scene, ViewLayer | Updating Geometry BVH Cube.227 320/726 | Building mesh BLAS |     188 tris | Cube.227
Fra:1 Mem:365.90M (Peak 412.25M) | Time:00:00.28 | Mem:187.99M, Peak:187.99M | Scene, ViewLayer | Updating Geometry BVH Cube.228 321/726 | Building BVH
Fra:1 Mem:365.90M (Peak 412.25M) | Time:00:00.28 | Mem:187.99M, Peak:187.99M | Scene, ViewLayer | Updating Geometry BVH Cube.228 321/726 | Building mesh BLAS |     188 tris | Cube.228
Fra:1 Mem:365.90M (Peak 412.25M) | Time:00:00.28 | Mem:188.00M, Peak:188.00M | Scene, ViewLayer | Updating Geometry BVH Cube.229 322/726 | Building BVH
Fra:1 Mem:365.90M (Peak 412.25M) | Time:00:00.28 | Mem:188.01M, Peak:188.01M | Scene, ViewLayer | Updating Geometry BVH Cube.229 322/726 | Building mesh BLAS |     188 tris | Cube.229
Fra:1 Mem:365.90M (Peak 412.25M) | Time:00:00.28 | Mem:188.02M, Peak:188.02M | Scene, ViewLayer | Updating Geometry BVH Cube.230 323/726 | Building BVH
Fra:1 Mem:365.90M (Peak 412.25M) | Time:00:00.28 | Mem:188.03M, Peak:188.03M | Scene, ViewLayer | Updating Geometry BVH Raised standing seam.068 708/726 | Building BVH
Fra:1 Mem:365.90M (Peak 412.25M) | Time:00:00.28 | Mem:188.03M, Peak:188.03M | Scene, ViewLayer | Updating Geometry BVH Cube.231 324/726 | Building BVH
Fra:1 Mem:365.90M (Peak 412.25M) | Time:00:00.28 | Mem:188.03M, Peak:188.03M | Scene, ViewLayer | Updating Geometry BVH Cube.231 324/726 | Building mesh BLAS |    1152 tris | Raised standing seam.068
Fra:1 Mem:365.90M (Peak 412.25M) | Time:00:00.28 | Mem:188.04M, Peak:188.04M | Scene, ViewLayer | Updating Geometry BVH Cube.232 325/726 | Building BVH
Fra:1 Mem:365.90M (Peak 412.25M) | Time:00:00.28 | Mem:188.04M, Peak:188.04M | Scene, ViewLayer | Updating Geometry BVH Cube.232 325/726 | Building mesh BLAS |     188 tris | Cube.231
Fra:1 Mem:365.90M (Peak 412.25M) | Time:00:00.28 | Mem:188.04M, Peak:188.04M | Scene, ViewLayer | Updating Geometry BVH Cube.232 325/726 | Building mesh BLAS |     188 tris | Cube.232
Fra:1 Mem:365.90M (Peak 412.25M) | Time:00:00.28 | Mem:188.06M, Peak:188.06M | Scene, ViewLayer | Updating Geometry BVH Cube.233 326/726 | Building BVH
Fra:1 Mem:365.90M (Peak 412.25M) | Time:00:00.28 | Mem:188.06M, Peak:188.06M | Scene, ViewLayer | Updating Geometry BVH Cube.233 326/726 | Building mesh BLAS |     188 tris | Cube.233
Fra:1 Mem:365.90M (Peak 412.25M) | Time:00:00.28 | Mem:188.06M, Peak:188.06M | Scene, ViewLayer | Updating Geometry BVH Cube.234 327/726 | Building BVH
Fra:1 Mem:365.90M (Peak 412.25M) | Time:00:00.28 | Mem:188.06M, Peak:188.06M | Scene, ViewLayer | Updating Geometry BVH Cube.234 327/726 | Building mesh BLAS |     188 tris | Cube.234
Fra:1 Mem:365.90M (Peak 412.25M) | Time:00:00.28 | Mem:188.06M, Peak:188.06M | Scene, ViewLayer | Updating Geometry BVH Cube.235 328/726 | Building BVH
Fra:1 Mem:365.90M (Peak 412.25M) | Time:00:00.28 | Mem:188.07M, Peak:188.07M | Scene, ViewLayer | Updating Geometry BVH Cube.235 328/726 | Building mesh BLAS |     188 tris | Cube.235
Fra:1 Mem:365.90M (Peak 412.25M) | Time:00:00.28 | Mem:188.07M, Peak:188.07M | Scene, ViewLayer | Updating Geometry BVH Cube.236 329/726 | Building BVH
Fra:1 Mem:365.90M (Peak 412.25M) | Time:00:00.28 | Mem:188.07M, Peak:188.07M | Scene, ViewLayer | Updating Geometry BVH Cube.236 329/726 | Building mesh BLAS |     188 tris | Cube.236
Fra:1 Mem:365.90M (Peak 412.25M) | Time:00:00.28 | Mem:188.09M, Peak:188.09M | Scene, ViewLayer | Updating Geometry BVH Cube.237 330/726 | Building BVH
Fra:1 Mem:365.90M (Peak 412.25M) | Time:00:00.28 | Mem:188.09M, Peak:188.09M | Scene, ViewLayer | Updating Geometry BVH Cube.238 331/726 | Building BVH
Fra:1 Mem:365.90M (Peak 412.25M) | Time:00:00.28 | Mem:188.09M, Peak:188.09M | Scene, ViewLayer | Updating Geometry BVH Cube.240 333/726 | Building BVH
Fra:1 Mem:365.90M (Peak 412.25M) | Time:00:00.28 | Mem:188.09M, Peak:188.09M | Scene, ViewLayer | Updating Geometry BVH Cube.240 333/726 | Building mesh BLAS |     188 tris | Cube.238
Fra:1 Mem:365.90M (Peak 412.25M) | Time:00:00.28 | Mem:188.09M, Peak:188.09M | Scene, ViewLayer | Updating Geometry BVH Cube.240 333/726 | Building mesh BLAS |     188 tris | Cube.239
Fra:1 Mem:365.90M (Peak 412.25M) | Time:00:00.28 | Mem:188.09M, Peak:188.09M | Scene, ViewLayer | Updating Geometry BVH Cube.240 333/726 | Building mesh BLAS |     188 tris | Cube.240
Fra:1 Mem:365.90M (Peak 412.25M) | Time:00:00.28 | Mem:188.15M, Peak:188.15M | Scene, ViewLayer | Updating Geometry BVH Cube.241 334/726 | Building BVH
Fra:1 Mem:365.90M (Peak 412.25M) | Time:00:00.28 | Mem:188.15M, Peak:188.15M | Scene, ViewLayer | Updating Geometry BVH Cube.241 334/726 | Building mesh BLAS |     188 tris | Cube.241
Fra:1 Mem:365.90M (Peak 412.25M) | Time:00:00.28 | Mem:188.17M, Peak:188.17M | Scene, ViewLayer | Updating Geometry BVH Cube.242 335/726 | Building BVH
Fra:1 Mem:365.90M (Peak 412.25M) | Time:00:00.28 | Mem:188.17M, Peak:188.17M | Scene, ViewLayer | Updating Geometry BVH Cube.243 336/726 | Building BVH
Fra:1 Mem:365.90M (Peak 412.25M) | Time:00:00.28 | Mem:188.17M, Peak:188.17M | Scene, ViewLayer | Updating Geometry BVH Cube.243 336/726 | Building mesh BLAS |     188 tris | Cube.243
Fra:1 Mem:365.90M (Peak 412.25M) | Time:00:00.28 | Mem:188.19M, Peak:188.19M | Scene, ViewLayer | Updating Geometry BVH Cube.244 337/726 | Building BVH
Fra:1 Mem:365.90M (Peak 412.25M) | Time:00:00.28 | Mem:188.19M, Peak:188.19M | Scene, ViewLayer | Updating Geometry BVH Cube.244 337/726 | Building mesh BLAS |     188 tris | Cube.244
Fra:1 Mem:365.90M (Peak 412.25M) | Time:00:00.28 | Mem:188.19M, Peak:188.19M | Scene, ViewLayer | Updating Geometry BVH Cube.245 338/726 | Building BVH
Fra:1 Mem:365.90M (Peak 412.25M) | Time:00:00.28 | Mem:188.19M, Peak:188.19M | Scene, ViewLayer | Updating Geometry BVH Cube.245 338/726 | Building mesh BLAS |     188 tris | Cube.245
Fra:1 Mem:365.90M (Peak 412.25M) | Time:00:00.28 | Mem:188.20M, Peak:188.20M | Scene, ViewLayer | Updating Geometry BVH Cube.246 339/726 | Building BVH
Fra:1 Mem:365.90M (Peak 412.25M) | Time:00:00.28 | Mem:188.20M, Peak:188.20M | Scene, ViewLayer | Updating Geometry BVH Cube.246 339/726 | Building mesh BLAS |     188 tris | Cube.246
Fra:1 Mem:365.90M (Peak 412.25M) | Time:00:00.28 | Mem:188.22M, Peak:188.22M | Scene, ViewLayer | Updating Geometry BVH Raised standing seam.067 707/726 | Building BVH
Fra:1 Mem:365.90M (Peak 412.25M) | Time:00:00.28 | Mem:188.22M, Peak:188.22M | Scene, ViewLayer | Updating Geometry BVH Cube.247 340/726 | Building BVH
Fra:1 Mem:365.90M (Peak 412.25M) | Time:00:00.28 | Mem:188.22M, Peak:188.22M | Scene, ViewLayer | Updating Geometry BVH Cube.248 341/726 | Building BVH
Fra:1 Mem:365.90M (Peak 412.25M) | Time:00:00.28 | Mem:188.22M, Peak:188.22M | Scene, ViewLayer | Updating Geometry BVH Cube.249 342/726 | Building BVH
Fra:1 Mem:365.90M (Peak 412.25M) | Time:00:00.28 | Mem:188.22M, Peak:188.22M | Scene, ViewLayer | Updating Geometry BVH Cube.249 342/726 | Building mesh BLAS |     188 tris | Cube.248
Fra:1 Mem:365.90M (Peak 412.25M) | Time:00:00.28 | Mem:188.22M, Peak:188.22M | Scene, ViewLayer | Updating Geometry BVH Cube.250 343/726 | Building BVH
Fra:1 Mem:365.90M (Peak 412.25M) | Time:00:00.28 | Mem:188.22M, Peak:188.22M | Scene, ViewLayer | Updating Geometry BVH Cube.250 343/726 | Building mesh BLAS |     188 tris | Cube.250
Fra:1 Mem:365.90M (Peak 412.25M) | Time:00:00.28 | Mem:188.22M, Peak:188.22M | Scene, ViewLayer | Updating Geometry BVH Cube.250 343/726 | Building mesh BLAS |     188 tris | Cube.249
Fra:1 Mem:365.90M (Peak 412.25M) | Time:00:00.28 | Mem:188.22M, Peak:188.22M | Scene, ViewLayer | Updating Geometry BVH Cube.251 344/726 | Building BVH
Fra:1 Mem:365.90M (Peak 412.25M) | Time:00:00.28 | Mem:188.22M, Peak:188.22M | Scene, ViewLayer | Updating Geometry BVH Cube.251 344/726 | Building mesh BLAS |     188 tris | Cube.251
Fra:1 Mem:365.90M (Peak 412.25M) | Time:00:00.28 | Mem:188.23M, Peak:188.23M | Scene, ViewLayer | Updating Geometry BVH Cube.252 345/726 | Building BVH
Fra:1 Mem:365.90M (Peak 412.25M) | Time:00:00.28 | Mem:188.23M, Peak:188.23M | Scene, ViewLayer | Updating Geometry BVH Cube.252 345/726 | Building mesh BLAS |     188 tris | Cube.252
Fra:1 Mem:365.90M (Peak 412.25M) | Time:00:00.28 | Mem:188.23M, Peak:188.23M | Scene, ViewLayer | Updating Geometry BVH Cube.253 346/726 | Building BVH
Fra:1 Mem:365.90M (Peak 412.25M) | Time:00:00.28 | Mem:188.23M, Peak:188.23M | Scene, ViewLayer | Updating Geometry BVH Cube.253 346/726 | Building mesh BLAS |     188 tris | Cube.253
Fra:1 Mem:365.90M (Peak 412.25M) | Time:00:00.28 | Mem:188.25M, Peak:188.25M | Scene, ViewLayer | Updating Geometry BVH Cube.254 347/726 | Building BVH
Fra:1 Mem:365.90M (Peak 412.25M) | Time:00:00.28 | Mem:188.25M, Peak:188.25M | Scene, ViewLayer | Updating Geometry BVH Cube.255 348/726 | Building BVH
Fra:1 Mem:365.90M (Peak 412.25M) | Time:00:00.28 | Mem:188.25M, Peak:188.25M | Scene, ViewLayer | Updating Geometry BVH Cylinder.090 349/726 | Building mesh BLAS |     188 tris | Cube.254
Fra:1 Mem:365.90M (Peak 412.25M) | Time:00:00.28 | Mem:188.25M, Peak:188.25M | Scene, ViewLayer | Updating Geometry BVH Sphere.002 350/726 | Building BVH
Fra:1 Mem:365.90M (Peak 412.25M) | Time:00:00.28 | Mem:188.32M, Peak:188.32M | Scene, ViewLayer | Updating Geometry BVH Sphere.002 350/726 | Building mesh BLAS |      60 tris | Cylinder.090
Fra:1 Mem:365.90M (Peak 412.25M) | Time:00:00.28 | Mem:188.32M, Peak:188.32M | Scene, ViewLayer | Updating Geometry BVH Cube.256 351/726 | Building BVH
Fra:1 Mem:365.90M (Peak 412.25M) | Time:00:00.28 | Mem:188.32M, Peak:188.32M | Scene, ViewLayer | Updating Geometry BVH Cube.256 351/726 | Building mesh BLAS |     528 tris | Sphere.002
Fra:1 Mem:365.90M (Peak 412.25M) | Time:00:00.28 | Mem:188.32M, Peak:188.32M | Scene, ViewLayer | Updating Geometry BVH Cube.256 351/726 | Building mesh BLAS |     188 tris | Cube.256
Fra:1 Mem:365.90M (Peak 412.25M) | Time:00:00.28 | Mem:188.33M, Peak:188.33M | Scene, ViewLayer | Updating Geometry BVH Cube.257 352/726 | Building BVH
Fra:1 Mem:365.90M (Peak 412.25M) | Time:00:00.28 | Mem:188.33M, Peak:188.33M | Scene, ViewLayer | Updating Geometry BVH Cube.257 352/726 | Building mesh BLAS |     188 tris | Cube.257
Fra:1 Mem:365.90M (Peak 412.25M) | Time:00:00.28 | Mem:188.33M, Peak:188.33M | Scene, ViewLayer | Updating Geometry BVH Cube.258 353/726 | Building BVH
Fra:1 Mem:365.90M (Peak 412.25M) | Time:00:00.28 | Mem:188.33M, Peak:188.33M | Scene, ViewLayer | Updating Geometry BVH Cube.259 354/726 | Building BVH
Fra:1 Mem:365.90M (Peak 412.25M) | Time:00:00.28 | Mem:188.33M, Peak:188.33M | Scene, ViewLayer | Updating Geometry BVH Cube.259 354/726 | Building mesh BLAS |     188 tris | Cube.258
Fra:1 Mem:365.90M (Peak 412.25M) | Time:00:00.28 | Mem:188.33M, Peak:188.33M | Scene, ViewLayer | Updating Geometry BVH Cube.259 354/726 | Building mesh BLAS |     188 tris | Cube.259
Fra:1 Mem:365.90M (Peak 412.25M) | Time:00:00.28 | Mem:188.34M, Peak:188.34M | Scene, ViewLayer | Updating Geometry BVH Cube.260 355/726 | Building BVH
Fra:1 Mem:365.90M (Peak 412.25M) | Time:00:00.28 | Mem:188.34M, Peak:188.34M | Scene, ViewLayer | Updating Geometry BVH Cube.260 355/726 | Building mesh BLAS |     188 tris | Cube.260
Fra:1 Mem:365.90M (Peak 412.25M) | Time:00:00.28 | Mem:188.35M, Peak:188.35M | Scene, ViewLayer | Updating Geometry BVH Cube.261 356/726 | Building BVH
Fra:1 Mem:365.90M (Peak 412.25M) | Time:00:00.28 | Mem:188.35M, Peak:188.35M | Scene, ViewLayer | Updating Geometry BVH Cube.261 356/726 | Building mesh BLAS |     188 tris | Cube.261
Fra:1 Mem:365.90M (Peak 412.25M) | Time:00:00.28 | Mem:188.36M, Peak:188.36M | Scene, ViewLayer | Updating Geometry BVH Raised standing seam.066 706/726 | Building BVH
Fra:1 Mem:365.90M (Peak 412.25M) | Time:00:00.28 | Mem:188.36M, Peak:188.36M | Scene, ViewLayer | Updating Geometry BVH Raised standing seam.066 706/726 | Building mesh BLAS |    1152 tris | Raised standing seam.066
Fra:1 Mem:365.91M (Peak 412.25M) | Time:00:00.28 | Mem:188.36M, Peak:188.36M | Scene, ViewLayer | Updating Geometry BVH Cube.262 357/726 | Building BVH
Fra:1 Mem:365.91M (Peak 412.25M) | Time:00:00.28 | Mem:188.36M, Peak:188.36M | Scene, ViewLayer | Updating Geometry BVH Cube.262 357/726 | Building mesh BLAS |     188 tris | Cube.262
Fra:1 Mem:365.91M (Peak 412.25M) | Time:00:00.28 | Mem:188.37M, Peak:188.37M | Scene, ViewLayer | Updating Geometry BVH Cube.263 358/726 | Building BVH
Fra:1 Mem:365.91M (Peak 412.25M) | Time:00:00.28 | Mem:188.37M, Peak:188.37M | Scene, ViewLayer | Updating Geometry BVH Cube.263 358/726 | Building mesh BLAS |     188 tris | Cube.263
Fra:1 Mem:365.91M (Peak 412.25M) | Time:00:00.28 | Mem:188.39M, Peak:188.39M | Scene, ViewLayer | Updating Geometry BVH Cube.264 359/726 | Building BVH
Fra:1 Mem:365.91M (Peak 412.25M) | Time:00:00.28 | Mem:188.39M, Peak:188.39M | Scene, ViewLayer | Updating Geometry BVH Cube.265 360/726 | Building BVH
Fra:1 Mem:365.91M (Peak 412.25M) | Time:00:00.28 | Mem:188.39M, Peak:188.39M | Scene, ViewLayer | Updating Geometry BVH Cube.266 361/726 | Building BVH
Fra:1 Mem:365.91M (Peak 412.25M) | Time:00:00.28 | Mem:188.39M, Peak:188.39M | Scene, ViewLayer | Updating Geometry BVH Cube.266 361/726 | Building mesh BLAS |     188 tris | Cube.265
Fra:1 Mem:365.91M (Peak 412.25M) | Time:00:00.28 | Mem:188.39M, Peak:188.39M | Scene, ViewLayer | Updating Geometry BVH Cube.266 361/726 | Building mesh BLAS |     188 tris | Cube.266
Fra:1 Mem:365.91M (Peak 412.25M) | Time:00:00.28 | Mem:188.40M, Peak:188.40M | Scene, ViewLayer | Updating Geometry BVH Cube.267 362/726 | Building BVH
Fra:1 Mem:365.91M (Peak 412.25M) | Time:00:00.28 | Mem:188.42M, Peak:188.42M | Scene, ViewLayer | Updating Geometry BVH Cube.267 362/726 | Building mesh BLAS |     188 tris | Cube.267
Fra:1 Mem:365.91M (Peak 412.25M) | Time:00:00.28 | Mem:188.43M, Peak:188.43M | Scene, ViewLayer | Updating Geometry BVH Cube.268 363/726 | Building BVH
Fra:1 Mem:365.91M (Peak 412.25M) | Time:00:00.28 | Mem:188.43M, Peak:188.43M | Scene, ViewLayer | Updating Geometry BVH Cube.268 363/726 | Building mesh BLAS |     188 tris | Cube.268
Fra:1 Mem:365.91M (Peak 412.25M) | Time:00:00.28 | Mem:188.45M, Peak:188.45M | Scene, ViewLayer | Updating Geometry BVH Cube.269 364/726 | Building BVH
Fra:1 Mem:365.91M (Peak 412.25M) | Time:00:00.28 | Mem:188.45M, Peak:188.45M | Scene, ViewLayer | Updating Geometry BVH Cube.270 365/726 | Building BVH
Fra:1 Mem:365.91M (Peak 412.25M) | Time:00:00.28 | Mem:188.52M, Peak:188.52M | Scene, ViewLayer | Updating Geometry BVH Cube.271 366/726 | Building BVH
Fra:1 Mem:365.91M (Peak 412.25M) | Time:00:00.28 | Mem:188.52M, Peak:188.52M | Scene, ViewLayer | Updating Geometry BVH Cube.272 367/726 | Building mesh BLAS |     188 tris | Cube.271
Fra:1 Mem:365.91M (Peak 412.25M) | Time:00:00.28 | Mem:188.52M, Peak:188.52M | Scene, ViewLayer | Updating Geometry BVH Cube.273 368/726 | Building BVH
Fra:1 Mem:365.91M (Peak 412.25M) | Time:00:00.28 | Mem:188.52M, Peak:188.52M | Scene, ViewLayer | Updating Geometry BVH Cube.274 369/726 | Building BVH
Fra:1 Mem:365.91M (Peak 412.25M) | Time:00:00.28 | Mem:188.52M, Peak:188.52M | Scene, ViewLayer | Updating Geometry BVH Cube.274 369/726 | Building mesh BLAS |     188 tris | Cube.273
Fra:1 Mem:365.91M (Peak 412.25M) | Time:00:00.28 | Mem:188.52M, Peak:188.52M | Scene, ViewLayer | Updating Geometry BVH Cube.274 369/726 | Building mesh BLAS |     188 tris | Cube.274
Fra:1 Mem:365.91M (Peak 412.25M) | Time:00:00.28 | Mem:188.52M, Peak:188.52M | Scene, ViewLayer | Updating Geometry BVH Cube.274 369/726 | Building mesh BLAS |     188 tris | Cube.272
Fra:1 Mem:365.91M (Peak 412.25M) | Time:00:00.28 | Mem:188.53M, Peak:188.53M | Scene, ViewLayer | Updating Geometry BVH Cube.275 370/726 | Building BVH
Fra:1 Mem:365.91M (Peak 412.25M) | Time:00:00.28 | Mem:188.53M, Peak:188.53M | Scene, ViewLayer | Updating Geometry BVH Cube.275 370/726 | Building mesh BLAS |     188 tris | Cube.275
Fra:1 Mem:365.91M (Peak 412.25M) | Time:00:00.28 | Mem:188.53M, Peak:188.53M | Scene, ViewLayer | Updating Geometry BVH Cube.276 371/726 | Building BVH
Fra:1 Mem:365.91M (Peak 412.25M) | Time:00:00.28 | Mem:188.53M, Peak:188.53M | Scene, ViewLayer | Updating Geometry BVH Cube.276 371/726 | Building mesh BLAS |     188 tris | Cube.276
Fra:1 Mem:365.91M (Peak 412.25M) | Time:00:00.28 | Mem:188.56M, Peak:188.56M | Scene, ViewLayer | Updating Geometry BVH Cube.277 372/726 | Building BVH
Fra:1 Mem:365.91M (Peak 412.25M) | Time:00:00.28 | Mem:188.57M, Peak:188.57M | Scene, ViewLayer | Updating Geometry BVH Cube.277 372/726 | Building mesh BLAS |     188 tris | Cube.277
Fra:1 Mem:365.91M (Peak 412.25M) | Time:00:00.28 | Mem:188.57M, Peak:188.57M | Scene, ViewLayer | Updating Geometry BVH Raised standing seam.065 705/726 | Building BVH
Fra:1 Mem:365.91M (Peak 412.25M) | Time:00:00.28 | Mem:188.57M, Peak:188.57M | Scene, ViewLayer | Updating Geometry BVH Cube.278 373/726 | Building mesh BLAS |    1152 tris | Raised standing seam.065
Fra:1 Mem:365.91M (Peak 412.25M) | Time:00:00.28 | Mem:188.57M, Peak:188.57M | Scene, ViewLayer | Updating Geometry BVH Cube.278 373/726 | Building mesh BLAS |     188 tris | Cube.278
Fra:1 Mem:365.91M (Peak 412.25M) | Time:00:00.28 | Mem:188.58M, Peak:188.58M | Scene, ViewLayer | Updating Geometry BVH Cube.279 374/726 | Building BVH
Fra:1 Mem:365.91M (Peak 412.25M) | Time:00:00.28 | Mem:188.58M, Peak:188.58M | Scene, ViewLayer | Updating Geometry BVH Cube.279 374/726 | Building mesh BLAS |     188 tris | Cube.279
Fra:1 Mem:365.91M (Peak 412.25M) | Time:00:00.28 | Mem:188.59M, Peak:188.59M | Scene, ViewLayer | Updating Geometry BVH Cube.280 375/726 | Building BVH
Fra:1 Mem:365.91M (Peak 412.25M) | Time:00:00.28 | Mem:188.63M, Peak:188.63M | Scene, ViewLayer | Updating Geometry BVH Cube.280 375/726 | Building mesh BLAS |     188 tris | Cube.280
Fra:1 Mem:365.91M (Peak 412.25M) | Time:00:00.28 | Mem:188.63M, Peak:188.63M | Scene, ViewLayer | Updating Geometry BVH Cube.281 376/726 | Building BVH
Fra:1 Mem:365.91M (Peak 412.25M) | Time:00:00.28 | Mem:188.63M, Peak:188.63M | Scene, ViewLayer | Updating Geometry BVH Cube.282 377/726 | Building BVH
Fra:1 Mem:365.91M (Peak 412.25M) | Time:00:00.28 | Mem:188.63M, Peak:188.63M | Scene, ViewLayer | Updating Geometry BVH Cube.283 378/726 | Building BVH
Fra:1 Mem:365.91M (Peak 412.25M) | Time:00:00.28 | Mem:188.63M, Peak:188.63M | Scene, ViewLayer | Updating Geometry BVH Cube.283 378/726 | Building mesh BLAS |     188 tris | Cube.282
Fra:1 Mem:365.91M (Peak 412.25M) | Time:00:00.28 | Mem:188.63M, Peak:188.63M | Scene, ViewLayer | Updating Geometry BVH Cube.283 378/726 | Building mesh BLAS |     188 tris | Cube.283
Fra:1 Mem:365.91M (Peak 412.25M) | Time:00:00.28 | Mem:188.68M, Peak:188.68M | Scene, ViewLayer | Updating Geometry BVH Cube.284 379/726 | Building BVH
Fra:1 Mem:365.91M (Peak 412.25M) | Time:00:00.28 | Mem:188.68M, Peak:188.68M | Scene, ViewLayer | Updating Geometry BVH Cube.284 379/726 | Building mesh BLAS |     188 tris | Cube.284
Fra:1 Mem:365.91M (Peak 412.25M) | Time:00:00.28 | Mem:188.68M, Peak:188.68M | Scene, ViewLayer | Updating Geometry BVH Cube.285 380/726 | Building BVH
Fra:1 Mem:365.91M (Peak 412.25M) | Time:00:00.28 | Mem:188.68M, Peak:188.68M | Scene, ViewLayer | Updating Geometry BVH Cube.285 380/726 | Building mesh BLAS |     188 tris | Cube.285
Fra:1 Mem:365.91M (Peak 412.25M) | Time:00:00.28 | Mem:188.75M, Peak:188.75M | Scene, ViewLayer | Updating Geometry BVH Cube.286 381/726 | Building BVH
Fra:1 Mem:365.91M (Peak 412.25M) | Time:00:00.28 | Mem:188.75M, Peak:188.75M | Scene, ViewLayer | Updating Geometry BVH Cube.286 381/726 | Building mesh BLAS |     188 tris | Cube.286
Fra:1 Mem:365.91M (Peak 412.25M) | Time:00:00.28 | Mem:188.77M, Peak:188.77M | Scene, ViewLayer | Updating Geometry BVH Cube.288 383/726 | Building BVH
Fra:1 Mem:365.91M (Peak 412.25M) | Time:00:00.28 | Mem:188.78M, Peak:188.78M | Scene, ViewLayer | Updating Geometry BVH Cube.289 384/726 | Building BVH
Fra:1 Mem:365.91M (Peak 412.25M) | Time:00:00.28 | Mem:188.78M, Peak:188.78M | Scene, ViewLayer | Updating Geometry BVH Cube.289 384/726 | Building mesh BLAS |     188 tris | Cube.289
Fra:1 Mem:365.91M (Peak 412.25M) | Time:00:00.28 | Mem:188.78M, Peak:188.78M | Scene, ViewLayer | Updating Geometry BVH Cylinder.091 385/726 | Building BVH
Fra:1 Mem:365.91M (Peak 412.25M) | Time:00:00.28 | Mem:188.79M, Peak:188.79M | Scene, ViewLayer | Updating Geometry BVH Sphere.003 386/726 | Building BVH
Fra:1 Mem:365.91M (Peak 412.25M) | Time:00:00.28 | Mem:188.79M, Peak:188.79M | Scene, ViewLayer | Updating Geometry BVH Sphere.003 386/726 | Building mesh BLAS |     188 tris | Cube.287
Fra:1 Mem:365.91M (Peak 412.25M) | Time:00:00.28 | Mem:188.79M, Peak:188.79M | Scene, ViewLayer | Updating Geometry BVH Sphere.003 386/726 | Building mesh BLAS |      60 tris | Cylinder.091
Fra:1 Mem:365.91M (Peak 412.25M) | Time:00:00.28 | Mem:188.80M, Peak:188.80M | Scene, ViewLayer | Updating Geometry BVH Cube.291 388/726 | Building BVH
Fra:1 Mem:365.91M (Peak 412.25M) | Time:00:00.28 | Mem:188.80M, Peak:188.80M | Scene, ViewLayer | Updating Geometry BVH Cube.291 388/726 | Building mesh BLAS |     188 tris | Cube.290
Fra:1 Mem:365.91M (Peak 412.25M) | Time:00:00.28 | Mem:188.80M, Peak:188.80M | Scene, ViewLayer | Updating Geometry BVH Cube.291 388/726 | Building mesh BLAS |     188 tris | Cube.291
Fra:1 Mem:365.91M (Peak 412.25M) | Time:00:00.28 | Mem:188.81M, Peak:188.81M | Scene, ViewLayer | Updating Geometry BVH Raised standing seam.064 704/726 | Building BVH
Fra:1 Mem:365.91M (Peak 412.25M) | Time:00:00.28 | Mem:188.81M, Peak:188.81M | Scene, ViewLayer | Updating Geometry BVH Raised standing seam.064 704/726 | Building mesh BLAS |    1152 tris | Raised standing seam.064
Fra:1 Mem:365.91M (Peak 412.25M) | Time:00:00.28 | Mem:188.81M, Peak:188.81M | Scene, ViewLayer | Updating Geometry BVH Cube.292 389/726 | Building BVH
Fra:1 Mem:365.91M (Peak 412.25M) | Time:00:00.28 | Mem:188.81M, Peak:188.81M | Scene, ViewLayer | Updating Geometry BVH Cube.292 389/726 | Building mesh BLAS |     188 tris | Cube.292
Fra:1 Mem:365.91M (Peak 412.25M) | Time:00:00.28 | Mem:188.83M, Peak:188.83M | Scene, ViewLayer | Updating Geometry BVH Cube.293 390/726 | Building BVH
Fra:1 Mem:365.91M (Peak 412.25M) | Time:00:00.28 | Mem:188.83M, Peak:188.83M | Scene, ViewLayer | Updating Geometry BVH Cube.294 391/726 | Building mesh BLAS |     188 tris | Cube.293
Fra:1 Mem:365.91M (Peak 412.25M) | Time:00:00.28 | Mem:188.83M, Peak:188.83M | Scene, ViewLayer | Updating Geometry BVH Cube.294 391/726 | Building mesh BLAS |     188 tris | Cube.294
Fra:1 Mem:365.91M (Peak 412.25M) | Time:00:00.28 | Mem:188.86M, Peak:188.86M | Scene, ViewLayer | Updating Geometry BVH Cube.295 392/726 | Building BVH
Fra:1 Mem:365.91M (Peak 412.25M) | Time:00:00.28 | Mem:188.86M, Peak:188.86M | Scene, ViewLayer | Updating Geometry BVH Cube.295 392/726 | Building mesh BLAS |     188 tris | Cube.295
Fra:1 Mem:365.91M (Peak 412.25M) | Time:00:00.28 | Mem:188.86M, Peak:188.86M | Scene, ViewLayer | Updating Geometry BVH Cube.296 393/726 | Building BVH
Fra:1 Mem:365.91M (Peak 412.25M) | Time:00:00.28 | Mem:188.86M, Peak:188.86M | Scene, ViewLayer | Updating Geometry BVH Cube.296 393/726 | Building mesh BLAS |     188 tris | Cube.296
Fra:1 Mem:365.91M (Peak 412.25M) | Time:00:00.28 | Mem:188.86M, Peak:188.86M | Scene, ViewLayer | Updating Geometry BVH Cube.297 394/726 | Building BVH
Fra:1 Mem:365.91M (Peak 412.25M) | Time:00:00.28 | Mem:188.86M, Peak:188.86M | Scene, ViewLayer | Updating Geometry BVH Cube.297 394/726 | Building mesh BLAS |     188 tris | Cube.297
Fra:1 Mem:365.91M (Peak 412.25M) | Time:00:00.28 | Mem:188.86M, Peak:188.86M | Scene, ViewLayer | Updating Geometry BVH Cube.298 395/726 | Building BVH
Fra:1 Mem:365.91M (Peak 412.25M) | Time:00:00.28 | Mem:188.86M, Peak:188.86M | Scene, ViewLayer | Updating Geometry BVH Cube.298 395/726 | Building mesh BLAS |     188 tris | Cube.298
Fra:1 Mem:365.91M (Peak 412.25M) | Time:00:00.28 | Mem:188.88M, Peak:188.88M | Scene, ViewLayer | Updating Geometry BVH Cube.299 396/726 | Building BVH
Fra:1 Mem:365.91M (Peak 412.25M) | Time:00:00.28 | Mem:188.88M, Peak:188.88M | Scene, ViewLayer | Updating Geometry BVH Cube.299 396/726 | Building mesh BLAS |     188 tris | Cube.299
Fra:1 Mem:365.91M (Peak 412.25M) | Time:00:00.28 | Mem:188.88M, Peak:188.88M | Scene, ViewLayer | Updating Geometry BVH Cube.300 397/726 | Building BVH
Fra:1 Mem:365.91M (Peak 412.25M) | Time:00:00.28 | Mem:188.88M, Peak:188.88M | Scene, ViewLayer | Updating Geometry BVH Cube.300 397/726 | Building mesh BLAS |     188 tris | Cube.300
Fra:1 Mem:365.91M (Peak 412.25M) | Time:00:00.28 | Mem:188.97M, Peak:188.97M | Scene, ViewLayer | Updating Geometry BVH Cube.301 398/726 | Building BVH
Fra:1 Mem:365.91M (Peak 412.25M) | Time:00:00.28 | Mem:188.98M, Peak:188.98M | Scene, ViewLayer | Updating Geometry BVH Cube.301 398/726 | Building mesh BLAS |     188 tris | Cube.301
Fra:1 Mem:365.91M (Peak 412.25M) | Time:00:00.28 | Mem:188.98M, Peak:188.98M | Scene, ViewLayer | Updating Geometry BVH Cube.302 399/726 | Building BVH
Fra:1 Mem:365.91M (Peak 412.25M) | Time:00:00.28 | Mem:188.98M, Peak:188.98M | Scene, ViewLayer | Updating Geometry BVH Cube.302 399/726 | Building mesh BLAS |     188 tris | Cube.302
Fra:1 Mem:365.91M (Peak 412.25M) | Time:00:00.28 | Mem:188.98M, Peak:188.98M | Scene, ViewLayer | Updating Geometry BVH Cube.303 400/726 | Building BVH
Fra:1 Mem:365.91M (Peak 412.25M) | Time:00:00.28 | Mem:188.98M, Peak:188.98M | Scene, ViewLayer | Updating Geometry BVH Cube.303 400/726 | Building mesh BLAS |     188 tris | Cube.303
Fra:1 Mem:365.91M (Peak 412.25M) | Time:00:00.28 | Mem:189.00M, Peak:189.00M | Scene, ViewLayer | Updating Geometry BVH Cube.304 401/726 | Building BVH
Fra:1 Mem:365.91M (Peak 412.25M) | Time:00:00.28 | Mem:189.00M, Peak:189.00M | Scene, ViewLayer | Updating Geometry BVH Cube.304 401/726 | Building mesh BLAS |     188 tris | Cube.304
Fra:1 Mem:365.91M (Peak 412.25M) | Time:00:00.28 | Mem:189.00M, Peak:189.00M | Scene, ViewLayer | Updating Geometry BVH Cube.305 402/726 | Building BVH
Fra:1 Mem:365.91M (Peak 412.25M) | Time:00:00.28 | Mem:189.00M, Peak:189.00M | Scene, ViewLayer | Updating Geometry BVH Cube.305 402/726 | Building mesh BLAS |     188 tris | Cube.305
Fra:1 Mem:365.91M (Peak 412.25M) | Time:00:00.28 | Mem:189.02M, Peak:189.02M | Scene, ViewLayer | Updating Geometry BVH Cube.306 403/726 | Building BVH
Fra:1 Mem:365.91M (Peak 412.25M) | Time:00:00.28 | Mem:189.02M, Peak:189.02M | Scene, ViewLayer | Updating Geometry BVH Cube.307 404/726 | Building BVH
Fra:1 Mem:365.91M (Peak 412.25M) | Time:00:00.28 | Mem:189.03M, Peak:189.03M | Scene, ViewLayer | Updating Geometry BVH Cube.307 404/726 | Building mesh BLAS |     188 tris | Cube.306
Fra:1 Mem:365.91M (Peak 412.25M) | Time:00:00.28 | Mem:189.03M, Peak:189.03M | Scene, ViewLayer | Updating Geometry BVH Cube.308 405/726 | Building BVH
Fra:1 Mem:365.91M (Peak 412.25M) | Time:00:00.28 | Mem:189.03M, Peak:189.03M | Scene, ViewLayer | Updating Geometry BVH Cube.308 405/726 | Building mesh BLAS |     188 tris | Cube.308
Fra:1 Mem:365.91M (Peak 412.25M) | Time:00:00.28 | Mem:189.03M, Peak:189.03M | Scene, ViewLayer | Updating Geometry BVH Summit lantern copper dome 703/726 | Building BVH
Fra:1 Mem:365.91M (Peak 412.25M) | Time:00:00.28 | Mem:189.03M, Peak:189.03M | Scene, ViewLayer | Updating Geometry BVH Cube.309 406/726 | Building BVH
Fra:1 Mem:365.91M (Peak 412.25M) | Time:00:00.28 | Mem:189.08M, Peak:189.08M | Scene, ViewLayer | Updating Geometry BVH Cube.309 406/726 | Building mesh BLAS |     188 tris | Cube.309
Fra:1 Mem:365.91M (Peak 412.25M) | Time:00:00.28 | Mem:189.09M, Peak:189.09M | Scene, ViewLayer | Updating Geometry BVH Cube.310 407/726 | Building BVH
Fra:1 Mem:365.91M (Peak 412.25M) | Time:00:00.28 | Mem:189.09M, Peak:189.09M | Scene, ViewLayer | Updating Geometry BVH Cube.310 407/726 | Building mesh BLAS |     188 tris | Cube.310
Fra:1 Mem:365.91M (Peak 412.25M) | Time:00:00.28 | Mem:189.09M, Peak:189.09M | Scene, ViewLayer | Updating Geometry BVH Cube.311 408/726 | Building mesh BLAS |   13824 tris | Summit lantern copper dome
Fra:1 Mem:365.91M (Peak 412.25M) | Time:00:00.28 | Mem:189.09M, Peak:189.09M | Scene, ViewLayer | Updating Geometry BVH Cube.312 409/726 | Building BVH
Fra:1 Mem:365.91M (Peak 412.25M) | Time:00:00.28 | Mem:189.09M, Peak:189.09M | Scene, ViewLayer | Updating Geometry BVH Cube.312 409/726 | Building mesh BLAS |     188 tris | Cube.311
Fra:1 Mem:365.91M (Peak 412.25M) | Time:00:00.28 | Mem:189.09M, Peak:189.09M | Scene, ViewLayer | Updating Geometry BVH Cube.312 409/726 | Building mesh BLAS |     188 tris | Cube.312
Fra:1 Mem:365.91M (Peak 412.25M) | Time:00:00.28 | Mem:189.09M, Peak:189.09M | Scene, ViewLayer | Updating Geometry BVH Cube.313 410/726 | Building BVH
Fra:1 Mem:365.91M (Peak 412.25M) | Time:00:00.28 | Mem:189.09M, Peak:189.09M | Scene, ViewLayer | Updating Geometry BVH Cube.313 410/726 | Building mesh BLAS |     188 tris | Cube.313
Fra:1 Mem:365.91M (Peak 412.25M) | Time:00:00.28 | Mem:189.10M, Peak:189.10M | Scene, ViewLayer | Updating Geometry BVH Cube.314 411/726 | Building BVH
Fra:1 Mem:365.91M (Peak 412.25M) | Time:00:00.28 | Mem:189.12M, Peak:189.12M | Scene, ViewLayer | Updating Geometry BVH Cube.314 411/726 | Building mesh BLAS |     188 tris | Cube.314
Fra:1 Mem:365.91M (Peak 412.25M) | Time:00:00.28 | Mem:189.13M, Peak:189.13M | Scene, ViewLayer | Updating Geometry BVH Cube.315 412/726 | Building BVH
Fra:1 Mem:365.91M (Peak 412.25M) | Time:00:00.28 | Mem:189.13M, Peak:189.13M | Scene, ViewLayer | Updating Geometry BVH Cube.316 413/726 | Building BVH
Fra:1 Mem:365.91M (Peak 412.25M) | Time:00:00.28 | Mem:189.13M, Peak:189.13M | Scene, ViewLayer | Updating Geometry BVH Cube.317 414/726 | Building mesh BLAS |     188 tris | Cube.315
Fra:1 Mem:365.91M (Peak 412.25M) | Time:00:00.28 | Mem:189.13M, Peak:189.13M | Scene, ViewLayer | Updating Geometry BVH Cube.317 414/726 | Building mesh BLAS |     188 tris | Cube.316
Fra:1 Mem:365.91M (Peak 412.25M) | Time:00:00.28 | Mem:189.13M, Peak:189.13M | Scene, ViewLayer | Updating Geometry BVH Cube.317 414/726 | Building mesh BLAS |     188 tris | Cube.317
Fra:1 Mem:365.91M (Peak 412.25M) | Time:00:00.28 | Mem:189.21M, Peak:189.21M | Scene, ViewLayer | Updating Geometry BVH Cube.318 415/726 | Building BVH
Fra:1 Mem:365.91M (Peak 412.25M) | Time:00:00.28 | Mem:189.23M, Peak:189.23M | Scene, ViewLayer | Updating Geometry BVH Cube.319 416/726 | Building BVH
Fra:1 Mem:365.91M (Peak 412.25M) | Time:00:00.28 | Mem:189.24M, Peak:189.24M | Scene, ViewLayer | Updating Geometry BVH Cylinder.092 417/726 | Building BVH
Fra:1 Mem:365.91M (Peak 412.25M) | Time:00:00.28 | Mem:189.24M, Peak:189.24M | Scene, ViewLayer | Updating Geometry BVH Cylinder.093 418/726 | Building mesh BLAS |     188 tris | Cube.319
Fra:1 Mem:365.91M (Peak 412.25M) | Time:00:00.28 | Mem:189.24M, Peak:189.24M | Scene, ViewLayer | Updating Geometry BVH Cylinder.093 418/726 | Building mesh BLAS |      60 tris | Cylinder.092
Fra:1 Mem:365.91M (Peak 412.25M) | Time:00:00.28 | Mem:189.24M, Peak:189.24M | Scene, ViewLayer | Updating Geometry BVH Cylinder.093 418/726 | Building mesh BLAS |      60 tris | Cylinder.093
Fra:1 Mem:365.91M (Peak 412.25M) | Time:00:00.28 | Mem:189.24M, Peak:189.24M | Scene, ViewLayer | Updating Geometry BVH Cylinder.094 419/726 | Building BVH
Fra:1 Mem:365.91M (Peak 412.25M) | Time:00:00.28 | Mem:189.24M, Peak:189.24M | Scene, ViewLayer | Updating Geometry BVH Cylinder.094 419/726 | Building mesh BLAS |      60 tris | Cylinder.094
Fra:1 Mem:365.91M (Peak 412.25M) | Time:00:00.28 | Mem:189.26M, Peak:189.26M | Scene, ViewLayer | Updating Geometry BVH Cylinder.095 420/726 | Building BVH
Fra:1 Mem:365.91M (Peak 412.25M) | Time:00:00.28 | Mem:189.27M, Peak:189.27M | Scene, ViewLayer | Updating Geometry BVH Cylinder.096 421/726 | Building BVH
Fra:1 Mem:365.91M (Peak 412.25M) | Time:00:00.28 | Mem:189.28M, Peak:189.28M | Scene, ViewLayer | Updating Geometry BVH Cylinder.096 421/726 | Building mesh BLAS |      60 tris | Cylinder.095
Fra:1 Mem:365.91M (Peak 412.25M) | Time:00:00.28 | Mem:189.28M, Peak:189.28M | Scene, ViewLayer | Updating Geometry BVH Cylinder.096 421/726 | Building mesh BLAS |      60 tris | Cylinder.096
Fra:1 Mem:365.91M (Peak 412.25M) | Time:00:00.28 | Mem:189.28M, Peak:189.28M | Scene, ViewLayer | Updating Geometry BVH Cylinder.097 422/726 | Building BVH
Fra:1 Mem:365.91M (Peak 412.25M) | Time:00:00.28 | Mem:189.28M, Peak:189.28M | Scene, ViewLayer | Updating Geometry BVH Cylinder.097 422/726 | Building mesh BLAS |      60 tris | Cylinder.097
Fra:1 Mem:365.91M (Peak 412.25M) | Time:00:00.28 | Mem:189.29M, Peak:189.29M | Scene, ViewLayer | Updating Geometry BVH Cylinder.098 423/726 | Building BVH
Fra:1 Mem:365.91M (Peak 412.25M) | Time:00:00.28 | Mem:189.29M, Peak:189.29M | Scene, ViewLayer | Updating Geometry BVH Cylinder.098 423/726 | Building mesh BLAS |      60 tris | Cylinder.098
Fra:1 Mem:365.91M (Peak 412.25M) | Time:00:00.28 | Mem:189.29M, Peak:189.29M | Scene, ViewLayer | Updating Geometry BVH Cylinder.099 424/726 | Building BVH
Fra:1 Mem:365.91M (Peak 412.25M) | Time:00:00.28 | Mem:189.29M, Peak:189.29M | Scene, ViewLayer | Updating Geometry BVH Cylinder.099 424/726 | Building mesh BLAS |      60 tris | Cylinder.099
Fra:1 Mem:365.91M (Peak 412.25M) | Time:00:00.28 | Mem:189.32M, Peak:189.32M | Scene, ViewLayer | Updating Geometry BVH Cylinder.100 425/726 | Building BVH
Fra:1 Mem:365.91M (Peak 412.25M) | Time:00:00.28 | Mem:189.32M, Peak:189.32M | Scene, ViewLayer | Updating Geometry BVH Summit lantern arch.003 702/726 | Building BVH
Fra:1 Mem:365.91M (Peak 412.25M) | Time:00:00.28 | Mem:189.32M, Peak:189.32M | Scene, ViewLayer | Updating Geometry BVH Cylinder.101 426/726 | Building BVH
Fra:1 Mem:365.91M (Peak 412.25M) | Time:00:00.28 | Mem:189.32M, Peak:189.32M | Scene, ViewLayer | Updating Geometry BVH Cylinder.102 427/726 | Building BVH
Fra:1 Mem:365.91M (Peak 412.25M) | Time:00:00.28 | Mem:189.32M, Peak:189.32M | Scene, ViewLayer | Updating Geometry BVH Cylinder.102 427/726 | Building mesh BLAS |      60 tris | Cylinder.101
Fra:1 Mem:365.91M (Peak 412.25M) | Time:00:00.28 | Mem:189.32M, Peak:189.32M | Scene, ViewLayer | Updating Geometry BVH Cylinder.102 427/726 | Building mesh BLAS |      60 tris | Cylinder.102
Fra:1 Mem:365.91M (Peak 412.25M) | Time:00:00.28 | Mem:189.34M, Peak:189.34M | Scene, ViewLayer | Updating Geometry BVH Cylinder.103 428/726 | Building BVH
Fra:1 Mem:365.91M (Peak 412.25M) | Time:00:00.28 | Mem:189.34M, Peak:189.34M | Scene, ViewLayer | Updating Geometry BVH Cylinder.103 428/726 | Building mesh BLAS |      60 tris | Cylinder.103
Fra:1 Mem:365.91M (Peak 412.25M) | Time:00:00.28 | Mem:189.35M, Peak:189.35M | Scene, ViewLayer | Updating Geometry BVH Cylinder.104 429/726 | Building BVH
Fra:1 Mem:365.91M (Peak 412.25M) | Time:00:00.28 | Mem:189.42M, Peak:189.42M | Scene, ViewLayer | Updating Geometry BVH Cylinder.105 430/726 | Building BVH
Fra:1 Mem:365.91M (Peak 412.25M) | Time:00:00.28 | Mem:189.42M, Peak:189.42M | Scene, ViewLayer | Updating Geometry BVH Cylinder.105 430/726 | Building mesh BLAS |      60 tris | Cylinder.104
Fra:1 Mem:365.91M (Peak 412.25M) | Time:00:00.28 | Mem:189.42M, Peak:189.42M | Scene, ViewLayer | Updating Geometry BVH Cylinder.105 430/726 | Building mesh BLAS |      60 tris | Cylinder.105
Fra:1 Mem:365.91M (Peak 412.25M) | Time:00:00.28 | Mem:189.42M, Peak:189.42M | Scene, ViewLayer | Updating Geometry BVH Cylinder.106 431/726 | Building BVH
Fra:1 Mem:365.91M (Peak 412.25M) | Time:00:00.28 | Mem:189.42M, Peak:189.42M | Scene, ViewLayer | Updating Geometry BVH Cylinder.106 431/726 | Building mesh BLAS |      60 tris | Cylinder.106
Fra:1 Mem:365.91M (Peak 412.25M) | Time:00:00.28 | Mem:189.44M, Peak:189.44M | Scene, ViewLayer | Updating Geometry BVH Cylinder.107 432/726 | Building BVH
Fra:1 Mem:365.91M (Peak 412.25M) | Time:00:00.28 | Mem:189.44M, Peak:189.44M | Scene, ViewLayer | Updating Geometry BVH Cylinder.107 432/726 | Building mesh BLAS |      60 tris | Cylinder.107
Fra:1 Mem:365.91M (Peak 412.25M) | Time:00:00.28 | Mem:189.44M, Peak:189.44M | Scene, ViewLayer | Updating Geometry BVH Cylinder.108 433/726 | Building BVH
Fra:1 Mem:365.91M (Peak 412.25M) | Time:00:00.28 | Mem:189.44M, Peak:189.44M | Scene, ViewLayer | Updating Geometry BVH Cylinder.109 434/726 | Building BVH
Fra:1 Mem:365.91M (Peak 412.25M) | Time:00:00.28 | Mem:189.44M, Peak:189.44M | Scene, ViewLayer | Updating Geometry BVH Cylinder.109 434/726 | Building mesh BLAS |      60 tris | Cylinder.108
Fra:1 Mem:365.91M (Peak 412.25M) | Time:00:00.28 | Mem:189.44M, Peak:189.44M | Scene, ViewLayer | Updating Geometry BVH Cylinder.109 434/726 | Building mesh BLAS |      60 tris | Cylinder.109
Fra:1 Mem:365.91M (Peak 412.25M) | Time:00:00.28 | Mem:189.46M, Peak:189.46M | Scene, ViewLayer | Updating Geometry BVH Cylinder.110 435/726 | Building BVH
Fra:1 Mem:365.91M (Peak 412.25M) | Time:00:00.28 | Mem:189.46M, Peak:189.46M | Scene, ViewLayer | Updating Geometry BVH Cylinder.111 436/726 | Building BVH
Fra:1 Mem:365.91M (Peak 412.25M) | Time:00:00.28 | Mem:189.46M, Peak:189.46M | Scene, ViewLayer | Updating Geometry BVH Cylinder.111 436/726 | Building mesh BLAS |      60 tris | Cylinder.110
Fra:1 Mem:365.91M (Peak 412.25M) | Time:00:00.28 | Mem:189.47M, Peak:189.47M | Scene, ViewLayer | Updating Geometry BVH Cylinder.111 436/726 | Building mesh BLAS |      60 tris | Cylinder.111
Fra:1 Mem:365.91M (Peak 412.25M) | Time:00:00.28 | Mem:189.47M, Peak:189.47M | Scene, ViewLayer | Updating Geometry BVH Cylinder.112 437/726 | Building BVH
Fra:1 Mem:365.91M (Peak 412.25M) | Time:00:00.28 | Mem:189.47M, Peak:189.47M | Scene, ViewLayer | Updating Geometry BVH Cylinder.112 437/726 | Building mesh BLAS |      60 tris | Cylinder.112
Fra:1 Mem:365.91M (Peak 412.25M) | Time:00:00.28 | Mem:189.48M, Peak:189.48M | Scene, ViewLayer | Updating Geometry BVH Cylinder.113 438/726 | Building BVH
Fra:1 Mem:365.91M (Peak 412.25M) | Time:00:00.28 | Mem:189.48M, Peak:189.48M | Scene, ViewLayer | Updating Geometry BVH Cylinder.113 438/726 | Building mesh BLAS |      60 tris | Cylinder.113
Fra:1 Mem:365.91M (Peak 412.25M) | Time:00:00.28 | Mem:189.49M, Peak:189.49M | Scene, ViewLayer | Updating Geometry BVH Cylinder.114 439/726 | Building BVH
Fra:1 Mem:365.91M (Peak 412.25M) | Time:00:00.28 | Mem:189.49M, Peak:189.49M | Scene, ViewLayer | Updating Geometry BVH Cylinder.115 440/726 | Building BVH
Fra:1 Mem:365.91M (Peak 412.25M) | Time:00:00.28 | Mem:189.49M, Peak:189.49M | Scene, ViewLayer | Updating Geometry BVH Cylinder.115 440/726 | Building mesh BLAS |      60 tris | Cylinder.114
Fra:1 Mem:365.91M (Peak 412.25M) | Time:00:00.28 | Mem:189.49M, Peak:189.49M | Scene, ViewLayer | Updating Geometry BVH Cylinder.115 440/726 | Building mesh BLAS |      60 tris | Cylinder.115
Fra:1 Mem:365.91M (Peak 412.25M) | Time:00:00.28 | Mem:189.49M, Peak:189.49M | Scene, ViewLayer | Updating Geometry BVH Cylinder.116 441/726 | Building BVH
Fra:1 Mem:365.91M (Peak 412.25M) | Time:00:00.28 | Mem:189.49M, Peak:189.49M | Scene, ViewLayer | Updating Geometry BVH Cylinder.116 441/726 | Building mesh BLAS |      60 tris | Cylinder.116
Fra:1 Mem:365.91M (Peak 412.25M) | Time:00:00.28 | Mem:189.53M, Peak:189.53M | Scene, ViewLayer | Updating Geometry BVH Cube.320 442/726 | Building BVH
Fra:1 Mem:365.91M (Peak 412.25M) | Time:00:00.28 | Mem:189.53M, Peak:189.53M | Scene, ViewLayer | Updating Geometry BVH Summit lantern arch.002 701/726 | Building BVH
Fra:1 Mem:365.91M (Peak 412.25M) | Time:00:00.28 | Mem:189.54M, Peak:189.54M | Scene, ViewLayer | Updating Geometry BVH Cube.321 443/726 | Building BVH
Fra:1 Mem:365.91M (Peak 412.25M) | Time:00:00.28 | Mem:189.54M, Peak:189.54M | Scene, ViewLayer | Updating Geometry BVH Cube.321 443/726 | Building mesh BLAS |     188 tris | Cube.321
Fra:1 Mem:365.91M (Peak 412.25M) | Time:00:00.28 | Mem:189.55M, Peak:189.55M | Scene, ViewLayer | Updating Geometry BVH Cube.321 443/726 | Building mesh BLAS |    1692 tris | Summit lantern arch.002
Fra:1 Mem:365.91M (Peak 412.25M) | Time:00:00.28 | Mem:189.56M, Peak:189.56M | Scene, ViewLayer | Updating Geometry BVH Cube.322 444/726 | Building BVH
Fra:1 Mem:365.91M (Peak 412.25M) | Time:00:00.28 | Mem:189.57M, Peak:189.57M | Scene, ViewLayer | Updating Geometry BVH Cube.323 445/726 | Building BVH
Fra:1 Mem:365.91M (Peak 412.25M) | Time:00:00.28 | Mem:189.57M, Peak:189.57M | Scene, ViewLayer | Updating Geometry BVH Cube.323 445/726 | Building mesh BLAS |     188 tris | Cube.322
Fra:1 Mem:365.91M (Peak 412.25M) | Time:00:00.28 | Mem:189.57M, Peak:189.57M | Scene, ViewLayer | Updating Geometry BVH Cube.323 445/726 | Building mesh BLAS |     188 tris | Cube.323
Fra:1 Mem:365.91M (Peak 412.25M) | Time:00:00.28 | Mem:189.58M, Peak:189.58M | Scene, ViewLayer | Updating Geometry BVH Cube.324 446/726 | Building BVH
Fra:1 Mem:365.91M (Peak 412.25M) | Time:00:00.28 | Mem:189.58M, Peak:189.58M | Scene, ViewLayer | Updating Geometry BVH Cube.325 447/726 | Building BVH
Fra:1 Mem:365.91M (Peak 412.25M) | Time:00:00.28 | Mem:189.58M, Peak:189.58M | Scene, ViewLayer | Updating Geometry BVH Cube.326 448/726 | Building BVH
Fra:1 Mem:365.91M (Peak 412.25M) | Time:00:00.28 | Mem:189.58M, Peak:189.58M | Scene, ViewLayer | Updating Geometry BVH Cube.326 448/726 | Building mesh BLAS |     188 tris | Cube.325
Fra:1 Mem:365.91M (Peak 412.25M) | Time:00:00.28 | Mem:189.58M, Peak:189.58M | Scene, ViewLayer | Updating Geometry BVH Cube.326 448/726 | Building mesh BLAS |     188 tris | Cube.326
Fra:1 Mem:365.91M (Peak 412.25M) | Time:00:00.28 | Mem:189.67M, Peak:189.67M | Scene, ViewLayer | Updating Geometry BVH Cube.327 449/726 | Building BVH
Fra:1 Mem:365.91M (Peak 412.25M) | Time:00:00.28 | Mem:189.67M, Peak:189.67M | Scene, ViewLayer | Updating Geometry BVH Cube.328 450/726 | Building BVH
Fra:1 Mem:365.91M (Peak 412.25M) | Time:00:00.28 | Mem:189.67M, Peak:189.67M | Scene, ViewLayer | Updating Geometry BVH Cube.328 450/726 | Building mesh BLAS |     188 tris | Cube.327
Fra:1 Mem:365.91M (Peak 412.25M) | Time:00:00.28 | Mem:189.67M, Peak:189.67M | Scene, ViewLayer | Updating Geometry BVH Cube.328 450/726 | Building mesh BLAS |     188 tris | Cube.328
Fra:1 Mem:365.91M (Peak 412.25M) | Time:00:00.28 | Mem:189.67M, Peak:189.67M | Scene, ViewLayer | Updating Geometry BVH Cube.329 451/726 | Building BVH
Fra:1 Mem:365.91M (Peak 412.25M) | Time:00:00.28 | Mem:189.67M, Peak:189.67M | Scene, ViewLayer | Updating Geometry BVH Cube.329 451/726 | Building mesh BLAS |     188 tris | Cube.329
Fra:1 Mem:365.91M (Peak 412.25M) | Time:00:00.28 | Mem:189.71M, Peak:189.71M | Scene, ViewLayer | Updating Geometry BVH Cube.330 452/726 | Building BVH
Fra:1 Mem:365.91M (Peak 412.25M) | Time:00:00.28 | Mem:189.71M, Peak:189.71M | Scene, ViewLayer | Updating Geometry BVH Cube.330 452/726 | Building mesh BLAS |     188 tris | Cube.330
Fra:1 Mem:365.91M (Peak 412.25M) | Time:00:00.28 | Mem:189.71M, Peak:189.71M | Scene, ViewLayer | Updating Geometry BVH Cube.331 453/726 | Building BVH
Fra:1 Mem:365.91M (Peak 412.25M) | Time:00:00.28 | Mem:189.71M, Peak:189.71M | Scene, ViewLayer | Updating Geometry BVH Cube.331 453/726 | Building mesh BLAS |     188 tris | Cube.331
Fra:1 Mem:365.91M (Peak 412.25M) | Time:00:00.28 | Mem:189.71M, Peak:189.71M | Scene, ViewLayer | Updating Geometry BVH Cube.332 454/726 | Building BVH
Fra:1 Mem:365.91M (Peak 412.25M) | Time:00:00.28 | Mem:189.71M, Peak:189.71M | Scene, ViewLayer | Updating Geometry BVH Cube.332 454/726 | Building mesh BLAS |     188 tris | Cube.332
Fra:1 Mem:365.91M (Peak 412.25M) | Time:00:00.28 | Mem:189.71M, Peak:189.71M | Scene, ViewLayer | Updating Geometry BVH Cube.333 455/726 | Building BVH
Fra:1 Mem:365.91M (Peak 412.25M) | Time:00:00.28 | Mem:189.71M, Peak:189.71M | Scene, ViewLayer | Updating Geometry BVH Cube.333 455/726 | Building mesh BLAS |     188 tris | Cube.333
Fra:1 Mem:365.91M (Peak 412.25M) | Time:00:00.28 | Mem:189.71M, Peak:189.71M | Scene, ViewLayer | Updating Geometry BVH Cube.334 456/726 | Building BVH
Fra:1 Mem:365.91M (Peak 412.25M) | Time:00:00.28 | Mem:189.71M, Peak:189.71M | Scene, ViewLayer | Updating Geometry BVH Cube.334 456/726 | Building mesh BLAS |     188 tris | Cube.334
Fra:1 Mem:365.91M (Peak 412.25M) | Time:00:00.28 | Mem:189.73M, Peak:189.73M | Scene, ViewLayer | Updating Geometry BVH Cube.335 457/726 | Building BVH
Fra:1 Mem:365.91M (Peak 412.25M) | Time:00:00.28 | Mem:189.73M, Peak:189.73M | Scene, ViewLayer | Updating Geometry BVH Cube.335 457/726 | Building mesh BLAS |     188 tris | Cube.335
Fra:1 Mem:365.91M (Peak 412.25M) | Time:00:00.28 | Mem:189.75M, Peak:189.75M | Scene, ViewLayer | Updating Geometry BVH Cube.336 458/726 | Building BVH
Fra:1 Mem:365.91M (Peak 412.25M) | Time:00:00.28 | Mem:189.75M, Peak:189.75M | Scene, ViewLayer | Updating Geometry BVH Cube.336 458/726 | Building mesh BLAS |     188 tris | Cube.336
Fra:1 Mem:365.91M (Peak 412.25M) | Time:00:00.28 | Mem:189.75M, Peak:189.75M | Scene, ViewLayer | Updating Geometry BVH Summit lantern arch.001 700/726 | Building BVH
Fra:1 Mem:365.91M (Peak 412.25M) | Time:00:00.28 | Mem:189.75M, Peak:189.75M | Scene, ViewLayer | Updating Geometry BVH Cube.337 459/726 | Building BVH
Fra:1 Mem:365.91M (Peak 412.25M) | Time:00:00.28 | Mem:189.75M, Peak:189.75M | Scene, ViewLayer | Updating Geometry BVH Cube.337 459/726 | Building mesh BLAS |    1692 tris | Summit lantern arch.001
Fra:1 Mem:365.91M (Peak 412.25M) | Time:00:00.28 | Mem:189.75M, Peak:189.75M | Scene, ViewLayer | Updating Geometry BVH Cube.337 459/726 | Building mesh BLAS |     188 tris | Cube.337
Fra:1 Mem:365.91M (Peak 412.25M) | Time:00:00.29 | Mem:189.78M, Peak:189.78M | Scene, ViewLayer | Updating Geometry BVH Cube.338 460/726 | Building BVH
Fra:1 Mem:365.91M (Peak 412.25M) | Time:00:00.29 | Mem:189.79M, Peak:189.79M | Scene, ViewLayer | Updating Geometry BVH Cube.339 461/726 | Building BVH
Fra:1 Mem:365.91M (Peak 412.25M) | Time:00:00.29 | Mem:189.80M, Peak:189.80M | Scene, ViewLayer | Updating Geometry BVH Cube.339 461/726 | Building mesh BLAS |     188 tris | Cube.338
Fra:1 Mem:365.91M (Peak 412.25M) | Time:00:00.29 | Mem:189.80M, Peak:189.80M | Scene, ViewLayer | Updating Geometry BVH Cube.341 463/726 | Building BVH
Fra:1 Mem:365.91M (Peak 412.25M) | Time:00:00.29 | Mem:189.80M, Peak:189.80M | Scene, ViewLayer | Updating Geometry BVH Cylinder.117 464/726 | Building BVH
Fra:1 Mem:365.91M (Peak 412.25M) | Time:00:00.29 | Mem:189.80M, Peak:189.80M | Scene, ViewLayer | Updating Geometry BVH Sphere.004 465/726 | Building BVH
Fra:1 Mem:365.91M (Peak 412.25M) | Time:00:00.29 | Mem:189.80M, Peak:189.80M | Scene, ViewLayer | Updating Geometry BVH Sphere.004 465/726 | Building mesh BLAS |     188 tris | Cube.341
Fra:1 Mem:365.91M (Peak 412.25M) | Time:00:00.29 | Mem:189.80M, Peak:189.80M | Scene, ViewLayer | Updating Geometry BVH Sphere.004 465/726 | Building mesh BLAS |      60 tris | Cylinder.117
Fra:1 Mem:365.91M (Peak 412.25M) | Time:00:00.29 | Mem:189.88M, Peak:189.88M | Scene, ViewLayer | Updating Geometry BVH Cylinder.118 466/726 | Building BVH
Fra:1 Mem:365.91M (Peak 412.25M) | Time:00:00.29 | Mem:189.88M, Peak:189.88M | Scene, ViewLayer | Updating Geometry BVH Cylinder.118 466/726 | Building mesh BLAS |      60 tris | Cylinder.118
Fra:1 Mem:365.91M (Peak 412.25M) | Time:00:00.29 | Mem:189.88M, Peak:189.88M | Scene, ViewLayer | Updating Geometry BVH Cube.342 467/726 | Building BVH
Fra:1 Mem:365.91M (Peak 412.25M) | Time:00:00.29 | Mem:189.88M, Peak:189.88M | Scene, ViewLayer | Updating Geometry BVH Cube.342 467/726 | Building mesh BLAS |     188 tris | Cube.342
Fra:1 Mem:365.91M (Peak 412.25M) | Time:00:00.29 | Mem:189.88M, Peak:189.88M | Scene, ViewLayer | Updating Geometry BVH Cube.343 468/726 | Building BVH
Fra:1 Mem:365.91M (Peak 412.25M) | Time:00:00.29 | Mem:189.88M, Peak:189.88M | Scene, ViewLayer | Updating Geometry BVH Cube.343 468/726 | Building mesh BLAS |     188 tris | Cube.343
Fra:1 Mem:365.91M (Peak 412.25M) | Time:00:00.29 | Mem:189.90M, Peak:189.90M | Scene, ViewLayer | Updating Geometry BVH Cube.344 469/726 | Building BVH
Fra:1 Mem:365.91M (Peak 412.25M) | Time:00:00.29 | Mem:189.90M, Peak:189.90M | Scene, ViewLayer | Updating Geometry BVH Cube.344 469/726 | Building mesh BLAS |     188 tris | Cube.344
Fra:1 Mem:365.91M (Peak 412.25M) | Time:00:00.29 | Mem:189.90M, Peak:189.90M | Scene, ViewLayer | Updating Geometry BVH Cube.345 470/726 | Building BVH
Fra:1 Mem:365.91M (Peak 412.25M) | Time:00:00.29 | Mem:189.90M, Peak:189.90M | Scene, ViewLayer | Updating Geometry BVH Cube.345 470/726 | Building mesh BLAS |     188 tris | Cube.345
Fra:1 Mem:365.91M (Peak 412.25M) | Time:00:00.29 | Mem:189.93M, Peak:189.93M | Scene, ViewLayer | Updating Geometry BVH Cube.346 471/726 | Building BVH
Fra:1 Mem:365.91M (Peak 412.25M) | Time:00:00.29 | Mem:189.93M, Peak:189.93M | Scene, ViewLayer | Updating Geometry BVH Cube.346 471/726 | Building mesh BLAS |     188 tris | Cube.346
Fra:1 Mem:365.91M (Peak 412.25M) | Time:00:00.29 | Mem:189.93M, Peak:189.93M | Scene, ViewLayer | Updating Geometry BVH Cube.347 472/726 | Building BVH
Fra:1 Mem:365.91M (Peak 412.25M) | Time:00:00.29 | Mem:189.93M, Peak:189.93M | Scene, ViewLayer | Updating Geometry BVH Cube.348 473/726 | Building BVH
Fra:1 Mem:365.91M (Peak 412.25M) | Time:00:00.29 | Mem:189.93M, Peak:189.93M | Scene, ViewLayer | Updating Geometry BVH Cube.348 473/726 | Building mesh BLAS |     188 tris | Cube.347
Fra:1 Mem:365.91M (Peak 412.25M) | Time:00:00.29 | Mem:189.94M, Peak:189.94M | Scene, ViewLayer | Updating Geometry BVH Cube.348 473/726 | Building mesh BLAS |     188 tris | Cube.348
Fra:1 Mem:365.91M (Peak 412.25M) | Time:00:00.29 | Mem:189.95M, Peak:189.95M | Scene, ViewLayer | Updating Geometry BVH Cube.349 474/726 | Building BVH
Fra:1 Mem:365.91M (Peak 412.25M) | Time:00:00.29 | Mem:189.96M, Peak:189.96M | Scene, ViewLayer | Updating Geometry BVH Cube.349 474/726 | Building mesh BLAS |     188 tris | Cube.349
Fra:1 Mem:365.91M (Peak 412.25M) | Time:00:00.29 | Mem:189.97M, Peak:189.97M | Scene, ViewLayer | Updating Geometry BVH Summit lantern arch 699/726 | Building BVH
Fra:1 Mem:365.91M (Peak 412.25M) | Time:00:00.29 | Mem:189.98M, Peak:189.98M | Scene, ViewLayer | Updating Geometry BVH Cube.350 475/726 | Building BVH
Fra:1 Mem:365.91M (Peak 412.25M) | Time:00:00.29 | Mem:190.01M, Peak:190.01M | Scene, ViewLayer | Updating Geometry BVH Cube.352 477/726 | Building BVH
Fra:1 Mem:365.91M (Peak 412.25M) | Time:00:00.29 | Mem:190.01M, Peak:190.01M | Scene, ViewLayer | Updating Geometry BVH Cube.351 476/726 | Building mesh BLAS |     188 tris | Cube.350
Fra:1 Mem:365.91M (Peak 412.25M) | Time:00:00.29 | Mem:190.01M, Peak:190.01M | Scene, ViewLayer | Updating Geometry BVH Cube.351 476/726 | Building mesh BLAS |     188 tris | Cube.352
Fra:1 Mem:365.91M (Peak 412.25M) | Time:00:00.29 | Mem:190.01M, Peak:190.01M | Scene, ViewLayer | Updating Geometry BVH Cube.353 478/726 | Building BVH
Fra:1 Mem:365.91M (Peak 412.25M) | Time:00:00.29 | Mem:190.01M, Peak:190.01M | Scene, ViewLayer | Updating Geometry BVH Cube.353 478/726 | Building mesh BLAS |     188 tris | Cube.351
Fra:1 Mem:365.91M (Peak 412.25M) | Time:00:00.29 | Mem:190.01M, Peak:190.01M | Scene, ViewLayer | Updating Geometry BVH Cube.354 479/726 | Building BVH
Fra:1 Mem:365.91M (Peak 412.25M) | Time:00:00.29 | Mem:190.01M, Peak:190.01M | Scene, ViewLayer | Updating Geometry BVH Cube.354 479/726 | Building mesh BLAS |     188 tris | Cube.354
Fra:1 Mem:365.91M (Peak 412.25M) | Time:00:00.29 | Mem:190.01M, Peak:190.01M | Scene, ViewLayer | Updating Geometry BVH Cube.355 480/726 | Building BVH
Fra:1 Mem:365.91M (Peak 412.25M) | Time:00:00.29 | Mem:190.03M, Peak:190.03M | Scene, ViewLayer | Updating Geometry BVH Cube.355 480/726 | Building mesh BLAS |     188 tris | Cube.355
Fra:1 Mem:365.91M (Peak 412.25M) | Time:00:00.29 | Mem:190.09M, Peak:190.09M | Scene, ViewLayer | Updating Geometry BVH Cube.356 481/726 | Building BVH
Fra:1 Mem:365.91M (Peak 412.25M) | Time:00:00.29 | Mem:190.11M, Peak:190.11M | Scene, ViewLayer | Updating Geometry BVH Cube.357 482/726 | Building BVH
Fra:1 Mem:365.91M (Peak 412.25M) | Time:00:00.29 | Mem:190.11M, Peak:190.11M | Scene, ViewLayer | Updating Geometry BVH Cube.358 483/726 | Building BVH
Fra:1 Mem:365.91M (Peak 412.25M) | Time:00:00.29 | Mem:190.11M, Peak:190.11M | Scene, ViewLayer | Updating Geometry BVH Cube.358 483/726 | Building mesh BLAS |     188 tris | Cube.357
Fra:1 Mem:365.91M (Peak 412.25M) | Time:00:00.29 | Mem:190.12M, Peak:190.12M | Scene, ViewLayer | Updating Geometry BVH Cube.358 483/726 | Building mesh BLAS |     188 tris | Cube.358
Fra:1 Mem:365.91M (Peak 412.25M) | Time:00:00.29 | Mem:190.13M, Peak:190.13M | Scene, ViewLayer | Updating Geometry BVH Cube.359 484/726 | Building BVH
Fra:1 Mem:365.91M (Peak 412.25M) | Time:00:00.29 | Mem:190.13M, Peak:190.13M | Scene, ViewLayer | Updating Geometry BVH Cube.359 484/726 | Building mesh BLAS |     188 tris | Cube.359
Fra:1 Mem:365.91M (Peak 412.25M) | Time:00:00.29 | Mem:190.13M, Peak:190.13M | Scene, ViewLayer | Updating Geometry BVH Cube.360 485/726 | Building BVH
Fra:1 Mem:365.91M (Peak 412.25M) | Time:00:00.29 | Mem:190.13M, Peak:190.13M | Scene, ViewLayer | Updating Geometry BVH Cube.360 485/726 | Building mesh BLAS |     188 tris | Cube.360
Fra:1 Mem:365.91M (Peak 412.25M) | Time:00:00.29 | Mem:190.14M, Peak:190.14M | Scene, ViewLayer | Updating Geometry BVH Cube.361 486/726 | Building BVH
Fra:1 Mem:365.91M (Peak 412.25M) | Time:00:00.29 | Mem:190.15M, Peak:190.15M | Scene, ViewLayer | Updating Geometry BVH Cube.361 486/726 | Building mesh BLAS |     188 tris | Cube.361
Fra:1 Mem:365.91M (Peak 412.25M) | Time:00:00.29 | Mem:190.15M, Peak:190.15M | Scene, ViewLayer | Updating Geometry BVH Cube.362 487/726 | Building BVH
Fra:1 Mem:365.91M (Peak 412.25M) | Time:00:00.29 | Mem:190.15M, Peak:190.15M | Scene, ViewLayer | Updating Geometry BVH Cube.362 487/726 | Building mesh BLAS |     188 tris | Cube.362
Fra:1 Mem:365.91M (Peak 412.25M) | Time:00:00.29 | Mem:190.18M, Peak:190.18M | Scene, ViewLayer | Updating Geometry BVH Cube.363 488/726 | Building BVH
Fra:1 Mem:365.91M (Peak 412.25M) | Time:00:00.29 | Mem:190.18M, Peak:190.18M | Scene, ViewLayer | Updating Geometry BVH Cube.363 488/726 | Building mesh BLAS |     188 tris | Cube.363
Fra:1 Mem:365.91M (Peak 412.25M) | Time:00:00.29 | Mem:190.18M, Peak:190.18M | Scene, ViewLayer | Updating Geometry BVH Cube.364 489/726 | Building BVH
Fra:1 Mem:365.91M (Peak 412.25M) | Time:00:00.29 | Mem:190.18M, Peak:190.18M | Scene, ViewLayer | Updating Geometry BVH Cube.364 489/726 | Building mesh BLAS |     188 tris | Cube.364
Fra:1 Mem:365.91M (Peak 412.25M) | Time:00:00.29 | Mem:190.18M, Peak:190.18M | Scene, ViewLayer | Updating Geometry BVH Cube.365 490/726 | Building BVH
Fra:1 Mem:365.91M (Peak 412.25M) | Time:00:00.29 | Mem:190.18M, Peak:190.18M | Scene, ViewLayer | Updating Geometry BVH Cube.365 490/726 | Building mesh BLAS |     188 tris | Cube.365
Fra:1 Mem:365.91M (Peak 412.25M) | Time:00:00.29 | Mem:190.19M, Peak:190.19M | Scene, ViewLayer | Updating Geometry BVH Cube.366 491/726 | Building BVH
Fra:1 Mem:365.91M (Peak 412.25M) | Time:00:00.29 | Mem:190.19M, Peak:190.19M | Scene, ViewLayer | Updating Geometry BVH Cube.366 491/726 | Building mesh BLAS |     188 tris | Cube.366
Fra:1 Mem:365.91M (Peak 412.25M) | Time:00:00.29 | Mem:190.23M, Peak:190.23M | Scene, ViewLayer | Updating Geometry BVH Cube.367 492/726 | Building BVH
Fra:1 Mem:365.91M (Peak 412.25M) | Time:00:00.29 | Mem:190.24M, Peak:190.24M | Scene, ViewLayer | Updating Geometry BVH Cube.368 493/726 | Building mesh BLAS |     188 tris | Cube.367
Fra:1 Mem:365.91M (Peak 412.25M) | Time:00:00.29 | Mem:190.24M, Peak:190.24M | Scene, ViewLayer | Updating Geometry BVH Stair vault.005 698/726 | Building BVH
Fra:1 Mem:365.91M (Peak 412.25M) | Time:00:00.29 | Mem:190.24M, Peak:190.24M | Scene, ViewLayer | Updating Geometry BVH Cube.369 494/726 | Building BVH
Fra:1 Mem:365.91M (Peak 412.25M) | Time:00:00.29 | Mem:190.24M, Peak:190.24M | Scene, ViewLayer | Updating Geometry BVH Cube.369 494/726 | Building mesh BLAS |     188 tris | Stair vault.005
Fra:1 Mem:365.91M (Peak 412.25M) | Time:00:00.29 | Mem:190.24M, Peak:190.24M | Scene, ViewLayer | Updating Geometry BVH Cube.370 495/726 | Building mesh BLAS |     188 tris | Cube.369
Fra:1 Mem:365.91M (Peak 412.25M) | Time:00:00.29 | Mem:190.24M, Peak:190.24M | Scene, ViewLayer | Updating Geometry BVH Cube.370 495/726 | Building mesh BLAS |     188 tris | Cube.368
Fra:1 Mem:365.91M (Peak 412.25M) | Time:00:00.29 | Mem:190.24M, Peak:190.24M | Scene, ViewLayer | Updating Geometry BVH Cube.370 495/726 | Building mesh BLAS |     188 tris | Cube.370
Fra:1 Mem:365.91M (Peak 412.25M) | Time:00:00.29 | Mem:190.24M, Peak:190.24M | Scene, ViewLayer | Updating Geometry BVH Cube.371 496/726 | Building BVH
Fra:1 Mem:365.91M (Peak 412.25M) | Time:00:00.29 | Mem:190.24M, Peak:190.24M | Scene, ViewLayer | Updating Geometry BVH Cube.371 496/726 | Building mesh BLAS |     188 tris | Cube.371
Fra:1 Mem:365.91M (Peak 412.25M) | Time:00:00.29 | Mem:190.24M, Peak:190.24M | Scene, ViewLayer | Updating Geometry BVH Cube.372 497/726 | Building BVH
Fra:1 Mem:365.91M (Peak 412.25M) | Time:00:00.29 | Mem:190.26M, Peak:190.26M | Scene, ViewLayer | Updating Geometry BVH Cube.372 497/726 | Building mesh BLAS |     188 tris | Cube.372
Fra:1 Mem:365.91M (Peak 412.25M) | Time:00:00.29 | Mem:190.26M, Peak:190.26M | Scene, ViewLayer | Updating Geometry BVH Cube.373 498/726 | Building BVH
Fra:1 Mem:365.91M (Peak 412.25M) | Time:00:00.29 | Mem:190.26M, Peak:190.26M | Scene, ViewLayer | Updating Geometry BVH Cube.373 498/726 | Building mesh BLAS |     188 tris | Cube.373
Fra:1 Mem:365.91M (Peak 412.25M) | Time:00:00.29 | Mem:190.29M, Peak:190.29M | Scene, ViewLayer | Updating Geometry BVH Cube.374 499/726 | Building BVH
Fra:1 Mem:365.91M (Peak 412.25M) | Time:00:00.29 | Mem:190.29M, Peak:190.29M | Scene, ViewLayer | Updating Geometry BVH Cube.374 499/726 | Building mesh BLAS |     188 tris | Cube.374
Fra:1 Mem:365.91M (Peak 412.25M) | Time:00:00.29 | Mem:190.29M, Peak:190.29M | Scene, ViewLayer | Updating Geometry BVH Cube.375 500/726 | Building BVH
Fra:1 Mem:365.91M (Peak 412.25M) | Time:00:00.29 | Mem:190.29M, Peak:190.29M | Scene, ViewLayer | Updating Geometry BVH Cube.376 501/726 | Building BVH
Fra:1 Mem:365.91M (Peak 412.25M) | Time:00:00.29 | Mem:190.29M, Peak:190.29M | Scene, ViewLayer | Updating Geometry BVH Cube.376 501/726 | Building mesh BLAS |     188 tris | Cube.376
Fra:1 Mem:365.91M (Peak 412.25M) | Time:00:00.29 | Mem:190.96M, Peak:190.96M | Scene, ViewLayer | Updating Geometry BVH Cube.377 502/726 | Building BVH
Fra:1 Mem:365.91M (Peak 412.25M) | Time:00:00.29 | Mem:190.96M, Peak:190.96M | Scene, ViewLayer | Updating Geometry BVH Cube.377 502/726 | Building mesh BLAS |     188 tris | Cube.377
Fra:1 Mem:365.91M (Peak 412.25M) | Time:00:00.29 | Mem:190.97M, Peak:190.97M | Scene, ViewLayer | Updating Geometry BVH Cube.378 503/726 | Building BVH
Fra:1 Mem:365.91M (Peak 412.25M) | Time:00:00.29 | Mem:190.97M, Peak:190.97M | Scene, ViewLayer | Updating Geometry BVH Cube.379 504/726 | Building BVH
Fra:1 Mem:365.91M (Peak 412.25M) | Time:00:00.29 | Mem:190.97M, Peak:190.97M | Scene, ViewLayer | Updating Geometry BVH Cube.379 504/726 | Building mesh BLAS |     188 tris | Cube.378
Fra:1 Mem:365.91M (Peak 412.25M) | Time:00:00.29 | Mem:190.97M, Peak:190.97M | Scene, ViewLayer | Updating Geometry BVH Cube.380 505/726 | Building mesh BLAS |     188 tris | Cube.379
Fra:1 Mem:365.91M (Peak 412.25M) | Time:00:00.29 | Mem:190.98M, Peak:190.98M | Scene, ViewLayer | Updating Geometry BVH Cube.380 505/726 | Building mesh BLAS |     188 tris | Cube.380
Fra:1 Mem:365.91M (Peak 412.25M) | Time:00:00.29 | Mem:190.98M, Peak:190.98M | Scene, ViewLayer | Updating Geometry BVH Cube.381 506/726 | Building BVH
Fra:1 Mem:365.91M (Peak 412.25M) | Time:00:00.29 | Mem:190.98M, Peak:190.98M | Scene, ViewLayer | Updating Geometry BVH Cube.381 506/726 | Building mesh BLAS |     188 tris | Cube.381
Fra:1 Mem:365.91M (Peak 412.25M) | Time:00:00.29 | Mem:190.99M, Peak:190.99M | Scene, ViewLayer | Updating Geometry BVH Cube.382 507/726 | Building BVH
Fra:1 Mem:365.91M (Peak 412.25M) | Time:00:00.29 | Mem:190.99M, Peak:190.99M | Scene, ViewLayer | Updating Geometry BVH Cube.382 507/726 | Building mesh BLAS |     188 tris | Cube.382
Fra:1 Mem:365.91M (Peak 412.25M) | Time:00:00.29 | Mem:190.99M, Peak:190.99M | Scene, ViewLayer | Updating Geometry BVH Cube.383 508/726 | Building BVH
Fra:1 Mem:365.91M (Peak 412.25M) | Time:00:00.29 | Mem:190.99M, Peak:190.99M | Scene, ViewLayer | Updating Geometry BVH Cube.383 508/726 | Building mesh BLAS |     188 tris | Cube.383
Fra:1 Mem:365.91M (Peak 412.25M) | Time:00:00.29 | Mem:191.01M, Peak:191.01M | Scene, ViewLayer | Updating Geometry BVH Cube.384 509/726 | Building BVH
Fra:1 Mem:365.91M (Peak 412.25M) | Time:00:00.29 | Mem:191.01M, Peak:191.01M | Scene, ViewLayer | Updating Geometry BVH Cube.384 509/726 | Building mesh BLAS |     188 tris | Cube.384
Fra:1 Mem:365.91M (Peak 412.25M) | Time:00:00.29 | Mem:191.02M, Peak:191.02M | Scene, ViewLayer | Updating Geometry BVH High cliff bridge voussoir.016 697/726 | Building BVH
Fra:1 Mem:365.91M (Peak 412.25M) | Time:00:00.29 | Mem:191.02M, Peak:191.02M | Scene, ViewLayer | Updating Geometry BVH Cube.385 510/726 | Building BVH
Fra:1 Mem:365.91M (Peak 412.25M) | Time:00:00.29 | Mem:191.02M, Peak:191.02M | Scene, ViewLayer | Updating Geometry BVH Cube.385 510/726 | Building mesh BLAS |     188 tris | High cliff bridge voussoir.016
Fra:1 Mem:365.91M (Peak 412.25M) | Time:00:00.29 | Mem:191.02M, Peak:191.02M | Scene, ViewLayer | Updating Geometry BVH Cube.386 511/726 | Building BVH
Fra:1 Mem:365.91M (Peak 412.25M) | Time:00:00.29 | Mem:191.02M, Peak:191.02M | Scene, ViewLayer | Updating Geometry BVH Cube.387 512/726 | Building BVH
Fra:1 Mem:365.91M (Peak 412.25M) | Time:00:00.29 | Mem:191.02M, Peak:191.02M | Scene, ViewLayer | Updating Geometry BVH Cube.387 512/726 | Building mesh BLAS |     188 tris | Cube.386
Fra:1 Mem:365.91M (Peak 412.25M) | Time:00:00.29 | Mem:191.02M, Peak:191.02M | Scene, ViewLayer | Updating Geometry BVH Cube.387 512/726 | Building mesh BLAS |     188 tris | Cube.387
Fra:1 Mem:365.91M (Peak 412.25M) | Time:00:00.29 | Mem:191.04M, Peak:191.04M | Scene, ViewLayer | Updating Geometry BVH Cube.388 513/726 | Building BVH
Fra:1 Mem:365.91M (Peak 412.25M) | Time:00:00.29 | Mem:191.04M, Peak:191.04M | Scene, ViewLayer | Updating Geometry BVH Cube.389 514/726 | Building BVH
Fra:1 Mem:365.91M (Peak 412.25M) | Time:00:00.29 | Mem:191.04M, Peak:191.04M | Scene, ViewLayer | Updating Geometry BVH Cube.389 514/726 | Building mesh BLAS |     188 tris | Cube.388
Fra:1 Mem:365.91M (Peak 412.25M) | Time:00:00.29 | Mem:191.04M, Peak:191.04M | Scene, ViewLayer | Updating Geometry BVH Cube.389 514/726 | Building mesh BLAS |     188 tris | Cube.389
Fra:1 Mem:365.91M (Peak 412.25M) | Time:00:00.29 | Mem:191.04M, Peak:191.04M | Scene, ViewLayer | Updating Geometry BVH Cube.390 515/726 | Building BVH
Fra:1 Mem:365.91M (Peak 412.25M) | Time:00:00.29 | Mem:191.04M, Peak:191.04M | Scene, ViewLayer | Updating Geometry BVH Cube.390 515/726 | Building mesh BLAS |     188 tris | Cube.390
Fra:1 Mem:365.91M (Peak 412.25M) | Time:00:00.29 | Mem:191.04M, Peak:191.04M | Scene, ViewLayer | Updating Geometry BVH Cube.391 516/726 | Building BVH
Fra:1 Mem:365.91M (Peak 412.25M) | Time:00:00.29 | Mem:191.04M, Peak:191.04M | Scene, ViewLayer | Updating Geometry BVH Cube.391 516/726 | Building mesh BLAS |     188 tris | Cube.391
Fra:1 Mem:365.91M (Peak 412.25M) | Time:00:00.29 | Mem:191.14M, Peak:191.14M | Scene, ViewLayer | Updating Geometry BVH realCap_Model_2.001 518/726 | Building BVH
Fra:1 Mem:365.91M (Peak 412.25M) | Time:00:00.29 | Mem:191.14M, Peak:191.14M | Scene, ViewLayer | Updating Geometry BVH realCap_Model_2.001 518/726 | Building mesh BLAS |   13580 tris | realCap_Model_2.001
Fra:1 Mem:365.91M (Peak 412.25M) | Time:00:00.29 | Mem:191.14M, Peak:191.14M | Scene, ViewLayer | Updating Geometry BVH Refracting sea | displaced surface and enclosed volume 517/726 | Building BVH
Fra:1 Mem:365.91M (Peak 412.25M) | Time:00:00.29 | Mem:191.15M, Peak:191.15M | Scene, ViewLayer | Updating Geometry BVH realCap_Model_2.004 520/726 | Building BVH
Fra:1 Mem:365.91M (Peak 412.25M) | Time:00:00.29 | Mem:191.15M, Peak:191.15M | Scene, ViewLayer | Updating Geometry BVH realCap_Model_2.003 519/726 | Building BVH
Fra:1 Mem:365.91M (Peak 412.25M) | Time:00:00.29 | Mem:191.15M, Peak:191.15M | Scene, ViewLayer | Updating Geometry BVH realCap_Model_2.007 522/726 | Building BVH
Fra:1 Mem:365.91M (Peak 412.25M) | Time:00:00.29 | Mem:191.15M, Peak:191.15M | Scene, ViewLayer | Updating Geometry BVH realCap_Model_2.007 522/726 | Building mesh BLAS |   13582 tris | realCap_Model_2.004
Fra:1 Mem:365.91M (Peak 412.25M) | Time:00:00.29 | Mem:191.15M, Peak:191.15M | Scene, ViewLayer | Updating Geometry BVH realCap_Model_2.007 522/726 | Building mesh BLAS |   13582 tris | realCap_Model_2.007
Fra:1 Mem:365.91M (Peak 412.25M) | Time:00:00.29 | Mem:191.15M, Peak:191.15M | Scene, ViewLayer | Updating Geometry BVH realCap_Model_2.007 522/726 | Building mesh BLAS |   24978 tris | realCap_Model_2.003
Fra:1 Mem:365.91M (Peak 412.25M) | Time:00:00.29 | Mem:191.15M, Peak:191.15M | Scene, ViewLayer | Updating Geometry BVH realCap_Model_2.007 522/726 | Building mesh BLAS |   24792 tris | realCap_Model_2.005
Fra:1 Mem:365.91M (Peak 412.25M) | Time:00:00.29 | Mem:191.16M, Peak:191.16M | Scene, ViewLayer | Updating Geometry BVH realCap_Model_2.007 522/726 | Building mesh BLAS |  118078 tris | Refracting sea | displaced surface and enclosed volume
Fra:1 Mem:365.91M (Peak 412.25M) | Time:00:00.29 | Mem:191.16M, Peak:191.16M | Scene, ViewLayer | Updating Geometry BVH realCap_Model_2.008 523/726 | Building BVH
Fra:1 Mem:365.91M (Peak 412.25M) | Time:00:00.29 | Mem:191.16M, Peak:191.16M | Scene, ViewLayer | Updating Geometry BVH realCap_Model_2.010 524/726 | Building BVH
Fra:1 Mem:365.91M (Peak 412.25M) | Time:00:00.29 | Mem:191.16M, Peak:191.16M | Scene, ViewLayer | Updating Geometry BVH realCap_Model_2.010 524/726 | Building mesh BLAS |   13580 tris | realCap_Model_2.010
Fra:1 Mem:365.91M (Peak 412.25M) | Time:00:00.29 | Mem:191.16M, Peak:191.16M | Scene, ViewLayer | Updating Geometry BVH realCap_Model_2.010 524/726 | Building mesh BLAS |   24664 tris | realCap_Model_2.008
Fra:1 Mem:365.91M (Peak 412.25M) | Time:00:00.29 | Mem:191.17M, Peak:191.17M | Scene, ViewLayer | Updating Geometry BVH realCap_Model_2.011 525/726 | Building BVH
Fra:1 Mem:365.91M (Peak 412.25M) | Time:00:00.29 | Mem:191.17M, Peak:191.17M | Scene, ViewLayer | Updating Geometry BVH realCap_Model_2.012 526/726 | Building BVH
Fra:1 Mem:365.91M (Peak 412.25M) | Time:00:00.29 | Mem:191.17M, Peak:191.17M | Scene, ViewLayer | Updating Geometry BVH realCap_Model_2.012 526/726 | Building mesh BLAS |   13582 tris | realCap_Model_2.012
Fra:1 Mem:365.91M (Peak 412.25M) | Time:00:00.29 | Mem:191.17M, Peak:191.17M | Scene, ViewLayer | Updating Geometry BVH realCap_Model_2.012 526/726 | Building mesh BLAS |   24792 tris | realCap_Model_2.011
Fra:1 Mem:365.91M (Peak 412.25M) | Time:00:00.29 | Mem:191.18M, Peak:191.18M | Scene, ViewLayer | Updating Geometry BVH High cliff bridge voussoir.015 696/726 | Building BVH
Fra:1 Mem:365.91M (Peak 412.25M) | Time:00:00.29 | Mem:191.18M, Peak:191.18M | Scene, ViewLayer | Updating Geometry BVH High cliff bridge voussoir.015 696/726 | Building mesh BLAS |     188 tris | High cliff bridge voussoir.015
Fra:1 Mem:365.91M (Peak 412.25M) | Time:00:00.29 | Mem:191.18M, Peak:191.18M | Scene, ViewLayer | Updating Geometry BVH realCap_Model_2.013 527/726 | Building BVH
Fra:1 Mem:365.91M (Peak 412.25M) | Time:00:00.29 | Mem:191.18M, Peak:191.18M | Scene, ViewLayer | Updating Geometry BVH realCap_Model_2.013 527/726 | Building mesh BLAS |   24910 tris | realCap_Model_2.013
Fra:1 Mem:365.91M (Peak 412.25M) | Time:00:00.29 | Mem:191.19M, Peak:191.19M | Scene, ViewLayer | Updating Geometry BVH Stair vault 529/726 | Building BVH
Fra:1 Mem:365.91M (Peak 412.25M) | Time:00:00.29 | Mem:191.19M, Peak:191.19M | Scene, ViewLayer | Updating Geometry BVH Sea foam following the actual rock waterline 528/726 | Building BVH
Fra:1 Mem:365.91M (Peak 412.25M) | Time:00:00.29 | Mem:191.19M, Peak:191.19M | Scene, ViewLayer | Updating Geometry BVH Sea foam following the actual rock waterline 528/726 | Building mesh BLAS |     188 tris | Stair vault
Fra:1 Mem:365.91M (Peak 412.25M) | Time:00:00.29 | Mem:191.19M, Peak:191.19M | Scene, ViewLayer | Updating Geometry BVH Stair vault.002 531/726 | Building mesh BLAS |    5760 tris | Sea foam following the actual rock waterline
Fra:1 Mem:365.91M (Peak 412.25M) | Time:00:00.29 | Mem:191.19M, Peak:191.19M | Scene, ViewLayer | Updating Geometry BVH Stair vault.003 532/726 | Building BVH
Fra:1 Mem:365.91M (Peak 412.25M) | Time:00:00.29 | Mem:191.19M, Peak:191.19M | Scene, ViewLayer | Updating Geometry BVH Stair vault.003 532/726 | Building mesh BLAS |     188 tris | Stair vault.002
Fra:1 Mem:365.91M (Peak 412.25M) | Time:00:00.29 | Mem:191.19M, Peak:191.19M | Scene, ViewLayer | Updating Geometry BVH Stair vault.003 532/726 | Building mesh BLAS |     188 tris | Stair vault.001
Fra:1 Mem:365.91M (Peak 412.25M) | Time:00:00.29 | Mem:191.19M, Peak:191.19M | Scene, ViewLayer | Updating Geometry BVH Stair vault.003 532/726 | Building mesh BLAS |     668 tris | Stair vault.003
Fra:1 Mem:365.91M (Peak 412.25M) | Time:00:00.29 | Mem:191.20M, Peak:191.20M | Scene, ViewLayer | Updating Geometry BVH Sea arcade arch 533/726 | Building BVH
Fra:1 Mem:365.91M (Peak 412.25M) | Time:00:00.29 | Mem:191.20M, Peak:191.20M | Scene, ViewLayer | Updating Geometry BVH Sea arcade voussoir 534/726 | Building BVH
Fra:1 Mem:365.91M (Peak 412.25M) | Time:00:00.29 | Mem:191.20M, Peak:191.20M | Scene, ViewLayer | Updating Geometry BVH Sea arcade voussoir 534/726 | Building mesh BLAS |     188 tris | Sea arcade voussoir
Fra:1 Mem:365.91M (Peak 412.25M) | Time:00:00.29 | Mem:191.20M, Peak:191.20M | Scene, ViewLayer | Updating Geometry BVH Sea arcade voussoir 534/726 | Building mesh BLAS |    1692 tris | Sea arcade arch
Fra:1 Mem:365.91M (Peak 412.25M) | Time:00:00.29 | Mem:191.31M, Peak:191.31M | Scene, ViewLayer | Updating Geometry BVH Sea arcade voussoir.001 535/726 | Building BVH
Fra:1 Mem:365.91M (Peak 412.25M) | Time:00:00.29 | Mem:191.31M, Peak:191.31M | Scene, ViewLayer | Updating Geometry BVH Sea arcade voussoir.002 536/726 | Building BVH
Fra:1 Mem:365.91M (Peak 412.25M) | Time:00:00.29 | Mem:191.32M, Peak:191.32M | Scene, ViewLayer | Updating Geometry BVH Sea arcade voussoir.002 536/726 | Building mesh BLAS |     188 tris | Sea arcade voussoir.001
Fra:1 Mem:365.91M (Peak 412.25M) | Time:00:00.29 | Mem:191.34M, Peak:191.34M | Scene, ViewLayer | Updating Geometry BVH Sea arcade voussoir.002 536/726 | Building mesh BLAS |     188 tris | Sea arcade voussoir.002
Fra:1 Mem:365.91M (Peak 412.25M) | Time:00:00.29 | Mem:191.36M, Peak:191.36M | Scene, ViewLayer | Updating Geometry BVH Sea arcade voussoir.003 537/726 | Building BVH
Fra:1 Mem:365.91M (Peak 412.25M) | Time:00:00.29 | Mem:191.36M, Peak:191.36M | Scene, ViewLayer | Updating Geometry BVH Sea arcade voussoir.004 538/726 | Building BVH
Fra:1 Mem:365.91M (Peak 412.25M) | Time:00:00.29 | Mem:191.36M, Peak:191.36M | Scene, ViewLayer | Updating Geometry BVH Sea arcade voussoir.004 538/726 | Building mesh BLAS |     188 tris | Sea arcade voussoir.003
Fra:1 Mem:365.91M (Peak 412.25M) | Time:00:00.29 | Mem:191.36M, Peak:191.36M | Scene, ViewLayer | Updating Geometry BVH Sea arcade voussoir.004 538/726 | Building mesh BLAS |     188 tris | Sea arcade voussoir.004
Fra:1 Mem:365.91M (Peak 412.25M) | Time:00:00.29 | Mem:191.36M, Peak:191.36M | Scene, ViewLayer | Updating Geometry BVH Sea arcade voussoir.005 539/726 | Building BVH
Fra:1 Mem:365.91M (Peak 412.25M) | Time:00:00.29 | Mem:191.36M, Peak:191.36M | Scene, ViewLayer | Updating Geometry BVH Sea arcade voussoir.007 541/726 | Building mesh BLAS |     188 tris | Sea arcade voussoir.005
Fra:1 Mem:365.91M (Peak 412.25M) | Time:00:00.29 | Mem:191.36M, Peak:191.36M | Scene, ViewLayer | Updating Geometry BVH Sea arcade voussoir.007 541/726 | Building mesh BLAS |     188 tris | Sea arcade voussoir.007
Fra:1 Mem:365.91M (Peak 412.25M) | Time:00:00.29 | Mem:191.36M, Peak:191.36M | Scene, ViewLayer | Updating Geometry BVH Sea arcade voussoir.007 541/726 | Building mesh BLAS |     188 tris | Sea arcade voussoir.006
Fra:1 Mem:365.91M (Peak 412.25M) | Time:00:00.29 | Mem:191.36M, Peak:191.36M | Scene, ViewLayer | Updating Geometry BVH Sea arcade voussoir.008 542/726 | Building BVH
Fra:1 Mem:365.91M (Peak 412.25M) | Time:00:00.29 | Mem:191.36M, Peak:191.36M | Scene, ViewLayer | Updating Geometry BVH Sea arcade voussoir.008 542/726 | Building mesh BLAS |     188 tris | Sea arcade voussoir.008
Fra:1 Mem:365.91M (Peak 412.25M) | Time:00:00.29 | Mem:191.39M, Peak:191.39M | Scene, ViewLayer | Updating Geometry BVH Sea arcade voussoir.009 543/726 | Building BVH
Fra:1 Mem:365.91M (Peak 412.25M) | Time:00:00.29 | Mem:191.39M, Peak:191.39M | Scene, ViewLayer | Updating Geometry BVH High cliff bridge voussoir.014 695/726 | Building BVH
Fra:1 Mem:365.91M (Peak 412.25M) | Time:00:00.29 | Mem:191.39M, Peak:191.39M | Scene, ViewLayer | Updating Geometry BVH High cliff bridge voussoir.014 695/726 | Building mesh BLAS |     188 tris | Sea arcade voussoir.009
Fra:1 Mem:365.91M (Peak 412.25M) | Time:00:00.29 | Mem:191.39M, Peak:191.39M | Scene, ViewLayer | Updating Geometry BVH High cliff bridge voussoir.014 695/726 | Building mesh BLAS |     188 tris | High cliff bridge voussoir.014
Fra:1 Mem:365.91M (Peak 412.25M) | Time:00:00.29 | Mem:191.39M, Peak:191.39M | Scene, ViewLayer | Updating Geometry BVH Sea arcade voussoir.010 544/726 | Building BVH
Fra:1 Mem:365.91M (Peak 412.25M) | Time:00:00.29 | Mem:191.39M, Peak:191.39M | Scene, ViewLayer | Updating Geometry BVH Sea arcade voussoir.010 544/726 | Building mesh BLAS |     188 tris | Sea arcade voussoir.010
Fra:1 Mem:365.91M (Peak 412.25M) | Time:00:00.29 | Mem:191.41M, Peak:191.41M | Scene, ViewLayer | Updating Geometry BVH Sea arcade voussoir.011 545/726 | Building BVH
Fra:1 Mem:365.91M (Peak 412.25M) | Time:00:00.29 | Mem:191.41M, Peak:191.41M | Scene, ViewLayer | Updating Geometry BVH Sea arcade voussoir.011 545/726 | Building mesh BLAS |     188 tris | Sea arcade voussoir.011
Fra:1 Mem:365.91M (Peak 412.25M) | Time:00:00.29 | Mem:191.43M, Peak:191.43M | Scene, ViewLayer | Updating Geometry BVH Sea arcade voussoir.012 546/726 | Building BVH
Fra:1 Mem:365.91M (Peak 412.25M) | Time:00:00.29 | Mem:191.43M, Peak:191.43M | Scene, ViewLayer | Updating Geometry BVH Sea arcade voussoir.013 547/726 | Building mesh BLAS |     188 tris | Sea arcade voussoir.012
Fra:1 Mem:365.91M (Peak 412.25M) | Time:00:00.29 | Mem:191.44M, Peak:191.44M | Scene, ViewLayer | Updating Geometry BVH Sea arcade voussoir.014 548/726 | Building BVH
Fra:1 Mem:365.91M (Peak 412.25M) | Time:00:00.29 | Mem:191.45M, Peak:191.45M | Scene, ViewLayer | Updating Geometry BVH Sea arcade voussoir.015 549/726 | Building BVH
Fra:1 Mem:365.91M (Peak 412.25M) | Time:00:00.29 | Mem:191.45M, Peak:191.45M | Scene, ViewLayer | Updating Geometry BVH Sea arcade voussoir.015 549/726 | Building mesh BLAS |     188 tris | Sea arcade voussoir.014
Fra:1 Mem:365.91M (Peak 412.25M) | Time:00:00.29 | Mem:191.45M, Peak:191.45M | Scene, ViewLayer | Updating Geometry BVH Sea arcade voussoir.016 550/726 | Building mesh BLAS |     188 tris | Sea arcade voussoir.013
Fra:1 Mem:365.91M (Peak 412.25M) | Time:00:00.29 | Mem:191.45M, Peak:191.45M | Scene, ViewLayer | Updating Geometry BVH Sea arcade arch.001 551/726 | Building BVH
Fra:1 Mem:365.91M (Peak 412.25M) | Time:00:00.29 | Mem:191.45M, Peak:191.45M | Scene, ViewLayer | Updating Geometry BVH Sea arcade arch.001 551/726 | Building mesh BLAS |     188 tris | Sea arcade voussoir.016
Fra:1 Mem:365.91M (Peak 412.25M) | Time:00:00.29 | Mem:191.45M, Peak:191.45M | Scene, ViewLayer | Updating Geometry BVH Sea arcade arch.001 551/726 | Building mesh BLAS |    1692 tris | Sea arcade arch.001
Fra:1 Mem:365.91M (Peak 412.25M) | Time:00:00.29 | Mem:191.56M, Peak:191.56M | Scene, ViewLayer | Updating Geometry BVH Sea arcade voussoir.017 552/726 | Building BVH
Fra:1 Mem:365.91M (Peak 412.25M) | Time:00:00.29 | Mem:191.56M, Peak:191.56M | Scene, ViewLayer | Updating Geometry BVH Sea arcade voussoir.018 553/726 | Building BVH
Fra:1 Mem:365.91M (Peak 412.25M) | Time:00:00.29 | Mem:191.56M, Peak:191.56M | Scene, ViewLayer | Updating Geometry BVH Sea arcade voussoir.018 553/726 | Building mesh BLAS |     188 tris | Sea arcade voussoir.018
Fra:1 Mem:365.91M (Peak 412.25M) | Time:00:00.29 | Mem:191.58M, Peak:191.58M | Scene, ViewLayer | Updating Geometry BVH Sea arcade voussoir.019 554/726 | Building BVH
Fra:1 Mem:365.91M (Peak 412.25M) | Time:00:00.29 | Mem:191.58M, Peak:191.58M | Scene, ViewLayer | Updating Geometry BVH Sea arcade voussoir.020 555/726 | Building BVH
Fra:1 Mem:365.91M (Peak 412.25M) | Time:00:00.29 | Mem:191.58M, Peak:191.58M | Scene, ViewLayer | Updating Geometry BVH Sea arcade voussoir.020 555/726 | Building mesh BLAS |     188 tris | Sea arcade voussoir.019
Fra:1 Mem:365.91M (Peak 412.25M) | Time:00:00.29 | Mem:191.61M, Peak:191.61M | Scene, ViewLayer | Updating Geometry BVH Sea arcade voussoir.020 555/726 | Building mesh BLAS |     188 tris | Sea arcade voussoir.020
Fra:1 Mem:365.91M (Peak 412.25M) | Time:00:00.29 | Mem:191.62M, Peak:191.62M | Scene, ViewLayer | Updating Geometry BVH Sea arcade voussoir.021 556/726 | Building BVH
Fra:1 Mem:365.91M (Peak 412.25M) | Time:00:00.29 | Mem:191.63M, Peak:191.63M | Scene, ViewLayer | Updating Geometry BVH Sea arcade voussoir.021 556/726 | Building mesh BLAS |     188 tris | Sea arcade voussoir.021
Fra:1 Mem:365.91M (Peak 412.25M) | Time:00:00.29 | Mem:191.63M, Peak:191.63M | Scene, ViewLayer | Updating Geometry BVH Sea arcade voussoir.022 557/726 | Building BVH
Fra:1 Mem:365.91M (Peak 412.25M) | Time:00:00.29 | Mem:191.63M, Peak:191.63M | Scene, ViewLayer | Updating Geometry BVH Sea arcade voussoir.023 558/726 | Building BVH
Fra:1 Mem:365.91M (Peak 412.25M) | Time:00:00.29 | Mem:191.63M, Peak:191.63M | Scene, ViewLayer | Updating Geometry BVH Sea arcade voussoir.023 558/726 | Building mesh BLAS |     188 tris | Sea arcade voussoir.022
Fra:1 Mem:365.91M (Peak 412.25M) | Time:00:00.29 | Mem:191.63M, Peak:191.63M | Scene, ViewLayer | Updating Geometry BVH Sea arcade voussoir.024 559/726 | Building mesh BLAS |     188 tris | Sea arcade voussoir.023
Fra:1 Mem:365.91M (Peak 412.25M) | Time:00:00.29 | Mem:191.63M, Peak:191.63M | Scene, ViewLayer | Updating Geometry BVH Sea arcade voussoir.024 559/726 | Building mesh BLAS |     188 tris | Sea arcade voussoir.024
Fra:1 Mem:365.91M (Peak 412.25M) | Time:00:00.29 | Mem:191.65M, Peak:191.65M | Scene, ViewLayer | Updating Geometry BVH Sea arcade voussoir.025 560/726 | Building BVH
Fra:1 Mem:365.91M (Peak 412.25M) | Time:00:00.29 | Mem:191.65M, Peak:191.65M | Scene, ViewLayer | Updating Geometry BVH High cliff bridge voussoir.013 694/726 | Building BVH
Fra:1 Mem:365.91M (Peak 412.25M) | Time:00:00.29 | Mem:191.65M, Peak:191.65M | Scene, ViewLayer | Updating Geometry BVH High cliff bridge voussoir.013 694/726 | Building mesh BLAS |     188 tris | Sea arcade voussoir.025
Fra:1 Mem:365.91M (Peak 412.25M) | Time:00:00.29 | Mem:191.65M, Peak:191.65M | Scene, ViewLayer | Updating Geometry BVH High cliff bridge voussoir.013 694/726 | Building mesh BLAS |     188 tris | High cliff bridge voussoir.013
Fra:1 Mem:365.91M (Peak 412.25M) | Time:00:00.29 | Mem:191.65M, Peak:191.65M | Scene, ViewLayer | Updating Geometry BVH Sea arcade voussoir.026 561/726 | Building BVH
Fra:1 Mem:365.91M (Peak 412.25M) | Time:00:00.29 | Mem:191.67M, Peak:191.67M | Scene, ViewLayer | Updating Geometry BVH Sea arcade voussoir.026 561/726 | Building mesh BLAS |     188 tris | Sea arcade voussoir.026
Fra:1 Mem:365.91M (Peak 412.25M) | Time:00:00.29 | Mem:191.67M, Peak:191.67M | Scene, ViewLayer | Updating Geometry BVH Sea arcade voussoir.027 562/726 | Building BVH
Fra:1 Mem:365.91M (Peak 412.25M) | Time:00:00.29 | Mem:191.67M, Peak:191.67M | Scene, ViewLayer | Updating Geometry BVH Sea arcade voussoir.027 562/726 | Building mesh BLAS |     188 tris | Sea arcade voussoir.027
Fra:1 Mem:365.91M (Peak 412.25M) | Time:00:00.29 | Mem:191.69M, Peak:191.69M | Scene, ViewLayer | Updating Geometry BVH Sea arcade voussoir.028 563/726 | Building BVH
Fra:1 Mem:365.91M (Peak 412.25M) | Time:00:00.29 | Mem:191.69M, Peak:191.69M | Scene, ViewLayer | Updating Geometry BVH Sea arcade voussoir.029 564/726 | Building BVH
Fra:1 Mem:365.91M (Peak 412.25M) | Time:00:00.29 | Mem:191.70M, Peak:191.70M | Scene, ViewLayer | Updating Geometry BVH Sea arcade voussoir.030 565/726 | Building mesh BLAS |     188 tris | Sea arcade voussoir.028
Fra:1 Mem:365.91M (Peak 412.25M) | Time:00:00.29 | Mem:191.70M, Peak:191.70M | Scene, ViewLayer | Updating Geometry BVH Sea arcade voussoir.030 565/726 | Building mesh BLAS |     188 tris | Sea arcade voussoir.029
Fra:1 Mem:365.91M (Peak 412.25M) | Time:00:00.29 | Mem:191.70M, Peak:191.70M | Scene, ViewLayer | Updating Geometry BVH Sea arcade voussoir.030 565/726 | Building mesh BLAS |     188 tris | Sea arcade voussoir.030
Fra:1 Mem:365.91M (Peak 412.25M) | Time:00:00.29 | Mem:191.70M, Peak:191.70M | Scene, ViewLayer | Updating Geometry BVH Sea arcade voussoir.031 566/726 | Building BVH
Fra:1 Mem:365.91M (Peak 412.25M) | Time:00:00.29 | Mem:191.70M, Peak:191.70M | Scene, ViewLayer | Updating Geometry BVH Sea arcade voussoir.031 566/726 | Building mesh BLAS |     188 tris | Sea arcade voussoir.032
Fra:1 Mem:365.91M (Peak 412.25M) | Time:00:00.29 | Mem:191.70M, Peak:191.70M | Scene, ViewLayer | Updating Geometry BVH Sea arcade voussoir.031 566/726 | Building mesh BLAS |     188 tris | Sea arcade voussoir.031
Fra:1 Mem:365.91M (Peak 412.25M) | Time:00:00.29 | Mem:191.71M, Peak:191.71M | Scene, ViewLayer | Updating Geometry BVH Sea arcade voussoir.033 568/726 | Building BVH
Fra:1 Mem:365.91M (Peak 412.25M) | Time:00:00.29 | Mem:191.72M, Peak:191.72M | Scene, ViewLayer | Updating Geometry BVH Sea arcade voussoir.033 568/726 | Building mesh BLAS |     188 tris | Sea arcade voussoir.033
Fra:1 Mem:365.91M (Peak 412.25M) | Time:00:00.29 | Mem:191.72M, Peak:191.72M | Scene, ViewLayer | Updating Geometry BVH Sea arcade arch.002 569/726 | Building BVH
Fra:1 Mem:365.91M (Peak 412.25M) | Time:00:00.29 | Mem:191.72M, Peak:191.72M | Scene, ViewLayer | Updating Geometry BVH Sea arcade arch.002 569/726 | Building mesh BLAS |    1692 tris | Sea arcade arch.002
Fra:1 Mem:365.91M (Peak 412.25M) | Time:00:00.29 | Mem:191.72M, Peak:191.72M | Scene, ViewLayer | Updating Geometry BVH Sea arcade voussoir.034 570/726 | Building BVH
Fra:1 Mem:365.91M (Peak 412.25M) | Time:00:00.29 | Mem:191.72M, Peak:191.72M | Scene, ViewLayer | Updating Geometry BVH Sea arcade voussoir.034 570/726 | Building mesh BLAS |     188 tris | Sea arcade voussoir.034
Fra:1 Mem:365.91M (Peak 412.25M) | Time:00:00.29 | Mem:191.83M, Peak:191.83M | Scene, ViewLayer | Updating Geometry BVH Sea arcade voussoir.035 571/726 | Building BVH
Fra:1 Mem:365.91M (Peak 412.25M) | Time:00:00.29 | Mem:191.84M, Peak:191.84M | Scene, ViewLayer | Updating Geometry BVH Sea arcade voussoir.035 571/726 | Building mesh BLAS |     188 tris | Sea arcade voussoir.035
Fra:1 Mem:365.91M (Peak 412.25M) | Time:00:00.29 | Mem:191.85M, Peak:191.85M | Scene, ViewLayer | Updating Geometry BVH Sea arcade voussoir.036 572/726 | Building BVH
Fra:1 Mem:365.91M (Peak 412.25M) | Time:00:00.29 | Mem:191.85M, Peak:191.85M | Scene, ViewLayer | Updating Geometry BVH Sea arcade voussoir.037 573/726 | Building BVH
Fra:1 Mem:365.91M (Peak 412.25M) | Time:00:00.29 | Mem:191.85M, Peak:191.85M | Scene, ViewLayer | Updating Geometry BVH Sea arcade voussoir.037 573/726 | Building mesh BLAS |     188 tris | Sea arcade voussoir.036
Fra:1 Mem:365.91M (Peak 412.25M) | Time:00:00.29 | Mem:191.85M, Peak:191.85M | Scene, ViewLayer | Updating Geometry BVH Sea arcade voussoir.037 573/726 | Building mesh BLAS |     188 tris | Sea arcade voussoir.037
Fra:1 Mem:365.91M (Peak 412.25M) | Time:00:00.29 | Mem:191.88M, Peak:191.88M | Scene, ViewLayer | Updating Geometry BVH Sea arcade voussoir.038 574/726 | Building BVH
Fra:1 Mem:365.91M (Peak 412.25M) | Time:00:00.29 | Mem:191.89M, Peak:191.89M | Scene, ViewLayer | Updating Geometry BVH Sea arcade voussoir.039 575/726 | Building BVH
Fra:1 Mem:365.91M (Peak 412.25M) | Time:00:00.29 | Mem:191.90M, Peak:191.90M | Scene, ViewLayer | Updating Geometry BVH Sea arcade voussoir.039 575/726 | Building mesh BLAS |     188 tris | Sea arcade voussoir.039
Fra:1 Mem:365.91M (Peak 412.25M) | Time:00:00.29 | Mem:191.90M, Peak:191.90M | Scene, ViewLayer | Updating Geometry BVH High cliff bridge voussoir.012 693/726 | Building BVH
Fra:1 Mem:365.91M (Peak 412.25M) | Time:00:00.29 | Mem:191.90M, Peak:191.90M | Scene, ViewLayer | Updating Geometry BVH Sea arcade voussoir.040 576/726 | Building BVH
Fra:1 Mem:365.91M (Peak 412.25M) | Time:00:00.29 | Mem:191.90M, Peak:191.90M | Scene, ViewLayer | Updating Geometry BVH Sea arcade voussoir.040 576/726 | Building mesh BLAS |     188 tris | High cliff bridge voussoir.012
Fra:1 Mem:365.91M (Peak 412.25M) | Time:00:00.29 | Mem:191.90M, Peak:191.90M | Scene, ViewLayer | Updating Geometry BVH Sea arcade voussoir.040 576/726 | Building mesh BLAS |     188 tris | Sea arcade voussoir.040
Fra:1 Mem:365.91M (Peak 412.25M) | Time:00:00.29 | Mem:191.90M, Peak:191.90M | Scene, ViewLayer | Updating Geometry BVH Sea arcade voussoir.041 577/726 | Building BVH
Fra:1 Mem:365.91M (Peak 412.25M) | Time:00:00.29 | Mem:191.90M, Peak:191.90M | Scene, ViewLayer | Updating Geometry BVH Sea arcade voussoir.041 577/726 | Building mesh BLAS |     188 tris | Sea arcade voussoir.041
Fra:1 Mem:365.91M (Peak 412.25M) | Time:00:00.29 | Mem:191.91M, Peak:191.91M | Scene, ViewLayer | Updating Geometry BVH Sea arcade voussoir.042 578/726 | Building BVH
Fra:1 Mem:365.91M (Peak 412.25M) | Time:00:00.29 | Mem:191.91M, Peak:191.91M | Scene, ViewLayer | Updating Geometry BVH Sea arcade voussoir.043 579/726 | Building BVH
Fra:1 Mem:365.91M (Peak 412.25M) | Time:00:00.29 | Mem:191.91M, Peak:191.91M | Scene, ViewLayer | Updating Geometry BVH Sea arcade voussoir.043 579/726 | Building mesh BLAS |     188 tris | Sea arcade voussoir.042
Fra:1 Mem:365.91M (Peak 412.25M) | Time:00:00.29 | Mem:191.91M, Peak:191.91M | Scene, ViewLayer | Updating Geometry BVH Sea arcade voussoir.043 579/726 | Building mesh BLAS |     188 tris | Sea arcade voussoir.043
Fra:1 Mem:365.91M (Peak 412.25M) | Time:00:00.29 | Mem:191.95M, Peak:191.95M | Scene, ViewLayer | Updating Geometry BVH Sea arcade voussoir.044 580/726 | Building BVH
Fra:1 Mem:365.91M (Peak 412.25M) | Time:00:00.29 | Mem:191.95M, Peak:191.95M | Scene, ViewLayer | Updating Geometry BVH Sea arcade voussoir.044 580/726 | Building mesh BLAS |     188 tris | Sea arcade voussoir.044
Fra:1 Mem:365.91M (Peak 412.25M) | Time:00:00.29 | Mem:191.95M, Peak:191.95M | Scene, ViewLayer | Updating Geometry BVH Sea arcade voussoir.045 581/726 | Building BVH
Fra:1 Mem:365.91M (Peak 412.25M) | Time:00:00.29 | Mem:191.95M, Peak:191.95M | Scene, ViewLayer | Updating Geometry BVH Sea arcade voussoir.046 582/726 | Building BVH
Fra:1 Mem:365.91M (Peak 412.25M) | Time:00:00.29 | Mem:191.95M, Peak:191.95M | Scene, ViewLayer | Updating Geometry BVH Sea arcade voussoir.046 582/726 | Building mesh BLAS |     188 tris | Sea arcade voussoir.045
Fra:1 Mem:365.91M (Peak 412.25M) | Time:00:00.29 | Mem:191.95M, Peak:191.95M | Scene, ViewLayer | Updating Geometry BVH Sea arcade voussoir.047 583/726 | Building BVH
Fra:1 Mem:365.91M (Peak 412.25M) | Time:00:00.29 | Mem:191.95M, Peak:191.95M | Scene, ViewLayer | Updating Geometry BVH Sea arcade voussoir.048 584/726 | Building BVH
Fra:1 Mem:365.91M (Peak 412.25M) | Time:00:00.29 | Mem:191.95M, Peak:191.95M | Scene, ViewLayer | Updating Geometry BVH Sea arcade voussoir.048 584/726 | Building mesh BLAS |     188 tris | Sea arcade voussoir.047
Fra:1 Mem:365.91M (Peak 412.25M) | Time:00:00.29 | Mem:191.95M, Peak:191.95M | Scene, ViewLayer | Updating Geometry BVH Sea arcade voussoir.048 584/726 | Building mesh BLAS |     188 tris | Sea arcade voussoir.048
Fra:1 Mem:365.91M (Peak 412.25M) | Time:00:00.29 | Mem:191.97M, Peak:191.97M | Scene, ViewLayer | Updating Geometry BVH Sea arcade voussoir.049 585/726 | Building BVH
Fra:1 Mem:365.91M (Peak 412.25M) | Time:00:00.29 | Mem:191.98M, Peak:191.98M | Scene, ViewLayer | Updating Geometry BVH Sea arcade voussoir.050 586/726 | Building BVH
Fra:1 Mem:365.91M (Peak 412.25M) | Time:00:00.29 | Mem:191.98M, Peak:191.98M | Scene, ViewLayer | Updating Geometry BVH Sea arcade voussoir.050 586/726 | Building mesh BLAS |     188 tris | Sea arcade voussoir.049
Fra:1 Mem:365.91M (Peak 412.25M) | Time:00:00.29 | Mem:191.99M, Peak:191.99M | Scene, ViewLayer | Updating Geometry BVH Sea arcade voussoir.050 586/726 | Building mesh BLAS |     188 tris | Sea arcade voussoir.050
Fra:1 Mem:365.91M (Peak 412.25M) | Time:00:00.29 | Mem:192.01M, Peak:192.01M | Scene, ViewLayer | Updating Geometry BVH Stair vault.004 587/726 | Building BVH
Fra:1 Mem:365.91M (Peak 412.25M) | Time:00:00.29 | Mem:192.01M, Peak:192.01M | Scene, ViewLayer | Updating Geometry BVH Stair vault.004 587/726 | Building mesh BLAS |     188 tris | Stair vault.004
Fra:1 Mem:365.91M (Peak 412.25M) | Time:00:00.29 | Mem:192.01M, Peak:192.01M | Scene, ViewLayer | Updating Geometry BVH Arrival shrine arch 588/726 | Building BVH
Fra:1 Mem:365.91M (Peak 412.25M) | Time:00:00.29 | Mem:192.01M, Peak:192.01M | Scene, ViewLayer | Updating Geometry BVH Arrival shrine arch.001 589/726 | Building BVH
Fra:1 Mem:365.91M (Peak 412.25M) | Time:00:00.29 | Mem:192.01M, Peak:192.01M | Scene, ViewLayer | Updating Geometry BVH Arrival shrine arch.001 589/726 | Building mesh BLAS |    1692 tris | Arrival shrine arch
Fra:1 Mem:365.91M (Peak 412.25M) | Time:00:00.29 | Mem:192.01M, Peak:192.01M | Scene, ViewLayer | Updating Geometry BVH Arrival shrine arch.001 589/726 | Building mesh BLAS |    1692 tris | Arrival shrine arch.001
Fra:1 Mem:365.91M (Peak 412.25M) | Time:00:00.29 | Mem:192.02M, Peak:192.02M | Scene, ViewLayer | Updating Geometry BVH Arrival shrine arch.002 590/726 | Building BVH
Fra:1 Mem:365.91M (Peak 412.25M) | Time:00:00.29 | Mem:192.04M, Peak:192.04M | Scene, ViewLayer | Updating Geometry BVH High cliff bridge voussoir.011 692/726 | Building BVH
Fra:1 Mem:365.91M (Peak 412.25M) | Time:00:00.29 | Mem:192.05M, Peak:192.05M | Scene, ViewLayer | Updating Geometry BVH Arrival shrine copper dome 592/726 | Building BVH
Fra:1 Mem:365.91M (Peak 412.25M) | Time:00:00.29 | Mem:192.06M, Peak:192.06M | Scene, ViewLayer | Updating Geometry BVH Arrival shrine copper dome 592/726 | Building mesh BLAS |     188 tris | High cliff bridge voussoir.011
Fra:1 Mem:365.91M (Peak 412.25M) | Time:00:00.29 | Mem:192.06M, Peak:192.06M | Scene, ViewLayer | Updating Geometry BVH Arrival shrine copper dome 592/726 | Building mesh BLAS |   13824 tris | Arrival shrine copper dome
Fra:1 Mem:365.91M (Peak 412.25M) | Time:00:00.29 | Mem:192.07M, Peak:192.07M | Scene, ViewLayer | Updating Geometry BVH Raised standing seam 593/726 | Building BVH
Fra:1 Mem:365.91M (Peak 412.25M) | Time:00:00.29 | Mem:192.07M, Peak:192.07M | Scene, ViewLayer | Updating Geometry BVH Raised standing seam 593/726 | Building mesh BLAS |    1152 tris | Raised standing seam
Fra:1 Mem:365.91M (Peak 412.25M) | Time:00:00.29 | Mem:192.07M, Peak:192.07M | Scene, ViewLayer | Updating Geometry BVH Raised standing seam 593/726 | Building mesh BLAS |    1692 tris | Arrival shrine arch.003
Fra:1 Mem:365.91M (Peak 412.25M) | Time:00:00.29 | Mem:192.07M, Peak:192.07M | Scene, ViewLayer | Updating Geometry BVH Raised standing seam.002 595/726 | Building BVH
Fra:1 Mem:365.91M (Peak 412.25M) | Time:00:00.29 | Mem:192.07M, Peak:192.07M | Scene, ViewLayer | Updating Geometry BVH Raised standing seam.002 595/726 | Building mesh BLAS |    1152 tris | Raised standing seam.001
Fra:1 Mem:365.91M (Peak 412.25M) | Time:00:00.29 | Mem:192.07M, Peak:192.07M | Scene, ViewLayer | Updating Geometry BVH Raised standing seam.002 595/726 | Building mesh BLAS |    1152 tris | Raised standing seam.002
Fra:1 Mem:365.91M (Peak 412.25M) | Time:00:00.29 | Mem:192.07M, Peak:192.07M | Scene, ViewLayer | Updating Geometry BVH Raised standing seam.003 596/726 | Building BVH
Fra:1 Mem:365.91M (Peak 412.25M) | Time:00:00.29 | Mem:192.07M, Peak:192.07M | Scene, ViewLayer | Updating Geometry BVH Raised standing seam.003 596/726 | Building mesh BLAS |    1152 tris | Raised standing seam.003
Fra:1 Mem:365.91M (Peak 412.25M) | Time:00:00.29 | Mem:192.10M, Peak:192.10M | Scene, ViewLayer | Updating Geometry BVH Raised standing seam.004 597/726 | Building BVH
Fra:1 Mem:365.91M (Peak 412.25M) | Time:00:00.29 | Mem:192.10M, Peak:192.10M | Scene, ViewLayer | Updating Geometry BVH Raised standing seam.004 597/726 | Building mesh BLAS |    1152 tris | Raised standing seam.004
Fra:1 Mem:365.91M (Peak 412.25M) | Time:00:00.29 | Mem:192.11M, Peak:192.11M | Scene, ViewLayer | Updating Geometry BVH Raised standing seam.005 598/726 | Building BVH
Fra:1 Mem:365.91M (Peak 412.25M) | Time:00:00.29 | Mem:192.12M, Peak:192.12M | Scene, ViewLayer | Updating Geometry BVH Raised standing seam.006 599/726 | Building BVH
Fra:1 Mem:365.91M (Peak 412.25M) | Time:00:00.29 | Mem:192.13M, Peak:192.13M | Scene, ViewLayer | Updating Geometry BVH Raised standing seam.007 600/726 | Building BVH
Fra:1 Mem:365.91M (Peak 412.25M) | Time:00:00.29 | Mem:192.13M, Peak:192.13M | Scene, ViewLayer | Updating Geometry BVH Raised standing seam.007 600/726 | Building mesh BLAS |    1152 tris | Raised standing seam.005
Fra:1 Mem:365.91M (Peak 412.25M) | Time:00:00.29 | Mem:192.13M, Peak:192.13M | Scene, ViewLayer | Updating Geometry BVH Raised standing seam.008 601/726 | Building BVH
Fra:1 Mem:365.91M (Peak 412.25M) | Time:00:00.29 | Mem:192.13M, Peak:192.13M | Scene, ViewLayer | Updating Geometry BVH Raised standing seam.008 601/726 | Building mesh BLAS |    1152 tris | Raised standing seam.008
Fra:1 Mem:365.91M (Peak 412.25M) | Time:00:00.30 | Mem:192.16M, Peak:192.16M | Scene, ViewLayer | Updating Geometry BVH Raised standing seam.009 602/726 | Building BVH
Fra:1 Mem:365.91M (Peak 412.25M) | Time:00:00.30 | Mem:192.16M, Peak:192.16M | Scene, ViewLayer | Updating Geometry BVH Raised standing seam.010 603/726 | Building BVH
Fra:1 Mem:365.91M (Peak 412.25M) | Time:00:00.30 | Mem:192.16M, Peak:192.16M | Scene, ViewLayer | Updating Geometry BVH Raised standing seam.010 603/726 | Building mesh BLAS |    1152 tris | Raised standing seam.009
Fra:1 Mem:365.91M (Peak 412.25M) | Time:00:00.30 | Mem:192.16M, Peak:192.16M | Scene, ViewLayer | Updating Geometry BVH Raised standing seam.010 603/726 | Building mesh BLAS |    1152 tris | Raised standing seam.010
Fra:1 Mem:365.91M (Peak 412.25M) | Time:00:00.30 | Mem:192.17M, Peak:192.17M | Scene, ViewLayer | Updating Geometry BVH Raised standing seam.011 604/726 | Building BVH
Fra:1 Mem:365.91M (Peak 412.25M) | Time:00:00.30 | Mem:192.17M, Peak:192.17M | Scene, ViewLayer | Updating Geometry BVH Raised standing seam.011 604/726 | Building mesh BLAS |    1152 tris | Raised standing seam.011
Fra:1 Mem:365.91M (Peak 412.25M) | Time:00:00.30 | Mem:192.17M, Peak:192.17M | Scene, ViewLayer | Updating Geometry BVH Raised standing seam.012 605/726 | Building BVH
Fra:1 Mem:365.91M (Peak 412.25M) | Time:00:00.30 | Mem:192.18M, Peak:192.18M | Scene, ViewLayer | Updating Geometry BVH Raised standing seam.013 606/726 | Building BVH
Fra:1 Mem:365.91M (Peak 412.25M) | Time:00:00.30 | Mem:192.20M, Peak:192.20M | Scene, ViewLayer | Updating Geometry BVH Raised standing seam.013 606/726 | Building mesh BLAS |    1152 tris | Raised standing seam.012
Fra:1 Mem:365.91M (Peak 412.25M) | Time:00:00.30 | Mem:192.20M, Peak:192.20M | Scene, ViewLayer | Updating Geometry BVH Raised standing seam.014 607/726 | Building BVH
Fra:1 Mem:365.91M (Peak 412.25M) | Time:00:00.30 | Mem:192.20M, Peak:192.20M | Scene, ViewLayer | Updating Geometry BVH Raised standing seam.014 607/726 | Building mesh BLAS |    1152 tris | Raised standing seam.013
Fra:1 Mem:365.91M (Peak 412.25M) | Time:00:00.30 | Mem:192.20M, Peak:192.20M | Scene, ViewLayer | Updating Geometry BVH Raised standing seam.014 607/726 | Building mesh BLAS |    1152 tris | Raised standing seam.014
Fra:1 Mem:365.91M (Peak 412.25M) | Time:00:00.30 | Mem:193.03M, Peak:193.03M | Scene, ViewLayer | Updating Geometry BVH Raised standing seam.015 608/726 | Building BVH
Fra:1 Mem:365.91M (Peak 412.25M) | Time:00:00.30 | Mem:193.86M, Peak:193.86M | Scene, ViewLayer | Updating Geometry BVH Dome rolled rim 609/726 | Building BVH
Fra:1 Mem:365.91M (Peak 412.25M) | Time:00:00.30 | Mem:194.69M, Peak:194.69M | Scene, ViewLayer | Updating Geometry BVH Dome rolled rim 609/726 | Building mesh BLAS |    1152 tris | Raised standing seam.015
Fra:1 Mem:365.91M (Peak 412.25M) | Time:00:00.30 | Mem:194.69M, Peak:194.69M | Scene, ViewLayer | Updating Geometry BVH Dome rolled rim 609/726 | Building mesh BLAS |    1536 tris | Dome rolled rim
Fra:1 Mem:365.91M (Peak 412.25M) | Time:00:00.30 | Mem:194.69M, Peak:194.69M | Scene, ViewLayer | Updating Geometry BVH Dome rolled rim.001 610/726 | Building BVH
Fra:1 Mem:365.91M (Peak 412.25M) | Time:00:00.30 | Mem:194.69M, Peak:194.69M | Scene, ViewLayer | Updating Geometry BVH Dome rolled rim.001 610/726 | Building mesh BLAS |    1536 tris | Dome rolled rim.001
Fra:1 Mem:365.91M (Peak 412.25M) | Time:00:00.30 | Mem:194.69M, Peak:194.69M | Scene, ViewLayer | Updating Geometry BVH Island pavilion 0 arch 611/726 | Building BVH
Fra:1 Mem:365.91M (Peak 412.25M) | Time:00:00.30 | Mem:194.69M, Peak:194.69M | Scene, ViewLayer | Updating Geometry BVH Island pavilion 0 arch.001 612/726 | Building BVH
Fra:1 Mem:365.91M (Peak 412.25M) | Time:00:00.30 | Mem:194.69M, Peak:194.69M | Scene, ViewLayer | Updating Geometry BVH Island pavilion 0 arch.001 612/726 | Building mesh BLAS |    1692 tris | Island pavilion 0 arch
Fra:1 Mem:365.91M (Peak 412.25M) | Time:00:00.30 | Mem:194.69M, Peak:194.69M | Scene, ViewLayer | Updating Geometry BVH Island pavilion 0 arch.001 612/726 | Building mesh BLAS |    1692 tris | Island pavilion 0 arch.001
Fra:1 Mem:365.91M (Peak 412.25M) | Time:00:00.30 | Mem:197.59M, Peak:197.59M | Scene, ViewLayer | Updating Geometry BVH Island pavilion 0 arch.002 613/726 | Building BVH
Fra:1 Mem:365.91M (Peak 412.25M) | Time:00:00.30 | Mem:197.59M, Peak:197.59M | Scene, ViewLayer | Updating Geometry BVH Island pavilion 0 arch.002 613/726 | Building mesh BLAS |    1692 tris | Island pavilion 0 arch.002
Fra:1 Mem:365.91M (Peak 412.25M) | Time:00:00.30 | Mem:198.42M, Peak:198.42M | Scene, ViewLayer | Updating Geometry BVH Island pavilion 0 arch.003 614/726 | Building BVH
Fra:1 Mem:365.91M (Peak 412.25M) | Time:00:00.30 | Mem:198.42M, Peak:198.42M | Scene, ViewLayer | Updating Geometry BVH Island pavilion 0 arch.003 614/726 | Building mesh BLAS |    1692 tris | Island pavilion 0 arch.003
Fra:1 Mem:365.91M (Peak 412.25M) | Time:00:00.30 | Mem:205.20M, Peak:205.20M | Scene, ViewLayer | Updating Geometry BVH Island pavilion 0 copper dome 615/726 | Building BVH
Fra:1 Mem:365.91M (Peak 412.25M) | Time:00:00.30 | Mem:207.48M, Peak:207.48M | Scene, ViewLayer | Updating Geometry BVH Raised standing seam.016 616/726 | Building BVH
Fra:1 Mem:365.91M (Peak 412.25M) | Time:00:00.30 | Mem:207.48M, Peak:207.48M | Scene, ViewLayer | Updating Geometry BVH Raised standing seam.016 616/726 | Building mesh BLAS |    1152 tris | Raised standing seam.016
Fra:1 Mem:365.91M (Peak 412.25M) | Time:00:00.30 | Mem:207.48M, Peak:207.48M | Scene, ViewLayer | Updating Geometry BVH Raised standing seam.017 617/726 | Building BVH
Fra:1 Mem:365.91M (Peak 412.25M) | Time:00:00.30 | Mem:207.48M, Peak:207.48M | Scene, ViewLayer | Updating Geometry BVH Raised standing seam.018 618/726 | Building mesh BLAS |   13824 tris | Island pavilion 0 copper dome
Fra:1 Mem:365.91M (Peak 412.25M) | Time:00:00.30 | Mem:207.48M, Peak:207.48M | Scene, ViewLayer | Updating Geometry BVH Raised standing seam.018 618/726 | Building mesh BLAS |    1152 tris | Raised standing seam.018
Fra:1 Mem:365.91M (Peak 412.25M) | Time:00:00.30 | Mem:207.49M, Peak:207.49M | Scene, ViewLayer | Updating Geometry BVH Raised standing seam.019 619/726 | Building BVH
Fra:1 Mem:365.91M (Peak 412.25M) | Time:00:00.30 | Mem:207.49M, Peak:207.49M | Scene, ViewLayer | Updating Geometry BVH Raised standing seam.019 619/726 | Building mesh BLAS |    1152 tris | Raised standing seam.019
Fra:1 Mem:365.91M (Peak 412.25M) | Time:00:00.30 | Mem:207.49M, Peak:207.49M | Scene, ViewLayer | Updating Geometry BVH Raised standing seam.020 620/726 | Building BVH
Fra:1 Mem:365.91M (Peak 412.25M) | Time:00:00.30 | Mem:207.49M, Peak:207.49M | Scene, ViewLayer | Updating Geometry BVH Raised standing seam.020 620/726 | Building mesh BLAS |    1152 tris | Raised standing seam.020
Fra:1 Mem:365.91M (Peak 412.25M) | Time:00:00.30 | Mem:209.27M, Peak:209.27M | Scene, ViewLayer | Updating Geometry BVH Raised standing seam.021 621/726 | Building BVH
Fra:1 Mem:365.91M (Peak 412.25M) | Time:00:00.30 | Mem:209.27M, Peak:209.27M | Scene, ViewLayer | Updating Geometry BVH Raised standing seam.022 622/726 | Building BVH
Fra:1 Mem:365.91M (Peak 412.25M) | Time:00:00.30 | Mem:209.27M, Peak:209.27M | Scene, ViewLayer | Updating Geometry BVH Raised standing seam.022 622/726 | Building mesh BLAS |    1152 tris | Raised standing seam.021
Fra:1 Mem:365.91M (Peak 412.25M) | Time:00:00.30 | Mem:209.27M, Peak:209.27M | Scene, ViewLayer | Updating Geometry BVH Raised standing seam.022 622/726 | Building mesh BLAS |    1152 tris | Raised standing seam.022
Fra:1 Mem:365.91M (Peak 412.25M) | Time:00:00.30 | Mem:209.32M, Peak:209.32M | Scene, ViewLayer | Updating Geometry BVH Raised standing seam.023 623/726 | Building BVH
Fra:1 Mem:365.91M (Peak 412.25M) | Time:00:00.30 | Mem:209.32M, Peak:209.32M | Scene, ViewLayer | Updating Geometry BVH High cliff bridge voussoir.009 690/726 | Building BVH
Fra:1 Mem:365.91M (Peak 412.25M) | Time:00:00.30 | Mem:209.32M, Peak:209.32M | Scene, ViewLayer | Updating Geometry BVH High cliff bridge voussoir.009 690/726 | Building mesh BLAS |     188 tris | High cliff bridge voussoir.009
Fra:1 Mem:365.91M (Peak 412.25M) | Time:00:00.30 | Mem:209.32M, Peak:209.32M | Scene, ViewLayer | Updating Geometry BVH Raised standing seam.024 624/726 | Building BVH
Fra:1 Mem:365.91M (Peak 412.25M) | Time:00:00.30 | Mem:209.32M, Peak:209.32M | Scene, ViewLayer | Updating Geometry BVH Raised standing seam.024 624/726 | Building mesh BLAS |    1152 tris | Raised standing seam.024
Fra:1 Mem:365.91M (Peak 412.25M) | Time:00:00.30 | Mem:209.33M, Peak:209.33M | Scene, ViewLayer | Updating Geometry BVH Raised standing seam.025 625/726 | Building BVH
Fra:1 Mem:365.91M (Peak 412.25M) | Time:00:00.30 | Mem:209.42M, Peak:209.42M | Scene, ViewLayer | Updating Geometry BVH Raised standing seam.025 625/726 | Building mesh BLAS |    1152 tris | Raised standing seam.025
Fra:1 Mem:365.91M (Peak 412.25M) | Time:00:00.30 | Mem:209.43M, Peak:209.43M | Scene, ViewLayer | Updating Geometry BVH Raised standing seam.026 626/726 | Building BVH
Fra:1 Mem:365.91M (Peak 412.25M) | Time:00:00.30 | Mem:209.44M, Peak:209.44M | Scene, ViewLayer | Updating Geometry BVH Raised standing seam.027 627/726 | Building BVH
Fra:1 Mem:365.91M (Peak 412.25M) | Time:00:00.30 | Mem:209.44M, Peak:209.44M | Scene, ViewLayer | Updating Geometry BVH Raised standing seam.027 627/726 | Building mesh BLAS |    1152 tris | Raised standing seam.026
Fra:1 Mem:365.91M (Peak 412.25M) | Time:00:00.30 | Mem:209.44M, Peak:209.44M | Scene, ViewLayer | Updating Geometry BVH Raised standing seam.028 628/726 | Building BVH
Fra:1 Mem:365.91M (Peak 412.25M) | Time:00:00.30 | Mem:209.45M, Peak:209.45M | Scene, ViewLayer | Updating Geometry BVH Raised standing seam.029 629/726 | Building BVH
Fra:1 Mem:365.91M (Peak 412.25M) | Time:00:00.30 | Mem:209.45M, Peak:209.45M | Scene, ViewLayer | Updating Geometry BVH Raised standing seam.029 629/726 | Building mesh BLAS |    1152 tris | Raised standing seam.028
Fra:1 Mem:365.91M (Peak 412.25M) | Time:00:00.30 | Mem:209.46M, Peak:209.46M | Scene, ViewLayer | Updating Geometry BVH Raised standing seam.029 629/726 | Building mesh BLAS |    1152 tris | Raised standing seam.029
Fra:1 Mem:365.91M (Peak 412.25M) | Time:00:00.30 | Mem:209.49M, Peak:209.49M | Scene, ViewLayer | Updating Geometry BVH Raised standing seam.031 631/726 | Building BVH
Fra:1 Mem:365.91M (Peak 412.25M) | Time:00:00.30 | Mem:209.50M, Peak:209.50M | Scene, ViewLayer | Updating Geometry BVH Dome rolled rim.002 632/726 | Building BVH
Fra:1 Mem:365.91M (Peak 412.25M) | Time:00:00.30 | Mem:209.50M, Peak:209.50M | Scene, ViewLayer | Updating Geometry BVH Island pavilion 1 arch 634/726 | Building BVH
Fra:1 Mem:365.91M (Peak 412.25M) | Time:00:00.30 | Mem:209.50M, Peak:209.50M | Scene, ViewLayer | Updating Geometry BVH Island pavilion 1 arch 634/726 | Building mesh BLAS |    1152 tris | Raised standing seam.030
Fra:1 Mem:365.91M (Peak 412.25M) | Time:00:00.30 | Mem:209.50M, Peak:209.50M | Scene, ViewLayer | Updating Geometry BVH Island pavilion 1 arch.001 635/726 | Building BVH
Fra:1 Mem:365.91M (Peak 412.25M) | Time:00:00.30 | Mem:209.50M, Peak:209.50M | Scene, ViewLayer | Updating Geometry BVH Island pavilion 1 arch.001 635/726 | Building mesh BLAS |    1536 tris | Dome rolled rim.003
Fra:1 Mem:365.91M (Peak 412.25M) | Time:00:00.30 | Mem:209.51M, Peak:209.51M | Scene, ViewLayer | Updating Geometry BVH Island pavilion 1 arch.001 635/726 | Building mesh BLAS |    1692 tris | Island pavilion 1 arch.001
Fra:1 Mem:365.91M (Peak 412.25M) | Time:00:00.30 | Mem:209.51M, Peak:209.51M | Scene, ViewLayer | Updating Geometry BVH Island pavilion 1 arch.002 636/726 | Building mesh BLAS |    1536 tris | Dome rolled rim.002
Fra:1 Mem:365.91M (Peak 412.25M) | Time:00:00.30 | Mem:209.51M, Peak:209.51M | Scene, ViewLayer | Updating Geometry BVH Island pavilion 1 arch.002 636/726 | Building mesh BLAS |    1152 tris | Raised standing seam.031
Fra:1 Mem:365.91M (Peak 412.25M) | Time:00:00.30 | Mem:209.51M, Peak:209.51M | Scene, ViewLayer | Updating Geometry BVH Island pavilion 1 arch.002 636/726 | Building mesh BLAS |    1692 tris | Island pavilion 1 arch.002
Fra:1 Mem:365.91M (Peak 412.25M) | Time:00:00.30 | Mem:209.54M, Peak:209.54M | Scene, ViewLayer | Updating Geometry BVH Island pavilion 1 arch.003 637/726 | Building BVH
Fra:1 Mem:365.91M (Peak 412.25M) | Time:00:00.30 | Mem:209.54M, Peak:209.54M | Scene, ViewLayer | Updating Geometry BVH Island pavilion 1 arch.003 637/726 | Building mesh BLAS |    1692 tris | Island pavilion 1 arch.003
Fra:1 Mem:365.91M (Peak 412.25M) | Time:00:00.30 | Mem:209.55M, Peak:209.55M | Scene, ViewLayer | Updating Geometry BVH Island pavilion 1 copper dome 638/726 | Building BVH
Fra:1 Mem:365.91M (Peak 412.25M) | Time:00:00.30 | Mem:209.55M, Peak:209.55M | Scene, ViewLayer | Updating Geometry BVH Raised standing seam.032 639/726 | Building BVH
Fra:1 Mem:365.91M (Peak 412.25M) | Time:00:00.30 | Mem:209.55M, Peak:209.55M | Scene, ViewLayer | Updating Geometry BVH Raised standing seam.032 639/726 | Building mesh BLAS |    1152 tris | Raised standing seam.032
Fra:1 Mem:365.91M (Peak 412.25M) | Time:00:00.30 | Mem:209.55M, Peak:209.55M | Scene, ViewLayer | Updating Geometry BVH Raised standing seam.032 639/726 | Building mesh BLAS |   13824 tris | Island pavilion 1 copper dome
Fra:1 Mem:365.91M (Peak 412.25M) | Time:00:00.30 | Mem:209.55M, Peak:209.55M | Scene, ViewLayer | Updating Geometry BVH High cliff bridge voussoir.008 689/726 | Building BVH
Fra:1 Mem:365.91M (Peak 412.25M) | Time:00:00.30 | Mem:209.55M, Peak:209.55M | Scene, ViewLayer | Updating Geometry BVH High cliff bridge voussoir.008 689/726 | Building mesh BLAS |     188 tris | High cliff bridge voussoir.008
Fra:1 Mem:365.91M (Peak 412.25M) | Time:00:00.30 | Mem:209.55M, Peak:209.55M | Scene, ViewLayer | Updating Geometry BVH Raised standing seam.033 640/726 | Building BVH
Fra:1 Mem:365.91M (Peak 412.25M) | Time:00:00.30 | Mem:209.55M, Peak:209.55M | Scene, ViewLayer | Updating Geometry BVH Raised standing seam.034 641/726 | Building BVH
Fra:1 Mem:365.91M (Peak 412.25M) | Time:00:00.30 | Mem:209.55M, Peak:209.55M | Scene, ViewLayer | Updating Geometry BVH Raised standing seam.034 641/726 | Building mesh BLAS |    1152 tris | Raised standing seam.033
Fra:1 Mem:365.91M (Peak 412.25M) | Time:00:00.30 | Mem:209.55M, Peak:209.55M | Scene, ViewLayer | Updating Geometry BVH Raised standing seam.034 641/726 | Building mesh BLAS |    1152 tris | Raised standing seam.034
Fra:1 Mem:365.91M (Peak 412.25M) | Time:00:00.30 | Mem:209.58M, Peak:209.58M | Scene, ViewLayer | Updating Geometry BVH Raised standing seam.035 642/726 | Building BVH
Fra:1 Mem:365.91M (Peak 412.25M) | Time:00:00.30 | Mem:209.58M, Peak:209.58M | Scene, ViewLayer | Updating Geometry BVH Raised standing seam.035 642/726 | Building mesh BLAS |    1152 tris | Raised standing seam.035
Fra:1 Mem:365.91M (Peak 412.25M) | Time:00:00.30 | Mem:209.70M, Peak:209.70M | Scene, ViewLayer | Updating Geometry BVH Raised standing seam.036 643/726 | Building BVH
Fra:1 Mem:365.91M (Peak 412.25M) | Time:00:00.30 | Mem:209.70M, Peak:209.70M | Scene, ViewLayer | Updating Geometry BVH Raised standing seam.036 643/726 | Building mesh BLAS |    1152 tris | Raised standing seam.036
Fra:1 Mem:365.91M (Peak 412.25M) | Time:00:00.30 | Mem:209.70M, Peak:209.70M | Scene, ViewLayer | Updating Geometry BVH Raised standing seam.037 644/726 | Building BVH
Fra:1 Mem:365.91M (Peak 412.25M) | Time:00:00.30 | Mem:209.70M, Peak:209.70M | Scene, ViewLayer | Updating Geometry BVH Raised standing seam.037 644/726 | Building mesh BLAS |    1152 tris | Raised standing seam.037
Fra:1 Mem:365.91M (Peak 412.25M) | Time:00:00.30 | Mem:209.70M, Peak:209.70M | Scene, ViewLayer | Updating Geometry BVH Raised standing seam.038 645/726 | Building BVH
Fra:1 Mem:365.91M (Peak 412.25M) | Time:00:00.30 | Mem:209.71M, Peak:209.71M | Scene, ViewLayer | Updating Geometry BVH Raised standing seam.038 645/726 | Building mesh BLAS |    1152 tris | Raised standing seam.038
Fra:1 Mem:365.91M (Peak 412.25M) | Time:00:00.30 | Mem:209.71M, Peak:209.71M | Scene, ViewLayer | Updating Geometry BVH Raised standing seam.039 646/726 | Building BVH
Fra:1 Mem:365.91M (Peak 412.25M) | Time:00:00.30 | Mem:209.71M, Peak:209.71M | Scene, ViewLayer | Updating Geometry BVH Raised standing seam.040 647/726 | Building BVH
Fra:1 Mem:365.91M (Peak 412.25M) | Time:00:00.30 | Mem:209.71M, Peak:209.71M | Scene, ViewLayer | Updating Geometry BVH Raised standing seam.040 647/726 | Building mesh BLAS |    1152 tris | Raised standing seam.039
Fra:1 Mem:365.91M (Peak 412.25M) | Time:00:00.30 | Mem:209.71M, Peak:209.71M | Scene, ViewLayer | Updating Geometry BVH Raised standing seam.040 647/726 | Building mesh BLAS |    1152 tris | Raised standing seam.040
Fra:1 Mem:365.91M (Peak 412.25M) | Time:00:00.30 | Mem:209.72M, Peak:209.72M | Scene, ViewLayer | Updating Geometry BVH Raised standing seam.041 648/726 | Building BVH
Fra:1 Mem:365.91M (Peak 412.25M) | Time:00:00.30 | Mem:209.73M, Peak:209.73M | Scene, ViewLayer | Updating Geometry BVH Raised standing seam.042 649/726 | Building mesh BLAS |    1152 tris | Raised standing seam.041
Fra:1 Mem:365.91M (Peak 412.25M) | Time:00:00.30 | Mem:209.75M, Peak:209.75M | Scene, ViewLayer | Updating Geometry BVH Raised standing seam.042 649/726 | Building mesh BLAS |    1152 tris | Raised standing seam.042
Fra:1 Mem:365.91M (Peak 412.25M) | Time:00:00.30 | Mem:209.76M, Peak:209.76M | Scene, ViewLayer | Updating Geometry BVH Raised standing seam.043 650/726 | Building BVH
Fra:1 Mem:365.91M (Peak 412.25M) | Time:00:00.30 | Mem:209.77M, Peak:209.77M | Scene, ViewLayer | Updating Geometry BVH Raised standing seam.043 650/726 | Building mesh BLAS |    1152 tris | Raised standing seam.043
Fra:1 Mem:365.91M (Peak 412.25M) | Time:00:00.30 | Mem:209.77M, Peak:209.77M | Scene, ViewLayer | Updating Geometry BVH Raised standing seam.045 652/726 | Building BVH
Fra:1 Mem:365.91M (Peak 412.25M) | Time:00:00.30 | Mem:209.77M, Peak:209.77M | Scene, ViewLayer | Updating Geometry BVH Raised standing seam.046 653/726 | Building BVH
Fra:1 Mem:365.91M (Peak 412.25M) | Time:00:00.30 | Mem:209.77M, Peak:209.77M | Scene, ViewLayer | Updating Geometry BVH Raised standing seam.046 653/726 | Building mesh BLAS |    1152 tris | Raised standing seam.044
Fra:1 Mem:365.91M (Peak 412.25M) | Time:00:00.30 | Mem:209.77M, Peak:209.77M | Scene, ViewLayer | Updating Geometry BVH Raised standing seam.046 653/726 | Building mesh BLAS |    1152 tris | Raised standing seam.046
Fra:1 Mem:365.91M (Peak 412.25M) | Time:00:00.30 | Mem:209.77M, Peak:209.77M | Scene, ViewLayer | Updating Geometry BVH Raised standing seam.046 653/726 | Building mesh BLAS |    1152 tris | Raised standing seam.045
Fra:1 Mem:365.91M (Peak 412.25M) | Time:00:00.30 | Mem:209.79M, Peak:209.79M | Scene, ViewLayer | Updating Geometry BVH Raised standing seam.047 654/726 | Building BVH
Fra:1 Mem:365.91M (Peak 412.25M) | Time:00:00.30 | Mem:209.79M, Peak:209.79M | Scene, ViewLayer | Updating Geometry BVH Raised standing seam.047 654/726 | Building mesh BLAS |    1152 tris | Raised standing seam.047
Fra:1 Mem:365.91M (Peak 412.25M) | Time:00:00.30 | Mem:209.79M, Peak:209.79M | Scene, ViewLayer | Updating Geometry BVH Dome rolled rim.004 655/726 | Building BVH
Fra:1 Mem:365.91M (Peak 412.25M) | Time:00:00.30 | Mem:209.79M, Peak:209.79M | Scene, ViewLayer | Updating Geometry BVH Dome rolled rim.005 656/726 | Building BVH
Fra:1 Mem:365.91M (Peak 412.25M) | Time:00:00.30 | Mem:209.79M, Peak:209.79M | Scene, ViewLayer | Updating Geometry BVH Dome rolled rim.005 656/726 | Building mesh BLAS |    1536 tris | Dome rolled rim.004
Fra:1 Mem:365.91M (Peak 412.25M) | Time:00:00.30 | Mem:209.79M, Peak:209.79M | Scene, ViewLayer | Updating Geometry BVH Dome rolled rim.005 656/726 | Building mesh BLAS |    1536 tris | Dome rolled rim.005
Fra:1 Mem:365.91M (Peak 412.25M) | Time:00:00.30 | Mem:209.80M, Peak:209.80M | Scene, ViewLayer | Updating Geometry BVH High cliff bridge voussoir.007 688/726 | Building BVH
Fra:1 Mem:365.91M (Peak 412.25M) | Time:00:00.30 | Mem:209.81M, Peak:209.81M | Scene, ViewLayer | Updating Geometry BVH High cliff bridge voussoir.007 688/726 | Building mesh BLAS |     188 tris | High cliff bridge voussoir.007
Fra:1 Mem:365.91M (Peak 412.25M) | Time:00:00.30 | Mem:209.82M, Peak:209.82M | Scene, ViewLayer | Updating Geometry BVH Island pavilion 2 arch 657/726 | Building BVH
Fra:1 Mem:365.91M (Peak 412.25M) | Time:00:00.30 | Mem:209.82M, Peak:209.82M | Scene, ViewLayer | Updating Geometry BVH Island pavilion 2 arch.001 658/726 | Building BVH
Fra:1 Mem:365.91M (Peak 412.25M) | Time:00:00.30 | Mem:209.85M, Peak:209.85M | Scene, ViewLayer | Updating Geometry BVH Island pavilion 2 arch.002 659/726 | Building mesh BLAS |    1692 tris | Island pavilion 2 arch
Fra:1 Mem:365.91M (Peak 412.25M) | Time:00:00.30 | Mem:209.85M, Peak:209.85M | Scene, ViewLayer | Updating Geometry BVH Island pavilion 2 arch.002 659/726 | Building mesh BLAS |    1692 tris | Island pavilion 2 arch.001
Fra:1 Mem:365.91M (Peak 412.25M) | Time:00:00.30 | Mem:209.85M, Peak:209.85M | Scene, ViewLayer | Updating Geometry BVH Island pavilion 2 arch.002 659/726 | Building mesh BLAS |    1692 tris | Island pavilion 2 arch.002
Fra:1 Mem:365.91M (Peak 412.25M) | Time:00:00.30 | Mem:209.85M, Peak:209.85M | Scene, ViewLayer | Updating Geometry BVH Island pavilion 2 arch.003 660/726 | Building BVH
Fra:1 Mem:365.91M (Peak 412.25M) | Time:00:00.30 | Mem:209.94M, Peak:209.94M | Scene, ViewLayer | Updating Geometry BVH Island pavilion 2 arch.003 660/726 | Building mesh BLAS |    1692 tris | Island pavilion 2 arch.003
Fra:1 Mem:365.91M (Peak 412.25M) | Time:00:00.30 | Mem:209.94M, Peak:209.94M | Scene, ViewLayer | Updating Geometry BVH Island pavilion 2 copper dome 661/726 | Building BVH
Fra:1 Mem:365.91M (Peak 412.25M) | Time:00:00.30 | Mem:209.94M, Peak:209.94M | Scene, ViewLayer | Updating Geometry BVH Island pavilion 2 copper dome 661/726 | Building mesh BLAS |   13824 tris | Island pavilion 2 copper dome
Fra:1 Mem:365.91M (Peak 412.25M) | Time:00:00.30 | Mem:209.95M, Peak:209.95M | Scene, ViewLayer | Updating Geometry BVH Raised standing seam.048 662/726 | Building BVH
Fra:1 Mem:365.91M (Peak 412.25M) | Time:00:00.30 | Mem:209.95M, Peak:209.95M | Scene, ViewLayer | Updating Geometry BVH Raised standing seam.049 663/726 | Building BVH
Fra:1 Mem:365.91M (Peak 412.25M) | Time:00:00.30 | Mem:209.95M, Peak:209.95M | Scene, ViewLayer | Updating Geometry BVH Raised standing seam.049 663/726 | Building mesh BLAS |    1152 tris | Raised standing seam.048
Fra:1 Mem:365.91M (Peak 412.25M) | Time:00:00.30 | Mem:209.95M, Peak:209.95M | Scene, ViewLayer | Updating Geometry BVH Raised standing seam.049 663/726 | Building mesh BLAS |    1152 tris | Raised standing seam.049
Fra:1 Mem:365.91M (Peak 412.25M) | Time:00:00.30 | Mem:209.97M, Peak:209.97M | Scene, ViewLayer | Updating Geometry BVH Raised standing seam.050 664/726 | Building BVH
Fra:1 Mem:365.91M (Peak 412.25M) | Time:00:00.30 | Mem:209.97M, Peak:209.97M | Scene, ViewLayer | Updating Geometry BVH Raised standing seam.050 664/726 | Building mesh BLAS |    1152 tris | Raised standing seam.050
Fra:1 Mem:365.91M (Peak 412.25M) | Time:00:00.30 | Mem:209.98M, Peak:209.98M | Scene, ViewLayer | Updating Geometry BVH Raised standing seam.051 665/726 | Building BVH
Fra:1 Mem:365.91M (Peak 412.25M) | Time:00:00.30 | Mem:210.00M, Peak:210.00M | Scene, ViewLayer | Updating Geometry BVH Raised standing seam.052 666/726 | Building BVH
Fra:1 Mem:365.91M (Peak 412.25M) | Time:00:00.30 | Mem:210.01M, Peak:210.01M | Scene, ViewLayer | Updating Geometry BVH Raised standing seam.053 667/726 | Building BVH
Fra:1 Mem:365.91M (Peak 412.25M) | Time:00:00.30 | Mem:210.01M, Peak:210.01M | Scene, ViewLayer | Updating Geometry BVH Raised standing seam.053 667/726 | Building mesh BLAS |    1152 tris | Raised standing seam.052
Fra:1 Mem:365.91M (Peak 412.25M) | Time:00:00.30 | Mem:210.01M, Peak:210.01M | Scene, ViewLayer | Updating Geometry BVH Raised standing seam.053 667/726 | Building mesh BLAS |    1152 tris | Raised standing seam.053
Fra:1 Mem:365.91M (Peak 412.25M) | Time:00:00.30 | Mem:210.01M, Peak:210.01M | Scene, ViewLayer | Updating Geometry BVH Raised standing seam.054 668/726 | Building BVH
Fra:1 Mem:365.91M (Peak 412.25M) | Time:00:00.30 | Mem:210.01M, Peak:210.01M | Scene, ViewLayer | Updating Geometry BVH Raised standing seam.054 668/726 | Building mesh BLAS |    1152 tris | Raised standing seam.054
Fra:1 Mem:365.91M (Peak 412.25M) | Time:00:00.30 | Mem:210.01M, Peak:210.01M | Scene, ViewLayer | Updating Geometry BVH Raised standing seam.055 669/726 | Building BVH
Fra:1 Mem:365.91M (Peak 412.25M) | Time:00:00.30 | Mem:210.01M, Peak:210.01M | Scene, ViewLayer | Updating Geometry BVH Raised standing seam.055 669/726 | Building mesh BLAS |    1152 tris | Raised standing seam.055
Fra:1 Mem:365.91M (Peak 412.25M) | Time:00:00.30 | Mem:210.01M, Peak:210.01M | Scene, ViewLayer | Updating Geometry BVH Raised standing seam.056 670/726 | Building BVH
Fra:1 Mem:365.91M (Peak 412.25M) | Time:00:00.30 | Mem:210.02M, Peak:210.02M | Scene, ViewLayer | Updating Geometry BVH Raised standing seam.057 671/726 | Building BVH
Fra:1 Mem:365.91M (Peak 412.25M) | Time:00:00.30 | Mem:210.02M, Peak:210.02M | Scene, ViewLayer | Updating Geometry BVH Raised standing seam.057 671/726 | Building mesh BLAS |    1152 tris | Raised standing seam.056
Fra:1 Mem:365.91M (Peak 412.25M) | Time:00:00.30 | Mem:210.02M, Peak:210.02M | Scene, ViewLayer | Updating Geometry BVH Raised standing seam.057 671/726 | Building mesh BLAS |    1152 tris | Raised standing seam.057
Fra:1 Mem:365.91M (Peak 412.25M) | Time:00:00.30 | Mem:210.02M, Peak:210.02M | Scene, ViewLayer | Updating Geometry BVH Raised standing seam.058 672/726 | Building BVH
Fra:1 Mem:365.91M (Peak 412.25M) | Time:00:00.30 | Mem:210.02M, Peak:210.02M | Scene, ViewLayer | Updating Geometry BVH Raised standing seam.058 672/726 | Building mesh BLAS |    1152 tris | Raised standing seam.058
Fra:1 Mem:365.91M (Peak 412.25M) | Time:00:00.30 | Mem:210.05M, Peak:210.05M | Scene, ViewLayer | Updating Geometry BVH Raised standing seam.059 673/726 | Building BVH
Fra:1 Mem:365.91M (Peak 412.25M) | Time:00:00.30 | Mem:210.05M, Peak:210.05M | Scene, ViewLayer | Updating Geometry BVH Raised standing seam.059 673/726 | Building mesh BLAS |    1152 tris | Raised standing seam.059
Fra:1 Mem:365.91M (Peak 412.25M) | Time:00:00.30 | Mem:210.07M, Peak:210.07M | Scene, ViewLayer | Updating Geometry BVH High cliff bridge voussoir.006 687/726 | Building BVH
Fra:1 Mem:365.91M (Peak 412.25M) | Time:00:00.30 | Mem:210.07M, Peak:210.07M | Scene, ViewLayer | Updating Geometry BVH High cliff bridge voussoir.006 687/726 | Building mesh BLAS |     188 tris | High cliff bridge voussoir.006
Fra:1 Mem:365.91M (Peak 412.25M) | Time:00:00.30 | Mem:210.09M, Peak:210.09M | Scene, ViewLayer | Updating Geometry BVH Raised standing seam.060 674/726 | Building BVH
Fra:1 Mem:365.91M (Peak 412.25M) | Time:00:00.30 | Mem:210.09M, Peak:210.09M | Scene, ViewLayer | Updating Geometry BVH Raised standing seam.060 674/726 | Building mesh BLAS |    1152 tris | Raised standing seam.060
Fra:1 Mem:365.91M (Peak 412.25M) | Time:00:00.30 | Mem:210.10M, Peak:210.10M | Scene, ViewLayer | Updating Geometry BVH Raised standing seam.061 675/726 | Building BVH
Fra:1 Mem:365.91M (Peak 412.25M) | Time:00:00.30 | Mem:210.10M, Peak:210.10M | Scene, ViewLayer | Updating Geometry BVH Raised standing seam.062 676/726 | Building BVH
Fra:1 Mem:365.91M (Peak 412.25M) | Time:00:00.30 | Mem:210.10M, Peak:210.10M | Scene, ViewLayer | Updating Geometry BVH Raised standing seam.062 676/726 | Building mesh BLAS |    1152 tris | Raised standing seam.061
Fra:1 Mem:365.91M (Peak 412.25M) | Time:00:00.30 | Mem:210.11M, Peak:210.11M | Scene, ViewLayer | Updating Geometry BVH Raised standing seam.063 677/726 | Building BVH
Fra:1 Mem:365.91M (Peak 412.25M) | Time:00:00.30 | Mem:210.11M, Peak:210.11M | Scene, ViewLayer | Updating Geometry BVH Raised standing seam.063 677/726 | Building mesh BLAS |    1152 tris | Raised standing seam.062
Fra:1 Mem:365.91M (Peak 412.25M) | Time:00:00.30 | Mem:210.12M, Peak:210.12M | Scene, ViewLayer | Updating Geometry BVH Raised standing seam.063 677/726 | Building mesh BLAS |    1152 tris | Raised standing seam.063
Fra:1 Mem:365.91M (Peak 412.25M) | Time:00:00.30 | Mem:210.12M, Peak:210.12M | Scene, ViewLayer | Updating Geometry BVH Dome rolled rim.006 678/726 | Building BVH
Fra:1 Mem:365.91M (Peak 412.25M) | Time:00:00.30 | Mem:210.12M, Peak:210.12M | Scene, ViewLayer | Updating Geometry BVH Dome rolled rim.006 678/726 | Building mesh BLAS |    1536 tris | Dome rolled rim.006
Fra:1 Mem:365.91M (Peak 412.25M) | Time:00:00.30 | Mem:210.12M, Peak:210.12M | Scene, ViewLayer | Updating Geometry BVH Dome rolled rim.007 679/726 | Building BVH
Fra:1 Mem:365.91M (Peak 412.25M) | Time:00:00.30 | Mem:210.12M, Peak:210.12M | Scene, ViewLayer | Updating Geometry BVH Dome rolled rim.007 679/726 | Building mesh BLAS |    1536 tris | Dome rolled rim.007
Fra:1 Mem:365.91M (Peak 412.25M) | Time:00:00.30 | Mem:210.12M, Peak:210.12M | Scene, ViewLayer | Updating Geometry BVH High cliff bridge arch 680/726 | Building BVH
Fra:1 Mem:365.91M (Peak 412.25M) | Time:00:00.30 | Mem:210.12M, Peak:210.12M | Scene, ViewLayer | Updating Geometry BVH High cliff bridge arch 680/726 | Building mesh BLAS |    1692 tris | High cliff bridge arch
Fra:1 Mem:365.91M (Peak 412.25M) | Time:00:00.30 | Mem:210.21M, Peak:210.21M | Scene, ViewLayer | Updating Geometry BVH High cliff bridge voussoir 681/726 | Building BVH
Fra:1 Mem:365.91M (Peak 412.25M) | Time:00:00.30 | Mem:210.21M, Peak:210.21M | Scene, ViewLayer | Updating Geometry BVH High cliff bridge voussoir 681/726 | Building mesh BLAS |     188 tris | High cliff bridge voussoir
Fra:1 Mem:365.91M (Peak 412.25M) | Time:00:00.30 | Mem:210.41M, Peak:210.41M | Scene, ViewLayer | Updating Geometry BVH High cliff bridge voussoir.001 682/726 | Building BVH
Fra:1 Mem:365.91M (Peak 412.25M) | Time:00:00.30 | Mem:210.41M, Peak:210.41M | Scene, ViewLayer | Updating Geometry BVH High cliff bridge voussoir.003 684/726 | Building BVH
Fra:1 Mem:365.91M (Peak 412.25M) | Time:00:00.30 | Mem:210.41M, Peak:210.41M | Scene, ViewLayer | Updating Geometry BVH High cliff bridge voussoir.004 685/726 | Building BVH
Fra:1 Mem:365.91M (Peak 412.25M) | Time:00:00.30 | Mem:210.41M, Peak:210.41M | Scene, ViewLayer | Updating Geometry BVH High cliff bridge voussoir.004 685/726 | Building mesh BLAS |     188 tris | High cliff bridge voussoir.003
Fra:1 Mem:365.91M (Peak 412.25M) | Time:00:00.30 | Mem:210.41M, Peak:210.41M | Scene, ViewLayer | Updating Geometry BVH High cliff bridge voussoir.004 685/726 | Building mesh BLAS |     188 tris | High cliff bridge voussoir.002
Fra:1 Mem:365.91M (Peak 412.25M) | Time:00:00.30 | Mem:210.41M, Peak:210.41M | Scene, ViewLayer | Updating Geometry BVH High cliff bridge voussoir.004 685/726 | Building mesh BLAS |     188 tris | High cliff bridge voussoir.004
Fra:1 Mem:365.91M (Peak 412.25M) | Time:00:00.30 | Mem:211.07M, Peak:211.07M | Scene, ViewLayer | Updating Geometry BVH High cliff bridge voussoir.005 686/726 | Building BVH
Fra:1 Mem:365.91M (Peak 412.25M) | Time:00:00.30 | Mem:211.13M, Peak:211.13M | Scene, ViewLayer | Updating Geometry BVH High cliff bridge voussoir.005 686/726 | Building mesh BLAS |     188 tris | High cliff bridge voussoir.005
Fra:1 Mem:365.91M (Peak 412.25M) | Time:00:00.30 | Mem:212.20M, Peak:212.20M | Scene, ViewLayer | Updating Scene BVH | Building
Fra:1 Mem:365.93M (Peak 412.25M) | Time:00:00.32 | Mem:219.20M, Peak:219.20M | Scene, ViewLayer | Updating Scene BVH | Building TLAS      |     730 instances
Fra:1 Mem:365.94M (Peak 412.25M) | Time:00:00.32 | Mem:219.36M, Peak:219.36M | Scene, ViewLayer | Updating Scene BVH | Copying BVH to device
Fra:1 Mem:365.94M (Peak 412.25M) | Time:00:00.32 | Mem:219.36M, Peak:219.36M | Scene, ViewLayer | Updating Mesh | Computing normals
Fra:1 Mem:392.84M (Peak 412.25M) | Time:00:00.32 | Mem:219.36M, Peak:219.36M | Scene, ViewLayer | Updating Mesh | Copying Mesh to device
Fra:1 Mem:365.94M (Peak 412.25M) | Time:00:00.32 | Mem:246.30M, Peak:246.30M | Scene, ViewLayer | Updating Objects Flags
Fra:1 Mem:365.93M (Peak 412.25M) | Time:00:00.32 | Mem:246.30M, Peak:246.30M | Scene, ViewLayer | Updating Primitive Offsets
Fra:1 Mem:365.93M (Peak 412.25M) | Time:00:00.32 | Mem:246.31M, Peak:246.31M | Scene, ViewLayer | Updating Images
Fra:1 Mem:365.93M (Peak 412.25M) | Time:00:00.32 | Mem:246.31M, Peak:246.31M | Scene, ViewLayer | Updating Images | Loading plastered_wall_02_disp_2k.jpg
Fra:1 Mem:369.93M (Peak 412.25M) | Time:00:00.32 | Mem:246.31M, Peak:246.31M | Scene, ViewLayer | Updating Images | Loading concrete_floor_02_diff_2k.jpg
Fra:1 Mem:385.93M (Peak 412.25M) | Time:00:00.32 | Mem:246.31M, Peak:246.31M | Scene, ViewLayer | Updating Images | Loading concrete_floor_02_rough_2k.jpg
Fra:1 Mem:389.93M (Peak 412.25M) | Time:00:00.32 | Mem:246.31M, Peak:246.31M | Scene, ViewLayer | Updating Images | Loading concrete_floor_02_disp_2k.jpg
Fra:1 Mem:450.93M (Peak 450.93M) | Time:00:00.35 | Mem:331.31M, Peak:331.31M | Scene, ViewLayer | Updating Camera Volume
Fra:1 Mem:450.93M (Peak 450.93M) | Time:00:00.35 | Mem:331.31M, Peak:331.31M | Scene, ViewLayer | Updating Lookup Tables
Fra:1 Mem:450.85M (Peak 450.93M) | Time:00:00.35 | Mem:331.40M, Peak:331.40M | Scene, ViewLayer | Updating Lights
Fra:1 Mem:450.85M (Peak 450.93M) | Time:00:00.35 | Mem:331.40M, Peak:331.40M | Scene, ViewLayer | Updating Lights | Importance map
Fra:1 Mem:450.84M (Peak 454.85M) | Time:00:00.38 | Mem:332.44M, Peak:334.92M | Scene, ViewLayer | Updating Lights | Computing tree
Fra:1 Mem:450.84M (Peak 454.85M) | Time:00:00.38 | Mem:332.44M, Peak:334.92M | Scene, ViewLayer | Updating Integrator
Fra:1 Mem:450.84M (Peak 454.85M) | Time:00:00.38 | Mem:332.44M, Peak:334.92M | Scene, ViewLayer | Updating Film
Fra:1 Mem:450.92M (Peak 454.85M) | Time:00:00.38 | Mem:332.35M, Peak:334.92M | Scene, ViewLayer | Updating Lookup Tables
Fra:1 Mem:450.84M (Peak 454.85M) | Time:00:00.38 | Mem:332.44M, Peak:334.92M | Scene, ViewLayer | Updating Baking
Fra:1 Mem:450.84M (Peak 454.85M) | Time:00:00.38 | Mem:332.44M, Peak:334.92M | Scene, ViewLayer | Updating Device | Writing constant memory
Fra:1 Mem:450.85M (Peak 454.85M) | Time:00:00.39 | Mem:332.44M, Peak:334.92M | Scene, ViewLayer | Loading denoising kernels (may take a few minutes the first time)
Fra:1 Mem:450.85M (Peak 482.85M) | Time:00:00.40 | Mem:3532.45M, Peak:3532.45M | Scene, ViewLayer | Sample 0/48 (Using optimized kernels)
Fra:1 Mem:450.86M (Peak 528.78M) | Time:00:00.64 | Remaining:00:11.41 | Mem:3610.41M, Peak:3610.41M | Scene, ViewLayer | Sample 1/48 (Using optimized kernels)
Fra:1 Mem:483.67M (Peak 532.89M) | Time:00:03.51 | Mem:3610.41M, Peak:3610.41M | Scene, ViewLayer | Sample 48/48 (Using optimized kernels)
Fra:1 Mem:483.67M (Peak 532.89M) | Time:00:03.51 | Mem:3610.41M, Peak:3610.41M | Scene, ViewLayer | Finished
Saved: '/Users/xuanji/gits/mv-astra/output/monuments/previews/01-island-of-steps.png'
Time: 00:03.76 (Saving: 00:00.17)

COLLISION AUDIT island paths / rocks, pavilions, bridge []
COLLISION AUDIT upper bridge / pavilions []
FINISHED 01-island-of-steps alignment errors: [7.262967210639866e-05]

Blender quit
