11:23:51 | INFO: Data are loaded, start creating Blender stuff
11:23:51 | INFO: Blender create Mesh node realCap_Model_2.006
11:23:51 | INFO: Blender create Mesh node realCap_Model_2.009
11:23:51 | INFO: Blender create Mesh node realCap_Model_2.014
11:23:51 | INFO: Blender create Mesh node realCap_Model_2.002
11:23:51 | INFO: glTF import finished in 0.05s
Info: Applied modifier was not first, result may not be as expected
Info: Applied modifier was not first, result may not be as expected
Info: Applied modifier was not first, result may not be as expected
Info: Applied modifier was not first, result may not be as expected
Info: Applied modifier was not first, result may not be as expected
Info: Applied modifier was not first, result may not be as expected
Info: Applied modifier was not first, result may not be as expected
Info: Applied modifier was not first, result may not be as expected
Info: Applied modifier was not first, result may not be as expected
Info: Applied modifier was not first, result may not be as expected
Info: Applied modifier was not first, result may not be as expected
Info: Applied modifier was not first, result may not be as expected
Info: Applied modifier was not first, result may not be as expected
Info: Applied modifier was not first, result may not be as expected
Info: Applied modifier was not first, result may not be as expected
Info: Applied modifier was not first, result may not be as expected
Info: Applied modifier was not first, result may not be as expected
Info: Applied modifier was not first, result may not be as expected
Info: Applied modifier was not first, result may not be as expected
Info: Applied modifier was not first, result may not be as expected
Info: Applied modifier was not first, result may not be as expected
Info: Applied modifier was not first, result may not be as expected
Info: Applied modifier was not first, result may not be as expected
Info: Applied modifier was not first, result may not be as expected
Info: Applied modifier was not first, result may not be as expected
Info: Applied modifier was not first, result may not be as expected
Info: Applied modifier was not first, result may not be as expected
Info: Applied modifier was not first, result may not be as expected
Info: Applied modifier was not first, result may not be as expected
Info: Applied modifier was not first, result may not be as expected
Info: Applied modifier was not first, result may not be as expected
Info: Applied modifier was not first, result may not be as expected
Info: Applied modifier was not first, result may not be as expected
Info: Applied modifier was not first, result may not be as expected
Info: Applied modifier was not first, result may not be as expected
Info: Applied modifier was not first, result may not be as expected
Info: Applied modifier was not first, result may not be as expected
Info: Applied modifier was not first, result may not be as expected
Info: Applied modifier was not first, result may not be as expected
Info: Applied modifier was not first, result may not be as expected
Info: Applied modifier was not first, result may not be as expected
Info: Applied modifier was not first, result may not be as expected
Info: Applied modifier was not first, result may not be as expected
Info: Applied modifier was not first, result may not be as expected
Info: Applied modifier was not first, result may not be as expected
Info: Applied modifier was not first, result may not be as expected
Info: Applied modifier was not first, result may not be as expected
Info: Applied modifier was not first, result may not be as expected
Info: Applied modifier was not first, result may not be as expected
Info: Applied modifier was not first, result may not be as expected
Info: Applied modifier was not first, result may not be as expected
Info: Applied modifier was not first, result may not be as expected
Info: Applied modifier was not first, result may not be as expected
Info: Applied modifier was not first, result may not be as expected
Info: Applied modifier was not first, result may not be as expected
Info: Applied modifier was not first, result may not be as expected
Info: Applied modifier was not first, result may not be as expected
Info: Applied modifier was not first, result may not be as expected
Info: Applied modifier was not first, result may not be as expected
Info: Applied modifier was not first, result may not be as expected
Info: Applied modifier was not first, result may not be as expected
Info: Applied modifier was not first, result may not be as expected
Info: Applied modifier was not first, result may not be as expected
Info: Applied modifier was not first, result may not be as expected
Info: Applied modifier was not first, result may not be as expected
11:23:58 | INFO: Data are loaded, start creating Blender stuff
11:23:58 | INFO: Blender create Mesh node potted_plant_01_base_low
11:23:58 | INFO: Blender create Mesh node Circle.008
11:23:58 | INFO: Blender create Mesh node Circle.002
11:23:58 | INFO: Blender create Mesh node Plane.070
11:23:58 | INFO: glTF import finished in 0.10s
Blender 4.5.0 (hash 8cb6b388974a built 2025-07-15 01:35:28)
Fra:1 Mem:165.46M (Peak 172.13M) | Time:00:00.02 | Mem:0.02M, Peak:0.02M | Scene, ViewLayer | Synchronizing object | Seabed
Fra:1 Mem:165.46M (Peak 172.13M) | Time:00:00.02 | Mem:0.02M, Peak:0.02M | Scene, ViewLayer | Synchronizing object | Dressed stone tread
Fra:1 Mem:165.47M (Peak 172.13M) | Time:00:00.02 | Mem:0.02M, Peak:0.02M | Scene, ViewLayer | Synchronizing object | Dressed stone tread.003
Fra:1 Mem:165.47M (Peak 172.13M) | Time:00:00.02 | Mem:0.02M, Peak:0.02M | Scene, ViewLayer | Synchronizing object | Brass step nosing.004
Fra:1 Mem:167.48M (Peak 172.13M) | Time:00:00.02 | Mem:0.02M, Peak:0.02M | Scene, ViewLayer | Synchronizing object | Dressed stone tread.005
Fra:1 Mem:167.48M (Peak 172.13M) | Time:00:00.02 | Mem:0.02M, Peak:0.02M | Scene, ViewLayer | Synchronizing object | Brass step nosing.006
Fra:1 Mem:167.49M (Peak 172.13M) | Time:00:00.02 | Mem:0.02M, Peak:0.02M | Scene, ViewLayer | Synchronizing object | Dressed stone tread.007
Fra:1 Mem:167.49M (Peak 172.13M) | Time:00:00.02 | Mem:0.02M, Peak:0.02M | Scene, ViewLayer | Synchronizing object | Brass step nosing.007
Fra:1 Mem:167.73M (Peak 172.13M) | Time:00:00.02 | Mem:0.02M, Peak:0.02M | Scene, ViewLayer | Synchronizing object | Dressed stone tread.008
Fra:1 Mem:168.00M (Peak 172.13M) | Time:00:00.02 | Mem:0.02M, Peak:0.02M | Scene, ViewLayer | Synchronizing object | Brass step nosing.008
Fra:1 Mem:168.02M (Peak 172.13M) | Time:00:00.02 | Mem:0.02M, Peak:0.02M | Scene, ViewLayer | Synchronizing object | Dressed stone tread.009
Fra:1 Mem:168.08M (Peak 172.13M) | Time:00:00.02 | Mem:0.02M, Peak:0.02M | Scene, ViewLayer | Synchronizing object | Brass step nosing.009
Fra:1 Mem:167.96M (Peak 172.13M) | Time:00:00.02 | Mem:0.02M, Peak:0.02M | Scene, ViewLayer | Synchronizing object | Slim brass handrail
Fra:1 Mem:167.94M (Peak 172.13M) | Time:00:00.02 | Mem:0.02M, Peak:0.02M | Scene, ViewLayer | Synchronizing object | Bronze baluster.003
Fra:1 Mem:167.95M (Peak 172.13M) | Time:00:00.02 | Mem:0.02M, Peak:0.02M | Scene, ViewLayer | Synchronizing object | Slim brass handrail.001
Fra:1 Mem:167.96M (Peak 172.13M) | Time:00:00.02 | Mem:0.02M, Peak:0.02M | Scene, ViewLayer | Synchronizing object | Bronze baluster.006
Fra:1 Mem:168.00M (Peak 172.13M) | Time:00:00.02 | Mem:0.02M, Peak:0.02M | Scene, ViewLayer | Synchronizing object | Bronze baluster.007
Fra:1 Mem:168.02M (Peak 172.13M) | Time:00:00.02 | Mem:0.02M, Peak:0.02M | Scene, ViewLayer | Synchronizing object | Bronze baluster.008
Fra:1 Mem:168.04M (Peak 172.13M) | Time:00:00.02 | Mem:0.02M, Peak:0.02M | Scene, ViewLayer | Synchronizing object | Bronze baluster.009
Fra:1 Mem:168.09M (Peak 172.13M) | Time:00:00.02 | Mem:0.02M, Peak:0.02M | Scene, ViewLayer | Synchronizing object | Dressed stone tread.014
Fra:1 Mem:168.09M (Peak 172.13M) | Time:00:00.02 | Mem:0.02M, Peak:0.02M | Scene, ViewLayer | Synchronizing object | Brass step nosing.014
Fra:1 Mem:168.12M (Peak 172.13M) | Time:00:00.02 | Mem:0.02M, Peak:0.02M | Scene, ViewLayer | Synchronizing object | Brass step nosing.015
Fra:1 Mem:168.11M (Peak 172.13M) | Time:00:00.02 | Mem:0.02M, Peak:0.02M | Scene, ViewLayer | Synchronizing object | Dressed stone tread.017
Fra:1 Mem:168.13M (Peak 172.13M) | Time:00:00.02 | Mem:0.02M, Peak:0.02M | Scene, ViewLayer | Synchronizing object | Brass step nosing.017
Fra:1 Mem:168.16M (Peak 172.13M) | Time:00:00.02 | Mem:0.02M, Peak:0.02M | Scene, ViewLayer | Synchronizing object | Dressed stone tread.018
Fra:1 Mem:168.19M (Peak 172.13M) | Time:00:00.02 | Mem:0.02M, Peak:0.02M | Scene, ViewLayer | Synchronizing object | Brass step nosing.018
Fra:1 Mem:168.28M (Peak 172.13M) | Time:00:00.02 | Mem:0.02M, Peak:0.02M | Scene, ViewLayer | Synchronizing object | Dressed stone tread.019
Fra:1 Mem:168.30M (Peak 172.13M) | Time:00:00.02 | Mem:0.02M, Peak:0.02M | Scene, ViewLayer | Synchronizing object | Dressed stone tread.020
Fra:1 Mem:168.34M (Peak 172.13M) | Time:00:00.02 | Mem:0.02M, Peak:0.02M | Scene, ViewLayer | Synchronizing object | Brass step nosing.020
Fra:1 Mem:168.39M (Peak 172.13M) | Time:00:00.02 | Mem:0.02M, Peak:0.02M | Scene, ViewLayer | Synchronizing object | Slim brass handrail.002
Fra:1 Mem:168.36M (Peak 172.13M) | Time:00:00.02 | Mem:0.02M, Peak:0.02M | Scene, ViewLayer | Synchronizing object | Bronze baluster.010
Fra:1 Mem:168.40M (Peak 172.13M) | Time:00:00.02 | Mem:0.02M, Peak:0.02M | Scene, ViewLayer | Synchronizing object | Bronze baluster.011
Fra:1 Mem:168.39M (Peak 172.13M) | Time:00:00.02 | Mem:0.02M, Peak:0.02M | Scene, ViewLayer | Synchronizing object | Slim brass handrail.003
Fra:1 Mem:168.42M (Peak 172.13M) | Time:00:00.02 | Mem:0.02M, Peak:0.02M | Scene, ViewLayer | Synchronizing object | Bronze baluster.013
Fra:1 Mem:168.41M (Peak 172.13M) | Time:00:00.02 | Mem:0.02M, Peak:0.02M | Scene, ViewLayer | Synchronizing object | Bronze baluster.015
Fra:1 Mem:168.41M (Peak 172.13M) | Time:00:00.02 | Mem:0.02M, Peak:0.02M | Scene, ViewLayer | Synchronizing object | Dressed stone tread.021
Fra:1 Mem:168.44M (Peak 172.13M) | Time:00:00.02 | Mem:0.02M, Peak:0.02M | Scene, ViewLayer | Synchronizing object | Brass step nosing.021
Fra:1 Mem:168.44M (Peak 172.13M) | Time:00:00.02 | Mem:0.02M, Peak:0.02M | Scene, ViewLayer | Synchronizing object | Dressed stone tread.022
Fra:1 Mem:168.47M (Peak 172.13M) | Time:00:00.02 | Mem:0.02M, Peak:0.02M | Scene, ViewLayer | Synchronizing object | Brass step nosing.023
Fra:1 Mem:168.48M (Peak 172.13M) | Time:00:00.02 | Mem:0.02M, Peak:0.02M | Scene, ViewLayer | Synchronizing object | Dressed stone tread.024
Fra:1 Mem:168.58M (Peak 172.13M) | Time:00:00.02 | Mem:0.02M, Peak:0.02M | Scene, ViewLayer | Synchronizing object | Brass step nosing.024
Fra:1 Mem:168.57M (Peak 172.13M) | Time:00:00.02 | Mem:0.02M, Peak:0.02M | Scene, ViewLayer | Synchronizing object | Dressed stone tread.025
Fra:1 Mem:168.60M (Peak 172.13M) | Time:00:00.02 | Mem:0.02M, Peak:0.02M | Scene, ViewLayer | Synchronizing object | Brass step nosing.025
Fra:1 Mem:168.63M (Peak 172.13M) | Time:00:00.02 | Mem:0.02M, Peak:0.02M | Scene, ViewLayer | Synchronizing object | Dressed stone tread.027
Fra:1 Mem:168.63M (Peak 172.13M) | Time:00:00.02 | Mem:0.02M, Peak:0.02M | Scene, ViewLayer | Synchronizing object | Slim brass handrail.004
Fra:1 Mem:168.69M (Peak 172.13M) | Time:00:00.02 | Mem:0.02M, Peak:0.02M | Scene, ViewLayer | Synchronizing object | Bronze baluster.016
Fra:1 Mem:168.70M (Peak 172.13M) | Time:00:00.02 | Mem:0.02M, Peak:0.02M | Scene, ViewLayer | Synchronizing object | Bronze baluster.017
Fra:1 Mem:168.72M (Peak 172.13M) | Time:00:00.02 | Mem:0.02M, Peak:0.02M | Scene, ViewLayer | Synchronizing object | Bronze baluster.018
Fra:1 Mem:168.71M (Peak 172.13M) | Time:00:00.02 | Mem:0.02M, Peak:0.02M | Scene, ViewLayer | Synchronizing object | Bronze baluster.020
Fra:1 Mem:168.71M (Peak 172.13M) | Time:00:00.02 | Mem:0.02M, Peak:0.02M | Scene, ViewLayer | Synchronizing object | Dressed stone tread.028
Fra:1 Mem:168.74M (Peak 172.13M) | Time:00:00.02 | Mem:0.02M, Peak:0.02M | Scene, ViewLayer | Synchronizing object | Brass step nosing.028
Fra:1 Mem:168.91M (Peak 172.13M) | Time:00:00.02 | Mem:0.02M, Peak:0.02M | Scene, ViewLayer | Synchronizing object | Dressed stone tread.029
Fra:1 Mem:168.97M (Peak 172.13M) | Time:00:00.02 | Mem:0.02M, Peak:0.02M | Scene, ViewLayer | Synchronizing object | Brass step nosing.029
Fra:1 Mem:168.98M (Peak 172.13M) | Time:00:00.02 | Mem:0.02M, Peak:0.02M | Scene, ViewLayer | Synchronizing object | Brass step nosing.030
Fra:1 Mem:168.99M (Peak 172.13M) | Time:00:00.02 | Mem:0.02M, Peak:0.02M | Scene, ViewLayer | Synchronizing object | Dressed stone tread.031
Fra:1 Mem:169.03M (Peak 172.13M) | Time:00:00.02 | Mem:0.02M, Peak:0.02M | Scene, ViewLayer | Synchronizing object | Brass step nosing.031
Fra:1 Mem:169.07M (Peak 172.13M) | Time:00:00.02 | Mem:0.02M, Peak:0.02M | Scene, ViewLayer | Synchronizing object | Brass step nosing.032
Fra:1 Mem:169.01M (Peak 172.13M) | Time:00:00.02 | Mem:0.02M, Peak:0.02M | Scene, ViewLayer | Synchronizing object | Dressed stone tread.036
Fra:1 Mem:169.04M (Peak 172.13M) | Time:00:00.02 | Mem:0.02M, Peak:0.02M | Scene, ViewLayer | Synchronizing object | Brass step nosing.036
Fra:1 Mem:169.14M (Peak 172.13M) | Time:00:00.02 | Mem:0.02M, Peak:0.02M | Scene, ViewLayer | Synchronizing object | Dressed stone tread.037
Fra:1 Mem:169.16M (Peak 172.13M) | Time:00:00.02 | Mem:0.02M, Peak:0.02M | Scene, ViewLayer | Synchronizing object | Brass step nosing.037
Fra:1 Mem:169.22M (Peak 172.13M) | Time:00:00.02 | Mem:0.02M, Peak:0.02M | Scene, ViewLayer | Synchronizing object | Dressed stone tread.038
Fra:1 Mem:169.23M (Peak 172.13M) | Time:00:00.02 | Mem:0.02M, Peak:0.02M | Scene, ViewLayer | Synchronizing object | Brass step nosing.038
Fra:1 Mem:169.46M (Peak 172.13M) | Time:00:00.02 | Mem:0.02M, Peak:0.02M | Scene, ViewLayer | Synchronizing object | Brass step nosing.039
Fra:1 Mem:169.48M (Peak 172.13M) | Time:00:00.02 | Mem:0.02M, Peak:0.02M | Scene, ViewLayer | Synchronizing object | Brass step nosing.040
Fra:1 Mem:169.51M (Peak 172.13M) | Time:00:00.02 | Mem:0.02M, Peak:0.02M | Scene, ViewLayer | Synchronizing object | Bronze baluster.022
Fra:1 Mem:169.50M (Peak 172.13M) | Time:00:00.02 | Mem:0.02M, Peak:0.02M | Scene, ViewLayer | Synchronizing object | Bronze baluster.024
Fra:1 Mem:169.53M (Peak 172.13M) | Time:00:00.02 | Mem:0.02M, Peak:0.02M | Scene, ViewLayer | Synchronizing object | Slim brass handrail.007
Fra:1 Mem:169.49M (Peak 172.13M) | Time:00:00.02 | Mem:0.02M, Peak:0.02M | Scene, ViewLayer | Synchronizing object | Bronze baluster.028
Fra:1 Mem:169.49M (Peak 172.13M) | Time:00:00.02 | Mem:0.02M, Peak:0.02M | Scene, ViewLayer | Synchronizing object | Bronze baluster.031
Fra:1 Mem:169.59M (Peak 172.13M) | Time:00:00.02 | Mem:0.02M, Peak:0.02M | Scene, ViewLayer | Synchronizing object | Landing rail return
Fra:1 Mem:169.61M (Peak 172.13M) | Time:00:00.02 | Mem:0.02M, Peak:0.02M | Scene, ViewLayer | Synchronizing object | Continuous corner railing.001
Fra:1 Mem:169.67M (Peak 172.13M) | Time:00:00.02 | Mem:0.02M, Peak:0.02M | Scene, ViewLayer | Synchronizing object | Corner baluster
Fra:1 Mem:169.72M (Peak 172.13M) | Time:00:00.02 | Mem:0.02M, Peak:0.02M | Scene, ViewLayer | Synchronizing object | Landing rail return.002
Fra:1 Mem:169.77M (Peak 172.13M) | Time:00:00.02 | Mem:0.02M, Peak:0.02M | Scene, ViewLayer | Synchronizing object | Continuous corner railing.002
Fra:1 Mem:169.74M (Peak 172.13M) | Time:00:00.02 | Mem:0.02M, Peak:0.02M | Scene, ViewLayer | Synchronizing object | Landing rail return.004
Fra:1 Mem:169.73M (Peak 172.13M) | Time:00:00.02 | Mem:0.02M, Peak:0.02M | Scene, ViewLayer | Synchronizing object | Continuous corner railing.004
Fra:1 Mem:169.73M (Peak 172.13M) | Time:00:00.02 | Mem:0.02M, Peak:0.02M | Scene, ViewLayer | Synchronizing object | Continuous corner railing.005
Fra:1 Mem:169.73M (Peak 172.13M) | Time:00:00.02 | Mem:0.02M, Peak:0.02M | Scene, ViewLayer | Synchronizing object | Landing rail return.006
Fra:1 Mem:169.78M (Peak 172.13M) | Time:00:00.02 | Mem:0.02M, Peak:0.02M | Scene, ViewLayer | Synchronizing object | Landing rail return.007
Fra:1 Mem:169.77M (Peak 172.13M) | Time:00:00.02 | Mem:0.02M, Peak:0.02M | Scene, ViewLayer | Synchronizing object | Continuous corner railing.006
Fra:1 Mem:169.75M (Peak 172.13M) | Time:00:00.02 | Mem:0.02M, Peak:0.02M | Scene, ViewLayer | Synchronizing object | Corner baluster.003
Fra:1 Mem:169.75M (Peak 172.13M) | Time:00:00.02 | Mem:0.02M, Peak:0.02M | Scene, ViewLayer | Synchronizing object | Landing rail return.008
Fra:1 Mem:169.77M (Peak 172.13M) | Time:00:00.02 | Mem:0.02M, Peak:0.02M | Scene, ViewLayer | Synchronizing object | Landing rail return.009
Fra:1 Mem:169.77M (Peak 172.13M) | Time:00:00.02 | Mem:0.02M, Peak:0.02M | Scene, ViewLayer | Synchronizing object | Continuous corner railing.008
Fra:1 Mem:169.78M (Peak 172.13M) | Time:00:00.02 | Mem:0.02M, Peak:0.02M | Scene, ViewLayer | Synchronizing object | Corner baluster.004
Fra:1 Mem:169.78M (Peak 172.13M) | Time:00:00.02 | Mem:0.02M, Peak:0.02M | Scene, ViewLayer | Synchronizing object | Landing rail return.011
Fra:1 Mem:169.79M (Peak 172.13M) | Time:00:00.02 | Mem:0.02M, Peak:0.02M | Scene, ViewLayer | Synchronizing object | Continuous corner railing.010
Fra:1 Mem:169.80M (Peak 172.13M) | Time:00:00.02 | Mem:0.02M, Peak:0.02M | Scene, ViewLayer | Synchronizing object | Continuous corner railing.011
Fra:1 Mem:169.80M (Peak 172.13M) | Time:00:00.02 | Mem:0.02M, Peak:0.02M | Scene, ViewLayer | Synchronizing object | Landing rail return.012
Fra:1 Mem:169.81M (Peak 172.13M) | Time:00:00.02 | Mem:0.02M, Peak:0.02M | Scene, ViewLayer | Synchronizing object | Continuous corner railing.012
Fra:1 Mem:169.82M (Peak 172.13M) | Time:00:00.02 | Mem:0.02M, Peak:0.02M | Scene, ViewLayer | Synchronizing object | Continuous corner railing.013
Fra:1 Mem:169.84M (Peak 172.13M) | Time:00:00.02 | Mem:0.02M, Peak:0.02M | Scene, ViewLayer | Synchronizing object | Corner baluster.006
Fra:1 Mem:169.84M (Peak 172.13M) | Time:00:00.02 | Mem:0.02M, Peak:0.02M | Scene, ViewLayer | Synchronizing object | Landing rail return.015
Fra:1 Mem:169.84M (Peak 172.13M) | Time:00:00.02 | Mem:0.02M, Peak:0.02M | Scene, ViewLayer | Synchronizing object | Continuous corner railing.014
Fra:1 Mem:169.85M (Peak 172.13M) | Time:00:00.02 | Mem:0.02M, Peak:0.02M | Scene, ViewLayer | Synchronizing object | Continuous corner railing.015
Fra:1 Mem:169.86M (Peak 172.13M) | Time:00:00.02 | Mem:0.02M, Peak:0.02M | Scene, ViewLayer | Synchronizing object | Illusion corner landing 0
Fra:1 Mem:169.88M (Peak 172.13M) | Time:00:00.02 | Mem:0.02M, Peak:0.02M | Scene, ViewLayer | Synchronizing object | Illusion corner landing 1
Fra:1 Mem:169.88M (Peak 172.13M) | Time:00:00.02 | Mem:0.02M, Peak:0.02M | Scene, ViewLayer | Synchronizing object | Stair support 1 footing
Fra:1 Mem:169.92M (Peak 172.13M) | Time:00:00.02 | Mem:0.02M, Peak:0.02M | Scene, ViewLayer | Synchronizing object | Stair support 1 capital
Fra:1 Mem:169.92M (Peak 172.13M) | Time:00:00.02 | Mem:0.02M, Peak:0.02M | Scene, ViewLayer | Synchronizing object | Fine horizontal masonry joint
Fra:1 Mem:169.92M (Peak 172.13M) | Time:00:00.02 | Mem:0.02M, Peak:0.02M | Scene, ViewLayer | Synchronizing object | Fine horizontal masonry joint.001
Fra:1 Mem:170.01M (Peak 172.13M) | Time:00:00.02 | Mem:0.02M, Peak:0.02M | Scene, ViewLayer | Synchronizing object | Fine horizontal masonry joint.002
Fra:1 Mem:170.04M (Peak 172.13M) | Time:00:00.02 | Mem:0.02M, Peak:0.02M | Scene, ViewLayer | Synchronizing object | Fine horizontal masonry joint.004
Fra:1 Mem:170.02M (Peak 172.13M) | Time:00:00.02 | Mem:0.02M, Peak:0.02M | Scene, ViewLayer | Synchronizing object | Fine horizontal masonry joint.005
Fra:1 Mem:170.03M (Peak 172.13M) | Time:00:00.02 | Mem:0.02M, Peak:0.02M | Scene, ViewLayer | Synchronizing object | Illusion corner landing 2
Fra:1 Mem:170.08M (Peak 172.13M) | Time:00:00.02 | Mem:0.02M, Peak:0.02M | Scene, ViewLayer | Synchronizing object | Stair support 2
Fra:1 Mem:170.15M (Peak 172.13M) | Time:00:00.02 | Mem:0.02M, Peak:0.02M | Scene, ViewLayer | Synchronizing object | Stair support 2 footing
Fra:1 Mem:170.16M (Peak 172.13M) | Time:00:00.02 | Mem:0.02M, Peak:0.02M | Scene, ViewLayer | Synchronizing object | Fine horizontal masonry joint.006
Fra:1 Mem:170.20M (Peak 172.13M) | Time:00:00.02 | Mem:0.02M, Peak:0.02M | Scene, ViewLayer | Synchronizing object | Fine horizontal masonry joint.007
Fra:1 Mem:170.16M (Peak 172.13M) | Time:00:00.02 | Mem:0.02M, Peak:0.02M | Scene, ViewLayer | Synchronizing object | Fine horizontal masonry joint.012
Fra:1 Mem:170.18M (Peak 172.13M) | Time:00:00.02 | Mem:0.02M, Peak:0.02M | Scene, ViewLayer | Synchronizing object | Illusion corner landing 3
Fra:1 Mem:170.28M (Peak 172.13M) | Time:00:00.02 | Mem:0.02M, Peak:0.02M | Scene, ViewLayer | Synchronizing object | Stair support 3
Fra:1 Mem:170.32M (Peak 172.13M) | Time:00:00.02 | Mem:0.02M, Peak:0.02M | Scene, ViewLayer | Synchronizing object | Stair support 3 capital
Fra:1 Mem:170.31M (Peak 172.13M) | Time:00:00.02 | Mem:0.02M, Peak:0.02M | Scene, ViewLayer | Synchronizing object | Fine horizontal masonry joint.015
Fra:1 Mem:170.32M (Peak 172.13M) | Time:00:00.02 | Mem:0.02M, Peak:0.02M | Scene, ViewLayer | Synchronizing object | Fine horizontal masonry joint.016
Fra:1 Mem:170.47M (Peak 172.13M) | Time:00:00.02 | Mem:0.02M, Peak:0.02M | Scene, ViewLayer | Synchronizing object | Fine horizontal masonry joint.017
Fra:1 Mem:170.53M (Peak 172.13M) | Time:00:00.02 | Mem:0.02M, Peak:0.02M | Scene, ViewLayer | Synchronizing object | Fine horizontal masonry joint.018
Fra:1 Mem:170.53M (Peak 172.13M) | Time:00:00.02 | Mem:0.02M, Peak:0.02M | Scene, ViewLayer | Synchronizing object | Fine horizontal masonry joint.019
Fra:1 Mem:170.63M (Peak 172.13M) | Time:00:00.02 | Mem:0.02M, Peak:0.02M | Scene, ViewLayer | Synchronizing object | Illusion corner landing 4
Fra:1 Mem:170.59M (Peak 172.13M) | Time:00:00.02 | Mem:0.02M, Peak:0.02M | Scene, ViewLayer | Synchronizing object | Stair support 4
Fra:1 Mem:170.65M (Peak 172.13M) | Time:00:00.02 | Mem:0.02M, Peak:0.02M | Scene, ViewLayer | Synchronizing object | Stair support 4 capital
Fra:1 Mem:170.63M (Peak 172.13M) | Time:00:00.02 | Mem:0.02M, Peak:0.02M | Scene, ViewLayer | Synchronizing object | Fine horizontal masonry joint.023
Fra:1 Mem:170.72M (Peak 172.13M) | Time:00:00.02 | Mem:0.02M, Peak:0.02M | Scene, ViewLayer | Synchronizing object | Fine horizontal masonry joint.024
Fra:1 Mem:170.79M (Peak 172.13M) | Time:00:00.02 | Mem:0.02M, Peak:0.02M | Scene, ViewLayer | Synchronizing object | Fine horizontal masonry joint.025
Fra:1 Mem:170.75M (Peak 172.13M) | Time:00:00.02 | Mem:0.02M, Peak:0.02M | Scene, ViewLayer | Synchronizing object | Fine horizontal masonry joint.027
Fra:1 Mem:170.82M (Peak 172.13M) | Time:00:00.02 | Mem:0.02M, Peak:0.02M | Scene, ViewLayer | Synchronizing object | Fine horizontal masonry joint.029
Fra:1 Mem:170.91M (Peak 172.13M) | Time:00:00.02 | Mem:0.02M, Peak:0.02M | Scene, ViewLayer | Synchronizing object | Fine horizontal masonry joint.030
Fra:1 Mem:170.93M (Peak 172.13M) | Time:00:00.02 | Mem:0.02M, Peak:0.02M | Scene, ViewLayer | Synchronizing object | Fine horizontal masonry joint.031
Fra:1 Mem:171.17M (Peak 172.13M) | Time:00:00.02 | Mem:0.02M, Peak:0.02M | Scene, ViewLayer | Synchronizing object | Fine horizontal masonry joint.032
Fra:1 Mem:171.15M (Peak 172.13M) | Time:00:00.02 | Mem:0.02M, Peak:0.02M | Scene, ViewLayer | Synchronizing object | Fine horizontal masonry joint.034
Fra:1 Mem:171.15M (Peak 172.13M) | Time:00:00.02 | Mem:0.02M, Peak:0.02M | Scene, ViewLayer | Synchronizing object | Arrival terrace
Fra:1 Mem:171.21M (Peak 172.13M) | Time:00:00.02 | Mem:0.02M, Peak:0.02M | Scene, ViewLayer | Synchronizing object | Sea arcade jamb
Fra:1 Mem:171.21M (Peak 172.13M) | Time:00:00.02 | Mem:0.02M, Peak:0.02M | Scene, ViewLayer | Synchronizing object | Sea arcade jamb.001
Fra:1 Mem:171.23M (Peak 172.13M) | Time:00:00.02 | Mem:0.02M, Peak:0.02M | Scene, ViewLayer | Synchronizing object | Sea arcade jamb.002
Fra:1 Mem:171.30M (Peak 172.13M) | Time:00:00.02 | Mem:0.02M, Peak:0.02M | Scene, ViewLayer | Synchronizing object | Sea arcade jamb.003
Fra:1 Mem:171.33M (Peak 172.13M) | Time:00:00.02 | Mem:0.02M, Peak:0.02M | Scene, ViewLayer | Synchronizing object | Sea arcade jamb.004
Fra:1 Mem:171.44M (Peak 172.13M) | Time:00:00.02 | Mem:0.02M, Peak:0.02M | Scene, ViewLayer | Synchronizing object | Sea arcade jamb.005
Fra:1 Mem:171.46M (Peak 172.13M) | Time:00:00.02 | Mem:0.02M, Peak:0.02M | Scene, ViewLayer | Synchronizing object | Dressed stone tread.042
Fra:1 Mem:171.53M (Peak 172.13M) | Time:00:00.02 | Mem:0.02M, Peak:0.02M | Scene, ViewLayer | Synchronizing object | Brass step nosing.042
Fra:1 Mem:171.48M (Peak 172.13M) | Time:00:00.02 | Mem:0.02M, Peak:0.02M | Scene, ViewLayer | Synchronizing object | Brass step nosing.043
Fra:1 Mem:171.58M (Peak 172.13M) | Time:00:00.02 | Mem:0.02M, Peak:0.02M | Scene, ViewLayer | Synchronizing object | Dressed stone tread.044
Fra:1 Mem:171.65M (Peak 172.13M) | Time:00:00.02 | Mem:0.02M, Peak:0.02M | Scene, ViewLayer | Synchronizing object | Brass step nosing.045
Fra:1 Mem:171.66M (Peak 172.13M) | Time:00:00.02 | Mem:0.02M, Peak:0.02M | Scene, ViewLayer | Synchronizing object | Raised standing seam
Fra:1 Mem:171.69M (Peak 172.13M) | Time:00:00.02 | Mem:0.02M, Peak:0.02M | Scene, ViewLayer | Synchronizing object | Dressed stone tread.047
Fra:1 Mem:171.68M (Peak 172.13M) | Time:00:00.02 | Mem:0.02M, Peak:0.02M | Scene, ViewLayer | Synchronizing object | Brass step nosing.047
Fra:1 Mem:171.80M (Peak 172.13M) | Time:00:00.02 | Mem:0.02M, Peak:0.02M | Scene, ViewLayer | Synchronizing object | Dressed stone tread.048
Fra:1 Mem:171.73M (Peak 172.13M) | Time:00:00.02 | Mem:0.02M, Peak:0.02M | Scene, ViewLayer | Synchronizing object | Brass step nosing.048
Fra:1 Mem:171.76M (Peak 172.13M) | Time:00:00.02 | Mem:0.02M, Peak:0.02M | Scene, ViewLayer | Synchronizing object | Brass step nosing.049
Fra:1 Mem:171.84M (Peak 172.13M) | Time:00:00.02 | Mem:0.02M, Peak:0.02M | Scene, ViewLayer | Synchronizing object | Dressed stone tread.050
Fra:1 Mem:171.79M (Peak 172.13M) | Time:00:00.02 | Mem:0.02M, Peak:0.02M | Scene, ViewLayer | Synchronizing object | Dressed stone tread.051
Fra:1 Mem:171.83M (Peak 172.13M) | Time:00:00.02 | Mem:0.02M, Peak:0.02M | Scene, ViewLayer | Synchronizing object | Brass step nosing.051
Fra:1 Mem:171.90M (Peak 172.13M) | Time:00:00.02 | Mem:0.02M, Peak:0.02M | Scene, ViewLayer | Synchronizing object | Brass step nosing.052
Fra:1 Mem:171.86M (Peak 172.13M) | Time:00:00.02 | Mem:0.02M, Peak:0.02M | Scene, ViewLayer | Synchronizing object | Brass step nosing.053
Fra:1 Mem:171.91M (Peak 172.13M) | Time:00:00.02 | Mem:0.02M, Peak:0.02M | Scene, ViewLayer | Synchronizing object | Dressed stone tread.054
Fra:1 Mem:171.97M (Peak 172.13M) | Time:00:00.02 | Mem:0.02M, Peak:0.02M | Scene, ViewLayer | Synchronizing object | Brass step nosing.054
Fra:1 Mem:171.97M (Peak 172.13M) | Time:00:00.02 | Mem:0.02M, Peak:0.02M | Scene, ViewLayer | Synchronizing object | Slim brass handrail.008
Fra:1 Mem:172.10M (Peak 172.13M) | Time:00:00.02 | Mem:0.02M, Peak:0.02M | Scene, ViewLayer | Synchronizing object | Bronze baluster.032
Fra:1 Mem:172.09M (Peak 172.13M) | Time:00:00.02 | Mem:0.02M, Peak:0.02M | Scene, ViewLayer | Synchronizing object | Bronze baluster.033
Fra:1 Mem:172.11M (Peak 172.13M) | Time:00:00.02 | Mem:0.02M, Peak:0.02M | Scene, ViewLayer | Synchronizing object | Bronze baluster.034
Fra:1 Mem:172.16M (Peak 172.16M) | Time:00:00.02 | Mem:0.02M, Peak:0.02M | Scene, ViewLayer | Synchronizing object | Bronze baluster.035
Fra:1 Mem:172.16M (Peak 172.16M) | Time:00:00.02 | Mem:0.02M, Peak:0.02M | Scene, ViewLayer | Synchronizing object | Bronze baluster.037
Fra:1 Mem:172.16M (Peak 172.16M) | Time:00:00.02 | Mem:0.02M, Peak:0.02M | Scene, ViewLayer | Synchronizing object | Bronze baluster.038
Fra:1 Mem:172.21M (Peak 172.21M) | Time:00:00.02 | Mem:0.02M, Peak:0.02M | Scene, ViewLayer | Synchronizing object | Bronze baluster.039
Fra:1 Mem:172.30M (Peak 172.30M) | Time:00:00.02 | Mem:0.02M, Peak:0.02M | Scene, ViewLayer | Synchronizing object | Bronze baluster.040
Fra:1 Mem:172.27M (Peak 172.30M) | Time:00:00.02 | Mem:0.02M, Peak:0.02M | Scene, ViewLayer | Synchronizing object | Bronze baluster.041
Fra:1 Mem:172.28M (Peak 172.30M) | Time:00:00.02 | Mem:0.02M, Peak:0.02M | Scene, ViewLayer | Synchronizing object | Bronze inlay border.002
Fra:1 Mem:172.28M (Peak 172.30M) | Time:00:00.02 | Mem:0.02M, Peak:0.02M | Scene, ViewLayer | Synchronizing object | Bronze inlay border.003
Fra:1 Mem:172.30M (Peak 172.30M) | Time:00:00.02 | Mem:0.02M, Peak:0.02M | Scene, ViewLayer | Synchronizing object | Bronze inlay border.004
Fra:1 Mem:172.32M (Peak 172.32M) | Time:00:00.02 | Mem:0.02M, Peak:0.02M | Scene, ViewLayer | Synchronizing object | Bronze inlay border.007
Fra:1 Mem:172.40M (Peak 172.40M) | Time:00:00.02 | Mem:0.02M, Peak:0.02M | Scene, ViewLayer | Synchronizing object | Diamond inlaid stone
Fra:1 Mem:172.39M (Peak 172.40M) | Time:00:00.02 | Mem:0.02M, Peak:0.02M | Scene, ViewLayer | Synchronizing object | Arrival shrine jamb.001
Fra:1 Mem:172.43M (Peak 172.43M) | Time:00:00.02 | Mem:0.02M, Peak:0.02M | Scene, ViewLayer | Synchronizing object | Arrival shrine jamb.002
Fra:1 Mem:172.48M (Peak 172.48M) | Time:00:00.02 | Mem:0.02M, Peak:0.02M | Scene, ViewLayer | Synchronizing object | Arrival shrine jamb.003
Fra:1 Mem:172.50M (Peak 172.51M) | Time:00:00.02 | Mem:0.02M, Peak:0.02M | Scene, ViewLayer | Synchronizing object | Arrival shrine jamb.004
Fra:1 Mem:172.50M (Peak 172.51M) | Time:00:00.02 | Mem:0.02M, Peak:0.02M | Scene, ViewLayer | Synchronizing object | Arrival shrine jamb.005
Fra:1 Mem:172.53M (Peak 172.53M) | Time:00:00.02 | Mem:0.02M, Peak:0.02M | Scene, ViewLayer | Synchronizing object | Arrival shrine jamb.006
Fra:1 Mem:172.57M (Peak 172.56M) | Time:00:00.02 | Mem:0.02M, Peak:0.02M | Scene, ViewLayer | Synchronizing object | Arrival shrine jamb.007
Fra:1 Mem:172.59M (Peak 172.59M) | Time:00:00.02 | Mem:0.02M, Peak:0.02M | Scene, ViewLayer | Synchronizing object | Arrival shrine cornice
Fra:1 Mem:172.65M (Peak 172.65M) | Time:00:00.02 | Mem:0.02M, Peak:0.02M | Scene, ViewLayer | Synchronizing object | Arrival shrine bronze roof curb
Fra:1 Mem:172.61M (Peak 172.65M) | Time:00:00.02 | Mem:0.02M, Peak:0.02M | Scene, ViewLayer | Synchronizing object | Gilded finial
Fra:1 Mem:172.67M (Peak 172.67M) | Time:00:00.02 | Mem:0.02M, Peak:0.02M | Scene, ViewLayer | Synchronizing object | Pavilion tower
Fra:1 Mem:172.67M (Peak 172.67M) | Time:00:00.02 | Mem:0.02M, Peak:0.02M | Scene, ViewLayer | Synchronizing object | Pavilion tower footing
Fra:1 Mem:172.71M (Peak 172.71M) | Time:00:00.02 | Mem:0.02M, Peak:0.02M | Scene, ViewLayer | Synchronizing object | Fine horizontal masonry joint.037
Fra:1 Mem:172.71M (Peak 172.71M) | Time:00:00.02 | Mem:0.02M, Peak:0.02M | Scene, ViewLayer | Synchronizing object | Fine horizontal masonry joint.038
Fra:1 Mem:172.81M (Peak 172.81M) | Time:00:00.02 | Mem:0.02M, Peak:0.02M | Scene, ViewLayer | Synchronizing object | Fine horizontal masonry joint.039
Fra:1 Mem:173.00M (Peak 173.00M) | Time:00:00.02 | Mem:0.02M, Peak:0.02M | Scene, ViewLayer | Synchronizing object | Fine horizontal masonry joint.040
Fra:1 Mem:172.95M (Peak 173.00M) | Time:00:00.02 | Mem:0.02M, Peak:0.02M | Scene, ViewLayer | Synchronizing object | Island pavilion 0 stylobate
Fra:1 Mem:172.98M (Peak 173.00M) | Time:00:00.02 | Mem:0.02M, Peak:0.02M | Scene, ViewLayer | Synchronizing object | Inset stone paving.001
Fra:1 Mem:172.99M (Peak 173.00M) | Time:00:00.02 | Mem:0.02M, Peak:0.02M | Scene, ViewLayer | Synchronizing object | Bronze inlay border.008
Fra:1 Mem:173.12M (Peak 173.12M) | Time:00:00.02 | Mem:0.02M, Peak:0.02M | Scene, ViewLayer | Synchronizing object | Bronze inlay border.009
Fra:1 Mem:173.22M (Peak 173.22M) | Time:00:00.02 | Mem:0.02M, Peak:0.02M | Scene, ViewLayer | Synchronizing object | Bronze inlay border.012
Fra:1 Mem:173.24M (Peak 173.25M) | Time:00:00.02 | Mem:0.02M, Peak:0.02M | Scene, ViewLayer | Synchronizing object | Bronze inlay border.015
Fra:1 Mem:173.21M (Peak 173.25M) | Time:00:00.02 | Mem:0.02M, Peak:0.02M | Scene, ViewLayer | Synchronizing object | Island pavilion 0 jamb
Fra:1 Mem:173.25M (Peak 173.25M) | Time:00:00.02 | Mem:0.02M, Peak:0.02M | Scene, ViewLayer | Synchronizing object | Island pavilion 0 jamb.002
Fra:1 Mem:173.32M (Peak 173.32M) | Time:00:00.02 | Mem:0.02M, Peak:0.02M | Scene, ViewLayer | Synchronizing object | Island pavilion 0 jamb.003
Fra:1 Mem:173.33M (Peak 173.33M) | Time:00:00.02 | Mem:0.02M, Peak:0.02M | Scene, ViewLayer | Synchronizing object | Island pavilion 0 jamb.004
Fra:1 Mem:173.41M (Peak 173.41M) | Time:00:00.02 | Mem:0.02M, Peak:0.02M | Scene, ViewLayer | Synchronizing object | Island pavilion 0 jamb.005
Fra:1 Mem:173.36M (Peak 173.41M) | Time:00:00.02 | Mem:0.02M, Peak:0.02M | Scene, ViewLayer | Synchronizing object | Gilded finial.001
Fra:1 Mem:173.38M (Peak 173.41M) | Time:00:00.02 | Mem:0.02M, Peak:0.02M | Scene, ViewLayer | Synchronizing object | Sphere.001
Fra:1 Mem:173.43M (Peak 173.43M) | Time:00:00.02 | Mem:0.02M, Peak:0.02M | Scene, ViewLayer | Synchronizing object | Pavilion tower.001
Fra:1 Mem:173.49M (Peak 173.49M) | Time:00:00.02 | Mem:0.02M, Peak:0.02M | Scene, ViewLayer | Synchronizing object | Pavilion tower footing.001
Fra:1 Mem:173.59M (Peak 173.59M) | Time:00:00.02 | Mem:0.02M, Peak:0.02M | Scene, ViewLayer | Synchronizing object | Fine horizontal masonry joint.041
Fra:1 Mem:173.63M (Peak 173.63M) | Time:00:00.02 | Mem:0.02M, Peak:0.02M | Scene, ViewLayer | Synchronizing object | Fine horizontal masonry joint.043
Fra:1 Mem:173.64M (Peak 173.65M) | Time:00:00.02 | Mem:0.02M, Peak:0.02M | Scene, ViewLayer | Synchronizing object | Fine horizontal masonry joint.044
Fra:1 Mem:173.79M (Peak 173.79M) | Time:00:00.02 | Mem:0.02M, Peak:0.02M | Scene, ViewLayer | Synchronizing object | Fine horizontal masonry joint.045
Fra:1 Mem:173.80M (Peak 173.80M) | Time:00:00.02 | Mem:0.02M, Peak:0.02M | Scene, ViewLayer | Synchronizing object | Fine horizontal masonry joint.048
Fra:1 Mem:173.86M (Peak 173.86M) | Time:00:00.02 | Mem:0.02M, Peak:0.02M | Scene, ViewLayer | Synchronizing object | Island pavilion 1 stylobate
Fra:1 Mem:173.88M (Peak 173.88M) | Time:00:00.02 | Mem:0.02M, Peak:0.02M | Scene, ViewLayer | Synchronizing object | Inset stone paving.002
Fra:1 Mem:173.97M (Peak 173.97M) | Time:00:00.02 | Mem:0.02M, Peak:0.02M | Scene, ViewLayer | Synchronizing object | Bronze inlay border.017
Fra:1 Mem:173.93M (Peak 173.97M) | Time:00:00.02 | Mem:0.02M, Peak:0.02M | Scene, ViewLayer | Synchronizing object | Bronze inlay border.018
Fra:1 Mem:173.97M (Peak 173.97M) | Time:00:00.02 | Mem:0.02M, Peak:0.02M | Scene, ViewLayer | Synchronizing object | Bronze inlay border.019
Fra:1 Mem:173.99M (Peak 173.99M) | Time:00:00.03 | Mem:0.02M, Peak:0.02M | Scene, ViewLayer | Synchronizing object | Bronze inlay border.021
Fra:1 Mem:173.98M (Peak 173.99M) | Time:00:00.03 | Mem:0.02M, Peak:0.02M | Scene, ViewLayer | Synchronizing object | Bronze inlay border.023
Fra:1 Mem:174.01M (Peak 174.01M) | Time:00:00.03 | Mem:0.02M, Peak:0.02M | Scene, ViewLayer | Synchronizing object | Diamond inlaid stone.002
Fra:1 Mem:174.28M (Peak 174.28M) | Time:00:00.03 | Mem:0.02M, Peak:0.02M | Scene, ViewLayer | Synchronizing object | Island pavilion 1 jamb
Fra:1 Mem:174.26M (Peak 174.28M) | Time:00:00.03 | Mem:0.02M, Peak:0.02M | Scene, ViewLayer | Synchronizing object | Island pavilion 1 jamb.004
Fra:1 Mem:174.32M (Peak 174.32M) | Time:00:00.03 | Mem:0.02M, Peak:0.02M | Scene, ViewLayer | Synchronizing object | Island pavilion 1 jamb.006
Fra:1 Mem:174.39M (Peak 174.39M) | Time:00:00.03 | Mem:0.02M, Peak:0.02M | Scene, ViewLayer | Synchronizing object | Island pavilion 1 jamb.007
Fra:1 Mem:174.39M (Peak 174.39M) | Time:00:00.03 | Mem:0.02M, Peak:0.02M | Scene, ViewLayer | Synchronizing object | Island pavilion 1 bronze roof curb
Fra:1 Mem:174.40M (Peak 174.40M) | Time:00:00.03 | Mem:0.02M, Peak:0.02M | Scene, ViewLayer | Synchronizing object | Gilded finial.002
Fra:1 Mem:174.46M (Peak 174.46M) | Time:00:00.03 | Mem:0.02M, Peak:0.02M | Scene, ViewLayer | Synchronizing object | Sphere.002
Fra:1 Mem:174.47M (Peak 174.47M) | Time:00:00.03 | Mem:0.02M, Peak:0.02M | Scene, ViewLayer | Synchronizing object | Pavilion tower.002
Fra:1 Mem:174.50M (Peak 174.50M) | Time:00:00.03 | Mem:0.02M, Peak:0.02M | Scene, ViewLayer | Synchronizing object | Pavilion tower capital.002
Fra:1 Mem:174.55M (Peak 174.55M) | Time:00:00.03 | Mem:0.02M, Peak:0.02M | Scene, ViewLayer | Synchronizing object | Fine horizontal masonry joint.051
Fra:1 Mem:174.59M (Peak 174.59M) | Time:00:00.03 | Mem:0.02M, Peak:0.02M | Scene, ViewLayer | Synchronizing object | Fine horizontal masonry joint.054
Fra:1 Mem:174.62M (Peak 174.62M) | Time:00:00.03 | Mem:0.02M, Peak:0.02M | Scene, ViewLayer | Synchronizing object | Fine horizontal masonry joint.056
Fra:1 Mem:174.66M (Peak 174.66M) | Time:00:00.03 | Mem:0.02M, Peak:0.02M | Scene, ViewLayer | Synchronizing object | Fine horizontal masonry joint.057
Fra:1 Mem:174.70M (Peak 174.70M) | Time:00:00.03 | Mem:0.02M, Peak:0.02M | Scene, ViewLayer | Synchronizing object | Island pavilion 2 stylobate
Fra:1 Mem:174.71M (Peak 174.71M) | Time:00:00.03 | Mem:0.02M, Peak:0.02M | Scene, ViewLayer | Synchronizing object | Raised standing seam.005
Fra:1 Mem:174.78M (Peak 174.78M) | Time:00:00.03 | Mem:0.02M, Peak:0.02M | Scene, ViewLayer | Synchronizing object | Bronze inlay border.024
Fra:1 Mem:174.81M (Peak 174.81M) | Time:00:00.03 | Mem:0.02M, Peak:0.02M | Scene, ViewLayer | Synchronizing object | Bronze inlay border.026
Fra:1 Mem:174.84M (Peak 174.84M) | Time:00:00.03 | Mem:0.02M, Peak:0.02M | Scene, ViewLayer | Synchronizing object | Bronze inlay border.027
Fra:1 Mem:174.86M (Peak 174.86M) | Time:00:00.03 | Mem:0.02M, Peak:0.02M | Scene, ViewLayer | Synchronizing object | Bronze inlay border.028
Fra:1 Mem:174.95M (Peak 174.95M) | Time:00:00.03 | Mem:0.02M, Peak:0.02M | Scene, ViewLayer | Synchronizing object | Bronze inlay border.029
Fra:1 Mem:174.99M (Peak 174.99M) | Time:00:00.03 | Mem:0.02M, Peak:0.02M | Scene, ViewLayer | Synchronizing object | Bronze inlay border.030
Fra:1 Mem:175.05M (Peak 175.05M) | Time:00:00.03 | Mem:0.02M, Peak:0.02M | Scene, ViewLayer | Synchronizing object | Bronze inlay border.031
Fra:1 Mem:175.04M (Peak 175.05M) | Time:00:00.03 | Mem:0.02M, Peak:0.02M | Scene, ViewLayer | Synchronizing object | Island pavilion 2 jamb
Fra:1 Mem:175.14M (Peak 175.14M) | Time:00:00.03 | Mem:0.02M, Peak:0.02M | Scene, ViewLayer | Synchronizing object | Island pavilion 2 jamb.001
Fra:1 Mem:175.15M (Peak 175.15M) | Time:00:00.03 | Mem:0.02M, Peak:0.02M | Scene, ViewLayer | Synchronizing object | Island pavilion 2 jamb.002
Fra:1 Mem:175.18M (Peak 175.18M) | Time:00:00.03 | Mem:0.02M, Peak:0.02M | Scene, ViewLayer | Synchronizing object | Island pavilion 2 jamb.003
Fra:1 Mem:175.26M (Peak 175.26M) | Time:00:00.03 | Mem:0.02M, Peak:0.02M | Scene, ViewLayer | Synchronizing object | Island pavilion 2 jamb.005
Fra:1 Mem:175.24M (Peak 175.26M) | Time:00:00.03 | Mem:0.02M, Peak:0.02M | Scene, ViewLayer | Synchronizing object | Island pavilion 2 jamb.006
Fra:1 Mem:175.31M (Peak 175.31M) | Time:00:00.03 | Mem:0.02M, Peak:0.02M | Scene, ViewLayer | Synchronizing object | Island pavilion 2 cornice
Fra:1 Mem:175.30M (Peak 175.31M) | Time:00:00.03 | Mem:0.02M, Peak:0.02M | Scene, ViewLayer | Synchronizing object | Island pavilion 2 bronze roof curb
Fra:1 Mem:175.27M (Peak 175.31M) | Time:00:00.03 | Mem:0.02M, Peak:0.02M | Scene, ViewLayer | Synchronizing object | Gilded finial.003
Fra:1 Mem:175.33M (Peak 175.33M) | Time:00:00.03 | Mem:0.02M, Peak:0.02M | Scene, ViewLayer | Synchronizing object | Sphere.003
Fra:1 Mem:175.35M (Peak 175.35M) | Time:00:00.03 | Mem:0.02M, Peak:0.02M | Scene, ViewLayer | Synchronizing object | High cliff bridge jamb
Fra:1 Mem:175.31M (Peak 175.35M) | Time:00:00.03 | Mem:0.02M, Peak:0.02M | Scene, ViewLayer | Synchronizing object | High cliff bridge jamb.001
Fra:1 Mem:175.37M (Peak 175.37M) | Time:00:00.03 | Mem:0.02M, Peak:0.02M | Scene, ViewLayer | Synchronizing object | High bridge paving
Fra:1 Mem:175.51M (Peak 175.51M) | Time:00:00.03 | Mem:0.02M, Peak:0.02M | Scene, ViewLayer | Synchronizing object | Dressed stone tread.055
Fra:1 Mem:175.48M (Peak 175.51M) | Time:00:00.03 | Mem:0.02M, Peak:0.02M | Scene, ViewLayer | Synchronizing object | Brass step nosing.055
Fra:1 Mem:175.51M (Peak 175.51M) | Time:00:00.03 | Mem:0.02M, Peak:0.02M | Scene, ViewLayer | Synchronizing object | Raised standing seam.006
Fra:1 Mem:175.54M (Peak 175.54M) | Time:00:00.03 | Mem:0.02M, Peak:0.02M | Scene, ViewLayer | Synchronizing object | Brass step nosing.057
Fra:1 Mem:175.62M (Peak 175.62M) | Time:00:00.03 | Mem:0.02M, Peak:0.02M | Scene, ViewLayer | Synchronizing object | Dressed stone tread.058
Fra:1 Mem:175.68M (Peak 175.68M) | Time:00:00.03 | Mem:0.02M, Peak:0.02M | Scene, ViewLayer | Synchronizing object | Brass step nosing.058
Fra:1 Mem:175.73M (Peak 175.73M) | Time:00:00.03 | Mem:0.02M, Peak:0.02M | Scene, ViewLayer | Synchronizing object | Raised standing seam.007
Fra:1 Mem:175.84M (Peak 175.84M) | Time:00:00.03 | Mem:0.02M, Peak:0.02M | Scene, ViewLayer | Synchronizing object | Dressed stone tread.059
Fra:1 Mem:175.83M (Peak 175.84M) | Time:00:00.03 | Mem:0.02M, Peak:0.02M | Scene, ViewLayer | Synchronizing object | Brass step nosing.059
Fra:1 Mem:175.85M (Peak 175.85M) | Time:00:00.03 | Mem:0.02M, Peak:0.02M | Scene, ViewLayer | Synchronizing object | Dressed stone tread.060
Fra:1 Mem:175.91M (Peak 175.91M) | Time:00:00.03 | Mem:0.02M, Peak:0.02M | Scene, ViewLayer | Synchronizing object | Raised standing seam.008
Fra:1 Mem:175.99M (Peak 175.99M) | Time:00:00.03 | Mem:0.02M, Peak:0.02M | Scene, ViewLayer | Synchronizing object | Dressed stone tread.061
Fra:1 Mem:175.98M (Peak 175.99M) | Time:00:00.03 | Mem:0.02M, Peak:0.02M | Scene, ViewLayer | Synchronizing object | Dressed stone tread.062
Fra:1 Mem:176.07M (Peak 176.07M) | Time:00:00.03 | Mem:0.02M, Peak:0.02M | Scene, ViewLayer | Synchronizing object | Raised standing seam.009
Fra:1 Mem:176.18M (Peak 176.18M) | Time:00:00.03 | Mem:0.02M, Peak:0.02M | Scene, ViewLayer | Synchronizing object | Brass step nosing.062
Fra:1 Mem:176.25M (Peak 176.25M) | Time:00:00.03 | Mem:0.02M, Peak:0.02M | Scene, ViewLayer | Synchronizing object | Brass step nosing.063
Fra:1 Mem:176.27M (Peak 176.27M) | Time:00:00.03 | Mem:0.02M, Peak:0.02M | Scene, ViewLayer | Synchronizing object | Brass step nosing.064
Fra:1 Mem:176.31M (Peak 176.31M) | Time:00:00.03 | Mem:0.02M, Peak:0.02M | Scene, ViewLayer | Synchronizing object | Dressed stone tread.065
Fra:1 Mem:176.35M (Peak 176.35M) | Time:00:00.03 | Mem:0.02M, Peak:0.02M | Scene, ViewLayer | Synchronizing object | Brass step nosing.065
Fra:1 Mem:176.43M (Peak 176.43M) | Time:00:00.03 | Mem:0.02M, Peak:0.02M | Scene, ViewLayer | Synchronizing object | Dressed stone tread.066
Fra:1 Mem:176.47M (Peak 176.47M) | Time:00:00.03 | Mem:0.02M, Peak:0.02M | Scene, ViewLayer | Synchronizing object | Slim brass handrail.010
Fra:1 Mem:176.50M (Peak 176.50M) | Time:00:00.03 | Mem:0.02M, Peak:0.02M | Scene, ViewLayer | Synchronizing object | Bronze baluster.045
Fra:1 Mem:176.55M (Peak 176.55M) | Time:00:00.03 | Mem:0.02M, Peak:0.02M | Scene, ViewLayer | Synchronizing object | Slim brass handrail.011
Fra:1 Mem:176.59M (Peak 176.59M) | Time:00:00.03 | Mem:0.02M, Peak:0.02M | Scene, ViewLayer | Synchronizing object | Bronze baluster.046
Fra:1 Mem:176.59M (Peak 176.59M) | Time:00:00.03 | Mem:0.02M, Peak:0.02M | Scene, ViewLayer | Synchronizing object | Bronze baluster.047
Fra:1 Mem:176.64M (Peak 176.64M) | Time:00:00.03 | Mem:0.02M, Peak:0.02M | Scene, ViewLayer | Synchronizing object | Bronze baluster.048
Fra:1 Mem:176.62M (Peak 176.64M) | Time:00:00.03 | Mem:0.02M, Peak:0.02M | Scene, ViewLayer | Synchronizing object | Summit lantern stylobate
Fra:1 Mem:176.62M (Peak 176.64M) | Time:00:00.03 | Mem:0.02M, Peak:0.02M | Scene, ViewLayer | Synchronizing object | Inset stone paving.004
Fra:1 Mem:176.69M (Peak 176.69M) | Time:00:00.03 | Mem:0.02M, Peak:0.02M | Scene, ViewLayer | Synchronizing object | Bronze inlay border.032
Fra:1 Mem:176.67M (Peak 176.69M) | Time:00:00.03 | Mem:0.02M, Peak:0.02M | Scene, ViewLayer | Synchronizing object | Bronze inlay border.033
Fra:1 Mem:176.68M (Peak 176.69M) | Time:00:00.03 | Mem:0.02M, Peak:0.02M | Scene, ViewLayer | Synchronizing object | Bronze inlay border.034
Fra:1 Mem:176.71M (Peak 176.71M) | Time:00:00.03 | Mem:0.02M, Peak:0.02M | Scene, ViewLayer | Synchronizing object | Bronze inlay border.036
Fra:1 Mem:176.71M (Peak 176.71M) | Time:00:00.03 | Mem:0.02M, Peak:0.02M | Scene, ViewLayer | Synchronizing object | Bronze inlay border.037
Fra:1 Mem:176.75M (Peak 176.75M) | Time:00:00.03 | Mem:0.02M, Peak:0.02M | Scene, ViewLayer | Synchronizing object | Bronze inlay border.039
Fra:1 Mem:176.74M (Peak 176.75M) | Time:00:00.03 | Mem:0.02M, Peak:0.02M | Scene, ViewLayer | Synchronizing object | Diamond inlaid stone.004
Fra:1 Mem:176.75M (Peak 176.75M) | Time:00:00.03 | Mem:0.02M, Peak:0.02M | Scene, ViewLayer | Synchronizing object | Summit lantern jamb
Fra:1 Mem:176.75M (Peak 176.75M) | Time:00:00.03 | Mem:0.02M, Peak:0.02M | Scene, ViewLayer | Synchronizing object | Summit lantern jamb.002
Fra:1 Mem:176.80M (Peak 176.80M) | Time:00:00.03 | Mem:0.02M, Peak:0.02M | Scene, ViewLayer | Synchronizing object | Summit lantern jamb.004
Fra:1 Mem:176.88M (Peak 176.88M) | Time:00:00.03 | Mem:0.02M, Peak:0.02M | Scene, ViewLayer | Synchronizing object | Summit lantern jamb.005
Fra:1 Mem:176.92M (Peak 176.92M) | Time:00:00.03 | Mem:0.02M, Peak:0.02M | Scene, ViewLayer | Synchronizing object | Summit lantern jamb.006
Fra:1 Mem:176.95M (Peak 176.95M) | Time:00:00.03 | Mem:0.02M, Peak:0.02M | Scene, ViewLayer | Synchronizing object | Summit lantern jamb.007
Fra:1 Mem:176.98M (Peak 176.98M) | Time:00:00.03 | Mem:0.02M, Peak:0.02M | Scene, ViewLayer | Synchronizing object | Summit lantern cornice
Fra:1 Mem:177.00M (Peak 177.00M) | Time:00:00.03 | Mem:0.02M, Peak:0.02M | Scene, ViewLayer | Synchronizing object | Summit lantern bronze roof curb
Fra:1 Mem:177.05M (Peak 177.05M) | Time:00:00.03 | Mem:0.02M, Peak:0.02M | Scene, ViewLayer | Synchronizing object | Gilded finial.004
Fra:1 Mem:177.15M (Peak 177.15M) | Time:00:00.03 | Mem:0.02M, Peak:0.02M | Scene, ViewLayer | Synchronizing object | Sphere.004
Fra:1 Mem:177.16M (Peak 177.16M) | Time:00:00.03 | Mem:0.02M, Peak:0.02M | Scene, ViewLayer | Synchronizing object | Slender flagstaff
Fra:1 Mem:177.20M (Peak 177.20M) | Time:00:00.03 | Mem:0.02M, Peak:0.02M | Scene, ViewLayer | Synchronizing object | Inset stone paving.005
Fra:1 Mem:177.21M (Peak 177.21M) | Time:00:00.03 | Mem:0.02M, Peak:0.02M | Scene, ViewLayer | Synchronizing object | Bronze inlay border.042
Fra:1 Mem:177.25M (Peak 177.25M) | Time:00:00.03 | Mem:0.02M, Peak:0.02M | Scene, ViewLayer | Synchronizing object | Bronze inlay border.046
Fra:1 Mem:177.27M (Peak 177.27M) | Time:00:00.03 | Mem:0.02M, Peak:0.02M | Scene, ViewLayer | Synchronizing object | Bronze inlay border.047
Fra:1 Mem:177.34M (Peak 177.34M) | Time:00:00.03 | Mem:0.02M, Peak:0.02M | Scene, ViewLayer | Synchronizing object | Diamond inlaid stone.005
Fra:1 Mem:177.33M (Peak 177.34M) | Time:00:00.03 | Mem:0.02M, Peak:0.02M | Scene, ViewLayer | Synchronizing object | Inset stone paving.006
Fra:1 Mem:177.49M (Peak 177.49M) | Time:00:00.03 | Mem:0.02M, Peak:0.02M | Scene, ViewLayer | Synchronizing object | Bronze inlay border.048
Fra:1 Mem:177.59M (Peak 177.59M) | Time:00:00.03 | Mem:0.02M, Peak:0.02M | Scene, ViewLayer | Synchronizing object | Bronze inlay border.049
Fra:1 Mem:177.63M (Peak 177.63M) | Time:00:00.03 | Mem:0.02M, Peak:0.02M | Scene, ViewLayer | Synchronizing object | Bronze inlay border.050
Fra:1 Mem:177.62M (Peak 177.63M) | Time:00:00.03 | Mem:0.02M, Peak:0.02M | Scene, ViewLayer | Synchronizing object | Bronze inlay border.051
Fra:1 Mem:177.67M (Peak 177.67M) | Time:00:00.03 | Mem:0.02M, Peak:0.02M | Scene, ViewLayer | Synchronizing object | Bronze inlay border.053
Fra:1 Mem:177.74M (Peak 177.74M) | Time:00:00.03 | Mem:0.02M, Peak:0.02M | Scene, ViewLayer | Synchronizing object | Raised standing seam.013
Fra:1 Mem:177.69M (Peak 177.74M) | Time:00:00.03 | Mem:0.02M, Peak:0.02M | Scene, ViewLayer | Synchronizing object | Diamond inlaid stone.006
Fra:1 Mem:177.73M (Peak 177.74M) | Time:00:00.03 | Mem:0.02M, Peak:0.02M | Scene, ViewLayer | Synchronizing object | Inset stone paving.007
Fra:1 Mem:177.83M (Peak 177.83M) | Time:00:00.03 | Mem:0.02M, Peak:0.02M | Scene, ViewLayer | Synchronizing object | Bronze inlay border.058
Fra:1 Mem:177.77M (Peak 177.83M) | Time:00:00.03 | Mem:0.02M, Peak:0.02M | Scene, ViewLayer | Synchronizing object | Bronze inlay border.059
Fra:1 Mem:177.83M (Peak 177.83M) | Time:00:00.03 | Mem:0.02M, Peak:0.02M | Scene, ViewLayer | Synchronizing object | Bronze inlay border.060
Fra:1 Mem:177.89M (Peak 177.89M) | Time:00:00.03 | Mem:0.02M, Peak:0.02M | Scene, ViewLayer | Synchronizing object | Raised standing seam.014
Fra:1 Mem:177.89M (Peak 177.89M) | Time:00:00.03 | Mem:0.02M, Peak:0.02M | Scene, ViewLayer | Synchronizing object | Bronze inlay border.061
Fra:1 Mem:178.00M (Peak 178.00M) | Time:00:00.03 | Mem:0.02M, Peak:0.02M | Scene, ViewLayer | Synchronizing object | Bronze inlay border.062
Fra:1 Mem:178.05M (Peak 178.05M) | Time:00:00.03 | Mem:0.02M, Peak:0.02M | Scene, ViewLayer | Synchronizing object | Diamond inlaid stone.007
Fra:1 Mem:178.10M (Peak 178.10M) | Time:00:00.03 | Mem:0.02M, Peak:0.02M | Scene, ViewLayer | Synchronizing object | Bronze inlay border.065
Fra:1 Mem:178.20M (Peak 178.20M) | Time:00:00.03 | Mem:0.02M, Peak:0.02M | Scene, ViewLayer | Synchronizing object | Bronze inlay border.066
Fra:1 Mem:178.24M (Peak 178.24M) | Time:00:00.03 | Mem:0.02M, Peak:0.02M | Scene, ViewLayer | Synchronizing object | Bronze inlay border.069
Fra:1 Mem:178.30M (Peak 178.29M) | Time:00:00.03 | Mem:0.02M, Peak:0.02M | Scene, ViewLayer | Synchronizing object | Bronze inlay border.070
Fra:1 Mem:178.32M (Peak 178.32M) | Time:00:00.03 | Mem:0.02M, Peak:0.02M | Scene, ViewLayer | Synchronizing object | Raised standing seam.015
Fra:1 Mem:178.32M (Peak 178.32M) | Time:00:00.03 | Mem:0.02M, Peak:0.02M | Scene, ViewLayer | Synchronizing object | Bronze inlay border.071
Fra:1 Mem:178.38M (Peak 178.38M) | Time:00:00.03 | Mem:0.02M, Peak:0.02M | Scene, ViewLayer | Synchronizing object | Inset stone paving.009
Fra:1 Mem:178.36M (Peak 178.38M) | Time:00:00.03 | Mem:0.02M, Peak:0.02M | Scene, ViewLayer | Synchronizing object | Bronze inlay border.072
Fra:1 Mem:178.39M (Peak 178.39M) | Time:00:00.03 | Mem:0.02M, Peak:0.02M | Scene, ViewLayer | Synchronizing object | Bronze inlay border.074
Fra:1 Mem:178.43M (Peak 178.43M) | Time:00:00.03 | Mem:0.02M, Peak:0.02M | Scene, ViewLayer | Synchronizing object | Bronze inlay border.077
Fra:1 Mem:178.49M (Peak 178.49M) | Time:00:00.03 | Mem:0.02M, Peak:0.02M | Scene, ViewLayer | Synchronizing object | Bronze inlay border.078
Fra:1 Mem:178.48M (Peak 178.49M) | Time:00:00.03 | Mem:0.02M, Peak:0.02M | Scene, ViewLayer | Synchronizing object | Bronze inlay border.079
Fra:1 Mem:178.54M (Peak 178.54M) | Time:00:00.03 | Mem:0.02M, Peak:0.02M | Scene, ViewLayer | Synchronizing object | Diamond inlaid stone.009
Fra:1 Mem:178.59M (Peak 178.59M) | Time:00:00.03 | Mem:0.02M, Peak:0.02M | Scene, ViewLayer | Synchronizing object | Scanned warm rock outcrop
Fra:1 Mem:178.64M (Peak 178.64M) | Time:00:00.03 | Mem:0.02M, Peak:0.02M | Scene, ViewLayer | Synchronizing object | Scanned warm rock outcrop.002
Fra:1 Mem:179.58M (Peak 179.58M) | Time:00:00.03 | Mem:0.02M, Peak:0.02M | Scene, ViewLayer | Synchronizing object | Dome rolled rim
Fra:1 Mem:180.22M (Peak 180.22M) | Time:00:00.03 | Mem:0.02M, Peak:0.02M | Scene, ViewLayer | Synchronizing object | Scanned warm rock outcrop.003
Fra:1 Mem:180.28M (Peak 180.28M) | Time:00:00.03 | Mem:0.02M, Peak:0.02M | Scene, ViewLayer | Synchronizing object | Scanned warm rock outcrop.004
Fra:1 Mem:180.37M (Peak 180.37M) | Time:00:00.03 | Mem:0.02M, Peak:0.02M | Scene, ViewLayer | Synchronizing object | Scanned warm rock outcrop.005
Fra:1 Mem:181.16M (Peak 181.16M) | Time:00:00.03 | Mem:0.02M, Peak:0.02M | Scene, ViewLayer | Synchronizing object | Scanned warm rock outcrop.006
Fra:1 Mem:181.16M (Peak 181.16M) | Time:00:00.03 | Mem:0.02M, Peak:0.02M | Scene, ViewLayer | Synchronizing object | Scanned warm rock outcrop.007
Fra:1 Mem:181.55M (Peak 181.55M) | Time:00:00.03 | Mem:0.02M, Peak:0.02M | Scene, ViewLayer | Synchronizing object | Scanned warm rock outcrop.008
Fra:1 Mem:181.58M (Peak 181.58M) | Time:00:00.03 | Mem:0.02M, Peak:0.02M | Scene, ViewLayer | Synchronizing object | Sea foam following the actual rock waterline
Fra:1 Mem:183.58M (Peak 183.58M) | Time:00:00.03 | Mem:0.02M, Peak:0.02M | Scene, ViewLayer | Synchronizing object | Stair vault.003
Fra:1 Mem:183.95M (Peak 183.95M) | Time:00:00.03 | Mem:0.02M, Peak:0.02M | Scene, ViewLayer | Synchronizing object | Dome rolled rim.001
Fra:1 Mem:186.52M (Peak 186.52M) | Time:00:00.03 | Mem:0.02M, Peak:0.02M | Scene, ViewLayer | Synchronizing object | Sea arcade arch
Fra:1 Mem:187.00M (Peak 187.00M) | Time:00:00.03 | Mem:0.02M, Peak:0.02M | Scene, ViewLayer | Synchronizing object | Sea arcade voussoir
Fra:1 Mem:189.85M (Peak 189.85M) | Time:00:00.03 | Mem:0.02M, Peak:0.02M | Scene, ViewLayer | Synchronizing object | Sea arcade voussoir.001
Fra:1 Mem:189.72M (Peak 189.85M) | Time:00:00.03 | Mem:0.02M, Peak:0.02M | Scene, ViewLayer | Synchronizing object | Raised standing seam.016
Fra:1 Mem:189.98M (Peak 189.98M) | Time:00:00.03 | Mem:0.02M, Peak:0.02M | Scene, ViewLayer | Synchronizing object | Sea arcade voussoir.005
Fra:1 Mem:191.22M (Peak 191.22M) | Time:00:00.03 | Mem:0.02M, Peak:0.02M | Scene, ViewLayer | Synchronizing object | Raised standing seam.017
Fra:1 Mem:191.29M (Peak 191.29M) | Time:00:00.03 | Mem:0.02M, Peak:0.02M | Scene, ViewLayer | Synchronizing object | Sea arcade voussoir.006
Fra:1 Mem:191.31M (Peak 191.31M) | Time:00:00.03 | Mem:0.02M, Peak:0.02M | Scene, ViewLayer | Synchronizing object | Sea arcade voussoir.008
Fra:1 Mem:191.32M (Peak 191.32M) | Time:00:00.03 | Mem:0.02M, Peak:0.02M | Scene, ViewLayer | Synchronizing object | Sea arcade voussoir.010
Fra:1 Mem:191.35M (Peak 191.35M) | Time:00:00.03 | Mem:0.02M, Peak:0.02M | Scene, ViewLayer | Synchronizing object | Sea arcade voussoir.011
Fra:1 Mem:191.56M (Peak 191.56M) | Time:00:00.03 | Mem:0.02M, Peak:0.02M | Scene, ViewLayer | Synchronizing object | Sea arcade voussoir.012
Fra:1 Mem:191.56M (Peak 191.56M) | Time:00:00.03 | Mem:0.02M, Peak:0.02M | Scene, ViewLayer | Synchronizing object | Sea arcade voussoir.014
Fra:1 Mem:191.57M (Peak 191.57M) | Time:00:00.03 | Mem:0.02M, Peak:0.02M | Scene, ViewLayer | Synchronizing object | Sea arcade voussoir.015
Fra:1 Mem:191.58M (Peak 191.58M) | Time:00:00.03 | Mem:0.02M, Peak:0.02M | Scene, ViewLayer | Synchronizing object | Sea arcade arch.001
Fra:1 Mem:191.71M (Peak 191.72M) | Time:00:00.03 | Mem:0.02M, Peak:0.02M | Scene, ViewLayer | Synchronizing object | Sea arcade voussoir.017
Fra:1 Mem:191.94M (Peak 191.94M) | Time:00:00.03 | Mem:0.02M, Peak:0.02M | Scene, ViewLayer | Synchronizing object | Sea arcade voussoir.018
Fra:1 Mem:191.98M (Peak 191.98M) | Time:00:00.03 | Mem:0.02M, Peak:0.02M | Scene, ViewLayer | Synchronizing object | Sea arcade voussoir.019
Fra:1 Mem:192.82M (Peak 192.82M) | Time:00:00.03 | Mem:0.02M, Peak:0.02M | Scene, ViewLayer | Synchronizing object | Raised standing seam.020
Fra:1 Mem:194.80M (Peak 194.81M) | Time:00:00.03 | Mem:0.02M, Peak:0.02M | Scene, ViewLayer | Synchronizing object | Sea arcade voussoir.022
Fra:1 Mem:194.81M (Peak 194.81M) | Time:00:00.03 | Mem:0.02M, Peak:0.02M | Scene, ViewLayer | Synchronizing object | Sea arcade voussoir.023
Fra:1 Mem:194.91M (Peak 194.91M) | Time:00:00.03 | Mem:0.02M, Peak:0.02M | Scene, ViewLayer | Synchronizing object | Sea arcade voussoir.024
Fra:1 Mem:194.96M (Peak 194.96M) | Time:00:00.03 | Mem:0.02M, Peak:0.02M | Scene, ViewLayer | Synchronizing object | Raised standing seam.021
Fra:1 Mem:195.93M (Peak 195.93M) | Time:00:00.03 | Mem:0.02M, Peak:0.02M | Scene, ViewLayer | Synchronizing object | Sea arcade voussoir.025
Fra:1 Mem:195.92M (Peak 195.93M) | Time:00:00.03 | Mem:0.02M, Peak:0.02M | Scene, ViewLayer | Synchronizing object | Raised standing seam.022
Fra:1 Mem:195.96M (Peak 195.96M) | Time:00:00.03 | Mem:0.02M, Peak:0.02M | Scene, ViewLayer | Synchronizing object | Sea arcade voussoir.027
Fra:1 Mem:196.85M (Peak 196.85M) | Time:00:00.03 | Mem:0.02M, Peak:0.02M | Scene, ViewLayer | Synchronizing object | Sea arcade voussoir.031
Fra:1 Mem:197.06M (Peak 197.06M) | Time:00:00.03 | Mem:0.02M, Peak:0.02M | Scene, ViewLayer | Synchronizing object | Raised standing seam.023
Fra:1 Mem:197.10M (Peak 197.10M) | Time:00:00.03 | Mem:0.02M, Peak:0.02M | Scene, ViewLayer | Synchronizing object | Sea arcade voussoir.032
Fra:1 Mem:197.18M (Peak 197.18M) | Time:00:00.03 | Mem:0.02M, Peak:0.02M | Scene, ViewLayer | Synchronizing object | Raised standing seam.024
Fra:1 Mem:197.23M (Peak 197.23M) | Time:00:00.03 | Mem:0.02M, Peak:0.02M | Scene, ViewLayer | Synchronizing object | Sea arcade voussoir.033
Fra:1 Mem:198.14M (Peak 198.14M) | Time:00:00.03 | Mem:0.02M, Peak:0.02M | Scene, ViewLayer | Synchronizing object | Sea arcade voussoir.035
Fra:1 Mem:198.41M (Peak 198.41M) | Time:00:00.03 | Mem:0.02M, Peak:0.02M | Scene, ViewLayer | Synchronizing object | Sea arcade voussoir.036
Fra:1 Mem:198.45M (Peak 198.45M) | Time:00:00.03 | Mem:0.02M, Peak:0.02M | Scene, ViewLayer | Synchronizing object | Sea arcade voussoir.037
Fra:1 Mem:198.65M (Peak 198.65M) | Time:00:00.03 | Mem:0.02M, Peak:0.02M | Scene, ViewLayer | Synchronizing object | Sea arcade voussoir.038
Fra:1 Mem:198.69M (Peak 198.69M) | Time:00:00.03 | Mem:0.02M, Peak:0.02M | Scene, ViewLayer | Synchronizing object | Sea arcade voussoir.039
Fra:1 Mem:198.72M (Peak 198.72M) | Time:00:00.03 | Mem:0.02M, Peak:0.02M | Scene, ViewLayer | Synchronizing object | Sea arcade voussoir.041
Fra:1 Mem:198.72M (Peak 198.72M) | Time:00:00.03 | Mem:0.02M, Peak:0.02M | Scene, ViewLayer | Synchronizing object | Sea arcade voussoir.042
Fra:1 Mem:198.81M (Peak 198.81M) | Time:00:00.03 | Mem:0.02M, Peak:0.02M | Scene, ViewLayer | Synchronizing object | Sea arcade voussoir.043
Fra:1 Mem:198.74M (Peak 198.81M) | Time:00:00.03 | Mem:0.02M, Peak:0.02M | Scene, ViewLayer | Synchronizing object | Sea arcade voussoir.045
Fra:1 Mem:198.76M (Peak 198.81M) | Time:00:00.03 | Mem:0.02M, Peak:0.02M | Scene, ViewLayer | Synchronizing object | Sea arcade voussoir.046
Fra:1 Mem:199.45M (Peak 199.45M) | Time:00:00.03 | Mem:0.02M, Peak:0.02M | Scene, ViewLayer | Synchronizing object | Raised standing seam.026
Fra:1 Mem:199.49M (Peak 199.49M) | Time:00:00.03 | Mem:0.02M, Peak:0.02M | Scene, ViewLayer | Synchronizing object | Sea arcade voussoir.047
Fra:1 Mem:199.53M (Peak 199.53M) | Time:00:00.03 | Mem:0.02M, Peak:0.02M | Scene, ViewLayer | Synchronizing object | Sea arcade voussoir.048
Fra:1 Mem:200.12M (Peak 200.12M) | Time:00:00.03 | Mem:0.02M, Peak:0.02M | Scene, ViewLayer | Synchronizing object | Sea arcade voussoir.049
Fra:1 Mem:200.14M (Peak 200.14M) | Time:00:00.03 | Mem:0.02M, Peak:0.02M | Scene, ViewLayer | Synchronizing object | Raised standing seam.027
Fra:1 Mem:200.13M (Peak 200.14M) | Time:00:00.03 | Mem:0.02M, Peak:0.02M | Scene, ViewLayer | Synchronizing object | Sea arcade voussoir.050
Fra:1 Mem:200.74M (Peak 200.74M) | Time:00:00.03 | Mem:0.02M, Peak:0.02M | Scene, ViewLayer | Synchronizing object | Stair vault.004
Fra:1 Mem:200.78M (Peak 200.78M) | Time:00:00.03 | Mem:0.02M, Peak:0.02M | Scene, ViewLayer | Synchronizing object | Arrival shrine arch
Fra:1 Mem:201.14M (Peak 201.14M) | Time:00:00.03 | Mem:0.02M, Peak:0.02M | Scene, ViewLayer | Synchronizing object | Raised standing seam.028
Fra:1 Mem:202.08M (Peak 202.08M) | Time:00:00.03 | Mem:0.02M, Peak:0.02M | Scene, ViewLayer | Synchronizing object | Arrival shrine arch.001
Fra:1 Mem:202.42M (Peak 202.42M) | Time:00:00.03 | Mem:0.02M, Peak:0.02M | Scene, ViewLayer | Synchronizing object | Arrival shrine arch.003
Fra:1 Mem:202.66M (Peak 202.66M) | Time:00:00.03 | Mem:0.02M, Peak:0.02M | Scene, ViewLayer | Synchronizing object | Island pavilion 0 arch
Fra:1 Mem:203.12M (Peak 203.12M) | Time:00:00.03 | Mem:0.02M, Peak:0.02M | Scene, ViewLayer | Synchronizing object | Island pavilion 0 arch.001
Fra:1 Mem:205.27M (Peak 205.27M) | Time:00:00.03 | Mem:0.02M, Peak:0.02M | Scene, ViewLayer | Synchronizing object | Raised standing seam.030
Fra:1 Mem:205.81M (Peak 205.81M) | Time:00:00.03 | Mem:0.02M, Peak:0.02M | Scene, ViewLayer | Synchronizing object | Island pavilion 0 arch.002
Fra:1 Mem:207.16M (Peak 207.16M) | Time:00:00.03 | Mem:0.02M, Peak:0.02M | Scene, ViewLayer | Synchronizing object | Island pavilion 0 copper dome
Fra:1 Mem:207.52M (Peak 207.52M) | Time:00:00.03 | Mem:0.02M, Peak:0.02M | Scene, ViewLayer | Synchronizing object | Raised standing seam.031
Fra:1 Mem:208.44M (Peak 208.44M) | Time:00:00.03 | Mem:0.02M, Peak:0.02M | Scene, ViewLayer | Synchronizing object | Dome rolled rim.002
Fra:1 Mem:209.30M (Peak 209.30M) | Time:00:00.03 | Mem:0.02M, Peak:0.02M | Scene, ViewLayer | Synchronizing object | Dome rolled rim.003
Fra:1 Mem:209.63M (Peak 209.63M) | Time:00:00.03 | Mem:0.02M, Peak:0.02M | Scene, ViewLayer | Synchronizing object | Raised standing seam.032
Fra:1 Mem:209.51M (Peak 209.63M) | Time:00:00.03 | Mem:0.02M, Peak:0.02M | Scene, ViewLayer | Synchronizing object | Island pavilion 1 arch
Fra:1 Mem:210.03M (Peak 210.03M) | Time:00:00.03 | Mem:0.02M, Peak:0.02M | Scene, ViewLayer | Synchronizing object | Raised standing seam.033
Fra:1 Mem:210.07M (Peak 210.07M) | Time:00:00.03 | Mem:0.02M, Peak:0.02M | Scene, ViewLayer | Synchronizing object | Island pavilion 1 arch.001
Fra:1 Mem:210.33M (Peak 210.33M) | Time:00:00.03 | Mem:0.02M, Peak:0.02M | Scene, ViewLayer | Synchronizing object | Raised standing seam.034
Fra:1 Mem:210.29M (Peak 210.33M) | Time:00:00.03 | Mem:0.02M, Peak:0.02M | Scene, ViewLayer | Synchronizing object | Island pavilion 1 arch.002
Fra:1 Mem:210.68M (Peak 210.68M) | Time:00:00.03 | Mem:0.02M, Peak:0.02M | Scene, ViewLayer | Synchronizing object | Island pavilion 1 arch.003
Fra:1 Mem:210.62M (Peak 210.68M) | Time:00:00.03 | Mem:0.02M, Peak:0.02M | Scene, ViewLayer | Synchronizing object | Raised standing seam.035
Fra:1 Mem:210.96M (Peak 210.96M) | Time:00:00.03 | Mem:0.02M, Peak:0.02M | Scene, ViewLayer | Synchronizing object | Island pavilion 1 copper dome
Fra:1 Mem:211.03M (Peak 211.03M) | Time:00:00.03 | Mem:0.02M, Peak:0.02M | Scene, ViewLayer | Synchronizing object | Raised standing seam.036
Fra:1 Mem:211.71M (Peak 211.71M) | Time:00:00.03 | Mem:0.02M, Peak:0.02M | Scene, ViewLayer | Synchronizing object | Raised standing seam.037
Fra:1 Mem:211.99M (Peak 211.99M) | Time:00:00.03 | Mem:0.02M, Peak:0.02M | Scene, ViewLayer | Synchronizing object | Raised standing seam.038
Fra:1 Mem:212.13M (Peak 212.13M) | Time:00:00.03 | Mem:0.02M, Peak:0.02M | Scene, ViewLayer | Synchronizing object | Raised standing seam.039
Fra:1 Mem:213.57M (Peak 213.57M) | Time:00:00.03 | Mem:0.02M, Peak:0.02M | Scene, ViewLayer | Synchronizing object | Raised standing seam.040
Fra:1 Mem:213.38M (Peak 213.57M) | Time:00:00.03 | Mem:0.02M, Peak:0.02M | Scene, ViewLayer | Synchronizing object | Raised standing seam.041
Fra:1 Mem:213.98M (Peak 213.98M) | Time:00:00.03 | Mem:0.02M, Peak:0.02M | Scene, ViewLayer | Synchronizing object | Raised standing seam.042
Fra:1 Mem:214.07M (Peak 214.07M) | Time:00:00.03 | Mem:0.02M, Peak:0.02M | Scene, ViewLayer | Synchronizing object | Raised standing seam.043
Fra:1 Mem:214.55M (Peak 214.55M) | Time:00:00.03 | Mem:0.02M, Peak:0.02M | Scene, ViewLayer | Synchronizing object | Raised standing seam.044
Fra:1 Mem:214.82M (Peak 214.82M) | Time:00:00.03 | Mem:0.02M, Peak:0.02M | Scene, ViewLayer | Synchronizing object | Raised standing seam.045
Fra:1 Mem:214.82M (Peak 214.82M) | Time:00:00.03 | Mem:0.02M, Peak:0.02M | Scene, ViewLayer | Synchronizing object | Raised standing seam.046
Fra:1 Mem:215.51M (Peak 215.51M) | Time:00:00.03 | Mem:0.02M, Peak:0.02M | Scene, ViewLayer | Synchronizing object | Raised standing seam.047
Fra:1 Mem:216.24M (Peak 216.24M) | Time:00:00.03 | Mem:0.02M, Peak:0.02M | Scene, ViewLayer | Synchronizing object | Dome rolled rim.004
Fra:1 Mem:217.16M (Peak 217.16M) | Time:00:00.03 | Mem:0.02M, Peak:0.02M | Scene, ViewLayer | Synchronizing object | Dome rolled rim.005
Fra:1 Mem:219.23M (Peak 219.23M) | Time:00:00.03 | Mem:0.02M, Peak:0.02M | Scene, ViewLayer | Synchronizing object | Island pavilion 2 arch
Fra:1 Mem:219.23M (Peak 219.23M) | Time:00:00.03 | Mem:0.02M, Peak:0.02M | Scene, ViewLayer | Synchronizing object | Raised standing seam.048
Fra:1 Mem:219.29M (Peak 219.29M) | Time:00:00.03 | Mem:0.02M, Peak:0.02M | Scene, ViewLayer | Synchronizing object | Island pavilion 2 copper dome
Fra:1 Mem:219.10M (Peak 219.29M) | Time:00:00.03 | Mem:0.02M, Peak:0.02M | Scene, ViewLayer | Synchronizing object | Raised standing seam.049
Fra:1 Mem:221.27M (Peak 221.27M) | Time:00:00.03 | Mem:0.02M, Peak:0.02M | Scene, ViewLayer | Synchronizing object | Raised standing seam.050
Fra:1 Mem:222.00M (Peak 222.00M) | Time:00:00.03 | Mem:0.02M, Peak:0.02M | Scene, ViewLayer | Synchronizing object | Raised standing seam.051
Fra:1 Mem:222.53M (Peak 222.53M) | Time:00:00.03 | Mem:0.02M, Peak:0.02M | Scene, ViewLayer | Synchronizing object | Raised standing seam.052
Fra:1 Mem:223.30M (Peak 223.30M) | Time:00:00.03 | Mem:0.02M, Peak:0.02M | Scene, ViewLayer | Synchronizing object | Raised standing seam.053
Fra:1 Mem:223.93M (Peak 223.93M) | Time:00:00.03 | Mem:0.02M, Peak:0.02M | Scene, ViewLayer | Synchronizing object | Raised standing seam.054
Fra:1 Mem:224.64M (Peak 224.64M) | Time:00:00.03 | Mem:0.02M, Peak:0.02M | Scene, ViewLayer | Synchronizing object | Raised standing seam.055
Fra:1 Mem:224.91M (Peak 224.91M) | Time:00:00.03 | Mem:0.02M, Peak:0.02M | Scene, ViewLayer | Synchronizing object | Raised standing seam.056
Fra:1 Mem:223.93M (Peak 224.91M) | Time:00:00.03 | Mem:0.02M, Peak:0.02M | Scene, ViewLayer | Synchronizing object | Raised standing seam.057
Fra:1 Mem:223.77M (Peak 224.91M) | Time:00:00.03 | Mem:0.02M, Peak:0.02M | Scene, ViewLayer | Synchronizing object | Raised standing seam.058
Fra:1 Mem:223.84M (Peak 224.91M) | Time:00:00.03 | Mem:0.02M, Peak:0.02M | Scene, ViewLayer | Synchronizing object | Raised standing seam.059
Fra:1 Mem:223.93M (Peak 224.91M) | Time:00:00.03 | Mem:0.02M, Peak:0.02M | Scene, ViewLayer | Synchronizing object | Raised standing seam.060
Fra:1 Mem:224.01M (Peak 224.91M) | Time:00:00.03 | Mem:0.02M, Peak:0.02M | Scene, ViewLayer | Synchronizing object | Raised standing seam.061
Fra:1 Mem:224.10M (Peak 224.91M) | Time:00:00.03 | Mem:0.02M, Peak:0.02M | Scene, ViewLayer | Synchronizing object | Raised standing seam.062
Fra:1 Mem:224.19M (Peak 224.91M) | Time:00:00.03 | Mem:0.02M, Peak:0.02M | Scene, ViewLayer | Synchronizing object | Raised standing seam.063
Fra:1 Mem:224.28M (Peak 224.91M) | Time:00:00.03 | Mem:0.02M, Peak:0.02M | Scene, ViewLayer | Synchronizing object | Dome rolled rim.006
Fra:1 Mem:224.39M (Peak 224.91M) | Time:00:00.03 | Mem:0.02M, Peak:0.02M | Scene, ViewLayer | Synchronizing object | Dome rolled rim.007
Fra:1 Mem:224.51M (Peak 224.91M) | Time:00:00.03 | Mem:0.02M, Peak:0.02M | Scene, ViewLayer | Synchronizing object | High cliff bridge arch
Fra:1 Mem:224.51M (Peak 224.91M) | Time:00:00.03 | Mem:0.02M, Peak:0.02M | Scene, ViewLayer | Synchronizing object | High cliff bridge voussoir.004
Fra:1 Mem:224.56M (Peak 224.91M) | Time:00:00.03 | Mem:0.02M, Peak:0.02M | Scene, ViewLayer | Synchronizing object | High cliff bridge voussoir.010
Fra:1 Mem:224.74M (Peak 224.91M) | Time:00:00.03 | Mem:0.02M, Peak:0.02M | Scene, ViewLayer | Synchronizing object | High cliff bridge voussoir.011
Fra:1 Mem:224.81M (Peak 224.91M) | Time:00:00.03 | Mem:0.02M, Peak:0.02M | Scene, ViewLayer | Synchronizing object | Raised standing seam.064
Fra:1 Mem:225.01M (Peak 225.01M) | Time:00:00.03 | Mem:0.02M, Peak:0.02M | Scene, ViewLayer | Synchronizing object | High cliff bridge voussoir.013
Fra:1 Mem:224.99M (Peak 225.01M) | Time:00:00.03 | Mem:0.02M, Peak:0.02M | Scene, ViewLayer | Synchronizing object | High cliff bridge voussoir.014
Fra:1 Mem:225.00M (Peak 225.01M) | Time:00:00.03 | Mem:0.02M, Peak:0.02M | Scene, ViewLayer | Synchronizing object | High cliff bridge voussoir.015
Fra:1 Mem:225.03M (Peak 225.03M) | Time:00:00.03 | Mem:0.02M, Peak:0.02M | Scene, ViewLayer | Synchronizing object | Summit lantern arch
Fra:1 Mem:225.07M (Peak 225.07M) | Time:00:00.03 | Mem:0.02M, Peak:0.02M | Scene, ViewLayer | Synchronizing object | Summit lantern arch.001
Fra:1 Mem:225.15M (Peak 225.15M) | Time:00:00.03 | Mem:0.02M, Peak:0.02M | Scene, ViewLayer | Synchronizing object | Summit lantern arch.002
Fra:1 Mem:225.22M (Peak 225.22M) | Time:00:00.03 | Mem:0.02M, Peak:0.02M | Scene, ViewLayer | Synchronizing object | Summit lantern arch.003
Fra:1 Mem:225.37M (Peak 225.37M) | Time:00:00.03 | Mem:0.02M, Peak:0.02M | Scene, ViewLayer | Synchronizing object | Summit lantern copper dome
Fra:1 Mem:226.63M (Peak 226.63M) | Time:00:00.03 | Mem:0.02M, Peak:0.02M | Scene, ViewLayer | Synchronizing object | Raised standing seam.066
Fra:1 Mem:226.93M (Peak 226.93M) | Time:00:00.03 | Mem:0.02M, Peak:0.02M | Scene, ViewLayer | Synchronizing object | Raised standing seam.067
Fra:1 Mem:227.07M (Peak 227.07M) | Time:00:00.03 | Mem:0.02M, Peak:0.02M | Scene, ViewLayer | Synchronizing object | Raised standing seam.068
Fra:1 Mem:228.34M (Peak 228.34M) | Time:00:00.03 | Mem:0.02M, Peak:0.02M | Scene, ViewLayer | Synchronizing object | Raised standing seam.069
Fra:1 Mem:228.45M (Peak 228.45M) | Time:00:00.03 | Mem:0.02M, Peak:0.02M | Scene, ViewLayer | Synchronizing object | Raised standing seam.070
Fra:1 Mem:229.17M (Peak 229.17M) | Time:00:00.03 | Mem:0.02M, Peak:0.02M | Scene, ViewLayer | Synchronizing object | Raised standing seam.071
Fra:1 Mem:229.58M (Peak 229.58M) | Time:00:00.03 | Mem:0.02M, Peak:0.02M | Scene, ViewLayer | Synchronizing object | Raised standing seam.072
Fra:1 Mem:229.33M (Peak 229.58M) | Time:00:00.03 | Mem:0.02M, Peak:0.02M | Scene, ViewLayer | Synchronizing object | Raised standing seam.073
Fra:1 Mem:229.42M (Peak 229.58M) | Time:00:00.03 | Mem:0.02M, Peak:0.02M | Scene, ViewLayer | Synchronizing object | Raised standing seam.074
Fra:1 Mem:229.51M (Peak 229.58M) | Time:00:00.03 | Mem:0.02M, Peak:0.02M | Scene, ViewLayer | Synchronizing object | Raised standing seam.075
Fra:1 Mem:229.59M (Peak 229.59M) | Time:00:00.03 | Mem:0.02M, Peak:0.02M | Scene, ViewLayer | Synchronizing object | Raised standing seam.076
Fra:1 Mem:229.68M (Peak 229.68M) | Time:00:00.03 | Mem:0.02M, Peak:0.02M | Scene, ViewLayer | Synchronizing object | Raised standing seam.077
Fra:1 Mem:229.77M (Peak 229.77M) | Time:00:00.03 | Mem:0.02M, Peak:0.02M | Scene, ViewLayer | Synchronizing object | Raised standing seam.078
Fra:1 Mem:229.86M (Peak 229.86M) | Time:00:00.03 | Mem:0.02M, Peak:0.02M | Scene, ViewLayer | Synchronizing object | Raised standing seam.079
Fra:1 Mem:229.94M (Peak 229.94M) | Time:00:00.03 | Mem:0.02M, Peak:0.02M | Scene, ViewLayer | Synchronizing object | Dome rolled rim.008
Fra:1 Mem:230.06M (Peak 230.06M) | Time:00:00.03 | Mem:0.02M, Peak:0.02M | Scene, ViewLayer | Synchronizing object | Dome rolled rim.009
Fra:1 Mem:230.18M (Peak 230.18M) | Time:00:00.03 | Mem:0.02M, Peak:0.02M | Scene, ViewLayer | Synchronizing object | Wind-shaped silk flag
Fra:1 Mem:230.18M (Peak 230.18M) | Time:00:00.03 | Mem:0.02M, Peak:0.02M | Scene, ViewLayer | Synchronizing object | potted_plant_01_pot.001
Fra:1 Mem:230.22M (Peak 230.22M) | Time:00:00.03 | Mem:0.02M, Peak:0.02M | Scene, ViewLayer | Synchronizing object | potted_plant_01_stem.001
Fra:1 Mem:251.13M (Peak 253.58M) | Time:00:00.04 | Mem:0.02M, Peak:0.02M | Scene, ViewLayer | Initializing
Fra:1 Mem:219.80M (Peak 253.58M) | Time:00:00.04 | Mem:0.02M, Peak:0.02M | Scene, ViewLayer | Updating Images | Loading concrete_floor_02_diff_2k.jpg
Fra:1 Mem:219.80M (Peak 253.58M) | Time:00:00.04 | Mem:0.02M, Peak:0.02M | Scene, ViewLayer | Updating Images | Loading plastered_wall_02_diff_2k.jpg
Fra:1 Mem:219.80M (Peak 253.58M) | Time:00:00.04 | Mem:0.02M, Peak:0.02M | Scene, ViewLayer | Updating Images | Loading marble_01_disp_2k.jpg
Fra:1 Mem:235.80M (Peak 253.58M) | Time:00:00.04 | Mem:0.02M, Peak:0.02M | Scene, ViewLayer | Updating Images | Loading potted_plant_01_leaves_rough.png
Fra:1 Mem:251.80M (Peak 253.58M) | Time:00:00.04 | Mem:0.02M, Peak:0.02M | Scene, ViewLayer | Updating Images | Loading potted_plant_01_pot_rough
Fra:1 Mem:488.75M (Peak 635.90M) | Time:00:00.09 | Mem:288.02M, Peak:288.02M | Scene, ViewLayer | Waiting for render to start
Fra:1 Mem:488.75M (Peak 635.90M) | Time:00:00.09 | Mem:288.02M, Peak:288.02M | Scene, ViewLayer | Updating Scene
Fra:1 Mem:488.75M (Peak 635.90M) | Time:00:00.09 | Mem:288.02M, Peak:288.02M | Scene, ViewLayer | Updating Shaders
Fra:1 Mem:488.86M (Peak 635.90M) | Time:00:00.09 | Mem:288.02M, Peak:288.02M | Scene, ViewLayer | Loading render kernels (may take a few minutes the first time)
Fra:1 Mem:488.83M (Peak 635.90M) | Time:00:00.14 | Mem:288.06M, Peak:288.06M | Scene, ViewLayer | Updating Procedurals
Fra:1 Mem:488.83M (Peak 635.90M) | Time:00:00.14 | Mem:288.06M, Peak:288.06M | Scene, ViewLayer | Updating Background
Fra:1 Mem:488.83M (Peak 635.90M) | Time:00:00.14 | Mem:288.06M, Peak:288.06M | Scene, ViewLayer | Updating Camera
Fra:1 Mem:488.83M (Peak 635.90M) | Time:00:00.14 | Mem:288.06M, Peak:288.06M | Scene, ViewLayer | Updating Meshes Flags
Fra:1 Mem:488.83M (Peak 635.90M) | Time:00:00.14 | Mem:288.06M, Peak:288.06M | Scene, ViewLayer | Updating Objects
Fra:1 Mem:488.83M (Peak 635.90M) | Time:00:00.14 | Mem:288.06M, Peak:288.06M | Scene, ViewLayer | Updating Objects | Copying Transformations to device
Fra:1 Mem:488.84M (Peak 635.90M) | Time:00:00.14 | Mem:288.23M, Peak:288.23M | Scene, ViewLayer | Updating Particle Systems
Fra:1 Mem:488.84M (Peak 635.90M) | Time:00:00.14 | Mem:288.23M, Peak:288.23M | Scene, ViewLayer | Updating Particle Systems | Copying Particles to device
Fra:1 Mem:488.84M (Peak 635.90M) | Time:00:00.14 | Mem:288.23M, Peak:288.23M | Scene, ViewLayer | Updating Meshes
Fra:1 Mem:509.92M (Peak 635.90M) | Time:00:00.22 | Mem:288.23M, Peak:288.23M | Scene, ViewLayer | Updating Objects | Applying Static Transformations
Fra:1 Mem:509.92M (Peak 635.90M) | Time:00:00.22 | Mem:288.23M, Peak:288.23M | Scene, ViewLayer | Updating Mesh | Computing attributes
Fra:1 Mem:542.59M (Peak 635.90M) | Time:00:00.22 | Mem:288.27M, Peak:288.27M | Scene, ViewLayer | Updating Mesh | Copying Attributes to device
Fra:1 Mem:509.92M (Peak 635.90M) | Time:00:00.27 | Mem:320.87M, Peak:320.87M | Scene, ViewLayer | Updating Geometry BVH Cube.001 2/112 | Building BVH
Fra:1 Mem:509.92M (Peak 635.90M) | Time:00:00.27 | Mem:320.87M, Peak:320.87M | Scene, ViewLayer | Updating Geometry BVH Cube.006 7/586 | Building BVH
Fra:1 Mem:509.92M (Peak 635.90M) | Time:00:00.27 | Mem:320.87M, Peak:320.87M | Scene, ViewLayer | Updating Geometry BVH Cube.005 6/561 | Building BVH
Fra:1 Mem:509.92M (Peak 635.90M) | Time:00:00.27 | Mem:320.87M, Peak:320.87M | Scene, ViewLayer | Updating Geometry BVH Cube.013 14/710 | Building BVH
Fra:1 Mem:509.92M (Peak 635.90M) | Time:00:00.27 | Mem:320.87M, Peak:320.87M | Scene, ViewLayer | Updating Geometry BVH Cube.014 15/710 | Building BVH
Fra:1 Mem:509.92M (Peak 635.90M) | Time:00:00.27 | Mem:320.87M, Peak:320.87M | Scene, ViewLayer | Updating Geometry BVH Cube.016 17/710 | Building mesh BLAS |     188 tris | Cube.013
Fra:1 Mem:509.92M (Peak 635.90M) | Time:00:00.27 | Mem:320.87M, Peak:320.87M | Scene, ViewLayer | Updating Geometry BVH Cube.017 18/710 | Building BVH
Fra:1 Mem:509.92M (Peak 635.90M) | Time:00:00.27 | Mem:320.87M, Peak:320.87M | Scene, ViewLayer | Updating Geometry BVH Cube.017 18/710 | Building mesh BLAS |     188 tris | Cube.007
Fra:1 Mem:509.92M (Peak 635.90M) | Time:00:00.27 | Mem:320.87M, Peak:320.87M | Scene, ViewLayer | Updating Geometry BVH Cube.017 18/710 | Building mesh BLAS |     188 tris | Cube.008
Fra:1 Mem:509.92M (Peak 635.90M) | Time:00:00.27 | Mem:320.87M, Peak:320.87M | Scene, ViewLayer | Updating Geometry BVH Cube.017 18/710 | Building mesh BLAS |     188 tris | Cube.002
Fra:1 Mem:509.92M (Peak 635.90M) | Time:00:00.27 | Mem:320.87M, Peak:320.87M | Scene, ViewLayer | Updating Geometry BVH Cube.017 18/710 | Building mesh BLAS |     188 tris | Cube.003
Fra:1 Mem:509.92M (Peak 635.90M) | Time:00:00.27 | Mem:320.87M, Peak:320.87M | Scene, ViewLayer | Updating Geometry BVH Cube.017 18/710 | Building mesh BLAS |     188 tris | Cube.004
Fra:1 Mem:509.92M (Peak 635.90M) | Time:00:00.27 | Mem:320.87M, Peak:320.87M | Scene, ViewLayer | Updating Geometry BVH Cube.017 18/710 | Building mesh BLAS |     188 tris | Cube.015
Fra:1 Mem:509.92M (Peak 635.90M) | Time:00:00.27 | Mem:320.87M, Peak:320.87M | Scene, ViewLayer | Updating Geometry BVH Cube.017 18/710 | Building mesh BLAS |     188 tris | Cube.012
Fra:1 Mem:509.92M (Peak 635.90M) | Time:00:00.27 | Mem:320.87M, Peak:320.87M | Scene, ViewLayer | Updating Geometry BVH Cube.017 18/710 | Building mesh BLAS |     188 tris | Cube.011
Fra:1 Mem:509.92M (Peak 635.90M) | Time:00:00.27 | Mem:320.87M, Peak:320.87M | Scene, ViewLayer | Updating Geometry BVH Cube.017 18/710 | Building mesh BLAS |     188 tris | Cube.017
Fra:1 Mem:509.92M (Peak 635.90M) | Time:00:00.27 | Mem:320.87M, Peak:320.87M | Scene, ViewLayer | Updating Geometry BVH Cube.017 18/710 | Building mesh BLAS |     188 tris | Cube.016
Fra:1 Mem:509.92M (Peak 635.90M) | Time:00:00.28 | Mem:320.87M, Peak:320.87M | Scene, ViewLayer | Updating Geometry BVH potted_plant_01_base_low 710/710 | Building BVH
Fra:1 Mem:509.92M (Peak 635.90M) | Time:00:00.28 | Mem:320.87M, Peak:320.87M | Scene, ViewLayer | Updating Geometry BVH potted_plant_01_base_low 710/710 | Building mesh BLAS |     188 tris | Cube.010
Fra:1 Mem:509.92M (Peak 635.90M) | Time:00:00.28 | Mem:320.87M, Peak:320.87M | Scene, ViewLayer | Updating Geometry BVH potted_plant_01_base_low 710/710 | Building mesh BLAS |    7008 tris | potted_plant_01_base_low
Fra:1 Mem:509.92M (Peak 635.90M) | Time:00:00.28 | Mem:320.87M, Peak:320.87M | Scene, ViewLayer | Updating Geometry BVH Cube.018 19/710 | Building BVH
Fra:1 Mem:509.92M (Peak 635.90M) | Time:00:00.28 | Mem:320.87M, Peak:320.87M | Scene, ViewLayer | Updating Geometry BVH Cylinder.004 35/710 | Building BVH
Fra:1 Mem:509.92M (Peak 635.90M) | Time:00:00.28 | Mem:320.87M, Peak:320.87M | Scene, ViewLayer | Updating Geometry BVH Cylinder.004 35/710 | Building mesh BLAS |     188 tris | Cube.018
Fra:1 Mem:509.92M (Peak 635.90M) | Time:00:00.28 | Mem:320.87M, Peak:320.87M | Scene, ViewLayer | Updating Geometry BVH Cylinder.004 35/710 | Building mesh BLAS |     188 tris | Cube.019
Fra:1 Mem:509.92M (Peak 635.90M) | Time:00:00.28 | Mem:320.87M, Peak:320.87M | Scene, ViewLayer | Updating Geometry BVH Cylinder.004 35/710 | Building mesh BLAS |     188 tris | Cube.020
Fra:1 Mem:509.92M (Peak 635.90M) | Time:00:00.28 | Mem:320.87M, Peak:320.87M | Scene, ViewLayer | Updating Geometry BVH Cylinder.004 35/710 | Building mesh BLAS |     188 tris | Cube.021
Fra:1 Mem:509.92M (Peak 635.90M) | Time:00:00.28 | Mem:320.87M, Peak:320.87M | Scene, ViewLayer | Updating Geometry BVH Cylinder.004 35/710 | Building mesh BLAS |     188 tris | Cube.022
Fra:1 Mem:509.92M (Peak 635.90M) | Time:00:00.28 | Mem:320.87M, Peak:320.87M | Scene, ViewLayer | Updating Geometry BVH Cylinder.004 35/710 | Building mesh BLAS |     188 tris | Cube.023
Fra:1 Mem:509.92M (Peak 635.90M) | Time:00:00.28 | Mem:320.87M, Peak:320.87M | Scene, ViewLayer | Updating Geometry BVH Cylinder.004 35/710 | Building mesh BLAS |     188 tris | Cube.024
Fra:1 Mem:509.92M (Peak 635.90M) | Time:00:00.28 | Mem:320.87M, Peak:320.87M | Scene, ViewLayer | Updating Geometry BVH Cylinder.004 35/710 | Building mesh BLAS |     188 tris | Cube.025
Fra:1 Mem:509.92M (Peak 635.90M) | Time:00:00.28 | Mem:320.87M, Peak:320.87M | Scene, ViewLayer | Updating Geometry BVH Cylinder.004 35/710 | Building mesh BLAS |     188 tris | Cube.026
Fra:1 Mem:509.92M (Peak 635.90M) | Time:00:00.28 | Mem:320.87M, Peak:320.87M | Scene, ViewLayer | Updating Geometry BVH Cylinder.004 35/710 | Building mesh BLAS |     188 tris | Cube.028
Fra:1 Mem:509.92M (Peak 635.90M) | Time:00:00.28 | Mem:320.87M, Peak:320.87M | Scene, ViewLayer | Updating Geometry BVH Cylinder.004 35/710 | Building mesh BLAS |     188 tris | Cube.027
Fra:1 Mem:509.92M (Peak 635.90M) | Time:00:00.28 | Mem:320.87M, Peak:320.87M | Scene, ViewLayer | Updating Geometry BVH Cylinder.004 35/710 | Building mesh BLAS |      60 tris | Cylinder.001
Fra:1 Mem:509.92M (Peak 635.90M) | Time:00:00.28 | Mem:320.87M, Peak:320.87M | Scene, ViewLayer | Updating Geometry BVH Cylinder.004 35/710 | Building mesh BLAS |      60 tris | Cylinder.003
Fra:1 Mem:509.92M (Peak 635.90M) | Time:00:00.28 | Mem:320.87M, Peak:320.87M | Scene, ViewLayer | Updating Geometry BVH Cylinder.004 35/710 | Building mesh BLAS |      60 tris | Cylinder.004
Fra:1 Mem:509.92M (Peak 635.90M) | Time:00:00.28 | Mem:320.87M, Peak:320.87M | Scene, ViewLayer | Updating Geometry BVH Cylinder.005 36/710 | Building BVH
Fra:1 Mem:509.92M (Peak 635.90M) | Time:00:00.28 | Mem:320.87M, Peak:320.87M | Scene, ViewLayer | Updating Geometry BVH Cylinder.005 36/710 | Building mesh BLAS |     188 tris | Cube.029
Fra:1 Mem:509.92M (Peak 635.90M) | Time:00:00.28 | Mem:320.87M, Peak:320.87M | Scene, ViewLayer | Updating Geometry BVH Cylinder.005 36/710 | Building mesh BLAS |      60 tris | Cylinder.002
Fra:1 Mem:509.92M (Peak 635.90M) | Time:00:00.28 | Mem:320.87M, Peak:320.87M | Scene, ViewLayer | Updating Geometry BVH Cylinder.005 36/710 | Building mesh BLAS |      60 tris | Cylinder.005
Fra:1 Mem:509.92M (Peak 635.90M) | Time:00:00.28 | Mem:320.87M, Peak:320.87M | Scene, ViewLayer | Updating Geometry BVH Cylinder.006 37/710 | Building BVH
Fra:1 Mem:509.92M (Peak 635.90M) | Time:00:00.28 | Mem:320.87M, Peak:320.87M | Scene, ViewLayer | Updating Geometry BVH Cylinder.006 37/710 | Building mesh BLAS |      60 tris | Cylinder.006
Fra:1 Mem:509.92M (Peak 635.90M) | Time:00:00.28 | Mem:320.87M, Peak:320.87M | Scene, ViewLayer | Updating Geometry BVH Cylinder.007 38/710 | Building BVH
Fra:1 Mem:509.92M (Peak 635.90M) | Time:00:00.28 | Mem:320.87M, Peak:320.87M | Scene, ViewLayer | Updating Geometry BVH Cylinder.009 40/710 | Building BVH
Fra:1 Mem:509.92M (Peak 635.90M) | Time:00:00.28 | Mem:320.87M, Peak:320.87M | Scene, ViewLayer | Updating Geometry BVH Cylinder.008 39/710 | Building BVH
Fra:1 Mem:509.92M (Peak 635.90M) | Time:00:00.28 | Mem:320.87M, Peak:320.87M | Scene, ViewLayer | Updating Geometry BVH Cylinder.008 39/710 | Building mesh BLAS |      60 tris | Cylinder.007
Fra:1 Mem:509.92M (Peak 635.90M) | Time:00:00.28 | Mem:320.87M, Peak:320.87M | Scene, ViewLayer | Updating Geometry BVH Cylinder.008 39/710 | Building mesh BLAS |      60 tris | Cylinder.008
Fra:1 Mem:509.92M (Peak 635.90M) | Time:00:00.28 | Mem:320.87M, Peak:320.87M | Scene, ViewLayer | Updating Geometry BVH Cylinder.010 41/710 | Building BVH
Fra:1 Mem:509.92M (Peak 635.90M) | Time:00:00.28 | Mem:320.87M, Peak:320.87M | Scene, ViewLayer | Updating Geometry BVH Cylinder.010 41/710 | Building mesh BLAS |      60 tris | Cylinder.010
Fra:1 Mem:509.92M (Peak 635.90M) | Time:00:00.28 | Mem:320.87M, Peak:320.87M | Scene, ViewLayer | Updating Geometry BVH Cylinder.011 42/710 | Building BVH
Fra:1 Mem:509.92M (Peak 635.90M) | Time:00:00.28 | Mem:320.87M, Peak:320.87M | Scene, ViewLayer | Updating Geometry BVH Cylinder.011 42/710 | Building mesh BLAS |      60 tris | Cylinder.011
Fra:1 Mem:509.92M (Peak 635.90M) | Time:00:00.28 | Mem:320.87M, Peak:320.87M | Scene, ViewLayer | Updating Geometry BVH Cube.030 43/710 | Building BVH
Fra:1 Mem:509.92M (Peak 635.90M) | Time:00:00.28 | Mem:320.87M, Peak:320.87M | Scene, ViewLayer | Updating Geometry BVH Cube.030 43/710 | Building mesh BLAS |     188 tris | Cube.030
Fra:1 Mem:509.92M (Peak 635.90M) | Time:00:00.28 | Mem:320.87M, Peak:320.87M | Scene, ViewLayer | Updating Geometry BVH Cube.031 44/710 | Building BVH
Fra:1 Mem:509.92M (Peak 635.90M) | Time:00:00.28 | Mem:320.87M, Peak:320.87M | Scene, ViewLayer | Updating Geometry BVH Cube.031 44/710 | Building mesh BLAS |     188 tris | Cube.031
Fra:1 Mem:509.92M (Peak 635.90M) | Time:00:00.28 | Mem:320.87M, Peak:320.87M | Scene, ViewLayer | Updating Geometry BVH Circle.008 708/710 | Building BVH
Fra:1 Mem:509.92M (Peak 635.90M) | Time:00:00.28 | Mem:320.87M, Peak:320.87M | Scene, ViewLayer | Updating Geometry BVH Cube.032 45/710 | Building BVH
Fra:1 Mem:509.92M (Peak 635.90M) | Time:00:00.28 | Mem:320.87M, Peak:320.87M | Scene, ViewLayer | Updating Geometry BVH Cube.032 45/710 | Building mesh BLAS |     188 tris | Cube.032
Fra:1 Mem:509.92M (Peak 635.90M) | Time:00:00.28 | Mem:320.87M, Peak:320.87M | Scene, ViewLayer | Updating Geometry BVH Cube.033 46/710 | Building BVH
Fra:1 Mem:509.92M (Peak 635.90M) | Time:00:00.28 | Mem:320.87M, Peak:320.87M | Scene, ViewLayer | Updating Geometry BVH Cube.033 46/710 | Building mesh BLAS |     188 tris | Cube.033
Fra:1 Mem:509.92M (Peak 635.90M) | Time:00:00.28 | Mem:320.87M, Peak:320.87M | Scene, ViewLayer | Updating Geometry BVH Cube.034 47/710 | Building BVH
Fra:1 Mem:509.92M (Peak 635.90M) | Time:00:00.28 | Mem:320.87M, Peak:320.87M | Scene, ViewLayer | Updating Geometry BVH Cube.035 48/710 | Building mesh BLAS |     188 tris | Cube.034
Fra:1 Mem:509.92M (Peak 635.90M) | Time:00:00.28 | Mem:320.87M, Peak:320.87M | Scene, ViewLayer | Updating Geometry BVH Cube.035 48/710 | Building mesh BLAS |   56878 tris | Circle.008
Fra:1 Mem:509.92M (Peak 635.90M) | Time:00:00.28 | Mem:320.87M, Peak:320.87M | Scene, ViewLayer | Updating Geometry BVH Cube.035 48/710 | Building mesh BLAS |     188 tris | Cube.035
Fra:1 Mem:509.92M (Peak 635.90M) | Time:00:00.28 | Mem:320.87M, Peak:320.87M | Scene, ViewLayer | Updating Geometry BVH Cube.036 49/710 | Building BVH
Fra:1 Mem:509.92M (Peak 635.90M) | Time:00:00.28 | Mem:320.87M, Peak:320.87M | Scene, ViewLayer | Updating Geometry BVH Cube.036 49/710 | Building mesh BLAS |     188 tris | Cube.036
Fra:1 Mem:509.92M (Peak 635.90M) | Time:00:00.28 | Mem:320.87M, Peak:320.87M | Scene, ViewLayer | Updating Geometry BVH Cube.037 50/710 | Building BVH
Fra:1 Mem:509.92M (Peak 635.90M) | Time:00:00.28 | Mem:320.87M, Peak:320.87M | Scene, ViewLayer | Updating Geometry BVH Cube.037 50/710 | Building mesh BLAS |     188 tris | Cube.037
Fra:1 Mem:509.92M (Peak 635.90M) | Time:00:00.28 | Mem:320.87M, Peak:320.87M | Scene, ViewLayer | Updating Geometry BVH Cube.038 51/710 | Building BVH
Fra:1 Mem:509.92M (Peak 635.90M) | Time:00:00.28 | Mem:320.87M, Peak:320.87M | Scene, ViewLayer | Updating Geometry BVH Cube.038 51/710 | Building mesh BLAS |     188 tris | Cube.038
Fra:1 Mem:509.92M (Peak 635.90M) | Time:00:00.28 | Mem:320.87M, Peak:320.87M | Scene, ViewLayer | Updating Geometry BVH Cube.039 52/710 | Building BVH
Fra:1 Mem:509.92M (Peak 635.90M) | Time:00:00.28 | Mem:320.87M, Peak:320.87M | Scene, ViewLayer | Updating Geometry BVH Cube.040 53/710 | Building BVH
Fra:1 Mem:509.92M (Peak 635.90M) | Time:00:00.28 | Mem:320.87M, Peak:320.87M | Scene, ViewLayer | Updating Geometry BVH Cube.040 53/710 | Building mesh BLAS |     188 tris | Cube.039
Fra:1 Mem:509.92M (Peak 635.90M) | Time:00:00.28 | Mem:320.87M, Peak:320.87M | Scene, ViewLayer | Updating Geometry BVH Cube.040 53/710 | Building mesh BLAS |     188 tris | Cube.040
Fra:1 Mem:509.92M (Peak 635.90M) | Time:00:00.28 | Mem:320.87M, Peak:320.87M | Scene, ViewLayer | Updating Geometry BVH Cube.041 54/710 | Building BVH
Fra:1 Mem:509.92M (Peak 635.90M) | Time:00:00.28 | Mem:320.87M, Peak:320.87M | Scene, ViewLayer | Updating Geometry BVH Cube.042 55/710 | Building BVH
Fra:1 Mem:509.92M (Peak 635.90M) | Time:00:00.28 | Mem:320.87M, Peak:320.87M | Scene, ViewLayer | Updating Geometry BVH Cube.042 55/710 | Building mesh BLAS |     188 tris | Cube.041
Fra:1 Mem:509.92M (Peak 635.90M) | Time:00:00.28 | Mem:320.87M, Peak:320.87M | Scene, ViewLayer | Updating Geometry BVH Cube.042 55/710 | Building mesh BLAS |     188 tris | Cube.042
Fra:1 Mem:509.92M (Peak 635.90M) | Time:00:00.28 | Mem:320.87M, Peak:320.87M | Scene, ViewLayer | Updating Geometry BVH Cube.043 56/710 | Building BVH
Fra:1 Mem:509.92M (Peak 635.90M) | Time:00:00.28 | Mem:320.87M, Peak:320.87M | Scene, ViewLayer | Updating Geometry BVH Cube.043 56/710 | Building mesh BLAS |     188 tris | Cube.043
Fra:1 Mem:509.92M (Peak 635.90M) | Time:00:00.28 | Mem:320.87M, Peak:320.87M | Scene, ViewLayer | Updating Geometry BVH Cylinder.012 57/710 | Building BVH
Fra:1 Mem:509.92M (Peak 635.90M) | Time:00:00.28 | Mem:320.87M, Peak:320.87M | Scene, ViewLayer | Updating Geometry BVH Cylinder.013 58/710 | Building BVH
Fra:1 Mem:509.92M (Peak 635.90M) | Time:00:00.28 | Mem:320.87M, Peak:320.87M | Scene, ViewLayer | Updating Geometry BVH Cylinder.013 58/710 | Building mesh BLAS |      60 tris | Cylinder.012
Fra:1 Mem:509.92M (Peak 635.90M) | Time:00:00.28 | Mem:320.87M, Peak:320.87M | Scene, ViewLayer | Updating Geometry BVH Cylinder.013 58/710 | Building mesh BLAS |      60 tris | Cylinder.013
Fra:1 Mem:509.92M (Peak 635.90M) | Time:00:00.28 | Mem:320.87M, Peak:320.87M | Scene, ViewLayer | Updating Geometry BVH Cylinder.014 59/710 | Building BVH
Fra:1 Mem:509.92M (Peak 635.90M) | Time:00:00.28 | Mem:320.87M, Peak:320.87M | Scene, ViewLayer | Updating Geometry BVH Cylinder.014 59/710 | Building mesh BLAS |      60 tris | Cylinder.014
Fra:1 Mem:509.92M (Peak 635.90M) | Time:00:00.28 | Mem:320.87M, Peak:320.87M | Scene, ViewLayer | Updating Geometry BVH Cylinder.015 60/710 | Building BVH
Fra:1 Mem:509.92M (Peak 635.90M) | Time:00:00.28 | Mem:320.87M, Peak:320.87M | Scene, ViewLayer | Updating Geometry BVH Cylinder.015 60/710 | Building mesh BLAS |      60 tris | Cylinder.015
Fra:1 Mem:509.92M (Peak 635.90M) | Time:00:00.28 | Mem:320.87M, Peak:320.87M | Scene, ViewLayer | Updating Geometry BVH Cylinder.016 61/710 | Building BVH
Fra:1 Mem:509.92M (Peak 635.90M) | Time:00:00.28 | Mem:320.87M, Peak:320.87M | Scene, ViewLayer | Updating Geometry BVH Cylinder.016 61/710 | Building mesh BLAS |      60 tris | Cylinder.016
Fra:1 Mem:509.92M (Peak 635.90M) | Time:00:00.28 | Mem:320.87M, Peak:320.87M | Scene, ViewLayer | Updating Geometry BVH Cylinder.017 62/710 | Building BVH
Fra:1 Mem:509.92M (Peak 635.90M) | Time:00:00.28 | Mem:320.87M, Peak:320.87M | Scene, ViewLayer | Updating Geometry BVH Cylinder.017 62/710 | Building mesh BLAS |      60 tris | Cylinder.017
Fra:1 Mem:509.92M (Peak 635.90M) | Time:00:00.28 | Mem:320.87M, Peak:320.87M | Scene, ViewLayer | Updating Geometry BVH Cylinder.018 63/710 | Building BVH
Fra:1 Mem:509.92M (Peak 635.90M) | Time:00:00.28 | Mem:320.87M, Peak:320.87M | Scene, ViewLayer | Updating Geometry BVH Cylinder.019 64/710 | Building BVH
Fra:1 Mem:509.92M (Peak 635.90M) | Time:00:00.28 | Mem:320.87M, Peak:320.87M | Scene, ViewLayer | Updating Geometry BVH Cylinder.019 64/710 | Building mesh BLAS |      60 tris | Cylinder.018
Fra:1 Mem:509.92M (Peak 635.90M) | Time:00:00.28 | Mem:320.87M, Peak:320.87M | Scene, ViewLayer | Updating Geometry BVH Cylinder.019 64/710 | Building mesh BLAS |      60 tris | Cylinder.019
Fra:1 Mem:509.92M (Peak 635.90M) | Time:00:00.28 | Mem:320.87M, Peak:320.87M | Scene, ViewLayer | Updating Geometry BVH Cube.044 65/710 | Building BVH
Fra:1 Mem:509.92M (Peak 635.90M) | Time:00:00.28 | Mem:320.87M, Peak:320.87M | Scene, ViewLayer | Updating Geometry BVH Cube.044 65/710 | Building mesh BLAS |     188 tris | Cube.044
Fra:1 Mem:509.92M (Peak 635.90M) | Time:00:00.28 | Mem:320.87M, Peak:320.87M | Scene, ViewLayer | Updating Geometry BVH Cube.045 66/710 | Building BVH
Fra:1 Mem:509.92M (Peak 635.90M) | Time:00:00.28 | Mem:320.87M, Peak:320.87M | Scene, ViewLayer | Updating Geometry BVH Cube.045 66/710 | Building mesh BLAS |     188 tris | Cube.045
Fra:1 Mem:509.92M (Peak 635.90M) | Time:00:00.28 | Mem:320.87M, Peak:320.87M | Scene, ViewLayer | Updating Geometry BVH Plane.070 707/710 | Building BVH
Fra:1 Mem:509.92M (Peak 635.90M) | Time:00:00.28 | Mem:320.87M, Peak:320.87M | Scene, ViewLayer | Updating Geometry BVH Plane.070 707/710 | Building mesh BLAS |     188 tris | Cube.046
Fra:1 Mem:509.92M (Peak 635.90M) | Time:00:00.28 | Mem:320.87M, Peak:320.87M | Scene, ViewLayer | Updating Geometry BVH Plane.070 707/710 | Building mesh BLAS |     188 tris | Cube.047
Fra:1 Mem:509.92M (Peak 635.90M) | Time:00:00.28 | Mem:320.87M, Peak:320.87M | Scene, ViewLayer | Updating Geometry BVH Plane.070 707/710 | Building mesh BLAS |     188 tris | Cube.048
Fra:1 Mem:509.92M (Peak 635.90M) | Time:00:00.29 | Mem:320.93M, Peak:320.93M | Scene, ViewLayer | Updating Geometry BVH Cylinder.025 84/710 | Building BVH
Fra:1 Mem:509.92M (Peak 635.90M) | Time:00:00.29 | Mem:321.34M, Peak:321.34M | Scene, ViewLayer | Updating Geometry BVH Cylinder.025 84/710 | Building mesh BLAS |     188 tris | Cube.052
Fra:1 Mem:509.92M (Peak 635.90M) | Time:00:00.29 | Mem:321.35M, Peak:321.35M | Scene, ViewLayer | Updating Geometry BVH Cylinder.026 85/710 | Building BVH
Fra:1 Mem:509.92M (Peak 635.90M) | Time:00:00.29 | Mem:321.35M, Peak:321.35M | Scene, ViewLayer | Updating Geometry BVH Cylinder.026 85/710 | Building mesh BLAS |     188 tris | Cube.053
Fra:1 Mem:509.92M (Peak 635.90M) | Time:00:00.29 | Mem:321.37M, Peak:321.37M | Scene, ViewLayer | Updating Geometry BVH Cylinder.026 85/710 | Building mesh BLAS |      60 tris | Cylinder.026
Fra:1 Mem:509.92M (Peak 635.90M) | Time:00:00.29 | Mem:321.39M, Peak:321.39M | Scene, ViewLayer | Updating Geometry BVH Cylinder.026 85/710 | Building mesh BLAS |     188 tris | Cube.056
Fra:1 Mem:509.92M (Peak 635.90M) | Time:00:00.29 | Mem:321.41M, Peak:321.41M | Scene, ViewLayer | Updating Geometry BVH Cylinder.026 85/710 | Building mesh BLAS |     188 tris | Cube.057
Fra:1 Mem:509.92M (Peak 635.90M) | Time:00:00.29 | Mem:321.44M, Peak:321.44M | Scene, ViewLayer | Updating Geometry BVH Cylinder.026 85/710 | Building mesh BLAS |      60 tris | Cylinder.021
Fra:1 Mem:509.92M (Peak 635.90M) | Time:00:00.29 | Mem:321.45M, Peak:321.45M | Scene, ViewLayer | Updating Geometry BVH Cylinder.027 86/710 | Building BVH
Fra:1 Mem:509.92M (Peak 635.90M) | Time:00:00.29 | Mem:321.45M, Peak:321.45M | Scene, ViewLayer | Updating Geometry BVH Cylinder.027 86/710 | Building mesh BLAS |      60 tris | Cylinder.023
Fra:1 Mem:509.92M (Peak 635.90M) | Time:00:00.29 | Mem:321.45M, Peak:321.45M | Scene, ViewLayer | Updating Geometry BVH Cylinder.027 86/710 | Building mesh BLAS |      60 tris | Cylinder.027
Fra:1 Mem:509.92M (Peak 635.90M) | Time:00:00.29 | Mem:321.45M, Peak:321.45M | Scene, ViewLayer | Updating Geometry BVH Cube.058 87/710 | Building BVH
Fra:1 Mem:509.92M (Peak 635.90M) | Time:00:00.29 | Mem:321.45M, Peak:321.45M | Scene, ViewLayer | Updating Geometry BVH Cube.060 89/710 | Building mesh BLAS |     188 tris | Cube.058
Fra:1 Mem:509.92M (Peak 635.90M) | Time:00:00.29 | Mem:321.45M, Peak:321.45M | Scene, ViewLayer | Updating Geometry BVH Cube.061 90/710 | Building BVH
Fra:1 Mem:509.92M (Peak 635.90M) | Time:00:00.29 | Mem:321.45M, Peak:321.45M | Scene, ViewLayer | Updating Geometry BVH Cube.062 91/710 | Building BVH
Fra:1 Mem:509.92M (Peak 635.90M) | Time:00:00.29 | Mem:321.45M, Peak:321.45M | Scene, ViewLayer | Updating Geometry BVH Cube.062 91/710 | Building mesh BLAS |     188 tris | Cube.062
Fra:1 Mem:509.92M (Peak 635.90M) | Time:00:00.29 | Mem:321.45M, Peak:321.45M | Scene, ViewLayer | Updating Geometry BVH Cube.064 93/710 | Building BVH
Fra:1 Mem:509.92M (Peak 635.90M) | Time:00:00.29 | Mem:321.72M, Peak:321.72M | Scene, ViewLayer | Updating Geometry BVH Cube.064 93/710 | Building mesh BLAS |      60 tris | Cylinder.022
Fra:1 Mem:509.92M (Peak 635.90M) | Time:00:00.29 | Mem:321.74M, Peak:321.74M | Scene, ViewLayer | Updating Geometry BVH Cube.065 94/710 | Building BVH
Fra:1 Mem:509.92M (Peak 635.90M) | Time:00:00.29 | Mem:321.77M, Peak:321.77M | Scene, ViewLayer | Updating Geometry BVH Cube.066 95/710 | Building BVH
Fra:1 Mem:509.92M (Peak 635.90M) | Time:00:00.29 | Mem:321.80M, Peak:321.80M | Scene, ViewLayer | Updating Geometry BVH Cube.066 95/710 | Building mesh BLAS |     188 tris | Cube.060
Fra:1 Mem:509.92M (Peak 635.90M) | Time:00:00.29 | Mem:321.83M, Peak:321.83M | Scene, ViewLayer | Updating Geometry BVH Cube.070 99/710 | Building mesh BLAS |     188 tris | Cube.055
Fra:1 Mem:509.92M (Peak 635.90M) | Time:00:00.29 | Mem:321.87M, Peak:321.87M | Scene, ViewLayer | Updating Geometry BVH Cube.070 99/710 | Building mesh BLAS |     188 tris | Cube.061
Fra:1 Mem:509.92M (Peak 635.90M) | Time:00:00.29 | Mem:321.92M, Peak:321.92M | Scene, ViewLayer | Updating Geometry BVH Cube.070 99/710 | Building mesh BLAS |     188 tris | Cube.063
Fra:1 Mem:509.92M (Peak 635.90M) | Time:00:00.29 | Mem:321.92M, Peak:321.92M | Scene, ViewLayer | Updating Geometry BVH Cube.072 101/710 | Building mesh BLAS |     188 tris | Cube.059
Fra:1 Mem:509.92M (Peak 635.90M) | Time:00:00.29 | Mem:321.92M, Peak:321.92M | Scene, ViewLayer | Updating Geometry BVH Cube.072 101/710 | Building mesh BLAS |      60 tris | Cylinder.024
Fra:1 Mem:509.92M (Peak 635.90M) | Time:00:00.29 | Mem:321.92M, Peak:321.92M | Scene, ViewLayer | Updating Geometry BVH Cube.074 103/710 | Building mesh BLAS |  106900 tris | Plane.070
Fra:1 Mem:509.92M (Peak 635.90M) | Time:00:00.29 | Mem:321.92M, Peak:321.92M | Scene, ViewLayer | Updating Geometry BVH Cube.075 104/710 | Building BVH
Fra:1 Mem:509.92M (Peak 635.90M) | Time:00:00.29 | Mem:321.92M, Peak:321.92M | Scene, ViewLayer | Updating Geometry BVH Cube.075 104/710 | Building mesh BLAS |     188 tris | Cube.068
Fra:1 Mem:509.92M (Peak 635.90M) | Time:00:00.29 | Mem:321.92M, Peak:321.92M | Scene, ViewLayer | Updating Geometry BVH Cube.076 105/710 | Building mesh BLAS |     188 tris | Cube.067
Fra:1 Mem:509.92M (Peak 635.90M) | Time:00:00.29 | Mem:330.18M, Peak:330.18M | Scene, ViewLayer | Updating Geometry BVH Cube.078 107/710 | Building BVH
Fra:1 Mem:509.92M (Peak 635.90M) | Time:00:00.29 | Mem:330.18M, Peak:330.18M | Scene, ViewLayer | Updating Geometry BVH Cube.079 108/710 | Building BVH
Fra:1 Mem:509.92M (Peak 635.90M) | Time:00:00.29 | Mem:330.18M, Peak:330.18M | Scene, ViewLayer | Updating Geometry BVH Cube.079 108/710 | Building mesh BLAS |     188 tris | Cube.079
Fra:1 Mem:509.92M (Peak 635.90M) | Time:00:00.29 | Mem:330.18M, Peak:330.18M | Scene, ViewLayer | Updating Geometry BVH Cube.080 109/710 | Building BVH
Fra:1 Mem:509.92M (Peak 635.90M) | Time:00:00.29 | Mem:330.18M, Peak:330.18M | Scene, ViewLayer | Updating Geometry BVH Cube.080 109/710 | Building mesh BLAS |     188 tris | Cube.080
Fra:1 Mem:509.92M (Peak 635.90M) | Time:00:00.29 | Mem:330.18M, Peak:330.18M | Scene, ViewLayer | Updating Geometry BVH Cube.080 109/710 | Building mesh BLAS |     188 tris | Cube.073
Fra:1 Mem:509.92M (Peak 635.90M) | Time:00:00.29 | Mem:330.21M, Peak:330.21M | Scene, ViewLayer | Updating Geometry BVH Cube.084 113/710 | Building BVH
Fra:1 Mem:509.92M (Peak 635.90M) | Time:00:00.29 | Mem:330.21M, Peak:330.21M | Scene, ViewLayer | Updating Geometry BVH Cube.084 113/710 | Building mesh BLAS |     188 tris | Cube.075
Fra:1 Mem:509.92M (Peak 635.90M) | Time:00:00.29 | Mem:330.21M, Peak:330.21M | Scene, ViewLayer | Updating Geometry BVH Cube.085 114/710 | Building BVH
Fra:1 Mem:509.92M (Peak 635.90M) | Time:00:00.29 | Mem:330.21M, Peak:330.21M | Scene, ViewLayer | Updating Geometry BVH Cube.085 114/710 | Building mesh BLAS |     188 tris | Cube.076
Fra:1 Mem:509.92M (Peak 635.90M) | Time:00:00.29 | Mem:330.22M, Peak:330.22M | Scene, ViewLayer | Updating Geometry BVH Cylinder.028 115/710 | Building BVH
Fra:1 Mem:509.92M (Peak 635.90M) | Time:00:00.29 | Mem:330.24M, Peak:330.24M | Scene, ViewLayer | Updating Geometry BVH Cylinder.028 115/710 | Building mesh BLAS |     188 tris | Cube.077
Fra:1 Mem:509.92M (Peak 635.90M) | Time:00:00.29 | Mem:330.24M, Peak:330.24M | Scene, ViewLayer | Updating Geometry BVH Cylinder.028 115/710 | Building mesh BLAS |     188 tris | Cube.070
Fra:1 Mem:509.92M (Peak 635.90M) | Time:00:00.29 | Mem:330.24M, Peak:330.24M | Scene, ViewLayer | Updating Geometry BVH Cylinder.028 115/710 | Building mesh BLAS |     188 tris | Cube.078
Fra:1 Mem:509.92M (Peak 635.90M) | Time:00:00.29 | Mem:330.24M, Peak:330.24M | Scene, ViewLayer | Updating Geometry BVH Cylinder.028 115/710 | Building mesh BLAS |     188 tris | Cube.072
Fra:1 Mem:509.92M (Peak 635.90M) | Time:00:00.29 | Mem:330.24M, Peak:330.24M | Scene, ViewLayer | Updating Geometry BVH Cylinder.028 115/710 | Building mesh BLAS |     188 tris | Cube.065
Fra:1 Mem:509.92M (Peak 635.90M) | Time:00:00.29 | Mem:330.24M, Peak:330.24M | Scene, ViewLayer | Updating Geometry BVH Cylinder.029 116/710 | Building BVH
Fra:1 Mem:509.92M (Peak 635.90M) | Time:00:00.29 | Mem:330.24M, Peak:330.24M | Scene, ViewLayer | Updating Geometry BVH Cylinder.029 116/710 | Building mesh BLAS |     188 tris | Cube.074
Fra:1 Mem:509.92M (Peak 635.90M) | Time:00:00.29 | Mem:330.24M, Peak:330.24M | Scene, ViewLayer | Updating Geometry BVH Cylinder.029 116/710 | Building mesh BLAS |      60 tris | Cylinder.029
Fra:1 Mem:509.92M (Peak 635.90M) | Time:00:00.29 | Mem:330.24M, Peak:330.24M | Scene, ViewLayer | Updating Geometry BVH Cylinder.033 120/710 | Building BVH
Fra:1 Mem:509.92M (Peak 635.90M) | Time:00:00.29 | Mem:330.24M, Peak:330.24M | Scene, ViewLayer | Updating Geometry BVH Cylinder.033 120/710 | Building mesh BLAS |     460 tris | Cube.084
Fra:1 Mem:509.92M (Peak 635.90M) | Time:00:00.29 | Mem:330.24M, Peak:330.24M | Scene, ViewLayer | Updating Geometry BVH Cylinder.033 120/710 | Building mesh BLAS |     188 tris | Cube.069
Fra:1 Mem:509.92M (Peak 635.90M) | Time:00:00.29 | Mem:330.24M, Peak:330.24M | Scene, ViewLayer | Updating Geometry BVH Cylinder.034 121/710 | Building BVH
Fra:1 Mem:509.92M (Peak 635.90M) | Time:00:00.29 | Mem:330.24M, Peak:330.24M | Scene, ViewLayer | Updating Geometry BVH Cylinder.035 122/710 | Building BVH
Fra:1 Mem:509.92M (Peak 635.90M) | Time:00:00.29 | Mem:330.24M, Peak:330.24M | Scene, ViewLayer | Updating Geometry BVH Cylinder.035 122/710 | Building mesh BLAS |      60 tris | Cylinder.034
Fra:1 Mem:509.92M (Peak 635.90M) | Time:00:00.29 | Mem:330.24M, Peak:330.24M | Scene, ViewLayer | Updating Geometry BVH Cylinder.036 123/710 | Building BVH
Fra:1 Mem:509.92M (Peak 635.90M) | Time:00:00.29 | Mem:330.24M, Peak:330.24M | Scene, ViewLayer | Updating Geometry BVH Cylinder.037 124/710 | Building BVH
Fra:1 Mem:509.92M (Peak 635.90M) | Time:00:00.29 | Mem:330.24M, Peak:330.24M | Scene, ViewLayer | Updating Geometry BVH Cylinder.037 124/710 | Building mesh BLAS |      60 tris | Cylinder.037
Fra:1 Mem:509.92M (Peak 635.90M) | Time:00:00.29 | Mem:330.24M, Peak:330.24M | Scene, ViewLayer | Updating Geometry BVH Cylinder.037 124/710 | Building mesh BLAS |      60 tris | Cylinder.030
Fra:1 Mem:509.92M (Peak 635.90M) | Time:00:00.29 | Mem:330.24M, Peak:330.24M | Scene, ViewLayer | Updating Geometry BVH Cylinder.038 125/710 | Building BVH
Fra:1 Mem:509.92M (Peak 635.90M) | Time:00:00.30 | Mem:330.42M, Peak:330.42M | Scene, ViewLayer | Updating Geometry BVH Cylinder.040 127/710 | Building BVH
Fra:1 Mem:509.92M (Peak 635.90M) | Time:00:00.30 | Mem:330.42M, Peak:330.42M | Scene, ViewLayer | Updating Geometry BVH Cylinder.040 127/710 | Building mesh BLAS |      60 tris | Cylinder.031
Fra:1 Mem:509.92M (Peak 635.90M) | Time:00:00.30 | Mem:330.42M, Peak:330.42M | Scene, ViewLayer | Updating Geometry BVH Cylinder.040 127/710 | Building mesh BLAS |      60 tris | Cylinder.032
Fra:1 Mem:509.92M (Peak 635.90M) | Time:00:00.30 | Mem:330.42M, Peak:330.42M | Scene, ViewLayer | Updating Geometry BVH Cylinder.040 127/710 | Building mesh BLAS |      60 tris | Cylinder.033
Fra:1 Mem:509.92M (Peak 635.90M) | Time:00:00.30 | Mem:330.42M, Peak:330.42M | Scene, ViewLayer | Updating Geometry BVH Cylinder.040 127/710 | Building mesh BLAS |      60 tris | Cylinder.028
Fra:1 Mem:509.92M (Peak 635.90M) | Time:00:00.30 | Mem:330.42M, Peak:330.42M | Scene, ViewLayer | Updating Geometry BVH Cylinder.041 128/710 | Building BVH
Fra:1 Mem:509.92M (Peak 635.90M) | Time:00:00.30 | Mem:330.42M, Peak:330.42M | Scene, ViewLayer | Updating Geometry BVH Cylinder.041 128/710 | Building mesh BLAS |      60 tris | Cylinder.035
Fra:1 Mem:509.92M (Peak 635.90M) | Time:00:00.30 | Mem:330.44M, Peak:330.44M | Scene, ViewLayer | Updating Geometry BVH Cylinder.043 130/710 | Building BVH
Fra:1 Mem:509.92M (Peak 635.90M) | Time:00:00.30 | Mem:330.44M, Peak:330.44M | Scene, ViewLayer | Updating Geometry BVH Cylinder.043 130/710 | Building mesh BLAS |      60 tris | Cylinder.036
Fra:1 Mem:509.92M (Peak 635.90M) | Time:00:00.30 | Mem:330.44M, Peak:330.44M | Scene, ViewLayer | Updating Geometry BVH Cylinder.044 131/710 | Building BVH
Fra:1 Mem:509.92M (Peak 635.90M) | Time:00:00.30 | Mem:330.44M, Peak:330.44M | Scene, ViewLayer | Updating Geometry BVH Cylinder.045 132/710 | Building mesh BLAS |     188 tris | Cube.081
Fra:1 Mem:509.92M (Peak 635.90M) | Time:00:00.30 | Mem:330.44M, Peak:330.44M | Scene, ViewLayer | Updating Geometry BVH Cylinder.046 133/710 | Building mesh BLAS |    1536 tris | Dome rolled rim.009
Fra:1 Mem:509.92M (Peak 635.90M) | Time:00:00.30 | Mem:330.44M, Peak:330.44M | Scene, ViewLayer | Updating Geometry BVH Cylinder.046 133/710 | Building mesh BLAS |     472 tris | Cube.082
Fra:1 Mem:509.92M (Peak 635.90M) | Time:00:00.30 | Mem:330.44M, Peak:330.44M | Scene, ViewLayer | Updating Geometry BVH Cylinder.047 134/710 | Building BVH
Fra:1 Mem:509.92M (Peak 635.90M) | Time:00:00.30 | Mem:330.44M, Peak:330.44M | Scene, ViewLayer | Updating Geometry BVH Cylinder.047 134/710 | Building mesh BLAS |      60 tris | Cylinder.047
Fra:1 Mem:509.92M (Peak 635.90M) | Time:00:00.30 | Mem:330.44M, Peak:330.44M | Scene, ViewLayer | Updating Geometry BVH Cylinder.047 134/710 | Building mesh BLAS |      60 tris | Cylinder.039
Fra:1 Mem:509.92M (Peak 635.90M) | Time:00:00.30 | Mem:330.44M, Peak:330.44M | Scene, ViewLayer | Updating Geometry BVH Cylinder.049 136/710 | Building BVH
Fra:1 Mem:509.92M (Peak 635.90M) | Time:00:00.30 | Mem:330.44M, Peak:330.44M | Scene, ViewLayer | Updating Geometry BVH Cylinder.049 136/710 | Building mesh BLAS |      60 tris | Cylinder.043
Fra:1 Mem:509.92M (Peak 635.90M) | Time:00:00.30 | Mem:330.44M, Peak:330.44M | Scene, ViewLayer | Updating Geometry BVH Cylinder.049 136/710 | Building mesh BLAS |      60 tris | Cylinder.042
Fra:1 Mem:509.92M (Peak 635.90M) | Time:00:00.30 | Mem:330.44M, Peak:330.44M | Scene, ViewLayer | Updating Geometry BVH Cylinder.050 137/710 | Building BVH
Fra:1 Mem:509.93M (Peak 635.90M) | Time:00:00.30 | Mem:330.52M, Peak:330.52M | Scene, ViewLayer | Updating Geometry BVH Cylinder.053 140/710 | Building BVH
Fra:1 Mem:509.93M (Peak 635.90M) | Time:00:00.30 | Mem:330.52M, Peak:330.52M | Scene, ViewLayer | Updating Geometry BVH Cylinder.053 140/710 | Building mesh BLAS |     188 tris | Cube.083
Fra:1 Mem:509.93M (Peak 635.90M) | Time:00:00.30 | Mem:330.52M, Peak:330.52M | Scene, ViewLayer | Updating Geometry BVH Cylinder.053 140/710 | Building mesh BLAS |      60 tris | Cylinder.038
Fra:1 Mem:509.93M (Peak 635.90M) | Time:00:00.30 | Mem:330.52M, Peak:330.52M | Scene, ViewLayer | Updating Geometry BVH Dome rolled rim.008 704/710 | Building BVH
Fra:1 Mem:509.93M (Peak 635.90M) | Time:00:00.30 | Mem:330.52M, Peak:330.52M | Scene, ViewLayer | Updating Geometry BVH Cylinder.054 141/710 | Building BVH
Fra:1 Mem:509.93M (Peak 635.90M) | Time:00:00.30 | Mem:330.52M, Peak:330.52M | Scene, ViewLayer | Updating Geometry BVH Cylinder.054 141/710 | Building mesh BLAS |      60 tris | Cylinder.041
Fra:1 Mem:509.93M (Peak 635.90M) | Time:00:00.30 | Mem:330.52M, Peak:330.52M | Scene, ViewLayer | Updating Geometry BVH Cylinder.055 142/710 | Building BVH
Fra:1 Mem:509.93M (Peak 635.90M) | Time:00:00.30 | Mem:330.52M, Peak:330.52M | Scene, ViewLayer | Updating Geometry BVH Cylinder.055 142/710 | Building mesh BLAS |      60 tris | Cylinder.048
Fra:1 Mem:509.93M (Peak 635.90M) | Time:00:00.30 | Mem:330.52M, Peak:330.52M | Scene, ViewLayer | Updating Geometry BVH Cylinder.056 143/710 | Building BVH
Fra:1 Mem:509.93M (Peak 635.90M) | Time:00:00.30 | Mem:330.52M, Peak:330.52M | Scene, ViewLayer | Updating Geometry BVH Cylinder.056 143/710 | Building mesh BLAS |      60 tris | Cylinder.049
Fra:1 Mem:509.93M (Peak 635.90M) | Time:00:00.30 | Mem:330.52M, Peak:330.52M | Scene, ViewLayer | Updating Geometry BVH Cylinder.056 143/710 | Building mesh BLAS |      60 tris | Cylinder.044
Fra:1 Mem:509.93M (Peak 635.90M) | Time:00:00.30 | Mem:330.52M, Peak:330.52M | Scene, ViewLayer | Updating Geometry BVH Cylinder.056 143/710 | Building mesh BLAS |      60 tris | Cylinder.050
Fra:1 Mem:509.93M (Peak 635.90M) | Time:00:00.30 | Mem:330.52M, Peak:330.52M | Scene, ViewLayer | Updating Geometry BVH Cylinder.057 144/710 | Building BVH
Fra:1 Mem:509.93M (Peak 635.90M) | Time:00:00.30 | Mem:330.52M, Peak:330.52M | Scene, ViewLayer | Updating Geometry BVH Cylinder.058 145/710 | Building BVH
Fra:1 Mem:509.93M (Peak 635.90M) | Time:00:00.30 | Mem:330.52M, Peak:330.52M | Scene, ViewLayer | Updating Geometry BVH Cylinder.060 147/710 | Building BVH
Fra:1 Mem:509.93M (Peak 635.90M) | Time:00:00.30 | Mem:330.52M, Peak:330.52M | Scene, ViewLayer | Updating Geometry BVH Cylinder.060 147/710 | Building mesh BLAS |      60 tris | Cylinder.052
Fra:1 Mem:509.93M (Peak 635.90M) | Time:00:00.30 | Mem:330.52M, Peak:330.52M | Scene, ViewLayer | Updating Geometry BVH Cylinder.060 147/710 | Building mesh BLAS |      60 tris | Cylinder.060
Fra:1 Mem:509.93M (Peak 635.90M) | Time:00:00.30 | Mem:330.52M, Peak:330.52M | Scene, ViewLayer | Updating Geometry BVH Cylinder.062 149/710 | Building BVH
Fra:1 Mem:509.93M (Peak 635.90M) | Time:00:00.30 | Mem:330.52M, Peak:330.52M | Scene, ViewLayer | Updating Geometry BVH Cylinder.062 149/710 | Building mesh BLAS |    1536 tris | Dome rolled rim.008
Fra:1 Mem:509.93M (Peak 635.90M) | Time:00:00.30 | Mem:330.52M, Peak:330.52M | Scene, ViewLayer | Updating Geometry BVH Cylinder.062 149/710 | Building mesh BLAS |      60 tris | Cylinder.062
Fra:1 Mem:509.93M (Peak 635.90M) | Time:00:00.30 | Mem:330.52M, Peak:330.52M | Scene, ViewLayer | Updating Geometry BVH Cylinder.063 150/710 | Building BVH
Fra:1 Mem:509.93M (Peak 635.90M) | Time:00:00.30 | Mem:330.52M, Peak:330.52M | Scene, ViewLayer | Updating Geometry BVH Cylinder.064 151/710 | Building BVH
Fra:1 Mem:509.93M (Peak 635.90M) | Time:00:00.30 | Mem:330.52M, Peak:330.52M | Scene, ViewLayer | Updating Geometry BVH Cylinder.064 151/710 | Building mesh BLAS |      60 tris | Cylinder.063
Fra:1 Mem:509.93M (Peak 635.90M) | Time:00:00.30 | Mem:330.52M, Peak:330.52M | Scene, ViewLayer | Updating Geometry BVH Cylinder.065 152/710 | Building BVH
Fra:1 Mem:509.93M (Peak 635.90M) | Time:00:00.30 | Mem:330.52M, Peak:330.52M | Scene, ViewLayer | Updating Geometry BVH Cylinder.066 153/710 | Building BVH
Fra:1 Mem:509.93M (Peak 635.90M) | Time:00:00.30 | Mem:330.52M, Peak:330.52M | Scene, ViewLayer | Updating Geometry BVH Cylinder.067 154/710 | Building mesh BLAS |      60 tris | Cylinder.058
Fra:1 Mem:509.93M (Peak 635.90M) | Time:00:00.30 | Mem:330.52M, Peak:330.52M | Scene, ViewLayer | Updating Geometry BVH Cylinder.067 154/710 | Building mesh BLAS |      60 tris | Cylinder.057
Fra:1 Mem:509.93M (Peak 635.90M) | Time:00:00.30 | Mem:330.52M, Peak:330.52M | Scene, ViewLayer | Updating Geometry BVH Cylinder.070 157/710 | Building BVH
Fra:1 Mem:509.93M (Peak 635.90M) | Time:00:00.30 | Mem:330.52M, Peak:330.52M | Scene, ViewLayer | Updating Geometry BVH Cylinder.070 157/710 | Building mesh BLAS |      60 tris | Cylinder.061
Fra:1 Mem:509.93M (Peak 635.90M) | Time:00:00.30 | Mem:330.52M, Peak:330.52M | Scene, ViewLayer | Updating Geometry BVH Cylinder.071 158/710 | Building BVH
Fra:1 Mem:509.93M (Peak 635.90M) | Time:00:00.30 | Mem:330.52M, Peak:330.52M | Scene, ViewLayer | Updating Geometry BVH Cylinder.072 159/710 | Building BVH
Fra:1 Mem:509.93M (Peak 635.90M) | Time:00:00.30 | Mem:330.52M, Peak:330.52M | Scene, ViewLayer | Updating Geometry BVH Cylinder.072 159/710 | Building mesh BLAS |      60 tris | Cylinder.071
Fra:1 Mem:509.93M (Peak 635.90M) | Time:00:00.30 | Mem:330.52M, Peak:330.52M | Scene, ViewLayer | Updating Geometry BVH Cylinder.072 159/710 | Building mesh BLAS |      60 tris | Cylinder.066
Fra:1 Mem:509.93M (Peak 635.90M) | Time:00:00.30 | Mem:330.52M, Peak:330.52M | Scene, ViewLayer | Updating Geometry BVH Cylinder.074 161/710 | Building BVH
Fra:1 Mem:509.93M (Peak 635.90M) | Time:00:00.30 | Mem:330.52M, Peak:330.52M | Scene, ViewLayer | Updating Geometry BVH Cylinder.074 161/710 | Building mesh BLAS |      60 tris | Cylinder.059
Fra:1 Mem:509.93M (Peak 635.90M) | Time:00:00.30 | Mem:330.52M, Peak:330.52M | Scene, ViewLayer | Updating Geometry BVH Cylinder.074 161/710 | Building mesh BLAS |      96 tris | Cylinder.073
Fra:1 Mem:509.93M (Peak 635.90M) | Time:00:00.30 | Mem:330.52M, Peak:330.52M | Scene, ViewLayer | Updating Geometry BVH Cylinder.074 161/710 | Building mesh BLAS |      60 tris | Cylinder.068
Fra:1 Mem:509.93M (Peak 635.90M) | Time:00:00.30 | Mem:330.52M, Peak:330.52M | Scene, ViewLayer | Updating Geometry BVH Cylinder.075 162/710 | Building BVH
Fra:1 Mem:509.93M (Peak 635.90M) | Time:00:00.30 | Mem:330.52M, Peak:330.52M | Scene, ViewLayer | Updating Geometry BVH Cylinder.075 162/710 | Building mesh BLAS |      60 tris | Cylinder.075
Fra:1 Mem:509.93M (Peak 635.90M) | Time:00:00.30 | Mem:330.52M, Peak:330.52M | Scene, ViewLayer | Updating Geometry BVH Cylinder.075 162/710 | Building mesh BLAS |      60 tris | Cylinder.070
Fra:1 Mem:509.93M (Peak 635.90M) | Time:00:00.30 | Mem:330.52M, Peak:330.52M | Scene, ViewLayer | Updating Geometry BVH Cylinder.076 163/710 | Building mesh BLAS |    1152 tris | Raised standing seam.079
Fra:1 Mem:509.93M (Peak 635.90M) | Time:00:00.30 | Mem:330.52M, Peak:330.52M | Scene, ViewLayer | Updating Geometry BVH Cylinder.077 164/710 | Building BVH
Fra:1 Mem:509.93M (Peak 635.90M) | Time:00:00.30 | Mem:330.52M, Peak:330.52M | Scene, ViewLayer | Updating Geometry BVH Cylinder.077 164/710 | Building mesh BLAS |      60 tris | Cylinder.077
Fra:1 Mem:509.93M (Peak 635.90M) | Time:00:00.30 | Mem:330.52M, Peak:330.52M | Scene, ViewLayer | Updating Geometry BVH Cylinder.078 165/710 | Building BVH
Fra:1 Mem:509.93M (Peak 635.90M) | Time:00:00.30 | Mem:330.52M, Peak:330.52M | Scene, ViewLayer | Updating Geometry BVH Raised standing seam.078 702/710 | Building BVH
Fra:1 Mem:509.93M (Peak 635.90M) | Time:00:00.30 | Mem:330.52M, Peak:330.52M | Scene, ViewLayer | Updating Geometry BVH Cylinder.079 166/710 | Building BVH
Fra:1 Mem:509.93M (Peak 635.90M) | Time:00:00.30 | Mem:330.52M, Peak:330.52M | Scene, ViewLayer | Updating Geometry BVH Cylinder.079 166/710 | Building mesh BLAS |    1152 tris | Raised standing seam.078
Fra:1 Mem:509.93M (Peak 635.90M) | Time:00:00.30 | Mem:330.52M, Peak:330.52M | Scene, ViewLayer | Updating Geometry BVH Cube.087 168/710 | Building BVH
Fra:1 Mem:509.93M (Peak 635.90M) | Time:00:00.30 | Mem:330.52M, Peak:330.52M | Scene, ViewLayer | Updating Geometry BVH Cube.087 168/710 | Building mesh BLAS |     188 tris | Cube.087
Fra:1 Mem:509.93M (Peak 635.90M) | Time:00:00.30 | Mem:330.52M, Peak:330.52M | Scene, ViewLayer | Updating Geometry BVH Cube.087 168/710 | Building mesh BLAS |      60 tris | Cylinder.069
Fra:1 Mem:509.93M (Peak 635.90M) | Time:00:00.30 | Mem:330.52M, Peak:330.52M | Scene, ViewLayer | Updating Geometry BVH Cube.088 169/710 | Building BVH
Fra:1 Mem:509.93M (Peak 635.90M) | Time:00:00.30 | Mem:330.52M, Peak:330.52M | Scene, ViewLayer | Updating Geometry BVH Cube.089 170/710 | Building BVH
Fra:1 Mem:509.93M (Peak 635.90M) | Time:00:00.30 | Mem:330.52M, Peak:330.52M | Scene, ViewLayer | Updating Geometry BVH Cube.091 172/710 | Building BVH
Fra:1 Mem:509.93M (Peak 635.90M) | Time:00:00.30 | Mem:330.52M, Peak:330.52M | Scene, ViewLayer | Updating Geometry BVH Cube.091 172/710 | Building mesh BLAS |     188 tris | Cube.089
Fra:1 Mem:509.93M (Peak 635.90M) | Time:00:00.30 | Mem:330.52M, Peak:330.52M | Scene, ViewLayer | Updating Geometry BVH Cube.091 172/710 | Building mesh BLAS |     188 tris | Cube.091
Fra:1 Mem:509.93M (Peak 635.90M) | Time:00:00.30 | Mem:330.52M, Peak:330.52M | Scene, ViewLayer | Updating Geometry BVH Cube.091 172/710 | Building mesh BLAS |      60 tris | Cylinder.074
Fra:1 Mem:509.93M (Peak 635.90M) | Time:00:00.30 | Mem:330.52M, Peak:330.52M | Scene, ViewLayer | Updating Geometry BVH Cube.091 172/710 | Building mesh BLAS |      60 tris | Cylinder.079
Fra:1 Mem:509.93M (Peak 635.90M) | Time:00:00.30 | Mem:330.52M, Peak:330.52M | Scene, ViewLayer | Updating Geometry BVH Cube.092 173/710 | Building BVH
Fra:1 Mem:509.93M (Peak 635.90M) | Time:00:00.30 | Mem:330.52M, Peak:330.52M | Scene, ViewLayer | Updating Geometry BVH Cube.093 174/710 | Building BVH
Fra:1 Mem:509.93M (Peak 635.90M) | Time:00:00.30 | Mem:330.52M, Peak:330.52M | Scene, ViewLayer | Updating Geometry BVH Cube.094 175/710 | Building BVH
Fra:1 Mem:509.93M (Peak 635.90M) | Time:00:00.30 | Mem:330.52M, Peak:330.52M | Scene, ViewLayer | Updating Geometry BVH Cube.094 175/710 | Building mesh BLAS |     188 tris | Cube.086
Fra:1 Mem:509.93M (Peak 635.90M) | Time:00:00.30 | Mem:330.52M, Peak:330.52M | Scene, ViewLayer | Updating Geometry BVH Cube.094 175/710 | Building mesh BLAS |     188 tris | Cube.094
Fra:1 Mem:509.93M (Peak 635.90M) | Time:00:00.30 | Mem:330.52M, Peak:330.52M | Scene, ViewLayer | Updating Geometry BVH Cube.095 176/710 | Building BVH
Fra:1 Mem:509.93M (Peak 635.90M) | Time:00:00.30 | Mem:330.52M, Peak:330.52M | Scene, ViewLayer | Updating Geometry BVH Cube.096 177/710 | Building BVH
Fra:1 Mem:509.93M (Peak 635.90M) | Time:00:00.30 | Mem:330.52M, Peak:330.52M | Scene, ViewLayer | Updating Geometry BVH Cube.097 178/710 | Building BVH
Fra:1 Mem:509.93M (Peak 635.90M) | Time:00:00.30 | Mem:330.52M, Peak:330.52M | Scene, ViewLayer | Updating Geometry BVH Cube.099 180/710 | Building BVH
Fra:1 Mem:509.93M (Peak 635.90M) | Time:00:00.30 | Mem:330.52M, Peak:330.52M | Scene, ViewLayer | Updating Geometry BVH Cube.099 180/710 | Building mesh BLAS |     188 tris | Cube.099
Fra:1 Mem:509.93M (Peak 635.90M) | Time:00:00.30 | Mem:330.52M, Peak:330.52M | Scene, ViewLayer | Updating Geometry BVH Cube.100 181/710 | Building BVH
Fra:1 Mem:509.93M (Peak 635.90M) | Time:00:00.30 | Mem:330.52M, Peak:330.52M | Scene, ViewLayer | Updating Geometry BVH Cube.100 181/710 | Building mesh BLAS |     188 tris | Cube.100
Fra:1 Mem:509.93M (Peak 635.90M) | Time:00:00.30 | Mem:330.52M, Peak:330.52M | Scene, ViewLayer | Updating Geometry BVH Cube.100 181/710 | Building mesh BLAS |     188 tris | Cube.092
Fra:1 Mem:509.93M (Peak 635.90M) | Time:00:00.30 | Mem:330.52M, Peak:330.52M | Scene, ViewLayer | Updating Geometry BVH Cube.101 182/710 | Building BVH
Fra:1 Mem:509.93M (Peak 635.90M) | Time:00:00.30 | Mem:330.52M, Peak:330.52M | Scene, ViewLayer | Updating Geometry BVH Cube.102 183/710 | Building BVH
Fra:1 Mem:509.93M (Peak 635.90M) | Time:00:00.30 | Mem:330.52M, Peak:330.52M | Scene, ViewLayer | Updating Geometry BVH Cube.102 183/710 | Building mesh BLAS |     188 tris | Cube.101
Fra:1 Mem:509.93M (Peak 635.90M) | Time:00:00.30 | Mem:330.52M, Peak:330.52M | Scene, ViewLayer | Updating Geometry BVH Cube.103 184/710 | Building BVH
Fra:1 Mem:509.93M (Peak 635.90M) | Time:00:00.30 | Mem:330.52M, Peak:330.52M | Scene, ViewLayer | Updating Geometry BVH Cube.104 185/710 | Building BVH
Fra:1 Mem:509.93M (Peak 635.90M) | Time:00:00.30 | Mem:330.52M, Peak:330.52M | Scene, ViewLayer | Updating Geometry BVH Cube.104 185/710 | Building mesh BLAS |     188 tris | Cube.097
Fra:1 Mem:509.93M (Peak 635.90M) | Time:00:00.30 | Mem:330.52M, Peak:330.52M | Scene, ViewLayer | Updating Geometry BVH Cube.105 186/710 | Building mesh BLAS |     188 tris | Cube.104
Fra:1 Mem:509.93M (Peak 635.90M) | Time:00:00.30 | Mem:330.52M, Peak:330.52M | Scene, ViewLayer | Updating Geometry BVH Cube.106 187/710 | Building BVH
Fra:1 Mem:509.93M (Peak 635.90M) | Time:00:00.30 | Mem:330.52M, Peak:330.52M | Scene, ViewLayer | Updating Geometry BVH Cube.107 188/710 | Building BVH
Fra:1 Mem:509.93M (Peak 635.90M) | Time:00:00.30 | Mem:330.52M, Peak:330.52M | Scene, ViewLayer | Updating Geometry BVH Cube.109 190/710 | Building BVH
Fra:1 Mem:509.93M (Peak 635.90M) | Time:00:00.30 | Mem:330.52M, Peak:330.52M | Scene, ViewLayer | Updating Geometry BVH Cube.109 190/710 | Building mesh BLAS |     188 tris | Cube.109
Fra:1 Mem:509.93M (Peak 635.90M) | Time:00:00.30 | Mem:330.52M, Peak:330.52M | Scene, ViewLayer | Updating Geometry BVH Cube.109 190/710 | Building mesh BLAS |    1152 tris | Raised standing seam.077
Fra:1 Mem:509.93M (Peak 635.90M) | Time:00:00.30 | Mem:330.52M, Peak:330.52M | Scene, ViewLayer | Updating Geometry BVH Cube.109 190/710 | Building mesh BLAS |     188 tris | Cube.102
Fra:1 Mem:509.93M (Peak 635.90M) | Time:00:00.30 | Mem:330.52M, Peak:330.52M | Scene, ViewLayer | Updating Geometry BVH Cube.111 192/710 | Building BVH
Fra:1 Mem:509.93M (Peak 635.90M) | Time:00:00.30 | Mem:330.52M, Peak:330.52M | Scene, ViewLayer | Updating Geometry BVH Cube.111 192/710 | Building mesh BLAS |     188 tris | Cube.111
Fra:1 Mem:509.93M (Peak 635.90M) | Time:00:00.30 | Mem:330.52M, Peak:330.52M | Scene, ViewLayer | Updating Geometry BVH Cube.111 192/710 | Building mesh BLAS |     188 tris | Cube.105
Fra:1 Mem:509.93M (Peak 635.90M) | Time:00:00.30 | Mem:330.52M, Peak:330.52M | Scene, ViewLayer | Updating Geometry BVH Raised standing seam.076 700/710 | Building BVH
Fra:1 Mem:509.93M (Peak 635.90M) | Time:00:00.30 | Mem:330.52M, Peak:330.52M | Scene, ViewLayer | Updating Geometry BVH Cube.112 193/710 | Building BVH
Fra:1 Mem:509.93M (Peak 635.90M) | Time:00:00.30 | Mem:330.52M, Peak:330.52M | Scene, ViewLayer | Updating Geometry BVH Cube.113 194/710 | Building BVH
Fra:1 Mem:509.93M (Peak 635.90M) | Time:00:00.30 | Mem:330.52M, Peak:330.52M | Scene, ViewLayer | Updating Geometry BVH Cube.114 195/710 | Building BVH
Fra:1 Mem:509.93M (Peak 635.90M) | Time:00:00.30 | Mem:330.52M, Peak:330.52M | Scene, ViewLayer | Updating Geometry BVH Cube.115 196/710 | Building mesh BLAS |     188 tris | Cube.112
Fra:1 Mem:509.93M (Peak 635.90M) | Time:00:00.30 | Mem:330.52M, Peak:330.52M | Scene, ViewLayer | Updating Geometry BVH Cube.115 196/710 | Building mesh BLAS |     188 tris | Cube.113
Fra:1 Mem:509.93M (Peak 635.90M) | Time:00:00.30 | Mem:330.52M, Peak:330.52M | Scene, ViewLayer | Updating Geometry BVH Cube.115 196/710 | Building mesh BLAS |     188 tris | Cube.103
Fra:1 Mem:509.93M (Peak 635.90M) | Time:00:00.30 | Mem:330.52M, Peak:330.52M | Scene, ViewLayer | Updating Geometry BVH Cube.116 197/710 | Building BVH
Fra:1 Mem:509.93M (Peak 635.90M) | Time:00:00.30 | Mem:330.52M, Peak:330.52M | Scene, ViewLayer | Updating Geometry BVH Cube.117 198/710 | Building BVH
Fra:1 Mem:509.93M (Peak 635.90M) | Time:00:00.30 | Mem:330.52M, Peak:330.52M | Scene, ViewLayer | Updating Geometry BVH Cube.117 198/710 | Building mesh BLAS |     188 tris | Cube.116
Fra:1 Mem:509.93M (Peak 635.90M) | Time:00:00.30 | Mem:330.52M, Peak:330.52M | Scene, ViewLayer | Updating Geometry BVH Cube.117 198/710 | Building mesh BLAS |     188 tris | Cube.106
Fra:1 Mem:509.93M (Peak 635.90M) | Time:00:00.30 | Mem:330.52M, Peak:330.52M | Scene, ViewLayer | Updating Geometry BVH Cube.117 198/710 | Building mesh BLAS |     188 tris | Cube.098
Fra:1 Mem:509.93M (Peak 635.90M) | Time:00:00.30 | Mem:330.52M, Peak:330.52M | Scene, ViewLayer | Updating Geometry BVH Cube.117 198/710 | Building mesh BLAS |     188 tris | Cube.114
Fra:1 Mem:509.93M (Peak 635.90M) | Time:00:00.30 | Mem:330.52M, Peak:330.52M | Scene, ViewLayer | Updating Geometry BVH Cube.118 199/710 | Building BVH
Fra:1 Mem:509.93M (Peak 635.90M) | Time:00:00.30 | Mem:330.52M, Peak:330.52M | Scene, ViewLayer | Updating Geometry BVH Cube.119 200/710 | Building mesh BLAS |     188 tris | Cube.118
Fra:1 Mem:509.93M (Peak 635.90M) | Time:00:00.30 | Mem:330.52M, Peak:330.52M | Scene, ViewLayer | Updating Geometry BVH Cube.120 201/710 | Building BVH
Fra:1 Mem:509.93M (Peak 635.90M) | Time:00:00.30 | Mem:330.52M, Peak:330.52M | Scene, ViewLayer | Updating Geometry BVH Cube.120 201/710 | Building mesh BLAS |     188 tris | Cube.120
Fra:1 Mem:509.93M (Peak 635.90M) | Time:00:00.30 | Mem:330.52M, Peak:330.52M | Scene, ViewLayer | Updating Geometry BVH Cube.120 201/710 | Building mesh BLAS |     188 tris | Cube.117
Fra:1 Mem:509.93M (Peak 635.90M) | Time:00:00.30 | Mem:330.52M, Peak:330.52M | Scene, ViewLayer | Updating Geometry BVH Cube.121 202/710 | Building BVH
Fra:1 Mem:509.93M (Peak 635.90M) | Time:00:00.30 | Mem:330.52M, Peak:330.52M | Scene, ViewLayer | Updating Geometry BVH Cube.121 202/710 | Building mesh BLAS |     188 tris | Cube.108
Fra:1 Mem:509.93M (Peak 635.90M) | Time:00:00.30 | Mem:330.52M, Peak:330.52M | Scene, ViewLayer | Updating Geometry BVH Cube.121 202/710 | Building mesh BLAS |     188 tris | Cube.119
Fra:1 Mem:509.93M (Peak 635.90M) | Time:00:00.30 | Mem:330.52M, Peak:330.52M | Scene, ViewLayer | Updating Geometry BVH Cube.121 202/710 | Building mesh BLAS |     188 tris | Cube.110
Fra:1 Mem:509.93M (Peak 635.90M) | Time:00:00.30 | Mem:330.52M, Peak:330.52M | Scene, ViewLayer | Updating Geometry BVH Cube.121 202/710 | Building mesh BLAS |     188 tris | Cube.121
Fra:1 Mem:509.93M (Peak 635.90M) | Time:00:00.30 | Mem:330.52M, Peak:330.52M | Scene, ViewLayer | Updating Geometry BVH Cube.122 203/710 | Building BVH
Fra:1 Mem:509.93M (Peak 635.90M) | Time:00:00.30 | Mem:330.52M, Peak:330.52M | Scene, ViewLayer | Updating Geometry BVH Cube.122 203/710 | Building mesh BLAS |     836 tris | Cube.122
Fra:1 Mem:509.93M (Peak 635.90M) | Time:00:00.30 | Mem:330.52M, Peak:330.52M | Scene, ViewLayer | Updating Geometry BVH Cube.123 204/710 | Building BVH
Fra:1 Mem:509.93M (Peak 635.90M) | Time:00:00.30 | Mem:330.52M, Peak:330.52M | Scene, ViewLayer | Updating Geometry BVH Cube.123 204/710 | Building mesh BLAS |     760 tris | Cube.123
Fra:1 Mem:509.93M (Peak 635.90M) | Time:00:00.31 | Mem:330.52M, Peak:330.52M | Scene, ViewLayer | Updating Geometry BVH Cube.124 205/710 | Building BVH
Fra:1 Mem:509.93M (Peak 635.90M) | Time:00:00.31 | Mem:330.52M, Peak:330.52M | Scene, ViewLayer | Updating Geometry BVH Cube.124 205/710 | Building mesh BLAS |     188 tris | Cube.124
Fra:1 Mem:509.93M (Peak 635.90M) | Time:00:00.31 | Mem:330.52M, Peak:330.52M | Scene, ViewLayer | Updating Geometry BVH Cube.125 206/710 | Building BVH
Fra:1 Mem:509.93M (Peak 635.90M) | Time:00:00.31 | Mem:330.52M, Peak:330.52M | Scene, ViewLayer | Updating Geometry BVH Cube.125 206/710 | Building mesh BLAS |     712 tris | Cube.125
Fra:1 Mem:509.93M (Peak 635.90M) | Time:00:00.31 | Mem:330.52M, Peak:330.52M | Scene, ViewLayer | Updating Geometry BVH Cube.126 207/710 | Building BVH
Fra:1 Mem:509.93M (Peak 635.90M) | Time:00:00.31 | Mem:330.52M, Peak:330.52M | Scene, ViewLayer | Updating Geometry BVH Cube.126 207/710 | Building mesh BLAS |     188 tris | Cube.126
Fra:1 Mem:509.93M (Peak 635.90M) | Time:00:00.31 | Mem:330.52M, Peak:330.52M | Scene, ViewLayer | Updating Geometry BVH Cube.127 208/710 | Building BVH
Fra:1 Mem:509.93M (Peak 635.90M) | Time:00:00.31 | Mem:330.52M, Peak:330.52M | Scene, ViewLayer | Updating Geometry BVH Cube.128 209/710 | Building BVH
Fra:1 Mem:509.93M (Peak 635.90M) | Time:00:00.31 | Mem:330.52M, Peak:330.52M | Scene, ViewLayer | Updating Geometry BVH Cube.129 210/710 | Building BVH
Fra:1 Mem:509.93M (Peak 635.90M) | Time:00:00.31 | Mem:330.52M, Peak:330.52M | Scene, ViewLayer | Updating Geometry BVH Cube.129 210/710 | Building mesh BLAS |     188 tris | Cube.128
Fra:1 Mem:509.93M (Peak 635.90M) | Time:00:00.31 | Mem:330.52M, Peak:330.52M | Scene, ViewLayer | Updating Geometry BVH Cube.129 210/710 | Building mesh BLAS |     188 tris | Cube.129
Fra:1 Mem:509.93M (Peak 635.90M) | Time:00:00.31 | Mem:330.52M, Peak:330.52M | Scene, ViewLayer | Updating Geometry BVH Cube.130 211/710 | Building BVH
Fra:1 Mem:509.93M (Peak 635.90M) | Time:00:00.31 | Mem:330.52M, Peak:330.52M | Scene, ViewLayer | Updating Geometry BVH Cube.131 212/710 | Building BVH
Fra:1 Mem:509.93M (Peak 635.90M) | Time:00:00.31 | Mem:330.52M, Peak:330.52M | Scene, ViewLayer | Updating Geometry BVH Cube.132 213/710 | Building BVH
Fra:1 Mem:509.93M (Peak 635.90M) | Time:00:00.31 | Mem:330.52M, Peak:330.52M | Scene, ViewLayer | Updating Geometry BVH Cube.132 213/710 | Building mesh BLAS |     188 tris | Cube.131
Fra:1 Mem:509.93M (Peak 635.90M) | Time:00:00.31 | Mem:330.52M, Peak:330.52M | Scene, ViewLayer | Updating Geometry BVH Cube.132 213/710 | Building mesh BLAS |     188 tris | Cube.132
Fra:1 Mem:509.93M (Peak 635.90M) | Time:00:00.31 | Mem:330.52M, Peak:330.52M | Scene, ViewLayer | Updating Geometry BVH Cube.133 214/710 | Building BVH
Fra:1 Mem:509.93M (Peak 635.90M) | Time:00:00.31 | Mem:330.52M, Peak:330.52M | Scene, ViewLayer | Updating Geometry BVH Cube.133 214/710 | Building mesh BLAS |     188 tris | Cube.133
Fra:1 Mem:509.93M (Peak 635.90M) | Time:00:00.31 | Mem:330.52M, Peak:330.52M | Scene, ViewLayer | Updating Geometry BVH Raised standing seam.075 699/710 | Building BVH
Fra:1 Mem:509.93M (Peak 635.90M) | Time:00:00.31 | Mem:330.52M, Peak:330.52M | Scene, ViewLayer | Updating Geometry BVH Raised standing seam.075 699/710 | Building mesh BLAS |    1152 tris | Raised standing seam.075
Fra:1 Mem:509.93M (Peak 635.90M) | Time:00:00.31 | Mem:330.52M, Peak:330.52M | Scene, ViewLayer | Updating Geometry BVH Cube.134 215/710 | Building BVH
Fra:1 Mem:509.93M (Peak 635.90M) | Time:00:00.31 | Mem:330.52M, Peak:330.52M | Scene, ViewLayer | Updating Geometry BVH Cube.134 215/710 | Building mesh BLAS |     188 tris | Cube.134
Fra:1 Mem:509.93M (Peak 635.90M) | Time:00:00.31 | Mem:330.52M, Peak:330.52M | Scene, ViewLayer | Updating Geometry BVH Cube.135 216/710 | Building BVH
Fra:1 Mem:509.93M (Peak 635.90M) | Time:00:00.31 | Mem:330.52M, Peak:330.52M | Scene, ViewLayer | Updating Geometry BVH Cube.135 216/710 | Building mesh BLAS |     188 tris | Cube.135
Fra:1 Mem:509.93M (Peak 635.90M) | Time:00:00.31 | Mem:330.52M, Peak:330.52M | Scene, ViewLayer | Updating Geometry BVH Cube.136 217/710 | Building BVH
Fra:1 Mem:509.93M (Peak 635.90M) | Time:00:00.31 | Mem:330.52M, Peak:330.52M | Scene, ViewLayer | Updating Geometry BVH Cube.136 217/710 | Building mesh BLAS |     284 tris | Cube.136
Fra:1 Mem:509.93M (Peak 635.90M) | Time:00:00.31 | Mem:330.52M, Peak:330.52M | Scene, ViewLayer | Updating Geometry BVH Cube.137 218/710 | Building BVH
Fra:1 Mem:509.93M (Peak 635.90M) | Time:00:00.31 | Mem:330.52M, Peak:330.52M | Scene, ViewLayer | Updating Geometry BVH Cube.137 218/710 | Building mesh BLAS |     476 tris | Cube.137
Fra:1 Mem:509.93M (Peak 635.90M) | Time:00:00.31 | Mem:330.52M, Peak:330.52M | Scene, ViewLayer | Updating Geometry BVH Cube.138 219/710 | Building BVH
Fra:1 Mem:509.93M (Peak 635.90M) | Time:00:00.31 | Mem:330.52M, Peak:330.52M | Scene, ViewLayer | Updating Geometry BVH Cube.138 219/710 | Building mesh BLAS |     188 tris | Cube.138
Fra:1 Mem:509.93M (Peak 635.90M) | Time:00:00.31 | Mem:330.52M, Peak:330.52M | Scene, ViewLayer | Updating Geometry BVH Cube.139 220/710 | Building BVH
Fra:1 Mem:509.93M (Peak 635.90M) | Time:00:00.31 | Mem:330.52M, Peak:330.52M | Scene, ViewLayer | Updating Geometry BVH Cube.139 220/710 | Building mesh BLAS |     188 tris | Cube.139
Fra:1 Mem:509.93M (Peak 635.90M) | Time:00:00.31 | Mem:330.52M, Peak:330.52M | Scene, ViewLayer | Updating Geometry BVH Cube.140 221/710 | Building BVH
Fra:1 Mem:509.93M (Peak 635.90M) | Time:00:00.31 | Mem:330.52M, Peak:330.52M | Scene, ViewLayer | Updating Geometry BVH Cube.140 221/710 | Building mesh BLAS |     188 tris | Cube.140
Fra:1 Mem:509.93M (Peak 635.90M) | Time:00:00.31 | Mem:330.52M, Peak:330.52M | Scene, ViewLayer | Updating Geometry BVH Cube.141 222/710 | Building BVH
Fra:1 Mem:509.93M (Peak 635.90M) | Time:00:00.31 | Mem:330.61M, Peak:330.61M | Scene, ViewLayer | Updating Geometry BVH Cube.141 222/710 | Building mesh BLAS |     188 tris | Cube.141
Fra:1 Mem:509.93M (Peak 635.90M) | Time:00:00.31 | Mem:330.63M, Peak:330.63M | Scene, ViewLayer | Updating Geometry BVH Cube.142 223/710 | Building BVH
Fra:1 Mem:509.93M (Peak 635.90M) | Time:00:00.31 | Mem:330.63M, Peak:330.63M | Scene, ViewLayer | Updating Geometry BVH Cube.143 224/710 | Building BVH
Fra:1 Mem:509.93M (Peak 635.90M) | Time:00:00.31 | Mem:330.63M, Peak:330.63M | Scene, ViewLayer | Updating Geometry BVH Cube.143 224/710 | Building mesh BLAS |     188 tris | Cube.142
Fra:1 Mem:509.93M (Peak 635.90M) | Time:00:00.31 | Mem:330.63M, Peak:330.63M | Scene, ViewLayer | Updating Geometry BVH Cube.143 224/710 | Building mesh BLAS |     188 tris | Cube.143
Fra:1 Mem:509.93M (Peak 635.90M) | Time:00:00.31 | Mem:330.63M, Peak:330.63M | Scene, ViewLayer | Updating Geometry BVH Cube.144 225/710 | Building BVH
Fra:1 Mem:509.93M (Peak 635.90M) | Time:00:00.31 | Mem:330.63M, Peak:330.63M | Scene, ViewLayer | Updating Geometry BVH Cube.144 225/710 | Building mesh BLAS |     188 tris | Cube.144
Fra:1 Mem:509.93M (Peak 635.90M) | Time:00:00.31 | Mem:330.63M, Peak:330.63M | Scene, ViewLayer | Updating Geometry BVH Cube.145 226/710 | Building BVH
Fra:1 Mem:509.93M (Peak 635.90M) | Time:00:00.31 | Mem:330.63M, Peak:330.63M | Scene, ViewLayer | Updating Geometry BVH Cube.145 226/710 | Building mesh BLAS |     188 tris | Cube.145
Fra:1 Mem:509.93M (Peak 635.90M) | Time:00:00.31 | Mem:330.63M, Peak:330.63M | Scene, ViewLayer | Updating Geometry BVH Cube.146 227/710 | Building BVH
Fra:1 Mem:509.93M (Peak 635.90M) | Time:00:00.31 | Mem:330.63M, Peak:330.63M | Scene, ViewLayer | Updating Geometry BVH Cube.146 227/710 | Building mesh BLAS |     188 tris | Cube.146
Fra:1 Mem:509.93M (Peak 635.90M) | Time:00:00.31 | Mem:330.64M, Peak:330.64M | Scene, ViewLayer | Updating Geometry BVH Cube.147 228/710 | Building BVH
Fra:1 Mem:509.93M (Peak 635.90M) | Time:00:00.31 | Mem:330.64M, Peak:330.64M | Scene, ViewLayer | Updating Geometry BVH Cube.147 228/710 | Building mesh BLAS |     188 tris | Cube.147
Fra:1 Mem:509.93M (Peak 635.90M) | Time:00:00.31 | Mem:330.64M, Peak:330.64M | Scene, ViewLayer | Updating Geometry BVH Cube.148 229/710 | Building BVH
Fra:1 Mem:509.93M (Peak 635.90M) | Time:00:00.31 | Mem:330.64M, Peak:330.64M | Scene, ViewLayer | Updating Geometry BVH Cube.148 229/710 | Building mesh BLAS |     188 tris | Cube.148
Fra:1 Mem:509.93M (Peak 635.90M) | Time:00:00.31 | Mem:330.64M, Peak:330.64M | Scene, ViewLayer | Updating Geometry BVH Cube.149 230/710 | Building BVH
Fra:1 Mem:509.93M (Peak 635.90M) | Time:00:00.31 | Mem:330.64M, Peak:330.64M | Scene, ViewLayer | Updating Geometry BVH Cube.149 230/710 | Building mesh BLAS |     188 tris | Cube.149
Fra:1 Mem:509.93M (Peak 635.90M) | Time:00:00.31 | Mem:330.64M, Peak:330.64M | Scene, ViewLayer | Updating Geometry BVH Cube.150 231/710 | Building BVH
Fra:1 Mem:509.93M (Peak 635.90M) | Time:00:00.31 | Mem:330.64M, Peak:330.64M | Scene, ViewLayer | Updating Geometry BVH Cube.150 231/710 | Building mesh BLAS |     188 tris | Cube.150
Fra:1 Mem:509.93M (Peak 635.90M) | Time:00:00.31 | Mem:330.64M, Peak:330.64M | Scene, ViewLayer | Updating Geometry BVH Raised standing seam.074 698/710 | Building BVH
Fra:1 Mem:509.93M (Peak 635.90M) | Time:00:00.31 | Mem:330.64M, Peak:330.64M | Scene, ViewLayer | Updating Geometry BVH Raised standing seam.074 698/710 | Building mesh BLAS |    1152 tris | Raised standing seam.074
Fra:1 Mem:509.93M (Peak 635.90M) | Time:00:00.31 | Mem:330.64M, Peak:330.64M | Scene, ViewLayer | Updating Geometry BVH Cube.151 232/710 | Building BVH
Fra:1 Mem:509.93M (Peak 635.90M) | Time:00:00.31 | Mem:330.64M, Peak:330.64M | Scene, ViewLayer | Updating Geometry BVH Cube.151 232/710 | Building mesh BLAS |     188 tris | Cube.151
Fra:1 Mem:509.93M (Peak 635.90M) | Time:00:00.31 | Mem:330.65M, Peak:330.65M | Scene, ViewLayer | Updating Geometry BVH Cube.152 233/710 | Building BVH
Fra:1 Mem:509.93M (Peak 635.90M) | Time:00:00.31 | Mem:330.65M, Peak:330.65M | Scene, ViewLayer | Updating Geometry BVH Cube.152 233/710 | Building mesh BLAS |     188 tris | Cube.152
Fra:1 Mem:509.93M (Peak 635.90M) | Time:00:00.31 | Mem:330.65M, Peak:330.65M | Scene, ViewLayer | Updating Geometry BVH Cube.153 234/710 | Building BVH
Fra:1 Mem:509.93M (Peak 635.90M) | Time:00:00.31 | Mem:330.65M, Peak:330.65M | Scene, ViewLayer | Updating Geometry BVH Cube.153 234/710 | Building mesh BLAS |     188 tris | Cube.153
Fra:1 Mem:509.93M (Peak 635.90M) | Time:00:00.31 | Mem:330.66M, Peak:330.66M | Scene, ViewLayer | Updating Geometry BVH Cube.154 235/710 | Building BVH
Fra:1 Mem:509.93M (Peak 635.90M) | Time:00:00.31 | Mem:330.66M, Peak:330.66M | Scene, ViewLayer | Updating Geometry BVH Cube.155 236/710 | Building BVH
Fra:1 Mem:509.93M (Peak 635.90M) | Time:00:00.31 | Mem:330.66M, Peak:330.66M | Scene, ViewLayer | Updating Geometry BVH Cube.155 236/710 | Building mesh BLAS |     188 tris | Cube.154
Fra:1 Mem:509.93M (Peak 635.90M) | Time:00:00.31 | Mem:330.66M, Peak:330.66M | Scene, ViewLayer | Updating Geometry BVH Cube.155 236/710 | Building mesh BLAS |     188 tris | Cube.155
Fra:1 Mem:509.93M (Peak 635.90M) | Time:00:00.31 | Mem:330.66M, Peak:330.66M | Scene, ViewLayer | Updating Geometry BVH Cube.156 237/710 | Building BVH
Fra:1 Mem:509.93M (Peak 635.90M) | Time:00:00.31 | Mem:330.66M, Peak:330.66M | Scene, ViewLayer | Updating Geometry BVH Cube.156 237/710 | Building mesh BLAS |     188 tris | Cube.156
Fra:1 Mem:509.93M (Peak 635.90M) | Time:00:00.31 | Mem:330.67M, Peak:330.67M | Scene, ViewLayer | Updating Geometry BVH Cube.157 238/710 | Building BVH
Fra:1 Mem:509.93M (Peak 635.90M) | Time:00:00.31 | Mem:330.67M, Peak:330.67M | Scene, ViewLayer | Updating Geometry BVH Cube.157 238/710 | Building mesh BLAS |     188 tris | Cube.157
Fra:1 Mem:509.93M (Peak 635.90M) | Time:00:00.31 | Mem:330.67M, Peak:330.67M | Scene, ViewLayer | Updating Geometry BVH Cube.158 239/710 | Building BVH
Fra:1 Mem:509.93M (Peak 635.90M) | Time:00:00.31 | Mem:330.67M, Peak:330.67M | Scene, ViewLayer | Updating Geometry BVH Cube.158 239/710 | Building mesh BLAS |     188 tris | Cube.158
Fra:1 Mem:509.93M (Peak 635.90M) | Time:00:00.31 | Mem:330.67M, Peak:330.67M | Scene, ViewLayer | Updating Geometry BVH Cube.159 240/710 | Building BVH
Fra:1 Mem:509.93M (Peak 635.90M) | Time:00:00.31 | Mem:330.67M, Peak:330.67M | Scene, ViewLayer | Updating Geometry BVH Cube.159 240/710 | Building mesh BLAS |     188 tris | Cube.159
Fra:1 Mem:509.93M (Peak 635.90M) | Time:00:00.31 | Mem:330.67M, Peak:330.67M | Scene, ViewLayer | Updating Geometry BVH Cube.160 241/710 | Building BVH
Fra:1 Mem:509.93M (Peak 635.90M) | Time:00:00.31 | Mem:330.67M, Peak:330.67M | Scene, ViewLayer | Updating Geometry BVH Cube.160 241/710 | Building mesh BLAS |     188 tris | Cube.160
Fra:1 Mem:509.93M (Peak 635.90M) | Time:00:00.31 | Mem:330.67M, Peak:330.67M | Scene, ViewLayer | Updating Geometry BVH Cube.161 242/710 | Building BVH
Fra:1 Mem:509.93M (Peak 635.90M) | Time:00:00.31 | Mem:330.67M, Peak:330.67M | Scene, ViewLayer | Updating Geometry BVH Cube.161 242/710 | Building mesh BLAS |     188 tris | Cube.161
Fra:1 Mem:509.93M (Peak 635.90M) | Time:00:00.31 | Mem:330.67M, Peak:330.67M | Scene, ViewLayer | Updating Geometry BVH Cube.162 243/710 | Building BVH
Fra:1 Mem:509.93M (Peak 635.90M) | Time:00:00.31 | Mem:330.67M, Peak:330.67M | Scene, ViewLayer | Updating Geometry BVH Cube.162 243/710 | Building mesh BLAS |     188 tris | Cube.162
Fra:1 Mem:509.93M (Peak 635.90M) | Time:00:00.31 | Mem:330.67M, Peak:330.67M | Scene, ViewLayer | Updating Geometry BVH Cube.163 244/710 | Building BVH
Fra:1 Mem:509.93M (Peak 635.90M) | Time:00:00.31 | Mem:330.67M, Peak:330.67M | Scene, ViewLayer | Updating Geometry BVH Cube.163 244/710 | Building mesh BLAS |     188 tris | Cube.163
Fra:1 Mem:509.93M (Peak 635.90M) | Time:00:00.31 | Mem:330.69M, Peak:330.69M | Scene, ViewLayer | Updating Geometry BVH Cube.164 245/710 | Building BVH
Fra:1 Mem:509.93M (Peak 635.90M) | Time:00:00.31 | Mem:330.69M, Peak:330.69M | Scene, ViewLayer | Updating Geometry BVH Cube.165 246/710 | Building mesh BLAS |     188 tris | Cube.164
Fra:1 Mem:509.93M (Peak 635.90M) | Time:00:00.31 | Mem:330.69M, Peak:330.69M | Scene, ViewLayer | Updating Geometry BVH Cube.166 247/710 | Building BVH
Fra:1 Mem:509.93M (Peak 635.90M) | Time:00:00.31 | Mem:330.69M, Peak:330.69M | Scene, ViewLayer | Updating Geometry BVH Cube.166 247/710 | Building mesh BLAS |     188 tris | Cube.166
Fra:1 Mem:509.93M (Peak 635.90M) | Time:00:00.31 | Mem:330.69M, Peak:330.69M | Scene, ViewLayer | Updating Geometry BVH Cube.166 247/710 | Building mesh BLAS |     188 tris | Cube.165
Fra:1 Mem:509.93M (Peak 635.90M) | Time:00:00.31 | Mem:330.79M, Peak:330.79M | Scene, ViewLayer | Updating Geometry BVH Cube.167 248/710 | Building BVH
Fra:1 Mem:509.93M (Peak 635.90M) | Time:00:00.31 | Mem:330.79M, Peak:330.79M | Scene, ViewLayer | Updating Geometry BVH Cube.167 248/710 | Building mesh BLAS |     188 tris | Cube.167
Fra:1 Mem:509.93M (Peak 635.90M) | Time:00:00.31 | Mem:330.79M, Peak:330.79M | Scene, ViewLayer | Updating Geometry BVH Raised standing seam.073 697/710 | Building BVH
Fra:1 Mem:509.93M (Peak 635.90M) | Time:00:00.31 | Mem:330.80M, Peak:330.80M | Scene, ViewLayer | Updating Geometry BVH Raised standing seam.073 697/710 | Building mesh BLAS |    1152 tris | Raised standing seam.073
Fra:1 Mem:509.93M (Peak 635.90M) | Time:00:00.31 | Mem:330.80M, Peak:330.80M | Scene, ViewLayer | Updating Geometry BVH Cube.168 249/710 | Building BVH
Fra:1 Mem:509.93M (Peak 635.90M) | Time:00:00.31 | Mem:330.80M, Peak:330.80M | Scene, ViewLayer | Updating Geometry BVH Cube.168 249/710 | Building mesh BLAS |     188 tris | Cube.168
Fra:1 Mem:509.93M (Peak 635.90M) | Time:00:00.31 | Mem:330.81M, Peak:330.81M | Scene, ViewLayer | Updating Geometry BVH Cube.169 250/710 | Building BVH
Fra:1 Mem:509.93M (Peak 635.90M) | Time:00:00.31 | Mem:330.81M, Peak:330.81M | Scene, ViewLayer | Updating Geometry BVH Cube.169 250/710 | Building mesh BLAS |     188 tris | Cube.169
Fra:1 Mem:509.93M (Peak 635.90M) | Time:00:00.31 | Mem:330.81M, Peak:330.81M | Scene, ViewLayer | Updating Geometry BVH Cube.170 251/710 | Building BVH
Fra:1 Mem:509.93M (Peak 635.90M) | Time:00:00.31 | Mem:330.81M, Peak:330.81M | Scene, ViewLayer | Updating Geometry BVH Cube.170 251/710 | Building mesh BLAS |     188 tris | Cube.170
Fra:1 Mem:509.93M (Peak 635.90M) | Time:00:00.31 | Mem:330.88M, Peak:330.88M | Scene, ViewLayer | Updating Geometry BVH Cylinder.080 252/710 | Building BVH
Fra:1 Mem:509.93M (Peak 635.90M) | Time:00:00.31 | Mem:330.88M, Peak:330.88M | Scene, ViewLayer | Updating Geometry BVH Cylinder.081 253/710 | Building mesh BLAS |      60 tris | Cylinder.080
Fra:1 Mem:509.93M (Peak 635.90M) | Time:00:00.31 | Mem:330.88M, Peak:330.88M | Scene, ViewLayer | Updating Geometry BVH Cylinder.081 253/710 | Building mesh BLAS |      60 tris | Cylinder.081
Fra:1 Mem:509.93M (Peak 635.90M) | Time:00:00.31 | Mem:330.88M, Peak:330.88M | Scene, ViewLayer | Updating Geometry BVH Cylinder.082 254/710 | Building BVH
Fra:1 Mem:509.93M (Peak 635.90M) | Time:00:00.31 | Mem:330.88M, Peak:330.88M | Scene, ViewLayer | Updating Geometry BVH Cylinder.082 254/710 | Building mesh BLAS |      60 tris | Cylinder.082
Fra:1 Mem:509.93M (Peak 635.90M) | Time:00:00.31 | Mem:330.89M, Peak:330.89M | Scene, ViewLayer | Updating Geometry BVH Cylinder.083 255/710 | Building BVH
Fra:1 Mem:509.93M (Peak 635.90M) | Time:00:00.31 | Mem:330.89M, Peak:330.89M | Scene, ViewLayer | Updating Geometry BVH Cylinder.083 255/710 | Building mesh BLAS |      60 tris | Cylinder.083
Fra:1 Mem:509.93M (Peak 635.90M) | Time:00:00.31 | Mem:330.91M, Peak:330.91M | Scene, ViewLayer | Updating Geometry BVH Cylinder.084 256/710 | Building BVH
Fra:1 Mem:509.93M (Peak 635.90M) | Time:00:00.31 | Mem:330.91M, Peak:330.91M | Scene, ViewLayer | Updating Geometry BVH Cylinder.084 256/710 | Building mesh BLAS |      60 tris | Cylinder.084
Fra:1 Mem:509.93M (Peak 635.90M) | Time:00:00.31 | Mem:330.92M, Peak:330.92M | Scene, ViewLayer | Updating Geometry BVH Cylinder.085 257/710 | Building BVH
Fra:1 Mem:509.93M (Peak 635.90M) | Time:00:00.31 | Mem:330.92M, Peak:330.92M | Scene, ViewLayer | Updating Geometry BVH Cylinder.085 257/710 | Building mesh BLAS |      60 tris | Cylinder.085
Fra:1 Mem:509.93M (Peak 635.90M) | Time:00:00.31 | Mem:330.93M, Peak:330.93M | Scene, ViewLayer | Updating Geometry BVH Cylinder.086 258/710 | Building BVH
Fra:1 Mem:509.93M (Peak 635.90M) | Time:00:00.31 | Mem:330.94M, Peak:330.94M | Scene, ViewLayer | Updating Geometry BVH Cylinder.086 258/710 | Building mesh BLAS |      60 tris | Cylinder.086
Fra:1 Mem:509.93M (Peak 635.90M) | Time:00:00.31 | Mem:330.97M, Peak:330.97M | Scene, ViewLayer | Updating Geometry BVH Cylinder.087 259/710 | Building BVH
Fra:1 Mem:509.93M (Peak 635.90M) | Time:00:00.31 | Mem:330.97M, Peak:330.97M | Scene, ViewLayer | Updating Geometry BVH Cylinder.087 259/710 | Building mesh BLAS |      60 tris | Cylinder.087
Fra:1 Mem:509.93M (Peak 635.90M) | Time:00:00.31 | Mem:330.97M, Peak:330.97M | Scene, ViewLayer | Updating Geometry BVH Cylinder.088 260/710 | Building BVH
Fra:1 Mem:509.93M (Peak 635.90M) | Time:00:00.31 | Mem:330.97M, Peak:330.97M | Scene, ViewLayer | Updating Geometry BVH Cylinder.089 261/710 | Building mesh BLAS |      60 tris | Cylinder.088
Fra:1 Mem:509.93M (Peak 635.90M) | Time:00:00.31 | Mem:330.97M, Peak:330.97M | Scene, ViewLayer | Updating Geometry BVH Cylinder.089 261/710 | Building mesh BLAS |      60 tris | Cylinder.089
Fra:1 Mem:509.93M (Peak 635.90M) | Time:00:00.31 | Mem:331.04M, Peak:331.04M | Scene, ViewLayer | Updating Geometry BVH Cylinder.090 262/710 | Building BVH
Fra:1 Mem:509.93M (Peak 635.90M) | Time:00:00.31 | Mem:331.05M, Peak:331.05M | Scene, ViewLayer | Updating Geometry BVH Cylinder.091 263/710 | Building BVH
Fra:1 Mem:509.93M (Peak 635.90M) | Time:00:00.31 | Mem:331.05M, Peak:331.05M | Scene, ViewLayer | Updating Geometry BVH Cylinder.091 263/710 | Building mesh BLAS |      60 tris | Cylinder.091
Fra:1 Mem:509.93M (Peak 635.90M) | Time:00:00.31 | Mem:331.05M, Peak:331.05M | Scene, ViewLayer | Updating Geometry BVH Cube.171 264/710 | Building BVH
Fra:1 Mem:509.93M (Peak 635.90M) | Time:00:00.31 | Mem:331.05M, Peak:331.05M | Scene, ViewLayer | Updating Geometry BVH Cube.171 264/710 | Building mesh BLAS |     188 tris | Cube.171
Fra:1 Mem:509.93M (Peak 635.90M) | Time:00:00.31 | Mem:331.05M, Peak:331.05M | Scene, ViewLayer | Updating Geometry BVH Cube.172 265/710 | Building BVH
Fra:1 Mem:509.93M (Peak 635.90M) | Time:00:00.31 | Mem:331.05M, Peak:331.05M | Scene, ViewLayer | Updating Geometry BVH Cube.172 265/710 | Building mesh BLAS |     188 tris | Cube.172
Fra:1 Mem:509.93M (Peak 635.90M) | Time:00:00.31 | Mem:331.09M, Peak:331.09M | Scene, ViewLayer | Updating Geometry BVH Raised standing seam.072 696/710 | Building BVH
Fra:1 Mem:509.93M (Peak 635.90M) | Time:00:00.31 | Mem:331.10M, Peak:331.10M | Scene, ViewLayer | Updating Geometry BVH Raised standing seam.072 696/710 | Building mesh BLAS |    1152 tris | Raised standing seam.072
Fra:1 Mem:509.93M (Peak 635.90M) | Time:00:00.31 | Mem:331.10M, Peak:331.10M | Scene, ViewLayer | Updating Geometry BVH Cube.173 266/710 | Building BVH
Fra:1 Mem:509.93M (Peak 635.90M) | Time:00:00.31 | Mem:331.12M, Peak:331.12M | Scene, ViewLayer | Updating Geometry BVH Cube.173 266/710 | Building mesh BLAS |     188 tris | Cube.173
Fra:1 Mem:509.93M (Peak 635.90M) | Time:00:00.31 | Mem:331.13M, Peak:331.13M | Scene, ViewLayer | Updating Geometry BVH Cube.174 267/710 | Building BVH
Fra:1 Mem:509.93M (Peak 635.90M) | Time:00:00.31 | Mem:331.13M, Peak:331.13M | Scene, ViewLayer | Updating Geometry BVH Cube.175 268/710 | Building mesh BLAS |     188 tris | Cube.174
Fra:1 Mem:509.93M (Peak 635.90M) | Time:00:00.31 | Mem:331.13M, Peak:331.13M | Scene, ViewLayer | Updating Geometry BVH Cube.175 268/710 | Building mesh BLAS |     188 tris | Cube.175
Fra:1 Mem:509.93M (Peak 635.90M) | Time:00:00.31 | Mem:331.13M, Peak:331.13M | Scene, ViewLayer | Updating Geometry BVH Cube.176 269/710 | Building BVH
Fra:1 Mem:509.93M (Peak 635.90M) | Time:00:00.31 | Mem:331.13M, Peak:331.13M | Scene, ViewLayer | Updating Geometry BVH Cube.177 270/710 | Building mesh BLAS |     188 tris | Cube.176
Fra:1 Mem:509.93M (Peak 635.90M) | Time:00:00.31 | Mem:331.13M, Peak:331.13M | Scene, ViewLayer | Updating Geometry BVH Cube.177 270/710 | Building mesh BLAS |     188 tris | Cube.177
Fra:1 Mem:509.93M (Peak 635.90M) | Time:00:00.31 | Mem:331.20M, Peak:331.20M | Scene, ViewLayer | Updating Geometry BVH Cube.178 271/710 | Building BVH
Fra:1 Mem:509.93M (Peak 635.90M) | Time:00:00.31 | Mem:331.20M, Peak:331.20M | Scene, ViewLayer | Updating Geometry BVH Cube.178 271/710 | Building mesh BLAS |     188 tris | Cube.178
Fra:1 Mem:509.93M (Peak 635.90M) | Time:00:00.31 | Mem:331.23M, Peak:331.23M | Scene, ViewLayer | Updating Geometry BVH Cube.179 272/710 | Building BVH
Fra:1 Mem:509.93M (Peak 635.90M) | Time:00:00.31 | Mem:331.24M, Peak:331.24M | Scene, ViewLayer | Updating Geometry BVH Cube.179 272/710 | Building mesh BLAS |     188 tris | Cube.179
Fra:1 Mem:509.93M (Peak 635.90M) | Time:00:00.31 | Mem:331.27M, Peak:331.27M | Scene, ViewLayer | Updating Geometry BVH Cube.180 273/710 | Building BVH
Fra:1 Mem:509.93M (Peak 635.90M) | Time:00:00.31 | Mem:331.27M, Peak:331.27M | Scene, ViewLayer | Updating Geometry BVH Cube.181 274/710 | Building BVH
Fra:1 Mem:509.93M (Peak 635.90M) | Time:00:00.31 | Mem:331.27M, Peak:331.27M | Scene, ViewLayer | Updating Geometry BVH Cube.182 275/710 | Building mesh BLAS |     188 tris | Cube.180
Fra:1 Mem:509.93M (Peak 635.90M) | Time:00:00.31 | Mem:331.27M, Peak:331.27M | Scene, ViewLayer | Updating Geometry BVH Cube.182 275/710 | Building mesh BLAS |     188 tris | Cube.181
Fra:1 Mem:509.93M (Peak 635.90M) | Time:00:00.31 | Mem:331.27M, Peak:331.27M | Scene, ViewLayer | Updating Geometry BVH Cube.183 276/710 | Building BVH
Fra:1 Mem:509.93M (Peak 635.90M) | Time:00:00.31 | Mem:331.27M, Peak:331.27M | Scene, ViewLayer | Updating Geometry BVH Cube.183 276/710 | Building mesh BLAS |     188 tris | Cube.182
Fra:1 Mem:509.93M (Peak 635.90M) | Time:00:00.31 | Mem:331.29M, Peak:331.29M | Scene, ViewLayer | Updating Geometry BVH Cube.184 277/710 | Building BVH
Fra:1 Mem:509.93M (Peak 635.90M) | Time:00:00.31 | Mem:331.31M, Peak:331.31M | Scene, ViewLayer | Updating Geometry BVH Cube.185 278/710 | Building BVH
Fra:1 Mem:509.93M (Peak 635.90M) | Time:00:00.31 | Mem:331.33M, Peak:331.33M | Scene, ViewLayer | Updating Geometry BVH Cube.185 278/710 | Building mesh BLAS |     188 tris | Cube.184
Fra:1 Mem:509.93M (Peak 635.90M) | Time:00:00.31 | Mem:331.33M, Peak:331.33M | Scene, ViewLayer | Updating Geometry BVH Cube.187 280/710 | Building BVH
Fra:1 Mem:509.93M (Peak 635.90M) | Time:00:00.31 | Mem:331.34M, Peak:331.34M | Scene, ViewLayer | Updating Geometry BVH Cube.188 281/710 | Building BVH
Fra:1 Mem:509.93M (Peak 635.90M) | Time:00:00.31 | Mem:331.34M, Peak:331.34M | Scene, ViewLayer | Updating Geometry BVH Cube.189 282/710 | Building BVH
Fra:1 Mem:509.93M (Peak 635.90M) | Time:00:00.31 | Mem:331.34M, Peak:331.34M | Scene, ViewLayer | Updating Geometry BVH Cube.189 282/710 | Building mesh BLAS |     188 tris | Cube.189
Fra:1 Mem:509.93M (Peak 635.90M) | Time:00:00.31 | Mem:331.34M, Peak:331.34M | Scene, ViewLayer | Updating Geometry BVH Cube.189 282/710 | Building mesh BLAS |     188 tris | Cube.186
Fra:1 Mem:509.93M (Peak 635.90M) | Time:00:00.31 | Mem:331.34M, Peak:331.34M | Scene, ViewLayer | Updating Geometry BVH Cube.189 282/710 | Building mesh BLAS |     188 tris | Cube.187
Fra:1 Mem:509.93M (Peak 635.90M) | Time:00:00.31 | Mem:331.36M, Peak:331.36M | Scene, ViewLayer | Updating Geometry BVH Raised standing seam.071 695/710 | Building BVH
Fra:1 Mem:509.93M (Peak 635.90M) | Time:00:00.31 | Mem:331.37M, Peak:331.37M | Scene, ViewLayer | Updating Geometry BVH Cube.190 283/710 | Building BVH
Fra:1 Mem:509.93M (Peak 635.90M) | Time:00:00.31 | Mem:331.37M, Peak:331.37M | Scene, ViewLayer | Updating Geometry BVH Cube.190 283/710 | Building mesh BLAS |    1152 tris | Raised standing seam.071
Fra:1 Mem:509.93M (Peak 635.90M) | Time:00:00.31 | Mem:331.37M, Peak:331.37M | Scene, ViewLayer | Updating Geometry BVH Cube.190 283/710 | Building mesh BLAS |     188 tris | Cube.190
Fra:1 Mem:509.93M (Peak 635.90M) | Time:00:00.31 | Mem:331.44M, Peak:331.44M | Scene, ViewLayer | Updating Geometry BVH Cube.191 284/710 | Building BVH
Fra:1 Mem:509.93M (Peak 635.90M) | Time:00:00.31 | Mem:331.45M, Peak:331.45M | Scene, ViewLayer | Updating Geometry BVH Cube.191 284/710 | Building mesh BLAS |     188 tris | Cube.191
Fra:1 Mem:509.93M (Peak 635.90M) | Time:00:00.31 | Mem:331.45M, Peak:331.45M | Scene, ViewLayer | Updating Geometry BVH Cube.192 285/710 | Building BVH
Fra:1 Mem:509.93M (Peak 635.90M) | Time:00:00.31 | Mem:331.45M, Peak:331.45M | Scene, ViewLayer | Updating Geometry BVH Cylinder.092 286/710 | Building BVH
Fra:1 Mem:509.93M (Peak 635.90M) | Time:00:00.31 | Mem:331.45M, Peak:331.45M | Scene, ViewLayer | Updating Geometry BVH Sphere 287/710 | Building BVH
Fra:1 Mem:509.93M (Peak 635.90M) | Time:00:00.31 | Mem:331.45M, Peak:331.45M | Scene, ViewLayer | Updating Geometry BVH Sphere 287/710 | Building mesh BLAS |      60 tris | Cylinder.092
Fra:1 Mem:509.93M (Peak 635.90M) | Time:00:00.31 | Mem:331.45M, Peak:331.45M | Scene, ViewLayer | Updating Geometry BVH Sphere 287/710 | Building mesh BLAS |     528 tris | Sphere
Fra:1 Mem:509.93M (Peak 635.90M) | Time:00:00.31 | Mem:331.47M, Peak:331.47M | Scene, ViewLayer | Updating Geometry BVH Cube.193 288/710 | Building BVH
Fra:1 Mem:509.93M (Peak 635.90M) | Time:00:00.31 | Mem:331.48M, Peak:331.48M | Scene, ViewLayer | Updating Geometry BVH Cube.193 288/710 | Building mesh BLAS |     188 tris | Cube.193
Fra:1 Mem:509.93M (Peak 635.90M) | Time:00:00.31 | Mem:331.57M, Peak:331.57M | Scene, ViewLayer | Updating Geometry BVH Cube.194 289/710 | Building BVH
Fra:1 Mem:509.93M (Peak 635.90M) | Time:00:00.31 | Mem:331.57M, Peak:331.57M | Scene, ViewLayer | Updating Geometry BVH Cube.195 290/710 | Building BVH
Fra:1 Mem:509.93M (Peak 635.90M) | Time:00:00.31 | Mem:331.57M, Peak:331.57M | Scene, ViewLayer | Updating Geometry BVH Cube.195 290/710 | Building mesh BLAS |     188 tris | Cube.194
Fra:1 Mem:509.93M (Peak 635.90M) | Time:00:00.31 | Mem:331.57M, Peak:331.57M | Scene, ViewLayer | Updating Geometry BVH Cube.195 290/710 | Building mesh BLAS |     188 tris | Cube.195
Fra:1 Mem:509.93M (Peak 635.90M) | Time:00:00.31 | Mem:331.58M, Peak:331.58M | Scene, ViewLayer | Updating Geometry BVH Cube.196 291/710 | Building BVH
Fra:1 Mem:509.93M (Peak 635.90M) | Time:00:00.31 | Mem:331.58M, Peak:331.58M | Scene, ViewLayer | Updating Geometry BVH Cube.197 292/710 | Building BVH
Fra:1 Mem:509.93M (Peak 635.90M) | Time:00:00.31 | Mem:331.58M, Peak:331.58M | Scene, ViewLayer | Updating Geometry BVH Cube.197 292/710 | Building mesh BLAS |     188 tris | Cube.196
Fra:1 Mem:509.93M (Peak 635.90M) | Time:00:00.31 | Mem:331.58M, Peak:331.58M | Scene, ViewLayer | Updating Geometry BVH Cube.197 292/710 | Building mesh BLAS |     188 tris | Cube.197
Fra:1 Mem:509.93M (Peak 635.90M) | Time:00:00.31 | Mem:331.65M, Peak:331.65M | Scene, ViewLayer | Updating Geometry BVH Cube.198 293/710 | Building BVH
Fra:1 Mem:509.93M (Peak 635.90M) | Time:00:00.31 | Mem:331.65M, Peak:331.65M | Scene, ViewLayer | Updating Geometry BVH Cube.198 293/710 | Building mesh BLAS |     188 tris | Cube.198
Fra:1 Mem:509.93M (Peak 635.90M) | Time:00:00.31 | Mem:331.65M, Peak:331.65M | Scene, ViewLayer | Updating Geometry BVH Cube.199 294/710 | Building BVH
Fra:1 Mem:509.93M (Peak 635.90M) | Time:00:00.31 | Mem:331.65M, Peak:331.65M | Scene, ViewLayer | Updating Geometry BVH Cube.200 295/710 | Building BVH
Fra:1 Mem:509.93M (Peak 635.90M) | Time:00:00.31 | Mem:331.65M, Peak:331.65M | Scene, ViewLayer | Updating Geometry BVH Cube.200 295/710 | Building mesh BLAS |     188 tris | Cube.200
Fra:1 Mem:509.93M (Peak 635.90M) | Time:00:00.31 | Mem:331.65M, Peak:331.65M | Scene, ViewLayer | Updating Geometry BVH Cube.201 296/710 | Building BVH
Fra:1 Mem:509.93M (Peak 635.90M) | Time:00:00.31 | Mem:331.67M, Peak:331.67M | Scene, ViewLayer | Updating Geometry BVH Cube.201 296/710 | Building mesh BLAS |     188 tris | Cube.201
Fra:1 Mem:509.93M (Peak 635.90M) | Time:00:00.31 | Mem:331.67M, Peak:331.67M | Scene, ViewLayer | Updating Geometry BVH Cube.202 297/710 | Building BVH
Fra:1 Mem:509.93M (Peak 635.90M) | Time:00:00.31 | Mem:331.67M, Peak:331.67M | Scene, ViewLayer | Updating Geometry BVH Cube.203 298/710 | Building BVH
Fra:1 Mem:509.93M (Peak 635.90M) | Time:00:00.31 | Mem:331.67M, Peak:331.67M | Scene, ViewLayer | Updating Geometry BVH Cube.203 298/710 | Building mesh BLAS |     188 tris | Cube.202
Fra:1 Mem:509.93M (Peak 635.90M) | Time:00:00.31 | Mem:331.67M, Peak:331.67M | Scene, ViewLayer | Updating Geometry BVH Cube.204 299/710 | Building BVH
Fra:1 Mem:509.93M (Peak 635.90M) | Time:00:00.31 | Mem:331.67M, Peak:331.67M | Scene, ViewLayer | Updating Geometry BVH Cube.204 299/710 | Building mesh BLAS |     188 tris | Cube.204
Fra:1 Mem:509.93M (Peak 635.90M) | Time:00:00.31 | Mem:331.68M, Peak:331.68M | Scene, ViewLayer | Updating Geometry BVH Raised standing seam.070 694/710 | Building BVH
Fra:1 Mem:509.93M (Peak 635.90M) | Time:00:00.31 | Mem:331.68M, Peak:331.68M | Scene, ViewLayer | Updating Geometry BVH Raised standing seam.070 694/710 | Building mesh BLAS |    1152 tris | Raised standing seam.070
Fra:1 Mem:509.93M (Peak 635.90M) | Time:00:00.31 | Mem:331.68M, Peak:331.68M | Scene, ViewLayer | Updating Geometry BVH Cube.205 300/710 | Building BVH
Fra:1 Mem:509.93M (Peak 635.90M) | Time:00:00.31 | Mem:331.68M, Peak:331.68M | Scene, ViewLayer | Updating Geometry BVH Cube.205 300/710 | Building mesh BLAS |     188 tris | Cube.205
Fra:1 Mem:509.93M (Peak 635.90M) | Time:00:00.31 | Mem:331.70M, Peak:331.70M | Scene, ViewLayer | Updating Geometry BVH Cube.206 301/710 | Building BVH
Fra:1 Mem:509.93M (Peak 635.90M) | Time:00:00.31 | Mem:331.70M, Peak:331.70M | Scene, ViewLayer | Updating Geometry BVH Cube.206 301/710 | Building mesh BLAS |     188 tris | Cube.206
Fra:1 Mem:509.93M (Peak 635.90M) | Time:00:00.31 | Mem:331.70M, Peak:331.70M | Scene, ViewLayer | Updating Geometry BVH Cube.207 302/710 | Building BVH
Fra:1 Mem:509.93M (Peak 635.90M) | Time:00:00.31 | Mem:331.70M, Peak:331.70M | Scene, ViewLayer | Updating Geometry BVH Cube.207 302/710 | Building mesh BLAS |     188 tris | Cube.207
Fra:1 Mem:509.93M (Peak 635.90M) | Time:00:00.31 | Mem:331.78M, Peak:331.78M | Scene, ViewLayer | Updating Geometry BVH Cube.208 303/710 | Building BVH
Fra:1 Mem:509.93M (Peak 635.90M) | Time:00:00.31 | Mem:331.80M, Peak:331.80M | Scene, ViewLayer | Updating Geometry BVH Cube.208 303/710 | Building mesh BLAS |     188 tris | Cube.208
Fra:1 Mem:509.93M (Peak 635.90M) | Time:00:00.31 | Mem:331.80M, Peak:331.80M | Scene, ViewLayer | Updating Geometry BVH Cube.209 304/710 | Building BVH
Fra:1 Mem:509.93M (Peak 635.90M) | Time:00:00.31 | Mem:331.80M, Peak:331.80M | Scene, ViewLayer | Updating Geometry BVH Cube.210 305/710 | Building BVH
Fra:1 Mem:509.93M (Peak 635.90M) | Time:00:00.31 | Mem:331.80M, Peak:331.80M | Scene, ViewLayer | Updating Geometry BVH Cube.210 305/710 | Building mesh BLAS |     188 tris | Cube.209
Fra:1 Mem:509.93M (Peak 635.90M) | Time:00:00.31 | Mem:331.80M, Peak:331.80M | Scene, ViewLayer | Updating Geometry BVH Cube.210 305/710 | Building mesh BLAS |     188 tris | Cube.210
Fra:1 Mem:509.93M (Peak 635.90M) | Time:00:00.31 | Mem:331.85M, Peak:331.85M | Scene, ViewLayer | Updating Geometry BVH Cube.211 306/710 | Building BVH
Fra:1 Mem:509.93M (Peak 635.90M) | Time:00:00.31 | Mem:331.85M, Peak:331.85M | Scene, ViewLayer | Updating Geometry BVH Cube.211 306/710 | Building mesh BLAS |     188 tris | Cube.211
Fra:1 Mem:509.93M (Peak 635.90M) | Time:00:00.31 | Mem:331.86M, Peak:331.86M | Scene, ViewLayer | Updating Geometry BVH Cube.212 307/710 | Building BVH
Fra:1 Mem:509.93M (Peak 635.90M) | Time:00:00.31 | Mem:331.87M, Peak:331.87M | Scene, ViewLayer | Updating Geometry BVH Cube.213 308/710 | Building BVH
Fra:1 Mem:509.93M (Peak 635.90M) | Time:00:00.31 | Mem:331.87M, Peak:331.87M | Scene, ViewLayer | Updating Geometry BVH Cube.214 309/710 | Building BVH
Fra:1 Mem:509.93M (Peak 635.90M) | Time:00:00.31 | Mem:331.87M, Peak:331.87M | Scene, ViewLayer | Updating Geometry BVH Cube.215 310/710 | Building BVH
Fra:1 Mem:509.93M (Peak 635.90M) | Time:00:00.31 | Mem:331.87M, Peak:331.87M | Scene, ViewLayer | Updating Geometry BVH Cube.215 310/710 | Building mesh BLAS |     188 tris | Cube.213
Fra:1 Mem:509.93M (Peak 635.90M) | Time:00:00.31 | Mem:331.87M, Peak:331.87M | Scene, ViewLayer | Updating Geometry BVH Cube.216 311/710 | Building BVH
Fra:1 Mem:509.93M (Peak 635.90M) | Time:00:00.31 | Mem:331.87M, Peak:331.87M | Scene, ViewLayer | Updating Geometry BVH Cube.216 311/710 | Building mesh BLAS |     188 tris | Cube.215
Fra:1 Mem:509.93M (Peak 635.90M) | Time:00:00.31 | Mem:331.87M, Peak:331.87M | Scene, ViewLayer | Updating Geometry BVH Cube.216 311/710 | Building mesh BLAS |     188 tris | Cube.216
Fra:1 Mem:509.93M (Peak 635.90M) | Time:00:00.31 | Mem:331.87M, Peak:331.87M | Scene, ViewLayer | Updating Geometry BVH Cube.217 312/710 | Building BVH
Fra:1 Mem:509.93M (Peak 635.90M) | Time:00:00.31 | Mem:331.88M, Peak:331.88M | Scene, ViewLayer | Updating Geometry BVH Cube.217 312/710 | Building mesh BLAS |     188 tris | Cube.217
Fra:1 Mem:509.93M (Peak 635.90M) | Time:00:00.31 | Mem:331.89M, Peak:331.89M | Scene, ViewLayer | Updating Geometry BVH Cube.218 313/710 | Building BVH
Fra:1 Mem:509.93M (Peak 635.90M) | Time:00:00.31 | Mem:331.89M, Peak:331.89M | Scene, ViewLayer | Updating Geometry BVH Cube.218 313/710 | Building mesh BLAS |     188 tris | Cube.218
Fra:1 Mem:509.93M (Peak 635.90M) | Time:00:00.31 | Mem:331.89M, Peak:331.89M | Scene, ViewLayer | Updating Geometry BVH Cube.219 314/710 | Building BVH
Fra:1 Mem:509.93M (Peak 635.90M) | Time:00:00.31 | Mem:331.89M, Peak:331.89M | Scene, ViewLayer | Updating Geometry BVH Cube.219 314/710 | Building mesh BLAS |     188 tris | Cube.219
Fra:1 Mem:509.93M (Peak 635.90M) | Time:00:00.31 | Mem:331.91M, Peak:331.91M | Scene, ViewLayer | Updating Geometry BVH Cube.220 315/710 | Building BVH
Fra:1 Mem:509.93M (Peak 635.90M) | Time:00:00.31 | Mem:331.92M, Peak:331.92M | Scene, ViewLayer | Updating Geometry BVH Cube.221 316/710 | Building BVH
Fra:1 Mem:509.93M (Peak 635.90M) | Time:00:00.31 | Mem:331.92M, Peak:331.92M | Scene, ViewLayer | Updating Geometry BVH Cube.221 316/710 | Building mesh BLAS |     188 tris | Cube.220
Fra:1 Mem:509.93M (Peak 635.90M) | Time:00:00.31 | Mem:331.92M, Peak:331.92M | Scene, ViewLayer | Updating Geometry BVH Cube.222 317/710 | Building BVH
Fra:1 Mem:509.93M (Peak 635.90M) | Time:00:00.31 | Mem:331.92M, Peak:331.92M | Scene, ViewLayer | Updating Geometry BVH Cube.222 317/710 | Building mesh BLAS |     188 tris | Cube.222
Fra:1 Mem:509.93M (Peak 635.90M) | Time:00:00.31 | Mem:331.92M, Peak:331.92M | Scene, ViewLayer | Updating Geometry BVH Cube.222 317/710 | Building mesh BLAS |    1152 tris | Raised standing seam.069
Fra:1 Mem:509.93M (Peak 635.90M) | Time:00:00.31 | Mem:331.94M, Peak:331.94M | Scene, ViewLayer | Updating Geometry BVH Cylinder.093 318/710 | Building BVH
Fra:1 Mem:509.93M (Peak 635.90M) | Time:00:00.31 | Mem:331.94M, Peak:331.94M | Scene, ViewLayer | Updating Geometry BVH Cylinder.093 318/710 | Building mesh BLAS |      60 tris | Cylinder.093
Fra:1 Mem:509.93M (Peak 635.90M) | Time:00:00.31 | Mem:331.94M, Peak:331.94M | Scene, ViewLayer | Updating Geometry BVH Sphere.001 319/710 | Building BVH
Fra:1 Mem:509.93M (Peak 635.90M) | Time:00:00.31 | Mem:331.94M, Peak:331.94M | Scene, ViewLayer | Updating Geometry BVH Sphere.001 319/710 | Building mesh BLAS |     528 tris | Sphere.001
Fra:1 Mem:509.93M (Peak 635.90M) | Time:00:00.31 | Mem:331.95M, Peak:331.95M | Scene, ViewLayer | Updating Geometry BVH Cube.223 320/710 | Building BVH
Fra:1 Mem:509.93M (Peak 635.90M) | Time:00:00.31 | Mem:331.95M, Peak:331.95M | Scene, ViewLayer | Updating Geometry BVH Cube.224 321/710 | Building BVH
Fra:1 Mem:509.93M (Peak 635.90M) | Time:00:00.31 | Mem:331.95M, Peak:331.95M | Scene, ViewLayer | Updating Geometry BVH Cube.224 321/710 | Building mesh BLAS |     188 tris | Cube.223
Fra:1 Mem:509.93M (Peak 635.90M) | Time:00:00.31 | Mem:331.95M, Peak:331.95M | Scene, ViewLayer | Updating Geometry BVH Cube.224 321/710 | Building mesh BLAS |     188 tris | Cube.224
Fra:1 Mem:509.93M (Peak 635.90M) | Time:00:00.31 | Mem:332.02M, Peak:332.02M | Scene, ViewLayer | Updating Geometry BVH Cube.225 322/710 | Building BVH
Fra:1 Mem:509.93M (Peak 635.90M) | Time:00:00.31 | Mem:332.02M, Peak:332.02M | Scene, ViewLayer | Updating Geometry BVH Cube.225 322/710 | Building mesh BLAS |     188 tris | Cube.225
Fra:1 Mem:509.93M (Peak 635.90M) | Time:00:00.31 | Mem:332.04M, Peak:332.04M | Scene, ViewLayer | Updating Geometry BVH Cube.226 323/710 | Building BVH
Fra:1 Mem:509.93M (Peak 635.90M) | Time:00:00.31 | Mem:332.04M, Peak:332.04M | Scene, ViewLayer | Updating Geometry BVH Cube.226 323/710 | Building mesh BLAS |     188 tris | Cube.226
Fra:1 Mem:509.93M (Peak 635.90M) | Time:00:00.31 | Mem:332.05M, Peak:332.05M | Scene, ViewLayer | Updating Geometry BVH Cube.227 324/710 | Building BVH
Fra:1 Mem:509.93M (Peak 635.90M) | Time:00:00.31 | Mem:332.05M, Peak:332.05M | Scene, ViewLayer | Updating Geometry BVH Cube.228 325/710 | Building BVH
Fra:1 Mem:509.93M (Peak 635.90M) | Time:00:00.31 | Mem:332.07M, Peak:332.07M | Scene, ViewLayer | Updating Geometry BVH Cube.230 327/710 | Building BVH
Fra:1 Mem:509.93M (Peak 635.90M) | Time:00:00.31 | Mem:332.07M, Peak:332.07M | Scene, ViewLayer | Updating Geometry BVH Cube.230 327/710 | Building mesh BLAS |     188 tris | Cube.228
Fra:1 Mem:509.93M (Peak 635.90M) | Time:00:00.31 | Mem:332.07M, Peak:332.07M | Scene, ViewLayer | Updating Geometry BVH Cube.230 327/710 | Building mesh BLAS |     188 tris | Cube.230
Fra:1 Mem:509.93M (Peak 635.90M) | Time:00:00.31 | Mem:332.07M, Peak:332.07M | Scene, ViewLayer | Updating Geometry BVH Cube.230 327/710 | Building mesh BLAS |     188 tris | Cube.229
Fra:1 Mem:509.93M (Peak 635.90M) | Time:00:00.31 | Mem:332.07M, Peak:332.07M | Scene, ViewLayer | Updating Geometry BVH Cube.231 328/710 | Building BVH
Fra:1 Mem:509.93M (Peak 635.90M) | Time:00:00.31 | Mem:332.07M, Peak:332.07M | Scene, ViewLayer | Updating Geometry BVH Cube.232 329/710 | Building BVH
Fra:1 Mem:509.93M (Peak 635.90M) | Time:00:00.31 | Mem:332.07M, Peak:332.07M | Scene, ViewLayer | Updating Geometry BVH Cube.232 329/710 | Building mesh BLAS |     188 tris | Cube.231
Fra:1 Mem:509.93M (Peak 635.90M) | Time:00:00.31 | Mem:332.07M, Peak:332.07M | Scene, ViewLayer | Updating Geometry BVH Cube.232 329/710 | Building mesh BLAS |     188 tris | Cube.232
Fra:1 Mem:509.93M (Peak 635.90M) | Time:00:00.31 | Mem:332.08M, Peak:332.08M | Scene, ViewLayer | Updating Geometry BVH Cube.233 330/710 | Building BVH
Fra:1 Mem:509.93M (Peak 635.90M) | Time:00:00.31 | Mem:332.08M, Peak:332.08M | Scene, ViewLayer | Updating Geometry BVH Cube.233 330/710 | Building mesh BLAS |     188 tris | Cube.233
Fra:1 Mem:509.93M (Peak 635.90M) | Time:00:00.31 | Mem:332.10M, Peak:332.10M | Scene, ViewLayer | Updating Geometry BVH Cube.234 331/710 | Building BVH
Fra:1 Mem:509.93M (Peak 635.90M) | Time:00:00.31 | Mem:332.10M, Peak:332.10M | Scene, ViewLayer | Updating Geometry BVH Cube.234 331/710 | Building mesh BLAS |     188 tris | Cube.234
Fra:1 Mem:509.93M (Peak 635.90M) | Time:00:00.31 | Mem:332.10M, Peak:332.10M | Scene, ViewLayer | Updating Geometry BVH Cube.235 332/710 | Building BVH
Fra:1 Mem:509.93M (Peak 635.90M) | Time:00:00.31 | Mem:332.10M, Peak:332.10M | Scene, ViewLayer | Updating Geometry BVH Cube.236 333/710 | Building mesh BLAS |     188 tris | Cube.235
Fra:1 Mem:509.93M (Peak 635.90M) | Time:00:00.31 | Mem:332.10M, Peak:332.10M | Scene, ViewLayer | Updating Geometry BVH Cube.236 333/710 | Building mesh BLAS |     188 tris | Cube.236
Fra:1 Mem:509.93M (Peak 635.90M) | Time:00:00.31 | Mem:332.10M, Peak:332.10M | Scene, ViewLayer | Updating Geometry BVH Cube.237 334/710 | Building BVH
Fra:1 Mem:509.93M (Peak 635.90M) | Time:00:00.31 | Mem:332.10M, Peak:332.10M | Scene, ViewLayer | Updating Geometry BVH Cube.237 334/710 | Building mesh BLAS |     188 tris | Cube.237
Fra:1 Mem:509.93M (Peak 635.90M) | Time:00:00.31 | Mem:332.10M, Peak:332.10M | Scene, ViewLayer | Updating Geometry BVH Raised standing seam.068 692/710 | Building BVH
Fra:1 Mem:509.93M (Peak 635.90M) | Time:00:00.31 | Mem:332.11M, Peak:332.11M | Scene, ViewLayer | Updating Geometry BVH Raised standing seam.068 692/710 | Building mesh BLAS |    1152 tris | Raised standing seam.068
Fra:1 Mem:509.93M (Peak 635.90M) | Time:00:00.31 | Mem:332.12M, Peak:332.12M | Scene, ViewLayer | Updating Geometry BVH Cube.238 335/710 | Building BVH
Fra:1 Mem:509.93M (Peak 635.90M) | Time:00:00.31 | Mem:332.12M, Peak:332.12M | Scene, ViewLayer | Updating Geometry BVH Cube.238 335/710 | Building mesh BLAS |     188 tris | Cube.238
Fra:1 Mem:509.93M (Peak 635.90M) | Time:00:00.31 | Mem:332.12M, Peak:332.12M | Scene, ViewLayer | Updating Geometry BVH Cube.239 336/710 | Building BVH
Fra:1 Mem:509.93M (Peak 635.90M) | Time:00:00.31 | Mem:332.12M, Peak:332.12M | Scene, ViewLayer | Updating Geometry BVH Cube.239 336/710 | Building mesh BLAS |     188 tris | Cube.239
Fra:1 Mem:509.93M (Peak 635.90M) | Time:00:00.31 | Mem:332.13M, Peak:332.13M | Scene, ViewLayer | Updating Geometry BVH Cube.240 337/710 | Building BVH
Fra:1 Mem:509.93M (Peak 635.90M) | Time:00:00.31 | Mem:332.14M, Peak:332.14M | Scene, ViewLayer | Updating Geometry BVH Cube.240 337/710 | Building mesh BLAS |     188 tris | Cube.240
Fra:1 Mem:509.93M (Peak 635.90M) | Time:00:00.31 | Mem:332.15M, Peak:332.15M | Scene, ViewLayer | Updating Geometry BVH Cube.241 338/710 | Building BVH
Fra:1 Mem:509.93M (Peak 635.90M) | Time:00:00.31 | Mem:332.15M, Peak:332.15M | Scene, ViewLayer | Updating Geometry BVH Cube.241 338/710 | Building mesh BLAS |     188 tris | Cube.241
Fra:1 Mem:509.93M (Peak 635.90M) | Time:00:00.31 | Mem:332.15M, Peak:332.15M | Scene, ViewLayer | Updating Geometry BVH Cube.242 339/710 | Building BVH
Fra:1 Mem:509.93M (Peak 635.90M) | Time:00:00.31 | Mem:332.15M, Peak:332.15M | Scene, ViewLayer | Updating Geometry BVH Cube.242 339/710 | Building mesh BLAS |     188 tris | Cube.242
Fra:1 Mem:509.93M (Peak 635.90M) | Time:00:00.31 | Mem:332.15M, Peak:332.15M | Scene, ViewLayer | Updating Geometry BVH Cube.243 340/710 | Building BVH
Fra:1 Mem:509.93M (Peak 635.90M) | Time:00:00.31 | Mem:332.15M, Peak:332.15M | Scene, ViewLayer | Updating Geometry BVH Cube.243 340/710 | Building mesh BLAS |     188 tris | Cube.243
Fra:1 Mem:509.93M (Peak 635.90M) | Time:00:00.31 | Mem:332.17M, Peak:332.17M | Scene, ViewLayer | Updating Geometry BVH Cube.244 341/710 | Building BVH
Fra:1 Mem:509.93M (Peak 635.90M) | Time:00:00.31 | Mem:332.17M, Peak:332.17M | Scene, ViewLayer | Updating Geometry BVH Cube.245 342/710 | Building BVH
Fra:1 Mem:509.93M (Peak 635.90M) | Time:00:00.31 | Mem:332.17M, Peak:332.17M | Scene, ViewLayer | Updating Geometry BVH Cube.246 343/710 | Building BVH
Fra:1 Mem:509.93M (Peak 635.90M) | Time:00:00.31 | Mem:332.17M, Peak:332.17M | Scene, ViewLayer | Updating Geometry BVH Cube.246 343/710 | Building mesh BLAS |     188 tris | Cube.245
Fra:1 Mem:509.93M (Peak 635.90M) | Time:00:00.31 | Mem:332.17M, Peak:332.17M | Scene, ViewLayer | Updating Geometry BVH Cube.246 343/710 | Building mesh BLAS |     188 tris | Cube.246
Fra:1 Mem:509.93M (Peak 635.90M) | Time:00:00.31 | Mem:332.24M, Peak:332.24M | Scene, ViewLayer | Updating Geometry BVH Cube.247 344/710 | Building BVH
Fra:1 Mem:509.93M (Peak 635.90M) | Time:00:00.31 | Mem:332.25M, Peak:332.25M | Scene, ViewLayer | Updating Geometry BVH Cube.248 345/710 | Building BVH
Fra:1 Mem:509.93M (Peak 635.90M) | Time:00:00.31 | Mem:332.25M, Peak:332.25M | Scene, ViewLayer | Updating Geometry BVH Cube.249 346/710 | Building BVH
Fra:1 Mem:509.93M (Peak 635.90M) | Time:00:00.31 | Mem:332.25M, Peak:332.25M | Scene, ViewLayer | Updating Geometry BVH Cube.249 346/710 | Building mesh BLAS |     188 tris | Cube.248
Fra:1 Mem:509.93M (Peak 635.90M) | Time:00:00.31 | Mem:332.25M, Peak:332.25M | Scene, ViewLayer | Updating Geometry BVH Cube.250 347/710 | Building BVH
Fra:1 Mem:509.93M (Peak 635.90M) | Time:00:00.31 | Mem:332.25M, Peak:332.25M | Scene, ViewLayer | Updating Geometry BVH Cube.250 347/710 | Building mesh BLAS |     188 tris | Cube.249
Fra:1 Mem:509.93M (Peak 635.90M) | Time:00:00.31 | Mem:332.25M, Peak:332.25M | Scene, ViewLayer | Updating Geometry BVH Cube.250 347/710 | Building mesh BLAS |     188 tris | Cube.250
Fra:1 Mem:509.93M (Peak 635.90M) | Time:00:00.31 | Mem:332.27M, Peak:332.27M | Scene, ViewLayer | Updating Geometry BVH Cube.251 348/710 | Building BVH
Fra:1 Mem:509.93M (Peak 635.90M) | Time:00:00.31 | Mem:332.27M, Peak:332.27M | Scene, ViewLayer | Updating Geometry BVH Cube.252 349/710 | Building BVH
Fra:1 Mem:509.93M (Peak 635.90M) | Time:00:00.31 | Mem:332.27M, Peak:332.27M | Scene, ViewLayer | Updating Geometry BVH Cube.252 349/710 | Building mesh BLAS |     188 tris | Cube.251
Fra:1 Mem:509.93M (Peak 635.90M) | Time:00:00.31 | Mem:332.27M, Peak:332.27M | Scene, ViewLayer | Updating Geometry BVH Cube.252 349/710 | Building mesh BLAS |     188 tris | Cube.252
Fra:1 Mem:509.93M (Peak 635.90M) | Time:00:00.31 | Mem:332.27M, Peak:332.27M | Scene, ViewLayer | Updating Geometry BVH Cube.253 350/710 | Building BVH
Fra:1 Mem:509.93M (Peak 635.90M) | Time:00:00.31 | Mem:332.27M, Peak:332.27M | Scene, ViewLayer | Updating Geometry BVH Cube.253 350/710 | Building mesh BLAS |     188 tris | Cube.253
Fra:1 Mem:509.93M (Peak 635.90M) | Time:00:00.31 | Mem:332.27M, Peak:332.27M | Scene, ViewLayer | Updating Geometry BVH Cube.254 351/710 | Building BVH
Fra:1 Mem:509.93M (Peak 635.90M) | Time:00:00.31 | Mem:332.27M, Peak:332.27M | Scene, ViewLayer | Updating Geometry BVH Cube.254 351/710 | Building mesh BLAS |     188 tris | Cube.254
Fra:1 Mem:509.93M (Peak 635.90M) | Time:00:00.31 | Mem:332.28M, Peak:332.28M | Scene, ViewLayer | Updating Geometry BVH Raised standing seam.067 691/710 | Building BVH
Fra:1 Mem:509.93M (Peak 635.90M) | Time:00:00.31 | Mem:332.28M, Peak:332.28M | Scene, ViewLayer | Updating Geometry BVH Raised standing seam.067 691/710 | Building mesh BLAS |    1152 tris | Raised standing seam.067
Fra:1 Mem:509.93M (Peak 635.90M) | Time:00:00.31 | Mem:332.29M, Peak:332.29M | Scene, ViewLayer | Updating Geometry BVH Cylinder.094 352/710 | Building BVH
Fra:1 Mem:509.93M (Peak 635.90M) | Time:00:00.31 | Mem:332.29M, Peak:332.29M | Scene, ViewLayer | Updating Geometry BVH Sphere.002 353/710 | Building mesh BLAS |      60 tris | Cylinder.094
Fra:1 Mem:509.93M (Peak 635.90M) | Time:00:00.31 | Mem:332.29M, Peak:332.29M | Scene, ViewLayer | Updating Geometry BVH Sphere.002 353/710 | Building mesh BLAS |     528 tris | Sphere.002
Fra:1 Mem:509.93M (Peak 635.90M) | Time:00:00.31 | Mem:332.29M, Peak:332.29M | Scene, ViewLayer | Updating Geometry BVH Cube.255 354/710 | Building BVH
Fra:1 Mem:509.93M (Peak 635.90M) | Time:00:00.31 | Mem:332.29M, Peak:332.29M | Scene, ViewLayer | Updating Geometry BVH Cube.255 354/710 | Building mesh BLAS |     188 tris | Cube.255
Fra:1 Mem:509.93M (Peak 635.90M) | Time:00:00.31 | Mem:332.30M, Peak:332.30M | Scene, ViewLayer | Updating Geometry BVH Cube.256 355/710 | Building BVH
Fra:1 Mem:509.93M (Peak 635.90M) | Time:00:00.31 | Mem:332.30M, Peak:332.30M | Scene, ViewLayer | Updating Geometry BVH Cube.256 355/710 | Building mesh BLAS |     188 tris | Cube.256
Fra:1 Mem:509.93M (Peak 635.90M) | Time:00:00.32 | Mem:332.30M, Peak:332.30M | Scene, ViewLayer | Updating Geometry BVH Cube.257 356/710 | Building BVH
Fra:1 Mem:509.93M (Peak 635.90M) | Time:00:00.32 | Mem:332.30M, Peak:332.30M | Scene, ViewLayer | Updating Geometry BVH Cube.257 356/710 | Building mesh BLAS |     188 tris | Cube.257
Fra:1 Mem:509.93M (Peak 635.90M) | Time:00:00.32 | Mem:332.30M, Peak:332.30M | Scene, ViewLayer | Updating Geometry BVH Cube.258 357/710 | Building BVH
Fra:1 Mem:509.93M (Peak 635.90M) | Time:00:00.32 | Mem:332.31M, Peak:332.31M | Scene, ViewLayer | Updating Geometry BVH Cube.258 357/710 | Building mesh BLAS |     188 tris | Cube.258
Fra:1 Mem:509.93M (Peak 635.90M) | Time:00:00.32 | Mem:332.31M, Peak:332.31M | Scene, ViewLayer | Updating Geometry BVH Cube.259 358/710 | Building BVH
Fra:1 Mem:509.93M (Peak 635.90M) | Time:00:00.32 | Mem:332.31M, Peak:332.31M | Scene, ViewLayer | Updating Geometry BVH Cube.259 358/710 | Building mesh BLAS |     188 tris | Cube.259
Fra:1 Mem:509.93M (Peak 635.90M) | Time:00:00.32 | Mem:332.31M, Peak:332.31M | Scene, ViewLayer | Updating Geometry BVH Cube.260 359/710 | Building BVH
Fra:1 Mem:509.93M (Peak 635.90M) | Time:00:00.32 | Mem:332.31M, Peak:332.31M | Scene, ViewLayer | Updating Geometry BVH Cube.260 359/710 | Building mesh BLAS |     188 tris | Cube.260
Fra:1 Mem:509.93M (Peak 635.90M) | Time:00:00.32 | Mem:332.31M, Peak:332.31M | Scene, ViewLayer | Updating Geometry BVH Cube.261 360/710 | Building BVH
Fra:1 Mem:509.93M (Peak 635.90M) | Time:00:00.32 | Mem:332.32M, Peak:332.32M | Scene, ViewLayer | Updating Geometry BVH Cube.261 360/710 | Building mesh BLAS |     188 tris | Cube.261
Fra:1 Mem:509.93M (Peak 635.90M) | Time:00:00.32 | Mem:332.33M, Peak:332.33M | Scene, ViewLayer | Updating Geometry BVH Cube.262 361/710 | Building BVH
Fra:1 Mem:509.93M (Peak 635.90M) | Time:00:00.32 | Mem:332.33M, Peak:332.33M | Scene, ViewLayer | Updating Geometry BVH Cube.262 361/710 | Building mesh BLAS |     188 tris | Cube.262
Fra:1 Mem:509.93M (Peak 635.90M) | Time:00:00.32 | Mem:332.33M, Peak:332.33M | Scene, ViewLayer | Updating Geometry BVH Cube.263 362/710 | Building BVH
Fra:1 Mem:509.93M (Peak 635.90M) | Time:00:00.32 | Mem:332.33M, Peak:332.33M | Scene, ViewLayer | Updating Geometry BVH Cube.263 362/710 | Building mesh BLAS |     188 tris | Cube.263
Fra:1 Mem:509.93M (Peak 635.90M) | Time:00:00.32 | Mem:332.39M, Peak:332.39M | Scene, ViewLayer | Updating Geometry BVH Cube.264 363/710 | Building BVH
Fra:1 Mem:509.93M (Peak 635.90M) | Time:00:00.32 | Mem:332.39M, Peak:332.39M | Scene, ViewLayer | Updating Geometry BVH Cube.264 363/710 | Building mesh BLAS |     188 tris | Cube.264
Fra:1 Mem:509.93M (Peak 635.90M) | Time:00:00.32 | Mem:332.39M, Peak:332.39M | Scene, ViewLayer | Updating Geometry BVH Cube.265 364/710 | Building BVH
Fra:1 Mem:509.93M (Peak 635.90M) | Time:00:00.32 | Mem:332.39M, Peak:332.39M | Scene, ViewLayer | Updating Geometry BVH Cube.265 364/710 | Building mesh BLAS |     188 tris | Cube.265
Fra:1 Mem:509.93M (Peak 635.90M) | Time:00:00.32 | Mem:332.42M, Peak:332.42M | Scene, ViewLayer | Updating Geometry BVH Cube.266 365/710 | Building BVH
Fra:1 Mem:509.93M (Peak 635.90M) | Time:00:00.32 | Mem:332.43M, Peak:332.43M | Scene, ViewLayer | Updating Geometry BVH Cube.267 366/710 | Building BVH
Fra:1 Mem:509.93M (Peak 635.90M) | Time:00:00.32 | Mem:332.44M, Peak:332.44M | Scene, ViewLayer | Updating Geometry BVH Cube.267 366/710 | Building mesh BLAS |     188 tris | Cube.267
Fra:1 Mem:509.93M (Peak 635.90M) | Time:00:00.32 | Mem:332.44M, Peak:332.44M | Scene, ViewLayer | Updating Geometry BVH Cube.268 367/710 | Building BVH
Fra:1 Mem:509.93M (Peak 635.90M) | Time:00:00.32 | Mem:332.44M, Peak:332.44M | Scene, ViewLayer | Updating Geometry BVH Cube.269 368/710 | Building BVH
Fra:1 Mem:509.93M (Peak 635.90M) | Time:00:00.32 | Mem:332.44M, Peak:332.44M | Scene, ViewLayer | Updating Geometry BVH Cube.269 368/710 | Building mesh BLAS |     188 tris | Cube.268
Fra:1 Mem:509.93M (Peak 635.90M) | Time:00:00.32 | Mem:332.44M, Peak:332.44M | Scene, ViewLayer | Updating Geometry BVH Cube.269 368/710 | Building mesh BLAS |     188 tris | Cube.269
Fra:1 Mem:509.93M (Peak 635.90M) | Time:00:00.32 | Mem:332.47M, Peak:332.47M | Scene, ViewLayer | Updating Geometry BVH Raised standing seam.066 690/710 | Building BVH
Fra:1 Mem:509.93M (Peak 635.90M) | Time:00:00.32 | Mem:332.48M, Peak:332.48M | Scene, ViewLayer | Updating Geometry BVH Raised standing seam.066 690/710 | Building mesh BLAS |    1152 tris | Raised standing seam.066
Fra:1 Mem:509.93M (Peak 635.90M) | Time:00:00.32 | Mem:332.48M, Peak:332.48M | Scene, ViewLayer | Updating Geometry BVH Cube.270 369/710 | Building BVH
Fra:1 Mem:509.93M (Peak 635.90M) | Time:00:00.32 | Mem:332.48M, Peak:332.48M | Scene, ViewLayer | Updating Geometry BVH Cube.270 369/710 | Building mesh BLAS |     188 tris | Cube.270
Fra:1 Mem:509.93M (Peak 635.90M) | Time:00:00.32 | Mem:332.48M, Peak:332.48M | Scene, ViewLayer | Updating Geometry BVH Cube.271 370/710 | Building BVH
Fra:1 Mem:509.93M (Peak 635.90M) | Time:00:00.32 | Mem:332.48M, Peak:332.48M | Scene, ViewLayer | Updating Geometry BVH Cube.271 370/710 | Building mesh BLAS |     188 tris | Cube.271
Fra:1 Mem:509.93M (Peak 635.90M) | Time:00:00.32 | Mem:332.48M, Peak:332.48M | Scene, ViewLayer | Updating Geometry BVH Cube.272 371/710 | Building BVH
Fra:1 Mem:509.93M (Peak 635.90M) | Time:00:00.32 | Mem:332.48M, Peak:332.48M | Scene, ViewLayer | Updating Geometry BVH Cube.272 371/710 | Building mesh BLAS |     188 tris | Cube.272
Fra:1 Mem:509.93M (Peak 635.90M) | Time:00:00.32 | Mem:332.48M, Peak:332.48M | Scene, ViewLayer | Updating Geometry BVH Cube.273 372/710 | Building BVH
Fra:1 Mem:509.93M (Peak 635.90M) | Time:00:00.32 | Mem:332.48M, Peak:332.48M | Scene, ViewLayer | Updating Geometry BVH Cube.273 372/710 | Building mesh BLAS |     188 tris | Cube.273
Fra:1 Mem:509.93M (Peak 635.90M) | Time:00:00.32 | Mem:332.50M, Peak:332.50M | Scene, ViewLayer | Updating Geometry BVH Cube.274 373/710 | Building BVH
Fra:1 Mem:509.93M (Peak 635.90M) | Time:00:00.32 | Mem:332.50M, Peak:332.50M | Scene, ViewLayer | Updating Geometry BVH Cube.274 373/710 | Building mesh BLAS |     188 tris | Cube.274
Fra:1 Mem:509.93M (Peak 635.90M) | Time:00:00.32 | Mem:332.54M, Peak:332.54M | Scene, ViewLayer | Updating Geometry BVH Cube.275 374/710 | Building BVH
Fra:1 Mem:509.93M (Peak 635.90M) | Time:00:00.32 | Mem:332.54M, Peak:332.54M | Scene, ViewLayer | Updating Geometry BVH Cube.276 375/710 | Building BVH
Fra:1 Mem:509.93M (Peak 635.90M) | Time:00:00.32 | Mem:332.54M, Peak:332.54M | Scene, ViewLayer | Updating Geometry BVH Cube.277 376/710 | Building BVH
Fra:1 Mem:509.93M (Peak 635.90M) | Time:00:00.32 | Mem:332.54M, Peak:332.54M | Scene, ViewLayer | Updating Geometry BVH Cube.277 376/710 | Building mesh BLAS |     188 tris | Cube.276
Fra:1 Mem:509.93M (Peak 635.90M) | Time:00:00.32 | Mem:332.54M, Peak:332.54M | Scene, ViewLayer | Updating Geometry BVH Cube.277 376/710 | Building mesh BLAS |     188 tris | Cube.277
Fra:1 Mem:509.93M (Peak 635.90M) | Time:00:00.32 | Mem:332.62M, Peak:332.62M | Scene, ViewLayer | Updating Geometry BVH Cube.278 377/710 | Building BVH
Fra:1 Mem:509.93M (Peak 635.90M) | Time:00:00.32 | Mem:332.63M, Peak:332.63M | Scene, ViewLayer | Updating Geometry BVH Cube.279 378/710 | Building BVH
Fra:1 Mem:509.93M (Peak 635.90M) | Time:00:00.32 | Mem:332.63M, Peak:332.63M | Scene, ViewLayer | Updating Geometry BVH Cube.279 378/710 | Building mesh BLAS |     188 tris | Cube.278
Fra:1 Mem:509.93M (Peak 635.90M) | Time:00:00.32 | Mem:332.63M, Peak:332.63M | Scene, ViewLayer | Updating Geometry BVH Cube.280 379/710 | Building BVH
Fra:1 Mem:509.93M (Peak 635.90M) | Time:00:00.32 | Mem:332.63M, Peak:332.63M | Scene, ViewLayer | Updating Geometry BVH Cube.280 379/710 | Building mesh BLAS |     188 tris | Cube.280
Fra:1 Mem:509.93M (Peak 635.90M) | Time:00:00.32 | Mem:332.64M, Peak:332.64M | Scene, ViewLayer | Updating Geometry BVH Cube.281 380/710 | Building BVH
Fra:1 Mem:509.93M (Peak 635.90M) | Time:00:00.32 | Mem:332.67M, Peak:332.67M | Scene, ViewLayer | Updating Geometry BVH Cube.281 380/710 | Building mesh BLAS |     188 tris | Cube.281
Fra:1 Mem:509.93M (Peak 635.90M) | Time:00:00.32 | Mem:332.68M, Peak:332.68M | Scene, ViewLayer | Updating Geometry BVH Cube.282 381/710 | Building BVH
Fra:1 Mem:509.93M (Peak 635.90M) | Time:00:00.32 | Mem:332.68M, Peak:332.68M | Scene, ViewLayer | Updating Geometry BVH Cube.282 381/710 | Building mesh BLAS |     188 tris | Cube.282
Fra:1 Mem:509.93M (Peak 635.90M) | Time:00:00.32 | Mem:332.69M, Peak:332.69M | Scene, ViewLayer | Updating Geometry BVH Cube.283 382/710 | Building BVH
Fra:1 Mem:509.93M (Peak 635.90M) | Time:00:00.32 | Mem:332.69M, Peak:332.69M | Scene, ViewLayer | Updating Geometry BVH Cube.284 383/710 | Building BVH
Fra:1 Mem:509.93M (Peak 635.90M) | Time:00:00.32 | Mem:332.69M, Peak:332.69M | Scene, ViewLayer | Updating Geometry BVH Cube.284 383/710 | Building mesh BLAS |     188 tris | Cube.284
Fra:1 Mem:509.93M (Peak 635.90M) | Time:00:00.32 | Mem:332.70M, Peak:332.70M | Scene, ViewLayer | Updating Geometry BVH Cube.285 384/710 | Building BVH
Fra:1 Mem:509.93M (Peak 635.90M) | Time:00:00.32 | Mem:332.71M, Peak:332.71M | Scene, ViewLayer | Updating Geometry BVH Cube.286 385/710 | Building BVH
Fra:1 Mem:509.93M (Peak 635.90M) | Time:00:00.32 | Mem:332.71M, Peak:332.71M | Scene, ViewLayer | Updating Geometry BVH Cube.286 385/710 | Building mesh BLAS |     188 tris | Cube.285
Fra:1 Mem:509.93M (Peak 635.90M) | Time:00:00.32 | Mem:332.73M, Peak:332.73M | Scene, ViewLayer | Updating Geometry BVH Cube.286 385/710 | Building mesh BLAS |     188 tris | Cube.286
Fra:1 Mem:509.93M (Peak 635.90M) | Time:00:00.32 | Mem:332.73M, Peak:332.73M | Scene, ViewLayer | Updating Geometry BVH Raised standing seam.065 689/710 | Building BVH
Fra:1 Mem:509.93M (Peak 635.90M) | Time:00:00.32 | Mem:332.73M, Peak:332.73M | Scene, ViewLayer | Updating Geometry BVH Raised standing seam.065 689/710 | Building mesh BLAS |    1152 tris | Raised standing seam.065
Fra:1 Mem:509.93M (Peak 635.90M) | Time:00:00.32 | Mem:332.76M, Peak:332.76M | Scene, ViewLayer | Updating Geometry BVH Cube.287 386/710 | Building BVH
Fra:1 Mem:509.93M (Peak 635.90M) | Time:00:00.32 | Mem:332.76M, Peak:332.76M | Scene, ViewLayer | Updating Geometry BVH Sphere.003 388/710 | Building BVH
Fra:1 Mem:509.93M (Peak 635.90M) | Time:00:00.32 | Mem:332.76M, Peak:332.76M | Scene, ViewLayer | Updating Geometry BVH Sphere.003 388/710 | Building mesh BLAS |     188 tris | Cube.287
Fra:1 Mem:509.93M (Peak 635.90M) | Time:00:00.32 | Mem:332.76M, Peak:332.76M | Scene, ViewLayer | Updating Geometry BVH Sphere.003 388/710 | Building mesh BLAS |      60 tris | Cylinder.095
Fra:1 Mem:509.93M (Peak 635.90M) | Time:00:00.32 | Mem:332.76M, Peak:332.76M | Scene, ViewLayer | Updating Geometry BVH Cube.288 389/710 | Building BVH
Fra:1 Mem:509.93M (Peak 635.90M) | Time:00:00.32 | Mem:332.78M, Peak:332.78M | Scene, ViewLayer | Updating Geometry BVH Cube.288 389/710 | Building mesh BLAS |     188 tris | Cube.288
Fra:1 Mem:509.93M (Peak 635.90M) | Time:00:00.32 | Mem:332.78M, Peak:332.78M | Scene, ViewLayer | Updating Geometry BVH Cube.289 390/710 | Building BVH
Fra:1 Mem:509.93M (Peak 635.90M) | Time:00:00.32 | Mem:332.85M, Peak:332.85M | Scene, ViewLayer | Updating Geometry BVH Cube.289 390/710 | Building mesh BLAS |     188 tris | Cube.289
Fra:1 Mem:509.93M (Peak 635.90M) | Time:00:00.32 | Mem:332.85M, Peak:332.85M | Scene, ViewLayer | Updating Geometry BVH Cube.290 391/710 | Building BVH
Fra:1 Mem:509.93M (Peak 635.90M) | Time:00:00.32 | Mem:332.85M, Peak:332.85M | Scene, ViewLayer | Updating Geometry BVH Cube.291 392/710 | Building BVH
Fra:1 Mem:509.93M (Peak 635.90M) | Time:00:00.32 | Mem:332.86M, Peak:332.86M | Scene, ViewLayer | Updating Geometry BVH Cube.291 392/710 | Building mesh BLAS |     188 tris | Cube.290
Fra:1 Mem:509.93M (Peak 635.90M) | Time:00:00.32 | Mem:332.86M, Peak:332.86M | Scene, ViewLayer | Updating Geometry BVH Cube.291 392/710 | Building mesh BLAS |     188 tris | Cube.291
Fra:1 Mem:509.93M (Peak 635.90M) | Time:00:00.32 | Mem:332.86M, Peak:332.86M | Scene, ViewLayer | Updating Geometry BVH Cube.292 393/710 | Building BVH
Fra:1 Mem:509.93M (Peak 635.90M) | Time:00:00.32 | Mem:332.86M, Peak:332.86M | Scene, ViewLayer | Updating Geometry BVH Cube.292 393/710 | Building mesh BLAS |     188 tris | Cube.292
Fra:1 Mem:509.93M (Peak 635.90M) | Time:00:00.32 | Mem:332.87M, Peak:332.87M | Scene, ViewLayer | Updating Geometry BVH Cube.293 394/710 | Building BVH
Fra:1 Mem:509.93M (Peak 635.90M) | Time:00:00.32 | Mem:332.89M, Peak:332.89M | Scene, ViewLayer | Updating Geometry BVH Cube.294 395/710 | Building BVH
Fra:1 Mem:509.93M (Peak 635.90M) | Time:00:00.32 | Mem:332.89M, Peak:332.89M | Scene, ViewLayer | Updating Geometry BVH Cube.295 396/710 | Building BVH
Fra:1 Mem:509.93M (Peak 635.90M) | Time:00:00.32 | Mem:332.89M, Peak:332.89M | Scene, ViewLayer | Updating Geometry BVH Cube.295 396/710 | Building mesh BLAS |     188 tris | Cube.294
Fra:1 Mem:509.93M (Peak 635.90M) | Time:00:00.32 | Mem:332.90M, Peak:332.90M | Scene, ViewLayer | Updating Geometry BVH Cube.295 396/710 | Building mesh BLAS |     188 tris | Cube.295
Fra:1 Mem:509.93M (Peak 635.90M) | Time:00:00.32 | Mem:332.91M, Peak:332.91M | Scene, ViewLayer | Updating Geometry BVH Cube.296 397/710 | Building BVH
Fra:1 Mem:509.93M (Peak 635.90M) | Time:00:00.32 | Mem:332.91M, Peak:332.91M | Scene, ViewLayer | Updating Geometry BVH Cube.296 397/710 | Building mesh BLAS |     188 tris | Cube.296
Fra:1 Mem:509.93M (Peak 635.90M) | Time:00:00.32 | Mem:332.92M, Peak:332.92M | Scene, ViewLayer | Updating Geometry BVH Cube.297 398/710 | Building BVH
Fra:1 Mem:509.93M (Peak 635.90M) | Time:00:00.32 | Mem:332.92M, Peak:332.92M | Scene, ViewLayer | Updating Geometry BVH Cube.298 399/710 | Building BVH
Fra:1 Mem:509.93M (Peak 635.90M) | Time:00:00.32 | Mem:332.93M, Peak:332.93M | Scene, ViewLayer | Updating Geometry BVH Cube.298 399/710 | Building mesh BLAS |     188 tris | Cube.297
Fra:1 Mem:509.93M (Peak 635.90M) | Time:00:00.32 | Mem:332.94M, Peak:332.94M | Scene, ViewLayer | Updating Geometry BVH Cube.298 399/710 | Building mesh BLAS |     188 tris | Cube.298
Fra:1 Mem:509.93M (Peak 635.90M) | Time:00:00.32 | Mem:332.94M, Peak:332.94M | Scene, ViewLayer | Updating Geometry BVH Cube.299 400/710 | Building BVH
Fra:1 Mem:509.93M (Peak 635.90M) | Time:00:00.32 | Mem:332.94M, Peak:332.94M | Scene, ViewLayer | Updating Geometry BVH Cube.299 400/710 | Building mesh BLAS |     188 tris | Cube.299
Fra:1 Mem:509.93M (Peak 635.90M) | Time:00:00.32 | Mem:332.94M, Peak:332.94M | Scene, ViewLayer | Updating Geometry BVH Cube.300 401/710 | Building BVH
Fra:1 Mem:509.93M (Peak 635.90M) | Time:00:00.32 | Mem:332.94M, Peak:332.94M | Scene, ViewLayer | Updating Geometry BVH Cube.300 401/710 | Building mesh BLAS |     188 tris | Cube.300
Fra:1 Mem:509.93M (Peak 635.90M) | Time:00:00.32 | Mem:332.96M, Peak:332.96M | Scene, ViewLayer | Updating Geometry BVH Cube.301 402/710 | Building BVH
Fra:1 Mem:509.93M (Peak 635.90M) | Time:00:00.32 | Mem:332.96M, Peak:332.96M | Scene, ViewLayer | Updating Geometry BVH Raised standing seam.064 688/710 | Building BVH
Fra:1 Mem:509.93M (Peak 635.90M) | Time:00:00.32 | Mem:332.96M, Peak:332.96M | Scene, ViewLayer | Updating Geometry BVH Raised standing seam.064 688/710 | Building mesh BLAS |     188 tris | Cube.301
Fra:1 Mem:509.93M (Peak 635.90M) | Time:00:00.32 | Mem:332.96M, Peak:332.96M | Scene, ViewLayer | Updating Geometry BVH Raised standing seam.064 688/710 | Building mesh BLAS |    1152 tris | Raised standing seam.064
Fra:1 Mem:509.93M (Peak 635.90M) | Time:00:00.32 | Mem:332.99M, Peak:332.99M | Scene, ViewLayer | Updating Geometry BVH Cube.302 403/710 | Building BVH
Fra:1 Mem:509.93M (Peak 635.90M) | Time:00:00.32 | Mem:332.99M, Peak:332.99M | Scene, ViewLayer | Updating Geometry BVH Cube.303 404/710 | Building BVH
Fra:1 Mem:509.93M (Peak 635.90M) | Time:00:00.32 | Mem:333.00M, Peak:333.00M | Scene, ViewLayer | Updating Geometry BVH Cube.304 405/710 | Building BVH
Fra:1 Mem:509.93M (Peak 635.90M) | Time:00:00.32 | Mem:333.01M, Peak:333.01M | Scene, ViewLayer | Updating Geometry BVH Cube.304 405/710 | Building mesh BLAS |     188 tris | Cube.302
Fra:1 Mem:509.93M (Peak 635.90M) | Time:00:00.32 | Mem:333.01M, Peak:333.01M | Scene, ViewLayer | Updating Geometry BVH Cube.305 406/710 | Building BVH
Fra:1 Mem:509.93M (Peak 635.90M) | Time:00:00.32 | Mem:333.01M, Peak:333.01M | Scene, ViewLayer | Updating Geometry BVH Cube.305 406/710 | Building mesh BLAS |     188 tris | Cube.304
Fra:1 Mem:509.93M (Peak 635.90M) | Time:00:00.32 | Mem:333.01M, Peak:333.01M | Scene, ViewLayer | Updating Geometry BVH Cube.305 406/710 | Building mesh BLAS |     188 tris | Cube.305
Fra:1 Mem:509.93M (Peak 635.90M) | Time:00:00.32 | Mem:333.08M, Peak:333.08M | Scene, ViewLayer | Updating Geometry BVH Cube.306 407/710 | Building BVH
Fra:1 Mem:509.93M (Peak 635.90M) | Time:00:00.32 | Mem:333.08M, Peak:333.08M | Scene, ViewLayer | Updating Geometry BVH Cube.306 407/710 | Building mesh BLAS |     188 tris | Cube.306
Fra:1 Mem:509.93M (Peak 635.90M) | Time:00:00.32 | Mem:333.12M, Peak:333.12M | Scene, ViewLayer | Updating Geometry BVH Cube.307 408/710 | Building BVH
Fra:1 Mem:509.93M (Peak 635.90M) | Time:00:00.32 | Mem:333.12M, Peak:333.12M | Scene, ViewLayer | Updating Geometry BVH Cube.309 410/710 | Building BVH
Fra:1 Mem:509.93M (Peak 635.90M) | Time:00:00.32 | Mem:333.13M, Peak:333.13M | Scene, ViewLayer | Updating Geometry BVH Cube.309 410/710 | Building mesh BLAS |     188 tris | Cube.307
Fra:1 Mem:509.93M (Peak 635.90M) | Time:00:00.32 | Mem:333.13M, Peak:333.13M | Scene, ViewLayer | Updating Geometry BVH Cube.309 410/710 | Building mesh BLAS |     188 tris | Cube.309
Fra:1 Mem:509.93M (Peak 635.90M) | Time:00:00.32 | Mem:333.13M, Peak:333.13M | Scene, ViewLayer | Updating Geometry BVH Cube.309 410/710 | Building mesh BLAS |     188 tris | Cube.308
Fra:1 Mem:509.93M (Peak 635.90M) | Time:00:00.32 | Mem:333.13M, Peak:333.13M | Scene, ViewLayer | Updating Geometry BVH Cube.310 411/710 | Building BVH
Fra:1 Mem:509.93M (Peak 635.90M) | Time:00:00.32 | Mem:333.13M, Peak:333.13M | Scene, ViewLayer | Updating Geometry BVH Cube.310 411/710 | Building mesh BLAS |     188 tris | Cube.310
Fra:1 Mem:509.93M (Peak 635.90M) | Time:00:00.32 | Mem:333.14M, Peak:333.14M | Scene, ViewLayer | Updating Geometry BVH Cube.311 412/710 | Building BVH
Fra:1 Mem:509.93M (Peak 635.90M) | Time:00:00.32 | Mem:333.15M, Peak:333.15M | Scene, ViewLayer | Updating Geometry BVH Cube.312 413/710 | Building BVH
Fra:1 Mem:509.93M (Peak 635.90M) | Time:00:00.32 | Mem:333.16M, Peak:333.16M | Scene, ViewLayer | Updating Geometry BVH Cube.312 413/710 | Building mesh BLAS |     188 tris | Cube.312
Fra:1 Mem:509.93M (Peak 635.90M) | Time:00:00.32 | Mem:333.16M, Peak:333.16M | Scene, ViewLayer | Updating Geometry BVH Cube.313 414/710 | Building BVH
Fra:1 Mem:509.93M (Peak 635.90M) | Time:00:00.32 | Mem:333.16M, Peak:333.16M | Scene, ViewLayer | Updating Geometry BVH Cube.314 415/710 | Building BVH
Fra:1 Mem:509.93M (Peak 635.90M) | Time:00:00.32 | Mem:333.16M, Peak:333.16M | Scene, ViewLayer | Updating Geometry BVH Cube.314 415/710 | Building mesh BLAS |     188 tris | Cube.313
Fra:1 Mem:509.93M (Peak 635.90M) | Time:00:00.32 | Mem:333.16M, Peak:333.16M | Scene, ViewLayer | Updating Geometry BVH Cube.314 415/710 | Building mesh BLAS |     188 tris | Cube.314
Fra:1 Mem:509.93M (Peak 635.90M) | Time:00:00.32 | Mem:333.18M, Peak:333.18M | Scene, ViewLayer | Updating Geometry BVH Cylinder.096 416/710 | Building BVH
Fra:1 Mem:509.93M (Peak 635.90M) | Time:00:00.32 | Mem:333.18M, Peak:333.18M | Scene, ViewLayer | Updating Geometry BVH Cylinder.097 417/710 | Building BVH
Fra:1 Mem:509.93M (Peak 635.90M) | Time:00:00.32 | Mem:333.18M, Peak:333.18M | Scene, ViewLayer | Updating Geometry BVH Cylinder.098 418/710 | Building mesh BLAS |      60 tris | Cylinder.097
Fra:1 Mem:509.93M (Peak 635.90M) | Time:00:00.32 | Mem:333.18M, Peak:333.18M | Scene, ViewLayer | Updating Geometry BVH Cylinder.098 418/710 | Building mesh BLAS |      60 tris | Cylinder.098
Fra:1 Mem:509.93M (Peak 635.90M) | Time:00:00.32 | Mem:333.19M, Peak:333.19M | Scene, ViewLayer | Updating Geometry BVH Cylinder.099 419/710 | Building BVH
Fra:1 Mem:509.93M (Peak 635.90M) | Time:00:00.32 | Mem:333.20M, Peak:333.20M | Scene, ViewLayer | Updating Geometry BVH Summit lantern copper dome 687/710 | Building BVH
Fra:1 Mem:509.93M (Peak 635.90M) | Time:00:00.32 | Mem:333.21M, Peak:333.21M | Scene, ViewLayer | Updating Geometry BVH Summit lantern copper dome 687/710 | Building mesh BLAS |      60 tris | Cylinder.099
Fra:1 Mem:509.93M (Peak 635.90M) | Time:00:00.32 | Mem:333.21M, Peak:333.21M | Scene, ViewLayer | Updating Geometry BVH Summit lantern copper dome 687/710 | Building mesh BLAS |   13824 tris | Summit lantern copper dome
Fra:1 Mem:509.93M (Peak 635.90M) | Time:00:00.32 | Mem:333.24M, Peak:333.24M | Scene, ViewLayer | Updating Geometry BVH Cylinder.100 420/710 | Building BVH
Fra:1 Mem:509.93M (Peak 635.90M) | Time:00:00.32 | Mem:333.24M, Peak:333.24M | Scene, ViewLayer | Updating Geometry BVH Cylinder.101 421/710 | Building BVH
Fra:1 Mem:509.93M (Peak 635.90M) | Time:00:00.32 | Mem:333.24M, Peak:333.24M | Scene, ViewLayer | Updating Geometry BVH Cylinder.101 421/710 | Building mesh BLAS |      60 tris | Cylinder.100
Fra:1 Mem:509.93M (Peak 635.90M) | Time:00:00.32 | Mem:333.24M, Peak:333.24M | Scene, ViewLayer | Updating Geometry BVH Cylinder.101 421/710 | Building mesh BLAS |      60 tris | Cylinder.101
Fra:1 Mem:509.93M (Peak 635.90M) | Time:00:00.32 | Mem:333.24M, Peak:333.24M | Scene, ViewLayer | Updating Geometry BVH Cylinder.102 422/710 | Building BVH
Fra:1 Mem:509.93M (Peak 635.90M) | Time:00:00.32 | Mem:333.24M, Peak:333.24M | Scene, ViewLayer | Updating Geometry BVH Cylinder.103 423/710 | Building BVH
Fra:1 Mem:509.93M (Peak 635.90M) | Time:00:00.32 | Mem:333.24M, Peak:333.24M | Scene, ViewLayer | Updating Geometry BVH Cylinder.103 423/710 | Building mesh BLAS |      60 tris | Cylinder.103
Fra:1 Mem:509.93M (Peak 635.90M) | Time:00:00.32 | Mem:333.25M, Peak:333.25M | Scene, ViewLayer | Updating Geometry BVH Cylinder.104 424/710 | Building BVH
Fra:1 Mem:509.93M (Peak 635.90M) | Time:00:00.32 | Mem:333.25M, Peak:333.25M | Scene, ViewLayer | Updating Geometry BVH Cylinder.104 424/710 | Building mesh BLAS |      60 tris | Cylinder.104
Fra:1 Mem:509.93M (Peak 635.90M) | Time:00:00.32 | Mem:333.34M, Peak:333.34M | Scene, ViewLayer | Updating Geometry BVH Cylinder.105 425/710 | Building BVH
Fra:1 Mem:509.93M (Peak 635.90M) | Time:00:00.32 | Mem:333.34M, Peak:333.34M | Scene, ViewLayer | Updating Geometry BVH Cylinder.105 425/710 | Building mesh BLAS |      60 tris | Cylinder.105
Fra:1 Mem:509.93M (Peak 635.90M) | Time:00:00.32 | Mem:333.34M, Peak:333.34M | Scene, ViewLayer | Updating Geometry BVH Cube.315 426/710 | Building BVH
Fra:1 Mem:509.93M (Peak 635.90M) | Time:00:00.32 | Mem:333.34M, Peak:333.34M | Scene, ViewLayer | Updating Geometry BVH Cube.317 428/710 | Building BVH
Fra:1 Mem:509.93M (Peak 635.90M) | Time:00:00.32 | Mem:333.34M, Peak:333.34M | Scene, ViewLayer | Updating Geometry BVH Cube.317 428/710 | Building mesh BLAS |     188 tris | Cube.315
Fra:1 Mem:509.93M (Peak 635.90M) | Time:00:00.32 | Mem:333.34M, Peak:333.34M | Scene, ViewLayer | Updating Geometry BVH Cube.317 428/710 | Building mesh BLAS |     188 tris | Cube.317
Fra:1 Mem:509.93M (Peak 635.90M) | Time:00:00.32 | Mem:333.34M, Peak:333.34M | Scene, ViewLayer | Updating Geometry BVH Cube.317 428/710 | Building mesh BLAS |     188 tris | Cube.316
Fra:1 Mem:509.93M (Peak 635.90M) | Time:00:00.32 | Mem:333.36M, Peak:333.36M | Scene, ViewLayer | Updating Geometry BVH Cube.318 429/710 | Building BVH
Fra:1 Mem:509.93M (Peak 635.90M) | Time:00:00.32 | Mem:333.37M, Peak:333.37M | Scene, ViewLayer | Updating Geometry BVH Cube.320 431/710 | Building BVH
Fra:1 Mem:509.93M (Peak 635.90M) | Time:00:00.32 | Mem:333.37M, Peak:333.37M | Scene, ViewLayer | Updating Geometry BVH Cube.321 432/710 | Building BVH
Fra:1 Mem:509.93M (Peak 635.90M) | Time:00:00.32 | Mem:333.37M, Peak:333.37M | Scene, ViewLayer | Updating Geometry BVH Cube.321 432/710 | Building mesh BLAS |     188 tris | Cube.320
Fra:1 Mem:509.93M (Peak 635.90M) | Time:00:00.32 | Mem:333.37M, Peak:333.37M | Scene, ViewLayer | Updating Geometry BVH Cube.321 432/710 | Building mesh BLAS |     188 tris | Cube.319
Fra:1 Mem:509.93M (Peak 635.90M) | Time:00:00.32 | Mem:333.37M, Peak:333.37M | Scene, ViewLayer | Updating Geometry BVH Cube.321 432/710 | Building mesh BLAS |     188 tris | Cube.321
Fra:1 Mem:509.93M (Peak 635.90M) | Time:00:00.32 | Mem:333.38M, Peak:333.38M | Scene, ViewLayer | Updating Geometry BVH Cube.322 433/710 | Building BVH
Fra:1 Mem:509.93M (Peak 635.90M) | Time:00:00.32 | Mem:333.38M, Peak:333.38M | Scene, ViewLayer | Updating Geometry BVH Cube.322 433/710 | Building mesh BLAS |     188 tris | Cube.322
Fra:1 Mem:509.93M (Peak 635.90M) | Time:00:00.32 | Mem:333.38M, Peak:333.38M | Scene, ViewLayer | Updating Geometry BVH Cube.323 434/710 | Building BVH
Fra:1 Mem:509.93M (Peak 635.90M) | Time:00:00.32 | Mem:333.38M, Peak:333.38M | Scene, ViewLayer | Updating Geometry BVH Cube.323 434/710 | Building mesh BLAS |     188 tris | Cube.323
Fra:1 Mem:509.93M (Peak 635.90M) | Time:00:00.32 | Mem:333.38M, Peak:333.38M | Scene, ViewLayer | Updating Geometry BVH Cube.324 435/710 | Building BVH
Fra:1 Mem:509.93M (Peak 635.90M) | Time:00:00.32 | Mem:333.38M, Peak:333.38M | Scene, ViewLayer | Updating Geometry BVH Cube.324 435/710 | Building mesh BLAS |     188 tris | Cube.324
Fra:1 Mem:509.93M (Peak 635.90M) | Time:00:00.32 | Mem:333.41M, Peak:333.41M | Scene, ViewLayer | Updating Geometry BVH Summit lantern arch.003 686/710 | Building BVH
Fra:1 Mem:509.93M (Peak 635.90M) | Time:00:00.32 | Mem:333.41M, Peak:333.41M | Scene, ViewLayer | Updating Geometry BVH Cube.325 436/710 | Building BVH
Fra:1 Mem:509.93M (Peak 635.90M) | Time:00:00.32 | Mem:333.41M, Peak:333.41M | Scene, ViewLayer | Updating Geometry BVH Cube.325 436/710 | Building mesh BLAS |     188 tris | Cube.325
Fra:1 Mem:509.93M (Peak 635.90M) | Time:00:00.32 | Mem:333.41M, Peak:333.41M | Scene, ViewLayer | Updating Geometry BVH Cube.325 436/710 | Building mesh BLAS |    1692 tris | Summit lantern arch.003
Fra:1 Mem:509.93M (Peak 635.90M) | Time:00:00.32 | Mem:333.45M, Peak:333.45M | Scene, ViewLayer | Updating Geometry BVH Cube.326 437/710 | Building BVH
Fra:1 Mem:509.93M (Peak 635.90M) | Time:00:00.32 | Mem:333.45M, Peak:333.45M | Scene, ViewLayer | Updating Geometry BVH Cube.327 438/710 | Building BVH
Fra:1 Mem:509.93M (Peak 635.90M) | Time:00:00.32 | Mem:333.45M, Peak:333.45M | Scene, ViewLayer | Updating Geometry BVH Cube.327 438/710 | Building mesh BLAS |     188 tris | Cube.326
Fra:1 Mem:509.93M (Peak 635.90M) | Time:00:00.32 | Mem:333.45M, Peak:333.45M | Scene, ViewLayer | Updating Geometry BVH Cube.327 438/710 | Building mesh BLAS |     188 tris | Cube.327
Fra:1 Mem:509.93M (Peak 635.90M) | Time:00:00.32 | Mem:333.46M, Peak:333.46M | Scene, ViewLayer | Updating Geometry BVH Cube.328 439/710 | Building BVH
Fra:1 Mem:509.93M (Peak 635.90M) | Time:00:00.32 | Mem:333.46M, Peak:333.46M | Scene, ViewLayer | Updating Geometry BVH Cube.329 440/710 | Building BVH
Fra:1 Mem:509.93M (Peak 635.90M) | Time:00:00.32 | Mem:333.46M, Peak:333.46M | Scene, ViewLayer | Updating Geometry BVH Cube.329 440/710 | Building mesh BLAS |     188 tris | Cube.328
Fra:1 Mem:509.93M (Peak 635.90M) | Time:00:00.32 | Mem:333.46M, Peak:333.46M | Scene, ViewLayer | Updating Geometry BVH Cube.329 440/710 | Building mesh BLAS |     188 tris | Cube.329
Fra:1 Mem:509.93M (Peak 635.90M) | Time:00:00.32 | Mem:333.47M, Peak:333.47M | Scene, ViewLayer | Updating Geometry BVH Cube.330 441/710 | Building BVH
Fra:1 Mem:509.93M (Peak 635.90M) | Time:00:00.32 | Mem:333.47M, Peak:333.47M | Scene, ViewLayer | Updating Geometry BVH Cube.330 441/710 | Building mesh BLAS |     188 tris | Cube.330
Fra:1 Mem:509.93M (Peak 635.90M) | Time:00:00.32 | Mem:333.54M, Peak:333.54M | Scene, ViewLayer | Updating Geometry BVH Cube.331 442/710 | Building BVH
Fra:1 Mem:509.93M (Peak 635.90M) | Time:00:00.32 | Mem:333.54M, Peak:333.54M | Scene, ViewLayer | Updating Geometry BVH Cube.332 443/710 | Building BVH
Fra:1 Mem:509.93M (Peak 635.90M) | Time:00:00.32 | Mem:333.54M, Peak:333.54M | Scene, ViewLayer | Updating Geometry BVH Cube.332 443/710 | Building mesh BLAS |     188 tris | Cube.331
Fra:1 Mem:509.93M (Peak 635.90M) | Time:00:00.32 | Mem:333.57M, Peak:333.57M | Scene, ViewLayer | Updating Geometry BVH Cube.334 445/710 | Building mesh BLAS |     188 tris | Cube.332
Fra:1 Mem:509.93M (Peak 635.90M) | Time:00:00.32 | Mem:333.58M, Peak:333.58M | Scene, ViewLayer | Updating Geometry BVH Cube.334 445/710 | Building mesh BLAS |     188 tris | Cube.333
Fra:1 Mem:509.93M (Peak 635.90M) | Time:00:00.32 | Mem:333.58M, Peak:333.58M | Scene, ViewLayer | Updating Geometry BVH Cube.334 445/710 | Building mesh BLAS |     188 tris | Cube.334
Fra:1 Mem:509.93M (Peak 635.90M) | Time:00:00.32 | Mem:333.58M, Peak:333.58M | Scene, ViewLayer | Updating Geometry BVH Cube.335 446/710 | Building BVH
Fra:1 Mem:509.93M (Peak 635.90M) | Time:00:00.32 | Mem:333.58M, Peak:333.58M | Scene, ViewLayer | Updating Geometry BVH Cube.335 446/710 | Building mesh BLAS |     188 tris | Cube.335
Fra:1 Mem:509.93M (Peak 635.90M) | Time:00:00.32 | Mem:333.58M, Peak:333.58M | Scene, ViewLayer | Updating Geometry BVH Cube.336 447/710 | Building BVH
Fra:1 Mem:509.93M (Peak 635.90M) | Time:00:00.32 | Mem:333.58M, Peak:333.58M | Scene, ViewLayer | Updating Geometry BVH Cube.336 447/710 | Building mesh BLAS |     188 tris | Cube.336
Fra:1 Mem:509.93M (Peak 635.90M) | Time:00:00.32 | Mem:333.58M, Peak:333.58M | Scene, ViewLayer | Updating Geometry BVH Cylinder.106 448/710 | Building BVH
Fra:1 Mem:509.93M (Peak 635.90M) | Time:00:00.32 | Mem:333.58M, Peak:333.58M | Scene, ViewLayer | Updating Geometry BVH Sphere.004 449/710 | Building BVH
Fra:1 Mem:509.93M (Peak 635.90M) | Time:00:00.32 | Mem:333.58M, Peak:333.58M | Scene, ViewLayer | Updating Geometry BVH Sphere.004 449/710 | Building mesh BLAS |      60 tris | Cylinder.106
Fra:1 Mem:509.93M (Peak 635.90M) | Time:00:00.32 | Mem:333.58M, Peak:333.58M | Scene, ViewLayer | Updating Geometry BVH Sphere.004 449/710 | Building mesh BLAS |     528 tris | Sphere.004
Fra:1 Mem:509.93M (Peak 635.90M) | Time:00:00.32 | Mem:333.59M, Peak:333.59M | Scene, ViewLayer | Updating Geometry BVH Cylinder.107 450/710 | Building BVH
Fra:1 Mem:509.93M (Peak 635.90M) | Time:00:00.32 | Mem:333.59M, Peak:333.59M | Scene, ViewLayer | Updating Geometry BVH Cylinder.107 450/710 | Building mesh BLAS |      60 tris | Cylinder.107
Fra:1 Mem:509.93M (Peak 635.90M) | Time:00:00.32 | Mem:333.63M, Peak:333.63M | Scene, ViewLayer | Updating Geometry BVH Cube.337 451/710 | Building BVH
Fra:1 Mem:509.93M (Peak 635.90M) | Time:00:00.32 | Mem:333.65M, Peak:333.65M | Scene, ViewLayer | Updating Geometry BVH Cube.338 452/710 | Building mesh BLAS |     188 tris | Cube.337
Fra:1 Mem:509.93M (Peak 635.90M) | Time:00:00.32 | Mem:333.65M, Peak:333.65M | Scene, ViewLayer | Updating Geometry BVH Cube.338 452/710 | Building mesh BLAS |     188 tris | Cube.338
Fra:1 Mem:509.93M (Peak 635.90M) | Time:00:00.32 | Mem:333.66M, Peak:333.66M | Scene, ViewLayer | Updating Geometry BVH Summit lantern arch.002 685/710 | Building BVH
Fra:1 Mem:509.93M (Peak 635.90M) | Time:00:00.32 | Mem:333.66M, Peak:333.66M | Scene, ViewLayer | Updating Geometry BVH Cube.340 454/710 | Building BVH
Fra:1 Mem:509.93M (Peak 635.90M) | Time:00:00.32 | Mem:333.67M, Peak:333.67M | Scene, ViewLayer | Updating Geometry BVH Cube.340 454/710 | Building mesh BLAS |     188 tris | Cube.340
Fra:1 Mem:509.93M (Peak 635.90M) | Time:00:00.32 | Mem:333.67M, Peak:333.67M | Scene, ViewLayer | Updating Geometry BVH Cube.340 454/710 | Building mesh BLAS |    1692 tris | Summit lantern arch.002
Fra:1 Mem:509.93M (Peak 635.90M) | Time:00:00.32 | Mem:333.68M, Peak:333.68M | Scene, ViewLayer | Updating Geometry BVH Cube.343 457/710 | Building BVH
Fra:1 Mem:509.93M (Peak 635.90M) | Time:00:00.32 | Mem:333.70M, Peak:333.70M | Scene, ViewLayer | Updating Geometry BVH Cube.344 458/710 | Building mesh BLAS |     188 tris | Cube.342
Fra:1 Mem:509.93M (Peak 635.90M) | Time:00:00.32 | Mem:333.71M, Peak:333.71M | Scene, ViewLayer | Updating Geometry BVH Cube.344 458/710 | Building mesh BLAS |     188 tris | Cube.343
Fra:1 Mem:509.93M (Peak 635.90M) | Time:00:00.32 | Mem:333.71M, Peak:333.71M | Scene, ViewLayer | Updating Geometry BVH Cube.344 458/710 | Building mesh BLAS |     188 tris | Cube.341
Fra:1 Mem:509.93M (Peak 635.90M) | Time:00:00.32 | Mem:333.71M, Peak:333.71M | Scene, ViewLayer | Updating Geometry BVH Cube.344 458/710 | Building mesh BLAS |     188 tris | Cube.344
Fra:1 Mem:509.93M (Peak 635.90M) | Time:00:00.32 | Mem:333.71M, Peak:333.71M | Scene, ViewLayer | Updating Geometry BVH Cube.346 460/710 | Building BVH
Fra:1 Mem:509.93M (Peak 635.90M) | Time:00:00.32 | Mem:333.71M, Peak:333.71M | Scene, ViewLayer | Updating Geometry BVH Cube.346 460/710 | Building mesh BLAS |     188 tris | Cube.346
Fra:1 Mem:509.93M (Peak 635.90M) | Time:00:00.32 | Mem:333.71M, Peak:333.71M | Scene, ViewLayer | Updating Geometry BVH Cube.346 460/710 | Building mesh BLAS |     188 tris | Cube.345
Fra:1 Mem:509.93M (Peak 635.90M) | Time:00:00.32 | Mem:333.71M, Peak:333.71M | Scene, ViewLayer | Updating Geometry BVH Cube.347 461/710 | Building BVH
Fra:1 Mem:509.93M (Peak 635.90M) | Time:00:00.32 | Mem:333.77M, Peak:333.77M | Scene, ViewLayer | Updating Geometry BVH Cube.348 462/710 | Building BVH
Fra:1 Mem:509.93M (Peak 635.90M) | Time:00:00.32 | Mem:333.77M, Peak:333.77M | Scene, ViewLayer | Updating Geometry BVH Cube.348 462/710 | Building mesh BLAS |     188 tris | Cube.347
Fra:1 Mem:509.93M (Peak 635.90M) | Time:00:00.32 | Mem:333.77M, Peak:333.77M | Scene, ViewLayer | Updating Geometry BVH Cube.348 462/710 | Building mesh BLAS |     188 tris | Cube.348
Fra:1 Mem:509.93M (Peak 635.90M) | Time:00:00.32 | Mem:333.77M, Peak:333.77M | Scene, ViewLayer | Updating Geometry BVH Cube.349 463/710 | Building BVH
Fra:1 Mem:509.93M (Peak 635.90M) | Time:00:00.32 | Mem:333.77M, Peak:333.77M | Scene, ViewLayer | Updating Geometry BVH Cube.349 463/710 | Building mesh BLAS |     188 tris | Cube.349
Fra:1 Mem:509.93M (Peak 635.90M) | Time:00:00.32 | Mem:333.80M, Peak:333.80M | Scene, ViewLayer | Updating Geometry BVH Cube.350 464/710 | Building BVH
Fra:1 Mem:509.93M (Peak 635.90M) | Time:00:00.32 | Mem:333.80M, Peak:333.80M | Scene, ViewLayer | Updating Geometry BVH Cube.350 464/710 | Building mesh BLAS |     188 tris | Cube.350
Fra:1 Mem:509.93M (Peak 635.90M) | Time:00:00.32 | Mem:333.80M, Peak:333.80M | Scene, ViewLayer | Updating Geometry BVH Cube.351 465/710 | Building BVH
Fra:1 Mem:509.93M (Peak 635.90M) | Time:00:00.32 | Mem:333.80M, Peak:333.80M | Scene, ViewLayer | Updating Geometry BVH Cube.352 466/710 | Building BVH
Fra:1 Mem:509.93M (Peak 635.90M) | Time:00:00.32 | Mem:333.80M, Peak:333.80M | Scene, ViewLayer | Updating Geometry BVH Cube.352 466/710 | Building mesh BLAS |     188 tris | Cube.351
Fra:1 Mem:509.93M (Peak 635.90M) | Time:00:00.32 | Mem:333.80M, Peak:333.80M | Scene, ViewLayer | Updating Geometry BVH Cube.352 466/710 | Building mesh BLAS |     188 tris | Cube.352
Fra:1 Mem:509.93M (Peak 635.90M) | Time:00:00.32 | Mem:333.82M, Peak:333.82M | Scene, ViewLayer | Updating Geometry BVH Cube.353 467/710 | Building BVH
Fra:1 Mem:509.93M (Peak 635.90M) | Time:00:00.32 | Mem:333.83M, Peak:333.83M | Scene, ViewLayer | Updating Geometry BVH Cube.353 467/710 | Building mesh BLAS |     188 tris | Cube.353
Fra:1 Mem:509.93M (Peak 635.90M) | Time:00:00.32 | Mem:333.83M, Peak:333.83M | Scene, ViewLayer | Updating Geometry BVH Cube.354 468/710 | Building BVH
Fra:1 Mem:509.93M (Peak 635.90M) | Time:00:00.32 | Mem:333.85M, Peak:333.85M | Scene, ViewLayer | Updating Geometry BVH Cube.355 469/710 | Building BVH
Fra:1 Mem:509.93M (Peak 635.90M) | Time:00:00.32 | Mem:333.85M, Peak:333.85M | Scene, ViewLayer | Updating Geometry BVH Cube.355 469/710 | Building mesh BLAS |     188 tris | Cube.354
Fra:1 Mem:509.93M (Peak 635.90M) | Time:00:00.32 | Mem:333.85M, Peak:333.85M | Scene, ViewLayer | Updating Geometry BVH Cube.355 469/710 | Building mesh BLAS |     188 tris | Cube.355
Fra:1 Mem:509.93M (Peak 635.90M) | Time:00:00.32 | Mem:333.87M, Peak:333.87M | Scene, ViewLayer | Updating Geometry BVH Cube.356 470/710 | Building BVH
Fra:1 Mem:509.93M (Peak 635.90M) | Time:00:00.32 | Mem:333.88M, Peak:333.88M | Scene, ViewLayer | Updating Geometry BVH Summit lantern arch.001 684/710 | Building BVH
Fra:1 Mem:509.93M (Peak 635.90M) | Time:00:00.32 | Mem:333.89M, Peak:333.89M | Scene, ViewLayer | Updating Geometry BVH Summit lantern arch.001 684/710 | Building mesh BLAS |     188 tris | Cube.356
Fra:1 Mem:509.93M (Peak 635.90M) | Time:00:00.32 | Mem:333.89M, Peak:333.89M | Scene, ViewLayer | Updating Geometry BVH Summit lantern arch.001 684/710 | Building mesh BLAS |    1692 tris | Summit lantern arch.001
Fra:1 Mem:509.93M (Peak 635.90M) | Time:00:00.32 | Mem:333.89M, Peak:333.89M | Scene, ViewLayer | Updating Geometry BVH Cube.357 471/710 | Building BVH
Fra:1 Mem:509.93M (Peak 635.90M) | Time:00:00.32 | Mem:333.89M, Peak:333.89M | Scene, ViewLayer | Updating Geometry BVH Cube.357 471/710 | Building mesh BLAS |     188 tris | Cube.357
Fra:1 Mem:509.93M (Peak 635.90M) | Time:00:00.32 | Mem:333.89M, Peak:333.89M | Scene, ViewLayer | Updating Geometry BVH Cube.358 472/710 | Building BVH
Fra:1 Mem:509.93M (Peak 635.90M) | Time:00:00.32 | Mem:333.89M, Peak:333.89M | Scene, ViewLayer | Updating Geometry BVH Cube.358 472/710 | Building mesh BLAS |     188 tris | Cube.358
Fra:1 Mem:509.93M (Peak 635.90M) | Time:00:00.32 | Mem:333.91M, Peak:333.91M | Scene, ViewLayer | Updating Geometry BVH Cube.359 473/710 | Building BVH
Fra:1 Mem:509.93M (Peak 635.90M) | Time:00:00.32 | Mem:333.91M, Peak:333.91M | Scene, ViewLayer | Updating Geometry BVH Cube.359 473/710 | Building mesh BLAS |     188 tris | Cube.359
Fra:1 Mem:509.93M (Peak 635.90M) | Time:00:00.32 | Mem:333.91M, Peak:333.91M | Scene, ViewLayer | Updating Geometry BVH Cube.361 475/710 | Building BVH
Fra:1 Mem:509.93M (Peak 635.90M) | Time:00:00.32 | Mem:333.91M, Peak:333.91M | Scene, ViewLayer | Updating Geometry BVH Cube.362 476/710 | Building BVH
Fra:1 Mem:509.93M (Peak 635.90M) | Time:00:00.32 | Mem:333.91M, Peak:333.91M | Scene, ViewLayer | Updating Geometry BVH Cube.363 477/710 | Building BVH
Fra:1 Mem:509.93M (Peak 635.90M) | Time:00:00.32 | Mem:333.91M, Peak:333.91M | Scene, ViewLayer | Updating Geometry BVH Cube.363 477/710 | Building mesh BLAS |     188 tris | Cube.362
Fra:1 Mem:509.93M (Peak 635.90M) | Time:00:00.32 | Mem:333.91M, Peak:333.91M | Scene, ViewLayer | Updating Geometry BVH Cube.363 477/710 | Building mesh BLAS |     188 tris | Cube.363
Fra:1 Mem:509.93M (Peak 635.90M) | Time:00:00.32 | Mem:333.91M, Peak:333.91M | Scene, ViewLayer | Updating Geometry BVH Cube.363 477/710 | Building mesh BLAS |     188 tris | Cube.360
Fra:1 Mem:509.93M (Peak 635.90M) | Time:00:00.32 | Mem:333.93M, Peak:333.93M | Scene, ViewLayer | Updating Geometry BVH Cube.364 478/710 | Building BVH
Fra:1 Mem:509.93M (Peak 635.90M) | Time:00:00.32 | Mem:333.93M, Peak:333.93M | Scene, ViewLayer | Updating Geometry BVH Cube.364 478/710 | Building mesh BLAS |     188 tris | Cube.364
Fra:1 Mem:509.93M (Peak 635.90M) | Time:00:00.32 | Mem:333.93M, Peak:333.93M | Scene, ViewLayer | Updating Geometry BVH Cube.365 479/710 | Building BVH
Fra:1 Mem:509.93M (Peak 635.90M) | Time:00:00.32 | Mem:333.93M, Peak:333.93M | Scene, ViewLayer | Updating Geometry BVH Cube.365 479/710 | Building mesh BLAS |     188 tris | Cube.365
Fra:1 Mem:509.93M (Peak 635.90M) | Time:00:00.32 | Mem:334.00M, Peak:334.00M | Scene, ViewLayer | Updating Geometry BVH Cube.366 480/710 | Building BVH
Fra:1 Mem:509.93M (Peak 635.90M) | Time:00:00.32 | Mem:334.00M, Peak:334.00M | Scene, ViewLayer | Updating Geometry BVH Cube.366 480/710 | Building mesh BLAS |     188 tris | Cube.366
Fra:1 Mem:509.93M (Peak 635.90M) | Time:00:00.32 | Mem:334.05M, Peak:334.05M | Scene, ViewLayer | Updating Geometry BVH Cube.367 481/710 | Building BVH
Fra:1 Mem:509.93M (Peak 635.90M) | Time:00:00.32 | Mem:334.05M, Peak:334.05M | Scene, ViewLayer | Updating Geometry BVH Cube.367 481/710 | Building mesh BLAS |     188 tris | Cube.367
Fra:1 Mem:509.93M (Peak 635.90M) | Time:00:00.32 | Mem:334.05M, Peak:334.05M | Scene, ViewLayer | Updating Geometry BVH Cube.368 482/710 | Building BVH
Fra:1 Mem:509.93M (Peak 635.90M) | Time:00:00.32 | Mem:334.05M, Peak:334.05M | Scene, ViewLayer | Updating Geometry BVH Cube.368 482/710 | Building mesh BLAS |     188 tris | Cube.368
Fra:1 Mem:509.93M (Peak 635.90M) | Time:00:00.32 | Mem:334.05M, Peak:334.05M | Scene, ViewLayer | Updating Geometry BVH Cube.369 483/710 | Building BVH
Fra:1 Mem:509.93M (Peak 635.90M) | Time:00:00.32 | Mem:334.05M, Peak:334.05M | Scene, ViewLayer | Updating Geometry BVH Cube.369 483/710 | Building mesh BLAS |     188 tris | Cube.369
Fra:1 Mem:509.93M (Peak 635.90M) | Time:00:00.32 | Mem:334.05M, Peak:334.05M | Scene, ViewLayer | Updating Geometry BVH Cube.370 484/710 | Building BVH
Fra:1 Mem:509.93M (Peak 635.90M) | Time:00:00.32 | Mem:334.06M, Peak:334.06M | Scene, ViewLayer | Updating Geometry BVH Cube.370 484/710 | Building mesh BLAS |     188 tris | Cube.370
Fra:1 Mem:509.93M (Peak 635.90M) | Time:00:00.32 | Mem:334.07M, Peak:334.07M | Scene, ViewLayer | Updating Geometry BVH Cube.371 485/710 | Building BVH
Fra:1 Mem:509.93M (Peak 635.90M) | Time:00:00.32 | Mem:334.09M, Peak:334.09M | Scene, ViewLayer | Updating Geometry BVH Cube.372 486/710 | Building BVH
Fra:1 Mem:509.93M (Peak 635.90M) | Time:00:00.32 | Mem:334.09M, Peak:334.09M | Scene, ViewLayer | Updating Geometry BVH Cube.372 486/710 | Building mesh BLAS |     188 tris | Cube.371
Fra:1 Mem:509.93M (Peak 635.90M) | Time:00:00.32 | Mem:334.09M, Peak:334.09M | Scene, ViewLayer | Updating Geometry BVH Cube.372 486/710 | Building mesh BLAS |     188 tris | Cube.372
Fra:1 Mem:509.93M (Peak 635.90M) | Time:00:00.32 | Mem:334.12M, Peak:334.12M | Scene, ViewLayer | Updating Geometry BVH Summit lantern arch 683/710 | Building BVH
Fra:1 Mem:509.93M (Peak 635.90M) | Time:00:00.32 | Mem:334.12M, Peak:334.12M | Scene, ViewLayer | Updating Geometry BVH Cube.373 487/710 | Building BVH
Fra:1 Mem:509.93M (Peak 635.90M) | Time:00:00.32 | Mem:334.12M, Peak:334.12M | Scene, ViewLayer | Updating Geometry BVH Cube.373 487/710 | Building mesh BLAS |     188 tris | Cube.373
Fra:1 Mem:509.93M (Peak 635.90M) | Time:00:00.32 | Mem:334.12M, Peak:334.12M | Scene, ViewLayer | Updating Geometry BVH Cube.374 488/710 | Building BVH
Fra:1 Mem:509.93M (Peak 635.90M) | Time:00:00.32 | Mem:334.12M, Peak:334.12M | Scene, ViewLayer | Updating Geometry BVH Cube.374 488/710 | Building mesh BLAS |     188 tris | Cube.374
Fra:1 Mem:509.93M (Peak 635.90M) | Time:00:00.32 | Mem:334.12M, Peak:334.12M | Scene, ViewLayer | Updating Geometry BVH Cube.375 489/710 | Building BVH
Fra:1 Mem:509.93M (Peak 635.90M) | Time:00:00.32 | Mem:334.12M, Peak:334.12M | Scene, ViewLayer | Updating Geometry BVH Cube.375 489/710 | Building mesh BLAS |     188 tris | Cube.375
Fra:1 Mem:509.93M (Peak 635.90M) | Time:00:00.32 | Mem:334.15M, Peak:334.15M | Scene, ViewLayer | Updating Geometry BVH Cube.376 490/710 | Building BVH
Fra:1 Mem:509.93M (Peak 635.90M) | Time:00:00.32 | Mem:334.15M, Peak:334.15M | Scene, ViewLayer | Updating Geometry BVH Cube.377 491/710 | Building BVH
Fra:1 Mem:509.93M (Peak 635.90M) | Time:00:00.32 | Mem:334.15M, Peak:334.15M | Scene, ViewLayer | Updating Geometry BVH Cube.378 492/710 | Building BVH
Fra:1 Mem:509.93M (Peak 635.90M) | Time:00:00.32 | Mem:334.15M, Peak:334.15M | Scene, ViewLayer | Updating Geometry BVH Cube.379 493/710 | Building BVH
Fra:1 Mem:509.93M (Peak 635.90M) | Time:00:00.32 | Mem:334.15M, Peak:334.15M | Scene, ViewLayer | Updating Geometry BVH Cube.379 493/710 | Building mesh BLAS |     188 tris | Cube.378
Fra:1 Mem:509.93M (Peak 635.90M) | Time:00:00.32 | Mem:334.15M, Peak:334.15M | Scene, ViewLayer | Updating Geometry BVH Cube.379 493/710 | Building mesh BLAS |     188 tris | Cube.379
Fra:1 Mem:509.93M (Peak 635.90M) | Time:00:00.32 | Mem:334.15M, Peak:334.15M | Scene, ViewLayer | Updating Geometry BVH Cube.380 494/710 | Building BVH
Fra:1 Mem:509.93M (Peak 635.90M) | Time:00:00.32 | Mem:334.15M, Peak:334.15M | Scene, ViewLayer | Updating Geometry BVH Cube.380 494/710 | Building mesh BLAS |     188 tris | Cube.380
Fra:1 Mem:509.93M (Peak 635.90M) | Time:00:00.32 | Mem:334.23M, Peak:334.23M | Scene, ViewLayer | Updating Geometry BVH Cube.381 495/710 | Building BVH
Fra:1 Mem:509.93M (Peak 635.90M) | Time:00:00.32 | Mem:334.24M, Peak:334.24M | Scene, ViewLayer | Updating Geometry BVH Cube.381 495/710 | Building mesh BLAS |     188 tris | Cube.381
Fra:1 Mem:509.93M (Peak 635.90M) | Time:00:00.32 | Mem:334.24M, Peak:334.24M | Scene, ViewLayer | Updating Geometry BVH Cube.382 496/710 | Building BVH
Fra:1 Mem:509.93M (Peak 635.90M) | Time:00:00.32 | Mem:334.24M, Peak:334.24M | Scene, ViewLayer | Updating Geometry BVH Cube.382 496/710 | Building mesh BLAS |     188 tris | Cube.382
Fra:1 Mem:509.93M (Peak 635.90M) | Time:00:00.32 | Mem:334.27M, Peak:334.27M | Scene, ViewLayer | Updating Geometry BVH Cube.383 497/710 | Building BVH
Fra:1 Mem:509.93M (Peak 635.90M) | Time:00:00.32 | Mem:334.28M, Peak:334.28M | Scene, ViewLayer | Updating Geometry BVH Cube.383 497/710 | Building mesh BLAS |     188 tris | Cube.383
Fra:1 Mem:509.93M (Peak 635.90M) | Time:00:00.32 | Mem:334.28M, Peak:334.28M | Scene, ViewLayer | Updating Geometry BVH Cube.384 498/710 | Building BVH
Fra:1 Mem:509.93M (Peak 635.90M) | Time:00:00.32 | Mem:334.28M, Peak:334.28M | Scene, ViewLayer | Updating Geometry BVH Cube.384 498/710 | Building mesh BLAS |     188 tris | Cube.384
Fra:1 Mem:509.93M (Peak 635.90M) | Time:00:00.32 | Mem:334.28M, Peak:334.28M | Scene, ViewLayer | Updating Geometry BVH Cube.385 499/710 | Building BVH
Fra:1 Mem:509.93M (Peak 635.90M) | Time:00:00.32 | Mem:334.28M, Peak:334.28M | Scene, ViewLayer | Updating Geometry BVH Cube.385 499/710 | Building mesh BLAS |     188 tris | Cube.385
Fra:1 Mem:509.93M (Peak 635.90M) | Time:00:00.32 | Mem:334.29M, Peak:334.29M | Scene, ViewLayer | Updating Geometry BVH Cube.386 500/710 | Building BVH
Fra:1 Mem:509.93M (Peak 635.90M) | Time:00:00.32 | Mem:334.31M, Peak:334.31M | Scene, ViewLayer | Updating Geometry BVH Cube.386 500/710 | Building mesh BLAS |     188 tris | Cube.386
Fra:1 Mem:509.93M (Peak 635.90M) | Time:00:00.32 | Mem:334.32M, Peak:334.32M | Scene, ViewLayer | Updating Geometry BVH Refracting sea | displaced surface and enclosed volume 501/710 | Building BVH
Fra:1 Mem:509.93M (Peak 635.90M) | Time:00:00.32 | Mem:334.32M, Peak:334.32M | Scene, ViewLayer | Updating Geometry BVH realCap_Model_2.001 502/710 | Building BVH
Fra:1 Mem:509.93M (Peak 635.90M) | Time:00:00.32 | Mem:334.32M, Peak:334.32M | Scene, ViewLayer | Updating Geometry BVH realCap_Model_2.003 503/710 | Building BVH
Fra:1 Mem:509.93M (Peak 635.90M) | Time:00:00.32 | Mem:334.32M, Peak:334.32M | Scene, ViewLayer | Updating Geometry BVH realCap_Model_2.004 504/710 | Building BVH
Fra:1 Mem:509.93M (Peak 635.90M) | Time:00:00.32 | Mem:334.32M, Peak:334.32M | Scene, ViewLayer | Updating Geometry BVH realCap_Model_2.004 504/710 | Building mesh BLAS |   13582 tris | realCap_Model_2.001
Fra:1 Mem:509.93M (Peak 635.90M) | Time:00:00.32 | Mem:334.32M, Peak:334.32M | Scene, ViewLayer | Updating Geometry BVH realCap_Model_2.004 504/710 | Building mesh BLAS |   24910 tris | realCap_Model_2.003
Fra:1 Mem:509.93M (Peak 635.90M) | Time:00:00.32 | Mem:334.32M, Peak:334.32M | Scene, ViewLayer | Updating Geometry BVH realCap_Model_2.004 504/710 | Building mesh BLAS |   13582 tris | realCap_Model_2.004
Fra:1 Mem:509.93M (Peak 635.90M) | Time:00:00.32 | Mem:334.32M, Peak:334.32M | Scene, ViewLayer | Updating Geometry BVH Stair vault.005 682/710 | Building BVH
Fra:1 Mem:509.93M (Peak 635.90M) | Time:00:00.32 | Mem:334.32M, Peak:334.32M | Scene, ViewLayer | Updating Geometry BVH Stair vault.005 682/710 | Building mesh BLAS |     188 tris | Stair vault.005
Fra:1 Mem:509.93M (Peak 635.90M) | Time:00:00.32 | Mem:334.32M, Peak:334.32M | Scene, ViewLayer | Updating Geometry BVH Stair vault.005 682/710 | Building mesh BLAS |  118078 tris | Refracting sea | displaced surface and enclosed volume
Fra:1 Mem:509.93M (Peak 635.90M) | Time:00:00.32 | Mem:334.35M, Peak:334.35M | Scene, ViewLayer | Updating Geometry BVH realCap_Model_2.005 505/710 | Building BVH
Fra:1 Mem:509.93M (Peak 635.90M) | Time:00:00.32 | Mem:334.36M, Peak:334.36M | Scene, ViewLayer | Updating Geometry BVH realCap_Model_2.007 506/710 | Building BVH
Fra:1 Mem:509.93M (Peak 635.90M) | Time:00:00.32 | Mem:334.36M, Peak:334.36M | Scene, ViewLayer | Updating Geometry BVH realCap_Model_2.007 506/710 | Building mesh BLAS |   24792 tris | realCap_Model_2.005
Fra:1 Mem:509.93M (Peak 635.90M) | Time:00:00.32 | Mem:334.36M, Peak:334.36M | Scene, ViewLayer | Updating Geometry BVH realCap_Model_2.007 506/710 | Building mesh BLAS |   13582 tris | realCap_Model_2.007
Fra:1 Mem:509.93M (Peak 635.90M) | Time:00:00.32 | Mem:334.36M, Peak:334.36M | Scene, ViewLayer | Updating Geometry BVH realCap_Model_2.010 508/710 | Building BVH
Fra:1 Mem:509.93M (Peak 635.90M) | Time:00:00.32 | Mem:334.36M, Peak:334.36M | Scene, ViewLayer | Updating Geometry BVH realCap_Model_2.008 507/710 | Building BVH
Fra:1 Mem:509.93M (Peak 635.90M) | Time:00:00.32 | Mem:334.36M, Peak:334.36M | Scene, ViewLayer | Updating Geometry BVH realCap_Model_2.008 507/710 | Building mesh BLAS |   13582 tris | realCap_Model_2.010
Fra:1 Mem:509.93M (Peak 635.90M) | Time:00:00.32 | Mem:334.36M, Peak:334.36M | Scene, ViewLayer | Updating Geometry BVH realCap_Model_2.008 507/710 | Building mesh BLAS |   24910 tris | realCap_Model_2.008
Fra:1 Mem:509.93M (Peak 635.90M) | Time:00:00.32 | Mem:334.37M, Peak:334.37M | Scene, ViewLayer | Updating Geometry BVH realCap_Model_2.011 509/710 | Building BVH
Fra:1 Mem:509.93M (Peak 635.90M) | Time:00:00.32 | Mem:334.37M, Peak:334.37M | Scene, ViewLayer | Updating Geometry BVH realCap_Model_2.012 510/710 | Building BVH
Fra:1 Mem:509.93M (Peak 635.90M) | Time:00:00.32 | Mem:334.37M, Peak:334.37M | Scene, ViewLayer | Updating Geometry BVH realCap_Model_2.012 510/710 | Building mesh BLAS |   13582 tris | realCap_Model_2.012
Fra:1 Mem:509.93M (Peak 635.90M) | Time:00:00.32 | Mem:334.37M, Peak:334.37M | Scene, ViewLayer | Updating Geometry BVH realCap_Model_2.012 510/710 | Building mesh BLAS |   24792 tris | realCap_Model_2.011
Fra:1 Mem:509.93M (Peak 635.90M) | Time:00:00.32 | Mem:335.02M, Peak:335.02M | Scene, ViewLayer | Updating Geometry BVH realCap_Model_2.013 511/710 | Building BVH
Fra:1 Mem:509.93M (Peak 635.90M) | Time:00:00.32 | Mem:335.03M, Peak:335.03M | Scene, ViewLayer | Updating Geometry BVH Stair vault 513/710 | Building BVH
Fra:1 Mem:509.93M (Peak 635.90M) | Time:00:00.32 | Mem:335.03M, Peak:335.03M | Scene, ViewLayer | Updating Geometry BVH Sea foam following the actual rock waterline 512/710 | Building BVH
Fra:1 Mem:509.93M (Peak 635.90M) | Time:00:00.32 | Mem:335.03M, Peak:335.03M | Scene, ViewLayer | Updating Geometry BVH Sea foam following the actual rock waterline 512/710 | Building mesh BLAS |   24910 tris | realCap_Model_2.013
Fra:1 Mem:509.93M (Peak 635.90M) | Time:00:00.32 | Mem:335.03M, Peak:335.03M | Scene, ViewLayer | Updating Geometry BVH Sea foam following the actual rock waterline 512/710 | Building mesh BLAS |    5760 tris | Sea foam following the actual rock waterline
Fra:1 Mem:509.93M (Peak 635.90M) | Time:00:00.32 | Mem:335.04M, Peak:335.04M | Scene, ViewLayer | Updating Geometry BVH Stair vault.001 514/710 | Building BVH
Fra:1 Mem:509.93M (Peak 635.90M) | Time:00:00.32 | Mem:335.04M, Peak:335.04M | Scene, ViewLayer | Updating Geometry BVH Stair vault.001 514/710 | Building mesh BLAS |     188 tris | Stair vault.001
Fra:1 Mem:509.93M (Peak 635.90M) | Time:00:00.32 | Mem:335.04M, Peak:335.04M | Scene, ViewLayer | Updating Geometry BVH Stair vault.002 515/710 | Building BVH
Fra:1 Mem:509.93M (Peak 635.90M) | Time:00:00.32 | Mem:335.04M, Peak:335.04M | Scene, ViewLayer | Updating Geometry BVH Stair vault.002 515/710 | Building mesh BLAS |     188 tris | Stair vault.002
Fra:1 Mem:509.93M (Peak 635.90M) | Time:00:00.32 | Mem:335.04M, Peak:335.04M | Scene, ViewLayer | Updating Geometry BVH Stair vault.003 516/710 | Building BVH
Fra:1 Mem:509.93M (Peak 635.90M) | Time:00:00.32 | Mem:335.04M, Peak:335.04M | Scene, ViewLayer | Updating Geometry BVH Stair vault.003 516/710 | Building mesh BLAS |     712 tris | Stair vault.003
Fra:1 Mem:509.93M (Peak 635.90M) | Time:00:00.32 | Mem:335.04M, Peak:335.04M | Scene, ViewLayer | Updating Geometry BVH Sea arcade arch 517/710 | Building BVH
Fra:1 Mem:509.93M (Peak 635.90M) | Time:00:00.32 | Mem:335.06M, Peak:335.06M | Scene, ViewLayer | Updating Geometry BVH Sea arcade arch 517/710 | Building mesh BLAS |    1692 tris | Sea arcade arch
Fra:1 Mem:509.93M (Peak 635.90M) | Time:00:00.32 | Mem:335.06M, Peak:335.06M | Scene, ViewLayer | Updating Geometry BVH Sea arcade voussoir 518/710 | Building BVH
Fra:1 Mem:509.93M (Peak 635.90M) | Time:00:00.32 | Mem:335.07M, Peak:335.07M | Scene, ViewLayer | Updating Geometry BVH Sea arcade voussoir 518/710 | Building mesh BLAS |     188 tris | Sea arcade voussoir
Fra:1 Mem:509.93M (Peak 635.90M) | Time:00:00.32 | Mem:335.07M, Peak:335.07M | Scene, ViewLayer | Updating Geometry BVH Sea arcade voussoir.001 519/710 | Building BVH
Fra:1 Mem:509.93M (Peak 635.90M) | Time:00:00.32 | Mem:335.07M, Peak:335.07M | Scene, ViewLayer | Updating Geometry BVH Sea arcade voussoir.001 519/710 | Building mesh BLAS |     188 tris | Sea arcade voussoir.001
Fra:1 Mem:509.93M (Peak 635.90M) | Time:00:00.32 | Mem:335.07M, Peak:335.07M | Scene, ViewLayer | Updating Geometry BVH Sea arcade voussoir.002 520/710 | Building BVH
Fra:1 Mem:509.93M (Peak 635.90M) | Time:00:00.32 | Mem:335.07M, Peak:335.07M | Scene, ViewLayer | Updating Geometry BVH Sea arcade voussoir.002 520/710 | Building mesh BLAS |     188 tris | Sea arcade voussoir.002
Fra:1 Mem:509.93M (Peak 635.90M) | Time:00:00.32 | Mem:335.08M, Peak:335.08M | Scene, ViewLayer | Updating Geometry BVH High cliff bridge voussoir.016 681/710 | Building BVH
Fra:1 Mem:509.93M (Peak 635.90M) | Time:00:00.32 | Mem:335.08M, Peak:335.08M | Scene, ViewLayer | Updating Geometry BVH High cliff bridge voussoir.016 681/710 | Building mesh BLAS |     188 tris | High cliff bridge voussoir.016
Fra:1 Mem:509.93M (Peak 635.90M) | Time:00:00.32 | Mem:335.09M, Peak:335.09M | Scene, ViewLayer | Updating Geometry BVH Sea arcade voussoir.003 521/710 | Building BVH
Fra:1 Mem:509.93M (Peak 635.90M) | Time:00:00.32 | Mem:335.09M, Peak:335.09M | Scene, ViewLayer | Updating Geometry BVH Sea arcade voussoir.003 521/710 | Building mesh BLAS |     188 tris | Sea arcade voussoir.003
Fra:1 Mem:509.93M (Peak 635.90M) | Time:00:00.32 | Mem:335.11M, Peak:335.11M | Scene, ViewLayer | Updating Geometry BVH Sea arcade voussoir.004 522/710 | Building BVH
Fra:1 Mem:509.93M (Peak 635.90M) | Time:00:00.32 | Mem:335.12M, Peak:335.12M | Scene, ViewLayer | Updating Geometry BVH Sea arcade voussoir.004 522/710 | Building mesh BLAS |     188 tris | Sea arcade voussoir.004
Fra:1 Mem:509.93M (Peak 635.90M) | Time:00:00.32 | Mem:335.13M, Peak:335.13M | Scene, ViewLayer | Updating Geometry BVH Sea arcade voussoir.005 523/710 | Building BVH
Fra:1 Mem:509.93M (Peak 635.90M) | Time:00:00.32 | Mem:335.13M, Peak:335.13M | Scene, ViewLayer | Updating Geometry BVH Sea arcade voussoir.005 523/710 | Building mesh BLAS |     188 tris | Sea arcade voussoir.005
Fra:1 Mem:509.93M (Peak 635.90M) | Time:00:00.32 | Mem:335.13M, Peak:335.13M | Scene, ViewLayer | Updating Geometry BVH Sea arcade voussoir.006 524/710 | Building BVH
Fra:1 Mem:509.93M (Peak 635.90M) | Time:00:00.32 | Mem:335.14M, Peak:335.14M | Scene, ViewLayer | Updating Geometry BVH Sea arcade voussoir.007 525/710 | Building BVH
Fra:1 Mem:509.93M (Peak 635.90M) | Time:00:00.32 | Mem:335.14M, Peak:335.14M | Scene, ViewLayer | Updating Geometry BVH Sea arcade voussoir.007 525/710 | Building mesh BLAS |     188 tris | Sea arcade voussoir.006
Fra:1 Mem:509.93M (Peak 635.90M) | Time:00:00.32 | Mem:335.14M, Peak:335.14M | Scene, ViewLayer | Updating Geometry BVH Sea arcade voussoir.007 525/710 | Building mesh BLAS |     188 tris | Sea arcade voussoir.007
Fra:1 Mem:509.93M (Peak 635.90M) | Time:00:00.32 | Mem:335.24M, Peak:335.24M | Scene, ViewLayer | Updating Geometry BVH Sea arcade voussoir.008 526/710 | Building BVH
Fra:1 Mem:509.93M (Peak 635.90M) | Time:00:00.32 | Mem:335.25M, Peak:335.25M | Scene, ViewLayer | Updating Geometry BVH Sea arcade voussoir.008 526/710 | Building mesh BLAS |     188 tris | Sea arcade voussoir.008
Fra:1 Mem:509.93M (Peak 635.90M) | Time:00:00.32 | Mem:335.25M, Peak:335.25M | Scene, ViewLayer | Updating Geometry BVH Sea arcade voussoir.009 527/710 | Building BVH
Fra:1 Mem:509.93M (Peak 635.90M) | Time:00:00.32 | Mem:335.25M, Peak:335.25M | Scene, ViewLayer | Updating Geometry BVH Sea arcade voussoir.010 528/710 | Building BVH
Fra:1 Mem:509.93M (Peak 635.90M) | Time:00:00.32 | Mem:335.26M, Peak:335.26M | Scene, ViewLayer | Updating Geometry BVH Sea arcade voussoir.010 528/710 | Building mesh BLAS |     188 tris | Sea arcade voussoir.010
Fra:1 Mem:509.93M (Peak 635.90M) | Time:00:00.32 | Mem:335.27M, Peak:335.27M | Scene, ViewLayer | Updating Geometry BVH Sea arcade voussoir.011 529/710 | Building BVH
Fra:1 Mem:509.93M (Peak 635.90M) | Time:00:00.32 | Mem:335.28M, Peak:335.28M | Scene, ViewLayer | Updating Geometry BVH Sea arcade voussoir.012 530/710 | Building BVH
Fra:1 Mem:509.93M (Peak 635.90M) | Time:00:00.32 | Mem:335.28M, Peak:335.28M | Scene, ViewLayer | Updating Geometry BVH Sea arcade voussoir.012 530/710 | Building mesh BLAS |     188 tris | Sea arcade voussoir.011
Fra:1 Mem:509.93M (Peak 635.90M) | Time:00:00.32 | Mem:335.28M, Peak:335.28M | Scene, ViewLayer | Updating Geometry BVH Sea arcade voussoir.012 530/710 | Building mesh BLAS |     188 tris | Sea arcade voussoir.012
Fra:1 Mem:509.93M (Peak 635.90M) | Time:00:00.32 | Mem:335.29M, Peak:335.29M | Scene, ViewLayer | Updating Geometry BVH Sea arcade voussoir.013 531/710 | Building BVH
Fra:1 Mem:509.93M (Peak 635.90M) | Time:00:00.32 | Mem:335.29M, Peak:335.29M | Scene, ViewLayer | Updating Geometry BVH Sea arcade voussoir.014 532/710 | Building BVH
Fra:1 Mem:509.93M (Peak 635.90M) | Time:00:00.32 | Mem:335.29M, Peak:335.29M | Scene, ViewLayer | Updating Geometry BVH Sea arcade voussoir.014 532/710 | Building mesh BLAS |     188 tris | Sea arcade voussoir.014
Fra:1 Mem:509.93M (Peak 635.90M) | Time:00:00.32 | Mem:335.29M, Peak:335.29M | Scene, ViewLayer | Updating Geometry BVH Sea arcade voussoir.015 533/710 | Building BVH
Fra:1 Mem:509.93M (Peak 635.90M) | Time:00:00.33 | Mem:335.29M, Peak:335.29M | Scene, ViewLayer | Updating Geometry BVH Sea arcade voussoir.015 533/710 | Building mesh BLAS |     188 tris | Sea arcade voussoir.015
Fra:1 Mem:509.93M (Peak 635.90M) | Time:00:00.33 | Mem:335.29M, Peak:335.29M | Scene, ViewLayer | Updating Geometry BVH Sea arcade voussoir.016 534/710 | Building BVH
Fra:1 Mem:509.93M (Peak 635.90M) | Time:00:00.33 | Mem:335.29M, Peak:335.29M | Scene, ViewLayer | Updating Geometry BVH Sea arcade voussoir.016 534/710 | Building mesh BLAS |     188 tris | Sea arcade voussoir.016
Fra:1 Mem:509.93M (Peak 635.90M) | Time:00:00.33 | Mem:335.31M, Peak:335.31M | Scene, ViewLayer | Updating Geometry BVH Sea arcade arch.001 535/710 | Building BVH
Fra:1 Mem:509.93M (Peak 635.90M) | Time:00:00.33 | Mem:335.31M, Peak:335.31M | Scene, ViewLayer | Updating Geometry BVH Sea arcade voussoir.017 536/710 | Building BVH
Fra:1 Mem:509.93M (Peak 635.90M) | Time:00:00.33 | Mem:335.31M, Peak:335.31M | Scene, ViewLayer | Updating Geometry BVH Sea arcade voussoir.018 537/710 | Building BVH
Fra:1 Mem:509.93M (Peak 635.90M) | Time:00:00.33 | Mem:335.31M, Peak:335.31M | Scene, ViewLayer | Updating Geometry BVH Sea arcade voussoir.018 537/710 | Building mesh BLAS |     188 tris | Sea arcade voussoir.017
Fra:1 Mem:509.93M (Peak 635.90M) | Time:00:00.33 | Mem:335.31M, Peak:335.31M | Scene, ViewLayer | Updating Geometry BVH Sea arcade voussoir.018 537/710 | Building mesh BLAS |     188 tris | Sea arcade voussoir.018
Fra:1 Mem:509.93M (Peak 635.90M) | Time:00:00.33 | Mem:335.31M, Peak:335.31M | Scene, ViewLayer | Updating Geometry BVH Sea arcade voussoir.018 537/710 | Building mesh BLAS |    1692 tris | Sea arcade arch.001
Fra:1 Mem:509.93M (Peak 635.90M) | Time:00:00.33 | Mem:335.32M, Peak:335.32M | Scene, ViewLayer | Updating Geometry BVH High cliff bridge voussoir.015 680/710 | Building BVH
Fra:1 Mem:509.93M (Peak 635.90M) | Time:00:00.33 | Mem:335.33M, Peak:335.33M | Scene, ViewLayer | Updating Geometry BVH High cliff bridge voussoir.015 680/710 | Building mesh BLAS |     188 tris | High cliff bridge voussoir.015
Fra:1 Mem:509.93M (Peak 635.90M) | Time:00:00.33 | Mem:335.35M, Peak:335.35M | Scene, ViewLayer | Updating Geometry BVH Sea arcade voussoir.019 538/710 | Building BVH
Fra:1 Mem:509.93M (Peak 635.90M) | Time:00:00.33 | Mem:335.38M, Peak:335.38M | Scene, ViewLayer | Updating Geometry BVH Sea arcade voussoir.019 538/710 | Building mesh BLAS |     188 tris | Sea arcade voussoir.019
Fra:1 Mem:509.93M (Peak 635.90M) | Time:00:00.33 | Mem:335.38M, Peak:335.38M | Scene, ViewLayer | Updating Geometry BVH Sea arcade voussoir.020 539/710 | Building BVH
Fra:1 Mem:509.93M (Peak 635.90M) | Time:00:00.33 | Mem:335.38M, Peak:335.38M | Scene, ViewLayer | Updating Geometry BVH Sea arcade voussoir.020 539/710 | Building mesh BLAS |     188 tris | Sea arcade voussoir.020
Fra:1 Mem:509.93M (Peak 635.90M) | Time:00:00.33 | Mem:335.38M, Peak:335.38M | Scene, ViewLayer | Updating Geometry BVH Sea arcade voussoir.021 540/710 | Building BVH
Fra:1 Mem:509.93M (Peak 635.90M) | Time:00:00.33 | Mem:335.38M, Peak:335.38M | Scene, ViewLayer | Updating Geometry BVH Sea arcade voussoir.021 540/710 | Building mesh BLAS |     188 tris | Sea arcade voussoir.021
Fra:1 Mem:509.93M (Peak 635.90M) | Time:00:00.33 | Mem:335.38M, Peak:335.38M | Scene, ViewLayer | Updating Geometry BVH Sea arcade voussoir.022 541/710 | Building BVH
Fra:1 Mem:509.93M (Peak 635.90M) | Time:00:00.33 | Mem:335.38M, Peak:335.38M | Scene, ViewLayer | Updating Geometry BVH Sea arcade voussoir.022 541/710 | Building mesh BLAS |     188 tris | Sea arcade voussoir.022
Fra:1 Mem:509.93M (Peak 635.90M) | Time:00:00.33 | Mem:335.40M, Peak:335.40M | Scene, ViewLayer | Updating Geometry BVH Sea arcade voussoir.023 542/710 | Building BVH
Fra:1 Mem:509.93M (Peak 635.90M) | Time:00:00.33 | Mem:335.40M, Peak:335.40M | Scene, ViewLayer | Updating Geometry BVH Sea arcade voussoir.024 543/710 | Building BVH
Fra:1 Mem:509.93M (Peak 635.90M) | Time:00:00.33 | Mem:335.40M, Peak:335.40M | Scene, ViewLayer | Updating Geometry BVH Sea arcade voussoir.024 543/710 | Building mesh BLAS |     188 tris | Sea arcade voussoir.024
Fra:1 Mem:509.93M (Peak 635.90M) | Time:00:00.33 | Mem:335.50M, Peak:335.50M | Scene, ViewLayer | Updating Geometry BVH Sea arcade voussoir.025 544/710 | Building BVH
Fra:1 Mem:509.93M (Peak 635.90M) | Time:00:00.33 | Mem:335.51M, Peak:335.51M | Scene, ViewLayer | Updating Geometry BVH Sea arcade voussoir.027 546/710 | Building BVH
Fra:1 Mem:509.93M (Peak 635.90M) | Time:00:00.33 | Mem:335.51M, Peak:335.51M | Scene, ViewLayer | Updating Geometry BVH Sea arcade voussoir.027 546/710 | Building mesh BLAS |     188 tris | Sea arcade voussoir.025
Fra:1 Mem:509.93M (Peak 635.90M) | Time:00:00.33 | Mem:335.51M, Peak:335.51M | Scene, ViewLayer | Updating Geometry BVH Sea arcade voussoir.028 547/710 | Building BVH
Fra:1 Mem:509.93M (Peak 635.90M) | Time:00:00.33 | Mem:335.51M, Peak:335.51M | Scene, ViewLayer | Updating Geometry BVH Sea arcade voussoir.028 547/710 | Building mesh BLAS |     188 tris | Sea arcade voussoir.026
Fra:1 Mem:509.93M (Peak 635.90M) | Time:00:00.33 | Mem:335.51M, Peak:335.51M | Scene, ViewLayer | Updating Geometry BVH Sea arcade voussoir.028 547/710 | Building mesh BLAS |     188 tris | Sea arcade voussoir.028
Fra:1 Mem:509.93M (Peak 635.90M) | Time:00:00.33 | Mem:335.53M, Peak:335.53M | Scene, ViewLayer | Updating Geometry BVH Sea arcade voussoir.029 548/710 | Building BVH
Fra:1 Mem:509.93M (Peak 635.90M) | Time:00:00.33 | Mem:335.53M, Peak:335.53M | Scene, ViewLayer | Updating Geometry BVH Sea arcade voussoir.029 548/710 | Building mesh BLAS |     188 tris | Sea arcade voussoir.029
Fra:1 Mem:509.93M (Peak 635.90M) | Time:00:00.33 | Mem:335.53M, Peak:335.53M | Scene, ViewLayer | Updating Geometry BVH Sea arcade voussoir.030 549/710 | Building BVH
Fra:1 Mem:509.93M (Peak 635.90M) | Time:00:00.33 | Mem:335.53M, Peak:335.53M | Scene, ViewLayer | Updating Geometry BVH Sea arcade voussoir.030 549/710 | Building mesh BLAS |     188 tris | Sea arcade voussoir.030
Fra:1 Mem:509.93M (Peak 635.90M) | Time:00:00.33 | Mem:335.54M, Peak:335.54M | Scene, ViewLayer | Updating Geometry BVH Sea arcade voussoir.031 550/710 | Building BVH
Fra:1 Mem:509.93M (Peak 635.90M) | Time:00:00.33 | Mem:335.55M, Peak:335.55M | Scene, ViewLayer | Updating Geometry BVH Sea arcade voussoir.031 550/710 | Building mesh BLAS |     188 tris | Sea arcade voussoir.031
Fra:1 Mem:509.93M (Peak 635.90M) | Time:00:00.33 | Mem:335.55M, Peak:335.55M | Scene, ViewLayer | Updating Geometry BVH Sea arcade voussoir.032 551/710 | Building BVH
Fra:1 Mem:509.93M (Peak 635.90M) | Time:00:00.33 | Mem:335.55M, Peak:335.55M | Scene, ViewLayer | Updating Geometry BVH Sea arcade voussoir.032 551/710 | Building mesh BLAS |     188 tris | Sea arcade voussoir.032
Fra:1 Mem:509.93M (Peak 635.90M) | Time:00:00.33 | Mem:335.56M, Peak:335.56M | Scene, ViewLayer | Updating Geometry BVH Sea arcade voussoir.033 552/710 | Building BVH
Fra:1 Mem:509.93M (Peak 635.90M) | Time:00:00.33 | Mem:335.56M, Peak:335.56M | Scene, ViewLayer | Updating Geometry BVH Sea arcade voussoir.033 552/710 | Building mesh BLAS |     188 tris | Sea arcade voussoir.033
Fra:1 Mem:509.93M (Peak 635.90M) | Time:00:00.33 | Mem:335.56M, Peak:335.56M | Scene, ViewLayer | Updating Geometry BVH Sea arcade arch.002 553/710 | Building BVH
Fra:1 Mem:509.93M (Peak 635.90M) | Time:00:00.33 | Mem:335.56M, Peak:335.56M | Scene, ViewLayer | Updating Geometry BVH Sea arcade arch.002 553/710 | Building mesh BLAS |    1692 tris | Sea arcade arch.002
Fra:1 Mem:509.93M (Peak 635.90M) | Time:00:00.33 | Mem:335.57M, Peak:335.57M | Scene, ViewLayer | Updating Geometry BVH Sea arcade voussoir.034 554/710 | Building BVH
Fra:1 Mem:509.93M (Peak 635.90M) | Time:00:00.33 | Mem:335.57M, Peak:335.57M | Scene, ViewLayer | Updating Geometry BVH Sea arcade voussoir.034 554/710 | Building mesh BLAS |     188 tris | Sea arcade voussoir.034
Fra:1 Mem:509.93M (Peak 635.90M) | Time:00:00.33 | Mem:335.59M, Peak:335.59M | Scene, ViewLayer | Updating Geometry BVH High cliff bridge voussoir.014 679/710 | Building BVH
Fra:1 Mem:509.93M (Peak 635.90M) | Time:00:00.33 | Mem:335.59M, Peak:335.59M | Scene, ViewLayer | Updating Geometry BVH High cliff bridge voussoir.014 679/710 | Building mesh BLAS |     188 tris | High cliff bridge voussoir.014
Fra:1 Mem:509.93M (Peak 635.90M) | Time:00:00.33 | Mem:335.60M, Peak:335.60M | Scene, ViewLayer | Updating Geometry BVH Sea arcade voussoir.035 555/710 | Building BVH
Fra:1 Mem:509.93M (Peak 635.90M) | Time:00:00.33 | Mem:335.60M, Peak:335.60M | Scene, ViewLayer | Updating Geometry BVH Sea arcade voussoir.035 555/710 | Building mesh BLAS |     188 tris | Sea arcade voussoir.035
Fra:1 Mem:509.93M (Peak 635.90M) | Time:00:00.33 | Mem:335.60M, Peak:335.60M | Scene, ViewLayer | Updating Geometry BVH Sea arcade voussoir.036 556/710 | Building BVH
Fra:1 Mem:509.93M (Peak 635.90M) | Time:00:00.33 | Mem:335.60M, Peak:335.60M | Scene, ViewLayer | Updating Geometry BVH Sea arcade voussoir.036 556/710 | Building mesh BLAS |     188 tris | Sea arcade voussoir.036
Fra:1 Mem:509.93M (Peak 635.90M) | Time:00:00.33 | Mem:335.61M, Peak:335.61M | Scene, ViewLayer | Updating Geometry BVH Sea arcade voussoir.037 557/710 | Building BVH
Fra:1 Mem:509.93M (Peak 635.90M) | Time:00:00.33 | Mem:335.62M, Peak:335.62M | Scene, ViewLayer | Updating Geometry BVH Sea arcade voussoir.037 557/710 | Building mesh BLAS |     188 tris | Sea arcade voussoir.037
Fra:1 Mem:509.93M (Peak 635.90M) | Time:00:00.33 | Mem:335.62M, Peak:335.62M | Scene, ViewLayer | Updating Geometry BVH Sea arcade voussoir.038 558/710 | Building BVH
Fra:1 Mem:509.93M (Peak 635.90M) | Time:00:00.33 | Mem:335.63M, Peak:335.63M | Scene, ViewLayer | Updating Geometry BVH Sea arcade voussoir.038 558/710 | Building mesh BLAS |     188 tris | Sea arcade voussoir.038
Fra:1 Mem:509.93M (Peak 635.90M) | Time:00:00.33 | Mem:335.63M, Peak:335.63M | Scene, ViewLayer | Updating Geometry BVH Sea arcade voussoir.039 559/710 | Building BVH
Fra:1 Mem:509.93M (Peak 635.90M) | Time:00:00.33 | Mem:335.63M, Peak:335.63M | Scene, ViewLayer | Updating Geometry BVH Sea arcade voussoir.039 559/710 | Building mesh BLAS |     188 tris | Sea arcade voussoir.039
Fra:1 Mem:509.93M (Peak 635.90M) | Time:00:00.33 | Mem:335.63M, Peak:335.63M | Scene, ViewLayer | Updating Geometry BVH Sea arcade voussoir.040 560/710 | Building BVH
Fra:1 Mem:509.93M (Peak 635.90M) | Time:00:00.33 | Mem:335.63M, Peak:335.63M | Scene, ViewLayer | Updating Geometry BVH Sea arcade voussoir.040 560/710 | Building mesh BLAS |     188 tris | Sea arcade voussoir.040
Fra:1 Mem:509.93M (Peak 635.90M) | Time:00:00.33 | Mem:335.65M, Peak:335.65M | Scene, ViewLayer | Updating Geometry BVH Sea arcade voussoir.041 561/710 | Building BVH
Fra:1 Mem:509.93M (Peak 635.90M) | Time:00:00.33 | Mem:335.65M, Peak:335.65M | Scene, ViewLayer | Updating Geometry BVH Sea arcade voussoir.041 561/710 | Building mesh BLAS |     188 tris | Sea arcade voussoir.041
Fra:1 Mem:509.93M (Peak 635.90M) | Time:00:00.33 | Mem:335.76M, Peak:335.76M | Scene, ViewLayer | Updating Geometry BVH Sea arcade voussoir.042 562/710 | Building BVH
Fra:1 Mem:509.93M (Peak 635.90M) | Time:00:00.33 | Mem:335.76M, Peak:335.76M | Scene, ViewLayer | Updating Geometry BVH Sea arcade voussoir.042 562/710 | Building mesh BLAS |     188 tris | Sea arcade voussoir.042
Fra:1 Mem:509.93M (Peak 635.90M) | Time:00:00.33 | Mem:335.76M, Peak:335.76M | Scene, ViewLayer | Updating Geometry BVH Sea arcade voussoir.043 563/710 | Building BVH
Fra:1 Mem:509.93M (Peak 635.90M) | Time:00:00.33 | Mem:335.76M, Peak:335.76M | Scene, ViewLayer | Updating Geometry BVH Sea arcade voussoir.043 563/710 | Building mesh BLAS |     188 tris | Sea arcade voussoir.043
Fra:1 Mem:509.93M (Peak 635.90M) | Time:00:00.33 | Mem:335.76M, Peak:335.76M | Scene, ViewLayer | Updating Geometry BVH Sea arcade voussoir.044 564/710 | Building BVH
Fra:1 Mem:509.93M (Peak 635.90M) | Time:00:00.33 | Mem:335.76M, Peak:335.76M | Scene, ViewLayer | Updating Geometry BVH Sea arcade voussoir.044 564/710 | Building mesh BLAS |     188 tris | Sea arcade voussoir.044
Fra:1 Mem:509.93M (Peak 635.90M) | Time:00:00.33 | Mem:335.76M, Peak:335.76M | Scene, ViewLayer | Updating Geometry BVH Sea arcade voussoir.045 565/710 | Building BVH
Fra:1 Mem:509.93M (Peak 635.90M) | Time:00:00.33 | Mem:335.76M, Peak:335.76M | Scene, ViewLayer | Updating Geometry BVH Sea arcade voussoir.045 565/710 | Building mesh BLAS |     188 tris | Sea arcade voussoir.045
Fra:1 Mem:509.93M (Peak 635.90M) | Time:00:00.33 | Mem:335.78M, Peak:335.78M | Scene, ViewLayer | Updating Geometry BVH Sea arcade voussoir.046 566/710 | Building BVH
Fra:1 Mem:509.93M (Peak 635.90M) | Time:00:00.33 | Mem:335.79M, Peak:335.79M | Scene, ViewLayer | Updating Geometry BVH Sea arcade voussoir.047 567/710 | Building BVH
Fra:1 Mem:509.93M (Peak 635.90M) | Time:00:00.33 | Mem:335.79M, Peak:335.79M | Scene, ViewLayer | Updating Geometry BVH Sea arcade voussoir.047 567/710 | Building mesh BLAS |     188 tris | Sea arcade voussoir.046
Fra:1 Mem:509.93M (Peak 635.90M) | Time:00:00.33 | Mem:335.79M, Peak:335.79M | Scene, ViewLayer | Updating Geometry BVH Sea arcade voussoir.048 568/710 | Building mesh BLAS |     188 tris | Sea arcade voussoir.047
Fra:1 Mem:509.93M (Peak 635.90M) | Time:00:00.33 | Mem:335.79M, Peak:335.79M | Scene, ViewLayer | Updating Geometry BVH Sea arcade voussoir.048 568/710 | Building mesh BLAS |     188 tris | Sea arcade voussoir.048
Fra:1 Mem:509.93M (Peak 635.90M) | Time:00:00.33 | Mem:335.79M, Peak:335.79M | Scene, ViewLayer | Updating Geometry BVH Sea arcade voussoir.049 569/710 | Building BVH
Fra:1 Mem:509.93M (Peak 635.90M) | Time:00:00.33 | Mem:335.79M, Peak:335.79M | Scene, ViewLayer | Updating Geometry BVH Sea arcade voussoir.049 569/710 | Building mesh BLAS |     188 tris | Sea arcade voussoir.049
Fra:1 Mem:509.93M (Peak 635.90M) | Time:00:00.33 | Mem:335.81M, Peak:335.81M | Scene, ViewLayer | Updating Geometry BVH Sea arcade voussoir.050 570/710 | Building BVH
Fra:1 Mem:509.93M (Peak 635.90M) | Time:00:00.33 | Mem:335.81M, Peak:335.81M | Scene, ViewLayer | Updating Geometry BVH Sea arcade voussoir.050 570/710 | Building mesh BLAS |     188 tris | Sea arcade voussoir.050
Fra:1 Mem:509.93M (Peak 635.90M) | Time:00:00.33 | Mem:335.81M, Peak:335.81M | Scene, ViewLayer | Updating Geometry BVH Stair vault.004 571/710 | Building BVH
Fra:1 Mem:509.93M (Peak 635.90M) | Time:00:00.33 | Mem:335.81M, Peak:335.81M | Scene, ViewLayer | Updating Geometry BVH Stair vault.004 571/710 | Building mesh BLAS |     188 tris | Stair vault.004
Fra:1 Mem:509.93M (Peak 635.90M) | Time:00:00.33 | Mem:335.83M, Peak:335.83M | Scene, ViewLayer | Updating Geometry BVH High cliff bridge voussoir.013 678/710 | Building BVH
Fra:1 Mem:509.93M (Peak 635.90M) | Time:00:00.33 | Mem:335.85M, Peak:335.85M | Scene, ViewLayer | Updating Geometry BVH High cliff bridge voussoir.013 678/710 | Building mesh BLAS |     188 tris | High cliff bridge voussoir.013
Fra:1 Mem:509.93M (Peak 635.90M) | Time:00:00.33 | Mem:335.86M, Peak:335.86M | Scene, ViewLayer | Updating Geometry BVH Arrival shrine arch 572/710 | Building BVH
Fra:1 Mem:509.93M (Peak 635.90M) | Time:00:00.33 | Mem:335.86M, Peak:335.86M | Scene, ViewLayer | Updating Geometry BVH Arrival shrine arch.001 573/710 | Building BVH
Fra:1 Mem:509.93M (Peak 635.90M) | Time:00:00.33 | Mem:335.86M, Peak:335.86M | Scene, ViewLayer | Updating Geometry BVH Arrival shrine arch.001 573/710 | Building mesh BLAS |    1692 tris | Arrival shrine arch
Fra:1 Mem:509.93M (Peak 635.90M) | Time:00:00.33 | Mem:335.86M, Peak:335.86M | Scene, ViewLayer | Updating Geometry BVH Arrival shrine arch.001 573/710 | Building mesh BLAS |    1692 tris | Arrival shrine arch.001
Fra:1 Mem:509.93M (Peak 635.90M) | Time:00:00.33 | Mem:335.88M, Peak:335.88M | Scene, ViewLayer | Updating Geometry BVH Arrival shrine arch.002 574/710 | Building BVH
Fra:1 Mem:509.93M (Peak 635.90M) | Time:00:00.33 | Mem:335.88M, Peak:335.88M | Scene, ViewLayer | Updating Geometry BVH Arrival shrine arch.002 574/710 | Building mesh BLAS |    1692 tris | Arrival shrine arch.002
Fra:1 Mem:509.93M (Peak 635.90M) | Time:00:00.33 | Mem:335.88M, Peak:335.88M | Scene, ViewLayer | Updating Geometry BVH Arrival shrine arch.003 575/710 | Building BVH
Fra:1 Mem:509.93M (Peak 635.90M) | Time:00:00.33 | Mem:335.88M, Peak:335.88M | Scene, ViewLayer | Updating Geometry BVH Arrival shrine arch.003 575/710 | Building mesh BLAS |    1692 tris | Arrival shrine arch.003
Fra:1 Mem:509.93M (Peak 635.90M) | Time:00:00.33 | Mem:335.91M, Peak:335.91M | Scene, ViewLayer | Updating Geometry BVH Arrival shrine copper dome 576/710 | Building BVH
Fra:1 Mem:509.93M (Peak 635.90M) | Time:00:00.33 | Mem:335.91M, Peak:335.91M | Scene, ViewLayer | Updating Geometry BVH Raised standing seam 577/710 | Building BVH
Fra:1 Mem:509.93M (Peak 635.90M) | Time:00:00.33 | Mem:335.91M, Peak:335.91M | Scene, ViewLayer | Updating Geometry BVH Raised standing seam.001 578/710 | Building BVH
Fra:1 Mem:509.93M (Peak 635.90M) | Time:00:00.33 | Mem:335.91M, Peak:335.91M | Scene, ViewLayer | Updating Geometry BVH Raised standing seam.001 578/710 | Building mesh BLAS |    1152 tris | Raised standing seam
Fra:1 Mem:509.93M (Peak 635.90M) | Time:00:00.33 | Mem:335.91M, Peak:335.91M | Scene, ViewLayer | Updating Geometry BVH Raised standing seam.001 578/710 | Building mesh BLAS |   13824 tris | Arrival shrine copper dome
Fra:1 Mem:509.93M (Peak 635.90M) | Time:00:00.33 | Mem:335.91M, Peak:335.91M | Scene, ViewLayer | Updating Geometry BVH Raised standing seam.002 579/710 | Building BVH
Fra:1 Mem:509.93M (Peak 635.90M) | Time:00:00.33 | Mem:335.91M, Peak:335.91M | Scene, ViewLayer | Updating Geometry BVH Raised standing seam.002 579/710 | Building mesh BLAS |    1152 tris | Raised standing seam.002
Fra:1 Mem:509.93M (Peak 635.90M) | Time:00:00.33 | Mem:335.91M, Peak:335.91M | Scene, ViewLayer | Updating Geometry BVH Raised standing seam.003 580/710 | Building BVH
Fra:1 Mem:509.93M (Peak 635.90M) | Time:00:00.33 | Mem:336.01M, Peak:336.01M | Scene, ViewLayer | Updating Geometry BVH Raised standing seam.003 580/710 | Building mesh BLAS |    1152 tris | Raised standing seam.003
Fra:1 Mem:509.93M (Peak 635.90M) | Time:00:00.33 | Mem:336.01M, Peak:336.01M | Scene, ViewLayer | Updating Geometry BVH Raised standing seam.004 581/710 | Building BVH
Fra:1 Mem:509.93M (Peak 635.90M) | Time:00:00.33 | Mem:336.01M, Peak:336.01M | Scene, ViewLayer | Updating Geometry BVH Raised standing seam.004 581/710 | Building mesh BLAS |    1152 tris | Raised standing seam.004
Fra:1 Mem:509.93M (Peak 635.90M) | Time:00:00.33 | Mem:336.01M, Peak:336.01M | Scene, ViewLayer | Updating Geometry BVH Raised standing seam.005 582/710 | Building BVH
Fra:1 Mem:509.93M (Peak 635.90M) | Time:00:00.33 | Mem:336.01M, Peak:336.01M | Scene, ViewLayer | Updating Geometry BVH Raised standing seam.005 582/710 | Building mesh BLAS |    1152 tris | Raised standing seam.005
Fra:1 Mem:509.93M (Peak 635.90M) | Time:00:00.33 | Mem:336.04M, Peak:336.04M | Scene, ViewLayer | Updating Geometry BVH Raised standing seam.006 583/710 | Building BVH
Fra:1 Mem:509.93M (Peak 635.90M) | Time:00:00.33 | Mem:336.04M, Peak:336.04M | Scene, ViewLayer | Updating Geometry BVH Raised standing seam.007 584/710 | Building BVH
Fra:1 Mem:509.93M (Peak 635.90M) | Time:00:00.33 | Mem:336.05M, Peak:336.05M | Scene, ViewLayer | Updating Geometry BVH Raised standing seam.007 584/710 | Building mesh BLAS |    1152 tris | Raised standing seam.006
Fra:1 Mem:509.93M (Peak 635.90M) | Time:00:00.33 | Mem:336.06M, Peak:336.06M | Scene, ViewLayer | Updating Geometry BVH Raised standing seam.008 585/710 | Building BVH
Fra:1 Mem:509.93M (Peak 635.90M) | Time:00:00.33 | Mem:336.06M, Peak:336.06M | Scene, ViewLayer | Updating Geometry BVH Raised standing seam.008 585/710 | Building mesh BLAS |    1152 tris | Raised standing seam.008
Fra:1 Mem:509.93M (Peak 635.90M) | Time:00:00.33 | Mem:336.06M, Peak:336.06M | Scene, ViewLayer | Updating Geometry BVH Raised standing seam.009 586/710 | Building BVH
Fra:1 Mem:509.93M (Peak 635.90M) | Time:00:00.33 | Mem:336.06M, Peak:336.06M | Scene, ViewLayer | Updating Geometry BVH Raised standing seam.010 587/710 | Building BVH
Fra:1 Mem:509.93M (Peak 635.90M) | Time:00:00.33 | Mem:336.06M, Peak:336.06M | Scene, ViewLayer | Updating Geometry BVH Raised standing seam.011 588/710 | Building mesh BLAS |    1152 tris | Raised standing seam.009
Fra:1 Mem:509.93M (Peak 635.90M) | Time:00:00.33 | Mem:336.06M, Peak:336.06M | Scene, ViewLayer | Updating Geometry BVH Raised standing seam.011 588/710 | Building mesh BLAS |    1152 tris | Raised standing seam.011
Fra:1 Mem:509.93M (Peak 635.90M) | Time:00:00.33 | Mem:336.09M, Peak:336.09M | Scene, ViewLayer | Updating Geometry BVH High cliff bridge voussoir.012 677/710 | Building BVH
Fra:1 Mem:509.93M (Peak 635.90M) | Time:00:00.33 | Mem:336.10M, Peak:336.10M | Scene, ViewLayer | Updating Geometry BVH High cliff bridge voussoir.012 677/710 | Building mesh BLAS |     188 tris | High cliff bridge voussoir.012
Fra:1 Mem:509.93M (Peak 635.90M) | Time:00:00.33 | Mem:336.10M, Peak:336.10M | Scene, ViewLayer | Updating Geometry BVH Raised standing seam.012 589/710 | Building BVH
Fra:1 Mem:509.93M (Peak 635.90M) | Time:00:00.33 | Mem:336.10M, Peak:336.10M | Scene, ViewLayer | Updating Geometry BVH Raised standing seam.012 589/710 | Building mesh BLAS |    1152 tris | Raised standing seam.012
Fra:1 Mem:509.93M (Peak 635.90M) | Time:00:00.33 | Mem:336.10M, Peak:336.10M | Scene, ViewLayer | Updating Geometry BVH Raised standing seam.013 590/710 | Building BVH
Fra:1 Mem:509.93M (Peak 635.90M) | Time:00:00.33 | Mem:336.10M, Peak:336.10M | Scene, ViewLayer | Updating Geometry BVH Raised standing seam.013 590/710 | Building mesh BLAS |    1152 tris | Raised standing seam.013
Fra:1 Mem:509.93M (Peak 635.90M) | Time:00:00.33 | Mem:336.13M, Peak:336.13M | Scene, ViewLayer | Updating Geometry BVH Raised standing seam.014 591/710 | Building BVH
Fra:1 Mem:509.93M (Peak 635.90M) | Time:00:00.33 | Mem:336.13M, Peak:336.13M | Scene, ViewLayer | Updating Geometry BVH Raised standing seam.014 591/710 | Building mesh BLAS |    1152 tris | Raised standing seam.014
Fra:1 Mem:509.93M (Peak 635.90M) | Time:00:00.33 | Mem:336.13M, Peak:336.13M | Scene, ViewLayer | Updating Geometry BVH Raised standing seam.015 592/710 | Building BVH
Fra:1 Mem:509.93M (Peak 635.90M) | Time:00:00.33 | Mem:336.13M, Peak:336.13M | Scene, ViewLayer | Updating Geometry BVH Raised standing seam.015 592/710 | Building mesh BLAS |    1152 tris | Raised standing seam.015
Fra:1 Mem:509.93M (Peak 635.90M) | Time:00:00.33 | Mem:337.78M, Peak:337.78M | Scene, ViewLayer | Updating Geometry BVH Dome rolled rim 593/710 | Building BVH
Fra:1 Mem:509.93M (Peak 635.90M) | Time:00:00.33 | Mem:337.78M, Peak:337.78M | Scene, ViewLayer | Updating Geometry BVH Dome rolled rim.001 594/710 | Building BVH
Fra:1 Mem:509.93M (Peak 635.90M) | Time:00:00.33 | Mem:337.78M, Peak:337.78M | Scene, ViewLayer | Updating Geometry BVH Dome rolled rim.001 594/710 | Building mesh BLAS |    1536 tris | Dome rolled rim
Fra:1 Mem:509.93M (Peak 635.90M) | Time:00:00.33 | Mem:337.78M, Peak:337.78M | Scene, ViewLayer | Updating Geometry BVH Island pavilion 0 arch.001 596/710 | Building BVH
Fra:1 Mem:509.93M (Peak 635.90M) | Time:00:00.33 | Mem:337.78M, Peak:337.78M | Scene, ViewLayer | Updating Geometry BVH Island pavilion 0 arch.001 596/710 | Building mesh BLAS |    1536 tris | Dome rolled rim.001
Fra:1 Mem:509.93M (Peak 635.90M) | Time:00:00.33 | Mem:337.78M, Peak:337.78M | Scene, ViewLayer | Updating Geometry BVH Island pavilion 0 arch.001 596/710 | Building mesh BLAS |    1692 tris | Island pavilion 0 arch.001
Fra:1 Mem:509.93M (Peak 635.90M) | Time:00:00.33 | Mem:337.78M, Peak:337.78M | Scene, ViewLayer | Updating Geometry BVH Island pavilion 0 arch.001 596/710 | Building mesh BLAS |    1692 tris | Island pavilion 0 arch
Fra:1 Mem:509.93M (Peak 635.90M) | Time:00:00.33 | Mem:339.25M, Peak:339.25M | Scene, ViewLayer | Updating Geometry BVH Island pavilion 0 arch.002 597/710 | Building BVH
Fra:1 Mem:509.93M (Peak 635.90M) | Time:00:00.33 | Mem:339.25M, Peak:339.25M | Scene, ViewLayer | Updating Geometry BVH Island pavilion 0 arch.002 597/710 | Building mesh BLAS |    1692 tris | Island pavilion 0 arch.002
Fra:1 Mem:509.93M (Peak 635.90M) | Time:00:00.33 | Mem:345.43M, Peak:345.43M | Scene, ViewLayer | Updating Geometry BVH Island pavilion 0 arch.003 598/710 | Building BVH
Fra:1 Mem:509.93M (Peak 635.90M) | Time:00:00.33 | Mem:345.43M, Peak:345.43M | Scene, ViewLayer | Updating Geometry BVH Island pavilion 0 copper dome 599/710 | Building BVH
Fra:1 Mem:509.93M (Peak 635.90M) | Time:00:00.33 | Mem:347.71M, Peak:347.71M | Scene, ViewLayer | Updating Geometry BVH Raised standing seam.016 600/710 | Building BVH
Fra:1 Mem:509.93M (Peak 635.90M) | Time:00:00.33 | Mem:347.71M, Peak:347.71M | Scene, ViewLayer | Updating Geometry BVH Raised standing seam.016 600/710 | Building mesh BLAS |   13824 tris | Island pavilion 0 copper dome
Fra:1 Mem:509.93M (Peak 635.90M) | Time:00:00.33 | Mem:347.71M, Peak:347.71M | Scene, ViewLayer | Updating Geometry BVH Raised standing seam.016 600/710 | Building mesh BLAS |    1152 tris | Raised standing seam.016
Fra:1 Mem:509.93M (Peak 635.90M) | Time:00:00.33 | Mem:348.54M, Peak:348.54M | Scene, ViewLayer | Updating Geometry BVH Raised standing seam.017 601/710 | Building BVH
Fra:1 Mem:509.93M (Peak 635.90M) | Time:00:00.33 | Mem:350.00M, Peak:350.00M | Scene, ViewLayer | Updating Geometry BVH Raised standing seam.018 602/710 | Building BVH
Fra:1 Mem:509.93M (Peak 635.90M) | Time:00:00.33 | Mem:350.00M, Peak:350.00M | Scene, ViewLayer | Updating Geometry BVH Raised standing seam.019 603/710 | Building BVH
Fra:1 Mem:509.93M (Peak 635.90M) | Time:00:00.33 | Mem:351.45M, Peak:351.45M | Scene, ViewLayer | Updating Geometry BVH Raised standing seam.020 604/710 | Building BVH
Fra:1 Mem:509.93M (Peak 635.90M) | Time:00:00.33 | Mem:351.45M, Peak:351.45M | Scene, ViewLayer | Updating Geometry BVH Raised standing seam.020 604/710 | Building mesh BLAS |    1152 tris | Raised standing seam.020
Fra:1 Mem:509.93M (Peak 635.90M) | Time:00:00.33 | Mem:351.45M, Peak:351.45M | Scene, ViewLayer | Updating Geometry BVH Raised standing seam.020 604/710 | Building mesh BLAS |    1152 tris | Raised standing seam.017
Fra:1 Mem:509.93M (Peak 635.90M) | Time:00:00.33 | Mem:351.45M, Peak:351.45M | Scene, ViewLayer | Updating Geometry BVH Raised standing seam.021 605/710 | Building mesh BLAS |    1152 tris | Raised standing seam.019
Fra:1 Mem:509.93M (Peak 635.90M) | Time:00:00.33 | Mem:351.75M, Peak:351.75M | Scene, ViewLayer | Updating Geometry BVH High cliff bridge voussoir.011 676/710 | Building BVH
Fra:1 Mem:509.93M (Peak 635.90M) | Time:00:00.33 | Mem:351.75M, Peak:351.75M | Scene, ViewLayer | Updating Geometry BVH High cliff bridge voussoir.011 676/710 | Building mesh BLAS |     188 tris | High cliff bridge voussoir.011
Fra:1 Mem:509.93M (Peak 635.90M) | Time:00:00.33 | Mem:353.22M, Peak:353.22M | Scene, ViewLayer | Updating Geometry BVH High cliff bridge voussoir.011 676/710 | Building mesh BLAS |    1152 tris | Raised standing seam.021
Fra:1 Mem:509.93M (Peak 635.90M) | Time:00:00.33 | Mem:353.22M, Peak:353.22M | Scene, ViewLayer | Updating Geometry BVH Raised standing seam.022 606/710 | Building BVH
Fra:1 Mem:509.93M (Peak 635.90M) | Time:00:00.33 | Mem:353.22M, Peak:353.22M | Scene, ViewLayer | Updating Geometry BVH Raised standing seam.022 606/710 | Building mesh BLAS |    1152 tris | Raised standing seam.022
Fra:1 Mem:509.93M (Peak 635.90M) | Time:00:00.33 | Mem:353.22M, Peak:353.22M | Scene, ViewLayer | Updating Geometry BVH Raised standing seam.023 607/710 | Building BVH
Fra:1 Mem:509.93M (Peak 635.90M) | Time:00:00.33 | Mem:353.22M, Peak:353.22M | Scene, ViewLayer | Updating Geometry BVH Raised standing seam.023 607/710 | Building mesh BLAS |    1152 tris | Raised standing seam.023
Fra:1 Mem:509.93M (Peak 635.90M) | Time:00:00.33 | Mem:353.27M, Peak:353.27M | Scene, ViewLayer | Updating Geometry BVH Raised standing seam.024 608/710 | Building BVH
Fra:1 Mem:509.93M (Peak 635.90M) | Time:00:00.33 | Mem:353.27M, Peak:353.27M | Scene, ViewLayer | Updating Geometry BVH Raised standing seam.025 609/710 | Building BVH
Fra:1 Mem:509.93M (Peak 635.90M) | Time:00:00.33 | Mem:353.27M, Peak:353.27M | Scene, ViewLayer | Updating Geometry BVH Raised standing seam.025 609/710 | Building mesh BLAS |    1152 tris | Raised standing seam.024
Fra:1 Mem:509.93M (Peak 635.90M) | Time:00:00.33 | Mem:353.27M, Peak:353.27M | Scene, ViewLayer | Updating Geometry BVH Raised standing seam.025 609/710 | Building mesh BLAS |    1152 tris | Raised standing seam.025
Fra:1 Mem:509.93M (Peak 635.90M) | Time:00:00.33 | Mem:353.40M, Peak:353.40M | Scene, ViewLayer | Updating Geometry BVH Raised standing seam.026 610/710 | Building BVH
Fra:1 Mem:509.93M (Peak 635.90M) | Time:00:00.33 | Mem:353.40M, Peak:353.40M | Scene, ViewLayer | Updating Geometry BVH Raised standing seam.027 611/710 | Building BVH
Fra:1 Mem:509.93M (Peak 635.90M) | Time:00:00.33 | Mem:353.40M, Peak:353.40M | Scene, ViewLayer | Updating Geometry BVH Raised standing seam.027 611/710 | Building mesh BLAS |    1152 tris | Raised standing seam.027
Fra:1 Mem:509.93M (Peak 635.90M) | Time:00:00.33 | Mem:353.40M, Peak:353.40M | Scene, ViewLayer | Updating Geometry BVH Raised standing seam.028 612/710 | Building BVH
Fra:1 Mem:509.93M (Peak 635.90M) | Time:00:00.33 | Mem:353.40M, Peak:353.40M | Scene, ViewLayer | Updating Geometry BVH Raised standing seam.028 612/710 | Building mesh BLAS |    1152 tris | Raised standing seam.028
Fra:1 Mem:509.93M (Peak 635.90M) | Time:00:00.33 | Mem:353.40M, Peak:353.40M | Scene, ViewLayer | Updating Geometry BVH Raised standing seam.029 613/710 | Building BVH
Fra:1 Mem:509.93M (Peak 635.90M) | Time:00:00.33 | Mem:353.40M, Peak:353.40M | Scene, ViewLayer | Updating Geometry BVH Raised standing seam.030 614/710 | Building BVH
Fra:1 Mem:509.93M (Peak 635.90M) | Time:00:00.33 | Mem:353.40M, Peak:353.40M | Scene, ViewLayer | Updating Geometry BVH Raised standing seam.030 614/710 | Building mesh BLAS |    1152 tris | Raised standing seam.029
Fra:1 Mem:509.93M (Peak 635.90M) | Time:00:00.33 | Mem:353.40M, Peak:353.40M | Scene, ViewLayer | Updating Geometry BVH Raised standing seam.030 614/710 | Building mesh BLAS |    1152 tris | Raised standing seam.030
Fra:1 Mem:509.93M (Peak 635.90M) | Time:00:00.33 | Mem:353.44M, Peak:353.44M | Scene, ViewLayer | Updating Geometry BVH Raised standing seam.031 615/710 | Building BVH
Fra:1 Mem:509.93M (Peak 635.90M) | Time:00:00.33 | Mem:353.45M, Peak:353.45M | Scene, ViewLayer | Updating Geometry BVH Dome rolled rim.002 616/710 | Building BVH
Fra:1 Mem:509.93M (Peak 635.90M) | Time:00:00.33 | Mem:353.45M, Peak:353.45M | Scene, ViewLayer | Updating Geometry BVH Dome rolled rim.002 616/710 | Building mesh BLAS |    1536 tris | Dome rolled rim.002
Fra:1 Mem:509.93M (Peak 635.90M) | Time:00:00.33 | Mem:353.46M, Peak:353.46M | Scene, ViewLayer | Updating Geometry BVH Dome rolled rim.003 617/710 | Building BVH
Fra:1 Mem:509.93M (Peak 635.90M) | Time:00:00.33 | Mem:353.46M, Peak:353.46M | Scene, ViewLayer | Updating Geometry BVH Island pavilion 1 arch 618/710 | Building BVH
Fra:1 Mem:509.93M (Peak 635.90M) | Time:00:00.33 | Mem:353.46M, Peak:353.46M | Scene, ViewLayer | Updating Geometry BVH Island pavilion 1 arch.001 619/710 | Building BVH
Fra:1 Mem:509.93M (Peak 635.90M) | Time:00:00.33 | Mem:353.46M, Peak:353.46M | Scene, ViewLayer | Updating Geometry BVH Island pavilion 1 arch.001 619/710 | Building mesh BLAS |    1692 tris | Island pavilion 1 arch.001
Fra:1 Mem:509.93M (Peak 635.90M) | Time:00:00.33 | Mem:353.46M, Peak:353.46M | Scene, ViewLayer | Updating Geometry BVH Island pavilion 1 arch.001 619/710 | Building mesh BLAS |    1536 tris | Dome rolled rim.003
Fra:1 Mem:509.93M (Peak 635.90M) | Time:00:00.33 | Mem:353.46M, Peak:353.46M | Scene, ViewLayer | Updating Geometry BVH Island pavilion 1 arch.001 619/710 | Building mesh BLAS |    1692 tris | Island pavilion 1 arch
Fra:1 Mem:509.93M (Peak 635.90M) | Time:00:00.33 | Mem:353.46M, Peak:353.46M | Scene, ViewLayer | Updating Geometry BVH Island pavilion 1 arch.001 619/710 | Building mesh BLAS |    1152 tris | Raised standing seam.031
Fra:1 Mem:509.93M (Peak 635.90M) | Time:00:00.33 | Mem:353.46M, Peak:353.46M | Scene, ViewLayer | Updating Geometry BVH Island pavilion 1 arch.002 620/710 | Building BVH
Fra:1 Mem:509.93M (Peak 635.90M) | Time:00:00.33 | Mem:353.46M, Peak:353.46M | Scene, ViewLayer | Updating Geometry BVH Island pavilion 1 arch.002 620/710 | Building mesh BLAS |    1692 tris | Island pavilion 1 arch.002
Fra:1 Mem:509.93M (Peak 635.90M) | Time:00:00.33 | Mem:353.48M, Peak:353.48M | Scene, ViewLayer | Updating Geometry BVH High cliff bridge voussoir.010 675/710 | Building BVH
Fra:1 Mem:509.93M (Peak 635.90M) | Time:00:00.33 | Mem:353.48M, Peak:353.48M | Scene, ViewLayer | Updating Geometry BVH High cliff bridge voussoir.010 675/710 | Building mesh BLAS |     188 tris | High cliff bridge voussoir.010
Fra:1 Mem:509.93M (Peak 635.90M) | Time:00:00.33 | Mem:353.48M, Peak:353.48M | Scene, ViewLayer | Updating Geometry BVH Island pavilion 1 arch.003 621/710 | Building BVH
Fra:1 Mem:509.93M (Peak 635.90M) | Time:00:00.33 | Mem:353.48M, Peak:353.48M | Scene, ViewLayer | Updating Geometry BVH Island pavilion 1 arch.003 621/710 | Building mesh BLAS |    1692 tris | Island pavilion 1 arch.003
Fra:1 Mem:509.93M (Peak 635.90M) | Time:00:00.33 | Mem:353.48M, Peak:353.48M | Scene, ViewLayer | Updating Geometry BVH Island pavilion 1 copper dome 622/710 | Building BVH
Fra:1 Mem:509.93M (Peak 635.90M) | Time:00:00.33 | Mem:353.48M, Peak:353.48M | Scene, ViewLayer | Updating Geometry BVH Island pavilion 1 copper dome 622/710 | Building mesh BLAS |   13824 tris | Island pavilion 1 copper dome
Fra:1 Mem:509.93M (Peak 635.90M) | Time:00:00.33 | Mem:353.51M, Peak:353.51M | Scene, ViewLayer | Updating Geometry BVH Raised standing seam.032 623/710 | Building BVH
Fra:1 Mem:509.93M (Peak 635.90M) | Time:00:00.33 | Mem:353.51M, Peak:353.51M | Scene, ViewLayer | Updating Geometry BVH Raised standing seam.033 624/710 | Building BVH
Fra:1 Mem:509.93M (Peak 635.90M) | Time:00:00.33 | Mem:353.51M, Peak:353.51M | Scene, ViewLayer | Updating Geometry BVH Raised standing seam.033 624/710 | Building mesh BLAS |    1152 tris | Raised standing seam.032
Fra:1 Mem:509.93M (Peak 635.90M) | Time:00:00.33 | Mem:353.51M, Peak:353.51M | Scene, ViewLayer | Updating Geometry BVH Raised standing seam.033 624/710 | Building mesh BLAS |    1152 tris | Raised standing seam.033
Fra:1 Mem:509.93M (Peak 635.90M) | Time:00:00.33 | Mem:353.52M, Peak:353.52M | Scene, ViewLayer | Updating Geometry BVH Raised standing seam.034 625/710 | Building BVH
Fra:1 Mem:509.93M (Peak 635.90M) | Time:00:00.33 | Mem:353.52M, Peak:353.52M | Scene, ViewLayer | Updating Geometry BVH Raised standing seam.035 626/710 | Building BVH
Fra:1 Mem:509.93M (Peak 635.90M) | Time:00:00.33 | Mem:353.52M, Peak:353.52M | Scene, ViewLayer | Updating Geometry BVH Raised standing seam.035 626/710 | Building mesh BLAS |    1152 tris | Raised standing seam.034
Fra:1 Mem:509.93M (Peak 635.90M) | Time:00:00.33 | Mem:353.52M, Peak:353.52M | Scene, ViewLayer | Updating Geometry BVH Raised standing seam.035 626/710 | Building mesh BLAS |    1152 tris | Raised standing seam.035
Fra:1 Mem:509.93M (Peak 635.90M) | Time:00:00.33 | Mem:353.56M, Peak:353.56M | Scene, ViewLayer | Updating Geometry BVH Raised standing seam.036 627/710 | Building BVH
Fra:1 Mem:509.93M (Peak 635.90M) | Time:00:00.33 | Mem:353.56M, Peak:353.56M | Scene, ViewLayer | Updating Geometry BVH Raised standing seam.037 628/710 | Building BVH
Fra:1 Mem:509.93M (Peak 635.90M) | Time:00:00.33 | Mem:353.56M, Peak:353.56M | Scene, ViewLayer | Updating Geometry BVH Raised standing seam.037 628/710 | Building mesh BLAS |    1152 tris | Raised standing seam.036
Fra:1 Mem:509.93M (Peak 635.90M) | Time:00:00.33 | Mem:353.56M, Peak:353.56M | Scene, ViewLayer | Updating Geometry BVH Raised standing seam.037 628/710 | Building mesh BLAS |    1152 tris | Raised standing seam.037
Fra:1 Mem:509.93M (Peak 635.90M) | Time:00:00.33 | Mem:353.66M, Peak:353.66M | Scene, ViewLayer | Updating Geometry BVH Raised standing seam.038 629/710 | Building BVH
Fra:1 Mem:509.93M (Peak 635.90M) | Time:00:00.33 | Mem:353.66M, Peak:353.66M | Scene, ViewLayer | Updating Geometry BVH Raised standing seam.038 629/710 | Building mesh BLAS |    1152 tris | Raised standing seam.038
Fra:1 Mem:509.93M (Peak 635.90M) | Time:00:00.33 | Mem:353.67M, Peak:353.67M | Scene, ViewLayer | Updating Geometry BVH Raised standing seam.039 630/710 | Building BVH
Fra:1 Mem:509.93M (Peak 635.90M) | Time:00:00.33 | Mem:353.67M, Peak:353.67M | Scene, ViewLayer | Updating Geometry BVH Raised standing seam.039 630/710 | Building mesh BLAS |    1152 tris | Raised standing seam.039
Fra:1 Mem:509.93M (Peak 635.90M) | Time:00:00.33 | Mem:353.67M, Peak:353.67M | Scene, ViewLayer | Updating Geometry BVH Raised standing seam.040 631/710 | Building BVH
Fra:1 Mem:509.93M (Peak 635.90M) | Time:00:00.33 | Mem:353.67M, Peak:353.67M | Scene, ViewLayer | Updating Geometry BVH Raised standing seam.040 631/710 | Building mesh BLAS |    1152 tris | Raised standing seam.040
Fra:1 Mem:509.93M (Peak 635.90M) | Time:00:00.33 | Mem:353.69M, Peak:353.69M | Scene, ViewLayer | Updating Geometry BVH Raised standing seam.041 632/710 | Building BVH
Fra:1 Mem:509.93M (Peak 635.90M) | Time:00:00.33 | Mem:353.69M, Peak:353.69M | Scene, ViewLayer | Updating Geometry BVH Raised standing seam.041 632/710 | Building mesh BLAS |    1152 tris | Raised standing seam.041
Fra:1 Mem:509.93M (Peak 635.90M) | Time:00:00.34 | Mem:353.70M, Peak:353.70M | Scene, ViewLayer | Updating Geometry BVH Raised standing seam.042 633/710 | Building BVH
Fra:1 Mem:509.93M (Peak 635.90M) | Time:00:00.34 | Mem:353.70M, Peak:353.70M | Scene, ViewLayer | Updating Geometry BVH Raised standing seam.043 634/710 | Building BVH
Fra:1 Mem:509.93M (Peak 635.90M) | Time:00:00.34 | Mem:353.70M, Peak:353.70M | Scene, ViewLayer | Updating Geometry BVH Raised standing seam.043 634/710 | Building mesh BLAS |    1152 tris | Raised standing seam.042
Fra:1 Mem:509.93M (Peak 635.90M) | Time:00:00.34 | Mem:353.70M, Peak:353.70M | Scene, ViewLayer | Updating Geometry BVH Raised standing seam.043 634/710 | Building mesh BLAS |    1152 tris | Raised standing seam.043
Fra:1 Mem:509.93M (Peak 635.90M) | Time:00:00.34 | Mem:353.70M, Peak:353.70M | Scene, ViewLayer | Updating Geometry BVH Raised standing seam.044 635/710 | Building BVH
Fra:1 Mem:509.93M (Peak 635.90M) | Time:00:00.34 | Mem:353.70M, Peak:353.70M | Scene, ViewLayer | Updating Geometry BVH Raised standing seam.044 635/710 | Building mesh BLAS |    1152 tris | Raised standing seam.044
Fra:1 Mem:509.93M (Peak 635.90M) | Time:00:00.34 | Mem:353.71M, Peak:353.71M | Scene, ViewLayer | Updating Geometry BVH Raised standing seam.045 636/710 | Building BVH
Fra:1 Mem:509.93M (Peak 635.90M) | Time:00:00.34 | Mem:353.71M, Peak:353.71M | Scene, ViewLayer | Updating Geometry BVH Raised standing seam.046 637/710 | Building BVH
Fra:1 Mem:509.93M (Peak 635.90M) | Time:00:00.34 | Mem:353.71M, Peak:353.71M | Scene, ViewLayer | Updating Geometry BVH Raised standing seam.046 637/710 | Building mesh BLAS |    1152 tris | Raised standing seam.045
Fra:1 Mem:509.93M (Peak 635.90M) | Time:00:00.34 | Mem:353.71M, Peak:353.71M | Scene, ViewLayer | Updating Geometry BVH Raised standing seam.046 637/710 | Building mesh BLAS |    1152 tris | Raised standing seam.046
Fra:1 Mem:509.93M (Peak 635.90M) | Time:00:00.34 | Mem:353.73M, Peak:353.73M | Scene, ViewLayer | Updating Geometry BVH High cliff bridge voussoir.009 674/710 | Building BVH
Fra:1 Mem:509.93M (Peak 635.90M) | Time:00:00.34 | Mem:353.76M, Peak:353.76M | Scene, ViewLayer | Updating Geometry BVH Dome rolled rim.004 639/710 | Building BVH
Fra:1 Mem:509.93M (Peak 635.90M) | Time:00:00.34 | Mem:353.76M, Peak:353.76M | Scene, ViewLayer | Updating Geometry BVH Dome rolled rim.004 639/710 | Building mesh BLAS |     188 tris | High cliff bridge voussoir.009
Fra:1 Mem:509.93M (Peak 635.90M) | Time:00:00.34 | Mem:353.76M, Peak:353.76M | Scene, ViewLayer | Updating Geometry BVH Dome rolled rim.004 639/710 | Building mesh BLAS |    1152 tris | Raised standing seam.047
Fra:1 Mem:509.93M (Peak 635.90M) | Time:00:00.34 | Mem:353.76M, Peak:353.76M | Scene, ViewLayer | Updating Geometry BVH Dome rolled rim.005 640/710 | Building BVH
Fra:1 Mem:509.93M (Peak 635.90M) | Time:00:00.34 | Mem:353.76M, Peak:353.76M | Scene, ViewLayer | Updating Geometry BVH Dome rolled rim.005 640/710 | Building mesh BLAS |    1536 tris | Dome rolled rim.005
Fra:1 Mem:509.93M (Peak 635.90M) | Time:00:00.34 | Mem:353.76M, Peak:353.76M | Scene, ViewLayer | Updating Geometry BVH Island pavilion 2 arch 641/710 | Building BVH
Fra:1 Mem:509.93M (Peak 635.90M) | Time:00:00.34 | Mem:353.76M, Peak:353.76M | Scene, ViewLayer | Updating Geometry BVH Island pavilion 2 arch 641/710 | Building mesh BLAS |    1692 tris | Island pavilion 2 arch
Fra:1 Mem:509.93M (Peak 635.90M) | Time:00:00.34 | Mem:353.76M, Peak:353.76M | Scene, ViewLayer | Updating Geometry BVH Island pavilion 2 arch 641/710 | Building mesh BLAS |    1536 tris | Dome rolled rim.004
Fra:1 Mem:509.93M (Peak 635.90M) | Time:00:00.34 | Mem:353.77M, Peak:353.77M | Scene, ViewLayer | Updating Geometry BVH Island pavilion 2 arch.001 642/710 | Building BVH
Fra:1 Mem:509.93M (Peak 635.90M) | Time:00:00.34 | Mem:353.80M, Peak:353.80M | Scene, ViewLayer | Updating Geometry BVH Island pavilion 2 arch.002 643/710 | Building BVH
Fra:1 Mem:509.93M (Peak 635.90M) | Time:00:00.34 | Mem:353.89M, Peak:353.89M | Scene, ViewLayer | Updating Geometry BVH Island pavilion 2 arch.002 643/710 | Building mesh BLAS |    1692 tris | Island pavilion 2 arch.001
Fra:1 Mem:509.93M (Peak 635.90M) | Time:00:00.34 | Mem:353.91M, Peak:353.91M | Scene, ViewLayer | Updating Geometry BVH Raised standing seam.048 646/710 | Building BVH
Fra:1 Mem:509.93M (Peak 635.90M) | Time:00:00.34 | Mem:353.91M, Peak:353.91M | Scene, ViewLayer | Updating Geometry BVH Raised standing seam.048 646/710 | Building mesh BLAS |    1152 tris | Raised standing seam.048
Fra:1 Mem:509.93M (Peak 635.90M) | Time:00:00.34 | Mem:353.91M, Peak:353.91M | Scene, ViewLayer | Updating Geometry BVH Raised standing seam.048 646/710 | Building mesh BLAS |    1692 tris | Island pavilion 2 arch.003
Fra:1 Mem:509.93M (Peak 635.90M) | Time:00:00.34 | Mem:353.91M, Peak:353.91M | Scene, ViewLayer | Updating Geometry BVH Raised standing seam.048 646/710 | Building mesh BLAS |   13824 tris | Island pavilion 2 copper dome
Fra:1 Mem:509.93M (Peak 635.90M) | Time:00:00.34 | Mem:353.91M, Peak:353.91M | Scene, ViewLayer | Updating Geometry BVH Raised standing seam.049 647/710 | Building BVH
Fra:1 Mem:509.93M (Peak 635.90M) | Time:00:00.34 | Mem:353.91M, Peak:353.91M | Scene, ViewLayer | Updating Geometry BVH Raised standing seam.050 648/710 | Building BVH
Fra:1 Mem:509.93M (Peak 635.90M) | Time:00:00.34 | Mem:353.91M, Peak:353.91M | Scene, ViewLayer | Updating Geometry BVH Raised standing seam.050 648/710 | Building mesh BLAS |    1152 tris | Raised standing seam.049
Fra:1 Mem:509.93M (Peak 635.90M) | Time:00:00.34 | Mem:353.91M, Peak:353.91M | Scene, ViewLayer | Updating Geometry BVH Raised standing seam.050 648/710 | Building mesh BLAS |    1152 tris | Raised standing seam.050
Fra:1 Mem:509.93M (Peak 635.90M) | Time:00:00.34 | Mem:353.94M, Peak:353.94M | Scene, ViewLayer | Updating Geometry BVH Raised standing seam.051 649/710 | Building BVH
Fra:1 Mem:509.93M (Peak 635.90M) | Time:00:00.34 | Mem:353.94M, Peak:353.94M | Scene, ViewLayer | Updating Geometry BVH Raised standing seam.051 649/710 | Building mesh BLAS |    1152 tris | Raised standing seam.051
Fra:1 Mem:509.93M (Peak 635.90M) | Time:00:00.34 | Mem:353.94M, Peak:353.94M | Scene, ViewLayer | Updating Geometry BVH Raised standing seam.052 650/710 | Building BVH
Fra:1 Mem:509.93M (Peak 635.90M) | Time:00:00.34 | Mem:353.94M, Peak:353.94M | Scene, ViewLayer | Updating Geometry BVH Raised standing seam.053 651/710 | Building BVH
Fra:1 Mem:509.93M (Peak 635.90M) | Time:00:00.34 | Mem:353.94M, Peak:353.94M | Scene, ViewLayer | Updating Geometry BVH Raised standing seam.053 651/710 | Building mesh BLAS |    1152 tris | Raised standing seam.052
Fra:1 Mem:509.93M (Peak 635.90M) | Time:00:00.34 | Mem:353.94M, Peak:353.94M | Scene, ViewLayer | Updating Geometry BVH Raised standing seam.053 651/710 | Building mesh BLAS |    1152 tris | Raised standing seam.053
Fra:1 Mem:509.93M (Peak 635.90M) | Time:00:00.34 | Mem:353.94M, Peak:353.94M | Scene, ViewLayer | Updating Geometry BVH Raised standing seam.054 652/710 | Building BVH
Fra:1 Mem:509.93M (Peak 635.90M) | Time:00:00.34 | Mem:353.96M, Peak:353.96M | Scene, ViewLayer | Updating Geometry BVH Raised standing seam.054 652/710 | Building mesh BLAS |    1152 tris | Raised standing seam.054
Fra:1 Mem:509.93M (Peak 635.90M) | Time:00:00.34 | Mem:353.98M, Peak:353.98M | Scene, ViewLayer | Updating Geometry BVH Raised standing seam.055 653/710 | Building BVH
Fra:1 Mem:509.93M (Peak 635.90M) | Time:00:00.34 | Mem:353.98M, Peak:353.98M | Scene, ViewLayer | Updating Geometry BVH Raised standing seam.055 653/710 | Building mesh BLAS |    1152 tris | Raised standing seam.055
Fra:1 Mem:509.93M (Peak 635.90M) | Time:00:00.34 | Mem:353.98M, Peak:353.98M | Scene, ViewLayer | Updating Geometry BVH Raised standing seam.056 654/710 | Building BVH
Fra:1 Mem:509.93M (Peak 635.90M) | Time:00:00.34 | Mem:353.98M, Peak:353.98M | Scene, ViewLayer | Updating Geometry BVH Raised standing seam.056 654/710 | Building mesh BLAS |    1152 tris | Raised standing seam.056
Fra:1 Mem:509.93M (Peak 635.90M) | Time:00:00.34 | Mem:353.99M, Peak:353.99M | Scene, ViewLayer | Updating Geometry BVH High cliff bridge voussoir.008 673/710 | Building BVH
Fra:1 Mem:509.93M (Peak 635.90M) | Time:00:00.34 | Mem:353.99M, Peak:353.99M | Scene, ViewLayer | Updating Geometry BVH High cliff bridge voussoir.008 673/710 | Building mesh BLAS |     188 tris | High cliff bridge voussoir.008
Fra:1 Mem:509.93M (Peak 635.90M) | Time:00:00.34 | Mem:353.99M, Peak:353.99M | Scene, ViewLayer | Updating Geometry BVH Raised standing seam.057 655/710 | Building BVH
Fra:1 Mem:509.93M (Peak 635.90M) | Time:00:00.34 | Mem:353.99M, Peak:353.99M | Scene, ViewLayer | Updating Geometry BVH Raised standing seam.057 655/710 | Building mesh BLAS |    1152 tris | Raised standing seam.057
Fra:1 Mem:509.93M (Peak 635.90M) | Time:00:00.34 | Mem:354.00M, Peak:354.00M | Scene, ViewLayer | Updating Geometry BVH Raised standing seam.058 656/710 | Building BVH
Fra:1 Mem:509.93M (Peak 635.90M) | Time:00:00.34 | Mem:354.01M, Peak:354.01M | Scene, ViewLayer | Updating Geometry BVH Raised standing seam.058 656/710 | Building mesh BLAS |    1152 tris | Raised standing seam.058
Fra:1 Mem:509.93M (Peak 635.90M) | Time:00:00.34 | Mem:354.01M, Peak:354.01M | Scene, ViewLayer | Updating Geometry BVH Raised standing seam.059 657/710 | Building BVH
Fra:1 Mem:509.93M (Peak 635.90M) | Time:00:00.34 | Mem:354.01M, Peak:354.01M | Scene, ViewLayer | Updating Geometry BVH Raised standing seam.059 657/710 | Building mesh BLAS |    1152 tris | Raised standing seam.059
Fra:1 Mem:509.93M (Peak 635.90M) | Time:00:00.34 | Mem:354.01M, Peak:354.01M | Scene, ViewLayer | Updating Geometry BVH Raised standing seam.060 658/710 | Building BVH
Fra:1 Mem:509.93M (Peak 635.90M) | Time:00:00.34 | Mem:354.01M, Peak:354.01M | Scene, ViewLayer | Updating Geometry BVH Raised standing seam.060 658/710 | Building mesh BLAS |    1152 tris | Raised standing seam.060
Fra:1 Mem:509.93M (Peak 635.90M) | Time:00:00.34 | Mem:354.04M, Peak:354.04M | Scene, ViewLayer | Updating Geometry BVH Raised standing seam.061 659/710 | Building BVH
Fra:1 Mem:509.93M (Peak 635.90M) | Time:00:00.34 | Mem:354.04M, Peak:354.04M | Scene, ViewLayer | Updating Geometry BVH Raised standing seam.061 659/710 | Building mesh BLAS |    1152 tris | Raised standing seam.061
Fra:1 Mem:509.93M (Peak 635.90M) | Time:00:00.34 | Mem:354.04M, Peak:354.04M | Scene, ViewLayer | Updating Geometry BVH Raised standing seam.062 660/710 | Building BVH
Fra:1 Mem:509.93M (Peak 635.90M) | Time:00:00.34 | Mem:354.04M, Peak:354.04M | Scene, ViewLayer | Updating Geometry BVH Raised standing seam.062 660/710 | Building mesh BLAS |    1152 tris | Raised standing seam.062
Fra:1 Mem:509.93M (Peak 635.90M) | Time:00:00.34 | Mem:354.04M, Peak:354.04M | Scene, ViewLayer | Updating Geometry BVH Raised standing seam.063 661/710 | Building BVH
Fra:1 Mem:509.93M (Peak 635.90M) | Time:00:00.34 | Mem:354.06M, Peak:354.06M | Scene, ViewLayer | Updating Geometry BVH Raised standing seam.063 661/710 | Building mesh BLAS |    1152 tris | Raised standing seam.063
Fra:1 Mem:509.93M (Peak 635.90M) | Time:00:00.34 | Mem:354.18M, Peak:354.18M | Scene, ViewLayer | Updating Geometry BVH Dome rolled rim.006 662/710 | Building BVH
Fra:1 Mem:509.93M (Peak 635.90M) | Time:00:00.34 | Mem:354.27M, Peak:354.27M | Scene, ViewLayer | Updating Geometry BVH Dome rolled rim.007 663/710 | Building BVH
Fra:1 Mem:509.93M (Peak 635.90M) | Time:00:00.34 | Mem:354.27M, Peak:354.27M | Scene, ViewLayer | Updating Geometry BVH Dome rolled rim.007 663/710 | Building mesh BLAS |    1536 tris | Dome rolled rim.006
Fra:1 Mem:509.93M (Peak 635.90M) | Time:00:00.34 | Mem:354.27M, Peak:354.27M | Scene, ViewLayer | Updating Geometry BVH High cliff bridge arch 664/710 | Building BVH
Fra:1 Mem:509.93M (Peak 635.90M) | Time:00:00.34 | Mem:354.27M, Peak:354.27M | Scene, ViewLayer | Updating Geometry BVH High cliff bridge arch 664/710 | Building mesh BLAS |    1536 tris | Dome rolled rim.007
Fra:1 Mem:509.93M (Peak 635.90M) | Time:00:00.34 | Mem:354.27M, Peak:354.27M | Scene, ViewLayer | Updating Geometry BVH High cliff bridge arch 664/710 | Building mesh BLAS |    1692 tris | High cliff bridge arch
Fra:1 Mem:509.93M (Peak 635.90M) | Time:00:00.34 | Mem:354.27M, Peak:354.27M | Scene, ViewLayer | Updating Geometry BVH High cliff bridge voussoir 665/710 | Building BVH
Fra:1 Mem:509.93M (Peak 635.90M) | Time:00:00.34 | Mem:354.27M, Peak:354.27M | Scene, ViewLayer | Updating Geometry BVH High cliff bridge voussoir 665/710 | Building mesh BLAS |     188 tris | High cliff bridge voussoir
Fra:1 Mem:509.93M (Peak 635.90M) | Time:00:00.34 | Mem:354.27M, Peak:354.27M | Scene, ViewLayer | Updating Geometry BVH High cliff bridge voussoir.001 666/710 | Building BVH
Fra:1 Mem:509.93M (Peak 635.90M) | Time:00:00.34 | Mem:354.27M, Peak:354.27M | Scene, ViewLayer | Updating Geometry BVH High cliff bridge voussoir.001 666/710 | Building mesh BLAS |     188 tris | High cliff bridge voussoir.001
Fra:1 Mem:509.93M (Peak 635.90M) | Time:00:00.34 | Mem:354.36M, Peak:354.36M | Scene, ViewLayer | Updating Geometry BVH High cliff bridge voussoir.002 667/710 | Building BVH
Fra:1 Mem:509.93M (Peak 635.90M) | Time:00:00.34 | Mem:354.46M, Peak:354.46M | Scene, ViewLayer | Updating Geometry BVH High cliff bridge voussoir.003 668/710 | Building BVH
Fra:1 Mem:509.93M (Peak 635.90M) | Time:00:00.34 | Mem:354.52M, Peak:354.52M | Scene, ViewLayer | Updating Geometry BVH High cliff bridge voussoir.003 668/710 | Building mesh BLAS |     188 tris | High cliff bridge voussoir.003
Fra:1 Mem:509.93M (Peak 635.90M) | Time:00:00.34 | Mem:354.52M, Peak:354.52M | Scene, ViewLayer | Updating Geometry BVH High cliff bridge voussoir.004 669/710 | Building BVH
Fra:1 Mem:509.93M (Peak 635.90M) | Time:00:00.34 | Mem:354.52M, Peak:354.52M | Scene, ViewLayer | Updating Geometry BVH High cliff bridge voussoir.004 669/710 | Building mesh BLAS |     188 tris | High cliff bridge voussoir.004
Fra:1 Mem:509.93M (Peak 635.90M) | Time:00:00.34 | Mem:355.18M, Peak:355.18M | Scene, ViewLayer | Updating Geometry BVH High cliff bridge voussoir.005 670/710 | Building BVH
Fra:1 Mem:509.93M (Peak 635.90M) | Time:00:00.34 | Mem:355.24M, Peak:355.24M | Scene, ViewLayer | Updating Geometry BVH High cliff bridge voussoir.005 670/710 | Building mesh BLAS |     188 tris | High cliff bridge voussoir.005
Fra:1 Mem:509.93M (Peak 635.90M) | Time:00:00.34 | Mem:355.24M, Peak:355.24M | Scene, ViewLayer | Updating Geometry BVH High cliff bridge voussoir.006 671/710 | Building BVH
Fra:1 Mem:509.93M (Peak 635.90M) | Time:00:00.34 | Mem:355.30M, Peak:355.30M | Scene, ViewLayer | Updating Geometry BVH High cliff bridge voussoir.006 671/710 | Building mesh BLAS |     188 tris | High cliff bridge voussoir.006
Fra:1 Mem:509.93M (Peak 635.90M) | Time:00:00.34 | Mem:355.30M, Peak:355.30M | Scene, ViewLayer | Updating Geometry BVH High cliff bridge voussoir.007 672/710 | Building BVH
Fra:1 Mem:509.93M (Peak 635.90M) | Time:00:00.34 | Mem:355.30M, Peak:355.30M | Scene, ViewLayer | Updating Geometry BVH High cliff bridge voussoir.007 672/710 | Building mesh BLAS |     188 tris | High cliff bridge voussoir.007
Fra:1 Mem:509.93M (Peak 635.90M) | Time:00:00.34 | Mem:356.59M, Peak:356.59M | Scene, ViewLayer | Updating Scene BVH | Building
Fra:1 Mem:509.95M (Peak 635.90M) | Time:00:00.35 | Mem:363.17M, Peak:363.17M | Scene, ViewLayer | Updating Scene BVH | Building TLAS      |     714 instances
Fra:1 Mem:509.96M (Peak 635.90M) | Time:00:00.35 | Mem:363.33M, Peak:363.33M | Scene, ViewLayer | Updating Scene BVH | Copying BVH to device
Fra:1 Mem:509.96M (Peak 635.90M) | Time:00:00.35 | Mem:363.33M, Peak:363.33M | Scene, ViewLayer | Updating Mesh | Computing normals
Fra:1 Mem:536.87M (Peak 635.90M) | Time:00:00.36 | Mem:363.33M, Peak:363.33M | Scene, ViewLayer | Updating Mesh | Copying Mesh to device
Fra:1 Mem:509.96M (Peak 635.90M) | Time:00:00.36 | Mem:390.29M, Peak:390.29M | Scene, ViewLayer | Updating Objects Flags
Fra:1 Mem:509.96M (Peak 635.90M) | Time:00:00.36 | Mem:390.29M, Peak:390.29M | Scene, ViewLayer | Updating Primitive Offsets
Fra:1 Mem:509.96M (Peak 635.90M) | Time:00:00.36 | Mem:390.30M, Peak:390.30M | Scene, ViewLayer | Updating Images
Fra:1 Mem:509.96M (Peak 635.90M) | Time:00:00.36 | Mem:390.30M, Peak:390.30M | Scene, ViewLayer | Updating Images | Loading sky_nishita
Fra:1 Mem:510.96M (Peak 635.90M) | Time:00:00.37 | Mem:391.30M, Peak:391.30M | Scene, ViewLayer | Updating Camera Volume
Fra:1 Mem:510.96M (Peak 635.90M) | Time:00:00.37 | Mem:391.30M, Peak:391.30M | Scene, ViewLayer | Updating Lookup Tables
Fra:1 Mem:510.87M (Peak 635.90M) | Time:00:00.37 | Mem:391.39M, Peak:391.39M | Scene, ViewLayer | Updating Lights
Fra:1 Mem:510.87M (Peak 635.90M) | Time:00:00.37 | Mem:391.39M, Peak:391.39M | Scene, ViewLayer | Updating Lights | Importance map
Fra:1 Mem:510.86M (Peak 635.90M) | Time:00:00.39 | Mem:392.42M, Peak:394.91M | Scene, ViewLayer | Updating Lights | Computing tree
Fra:1 Mem:510.86M (Peak 635.90M) | Time:00:00.39 | Mem:392.43M, Peak:394.91M | Scene, ViewLayer | Updating Integrator
Fra:1 Mem:510.86M (Peak 635.90M) | Time:00:00.39 | Mem:392.43M, Peak:394.91M | Scene, ViewLayer | Updating Film
Fra:1 Mem:510.95M (Peak 635.90M) | Time:00:00.39 | Mem:392.34M, Peak:394.91M | Scene, ViewLayer | Updating Lookup Tables
Fra:1 Mem:510.86M (Peak 635.90M) | Time:00:00.39 | Mem:392.43M, Peak:394.91M | Scene, ViewLayer | Updating Baking
Fra:1 Mem:510.86M (Peak 635.90M) | Time:00:00.39 | Mem:392.43M, Peak:394.91M | Scene, ViewLayer | Updating Device | Writing constant memory
Fra:1 Mem:510.88M (Peak 635.90M) | Time:00:00.40 | Mem:392.43M, Peak:394.91M | Scene, ViewLayer | Loading denoising kernels (may take a few minutes the first time)
Fra:1 Mem:510.88M (Peak 635.90M) | Time:00:00.41 | Mem:3592.44M, Peak:3592.44M | Scene, ViewLayer | Rendered 0/4 Tiles, Sample 0/512 (Using optimized kernels)
Fra:1 Mem:510.88M (Peak 816.07M) | Time:00:00.73 | Remaining:04:22.60 | Mem:3897.66M, Peak:3897.66M | Scene, ViewLayer | Rendered 0/4 Tiles, Sample 1/512 (5 kernels to optimize)
Fra:1 Mem:510.88M (Peak 816.07M) | Time:00:11.86 | Remaining:01:45.93 | Mem:3897.69M, Peak:3897.69M | Scene, ViewLayer | Rendered 0/4 Tiles, Sample 80/512 (1 kernels to optimize)
Fra:1 Mem:510.88M (Peak 816.07M) | Time:00:14.00 | Remaining:01:42.53 | Mem:3897.69M, Peak:3897.69M | Scene, ViewLayer | Rendered 0/4 Tiles, Sample 96/512 (1 kernels to optimize)
Fra:1 Mem:510.88M (Peak 816.07M) | Time:00:16.11 | Remaining:01:39.28 | Mem:3897.69M, Peak:3897.69M | Scene, ViewLayer | Rendered 0/4 Tiles, Sample 112/512 (Using optimized kernels)
Fra:1 Mem:510.88M (Peak 816.07M) | Time:00:18.13 | Remaining:01:35.84 | Mem:3897.69M, Peak:3897.69M | Scene, ViewLayer | Rendered 0/4 Tiles, Sample 128/512 (Using optimized kernels)
Fra:1 Mem:510.88M (Peak 816.07M) | Time:00:20.15 | Remaining:01:32.72 | Mem:3897.69M, Peak:3897.69M | Scene, ViewLayer | Rendered 0/4 Tiles, Sample 144/512 (Using optimized kernels)
Fra:1 Mem:510.88M (Peak 816.07M) | Time:00:22.18 | Remaining:01:29.85 | Mem:3897.69M, Peak:3897.69M | Scene, ViewLayer | Rendered 0/4 Tiles, Sample 160/512 (Using optimized kernels)
Fra:1 Mem:510.88M (Peak 816.07M) | Time:00:24.20 | Remaining:01:27.10 | Mem:3897.69M, Peak:3897.69M | Scene, ViewLayer | Rendered 0/4 Tiles, Sample 176/512 (Using optimized kernels)
Fra:1 Mem:510.88M (Peak 816.07M) | Time:00:26.23 | Remaining:01:24.49 | Mem:3897.69M, Peak:3897.69M | Scene, ViewLayer | Rendered 0/4 Tiles, Sample 192/512 (Using optimized kernels)
Fra:1 Mem:510.88M (Peak 816.07M) | Time:00:28.24 | Remaining:01:21.93 | Mem:3897.69M, Peak:3897.69M | Scene, ViewLayer | Rendered 0/4 Tiles, Sample 208/512 (Using optimized kernels)
Fra:1 Mem:510.88M (Peak 816.07M) | Time:00:30.27 | Remaining:01:19.48 | Mem:3897.69M, Peak:3897.69M | Scene, ViewLayer | Rendered 0/4 Tiles, Sample 224/512 (Using optimized kernels)
Fra:1 Mem:510.88M (Peak 816.07M) | Time:00:32.31 | Remaining:01:17.13 | Mem:3897.69M, Peak:3897.69M | Scene, ViewLayer | Rendered 0/4 Tiles, Sample 240/512 (Using optimized kernels)
Fra:1 Mem:510.88M (Peak 816.07M) | Time:00:34.32 | Remaining:01:14.75 | Mem:3897.69M, Peak:3897.69M | Scene, ViewLayer | Rendered 0/4 Tiles, Sample 256/512 (Using optimized kernels)
Fra:1 Mem:510.88M (Peak 816.07M) | Time:00:36.33 | Remaining:01:12.41 | Mem:3897.69M, Peak:3897.69M | Scene, ViewLayer | Rendered 0/4 Tiles, Sample 272/512 (Using optimized kernels)
Fra:1 Mem:510.88M (Peak 816.07M) | Time:00:38.35 | Remaining:01:10.12 | Mem:3897.69M, Peak:3897.69M | Scene, ViewLayer | Rendered 0/4 Tiles, Sample 288/512 (Using optimized kernels)
Fra:1 Mem:510.88M (Peak 816.07M) | Time:00:40.36 | Remaining:01:07.85 | Mem:3897.69M, Peak:3897.69M | Scene, ViewLayer | Rendered 0/4 Tiles, Sample 304/512 (Using optimized kernels)
Fra:1 Mem:510.88M (Peak 816.07M) | Time:00:42.37 | Remaining:01:05.60 | Mem:3897.69M, Peak:3897.69M | Scene, ViewLayer | Rendered 0/4 Tiles, Sample 320/512 (Using optimized kernels)
Fra:1 Mem:510.88M (Peak 816.07M) | Time:00:44.38 | Remaining:01:03.37 | Mem:3897.69M, Peak:3897.69M | Scene, ViewLayer | Rendered 0/4 Tiles, Sample 336/512 (Using optimized kernels)
Fra:1 Mem:510.88M (Peak 816.07M) | Time:00:46.39 | Remaining:01:01.17 | Mem:3897.69M, Peak:3897.69M | Scene, ViewLayer | Rendered 0/4 Tiles, Sample 352/512 (Using optimized kernels)
Fra:1 Mem:510.88M (Peak 816.07M) | Time:00:48.39 | Remaining:00:58.97 | Mem:3897.69M, Peak:3897.69M | Scene, ViewLayer | Rendered 0/4 Tiles, Sample 368/512 (Using optimized kernels)
Fra:1 Mem:510.88M (Peak 816.07M) | Time:00:50.38 | Remaining:00:56.78 | Mem:3897.69M, Peak:3897.69M | Scene, ViewLayer | Rendered 0/4 Tiles, Sample 384/512 (Using optimized kernels)
Fra:1 Mem:510.88M (Peak 816.07M) | Time:00:52.38 | Remaining:00:54.61 | Mem:3897.69M, Peak:3897.69M | Scene, ViewLayer | Rendered 0/4 Tiles, Sample 400/512 (Using optimized kernels)
Fra:1 Mem:510.88M (Peak 816.07M) | Time:00:54.38 | Remaining:00:52.45 | Mem:3897.69M, Peak:3897.69M | Scene, ViewLayer | Rendered 0/4 Tiles, Sample 416/512 (Using optimized kernels)
Fra:1 Mem:510.88M (Peak 816.07M) | Time:00:56.38 | Remaining:00:50.31 | Mem:3897.69M, Peak:3897.69M | Scene, ViewLayer | Rendered 0/4 Tiles, Sample 432/512 (Using optimized kernels)
Fra:1 Mem:510.88M (Peak 816.07M) | Time:00:58.39 | Remaining:00:48.18 | Mem:3897.69M, Peak:3897.69M | Scene, ViewLayer | Rendered 0/4 Tiles, Sample 448/512 (Using optimized kernels)
Fra:1 Mem:510.88M (Peak 816.07M) | Time:01:00.38 | Remaining:00:46.05 | Mem:3897.69M, Peak:3897.69M | Scene, ViewLayer | Rendered 0/4 Tiles, Sample 464/512 (Using optimized kernels)
Fra:1 Mem:510.88M (Peak 816.07M) | Time:01:02.38 | Remaining:00:43.93 | Mem:3897.69M, Peak:3897.69M | Scene, ViewLayer | Rendered 0/4 Tiles, Sample 480/512 (Using optimized kernels)
Fra:1 Mem:510.88M (Peak 816.07M) | Time:01:04.37 | Remaining:00:41.82 | Mem:3897.69M, Peak:3897.69M | Scene, ViewLayer | Rendered 0/4 Tiles, Sample 496/512 (Using optimized kernels)
Fra:1 Mem:510.88M (Peak 816.07M) | Time:01:06.51 | Remaining:00:39.80 | Mem:3897.69M, Peak:3897.69M | Scene, ViewLayer | Rendered 0/4 Tiles, Sample 512/512 (Using optimized kernels)
Fra:1 Mem:510.88M (Peak 816.07M) | Time:01:06.51 | Remaining:00:39.80 | Mem:3897.69M, Peak:3897.69M | Scene, ViewLayer | Rendered 1/4 Tiles, Sample 512/512 (Using optimized kernels)
Fra:1 Mem:510.88M (Peak 816.07M) | Time:01:06.59 | Remaining:00:39.81 | Mem:3645.44M, Peak:3897.69M | Scene, ViewLayer | Rendered 1/4 Tiles, Sample 1/512 (Using optimized kernels)
Fra:1 Mem:510.88M (Peak 816.07M) | Time:01:08.65 | Remaining:00:38.23 | Mem:3645.44M, Peak:3897.69M | Scene, ViewLayer | Rendered 1/4 Tiles, Sample 80/512 (Using optimized kernels)
Fra:1 Mem:510.88M (Peak 816.07M) | Time:01:09.10 | Remaining:00:37.92 | Mem:3645.44M, Peak:3897.69M | Scene, ViewLayer | Rendered 1/4 Tiles, Sample 96/512 (Using optimized kernels)
Fra:1 Mem:510.88M (Peak 816.07M) | Time:01:09.55 | Remaining:00:37.62 | Mem:3645.44M, Peak:3897.69M | Scene, ViewLayer | Rendered 1/4 Tiles, Sample 112/512 (Using optimized kernels)
Fra:1 Mem:510.88M (Peak 816.07M) | Time:01:10.00 | Remaining:00:37.31 | Mem:3645.44M, Peak:3897.69M | Scene, ViewLayer | Rendered 1/4 Tiles, Sample 128/512 (Using optimized kernels)
Fra:1 Mem:510.88M (Peak 816.07M) | Time:01:10.45 | Remaining:00:37.00 | Mem:3645.44M, Peak:3897.69M | Scene, ViewLayer | Rendered 1/4 Tiles, Sample 144/512 (Using optimized kernels)
Fra:1 Mem:510.88M (Peak 816.07M) | Time:01:10.89 | Remaining:00:36.68 | Mem:3645.44M, Peak:3897.69M | Scene, ViewLayer | Rendered 1/4 Tiles, Sample 160/512 (Using optimized kernels)
Fra:1 Mem:510.88M (Peak 816.07M) | Time:01:11.34 | Remaining:00:36.37 | Mem:3645.44M, Peak:3897.69M | Scene, ViewLayer | Rendered 1/4 Tiles, Sample 176/512 (Using optimized kernels)
Fra:1 Mem:510.88M (Peak 816.07M) | Time:01:11.79 | Remaining:00:36.05 | Mem:3645.44M, Peak:3897.69M | Scene, ViewLayer | Rendered 1/4 Tiles, Sample 192/512 (Using optimized kernels)
Fra:1 Mem:510.88M (Peak 816.07M) | Time:01:12.24 | Remaining:00:35.74 | Mem:3645.44M, Peak:3897.69M | Scene, ViewLayer | Rendered 1/4 Tiles, Sample 208/512 (Using optimized kernels)
Fra:1 Mem:510.88M (Peak 816.07M) | Time:01:12.69 | Remaining:00:35.42 | Mem:3645.44M, Peak:3897.69M | Scene, ViewLayer | Rendered 1/4 Tiles, Sample 224/512 (Using optimized kernels)
Fra:1 Mem:510.88M (Peak 816.07M) | Time:01:13.14 | Remaining:00:35.10 | Mem:3645.44M, Peak:3897.69M | Scene, ViewLayer | Rendered 1/4 Tiles, Sample 240/512 (Using optimized kernels)
Fra:1 Mem:510.88M (Peak 816.07M) | Time:01:13.60 | Remaining:00:34.79 | Mem:3645.44M, Peak:3897.69M | Scene, ViewLayer | Rendered 1/4 Tiles, Sample 256/512 (Using optimized kernels)
Fra:1 Mem:510.88M (Peak 816.07M) | Time:01:14.05 | Remaining:00:34.47 | Mem:3645.44M, Peak:3897.69M | Scene, ViewLayer | Rendered 1/4 Tiles, Sample 272/512 (Using optimized kernels)
Fra:1 Mem:510.88M (Peak 816.07M) | Time:01:14.50 | Remaining:00:34.15 | Mem:3645.44M, Peak:3897.69M | Scene, ViewLayer | Rendered 1/4 Tiles, Sample 288/512 (Using optimized kernels)
Fra:1 Mem:510.88M (Peak 816.07M) | Time:01:14.95 | Remaining:00:33.82 | Mem:3645.44M, Peak:3897.69M | Scene, ViewLayer | Rendered 1/4 Tiles, Sample 304/512 (Using optimized kernels)
Fra:1 Mem:510.88M (Peak 816.07M) | Time:01:15.40 | Remaining:00:33.50 | Mem:3645.44M, Peak:3897.69M | Scene, ViewLayer | Rendered 1/4 Tiles, Sample 320/512 (Using optimized kernels)
Fra:1 Mem:510.88M (Peak 816.07M) | Time:01:15.85 | Remaining:00:33.17 | Mem:3645.44M, Peak:3897.69M | Scene, ViewLayer | Rendered 1/4 Tiles, Sample 336/512 (Using optimized kernels)
Fra:1 Mem:510.88M (Peak 816.07M) | Time:01:16.30 | Remaining:00:32.85 | Mem:3645.44M, Peak:3897.69M | Scene, ViewLayer | Rendered 1/4 Tiles, Sample 352/512 (Using optimized kernels)
Fra:1 Mem:510.88M (Peak 816.07M) | Time:01:16.75 | Remaining:00:32.52 | Mem:3645.44M, Peak:3897.69M | Scene, ViewLayer | Rendered 1/4 Tiles, Sample 368/512 (Using optimized kernels)
Fra:1 Mem:510.88M (Peak 816.07M) | Time:01:17.19 | Remaining:00:32.19 | Mem:3645.44M, Peak:3897.69M | Scene, ViewLayer | Rendered 1/4 Tiles, Sample 384/512 (Using optimized kernels)
Fra:1 Mem:510.88M (Peak 816.07M) | Time:01:17.64 | Remaining:00:31.85 | Mem:3645.44M, Peak:3897.69M | Scene, ViewLayer | Rendered 1/4 Tiles, Sample 400/512 (Using optimized kernels)
Fra:1 Mem:510.88M (Peak 816.07M) | Time:01:18.09 | Remaining:00:31.52 | Mem:3645.44M, Peak:3897.69M | Scene, ViewLayer | Rendered 1/4 Tiles, Sample 416/512 (Using optimized kernels)
Fra:1 Mem:510.88M (Peak 816.07M) | Time:01:18.54 | Remaining:00:31.19 | Mem:3645.44M, Peak:3897.69M | Scene, ViewLayer | Rendered 1/4 Tiles, Sample 432/512 (Using optimized kernels)
Fra:1 Mem:510.88M (Peak 816.07M) | Time:01:18.99 | Remaining:00:30.86 | Mem:3645.44M, Peak:3897.69M | Scene, ViewLayer | Rendered 1/4 Tiles, Sample 448/512 (Using optimized kernels)
Fra:1 Mem:510.88M (Peak 816.07M) | Time:01:19.44 | Remaining:00:30.52 | Mem:3645.44M, Peak:3897.69M | Scene, ViewLayer | Rendered 1/4 Tiles, Sample 464/512 (Using optimized kernels)
Fra:1 Mem:510.88M (Peak 816.07M) | Time:01:19.89 | Remaining:00:30.18 | Mem:3645.44M, Peak:3897.69M | Scene, ViewLayer | Rendered 1/4 Tiles, Sample 480/512 (Using optimized kernels)
Fra:1 Mem:510.88M (Peak 816.07M) | Time:01:20.34 | Remaining:00:29.85 | Mem:3645.44M, Peak:3897.69M | Scene, ViewLayer | Rendered 1/4 Tiles, Sample 496/512 (Using optimized kernels)
Fra:1 Mem:510.88M (Peak 816.07M) | Time:01:20.86 | Remaining:00:29.54 | Mem:3645.44M, Peak:3897.69M | Scene, ViewLayer | Rendered 1/4 Tiles, Sample 512/512 (Using optimized kernels)
Fra:1 Mem:510.88M (Peak 816.07M) | Time:01:20.86 | Remaining:00:29.54 | Mem:3645.44M, Peak:3897.69M | Scene, ViewLayer | Rendered 2/4 Tiles, Sample 512/512 (Using optimized kernels)
Fra:1 Mem:510.88M (Peak 816.07M) | Time:01:20.98 | Remaining:00:29.51 | Mem:3704.94M, Peak:3897.69M | Scene, ViewLayer | Rendered 2/4 Tiles, Sample 1/512 (Using optimized kernels)
Fra:1 Mem:510.88M (Peak 816.07M) | Time:01:25.83 | Remaining:00:25.91 | Mem:3704.94M, Peak:3897.69M | Scene, ViewLayer | Rendered 2/4 Tiles, Sample 80/512 (Using optimized kernels)
Fra:1 Mem:510.88M (Peak 816.07M) | Time:01:26.84 | Remaining:00:25.17 | Mem:3704.94M, Peak:3897.69M | Scene, ViewLayer | Rendered 2/4 Tiles, Sample 96/512 (Using optimized kernels)
Fra:1 Mem:510.88M (Peak 816.07M) | Time:01:27.86 | Remaining:00:24.44 | Mem:3704.94M, Peak:3897.69M | Scene, ViewLayer | Rendered 2/4 Tiles, Sample 112/512 (Using optimized kernels)
Fra:1 Mem:510.88M (Peak 816.07M) | Time:01:28.88 | Remaining:00:23.69 | Mem:3704.94M, Peak:3897.69M | Scene, ViewLayer | Rendered 2/4 Tiles, Sample 128/512 (Using optimized kernels)
Fra:1 Mem:510.88M (Peak 816.07M) | Time:01:29.90 | Remaining:00:22.95 | Mem:3704.94M, Peak:3897.69M | Scene, ViewLayer | Rendered 2/4 Tiles, Sample 144/512 (Using optimized kernels)
Fra:1 Mem:510.88M (Peak 816.07M) | Time:01:30.93 | Remaining:00:22.20 | Mem:3704.94M, Peak:3897.69M | Scene, ViewLayer | Rendered 2/4 Tiles, Sample 160/512 (Using optimized kernels)
Fra:1 Mem:510.88M (Peak 816.07M) | Time:01:31.97 | Remaining:00:21.44 | Mem:3704.94M, Peak:3897.69M | Scene, ViewLayer | Rendered 2/4 Tiles, Sample 176/512 (Using optimized kernels)
Fra:1 Mem:510.88M (Peak 816.07M) | Time:01:33.02 | Remaining:00:20.69 | Mem:3704.94M, Peak:3897.69M | Scene, ViewLayer | Rendered 2/4 Tiles, Sample 192/512 (Using optimized kernels)
Fra:1 Mem:510.88M (Peak 816.07M) | Time:01:34.07 | Remaining:00:19.93 | Mem:3704.94M, Peak:3897.69M | Scene, ViewLayer | Rendered 2/4 Tiles, Sample 208/512 (Using optimized kernels)
Fra:1 Mem:510.88M (Peak 816.07M) | Time:01:35.12 | Remaining:00:19.16 | Mem:3704.94M, Peak:3897.69M | Scene, ViewLayer | Rendered 2/4 Tiles, Sample 224/512 (Using optimized kernels)
Fra:1 Mem:510.88M (Peak 816.07M) | Time:01:36.14 | Remaining:00:18.38 | Mem:3704.94M, Peak:3897.69M | Scene, ViewLayer | Rendered 2/4 Tiles, Sample 240/512 (Using optimized kernels)
Fra:1 Mem:510.88M (Peak 816.07M) | Time:01:37.18 | Remaining:00:17.61 | Mem:3704.94M, Peak:3897.69M | Scene, ViewLayer | Rendered 2/4 Tiles, Sample 256/512 (Using optimized kernels)
Fra:1 Mem:510.88M (Peak 816.07M) | Time:01:38.23 | Remaining:00:16.83 | Mem:3704.94M, Peak:3897.69M | Scene, ViewLayer | Rendered 2/4 Tiles, Sample 272/512 (Using optimized kernels)
Fra:1 Mem:510.88M (Peak 816.07M) | Time:01:39.26 | Remaining:00:16.04 | Mem:3704.94M, Peak:3897.69M | Scene, ViewLayer | Rendered 2/4 Tiles, Sample 288/512 (Using optimized kernels)
Fra:1 Mem:510.88M (Peak 816.07M) | Time:01:40.29 | Remaining:00:15.25 | Mem:3704.94M, Peak:3897.69M | Scene, ViewLayer | Rendered 2/4 Tiles, Sample 304/512 (Using optimized kernels)
Fra:1 Mem:510.88M (Peak 816.07M) | Time:01:41.34 | Remaining:00:14.46 | Mem:3704.94M, Peak:3897.69M | Scene, ViewLayer | Rendered 2/4 Tiles, Sample 320/512 (Using optimized kernels)
Fra:1 Mem:510.88M (Peak 816.07M) | Time:01:42.37 | Remaining:00:13.66 | Mem:3704.94M, Peak:3897.69M | Scene, ViewLayer | Rendered 2/4 Tiles, Sample 336/512 (Using optimized kernels)
Fra:1 Mem:510.88M (Peak 816.07M) | Time:01:43.42 | Remaining:00:12.86 | Mem:3704.94M, Peak:3897.69M | Scene, ViewLayer | Rendered 2/4 Tiles, Sample 352/512 (Using optimized kernels)
Fra:1 Mem:510.88M (Peak 816.07M) | Time:01:44.49 | Remaining:00:12.06 | Mem:3704.94M, Peak:3897.69M | Scene, ViewLayer | Rendered 2/4 Tiles, Sample 368/512 (Using optimized kernels)
Fra:1 Mem:510.88M (Peak 816.07M) | Time:01:45.54 | Remaining:00:11.25 | Mem:3704.94M, Peak:3897.69M | Scene, ViewLayer | Rendered 2/4 Tiles, Sample 384/512 (Using optimized kernels)
Fra:1 Mem:510.88M (Peak 816.07M) | Time:01:46.58 | Remaining:00:10.43 | Mem:3704.94M, Peak:3897.69M | Scene, ViewLayer | Rendered 2/4 Tiles, Sample 400/512 (Using optimized kernels)
Fra:1 Mem:510.88M (Peak 816.07M) | Time:01:47.66 | Remaining:00:09.62 | Mem:3704.94M, Peak:3897.69M | Scene, ViewLayer | Rendered 2/4 Tiles, Sample 416/512 (Using optimized kernels)
Fra:1 Mem:510.88M (Peak 816.07M) | Time:01:48.71 | Remaining:00:08.80 | Mem:3704.94M, Peak:3897.69M | Scene, ViewLayer | Rendered 2/4 Tiles, Sample 432/512 (Using optimized kernels)
Fra:1 Mem:510.88M (Peak 816.07M) | Time:01:49.76 | Remaining:00:07.98 | Mem:3704.94M, Peak:3897.69M | Scene, ViewLayer | Rendered 2/4 Tiles, Sample 448/512 (Using optimized kernels)
Fra:1 Mem:510.88M (Peak 816.07M) | Time:01:50.84 | Remaining:00:07.15 | Mem:3704.94M, Peak:3897.69M | Scene, ViewLayer | Rendered 2/4 Tiles, Sample 464/512 (Using optimized kernels)
Fra:1 Mem:510.88M (Peak 816.07M) | Time:01:51.91 | Remaining:00:06.32 | Mem:3704.94M, Peak:3897.69M | Scene, ViewLayer | Rendered 2/4 Tiles, Sample 480/512 (Using optimized kernels)
Fra:1 Mem:510.88M (Peak 816.07M) | Time:01:53.01 | Remaining:00:05.49 | Mem:3704.94M, Peak:3897.69M | Scene, ViewLayer | Rendered 2/4 Tiles, Sample 496/512 (Using optimized kernels)
Fra:1 Mem:510.88M (Peak 816.07M) | Time:01:54.14 | Remaining:00:04.66 | Mem:3704.94M, Peak:3897.69M | Scene, ViewLayer | Rendered 2/4 Tiles, Sample 512/512 (Using optimized kernels)
Fra:1 Mem:510.88M (Peak 816.07M) | Time:01:54.14 | Remaining:00:04.66 | Mem:3704.94M, Peak:3897.69M | Scene, ViewLayer | Rendered 3/4 Tiles, Sample 512/512 (Using optimized kernels)
Fra:1 Mem:510.88M (Peak 816.07M) | Time:01:54.20 | Remaining:00:04.65 | Mem:3612.01M, Peak:3897.69M | Scene, ViewLayer | Rendered 3/4 Tiles, Sample 1/512 (Using optimized kernels)
Fra:1 Mem:510.88M (Peak 816.07M) | Time:01:55.12 | Remaining:00:03.94 | Mem:3612.01M, Peak:3897.69M | Scene, ViewLayer | Rendered 3/4 Tiles, Sample 80/512 (Using optimized kernels)
Fra:1 Mem:510.88M (Peak 816.07M) | Time:01:55.33 | Remaining:00:03.79 | Mem:3612.01M, Peak:3897.69M | Scene, ViewLayer | Rendered 3/4 Tiles, Sample 96/512 (Using optimized kernels)
Fra:1 Mem:510.88M (Peak 816.07M) | Time:01:55.56 | Remaining:00:03.65 | Mem:3612.01M, Peak:3897.69M | Scene, ViewLayer | Rendered 3/4 Tiles, Sample 112/512 (Using optimized kernels)
Fra:1 Mem:510.88M (Peak 816.07M) | Time:01:55.78 | Remaining:00:03.51 | Mem:3612.01M, Peak:3897.69M | Scene, ViewLayer | Rendered 3/4 Tiles, Sample 128/512 (Using optimized kernels)
Fra:1 Mem:510.88M (Peak 816.07M) | Time:01:56.00 | Remaining:00:03.36 | Mem:3612.01M, Peak:3897.69M | Scene, ViewLayer | Rendered 3/4 Tiles, Sample 144/512 (Using optimized kernels)
Fra:1 Mem:510.88M (Peak 816.07M) | Time:01:56.23 | Remaining:00:03.22 | Mem:3612.01M, Peak:3897.69M | Scene, ViewLayer | Rendered 3/4 Tiles, Sample 160/512 (Using optimized kernels)
Fra:1 Mem:510.88M (Peak 816.07M) | Time:01:56.44 | Remaining:00:03.07 | Mem:3612.01M, Peak:3897.69M | Scene, ViewLayer | Rendered 3/4 Tiles, Sample 176/512 (Using optimized kernels)
Fra:1 Mem:510.88M (Peak 816.07M) | Time:01:56.66 | Remaining:00:02.93 | Mem:3612.01M, Peak:3897.69M | Scene, ViewLayer | Rendered 3/4 Tiles, Sample 192/512 (Using optimized kernels)
Fra:1 Mem:510.88M (Peak 816.07M) | Time:01:56.88 | Remaining:00:02.78 | Mem:3612.01M, Peak:3897.69M | Scene, ViewLayer | Rendered 3/4 Tiles, Sample 208/512 (Using optimized kernels)
Fra:1 Mem:510.88M (Peak 816.07M) | Time:01:57.10 | Remaining:00:02.64 | Mem:3612.01M, Peak:3897.69M | Scene, ViewLayer | Rendered 3/4 Tiles, Sample 224/512 (Using optimized kernels)
Fra:1 Mem:510.88M (Peak 816.07M) | Time:01:57.32 | Remaining:00:02.49 | Mem:3612.01M, Peak:3897.69M | Scene, ViewLayer | Rendered 3/4 Tiles, Sample 240/512 (Using optimized kernels)
Fra:1 Mem:510.88M (Peak 816.07M) | Time:01:57.54 | Remaining:00:02.35 | Mem:3612.01M, Peak:3897.69M | Scene, ViewLayer | Rendered 3/4 Tiles, Sample 256/512 (Using optimized kernels)
Fra:1 Mem:510.88M (Peak 816.07M) | Time:01:57.76 | Remaining:00:02.20 | Mem:3612.01M, Peak:3897.69M | Scene, ViewLayer | Rendered 3/4 Tiles, Sample 272/512 (Using optimized kernels)
Fra:1 Mem:510.88M (Peak 816.07M) | Time:01:57.98 | Remaining:00:02.06 | Mem:3612.01M, Peak:3897.69M | Scene, ViewLayer | Rendered 3/4 Tiles, Sample 288/512 (Using optimized kernels)
Fra:1 Mem:510.88M (Peak 816.07M) | Time:01:58.19 | Remaining:00:01.91 | Mem:3612.01M, Peak:3897.69M | Scene, ViewLayer | Rendered 3/4 Tiles, Sample 304/512 (Using optimized kernels)
Fra:1 Mem:510.88M (Peak 816.07M) | Time:01:58.41 | Remaining:00:01.76 | Mem:3612.01M, Peak:3897.69M | Scene, ViewLayer | Rendered 3/4 Tiles, Sample 320/512 (Using optimized kernels)
Fra:1 Mem:510.88M (Peak 816.07M) | Time:01:58.62 | Remaining:00:01.62 | Mem:3612.01M, Peak:3897.69M | Scene, ViewLayer | Rendered 3/4 Tiles, Sample 336/512 (Using optimized kernels)
Fra:1 Mem:510.88M (Peak 816.07M) | Time:01:58.84 | Remaining:00:01.47 | Mem:3612.01M, Peak:3897.69M | Scene, ViewLayer | Rendered 3/4 Tiles, Sample 352/512 (Using optimized kernels)
Fra:1 Mem:510.88M (Peak 816.07M) | Time:01:59.06 | Remaining:00:01.32 | Mem:3612.01M, Peak:3897.69M | Scene, ViewLayer | Rendered 3/4 Tiles, Sample 368/512 (Using optimized kernels)
Fra:1 Mem:510.88M (Peak 816.07M) | Time:01:59.28 | Remaining:00:01.18 | Mem:3612.01M, Peak:3897.69M | Scene, ViewLayer | Rendered 3/4 Tiles, Sample 384/512 (Using optimized kernels)
Fra:1 Mem:510.88M (Peak 816.07M) | Time:01:59.50 | Remaining:00:01.03 | Mem:3612.01M, Peak:3897.69M | Scene, ViewLayer | Rendered 3/4 Tiles, Sample 400/512 (Using optimized kernels)
Fra:1 Mem:510.88M (Peak 816.07M) | Time:01:59.72 | Remaining:00:00.88 | Mem:3612.01M, Peak:3897.69M | Scene, ViewLayer | Rendered 3/4 Tiles, Sample 416/512 (Using optimized kernels)
Fra:1 Mem:510.88M (Peak 816.07M) | Time:01:59.94 | Remaining:00:00.74 | Mem:3612.01M, Peak:3897.69M | Scene, ViewLayer | Rendered 3/4 Tiles, Sample 432/512 (Using optimized kernels)
Fra:1 Mem:510.88M (Peak 816.07M) | Time:02:00.16 | Remaining:00:00.59 | Mem:3612.01M, Peak:3897.69M | Scene, ViewLayer | Rendered 3/4 Tiles, Sample 448/512 (Using optimized kernels)
Fra:1 Mem:510.88M (Peak 816.07M) | Time:02:00.38 | Remaining:00:00.44 | Mem:3612.01M, Peak:3897.69M | Scene, ViewLayer | Rendered 3/4 Tiles, Sample 464/512 (Using optimized kernels)
Fra:1 Mem:510.88M (Peak 816.07M) | Time:02:00.60 | Remaining:00:00.29 | Mem:3612.01M, Peak:3897.69M | Scene, ViewLayer | Rendered 3/4 Tiles, Sample 480/512 (Using optimized kernels)
Fra:1 Mem:510.88M (Peak 816.07M) | Time:02:00.82 | Remaining:00:00.14 | Mem:3612.01M, Peak:3897.69M | Scene, ViewLayer | Rendered 3/4 Tiles, Sample 496/512 (Using optimized kernels)
Fra:1 Mem:510.88M (Peak 816.07M) | Time:02:01.07 | Mem:3612.01M, Peak:3897.69M | Scene, ViewLayer | Rendered 3/4 Tiles, Sample 512/512 (Using optimized kernels)
Fra:1 Mem:510.88M (Peak 816.07M) | Time:02:01.07 | Mem:3612.01M, Peak:3897.69M | Scene, ViewLayer | Rendered 3/4 Tiles, Sample 0/512 (Using optimized kernels)
Fra:1 Mem:510.88M (Peak 816.07M) | Time:02:01.07 | Mem:3612.01M, Peak:3897.69M | Scene, ViewLayer | Finished
Fra:1 Mem:150.05M (Peak 816.07M) | Time:02:01.07 | Mem:3200.11M, Peak:3897.69M | Scene | Reading full buffer from disk
Fra:1 Mem:637.12M (Peak 816.07M) | Time:02:01.38 | Mem:3200.11M, Peak:3897.69M | Scene | ViewLayer | Denoising
Fra:1 Mem:637.12M (Peak 816.07M) | Time:02:09.99 | Mem:3687.17M, Peak:3897.69M | Scene | ViewLayer | Finishing
Saved: '/Users/xuanji/gits/mv-astra/output/monuments/01-island-of-steps.png'
Time: 02:10.84 (Saving: 00:00.77)

Info: Packed 9 file(s)
Info: Saved as "01-island-of-steps.blend"
FINISHED 01-island-of-steps alignment errors: [0.00018157418026599665]

Blender quit
