Info: Applied modifier was not first, result may not be as expected
Info: Applied modifier was not first, result may not be as expected
Info: Applied modifier was not first, result may not be as expected
Info: Applied modifier was not first, result may not be as expected
Info: Applied modifier was not first, result may not be as expected
Info: Applied modifier was not first, result may not be as expected
Info: Applied modifier was not first, result may not be as expected
Info: Applied modifier was not first, result may not be as expected
Info: Applied modifier was not first, result may not be as expected
Info: Applied modifier was not first, result may not be as expected
Info: Applied modifier was not first, result may not be as expected
Info: Applied modifier was not first, result may not be as expected
Info: Applied modifier was not first, result may not be as expected
Info: Applied modifier was not first, result may not be as expected
Info: Applied modifier was not first, result may not be as expected
Info: Applied modifier was not first, result may not be as expected
Info: Applied modifier was not first, result may not be as expected
Info: Applied modifier was not first, result may not be as expected
Info: Applied modifier was not first, result may not be as expected
Info: Applied modifier was not first, result may not be as expected
Info: Applied modifier was not first, result may not be as expected
Info: Applied modifier was not first, result may not be as expected
Info: Applied modifier was not first, result may not be as expected
Info: Applied modifier was not first, result may not be as expected
Info: Applied modifier was not first, result may not be as expected
Info: Applied modifier was not first, result may not be as expected
Info: Applied modifier was not first, result may not be as expected
Info: Applied modifier was not first, result may not be as expected
Info: Applied modifier was not first, result may not be as expected
Info: Applied modifier was not first, result may not be as expected
Info: Applied modifier was not first, result may not be as expected
Info: Applied modifier was not first, result may not be as expected
Info: Applied modifier was not first, result may not be as expected
Info: Applied modifier was not first, result may not be as expected
Info: Applied modifier was not first, result may not be as expected
Info: Applied modifier was not first, result may not be as expected
Info: Applied modifier was not first, result may not be as expected
Info: Applied modifier was not first, result may not be as expected
Info: Applied modifier was not first, result may not be as expected
Info: Applied modifier was not first, result may not be as expected
Info: Applied modifier was not first, result may not be as expected
Info: Applied modifier was not first, result may not be as expected
Info: Applied modifier was not first, result may not be as expected
Info: Applied modifier was not first, result may not be as expected
Info: Applied modifier was not first, result may not be as expected
Info: Applied modifier was not first, result may not be as expected
Info: Applied modifier was not first, result may not be as expected
Info: Applied modifier was not first, result may not be as expected
Info: Applied modifier was not first, result may not be as expected
Info: Applied modifier was not first, result may not be as expected
Info: Applied modifier was not first, result may not be as expected
Info: Applied modifier was not first, result may not be as expected
Info: Applied modifier was not first, result may not be as expected
Info: Applied modifier was not first, result may not be as expected
Info: Applied modifier was not first, result may not be as expected
Info: Applied modifier was not first, result may not be as expected
Info: Applied modifier was not first, result may not be as expected
Info: Applied modifier was not first, result may not be as expected
Info: Applied modifier was not first, result may not be as expected
Info: Applied modifier was not first, result may not be as expected
Info: Applied modifier was not first, result may not be as expected
Info: Applied modifier was not first, result may not be as expected
11:15:52 | INFO: Data are loaded, start creating Blender stuff
11:15:52 | INFO: Blender create Mesh node potted_plant_01_base_low
11:15:52 | INFO: Blender create Mesh node Circle.008
11:15:52 | INFO: Blender create Mesh node Circle.002
11:15:52 | INFO: Blender create Mesh node Plane.070
11:15:52 | INFO: glTF import finished in 0.10s
Blender 4.5.0 (hash 8cb6b388974a built 2025-07-15 01:35:28)
Fra:1 Mem:135.21M (Peak 140.41M) | Time:00:00.02 | Mem:0.02M, Peak:0.02M | Scene, ViewLayer | Synchronizing object | Seabed
Fra:1 Mem:135.21M (Peak 140.41M) | Time:00:00.02 | Mem:0.02M, Peak:0.02M | Scene, ViewLayer | Synchronizing object | Palace tidal foundation.002
Fra:1 Mem:135.21M (Peak 140.41M) | Time:00:00.02 | Mem:0.02M, Peak:0.02M | Scene, ViewLayer | Synchronizing object | Great tower lower portal jamb.004
Fra:1 Mem:137.22M (Peak 140.41M) | Time:00:00.02 | Mem:0.02M, Peak:0.02M | Scene, ViewLayer | Synchronizing object | Tower corner pilaster capital
Fra:1 Mem:137.29M (Peak 140.41M) | Time:00:00.02 | Mem:0.02M, Peak:0.02M | Scene, ViewLayer | Synchronizing object | Fine horizontal masonry joint.002
Fra:1 Mem:137.47M (Peak 140.41M) | Time:00:00.02 | Mem:0.02M, Peak:0.02M | Scene, ViewLayer | Synchronizing object | Fine horizontal masonry joint.003
Fra:1 Mem:137.53M (Peak 140.41M) | Time:00:00.02 | Mem:0.02M, Peak:0.02M | Scene, ViewLayer | Synchronizing object | Fine horizontal masonry joint.005
Fra:1 Mem:137.54M (Peak 140.41M) | Time:00:00.02 | Mem:0.02M, Peak:0.02M | Scene, ViewLayer | Synchronizing object | Tower corner pilaster.001
Fra:1 Mem:137.53M (Peak 140.41M) | Time:00:00.02 | Mem:0.02M, Peak:0.02M | Scene, ViewLayer | Synchronizing object | Tower corner pilaster footing.001
Fra:1 Mem:137.57M (Peak 140.41M) | Time:00:00.02 | Mem:0.02M, Peak:0.02M | Scene, ViewLayer | Synchronizing object | Tower corner pilaster capital.001
Fra:1 Mem:137.56M (Peak 140.41M) | Time:00:00.02 | Mem:0.02M, Peak:0.02M | Scene, ViewLayer | Synchronizing object | Fine horizontal masonry joint.008
Fra:1 Mem:137.59M (Peak 140.41M) | Time:00:00.02 | Mem:0.02M, Peak:0.02M | Scene, ViewLayer | Synchronizing object | Fine horizontal masonry joint.010
Fra:1 Mem:137.65M (Peak 140.41M) | Time:00:00.02 | Mem:0.02M, Peak:0.02M | Scene, ViewLayer | Synchronizing object | Fine horizontal masonry joint.011
Fra:1 Mem:137.65M (Peak 140.41M) | Time:00:00.02 | Mem:0.02M, Peak:0.02M | Scene, ViewLayer | Synchronizing object | Fine horizontal masonry joint.012
Fra:1 Mem:137.71M (Peak 140.41M) | Time:00:00.02 | Mem:0.02M, Peak:0.02M | Scene, ViewLayer | Synchronizing object | Fine horizontal masonry joint.013
Fra:1 Mem:137.75M (Peak 140.41M) | Time:00:00.02 | Mem:0.02M, Peak:0.02M | Scene, ViewLayer | Synchronizing object | Tower corner pilaster.002
Fra:1 Mem:137.76M (Peak 140.41M) | Time:00:00.02 | Mem:0.02M, Peak:0.02M | Scene, ViewLayer | Synchronizing object | Tower corner pilaster footing.002
Fra:1 Mem:137.81M (Peak 140.41M) | Time:00:00.02 | Mem:0.02M, Peak:0.02M | Scene, ViewLayer | Synchronizing object | Fine horizontal masonry joint.015
Fra:1 Mem:137.81M (Peak 140.41M) | Time:00:00.02 | Mem:0.02M, Peak:0.02M | Scene, ViewLayer | Synchronizing object | Fine horizontal masonry joint.017
Fra:1 Mem:137.84M (Peak 140.41M) | Time:00:00.02 | Mem:0.02M, Peak:0.02M | Scene, ViewLayer | Synchronizing object | Fine horizontal masonry joint.018
Fra:1 Mem:137.84M (Peak 140.41M) | Time:00:00.02 | Mem:0.02M, Peak:0.02M | Scene, ViewLayer | Synchronizing object | Fine horizontal masonry joint.019
Fra:1 Mem:137.90M (Peak 140.41M) | Time:00:00.02 | Mem:0.02M, Peak:0.02M | Scene, ViewLayer | Synchronizing object | Fine horizontal masonry joint.020
Fra:1 Mem:137.96M (Peak 140.41M) | Time:00:00.02 | Mem:0.02M, Peak:0.02M | Scene, ViewLayer | Synchronizing object | Tower corner pilaster footing.003
Fra:1 Mem:137.96M (Peak 140.41M) | Time:00:00.02 | Mem:0.02M, Peak:0.02M | Scene, ViewLayer | Synchronizing object | Tower corner pilaster capital.003
Fra:1 Mem:137.98M (Peak 140.41M) | Time:00:00.02 | Mem:0.02M, Peak:0.02M | Scene, ViewLayer | Synchronizing object | Fine horizontal masonry joint.021
Fra:1 Mem:138.01M (Peak 140.41M) | Time:00:00.02 | Mem:0.02M, Peak:0.02M | Scene, ViewLayer | Synchronizing object | Fine horizontal masonry joint.024
Fra:1 Mem:138.13M (Peak 140.41M) | Time:00:00.02 | Mem:0.02M, Peak:0.02M | Scene, ViewLayer | Synchronizing object | Fine horizontal masonry joint.025
Fra:1 Mem:138.19M (Peak 140.41M) | Time:00:00.02 | Mem:0.02M, Peak:0.02M | Scene, ViewLayer | Synchronizing object | Fine horizontal masonry joint.026
Fra:1 Mem:138.23M (Peak 140.41M) | Time:00:00.02 | Mem:0.02M, Peak:0.02M | Scene, ViewLayer | Synchronizing object | Tower middle cornice
Fra:1 Mem:138.29M (Peak 140.41M) | Time:00:00.02 | Mem:0.02M, Peak:0.02M | Scene, ViewLayer | Synchronizing object | Inset stone paving
Fra:1 Mem:138.34M (Peak 140.41M) | Time:00:00.02 | Mem:0.02M, Peak:0.02M | Scene, ViewLayer | Synchronizing object | Bronze inlay border.001
Fra:1 Mem:138.35M (Peak 140.41M) | Time:00:00.02 | Mem:0.02M, Peak:0.02M | Scene, ViewLayer | Synchronizing object | Bronze inlay border.003
Fra:1 Mem:138.39M (Peak 140.41M) | Time:00:00.02 | Mem:0.02M, Peak:0.02M | Scene, ViewLayer | Synchronizing object | Bronze inlay border.005
Fra:1 Mem:138.47M (Peak 140.41M) | Time:00:00.02 | Mem:0.02M, Peak:0.02M | Scene, ViewLayer | Synchronizing object | Bronze inlay border.006
Fra:1 Mem:138.51M (Peak 140.41M) | Time:00:00.02 | Mem:0.02M, Peak:0.02M | Scene, ViewLayer | Synchronizing object | Diamond inlaid stone
Fra:1 Mem:138.49M (Peak 140.41M) | Time:00:00.02 | Mem:0.02M, Peak:0.02M | Scene, ViewLayer | Synchronizing object | Upper loggia jamb
Fra:1 Mem:138.55M (Peak 140.41M) | Time:00:00.02 | Mem:0.02M, Peak:0.02M | Scene, ViewLayer | Synchronizing object | Upper loggia jamb.001
Fra:1 Mem:138.58M (Peak 140.41M) | Time:00:00.02 | Mem:0.02M, Peak:0.02M | Scene, ViewLayer | Synchronizing object | Upper loggia jamb.002
Fra:1 Mem:138.59M (Peak 140.41M) | Time:00:00.02 | Mem:0.02M, Peak:0.02M | Scene, ViewLayer | Synchronizing object | Upper loggia jamb.004
Fra:1 Mem:138.62M (Peak 140.41M) | Time:00:00.02 | Mem:0.02M, Peak:0.02M | Scene, ViewLayer | Synchronizing object | Upper loggia jamb.005
Fra:1 Mem:138.65M (Peak 140.41M) | Time:00:00.02 | Mem:0.02M, Peak:0.02M | Scene, ViewLayer | Synchronizing object | Upper loggia jamb.006
Fra:1 Mem:138.69M (Peak 140.41M) | Time:00:00.02 | Mem:0.02M, Peak:0.02M | Scene, ViewLayer | Synchronizing object | Upper belvedere terrace
Fra:1 Mem:138.68M (Peak 140.41M) | Time:00:00.02 | Mem:0.02M, Peak:0.02M | Scene, ViewLayer | Synchronizing object | Crown observatory stylobate
Fra:1 Mem:138.75M (Peak 140.41M) | Time:00:00.02 | Mem:0.02M, Peak:0.02M | Scene, ViewLayer | Synchronizing object | Inset stone paving.001
Fra:1 Mem:138.78M (Peak 140.41M) | Time:00:00.02 | Mem:0.02M, Peak:0.02M | Scene, ViewLayer | Synchronizing object | Bronze inlay border.009
Fra:1 Mem:138.83M (Peak 140.41M) | Time:00:00.02 | Mem:0.02M, Peak:0.02M | Scene, ViewLayer | Synchronizing object | Bronze inlay border.011
Fra:1 Mem:138.82M (Peak 140.41M) | Time:00:00.02 | Mem:0.02M, Peak:0.02M | Scene, ViewLayer | Synchronizing object | Bronze inlay border.012
Fra:1 Mem:138.84M (Peak 140.41M) | Time:00:00.02 | Mem:0.02M, Peak:0.02M | Scene, ViewLayer | Synchronizing object | Bronze inlay border.014
Fra:1 Mem:138.87M (Peak 140.41M) | Time:00:00.02 | Mem:0.02M, Peak:0.02M | Scene, ViewLayer | Synchronizing object | Diamond inlaid stone.001
Fra:1 Mem:138.93M (Peak 140.41M) | Time:00:00.02 | Mem:0.02M, Peak:0.02M | Scene, ViewLayer | Synchronizing object | Crown observatory jamb
Fra:1 Mem:138.95M (Peak 140.41M) | Time:00:00.02 | Mem:0.02M, Peak:0.02M | Scene, ViewLayer | Synchronizing object | Crown observatory jamb.001
Fra:1 Mem:138.99M (Peak 140.41M) | Time:00:00.02 | Mem:0.02M, Peak:0.02M | Scene, ViewLayer | Synchronizing object | Crown observatory jamb.003
Fra:1 Mem:139.09M (Peak 140.41M) | Time:00:00.02 | Mem:0.02M, Peak:0.02M | Scene, ViewLayer | Synchronizing object | Crown observatory jamb.004
Fra:1 Mem:139.10M (Peak 140.41M) | Time:00:00.02 | Mem:0.02M, Peak:0.02M | Scene, ViewLayer | Synchronizing object | Crown observatory jamb.005
Fra:1 Mem:139.12M (Peak 140.41M) | Time:00:00.02 | Mem:0.02M, Peak:0.02M | Scene, ViewLayer | Synchronizing object | Crown observatory jamb.007
Fra:1 Mem:139.19M (Peak 140.41M) | Time:00:00.02 | Mem:0.02M, Peak:0.02M | Scene, ViewLayer | Synchronizing object | Crown observatory bronze roof curb
Fra:1 Mem:139.18M (Peak 140.41M) | Time:00:00.02 | Mem:0.02M, Peak:0.02M | Scene, ViewLayer | Synchronizing object | Gilded finial
Fra:1 Mem:139.20M (Peak 140.41M) | Time:00:00.02 | Mem:0.02M, Peak:0.02M | Scene, ViewLayer | Synchronizing object | Sphere
Fra:1 Mem:139.19M (Peak 140.41M) | Time:00:00.02 | Mem:0.02M, Peak:0.02M | Scene, ViewLayer | Synchronizing object | Dressed stone tread
Fra:1 Mem:139.25M (Peak 140.41M) | Time:00:00.02 | Mem:0.02M, Peak:0.02M | Scene, ViewLayer | Synchronizing object | Dressed stone tread.001
Fra:1 Mem:139.30M (Peak 140.41M) | Time:00:00.02 | Mem:0.02M, Peak:0.02M | Scene, ViewLayer | Synchronizing object | Brass step nosing.001
Fra:1 Mem:139.38M (Peak 140.41M) | Time:00:00.02 | Mem:0.02M, Peak:0.02M | Scene, ViewLayer | Synchronizing object | Dressed stone tread.002
Fra:1 Mem:139.38M (Peak 140.41M) | Time:00:00.02 | Mem:0.02M, Peak:0.02M | Scene, ViewLayer | Synchronizing object | Brass step nosing.002
Fra:1 Mem:139.43M (Peak 140.41M) | Time:00:00.02 | Mem:0.02M, Peak:0.02M | Scene, ViewLayer | Synchronizing object | Brass step nosing.003
Fra:1 Mem:139.52M (Peak 140.41M) | Time:00:00.02 | Mem:0.02M, Peak:0.02M | Scene, ViewLayer | Synchronizing object | Brass step nosing.005
Fra:1 Mem:139.55M (Peak 140.41M) | Time:00:00.02 | Mem:0.02M, Peak:0.02M | Scene, ViewLayer | Synchronizing object | Brass step nosing.006
Fra:1 Mem:139.64M (Peak 140.41M) | Time:00:00.02 | Mem:0.02M, Peak:0.02M | Scene, ViewLayer | Synchronizing object | Brass step nosing.007
Fra:1 Mem:139.64M (Peak 140.41M) | Time:00:00.02 | Mem:0.02M, Peak:0.02M | Scene, ViewLayer | Synchronizing object | Dressed stone tread.008
Fra:1 Mem:139.70M (Peak 140.41M) | Time:00:00.02 | Mem:0.02M, Peak:0.02M | Scene, ViewLayer | Synchronizing object | Brass step nosing.008
Fra:1 Mem:139.68M (Peak 140.41M) | Time:00:00.02 | Mem:0.02M, Peak:0.02M | Scene, ViewLayer | Synchronizing object | Dressed stone tread.009
Fra:1 Mem:139.74M (Peak 140.41M) | Time:00:00.02 | Mem:0.02M, Peak:0.02M | Scene, ViewLayer | Synchronizing object | Dressed stone tread.011
Fra:1 Mem:139.76M (Peak 140.41M) | Time:00:00.02 | Mem:0.02M, Peak:0.02M | Scene, ViewLayer | Synchronizing object | Brass step nosing.011
Fra:1 Mem:139.78M (Peak 140.41M) | Time:00:00.02 | Mem:0.02M, Peak:0.02M | Scene, ViewLayer | Synchronizing object | Dressed stone tread.012
Fra:1 Mem:139.80M (Peak 140.41M) | Time:00:00.02 | Mem:0.02M, Peak:0.02M | Scene, ViewLayer | Synchronizing object | Brass step nosing.012
Fra:1 Mem:139.80M (Peak 140.41M) | Time:00:00.02 | Mem:0.02M, Peak:0.02M | Scene, ViewLayer | Synchronizing object | Dressed stone tread.013
Fra:1 Mem:139.86M (Peak 140.41M) | Time:00:00.02 | Mem:0.02M, Peak:0.02M | Scene, ViewLayer | Synchronizing object | Brass step nosing.013
Fra:1 Mem:139.88M (Peak 140.41M) | Time:00:00.02 | Mem:0.02M, Peak:0.02M | Scene, ViewLayer | Synchronizing object | Slim brass handrail
Fra:1 Mem:139.93M (Peak 140.41M) | Time:00:00.02 | Mem:0.02M, Peak:0.02M | Scene, ViewLayer | Synchronizing object | Bronze baluster
Fra:1 Mem:139.91M (Peak 140.41M) | Time:00:00.02 | Mem:0.02M, Peak:0.02M | Scene, ViewLayer | Synchronizing object | Bronze baluster.002
Fra:1 Mem:139.95M (Peak 140.41M) | Time:00:00.02 | Mem:0.02M, Peak:0.02M | Scene, ViewLayer | Synchronizing object | Bronze baluster.003
Fra:1 Mem:139.98M (Peak 140.41M) | Time:00:00.02 | Mem:0.02M, Peak:0.02M | Scene, ViewLayer | Synchronizing object | Slim brass handrail.001
Fra:1 Mem:139.97M (Peak 140.41M) | Time:00:00.02 | Mem:0.02M, Peak:0.02M | Scene, ViewLayer | Synchronizing object | Bronze baluster.005
Fra:1 Mem:140.01M (Peak 140.41M) | Time:00:00.02 | Mem:0.02M, Peak:0.02M | Scene, ViewLayer | Synchronizing object | Bronze baluster.006
Fra:1 Mem:140.00M (Peak 140.41M) | Time:00:00.02 | Mem:0.02M, Peak:0.02M | Scene, ViewLayer | Synchronizing object | Bronze baluster.009
Fra:1 Mem:140.02M (Peak 140.41M) | Time:00:00.02 | Mem:0.02M, Peak:0.02M | Scene, ViewLayer | Synchronizing object | Dressed stone tread.014
Fra:1 Mem:140.04M (Peak 140.41M) | Time:00:00.02 | Mem:0.02M, Peak:0.02M | Scene, ViewLayer | Synchronizing object | Dressed stone tread.015
Fra:1 Mem:140.10M (Peak 140.41M) | Time:00:00.02 | Mem:0.02M, Peak:0.02M | Scene, ViewLayer | Synchronizing object | Brass step nosing.015
Fra:1 Mem:140.12M (Peak 140.41M) | Time:00:00.02 | Mem:0.02M, Peak:0.02M | Scene, ViewLayer | Synchronizing object | Dressed stone tread.016
Fra:1 Mem:140.13M (Peak 140.41M) | Time:00:00.02 | Mem:0.02M, Peak:0.02M | Scene, ViewLayer | Synchronizing object | Brass step nosing.016
Fra:1 Mem:140.26M (Peak 140.41M) | Time:00:00.02 | Mem:0.02M, Peak:0.02M | Scene, ViewLayer | Synchronizing object | Dressed stone tread.017
Fra:1 Mem:140.25M (Peak 140.41M) | Time:00:00.02 | Mem:0.02M, Peak:0.02M | Scene, ViewLayer | Synchronizing object | Brass step nosing.018
Fra:1 Mem:140.24M (Peak 140.41M) | Time:00:00.02 | Mem:0.02M, Peak:0.02M | Scene, ViewLayer | Synchronizing object | Dressed stone tread.019
Fra:1 Mem:140.28M (Peak 140.41M) | Time:00:00.02 | Mem:0.02M, Peak:0.02M | Scene, ViewLayer | Synchronizing object | Brass step nosing.019
Fra:1 Mem:140.31M (Peak 140.41M) | Time:00:00.02 | Mem:0.02M, Peak:0.02M | Scene, ViewLayer | Synchronizing object | Brass step nosing.020
Fra:1 Mem:140.35M (Peak 140.41M) | Time:00:00.02 | Mem:0.02M, Peak:0.02M | Scene, ViewLayer | Synchronizing object | Slim brass handrail.002
Fra:1 Mem:140.38M (Peak 140.41M) | Time:00:00.02 | Mem:0.02M, Peak:0.02M | Scene, ViewLayer | Synchronizing object | Bronze baluster.011
Fra:1 Mem:140.34M (Peak 140.41M) | Time:00:00.02 | Mem:0.02M, Peak:0.02M | Scene, ViewLayer | Synchronizing object | Slim brass handrail.003
Fra:1 Mem:140.34M (Peak 140.41M) | Time:00:00.02 | Mem:0.02M, Peak:0.02M | Scene, ViewLayer | Synchronizing object | Bronze baluster.014
Fra:1 Mem:140.35M (Peak 140.41M) | Time:00:00.02 | Mem:0.02M, Peak:0.02M | Scene, ViewLayer | Synchronizing object | Bronze baluster.015
Fra:1 Mem:140.38M (Peak 140.41M) | Time:00:00.02 | Mem:0.02M, Peak:0.02M | Scene, ViewLayer | Synchronizing object | Dressed stone tread.021
Fra:1 Mem:140.42M (Peak 140.42M) | Time:00:00.02 | Mem:0.02M, Peak:0.02M | Scene, ViewLayer | Synchronizing object | Brass step nosing.021
Fra:1 Mem:140.48M (Peak 140.48M) | Time:00:00.02 | Mem:0.02M, Peak:0.02M | Scene, ViewLayer | Synchronizing object | Dressed stone tread.022
Fra:1 Mem:140.49M (Peak 140.49M) | Time:00:00.02 | Mem:0.02M, Peak:0.02M | Scene, ViewLayer | Synchronizing object | Brass step nosing.022
Fra:1 Mem:140.51M (Peak 140.51M) | Time:00:00.02 | Mem:0.02M, Peak:0.02M | Scene, ViewLayer | Synchronizing object | Dressed stone tread.023
Fra:1 Mem:140.53M (Peak 140.53M) | Time:00:00.02 | Mem:0.02M, Peak:0.02M | Scene, ViewLayer | Synchronizing object | Dressed stone tread.024
Fra:1 Mem:140.57M (Peak 140.57M) | Time:00:00.02 | Mem:0.02M, Peak:0.02M | Scene, ViewLayer | Synchronizing object | Brass step nosing.024
Fra:1 Mem:140.57M (Peak 140.57M) | Time:00:00.02 | Mem:0.02M, Peak:0.02M | Scene, ViewLayer | Synchronizing object | Dressed stone tread.026
Fra:1 Mem:140.60M (Peak 140.60M) | Time:00:00.02 | Mem:0.02M, Peak:0.02M | Scene, ViewLayer | Synchronizing object | Brass step nosing.027
Fra:1 Mem:140.61M (Peak 140.61M) | Time:00:00.02 | Mem:0.02M, Peak:0.02M | Scene, ViewLayer | Synchronizing object | Slim brass handrail.004
Fra:1 Mem:140.74M (Peak 140.74M) | Time:00:00.02 | Mem:0.02M, Peak:0.02M | Scene, ViewLayer | Synchronizing object | Bronze baluster.016
Fra:1 Mem:140.74M (Peak 140.74M) | Time:00:00.02 | Mem:0.02M, Peak:0.02M | Scene, ViewLayer | Synchronizing object | Bronze baluster.017
Fra:1 Mem:140.76M (Peak 140.76M) | Time:00:00.02 | Mem:0.02M, Peak:0.02M | Scene, ViewLayer | Synchronizing object | Bronze baluster.018
Fra:1 Mem:140.74M (Peak 140.76M) | Time:00:00.02 | Mem:0.02M, Peak:0.02M | Scene, ViewLayer | Synchronizing object | Bronze baluster.019
Fra:1 Mem:140.78M (Peak 140.78M) | Time:00:00.02 | Mem:0.02M, Peak:0.02M | Scene, ViewLayer | Synchronizing object | Bronze baluster.020
Fra:1 Mem:140.77M (Peak 140.78M) | Time:00:00.02 | Mem:0.02M, Peak:0.02M | Scene, ViewLayer | Synchronizing object | Dressed stone tread.028
Fra:1 Mem:140.74M (Peak 140.78M) | Time:00:00.02 | Mem:0.02M, Peak:0.02M | Scene, ViewLayer | Synchronizing object | Brass step nosing.028
Fra:1 Mem:140.75M (Peak 140.78M) | Time:00:00.02 | Mem:0.02M, Peak:0.02M | Scene, ViewLayer | Synchronizing object | Brass step nosing.029
Fra:1 Mem:140.82M (Peak 140.82M) | Time:00:00.02 | Mem:0.02M, Peak:0.02M | Scene, ViewLayer | Synchronizing object | Dressed stone tread.030
Fra:1 Mem:140.85M (Peak 140.85M) | Time:00:00.02 | Mem:0.02M, Peak:0.02M | Scene, ViewLayer | Synchronizing object | Brass step nosing.030
Fra:1 Mem:140.86M (Peak 140.86M) | Time:00:00.02 | Mem:0.02M, Peak:0.02M | Scene, ViewLayer | Synchronizing object | Dressed stone tread.031
Fra:1 Mem:140.93M (Peak 140.93M) | Time:00:00.02 | Mem:0.02M, Peak:0.02M | Scene, ViewLayer | Synchronizing object | Brass step nosing.031
Fra:1 Mem:140.98M (Peak 140.98M) | Time:00:00.02 | Mem:0.02M, Peak:0.02M | Scene, ViewLayer | Synchronizing object | Dressed stone tread.032
Fra:1 Mem:140.99M (Peak 140.99M) | Time:00:00.02 | Mem:0.02M, Peak:0.02M | Scene, ViewLayer | Synchronizing object | Dressed stone tread.033
Fra:1 Mem:141.01M (Peak 141.01M) | Time:00:00.02 | Mem:0.02M, Peak:0.02M | Scene, ViewLayer | Synchronizing object | Brass step nosing.033
Fra:1 Mem:141.04M (Peak 141.04M) | Time:00:00.02 | Mem:0.02M, Peak:0.02M | Scene, ViewLayer | Synchronizing object | Dressed stone tread.034
Fra:1 Mem:141.05M (Peak 141.05M) | Time:00:00.02 | Mem:0.02M, Peak:0.02M | Scene, ViewLayer | Synchronizing object | Dressed stone tread.035
Fra:1 Mem:141.04M (Peak 141.05M) | Time:00:00.02 | Mem:0.02M, Peak:0.02M | Scene, ViewLayer | Synchronizing object | Brass step nosing.036
Fra:1 Mem:141.04M (Peak 141.05M) | Time:00:00.02 | Mem:0.02M, Peak:0.02M | Scene, ViewLayer | Synchronizing object | Brass step nosing.037
Fra:1 Mem:141.07M (Peak 141.07M) | Time:00:00.02 | Mem:0.02M, Peak:0.02M | Scene, ViewLayer | Synchronizing object | Dressed stone tread.038
Fra:1 Mem:141.09M (Peak 141.09M) | Time:00:00.02 | Mem:0.02M, Peak:0.02M | Scene, ViewLayer | Synchronizing object | Brass step nosing.038
Fra:1 Mem:141.20M (Peak 141.20M) | Time:00:00.02 | Mem:0.02M, Peak:0.02M | Scene, ViewLayer | Synchronizing object | Dressed stone tread.039
Fra:1 Mem:141.22M (Peak 141.22M) | Time:00:00.02 | Mem:0.02M, Peak:0.02M | Scene, ViewLayer | Synchronizing object | Brass step nosing.039
Fra:1 Mem:141.28M (Peak 141.28M) | Time:00:00.02 | Mem:0.02M, Peak:0.02M | Scene, ViewLayer | Synchronizing object | Dressed stone tread.040
Fra:1 Mem:141.48M (Peak 141.48M) | Time:00:00.02 | Mem:0.02M, Peak:0.02M | Scene, ViewLayer | Synchronizing object | Dressed stone tread.041
Fra:1 Mem:141.46M (Peak 141.48M) | Time:00:00.02 | Mem:0.02M, Peak:0.02M | Scene, ViewLayer | Synchronizing object | Slim brass handrail.006
Fra:1 Mem:141.51M (Peak 141.51M) | Time:00:00.02 | Mem:0.02M, Peak:0.02M | Scene, ViewLayer | Synchronizing object | Bronze baluster.022
Fra:1 Mem:141.54M (Peak 141.54M) | Time:00:00.02 | Mem:0.02M, Peak:0.02M | Scene, ViewLayer | Synchronizing object | Bronze baluster.023
Fra:1 Mem:141.56M (Peak 141.56M) | Time:00:00.02 | Mem:0.02M, Peak:0.02M | Scene, ViewLayer | Synchronizing object | Slim brass handrail.007
Fra:1 Mem:141.65M (Peak 141.65M) | Time:00:00.02 | Mem:0.02M, Peak:0.02M | Scene, ViewLayer | Synchronizing object | Bronze baluster.028
Fra:1 Mem:141.62M (Peak 141.65M) | Time:00:00.02 | Mem:0.02M, Peak:0.02M | Scene, ViewLayer | Synchronizing object | Bronze baluster.029
Fra:1 Mem:141.65M (Peak 141.65M) | Time:00:00.02 | Mem:0.02M, Peak:0.02M | Scene, ViewLayer | Synchronizing object | Raised standing seam.001
Fra:1 Mem:141.66M (Peak 141.66M) | Time:00:00.02 | Mem:0.02M, Peak:0.02M | Scene, ViewLayer | Synchronizing object | Bronze baluster.031
Fra:1 Mem:141.73M (Peak 141.73M) | Time:00:00.02 | Mem:0.02M, Peak:0.02M | Scene, ViewLayer | Synchronizing object | Landing rail return
Fra:1 Mem:141.73M (Peak 141.73M) | Time:00:00.02 | Mem:0.02M, Peak:0.02M | Scene, ViewLayer | Synchronizing object | Landing rail return.001
Fra:1 Mem:141.67M (Peak 141.73M) | Time:00:00.02 | Mem:0.02M, Peak:0.02M | Scene, ViewLayer | Synchronizing object | Continuous corner railing
Fra:1 Mem:141.68M (Peak 141.73M) | Time:00:00.02 | Mem:0.02M, Peak:0.02M | Scene, ViewLayer | Synchronizing object | Landing rail return.003
Fra:1 Mem:141.73M (Peak 141.73M) | Time:00:00.02 | Mem:0.02M, Peak:0.02M | Scene, ViewLayer | Synchronizing object | Continuous corner railing.002
Fra:1 Mem:141.76M (Peak 141.76M) | Time:00:00.02 | Mem:0.02M, Peak:0.02M | Scene, ViewLayer | Synchronizing object | Continuous corner railing.003
Fra:1 Mem:141.76M (Peak 141.76M) | Time:00:00.02 | Mem:0.02M, Peak:0.02M | Scene, ViewLayer | Synchronizing object | Corner baluster.001
Fra:1 Mem:141.86M (Peak 141.86M) | Time:00:00.02 | Mem:0.02M, Peak:0.02M | Scene, ViewLayer | Synchronizing object | Landing rail return.004
Fra:1 Mem:141.86M (Peak 141.86M) | Time:00:00.02 | Mem:0.02M, Peak:0.02M | Scene, ViewLayer | Synchronizing object | Landing rail return.005
Fra:1 Mem:141.86M (Peak 141.86M) | Time:00:00.02 | Mem:0.02M, Peak:0.02M | Scene, ViewLayer | Synchronizing object | Landing rail return.006
Fra:1 Mem:141.87M (Peak 141.87M) | Time:00:00.02 | Mem:0.02M, Peak:0.02M | Scene, ViewLayer | Synchronizing object | Raised standing seam.002
Fra:1 Mem:141.89M (Peak 141.89M) | Time:00:00.02 | Mem:0.02M, Peak:0.02M | Scene, ViewLayer | Synchronizing object | Continuous corner railing.006
Fra:1 Mem:141.97M (Peak 141.97M) | Time:00:00.02 | Mem:0.02M, Peak:0.02M | Scene, ViewLayer | Synchronizing object | Continuous corner railing.007
Fra:1 Mem:141.98M (Peak 141.98M) | Time:00:00.02 | Mem:0.02M, Peak:0.02M | Scene, ViewLayer | Synchronizing object | Corner baluster.003
Fra:1 Mem:141.98M (Peak 141.98M) | Time:00:00.02 | Mem:0.02M, Peak:0.02M | Scene, ViewLayer | Synchronizing object | Raised standing seam.003
Fra:1 Mem:141.98M (Peak 141.98M) | Time:00:00.02 | Mem:0.02M, Peak:0.02M | Scene, ViewLayer | Synchronizing object | Continuous corner railing.009
Fra:1 Mem:142.09M (Peak 142.09M) | Time:00:00.02 | Mem:0.02M, Peak:0.02M | Scene, ViewLayer | Synchronizing object | Corner baluster.004
Fra:1 Mem:142.11M (Peak 142.11M) | Time:00:00.02 | Mem:0.02M, Peak:0.02M | Scene, ViewLayer | Synchronizing object | Landing rail return.010
Fra:1 Mem:142.11M (Peak 142.11M) | Time:00:00.02 | Mem:0.02M, Peak:0.02M | Scene, ViewLayer | Synchronizing object | Continuous corner railing.010
Fra:1 Mem:142.13M (Peak 142.13M) | Time:00:00.02 | Mem:0.02M, Peak:0.02M | Scene, ViewLayer | Synchronizing object | Continuous corner railing.011
Fra:1 Mem:142.12M (Peak 142.13M) | Time:00:00.02 | Mem:0.02M, Peak:0.02M | Scene, ViewLayer | Synchronizing object | Corner baluster.005
Fra:1 Mem:142.13M (Peak 142.13M) | Time:00:00.02 | Mem:0.02M, Peak:0.02M | Scene, ViewLayer | Synchronizing object | Landing rail return.012
Fra:1 Mem:142.13M (Peak 142.13M) | Time:00:00.02 | Mem:0.02M, Peak:0.02M | Scene, ViewLayer | Synchronizing object | Continuous corner railing.012
Fra:1 Mem:142.15M (Peak 142.15M) | Time:00:00.02 | Mem:0.02M, Peak:0.02M | Scene, ViewLayer | Synchronizing object | Continuous corner railing.013
Fra:1 Mem:142.14M (Peak 142.15M) | Time:00:00.02 | Mem:0.02M, Peak:0.02M | Scene, ViewLayer | Synchronizing object | Landing rail return.014
Fra:1 Mem:142.14M (Peak 142.15M) | Time:00:00.02 | Mem:0.02M, Peak:0.02M | Scene, ViewLayer | Synchronizing object | Landing rail return.015
Fra:1 Mem:142.16M (Peak 142.16M) | Time:00:00.02 | Mem:0.02M, Peak:0.02M | Scene, ViewLayer | Synchronizing object | Continuous corner railing.014
Fra:1 Mem:142.16M (Peak 142.16M) | Time:00:00.02 | Mem:0.02M, Peak:0.02M | Scene, ViewLayer | Synchronizing object | Continuous corner railing.015
Fra:1 Mem:142.17M (Peak 142.17M) | Time:00:00.02 | Mem:0.02M, Peak:0.02M | Scene, ViewLayer | Synchronizing object | Corner baluster.007
Fra:1 Mem:142.17M (Peak 142.17M) | Time:00:00.02 | Mem:0.02M, Peak:0.02M | Scene, ViewLayer | Synchronizing object | Illusion corner landing 1
Fra:1 Mem:142.17M (Peak 142.17M) | Time:00:00.02 | Mem:0.02M, Peak:0.02M | Scene, ViewLayer | Synchronizing object | Stair support 1
Fra:1 Mem:142.21M (Peak 142.21M) | Time:00:00.02 | Mem:0.02M, Peak:0.02M | Scene, ViewLayer | Synchronizing object | Stair support 1 footing
Fra:1 Mem:142.21M (Peak 142.21M) | Time:00:00.02 | Mem:0.02M, Peak:0.02M | Scene, ViewLayer | Synchronizing object | Stair support 1 capital
Fra:1 Mem:142.24M (Peak 142.24M) | Time:00:00.02 | Mem:0.02M, Peak:0.02M | Scene, ViewLayer | Synchronizing object | Fine horizontal masonry joint.028
Fra:1 Mem:142.25M (Peak 142.25M) | Time:00:00.02 | Mem:0.02M, Peak:0.02M | Scene, ViewLayer | Synchronizing object | Fine horizontal masonry joint.029
Fra:1 Mem:142.29M (Peak 142.29M) | Time:00:00.02 | Mem:0.02M, Peak:0.02M | Scene, ViewLayer | Synchronizing object | Fine horizontal masonry joint.031
Fra:1 Mem:142.27M (Peak 142.29M) | Time:00:00.02 | Mem:0.02M, Peak:0.02M | Scene, ViewLayer | Synchronizing object | Fine horizontal masonry joint.033
Fra:1 Mem:142.31M (Peak 142.31M) | Time:00:00.02 | Mem:0.02M, Peak:0.02M | Scene, ViewLayer | Synchronizing object | Stair support 2
Fra:1 Mem:142.31M (Peak 142.31M) | Time:00:00.02 | Mem:0.02M, Peak:0.02M | Scene, ViewLayer | Synchronizing object | Stair support 2 footing
Fra:1 Mem:142.35M (Peak 142.35M) | Time:00:00.02 | Mem:0.02M, Peak:0.02M | Scene, ViewLayer | Synchronizing object | Stair support 2 capital
Fra:1 Mem:142.43M (Peak 142.43M) | Time:00:00.02 | Mem:0.02M, Peak:0.02M | Scene, ViewLayer | Synchronizing object | Fine horizontal masonry joint.034
Fra:1 Mem:142.50M (Peak 142.50M) | Time:00:00.02 | Mem:0.02M, Peak:0.02M | Scene, ViewLayer | Synchronizing object | Raised standing seam.005
Fra:1 Mem:142.63M (Peak 142.63M) | Time:00:00.02 | Mem:0.02M, Peak:0.02M | Scene, ViewLayer | Synchronizing object | Fine horizontal masonry joint.035
Fra:1 Mem:142.60M (Peak 142.63M) | Time:00:00.02 | Mem:0.02M, Peak:0.02M | Scene, ViewLayer | Synchronizing object | Fine horizontal masonry joint.038
Fra:1 Mem:142.69M (Peak 142.69M) | Time:00:00.02 | Mem:0.02M, Peak:0.02M | Scene, ViewLayer | Synchronizing object | Raised standing seam.006
Fra:1 Mem:142.86M (Peak 142.86M) | Time:00:00.02 | Mem:0.02M, Peak:0.02M | Scene, ViewLayer | Synchronizing object | Fine horizontal masonry joint.040
Fra:1 Mem:142.84M (Peak 142.86M) | Time:00:00.02 | Mem:0.02M, Peak:0.02M | Scene, ViewLayer | Synchronizing object | Stair support 3 footing
Fra:1 Mem:142.89M (Peak 142.89M) | Time:00:00.02 | Mem:0.02M, Peak:0.02M | Scene, ViewLayer | Synchronizing object | Fine horizontal masonry joint.041
Fra:1 Mem:142.91M (Peak 142.91M) | Time:00:00.02 | Mem:0.02M, Peak:0.02M | Scene, ViewLayer | Synchronizing object | Fine horizontal masonry joint.044
Fra:1 Mem:143.01M (Peak 143.01M) | Time:00:00.02 | Mem:0.02M, Peak:0.02M | Scene, ViewLayer | Synchronizing object | Fine horizontal masonry joint.045
Fra:1 Mem:143.01M (Peak 143.01M) | Time:00:00.02 | Mem:0.02M, Peak:0.02M | Scene, ViewLayer | Synchronizing object | Fine horizontal masonry joint.046
Fra:1 Mem:143.09M (Peak 143.09M) | Time:00:00.02 | Mem:0.02M, Peak:0.02M | Scene, ViewLayer | Synchronizing object | Fine horizontal masonry joint.047
Fra:1 Mem:143.21M (Peak 143.21M) | Time:00:00.02 | Mem:0.02M, Peak:0.02M | Scene, ViewLayer | Synchronizing object | Fine horizontal masonry joint.048
Fra:1 Mem:143.29M (Peak 143.29M) | Time:00:00.02 | Mem:0.02M, Peak:0.02M | Scene, ViewLayer | Synchronizing object | Illusion corner landing 4
Fra:1 Mem:143.25M (Peak 143.29M) | Time:00:00.02 | Mem:0.02M, Peak:0.02M | Scene, ViewLayer | Synchronizing object | Stair support 4 footing
Fra:1 Mem:143.24M (Peak 143.29M) | Time:00:00.02 | Mem:0.02M, Peak:0.02M | Scene, ViewLayer | Synchronizing object | Stair support 4 capital
Fra:1 Mem:143.28M (Peak 143.29M) | Time:00:00.02 | Mem:0.02M, Peak:0.02M | Scene, ViewLayer | Synchronizing object | Fine horizontal masonry joint.051
Fra:1 Mem:143.39M (Peak 143.39M) | Time:00:00.02 | Mem:0.02M, Peak:0.02M | Scene, ViewLayer | Synchronizing object | Fine horizontal masonry joint.052
Fra:1 Mem:143.40M (Peak 143.40M) | Time:00:00.02 | Mem:0.02M, Peak:0.02M | Scene, ViewLayer | Synchronizing object | Fine horizontal masonry joint.053
Fra:1 Mem:143.47M (Peak 143.47M) | Time:00:00.02 | Mem:0.02M, Peak:0.02M | Scene, ViewLayer | Synchronizing object | Fine horizontal masonry joint.055
Fra:1 Mem:143.45M (Peak 143.47M) | Time:00:00.02 | Mem:0.02M, Peak:0.02M | Scene, ViewLayer | Synchronizing object | Fine horizontal masonry joint.056
Fra:1 Mem:143.53M (Peak 143.53M) | Time:00:00.02 | Mem:0.02M, Peak:0.02M | Scene, ViewLayer | Synchronizing object | Fine horizontal masonry joint.057
Fra:1 Mem:143.58M (Peak 143.58M) | Time:00:00.02 | Mem:0.02M, Peak:0.02M | Scene, ViewLayer | Synchronizing object | Inset stone paving.002
Fra:1 Mem:143.58M (Peak 143.58M) | Time:00:00.02 | Mem:0.02M, Peak:0.02M | Scene, ViewLayer | Synchronizing object | Bronze inlay border.016
Fra:1 Mem:143.61M (Peak 143.61M) | Time:00:00.02 | Mem:0.02M, Peak:0.02M | Scene, ViewLayer | Synchronizing object | Bronze inlay border.018
Fra:1 Mem:143.64M (Peak 143.64M) | Time:00:00.02 | Mem:0.02M, Peak:0.02M | Scene, ViewLayer | Synchronizing object | Raised standing seam.008
Fra:1 Mem:143.67M (Peak 143.67M) | Time:00:00.02 | Mem:0.02M, Peak:0.02M | Scene, ViewLayer | Synchronizing object | Bronze inlay border.020
Fra:1 Mem:143.75M (Peak 143.75M) | Time:00:00.02 | Mem:0.02M, Peak:0.02M | Scene, ViewLayer | Synchronizing object | Bronze inlay border.021
Fra:1 Mem:143.83M (Peak 143.83M) | Time:00:00.02 | Mem:0.02M, Peak:0.02M | Scene, ViewLayer | Synchronizing object | Diamond inlaid stone.002
Fra:1 Mem:143.91M (Peak 143.91M) | Time:00:00.02 | Mem:0.02M, Peak:0.02M | Scene, ViewLayer | Synchronizing object | Bronze inlay border.024
Fra:1 Mem:143.94M (Peak 143.94M) | Time:00:00.02 | Mem:0.02M, Peak:0.02M | Scene, ViewLayer | Synchronizing object | Bronze inlay border.025
Fra:1 Mem:144.04M (Peak 144.04M) | Time:00:00.02 | Mem:0.02M, Peak:0.02M | Scene, ViewLayer | Synchronizing object | Bronze inlay border.026
Fra:1 Mem:144.21M (Peak 144.21M) | Time:00:00.02 | Mem:0.02M, Peak:0.02M | Scene, ViewLayer | Synchronizing object | Bronze inlay border.027
Fra:1 Mem:144.25M (Peak 144.25M) | Time:00:00.02 | Mem:0.02M, Peak:0.02M | Scene, ViewLayer | Synchronizing object | Bronze inlay border.028
Fra:1 Mem:144.25M (Peak 144.25M) | Time:00:00.02 | Mem:0.02M, Peak:0.02M | Scene, ViewLayer | Synchronizing object | Bronze inlay border.030
Fra:1 Mem:144.23M (Peak 144.25M) | Time:00:00.02 | Mem:0.02M, Peak:0.02M | Scene, ViewLayer | Synchronizing object | Diamond inlaid stone.003
Fra:1 Mem:144.20M (Peak 144.25M) | Time:00:00.03 | Mem:0.02M, Peak:0.02M | Scene, ViewLayer | Synchronizing object | Bronze inlay border.033
Fra:1 Mem:144.47M (Peak 144.47M) | Time:00:00.03 | Mem:0.02M, Peak:0.02M | Scene, ViewLayer | Synchronizing object | Bronze inlay border.035
Fra:1 Mem:144.46M (Peak 144.47M) | Time:00:00.03 | Mem:0.02M, Peak:0.02M | Scene, ViewLayer | Synchronizing object | Bronze inlay border.036
Fra:1 Mem:144.51M (Peak 144.51M) | Time:00:00.03 | Mem:0.02M, Peak:0.02M | Scene, ViewLayer | Synchronizing object | Bronze inlay border.038
Fra:1 Mem:144.52M (Peak 144.53M) | Time:00:00.03 | Mem:0.02M, Peak:0.02M | Scene, ViewLayer | Synchronizing object | Bronze inlay border.037
Fra:1 Mem:144.52M (Peak 144.53M) | Time:00:00.03 | Mem:0.02M, Peak:0.02M | Scene, ViewLayer | Synchronizing object | Diamond inlaid stone.004
Fra:1 Mem:144.57M (Peak 144.57M) | Time:00:00.03 | Mem:0.02M, Peak:0.02M | Scene, ViewLayer | Synchronizing object | West chapel stylobate
Fra:1 Mem:144.62M (Peak 144.62M) | Time:00:00.03 | Mem:0.02M, Peak:0.02M | Scene, ViewLayer | Synchronizing object | Bronze inlay border.040
Fra:1 Mem:144.66M (Peak 144.66M) | Time:00:00.03 | Mem:0.02M, Peak:0.02M | Scene, ViewLayer | Synchronizing object | Bronze inlay border.041
Fra:1 Mem:144.67M (Peak 144.67M) | Time:00:00.03 | Mem:0.02M, Peak:0.02M | Scene, ViewLayer | Synchronizing object | Bronze inlay border.043
Fra:1 Mem:144.64M (Peak 144.67M) | Time:00:00.03 | Mem:0.02M, Peak:0.02M | Scene, ViewLayer | Synchronizing object | Bronze inlay border.044
Fra:1 Mem:144.70M (Peak 144.70M) | Time:00:00.03 | Mem:0.02M, Peak:0.02M | Scene, ViewLayer | Synchronizing object | Bronze inlay border.047
Fra:1 Mem:144.70M (Peak 144.70M) | Time:00:00.03 | Mem:0.02M, Peak:0.02M | Scene, ViewLayer | Synchronizing object | Diamond inlaid stone.005
Fra:1 Mem:144.74M (Peak 144.74M) | Time:00:00.03 | Mem:0.02M, Peak:0.02M | Scene, ViewLayer | Synchronizing object | West chapel jamb
Fra:1 Mem:144.80M (Peak 144.80M) | Time:00:00.03 | Mem:0.02M, Peak:0.02M | Scene, ViewLayer | Synchronizing object | West chapel jamb.002
Fra:1 Mem:144.77M (Peak 144.80M) | Time:00:00.03 | Mem:0.02M, Peak:0.02M | Scene, ViewLayer | Synchronizing object | West chapel jamb.003
Fra:1 Mem:144.97M (Peak 144.97M) | Time:00:00.03 | Mem:0.02M, Peak:0.02M | Scene, ViewLayer | Synchronizing object | West chapel jamb.004
Fra:1 Mem:145.02M (Peak 145.02M) | Time:00:00.03 | Mem:0.02M, Peak:0.02M | Scene, ViewLayer | Synchronizing object | West chapel jamb.005
Fra:1 Mem:145.03M (Peak 145.03M) | Time:00:00.03 | Mem:0.02M, Peak:0.02M | Scene, ViewLayer | Synchronizing object | West chapel jamb.006
Fra:1 Mem:145.04M (Peak 145.04M) | Time:00:00.03 | Mem:0.02M, Peak:0.02M | Scene, ViewLayer | Synchronizing object | West chapel jamb.007
Fra:1 Mem:145.18M (Peak 145.18M) | Time:00:00.03 | Mem:0.02M, Peak:0.02M | Scene, ViewLayer | Synchronizing object | West chapel cornice
Fra:1 Mem:145.12M (Peak 145.18M) | Time:00:00.03 | Mem:0.02M, Peak:0.02M | Scene, ViewLayer | Synchronizing object | Gilded finial.001
Fra:1 Mem:145.18M (Peak 145.18M) | Time:00:00.03 | Mem:0.02M, Peak:0.02M | Scene, ViewLayer | Synchronizing object | Sphere.001
Fra:1 Mem:145.16M (Peak 145.18M) | Time:00:00.03 | Mem:0.02M, Peak:0.02M | Scene, ViewLayer | Synchronizing object | West chapel tower
Fra:1 Mem:145.25M (Peak 145.25M) | Time:00:00.03 | Mem:0.02M, Peak:0.02M | Scene, ViewLayer | Synchronizing object | West chapel tower footing
Fra:1 Mem:145.27M (Peak 145.27M) | Time:00:00.03 | Mem:0.02M, Peak:0.02M | Scene, ViewLayer | Synchronizing object | Fine horizontal masonry joint.060
Fra:1 Mem:145.32M (Peak 145.32M) | Time:00:00.03 | Mem:0.02M, Peak:0.02M | Scene, ViewLayer | Synchronizing object | Fine horizontal masonry joint.061
Fra:1 Mem:145.30M (Peak 145.32M) | Time:00:00.03 | Mem:0.02M, Peak:0.02M | Scene, ViewLayer | Synchronizing object | Fine horizontal masonry joint.062
Fra:1 Mem:145.32M (Peak 145.32M) | Time:00:00.03 | Mem:0.02M, Peak:0.02M | Scene, ViewLayer | Synchronizing object | West chapel bridge jamb.001
Fra:1 Mem:145.35M (Peak 145.35M) | Time:00:00.03 | Mem:0.02M, Peak:0.02M | Scene, ViewLayer | Synchronizing object | East chapel stylobate
Fra:1 Mem:145.38M (Peak 145.38M) | Time:00:00.03 | Mem:0.02M, Peak:0.02M | Scene, ViewLayer | Synchronizing object | Bronze inlay border.049
Fra:1 Mem:145.37M (Peak 145.38M) | Time:00:00.03 | Mem:0.02M, Peak:0.02M | Scene, ViewLayer | Synchronizing object | Bronze inlay border.052
Fra:1 Mem:145.39M (Peak 145.39M) | Time:00:00.03 | Mem:0.02M, Peak:0.02M | Scene, ViewLayer | Synchronizing object | Bronze inlay border.053
Fra:1 Mem:145.55M (Peak 145.55M) | Time:00:00.03 | Mem:0.02M, Peak:0.02M | Scene, ViewLayer | Synchronizing object | Bronze inlay border.054
Fra:1 Mem:145.54M (Peak 145.55M) | Time:00:00.03 | Mem:0.02M, Peak:0.02M | Scene, ViewLayer | Synchronizing object | Diamond inlaid stone.006
Fra:1 Mem:145.56M (Peak 145.56M) | Time:00:00.03 | Mem:0.02M, Peak:0.02M | Scene, ViewLayer | Synchronizing object | East chapel jamb
Fra:1 Mem:145.68M (Peak 145.68M) | Time:00:00.03 | Mem:0.02M, Peak:0.02M | Scene, ViewLayer | Synchronizing object | East chapel jamb.001
Fra:1 Mem:145.71M (Peak 145.71M) | Time:00:00.03 | Mem:0.02M, Peak:0.02M | Scene, ViewLayer | Synchronizing object | East chapel jamb.003
Fra:1 Mem:145.70M (Peak 145.71M) | Time:00:00.03 | Mem:0.02M, Peak:0.02M | Scene, ViewLayer | Synchronizing object | East chapel jamb.005
Fra:1 Mem:145.79M (Peak 145.79M) | Time:00:00.03 | Mem:0.02M, Peak:0.02M | Scene, ViewLayer | Synchronizing object | East chapel jamb.007
Fra:1 Mem:145.81M (Peak 145.81M) | Time:00:00.03 | Mem:0.02M, Peak:0.02M | Scene, ViewLayer | Synchronizing object | East chapel cornice
Fra:1 Mem:145.83M (Peak 145.83M) | Time:00:00.03 | Mem:0.02M, Peak:0.02M | Scene, ViewLayer | Synchronizing object | East chapel bronze roof curb
Fra:1 Mem:145.86M (Peak 145.86M) | Time:00:00.03 | Mem:0.02M, Peak:0.02M | Scene, ViewLayer | Synchronizing object | Sphere.002
Fra:1 Mem:145.87M (Peak 145.87M) | Time:00:00.03 | Mem:0.02M, Peak:0.02M | Scene, ViewLayer | Synchronizing object | East chapel tower
Fra:1 Mem:145.98M (Peak 145.98M) | Time:00:00.03 | Mem:0.02M, Peak:0.02M | Scene, ViewLayer | Synchronizing object | East chapel tower capital
Fra:1 Mem:145.98M (Peak 145.98M) | Time:00:00.03 | Mem:0.02M, Peak:0.02M | Scene, ViewLayer | Synchronizing object | Fine horizontal masonry joint.064
Fra:1 Mem:146.08M (Peak 146.08M) | Time:00:00.03 | Mem:0.02M, Peak:0.02M | Scene, ViewLayer | Synchronizing object | Fine horizontal masonry joint.065
Fra:1 Mem:146.08M (Peak 146.08M) | Time:00:00.03 | Mem:0.02M, Peak:0.02M | Scene, ViewLayer | Synchronizing object | Raised standing seam.012
Fra:1 Mem:146.12M (Peak 146.12M) | Time:00:00.03 | Mem:0.02M, Peak:0.02M | Scene, ViewLayer | Synchronizing object | Fine horizontal masonry joint.067
Fra:1 Mem:146.23M (Peak 146.23M) | Time:00:00.03 | Mem:0.02M, Peak:0.02M | Scene, ViewLayer | Synchronizing object | Fine horizontal masonry joint.068
Fra:1 Mem:146.20M (Peak 146.23M) | Time:00:00.03 | Mem:0.02M, Peak:0.02M | Scene, ViewLayer | Synchronizing object | Fine horizontal masonry joint.069
Fra:1 Mem:146.25M (Peak 146.25M) | Time:00:00.03 | Mem:0.02M, Peak:0.02M | Scene, ViewLayer | Synchronizing object | Base battlement
Fra:1 Mem:146.28M (Peak 146.28M) | Time:00:00.03 | Mem:0.02M, Peak:0.02M | Scene, ViewLayer | Synchronizing object | Raised standing seam.013
Fra:1 Mem:146.31M (Peak 146.31M) | Time:00:00.03 | Mem:0.02M, Peak:0.02M | Scene, ViewLayer | Synchronizing object | Base battlement.001
Fra:1 Mem:146.34M (Peak 146.34M) | Time:00:00.03 | Mem:0.02M, Peak:0.02M | Scene, ViewLayer | Synchronizing object | Base battlement.002
Fra:1 Mem:146.36M (Peak 146.36M) | Time:00:00.03 | Mem:0.02M, Peak:0.02M | Scene, ViewLayer | Synchronizing object | Inset stone paving.007
Fra:1 Mem:146.43M (Peak 146.43M) | Time:00:00.03 | Mem:0.02M, Peak:0.02M | Scene, ViewLayer | Synchronizing object | Bronze inlay border.056
Fra:1 Mem:146.40M (Peak 146.43M) | Time:00:00.03 | Mem:0.02M, Peak:0.02M | Scene, ViewLayer | Synchronizing object | Bronze inlay border.059
Fra:1 Mem:146.42M (Peak 146.43M) | Time:00:00.03 | Mem:0.02M, Peak:0.02M | Scene, ViewLayer | Synchronizing object | Bronze inlay border.060
Fra:1 Mem:146.50M (Peak 146.50M) | Time:00:00.03 | Mem:0.02M, Peak:0.02M | Scene, ViewLayer | Synchronizing object | Bronze inlay border.061
Fra:1 Mem:146.54M (Peak 146.54M) | Time:00:00.03 | Mem:0.02M, Peak:0.02M | Scene, ViewLayer | Synchronizing object | Bronze inlay border.062
Fra:1 Mem:146.66M (Peak 146.66M) | Time:00:00.03 | Mem:0.02M, Peak:0.02M | Scene, ViewLayer | Synchronizing object | Bronze inlay border.063
Fra:1 Mem:146.67M (Peak 146.67M) | Time:00:00.03 | Mem:0.02M, Peak:0.02M | Scene, ViewLayer | Synchronizing object | Diamond inlaid stone.007
Fra:1 Mem:146.71M (Peak 146.71M) | Time:00:00.03 | Mem:0.02M, Peak:0.02M | Scene, ViewLayer | Synchronizing object | Inset stone paving.008
Fra:1 Mem:146.73M (Peak 146.73M) | Time:00:00.03 | Mem:0.02M, Peak:0.02M | Scene, ViewLayer | Synchronizing object | Bronze inlay border.064
Fra:1 Mem:146.80M (Peak 146.80M) | Time:00:00.03 | Mem:0.02M, Peak:0.02M | Scene, ViewLayer | Synchronizing object | Raised standing seam.014
Fra:1 Mem:146.81M (Peak 146.81M) | Time:00:00.03 | Mem:0.02M, Peak:0.02M | Scene, ViewLayer | Synchronizing object | Bronze inlay border.067
Fra:1 Mem:146.89M (Peak 146.89M) | Time:00:00.03 | Mem:0.02M, Peak:0.02M | Scene, ViewLayer | Synchronizing object | Bronze inlay border.068
Fra:1 Mem:146.91M (Peak 146.92M) | Time:00:00.03 | Mem:0.02M, Peak:0.02M | Scene, ViewLayer | Synchronizing object | Bronze inlay border.069
Fra:1 Mem:146.97M (Peak 146.97M) | Time:00:00.03 | Mem:0.02M, Peak:0.02M | Scene, ViewLayer | Synchronizing object | Raised standing seam.015
Fra:1 Mem:147.00M (Peak 147.00M) | Time:00:00.03 | Mem:0.02M, Peak:0.02M | Scene, ViewLayer | Synchronizing object | Diamond inlaid stone.008
Fra:1 Mem:147.04M (Peak 147.04M) | Time:00:00.03 | Mem:0.02M, Peak:0.02M | Scene, ViewLayer | Synchronizing object | Refracting sea | displaced surface and enclosed volume
Fra:1 Mem:147.06M (Peak 147.06M) | Time:00:00.03 | Mem:0.02M, Peak:0.02M | Scene, ViewLayer | Synchronizing object | Great tower lower portal arch
Fra:1 Mem:147.10M (Peak 147.10M) | Time:00:00.03 | Mem:0.02M, Peak:0.02M | Scene, ViewLayer | Synchronizing object | Dome rolled rim
Fra:1 Mem:147.17M (Peak 147.17M) | Time:00:00.03 | Mem:0.02M, Peak:0.02M | Scene, ViewLayer | Synchronizing object | Great tower lower portal voussoir
Fra:1 Mem:147.29M (Peak 147.29M) | Time:00:00.03 | Mem:0.02M, Peak:0.02M | Scene, ViewLayer | Synchronizing object | Great tower lower portal voussoir.002
Fra:1 Mem:147.30M (Peak 147.30M) | Time:00:00.03 | Mem:0.02M, Peak:0.02M | Scene, ViewLayer | Synchronizing object | Great tower lower portal voussoir.003
Fra:1 Mem:147.33M (Peak 147.33M) | Time:00:00.03 | Mem:0.02M, Peak:0.02M | Scene, ViewLayer | Synchronizing object | Great tower lower portal voussoir.004
Fra:1 Mem:147.46M (Peak 147.46M) | Time:00:00.03 | Mem:0.02M, Peak:0.02M | Scene, ViewLayer | Synchronizing object | Great tower lower portal voussoir.005
Fra:1 Mem:147.42M (Peak 147.46M) | Time:00:00.03 | Mem:0.02M, Peak:0.02M | Scene, ViewLayer | Synchronizing object | Great tower lower portal voussoir.007
Fra:1 Mem:148.83M (Peak 148.83M) | Time:00:00.03 | Mem:0.02M, Peak:0.02M | Scene, ViewLayer | Synchronizing object | Dome rolled rim.001
Fra:1 Mem:148.90M (Peak 148.90M) | Time:00:00.03 | Mem:0.02M, Peak:0.02M | Scene, ViewLayer | Synchronizing object | Great tower lower portal voussoir.008
Fra:1 Mem:149.34M (Peak 149.34M) | Time:00:00.03 | Mem:0.02M, Peak:0.02M | Scene, ViewLayer | Synchronizing object | Great tower lower portal voussoir.009
Fra:1 Mem:149.50M (Peak 149.50M) | Time:00:00.03 | Mem:0.02M, Peak:0.02M | Scene, ViewLayer | Synchronizing object | Great tower lower portal voussoir.013
Fra:1 Mem:149.38M (Peak 149.50M) | Time:00:00.03 | Mem:0.02M, Peak:0.02M | Scene, ViewLayer | Synchronizing object | Great tower lower portal voussoir.016
Fra:1 Mem:149.46M (Peak 149.50M) | Time:00:00.03 | Mem:0.02M, Peak:0.02M | Scene, ViewLayer | Synchronizing object | Great tower lower portal voussoir.019
Fra:1 Mem:149.44M (Peak 149.50M) | Time:00:00.03 | Mem:0.02M, Peak:0.02M | Scene, ViewLayer | Synchronizing object | Great tower lower portal voussoir.021
Fra:1 Mem:149.47M (Peak 149.50M) | Time:00:00.03 | Mem:0.02M, Peak:0.02M | Scene, ViewLayer | Synchronizing object | Raised standing seam.016
Fra:1 Mem:149.65M (Peak 149.65M) | Time:00:00.03 | Mem:0.02M, Peak:0.02M | Scene, ViewLayer | Synchronizing object | Great tower lower portal voussoir.023
Fra:1 Mem:149.69M (Peak 149.69M) | Time:00:00.03 | Mem:0.02M, Peak:0.02M | Scene, ViewLayer | Synchronizing object | Great tower lower portal voussoir.024
Fra:1 Mem:149.74M (Peak 149.74M) | Time:00:00.03 | Mem:0.02M, Peak:0.02M | Scene, ViewLayer | Synchronizing object | Raised standing seam.017
Fra:1 Mem:149.95M (Peak 149.95M) | Time:00:00.03 | Mem:0.02M, Peak:0.02M | Scene, ViewLayer | Synchronizing object | Great tower lower portal voussoir.028
Fra:1 Mem:149.84M (Peak 149.95M) | Time:00:00.03 | Mem:0.02M, Peak:0.02M | Scene, ViewLayer | Synchronizing object | Great tower lower portal voussoir.029
Fra:1 Mem:149.88M (Peak 149.95M) | Time:00:00.03 | Mem:0.02M, Peak:0.02M | Scene, ViewLayer | Synchronizing object | Great tower lower portal voussoir.030
Fra:1 Mem:149.93M (Peak 149.95M) | Time:00:00.03 | Mem:0.02M, Peak:0.02M | Scene, ViewLayer | Synchronizing object | Great tower lower portal voussoir.032
Fra:1 Mem:149.92M (Peak 149.95M) | Time:00:00.03 | Mem:0.02M, Peak:0.02M | Scene, ViewLayer | Synchronizing object | Great tower lower portal voussoir.033
Fra:1 Mem:149.98M (Peak 149.98M) | Time:00:00.03 | Mem:0.02M, Peak:0.02M | Scene, ViewLayer | Synchronizing object | Great tower lower portal arch.002
Fra:1 Mem:150.17M (Peak 150.17M) | Time:00:00.03 | Mem:0.02M, Peak:0.02M | Scene, ViewLayer | Synchronizing object | Great tower lower portal voussoir.034
Fra:1 Mem:151.03M (Peak 151.03M) | Time:00:00.03 | Mem:0.02M, Peak:0.02M | Scene, ViewLayer | Synchronizing object | Great tower lower portal voussoir.036
Fra:1 Mem:152.88M (Peak 152.88M) | Time:00:00.03 | Mem:0.02M, Peak:0.02M | Scene, ViewLayer | Synchronizing object | Great tower lower portal voussoir.038
Fra:1 Mem:154.00M (Peak 154.00M) | Time:00:00.03 | Mem:0.02M, Peak:0.02M | Scene, ViewLayer | Synchronizing object | Great tower lower portal voussoir.039
Fra:1 Mem:154.02M (Peak 154.02M) | Time:00:00.03 | Mem:0.02M, Peak:0.02M | Scene, ViewLayer | Synchronizing object | Great tower lower portal voussoir.040
Fra:1 Mem:154.06M (Peak 154.06M) | Time:00:00.03 | Mem:0.02M, Peak:0.02M | Scene, ViewLayer | Synchronizing object | Great tower lower portal voussoir.041
Fra:1 Mem:154.06M (Peak 154.06M) | Time:00:00.03 | Mem:0.02M, Peak:0.02M | Scene, ViewLayer | Synchronizing object | Great tower lower portal voussoir.042
Fra:1 Mem:154.09M (Peak 154.09M) | Time:00:00.03 | Mem:0.02M, Peak:0.02M | Scene, ViewLayer | Synchronizing object | Great tower lower portal voussoir.045
Fra:1 Mem:155.01M (Peak 155.01M) | Time:00:00.03 | Mem:0.02M, Peak:0.02M | Scene, ViewLayer | Synchronizing object | Great tower lower portal voussoir.046
Fra:1 Mem:155.06M (Peak 155.06M) | Time:00:00.03 | Mem:0.02M, Peak:0.02M | Scene, ViewLayer | Synchronizing object | Great tower lower portal voussoir.047
Fra:1 Mem:155.10M (Peak 155.10M) | Time:00:00.03 | Mem:0.02M, Peak:0.02M | Scene, ViewLayer | Synchronizing object | Great tower lower portal voussoir.048
Fra:1 Mem:155.10M (Peak 155.10M) | Time:00:00.03 | Mem:0.02M, Peak:0.02M | Scene, ViewLayer | Synchronizing object | Great tower lower portal voussoir.049
Fra:1 Mem:155.22M (Peak 155.22M) | Time:00:00.03 | Mem:0.02M, Peak:0.02M | Scene, ViewLayer | Synchronizing object | Great tower lower portal voussoir.050
Fra:1 Mem:155.49M (Peak 155.49M) | Time:00:00.03 | Mem:0.02M, Peak:0.02M | Scene, ViewLayer | Synchronizing object | Great tower lower portal arch.003
Fra:1 Mem:155.43M (Peak 155.49M) | Time:00:00.03 | Mem:0.02M, Peak:0.02M | Scene, ViewLayer | Synchronizing object | Great tower lower portal voussoir.051
Fra:1 Mem:155.41M (Peak 155.49M) | Time:00:00.03 | Mem:0.02M, Peak:0.02M | Scene, ViewLayer | Synchronizing object | Great tower lower portal voussoir.052
Fra:1 Mem:155.49M (Peak 155.49M) | Time:00:00.03 | Mem:0.02M, Peak:0.02M | Scene, ViewLayer | Synchronizing object | Great tower lower portal voussoir.055
Fra:1 Mem:155.62M (Peak 155.62M) | Time:00:00.03 | Mem:0.02M, Peak:0.02M | Scene, ViewLayer | Synchronizing object | Great tower lower portal voussoir.056
Fra:1 Mem:156.98M (Peak 156.98M) | Time:00:00.03 | Mem:0.02M, Peak:0.02M | Scene, ViewLayer | Synchronizing object | Great tower lower portal voussoir.057
Fra:1 Mem:156.96M (Peak 156.98M) | Time:00:00.03 | Mem:0.02M, Peak:0.02M | Scene, ViewLayer | Synchronizing object | Great tower lower portal voussoir.058
Fra:1 Mem:157.09M (Peak 157.09M) | Time:00:00.03 | Mem:0.02M, Peak:0.02M | Scene, ViewLayer | Synchronizing object | Raised standing seam.021
Fra:1 Mem:157.32M (Peak 157.32M) | Time:00:00.03 | Mem:0.02M, Peak:0.02M | Scene, ViewLayer | Synchronizing object | Great tower lower portal voussoir.059
Fra:1 Mem:157.57M (Peak 157.57M) | Time:00:00.03 | Mem:0.02M, Peak:0.02M | Scene, ViewLayer | Synchronizing object | Great tower lower portal voussoir.060
Fra:1 Mem:157.60M (Peak 157.60M) | Time:00:00.03 | Mem:0.02M, Peak:0.02M | Scene, ViewLayer | Synchronizing object | Great tower lower portal voussoir.061
Fra:1 Mem:157.57M (Peak 157.60M) | Time:00:00.03 | Mem:0.02M, Peak:0.02M | Scene, ViewLayer | Synchronizing object | Raised standing seam.022
Fra:1 Mem:157.47M (Peak 157.60M) | Time:00:00.03 | Mem:0.02M, Peak:0.02M | Scene, ViewLayer | Synchronizing object | Great tower lower portal voussoir.067
Fra:1 Mem:157.64M (Peak 157.64M) | Time:00:00.03 | Mem:0.02M, Peak:0.02M | Scene, ViewLayer | Synchronizing object | Upper loggia voussoir
Fra:1 Mem:157.51M (Peak 157.64M) | Time:00:00.03 | Mem:0.02M, Peak:0.02M | Scene, ViewLayer | Synchronizing object | Upper loggia voussoir.002
Fra:1 Mem:157.55M (Peak 157.64M) | Time:00:00.03 | Mem:0.02M, Peak:0.02M | Scene, ViewLayer | Synchronizing object | Raised standing seam.023
Fra:1 Mem:157.59M (Peak 157.64M) | Time:00:00.03 | Mem:0.02M, Peak:0.02M | Scene, ViewLayer | Synchronizing object | Upper loggia voussoir.004
Fra:1 Mem:157.73M (Peak 157.73M) | Time:00:00.03 | Mem:0.02M, Peak:0.02M | Scene, ViewLayer | Synchronizing object | Upper loggia voussoir.005
Fra:1 Mem:157.65M (Peak 157.73M) | Time:00:00.03 | Mem:0.02M, Peak:0.02M | Scene, ViewLayer | Synchronizing object | Upper loggia voussoir.006
Fra:1 Mem:158.15M (Peak 158.15M) | Time:00:00.03 | Mem:0.02M, Peak:0.02M | Scene, ViewLayer | Synchronizing object | Upper loggia voussoir.008
Fra:1 Mem:158.19M (Peak 158.19M) | Time:00:00.03 | Mem:0.02M, Peak:0.02M | Scene, ViewLayer | Synchronizing object | Upper loggia voussoir.009
Fra:1 Mem:158.39M (Peak 158.39M) | Time:00:00.03 | Mem:0.02M, Peak:0.02M | Scene, ViewLayer | Synchronizing object | Raised standing seam.024
Fra:1 Mem:158.43M (Peak 158.43M) | Time:00:00.03 | Mem:0.02M, Peak:0.02M | Scene, ViewLayer | Synchronizing object | Upper loggia voussoir.011
Fra:1 Mem:158.60M (Peak 158.60M) | Time:00:00.03 | Mem:0.02M, Peak:0.02M | Scene, ViewLayer | Synchronizing object | Upper loggia voussoir.012
Fra:1 Mem:158.60M (Peak 158.60M) | Time:00:00.03 | Mem:0.02M, Peak:0.02M | Scene, ViewLayer | Synchronizing object | Upper loggia voussoir.013
Fra:1 Mem:158.62M (Peak 158.62M) | Time:00:00.03 | Mem:0.02M, Peak:0.02M | Scene, ViewLayer | Synchronizing object | Upper loggia voussoir.015
Fra:1 Mem:158.63M (Peak 158.63M) | Time:00:00.03 | Mem:0.02M, Peak:0.02M | Scene, ViewLayer | Synchronizing object | Upper loggia voussoir.017
Fra:1 Mem:158.67M (Peak 158.67M) | Time:00:00.03 | Mem:0.02M, Peak:0.02M | Scene, ViewLayer | Synchronizing object | Upper loggia voussoir.018
Fra:1 Mem:158.74M (Peak 158.74M) | Time:00:00.03 | Mem:0.02M, Peak:0.02M | Scene, ViewLayer | Synchronizing object | Upper loggia voussoir.019
Fra:1 Mem:158.80M (Peak 158.80M) | Time:00:00.03 | Mem:0.02M, Peak:0.02M | Scene, ViewLayer | Synchronizing object | Upper loggia voussoir.020
Fra:1 Mem:159.10M (Peak 159.10M) | Time:00:00.03 | Mem:0.02M, Peak:0.02M | Scene, ViewLayer | Synchronizing object | Upper loggia voussoir.021
Fra:1 Mem:159.30M (Peak 159.30M) | Time:00:00.03 | Mem:0.02M, Peak:0.02M | Scene, ViewLayer | Synchronizing object | Upper loggia voussoir.022
Fra:1 Mem:159.26M (Peak 159.30M) | Time:00:00.03 | Mem:0.02M, Peak:0.02M | Scene, ViewLayer | Synchronizing object | Upper loggia voussoir.023
Fra:1 Mem:159.13M (Peak 159.30M) | Time:00:00.03 | Mem:0.02M, Peak:0.02M | Scene, ViewLayer | Synchronizing object | Raised standing seam.025
Fra:1 Mem:159.24M (Peak 159.30M) | Time:00:00.03 | Mem:0.02M, Peak:0.02M | Scene, ViewLayer | Synchronizing object | Upper loggia voussoir.024
Fra:1 Mem:159.26M (Peak 159.30M) | Time:00:00.03 | Mem:0.02M, Peak:0.02M | Scene, ViewLayer | Synchronizing object | Upper loggia voussoir.027
Fra:1 Mem:159.30M (Peak 159.30M) | Time:00:00.03 | Mem:0.02M, Peak:0.02M | Scene, ViewLayer | Synchronizing object | Upper loggia voussoir.029
Fra:1 Mem:159.33M (Peak 159.33M) | Time:00:00.03 | Mem:0.02M, Peak:0.02M | Scene, ViewLayer | Synchronizing object | Upper loggia voussoir.032
Fra:1 Mem:159.38M (Peak 159.38M) | Time:00:00.03 | Mem:0.02M, Peak:0.02M | Scene, ViewLayer | Synchronizing object | Upper loggia voussoir.034
Fra:1 Mem:159.37M (Peak 159.38M) | Time:00:00.03 | Mem:0.02M, Peak:0.02M | Scene, ViewLayer | Synchronizing object | Upper loggia voussoir.037
Fra:1 Mem:159.40M (Peak 159.40M) | Time:00:00.03 | Mem:0.02M, Peak:0.02M | Scene, ViewLayer | Synchronizing object | Upper loggia voussoir.038
Fra:1 Mem:159.51M (Peak 159.51M) | Time:00:00.03 | Mem:0.02M, Peak:0.02M | Scene, ViewLayer | Synchronizing object | Upper loggia voussoir.039
Fra:1 Mem:159.58M (Peak 159.58M) | Time:00:00.03 | Mem:0.02M, Peak:0.02M | Scene, ViewLayer | Synchronizing object | Upper loggia voussoir.043
Fra:1 Mem:160.64M (Peak 160.64M) | Time:00:00.03 | Mem:0.02M, Peak:0.02M | Scene, ViewLayer | Synchronizing object | Upper loggia voussoir.045
Fra:1 Mem:160.68M (Peak 160.68M) | Time:00:00.03 | Mem:0.02M, Peak:0.02M | Scene, ViewLayer | Synchronizing object | Upper loggia voussoir.046
Fra:1 Mem:160.72M (Peak 160.72M) | Time:00:00.03 | Mem:0.02M, Peak:0.02M | Scene, ViewLayer | Synchronizing object | Upper loggia voussoir.047
Fra:1 Mem:160.84M (Peak 160.84M) | Time:00:00.03 | Mem:0.02M, Peak:0.02M | Scene, ViewLayer | Synchronizing object | Upper loggia voussoir.048
Fra:1 Mem:160.88M (Peak 160.88M) | Time:00:00.03 | Mem:0.02M, Peak:0.02M | Scene, ViewLayer | Synchronizing object | Upper loggia voussoir.049
Fra:1 Mem:160.97M (Peak 160.97M) | Time:00:00.03 | Mem:0.02M, Peak:0.02M | Scene, ViewLayer | Synchronizing object | Upper loggia voussoir.050
Fra:1 Mem:160.88M (Peak 160.97M) | Time:00:00.03 | Mem:0.02M, Peak:0.02M | Scene, ViewLayer | Synchronizing object | Upper loggia voussoir.051
Fra:1 Mem:161.04M (Peak 161.04M) | Time:00:00.03 | Mem:0.02M, Peak:0.02M | Scene, ViewLayer | Synchronizing object | Upper loggia voussoir.052
Fra:1 Mem:161.07M (Peak 161.07M) | Time:00:00.03 | Mem:0.02M, Peak:0.02M | Scene, ViewLayer | Synchronizing object | Upper loggia voussoir.053
Fra:1 Mem:161.08M (Peak 161.08M) | Time:00:00.03 | Mem:0.02M, Peak:0.02M | Scene, ViewLayer | Synchronizing object | Upper loggia voussoir.056
Fra:1 Mem:161.12M (Peak 161.12M) | Time:00:00.03 | Mem:0.02M, Peak:0.02M | Scene, ViewLayer | Synchronizing object | Upper loggia voussoir.058
Fra:1 Mem:161.16M (Peak 161.16M) | Time:00:00.03 | Mem:0.02M, Peak:0.02M | Scene, ViewLayer | Synchronizing object | Upper loggia voussoir.060
Fra:1 Mem:161.33M (Peak 161.33M) | Time:00:00.03 | Mem:0.02M, Peak:0.02M | Scene, ViewLayer | Synchronizing object | Upper loggia voussoir.061
Fra:1 Mem:161.39M (Peak 161.39M) | Time:00:00.03 | Mem:0.02M, Peak:0.02M | Scene, ViewLayer | Synchronizing object | Upper loggia voussoir.063
Fra:1 Mem:161.38M (Peak 161.39M) | Time:00:00.03 | Mem:0.02M, Peak:0.02M | Scene, ViewLayer | Synchronizing object | Upper loggia voussoir.064
Fra:1 Mem:161.86M (Peak 161.86M) | Time:00:00.03 | Mem:0.02M, Peak:0.02M | Scene, ViewLayer | Synchronizing object | Upper loggia voussoir.066
Fra:1 Mem:162.24M (Peak 162.24M) | Time:00:00.03 | Mem:0.02M, Peak:0.02M | Scene, ViewLayer | Synchronizing object | Upper loggia voussoir.067
Fra:1 Mem:162.11M (Peak 162.24M) | Time:00:00.03 | Mem:0.02M, Peak:0.02M | Scene, ViewLayer | Synchronizing object | Crown observatory arch
Fra:1 Mem:162.18M (Peak 162.24M) | Time:00:00.03 | Mem:0.02M, Peak:0.02M | Scene, ViewLayer | Synchronizing object | Crown observatory arch.003
Fra:1 Mem:162.16M (Peak 162.24M) | Time:00:00.03 | Mem:0.02M, Peak:0.02M | Scene, ViewLayer | Synchronizing object | Raised standing seam.028
Fra:1 Mem:163.10M (Peak 163.10M) | Time:00:00.03 | Mem:0.02M, Peak:0.02M | Scene, ViewLayer | Synchronizing object | Crown observatory warm interior
Fra:1 Mem:163.24M (Peak 163.24M) | Time:00:00.03 | Mem:0.02M, Peak:0.02M | Scene, ViewLayer | Synchronizing object | Stair vault.001
Fra:1 Mem:163.48M (Peak 163.48M) | Time:00:00.03 | Mem:0.02M, Peak:0.02M | Scene, ViewLayer | Synchronizing object | Stair vault.002
Fra:1 Mem:163.67M (Peak 163.67M) | Time:00:00.03 | Mem:0.02M, Peak:0.02M | Scene, ViewLayer | Synchronizing object | Raised standing seam.029
Fra:1 Mem:163.92M (Peak 163.92M) | Time:00:00.03 | Mem:0.02M, Peak:0.02M | Scene, ViewLayer | Synchronizing object | West chapel arch
Fra:1 Mem:163.22M (Peak 163.92M) | Time:00:00.03 | Mem:0.02M, Peak:0.02M | Scene, ViewLayer | Synchronizing object | West chapel arch.002
Fra:1 Mem:163.19M (Peak 163.92M) | Time:00:00.03 | Mem:0.02M, Peak:0.02M | Scene, ViewLayer | Synchronizing object | West chapel copper dome
Fra:1 Mem:163.57M (Peak 163.92M) | Time:00:00.03 | Mem:0.02M, Peak:0.02M | Scene, ViewLayer | Synchronizing object | Raised standing seam.030
Fra:1 Mem:164.54M (Peak 164.54M) | Time:00:00.03 | Mem:0.02M, Peak:0.02M | Scene, ViewLayer | Synchronizing object | Raised standing seam.031
Fra:1 Mem:165.91M (Peak 165.91M) | Time:00:00.03 | Mem:0.02M, Peak:0.02M | Scene, ViewLayer | Synchronizing object | Dome rolled rim.002
Fra:1 Mem:166.55M (Peak 166.55M) | Time:00:00.03 | Mem:0.02M, Peak:0.02M | Scene, ViewLayer | Synchronizing object | Dome rolled rim.003
Fra:1 Mem:166.88M (Peak 166.88M) | Time:00:00.03 | Mem:0.02M, Peak:0.02M | Scene, ViewLayer | Synchronizing object | West chapel warm interior
Fra:1 Mem:166.74M (Peak 166.88M) | Time:00:00.03 | Mem:0.02M, Peak:0.02M | Scene, ViewLayer | Synchronizing object | West chapel bridge voussoir.005
Fra:1 Mem:167.05M (Peak 167.05M) | Time:00:00.03 | Mem:0.02M, Peak:0.02M | Scene, ViewLayer | Synchronizing object | West chapel bridge voussoir.008
Fra:1 Mem:166.77M (Peak 167.05M) | Time:00:00.03 | Mem:0.02M, Peak:0.02M | Scene, ViewLayer | Synchronizing object | West chapel bridge voussoir.009
Fra:1 Mem:166.80M (Peak 167.05M) | Time:00:00.03 | Mem:0.02M, Peak:0.02M | Scene, ViewLayer | Synchronizing object | West chapel bridge voussoir.010
Fra:1 Mem:166.85M (Peak 167.05M) | Time:00:00.03 | Mem:0.02M, Peak:0.02M | Scene, ViewLayer | Synchronizing object | Raised standing seam.032
Fra:1 Mem:166.88M (Peak 167.05M) | Time:00:00.03 | Mem:0.02M, Peak:0.02M | Scene, ViewLayer | Synchronizing object | West chapel bridge voussoir.011
Fra:1 Mem:167.43M (Peak 167.43M) | Time:00:00.03 | Mem:0.02M, Peak:0.02M | Scene, ViewLayer | Synchronizing object | West chapel bridge voussoir.012
Fra:1 Mem:167.47M (Peak 167.47M) | Time:00:00.03 | Mem:0.02M, Peak:0.02M | Scene, ViewLayer | Synchronizing object | West chapel bridge voussoir.013
Fra:1 Mem:167.21M (Peak 167.47M) | Time:00:00.03 | Mem:0.02M, Peak:0.02M | Scene, ViewLayer | Synchronizing object | West chapel bridge voussoir.016
Fra:1 Mem:167.27M (Peak 167.47M) | Time:00:00.03 | Mem:0.02M, Peak:0.02M | Scene, ViewLayer | Synchronizing object | East chapel arch.001
Fra:1 Mem:167.31M (Peak 167.47M) | Time:00:00.03 | Mem:0.02M, Peak:0.02M | Scene, ViewLayer | Synchronizing object | East chapel arch.003
Fra:1 Mem:167.36M (Peak 167.47M) | Time:00:00.03 | Mem:0.02M, Peak:0.02M | Scene, ViewLayer | Synchronizing object | East chapel copper dome
Fra:1 Mem:169.18M (Peak 169.18M) | Time:00:00.03 | Mem:0.02M, Peak:0.02M | Scene, ViewLayer | Synchronizing object | Raised standing seam.033
Fra:1 Mem:169.61M (Peak 169.61M) | Time:00:00.03 | Mem:0.02M, Peak:0.02M | Scene, ViewLayer | Synchronizing object | Raised standing seam.034
Fra:1 Mem:169.44M (Peak 169.61M) | Time:00:00.03 | Mem:0.02M, Peak:0.02M | Scene, ViewLayer | Synchronizing object | Raised standing seam.035
Fra:1 Mem:169.77M (Peak 169.77M) | Time:00:00.03 | Mem:0.02M, Peak:0.02M | Scene, ViewLayer | Synchronizing object | Raised standing seam.036
Fra:1 Mem:169.68M (Peak 169.77M) | Time:00:00.03 | Mem:0.02M, Peak:0.02M | Scene, ViewLayer | Synchronizing object | Raised standing seam.037
Fra:1 Mem:169.71M (Peak 169.77M) | Time:00:00.03 | Mem:0.02M, Peak:0.02M | Scene, ViewLayer | Synchronizing object | Raised standing seam.038
Fra:1 Mem:169.79M (Peak 169.79M) | Time:00:00.03 | Mem:0.02M, Peak:0.02M | Scene, ViewLayer | Synchronizing object | Raised standing seam.039
Fra:1 Mem:169.88M (Peak 169.88M) | Time:00:00.03 | Mem:0.02M, Peak:0.02M | Scene, ViewLayer | Synchronizing object | Raised standing seam.040
Fra:1 Mem:169.97M (Peak 169.97M) | Time:00:00.03 | Mem:0.02M, Peak:0.02M | Scene, ViewLayer | Synchronizing object | Raised standing seam.041
Fra:1 Mem:170.17M (Peak 170.17M) | Time:00:00.03 | Mem:0.02M, Peak:0.02M | Scene, ViewLayer | Synchronizing object | Raised standing seam.042
Fra:1 Mem:170.14M (Peak 170.17M) | Time:00:00.03 | Mem:0.02M, Peak:0.02M | Scene, ViewLayer | Synchronizing object | Raised standing seam.043
Fra:1 Mem:170.23M (Peak 170.23M) | Time:00:00.03 | Mem:0.02M, Peak:0.02M | Scene, ViewLayer | Synchronizing object | Raised standing seam.044
Fra:1 Mem:170.31M (Peak 170.31M) | Time:00:00.03 | Mem:0.02M, Peak:0.02M | Scene, ViewLayer | Synchronizing object | Raised standing seam.045
Fra:1 Mem:170.40M (Peak 170.40M) | Time:00:00.03 | Mem:0.02M, Peak:0.02M | Scene, ViewLayer | Synchronizing object | Raised standing seam.046
Fra:1 Mem:170.49M (Peak 170.49M) | Time:00:00.03 | Mem:0.02M, Peak:0.02M | Scene, ViewLayer | Synchronizing object | Raised standing seam.047
Fra:1 Mem:170.58M (Peak 170.58M) | Time:00:00.03 | Mem:0.02M, Peak:0.02M | Scene, ViewLayer | Synchronizing object | Dome rolled rim.004
Fra:1 Mem:170.69M (Peak 170.69M) | Time:00:00.03 | Mem:0.02M, Peak:0.02M | Scene, ViewLayer | Synchronizing object | Dome rolled rim.005
Fra:1 Mem:170.81M (Peak 170.81M) | Time:00:00.03 | Mem:0.02M, Peak:0.02M | Scene, ViewLayer | Synchronizing object | East chapel warm interior
Fra:1 Mem:170.81M (Peak 170.81M) | Time:00:00.03 | Mem:0.02M, Peak:0.02M | Scene, ViewLayer | Synchronizing object | Amber portal lamp.002
Fra:1 Mem:170.81M (Peak 170.81M) | Time:00:00.03 | Mem:0.02M, Peak:0.02M | Scene, ViewLayer | Synchronizing object | potted_plant_01_leaves.001
Fra:1 Mem:170.81M (Peak 170.81M) | Time:00:00.03 | Mem:0.02M, Peak:0.02M | Scene, ViewLayer | Synchronizing object | Crescent moon sculpture
Fra:1 Mem:191.82M (Peak 194.26M) | Time:00:00.04 | Mem:0.02M, Peak:0.02M | Scene, ViewLayer | Initializing
Fra:1 Mem:164.92M (Peak 194.26M) | Time:00:00.04 | Mem:0.02M, Peak:0.02M | Scene, ViewLayer | Updating Images | Loading potted_plant_01_leaves_nor_gl.png
Fra:1 Mem:164.92M (Peak 194.26M) | Time:00:00.04 | Mem:0.02M, Peak:0.02M | Scene, ViewLayer | Updating Images | Loading marble_01_diff_2k.jpg
Fra:1 Mem:164.92M (Peak 194.26M) | Time:00:00.04 | Mem:0.02M, Peak:0.02M | Scene, ViewLayer | Updating Images | Loading marble_01_disp_2k.jpg
Fra:1 Mem:196.92M (Peak 196.92M) | Time:00:00.04 | Mem:0.02M, Peak:0.02M | Scene, ViewLayer | Updating Images | Loading potted_plant_01_leaves_rough.png
Fra:1 Mem:386.67M (Peak 485.01M) | Time:00:00.08 | Mem:240.02M, Peak:240.02M | Scene, ViewLayer | Waiting for render to start
Fra:1 Mem:386.67M (Peak 485.01M) | Time:00:00.08 | Mem:240.02M, Peak:240.02M | Scene, ViewLayer | Updating Scene
Fra:1 Mem:386.67M (Peak 485.01M) | Time:00:00.08 | Mem:240.02M, Peak:240.02M | Scene, ViewLayer | Updating Shaders
Fra:1 Mem:386.77M (Peak 485.01M) | Time:00:00.08 | Mem:240.02M, Peak:240.02M | Scene, ViewLayer | Loading render kernels (may take a few minutes the first time)
Fra:1 Mem:386.75M (Peak 485.01M) | Time:00:00.11 | Mem:240.06M, Peak:240.06M | Scene, ViewLayer | Updating Procedurals
Fra:1 Mem:386.75M (Peak 485.01M) | Time:00:00.11 | Mem:240.06M, Peak:240.06M | Scene, ViewLayer | Updating Background
Fra:1 Mem:386.75M (Peak 485.01M) | Time:00:00.11 | Mem:240.06M, Peak:240.06M | Scene, ViewLayer | Updating Camera
Fra:1 Mem:386.75M (Peak 485.01M) | Time:00:00.11 | Mem:240.06M, Peak:240.06M | Scene, ViewLayer | Updating Meshes Flags
Fra:1 Mem:386.75M (Peak 485.01M) | Time:00:00.11 | Mem:240.06M, Peak:240.06M | Scene, ViewLayer | Updating Objects
Fra:1 Mem:386.75M (Peak 485.01M) | Time:00:00.11 | Mem:240.06M, Peak:240.06M | Scene, ViewLayer | Updating Objects | Copying Transformations to device
Fra:1 Mem:386.76M (Peak 485.01M) | Time:00:00.11 | Mem:240.23M, Peak:240.23M | Scene, ViewLayer | Updating Particle Systems
Fra:1 Mem:386.76M (Peak 485.01M) | Time:00:00.11 | Mem:240.23M, Peak:240.23M | Scene, ViewLayer | Updating Particle Systems | Copying Particles to device
Fra:1 Mem:386.76M (Peak 485.01M) | Time:00:00.11 | Mem:240.23M, Peak:240.23M | Scene, ViewLayer | Updating Meshes
Fra:1 Mem:396.84M (Peak 485.01M) | Time:00:00.15 | Mem:240.23M, Peak:240.23M | Scene, ViewLayer | Updating Objects | Applying Static Transformations
Fra:1 Mem:396.84M (Peak 485.01M) | Time:00:00.15 | Mem:240.23M, Peak:240.23M | Scene, ViewLayer | Updating Mesh | Computing attributes
Fra:1 Mem:414.74M (Peak 485.01M) | Time:00:00.15 | Mem:240.27M, Peak:240.27M | Scene, ViewLayer | Updating Mesh | Copying Attributes to device
Fra:1 Mem:396.84M (Peak 485.01M) | Time:00:00.20 | Mem:258.13M, Peak:258.13M | Scene, ViewLayer | Updating Geometry BVH Cube.001 2/172 | Building BVH
Fra:1 Mem:396.84M (Peak 485.01M) | Time:00:00.20 | Mem:258.13M, Peak:258.13M | Scene, ViewLayer | Updating Geometry BVH light 682/681 | Building BVH
Fra:1 Mem:396.84M (Peak 485.01M) | Time:00:00.20 | Mem:258.13M, Peak:258.13M | Scene, ViewLayer | Updating Geometry BVH Cube.010 11/681 | Building BVH
Fra:1 Mem:396.84M (Peak 485.01M) | Time:00:00.20 | Mem:258.13M, Peak:258.13M | Scene, ViewLayer | Updating Geometry BVH Cube.015 16/681 | Building BVH
Fra:1 Mem:396.84M (Peak 485.01M) | Time:00:00.20 | Mem:258.13M, Peak:258.13M | Scene, ViewLayer | Updating Geometry BVH Cube.017 18/681 | Building BVH
Fra:1 Mem:396.84M (Peak 485.01M) | Time:00:00.20 | Mem:258.13M, Peak:258.13M | Scene, ViewLayer | Updating Geometry BVH Cube.017 18/681 | Building mesh BLAS |     188 tris | Cube.010
Fra:1 Mem:396.84M (Peak 485.01M) | Time:00:00.20 | Mem:258.13M, Peak:258.13M | Scene, ViewLayer | Updating Geometry BVH Cube.017 18/681 | Building mesh BLAS |     188 tris | Cube.017
Fra:1 Mem:396.84M (Peak 485.01M) | Time:00:00.20 | Mem:258.13M, Peak:258.13M | Scene, ViewLayer | Updating Geometry BVH Cube.017 18/681 | Building mesh BLAS |     188 tris | Cube.009
Fra:1 Mem:396.84M (Peak 485.01M) | Time:00:00.20 | Mem:258.13M, Peak:258.13M | Scene, ViewLayer | Updating Geometry BVH Cube.017 18/681 | Building mesh BLAS |     188 tris | Cube.008
Fra:1 Mem:396.84M (Peak 485.01M) | Time:00:00.20 | Mem:258.13M, Peak:258.13M | Scene, ViewLayer | Updating Geometry BVH Cube.017 18/681 | Building mesh BLAS |     188 tris | Cube.014
Fra:1 Mem:396.84M (Peak 485.01M) | Time:00:00.20 | Mem:258.13M, Peak:258.13M | Scene, ViewLayer | Updating Geometry BVH Cube.017 18/681 | Building mesh BLAS |     188 tris | Cube.013
Fra:1 Mem:396.84M (Peak 485.01M) | Time:00:00.20 | Mem:258.13M, Peak:258.13M | Scene, ViewLayer | Updating Geometry BVH Cube.017 18/681 | Building mesh BLAS |     188 tris | Cube.012
Fra:1 Mem:396.84M (Peak 485.01M) | Time:00:00.20 | Mem:258.13M, Peak:258.13M | Scene, ViewLayer | Updating Geometry BVH Cube.017 18/681 | Building mesh BLAS |     188 tris | Cube.016
Fra:1 Mem:396.84M (Peak 485.01M) | Time:00:00.20 | Mem:258.13M, Peak:258.13M | Scene, ViewLayer | Updating Geometry BVH Cube.017 18/681 | Building mesh BLAS |     188 tris | Cube.002
Fra:1 Mem:396.84M (Peak 485.01M) | Time:00:00.20 | Mem:258.13M, Peak:258.13M | Scene, ViewLayer | Updating Geometry BVH Cube.017 18/681 | Building mesh BLAS |     188 tris | Cube.007
Fra:1 Mem:396.84M (Peak 485.01M) | Time:00:00.20 | Mem:258.13M, Peak:258.13M | Scene, ViewLayer | Updating Geometry BVH Cube.017 18/681 | Building mesh BLAS |    1028 tris | Crescent moon sculpture
Fra:1 Mem:396.84M (Peak 485.01M) | Time:00:00.20 | Mem:258.13M, Peak:258.13M | Scene, ViewLayer | Updating Geometry BVH Cube.017 18/681 | Building mesh BLAS |     188 tris | Cube.005
Fra:1 Mem:396.84M (Peak 485.01M) | Time:00:00.20 | Mem:258.13M, Peak:258.13M | Scene, ViewLayer | Updating Geometry BVH Cube.017 18/681 | Building mesh BLAS |     188 tris | Cube.006
Fra:1 Mem:396.84M (Peak 485.01M) | Time:00:00.20 | Mem:258.13M, Peak:258.13M | Scene, ViewLayer | Updating Geometry BVH Cube.017 18/681 | Building mesh BLAS |     188 tris | Cube.003
Fra:1 Mem:396.84M (Peak 485.01M) | Time:00:00.20 | Mem:258.13M, Peak:258.13M | Scene, ViewLayer | Updating Geometry BVH Cube.018 19/681 | Building BVH
Fra:1 Mem:396.84M (Peak 485.01M) | Time:00:00.20 | Mem:258.13M, Peak:258.13M | Scene, ViewLayer | Updating Geometry BVH Cube.020 21/681 | Building BVH
Fra:1 Mem:396.84M (Peak 485.01M) | Time:00:00.20 | Mem:258.13M, Peak:258.13M | Scene, ViewLayer | Updating Geometry BVH Cube.021 22/681 | Building BVH
Fra:1 Mem:396.84M (Peak 485.01M) | Time:00:00.20 | Mem:258.13M, Peak:258.13M | Scene, ViewLayer | Updating Geometry BVH Cube.023 24/681 | Building BVH
Fra:1 Mem:396.84M (Peak 485.01M) | Time:00:00.20 | Mem:258.13M, Peak:258.13M | Scene, ViewLayer | Updating Geometry BVH Cube.025 26/681 | Building mesh BLAS |     188 tris | Cube.021
Fra:1 Mem:396.84M (Peak 485.01M) | Time:00:00.20 | Mem:258.13M, Peak:258.13M | Scene, ViewLayer | Updating Geometry BVH Cube.025 26/681 | Building mesh BLAS |     188 tris | Cube.023
Fra:1 Mem:396.84M (Peak 485.01M) | Time:00:00.20 | Mem:258.13M, Peak:258.13M | Scene, ViewLayer | Updating Geometry BVH Cube.027 28/681 | Building BVH
Fra:1 Mem:396.84M (Peak 485.01M) | Time:00:00.20 | Mem:258.13M, Peak:258.13M | Scene, ViewLayer | Updating Geometry BVH Cube.030 31/681 | Building BVH
Fra:1 Mem:396.84M (Peak 485.01M) | Time:00:00.20 | Mem:258.13M, Peak:258.13M | Scene, ViewLayer | Updating Geometry BVH Cube.032 33/681 | Building BVH
Fra:1 Mem:396.84M (Peak 485.01M) | Time:00:00.20 | Mem:258.13M, Peak:258.13M | Scene, ViewLayer | Updating Geometry BVH Cube.034 35/681 | Building BVH
Fra:1 Mem:396.84M (Peak 485.01M) | Time:00:00.20 | Mem:258.13M, Peak:258.13M | Scene, ViewLayer | Updating Geometry BVH Cube.034 35/681 | Building mesh BLAS |     188 tris | Cube.032
Fra:1 Mem:396.84M (Peak 485.01M) | Time:00:00.20 | Mem:258.13M, Peak:258.13M | Scene, ViewLayer | Updating Geometry BVH Cube.034 35/681 | Building mesh BLAS |     188 tris | Cube.025
Fra:1 Mem:396.84M (Peak 485.01M) | Time:00:00.20 | Mem:258.13M, Peak:258.13M | Scene, ViewLayer | Updating Geometry BVH Cube.034 35/681 | Building mesh BLAS |     188 tris | Cube.030
Fra:1 Mem:396.84M (Peak 485.01M) | Time:00:00.20 | Mem:258.13M, Peak:258.13M | Scene, ViewLayer | Updating Geometry BVH Cube.034 35/681 | Building mesh BLAS |     188 tris | Cube.034
Fra:1 Mem:396.84M (Peak 485.01M) | Time:00:00.20 | Mem:258.13M, Peak:258.13M | Scene, ViewLayer | Updating Geometry BVH Cube.034 35/681 | Building mesh BLAS |     188 tris | Cube.028
Fra:1 Mem:396.84M (Peak 485.01M) | Time:00:00.20 | Mem:258.13M, Peak:258.13M | Scene, ViewLayer | Updating Geometry BVH Cube.034 35/681 | Building mesh BLAS |     188 tris | Cube.029
Fra:1 Mem:396.84M (Peak 485.01M) | Time:00:00.20 | Mem:258.13M, Peak:258.13M | Scene, ViewLayer | Updating Geometry BVH Cube.035 36/681 | Building BVH
Fra:1 Mem:396.84M (Peak 485.01M) | Time:00:00.20 | Mem:258.13M, Peak:258.13M | Scene, ViewLayer | Updating Geometry BVH Cube.035 36/681 | Building mesh BLAS |     188 tris | Cube.031
Fra:1 Mem:396.84M (Peak 485.01M) | Time:00:00.20 | Mem:258.13M, Peak:258.13M | Scene, ViewLayer | Updating Geometry BVH Cube.035 36/681 | Building mesh BLAS |     188 tris | Cube.033
Fra:1 Mem:396.84M (Peak 485.01M) | Time:00:00.20 | Mem:258.13M, Peak:258.13M | Scene, ViewLayer | Updating Geometry BVH Cube.036 37/681 | Building BVH
Fra:1 Mem:396.84M (Peak 485.01M) | Time:00:00.20 | Mem:258.13M, Peak:258.13M | Scene, ViewLayer | Updating Geometry BVH Cube.036 37/681 | Building mesh BLAS |     188 tris | Cube.020
Fra:1 Mem:396.84M (Peak 485.01M) | Time:00:00.20 | Mem:258.13M, Peak:258.13M | Scene, ViewLayer | Updating Geometry BVH Soft warm horizon 679/681 | Building BVH
Fra:1 Mem:396.84M (Peak 485.01M) | Time:00:00.20 | Mem:258.13M, Peak:258.13M | Scene, ViewLayer | Updating Geometry BVH Cool moon key 678/681 | Building BVH
Fra:1 Mem:396.84M (Peak 485.01M) | Time:00:00.20 | Mem:258.13M, Peak:258.13M | Scene, ViewLayer | Updating Geometry BVH Cube.037 38/681 | Building BVH
Fra:1 Mem:396.84M (Peak 485.01M) | Time:00:00.20 | Mem:258.13M, Peak:258.13M | Scene, ViewLayer | Updating Geometry BVH Cube.037 38/681 | Building mesh BLAS |     188 tris | Cube.037
Fra:1 Mem:396.84M (Peak 485.01M) | Time:00:00.20 | Mem:258.13M, Peak:258.13M | Scene, ViewLayer | Updating Geometry BVH Cube.037 38/681 | Building mesh BLAS |     188 tris | Cube.026
Fra:1 Mem:396.84M (Peak 485.01M) | Time:00:00.20 | Mem:258.13M, Peak:258.13M | Scene, ViewLayer | Updating Geometry BVH Plane.070 677/681 | Building BVH
Fra:1 Mem:396.84M (Peak 485.01M) | Time:00:00.20 | Mem:258.13M, Peak:258.13M | Scene, ViewLayer | Updating Geometry BVH Cube.038 39/681 | Building BVH
Fra:1 Mem:396.84M (Peak 485.01M) | Time:00:00.20 | Mem:258.13M, Peak:258.13M | Scene, ViewLayer | Updating Geometry BVH Cube.039 40/681 | Building BVH
Fra:1 Mem:396.84M (Peak 485.01M) | Time:00:00.20 | Mem:258.13M, Peak:258.13M | Scene, ViewLayer | Updating Geometry BVH Cube.039 40/681 | Building mesh BLAS |     188 tris | Cube.038
Fra:1 Mem:396.84M (Peak 485.01M) | Time:00:00.20 | Mem:258.13M, Peak:258.13M | Scene, ViewLayer | Updating Geometry BVH Cube.040 41/681 | Building BVH
Fra:1 Mem:396.84M (Peak 485.01M) | Time:00:00.20 | Mem:258.13M, Peak:258.13M | Scene, ViewLayer | Updating Geometry BVH Cube.040 41/681 | Building mesh BLAS |     188 tris | Cube.035
Fra:1 Mem:396.84M (Peak 485.01M) | Time:00:00.20 | Mem:258.13M, Peak:258.13M | Scene, ViewLayer | Updating Geometry BVH Cube.040 41/681 | Building mesh BLAS |     188 tris | Cube.039
Fra:1 Mem:396.84M (Peak 485.01M) | Time:00:00.20 | Mem:258.13M, Peak:258.13M | Scene, ViewLayer | Updating Geometry BVH Cube.041 42/681 | Building BVH
Fra:1 Mem:396.84M (Peak 485.01M) | Time:00:00.20 | Mem:258.13M, Peak:258.13M | Scene, ViewLayer | Updating Geometry BVH Cube.041 42/681 | Building mesh BLAS |     188 tris | Cube.040
Fra:1 Mem:396.84M (Peak 485.01M) | Time:00:00.20 | Mem:258.13M, Peak:258.13M | Scene, ViewLayer | Updating Geometry BVH Cube.041 42/681 | Building mesh BLAS |     188 tris | Cube.041
Fra:1 Mem:396.84M (Peak 485.01M) | Time:00:00.20 | Mem:258.13M, Peak:258.13M | Scene, ViewLayer | Updating Geometry BVH Cube.042 43/681 | Building BVH
Fra:1 Mem:396.84M (Peak 485.01M) | Time:00:00.20 | Mem:258.13M, Peak:258.13M | Scene, ViewLayer | Updating Geometry BVH Cube.042 43/681 | Building mesh BLAS |     188 tris | Cube.042
Fra:1 Mem:396.84M (Peak 485.01M) | Time:00:00.20 | Mem:258.13M, Peak:258.13M | Scene, ViewLayer | Updating Geometry BVH Cube.043 44/681 | Building BVH
Fra:1 Mem:396.84M (Peak 485.01M) | Time:00:00.20 | Mem:258.13M, Peak:258.13M | Scene, ViewLayer | Updating Geometry BVH Cube.043 44/681 | Building mesh BLAS |     188 tris | Cube.043
Fra:1 Mem:396.84M (Peak 485.01M) | Time:00:00.20 | Mem:258.13M, Peak:258.13M | Scene, ViewLayer | Updating Geometry BVH Cube.043 44/681 | Building mesh BLAS |  106900 tris | Plane.070
Fra:1 Mem:396.84M (Peak 485.01M) | Time:00:00.20 | Mem:258.13M, Peak:258.13M | Scene, ViewLayer | Updating Geometry BVH Cube.044 45/681 | Building BVH
Fra:1 Mem:396.84M (Peak 485.01M) | Time:00:00.20 | Mem:258.13M, Peak:258.13M | Scene, ViewLayer | Updating Geometry BVH Cube.045 46/681 | Building BVH
Fra:1 Mem:396.84M (Peak 485.01M) | Time:00:00.20 | Mem:258.13M, Peak:258.13M | Scene, ViewLayer | Updating Geometry BVH Cube.045 46/681 | Building mesh BLAS |     188 tris | Cube.044
Fra:1 Mem:396.84M (Peak 485.01M) | Time:00:00.20 | Mem:258.13M, Peak:258.13M | Scene, ViewLayer | Updating Geometry BVH Cube.045 46/681 | Building mesh BLAS |     188 tris | Cube.045
Fra:1 Mem:396.84M (Peak 485.01M) | Time:00:00.20 | Mem:258.13M, Peak:258.13M | Scene, ViewLayer | Updating Geometry BVH Cube.046 47/681 | Building BVH
Fra:1 Mem:396.84M (Peak 485.01M) | Time:00:00.20 | Mem:258.13M, Peak:258.13M | Scene, ViewLayer | Updating Geometry BVH Cube.046 47/681 | Building mesh BLAS |     188 tris | Cube.046
Fra:1 Mem:396.84M (Peak 485.01M) | Time:00:00.20 | Mem:258.13M, Peak:258.13M | Scene, ViewLayer | Updating Geometry BVH Cube.047 48/681 | Building BVH
Fra:1 Mem:396.84M (Peak 485.01M) | Time:00:00.20 | Mem:258.13M, Peak:258.13M | Scene, ViewLayer | Updating Geometry BVH Cube.047 48/681 | Building mesh BLAS |     188 tris | Cube.047
Fra:1 Mem:396.84M (Peak 485.01M) | Time:00:00.20 | Mem:258.13M, Peak:258.13M | Scene, ViewLayer | Updating Geometry BVH Cube.048 49/681 | Building BVH
Fra:1 Mem:396.84M (Peak 485.01M) | Time:00:00.20 | Mem:258.13M, Peak:258.13M | Scene, ViewLayer | Updating Geometry BVH Cube.048 49/681 | Building mesh BLAS |     188 tris | Cube.048
Fra:1 Mem:396.84M (Peak 485.01M) | Time:00:00.20 | Mem:258.13M, Peak:258.13M | Scene, ViewLayer | Updating Geometry BVH Cube.049 50/681 | Building BVH
Fra:1 Mem:396.84M (Peak 485.01M) | Time:00:00.20 | Mem:258.13M, Peak:258.13M | Scene, ViewLayer | Updating Geometry BVH Cube.049 50/681 | Building mesh BLAS |     188 tris | Cube.049
Fra:1 Mem:396.84M (Peak 485.01M) | Time:00:00.20 | Mem:258.13M, Peak:258.13M | Scene, ViewLayer | Updating Geometry BVH Cube.050 51/681 | Building BVH
Fra:1 Mem:396.84M (Peak 485.01M) | Time:00:00.20 | Mem:258.13M, Peak:258.13M | Scene, ViewLayer | Updating Geometry BVH Cube.051 52/681 | Building BVH
Fra:1 Mem:396.84M (Peak 485.01M) | Time:00:00.20 | Mem:258.13M, Peak:258.13M | Scene, ViewLayer | Updating Geometry BVH Cube.052 53/681 | Building BVH
Fra:1 Mem:396.84M (Peak 485.01M) | Time:00:00.20 | Mem:258.13M, Peak:258.13M | Scene, ViewLayer | Updating Geometry BVH Cube.052 53/681 | Building mesh BLAS |     188 tris | Cube.051
Fra:1 Mem:396.84M (Peak 485.01M) | Time:00:00.20 | Mem:258.13M, Peak:258.13M | Scene, ViewLayer | Updating Geometry BVH Cube.052 53/681 | Building mesh BLAS |     188 tris | Cube.052
Fra:1 Mem:396.84M (Peak 485.01M) | Time:00:00.20 | Mem:258.13M, Peak:258.13M | Scene, ViewLayer | Updating Geometry BVH Cube.053 54/681 | Building BVH
Fra:1 Mem:396.84M (Peak 485.01M) | Time:00:00.20 | Mem:258.13M, Peak:258.13M | Scene, ViewLayer | Updating Geometry BVH Cube.053 54/681 | Building mesh BLAS |     188 tris | Cube.053
Fra:1 Mem:396.84M (Peak 485.01M) | Time:00:00.20 | Mem:258.13M, Peak:258.13M | Scene, ViewLayer | Updating Geometry BVH Cube.054 55/681 | Building BVH
Fra:1 Mem:396.84M (Peak 485.01M) | Time:00:00.20 | Mem:258.13M, Peak:258.13M | Scene, ViewLayer | Updating Geometry BVH Cube.054 55/681 | Building mesh BLAS |     188 tris | Cube.054
Fra:1 Mem:396.84M (Peak 485.01M) | Time:00:00.20 | Mem:258.13M, Peak:258.13M | Scene, ViewLayer | Updating Geometry BVH Cube.055 56/681 | Building BVH
Fra:1 Mem:396.84M (Peak 485.01M) | Time:00:00.20 | Mem:258.13M, Peak:258.13M | Scene, ViewLayer | Updating Geometry BVH Cube.055 56/681 | Building mesh BLAS |     188 tris | Cube.055
Fra:1 Mem:396.84M (Peak 485.01M) | Time:00:00.20 | Mem:258.13M, Peak:258.13M | Scene, ViewLayer | Updating Geometry BVH Cube.056 57/681 | Building BVH
Fra:1 Mem:396.84M (Peak 485.01M) | Time:00:00.20 | Mem:258.13M, Peak:258.13M | Scene, ViewLayer | Updating Geometry BVH Cube.056 57/681 | Building mesh BLAS |     188 tris | Cube.056
Fra:1 Mem:396.84M (Peak 485.01M) | Time:00:00.20 | Mem:258.13M, Peak:258.13M | Scene, ViewLayer | Updating Geometry BVH Cube.057 58/681 | Building BVH
Fra:1 Mem:396.84M (Peak 485.01M) | Time:00:00.20 | Mem:258.13M, Peak:258.13M | Scene, ViewLayer | Updating Geometry BVH Cube.058 59/681 | Building BVH
Fra:1 Mem:396.84M (Peak 485.01M) | Time:00:00.20 | Mem:258.13M, Peak:258.13M | Scene, ViewLayer | Updating Geometry BVH Cube.058 59/681 | Building mesh BLAS |     188 tris | Cube.057
Fra:1 Mem:396.84M (Peak 485.01M) | Time:00:00.20 | Mem:258.13M, Peak:258.13M | Scene, ViewLayer | Updating Geometry BVH Cube.058 59/681 | Building mesh BLAS |     188 tris | Cube.058
Fra:1 Mem:396.84M (Peak 485.01M) | Time:00:00.20 | Mem:258.13M, Peak:258.13M | Scene, ViewLayer | Updating Geometry BVH Cube.059 60/681 | Building BVH
Fra:1 Mem:396.84M (Peak 485.01M) | Time:00:00.20 | Mem:258.13M, Peak:258.13M | Scene, ViewLayer | Updating Geometry BVH Cube.059 60/681 | Building mesh BLAS |     188 tris | Cube.059
Fra:1 Mem:396.84M (Peak 485.01M) | Time:00:00.20 | Mem:258.13M, Peak:258.13M | Scene, ViewLayer | Updating Geometry BVH Cube.060 61/681 | Building BVH
Fra:1 Mem:396.84M (Peak 485.01M) | Time:00:00.20 | Mem:258.13M, Peak:258.13M | Scene, ViewLayer | Updating Geometry BVH Cube.060 61/681 | Building mesh BLAS |     188 tris | Cube.060
Fra:1 Mem:396.84M (Peak 485.01M) | Time:00:00.20 | Mem:258.13M, Peak:258.13M | Scene, ViewLayer | Updating Geometry BVH Cube.061 62/681 | Building BVH
Fra:1 Mem:396.84M (Peak 485.01M) | Time:00:00.20 | Mem:258.13M, Peak:258.13M | Scene, ViewLayer | Updating Geometry BVH Cube.061 62/681 | Building mesh BLAS |     188 tris | Cube.061
Fra:1 Mem:396.84M (Peak 485.01M) | Time:00:00.20 | Mem:258.13M, Peak:258.13M | Scene, ViewLayer | Updating Geometry BVH Cube.062 63/681 | Building BVH
Fra:1 Mem:396.84M (Peak 485.01M) | Time:00:00.20 | Mem:258.13M, Peak:258.13M | Scene, ViewLayer | Updating Geometry BVH Cube.062 63/681 | Building mesh BLAS |     188 tris | Cube.062
Fra:1 Mem:396.84M (Peak 485.01M) | Time:00:00.20 | Mem:258.13M, Peak:258.13M | Scene, ViewLayer | Updating Geometry BVH Cube.063 64/681 | Building BVH
Fra:1 Mem:396.84M (Peak 485.01M) | Time:00:00.20 | Mem:258.13M, Peak:258.13M | Scene, ViewLayer | Updating Geometry BVH Cube.064 65/681 | Building BVH
Fra:1 Mem:396.84M (Peak 485.01M) | Time:00:00.20 | Mem:258.13M, Peak:258.13M | Scene, ViewLayer | Updating Geometry BVH Cube.064 65/681 | Building mesh BLAS |     188 tris | Cube.063
Fra:1 Mem:396.84M (Peak 485.01M) | Time:00:00.20 | Mem:258.13M, Peak:258.13M | Scene, ViewLayer | Updating Geometry BVH Cube.064 65/681 | Building mesh BLAS |     188 tris | Cube.064
Fra:1 Mem:396.84M (Peak 485.01M) | Time:00:00.20 | Mem:258.13M, Peak:258.13M | Scene, ViewLayer | Updating Geometry BVH Cube.065 66/681 | Building BVH
Fra:1 Mem:396.84M (Peak 485.01M) | Time:00:00.20 | Mem:258.13M, Peak:258.13M | Scene, ViewLayer | Updating Geometry BVH Cube.066 67/681 | Building BVH
Fra:1 Mem:396.84M (Peak 485.01M) | Time:00:00.20 | Mem:258.13M, Peak:258.13M | Scene, ViewLayer | Updating Geometry BVH Cube.066 67/681 | Building mesh BLAS |     188 tris | Cube.065
Fra:1 Mem:396.84M (Peak 485.01M) | Time:00:00.20 | Mem:258.13M, Peak:258.13M | Scene, ViewLayer | Updating Geometry BVH Cube.066 67/681 | Building mesh BLAS |     188 tris | Cube.066
Fra:1 Mem:396.84M (Peak 485.01M) | Time:00:00.20 | Mem:258.13M, Peak:258.13M | Scene, ViewLayer | Updating Geometry BVH Cube.067 68/681 | Building BVH
Fra:1 Mem:396.84M (Peak 485.01M) | Time:00:00.20 | Mem:258.13M, Peak:258.13M | Scene, ViewLayer | Updating Geometry BVH Cube.068 69/681 | Building BVH
Fra:1 Mem:396.84M (Peak 485.01M) | Time:00:00.20 | Mem:258.13M, Peak:258.13M | Scene, ViewLayer | Updating Geometry BVH Cube.068 69/681 | Building mesh BLAS |     188 tris | Cube.067
Fra:1 Mem:396.84M (Peak 485.01M) | Time:00:00.20 | Mem:258.13M, Peak:258.13M | Scene, ViewLayer | Updating Geometry BVH Cube.069 70/681 | Building BVH
Fra:1 Mem:396.84M (Peak 485.01M) | Time:00:00.20 | Mem:258.13M, Peak:258.13M | Scene, ViewLayer | Updating Geometry BVH Cube.069 70/681 | Building mesh BLAS |     188 tris | Cube.068
Fra:1 Mem:396.84M (Peak 485.01M) | Time:00:00.20 | Mem:258.13M, Peak:258.13M | Scene, ViewLayer | Updating Geometry BVH Cube.070 71/681 | Building BVH
Fra:1 Mem:396.84M (Peak 485.01M) | Time:00:00.20 | Mem:258.13M, Peak:258.13M | Scene, ViewLayer | Updating Geometry BVH Cube.070 71/681 | Building mesh BLAS |     188 tris | Cube.069
Fra:1 Mem:396.84M (Peak 485.01M) | Time:00:00.20 | Mem:258.13M, Peak:258.13M | Scene, ViewLayer | Updating Geometry BVH Cube.070 71/681 | Building mesh BLAS |     188 tris | Cube.070
Fra:1 Mem:396.84M (Peak 485.01M) | Time:00:00.20 | Mem:258.13M, Peak:258.13M | Scene, ViewLayer | Updating Geometry BVH Cube.072 73/681 | Building BVH
Fra:1 Mem:396.84M (Peak 485.01M) | Time:00:00.20 | Mem:258.13M, Peak:258.13M | Scene, ViewLayer | Updating Geometry BVH Cube.072 73/681 | Building mesh BLAS |     188 tris | Cube.071
Fra:1 Mem:396.84M (Peak 485.01M) | Time:00:00.20 | Mem:258.13M, Peak:258.13M | Scene, ViewLayer | Updating Geometry BVH Cube.073 74/681 | Building mesh BLAS |     188 tris | Cube.072
Fra:1 Mem:396.84M (Peak 485.01M) | Time:00:00.20 | Mem:258.13M, Peak:258.13M | Scene, ViewLayer | Updating Geometry BVH Cube.073 74/681 | Building mesh BLAS |     188 tris | Cube.073
Fra:1 Mem:396.84M (Peak 485.01M) | Time:00:00.20 | Mem:258.13M, Peak:258.13M | Scene, ViewLayer | Updating Geometry BVH Cube.074 75/681 | Building BVH
Fra:1 Mem:396.84M (Peak 485.01M) | Time:00:00.20 | Mem:258.13M, Peak:258.13M | Scene, ViewLayer | Updating Geometry BVH Cube.074 75/681 | Building mesh BLAS |     188 tris | Cube.074
Fra:1 Mem:396.84M (Peak 485.01M) | Time:00:00.20 | Mem:258.13M, Peak:258.13M | Scene, ViewLayer | Updating Geometry BVH Cube.075 76/681 | Building BVH
Fra:1 Mem:396.84M (Peak 485.01M) | Time:00:00.20 | Mem:258.13M, Peak:258.13M | Scene, ViewLayer | Updating Geometry BVH Cube.075 76/681 | Building mesh BLAS |     188 tris | Cube.075
Fra:1 Mem:396.84M (Peak 485.01M) | Time:00:00.20 | Mem:258.13M, Peak:258.13M | Scene, ViewLayer | Updating Geometry BVH Cube.076 77/681 | Building BVH
Fra:1 Mem:396.84M (Peak 485.01M) | Time:00:00.20 | Mem:258.13M, Peak:258.13M | Scene, ViewLayer | Updating Geometry BVH Cube.078 79/681 | Building BVH
Fra:1 Mem:396.84M (Peak 485.01M) | Time:00:00.20 | Mem:258.13M, Peak:258.13M | Scene, ViewLayer | Updating Geometry BVH Cube.080 81/681 | Building BVH
Fra:1 Mem:396.84M (Peak 485.01M) | Time:00:00.20 | Mem:258.13M, Peak:258.13M | Scene, ViewLayer | Updating Geometry BVH Cube.080 81/681 | Building mesh BLAS |     188 tris | Cube.078
Fra:1 Mem:396.84M (Peak 485.01M) | Time:00:00.20 | Mem:258.13M, Peak:258.13M | Scene, ViewLayer | Updating Geometry BVH Cube.080 81/681 | Building mesh BLAS |     188 tris | Cube.080
Fra:1 Mem:396.84M (Peak 485.01M) | Time:00:00.20 | Mem:258.13M, Peak:258.13M | Scene, ViewLayer | Updating Geometry BVH Cube.081 82/681 | Building BVH
Fra:1 Mem:396.84M (Peak 485.01M) | Time:00:00.20 | Mem:258.13M, Peak:258.13M | Scene, ViewLayer | Updating Geometry BVH Cube.081 82/681 | Building mesh BLAS |     188 tris | Cube.081
Fra:1 Mem:396.84M (Peak 485.01M) | Time:00:00.20 | Mem:258.13M, Peak:258.13M | Scene, ViewLayer | Updating Geometry BVH Cube.081 82/681 | Building mesh BLAS |     188 tris | Cube.077
Fra:1 Mem:396.84M (Peak 485.01M) | Time:00:00.20 | Mem:258.13M, Peak:258.13M | Scene, ViewLayer | Updating Geometry BVH Cube.082 83/681 | Building BVH
Fra:1 Mem:396.84M (Peak 485.01M) | Time:00:00.20 | Mem:258.13M, Peak:258.13M | Scene, ViewLayer | Updating Geometry BVH Cube.082 83/681 | Building mesh BLAS |     188 tris | Cube.082
Fra:1 Mem:396.84M (Peak 485.01M) | Time:00:00.20 | Mem:258.13M, Peak:258.13M | Scene, ViewLayer | Updating Geometry BVH potted_plant_01_base_low 676/681 | Building BVH
Fra:1 Mem:396.84M (Peak 485.01M) | Time:00:00.20 | Mem:258.13M, Peak:258.13M | Scene, ViewLayer | Updating Geometry BVH potted_plant_01_base_low 676/681 | Building mesh BLAS |    7008 tris | potted_plant_01_base_low
Fra:1 Mem:396.84M (Peak 485.01M) | Time:00:00.20 | Mem:258.13M, Peak:258.13M | Scene, ViewLayer | Updating Geometry BVH Cube.083 84/681 | Building BVH
Fra:1 Mem:396.84M (Peak 485.01M) | Time:00:00.20 | Mem:258.13M, Peak:258.13M | Scene, ViewLayer | Updating Geometry BVH Cube.083 84/681 | Building mesh BLAS |     188 tris | Cube.083
Fra:1 Mem:396.84M (Peak 485.01M) | Time:00:00.20 | Mem:258.13M, Peak:258.13M | Scene, ViewLayer | Updating Geometry BVH Cube.084 85/681 | Building BVH
Fra:1 Mem:396.84M (Peak 485.01M) | Time:00:00.20 | Mem:258.13M, Peak:258.13M | Scene, ViewLayer | Updating Geometry BVH Cube.084 85/681 | Building mesh BLAS |     188 tris | Cube.084
Fra:1 Mem:396.84M (Peak 485.01M) | Time:00:00.21 | Mem:258.13M, Peak:258.13M | Scene, ViewLayer | Updating Geometry BVH Cube.085 86/681 | Building BVH
Fra:1 Mem:396.84M (Peak 485.01M) | Time:00:00.21 | Mem:258.13M, Peak:258.13M | Scene, ViewLayer | Updating Geometry BVH Cube.085 86/681 | Building mesh BLAS |     188 tris | Cube.085
Fra:1 Mem:396.84M (Peak 485.01M) | Time:00:00.21 | Mem:258.13M, Peak:258.13M | Scene, ViewLayer | Updating Geometry BVH Cube.086 87/681 | Building BVH
Fra:1 Mem:396.84M (Peak 485.01M) | Time:00:00.21 | Mem:258.13M, Peak:258.13M | Scene, ViewLayer | Updating Geometry BVH Cube.086 87/681 | Building mesh BLAS |     188 tris | Cube.086
Fra:1 Mem:396.84M (Peak 485.01M) | Time:00:00.21 | Mem:258.13M, Peak:258.13M | Scene, ViewLayer | Updating Geometry BVH Cube.087 88/681 | Building BVH
Fra:1 Mem:396.84M (Peak 485.01M) | Time:00:00.21 | Mem:258.13M, Peak:258.13M | Scene, ViewLayer | Updating Geometry BVH Cube.087 88/681 | Building mesh BLAS |     188 tris | Cube.087
Fra:1 Mem:396.84M (Peak 485.01M) | Time:00:00.21 | Mem:258.13M, Peak:258.13M | Scene, ViewLayer | Updating Geometry BVH Cube.088 89/681 | Building BVH
Fra:1 Mem:396.84M (Peak 485.01M) | Time:00:00.21 | Mem:258.13M, Peak:258.13M | Scene, ViewLayer | Updating Geometry BVH Cube.088 89/681 | Building mesh BLAS |     188 tris | Cube.088
Fra:1 Mem:396.84M (Peak 485.01M) | Time:00:00.21 | Mem:258.13M, Peak:258.13M | Scene, ViewLayer | Updating Geometry BVH Cube.089 90/681 | Building BVH
Fra:1 Mem:396.84M (Peak 485.01M) | Time:00:00.21 | Mem:258.13M, Peak:258.13M | Scene, ViewLayer | Updating Geometry BVH Cube.089 90/681 | Building mesh BLAS |     188 tris | Cube.089
Fra:1 Mem:396.84M (Peak 485.01M) | Time:00:00.21 | Mem:258.13M, Peak:258.13M | Scene, ViewLayer | Updating Geometry BVH Cube.090 91/681 | Building BVH
Fra:1 Mem:396.84M (Peak 485.01M) | Time:00:00.21 | Mem:258.13M, Peak:258.13M | Scene, ViewLayer | Updating Geometry BVH Cube.090 91/681 | Building mesh BLAS |     188 tris | Cube.090
Fra:1 Mem:396.84M (Peak 485.01M) | Time:00:00.21 | Mem:258.13M, Peak:258.13M | Scene, ViewLayer | Updating Geometry BVH Cube.091 92/681 | Building BVH
Fra:1 Mem:396.84M (Peak 485.01M) | Time:00:00.21 | Mem:258.13M, Peak:258.13M | Scene, ViewLayer | Updating Geometry BVH Cube.091 92/681 | Building mesh BLAS |     188 tris | Cube.091
Fra:1 Mem:396.84M (Peak 485.01M) | Time:00:00.21 | Mem:258.13M, Peak:258.13M | Scene, ViewLayer | Updating Geometry BVH Cube.092 93/681 | Building BVH
Fra:1 Mem:396.84M (Peak 485.01M) | Time:00:00.21 | Mem:258.13M, Peak:258.13M | Scene, ViewLayer | Updating Geometry BVH Cube.092 93/681 | Building mesh BLAS |     188 tris | Cube.092
Fra:1 Mem:396.84M (Peak 485.01M) | Time:00:00.21 | Mem:258.13M, Peak:258.13M | Scene, ViewLayer | Updating Geometry BVH Cube.093 94/681 | Building BVH
Fra:1 Mem:396.84M (Peak 485.01M) | Time:00:00.21 | Mem:258.13M, Peak:258.13M | Scene, ViewLayer | Updating Geometry BVH Cube.093 94/681 | Building mesh BLAS |     188 tris | Cube.093
Fra:1 Mem:396.84M (Peak 485.01M) | Time:00:00.21 | Mem:258.13M, Peak:258.13M | Scene, ViewLayer | Updating Geometry BVH Cylinder 95/681 | Building BVH
Fra:1 Mem:396.84M (Peak 485.01M) | Time:00:00.21 | Mem:258.13M, Peak:258.13M | Scene, ViewLayer | Updating Geometry BVH Cylinder 95/681 | Building mesh BLAS |      60 tris | Cylinder
Fra:1 Mem:396.84M (Peak 485.01M) | Time:00:00.21 | Mem:258.13M, Peak:258.13M | Scene, ViewLayer | Updating Geometry BVH Sphere 96/681 | Building BVH
Fra:1 Mem:396.84M (Peak 485.01M) | Time:00:00.21 | Mem:258.13M, Peak:258.13M | Scene, ViewLayer | Updating Geometry BVH Cylinder.001 97/681 | Building BVH
Fra:1 Mem:396.84M (Peak 485.01M) | Time:00:00.21 | Mem:258.13M, Peak:258.13M | Scene, ViewLayer | Updating Geometry BVH Cylinder.001 97/681 | Building mesh BLAS |     528 tris | Sphere
Fra:1 Mem:396.84M (Peak 485.01M) | Time:00:00.21 | Mem:258.13M, Peak:258.13M | Scene, ViewLayer | Updating Geometry BVH Cylinder.001 97/681 | Building mesh BLAS |      60 tris | Cylinder.001
Fra:1 Mem:396.84M (Peak 485.01M) | Time:00:00.21 | Mem:258.13M, Peak:258.13M | Scene, ViewLayer | Updating Geometry BVH Cube.094 98/681 | Building BVH
Fra:1 Mem:396.84M (Peak 485.01M) | Time:00:00.21 | Mem:258.13M, Peak:258.13M | Scene, ViewLayer | Updating Geometry BVH Cube.094 98/681 | Building mesh BLAS |     188 tris | Cube.094
Fra:1 Mem:396.84M (Peak 485.01M) | Time:00:00.21 | Mem:258.13M, Peak:258.13M | Scene, ViewLayer | Updating Geometry BVH Cube.095 99/681 | Building BVH
Fra:1 Mem:396.84M (Peak 485.01M) | Time:00:00.21 | Mem:258.13M, Peak:258.13M | Scene, ViewLayer | Updating Geometry BVH Cube.096 100/681 | Building BVH
Fra:1 Mem:396.84M (Peak 485.01M) | Time:00:00.21 | Mem:258.13M, Peak:258.13M | Scene, ViewLayer | Updating Geometry BVH Cube.096 100/681 | Building mesh BLAS |     188 tris | Cube.095
Fra:1 Mem:396.84M (Peak 485.01M) | Time:00:00.21 | Mem:258.13M, Peak:258.13M | Scene, ViewLayer | Updating Geometry BVH Cube.096 100/681 | Building mesh BLAS |     188 tris | Cube.096
Fra:1 Mem:396.84M (Peak 485.01M) | Time:00:00.21 | Mem:258.13M, Peak:258.13M | Scene, ViewLayer | Updating Geometry BVH Circle.002 675/681 | Building BVH
Fra:1 Mem:396.84M (Peak 485.01M) | Time:00:00.21 | Mem:258.13M, Peak:258.13M | Scene, ViewLayer | Updating Geometry BVH Circle.002 675/681 | Building mesh BLAS |    5440 tris | Circle.002
Fra:1 Mem:396.84M (Peak 485.01M) | Time:00:00.21 | Mem:258.13M, Peak:258.13M | Scene, ViewLayer | Updating Geometry BVH Cube.097 101/681 | Building BVH
Fra:1 Mem:396.84M (Peak 485.01M) | Time:00:00.21 | Mem:258.13M, Peak:258.13M | Scene, ViewLayer | Updating Geometry BVH Cube.098 102/681 | Building BVH
Fra:1 Mem:396.84M (Peak 485.01M) | Time:00:00.21 | Mem:258.13M, Peak:258.13M | Scene, ViewLayer | Updating Geometry BVH Cube.098 102/681 | Building mesh BLAS |     188 tris | Cube.097
Fra:1 Mem:396.84M (Peak 485.01M) | Time:00:00.21 | Mem:258.13M, Peak:258.13M | Scene, ViewLayer | Updating Geometry BVH Cube.098 102/681 | Building mesh BLAS |     188 tris | Cube.098
Fra:1 Mem:396.84M (Peak 485.01M) | Time:00:00.21 | Mem:258.13M, Peak:258.13M | Scene, ViewLayer | Updating Geometry BVH Cube.099 103/681 | Building BVH
Fra:1 Mem:396.84M (Peak 485.01M) | Time:00:00.21 | Mem:258.13M, Peak:258.13M | Scene, ViewLayer | Updating Geometry BVH Cube.099 103/681 | Building mesh BLAS |     188 tris | Cube.099
Fra:1 Mem:396.84M (Peak 485.01M) | Time:00:00.21 | Mem:258.13M, Peak:258.13M | Scene, ViewLayer | Updating Geometry BVH Cube.100 104/681 | Building BVH
Fra:1 Mem:396.84M (Peak 485.01M) | Time:00:00.21 | Mem:258.13M, Peak:258.13M | Scene, ViewLayer | Updating Geometry BVH Cube.100 104/681 | Building mesh BLAS |     188 tris | Cube.100
Fra:1 Mem:396.84M (Peak 485.01M) | Time:00:00.21 | Mem:258.13M, Peak:258.13M | Scene, ViewLayer | Updating Geometry BVH Cube.101 105/681 | Building BVH
Fra:1 Mem:396.84M (Peak 485.01M) | Time:00:00.21 | Mem:258.13M, Peak:258.13M | Scene, ViewLayer | Updating Geometry BVH Cube.101 105/681 | Building mesh BLAS |     188 tris | Cube.101
Fra:1 Mem:396.84M (Peak 485.01M) | Time:00:00.21 | Mem:258.13M, Peak:258.13M | Scene, ViewLayer | Updating Geometry BVH Cube.102 106/681 | Building BVH
Fra:1 Mem:396.84M (Peak 485.01M) | Time:00:00.21 | Mem:258.13M, Peak:258.13M | Scene, ViewLayer | Updating Geometry BVH Cube.102 106/681 | Building mesh BLAS |     188 tris | Cube.102
Fra:1 Mem:396.84M (Peak 485.01M) | Time:00:00.21 | Mem:258.13M, Peak:258.13M | Scene, ViewLayer | Updating Geometry BVH Cube.103 107/681 | Building BVH
Fra:1 Mem:396.84M (Peak 485.01M) | Time:00:00.21 | Mem:258.13M, Peak:258.13M | Scene, ViewLayer | Updating Geometry BVH Cube.103 107/681 | Building mesh BLAS |     188 tris | Cube.103
Fra:1 Mem:396.84M (Peak 485.01M) | Time:00:00.21 | Mem:258.13M, Peak:258.13M | Scene, ViewLayer | Updating Geometry BVH Cube.104 108/681 | Building BVH
Fra:1 Mem:396.84M (Peak 485.01M) | Time:00:00.21 | Mem:258.13M, Peak:258.13M | Scene, ViewLayer | Updating Geometry BVH Cube.104 108/681 | Building mesh BLAS |     188 tris | Cube.104
Fra:1 Mem:396.84M (Peak 485.01M) | Time:00:00.21 | Mem:258.13M, Peak:258.13M | Scene, ViewLayer | Updating Geometry BVH Cube.105 109/681 | Building BVH
Fra:1 Mem:396.84M (Peak 485.01M) | Time:00:00.21 | Mem:258.13M, Peak:258.13M | Scene, ViewLayer | Updating Geometry BVH Cube.105 109/681 | Building mesh BLAS |     188 tris | Cube.105
Fra:1 Mem:396.84M (Peak 485.01M) | Time:00:00.21 | Mem:258.13M, Peak:258.13M | Scene, ViewLayer | Updating Geometry BVH Cube.106 110/681 | Building BVH
Fra:1 Mem:396.84M (Peak 485.01M) | Time:00:00.21 | Mem:258.13M, Peak:258.13M | Scene, ViewLayer | Updating Geometry BVH Cube.106 110/681 | Building mesh BLAS |     188 tris | Cube.106
Fra:1 Mem:396.84M (Peak 485.01M) | Time:00:00.21 | Mem:258.13M, Peak:258.13M | Scene, ViewLayer | Updating Geometry BVH Cube.107 111/681 | Building BVH
Fra:1 Mem:396.84M (Peak 485.01M) | Time:00:00.21 | Mem:258.13M, Peak:258.13M | Scene, ViewLayer | Updating Geometry BVH Cube.108 112/681 | Building mesh BLAS |     188 tris | Cube.107
Fra:1 Mem:396.84M (Peak 485.01M) | Time:00:00.21 | Mem:258.13M, Peak:258.13M | Scene, ViewLayer | Updating Geometry BVH Cube.108 112/681 | Building mesh BLAS |     188 tris | Cube.108
Fra:1 Mem:396.84M (Peak 485.01M) | Time:00:00.21 | Mem:258.13M, Peak:258.13M | Scene, ViewLayer | Updating Geometry BVH Cube.109 113/681 | Building BVH
Fra:1 Mem:396.84M (Peak 485.01M) | Time:00:00.21 | Mem:258.13M, Peak:258.13M | Scene, ViewLayer | Updating Geometry BVH Cube.109 113/681 | Building mesh BLAS |     188 tris | Cube.109
Fra:1 Mem:396.84M (Peak 485.01M) | Time:00:00.21 | Mem:258.13M, Peak:258.13M | Scene, ViewLayer | Updating Geometry BVH Cube.110 114/681 | Building BVH
Fra:1 Mem:396.84M (Peak 485.01M) | Time:00:00.21 | Mem:258.13M, Peak:258.13M | Scene, ViewLayer | Updating Geometry BVH Cube.110 114/681 | Building mesh BLAS |     188 tris | Cube.110
Fra:1 Mem:396.84M (Peak 485.01M) | Time:00:00.21 | Mem:258.13M, Peak:258.13M | Scene, ViewLayer | Updating Geometry BVH Cube.111 115/681 | Building BVH
Fra:1 Mem:396.84M (Peak 485.01M) | Time:00:00.21 | Mem:258.13M, Peak:258.13M | Scene, ViewLayer | Updating Geometry BVH Cube.111 115/681 | Building mesh BLAS |     188 tris | Cube.111
Fra:1 Mem:396.84M (Peak 485.01M) | Time:00:00.21 | Mem:258.13M, Peak:258.13M | Scene, ViewLayer | Updating Geometry BVH Cube.112 116/681 | Building BVH
Fra:1 Mem:396.84M (Peak 485.01M) | Time:00:00.21 | Mem:258.13M, Peak:258.13M | Scene, ViewLayer | Updating Geometry BVH Cube.112 116/681 | Building mesh BLAS |     188 tris | Cube.112
Fra:1 Mem:396.84M (Peak 485.01M) | Time:00:00.21 | Mem:258.13M, Peak:258.13M | Scene, ViewLayer | Updating Geometry BVH Cube.113 117/681 | Building BVH
Fra:1 Mem:396.84M (Peak 485.01M) | Time:00:00.21 | Mem:258.13M, Peak:258.13M | Scene, ViewLayer | Updating Geometry BVH Cube.113 117/681 | Building mesh BLAS |     188 tris | Cube.113
Fra:1 Mem:396.84M (Peak 485.01M) | Time:00:00.21 | Mem:258.13M, Peak:258.13M | Scene, ViewLayer | Updating Geometry BVH Circle.008 674/681 | Building BVH
Fra:1 Mem:396.84M (Peak 485.01M) | Time:00:00.21 | Mem:258.13M, Peak:258.13M | Scene, ViewLayer | Updating Geometry BVH Circle.008 674/681 | Building mesh BLAS |   56878 tris | Circle.008
Fra:1 Mem:396.84M (Peak 485.01M) | Time:00:00.22 | Mem:258.14M, Peak:258.14M | Scene, ViewLayer | Updating Geometry BVH Cube.114 118/681 | Building BVH
Fra:1 Mem:396.84M (Peak 485.01M) | Time:00:00.22 | Mem:258.14M, Peak:258.14M | Scene, ViewLayer | Updating Geometry BVH Cube.115 119/681 | Building mesh BLAS |     188 tris | Cube.114
Fra:1 Mem:396.84M (Peak 485.01M) | Time:00:00.22 | Mem:258.14M, Peak:258.14M | Scene, ViewLayer | Updating Geometry BVH Cube.115 119/681 | Building mesh BLAS |     188 tris | Cube.115
Fra:1 Mem:396.84M (Peak 485.01M) | Time:00:00.22 | Mem:258.14M, Peak:258.14M | Scene, ViewLayer | Updating Geometry BVH Cube.116 120/681 | Building BVH
Fra:1 Mem:396.84M (Peak 485.01M) | Time:00:00.22 | Mem:258.14M, Peak:258.14M | Scene, ViewLayer | Updating Geometry BVH Cube.116 120/681 | Building mesh BLAS |     188 tris | Cube.116
Fra:1 Mem:396.84M (Peak 485.01M) | Time:00:00.22 | Mem:258.16M, Peak:258.16M | Scene, ViewLayer | Updating Geometry BVH Cube.117 121/681 | Building BVH
Fra:1 Mem:396.84M (Peak 485.01M) | Time:00:00.22 | Mem:258.16M, Peak:258.16M | Scene, ViewLayer | Updating Geometry BVH Cube.118 122/681 | Building BVH
Fra:1 Mem:396.84M (Peak 485.01M) | Time:00:00.22 | Mem:258.16M, Peak:258.16M | Scene, ViewLayer | Updating Geometry BVH Cube.118 122/681 | Building mesh BLAS |     188 tris | Cube.117
Fra:1 Mem:396.84M (Peak 485.01M) | Time:00:00.22 | Mem:258.16M, Peak:258.16M | Scene, ViewLayer | Updating Geometry BVH Cube.118 122/681 | Building mesh BLAS |     188 tris | Cube.118
Fra:1 Mem:396.84M (Peak 485.01M) | Time:00:00.22 | Mem:258.16M, Peak:258.16M | Scene, ViewLayer | Updating Geometry BVH Cube.119 123/681 | Building BVH
Fra:1 Mem:396.84M (Peak 485.01M) | Time:00:00.22 | Mem:258.16M, Peak:258.16M | Scene, ViewLayer | Updating Geometry BVH Cube.119 123/681 | Building mesh BLAS |     188 tris | Cube.119
Fra:1 Mem:396.84M (Peak 485.01M) | Time:00:00.22 | Mem:258.18M, Peak:258.18M | Scene, ViewLayer | Updating Geometry BVH Cube.120 124/681 | Building BVH
Fra:1 Mem:396.84M (Peak 485.01M) | Time:00:00.22 | Mem:258.21M, Peak:258.21M | Scene, ViewLayer | Updating Geometry BVH Cylinder.002 126/681 | Building BVH
Fra:1 Mem:396.84M (Peak 485.01M) | Time:00:00.22 | Mem:258.22M, Peak:258.22M | Scene, ViewLayer | Updating Geometry BVH Cylinder.002 126/681 | Building mesh BLAS |      60 tris | Cylinder.002
Fra:1 Mem:396.84M (Peak 485.01M) | Time:00:00.22 | Mem:258.22M, Peak:258.22M | Scene, ViewLayer | Updating Geometry BVH Cylinder.002 126/681 | Building mesh BLAS |     188 tris | Cube.120
Fra:1 Mem:396.84M (Peak 485.01M) | Time:00:00.22 | Mem:258.22M, Peak:258.22M | Scene, ViewLayer | Updating Geometry BVH Cylinder.002 126/681 | Building mesh BLAS |     188 tris | Cube.121
Fra:1 Mem:396.84M (Peak 485.01M) | Time:00:00.22 | Mem:258.22M, Peak:258.22M | Scene, ViewLayer | Updating Geometry BVH Cylinder.003 127/681 | Building BVH
Fra:1 Mem:396.84M (Peak 485.01M) | Time:00:00.22 | Mem:258.22M, Peak:258.22M | Scene, ViewLayer | Updating Geometry BVH Cylinder.003 127/681 | Building mesh BLAS |      60 tris | Cylinder.003
Fra:1 Mem:396.84M (Peak 485.01M) | Time:00:00.22 | Mem:258.30M, Peak:258.30M | Scene, ViewLayer | Updating Geometry BVH Cylinder.004 128/681 | Building BVH
Fra:1 Mem:396.84M (Peak 485.01M) | Time:00:00.22 | Mem:258.30M, Peak:258.30M | Scene, ViewLayer | Updating Geometry BVH Cylinder.004 128/681 | Building mesh BLAS |      60 tris | Cylinder.004
Fra:1 Mem:396.84M (Peak 485.01M) | Time:00:00.22 | Mem:258.30M, Peak:258.30M | Scene, ViewLayer | Updating Geometry BVH Cylinder.005 129/681 | Building BVH
Fra:1 Mem:396.84M (Peak 485.01M) | Time:00:00.22 | Mem:258.30M, Peak:258.30M | Scene, ViewLayer | Updating Geometry BVH Cylinder.005 129/681 | Building mesh BLAS |      60 tris | Cylinder.005
Fra:1 Mem:396.84M (Peak 485.01M) | Time:00:00.22 | Mem:258.33M, Peak:258.33M | Scene, ViewLayer | Updating Geometry BVH Cylinder.006 130/681 | Building BVH
Fra:1 Mem:396.84M (Peak 485.01M) | Time:00:00.22 | Mem:258.35M, Peak:258.35M | Scene, ViewLayer | Updating Geometry BVH Cylinder.006 130/681 | Building mesh BLAS |      60 tris | Cylinder.006
Fra:1 Mem:396.84M (Peak 485.01M) | Time:00:00.22 | Mem:258.35M, Peak:258.35M | Scene, ViewLayer | Updating Geometry BVH Cylinder.007 131/681 | Building BVH
Fra:1 Mem:396.84M (Peak 485.01M) | Time:00:00.22 | Mem:258.35M, Peak:258.35M | Scene, ViewLayer | Updating Geometry BVH Cylinder.008 132/681 | Building BVH
Fra:1 Mem:396.84M (Peak 485.01M) | Time:00:00.22 | Mem:258.35M, Peak:258.35M | Scene, ViewLayer | Updating Geometry BVH Cylinder.008 132/681 | Building mesh BLAS |      60 tris | Cylinder.007
Fra:1 Mem:396.84M (Peak 485.01M) | Time:00:00.22 | Mem:258.35M, Peak:258.35M | Scene, ViewLayer | Updating Geometry BVH Cylinder.008 132/681 | Building mesh BLAS |      60 tris | Cylinder.008
Fra:1 Mem:396.84M (Peak 485.01M) | Time:00:00.22 | Mem:258.38M, Peak:258.38M | Scene, ViewLayer | Updating Geometry BVH Cylinder.009 133/681 | Building BVH
Fra:1 Mem:396.84M (Peak 485.01M) | Time:00:00.22 | Mem:258.38M, Peak:258.38M | Scene, ViewLayer | Updating Geometry BVH Cylinder.010 134/681 | Building BVH
Fra:1 Mem:396.84M (Peak 485.01M) | Time:00:00.22 | Mem:258.38M, Peak:258.38M | Scene, ViewLayer | Updating Geometry BVH Cylinder.010 134/681 | Building mesh BLAS |      60 tris | Cylinder.009
Fra:1 Mem:396.84M (Peak 485.01M) | Time:00:00.22 | Mem:258.38M, Peak:258.38M | Scene, ViewLayer | Updating Geometry BVH Cylinder.010 134/681 | Building mesh BLAS |      60 tris | Cylinder.010
Fra:1 Mem:396.84M (Peak 485.01M) | Time:00:00.22 | Mem:258.40M, Peak:258.40M | Scene, ViewLayer | Updating Geometry BVH Amber portal lamp.002 673/681 | Building BVH
Fra:1 Mem:396.84M (Peak 485.01M) | Time:00:00.22 | Mem:258.40M, Peak:258.40M | Scene, ViewLayer | Updating Geometry BVH Amber portal lamp.001 672/681 | Building BVH
Fra:1 Mem:396.84M (Peak 485.01M) | Time:00:00.22 | Mem:258.40M, Peak:258.40M | Scene, ViewLayer | Updating Geometry BVH Amber portal lamp 671/681 | Building BVH
Fra:1 Mem:396.84M (Peak 485.01M) | Time:00:00.22 | Mem:258.40M, Peak:258.40M | Scene, ViewLayer | Updating Geometry BVH East chapel warm interior 670/681 | Building BVH
Fra:1 Mem:396.84M (Peak 485.01M) | Time:00:00.22 | Mem:258.40M, Peak:258.40M | Scene, ViewLayer | Updating Geometry BVH Dome rolled rim.005 669/681 | Building BVH
Fra:1 Mem:396.84M (Peak 485.01M) | Time:00:00.22 | Mem:258.40M, Peak:258.40M | Scene, ViewLayer | Updating Geometry BVH Dome rolled rim.005 669/681 | Building mesh BLAS |    1536 tris | Dome rolled rim.005
Fra:1 Mem:396.84M (Peak 485.01M) | Time:00:00.22 | Mem:258.46M, Peak:258.46M | Scene, ViewLayer | Updating Geometry BVH Cylinder.011 135/681 | Building BVH
Fra:1 Mem:396.84M (Peak 485.01M) | Time:00:00.22 | Mem:258.46M, Peak:258.46M | Scene, ViewLayer | Updating Geometry BVH Cylinder.012 136/681 | Building BVH
Fra:1 Mem:396.84M (Peak 485.01M) | Time:00:00.22 | Mem:258.46M, Peak:258.46M | Scene, ViewLayer | Updating Geometry BVH Cylinder.012 136/681 | Building mesh BLAS |      60 tris | Cylinder.011
Fra:1 Mem:396.84M (Peak 485.01M) | Time:00:00.22 | Mem:258.46M, Peak:258.46M | Scene, ViewLayer | Updating Geometry BVH Cylinder.012 136/681 | Building mesh BLAS |      60 tris | Cylinder.012
Fra:1 Mem:396.84M (Peak 485.01M) | Time:00:00.22 | Mem:258.46M, Peak:258.46M | Scene, ViewLayer | Updating Geometry BVH Cylinder.013 137/681 | Building BVH
Fra:1 Mem:396.84M (Peak 485.01M) | Time:00:00.22 | Mem:258.46M, Peak:258.46M | Scene, ViewLayer | Updating Geometry BVH Cylinder.013 137/681 | Building mesh BLAS |      60 tris | Cylinder.013
Fra:1 Mem:396.84M (Peak 485.01M) | Time:00:00.22 | Mem:258.52M, Peak:258.52M | Scene, ViewLayer | Updating Geometry BVH Cube.122 138/681 | Building BVH
Fra:1 Mem:396.84M (Peak 485.01M) | Time:00:00.22 | Mem:258.52M, Peak:258.52M | Scene, ViewLayer | Updating Geometry BVH Cube.122 138/681 | Building mesh BLAS |     188 tris | Cube.122
Fra:1 Mem:396.84M (Peak 485.01M) | Time:00:00.22 | Mem:258.52M, Peak:258.52M | Scene, ViewLayer | Updating Geometry BVH Cube.123 139/681 | Building BVH
Fra:1 Mem:396.84M (Peak 485.01M) | Time:00:00.22 | Mem:258.52M, Peak:258.52M | Scene, ViewLayer | Updating Geometry BVH Cube.123 139/681 | Building mesh BLAS |     188 tris | Cube.123
Fra:1 Mem:396.84M (Peak 485.01M) | Time:00:00.22 | Mem:258.53M, Peak:258.53M | Scene, ViewLayer | Updating Geometry BVH Cube.124 140/681 | Building BVH
Fra:1 Mem:396.84M (Peak 485.01M) | Time:00:00.22 | Mem:258.54M, Peak:258.54M | Scene, ViewLayer | Updating Geometry BVH Cube.124 140/681 | Building mesh BLAS |     188 tris | Cube.124
Fra:1 Mem:396.84M (Peak 485.01M) | Time:00:00.22 | Mem:258.57M, Peak:258.57M | Scene, ViewLayer | Updating Geometry BVH Cube.125 141/681 | Building BVH
Fra:1 Mem:396.84M (Peak 485.01M) | Time:00:00.22 | Mem:258.57M, Peak:258.57M | Scene, ViewLayer | Updating Geometry BVH Cube.126 142/681 | Building BVH
Fra:1 Mem:396.84M (Peak 485.01M) | Time:00:00.22 | Mem:258.57M, Peak:258.57M | Scene, ViewLayer | Updating Geometry BVH Cube.126 142/681 | Building mesh BLAS |     188 tris | Cube.125
Fra:1 Mem:396.84M (Peak 485.01M) | Time:00:00.22 | Mem:258.57M, Peak:258.57M | Scene, ViewLayer | Updating Geometry BVH Cube.126 142/681 | Building mesh BLAS |     188 tris | Cube.126
Fra:1 Mem:396.84M (Peak 485.01M) | Time:00:00.22 | Mem:258.59M, Peak:258.59M | Scene, ViewLayer | Updating Geometry BVH Cube.127 143/681 | Building BVH
Fra:1 Mem:396.84M (Peak 485.01M) | Time:00:00.22 | Mem:258.61M, Peak:258.61M | Scene, ViewLayer | Updating Geometry BVH Cube.127 143/681 | Building mesh BLAS |     188 tris | Cube.127
Fra:1 Mem:396.84M (Peak 485.01M) | Time:00:00.22 | Mem:258.63M, Peak:258.63M | Scene, ViewLayer | Updating Geometry BVH Cube.128 144/681 | Building BVH
Fra:1 Mem:396.84M (Peak 485.01M) | Time:00:00.22 | Mem:258.65M, Peak:258.65M | Scene, ViewLayer | Updating Geometry BVH Cube.129 145/681 | Building BVH
Fra:1 Mem:396.84M (Peak 485.01M) | Time:00:00.22 | Mem:258.65M, Peak:258.65M | Scene, ViewLayer | Updating Geometry BVH Cube.130 146/681 | Building mesh BLAS |     188 tris | Cube.128
Fra:1 Mem:396.84M (Peak 485.01M) | Time:00:00.22 | Mem:258.65M, Peak:258.65M | Scene, ViewLayer | Updating Geometry BVH Cube.130 146/681 | Building mesh BLAS |     188 tris | Cube.129
Fra:1 Mem:396.84M (Peak 485.01M) | Time:00:00.22 | Mem:258.65M, Peak:258.65M | Scene, ViewLayer | Updating Geometry BVH Cube.130 146/681 | Building mesh BLAS |     188 tris | Cube.130
Fra:1 Mem:396.84M (Peak 485.01M) | Time:00:00.22 | Mem:258.66M, Peak:258.66M | Scene, ViewLayer | Updating Geometry BVH Cube.131 147/681 | Building BVH
Fra:1 Mem:396.84M (Peak 485.01M) | Time:00:00.22 | Mem:258.68M, Peak:258.68M | Scene, ViewLayer | Updating Geometry BVH Cube.131 147/681 | Building mesh BLAS |     188 tris | Cube.131
Fra:1 Mem:396.84M (Peak 485.01M) | Time:00:00.22 | Mem:258.69M, Peak:258.69M | Scene, ViewLayer | Updating Geometry BVH Cube.132 148/681 | Building BVH
Fra:1 Mem:396.84M (Peak 485.01M) | Time:00:00.22 | Mem:258.71M, Peak:258.71M | Scene, ViewLayer | Updating Geometry BVH Cube.133 149/681 | Building BVH
Fra:1 Mem:396.84M (Peak 485.01M) | Time:00:00.22 | Mem:258.71M, Peak:258.71M | Scene, ViewLayer | Updating Geometry BVH Cube.133 149/681 | Building mesh BLAS |     188 tris | Cube.132
Fra:1 Mem:396.84M (Peak 485.01M) | Time:00:00.22 | Mem:258.71M, Peak:258.71M | Scene, ViewLayer | Updating Geometry BVH Cube.133 149/681 | Building mesh BLAS |     188 tris | Cube.133
Fra:1 Mem:396.84M (Peak 485.01M) | Time:00:00.22 | Mem:258.71M, Peak:258.71M | Scene, ViewLayer | Updating Geometry BVH Cube.135 151/681 | Building BVH
Fra:1 Mem:396.84M (Peak 485.01M) | Time:00:00.22 | Mem:258.71M, Peak:258.71M | Scene, ViewLayer | Updating Geometry BVH Cube.135 151/681 | Building mesh BLAS |     188 tris | Cube.135
Fra:1 Mem:396.84M (Peak 485.01M) | Time:00:00.22 | Mem:258.71M, Peak:258.71M | Scene, ViewLayer | Updating Geometry BVH Cube.135 151/681 | Building mesh BLAS |     188 tris | Cube.134
Fra:1 Mem:396.84M (Peak 485.01M) | Time:00:00.22 | Mem:258.75M, Peak:258.75M | Scene, ViewLayer | Updating Geometry BVH Dome rolled rim.004 668/681 | Building BVH
Fra:1 Mem:396.84M (Peak 485.01M) | Time:00:00.22 | Mem:258.77M, Peak:258.77M | Scene, ViewLayer | Updating Geometry BVH Dome rolled rim.004 668/681 | Building mesh BLAS |    1536 tris | Dome rolled rim.004
Fra:1 Mem:396.84M (Peak 485.01M) | Time:00:00.22 | Mem:258.77M, Peak:258.77M | Scene, ViewLayer | Updating Geometry BVH Cylinder.014 152/681 | Building BVH
Fra:1 Mem:396.84M (Peak 485.01M) | Time:00:00.22 | Mem:258.77M, Peak:258.77M | Scene, ViewLayer | Updating Geometry BVH Cylinder.015 153/681 | Building BVH
Fra:1 Mem:396.84M (Peak 485.01M) | Time:00:00.22 | Mem:258.77M, Peak:258.77M | Scene, ViewLayer | Updating Geometry BVH Cylinder.015 153/681 | Building mesh BLAS |      60 tris | Cylinder.014
Fra:1 Mem:396.84M (Peak 485.01M) | Time:00:00.22 | Mem:258.77M, Peak:258.77M | Scene, ViewLayer | Updating Geometry BVH Cylinder.016 154/681 | Building BVH
Fra:1 Mem:396.84M (Peak 485.01M) | Time:00:00.22 | Mem:258.77M, Peak:258.77M | Scene, ViewLayer | Updating Geometry BVH Cylinder.016 154/681 | Building mesh BLAS |      60 tris | Cylinder.016
Fra:1 Mem:396.84M (Peak 485.01M) | Time:00:00.22 | Mem:258.80M, Peak:258.80M | Scene, ViewLayer | Updating Geometry BVH Cylinder.017 155/681 | Building BVH
Fra:1 Mem:396.84M (Peak 485.01M) | Time:00:00.22 | Mem:263.92M, Peak:263.92M | Scene, ViewLayer | Updating Geometry BVH Cylinder.017 155/681 | Building mesh BLAS |      60 tris | Cylinder.017
Fra:1 Mem:396.84M (Peak 485.01M) | Time:00:00.22 | Mem:263.92M, Peak:263.92M | Scene, ViewLayer | Updating Geometry BVH Cylinder.018 156/681 | Building BVH
Fra:1 Mem:396.84M (Peak 485.01M) | Time:00:00.22 | Mem:263.94M, Peak:263.94M | Scene, ViewLayer | Updating Geometry BVH Cylinder.018 156/681 | Building mesh BLAS |      60 tris | Cylinder.018
Fra:1 Mem:396.84M (Peak 485.01M) | Time:00:00.22 | Mem:263.94M, Peak:263.94M | Scene, ViewLayer | Updating Geometry BVH Cylinder.019 157/681 | Building BVH
Fra:1 Mem:396.84M (Peak 485.01M) | Time:00:00.22 | Mem:263.94M, Peak:263.94M | Scene, ViewLayer | Updating Geometry BVH Cylinder.020 158/681 | Building BVH
Fra:1 Mem:396.84M (Peak 485.01M) | Time:00:00.22 | Mem:263.94M, Peak:263.94M | Scene, ViewLayer | Updating Geometry BVH Cylinder.020 158/681 | Building mesh BLAS |      60 tris | Cylinder.019
Fra:1 Mem:396.84M (Peak 485.01M) | Time:00:00.22 | Mem:263.96M, Peak:263.96M | Scene, ViewLayer | Updating Geometry BVH Cylinder.021 159/681 | Building BVH
Fra:1 Mem:396.84M (Peak 485.01M) | Time:00:00.22 | Mem:263.98M, Peak:263.98M | Scene, ViewLayer | Updating Geometry BVH Cube.136 160/681 | Building BVH
Fra:1 Mem:396.84M (Peak 485.01M) | Time:00:00.22 | Mem:263.99M, Peak:263.99M | Scene, ViewLayer | Updating Geometry BVH Cube.137 161/681 | Building BVH
Fra:1 Mem:396.84M (Peak 485.01M) | Time:00:00.22 | Mem:264.00M, Peak:264.00M | Scene, ViewLayer | Updating Geometry BVH Cube.137 161/681 | Building mesh BLAS |      60 tris | Cylinder.021
Fra:1 Mem:396.84M (Peak 485.01M) | Time:00:00.22 | Mem:264.01M, Peak:264.01M | Scene, ViewLayer | Updating Geometry BVH Cube.138 162/681 | Building BVH
Fra:1 Mem:396.84M (Peak 485.01M) | Time:00:00.22 | Mem:264.01M, Peak:264.01M | Scene, ViewLayer | Updating Geometry BVH Cube.139 163/681 | Building mesh BLAS |     188 tris | Cube.138
Fra:1 Mem:396.84M (Peak 485.01M) | Time:00:00.22 | Mem:264.01M, Peak:264.01M | Scene, ViewLayer | Updating Geometry BVH Cube.139 163/681 | Building mesh BLAS |     188 tris | Cube.136
Fra:1 Mem:396.84M (Peak 485.01M) | Time:00:00.22 | Mem:264.01M, Peak:264.01M | Scene, ViewLayer | Updating Geometry BVH Cube.139 163/681 | Building mesh BLAS |     188 tris | Cube.139
Fra:1 Mem:396.84M (Peak 485.01M) | Time:00:00.22 | Mem:264.01M, Peak:264.01M | Scene, ViewLayer | Updating Geometry BVH Cube.140 164/681 | Building BVH
Fra:1 Mem:396.84M (Peak 485.01M) | Time:00:00.22 | Mem:264.02M, Peak:264.02M | Scene, ViewLayer | Updating Geometry BVH Cube.140 164/681 | Building mesh BLAS |     188 tris | Cube.140
Fra:1 Mem:396.84M (Peak 485.01M) | Time:00:00.22 | Mem:264.02M, Peak:264.02M | Scene, ViewLayer | Updating Geometry BVH Cube.141 165/681 | Building BVH
Fra:1 Mem:396.84M (Peak 485.01M) | Time:00:00.22 | Mem:264.03M, Peak:264.03M | Scene, ViewLayer | Updating Geometry BVH Cube.141 165/681 | Building mesh BLAS |     188 tris | Cube.141
Fra:1 Mem:396.84M (Peak 485.01M) | Time:00:00.22 | Mem:264.04M, Peak:264.04M | Scene, ViewLayer | Updating Geometry BVH Cube.142 166/681 | Building BVH
Fra:1 Mem:396.84M (Peak 485.01M) | Time:00:00.22 | Mem:264.05M, Peak:264.05M | Scene, ViewLayer | Updating Geometry BVH Cube.142 166/681 | Building mesh BLAS |     188 tris | Cube.142
Fra:1 Mem:396.84M (Peak 485.01M) | Time:00:00.22 | Mem:264.06M, Peak:264.06M | Scene, ViewLayer | Updating Geometry BVH Cube.143 167/681 | Building BVH
Fra:1 Mem:396.84M (Peak 485.01M) | Time:00:00.22 | Mem:264.07M, Peak:264.07M | Scene, ViewLayer | Updating Geometry BVH Cube.143 167/681 | Building mesh BLAS |     188 tris | Cube.143
Fra:1 Mem:396.84M (Peak 485.01M) | Time:00:00.22 | Mem:264.45M, Peak:264.45M | Scene, ViewLayer | Updating Geometry BVH Cube.144 168/681 | Building BVH
Fra:1 Mem:396.84M (Peak 485.01M) | Time:00:00.22 | Mem:264.45M, Peak:264.45M | Scene, ViewLayer | Updating Geometry BVH Raised standing seam.047 667/681 | Building BVH
Fra:1 Mem:396.84M (Peak 485.01M) | Time:00:00.22 | Mem:264.45M, Peak:264.45M | Scene, ViewLayer | Updating Geometry BVH Raised standing seam.047 667/681 | Building mesh BLAS |    1152 tris | Raised standing seam.047
Fra:1 Mem:396.84M (Peak 485.01M) | Time:00:00.22 | Mem:264.45M, Peak:264.45M | Scene, ViewLayer | Updating Geometry BVH Cube.145 169/681 | Building BVH
Fra:1 Mem:396.84M (Peak 485.01M) | Time:00:00.22 | Mem:264.45M, Peak:264.45M | Scene, ViewLayer | Updating Geometry BVH Cube.145 169/681 | Building mesh BLAS |     188 tris | Cube.145
Fra:1 Mem:396.84M (Peak 485.01M) | Time:00:00.22 | Mem:264.46M, Peak:264.46M | Scene, ViewLayer | Updating Geometry BVH Cube.146 170/681 | Building BVH
Fra:1 Mem:396.84M (Peak 485.01M) | Time:00:00.22 | Mem:264.46M, Peak:264.46M | Scene, ViewLayer | Updating Geometry BVH Cube.147 171/681 | Building BVH
Fra:1 Mem:396.84M (Peak 485.01M) | Time:00:00.22 | Mem:264.46M, Peak:264.46M | Scene, ViewLayer | Updating Geometry BVH Cube.147 171/681 | Building mesh BLAS |     188 tris | Cube.146
Fra:1 Mem:396.84M (Peak 485.01M) | Time:00:00.22 | Mem:264.46M, Peak:264.46M | Scene, ViewLayer | Updating Geometry BVH Cube.147 171/681 | Building mesh BLAS |     188 tris | Cube.147
Fra:1 Mem:396.84M (Peak 485.01M) | Time:00:00.22 | Mem:264.49M, Peak:264.49M | Scene, ViewLayer | Updating Geometry BVH Cube.148 172/681 | Building BVH
Fra:1 Mem:396.84M (Peak 485.01M) | Time:00:00.22 | Mem:264.49M, Peak:264.49M | Scene, ViewLayer | Updating Geometry BVH Cube.149 173/681 | Building BVH
Fra:1 Mem:396.84M (Peak 485.01M) | Time:00:00.22 | Mem:264.49M, Peak:264.49M | Scene, ViewLayer | Updating Geometry BVH Cube.149 173/681 | Building mesh BLAS |     188 tris | Cube.148
Fra:1 Mem:396.84M (Peak 485.01M) | Time:00:00.22 | Mem:264.52M, Peak:264.52M | Scene, ViewLayer | Updating Geometry BVH Cylinder.022 174/681 | Building BVH
Fra:1 Mem:396.84M (Peak 485.01M) | Time:00:00.22 | Mem:264.53M, Peak:264.53M | Scene, ViewLayer | Updating Geometry BVH Cylinder.024 176/681 | Building BVH
Fra:1 Mem:396.84M (Peak 485.01M) | Time:00:00.22 | Mem:264.53M, Peak:264.53M | Scene, ViewLayer | Updating Geometry BVH Cylinder.024 176/681 | Building mesh BLAS |      60 tris | Cylinder.022
Fra:1 Mem:396.84M (Peak 485.01M) | Time:00:00.22 | Mem:264.54M, Peak:264.54M | Scene, ViewLayer | Updating Geometry BVH Cylinder.025 177/681 | Building BVH
Fra:1 Mem:396.84M (Peak 485.01M) | Time:00:00.22 | Mem:264.55M, Peak:264.55M | Scene, ViewLayer | Updating Geometry BVH Cylinder.026 178/681 | Building BVH
Fra:1 Mem:396.84M (Peak 485.01M) | Time:00:00.22 | Mem:264.55M, Peak:264.55M | Scene, ViewLayer | Updating Geometry BVH Cylinder.026 178/681 | Building mesh BLAS |      60 tris | Cylinder.025
Fra:1 Mem:396.84M (Peak 485.01M) | Time:00:00.22 | Mem:264.55M, Peak:264.55M | Scene, ViewLayer | Updating Geometry BVH Cylinder.026 178/681 | Building mesh BLAS |      60 tris | Cylinder.026
Fra:1 Mem:396.84M (Peak 485.01M) | Time:00:00.22 | Mem:264.55M, Peak:264.55M | Scene, ViewLayer | Updating Geometry BVH Cylinder.027 179/681 | Building mesh BLAS |      60 tris | Cylinder.023
Fra:1 Mem:396.84M (Peak 485.01M) | Time:00:00.22 | Mem:264.55M, Peak:264.55M | Scene, ViewLayer | Updating Geometry BVH Cylinder.028 180/681 | Building BVH
Fra:1 Mem:396.84M (Peak 485.01M) | Time:00:00.22 | Mem:264.55M, Peak:264.55M | Scene, ViewLayer | Updating Geometry BVH Cylinder.028 180/681 | Building mesh BLAS |      60 tris | Cylinder.027
Fra:1 Mem:396.84M (Peak 485.01M) | Time:00:00.22 | Mem:264.55M, Peak:264.55M | Scene, ViewLayer | Updating Geometry BVH Cylinder.028 180/681 | Building mesh BLAS |      60 tris | Cylinder.028
Fra:1 Mem:396.84M (Peak 485.01M) | Time:00:00.22 | Mem:264.58M, Peak:264.58M | Scene, ViewLayer | Updating Geometry BVH Cylinder.029 181/681 | Building BVH
Fra:1 Mem:396.84M (Peak 485.01M) | Time:00:00.22 | Mem:264.58M, Peak:264.58M | Scene, ViewLayer | Updating Geometry BVH Cylinder.029 181/681 | Building mesh BLAS |      60 tris | Cylinder.029
Fra:1 Mem:396.84M (Peak 485.01M) | Time:00:00.22 | Mem:264.58M, Peak:264.58M | Scene, ViewLayer | Updating Geometry BVH Cube.150 182/681 | Building BVH
Fra:1 Mem:396.84M (Peak 485.01M) | Time:00:00.22 | Mem:264.58M, Peak:264.58M | Scene, ViewLayer | Updating Geometry BVH Cube.150 182/681 | Building mesh BLAS |     188 tris | Cube.150
Fra:1 Mem:396.84M (Peak 485.01M) | Time:00:00.22 | Mem:264.59M, Peak:264.59M | Scene, ViewLayer | Updating Geometry BVH Cube.151 183/681 | Building BVH
Fra:1 Mem:396.84M (Peak 485.01M) | Time:00:00.22 | Mem:264.60M, Peak:264.60M | Scene, ViewLayer | Updating Geometry BVH Raised standing seam.046 666/681 | Building BVH
Fra:1 Mem:396.84M (Peak 485.01M) | Time:00:00.22 | Mem:264.60M, Peak:264.60M | Scene, ViewLayer | Updating Geometry BVH Raised standing seam.046 666/681 | Building mesh BLAS |     188 tris | Cube.151
Fra:1 Mem:396.84M (Peak 485.01M) | Time:00:00.22 | Mem:264.60M, Peak:264.60M | Scene, ViewLayer | Updating Geometry BVH Raised standing seam.046 666/681 | Building mesh BLAS |    1152 tris | Raised standing seam.046
Fra:1 Mem:396.84M (Peak 485.01M) | Time:00:00.22 | Mem:264.61M, Peak:264.61M | Scene, ViewLayer | Updating Geometry BVH Raised standing seam.046 666/681 | Building mesh BLAS |     188 tris | Cube.152
Fra:1 Mem:396.84M (Peak 485.01M) | Time:00:00.22 | Mem:264.89M, Peak:264.89M | Scene, ViewLayer | Updating Geometry BVH Cube.153 185/681 | Building BVH
Fra:1 Mem:396.84M (Peak 485.01M) | Time:00:00.22 | Mem:264.89M, Peak:264.89M | Scene, ViewLayer | Updating Geometry BVH Cube.154 186/681 | Building BVH
Fra:1 Mem:396.84M (Peak 485.01M) | Time:00:00.22 | Mem:264.89M, Peak:264.89M | Scene, ViewLayer | Updating Geometry BVH Cube.155 187/681 | Building mesh BLAS |     188 tris | Cube.153
Fra:1 Mem:396.84M (Peak 485.01M) | Time:00:00.22 | Mem:264.89M, Peak:264.89M | Scene, ViewLayer | Updating Geometry BVH Cube.156 188/681 | Building mesh BLAS |     188 tris | Cube.155
Fra:1 Mem:396.84M (Peak 485.01M) | Time:00:00.22 | Mem:264.89M, Peak:264.89M | Scene, ViewLayer | Updating Geometry BVH Cube.156 188/681 | Building mesh BLAS |     188 tris | Cube.156
Fra:1 Mem:396.84M (Peak 485.01M) | Time:00:00.22 | Mem:264.91M, Peak:264.91M | Scene, ViewLayer | Updating Geometry BVH Cube.157 189/681 | Building BVH
Fra:1 Mem:396.84M (Peak 485.01M) | Time:00:00.22 | Mem:264.91M, Peak:264.91M | Scene, ViewLayer | Updating Geometry BVH Cube.157 189/681 | Building mesh BLAS |     188 tris | Cube.157
Fra:1 Mem:396.84M (Peak 485.01M) | Time:00:00.22 | Mem:264.91M, Peak:264.91M | Scene, ViewLayer | Updating Geometry BVH Cube.158 190/681 | Building BVH
Fra:1 Mem:396.84M (Peak 485.01M) | Time:00:00.22 | Mem:264.91M, Peak:264.91M | Scene, ViewLayer | Updating Geometry BVH Cube.158 190/681 | Building mesh BLAS |     188 tris | Cube.158
Fra:1 Mem:396.84M (Peak 485.01M) | Time:00:00.22 | Mem:264.93M, Peak:264.93M | Scene, ViewLayer | Updating Geometry BVH Cube.159 191/681 | Building BVH
Fra:1 Mem:396.84M (Peak 485.01M) | Time:00:00.22 | Mem:264.94M, Peak:264.94M | Scene, ViewLayer | Updating Geometry BVH Cube.159 191/681 | Building mesh BLAS |     188 tris | Cube.159
Fra:1 Mem:396.84M (Peak 485.01M) | Time:00:00.22 | Mem:264.94M, Peak:264.94M | Scene, ViewLayer | Updating Geometry BVH Cube.161 193/681 | Building BVH
Fra:1 Mem:396.84M (Peak 485.01M) | Time:00:00.22 | Mem:264.95M, Peak:264.95M | Scene, ViewLayer | Updating Geometry BVH Cube.161 193/681 | Building mesh BLAS |     188 tris | Cube.161
Fra:1 Mem:396.84M (Peak 485.01M) | Time:00:00.22 | Mem:264.95M, Peak:264.95M | Scene, ViewLayer | Updating Geometry BVH Cube.162 194/681 | Building BVH
Fra:1 Mem:396.84M (Peak 485.01M) | Time:00:00.22 | Mem:264.95M, Peak:264.95M | Scene, ViewLayer | Updating Geometry BVH Cube.163 195/681 | Building BVH
Fra:1 Mem:396.84M (Peak 485.01M) | Time:00:00.22 | Mem:264.95M, Peak:264.95M | Scene, ViewLayer | Updating Geometry BVH Cube.163 195/681 | Building mesh BLAS |     188 tris | Cube.162
Fra:1 Mem:396.84M (Peak 485.01M) | Time:00:00.22 | Mem:264.95M, Peak:264.95M | Scene, ViewLayer | Updating Geometry BVH Cube.163 195/681 | Building mesh BLAS |     188 tris | Cube.163
Fra:1 Mem:396.84M (Peak 485.01M) | Time:00:00.22 | Mem:264.95M, Peak:264.95M | Scene, ViewLayer | Updating Geometry BVH Cube.164 196/681 | Building BVH
Fra:1 Mem:396.84M (Peak 485.01M) | Time:00:00.22 | Mem:264.95M, Peak:264.95M | Scene, ViewLayer | Updating Geometry BVH Cube.164 196/681 | Building mesh BLAS |     188 tris | Cube.164
Fra:1 Mem:396.84M (Peak 485.01M) | Time:00:00.22 | Mem:264.96M, Peak:264.96M | Scene, ViewLayer | Updating Geometry BVH Cube.165 197/681 | Building BVH
Fra:1 Mem:396.84M (Peak 485.01M) | Time:00:00.22 | Mem:264.97M, Peak:264.97M | Scene, ViewLayer | Updating Geometry BVH Cube.166 198/681 | Building BVH
Fra:1 Mem:396.84M (Peak 485.01M) | Time:00:00.22 | Mem:264.97M, Peak:264.97M | Scene, ViewLayer | Updating Geometry BVH Cube.166 198/681 | Building mesh BLAS |     188 tris | Cube.165
Fra:1 Mem:396.84M (Peak 485.01M) | Time:00:00.22 | Mem:264.98M, Peak:264.98M | Scene, ViewLayer | Updating Geometry BVH Cube.166 198/681 | Building mesh BLAS |     188 tris | Cube.166
Fra:1 Mem:396.84M (Peak 485.01M) | Time:00:00.22 | Mem:264.99M, Peak:264.99M | Scene, ViewLayer | Updating Geometry BVH Cube.167 199/681 | Building BVH
Fra:1 Mem:396.84M (Peak 485.01M) | Time:00:00.22 | Mem:264.99M, Peak:264.99M | Scene, ViewLayer | Updating Geometry BVH Cube.168 200/681 | Building BVH
Fra:1 Mem:396.84M (Peak 485.01M) | Time:00:00.22 | Mem:264.99M, Peak:264.99M | Scene, ViewLayer | Updating Geometry BVH Cube.168 200/681 | Building mesh BLAS |     188 tris | Cube.167
Fra:1 Mem:396.84M (Peak 485.01M) | Time:00:00.22 | Mem:264.99M, Peak:264.99M | Scene, ViewLayer | Updating Geometry BVH Cube.168 200/681 | Building mesh BLAS |     188 tris | Cube.168
Fra:1 Mem:396.84M (Peak 485.01M) | Time:00:00.22 | Mem:265.00M, Peak:265.00M | Scene, ViewLayer | Updating Geometry BVH Cube.169 201/681 | Building BVH
Fra:1 Mem:396.84M (Peak 485.01M) | Time:00:00.22 | Mem:265.00M, Peak:265.00M | Scene, ViewLayer | Updating Geometry BVH Cube.170 202/681 | Building BVH
Fra:1 Mem:396.84M (Peak 485.01M) | Time:00:00.22 | Mem:265.00M, Peak:265.00M | Scene, ViewLayer | Updating Geometry BVH Cube.170 202/681 | Building mesh BLAS |     188 tris | Cube.169
Fra:1 Mem:396.84M (Peak 485.01M) | Time:00:00.22 | Mem:265.00M, Peak:265.00M | Scene, ViewLayer | Updating Geometry BVH Cube.170 202/681 | Building mesh BLAS |     188 tris | Cube.170
Fra:1 Mem:396.84M (Peak 485.01M) | Time:00:00.22 | Mem:265.01M, Peak:265.01M | Scene, ViewLayer | Updating Geometry BVH Cube.171 203/681 | Building BVH
Fra:1 Mem:396.84M (Peak 485.01M) | Time:00:00.22 | Mem:265.01M, Peak:265.01M | Scene, ViewLayer | Updating Geometry BVH Cube.172 204/681 | Building BVH
Fra:1 Mem:396.84M (Peak 485.01M) | Time:00:00.22 | Mem:265.01M, Peak:265.01M | Scene, ViewLayer | Updating Geometry BVH Cube.172 204/681 | Building mesh BLAS |     188 tris | Cube.171
Fra:1 Mem:396.84M (Peak 485.01M) | Time:00:00.22 | Mem:265.01M, Peak:265.01M | Scene, ViewLayer | Updating Geometry BVH Cube.172 204/681 | Building mesh BLAS |     328 tris | Cube.172
Fra:1 Mem:396.84M (Peak 485.01M) | Time:00:00.22 | Mem:265.02M, Peak:265.02M | Scene, ViewLayer | Updating Geometry BVH Cube.173 205/681 | Building BVH
Fra:1 Mem:396.84M (Peak 485.01M) | Time:00:00.22 | Mem:265.02M, Peak:265.02M | Scene, ViewLayer | Updating Geometry BVH Cube.173 205/681 | Building mesh BLAS |     188 tris | Cube.173
Fra:1 Mem:396.84M (Peak 485.01M) | Time:00:00.22 | Mem:265.02M, Peak:265.02M | Scene, ViewLayer | Updating Geometry BVH Cube.174 206/681 | Building BVH
Fra:1 Mem:396.84M (Peak 485.01M) | Time:00:00.22 | Mem:265.02M, Peak:265.02M | Scene, ViewLayer | Updating Geometry BVH Cube.174 206/681 | Building mesh BLAS |     472 tris | Cube.174
Fra:1 Mem:396.84M (Peak 485.01M) | Time:00:00.22 | Mem:265.03M, Peak:265.03M | Scene, ViewLayer | Updating Geometry BVH Cube.175 207/681 | Building BVH
Fra:1 Mem:396.84M (Peak 485.01M) | Time:00:00.22 | Mem:265.03M, Peak:265.03M | Scene, ViewLayer | Updating Geometry BVH Cube.175 207/681 | Building mesh BLAS |     188 tris | Cube.175
Fra:1 Mem:396.84M (Peak 485.01M) | Time:00:00.22 | Mem:267.94M, Peak:267.94M | Scene, ViewLayer | Updating Geometry BVH Cube.176 208/681 | Building BVH
Fra:1 Mem:396.84M (Peak 485.01M) | Time:00:00.22 | Mem:267.95M, Peak:267.95M | Scene, ViewLayer | Updating Geometry BVH Cylinder.030 210/681 | Building BVH
Fra:1 Mem:396.84M (Peak 485.01M) | Time:00:00.22 | Mem:267.95M, Peak:267.95M | Scene, ViewLayer | Updating Geometry BVH Cylinder.031 211/681 | Building mesh BLAS |     380 tris | Cube.176
Fra:1 Mem:396.84M (Peak 485.01M) | Time:00:00.22 | Mem:267.95M, Peak:267.95M | Scene, ViewLayer | Updating Geometry BVH Cylinder.032 212/681 | Building BVH
Fra:1 Mem:396.84M (Peak 485.01M) | Time:00:00.22 | Mem:267.95M, Peak:267.95M | Scene, ViewLayer | Updating Geometry BVH Cylinder.032 212/681 | Building mesh BLAS |      60 tris | Cylinder.030
Fra:1 Mem:396.84M (Peak 485.01M) | Time:00:00.22 | Mem:267.95M, Peak:267.95M | Scene, ViewLayer | Updating Geometry BVH Cylinder.032 212/681 | Building mesh BLAS |      60 tris | Cylinder.031
Fra:1 Mem:396.84M (Peak 485.01M) | Time:00:00.22 | Mem:267.95M, Peak:267.95M | Scene, ViewLayer | Updating Geometry BVH Cylinder.032 212/681 | Building mesh BLAS |     188 tris | Cube.177
Fra:1 Mem:396.84M (Peak 485.01M) | Time:00:00.22 | Mem:267.95M, Peak:267.95M | Scene, ViewLayer | Updating Geometry BVH Cylinder.032 212/681 | Building mesh BLAS |      60 tris | Cylinder.032
Fra:1 Mem:396.84M (Peak 485.01M) | Time:00:00.22 | Mem:267.95M, Peak:267.95M | Scene, ViewLayer | Updating Geometry BVH Cylinder.033 213/681 | Building BVH
Fra:1 Mem:396.84M (Peak 485.01M) | Time:00:00.22 | Mem:267.95M, Peak:267.95M | Scene, ViewLayer | Updating Geometry BVH Cylinder.033 213/681 | Building mesh BLAS |      60 tris | Cylinder.033
Fra:1 Mem:396.84M (Peak 485.01M) | Time:00:00.22 | Mem:267.96M, Peak:267.96M | Scene, ViewLayer | Updating Geometry BVH Cylinder.034 214/681 | Building BVH
Fra:1 Mem:396.84M (Peak 485.01M) | Time:00:00.22 | Mem:267.96M, Peak:267.96M | Scene, ViewLayer | Updating Geometry BVH Cylinder.034 214/681 | Building mesh BLAS |      60 tris | Cylinder.034
Fra:1 Mem:396.84M (Peak 485.01M) | Time:00:00.22 | Mem:267.96M, Peak:267.96M | Scene, ViewLayer | Updating Geometry BVH Cylinder.035 215/681 | Building BVH
Fra:1 Mem:396.84M (Peak 485.01M) | Time:00:00.22 | Mem:267.96M, Peak:267.96M | Scene, ViewLayer | Updating Geometry BVH Cylinder.035 215/681 | Building mesh BLAS |      60 tris | Cylinder.035
Fra:1 Mem:396.84M (Peak 485.01M) | Time:00:00.22 | Mem:267.97M, Peak:267.97M | Scene, ViewLayer | Updating Geometry BVH Raised standing seam.044 664/681 | Building BVH
Fra:1 Mem:396.84M (Peak 485.01M) | Time:00:00.22 | Mem:267.97M, Peak:267.97M | Scene, ViewLayer | Updating Geometry BVH Cylinder.036 216/681 | Building BVH
Fra:1 Mem:396.84M (Peak 485.01M) | Time:00:00.22 | Mem:267.98M, Peak:267.98M | Scene, ViewLayer | Updating Geometry BVH Cylinder.036 216/681 | Building mesh BLAS |      60 tris | Cylinder.036
Fra:1 Mem:396.84M (Peak 485.01M) | Time:00:00.22 | Mem:267.98M, Peak:267.98M | Scene, ViewLayer | Updating Geometry BVH Cylinder.037 217/681 | Building BVH
Fra:1 Mem:396.84M (Peak 485.01M) | Time:00:00.22 | Mem:267.98M, Peak:267.98M | Scene, ViewLayer | Updating Geometry BVH Cylinder.037 217/681 | Building mesh BLAS |      60 tris | Cylinder.037
Fra:1 Mem:396.84M (Peak 485.01M) | Time:00:00.22 | Mem:267.98M, Peak:267.98M | Scene, ViewLayer | Updating Geometry BVH Cylinder.038 218/681 | Building BVH
Fra:1 Mem:396.84M (Peak 485.01M) | Time:00:00.22 | Mem:267.98M, Peak:267.98M | Scene, ViewLayer | Updating Geometry BVH Cylinder.038 218/681 | Building mesh BLAS |      60 tris | Cylinder.038
Fra:1 Mem:396.84M (Peak 485.01M) | Time:00:00.22 | Mem:267.99M, Peak:267.99M | Scene, ViewLayer | Updating Geometry BVH Cylinder.039 219/681 | Building BVH
Fra:1 Mem:396.84M (Peak 485.01M) | Time:00:00.22 | Mem:267.99M, Peak:267.99M | Scene, ViewLayer | Updating Geometry BVH Cylinder.039 219/681 | Building mesh BLAS |      60 tris | Cylinder.039
Fra:1 Mem:396.84M (Peak 485.01M) | Time:00:00.22 | Mem:267.99M, Peak:267.99M | Scene, ViewLayer | Updating Geometry BVH Cylinder.040 220/681 | Building BVH
Fra:1 Mem:396.84M (Peak 485.01M) | Time:00:00.22 | Mem:267.99M, Peak:267.99M | Scene, ViewLayer | Updating Geometry BVH Cylinder.040 220/681 | Building mesh BLAS |      60 tris | Cylinder.040
Fra:1 Mem:396.84M (Peak 485.01M) | Time:00:00.22 | Mem:267.99M, Peak:267.99M | Scene, ViewLayer | Updating Geometry BVH Cylinder.041 221/681 | Building BVH
Fra:1 Mem:396.84M (Peak 485.01M) | Time:00:00.22 | Mem:267.99M, Peak:267.99M | Scene, ViewLayer | Updating Geometry BVH Cylinder.041 221/681 | Building mesh BLAS |     120 tris | Cylinder.041
Fra:1 Mem:396.84M (Peak 485.01M) | Time:00:00.22 | Mem:268.01M, Peak:268.01M | Scene, ViewLayer | Updating Geometry BVH Cylinder.042 222/681 | Building BVH
Fra:1 Mem:396.84M (Peak 485.01M) | Time:00:00.22 | Mem:268.01M, Peak:268.01M | Scene, ViewLayer | Updating Geometry BVH Cylinder.042 222/681 | Building mesh BLAS |      60 tris | Cylinder.042
Fra:1 Mem:396.84M (Peak 485.01M) | Time:00:00.22 | Mem:268.01M, Peak:268.01M | Scene, ViewLayer | Updating Geometry BVH Cylinder.043 223/681 | Building BVH
Fra:1 Mem:396.84M (Peak 485.01M) | Time:00:00.22 | Mem:268.01M, Peak:268.01M | Scene, ViewLayer | Updating Geometry BVH Cylinder.044 224/681 | Building BVH
Fra:1 Mem:396.84M (Peak 485.01M) | Time:00:00.22 | Mem:268.01M, Peak:268.01M | Scene, ViewLayer | Updating Geometry BVH Cylinder.044 224/681 | Building mesh BLAS |      60 tris | Cylinder.043
Fra:1 Mem:396.84M (Peak 485.01M) | Time:00:00.22 | Mem:268.01M, Peak:268.01M | Scene, ViewLayer | Updating Geometry BVH Cylinder.044 224/681 | Building mesh BLAS |      60 tris | Cylinder.044
Fra:1 Mem:396.84M (Peak 485.01M) | Time:00:00.22 | Mem:268.02M, Peak:268.02M | Scene, ViewLayer | Updating Geometry BVH Cylinder.045 225/681 | Building BVH
Fra:1 Mem:396.84M (Peak 485.01M) | Time:00:00.22 | Mem:268.02M, Peak:268.02M | Scene, ViewLayer | Updating Geometry BVH Cylinder.045 225/681 | Building mesh BLAS |      60 tris | Cylinder.045
Fra:1 Mem:396.84M (Peak 485.01M) | Time:00:00.22 | Mem:268.02M, Peak:268.02M | Scene, ViewLayer | Updating Geometry BVH Cylinder.046 226/681 | Building BVH
Fra:1 Mem:396.84M (Peak 485.01M) | Time:00:00.22 | Mem:268.02M, Peak:268.02M | Scene, ViewLayer | Updating Geometry BVH Cylinder.046 226/681 | Building mesh BLAS |      60 tris | Cylinder.046
Fra:1 Mem:396.84M (Peak 485.01M) | Time:00:00.22 | Mem:268.03M, Peak:268.03M | Scene, ViewLayer | Updating Geometry BVH Cylinder.047 227/681 | Building BVH
Fra:1 Mem:396.84M (Peak 485.01M) | Time:00:00.22 | Mem:268.03M, Peak:268.03M | Scene, ViewLayer | Updating Geometry BVH Cylinder.047 227/681 | Building mesh BLAS |      60 tris | Cylinder.047
Fra:1 Mem:396.84M (Peak 485.01M) | Time:00:00.22 | Mem:268.03M, Peak:268.03M | Scene, ViewLayer | Updating Geometry BVH Cylinder.048 228/681 | Building BVH
Fra:1 Mem:396.84M (Peak 485.01M) | Time:00:00.22 | Mem:268.03M, Peak:268.03M | Scene, ViewLayer | Updating Geometry BVH Cylinder.048 228/681 | Building mesh BLAS |      60 tris | Cylinder.048
Fra:1 Mem:396.84M (Peak 485.01M) | Time:00:00.22 | Mem:268.03M, Peak:268.03M | Scene, ViewLayer | Updating Geometry BVH Cylinder.049 229/681 | Building BVH
Fra:1 Mem:396.84M (Peak 485.01M) | Time:00:00.22 | Mem:268.03M, Peak:268.03M | Scene, ViewLayer | Updating Geometry BVH Cylinder.049 229/681 | Building mesh BLAS |      60 tris | Cylinder.049
Fra:1 Mem:396.84M (Peak 485.01M) | Time:00:00.22 | Mem:268.03M, Peak:268.03M | Scene, ViewLayer | Updating Geometry BVH Cylinder.050 230/681 | Building BVH
Fra:1 Mem:396.84M (Peak 485.01M) | Time:00:00.22 | Mem:268.13M, Peak:268.13M | Scene, ViewLayer | Updating Geometry BVH Cylinder.050 230/681 | Building mesh BLAS |      60 tris | Cylinder.050
Fra:1 Mem:396.84M (Peak 485.01M) | Time:00:00.22 | Mem:268.13M, Peak:268.13M | Scene, ViewLayer | Updating Geometry BVH Cylinder.051 231/681 | Building BVH
Fra:1 Mem:396.84M (Peak 485.01M) | Time:00:00.22 | Mem:268.13M, Peak:268.13M | Scene, ViewLayer | Updating Geometry BVH Cylinder.051 231/681 | Building mesh BLAS |      60 tris | Cylinder.051
Fra:1 Mem:396.84M (Peak 485.01M) | Time:00:00.22 | Mem:268.13M, Peak:268.13M | Scene, ViewLayer | Updating Geometry BVH Cylinder.052 232/681 | Building BVH
Fra:1 Mem:396.84M (Peak 485.01M) | Time:00:00.22 | Mem:268.13M, Peak:268.13M | Scene, ViewLayer | Updating Geometry BVH Cylinder.052 232/681 | Building mesh BLAS |      60 tris | Cylinder.052
Fra:1 Mem:396.84M (Peak 485.01M) | Time:00:00.22 | Mem:268.13M, Peak:268.13M | Scene, ViewLayer | Updating Geometry BVH Cylinder.053 233/681 | Building BVH
Fra:1 Mem:396.84M (Peak 485.01M) | Time:00:00.22 | Mem:268.13M, Peak:268.13M | Scene, ViewLayer | Updating Geometry BVH Cylinder.053 233/681 | Building mesh BLAS |      60 tris | Cylinder.053
Fra:1 Mem:396.84M (Peak 485.01M) | Time:00:00.22 | Mem:268.13M, Peak:268.13M | Scene, ViewLayer | Updating Geometry BVH Cylinder.054 234/681 | Building BVH
Fra:1 Mem:396.84M (Peak 485.01M) | Time:00:00.22 | Mem:268.13M, Peak:268.13M | Scene, ViewLayer | Updating Geometry BVH Cylinder.054 234/681 | Building mesh BLAS |      60 tris | Cylinder.054
Fra:1 Mem:396.84M (Peak 485.01M) | Time:00:00.22 | Mem:268.13M, Peak:268.13M | Scene, ViewLayer | Updating Geometry BVH Cylinder.054 234/681 | Building mesh BLAS |    1152 tris | Raised standing seam.043
Fra:1 Mem:396.84M (Peak 485.01M) | Time:00:00.22 | Mem:268.14M, Peak:268.14M | Scene, ViewLayer | Updating Geometry BVH Cylinder.055 235/681 | Building BVH
Fra:1 Mem:396.84M (Peak 485.01M) | Time:00:00.22 | Mem:268.14M, Peak:268.14M | Scene, ViewLayer | Updating Geometry BVH Cylinder.055 235/681 | Building mesh BLAS |      60 tris | Cylinder.055
Fra:1 Mem:396.84M (Peak 485.01M) | Time:00:00.22 | Mem:268.18M, Peak:268.18M | Scene, ViewLayer | Updating Geometry BVH Cylinder.056 236/681 | Building BVH
Fra:1 Mem:396.84M (Peak 485.01M) | Time:00:00.22 | Mem:268.18M, Peak:268.18M | Scene, ViewLayer | Updating Geometry BVH Cylinder.057 237/681 | Building BVH
Fra:1 Mem:396.84M (Peak 485.01M) | Time:00:00.22 | Mem:268.18M, Peak:268.18M | Scene, ViewLayer | Updating Geometry BVH Cylinder.058 238/681 | Building BVH
Fra:1 Mem:396.84M (Peak 485.01M) | Time:00:00.22 | Mem:268.18M, Peak:268.18M | Scene, ViewLayer | Updating Geometry BVH Cylinder.058 238/681 | Building mesh BLAS |      60 tris | Cylinder.057
Fra:1 Mem:396.84M (Peak 485.01M) | Time:00:00.22 | Mem:268.18M, Peak:268.18M | Scene, ViewLayer | Updating Geometry BVH Cylinder.058 238/681 | Building mesh BLAS |      60 tris | Cylinder.058
Fra:1 Mem:396.84M (Peak 485.01M) | Time:00:00.22 | Mem:268.18M, Peak:268.18M | Scene, ViewLayer | Updating Geometry BVH Cylinder.059 239/681 | Building BVH
Fra:1 Mem:396.84M (Peak 485.01M) | Time:00:00.22 | Mem:268.18M, Peak:268.18M | Scene, ViewLayer | Updating Geometry BVH Cylinder.059 239/681 | Building mesh BLAS |      60 tris | Cylinder.059
Fra:1 Mem:396.84M (Peak 485.01M) | Time:00:00.22 | Mem:268.18M, Peak:268.18M | Scene, ViewLayer | Updating Geometry BVH Cylinder.060 240/681 | Building BVH
Fra:1 Mem:396.84M (Peak 485.01M) | Time:00:00.22 | Mem:268.19M, Peak:268.19M | Scene, ViewLayer | Updating Geometry BVH Cylinder.060 240/681 | Building mesh BLAS |      60 tris | Cylinder.060
Fra:1 Mem:396.84M (Peak 485.01M) | Time:00:00.22 | Mem:268.19M, Peak:268.19M | Scene, ViewLayer | Updating Geometry BVH Cylinder.061 241/681 | Building BVH
Fra:1 Mem:396.84M (Peak 485.01M) | Time:00:00.22 | Mem:268.20M, Peak:268.20M | Scene, ViewLayer | Updating Geometry BVH Cylinder.061 241/681 | Building mesh BLAS |      60 tris | Cylinder.061
Fra:1 Mem:396.84M (Peak 485.01M) | Time:00:00.22 | Mem:268.22M, Peak:268.22M | Scene, ViewLayer | Updating Geometry BVH Cylinder.062 242/681 | Building BVH
Fra:1 Mem:396.84M (Peak 485.01M) | Time:00:00.22 | Mem:268.22M, Peak:268.22M | Scene, ViewLayer | Updating Geometry BVH Cylinder.062 242/681 | Building mesh BLAS |      60 tris | Cylinder.062
Fra:1 Mem:396.84M (Peak 485.01M) | Time:00:00.22 | Mem:268.22M, Peak:268.22M | Scene, ViewLayer | Updating Geometry BVH Cylinder.063 243/681 | Building BVH
Fra:1 Mem:396.84M (Peak 485.01M) | Time:00:00.22 | Mem:268.22M, Peak:268.22M | Scene, ViewLayer | Updating Geometry BVH Cylinder.063 243/681 | Building mesh BLAS |      60 tris | Cylinder.063
Fra:1 Mem:396.84M (Peak 485.01M) | Time:00:00.22 | Mem:268.24M, Peak:268.24M | Scene, ViewLayer | Updating Geometry BVH Cylinder.064 244/681 | Building BVH
Fra:1 Mem:396.84M (Peak 485.01M) | Time:00:00.22 | Mem:268.24M, Peak:268.24M | Scene, ViewLayer | Updating Geometry BVH Cylinder.064 244/681 | Building mesh BLAS |      60 tris | Cylinder.064
Fra:1 Mem:396.84M (Peak 485.01M) | Time:00:00.22 | Mem:268.26M, Peak:268.26M | Scene, ViewLayer | Updating Geometry BVH Cylinder.065 245/681 | Building BVH
Fra:1 Mem:396.84M (Peak 485.01M) | Time:00:00.22 | Mem:268.26M, Peak:268.26M | Scene, ViewLayer | Updating Geometry BVH Cylinder.066 246/681 | Building BVH
Fra:1 Mem:396.84M (Peak 485.01M) | Time:00:00.22 | Mem:268.36M, Peak:268.36M | Scene, ViewLayer | Updating Geometry BVH Cylinder.066 246/681 | Building mesh BLAS |      60 tris | Cylinder.066
Fra:1 Mem:396.84M (Peak 485.01M) | Time:00:00.22 | Mem:268.36M, Peak:268.36M | Scene, ViewLayer | Updating Geometry BVH Cylinder.067 247/681 | Building BVH
Fra:1 Mem:396.84M (Peak 485.01M) | Time:00:00.22 | Mem:268.36M, Peak:268.36M | Scene, ViewLayer | Updating Geometry BVH Cylinder.068 248/681 | Building BVH
Fra:1 Mem:396.84M (Peak 485.01M) | Time:00:00.22 | Mem:268.36M, Peak:268.36M | Scene, ViewLayer | Updating Geometry BVH Cylinder.069 249/681 | Building BVH
Fra:1 Mem:396.84M (Peak 485.01M) | Time:00:00.22 | Mem:268.36M, Peak:268.36M | Scene, ViewLayer | Updating Geometry BVH Cylinder.069 249/681 | Building mesh BLAS |      60 tris | Cylinder.068
Fra:1 Mem:396.84M (Peak 485.01M) | Time:00:00.22 | Mem:268.36M, Peak:268.36M | Scene, ViewLayer | Updating Geometry BVH Cylinder.069 249/681 | Building mesh BLAS |      60 tris | Cylinder.069
Fra:1 Mem:396.84M (Peak 485.01M) | Time:00:00.22 | Mem:268.37M, Peak:268.37M | Scene, ViewLayer | Updating Geometry BVH Cylinder.070 250/681 | Building BVH
Fra:1 Mem:396.84M (Peak 485.01M) | Time:00:00.22 | Mem:268.37M, Peak:268.37M | Scene, ViewLayer | Updating Geometry BVH Cylinder.070 250/681 | Building mesh BLAS |      60 tris | Cylinder.070
Fra:1 Mem:396.84M (Peak 485.01M) | Time:00:00.22 | Mem:268.38M, Peak:268.38M | Scene, ViewLayer | Updating Geometry BVH Cylinder.071 251/681 | Building BVH
Fra:1 Mem:396.84M (Peak 485.01M) | Time:00:00.22 | Mem:268.38M, Peak:268.38M | Scene, ViewLayer | Updating Geometry BVH Raised standing seam.042 662/681 | Building BVH
Fra:1 Mem:396.84M (Peak 485.01M) | Time:00:00.22 | Mem:268.38M, Peak:268.38M | Scene, ViewLayer | Updating Geometry BVH Raised standing seam.042 662/681 | Building mesh BLAS |      60 tris | Cylinder.071
Fra:1 Mem:396.84M (Peak 485.01M) | Time:00:00.22 | Mem:268.38M, Peak:268.38M | Scene, ViewLayer | Updating Geometry BVH Raised standing seam.042 662/681 | Building mesh BLAS |    1152 tris | Raised standing seam.042
Fra:1 Mem:396.84M (Peak 485.01M) | Time:00:00.22 | Mem:268.39M, Peak:268.39M | Scene, ViewLayer | Updating Geometry BVH Cylinder.072 252/681 | Building BVH
Fra:1 Mem:396.84M (Peak 485.01M) | Time:00:00.22 | Mem:268.39M, Peak:268.39M | Scene, ViewLayer | Updating Geometry BVH Cylinder.072 252/681 | Building mesh BLAS |      60 tris | Cylinder.072
Fra:1 Mem:396.84M (Peak 485.01M) | Time:00:00.22 | Mem:268.40M, Peak:268.40M | Scene, ViewLayer | Updating Geometry BVH Cylinder.073 253/681 | Building BVH
Fra:1 Mem:396.84M (Peak 485.01M) | Time:00:00.22 | Mem:268.40M, Peak:268.40M | Scene, ViewLayer | Updating Geometry BVH Cylinder.073 253/681 | Building mesh BLAS |      60 tris | Cylinder.073
Fra:1 Mem:396.84M (Peak 485.01M) | Time:00:00.22 | Mem:268.40M, Peak:268.40M | Scene, ViewLayer | Updating Geometry BVH Cylinder.074 254/681 | Building BVH
Fra:1 Mem:396.84M (Peak 485.01M) | Time:00:00.22 | Mem:268.40M, Peak:268.40M | Scene, ViewLayer | Updating Geometry BVH Cylinder.075 255/681 | Building BVH
Fra:1 Mem:396.84M (Peak 485.01M) | Time:00:00.22 | Mem:268.40M, Peak:268.40M | Scene, ViewLayer | Updating Geometry BVH Cylinder.075 255/681 | Building mesh BLAS |      60 tris | Cylinder.074
Fra:1 Mem:396.84M (Peak 485.01M) | Time:00:00.22 | Mem:268.40M, Peak:268.40M | Scene, ViewLayer | Updating Geometry BVH Cylinder.075 255/681 | Building mesh BLAS |     100 tris | Cylinder.075
Fra:1 Mem:396.84M (Peak 485.01M) | Time:00:00.22 | Mem:268.40M, Peak:268.40M | Scene, ViewLayer | Updating Geometry BVH Cylinder.076 256/681 | Building BVH
Fra:1 Mem:396.84M (Peak 485.01M) | Time:00:00.22 | Mem:268.42M, Peak:268.42M | Scene, ViewLayer | Updating Geometry BVH Cylinder.076 256/681 | Building mesh BLAS |      60 tris | Cylinder.076
Fra:1 Mem:396.84M (Peak 485.01M) | Time:00:00.22 | Mem:268.42M, Peak:268.42M | Scene, ViewLayer | Updating Geometry BVH Cylinder.077 257/681 | Building BVH
Fra:1 Mem:396.84M (Peak 485.01M) | Time:00:00.22 | Mem:268.42M, Peak:268.42M | Scene, ViewLayer | Updating Geometry BVH Cylinder.077 257/681 | Building mesh BLAS |      60 tris | Cylinder.077
Fra:1 Mem:396.84M (Peak 485.01M) | Time:00:00.22 | Mem:268.45M, Peak:268.45M | Scene, ViewLayer | Updating Geometry BVH Cylinder.078 258/681 | Building BVH
Fra:1 Mem:396.84M (Peak 485.01M) | Time:00:00.22 | Mem:268.46M, Peak:268.46M | Scene, ViewLayer | Updating Geometry BVH Cylinder.079 259/681 | Building BVH
Fra:1 Mem:396.84M (Peak 485.01M) | Time:00:00.22 | Mem:268.46M, Peak:268.46M | Scene, ViewLayer | Updating Geometry BVH Cylinder.079 259/681 | Building mesh BLAS |      60 tris | Cylinder.079
Fra:1 Mem:396.84M (Peak 485.01M) | Time:00:00.22 | Mem:268.47M, Peak:268.47M | Scene, ViewLayer | Updating Geometry BVH Cylinder.080 260/681 | Building BVH
Fra:1 Mem:396.84M (Peak 485.01M) | Time:00:00.22 | Mem:268.54M, Peak:268.54M | Scene, ViewLayer | Updating Geometry BVH Cylinder.081 261/681 | Building mesh BLAS |      52 tris | Cylinder.080
Fra:1 Mem:396.84M (Peak 485.01M) | Time:00:00.22 | Mem:268.54M, Peak:268.54M | Scene, ViewLayer | Updating Geometry BVH Cylinder.081 261/681 | Building mesh BLAS |      64 tris | Cylinder.081
Fra:1 Mem:396.84M (Peak 485.01M) | Time:00:00.22 | Mem:268.55M, Peak:268.55M | Scene, ViewLayer | Updating Geometry BVH Cube.178 262/681 | Building BVH
Fra:1 Mem:396.84M (Peak 485.01M) | Time:00:00.22 | Mem:268.55M, Peak:268.55M | Scene, ViewLayer | Updating Geometry BVH Cube.178 262/681 | Building mesh BLAS |     188 tris | Cube.178
Fra:1 Mem:396.84M (Peak 485.01M) | Time:00:00.22 | Mem:268.57M, Peak:268.57M | Scene, ViewLayer | Updating Geometry BVH Cube.179 263/681 | Building BVH
Fra:1 Mem:396.84M (Peak 485.01M) | Time:00:00.22 | Mem:268.57M, Peak:268.57M | Scene, ViewLayer | Updating Geometry BVH Cube.180 264/681 | Building BVH
Fra:1 Mem:396.84M (Peak 485.01M) | Time:00:00.22 | Mem:268.57M, Peak:268.57M | Scene, ViewLayer | Updating Geometry BVH Cube.180 264/681 | Building mesh BLAS |     188 tris | Cube.180
Fra:1 Mem:396.84M (Peak 485.01M) | Time:00:00.22 | Mem:268.57M, Peak:268.57M | Scene, ViewLayer | Updating Geometry BVH Cube.181 265/681 | Building BVH
Fra:1 Mem:396.84M (Peak 485.01M) | Time:00:00.22 | Mem:268.57M, Peak:268.57M | Scene, ViewLayer | Updating Geometry BVH Cube.181 265/681 | Building mesh BLAS |     188 tris | Cube.181
Fra:1 Mem:396.84M (Peak 485.01M) | Time:00:00.22 | Mem:268.59M, Peak:268.59M | Scene, ViewLayer | Updating Geometry BVH Cube.182 266/681 | Building BVH
Fra:1 Mem:396.84M (Peak 485.01M) | Time:00:00.22 | Mem:268.60M, Peak:268.60M | Scene, ViewLayer | Updating Geometry BVH Cube.183 267/681 | Building BVH
Fra:1 Mem:396.84M (Peak 485.01M) | Time:00:00.22 | Mem:268.60M, Peak:268.60M | Scene, ViewLayer | Updating Geometry BVH Raised standing seam.041 661/681 | Building mesh BLAS |     188 tris | Cube.182
Fra:1 Mem:396.84M (Peak 485.01M) | Time:00:00.22 | Mem:268.60M, Peak:268.60M | Scene, ViewLayer | Updating Geometry BVH Raised standing seam.041 661/681 | Building mesh BLAS |     188 tris | Cube.183
Fra:1 Mem:396.84M (Peak 485.01M) | Time:00:00.22 | Mem:268.61M, Peak:268.61M | Scene, ViewLayer | Updating Geometry BVH Cube.184 268/681 | Building BVH
Fra:1 Mem:396.84M (Peak 485.01M) | Time:00:00.22 | Mem:268.61M, Peak:268.61M | Scene, ViewLayer | Updating Geometry BVH Cube.185 269/681 | Building BVH
Fra:1 Mem:396.84M (Peak 485.01M) | Time:00:00.22 | Mem:268.61M, Peak:268.61M | Scene, ViewLayer | Updating Geometry BVH Cube.186 270/681 | Building mesh BLAS |    1152 tris | Raised standing seam.041
Fra:1 Mem:396.84M (Peak 485.01M) | Time:00:00.22 | Mem:268.61M, Peak:268.61M | Scene, ViewLayer | Updating Geometry BVH Cube.186 270/681 | Building mesh BLAS |     188 tris | Cube.185
Fra:1 Mem:396.84M (Peak 485.01M) | Time:00:00.22 | Mem:268.61M, Peak:268.61M | Scene, ViewLayer | Updating Geometry BVH Cube.186 270/681 | Building mesh BLAS |     188 tris | Cube.186
Fra:1 Mem:396.84M (Peak 485.01M) | Time:00:00.22 | Mem:268.61M, Peak:268.61M | Scene, ViewLayer | Updating Geometry BVH Cube.187 271/681 | Building BVH
Fra:1 Mem:396.84M (Peak 485.01M) | Time:00:00.22 | Mem:268.61M, Peak:268.61M | Scene, ViewLayer | Updating Geometry BVH Cube.188 272/681 | Building BVH
Fra:1 Mem:396.84M (Peak 485.01M) | Time:00:00.22 | Mem:268.61M, Peak:268.61M | Scene, ViewLayer | Updating Geometry BVH Cube.188 272/681 | Building mesh BLAS |     188 tris | Cube.187
Fra:1 Mem:396.84M (Peak 485.01M) | Time:00:00.22 | Mem:268.61M, Peak:268.61M | Scene, ViewLayer | Updating Geometry BVH Cube.188 272/681 | Building mesh BLAS |     188 tris | Cube.188
Fra:1 Mem:396.84M (Peak 485.01M) | Time:00:00.23 | Mem:268.61M, Peak:268.61M | Scene, ViewLayer | Updating Geometry BVH Cube.189 273/681 | Building BVH
Fra:1 Mem:396.84M (Peak 485.01M) | Time:00:00.23 | Mem:268.62M, Peak:268.62M | Scene, ViewLayer | Updating Geometry BVH Cube.189 273/681 | Building mesh BLAS |     188 tris | Cube.189
Fra:1 Mem:396.84M (Peak 485.01M) | Time:00:00.23 | Mem:268.63M, Peak:268.63M | Scene, ViewLayer | Updating Geometry BVH Cube.190 274/681 | Building BVH
Fra:1 Mem:396.84M (Peak 485.01M) | Time:00:00.23 | Mem:268.63M, Peak:268.63M | Scene, ViewLayer | Updating Geometry BVH Cube.190 274/681 | Building mesh BLAS |     188 tris | Cube.190
Fra:1 Mem:396.84M (Peak 485.01M) | Time:00:00.23 | Mem:268.71M, Peak:268.71M | Scene, ViewLayer | Updating Geometry BVH Cube.191 275/681 | Building BVH
Fra:1 Mem:396.84M (Peak 485.01M) | Time:00:00.23 | Mem:268.71M, Peak:268.71M | Scene, ViewLayer | Updating Geometry BVH Cube.191 275/681 | Building mesh BLAS |     188 tris | Cube.191
Fra:1 Mem:396.84M (Peak 485.01M) | Time:00:00.23 | Mem:268.72M, Peak:268.72M | Scene, ViewLayer | Updating Geometry BVH Cube.192 276/681 | Building BVH
Fra:1 Mem:396.84M (Peak 485.01M) | Time:00:00.23 | Mem:268.72M, Peak:268.72M | Scene, ViewLayer | Updating Geometry BVH Cube.193 277/681 | Building BVH
Fra:1 Mem:396.84M (Peak 485.01M) | Time:00:00.23 | Mem:268.73M, Peak:268.73M | Scene, ViewLayer | Updating Geometry BVH Cube.193 277/681 | Building mesh BLAS |     188 tris | Cube.192
Fra:1 Mem:396.84M (Peak 485.01M) | Time:00:00.23 | Mem:268.73M, Peak:268.73M | Scene, ViewLayer | Updating Geometry BVH Cube.193 277/681 | Building mesh BLAS |     188 tris | Cube.193
Fra:1 Mem:396.84M (Peak 485.01M) | Time:00:00.23 | Mem:268.74M, Peak:268.74M | Scene, ViewLayer | Updating Geometry BVH Cube.194 278/681 | Building BVH
Fra:1 Mem:396.84M (Peak 485.01M) | Time:00:00.23 | Mem:268.75M, Peak:268.75M | Scene, ViewLayer | Updating Geometry BVH Cube.195 279/681 | Building BVH
Fra:1 Mem:396.84M (Peak 485.01M) | Time:00:00.23 | Mem:268.77M, Peak:268.77M | Scene, ViewLayer | Updating Geometry BVH Cube.195 279/681 | Building mesh BLAS |     188 tris | Cube.195
Fra:1 Mem:396.84M (Peak 485.01M) | Time:00:00.23 | Mem:268.78M, Peak:268.78M | Scene, ViewLayer | Updating Geometry BVH Cube.196 280/681 | Building BVH
Fra:1 Mem:396.84M (Peak 485.01M) | Time:00:00.23 | Mem:268.78M, Peak:268.78M | Scene, ViewLayer | Updating Geometry BVH Cube.197 281/681 | Building BVH
Fra:1 Mem:396.84M (Peak 485.01M) | Time:00:00.23 | Mem:268.79M, Peak:268.79M | Scene, ViewLayer | Updating Geometry BVH Cube.198 282/681 | Building mesh BLAS |     188 tris | Cube.196
Fra:1 Mem:396.84M (Peak 485.01M) | Time:00:00.23 | Mem:268.81M, Peak:268.81M | Scene, ViewLayer | Updating Geometry BVH Cube.199 283/681 | Building BVH
Fra:1 Mem:396.84M (Peak 485.01M) | Time:00:00.23 | Mem:268.82M, Peak:268.82M | Scene, ViewLayer | Updating Geometry BVH Raised standing seam.040 660/681 | Building BVH
Fra:1 Mem:396.84M (Peak 485.01M) | Time:00:00.23 | Mem:268.82M, Peak:268.82M | Scene, ViewLayer | Updating Geometry BVH Cube.201 285/681 | Building BVH
Fra:1 Mem:396.84M (Peak 485.01M) | Time:00:00.23 | Mem:268.82M, Peak:268.82M | Scene, ViewLayer | Updating Geometry BVH Cube.202 286/681 | Building BVH
Fra:1 Mem:396.84M (Peak 485.01M) | Time:00:00.23 | Mem:268.82M, Peak:268.82M | Scene, ViewLayer | Updating Geometry BVH Cube.202 286/681 | Building mesh BLAS |     188 tris | Cube.201
Fra:1 Mem:396.84M (Peak 485.01M) | Time:00:00.23 | Mem:268.83M, Peak:268.83M | Scene, ViewLayer | Updating Geometry BVH Cube.202 286/681 | Building mesh BLAS |     188 tris | Cube.202
Fra:1 Mem:396.84M (Peak 485.01M) | Time:00:00.23 | Mem:268.83M, Peak:268.83M | Scene, ViewLayer | Updating Geometry BVH Cube.203 287/681 | Building BVH
Fra:1 Mem:396.84M (Peak 485.01M) | Time:00:00.23 | Mem:268.84M, Peak:268.84M | Scene, ViewLayer | Updating Geometry BVH Cube.203 287/681 | Building mesh BLAS |     188 tris | Cube.200
Fra:1 Mem:396.84M (Peak 485.01M) | Time:00:00.23 | Mem:268.90M, Peak:268.90M | Scene, ViewLayer | Updating Geometry BVH Cube.203 287/681 | Building mesh BLAS |    1152 tris | Raised standing seam.040
Fra:1 Mem:396.84M (Peak 485.01M) | Time:00:00.23 | Mem:268.91M, Peak:268.91M | Scene, ViewLayer | Updating Geometry BVH Cube.204 288/681 | Building BVH
Fra:1 Mem:396.84M (Peak 485.01M) | Time:00:00.23 | Mem:268.93M, Peak:268.93M | Scene, ViewLayer | Updating Geometry BVH Cube.205 289/681 | Building BVH
Fra:1 Mem:396.84M (Peak 485.01M) | Time:00:00.23 | Mem:268.93M, Peak:268.93M | Scene, ViewLayer | Updating Geometry BVH Cube.206 290/681 | Building BVH
Fra:1 Mem:396.84M (Peak 485.01M) | Time:00:00.23 | Mem:268.93M, Peak:268.93M | Scene, ViewLayer | Updating Geometry BVH Cube.207 291/681 | Building BVH
Fra:1 Mem:396.84M (Peak 485.01M) | Time:00:00.23 | Mem:268.98M, Peak:268.98M | Scene, ViewLayer | Updating Geometry BVH Cube.207 291/681 | Building mesh BLAS |     188 tris | Cube.206
Fra:1 Mem:396.84M (Peak 485.01M) | Time:00:00.23 | Mem:268.98M, Peak:268.98M | Scene, ViewLayer | Updating Geometry BVH Cube.207 291/681 | Building mesh BLAS |     188 tris | Cube.207
Fra:1 Mem:396.84M (Peak 485.01M) | Time:00:00.23 | Mem:268.98M, Peak:268.98M | Scene, ViewLayer | Updating Geometry BVH Cube.208 292/681 | Building BVH
Fra:1 Mem:396.84M (Peak 485.01M) | Time:00:00.23 | Mem:268.98M, Peak:268.98M | Scene, ViewLayer | Updating Geometry BVH Cube.208 292/681 | Building mesh BLAS |     188 tris | Cube.208
Fra:1 Mem:396.84M (Peak 485.01M) | Time:00:00.23 | Mem:268.98M, Peak:268.98M | Scene, ViewLayer | Updating Geometry BVH Cube.208 292/681 | Building mesh BLAS |     188 tris | Cube.204
Fra:1 Mem:396.84M (Peak 485.01M) | Time:00:00.23 | Mem:268.98M, Peak:268.98M | Scene, ViewLayer | Updating Geometry BVH Cube.209 293/681 | Building BVH
Fra:1 Mem:396.84M (Peak 485.01M) | Time:00:00.23 | Mem:268.98M, Peak:268.98M | Scene, ViewLayer | Updating Geometry BVH Cube.209 293/681 | Building mesh BLAS |     188 tris | Cube.209
Fra:1 Mem:396.84M (Peak 485.01M) | Time:00:00.23 | Mem:269.02M, Peak:269.02M | Scene, ViewLayer | Updating Geometry BVH Cube.210 294/681 | Building BVH
Fra:1 Mem:396.84M (Peak 485.01M) | Time:00:00.23 | Mem:269.03M, Peak:269.03M | Scene, ViewLayer | Updating Geometry BVH Cube.210 294/681 | Building mesh BLAS |     188 tris | Cube.210
Fra:1 Mem:396.84M (Peak 485.01M) | Time:00:00.23 | Mem:269.03M, Peak:269.03M | Scene, ViewLayer | Updating Geometry BVH Cube.211 295/681 | Building BVH
Fra:1 Mem:396.84M (Peak 485.01M) | Time:00:00.23 | Mem:269.06M, Peak:269.06M | Scene, ViewLayer | Updating Geometry BVH Cube.211 295/681 | Building mesh BLAS |     188 tris | Cube.211
Fra:1 Mem:396.84M (Peak 485.01M) | Time:00:00.23 | Mem:269.06M, Peak:269.06M | Scene, ViewLayer | Updating Geometry BVH Cube.212 296/681 | Building BVH
Fra:1 Mem:396.84M (Peak 485.01M) | Time:00:00.23 | Mem:269.06M, Peak:269.06M | Scene, ViewLayer | Updating Geometry BVH Cube.213 297/681 | Building BVH
Fra:1 Mem:396.84M (Peak 485.01M) | Time:00:00.23 | Mem:269.06M, Peak:269.06M | Scene, ViewLayer | Updating Geometry BVH Cube.213 297/681 | Building mesh BLAS |     836 tris | Cube.212
Fra:1 Mem:396.84M (Peak 485.01M) | Time:00:00.23 | Mem:269.06M, Peak:269.06M | Scene, ViewLayer | Updating Geometry BVH Cube.213 297/681 | Building mesh BLAS |     524 tris | Cube.213
Fra:1 Mem:396.84M (Peak 485.01M) | Time:00:00.23 | Mem:269.07M, Peak:269.07M | Scene, ViewLayer | Updating Geometry BVH Cube.214 298/681 | Building BVH
Fra:1 Mem:396.84M (Peak 485.01M) | Time:00:00.23 | Mem:269.07M, Peak:269.07M | Scene, ViewLayer | Updating Geometry BVH Cube.214 298/681 | Building mesh BLAS |     188 tris | Cube.214
Fra:1 Mem:396.84M (Peak 485.01M) | Time:00:00.23 | Mem:269.07M, Peak:269.07M | Scene, ViewLayer | Updating Geometry BVH Cube.215 299/681 | Building BVH
Fra:1 Mem:396.84M (Peak 485.01M) | Time:00:00.23 | Mem:269.07M, Peak:269.07M | Scene, ViewLayer | Updating Geometry BVH Cube.215 299/681 | Building mesh BLAS |     460 tris | Cube.215
Fra:1 Mem:396.84M (Peak 485.01M) | Time:00:00.23 | Mem:269.08M, Peak:269.08M | Scene, ViewLayer | Updating Geometry BVH Raised standing seam.039 659/681 | Building BVH
Fra:1 Mem:396.84M (Peak 485.01M) | Time:00:00.23 | Mem:269.08M, Peak:269.08M | Scene, ViewLayer | Updating Geometry BVH Raised standing seam.039 659/681 | Building mesh BLAS |    1152 tris | Raised standing seam.039
Fra:1 Mem:396.84M (Peak 485.01M) | Time:00:00.23 | Mem:269.08M, Peak:269.08M | Scene, ViewLayer | Updating Geometry BVH Cube.216 300/681 | Building BVH
Fra:1 Mem:396.84M (Peak 485.01M) | Time:00:00.23 | Mem:269.08M, Peak:269.08M | Scene, ViewLayer | Updating Geometry BVH Cube.217 301/681 | Building BVH
Fra:1 Mem:396.84M (Peak 485.01M) | Time:00:00.23 | Mem:269.08M, Peak:269.08M | Scene, ViewLayer | Updating Geometry BVH Cube.217 301/681 | Building mesh BLAS |     188 tris | Cube.216
Fra:1 Mem:396.84M (Peak 485.01M) | Time:00:00.23 | Mem:269.08M, Peak:269.08M | Scene, ViewLayer | Updating Geometry BVH Cube.217 301/681 | Building mesh BLAS |     188 tris | Cube.217
Fra:1 Mem:396.84M (Peak 485.01M) | Time:00:00.23 | Mem:269.09M, Peak:269.09M | Scene, ViewLayer | Updating Geometry BVH Cube.218 302/681 | Building BVH
Fra:1 Mem:396.84M (Peak 485.01M) | Time:00:00.23 | Mem:269.09M, Peak:269.09M | Scene, ViewLayer | Updating Geometry BVH Cube.218 302/681 | Building mesh BLAS |     188 tris | Cube.218
Fra:1 Mem:396.84M (Peak 485.01M) | Time:00:00.23 | Mem:269.09M, Peak:269.09M | Scene, ViewLayer | Updating Geometry BVH Cube.219 303/681 | Building BVH
Fra:1 Mem:396.84M (Peak 485.01M) | Time:00:00.23 | Mem:269.09M, Peak:269.09M | Scene, ViewLayer | Updating Geometry BVH Cube.219 303/681 | Building mesh BLAS |     188 tris | Cube.219
Fra:1 Mem:396.84M (Peak 485.01M) | Time:00:00.23 | Mem:269.09M, Peak:269.09M | Scene, ViewLayer | Updating Geometry BVH Cube.220 304/681 | Building BVH
Fra:1 Mem:396.84M (Peak 485.01M) | Time:00:00.23 | Mem:269.09M, Peak:269.09M | Scene, ViewLayer | Updating Geometry BVH Cube.220 304/681 | Building mesh BLAS |     188 tris | Cube.220
Fra:1 Mem:396.84M (Peak 485.01M) | Time:00:00.23 | Mem:269.16M, Peak:269.16M | Scene, ViewLayer | Updating Geometry BVH Cube.221 305/681 | Building BVH
Fra:1 Mem:396.84M (Peak 485.01M) | Time:00:00.23 | Mem:269.16M, Peak:269.16M | Scene, ViewLayer | Updating Geometry BVH Cube.222 306/681 | Building BVH
Fra:1 Mem:396.84M (Peak 485.01M) | Time:00:00.23 | Mem:269.16M, Peak:269.16M | Scene, ViewLayer | Updating Geometry BVH Cube.222 306/681 | Building mesh BLAS |     188 tris | Cube.221
Fra:1 Mem:396.84M (Peak 485.01M) | Time:00:00.23 | Mem:269.16M, Peak:269.16M | Scene, ViewLayer | Updating Geometry BVH Cube.223 307/681 | Building BVH
Fra:1 Mem:396.84M (Peak 485.01M) | Time:00:00.23 | Mem:269.17M, Peak:269.17M | Scene, ViewLayer | Updating Geometry BVH Cube.223 307/681 | Building mesh BLAS |     188 tris | Cube.223
Fra:1 Mem:396.84M (Peak 485.01M) | Time:00:00.23 | Mem:269.18M, Peak:269.18M | Scene, ViewLayer | Updating Geometry BVH Cube.224 308/681 | Building BVH
Fra:1 Mem:396.84M (Peak 485.01M) | Time:00:00.23 | Mem:269.18M, Peak:269.18M | Scene, ViewLayer | Updating Geometry BVH Cube.226 310/681 | Building BVH
Fra:1 Mem:396.84M (Peak 485.01M) | Time:00:00.23 | Mem:269.18M, Peak:269.18M | Scene, ViewLayer | Updating Geometry BVH Cube.228 312/681 | Building BVH
Fra:1 Mem:396.84M (Peak 485.01M) | Time:00:00.23 | Mem:269.18M, Peak:269.18M | Scene, ViewLayer | Updating Geometry BVH Cube.228 312/681 | Building mesh BLAS |     188 tris | Cube.225
Fra:1 Mem:396.84M (Peak 485.01M) | Time:00:00.23 | Mem:269.18M, Peak:269.18M | Scene, ViewLayer | Updating Geometry BVH Cube.228 312/681 | Building mesh BLAS |     188 tris | Cube.228
Fra:1 Mem:396.84M (Peak 485.01M) | Time:00:00.23 | Mem:269.18M, Peak:269.18M | Scene, ViewLayer | Updating Geometry BVH Cube.228 312/681 | Building mesh BLAS |     380 tris | Cube.226
Fra:1 Mem:396.84M (Peak 485.01M) | Time:00:00.23 | Mem:269.18M, Peak:269.18M | Scene, ViewLayer | Updating Geometry BVH Cube.230 314/681 | Building BVH
Fra:1 Mem:396.84M (Peak 485.01M) | Time:00:00.23 | Mem:269.18M, Peak:269.18M | Scene, ViewLayer | Updating Geometry BVH Cube.230 314/681 | Building mesh BLAS |     188 tris | Cube.230
Fra:1 Mem:396.84M (Peak 485.01M) | Time:00:00.23 | Mem:269.18M, Peak:269.18M | Scene, ViewLayer | Updating Geometry BVH Cube.230 314/681 | Building mesh BLAS |     188 tris | Cube.227
Fra:1 Mem:396.84M (Peak 485.01M) | Time:00:00.23 | Mem:269.18M, Peak:269.18M | Scene, ViewLayer | Updating Geometry BVH Cube.230 314/681 | Building mesh BLAS |     188 tris | Cube.229
Fra:1 Mem:396.84M (Peak 485.01M) | Time:00:00.23 | Mem:269.19M, Peak:269.19M | Scene, ViewLayer | Updating Geometry BVH Cube.231 315/681 | Building BVH
Fra:1 Mem:396.84M (Peak 485.01M) | Time:00:00.23 | Mem:269.19M, Peak:269.19M | Scene, ViewLayer | Updating Geometry BVH Cube.231 315/681 | Building mesh BLAS |     188 tris | Cube.231
Fra:1 Mem:396.84M (Peak 485.01M) | Time:00:00.23 | Mem:269.19M, Peak:269.19M | Scene, ViewLayer | Updating Geometry BVH Cube.232 316/681 | Building BVH
Fra:1 Mem:396.84M (Peak 485.01M) | Time:00:00.23 | Mem:269.19M, Peak:269.19M | Scene, ViewLayer | Updating Geometry BVH Cube.232 316/681 | Building mesh BLAS |     188 tris | Cube.232
Fra:1 Mem:396.84M (Peak 485.01M) | Time:00:00.23 | Mem:269.20M, Peak:269.20M | Scene, ViewLayer | Updating Geometry BVH Raised standing seam.038 658/681 | Building BVH
Fra:1 Mem:396.84M (Peak 485.01M) | Time:00:00.23 | Mem:269.20M, Peak:269.20M | Scene, ViewLayer | Updating Geometry BVH Raised standing seam.038 658/681 | Building mesh BLAS |    1152 tris | Raised standing seam.038
Fra:1 Mem:396.84M (Peak 485.01M) | Time:00:00.23 | Mem:269.20M, Peak:269.20M | Scene, ViewLayer | Updating Geometry BVH Cube.233 317/681 | Building BVH
Fra:1 Mem:396.84M (Peak 485.01M) | Time:00:00.23 | Mem:269.20M, Peak:269.20M | Scene, ViewLayer | Updating Geometry BVH Cube.233 317/681 | Building mesh BLAS |     188 tris | Cube.233
Fra:1 Mem:396.84M (Peak 485.01M) | Time:00:00.23 | Mem:269.20M, Peak:269.20M | Scene, ViewLayer | Updating Geometry BVH Cube.234 318/681 | Building BVH
Fra:1 Mem:396.84M (Peak 485.01M) | Time:00:00.23 | Mem:269.20M, Peak:269.20M | Scene, ViewLayer | Updating Geometry BVH Cube.234 318/681 | Building mesh BLAS |     188 tris | Cube.234
Fra:1 Mem:396.84M (Peak 485.01M) | Time:00:00.23 | Mem:269.21M, Peak:269.21M | Scene, ViewLayer | Updating Geometry BVH Cube.235 319/681 | Building BVH
Fra:1 Mem:396.84M (Peak 485.01M) | Time:00:00.23 | Mem:269.21M, Peak:269.21M | Scene, ViewLayer | Updating Geometry BVH Cube.236 320/681 | Building BVH
Fra:1 Mem:396.84M (Peak 485.01M) | Time:00:00.23 | Mem:269.21M, Peak:269.21M | Scene, ViewLayer | Updating Geometry BVH Cube.237 321/681 | Building BVH
Fra:1 Mem:396.84M (Peak 485.01M) | Time:00:00.23 | Mem:269.21M, Peak:269.21M | Scene, ViewLayer | Updating Geometry BVH Cube.237 321/681 | Building mesh BLAS |     188 tris | Cube.237
Fra:1 Mem:396.84M (Peak 485.01M) | Time:00:00.23 | Mem:269.29M, Peak:269.29M | Scene, ViewLayer | Updating Geometry BVH Cube.238 322/681 | Building BVH
Fra:1 Mem:396.84M (Peak 485.01M) | Time:00:00.23 | Mem:269.29M, Peak:269.29M | Scene, ViewLayer | Updating Geometry BVH Cube.239 323/681 | Building BVH
Fra:1 Mem:396.84M (Peak 485.01M) | Time:00:00.23 | Mem:269.29M, Peak:269.29M | Scene, ViewLayer | Updating Geometry BVH Cube.239 323/681 | Building mesh BLAS |     188 tris | Cube.238
Fra:1 Mem:396.84M (Peak 485.01M) | Time:00:00.23 | Mem:269.29M, Peak:269.29M | Scene, ViewLayer | Updating Geometry BVH Cube.239 323/681 | Building mesh BLAS |     188 tris | Cube.239
Fra:1 Mem:396.84M (Peak 485.01M) | Time:00:00.23 | Mem:269.29M, Peak:269.29M | Scene, ViewLayer | Updating Geometry BVH Cube.240 324/681 | Building BVH
Fra:1 Mem:396.84M (Peak 485.01M) | Time:00:00.23 | Mem:269.29M, Peak:269.29M | Scene, ViewLayer | Updating Geometry BVH Cube.240 324/681 | Building mesh BLAS |     188 tris | Cube.240
Fra:1 Mem:396.84M (Peak 485.01M) | Time:00:00.23 | Mem:269.30M, Peak:269.30M | Scene, ViewLayer | Updating Geometry BVH Cube.241 325/681 | Building BVH
Fra:1 Mem:396.84M (Peak 485.01M) | Time:00:00.23 | Mem:269.30M, Peak:269.30M | Scene, ViewLayer | Updating Geometry BVH Cube.241 325/681 | Building mesh BLAS |     188 tris | Cube.241
Fra:1 Mem:396.84M (Peak 485.01M) | Time:00:00.23 | Mem:269.30M, Peak:269.30M | Scene, ViewLayer | Updating Geometry BVH Cube.242 326/681 | Building BVH
Fra:1 Mem:396.84M (Peak 485.01M) | Time:00:00.23 | Mem:269.30M, Peak:269.30M | Scene, ViewLayer | Updating Geometry BVH Cube.243 327/681 | Building BVH
Fra:1 Mem:396.84M (Peak 485.01M) | Time:00:00.23 | Mem:269.31M, Peak:269.31M | Scene, ViewLayer | Updating Geometry BVH Cube.244 328/681 | Building mesh BLAS |     188 tris | Cube.242
Fra:1 Mem:396.84M (Peak 485.01M) | Time:00:00.23 | Mem:269.31M, Peak:269.31M | Scene, ViewLayer | Updating Geometry BVH Cube.245 329/681 | Building BVH
Fra:1 Mem:396.84M (Peak 485.01M) | Time:00:00.23 | Mem:269.32M, Peak:269.32M | Scene, ViewLayer | Updating Geometry BVH Cube.245 329/681 | Building mesh BLAS |     188 tris | Cube.244
Fra:1 Mem:396.84M (Peak 485.01M) | Time:00:00.23 | Mem:269.32M, Peak:269.32M | Scene, ViewLayer | Updating Geometry BVH Cube.246 330/681 | Building BVH
Fra:1 Mem:396.84M (Peak 485.01M) | Time:00:00.23 | Mem:269.32M, Peak:269.32M | Scene, ViewLayer | Updating Geometry BVH Cube.246 330/681 | Building mesh BLAS |     188 tris | Cube.245
Fra:1 Mem:396.84M (Peak 485.01M) | Time:00:00.23 | Mem:269.32M, Peak:269.32M | Scene, ViewLayer | Updating Geometry BVH Cube.247 331/681 | Building BVH
Fra:1 Mem:396.84M (Peak 485.01M) | Time:00:00.23 | Mem:269.32M, Peak:269.32M | Scene, ViewLayer | Updating Geometry BVH Cube.248 332/681 | Building BVH
Fra:1 Mem:396.84M (Peak 485.01M) | Time:00:00.23 | Mem:269.32M, Peak:269.32M | Scene, ViewLayer | Updating Geometry BVH Cube.249 333/681 | Building BVH
Fra:1 Mem:396.84M (Peak 485.01M) | Time:00:00.23 | Mem:269.32M, Peak:269.32M | Scene, ViewLayer | Updating Geometry BVH Cube.249 333/681 | Building mesh BLAS |     188 tris | Cube.248
Fra:1 Mem:396.84M (Peak 485.01M) | Time:00:00.23 | Mem:269.32M, Peak:269.32M | Scene, ViewLayer | Updating Geometry BVH Raised standing seam.037 657/681 | Building BVH
Fra:1 Mem:396.84M (Peak 485.01M) | Time:00:00.23 | Mem:269.33M, Peak:269.33M | Scene, ViewLayer | Updating Geometry BVH Raised standing seam.037 657/681 | Building mesh BLAS |    1152 tris | Raised standing seam.037
Fra:1 Mem:396.84M (Peak 485.01M) | Time:00:00.23 | Mem:269.33M, Peak:269.33M | Scene, ViewLayer | Updating Geometry BVH Cube.250 334/681 | Building BVH
Fra:1 Mem:396.84M (Peak 485.01M) | Time:00:00.23 | Mem:269.33M, Peak:269.33M | Scene, ViewLayer | Updating Geometry BVH Cube.251 335/681 | Building BVH
Fra:1 Mem:396.84M (Peak 485.01M) | Time:00:00.23 | Mem:269.33M, Peak:269.33M | Scene, ViewLayer | Updating Geometry BVH Cube.251 335/681 | Building mesh BLAS |     188 tris | Cube.249
Fra:1 Mem:396.84M (Peak 485.01M) | Time:00:00.23 | Mem:269.33M, Peak:269.33M | Scene, ViewLayer | Updating Geometry BVH Cube.251 335/681 | Building mesh BLAS |     188 tris | Cube.250
Fra:1 Mem:396.84M (Peak 485.01M) | Time:00:00.23 | Mem:269.33M, Peak:269.33M | Scene, ViewLayer | Updating Geometry BVH Cube.251 335/681 | Building mesh BLAS |     188 tris | Cube.251
Fra:1 Mem:396.84M (Peak 485.01M) | Time:00:00.23 | Mem:269.34M, Peak:269.34M | Scene, ViewLayer | Updating Geometry BVH Cube.252 336/681 | Building BVH
Fra:1 Mem:396.84M (Peak 485.01M) | Time:00:00.23 | Mem:269.34M, Peak:269.34M | Scene, ViewLayer | Updating Geometry BVH Cube.253 337/681 | Building BVH
Fra:1 Mem:396.84M (Peak 485.01M) | Time:00:00.23 | Mem:269.34M, Peak:269.34M | Scene, ViewLayer | Updating Geometry BVH Cube.253 337/681 | Building mesh BLAS |     188 tris | Cube.252
Fra:1 Mem:396.84M (Peak 485.01M) | Time:00:00.23 | Mem:269.34M, Peak:269.34M | Scene, ViewLayer | Updating Geometry BVH Cube.254 338/681 | Building BVH
Fra:1 Mem:396.84M (Peak 485.01M) | Time:00:00.23 | Mem:269.34M, Peak:269.34M | Scene, ViewLayer | Updating Geometry BVH Cube.254 338/681 | Building mesh BLAS |     188 tris | Cube.254
Fra:1 Mem:396.84M (Peak 485.01M) | Time:00:00.23 | Mem:269.34M, Peak:269.34M | Scene, ViewLayer | Updating Geometry BVH Cube.255 339/681 | Building BVH
Fra:1 Mem:396.84M (Peak 485.01M) | Time:00:00.23 | Mem:269.34M, Peak:269.34M | Scene, ViewLayer | Updating Geometry BVH Cube.255 339/681 | Building mesh BLAS |     188 tris | Cube.255
Fra:1 Mem:396.84M (Peak 485.01M) | Time:00:00.23 | Mem:269.34M, Peak:269.34M | Scene, ViewLayer | Updating Geometry BVH Cube.256 340/681 | Building BVH
Fra:1 Mem:396.84M (Peak 485.01M) | Time:00:00.23 | Mem:269.34M, Peak:269.34M | Scene, ViewLayer | Updating Geometry BVH Cube.256 340/681 | Building mesh BLAS |     188 tris | Cube.256
Fra:1 Mem:396.84M (Peak 485.01M) | Time:00:00.23 | Mem:269.34M, Peak:269.34M | Scene, ViewLayer | Updating Geometry BVH Cube.257 341/681 | Building BVH
Fra:1 Mem:396.84M (Peak 485.01M) | Time:00:00.23 | Mem:269.34M, Peak:269.34M | Scene, ViewLayer | Updating Geometry BVH Cube.257 341/681 | Building mesh BLAS |     188 tris | Cube.257
Fra:1 Mem:396.84M (Peak 485.01M) | Time:00:00.23 | Mem:269.36M, Peak:269.36M | Scene, ViewLayer | Updating Geometry BVH Cube.258 342/681 | Building BVH
Fra:1 Mem:396.84M (Peak 485.01M) | Time:00:00.23 | Mem:269.36M, Peak:269.36M | Scene, ViewLayer | Updating Geometry BVH Cube.258 342/681 | Building mesh BLAS |     188 tris | Cube.258
Fra:1 Mem:396.84M (Peak 485.01M) | Time:00:00.23 | Mem:269.36M, Peak:269.36M | Scene, ViewLayer | Updating Geometry BVH Cube.259 343/681 | Building BVH
Fra:1 Mem:396.84M (Peak 485.01M) | Time:00:00.23 | Mem:269.42M, Peak:269.42M | Scene, ViewLayer | Updating Geometry BVH Cube.260 344/681 | Building BVH
Fra:1 Mem:396.84M (Peak 485.01M) | Time:00:00.23 | Mem:269.42M, Peak:269.42M | Scene, ViewLayer | Updating Geometry BVH Cube.260 344/681 | Building mesh BLAS |     188 tris | Cube.259
Fra:1 Mem:396.84M (Peak 485.01M) | Time:00:00.23 | Mem:269.42M, Peak:269.42M | Scene, ViewLayer | Updating Geometry BVH Cube.260 344/681 | Building mesh BLAS |     188 tris | Cube.260
Fra:1 Mem:396.84M (Peak 485.01M) | Time:00:00.23 | Mem:269.43M, Peak:269.43M | Scene, ViewLayer | Updating Geometry BVH Cube.261 345/681 | Building BVH
Fra:1 Mem:396.84M (Peak 485.01M) | Time:00:00.23 | Mem:269.43M, Peak:269.43M | Scene, ViewLayer | Updating Geometry BVH Cube.261 345/681 | Building mesh BLAS |     188 tris | Cube.261
Fra:1 Mem:396.84M (Peak 485.01M) | Time:00:00.23 | Mem:269.43M, Peak:269.43M | Scene, ViewLayer | Updating Geometry BVH Cube.262 346/681 | Building BVH
Fra:1 Mem:396.84M (Peak 485.01M) | Time:00:00.23 | Mem:269.43M, Peak:269.43M | Scene, ViewLayer | Updating Geometry BVH Cube.262 346/681 | Building mesh BLAS |     188 tris | Cube.262
Fra:1 Mem:396.84M (Peak 485.01M) | Time:00:00.23 | Mem:269.44M, Peak:269.44M | Scene, ViewLayer | Updating Geometry BVH Cube.263 347/681 | Building BVH
Fra:1 Mem:396.84M (Peak 485.01M) | Time:00:00.23 | Mem:269.44M, Peak:269.44M | Scene, ViewLayer | Updating Geometry BVH Cube.264 348/681 | Building BVH
Fra:1 Mem:396.84M (Peak 485.01M) | Time:00:00.23 | Mem:269.44M, Peak:269.44M | Scene, ViewLayer | Updating Geometry BVH Cube.264 348/681 | Building mesh BLAS |     188 tris | Cube.263
Fra:1 Mem:396.84M (Peak 485.01M) | Time:00:00.23 | Mem:269.44M, Peak:269.44M | Scene, ViewLayer | Updating Geometry BVH Cube.264 348/681 | Building mesh BLAS |     188 tris | Cube.264
Fra:1 Mem:396.84M (Peak 485.01M) | Time:00:00.23 | Mem:269.44M, Peak:269.44M | Scene, ViewLayer | Updating Geometry BVH Raised standing seam.036 656/681 | Building BVH
Fra:1 Mem:396.84M (Peak 485.01M) | Time:00:00.23 | Mem:269.44M, Peak:269.44M | Scene, ViewLayer | Updating Geometry BVH Cube.265 349/681 | Building BVH
Fra:1 Mem:396.84M (Peak 485.01M) | Time:00:00.23 | Mem:269.45M, Peak:269.45M | Scene, ViewLayer | Updating Geometry BVH Cube.266 350/681 | Building BVH
Fra:1 Mem:396.84M (Peak 485.01M) | Time:00:00.23 | Mem:269.45M, Peak:269.45M | Scene, ViewLayer | Updating Geometry BVH Cube.267 351/681 | Building BVH
Fra:1 Mem:396.84M (Peak 485.01M) | Time:00:00.23 | Mem:269.45M, Peak:269.45M | Scene, ViewLayer | Updating Geometry BVH Cube.267 351/681 | Building mesh BLAS |     188 tris | Cube.266
Fra:1 Mem:396.84M (Peak 485.01M) | Time:00:00.23 | Mem:269.45M, Peak:269.45M | Scene, ViewLayer | Updating Geometry BVH Cube.267 351/681 | Building mesh BLAS |     188 tris | Cube.267
Fra:1 Mem:396.84M (Peak 485.01M) | Time:00:00.23 | Mem:269.45M, Peak:269.45M | Scene, ViewLayer | Updating Geometry BVH Cube.268 352/681 | Building BVH
Fra:1 Mem:396.84M (Peak 485.01M) | Time:00:00.23 | Mem:269.45M, Peak:269.45M | Scene, ViewLayer | Updating Geometry BVH Cube.268 352/681 | Building mesh BLAS |     188 tris | Cube.268
Fra:1 Mem:396.84M (Peak 485.01M) | Time:00:00.23 | Mem:269.46M, Peak:269.46M | Scene, ViewLayer | Updating Geometry BVH Cube.269 353/681 | Building BVH
Fra:1 Mem:396.84M (Peak 485.01M) | Time:00:00.23 | Mem:269.46M, Peak:269.46M | Scene, ViewLayer | Updating Geometry BVH Cube.269 353/681 | Building mesh BLAS |     188 tris | Cube.269
Fra:1 Mem:396.84M (Peak 485.01M) | Time:00:00.23 | Mem:269.47M, Peak:269.47M | Scene, ViewLayer | Updating Geometry BVH Cube.270 354/681 | Building BVH
Fra:1 Mem:396.84M (Peak 485.01M) | Time:00:00.23 | Mem:269.47M, Peak:269.47M | Scene, ViewLayer | Updating Geometry BVH Cube.270 354/681 | Building mesh BLAS |     188 tris | Cube.270
Fra:1 Mem:396.84M (Peak 485.01M) | Time:00:00.23 | Mem:269.47M, Peak:269.47M | Scene, ViewLayer | Updating Geometry BVH Cube.271 355/681 | Building BVH
Fra:1 Mem:396.84M (Peak 485.01M) | Time:00:00.23 | Mem:269.47M, Peak:269.47M | Scene, ViewLayer | Updating Geometry BVH Cube.271 355/681 | Building mesh BLAS |     188 tris | Cube.271
Fra:1 Mem:396.84M (Peak 485.01M) | Time:00:00.23 | Mem:269.50M, Peak:269.50M | Scene, ViewLayer | Updating Geometry BVH Cube.272 356/681 | Building BVH
Fra:1 Mem:396.84M (Peak 485.01M) | Time:00:00.23 | Mem:269.50M, Peak:269.50M | Scene, ViewLayer | Updating Geometry BVH Cube.273 357/681 | Building BVH
Fra:1 Mem:396.84M (Peak 485.01M) | Time:00:00.23 | Mem:269.50M, Peak:269.50M | Scene, ViewLayer | Updating Geometry BVH Cube.274 358/681 | Building BVH
Fra:1 Mem:396.84M (Peak 485.01M) | Time:00:00.23 | Mem:269.50M, Peak:269.50M | Scene, ViewLayer | Updating Geometry BVH Cube.274 358/681 | Building mesh BLAS |     188 tris | Cube.273
Fra:1 Mem:396.84M (Peak 485.01M) | Time:00:00.23 | Mem:269.50M, Peak:269.50M | Scene, ViewLayer | Updating Geometry BVH Cube.274 358/681 | Building mesh BLAS |     188 tris | Cube.274
Fra:1 Mem:396.84M (Peak 485.01M) | Time:00:00.23 | Mem:269.50M, Peak:269.50M | Scene, ViewLayer | Updating Geometry BVH Cube.275 359/681 | Building BVH
Fra:1 Mem:396.84M (Peak 485.01M) | Time:00:00.23 | Mem:269.51M, Peak:269.51M | Scene, ViewLayer | Updating Geometry BVH Cube.275 359/681 | Building mesh BLAS |     188 tris | Cube.275
Fra:1 Mem:396.84M (Peak 485.01M) | Time:00:00.23 | Mem:269.51M, Peak:269.51M | Scene, ViewLayer | Updating Geometry BVH Cube.276 360/681 | Building BVH
Fra:1 Mem:396.84M (Peak 485.01M) | Time:00:00.23 | Mem:269.51M, Peak:269.51M | Scene, ViewLayer | Updating Geometry BVH Cube.276 360/681 | Building mesh BLAS |     188 tris | Cube.276
Fra:1 Mem:396.84M (Peak 485.01M) | Time:00:00.23 | Mem:269.58M, Peak:269.58M | Scene, ViewLayer | Updating Geometry BVH Cube.277 361/681 | Building BVH
Fra:1 Mem:396.84M (Peak 485.01M) | Time:00:00.23 | Mem:269.58M, Peak:269.58M | Scene, ViewLayer | Updating Geometry BVH Cylinder.082 362/681 | Building BVH
Fra:1 Mem:396.84M (Peak 485.01M) | Time:00:00.23 | Mem:269.58M, Peak:269.58M | Scene, ViewLayer | Updating Geometry BVH Sphere.001 363/681 | Building BVH
Fra:1 Mem:396.84M (Peak 485.01M) | Time:00:00.23 | Mem:269.58M, Peak:269.58M | Scene, ViewLayer | Updating Geometry BVH Sphere.001 363/681 | Building mesh BLAS |      60 tris | Cylinder.082
Fra:1 Mem:396.84M (Peak 485.01M) | Time:00:00.23 | Mem:269.58M, Peak:269.58M | Scene, ViewLayer | Updating Geometry BVH Sphere.001 363/681 | Building mesh BLAS |     528 tris | Sphere.001
Fra:1 Mem:396.84M (Peak 485.01M) | Time:00:00.23 | Mem:269.60M, Peak:269.60M | Scene, ViewLayer | Updating Geometry BVH Cube.278 364/681 | Building BVH
Fra:1 Mem:396.85M (Peak 485.01M) | Time:00:00.23 | Mem:269.60M, Peak:269.60M | Scene, ViewLayer | Updating Geometry BVH Cube.278 364/681 | Building mesh BLAS |     188 tris | Cube.278
Fra:1 Mem:396.85M (Peak 485.01M) | Time:00:00.23 | Mem:269.60M, Peak:269.60M | Scene, ViewLayer | Updating Geometry BVH Cube.279 365/681 | Building BVH
Fra:1 Mem:396.85M (Peak 485.01M) | Time:00:00.23 | Mem:269.62M, Peak:269.62M | Scene, ViewLayer | Updating Geometry BVH Cube.279 365/681 | Building mesh BLAS |     188 tris | Cube.279
Fra:1 Mem:396.85M (Peak 485.01M) | Time:00:00.23 | Mem:269.63M, Peak:269.63M | Scene, ViewLayer | Updating Geometry BVH Raised standing seam.035 655/681 | Building BVH
Fra:1 Mem:396.85M (Peak 485.01M) | Time:00:00.23 | Mem:269.63M, Peak:269.63M | Scene, ViewLayer | Updating Geometry BVH Raised standing seam.035 655/681 | Building mesh BLAS |    1152 tris | Raised standing seam.035
Fra:1 Mem:396.85M (Peak 485.01M) | Time:00:00.23 | Mem:269.63M, Peak:269.63M | Scene, ViewLayer | Updating Geometry BVH Cube.280 366/681 | Building BVH
Fra:1 Mem:396.85M (Peak 485.01M) | Time:00:00.23 | Mem:269.63M, Peak:269.63M | Scene, ViewLayer | Updating Geometry BVH Cube.280 366/681 | Building mesh BLAS |     188 tris | Cube.280
Fra:1 Mem:396.85M (Peak 485.01M) | Time:00:00.23 | Mem:269.64M, Peak:269.64M | Scene, ViewLayer | Updating Geometry BVH Cube.281 367/681 | Building BVH
Fra:1 Mem:396.85M (Peak 485.01M) | Time:00:00.23 | Mem:269.65M, Peak:269.65M | Scene, ViewLayer | Updating Geometry BVH Cube.282 368/681 | Building BVH
Fra:1 Mem:396.85M (Peak 485.01M) | Time:00:00.23 | Mem:269.66M, Peak:269.66M | Scene, ViewLayer | Updating Geometry BVH Cube.283 369/681 | Building mesh BLAS |     188 tris | Cube.282
Fra:1 Mem:396.85M (Peak 485.01M) | Time:00:00.23 | Mem:269.66M, Peak:269.66M | Scene, ViewLayer | Updating Geometry BVH Cube.284 370/681 | Building BVH
Fra:1 Mem:396.85M (Peak 485.01M) | Time:00:00.23 | Mem:269.66M, Peak:269.66M | Scene, ViewLayer | Updating Geometry BVH Cube.284 370/681 | Building mesh BLAS |     188 tris | Cube.284
Fra:1 Mem:396.85M (Peak 485.01M) | Time:00:00.23 | Mem:269.66M, Peak:269.66M | Scene, ViewLayer | Updating Geometry BVH Cube.284 370/681 | Building mesh BLAS |     188 tris | Cube.283
Fra:1 Mem:396.85M (Peak 485.01M) | Time:00:00.23 | Mem:269.68M, Peak:269.68M | Scene, ViewLayer | Updating Geometry BVH Cube.285 371/681 | Building BVH
Fra:1 Mem:396.85M (Peak 485.01M) | Time:00:00.23 | Mem:269.69M, Peak:269.69M | Scene, ViewLayer | Updating Geometry BVH Cube.285 371/681 | Building mesh BLAS |     188 tris | Cube.285
Fra:1 Mem:396.85M (Peak 485.01M) | Time:00:00.23 | Mem:269.70M, Peak:269.70M | Scene, ViewLayer | Updating Geometry BVH Cube.286 372/681 | Building BVH
Fra:1 Mem:396.85M (Peak 485.01M) | Time:00:00.23 | Mem:269.70M, Peak:269.70M | Scene, ViewLayer | Updating Geometry BVH Cube.286 372/681 | Building mesh BLAS |     188 tris | Cube.286
Fra:1 Mem:396.85M (Peak 485.01M) | Time:00:00.23 | Mem:269.70M, Peak:269.70M | Scene, ViewLayer | Updating Geometry BVH Cube.287 373/681 | Building BVH
Fra:1 Mem:396.85M (Peak 485.01M) | Time:00:00.23 | Mem:269.70M, Peak:269.70M | Scene, ViewLayer | Updating Geometry BVH Cube.287 373/681 | Building mesh BLAS |     188 tris | Cube.287
Fra:1 Mem:396.85M (Peak 485.01M) | Time:00:00.23 | Mem:269.72M, Peak:269.72M | Scene, ViewLayer | Updating Geometry BVH Cube.288 374/681 | Building BVH
Fra:1 Mem:396.85M (Peak 485.01M) | Time:00:00.23 | Mem:269.78M, Peak:269.78M | Scene, ViewLayer | Updating Geometry BVH Cube.288 374/681 | Building mesh BLAS |     188 tris | Cube.288
Fra:1 Mem:396.85M (Peak 485.01M) | Time:00:00.23 | Mem:269.79M, Peak:269.79M | Scene, ViewLayer | Updating Geometry BVH Cube.290 376/681 | Building BVH
Fra:1 Mem:396.85M (Peak 485.01M) | Time:00:00.23 | Mem:269.79M, Peak:269.79M | Scene, ViewLayer | Updating Geometry BVH Cube.289 375/681 | Building mesh BLAS |     188 tris | Cube.290
Fra:1 Mem:396.85M (Peak 485.01M) | Time:00:00.23 | Mem:269.79M, Peak:269.79M | Scene, ViewLayer | Updating Geometry BVH Cube.291 377/681 | Building BVH
Fra:1 Mem:396.85M (Peak 485.01M) | Time:00:00.23 | Mem:269.79M, Peak:269.79M | Scene, ViewLayer | Updating Geometry BVH Cube.291 377/681 | Building mesh BLAS |     188 tris | Cube.289
Fra:1 Mem:396.85M (Peak 485.01M) | Time:00:00.23 | Mem:269.79M, Peak:269.79M | Scene, ViewLayer | Updating Geometry BVH Cube.291 377/681 | Building mesh BLAS |     188 tris | Cube.291
Fra:1 Mem:396.85M (Peak 485.01M) | Time:00:00.23 | Mem:269.79M, Peak:269.79M | Scene, ViewLayer | Updating Geometry BVH Cube.292 378/681 | Building BVH
Fra:1 Mem:396.85M (Peak 485.01M) | Time:00:00.23 | Mem:269.79M, Peak:269.79M | Scene, ViewLayer | Updating Geometry BVH Cube.292 378/681 | Building mesh BLAS |     188 tris | Cube.292
Fra:1 Mem:396.85M (Peak 485.01M) | Time:00:00.23 | Mem:269.79M, Peak:269.79M | Scene, ViewLayer | Updating Geometry BVH Cube.293 379/681 | Building BVH
Fra:1 Mem:396.85M (Peak 485.01M) | Time:00:00.23 | Mem:269.79M, Peak:269.79M | Scene, ViewLayer | Updating Geometry BVH Cube.293 379/681 | Building mesh BLAS |     188 tris | Cube.293
Fra:1 Mem:396.85M (Peak 485.01M) | Time:00:00.23 | Mem:269.79M, Peak:269.79M | Scene, ViewLayer | Updating Geometry BVH Cube.294 380/681 | Building BVH
Fra:1 Mem:396.85M (Peak 485.01M) | Time:00:00.23 | Mem:269.80M, Peak:269.80M | Scene, ViewLayer | Updating Geometry BVH Cube.294 380/681 | Building mesh BLAS |     188 tris | Cube.294
Fra:1 Mem:396.85M (Peak 485.01M) | Time:00:00.23 | Mem:269.83M, Peak:269.83M | Scene, ViewLayer | Updating Geometry BVH Cube.295 381/681 | Building BVH
Fra:1 Mem:396.85M (Peak 485.01M) | Time:00:00.23 | Mem:269.85M, Peak:269.85M | Scene, ViewLayer | Updating Geometry BVH Cube.295 381/681 | Building mesh BLAS |     188 tris | Cube.295
Fra:1 Mem:396.85M (Peak 485.01M) | Time:00:00.23 | Mem:269.85M, Peak:269.85M | Scene, ViewLayer | Updating Geometry BVH Cube.296 382/681 | Building BVH
Fra:1 Mem:396.85M (Peak 485.01M) | Time:00:00.23 | Mem:269.85M, Peak:269.85M | Scene, ViewLayer | Updating Geometry BVH Raised standing seam.034 654/681 | Building BVH
Fra:1 Mem:396.85M (Peak 485.01M) | Time:00:00.23 | Mem:269.85M, Peak:269.85M | Scene, ViewLayer | Updating Geometry BVH Raised standing seam.034 654/681 | Building mesh BLAS |     188 tris | Cube.296
Fra:1 Mem:396.85M (Peak 485.01M) | Time:00:00.23 | Mem:269.85M, Peak:269.85M | Scene, ViewLayer | Updating Geometry BVH Raised standing seam.034 654/681 | Building mesh BLAS |    1152 tris | Raised standing seam.034
Fra:1 Mem:396.85M (Peak 485.01M) | Time:00:00.23 | Mem:269.85M, Peak:269.85M | Scene, ViewLayer | Updating Geometry BVH Cube.297 383/681 | Building BVH
Fra:1 Mem:396.85M (Peak 485.01M) | Time:00:00.23 | Mem:269.85M, Peak:269.85M | Scene, ViewLayer | Updating Geometry BVH Cube.297 383/681 | Building mesh BLAS |     188 tris | Cube.297
Fra:1 Mem:396.85M (Peak 485.01M) | Time:00:00.23 | Mem:269.88M, Peak:269.88M | Scene, ViewLayer | Updating Geometry BVH Cube.298 384/681 | Building BVH
Fra:1 Mem:396.85M (Peak 485.01M) | Time:00:00.23 | Mem:269.88M, Peak:269.88M | Scene, ViewLayer | Updating Geometry BVH Cube.298 384/681 | Building mesh BLAS |     188 tris | Cube.298
Fra:1 Mem:396.85M (Peak 485.01M) | Time:00:00.23 | Mem:269.89M, Peak:269.89M | Scene, ViewLayer | Updating Geometry BVH Cube.299 385/681 | Building BVH
Fra:1 Mem:396.85M (Peak 485.01M) | Time:00:00.23 | Mem:269.89M, Peak:269.89M | Scene, ViewLayer | Updating Geometry BVH Cube.300 386/681 | Building BVH
Fra:1 Mem:396.85M (Peak 485.01M) | Time:00:00.23 | Mem:269.95M, Peak:269.95M | Scene, ViewLayer | Updating Geometry BVH Cube.300 386/681 | Building mesh BLAS |     188 tris | Cube.300
Fra:1 Mem:396.85M (Peak 485.01M) | Time:00:00.23 | Mem:269.98M, Peak:269.98M | Scene, ViewLayer | Updating Geometry BVH Cube.301 387/681 | Building BVH
Fra:1 Mem:396.85M (Peak 485.01M) | Time:00:00.23 | Mem:269.98M, Peak:269.98M | Scene, ViewLayer | Updating Geometry BVH Cube.301 387/681 | Building mesh BLAS |     188 tris | Cube.301
Fra:1 Mem:396.85M (Peak 485.01M) | Time:00:00.23 | Mem:269.98M, Peak:269.98M | Scene, ViewLayer | Updating Geometry BVH Cube.302 388/681 | Building BVH
Fra:1 Mem:396.85M (Peak 485.01M) | Time:00:00.23 | Mem:269.98M, Peak:269.98M | Scene, ViewLayer | Updating Geometry BVH Cube.303 389/681 | Building BVH
Fra:1 Mem:396.85M (Peak 485.01M) | Time:00:00.23 | Mem:269.98M, Peak:269.98M | Scene, ViewLayer | Updating Geometry BVH Cube.303 389/681 | Building mesh BLAS |     188 tris | Cube.303
Fra:1 Mem:396.85M (Peak 485.01M) | Time:00:00.23 | Mem:269.98M, Peak:269.98M | Scene, ViewLayer | Updating Geometry BVH Cube.304 390/681 | Building BVH
Fra:1 Mem:396.85M (Peak 485.01M) | Time:00:00.23 | Mem:269.98M, Peak:269.98M | Scene, ViewLayer | Updating Geometry BVH Cube.304 390/681 | Building mesh BLAS |     188 tris | Cube.304
Fra:1 Mem:396.85M (Peak 485.01M) | Time:00:00.23 | Mem:269.99M, Peak:269.99M | Scene, ViewLayer | Updating Geometry BVH Cube.305 391/681 | Building BVH
Fra:1 Mem:396.85M (Peak 485.01M) | Time:00:00.23 | Mem:270.02M, Peak:270.02M | Scene, ViewLayer | Updating Geometry BVH Cube.305 391/681 | Building mesh BLAS |     188 tris | Cube.305
Fra:1 Mem:396.85M (Peak 485.01M) | Time:00:00.23 | Mem:270.02M, Peak:270.02M | Scene, ViewLayer | Updating Geometry BVH Cube.306 392/681 | Building BVH
Fra:1 Mem:396.85M (Peak 485.01M) | Time:00:00.23 | Mem:270.09M, Peak:270.09M | Scene, ViewLayer | Updating Geometry BVH Cube.307 393/681 | Building BVH
Fra:1 Mem:396.85M (Peak 485.01M) | Time:00:00.23 | Mem:270.11M, Peak:270.11M | Scene, ViewLayer | Updating Geometry BVH Cube.307 393/681 | Building mesh BLAS |     188 tris | Cube.307
Fra:1 Mem:396.85M (Peak 485.01M) | Time:00:00.23 | Mem:270.11M, Peak:270.11M | Scene, ViewLayer | Updating Geometry BVH Cylinder.083 394/681 | Building BVH
Fra:1 Mem:396.85M (Peak 485.01M) | Time:00:00.23 | Mem:270.11M, Peak:270.11M | Scene, ViewLayer | Updating Geometry BVH Cylinder.083 394/681 | Building mesh BLAS |      60 tris | Cylinder.083
Fra:1 Mem:396.85M (Peak 485.01M) | Time:00:00.23 | Mem:270.11M, Peak:270.11M | Scene, ViewLayer | Updating Geometry BVH Sphere.002 395/681 | Building BVH
Fra:1 Mem:396.85M (Peak 485.01M) | Time:00:00.23 | Mem:270.11M, Peak:270.11M | Scene, ViewLayer | Updating Geometry BVH Sphere.002 395/681 | Building mesh BLAS |     528 tris | Sphere.002
Fra:1 Mem:396.85M (Peak 485.01M) | Time:00:00.23 | Mem:270.11M, Peak:270.11M | Scene, ViewLayer | Updating Geometry BVH Cube.308 396/681 | Building BVH
Fra:1 Mem:396.85M (Peak 485.01M) | Time:00:00.23 | Mem:270.11M, Peak:270.11M | Scene, ViewLayer | Updating Geometry BVH Cube.308 396/681 | Building mesh BLAS |     188 tris | Cube.308
Fra:1 Mem:396.85M (Peak 485.01M) | Time:00:00.23 | Mem:270.12M, Peak:270.12M | Scene, ViewLayer | Updating Geometry BVH Cube.309 397/681 | Building BVH
Fra:1 Mem:396.85M (Peak 485.01M) | Time:00:00.23 | Mem:270.12M, Peak:270.12M | Scene, ViewLayer | Updating Geometry BVH Cube.310 398/681 | Building BVH
Fra:1 Mem:396.85M (Peak 485.01M) | Time:00:00.23 | Mem:270.12M, Peak:270.12M | Scene, ViewLayer | Updating Geometry BVH Cube.310 398/681 | Building mesh BLAS |     188 tris | Cube.309
Fra:1 Mem:396.85M (Peak 485.01M) | Time:00:00.23 | Mem:270.12M, Peak:270.12M | Scene, ViewLayer | Updating Geometry BVH Cube.310 398/681 | Building mesh BLAS |     188 tris | Cube.310
Fra:1 Mem:396.85M (Peak 485.01M) | Time:00:00.23 | Mem:270.15M, Peak:270.15M | Scene, ViewLayer | Updating Geometry BVH Raised standing seam.033 653/681 | Building BVH
Fra:1 Mem:396.85M (Peak 485.01M) | Time:00:00.23 | Mem:270.15M, Peak:270.15M | Scene, ViewLayer | Updating Geometry BVH Raised standing seam.033 653/681 | Building mesh BLAS |    1152 tris | Raised standing seam.033
Fra:1 Mem:396.85M (Peak 485.01M) | Time:00:00.23 | Mem:270.16M, Peak:270.16M | Scene, ViewLayer | Updating Geometry BVH Cube.312 400/681 | Building BVH
Fra:1 Mem:396.85M (Peak 485.01M) | Time:00:00.23 | Mem:270.18M, Peak:270.18M | Scene, ViewLayer | Updating Geometry BVH Cube.312 400/681 | Building mesh BLAS |     188 tris | Cube.312
Fra:1 Mem:396.85M (Peak 485.01M) | Time:00:00.23 | Mem:270.18M, Peak:270.18M | Scene, ViewLayer | Updating Geometry BVH Cube.313 401/681 | Building BVH
Fra:1 Mem:396.85M (Peak 485.01M) | Time:00:00.23 | Mem:270.18M, Peak:270.18M | Scene, ViewLayer | Updating Geometry BVH Cube.313 401/681 | Building mesh BLAS |     188 tris | Cube.311
Fra:1 Mem:396.85M (Peak 485.01M) | Time:00:00.23 | Mem:270.18M, Peak:270.18M | Scene, ViewLayer | Updating Geometry BVH Cube.313 401/681 | Building mesh BLAS |     188 tris | Cube.313
Fra:1 Mem:396.85M (Peak 485.01M) | Time:00:00.23 | Mem:270.23M, Peak:270.23M | Scene, ViewLayer | Updating Geometry BVH Cube.314 402/681 | Building BVH
Fra:1 Mem:396.85M (Peak 485.01M) | Time:00:00.23 | Mem:270.23M, Peak:270.23M | Scene, ViewLayer | Updating Geometry BVH Cube.314 402/681 | Building mesh BLAS |     188 tris | Cube.314
Fra:1 Mem:396.85M (Peak 485.01M) | Time:00:00.23 | Mem:270.23M, Peak:270.23M | Scene, ViewLayer | Updating Geometry BVH Cube.315 403/681 | Building BVH
Fra:1 Mem:396.85M (Peak 485.01M) | Time:00:00.23 | Mem:270.23M, Peak:270.23M | Scene, ViewLayer | Updating Geometry BVH Cube.316 404/681 | Building BVH
Fra:1 Mem:396.85M (Peak 485.01M) | Time:00:00.23 | Mem:270.23M, Peak:270.23M | Scene, ViewLayer | Updating Geometry BVH Cube.316 404/681 | Building mesh BLAS |     188 tris | Cube.315
Fra:1 Mem:396.85M (Peak 485.01M) | Time:00:00.23 | Mem:270.23M, Peak:270.23M | Scene, ViewLayer | Updating Geometry BVH Cube.316 404/681 | Building mesh BLAS |     188 tris | Cube.316
Fra:1 Mem:396.85M (Peak 485.01M) | Time:00:00.23 | Mem:270.23M, Peak:270.23M | Scene, ViewLayer | Updating Geometry BVH Cube.317 405/681 | Building BVH
Fra:1 Mem:396.85M (Peak 485.01M) | Time:00:00.23 | Mem:270.23M, Peak:270.23M | Scene, ViewLayer | Updating Geometry BVH Cube.317 405/681 | Building mesh BLAS |     188 tris | Cube.317
Fra:1 Mem:396.85M (Peak 485.01M) | Time:00:00.23 | Mem:270.24M, Peak:270.24M | Scene, ViewLayer | Updating Geometry BVH Cube.318 406/681 | Building BVH
Fra:1 Mem:396.85M (Peak 485.01M) | Time:00:00.23 | Mem:270.25M, Peak:270.25M | Scene, ViewLayer | Updating Geometry BVH Cube.318 406/681 | Building mesh BLAS |     188 tris | Cube.318
Fra:1 Mem:396.85M (Peak 485.01M) | Time:00:00.23 | Mem:270.26M, Peak:270.26M | Scene, ViewLayer | Updating Geometry BVH Cube.319 407/681 | Building BVH
Fra:1 Mem:396.85M (Peak 485.01M) | Time:00:00.23 | Mem:270.26M, Peak:270.26M | Scene, ViewLayer | Updating Geometry BVH Cube.319 407/681 | Building mesh BLAS |     188 tris | Cube.319
Fra:1 Mem:396.85M (Peak 485.01M) | Time:00:00.23 | Mem:270.27M, Peak:270.27M | Scene, ViewLayer | Updating Geometry BVH Cube.320 408/681 | Building BVH
Fra:1 Mem:396.85M (Peak 485.01M) | Time:00:00.23 | Mem:270.27M, Peak:270.27M | Scene, ViewLayer | Updating Geometry BVH Cube.320 408/681 | Building mesh BLAS |     188 tris | Cube.320
Fra:1 Mem:396.85M (Peak 485.01M) | Time:00:00.23 | Mem:270.34M, Peak:270.34M | Scene, ViewLayer | Updating Geometry BVH Cube.321 409/681 | Building BVH
Fra:1 Mem:396.85M (Peak 485.01M) | Time:00:00.23 | Mem:270.34M, Peak:270.34M | Scene, ViewLayer | Updating Geometry BVH Cube.321 409/681 | Building mesh BLAS |     188 tris | Cube.321
Fra:1 Mem:396.85M (Peak 485.01M) | Time:00:00.23 | Mem:270.34M, Peak:270.34M | Scene, ViewLayer | Updating Geometry BVH Cube.322 410/681 | Building BVH
Fra:1 Mem:396.85M (Peak 485.01M) | Time:00:00.23 | Mem:270.34M, Peak:270.34M | Scene, ViewLayer | Updating Geometry BVH Cube.322 410/681 | Building mesh BLAS |     188 tris | Cube.322
Fra:1 Mem:396.85M (Peak 485.01M) | Time:00:00.23 | Mem:270.35M, Peak:270.35M | Scene, ViewLayer | Updating Geometry BVH Cube.323 411/681 | Building BVH
Fra:1 Mem:396.85M (Peak 485.01M) | Time:00:00.23 | Mem:270.35M, Peak:270.35M | Scene, ViewLayer | Updating Geometry BVH Cube.323 411/681 | Building mesh BLAS |     188 tris | Cube.323
Fra:1 Mem:396.85M (Peak 485.01M) | Time:00:00.23 | Mem:270.35M, Peak:270.35M | Scene, ViewLayer | Updating Geometry BVH Cube.324 412/681 | Building BVH
Fra:1 Mem:396.85M (Peak 485.01M) | Time:00:00.23 | Mem:270.35M, Peak:270.35M | Scene, ViewLayer | Updating Geometry BVH Cube.324 412/681 | Building mesh BLAS |     188 tris | Cube.324
Fra:1 Mem:396.85M (Peak 485.01M) | Time:00:00.23 | Mem:270.39M, Peak:270.39M | Scene, ViewLayer | Updating Geometry BVH Cube.325 413/681 | Building BVH
Fra:1 Mem:396.85M (Peak 485.01M) | Time:00:00.23 | Mem:270.39M, Peak:270.39M | Scene, ViewLayer | Updating Geometry BVH Cube.325 413/681 | Building mesh BLAS |     188 tris | Cube.325
Fra:1 Mem:396.85M (Peak 485.01M) | Time:00:00.23 | Mem:270.39M, Peak:270.39M | Scene, ViewLayer | Updating Geometry BVH Cube.326 414/681 | Building BVH
Fra:1 Mem:396.85M (Peak 485.01M) | Time:00:00.23 | Mem:270.39M, Peak:270.39M | Scene, ViewLayer | Updating Geometry BVH Cube.327 415/681 | Building mesh BLAS |     188 tris | Cube.326
Fra:1 Mem:396.85M (Peak 485.01M) | Time:00:00.23 | Mem:270.39M, Peak:270.39M | Scene, ViewLayer | Updating Geometry BVH Raised standing seam.032 652/681 | Building BVH
Fra:1 Mem:396.85M (Peak 485.01M) | Time:00:00.23 | Mem:270.41M, Peak:270.41M | Scene, ViewLayer | Updating Geometry BVH Raised standing seam.032 652/681 | Building mesh BLAS |    1152 tris | Raised standing seam.032
Fra:1 Mem:396.85M (Peak 485.01M) | Time:00:00.23 | Mem:270.42M, Peak:270.42M | Scene, ViewLayer | Updating Geometry BVH Cube.328 416/681 | Building BVH
Fra:1 Mem:396.85M (Peak 485.01M) | Time:00:00.23 | Mem:270.42M, Peak:270.42M | Scene, ViewLayer | Updating Geometry BVH Cube.328 416/681 | Building mesh BLAS |     188 tris | Cube.328
Fra:1 Mem:396.85M (Peak 485.01M) | Time:00:00.23 | Mem:270.42M, Peak:270.42M | Scene, ViewLayer | Updating Geometry BVH Cube.329 417/681 | Building BVH
Fra:1 Mem:396.85M (Peak 485.01M) | Time:00:00.23 | Mem:270.42M, Peak:270.42M | Scene, ViewLayer | Updating Geometry BVH Cube.330 418/681 | Building BVH
Fra:1 Mem:396.85M (Peak 485.01M) | Time:00:00.23 | Mem:270.42M, Peak:270.42M | Scene, ViewLayer | Updating Geometry BVH Cube.330 418/681 | Building mesh BLAS |     188 tris | Cube.329
Fra:1 Mem:396.85M (Peak 485.01M) | Time:00:00.23 | Mem:270.42M, Peak:270.42M | Scene, ViewLayer | Updating Geometry BVH Cube.330 418/681 | Building mesh BLAS |     188 tris | Cube.330
Fra:1 Mem:396.85M (Peak 485.01M) | Time:00:00.23 | Mem:270.45M, Peak:270.45M | Scene, ViewLayer | Updating Geometry BVH Cube.331 419/681 | Building BVH
Fra:1 Mem:396.85M (Peak 485.01M) | Time:00:00.23 | Mem:270.45M, Peak:270.45M | Scene, ViewLayer | Updating Geometry BVH Cube.332 420/681 | Building BVH
Fra:1 Mem:396.85M (Peak 485.01M) | Time:00:00.23 | Mem:270.45M, Peak:270.45M | Scene, ViewLayer | Updating Geometry BVH Cube.332 420/681 | Building mesh BLAS |     188 tris | Cube.331
Fra:1 Mem:396.85M (Peak 485.01M) | Time:00:00.23 | Mem:270.45M, Peak:270.45M | Scene, ViewLayer | Updating Geometry BVH Cube.332 420/681 | Building mesh BLAS |     188 tris | Cube.332
Fra:1 Mem:396.85M (Peak 485.01M) | Time:00:00.23 | Mem:270.46M, Peak:270.46M | Scene, ViewLayer | Updating Geometry BVH Cube.333 421/681 | Building BVH
Fra:1 Mem:396.85M (Peak 485.01M) | Time:00:00.23 | Mem:270.46M, Peak:270.46M | Scene, ViewLayer | Updating Geometry BVH Cube.334 422/681 | Building mesh BLAS |     188 tris | Cube.333
Fra:1 Mem:396.85M (Peak 485.01M) | Time:00:00.23 | Mem:270.46M, Peak:270.46M | Scene, ViewLayer | Updating Geometry BVH Cube.334 422/681 | Building mesh BLAS |     188 tris | Cube.334
Fra:1 Mem:396.85M (Peak 485.01M) | Time:00:00.23 | Mem:270.46M, Peak:270.46M | Scene, ViewLayer | Updating Geometry BVH Cube.335 423/681 | Building BVH
Fra:1 Mem:396.85M (Peak 485.01M) | Time:00:00.23 | Mem:270.48M, Peak:270.48M | Scene, ViewLayer | Updating Geometry BVH Cube.335 423/681 | Building mesh BLAS |     188 tris | Cube.335
Fra:1 Mem:396.85M (Peak 485.01M) | Time:00:00.23 | Mem:270.54M, Peak:270.54M | Scene, ViewLayer | Updating Geometry BVH Cube.336 424/681 | Building BVH
Fra:1 Mem:396.85M (Peak 485.01M) | Time:00:00.23 | Mem:270.54M, Peak:270.54M | Scene, ViewLayer | Updating Geometry BVH Cube.337 425/681 | Building BVH
Fra:1 Mem:396.85M (Peak 485.01M) | Time:00:00.23 | Mem:270.54M, Peak:270.54M | Scene, ViewLayer | Updating Geometry BVH Cube.337 425/681 | Building mesh BLAS |     188 tris | Cube.336
Fra:1 Mem:396.85M (Peak 485.01M) | Time:00:00.23 | Mem:270.54M, Peak:270.54M | Scene, ViewLayer | Updating Geometry BVH Cube.337 425/681 | Building mesh BLAS |     188 tris | Cube.337
Fra:1 Mem:396.85M (Peak 485.01M) | Time:00:00.23 | Mem:270.57M, Peak:270.57M | Scene, ViewLayer | Updating Geometry BVH Cube.338 426/681 | Building BVH
Fra:1 Mem:396.85M (Peak 485.01M) | Time:00:00.23 | Mem:270.57M, Peak:270.57M | Scene, ViewLayer | Updating Geometry BVH Cube.339 427/681 | Building BVH
Fra:1 Mem:396.85M (Peak 485.01M) | Time:00:00.23 | Mem:270.57M, Peak:270.57M | Scene, ViewLayer | Updating Geometry BVH Cube.339 427/681 | Building mesh BLAS |     188 tris | Cube.338
Fra:1 Mem:396.85M (Peak 485.01M) | Time:00:00.23 | Mem:270.57M, Peak:270.57M | Scene, ViewLayer | Updating Geometry BVH Cube.339 427/681 | Building mesh BLAS |     188 tris | Cube.339
Fra:1 Mem:396.85M (Peak 485.01M) | Time:00:00.23 | Mem:270.57M, Peak:270.57M | Scene, ViewLayer | Updating Geometry BVH Cube.340 428/681 | Building BVH
Fra:1 Mem:396.85M (Peak 485.01M) | Time:00:00.23 | Mem:270.57M, Peak:270.57M | Scene, ViewLayer | Updating Geometry BVH Cube.340 428/681 | Building mesh BLAS |     188 tris | Cube.340
Fra:1 Mem:396.85M (Peak 485.01M) | Time:00:00.23 | Mem:270.57M, Peak:270.57M | Scene, ViewLayer | Updating Geometry BVH Cube.341 429/681 | Building BVH
Fra:1 Mem:396.85M (Peak 485.01M) | Time:00:00.23 | Mem:270.58M, Peak:270.58M | Scene, ViewLayer | Updating Geometry BVH Cube.341 429/681 | Building mesh BLAS |     188 tris | Cube.341
Fra:1 Mem:396.85M (Peak 485.01M) | Time:00:00.23 | Mem:270.60M, Peak:270.60M | Scene, ViewLayer | Updating Geometry BVH Cube.342 430/681 | Building BVH
Fra:1 Mem:396.85M (Peak 485.01M) | Time:00:00.23 | Mem:270.60M, Peak:270.60M | Scene, ViewLayer | Updating Geometry BVH Cube.342 430/681 | Building mesh BLAS |     188 tris | Cube.342
Fra:1 Mem:396.85M (Peak 485.01M) | Time:00:00.23 | Mem:270.63M, Peak:270.63M | Scene, ViewLayer | Updating Geometry BVH East chapel copper dome 651/681 | Building BVH
Fra:1 Mem:396.85M (Peak 485.01M) | Time:00:00.23 | Mem:270.63M, Peak:270.63M | Scene, ViewLayer | Updating Geometry BVH Great tower lower portal arch 432/681 | Building BVH
Fra:1 Mem:396.85M (Peak 485.01M) | Time:00:00.23 | Mem:270.63M, Peak:270.63M | Scene, ViewLayer | Updating Geometry BVH Great tower lower portal arch 432/681 | Building mesh BLAS |   13824 tris | East chapel copper dome
Fra:1 Mem:396.85M (Peak 485.01M) | Time:00:00.23 | Mem:270.63M, Peak:270.63M | Scene, ViewLayer | Updating Geometry BVH Refracting sea | displaced surface and enclosed volume 431/681 | Building BVH
Fra:1 Mem:396.85M (Peak 485.01M) | Time:00:00.23 | Mem:270.63M, Peak:270.63M | Scene, ViewLayer | Updating Geometry BVH Refracting sea | displaced surface and enclosed volume 431/681 | Building mesh BLAS |    1692 tris | Great tower lower portal arch
Fra:1 Mem:396.85M (Peak 485.01M) | Time:00:00.23 | Mem:270.63M, Peak:270.63M | Scene, ViewLayer | Updating Geometry BVH Great tower lower portal voussoir 433/681 | Building BVH
Fra:1 Mem:396.85M (Peak 485.01M) | Time:00:00.23 | Mem:270.63M, Peak:270.63M | Scene, ViewLayer | Updating Geometry BVH Great tower lower portal voussoir 433/681 | Building mesh BLAS |     188 tris | Great tower lower portal voussoir
Fra:1 Mem:396.85M (Peak 485.01M) | Time:00:00.23 | Mem:270.63M, Peak:270.63M | Scene, ViewLayer | Updating Geometry BVH Great tower lower portal voussoir.001 434/681 | Building BVH
Fra:1 Mem:396.85M (Peak 485.01M) | Time:00:00.23 | Mem:270.63M, Peak:270.63M | Scene, ViewLayer | Updating Geometry BVH Great tower lower portal voussoir.002 435/681 | Building mesh BLAS |     188 tris | Great tower lower portal voussoir.001
Fra:1 Mem:396.85M (Peak 485.01M) | Time:00:00.23 | Mem:270.63M, Peak:270.63M | Scene, ViewLayer | Updating Geometry BVH Great tower lower portal voussoir.002 435/681 | Building mesh BLAS |     188 tris | Great tower lower portal voussoir.002
Fra:1 Mem:396.85M (Peak 485.01M) | Time:00:00.23 | Mem:270.63M, Peak:270.63M | Scene, ViewLayer | Updating Geometry BVH Great tower lower portal voussoir.002 435/681 | Building mesh BLAS |  118078 tris | Refracting sea | displaced surface and enclosed volume
Fra:1 Mem:396.85M (Peak 485.01M) | Time:00:00.23 | Mem:270.66M, Peak:270.66M | Scene, ViewLayer | Updating Geometry BVH Great tower lower portal voussoir.003 436/681 | Building BVH
Fra:1 Mem:396.85M (Peak 485.01M) | Time:00:00.23 | Mem:270.69M, Peak:270.69M | Scene, ViewLayer | Updating Geometry BVH Great tower lower portal voussoir.003 436/681 | Building mesh BLAS |     188 tris | Great tower lower portal voussoir.003
Fra:1 Mem:396.85M (Peak 485.01M) | Time:00:00.23 | Mem:270.70M, Peak:270.70M | Scene, ViewLayer | Updating Geometry BVH Great tower lower portal voussoir.004 437/681 | Building BVH
Fra:1 Mem:396.85M (Peak 485.01M) | Time:00:00.23 | Mem:270.70M, Peak:270.70M | Scene, ViewLayer | Updating Geometry BVH Great tower lower portal voussoir.004 437/681 | Building mesh BLAS |     188 tris | Great tower lower portal voussoir.004
Fra:1 Mem:396.85M (Peak 485.01M) | Time:00:00.23 | Mem:270.70M, Peak:270.70M | Scene, ViewLayer | Updating Geometry BVH Great tower lower portal voussoir.005 438/681 | Building BVH
Fra:1 Mem:396.85M (Peak 485.01M) | Time:00:00.23 | Mem:270.70M, Peak:270.70M | Scene, ViewLayer | Updating Geometry BVH Great tower lower portal voussoir.005 438/681 | Building mesh BLAS |     188 tris | Great tower lower portal voussoir.005
Fra:1 Mem:396.85M (Peak 485.01M) | Time:00:00.23 | Mem:270.70M, Peak:270.70M | Scene, ViewLayer | Updating Geometry BVH Great tower lower portal voussoir.006 439/681 | Building BVH
Fra:1 Mem:396.85M (Peak 485.01M) | Time:00:00.23 | Mem:270.70M, Peak:270.70M | Scene, ViewLayer | Updating Geometry BVH Great tower lower portal voussoir.007 440/681 | Building BVH
Fra:1 Mem:396.85M (Peak 485.01M) | Time:00:00.23 | Mem:270.70M, Peak:270.70M | Scene, ViewLayer | Updating Geometry BVH Great tower lower portal voussoir.007 440/681 | Building mesh BLAS |     188 tris | Great tower lower portal voussoir.006
Fra:1 Mem:396.85M (Peak 485.01M) | Time:00:00.23 | Mem:270.70M, Peak:270.70M | Scene, ViewLayer | Updating Geometry BVH Great tower lower portal voussoir.007 440/681 | Building mesh BLAS |     188 tris | Great tower lower portal voussoir.007
Fra:1 Mem:396.85M (Peak 485.01M) | Time:00:00.23 | Mem:270.70M, Peak:270.70M | Scene, ViewLayer | Updating Geometry BVH Great tower lower portal voussoir.008 441/681 | Building BVH
Fra:1 Mem:396.85M (Peak 485.01M) | Time:00:00.23 | Mem:270.70M, Peak:270.70M | Scene, ViewLayer | Updating Geometry BVH Great tower lower portal voussoir.009 442/681 | Building BVH
Fra:1 Mem:396.85M (Peak 485.01M) | Time:00:00.23 | Mem:270.70M, Peak:270.70M | Scene, ViewLayer | Updating Geometry BVH Great tower lower portal voussoir.009 442/681 | Building mesh BLAS |     188 tris | Great tower lower portal voussoir.008
Fra:1 Mem:396.85M (Peak 485.01M) | Time:00:00.23 | Mem:270.76M, Peak:270.76M | Scene, ViewLayer | Updating Geometry BVH Great tower lower portal voussoir.009 442/681 | Building mesh BLAS |     188 tris | Great tower lower portal voussoir.009
Fra:1 Mem:396.85M (Peak 485.01M) | Time:00:00.23 | Mem:270.78M, Peak:270.78M | Scene, ViewLayer | Updating Geometry BVH Great tower lower portal voussoir.010 443/681 | Building BVH
Fra:1 Mem:396.85M (Peak 485.01M) | Time:00:00.23 | Mem:270.78M, Peak:270.78M | Scene, ViewLayer | Updating Geometry BVH Great tower lower portal voussoir.010 443/681 | Building mesh BLAS |     188 tris | Great tower lower portal voussoir.010
Fra:1 Mem:396.85M (Peak 485.01M) | Time:00:00.23 | Mem:270.79M, Peak:270.79M | Scene, ViewLayer | Updating Geometry BVH Great tower lower portal voussoir.011 444/681 | Building BVH
Fra:1 Mem:396.85M (Peak 485.01M) | Time:00:00.23 | Mem:270.79M, Peak:270.79M | Scene, ViewLayer | Updating Geometry BVH Great tower lower portal voussoir.011 444/681 | Building mesh BLAS |     188 tris | Great tower lower portal voussoir.011
Fra:1 Mem:396.85M (Peak 485.01M) | Time:00:00.23 | Mem:270.79M, Peak:270.79M | Scene, ViewLayer | Updating Geometry BVH Great tower lower portal voussoir.012 445/681 | Building BVH
Fra:1 Mem:396.85M (Peak 485.01M) | Time:00:00.23 | Mem:270.79M, Peak:270.79M | Scene, ViewLayer | Updating Geometry BVH Great tower lower portal voussoir.012 445/681 | Building mesh BLAS |     188 tris | Great tower lower portal voussoir.012
Fra:1 Mem:396.85M (Peak 485.01M) | Time:00:00.23 | Mem:270.81M, Peak:270.81M | Scene, ViewLayer | Updating Geometry BVH Great tower lower portal voussoir.013 446/681 | Building BVH
Fra:1 Mem:396.85M (Peak 485.01M) | Time:00:00.23 | Mem:270.81M, Peak:270.81M | Scene, ViewLayer | Updating Geometry BVH Great tower lower portal voussoir.013 446/681 | Building mesh BLAS |     188 tris | Great tower lower portal voussoir.013
Fra:1 Mem:396.85M (Peak 485.01M) | Time:00:00.23 | Mem:270.82M, Peak:270.82M | Scene, ViewLayer | Updating Geometry BVH Great tower lower portal voussoir.014 447/681 | Building BVH
Fra:1 Mem:396.85M (Peak 485.01M) | Time:00:00.23 | Mem:270.82M, Peak:270.82M | Scene, ViewLayer | Updating Geometry BVH Great tower lower portal voussoir.014 447/681 | Building mesh BLAS |     188 tris | Great tower lower portal voussoir.014
Fra:1 Mem:396.85M (Peak 485.01M) | Time:00:00.23 | Mem:270.83M, Peak:270.83M | Scene, ViewLayer | Updating Geometry BVH East chapel arch.003 650/681 | Building BVH
Fra:1 Mem:396.85M (Peak 485.01M) | Time:00:00.23 | Mem:270.83M, Peak:270.83M | Scene, ViewLayer | Updating Geometry BVH Great tower lower portal voussoir.015 448/681 | Building BVH
Fra:1 Mem:396.85M (Peak 485.01M) | Time:00:00.23 | Mem:270.84M, Peak:270.84M | Scene, ViewLayer | Updating Geometry BVH Great tower lower portal voussoir.015 448/681 | Building mesh BLAS |     188 tris | Great tower lower portal voussoir.015
Fra:1 Mem:396.85M (Peak 485.01M) | Time:00:00.23 | Mem:270.84M, Peak:270.84M | Scene, ViewLayer | Updating Geometry BVH Great tower lower portal voussoir.015 448/681 | Building mesh BLAS |    1692 tris | East chapel arch.003
Fra:1 Mem:396.85M (Peak 485.01M) | Time:00:00.23 | Mem:270.84M, Peak:270.84M | Scene, ViewLayer | Updating Geometry BVH Great tower lower portal voussoir.016 449/681 | Building BVH
Fra:1 Mem:396.85M (Peak 485.01M) | Time:00:00.23 | Mem:270.84M, Peak:270.84M | Scene, ViewLayer | Updating Geometry BVH Great tower lower portal voussoir.016 449/681 | Building mesh BLAS |     188 tris | Great tower lower portal voussoir.016
Fra:1 Mem:396.85M (Peak 485.01M) | Time:00:00.23 | Mem:270.84M, Peak:270.84M | Scene, ViewLayer | Updating Geometry BVH Great tower lower portal arch.001 450/681 | Building BVH
Fra:1 Mem:396.85M (Peak 485.01M) | Time:00:00.23 | Mem:270.86M, Peak:270.86M | Scene, ViewLayer | Updating Geometry BVH Great tower lower portal voussoir.017 451/681 | Building BVH
Fra:1 Mem:396.85M (Peak 485.01M) | Time:00:00.23 | Mem:270.88M, Peak:270.88M | Scene, ViewLayer | Updating Geometry BVH Great tower lower portal voussoir.017 451/681 | Building mesh BLAS |     188 tris | Great tower lower portal voussoir.017
Fra:1 Mem:396.85M (Peak 485.01M) | Time:00:00.23 | Mem:270.91M, Peak:270.91M | Scene, ViewLayer | Updating Geometry BVH Great tower lower portal voussoir.018 452/681 | Building BVH
Fra:1 Mem:396.85M (Peak 485.01M) | Time:00:00.23 | Mem:270.91M, Peak:270.91M | Scene, ViewLayer | Updating Geometry BVH Great tower lower portal voussoir.019 453/681 | Building BVH
Fra:1 Mem:396.85M (Peak 485.01M) | Time:00:00.23 | Mem:270.91M, Peak:270.91M | Scene, ViewLayer | Updating Geometry BVH Great tower lower portal voussoir.020 454/681 | Building BVH
Fra:1 Mem:396.85M (Peak 485.01M) | Time:00:00.23 | Mem:270.91M, Peak:270.91M | Scene, ViewLayer | Updating Geometry BVH Great tower lower portal voussoir.020 454/681 | Building mesh BLAS |     188 tris | Great tower lower portal voussoir.020
Fra:1 Mem:396.85M (Peak 485.01M) | Time:00:00.23 | Mem:270.92M, Peak:270.92M | Scene, ViewLayer | Updating Geometry BVH Great tower lower portal voussoir.020 454/681 | Building mesh BLAS |     188 tris | Great tower lower portal voussoir.019
Fra:1 Mem:396.85M (Peak 485.01M) | Time:00:00.23 | Mem:270.92M, Peak:270.92M | Scene, ViewLayer | Updating Geometry BVH Great tower lower portal voussoir.021 455/681 | Building BVH
Fra:1 Mem:396.85M (Peak 485.01M) | Time:00:00.23 | Mem:270.92M, Peak:270.92M | Scene, ViewLayer | Updating Geometry BVH Great tower lower portal voussoir.021 455/681 | Building mesh BLAS |     188 tris | Great tower lower portal voussoir.021
Fra:1 Mem:396.85M (Peak 485.01M) | Time:00:00.23 | Mem:270.92M, Peak:270.92M | Scene, ViewLayer | Updating Geometry BVH Great tower lower portal voussoir.022 456/681 | Building BVH
Fra:1 Mem:396.85M (Peak 485.01M) | Time:00:00.23 | Mem:270.92M, Peak:270.92M | Scene, ViewLayer | Updating Geometry BVH Great tower lower portal voussoir.022 456/681 | Building mesh BLAS |     188 tris | Great tower lower portal voussoir.022
Fra:1 Mem:396.85M (Peak 485.01M) | Time:00:00.23 | Mem:270.94M, Peak:270.94M | Scene, ViewLayer | Updating Geometry BVH Great tower lower portal voussoir.023 457/681 | Building BVH
Fra:1 Mem:396.85M (Peak 485.01M) | Time:00:00.23 | Mem:270.94M, Peak:270.94M | Scene, ViewLayer | Updating Geometry BVH Great tower lower portal voussoir.024 458/681 | Building BVH
Fra:1 Mem:396.85M (Peak 485.01M) | Time:00:00.24 | Mem:270.94M, Peak:270.94M | Scene, ViewLayer | Updating Geometry BVH Great tower lower portal voussoir.024 458/681 | Building mesh BLAS |     188 tris | Great tower lower portal voussoir.023
Fra:1 Mem:396.85M (Peak 485.01M) | Time:00:00.24 | Mem:270.94M, Peak:270.94M | Scene, ViewLayer | Updating Geometry BVH Great tower lower portal voussoir.025 459/681 | Building BVH
Fra:1 Mem:396.85M (Peak 485.01M) | Time:00:00.24 | Mem:270.94M, Peak:270.94M | Scene, ViewLayer | Updating Geometry BVH Great tower lower portal voussoir.025 459/681 | Building mesh BLAS |     188 tris | Great tower lower portal voussoir.025
Fra:1 Mem:396.85M (Peak 485.01M) | Time:00:00.24 | Mem:271.01M, Peak:271.01M | Scene, ViewLayer | Updating Geometry BVH Great tower lower portal voussoir.026 460/681 | Building BVH
Fra:1 Mem:396.85M (Peak 485.01M) | Time:00:00.24 | Mem:271.01M, Peak:271.01M | Scene, ViewLayer | Updating Geometry BVH Great tower lower portal voussoir.026 460/681 | Building mesh BLAS |     188 tris | Great tower lower portal voussoir.026
Fra:1 Mem:396.85M (Peak 485.01M) | Time:00:00.24 | Mem:271.04M, Peak:271.04M | Scene, ViewLayer | Updating Geometry BVH Great tower lower portal voussoir.027 461/681 | Building BVH
Fra:1 Mem:396.85M (Peak 485.01M) | Time:00:00.24 | Mem:271.04M, Peak:271.04M | Scene, ViewLayer | Updating Geometry BVH Great tower lower portal voussoir.028 462/681 | Building BVH
Fra:1 Mem:396.85M (Peak 485.01M) | Time:00:00.24 | Mem:271.04M, Peak:271.04M | Scene, ViewLayer | Updating Geometry BVH Great tower lower portal voussoir.028 462/681 | Building mesh BLAS |     188 tris | Great tower lower portal voussoir.027
Fra:1 Mem:396.85M (Peak 485.01M) | Time:00:00.24 | Mem:271.04M, Peak:271.04M | Scene, ViewLayer | Updating Geometry BVH Great tower lower portal voussoir.029 463/681 | Building mesh BLAS |     188 tris | Great tower lower portal voussoir.028
Fra:1 Mem:396.85M (Peak 485.01M) | Time:00:00.24 | Mem:271.04M, Peak:271.04M | Scene, ViewLayer | Updating Geometry BVH Great tower lower portal voussoir.029 463/681 | Building mesh BLAS |     188 tris | Great tower lower portal voussoir.029
Fra:1 Mem:396.85M (Peak 485.01M) | Time:00:00.24 | Mem:271.04M, Peak:271.04M | Scene, ViewLayer | Updating Geometry BVH Great tower lower portal voussoir.030 464/681 | Building BVH
Fra:1 Mem:396.85M (Peak 485.01M) | Time:00:00.24 | Mem:271.04M, Peak:271.04M | Scene, ViewLayer | Updating Geometry BVH Great tower lower portal voussoir.030 464/681 | Building mesh BLAS |     188 tris | Great tower lower portal voussoir.030
Fra:1 Mem:396.85M (Peak 485.01M) | Time:00:00.24 | Mem:271.05M, Peak:271.05M | Scene, ViewLayer | Updating Geometry BVH Great tower lower portal voussoir.031 465/681 | Building BVH
Fra:1 Mem:396.85M (Peak 485.01M) | Time:00:00.24 | Mem:271.05M, Peak:271.05M | Scene, ViewLayer | Updating Geometry BVH Great tower lower portal voussoir.031 465/681 | Building mesh BLAS |     188 tris | Great tower lower portal voussoir.031
Fra:1 Mem:396.85M (Peak 485.01M) | Time:00:00.24 | Mem:271.07M, Peak:271.07M | Scene, ViewLayer | Updating Geometry BVH East chapel arch.002 649/681 | Building BVH
Fra:1 Mem:396.85M (Peak 485.01M) | Time:00:00.24 | Mem:271.07M, Peak:271.07M | Scene, ViewLayer | Updating Geometry BVH Great tower lower portal voussoir.032 466/681 | Building BVH
Fra:1 Mem:396.85M (Peak 485.01M) | Time:00:00.24 | Mem:271.07M, Peak:271.07M | Scene, ViewLayer | Updating Geometry BVH Great tower lower portal voussoir.032 466/681 | Building mesh BLAS |    1692 tris | East chapel arch.002
Fra:1 Mem:396.85M (Peak 485.01M) | Time:00:00.24 | Mem:271.07M, Peak:271.07M | Scene, ViewLayer | Updating Geometry BVH Great tower lower portal voussoir.032 466/681 | Building mesh BLAS |     188 tris | Great tower lower portal voussoir.032
Fra:1 Mem:396.85M (Peak 485.01M) | Time:00:00.24 | Mem:271.10M, Peak:271.10M | Scene, ViewLayer | Updating Geometry BVH Great tower lower portal voussoir.033 467/681 | Building BVH
Fra:1 Mem:396.85M (Peak 485.01M) | Time:00:00.24 | Mem:271.10M, Peak:271.10M | Scene, ViewLayer | Updating Geometry BVH Great tower lower portal voussoir.033 467/681 | Building mesh BLAS |     188 tris | Great tower lower portal voussoir.033
Fra:1 Mem:396.85M (Peak 485.01M) | Time:00:00.24 | Mem:271.10M, Peak:271.10M | Scene, ViewLayer | Updating Geometry BVH Great tower lower portal arch.002 468/681 | Building BVH
Fra:1 Mem:396.85M (Peak 485.01M) | Time:00:00.24 | Mem:271.11M, Peak:271.11M | Scene, ViewLayer | Updating Geometry BVH Great tower lower portal arch.002 468/681 | Building mesh BLAS |    1692 tris | Great tower lower portal arch.002
Fra:1 Mem:396.85M (Peak 485.01M) | Time:00:00.24 | Mem:271.11M, Peak:271.11M | Scene, ViewLayer | Updating Geometry BVH Great tower lower portal voussoir.034 469/681 | Building BVH
Fra:1 Mem:396.85M (Peak 485.01M) | Time:00:00.24 | Mem:271.11M, Peak:271.11M | Scene, ViewLayer | Updating Geometry BVH Great tower lower portal voussoir.034 469/681 | Building mesh BLAS |     188 tris | Great tower lower portal voussoir.034
Fra:1 Mem:396.85M (Peak 485.01M) | Time:00:00.24 | Mem:271.11M, Peak:271.11M | Scene, ViewLayer | Updating Geometry BVH Great tower lower portal voussoir.035 470/681 | Building BVH
Fra:1 Mem:396.85M (Peak 485.01M) | Time:00:00.24 | Mem:271.11M, Peak:271.11M | Scene, ViewLayer | Updating Geometry BVH Great tower lower portal voussoir.035 470/681 | Building mesh BLAS |     188 tris | Great tower lower portal voussoir.035
Fra:1 Mem:396.85M (Peak 485.01M) | Time:00:00.24 | Mem:271.12M, Peak:271.12M | Scene, ViewLayer | Updating Geometry BVH Great tower lower portal voussoir.036 471/681 | Building BVH
Fra:1 Mem:396.85M (Peak 485.01M) | Time:00:00.24 | Mem:271.13M, Peak:271.13M | Scene, ViewLayer | Updating Geometry BVH Great tower lower portal voussoir.037 472/681 | Building BVH
Fra:1 Mem:396.85M (Peak 485.01M) | Time:00:00.24 | Mem:271.14M, Peak:271.14M | Scene, ViewLayer | Updating Geometry BVH Great tower lower portal voussoir.037 472/681 | Building mesh BLAS |     188 tris | Great tower lower portal voussoir.036
Fra:1 Mem:396.85M (Peak 485.01M) | Time:00:00.24 | Mem:271.14M, Peak:271.14M | Scene, ViewLayer | Updating Geometry BVH Great tower lower portal voussoir.038 473/681 | Building BVH
Fra:1 Mem:396.85M (Peak 485.01M) | Time:00:00.24 | Mem:271.14M, Peak:271.14M | Scene, ViewLayer | Updating Geometry BVH Great tower lower portal voussoir.039 474/681 | Building BVH
Fra:1 Mem:396.85M (Peak 485.01M) | Time:00:00.24 | Mem:271.14M, Peak:271.14M | Scene, ViewLayer | Updating Geometry BVH Great tower lower portal voussoir.039 474/681 | Building mesh BLAS |     188 tris | Great tower lower portal voussoir.038
Fra:1 Mem:396.85M (Peak 485.01M) | Time:00:00.24 | Mem:271.14M, Peak:271.14M | Scene, ViewLayer | Updating Geometry BVH Great tower lower portal voussoir.039 474/681 | Building mesh BLAS |     188 tris | Great tower lower portal voussoir.039
Fra:1 Mem:396.85M (Peak 485.01M) | Time:00:00.24 | Mem:271.14M, Peak:271.14M | Scene, ViewLayer | Updating Geometry BVH Great tower lower portal voussoir.040 475/681 | Building BVH
Fra:1 Mem:396.85M (Peak 485.01M) | Time:00:00.24 | Mem:271.15M, Peak:271.15M | Scene, ViewLayer | Updating Geometry BVH Great tower lower portal voussoir.040 475/681 | Building mesh BLAS |     188 tris | Great tower lower portal voussoir.040
Fra:1 Mem:396.85M (Peak 485.01M) | Time:00:00.24 | Mem:271.22M, Peak:271.22M | Scene, ViewLayer | Updating Geometry BVH Great tower lower portal voussoir.041 476/681 | Building BVH
Fra:1 Mem:396.85M (Peak 485.01M) | Time:00:00.24 | Mem:271.22M, Peak:271.22M | Scene, ViewLayer | Updating Geometry BVH Great tower lower portal voussoir.041 476/681 | Building mesh BLAS |     188 tris | Great tower lower portal voussoir.041
Fra:1 Mem:396.85M (Peak 485.01M) | Time:00:00.24 | Mem:271.22M, Peak:271.22M | Scene, ViewLayer | Updating Geometry BVH Great tower lower portal voussoir.042 477/681 | Building BVH
Fra:1 Mem:396.85M (Peak 485.01M) | Time:00:00.24 | Mem:271.22M, Peak:271.22M | Scene, ViewLayer | Updating Geometry BVH Great tower lower portal voussoir.042 477/681 | Building mesh BLAS |     188 tris | Great tower lower portal voussoir.042
Fra:1 Mem:396.85M (Peak 485.01M) | Time:00:00.24 | Mem:271.24M, Peak:271.24M | Scene, ViewLayer | Updating Geometry BVH Great tower lower portal voussoir.043 478/681 | Building BVH
Fra:1 Mem:396.85M (Peak 485.01M) | Time:00:00.24 | Mem:271.24M, Peak:271.24M | Scene, ViewLayer | Updating Geometry BVH Great tower lower portal voussoir.043 478/681 | Building mesh BLAS |     188 tris | Great tower lower portal voussoir.043
Fra:1 Mem:396.85M (Peak 485.01M) | Time:00:00.24 | Mem:271.24M, Peak:271.24M | Scene, ViewLayer | Updating Geometry BVH Great tower lower portal voussoir.044 479/681 | Building BVH
Fra:1 Mem:396.85M (Peak 485.01M) | Time:00:00.24 | Mem:271.24M, Peak:271.24M | Scene, ViewLayer | Updating Geometry BVH Great tower lower portal voussoir.044 479/681 | Building mesh BLAS |     188 tris | Great tower lower portal voussoir.044
Fra:1 Mem:396.85M (Peak 485.01M) | Time:00:00.24 | Mem:271.24M, Peak:271.24M | Scene, ViewLayer | Updating Geometry BVH Great tower lower portal voussoir.045 480/681 | Building BVH
Fra:1 Mem:396.85M (Peak 485.01M) | Time:00:00.24 | Mem:271.25M, Peak:271.25M | Scene, ViewLayer | Updating Geometry BVH Great tower lower portal voussoir.045 480/681 | Building mesh BLAS |     188 tris | Great tower lower portal voussoir.045
Fra:1 Mem:396.85M (Peak 485.01M) | Time:00:00.24 | Mem:271.27M, Peak:271.27M | Scene, ViewLayer | Updating Geometry BVH Great tower lower portal voussoir.046 481/681 | Building BVH
Fra:1 Mem:396.85M (Peak 485.01M) | Time:00:00.24 | Mem:271.27M, Peak:271.27M | Scene, ViewLayer | Updating Geometry BVH Great tower lower portal voussoir.046 481/681 | Building mesh BLAS |     188 tris | Great tower lower portal voussoir.046
Fra:1 Mem:396.85M (Peak 485.01M) | Time:00:00.24 | Mem:271.27M, Peak:271.27M | Scene, ViewLayer | Updating Geometry BVH Great tower lower portal voussoir.047 482/681 | Building BVH
Fra:1 Mem:396.85M (Peak 485.01M) | Time:00:00.24 | Mem:271.27M, Peak:271.27M | Scene, ViewLayer | Updating Geometry BVH Great tower lower portal voussoir.047 482/681 | Building mesh BLAS |     188 tris | Great tower lower portal voussoir.047
Fra:1 Mem:396.85M (Peak 485.01M) | Time:00:00.24 | Mem:271.27M, Peak:271.27M | Scene, ViewLayer | Updating Geometry BVH East chapel arch.001 648/681 | Building BVH
Fra:1 Mem:396.85M (Peak 485.01M) | Time:00:00.24 | Mem:271.27M, Peak:271.27M | Scene, ViewLayer | Updating Geometry BVH East chapel arch.001 648/681 | Building mesh BLAS |    1692 tris | East chapel arch.001
Fra:1 Mem:396.85M (Peak 485.01M) | Time:00:00.24 | Mem:271.27M, Peak:271.27M | Scene, ViewLayer | Updating Geometry BVH Great tower lower portal voussoir.048 483/681 | Building BVH
Fra:1 Mem:396.85M (Peak 485.01M) | Time:00:00.24 | Mem:271.27M, Peak:271.27M | Scene, ViewLayer | Updating Geometry BVH Great tower lower portal voussoir.048 483/681 | Building mesh BLAS |     188 tris | Great tower lower portal voussoir.048
Fra:1 Mem:396.85M (Peak 485.01M) | Time:00:00.24 | Mem:271.32M, Peak:271.32M | Scene, ViewLayer | Updating Geometry BVH Great tower lower portal voussoir.049 484/681 | Building BVH
Fra:1 Mem:396.85M (Peak 485.01M) | Time:00:00.24 | Mem:271.32M, Peak:271.32M | Scene, ViewLayer | Updating Geometry BVH Great tower lower portal voussoir.049 484/681 | Building mesh BLAS |     188 tris | Great tower lower portal voussoir.049
Fra:1 Mem:396.85M (Peak 485.01M) | Time:00:00.24 | Mem:271.32M, Peak:271.32M | Scene, ViewLayer | Updating Geometry BVH Great tower lower portal voussoir.050 485/681 | Building BVH
Fra:1 Mem:396.85M (Peak 485.01M) | Time:00:00.24 | Mem:271.35M, Peak:271.35M | Scene, ViewLayer | Updating Geometry BVH Great tower lower portal voussoir.050 485/681 | Building mesh BLAS |     188 tris | Great tower lower portal voussoir.050
Fra:1 Mem:396.85M (Peak 485.01M) | Time:00:00.24 | Mem:271.35M, Peak:271.35M | Scene, ViewLayer | Updating Geometry BVH Great tower lower portal arch.003 486/681 | Building BVH
Fra:1 Mem:396.85M (Peak 485.01M) | Time:00:00.24 | Mem:271.35M, Peak:271.35M | Scene, ViewLayer | Updating Geometry BVH Great tower lower portal voussoir.051 487/681 | Building BVH
Fra:1 Mem:396.85M (Peak 485.01M) | Time:00:00.24 | Mem:271.35M, Peak:271.35M | Scene, ViewLayer | Updating Geometry BVH Great tower lower portal voussoir.052 488/681 | Building BVH
Fra:1 Mem:396.85M (Peak 485.01M) | Time:00:00.24 | Mem:271.36M, Peak:271.36M | Scene, ViewLayer | Updating Geometry BVH Great tower lower portal voussoir.052 488/681 | Building mesh BLAS |    1692 tris | Great tower lower portal arch.003
Fra:1 Mem:396.85M (Peak 485.01M) | Time:00:00.24 | Mem:271.37M, Peak:271.37M | Scene, ViewLayer | Updating Geometry BVH Great tower lower portal voussoir.054 490/681 | Building BVH
Fra:1 Mem:396.85M (Peak 485.01M) | Time:00:00.24 | Mem:271.37M, Peak:271.37M | Scene, ViewLayer | Updating Geometry BVH Great tower lower portal voussoir.054 490/681 | Building mesh BLAS |     188 tris | Great tower lower portal voussoir.052
Fra:1 Mem:396.85M (Peak 485.01M) | Time:00:00.24 | Mem:271.37M, Peak:271.37M | Scene, ViewLayer | Updating Geometry BVH Great tower lower portal voussoir.054 490/681 | Building mesh BLAS |     188 tris | Great tower lower portal voussoir.054
Fra:1 Mem:396.85M (Peak 485.01M) | Time:00:00.24 | Mem:271.37M, Peak:271.37M | Scene, ViewLayer | Updating Geometry BVH Great tower lower portal voussoir.055 491/681 | Building BVH
Fra:1 Mem:396.85M (Peak 485.01M) | Time:00:00.24 | Mem:271.37M, Peak:271.37M | Scene, ViewLayer | Updating Geometry BVH Great tower lower portal voussoir.055 491/681 | Building mesh BLAS |     188 tris | Great tower lower portal voussoir.055
Fra:1 Mem:396.85M (Peak 485.01M) | Time:00:00.24 | Mem:271.38M, Peak:271.38M | Scene, ViewLayer | Updating Geometry BVH Great tower lower portal voussoir.056 492/681 | Building BVH
Fra:1 Mem:396.85M (Peak 485.01M) | Time:00:00.24 | Mem:271.38M, Peak:271.38M | Scene, ViewLayer | Updating Geometry BVH Great tower lower portal voussoir.056 492/681 | Building mesh BLAS |     188 tris | Great tower lower portal voussoir.056
Fra:1 Mem:396.85M (Peak 485.01M) | Time:00:00.24 | Mem:271.45M, Peak:271.45M | Scene, ViewLayer | Updating Geometry BVH Great tower lower portal voussoir.057 493/681 | Building BVH
Fra:1 Mem:396.85M (Peak 485.01M) | Time:00:00.24 | Mem:271.45M, Peak:271.45M | Scene, ViewLayer | Updating Geometry BVH Great tower lower portal voussoir.058 494/681 | Building BVH
Fra:1 Mem:396.85M (Peak 485.01M) | Time:00:00.24 | Mem:271.45M, Peak:271.45M | Scene, ViewLayer | Updating Geometry BVH Great tower lower portal voussoir.058 494/681 | Building mesh BLAS |     188 tris | Great tower lower portal voussoir.057
Fra:1 Mem:396.85M (Peak 485.01M) | Time:00:00.24 | Mem:271.45M, Peak:271.45M | Scene, ViewLayer | Updating Geometry BVH Great tower lower portal voussoir.058 494/681 | Building mesh BLAS |     188 tris | Great tower lower portal voussoir.058
Fra:1 Mem:396.85M (Peak 485.01M) | Time:00:00.24 | Mem:271.48M, Peak:271.48M | Scene, ViewLayer | Updating Geometry BVH Great tower lower portal voussoir.059 495/681 | Building BVH
Fra:1 Mem:396.85M (Peak 485.01M) | Time:00:00.24 | Mem:271.48M, Peak:271.48M | Scene, ViewLayer | Updating Geometry BVH Great tower lower portal voussoir.059 495/681 | Building mesh BLAS |     188 tris | Great tower lower portal voussoir.059
Fra:1 Mem:396.85M (Peak 485.01M) | Time:00:00.24 | Mem:271.48M, Peak:271.48M | Scene, ViewLayer | Updating Geometry BVH Great tower lower portal voussoir.060 496/681 | Building BVH
Fra:1 Mem:396.85M (Peak 485.01M) | Time:00:00.24 | Mem:271.48M, Peak:271.48M | Scene, ViewLayer | Updating Geometry BVH Great tower lower portal voussoir.060 496/681 | Building mesh BLAS |     188 tris | Great tower lower portal voussoir.060
Fra:1 Mem:396.85M (Peak 485.01M) | Time:00:00.24 | Mem:271.48M, Peak:271.48M | Scene, ViewLayer | Updating Geometry BVH Great tower lower portal voussoir.061 497/681 | Building BVH
Fra:1 Mem:396.85M (Peak 485.01M) | Time:00:00.24 | Mem:271.50M, Peak:271.50M | Scene, ViewLayer | Updating Geometry BVH Great tower lower portal voussoir.061 497/681 | Building mesh BLAS |     188 tris | Great tower lower portal voussoir.061
Fra:1 Mem:396.85M (Peak 485.01M) | Time:00:00.24 | Mem:271.52M, Peak:271.52M | Scene, ViewLayer | Updating Geometry BVH Great tower lower portal voussoir.062 498/681 | Building BVH
Fra:1 Mem:396.85M (Peak 485.01M) | Time:00:00.24 | Mem:271.52M, Peak:271.52M | Scene, ViewLayer | Updating Geometry BVH East chapel arch 647/681 | Building BVH
Fra:1 Mem:396.85M (Peak 485.01M) | Time:00:00.24 | Mem:271.52M, Peak:271.52M | Scene, ViewLayer | Updating Geometry BVH East chapel arch 647/681 | Building mesh BLAS |     188 tris | Great tower lower portal voussoir.062
Fra:1 Mem:396.85M (Peak 485.01M) | Time:00:00.24 | Mem:271.54M, Peak:271.54M | Scene, ViewLayer | Updating Geometry BVH Great tower lower portal voussoir.063 499/681 | Building BVH
Fra:1 Mem:396.85M (Peak 485.01M) | Time:00:00.24 | Mem:271.54M, Peak:271.54M | Scene, ViewLayer | Updating Geometry BVH Great tower lower portal voussoir.064 500/681 | Building BVH
Fra:1 Mem:396.85M (Peak 485.01M) | Time:00:00.24 | Mem:271.54M, Peak:271.54M | Scene, ViewLayer | Updating Geometry BVH Great tower lower portal voussoir.065 501/681 | Building BVH
Fra:1 Mem:396.85M (Peak 485.01M) | Time:00:00.24 | Mem:271.54M, Peak:271.54M | Scene, ViewLayer | Updating Geometry BVH Great tower lower portal voussoir.065 501/681 | Building mesh BLAS |     188 tris | Great tower lower portal voussoir.063
Fra:1 Mem:396.85M (Peak 485.01M) | Time:00:00.24 | Mem:271.54M, Peak:271.54M | Scene, ViewLayer | Updating Geometry BVH Great tower lower portal voussoir.065 501/681 | Building mesh BLAS |     188 tris | Great tower lower portal voussoir.065
Fra:1 Mem:396.85M (Peak 485.01M) | Time:00:00.24 | Mem:271.54M, Peak:271.54M | Scene, ViewLayer | Updating Geometry BVH Great tower lower portal voussoir.065 501/681 | Building mesh BLAS |     188 tris | Great tower lower portal voussoir.064
Fra:1 Mem:396.85M (Peak 485.01M) | Time:00:00.24 | Mem:271.54M, Peak:271.54M | Scene, ViewLayer | Updating Geometry BVH Great tower lower portal voussoir.066 502/681 | Building BVH
Fra:1 Mem:396.85M (Peak 485.01M) | Time:00:00.24 | Mem:271.55M, Peak:271.55M | Scene, ViewLayer | Updating Geometry BVH Great tower lower portal voussoir.066 502/681 | Building mesh BLAS |     188 tris | Great tower lower portal voussoir.066
Fra:1 Mem:396.85M (Peak 485.01M) | Time:00:00.24 | Mem:271.57M, Peak:271.57M | Scene, ViewLayer | Updating Geometry BVH Great tower lower portal voussoir.067 503/681 | Building BVH
Fra:1 Mem:396.85M (Peak 485.01M) | Time:00:00.24 | Mem:271.58M, Peak:271.58M | Scene, ViewLayer | Updating Geometry BVH Upper loggia arch 504/681 | Building BVH
Fra:1 Mem:396.85M (Peak 485.01M) | Time:00:00.24 | Mem:271.59M, Peak:271.59M | Scene, ViewLayer | Updating Geometry BVH Upper loggia voussoir 505/681 | Building BVH
Fra:1 Mem:396.85M (Peak 485.01M) | Time:00:00.24 | Mem:271.59M, Peak:271.59M | Scene, ViewLayer | Updating Geometry BVH Upper loggia voussoir 505/681 | Building mesh BLAS |     188 tris | Upper loggia voussoir
Fra:1 Mem:396.85M (Peak 485.01M) | Time:00:00.24 | Mem:271.59M, Peak:271.59M | Scene, ViewLayer | Updating Geometry BVH Upper loggia voussoir.001 506/681 | Building BVH
Fra:1 Mem:396.85M (Peak 485.01M) | Time:00:00.24 | Mem:271.59M, Peak:271.59M | Scene, ViewLayer | Updating Geometry BVH Upper loggia voussoir.001 506/681 | Building mesh BLAS |    1692 tris | Upper loggia arch
Fra:1 Mem:396.85M (Peak 485.01M) | Time:00:00.24 | Mem:271.59M, Peak:271.59M | Scene, ViewLayer | Updating Geometry BVH Upper loggia voussoir.002 507/681 | Building mesh BLAS |     188 tris | Upper loggia voussoir.001
Fra:1 Mem:396.85M (Peak 485.01M) | Time:00:00.24 | Mem:271.59M, Peak:271.59M | Scene, ViewLayer | Updating Geometry BVH Upper loggia voussoir.002 507/681 | Building mesh BLAS |     188 tris | Upper loggia voussoir.002
Fra:1 Mem:396.85M (Peak 485.01M) | Time:00:00.24 | Mem:271.59M, Peak:271.59M | Scene, ViewLayer | Updating Geometry BVH Upper loggia voussoir.003 508/681 | Building BVH
Fra:1 Mem:396.85M (Peak 485.01M) | Time:00:00.24 | Mem:271.65M, Peak:271.65M | Scene, ViewLayer | Updating Geometry BVH Upper loggia voussoir.003 508/681 | Building mesh BLAS |     188 tris | Upper loggia voussoir.003
Fra:1 Mem:396.85M (Peak 485.01M) | Time:00:00.24 | Mem:271.66M, Peak:271.66M | Scene, ViewLayer | Updating Geometry BVH Upper loggia voussoir.004 509/681 | Building BVH
Fra:1 Mem:396.85M (Peak 485.01M) | Time:00:00.24 | Mem:271.67M, Peak:271.67M | Scene, ViewLayer | Updating Geometry BVH Upper loggia voussoir.004 509/681 | Building mesh BLAS |     188 tris | Upper loggia voussoir.004
Fra:1 Mem:396.85M (Peak 485.01M) | Time:00:00.24 | Mem:271.68M, Peak:271.68M | Scene, ViewLayer | Updating Geometry BVH Upper loggia voussoir.005 510/681 | Building BVH
Fra:1 Mem:396.85M (Peak 485.01M) | Time:00:00.24 | Mem:271.68M, Peak:271.68M | Scene, ViewLayer | Updating Geometry BVH Upper loggia voussoir.005 510/681 | Building mesh BLAS |     188 tris | Upper loggia voussoir.005
Fra:1 Mem:396.85M (Peak 485.01M) | Time:00:00.24 | Mem:271.69M, Peak:271.69M | Scene, ViewLayer | Updating Geometry BVH Upper loggia voussoir.006 511/681 | Building BVH
Fra:1 Mem:396.85M (Peak 485.01M) | Time:00:00.24 | Mem:271.69M, Peak:271.69M | Scene, ViewLayer | Updating Geometry BVH Upper loggia voussoir.006 511/681 | Building mesh BLAS |     188 tris | Upper loggia voussoir.006
Fra:1 Mem:396.85M (Peak 485.01M) | Time:00:00.24 | Mem:271.69M, Peak:271.69M | Scene, ViewLayer | Updating Geometry BVH Upper loggia voussoir.007 512/681 | Building BVH
Fra:1 Mem:396.85M (Peak 485.01M) | Time:00:00.24 | Mem:271.70M, Peak:271.70M | Scene, ViewLayer | Updating Geometry BVH Upper loggia voussoir.007 512/681 | Building mesh BLAS |     188 tris | Upper loggia voussoir.007
Fra:1 Mem:396.85M (Peak 485.01M) | Time:00:00.24 | Mem:271.70M, Peak:271.70M | Scene, ViewLayer | Updating Geometry BVH Upper loggia voussoir.008 513/681 | Building BVH
Fra:1 Mem:396.85M (Peak 485.01M) | Time:00:00.24 | Mem:271.71M, Peak:271.71M | Scene, ViewLayer | Updating Geometry BVH Upper loggia voussoir.008 513/681 | Building mesh BLAS |     188 tris | Upper loggia voussoir.008
Fra:1 Mem:396.85M (Peak 485.01M) | Time:00:00.24 | Mem:271.73M, Peak:271.73M | Scene, ViewLayer | Updating Geometry BVH Upper loggia voussoir.009 514/681 | Building BVH
Fra:1 Mem:396.85M (Peak 485.01M) | Time:00:00.24 | Mem:271.73M, Peak:271.73M | Scene, ViewLayer | Updating Geometry BVH Upper loggia voussoir.009 514/681 | Building mesh BLAS |     188 tris | Upper loggia voussoir.009
Fra:1 Mem:396.85M (Peak 485.01M) | Time:00:00.24 | Mem:271.73M, Peak:271.73M | Scene, ViewLayer | Updating Geometry BVH Upper loggia voussoir.010 515/681 | Building BVH
Fra:1 Mem:396.85M (Peak 485.01M) | Time:00:00.24 | Mem:271.73M, Peak:271.73M | Scene, ViewLayer | Updating Geometry BVH Upper loggia voussoir.010 515/681 | Building mesh BLAS |     188 tris | Upper loggia voussoir.010
Fra:1 Mem:396.85M (Peak 485.01M) | Time:00:00.24 | Mem:271.73M, Peak:271.73M | Scene, ViewLayer | Updating Geometry BVH West chapel bridge voussoir.016 646/681 | Building BVH
Fra:1 Mem:396.85M (Peak 485.01M) | Time:00:00.24 | Mem:271.73M, Peak:271.73M | Scene, ViewLayer | Updating Geometry BVH West chapel bridge voussoir.016 646/681 | Building mesh BLAS |     188 tris | West chapel bridge voussoir.016
Fra:1 Mem:396.85M (Peak 485.01M) | Time:00:00.24 | Mem:271.74M, Peak:271.74M | Scene, ViewLayer | Updating Geometry BVH Upper loggia voussoir.011 516/681 | Building BVH
Fra:1 Mem:396.85M (Peak 485.01M) | Time:00:00.24 | Mem:271.74M, Peak:271.74M | Scene, ViewLayer | Updating Geometry BVH Upper loggia voussoir.011 516/681 | Building mesh BLAS |     188 tris | Upper loggia voussoir.011
Fra:1 Mem:396.85M (Peak 485.01M) | Time:00:00.24 | Mem:271.74M, Peak:271.74M | Scene, ViewLayer | Updating Geometry BVH Upper loggia voussoir.012 517/681 | Building BVH
Fra:1 Mem:396.85M (Peak 485.01M) | Time:00:00.24 | Mem:271.74M, Peak:271.74M | Scene, ViewLayer | Updating Geometry BVH Upper loggia voussoir.012 517/681 | Building mesh BLAS |     188 tris | Upper loggia voussoir.012
Fra:1 Mem:396.85M (Peak 485.01M) | Time:00:00.24 | Mem:271.76M, Peak:271.76M | Scene, ViewLayer | Updating Geometry BVH Upper loggia voussoir.013 518/681 | Building BVH
Fra:1 Mem:396.85M (Peak 485.01M) | Time:00:00.24 | Mem:271.76M, Peak:271.76M | Scene, ViewLayer | Updating Geometry BVH Upper loggia voussoir.013 518/681 | Building mesh BLAS |     188 tris | Upper loggia voussoir.013
Fra:1 Mem:396.85M (Peak 485.01M) | Time:00:00.24 | Mem:271.76M, Peak:271.76M | Scene, ViewLayer | Updating Geometry BVH Upper loggia voussoir.014 519/681 | Building BVH
Fra:1 Mem:396.85M (Peak 485.01M) | Time:00:00.24 | Mem:271.78M, Peak:271.78M | Scene, ViewLayer | Updating Geometry BVH Upper loggia voussoir.014 519/681 | Building mesh BLAS |     188 tris | Upper loggia voussoir.014
Fra:1 Mem:396.85M (Peak 485.01M) | Time:00:00.24 | Mem:271.79M, Peak:271.79M | Scene, ViewLayer | Updating Geometry BVH Upper loggia voussoir.015 520/681 | Building BVH
Fra:1 Mem:396.85M (Peak 485.01M) | Time:00:00.24 | Mem:271.79M, Peak:271.79M | Scene, ViewLayer | Updating Geometry BVH Upper loggia arch.001 522/681 | Building BVH
Fra:1 Mem:396.85M (Peak 485.01M) | Time:00:00.24 | Mem:271.79M, Peak:271.79M | Scene, ViewLayer | Updating Geometry BVH Upper loggia arch.001 522/681 | Building mesh BLAS |     188 tris | Upper loggia voussoir.015
Fra:1 Mem:396.85M (Peak 485.01M) | Time:00:00.24 | Mem:271.79M, Peak:271.79M | Scene, ViewLayer | Updating Geometry BVH Upper loggia arch.001 522/681 | Building mesh BLAS |     188 tris | Upper loggia voussoir.016
Fra:1 Mem:396.85M (Peak 485.01M) | Time:00:00.24 | Mem:271.79M, Peak:271.79M | Scene, ViewLayer | Updating Geometry BVH Upper loggia arch.001 522/681 | Building mesh BLAS |    1692 tris | Upper loggia arch.001
Fra:1 Mem:396.85M (Peak 485.01M) | Time:00:00.24 | Mem:271.79M, Peak:271.79M | Scene, ViewLayer | Updating Geometry BVH Upper loggia voussoir.017 523/681 | Building BVH
Fra:1 Mem:396.85M (Peak 485.01M) | Time:00:00.24 | Mem:271.79M, Peak:271.79M | Scene, ViewLayer | Updating Geometry BVH Upper loggia voussoir.017 523/681 | Building mesh BLAS |     188 tris | Upper loggia voussoir.017
Fra:1 Mem:396.85M (Peak 485.01M) | Time:00:00.24 | Mem:271.80M, Peak:271.80M | Scene, ViewLayer | Updating Geometry BVH Upper loggia voussoir.018 524/681 | Building BVH
Fra:1 Mem:396.85M (Peak 485.01M) | Time:00:00.24 | Mem:271.80M, Peak:271.80M | Scene, ViewLayer | Updating Geometry BVH Upper loggia voussoir.018 524/681 | Building mesh BLAS |     188 tris | Upper loggia voussoir.018
Fra:1 Mem:396.85M (Peak 485.01M) | Time:00:00.24 | Mem:272.56M, Peak:272.56M | Scene, ViewLayer | Updating Geometry BVH Upper loggia voussoir.019 525/681 | Building BVH
Fra:1 Mem:396.85M (Peak 485.01M) | Time:00:00.24 | Mem:272.56M, Peak:272.56M | Scene, ViewLayer | Updating Geometry BVH Upper loggia voussoir.019 525/681 | Building mesh BLAS |     188 tris | Upper loggia voussoir.019
Fra:1 Mem:396.85M (Peak 485.01M) | Time:00:00.24 | Mem:272.56M, Peak:272.56M | Scene, ViewLayer | Updating Geometry BVH Upper loggia voussoir.020 526/681 | Building BVH
Fra:1 Mem:396.85M (Peak 485.01M) | Time:00:00.24 | Mem:272.56M, Peak:272.56M | Scene, ViewLayer | Updating Geometry BVH Upper loggia voussoir.020 526/681 | Building mesh BLAS |     188 tris | Upper loggia voussoir.020
Fra:1 Mem:396.85M (Peak 485.01M) | Time:00:00.24 | Mem:277.92M, Peak:277.92M | Scene, ViewLayer | Updating Geometry BVH Upper loggia voussoir.021 527/681 | Building BVH
Fra:1 Mem:396.85M (Peak 485.01M) | Time:00:00.24 | Mem:277.92M, Peak:277.92M | Scene, ViewLayer | Updating Geometry BVH Upper loggia voussoir.021 527/681 | Building mesh BLAS |     188 tris | Upper loggia voussoir.021
Fra:1 Mem:396.85M (Peak 485.01M) | Time:00:00.24 | Mem:277.92M, Peak:277.92M | Scene, ViewLayer | Updating Geometry BVH Upper loggia voussoir.022 528/681 | Building BVH
Fra:1 Mem:396.85M (Peak 485.01M) | Time:00:00.24 | Mem:277.92M, Peak:277.92M | Scene, ViewLayer | Updating Geometry BVH Upper loggia voussoir.022 528/681 | Building mesh BLAS |     188 tris | Upper loggia voussoir.022
Fra:1 Mem:396.85M (Peak 485.01M) | Time:00:00.24 | Mem:277.93M, Peak:277.93M | Scene, ViewLayer | Updating Geometry BVH Upper loggia voussoir.023 529/681 | Building BVH
Fra:1 Mem:396.85M (Peak 485.01M) | Time:00:00.24 | Mem:277.94M, Peak:277.94M | Scene, ViewLayer | Updating Geometry BVH Upper loggia voussoir.023 529/681 | Building mesh BLAS |     188 tris | Upper loggia voussoir.023
Fra:1 Mem:396.85M (Peak 485.01M) | Time:00:00.24 | Mem:277.96M, Peak:277.96M | Scene, ViewLayer | Updating Geometry BVH Upper loggia voussoir.024 530/681 | Building BVH
Fra:1 Mem:396.85M (Peak 485.01M) | Time:00:00.24 | Mem:277.96M, Peak:277.96M | Scene, ViewLayer | Updating Geometry BVH Upper loggia voussoir.024 530/681 | Building mesh BLAS |     188 tris | Upper loggia voussoir.024
Fra:1 Mem:396.85M (Peak 485.01M) | Time:00:00.24 | Mem:277.99M, Peak:277.99M | Scene, ViewLayer | Updating Geometry BVH West chapel bridge voussoir.015 645/681 | Building BVH
Fra:1 Mem:396.85M (Peak 485.01M) | Time:00:00.24 | Mem:277.99M, Peak:277.99M | Scene, ViewLayer | Updating Geometry BVH Upper loggia voussoir.025 531/681 | Building BVH
Fra:1 Mem:396.85M (Peak 485.01M) | Time:00:00.24 | Mem:277.99M, Peak:277.99M | Scene, ViewLayer | Updating Geometry BVH Upper loggia voussoir.025 531/681 | Building mesh BLAS |     188 tris | West chapel bridge voussoir.015
Fra:1 Mem:396.85M (Peak 485.01M) | Time:00:00.24 | Mem:277.99M, Peak:277.99M | Scene, ViewLayer | Updating Geometry BVH Upper loggia voussoir.028 534/681 | Building BVH
Fra:1 Mem:396.85M (Peak 485.01M) | Time:00:00.24 | Mem:277.99M, Peak:277.99M | Scene, ViewLayer | Updating Geometry BVH Upper loggia voussoir.026 532/681 | Building BVH
Fra:1 Mem:396.85M (Peak 485.01M) | Time:00:00.24 | Mem:277.99M, Peak:277.99M | Scene, ViewLayer | Updating Geometry BVH Upper loggia voussoir.026 532/681 | Building mesh BLAS |     188 tris | Upper loggia voussoir.028
Fra:1 Mem:396.85M (Peak 485.01M) | Time:00:00.24 | Mem:277.99M, Peak:277.99M | Scene, ViewLayer | Updating Geometry BVH Upper loggia voussoir.029 535/681 | Building BVH
Fra:1 Mem:396.85M (Peak 485.01M) | Time:00:00.24 | Mem:277.99M, Peak:277.99M | Scene, ViewLayer | Updating Geometry BVH Upper loggia voussoir.029 535/681 | Building mesh BLAS |     188 tris | Upper loggia voussoir.026
Fra:1 Mem:396.85M (Peak 485.01M) | Time:00:00.24 | Mem:277.99M, Peak:277.99M | Scene, ViewLayer | Updating Geometry BVH Upper loggia voussoir.029 535/681 | Building mesh BLAS |     188 tris | Upper loggia voussoir.027
Fra:1 Mem:396.85M (Peak 485.01M) | Time:00:00.24 | Mem:277.99M, Peak:277.99M | Scene, ViewLayer | Updating Geometry BVH Upper loggia voussoir.029 535/681 | Building mesh BLAS |     188 tris | Upper loggia voussoir.029
Fra:1 Mem:396.85M (Peak 485.01M) | Time:00:00.24 | Mem:278.00M, Peak:278.00M | Scene, ViewLayer | Updating Geometry BVH Upper loggia voussoir.030 536/681 | Building BVH
Fra:1 Mem:396.85M (Peak 485.01M) | Time:00:00.24 | Mem:278.00M, Peak:278.00M | Scene, ViewLayer | Updating Geometry BVH Upper loggia voussoir.030 536/681 | Building mesh BLAS |     188 tris | Upper loggia voussoir.030
Fra:1 Mem:396.85M (Peak 485.01M) | Time:00:00.24 | Mem:278.02M, Peak:278.02M | Scene, ViewLayer | Updating Geometry BVH Upper loggia voussoir.031 537/681 | Building BVH
Fra:1 Mem:396.85M (Peak 485.01M) | Time:00:00.24 | Mem:278.02M, Peak:278.02M | Scene, ViewLayer | Updating Geometry BVH Upper loggia voussoir.031 537/681 | Building mesh BLAS |     188 tris | Upper loggia voussoir.031
Fra:1 Mem:396.85M (Peak 485.01M) | Time:00:00.24 | Mem:278.02M, Peak:278.02M | Scene, ViewLayer | Updating Geometry BVH Upper loggia voussoir.032 538/681 | Building BVH
Fra:1 Mem:396.85M (Peak 485.01M) | Time:00:00.24 | Mem:278.02M, Peak:278.02M | Scene, ViewLayer | Updating Geometry BVH Upper loggia voussoir.032 538/681 | Building mesh BLAS |     188 tris | Upper loggia voussoir.032
Fra:1 Mem:396.85M (Peak 485.01M) | Time:00:00.24 | Mem:278.03M, Peak:278.03M | Scene, ViewLayer | Updating Geometry BVH Upper loggia voussoir.033 539/681 | Building BVH
Fra:1 Mem:396.85M (Peak 485.01M) | Time:00:00.24 | Mem:278.04M, Peak:278.04M | Scene, ViewLayer | Updating Geometry BVH Upper loggia voussoir.033 539/681 | Building mesh BLAS |     188 tris | Upper loggia voussoir.033
Fra:1 Mem:396.85M (Peak 485.01M) | Time:00:00.24 | Mem:278.04M, Peak:278.04M | Scene, ViewLayer | Updating Geometry BVH Upper loggia arch.002 540/681 | Building BVH
Fra:1 Mem:396.85M (Peak 485.01M) | Time:00:00.24 | Mem:278.15M, Peak:278.15M | Scene, ViewLayer | Updating Geometry BVH Upper loggia arch.002 540/681 | Building mesh BLAS |    1692 tris | Upper loggia arch.002
Fra:1 Mem:396.85M (Peak 485.01M) | Time:00:00.24 | Mem:278.15M, Peak:278.15M | Scene, ViewLayer | Updating Geometry BVH Upper loggia voussoir.035 542/681 | Building BVH
Fra:1 Mem:396.85M (Peak 485.01M) | Time:00:00.24 | Mem:278.15M, Peak:278.15M | Scene, ViewLayer | Updating Geometry BVH Upper loggia voussoir.034 541/681 | Building mesh BLAS |     188 tris | Upper loggia voussoir.035
Fra:1 Mem:396.85M (Peak 485.01M) | Time:00:00.24 | Mem:278.15M, Peak:278.15M | Scene, ViewLayer | Updating Geometry BVH Upper loggia voussoir.034 541/681 | Building mesh BLAS |     188 tris | Upper loggia voussoir.034
Fra:1 Mem:396.85M (Peak 485.01M) | Time:00:00.24 | Mem:278.17M, Peak:278.17M | Scene, ViewLayer | Updating Geometry BVH Upper loggia voussoir.036 543/681 | Building BVH
Fra:1 Mem:396.85M (Peak 485.01M) | Time:00:00.24 | Mem:278.17M, Peak:278.17M | Scene, ViewLayer | Updating Geometry BVH Upper loggia voussoir.037 544/681 | Building BVH
Fra:1 Mem:396.85M (Peak 485.01M) | Time:00:00.24 | Mem:278.27M, Peak:278.27M | Scene, ViewLayer | Updating Geometry BVH Upper loggia voussoir.038 545/681 | Building BVH
Fra:1 Mem:396.85M (Peak 485.01M) | Time:00:00.24 | Mem:278.27M, Peak:278.27M | Scene, ViewLayer | Updating Geometry BVH Upper loggia voussoir.038 545/681 | Building mesh BLAS |     188 tris | Upper loggia voussoir.038
Fra:1 Mem:396.85M (Peak 485.01M) | Time:00:00.24 | Mem:278.28M, Peak:278.28M | Scene, ViewLayer | Updating Geometry BVH Upper loggia voussoir.039 546/681 | Building BVH
Fra:1 Mem:396.85M (Peak 485.01M) | Time:00:00.24 | Mem:278.28M, Peak:278.28M | Scene, ViewLayer | Updating Geometry BVH Upper loggia voussoir.039 546/681 | Building mesh BLAS |     188 tris | Upper loggia voussoir.039
Fra:1 Mem:396.85M (Peak 485.01M) | Time:00:00.24 | Mem:278.30M, Peak:278.30M | Scene, ViewLayer | Updating Geometry BVH Upper loggia voussoir.040 547/681 | Building BVH
Fra:1 Mem:396.85M (Peak 485.01M) | Time:00:00.24 | Mem:278.30M, Peak:278.30M | Scene, ViewLayer | Updating Geometry BVH West chapel bridge voussoir.014 644/681 | Building BVH
Fra:1 Mem:396.85M (Peak 485.01M) | Time:00:00.24 | Mem:278.32M, Peak:278.32M | Scene, ViewLayer | Updating Geometry BVH West chapel bridge voussoir.014 644/681 | Building mesh BLAS |     188 tris | West chapel bridge voussoir.014
Fra:1 Mem:396.85M (Peak 485.01M) | Time:00:00.24 | Mem:278.33M, Peak:278.33M | Scene, ViewLayer | Updating Geometry BVH Upper loggia voussoir.041 548/681 | Building BVH
Fra:1 Mem:396.85M (Peak 485.01M) | Time:00:00.24 | Mem:278.33M, Peak:278.33M | Scene, ViewLayer | Updating Geometry BVH Upper loggia voussoir.041 548/681 | Building mesh BLAS |     188 tris | Upper loggia voussoir.041
Fra:1 Mem:396.85M (Peak 485.01M) | Time:00:00.24 | Mem:278.33M, Peak:278.33M | Scene, ViewLayer | Updating Geometry BVH Upper loggia voussoir.042 549/681 | Building BVH
Fra:1 Mem:396.85M (Peak 485.01M) | Time:00:00.24 | Mem:278.33M, Peak:278.33M | Scene, ViewLayer | Updating Geometry BVH Upper loggia voussoir.042 549/681 | Building mesh BLAS |     188 tris | Upper loggia voussoir.042
Fra:1 Mem:396.85M (Peak 485.01M) | Time:00:00.24 | Mem:278.33M, Peak:278.33M | Scene, ViewLayer | Updating Geometry BVH Upper loggia voussoir.043 550/681 | Building BVH
Fra:1 Mem:396.85M (Peak 485.01M) | Time:00:00.24 | Mem:278.33M, Peak:278.33M | Scene, ViewLayer | Updating Geometry BVH Upper loggia voussoir.044 551/681 | Building BVH
Fra:1 Mem:396.85M (Peak 485.01M) | Time:00:00.24 | Mem:278.33M, Peak:278.33M | Scene, ViewLayer | Updating Geometry BVH Upper loggia voussoir.044 551/681 | Building mesh BLAS |     188 tris | Upper loggia voussoir.043
Fra:1 Mem:396.85M (Peak 485.01M) | Time:00:00.24 | Mem:278.33M, Peak:278.33M | Scene, ViewLayer | Updating Geometry BVH Upper loggia voussoir.044 551/681 | Building mesh BLAS |     188 tris | Upper loggia voussoir.044
Fra:1 Mem:396.85M (Peak 485.01M) | Time:00:00.24 | Mem:278.33M, Peak:278.33M | Scene, ViewLayer | Updating Geometry BVH Upper loggia voussoir.045 552/681 | Building BVH
Fra:1 Mem:396.85M (Peak 485.01M) | Time:00:00.24 | Mem:278.33M, Peak:278.33M | Scene, ViewLayer | Updating Geometry BVH Upper loggia voussoir.045 552/681 | Building mesh BLAS |     188 tris | Upper loggia voussoir.045
Fra:1 Mem:396.85M (Peak 485.01M) | Time:00:00.24 | Mem:278.36M, Peak:278.36M | Scene, ViewLayer | Updating Geometry BVH Upper loggia voussoir.046 553/681 | Building BVH
Fra:1 Mem:396.85M (Peak 485.01M) | Time:00:00.24 | Mem:278.36M, Peak:278.36M | Scene, ViewLayer | Updating Geometry BVH Upper loggia voussoir.046 553/681 | Building mesh BLAS |     188 tris | Upper loggia voussoir.046
Fra:1 Mem:396.85M (Peak 485.01M) | Time:00:00.24 | Mem:278.36M, Peak:278.36M | Scene, ViewLayer | Updating Geometry BVH Upper loggia voussoir.047 554/681 | Building BVH
Fra:1 Mem:396.85M (Peak 485.01M) | Time:00:00.24 | Mem:278.36M, Peak:278.36M | Scene, ViewLayer | Updating Geometry BVH Upper loggia voussoir.048 555/681 | Building BVH
Fra:1 Mem:396.85M (Peak 485.01M) | Time:00:00.24 | Mem:278.36M, Peak:278.36M | Scene, ViewLayer | Updating Geometry BVH Upper loggia voussoir.048 555/681 | Building mesh BLAS |     188 tris | Upper loggia voussoir.047
Fra:1 Mem:396.85M (Peak 485.01M) | Time:00:00.24 | Mem:278.36M, Peak:278.36M | Scene, ViewLayer | Updating Geometry BVH Upper loggia voussoir.048 555/681 | Building mesh BLAS |     188 tris | Upper loggia voussoir.048
Fra:1 Mem:396.85M (Peak 485.01M) | Time:00:00.24 | Mem:278.38M, Peak:278.38M | Scene, ViewLayer | Updating Geometry BVH Upper loggia voussoir.049 556/681 | Building BVH
Fra:1 Mem:396.85M (Peak 485.01M) | Time:00:00.24 | Mem:278.38M, Peak:278.38M | Scene, ViewLayer | Updating Geometry BVH Upper loggia voussoir.049 556/681 | Building mesh BLAS |     188 tris | Upper loggia voussoir.049
Fra:1 Mem:396.85M (Peak 485.01M) | Time:00:00.24 | Mem:278.48M, Peak:278.48M | Scene, ViewLayer | Updating Geometry BVH Upper loggia voussoir.050 557/681 | Building BVH
Fra:1 Mem:396.85M (Peak 485.01M) | Time:00:00.24 | Mem:278.48M, Peak:278.48M | Scene, ViewLayer | Updating Geometry BVH Upper loggia arch.003 558/681 | Building BVH
Fra:1 Mem:396.85M (Peak 485.01M) | Time:00:00.24 | Mem:278.48M, Peak:278.48M | Scene, ViewLayer | Updating Geometry BVH Upper loggia arch.003 558/681 | Building mesh BLAS |     188 tris | Upper loggia voussoir.050
Fra:1 Mem:396.85M (Peak 485.01M) | Time:00:00.24 | Mem:278.48M, Peak:278.48M | Scene, ViewLayer | Updating Geometry BVH Upper loggia arch.003 558/681 | Building mesh BLAS |    1692 tris | Upper loggia arch.003
Fra:1 Mem:396.85M (Peak 485.01M) | Time:00:00.24 | Mem:278.48M, Peak:278.48M | Scene, ViewLayer | Updating Geometry BVH Upper loggia voussoir.051 559/681 | Building BVH
Fra:1 Mem:396.85M (Peak 485.01M) | Time:00:00.24 | Mem:278.48M, Peak:278.48M | Scene, ViewLayer | Updating Geometry BVH Upper loggia voussoir.051 559/681 | Building mesh BLAS |     188 tris | Upper loggia voussoir.051
Fra:1 Mem:396.85M (Peak 485.01M) | Time:00:00.24 | Mem:278.50M, Peak:278.50M | Scene, ViewLayer | Updating Geometry BVH Upper loggia voussoir.052 560/681 | Building BVH
Fra:1 Mem:396.85M (Peak 485.01M) | Time:00:00.24 | Mem:278.50M, Peak:278.50M | Scene, ViewLayer | Updating Geometry BVH Upper loggia voussoir.053 561/681 | Building BVH
Fra:1 Mem:396.85M (Peak 485.01M) | Time:00:00.24 | Mem:278.50M, Peak:278.50M | Scene, ViewLayer | Updating Geometry BVH Upper loggia voussoir.053 561/681 | Building mesh BLAS |     188 tris | Upper loggia voussoir.052
Fra:1 Mem:396.85M (Peak 485.01M) | Time:00:00.24 | Mem:278.50M, Peak:278.50M | Scene, ViewLayer | Updating Geometry BVH Upper loggia voussoir.054 562/681 | Building mesh BLAS |     188 tris | Upper loggia voussoir.053
Fra:1 Mem:396.85M (Peak 485.01M) | Time:00:00.24 | Mem:278.50M, Peak:278.50M | Scene, ViewLayer | Updating Geometry BVH Upper loggia voussoir.054 562/681 | Building mesh BLAS |     188 tris | Upper loggia voussoir.054
Fra:1 Mem:396.85M (Peak 485.01M) | Time:00:00.24 | Mem:278.50M, Peak:278.50M | Scene, ViewLayer | Updating Geometry BVH Upper loggia voussoir.055 563/681 | Building BVH
Fra:1 Mem:396.85M (Peak 485.01M) | Time:00:00.24 | Mem:278.50M, Peak:278.50M | Scene, ViewLayer | Updating Geometry BVH Upper loggia voussoir.055 563/681 | Building mesh BLAS |     188 tris | Upper loggia voussoir.055
Fra:1 Mem:396.85M (Peak 485.01M) | Time:00:00.24 | Mem:278.62M, Peak:278.62M | Scene, ViewLayer | Updating Geometry BVH West chapel bridge voussoir.013 643/681 | Building BVH
Fra:1 Mem:396.85M (Peak 485.01M) | Time:00:00.24 | Mem:278.62M, Peak:278.62M | Scene, ViewLayer | Updating Geometry BVH West chapel bridge voussoir.013 643/681 | Building mesh BLAS |     188 tris | West chapel bridge voussoir.013
Fra:1 Mem:396.85M (Peak 485.01M) | Time:00:00.24 | Mem:278.65M, Peak:278.65M | Scene, ViewLayer | Updating Geometry BVH Upper loggia voussoir.056 564/681 | Building BVH
Fra:1 Mem:396.85M (Peak 485.01M) | Time:00:00.24 | Mem:278.66M, Peak:278.66M | Scene, ViewLayer | Updating Geometry BVH Upper loggia voussoir.056 564/681 | Building mesh BLAS |     188 tris | Upper loggia voussoir.056
Fra:1 Mem:396.85M (Peak 485.01M) | Time:00:00.24 | Mem:278.66M, Peak:278.66M | Scene, ViewLayer | Updating Geometry BVH Upper loggia voussoir.057 565/681 | Building BVH
Fra:1 Mem:396.85M (Peak 485.01M) | Time:00:00.24 | Mem:278.66M, Peak:278.66M | Scene, ViewLayer | Updating Geometry BVH Upper loggia voussoir.058 566/681 | Building BVH
Fra:1 Mem:396.85M (Peak 485.01M) | Time:00:00.24 | Mem:278.66M, Peak:278.66M | Scene, ViewLayer | Updating Geometry BVH Upper loggia voussoir.059 567/681 | Building BVH
Fra:1 Mem:396.85M (Peak 485.01M) | Time:00:00.24 | Mem:278.67M, Peak:278.67M | Scene, ViewLayer | Updating Geometry BVH Upper loggia voussoir.060 568/681 | Building BVH
Fra:1 Mem:396.85M (Peak 485.01M) | Time:00:00.24 | Mem:278.68M, Peak:278.68M | Scene, ViewLayer | Updating Geometry BVH Upper loggia voussoir.061 569/681 | Building BVH
Fra:1 Mem:396.85M (Peak 485.01M) | Time:00:00.24 | Mem:278.69M, Peak:278.69M | Scene, ViewLayer | Updating Geometry BVH Upper loggia voussoir.062 570/681 | Building BVH
Fra:1 Mem:396.85M (Peak 485.01M) | Time:00:00.24 | Mem:278.69M, Peak:278.69M | Scene, ViewLayer | Updating Geometry BVH Upper loggia voussoir.062 570/681 | Building mesh BLAS |     188 tris | Upper loggia voussoir.060
Fra:1 Mem:396.85M (Peak 485.01M) | Time:00:00.24 | Mem:278.70M, Peak:278.70M | Scene, ViewLayer | Updating Geometry BVH Upper loggia voussoir.064 572/681 | Building BVH
Fra:1 Mem:396.85M (Peak 485.01M) | Time:00:00.24 | Mem:278.80M, Peak:278.80M | Scene, ViewLayer | Updating Geometry BVH Upper loggia voussoir.064 572/681 | Building mesh BLAS |     188 tris | Upper loggia voussoir.064
Fra:1 Mem:396.85M (Peak 485.01M) | Time:00:00.24 | Mem:278.80M, Peak:278.80M | Scene, ViewLayer | Updating Geometry BVH Upper loggia voussoir.065 573/681 | Building BVH
Fra:1 Mem:396.85M (Peak 485.01M) | Time:00:00.24 | Mem:278.80M, Peak:278.80M | Scene, ViewLayer | Updating Geometry BVH Upper loggia voussoir.066 574/681 | Building BVH
Fra:1 Mem:396.85M (Peak 485.01M) | Time:00:00.24 | Mem:278.80M, Peak:278.80M | Scene, ViewLayer | Updating Geometry BVH Upper loggia voussoir.066 574/681 | Building mesh BLAS |     188 tris | Upper loggia voussoir.066
Fra:1 Mem:396.85M (Peak 485.01M) | Time:00:00.24 | Mem:278.81M, Peak:278.81M | Scene, ViewLayer | Updating Geometry BVH Upper loggia voussoir.067 575/681 | Building BVH
Fra:1 Mem:396.85M (Peak 485.01M) | Time:00:00.24 | Mem:278.82M, Peak:278.82M | Scene, ViewLayer | Updating Geometry BVH Upper loggia voussoir.067 575/681 | Building mesh BLAS |     188 tris | Upper loggia voussoir.061
Fra:1 Mem:396.85M (Peak 485.01M) | Time:00:00.24 | Mem:278.82M, Peak:278.82M | Scene, ViewLayer | Updating Geometry BVH Crown observatory arch 576/681 | Building BVH
Fra:1 Mem:396.85M (Peak 485.01M) | Time:00:00.24 | Mem:278.82M, Peak:278.82M | Scene, ViewLayer | Updating Geometry BVH Crown observatory arch 576/681 | Building mesh BLAS |     188 tris | Upper loggia voussoir.062
Fra:1 Mem:396.85M (Peak 485.01M) | Time:00:00.24 | Mem:278.82M, Peak:278.82M | Scene, ViewLayer | Updating Geometry BVH Crown observatory arch 576/681 | Building mesh BLAS |    1692 tris | Crown observatory arch
Fra:1 Mem:396.85M (Peak 485.01M) | Time:00:00.24 | Mem:278.84M, Peak:278.84M | Scene, ViewLayer | Updating Geometry BVH Crown observatory arch.001 577/681 | Building BVH
Fra:1 Mem:396.85M (Peak 485.01M) | Time:00:00.24 | Mem:278.84M, Peak:278.84M | Scene, ViewLayer | Updating Geometry BVH Crown observatory arch.001 577/681 | Building mesh BLAS |    1692 tris | Crown observatory arch.001
Fra:1 Mem:396.85M (Peak 485.01M) | Time:00:00.24 | Mem:278.84M, Peak:278.84M | Scene, ViewLayer | Updating Geometry BVH Crown observatory arch.002 578/681 | Building BVH
Fra:1 Mem:396.85M (Peak 485.01M) | Time:00:00.24 | Mem:278.84M, Peak:278.84M | Scene, ViewLayer | Updating Geometry BVH Crown observatory arch.002 578/681 | Building mesh BLAS |    1692 tris | Crown observatory arch.002
Fra:1 Mem:396.85M (Peak 485.01M) | Time:00:00.24 | Mem:278.85M, Peak:278.85M | Scene, ViewLayer | Updating Geometry BVH Crown observatory arch.003 579/681 | Building BVH
Fra:1 Mem:396.85M (Peak 485.01M) | Time:00:00.24 | Mem:278.95M, Peak:278.95M | Scene, ViewLayer | Updating Geometry BVH Crown observatory arch.003 579/681 | Building mesh BLAS |    1692 tris | Crown observatory arch.003
Fra:1 Mem:396.85M (Peak 485.01M) | Time:00:00.24 | Mem:278.95M, Peak:278.95M | Scene, ViewLayer | Updating Geometry BVH Crown observatory copper dome 580/681 | Building BVH
Fra:1 Mem:396.85M (Peak 485.01M) | Time:00:00.24 | Mem:278.95M, Peak:278.95M | Scene, ViewLayer | Updating Geometry BVH Crown observatory copper dome 580/681 | Building mesh BLAS |   13824 tris | Crown observatory copper dome
Fra:1 Mem:396.85M (Peak 485.01M) | Time:00:00.24 | Mem:278.95M, Peak:278.95M | Scene, ViewLayer | Updating Geometry BVH West chapel bridge voussoir.012 642/681 | Building BVH
Fra:1 Mem:396.85M (Peak 485.01M) | Time:00:00.24 | Mem:278.95M, Peak:278.95M | Scene, ViewLayer | Updating Geometry BVH West chapel bridge voussoir.012 642/681 | Building mesh BLAS |     188 tris | West chapel bridge voussoir.012
Fra:1 Mem:396.85M (Peak 485.01M) | Time:00:00.24 | Mem:278.97M, Peak:278.97M | Scene, ViewLayer | Updating Geometry BVH Raised standing seam 581/681 | Building BVH
Fra:1 Mem:396.85M (Peak 485.01M) | Time:00:00.24 | Mem:278.97M, Peak:278.97M | Scene, ViewLayer | Updating Geometry BVH Raised standing seam 581/681 | Building mesh BLAS |    1152 tris | Raised standing seam
Fra:1 Mem:396.85M (Peak 485.01M) | Time:00:00.24 | Mem:279.00M, Peak:279.00M | Scene, ViewLayer | Updating Geometry BVH Raised standing seam.001 582/681 | Building BVH
Fra:1 Mem:396.85M (Peak 485.01M) | Time:00:00.24 | Mem:279.00M, Peak:279.00M | Scene, ViewLayer | Updating Geometry BVH Raised standing seam.002 583/681 | Building BVH
Fra:1 Mem:396.85M (Peak 485.01M) | Time:00:00.24 | Mem:279.00M, Peak:279.00M | Scene, ViewLayer | Updating Geometry BVH Raised standing seam.002 583/681 | Building mesh BLAS |    1152 tris | Raised standing seam.001
Fra:1 Mem:396.85M (Peak 485.01M) | Time:00:00.24 | Mem:279.00M, Peak:279.00M | Scene, ViewLayer | Updating Geometry BVH Raised standing seam.002 583/681 | Building mesh BLAS |    1152 tris | Raised standing seam.002
Fra:1 Mem:396.85M (Peak 485.01M) | Time:00:00.24 | Mem:279.02M, Peak:279.02M | Scene, ViewLayer | Updating Geometry BVH Raised standing seam.003 584/681 | Building BVH
Fra:1 Mem:396.85M (Peak 485.01M) | Time:00:00.24 | Mem:279.02M, Peak:279.02M | Scene, ViewLayer | Updating Geometry BVH Raised standing seam.004 585/681 | Building BVH
Fra:1 Mem:396.85M (Peak 485.01M) | Time:00:00.24 | Mem:279.02M, Peak:279.02M | Scene, ViewLayer | Updating Geometry BVH Raised standing seam.004 585/681 | Building mesh BLAS |    1152 tris | Raised standing seam.003
Fra:1 Mem:396.85M (Peak 485.01M) | Time:00:00.24 | Mem:279.02M, Peak:279.02M | Scene, ViewLayer | Updating Geometry BVH Raised standing seam.004 585/681 | Building mesh BLAS |    1152 tris | Raised standing seam.004
Fra:1 Mem:396.85M (Peak 485.01M) | Time:00:00.24 | Mem:279.03M, Peak:279.03M | Scene, ViewLayer | Updating Geometry BVH Raised standing seam.005 586/681 | Building BVH
Fra:1 Mem:396.85M (Peak 485.01M) | Time:00:00.24 | Mem:279.03M, Peak:279.03M | Scene, ViewLayer | Updating Geometry BVH Raised standing seam.005 586/681 | Building mesh BLAS |    1152 tris | Raised standing seam.005
Fra:1 Mem:396.85M (Peak 485.01M) | Time:00:00.24 | Mem:279.05M, Peak:279.05M | Scene, ViewLayer | Updating Geometry BVH Raised standing seam.006 587/681 | Building BVH
Fra:1 Mem:396.85M (Peak 485.01M) | Time:00:00.24 | Mem:279.05M, Peak:279.05M | Scene, ViewLayer | Updating Geometry BVH Raised standing seam.007 588/681 | Building BVH
Fra:1 Mem:396.85M (Peak 485.01M) | Time:00:00.24 | Mem:279.05M, Peak:279.05M | Scene, ViewLayer | Updating Geometry BVH Raised standing seam.007 588/681 | Building mesh BLAS |    1152 tris | Raised standing seam.006
Fra:1 Mem:396.85M (Peak 485.01M) | Time:00:00.24 | Mem:279.05M, Peak:279.05M | Scene, ViewLayer | Updating Geometry BVH Raised standing seam.007 588/681 | Building mesh BLAS |    1152 tris | Raised standing seam.007
Fra:1 Mem:396.85M (Peak 485.01M) | Time:00:00.24 | Mem:279.05M, Peak:279.05M | Scene, ViewLayer | Updating Geometry BVH Raised standing seam.008 589/681 | Building BVH
Fra:1 Mem:396.85M (Peak 485.01M) | Time:00:00.24 | Mem:279.05M, Peak:279.05M | Scene, ViewLayer | Updating Geometry BVH Raised standing seam.008 589/681 | Building mesh BLAS |    1152 tris | Raised standing seam.008
Fra:1 Mem:396.85M (Peak 485.01M) | Time:00:00.24 | Mem:279.05M, Peak:279.05M | Scene, ViewLayer | Updating Geometry BVH Raised standing seam.009 590/681 | Building BVH
Fra:1 Mem:396.85M (Peak 485.01M) | Time:00:00.24 | Mem:279.14M, Peak:279.14M | Scene, ViewLayer | Updating Geometry BVH Raised standing seam.009 590/681 | Building mesh BLAS |    1152 tris | Raised standing seam.009
Fra:1 Mem:396.85M (Peak 485.01M) | Time:00:00.24 | Mem:279.15M, Peak:279.15M | Scene, ViewLayer | Updating Geometry BVH Raised standing seam.010 591/681 | Building BVH
Fra:1 Mem:396.85M (Peak 485.01M) | Time:00:00.24 | Mem:279.17M, Peak:279.17M | Scene, ViewLayer | Updating Geometry BVH Raised standing seam.012 593/681 | Building BVH
Fra:1 Mem:396.85M (Peak 485.01M) | Time:00:00.24 | Mem:279.18M, Peak:279.18M | Scene, ViewLayer | Updating Geometry BVH Raised standing seam.012 593/681 | Building mesh BLAS |    1152 tris | Raised standing seam.010
Fra:1 Mem:396.85M (Peak 485.01M) | Time:00:00.24 | Mem:279.18M, Peak:279.18M | Scene, ViewLayer | Updating Geometry BVH Raised standing seam.013 594/681 | Building mesh BLAS |    1152 tris | Raised standing seam.011
Fra:1 Mem:396.85M (Peak 485.01M) | Time:00:00.24 | Mem:279.18M, Peak:279.18M | Scene, ViewLayer | Updating Geometry BVH Raised standing seam.013 594/681 | Building mesh BLAS |    1152 tris | Raised standing seam.012
Fra:1 Mem:396.85M (Peak 485.01M) | Time:00:00.24 | Mem:279.18M, Peak:279.18M | Scene, ViewLayer | Updating Geometry BVH Raised standing seam.014 595/681 | Building BVH
Fra:1 Mem:396.85M (Peak 485.01M) | Time:00:00.24 | Mem:279.18M, Peak:279.18M | Scene, ViewLayer | Updating Geometry BVH Raised standing seam.014 595/681 | Building mesh BLAS |    1152 tris | Raised standing seam.014
Fra:1 Mem:396.85M (Peak 485.01M) | Time:00:00.24 | Mem:279.18M, Peak:279.18M | Scene, ViewLayer | Updating Geometry BVH Raised standing seam.015 596/681 | Building BVH
Fra:1 Mem:396.85M (Peak 485.01M) | Time:00:00.24 | Mem:279.18M, Peak:279.18M | Scene, ViewLayer | Updating Geometry BVH Raised standing seam.015 596/681 | Building mesh BLAS |    1152 tris | Raised standing seam.015
Fra:1 Mem:396.85M (Peak 485.01M) | Time:00:00.24 | Mem:279.19M, Peak:279.19M | Scene, ViewLayer | Updating Geometry BVH Dome rolled rim 597/681 | Building BVH
Fra:1 Mem:396.85M (Peak 485.01M) | Time:00:00.24 | Mem:279.19M, Peak:279.19M | Scene, ViewLayer | Updating Geometry BVH Dome rolled rim 597/681 | Building mesh BLAS |    1536 tris | Dome rolled rim
Fra:1 Mem:396.85M (Peak 485.01M) | Time:00:00.25 | Mem:279.20M, Peak:279.20M | Scene, ViewLayer | Updating Geometry BVH West chapel bridge voussoir.011 641/681 | Building BVH
Fra:1 Mem:396.85M (Peak 485.01M) | Time:00:00.25 | Mem:279.29M, Peak:279.29M | Scene, ViewLayer | Updating Geometry BVH West chapel bridge voussoir.011 641/681 | Building mesh BLAS |     188 tris | West chapel bridge voussoir.011
Fra:1 Mem:396.85M (Peak 485.01M) | Time:00:00.25 | Mem:279.30M, Peak:279.30M | Scene, ViewLayer | Updating Geometry BVH Dome rolled rim.001 598/681 | Building BVH
Fra:1 Mem:396.85M (Peak 485.01M) | Time:00:00.25 | Mem:279.32M, Peak:279.32M | Scene, ViewLayer | Updating Geometry BVH Dome rolled rim.001 598/681 | Building mesh BLAS |    1536 tris | Dome rolled rim.001
Fra:1 Mem:396.85M (Peak 485.01M) | Time:00:00.25 | Mem:279.32M, Peak:279.32M | Scene, ViewLayer | Updating Geometry BVH Crown observatory warm interior 599/681 | Building BVH
Fra:1 Mem:396.85M (Peak 485.01M) | Time:00:00.25 | Mem:279.32M, Peak:279.32M | Scene, ViewLayer | Updating Geometry BVH Wind-shaped silk flag 600/681 | Building BVH
Fra:1 Mem:396.85M (Peak 485.01M) | Time:00:00.25 | Mem:279.32M, Peak:279.32M | Scene, ViewLayer | Updating Geometry BVH Stair vault 601/681 | Building BVH
Fra:1 Mem:396.85M (Peak 485.01M) | Time:00:00.25 | Mem:279.32M, Peak:279.32M | Scene, ViewLayer | Updating Geometry BVH Stair vault 601/681 | Building mesh BLAS |     416 tris | Wind-shaped silk flag
Fra:1 Mem:396.85M (Peak 485.01M) | Time:00:00.25 | Mem:279.32M, Peak:279.32M | Scene, ViewLayer | Updating Geometry BVH Stair vault 601/681 | Building mesh BLAS |     188 tris | Stair vault
Fra:1 Mem:396.85M (Peak 485.01M) | Time:00:00.25 | Mem:279.34M, Peak:279.34M | Scene, ViewLayer | Updating Geometry BVH Stair vault.001 602/681 | Building BVH
Fra:1 Mem:396.85M (Peak 485.01M) | Time:00:00.25 | Mem:279.34M, Peak:279.34M | Scene, ViewLayer | Updating Geometry BVH Stair vault.001 602/681 | Building mesh BLAS |     188 tris | Stair vault.001
Fra:1 Mem:396.85M (Peak 485.01M) | Time:00:00.25 | Mem:279.34M, Peak:279.34M | Scene, ViewLayer | Updating Geometry BVH Stair vault.002 603/681 | Building BVH
Fra:1 Mem:396.85M (Peak 485.01M) | Time:00:00.25 | Mem:279.34M, Peak:279.34M | Scene, ViewLayer | Updating Geometry BVH Stair vault.002 603/681 | Building mesh BLAS |     188 tris | Stair vault.002
Fra:1 Mem:396.85M (Peak 485.01M) | Time:00:00.25 | Mem:279.35M, Peak:279.35M | Scene, ViewLayer | Updating Geometry BVH Stair vault.003 604/681 | Building BVH
Fra:1 Mem:396.85M (Peak 485.01M) | Time:00:00.25 | Mem:279.36M, Peak:279.36M | Scene, ViewLayer | Updating Geometry BVH Stair vault.003 604/681 | Building mesh BLAS |    1092 tris | Stair vault.003
Fra:1 Mem:396.85M (Peak 485.01M) | Time:00:00.25 | Mem:279.37M, Peak:279.37M | Scene, ViewLayer | Updating Geometry BVH West chapel arch 605/681 | Building BVH
Fra:1 Mem:396.85M (Peak 485.01M) | Time:00:00.25 | Mem:279.38M, Peak:279.38M | Scene, ViewLayer | Updating Geometry BVH West chapel arch.001 606/681 | Building BVH
Fra:1 Mem:396.85M (Peak 485.01M) | Time:00:00.25 | Mem:279.38M, Peak:279.38M | Scene, ViewLayer | Updating Geometry BVH West chapel arch.002 607/681 | Building BVH
Fra:1 Mem:396.85M (Peak 485.01M) | Time:00:00.25 | Mem:279.38M, Peak:279.38M | Scene, ViewLayer | Updating Geometry BVH West chapel arch.002 607/681 | Building mesh BLAS |    1692 tris | West chapel arch
Fra:1 Mem:396.85M (Peak 485.01M) | Time:00:00.25 | Mem:279.38M, Peak:279.38M | Scene, ViewLayer | Updating Geometry BVH West chapel arch.002 607/681 | Building mesh BLAS |    1692 tris | West chapel arch.001
Fra:1 Mem:396.85M (Peak 485.01M) | Time:00:00.25 | Mem:279.38M, Peak:279.38M | Scene, ViewLayer | Updating Geometry BVH West chapel arch.002 607/681 | Building mesh BLAS |    1692 tris | West chapel arch.002
Fra:1 Mem:396.85M (Peak 485.01M) | Time:00:00.25 | Mem:279.40M, Peak:279.40M | Scene, ViewLayer | Updating Geometry BVH West chapel arch.003 608/681 | Building BVH
Fra:1 Mem:396.85M (Peak 485.01M) | Time:00:00.25 | Mem:279.40M, Peak:279.40M | Scene, ViewLayer | Updating Geometry BVH Raised standing seam.016 610/681 | Building BVH
Fra:1 Mem:396.85M (Peak 485.01M) | Time:00:00.25 | Mem:279.40M, Peak:279.40M | Scene, ViewLayer | Updating Geometry BVH Raised standing seam.017 611/681 | Building BVH
Fra:1 Mem:396.85M (Peak 485.01M) | Time:00:00.25 | Mem:279.40M, Peak:279.40M | Scene, ViewLayer | Updating Geometry BVH Raised standing seam.017 611/681 | Building mesh BLAS |    1152 tris | Raised standing seam.016
Fra:1 Mem:396.85M (Peak 485.01M) | Time:00:00.25 | Mem:279.40M, Peak:279.40M | Scene, ViewLayer | Updating Geometry BVH Raised standing seam.017 611/681 | Building mesh BLAS |    1152 tris | Raised standing seam.017
Fra:1 Mem:396.85M (Peak 485.01M) | Time:00:00.25 | Mem:279.40M, Peak:279.40M | Scene, ViewLayer | Updating Geometry BVH Raised standing seam.017 611/681 | Building mesh BLAS |   13824 tris | West chapel copper dome
Fra:1 Mem:396.85M (Peak 485.01M) | Time:00:00.25 | Mem:279.42M, Peak:279.42M | Scene, ViewLayer | Updating Geometry BVH Raised standing seam.018 612/681 | Building BVH
Fra:1 Mem:396.85M (Peak 485.01M) | Time:00:00.25 | Mem:279.42M, Peak:279.42M | Scene, ViewLayer | Updating Geometry BVH Raised standing seam.019 613/681 | Building BVH
Fra:1 Mem:396.85M (Peak 485.01M) | Time:00:00.25 | Mem:279.42M, Peak:279.42M | Scene, ViewLayer | Updating Geometry BVH Raised standing seam.019 613/681 | Building mesh BLAS |    1152 tris | Raised standing seam.018
Fra:1 Mem:396.85M (Peak 485.01M) | Time:00:00.25 | Mem:279.42M, Peak:279.42M | Scene, ViewLayer | Updating Geometry BVH Raised standing seam.019 613/681 | Building mesh BLAS |    1152 tris | Raised standing seam.019
Fra:1 Mem:396.85M (Peak 485.01M) | Time:00:00.25 | Mem:279.44M, Peak:279.44M | Scene, ViewLayer | Updating Geometry BVH Raised standing seam.020 614/681 | Building BVH
Fra:1 Mem:396.85M (Peak 485.01M) | Time:00:00.25 | Mem:279.55M, Peak:279.55M | Scene, ViewLayer | Updating Geometry BVH Raised standing seam.020 614/681 | Building mesh BLAS |    1152 tris | Raised standing seam.020
Fra:1 Mem:396.85M (Peak 485.01M) | Time:00:00.25 | Mem:279.56M, Peak:279.56M | Scene, ViewLayer | Updating Geometry BVH Raised standing seam.021 615/681 | Building BVH
Fra:1 Mem:396.85M (Peak 485.01M) | Time:00:00.25 | Mem:279.56M, Peak:279.56M | Scene, ViewLayer | Updating Geometry BVH West chapel bridge voussoir.010 640/681 | Building BVH
Fra:1 Mem:396.85M (Peak 485.01M) | Time:00:00.25 | Mem:279.56M, Peak:279.56M | Scene, ViewLayer | Updating Geometry BVH West chapel bridge voussoir.010 640/681 | Building mesh BLAS |    1152 tris | Raised standing seam.021
Fra:1 Mem:396.85M (Peak 485.01M) | Time:00:00.25 | Mem:279.58M, Peak:279.58M | Scene, ViewLayer | Updating Geometry BVH West chapel bridge voussoir.010 640/681 | Building mesh BLAS |     188 tris | West chapel bridge voussoir.010
Fra:1 Mem:396.85M (Peak 485.01M) | Time:00:00.25 | Mem:279.58M, Peak:279.58M | Scene, ViewLayer | Updating Geometry BVH Raised standing seam.022 616/681 | Building BVH
Fra:1 Mem:396.85M (Peak 485.01M) | Time:00:00.25 | Mem:279.58M, Peak:279.58M | Scene, ViewLayer | Updating Geometry BVH Raised standing seam.023 617/681 | Building BVH
Fra:1 Mem:396.85M (Peak 485.01M) | Time:00:00.25 | Mem:279.58M, Peak:279.58M | Scene, ViewLayer | Updating Geometry BVH Raised standing seam.023 617/681 | Building mesh BLAS |    1152 tris | Raised standing seam.022
Fra:1 Mem:396.85M (Peak 485.01M) | Time:00:00.25 | Mem:279.59M, Peak:279.59M | Scene, ViewLayer | Updating Geometry BVH Raised standing seam.023 617/681 | Building mesh BLAS |    1152 tris | Raised standing seam.023
Fra:1 Mem:396.85M (Peak 485.01M) | Time:00:00.25 | Mem:279.60M, Peak:279.60M | Scene, ViewLayer | Updating Geometry BVH Raised standing seam.024 618/681 | Building BVH
Fra:1 Mem:396.85M (Peak 485.01M) | Time:00:00.25 | Mem:279.60M, Peak:279.60M | Scene, ViewLayer | Updating Geometry BVH Raised standing seam.025 619/681 | Building BVH
Fra:1 Mem:396.85M (Peak 485.01M) | Time:00:00.25 | Mem:279.60M, Peak:279.60M | Scene, ViewLayer | Updating Geometry BVH Raised standing seam.025 619/681 | Building mesh BLAS |    1152 tris | Raised standing seam.025
Fra:1 Mem:396.85M (Peak 485.01M) | Time:00:00.25 | Mem:279.60M, Peak:279.60M | Scene, ViewLayer | Updating Geometry BVH Raised standing seam.026 620/681 | Building BVH
Fra:1 Mem:396.85M (Peak 485.01M) | Time:00:00.25 | Mem:279.60M, Peak:279.60M | Scene, ViewLayer | Updating Geometry BVH Raised standing seam.026 620/681 | Building mesh BLAS |    1152 tris | Raised standing seam.026
Fra:1 Mem:396.85M (Peak 485.01M) | Time:00:00.25 | Mem:279.60M, Peak:279.60M | Scene, ViewLayer | Updating Geometry BVH Raised standing seam.027 621/681 | Building BVH
Fra:1 Mem:396.85M (Peak 485.01M) | Time:00:00.25 | Mem:279.60M, Peak:279.60M | Scene, ViewLayer | Updating Geometry BVH Raised standing seam.027 621/681 | Building mesh BLAS |    1152 tris | Raised standing seam.027
Fra:1 Mem:396.85M (Peak 485.01M) | Time:00:00.25 | Mem:279.60M, Peak:279.60M | Scene, ViewLayer | Updating Geometry BVH Raised standing seam.028 622/681 | Building BVH
Fra:1 Mem:396.85M (Peak 485.01M) | Time:00:00.25 | Mem:279.61M, Peak:279.61M | Scene, ViewLayer | Updating Geometry BVH Raised standing seam.028 622/681 | Building mesh BLAS |    1152 tris | Raised standing seam.028
Fra:1 Mem:396.85M (Peak 485.01M) | Time:00:00.25 | Mem:279.61M, Peak:279.61M | Scene, ViewLayer | Updating Geometry BVH Raised standing seam.029 623/681 | Building BVH
Fra:1 Mem:396.85M (Peak 485.01M) | Time:00:00.25 | Mem:279.61M, Peak:279.61M | Scene, ViewLayer | Updating Geometry BVH Raised standing seam.029 623/681 | Building mesh BLAS |    1152 tris | Raised standing seam.029
Fra:1 Mem:396.85M (Peak 485.01M) | Time:00:00.25 | Mem:279.62M, Peak:279.62M | Scene, ViewLayer | Updating Geometry BVH Raised standing seam.030 624/681 | Building BVH
Fra:1 Mem:396.85M (Peak 485.01M) | Time:00:00.25 | Mem:279.64M, Peak:279.64M | Scene, ViewLayer | Updating Geometry BVH Raised standing seam.030 624/681 | Building mesh BLAS |    1152 tris | Raised standing seam.030
Fra:1 Mem:396.85M (Peak 485.01M) | Time:00:00.25 | Mem:279.65M, Peak:279.65M | Scene, ViewLayer | Updating Geometry BVH Raised standing seam.031 625/681 | Building BVH
Fra:1 Mem:396.85M (Peak 485.01M) | Time:00:00.25 | Mem:279.67M, Peak:279.67M | Scene, ViewLayer | Updating Geometry BVH Dome rolled rim.002 626/681 | Building BVH
Fra:1 Mem:396.85M (Peak 485.01M) | Time:00:00.25 | Mem:279.67M, Peak:279.67M | Scene, ViewLayer | Updating Geometry BVH Dome rolled rim.002 626/681 | Building mesh BLAS |    1152 tris | Raised standing seam.031
Fra:1 Mem:396.85M (Peak 485.01M) | Time:00:00.25 | Mem:279.67M, Peak:279.67M | Scene, ViewLayer | Updating Geometry BVH Dome rolled rim.003 627/681 | Building BVH
Fra:1 Mem:396.85M (Peak 485.01M) | Time:00:00.25 | Mem:279.67M, Peak:279.67M | Scene, ViewLayer | Updating Geometry BVH Dome rolled rim.003 627/681 | Building mesh BLAS |    1536 tris | Dome rolled rim.002
Fra:1 Mem:396.85M (Peak 485.01M) | Time:00:00.25 | Mem:279.67M, Peak:279.67M | Scene, ViewLayer | Updating Geometry BVH Dome rolled rim.003 627/681 | Building mesh BLAS |    1536 tris | Dome rolled rim.003
Fra:1 Mem:396.85M (Peak 485.01M) | Time:00:00.25 | Mem:279.67M, Peak:279.67M | Scene, ViewLayer | Updating Geometry BVH West chapel warm interior 628/681 | Building BVH
Fra:1 Mem:396.85M (Peak 485.01M) | Time:00:00.25 | Mem:279.67M, Peak:279.67M | Scene, ViewLayer | Updating Geometry BVH West chapel bridge arch 629/681 | Building BVH
Fra:1 Mem:396.85M (Peak 485.01M) | Time:00:00.25 | Mem:279.67M, Peak:279.67M | Scene, ViewLayer | Updating Geometry BVH West chapel bridge voussoir 630/681 | Building BVH
Fra:1 Mem:396.85M (Peak 485.01M) | Time:00:00.25 | Mem:279.67M, Peak:279.67M | Scene, ViewLayer | Updating Geometry BVH West chapel bridge voussoir 630/681 | Building mesh BLAS |     188 tris | West chapel bridge voussoir
Fra:1 Mem:396.85M (Peak 485.01M) | Time:00:00.25 | Mem:279.67M, Peak:279.67M | Scene, ViewLayer | Updating Geometry BVH West chapel bridge voussoir 630/681 | Building mesh BLAS |    1692 tris | West chapel bridge arch
Fra:1 Mem:396.85M (Peak 485.01M) | Time:00:00.25 | Mem:279.67M, Peak:279.67M | Scene, ViewLayer | Updating Geometry BVH West chapel bridge voussoir.001 631/681 | Building BVH
Fra:1 Mem:396.85M (Peak 485.01M) | Time:00:00.25 | Mem:279.68M, Peak:279.68M | Scene, ViewLayer | Updating Geometry BVH West chapel bridge voussoir.001 631/681 | Building mesh BLAS |     188 tris | West chapel bridge voussoir.001
Fra:1 Mem:396.85M (Peak 485.01M) | Time:00:00.25 | Mem:279.70M, Peak:279.70M | Scene, ViewLayer | Updating Geometry BVH West chapel bridge voussoir.002 632/681 | Building BVH
Fra:1 Mem:396.85M (Peak 485.01M) | Time:00:00.25 | Mem:279.71M, Peak:279.71M | Scene, ViewLayer | Updating Geometry BVH West chapel bridge voussoir.002 632/681 | Building mesh BLAS |     188 tris | West chapel bridge voussoir.002
Fra:1 Mem:396.85M (Peak 485.01M) | Time:00:00.25 | Mem:279.72M, Peak:279.72M | Scene, ViewLayer | Updating Geometry BVH West chapel bridge voussoir.003 633/681 | Building BVH
Fra:1 Mem:396.85M (Peak 485.01M) | Time:00:00.25 | Mem:279.72M, Peak:279.72M | Scene, ViewLayer | Updating Geometry BVH West chapel bridge voussoir.009 639/681 | Building mesh BLAS |     188 tris | West chapel bridge voussoir.003
Fra:1 Mem:396.85M (Peak 485.01M) | Time:00:00.25 | Mem:279.72M, Peak:279.72M | Scene, ViewLayer | Updating Geometry BVH West chapel bridge voussoir.009 639/681 | Building mesh BLAS |     188 tris | West chapel bridge voussoir.009
Fra:1 Mem:396.85M (Peak 485.01M) | Time:00:00.25 | Mem:279.82M, Peak:279.82M | Scene, ViewLayer | Updating Geometry BVH West chapel bridge voussoir.004 634/681 | Building BVH
Fra:1 Mem:396.85M (Peak 485.01M) | Time:00:00.25 | Mem:279.83M, Peak:279.83M | Scene, ViewLayer | Updating Geometry BVH West chapel bridge voussoir.004 634/681 | Building mesh BLAS |     188 tris | West chapel bridge voussoir.004
Fra:1 Mem:396.85M (Peak 485.01M) | Time:00:00.25 | Mem:279.83M, Peak:279.83M | Scene, ViewLayer | Updating Geometry BVH West chapel bridge voussoir.005 635/681 | Building BVH
Fra:1 Mem:396.85M (Peak 485.01M) | Time:00:00.25 | Mem:279.83M, Peak:279.83M | Scene, ViewLayer | Updating Geometry BVH West chapel bridge voussoir.006 636/681 | Building BVH
Fra:1 Mem:396.85M (Peak 485.01M) | Time:00:00.25 | Mem:279.83M, Peak:279.83M | Scene, ViewLayer | Updating Geometry BVH West chapel bridge voussoir.007 637/681 | Building mesh BLAS |     188 tris | West chapel bridge voussoir.005
Fra:1 Mem:396.85M (Peak 485.01M) | Time:00:00.25 | Mem:279.83M, Peak:279.83M | Scene, ViewLayer | Updating Geometry BVH West chapel bridge voussoir.007 637/681 | Building mesh BLAS |     188 tris | West chapel bridge voussoir.006
Fra:1 Mem:396.85M (Peak 485.01M) | Time:00:00.25 | Mem:279.83M, Peak:279.83M | Scene, ViewLayer | Updating Geometry BVH West chapel bridge voussoir.008 638/681 | Building BVH
Fra:1 Mem:396.85M (Peak 485.01M) | Time:00:00.25 | Mem:279.83M, Peak:279.83M | Scene, ViewLayer | Updating Geometry BVH West chapel bridge voussoir.008 638/681 | Building mesh BLAS |     188 tris | West chapel bridge voussoir.008
Fra:1 Mem:396.85M (Peak 485.01M) | Time:00:00.25 | Mem:280.11M, Peak:280.11M | Scene, ViewLayer | Updating Scene BVH | Building
Fra:1 Mem:396.86M (Peak 485.01M) | Time:00:00.26 | Mem:285.03M, Peak:285.03M | Scene, ViewLayer | Updating Scene BVH | Building TLAS      |     685 instances
Fra:1 Mem:396.88M (Peak 485.01M) | Time:00:00.26 | Mem:285.19M, Peak:285.19M | Scene, ViewLayer | Updating Scene BVH | Copying BVH to device
Fra:1 Mem:396.88M (Peak 485.01M) | Time:00:00.26 | Mem:285.19M, Peak:285.19M | Scene, ViewLayer | Updating Mesh | Computing normals
Fra:1 Mem:416.56M (Peak 485.01M) | Time:00:00.27 | Mem:285.19M, Peak:285.19M | Scene, ViewLayer | Updating Mesh | Copying Mesh to device
Fra:1 Mem:396.88M (Peak 485.01M) | Time:00:00.27 | Mem:304.88M, Peak:304.88M | Scene, ViewLayer | Updating Objects Flags
Fra:1 Mem:396.87M (Peak 485.01M) | Time:00:00.27 | Mem:304.88M, Peak:304.88M | Scene, ViewLayer | Updating Primitive Offsets
Fra:1 Mem:396.87M (Peak 485.01M) | Time:00:00.27 | Mem:304.89M, Peak:304.89M | Scene, ViewLayer | Updating Images
Fra:1 Mem:396.87M (Peak 485.01M) | Time:00:00.27 | Mem:304.89M, Peak:304.89M | Scene, ViewLayer | Updating Camera Volume
Fra:1 Mem:396.87M (Peak 485.01M) | Time:00:00.27 | Mem:304.89M, Peak:304.89M | Scene, ViewLayer | Updating Lookup Tables
Fra:1 Mem:396.79M (Peak 485.01M) | Time:00:00.27 | Mem:304.98M, Peak:304.98M | Scene, ViewLayer | Updating Lights
Fra:1 Mem:396.79M (Peak 485.01M) | Time:00:00.27 | Mem:304.98M, Peak:304.98M | Scene, ViewLayer | Updating Lights | Computing tree
Fra:1 Mem:396.79M (Peak 485.01M) | Time:00:00.27 | Mem:305.21M, Peak:305.21M | Scene, ViewLayer | Updating Integrator
Fra:1 Mem:396.79M (Peak 485.01M) | Time:00:00.27 | Mem:305.21M, Peak:305.21M | Scene, ViewLayer | Updating Film
Fra:1 Mem:396.87M (Peak 485.01M) | Time:00:00.27 | Mem:305.12M, Peak:305.21M | Scene, ViewLayer | Updating Lookup Tables
Fra:1 Mem:396.79M (Peak 485.01M) | Time:00:00.27 | Mem:305.21M, Peak:305.21M | Scene, ViewLayer | Updating Baking
Fra:1 Mem:396.79M (Peak 485.01M) | Time:00:00.27 | Mem:305.21M, Peak:305.21M | Scene, ViewLayer | Updating Device | Writing constant memory
Fra:1 Mem:396.80M (Peak 485.01M) | Time:00:00.28 | Mem:305.21M, Peak:305.21M | Scene, ViewLayer | Loading denoising kernels (may take a few minutes the first time)
Fra:1 Mem:396.80M (Peak 485.01M) | Time:00:00.29 | Mem:3505.22M, Peak:3505.22M | Scene, ViewLayer | Rendered 0/4 Tiles, Sample 0/512 (Using optimized kernels)
Fra:1 Mem:396.79M (Peak 701.98M) | Time:00:01.04 | Remaining:10:14.00 | Mem:3810.45M, Peak:3810.45M | Scene, ViewLayer | Rendered 0/4 Tiles, Sample 1/512 (3 kernels to optimize)
Fra:1 Mem:396.79M (Peak 701.98M) | Time:00:05.85 | Remaining:02:12.62 | Mem:3810.47M, Peak:3810.47M | Scene, ViewLayer | Rendered 0/4 Tiles, Sample 33/512 (2 kernels to optimize)
Fra:1 Mem:396.79M (Peak 701.98M) | Time:00:12.65 | Remaining:01:54.43 | Mem:3810.47M, Peak:3810.47M | Scene, ViewLayer | Rendered 0/4 Tiles, Sample 80/512 (1 kernels to optimize)
Fra:1 Mem:396.79M (Peak 701.98M) | Time:00:14.88 | Remaining:01:50.08 | Mem:3810.47M, Peak:3810.47M | Scene, ViewLayer | Rendered 0/4 Tiles, Sample 96/512 (Using optimized kernels)
Fra:1 Mem:396.79M (Peak 701.98M) | Time:00:17.09 | Remaining:01:46.24 | Mem:3810.47M, Peak:3810.47M | Scene, ViewLayer | Rendered 0/4 Tiles, Sample 112/512 (Using optimized kernels)
Fra:1 Mem:396.79M (Peak 701.98M) | Time:00:19.28 | Remaining:01:42.70 | Mem:3810.47M, Peak:3810.47M | Scene, ViewLayer | Rendered 0/4 Tiles, Sample 128/512 (Using optimized kernels)
Fra:1 Mem:396.79M (Peak 701.98M) | Time:00:21.46 | Remaining:01:39.44 | Mem:3810.47M, Peak:3810.47M | Scene, ViewLayer | Rendered 0/4 Tiles, Sample 144/512 (Using optimized kernels)
Fra:1 Mem:396.79M (Peak 701.98M) | Time:00:23.64 | Remaining:01:36.37 | Mem:3810.47M, Peak:3810.47M | Scene, ViewLayer | Rendered 0/4 Tiles, Sample 160/512 (Using optimized kernels)
Fra:1 Mem:396.79M (Peak 701.98M) | Time:00:25.85 | Remaining:01:33.57 | Mem:3810.47M, Peak:3810.47M | Scene, ViewLayer | Rendered 0/4 Tiles, Sample 176/512 (Using optimized kernels)
Fra:1 Mem:396.79M (Peak 701.98M) | Time:00:28.05 | Remaining:01:30.86 | Mem:3810.47M, Peak:3810.47M | Scene, ViewLayer | Rendered 0/4 Tiles, Sample 192/512 (Using optimized kernels)
Fra:1 Mem:396.79M (Peak 701.98M) | Time:00:30.34 | Remaining:01:28.46 | Mem:3810.47M, Peak:3810.47M | Scene, ViewLayer | Rendered 0/4 Tiles, Sample 208/512 (Using optimized kernels)
Fra:1 Mem:396.79M (Peak 701.98M) | Time:00:32.60 | Remaining:01:26.01 | Mem:3810.47M, Peak:3810.47M | Scene, ViewLayer | Rendered 0/4 Tiles, Sample 224/512 (Using optimized kernels)
Fra:1 Mem:396.79M (Peak 701.98M) | Time:00:34.78 | Remaining:01:23.39 | Mem:3810.47M, Peak:3810.47M | Scene, ViewLayer | Rendered 0/4 Tiles, Sample 240/512 (Using optimized kernels)
Fra:1 Mem:396.79M (Peak 701.98M) | Time:00:36.96 | Remaining:01:20.84 | Mem:3810.47M, Peak:3810.47M | Scene, ViewLayer | Rendered 0/4 Tiles, Sample 256/512 (Using optimized kernels)
Fra:1 Mem:396.79M (Peak 701.98M) | Time:00:39.15 | Remaining:01:18.34 | Mem:3810.47M, Peak:3810.47M | Scene, ViewLayer | Rendered 0/4 Tiles, Sample 272/512 (Using optimized kernels)
Fra:1 Mem:396.79M (Peak 701.98M) | Time:00:41.42 | Remaining:01:16.03 | Mem:3810.47M, Peak:3810.47M | Scene, ViewLayer | Rendered 0/4 Tiles, Sample 288/512 (Using optimized kernels)
Fra:1 Mem:396.79M (Peak 701.98M) | Time:00:43.84 | Remaining:01:13.97 | Mem:3810.47M, Peak:3810.47M | Scene, ViewLayer | Rendered 0/4 Tiles, Sample 304/512 (Using optimized kernels)
Fra:1 Mem:396.79M (Peak 701.98M) | Time:00:46.33 | Remaining:01:11.98 | Mem:3810.47M, Peak:3810.47M | Scene, ViewLayer | Rendered 0/4 Tiles, Sample 320/512 (Using optimized kernels)
Fra:1 Mem:396.79M (Peak 701.98M) | Time:00:48.76 | Remaining:01:09.87 | Mem:3810.47M, Peak:3810.47M | Scene, ViewLayer | Rendered 0/4 Tiles, Sample 336/512 (Using optimized kernels)
Fra:1 Mem:396.79M (Peak 701.98M) | Time:00:51.23 | Remaining:01:07.77 | Mem:3810.47M, Peak:3810.47M | Scene, ViewLayer | Rendered 0/4 Tiles, Sample 352/512 (Using optimized kernels)
Fra:1 Mem:396.79M (Peak 701.98M) | Time:00:53.73 | Remaining:01:05.68 | Mem:3810.47M, Peak:3810.47M | Scene, ViewLayer | Rendered 0/4 Tiles, Sample 368/512 (Using optimized kernels)
Fra:1 Mem:396.79M (Peak 701.98M) | Time:00:56.27 | Remaining:01:03.61 | Mem:3810.47M, Peak:3810.47M | Scene, ViewLayer | Rendered 0/4 Tiles, Sample 384/512 (Using optimized kernels)
Fra:1 Mem:396.79M (Peak 701.98M) | Time:00:58.84 | Remaining:01:01.52 | Mem:3810.47M, Peak:3810.47M | Scene, ViewLayer | Rendered 0/4 Tiles, Sample 400/512 (Using optimized kernels)
Fra:1 Mem:396.79M (Peak 701.98M) | Time:01:01.49 | Remaining:00:59.48 | Mem:3810.47M, Peak:3810.47M | Scene, ViewLayer | Rendered 0/4 Tiles, Sample 416/512 (Using optimized kernels)
Fra:1 Mem:396.79M (Peak 701.98M) | Time:01:04.19 | Remaining:00:57.43 | Mem:3810.47M, Peak:3810.47M | Scene, ViewLayer | Rendered 0/4 Tiles, Sample 432/512 (Using optimized kernels)
Fra:1 Mem:396.79M (Peak 701.98M) | Time:01:06.91 | Remaining:00:55.36 | Mem:3810.47M, Peak:3810.47M | Scene, ViewLayer | Rendered 0/4 Tiles, Sample 448/512 (Using optimized kernels)
Fra:1 Mem:396.79M (Peak 701.98M) | Time:01:09.79 | Remaining:00:53.36 | Mem:3810.47M, Peak:3810.47M | Scene, ViewLayer | Rendered 0/4 Tiles, Sample 464/512 (Using optimized kernels)
Fra:1 Mem:396.79M (Peak 701.98M) | Time:01:12.63 | Remaining:00:51.28 | Mem:3810.47M, Peak:3810.47M | Scene, ViewLayer | Rendered 0/4 Tiles, Sample 480/512 (Using optimized kernels)
Fra:1 Mem:396.79M (Peak 701.98M) | Time:01:15.67 | Remaining:00:49.28 | Mem:3810.47M, Peak:3810.47M | Scene, ViewLayer | Rendered 0/4 Tiles, Sample 496/512 (Using optimized kernels)
Fra:1 Mem:396.79M (Peak 701.98M) | Time:01:19.31 | Remaining:00:47.58 | Mem:3810.47M, Peak:3810.47M | Scene, ViewLayer | Rendered 0/4 Tiles, Sample 512/512 (Using optimized kernels)
Fra:1 Mem:396.79M (Peak 701.98M) | Time:01:19.31 | Remaining:00:47.58 | Mem:3810.47M, Peak:3810.47M | Scene, ViewLayer | Rendered 1/4 Tiles, Sample 512/512 (Using optimized kernels)
Fra:1 Mem:396.79M (Peak 701.98M) | Time:01:19.42 | Remaining:00:47.60 | Mem:3558.22M, Peak:3810.47M | Scene, ViewLayer | Rendered 1/4 Tiles, Sample 1/512 (Using optimized kernels)
Fra:1 Mem:396.79M (Peak 701.98M) | Time:01:23.46 | Remaining:00:46.59 | Mem:3558.22M, Peak:3810.47M | Scene, ViewLayer | Rendered 1/4 Tiles, Sample 80/512 (Using optimized kernels)
Fra:1 Mem:396.79M (Peak 701.98M) | Time:01:24.33 | Remaining:00:46.40 | Mem:3558.22M, Peak:3810.47M | Scene, ViewLayer | Rendered 1/4 Tiles, Sample 96/512 (Using optimized kernels)
Fra:1 Mem:396.79M (Peak 701.98M) | Time:01:25.20 | Remaining:00:46.20 | Mem:3558.22M, Peak:3810.47M | Scene, ViewLayer | Rendered 1/4 Tiles, Sample 112/512 (Using optimized kernels)
Fra:1 Mem:396.79M (Peak 701.98M) | Time:01:26.12 | Remaining:00:46.01 | Mem:3558.22M, Peak:3810.47M | Scene, ViewLayer | Rendered 1/4 Tiles, Sample 128/512 (Using optimized kernels)
Fra:1 Mem:396.79M (Peak 701.98M) | Time:01:27.08 | Remaining:00:45.85 | Mem:3558.22M, Peak:3810.47M | Scene, ViewLayer | Rendered 1/4 Tiles, Sample 144/512 (Using optimized kernels)
Fra:1 Mem:396.79M (Peak 701.98M) | Time:01:28.08 | Remaining:00:45.69 | Mem:3558.22M, Peak:3810.47M | Scene, ViewLayer | Rendered 1/4 Tiles, Sample 160/512 (Using optimized kernels)
Fra:1 Mem:396.79M (Peak 701.98M) | Time:01:29.13 | Remaining:00:45.55 | Mem:3558.22M, Peak:3810.47M | Scene, ViewLayer | Rendered 1/4 Tiles, Sample 176/512 (Using optimized kernels)
Fra:1 Mem:396.79M (Peak 701.98M) | Time:01:30.18 | Remaining:00:45.40 | Mem:3558.22M, Peak:3810.47M | Scene, ViewLayer | Rendered 1/4 Tiles, Sample 192/512 (Using optimized kernels)
Fra:1 Mem:396.79M (Peak 701.98M) | Time:01:31.20 | Remaining:00:45.24 | Mem:3558.22M, Peak:3810.47M | Scene, ViewLayer | Rendered 1/4 Tiles, Sample 208/512 (Using optimized kernels)
Fra:1 Mem:396.79M (Peak 701.98M) | Time:01:32.22 | Remaining:00:45.05 | Mem:3558.22M, Peak:3810.47M | Scene, ViewLayer | Rendered 1/4 Tiles, Sample 224/512 (Using optimized kernels)
Fra:1 Mem:396.79M (Peak 701.98M) | Time:01:33.33 | Remaining:00:44.91 | Mem:3558.22M, Peak:3810.47M | Scene, ViewLayer | Rendered 1/4 Tiles, Sample 240/512 (Using optimized kernels)
Fra:1 Mem:396.79M (Peak 701.98M) | Time:01:34.39 | Remaining:00:44.73 | Mem:3558.22M, Peak:3810.47M | Scene, ViewLayer | Rendered 1/4 Tiles, Sample 256/512 (Using optimized kernels)
Fra:1 Mem:396.79M (Peak 701.98M) | Time:01:35.41 | Remaining:00:44.52 | Mem:3558.22M, Peak:3810.47M | Scene, ViewLayer | Rendered 1/4 Tiles, Sample 272/512 (Using optimized kernels)
Fra:1 Mem:396.79M (Peak 701.98M) | Time:01:36.50 | Remaining:00:44.34 | Mem:3558.22M, Peak:3810.47M | Scene, ViewLayer | Rendered 1/4 Tiles, Sample 288/512 (Using optimized kernels)
Fra:1 Mem:396.79M (Peak 701.98M) | Time:01:37.60 | Remaining:00:44.16 | Mem:3558.22M, Peak:3810.47M | Scene, ViewLayer | Rendered 1/4 Tiles, Sample 304/512 (Using optimized kernels)
Fra:1 Mem:396.79M (Peak 701.98M) | Time:01:38.73 | Remaining:00:43.97 | Mem:3558.22M, Peak:3810.47M | Scene, ViewLayer | Rendered 1/4 Tiles, Sample 320/512 (Using optimized kernels)
Fra:1 Mem:396.79M (Peak 701.98M) | Time:01:39.74 | Remaining:00:43.73 | Mem:3558.22M, Peak:3810.47M | Scene, ViewLayer | Rendered 1/4 Tiles, Sample 336/512 (Using optimized kernels)
Fra:1 Mem:396.79M (Peak 701.98M) | Time:01:40.76 | Remaining:00:43.48 | Mem:3558.22M, Peak:3810.47M | Scene, ViewLayer | Rendered 1/4 Tiles, Sample 352/512 (Using optimized kernels)
Fra:1 Mem:396.79M (Peak 701.98M) | Time:01:41.85 | Remaining:00:43.26 | Mem:3558.22M, Peak:3810.47M | Scene, ViewLayer | Rendered 1/4 Tiles, Sample 368/512 (Using optimized kernels)
Fra:1 Mem:396.79M (Peak 701.98M) | Time:01:43.21 | Remaining:00:43.14 | Mem:3558.22M, Peak:3810.47M | Scene, ViewLayer | Rendered 1/4 Tiles, Sample 384/512 (Using optimized kernels)
Fra:1 Mem:396.79M (Peak 701.98M) | Time:01:44.39 | Remaining:00:42.94 | Mem:3558.22M, Peak:3810.47M | Scene, ViewLayer | Rendered 1/4 Tiles, Sample 400/512 (Using optimized kernels)
Fra:1 Mem:396.79M (Peak 701.98M) | Time:01:45.33 | Remaining:00:42.63 | Mem:3558.22M, Peak:3810.47M | Scene, ViewLayer | Rendered 1/4 Tiles, Sample 416/512 (Using optimized kernels)
Fra:1 Mem:396.79M (Peak 701.98M) | Time:01:46.28 | Remaining:00:42.31 | Mem:3558.22M, Peak:3810.47M | Scene, ViewLayer | Rendered 1/4 Tiles, Sample 432/512 (Using optimized kernels)
Fra:1 Mem:396.79M (Peak 701.98M) | Time:01:47.42 | Remaining:00:42.07 | Mem:3558.22M, Peak:3810.47M | Scene, ViewLayer | Rendered 1/4 Tiles, Sample 448/512 (Using optimized kernels)
Fra:1 Mem:396.79M (Peak 701.98M) | Time:01:48.62 | Remaining:00:41.84 | Mem:3558.22M, Peak:3810.47M | Scene, ViewLayer | Rendered 1/4 Tiles, Sample 464/512 (Using optimized kernels)
Fra:1 Mem:396.79M (Peak 701.98M) | Time:01:49.77 | Remaining:00:41.58 | Mem:3558.22M, Peak:3810.47M | Scene, ViewLayer | Rendered 1/4 Tiles, Sample 480/512 (Using optimized kernels)
Fra:1 Mem:396.79M (Peak 701.98M) | Time:01:50.83 | Remaining:00:41.28 | Mem:3558.22M, Peak:3810.47M | Scene, ViewLayer | Rendered 1/4 Tiles, Sample 496/512 (Using optimized kernels)
Fra:1 Mem:396.79M (Peak 701.98M) | Time:01:51.95 | Remaining:00:41.00 | Mem:3558.22M, Peak:3810.47M | Scene, ViewLayer | Rendered 1/4 Tiles, Sample 512/512 (Using optimized kernels)
Fra:1 Mem:396.79M (Peak 701.98M) | Time:01:51.95 | Remaining:00:41.00 | Mem:3558.22M, Peak:3810.47M | Scene, ViewLayer | Rendered 2/4 Tiles, Sample 512/512 (Using optimized kernels)
Fra:1 Mem:396.79M (Peak 701.98M) | Time:01:52.12 | Remaining:00:40.96 | Mem:3617.72M, Peak:3810.47M | Scene, ViewLayer | Rendered 2/4 Tiles, Sample 1/512 (Using optimized kernels)
Fra:1 Mem:396.79M (Peak 701.98M) | Time:02:03.33 | Remaining:00:37.32 | Mem:3617.72M, Peak:3810.47M | Scene, ViewLayer | Rendered 2/4 Tiles, Sample 80/512 (Using optimized kernels)
Fra:1 Mem:396.79M (Peak 701.98M) | Time:02:05.60 | Remaining:00:36.50 | Mem:3617.72M, Peak:3810.47M | Scene, ViewLayer | Rendered 2/4 Tiles, Sample 96/512 (Using optimized kernels)
Fra:1 Mem:396.79M (Peak 701.98M) | Time:02:07.57 | Remaining:00:35.57 | Mem:3617.72M, Peak:3810.47M | Scene, ViewLayer | Rendered 2/4 Tiles, Sample 112/512 (Using optimized kernels)
Fra:1 Mem:396.79M (Peak 701.98M) | Time:02:09.63 | Remaining:00:34.64 | Mem:3617.72M, Peak:3810.47M | Scene, ViewLayer | Rendered 2/4 Tiles, Sample 128/512 (Using optimized kernels)
Fra:1 Mem:396.79M (Peak 701.98M) | Time:02:11.68 | Remaining:00:33.69 | Mem:3617.72M, Peak:3810.47M | Scene, ViewLayer | Rendered 2/4 Tiles, Sample 144/512 (Using optimized kernels)
Fra:1 Mem:396.79M (Peak 701.98M) | Time:02:13.87 | Remaining:00:32.76 | Mem:3617.72M, Peak:3810.47M | Scene, ViewLayer | Rendered 2/4 Tiles, Sample 160/512 (Using optimized kernels)
Fra:1 Mem:396.79M (Peak 701.98M) | Time:02:15.88 | Remaining:00:31.76 | Mem:3617.72M, Peak:3810.47M | Scene, ViewLayer | Rendered 2/4 Tiles, Sample 176/512 (Using optimized kernels)
Fra:1 Mem:396.79M (Peak 701.98M) | Time:02:17.79 | Remaining:00:30.72 | Mem:3617.72M, Peak:3810.47M | Scene, ViewLayer | Rendered 2/4 Tiles, Sample 192/512 (Using optimized kernels)
Fra:1 Mem:396.79M (Peak 701.98M) | Time:02:19.80 | Remaining:00:29.68 | Mem:3617.72M, Peak:3810.47M | Scene, ViewLayer | Rendered 2/4 Tiles, Sample 208/512 (Using optimized kernels)
Fra:1 Mem:396.79M (Peak 701.98M) | Time:02:21.79 | Remaining:00:28.63 | Mem:3617.72M, Peak:3810.47M | Scene, ViewLayer | Rendered 2/4 Tiles, Sample 224/512 (Using optimized kernels)
Fra:1 Mem:396.79M (Peak 701.98M) | Time:02:23.60 | Remaining:00:27.52 | Mem:3617.72M, Peak:3810.47M | Scene, ViewLayer | Rendered 2/4 Tiles, Sample 240/512 (Using optimized kernels)
Fra:1 Mem:396.79M (Peak 701.98M) | Time:02:25.48 | Remaining:00:26.42 | Mem:3617.72M, Peak:3810.47M | Scene, ViewLayer | Rendered 2/4 Tiles, Sample 256/512 (Using optimized kernels)
Fra:1 Mem:396.79M (Peak 701.98M) | Time:02:27.50 | Remaining:00:25.33 | Mem:3617.72M, Peak:3810.47M | Scene, ViewLayer | Rendered 2/4 Tiles, Sample 272/512 (Using optimized kernels)
Fra:1 Mem:396.79M (Peak 701.98M) | Time:02:29.47 | Remaining:00:24.21 | Mem:3617.72M, Peak:3810.47M | Scene, ViewLayer | Rendered 2/4 Tiles, Sample 288/512 (Using optimized kernels)
Fra:1 Mem:396.79M (Peak 701.98M) | Time:02:31.33 | Remaining:00:23.06 | Mem:3617.72M, Peak:3810.47M | Scene, ViewLayer | Rendered 2/4 Tiles, Sample 304/512 (Using optimized kernels)
Fra:1 Mem:396.79M (Peak 701.98M) | Time:02:33.23 | Remaining:00:21.91 | Mem:3617.72M, Peak:3810.47M | Scene, ViewLayer | Rendered 2/4 Tiles, Sample 320/512 (Using optimized kernels)
Fra:1 Mem:396.79M (Peak 701.98M) | Time:02:35.10 | Remaining:00:20.74 | Mem:3617.72M, Peak:3810.47M | Scene, ViewLayer | Rendered 2/4 Tiles, Sample 336/512 (Using optimized kernels)
Fra:1 Mem:396.79M (Peak 701.98M) | Time:02:36.98 | Remaining:00:19.56 | Mem:3617.72M, Peak:3810.47M | Scene, ViewLayer | Rendered 2/4 Tiles, Sample 352/512 (Using optimized kernels)
Fra:1 Mem:396.79M (Peak 701.98M) | Time:02:38.84 | Remaining:00:18.37 | Mem:3617.72M, Peak:3810.47M | Scene, ViewLayer | Rendered 2/4 Tiles, Sample 368/512 (Using optimized kernels)
Fra:1 Mem:396.79M (Peak 701.98M) | Time:02:40.68 | Remaining:00:17.16 | Mem:3617.72M, Peak:3810.47M | Scene, ViewLayer | Rendered 2/4 Tiles, Sample 384/512 (Using optimized kernels)
Fra:1 Mem:396.79M (Peak 701.98M) | Time:02:42.58 | Remaining:00:15.95 | Mem:3617.72M, Peak:3810.47M | Scene, ViewLayer | Rendered 2/4 Tiles, Sample 400/512 (Using optimized kernels)
Fra:1 Mem:396.79M (Peak 701.98M) | Time:02:44.45 | Remaining:00:14.73 | Mem:3617.72M, Peak:3810.47M | Scene, ViewLayer | Rendered 2/4 Tiles, Sample 416/512 (Using optimized kernels)
Fra:1 Mem:396.79M (Peak 701.98M) | Time:02:46.25 | Remaining:00:13.49 | Mem:3617.72M, Peak:3810.47M | Scene, ViewLayer | Rendered 2/4 Tiles, Sample 432/512 (Using optimized kernels)
Fra:1 Mem:396.79M (Peak 701.98M) | Time:02:48.03 | Remaining:00:12.24 | Mem:3617.72M, Peak:3810.47M | Scene, ViewLayer | Rendered 2/4 Tiles, Sample 448/512 (Using optimized kernels)
Fra:1 Mem:396.79M (Peak 701.98M) | Time:02:49.88 | Remaining:00:10.99 | Mem:3617.72M, Peak:3810.47M | Scene, ViewLayer | Rendered 2/4 Tiles, Sample 464/512 (Using optimized kernels)
Fra:1 Mem:396.79M (Peak 701.98M) | Time:02:51.87 | Remaining:00:09.73 | Mem:3617.72M, Peak:3810.47M | Scene, ViewLayer | Rendered 2/4 Tiles, Sample 480/512 (Using optimized kernels)
Fra:1 Mem:396.79M (Peak 701.98M) | Time:02:53.79 | Remaining:00:08.47 | Mem:3617.72M, Peak:3810.47M | Scene, ViewLayer | Rendered 2/4 Tiles, Sample 496/512 (Using optimized kernels)
Fra:1 Mem:396.79M (Peak 701.98M) | Time:02:55.82 | Remaining:00:07.19 | Mem:3617.72M, Peak:3810.47M | Scene, ViewLayer | Rendered 2/4 Tiles, Sample 512/512 (Using optimized kernels)
Fra:1 Mem:396.79M (Peak 701.98M) | Time:02:55.82 | Remaining:00:07.19 | Mem:3617.72M, Peak:3810.47M | Scene, ViewLayer | Rendered 3/4 Tiles, Sample 512/512 (Using optimized kernels)
Fra:1 Mem:396.79M (Peak 701.98M) | Time:02:55.89 | Remaining:00:07.18 | Mem:3524.78M, Peak:3810.47M | Scene, ViewLayer | Rendered 3/4 Tiles, Sample 1/512 (Using optimized kernels)
Fra:1 Mem:396.79M (Peak 701.98M) | Time:02:57.44 | Remaining:00:06.09 | Mem:3524.78M, Peak:3810.47M | Scene, ViewLayer | Rendered 3/4 Tiles, Sample 80/512 (Using optimized kernels)
Fra:1 Mem:396.79M (Peak 701.98M) | Time:02:57.83 | Remaining:00:05.87 | Mem:3524.78M, Peak:3810.47M | Scene, ViewLayer | Rendered 3/4 Tiles, Sample 96/512 (Using optimized kernels)
Fra:1 Mem:396.79M (Peak 701.98M) | Time:02:58.21 | Remaining:00:05.64 | Mem:3524.78M, Peak:3810.47M | Scene, ViewLayer | Rendered 3/4 Tiles, Sample 112/512 (Using optimized kernels)
Fra:1 Mem:396.79M (Peak 701.98M) | Time:02:58.59 | Remaining:00:05.42 | Mem:3524.78M, Peak:3810.47M | Scene, ViewLayer | Rendered 3/4 Tiles, Sample 128/512 (Using optimized kernels)
Fra:1 Mem:396.79M (Peak 701.98M) | Time:02:58.96 | Remaining:00:05.20 | Mem:3524.78M, Peak:3810.47M | Scene, ViewLayer | Rendered 3/4 Tiles, Sample 144/512 (Using optimized kernels)
Fra:1 Mem:396.79M (Peak 701.98M) | Time:02:59.33 | Remaining:00:04.98 | Mem:3524.78M, Peak:3810.47M | Scene, ViewLayer | Rendered 3/4 Tiles, Sample 160/512 (Using optimized kernels)
Fra:1 Mem:396.79M (Peak 701.98M) | Time:02:59.68 | Remaining:00:04.76 | Mem:3524.78M, Peak:3810.47M | Scene, ViewLayer | Rendered 3/4 Tiles, Sample 176/512 (Using optimized kernels)
Fra:1 Mem:396.79M (Peak 701.98M) | Time:03:00.04 | Remaining:00:04.53 | Mem:3524.78M, Peak:3810.47M | Scene, ViewLayer | Rendered 3/4 Tiles, Sample 192/512 (Using optimized kernels)
Fra:1 Mem:396.79M (Peak 701.98M) | Time:03:00.40 | Remaining:00:04.31 | Mem:3524.78M, Peak:3810.47M | Scene, ViewLayer | Rendered 3/4 Tiles, Sample 208/512 (Using optimized kernels)
Fra:1 Mem:396.79M (Peak 701.98M) | Time:03:00.74 | Remaining:00:04.08 | Mem:3524.78M, Peak:3810.47M | Scene, ViewLayer | Rendered 3/4 Tiles, Sample 224/512 (Using optimized kernels)
Fra:1 Mem:396.79M (Peak 701.98M) | Time:03:01.09 | Remaining:00:03.86 | Mem:3524.78M, Peak:3810.47M | Scene, ViewLayer | Rendered 3/4 Tiles, Sample 240/512 (Using optimized kernels)
Fra:1 Mem:396.79M (Peak 701.98M) | Time:03:01.44 | Remaining:00:03.63 | Mem:3524.78M, Peak:3810.47M | Scene, ViewLayer | Rendered 3/4 Tiles, Sample 256/512 (Using optimized kernels)
Fra:1 Mem:396.79M (Peak 701.98M) | Time:03:01.79 | Remaining:00:03.41 | Mem:3524.78M, Peak:3810.47M | Scene, ViewLayer | Rendered 3/4 Tiles, Sample 272/512 (Using optimized kernels)
Fra:1 Mem:396.79M (Peak 701.98M) | Time:03:02.16 | Remaining:00:03.18 | Mem:3524.78M, Peak:3810.47M | Scene, ViewLayer | Rendered 3/4 Tiles, Sample 288/512 (Using optimized kernels)
Fra:1 Mem:396.79M (Peak 701.98M) | Time:03:02.52 | Remaining:00:02.96 | Mem:3524.78M, Peak:3810.47M | Scene, ViewLayer | Rendered 3/4 Tiles, Sample 304/512 (Using optimized kernels)
Fra:1 Mem:396.79M (Peak 701.98M) | Time:03:02.88 | Remaining:00:02.73 | Mem:3524.78M, Peak:3810.47M | Scene, ViewLayer | Rendered 3/4 Tiles, Sample 320/512 (Using optimized kernels)
Fra:1 Mem:396.79M (Peak 701.98M) | Time:03:03.25 | Remaining:00:02.51 | Mem:3524.78M, Peak:3810.47M | Scene, ViewLayer | Rendered 3/4 Tiles, Sample 336/512 (Using optimized kernels)
Fra:1 Mem:396.79M (Peak 701.98M) | Time:03:03.60 | Remaining:00:02.28 | Mem:3524.78M, Peak:3810.47M | Scene, ViewLayer | Rendered 3/4 Tiles, Sample 352/512 (Using optimized kernels)
Fra:1 Mem:396.79M (Peak 701.98M) | Time:03:03.97 | Remaining:00:02.05 | Mem:3524.78M, Peak:3810.47M | Scene, ViewLayer | Rendered 3/4 Tiles, Sample 368/512 (Using optimized kernels)
Fra:1 Mem:396.79M (Peak 701.98M) | Time:03:04.33 | Remaining:00:01.83 | Mem:3524.78M, Peak:3810.47M | Scene, ViewLayer | Rendered 3/4 Tiles, Sample 384/512 (Using optimized kernels)
Fra:1 Mem:396.79M (Peak 701.98M) | Time:03:04.68 | Remaining:00:01.60 | Mem:3524.78M, Peak:3810.47M | Scene, ViewLayer | Rendered 3/4 Tiles, Sample 400/512 (Using optimized kernels)
Fra:1 Mem:396.79M (Peak 701.98M) | Time:03:05.04 | Remaining:00:01.37 | Mem:3524.78M, Peak:3810.47M | Scene, ViewLayer | Rendered 3/4 Tiles, Sample 416/512 (Using optimized kernels)
Fra:1 Mem:396.79M (Peak 701.98M) | Time:03:05.40 | Remaining:00:01.14 | Mem:3524.78M, Peak:3810.47M | Scene, ViewLayer | Rendered 3/4 Tiles, Sample 432/512 (Using optimized kernels)
Fra:1 Mem:396.79M (Peak 701.98M) | Time:03:05.75 | Remaining:00:00.91 | Mem:3524.78M, Peak:3810.47M | Scene, ViewLayer | Rendered 3/4 Tiles, Sample 448/512 (Using optimized kernels)
Fra:1 Mem:396.79M (Peak 701.98M) | Time:03:06.10 | Remaining:00:00.68 | Mem:3524.78M, Peak:3810.47M | Scene, ViewLayer | Rendered 3/4 Tiles, Sample 464/512 (Using optimized kernels)
Fra:1 Mem:396.79M (Peak 701.98M) | Time:03:06.45 | Remaining:00:00.45 | Mem:3524.78M, Peak:3810.47M | Scene, ViewLayer | Rendered 3/4 Tiles, Sample 480/512 (Using optimized kernels)
Fra:1 Mem:396.79M (Peak 701.98M) | Time:03:06.80 | Remaining:00:00.22 | Mem:3524.78M, Peak:3810.47M | Scene, ViewLayer | Rendered 3/4 Tiles, Sample 496/512 (Using optimized kernels)
Fra:1 Mem:396.79M (Peak 701.98M) | Time:03:07.19 | Mem:3524.78M, Peak:3810.47M | Scene, ViewLayer | Rendered 3/4 Tiles, Sample 512/512 (Using optimized kernels)
Fra:1 Mem:396.79M (Peak 701.98M) | Time:03:07.19 | Mem:3524.78M, Peak:3810.47M | Scene, ViewLayer | Rendered 3/4 Tiles, Sample 0/512 (Using optimized kernels)
Fra:1 Mem:396.79M (Peak 701.98M) | Time:03:07.19 | Mem:3524.78M, Peak:3810.47M | Scene, ViewLayer | Finished
Fra:1 Mem:110.98M (Peak 701.98M) | Time:03:07.20 | Mem:3200.09M, Peak:3810.47M | Scene | Reading full buffer from disk
Fra:1 Mem:598.04M (Peak 701.98M) | Time:03:07.49 | Mem:3200.09M, Peak:3810.47M | Scene | ViewLayer | Denoising
Fra:1 Mem:598.04M (Peak 751.85M) | Time:03:18.70 | Mem:3687.15M, Peak:3810.47M | Scene | ViewLayer | Finishing
Saved: '/Users/xuanji/gits/mv-astra/output/monuments/02-moon-palace.png'
Time: 03:19.61 (Saving: 00:00.75)

Info: Packed 9 file(s)
Info: Saved as "02-moon-palace.blend"
FINISHED 02-moon-palace alignment errors: [0.00016689300537109375]

Blender quit
