Info: Applied modifier was not first, result may not be as expected
Info: Applied modifier was not first, result may not be as expected
Info: Applied modifier was not first, result may not be as expected
Info: Applied modifier was not first, result may not be as expected
Info: Applied modifier was not first, result may not be as expected
Info: Applied modifier was not first, result may not be as expected
Info: Applied modifier was not first, result may not be as expected
Info: Applied modifier was not first, result may not be as expected
Info: Applied modifier was not first, result may not be as expected
Info: Applied modifier was not first, result may not be as expected
Info: Applied modifier was not first, result may not be as expected
Info: Applied modifier was not first, result may not be as expected
Info: Applied modifier was not first, result may not be as expected
Info: Applied modifier was not first, result may not be as expected
Info: Applied modifier was not first, result may not be as expected
Info: Applied modifier was not first, result may not be as expected
Info: Applied modifier was not first, result may not be as expected
Info: Applied modifier was not first, result may not be as expected
Info: Applied modifier was not first, result may not be as expected
Info: Applied modifier was not first, result may not be as expected
Info: Applied modifier was not first, result may not be as expected
Info: Applied modifier was not first, result may not be as expected
Info: Applied modifier was not first, result may not be as expected
Info: Applied modifier was not first, result may not be as expected
Info: Applied modifier was not first, result may not be as expected
Info: Applied modifier was not first, result may not be as expected
Info: Applied modifier was not first, result may not be as expected
Info: Applied modifier was not first, result may not be as expected
Info: Applied modifier was not first, result may not be as expected
Info: Applied modifier was not first, result may not be as expected
Info: Applied modifier was not first, result may not be as expected
Info: Applied modifier was not first, result may not be as expected
Info: Applied modifier was not first, result may not be as expected
Info: Applied modifier was not first, result may not be as expected
Info: Applied modifier was not first, result may not be as expected
Info: Applied modifier was not first, result may not be as expected
Info: Applied modifier was not first, result may not be as expected
Info: Applied modifier was not first, result may not be as expected
Info: Applied modifier was not first, result may not be as expected
Info: Applied modifier was not first, result may not be as expected
Info: Applied modifier was not first, result may not be as expected
Info: Applied modifier was not first, result may not be as expected
Info: Applied modifier was not first, result may not be as expected
Info: Applied modifier was not first, result may not be as expected
Info: Applied modifier was not first, result may not be as expected
Info: Applied modifier was not first, result may not be as expected
Info: Applied modifier was not first, result may not be as expected
Info: Applied modifier was not first, result may not be as expected
Info: Applied modifier was not first, result may not be as expected
Info: Applied modifier was not first, result may not be as expected
Info: Applied modifier was not first, result may not be as expected
Info: Applied modifier was not first, result may not be as expected
Info: Applied modifier was not first, result may not be as expected
Info: Applied modifier was not first, result may not be as expected
Info: Applied modifier was not first, result may not be as expected
Info: Applied modifier was not first, result may not be as expected
Info: Applied modifier was not first, result may not be as expected
Info: Applied modifier was not first, result may not be as expected
Info: Applied modifier was not first, result may not be as expected
Info: Applied modifier was not first, result may not be as expected
Info: Applied modifier was not first, result may not be as expected
Info: Applied modifier was not first, result may not be as expected
11:14:30 | INFO: Data are loaded, start creating Blender stuff
11:14:30 | INFO: Blender create Mesh node potted_plant_01_base_low
11:14:30 | INFO: Blender create Mesh node Circle.008
11:14:30 | INFO: Blender create Mesh node Circle.002
11:14:30 | INFO: Blender create Mesh node Plane.070
11:14:30 | INFO: glTF import finished in 0.10s
Blender 4.5.0 (hash 8cb6b388974a built 2025-07-15 01:35:28)
Fra:1 Mem:124.78M (Peak 131.49M) | Time:00:00.02 | Mem:0.02M, Peak:0.02M | Scene, ViewLayer | Synchronizing object | Seabed
Fra:1 Mem:124.78M (Peak 131.49M) | Time:00:00.02 | Mem:0.02M, Peak:0.02M | Scene, ViewLayer | Synchronizing object | Palace tidal foundation
Fra:1 Mem:124.78M (Peak 131.49M) | Time:00:00.02 | Mem:0.02M, Peak:0.02M | Scene, ViewLayer | Synchronizing object | Great tower lower portal jamb.004
Fra:1 Mem:126.79M (Peak 131.49M) | Time:00:00.02 | Mem:0.02M, Peak:0.02M | Scene, ViewLayer | Synchronizing object | Great tower lower portal jamb.006
Fra:1 Mem:126.80M (Peak 131.49M) | Time:00:00.02 | Mem:0.02M, Peak:0.02M | Scene, ViewLayer | Synchronizing object | Great tower lower portal jamb.007
Fra:1 Mem:126.86M (Peak 131.49M) | Time:00:00.02 | Mem:0.02M, Peak:0.02M | Scene, ViewLayer | Synchronizing object | Tower corner pilaster capital
Fra:1 Mem:126.94M (Peak 131.49M) | Time:00:00.02 | Mem:0.02M, Peak:0.02M | Scene, ViewLayer | Synchronizing object | Fine horizontal masonry joint.001
Fra:1 Mem:126.97M (Peak 131.49M) | Time:00:00.02 | Mem:0.02M, Peak:0.02M | Scene, ViewLayer | Synchronizing object | Fine horizontal masonry joint.002
Fra:1 Mem:127.08M (Peak 131.49M) | Time:00:00.02 | Mem:0.02M, Peak:0.02M | Scene, ViewLayer | Synchronizing object | Fine horizontal masonry joint.003
Fra:1 Mem:127.05M (Peak 131.49M) | Time:00:00.02 | Mem:0.02M, Peak:0.02M | Scene, ViewLayer | Synchronizing object | Fine horizontal masonry joint.004
Fra:1 Mem:127.09M (Peak 131.49M) | Time:00:00.02 | Mem:0.02M, Peak:0.02M | Scene, ViewLayer | Synchronizing object | Tower corner pilaster.001
Fra:1 Mem:127.08M (Peak 131.49M) | Time:00:00.02 | Mem:0.02M, Peak:0.02M | Scene, ViewLayer | Synchronizing object | Tower corner pilaster capital.001
Fra:1 Mem:127.10M (Peak 131.49M) | Time:00:00.02 | Mem:0.02M, Peak:0.02M | Scene, ViewLayer | Synchronizing object | Fine horizontal masonry joint.007
Fra:1 Mem:127.14M (Peak 131.49M) | Time:00:00.02 | Mem:0.02M, Peak:0.02M | Scene, ViewLayer | Synchronizing object | Fine horizontal masonry joint.009
Fra:1 Mem:127.15M (Peak 131.49M) | Time:00:00.02 | Mem:0.02M, Peak:0.02M | Scene, ViewLayer | Synchronizing object | Fine horizontal masonry joint.011
Fra:1 Mem:127.19M (Peak 131.49M) | Time:00:00.02 | Mem:0.02M, Peak:0.02M | Scene, ViewLayer | Synchronizing object | Fine horizontal masonry joint.013
Fra:1 Mem:127.22M (Peak 131.49M) | Time:00:00.02 | Mem:0.02M, Peak:0.02M | Scene, ViewLayer | Synchronizing object | Tower corner pilaster.002
Fra:1 Mem:127.46M (Peak 131.49M) | Time:00:00.02 | Mem:0.02M, Peak:0.02M | Scene, ViewLayer | Synchronizing object | Tower corner pilaster footing.002
Fra:1 Mem:127.53M (Peak 131.49M) | Time:00:00.02 | Mem:0.02M, Peak:0.02M | Scene, ViewLayer | Synchronizing object | Tower corner pilaster capital.002
Fra:1 Mem:127.52M (Peak 131.49M) | Time:00:00.02 | Mem:0.02M, Peak:0.02M | Scene, ViewLayer | Synchronizing object | Fine horizontal masonry joint.014
Fra:1 Mem:127.53M (Peak 131.49M) | Time:00:00.02 | Mem:0.02M, Peak:0.02M | Scene, ViewLayer | Synchronizing object | Fine horizontal masonry joint.015
Fra:1 Mem:127.55M (Peak 131.49M) | Time:00:00.02 | Mem:0.02M, Peak:0.02M | Scene, ViewLayer | Synchronizing object | Fine horizontal masonry joint.018
Fra:1 Mem:127.59M (Peak 131.49M) | Time:00:00.02 | Mem:0.02M, Peak:0.02M | Scene, ViewLayer | Synchronizing object | Tower corner pilaster.003
Fra:1 Mem:127.55M (Peak 131.49M) | Time:00:00.02 | Mem:0.02M, Peak:0.02M | Scene, ViewLayer | Synchronizing object | Tower corner pilaster capital.003
Fra:1 Mem:127.59M (Peak 131.49M) | Time:00:00.02 | Mem:0.02M, Peak:0.02M | Scene, ViewLayer | Synchronizing object | Fine horizontal masonry joint.021
Fra:1 Mem:127.61M (Peak 131.49M) | Time:00:00.02 | Mem:0.02M, Peak:0.02M | Scene, ViewLayer | Synchronizing object | Fine horizontal masonry joint.023
Fra:1 Mem:127.65M (Peak 131.49M) | Time:00:00.02 | Mem:0.02M, Peak:0.02M | Scene, ViewLayer | Synchronizing object | Fine horizontal masonry joint.026
Fra:1 Mem:127.68M (Peak 131.49M) | Time:00:00.02 | Mem:0.02M, Peak:0.02M | Scene, ViewLayer | Synchronizing object | Fine horizontal masonry joint.025
Fra:1 Mem:127.71M (Peak 131.49M) | Time:00:00.02 | Mem:0.02M, Peak:0.02M | Scene, ViewLayer | Synchronizing object | Fine horizontal masonry joint.027
Fra:1 Mem:127.75M (Peak 131.49M) | Time:00:00.02 | Mem:0.02M, Peak:0.02M | Scene, ViewLayer | Synchronizing object | Tower middle cornice
Fra:1 Mem:127.78M (Peak 131.49M) | Time:00:00.02 | Mem:0.02M, Peak:0.02M | Scene, ViewLayer | Synchronizing object | Inset stone paving
Fra:1 Mem:127.82M (Peak 131.49M) | Time:00:00.02 | Mem:0.02M, Peak:0.02M | Scene, ViewLayer | Synchronizing object | Bronze inlay border
Fra:1 Mem:127.85M (Peak 131.49M) | Time:00:00.02 | Mem:0.02M, Peak:0.02M | Scene, ViewLayer | Synchronizing object | Bronze inlay border.001
Fra:1 Mem:127.85M (Peak 131.49M) | Time:00:00.02 | Mem:0.02M, Peak:0.02M | Scene, ViewLayer | Synchronizing object | Bronze inlay border.002
Fra:1 Mem:127.89M (Peak 131.49M) | Time:00:00.02 | Mem:0.02M, Peak:0.02M | Scene, ViewLayer | Synchronizing object | Bronze inlay border.003
Fra:1 Mem:127.92M (Peak 131.49M) | Time:00:00.02 | Mem:0.02M, Peak:0.02M | Scene, ViewLayer | Synchronizing object | Bronze inlay border.005
Fra:1 Mem:127.94M (Peak 131.49M) | Time:00:00.02 | Mem:0.02M, Peak:0.02M | Scene, ViewLayer | Synchronizing object | Bronze inlay border.007
Fra:1 Mem:127.96M (Peak 131.49M) | Time:00:00.02 | Mem:0.02M, Peak:0.02M | Scene, ViewLayer | Synchronizing object | Diamond inlaid stone
Fra:1 Mem:127.99M (Peak 131.49M) | Time:00:00.02 | Mem:0.02M, Peak:0.02M | Scene, ViewLayer | Synchronizing object | Upper loggia jamb
Fra:1 Mem:128.12M (Peak 131.49M) | Time:00:00.02 | Mem:0.02M, Peak:0.02M | Scene, ViewLayer | Synchronizing object | Upper loggia jamb.001
Fra:1 Mem:128.18M (Peak 131.49M) | Time:00:00.02 | Mem:0.02M, Peak:0.02M | Scene, ViewLayer | Synchronizing object | Upper loggia jamb.002
Fra:1 Mem:128.18M (Peak 131.49M) | Time:00:00.02 | Mem:0.02M, Peak:0.02M | Scene, ViewLayer | Synchronizing object | Upper loggia jamb.004
Fra:1 Mem:128.19M (Peak 131.49M) | Time:00:00.02 | Mem:0.02M, Peak:0.02M | Scene, ViewLayer | Synchronizing object | Upper loggia jamb.005
Fra:1 Mem:128.23M (Peak 131.49M) | Time:00:00.02 | Mem:0.02M, Peak:0.02M | Scene, ViewLayer | Synchronizing object | Upper loggia jamb.006
Fra:1 Mem:128.28M (Peak 131.49M) | Time:00:00.02 | Mem:0.02M, Peak:0.02M | Scene, ViewLayer | Synchronizing object | Upper loggia jamb.007
Fra:1 Mem:128.28M (Peak 131.49M) | Time:00:00.02 | Mem:0.02M, Peak:0.02M | Scene, ViewLayer | Synchronizing object | Upper belvedere terrace
Fra:1 Mem:128.35M (Peak 131.49M) | Time:00:00.02 | Mem:0.02M, Peak:0.02M | Scene, ViewLayer | Synchronizing object | Crown observatory stylobate
Fra:1 Mem:128.35M (Peak 131.49M) | Time:00:00.02 | Mem:0.02M, Peak:0.02M | Scene, ViewLayer | Synchronizing object | Bronze inlay border.010
Fra:1 Mem:128.35M (Peak 131.49M) | Time:00:00.02 | Mem:0.02M, Peak:0.02M | Scene, ViewLayer | Synchronizing object | Bronze inlay border.011
Fra:1 Mem:128.38M (Peak 131.49M) | Time:00:00.02 | Mem:0.02M, Peak:0.02M | Scene, ViewLayer | Synchronizing object | Bronze inlay border.014
Fra:1 Mem:128.42M (Peak 131.49M) | Time:00:00.02 | Mem:0.02M, Peak:0.02M | Scene, ViewLayer | Synchronizing object | Bronze inlay border.015
Fra:1 Mem:128.41M (Peak 131.49M) | Time:00:00.02 | Mem:0.02M, Peak:0.02M | Scene, ViewLayer | Synchronizing object | Diamond inlaid stone.001
Fra:1 Mem:128.47M (Peak 131.49M) | Time:00:00.02 | Mem:0.02M, Peak:0.02M | Scene, ViewLayer | Synchronizing object | Crown observatory jamb
Fra:1 Mem:128.50M (Peak 131.49M) | Time:00:00.02 | Mem:0.02M, Peak:0.02M | Scene, ViewLayer | Synchronizing object | Crown observatory jamb.001
Fra:1 Mem:128.57M (Peak 131.49M) | Time:00:00.02 | Mem:0.02M, Peak:0.02M | Scene, ViewLayer | Synchronizing object | Crown observatory jamb.002
Fra:1 Mem:128.57M (Peak 131.49M) | Time:00:00.02 | Mem:0.02M, Peak:0.02M | Scene, ViewLayer | Synchronizing object | Crown observatory jamb.003
Fra:1 Mem:128.64M (Peak 131.49M) | Time:00:00.02 | Mem:0.02M, Peak:0.02M | Scene, ViewLayer | Synchronizing object | Crown observatory jamb.004
Fra:1 Mem:128.72M (Peak 131.49M) | Time:00:00.02 | Mem:0.02M, Peak:0.02M | Scene, ViewLayer | Synchronizing object | Crown observatory jamb.005
Fra:1 Mem:128.70M (Peak 131.49M) | Time:00:00.02 | Mem:0.02M, Peak:0.02M | Scene, ViewLayer | Synchronizing object | Crown observatory jamb.007
Fra:1 Mem:128.71M (Peak 131.49M) | Time:00:00.02 | Mem:0.02M, Peak:0.02M | Scene, ViewLayer | Synchronizing object | Crown observatory cornice
Fra:1 Mem:128.78M (Peak 131.49M) | Time:00:00.02 | Mem:0.02M, Peak:0.02M | Scene, ViewLayer | Synchronizing object | Crown observatory bronze roof curb
Fra:1 Mem:128.84M (Peak 131.49M) | Time:00:00.02 | Mem:0.02M, Peak:0.02M | Scene, ViewLayer | Synchronizing object | Gilded finial
Fra:1 Mem:128.82M (Peak 131.49M) | Time:00:00.02 | Mem:0.02M, Peak:0.02M | Scene, ViewLayer | Synchronizing object | Slender flagstaff
Fra:1 Mem:128.82M (Peak 131.49M) | Time:00:00.02 | Mem:0.02M, Peak:0.02M | Scene, ViewLayer | Synchronizing object | Dressed stone tread
Fra:1 Mem:128.80M (Peak 131.49M) | Time:00:00.02 | Mem:0.02M, Peak:0.02M | Scene, ViewLayer | Synchronizing object | Brass step nosing
Fra:1 Mem:128.83M (Peak 131.49M) | Time:00:00.02 | Mem:0.02M, Peak:0.02M | Scene, ViewLayer | Synchronizing object | Brass step nosing.001
Fra:1 Mem:128.89M (Peak 131.49M) | Time:00:00.02 | Mem:0.02M, Peak:0.02M | Scene, ViewLayer | Synchronizing object | Dressed stone tread.002
Fra:1 Mem:128.92M (Peak 131.49M) | Time:00:00.02 | Mem:0.02M, Peak:0.02M | Scene, ViewLayer | Synchronizing object | Dressed stone tread.003
Fra:1 Mem:128.95M (Peak 131.49M) | Time:00:00.02 | Mem:0.02M, Peak:0.02M | Scene, ViewLayer | Synchronizing object | Brass step nosing.003
Fra:1 Mem:129.02M (Peak 131.49M) | Time:00:00.02 | Mem:0.02M, Peak:0.02M | Scene, ViewLayer | Synchronizing object | Dressed stone tread.004
Fra:1 Mem:129.08M (Peak 131.49M) | Time:00:00.02 | Mem:0.02M, Peak:0.02M | Scene, ViewLayer | Synchronizing object | Brass step nosing.004
Fra:1 Mem:129.10M (Peak 131.49M) | Time:00:00.02 | Mem:0.02M, Peak:0.02M | Scene, ViewLayer | Synchronizing object | Dressed stone tread.005
Fra:1 Mem:129.16M (Peak 131.49M) | Time:00:00.02 | Mem:0.02M, Peak:0.02M | Scene, ViewLayer | Synchronizing object | Brass step nosing.005
Fra:1 Mem:129.10M (Peak 131.49M) | Time:00:00.02 | Mem:0.02M, Peak:0.02M | Scene, ViewLayer | Synchronizing object | Dressed stone tread.006
Fra:1 Mem:129.20M (Peak 131.49M) | Time:00:00.02 | Mem:0.02M, Peak:0.02M | Scene, ViewLayer | Synchronizing object | Brass step nosing.006
Fra:1 Mem:129.21M (Peak 131.49M) | Time:00:00.02 | Mem:0.02M, Peak:0.02M | Scene, ViewLayer | Synchronizing object | Dressed stone tread.009
Fra:1 Mem:129.23M (Peak 131.49M) | Time:00:00.02 | Mem:0.02M, Peak:0.02M | Scene, ViewLayer | Synchronizing object | Brass step nosing.009
Fra:1 Mem:129.32M (Peak 131.49M) | Time:00:00.02 | Mem:0.02M, Peak:0.02M | Scene, ViewLayer | Synchronizing object | Dressed stone tread.010
Fra:1 Mem:129.36M (Peak 131.49M) | Time:00:00.02 | Mem:0.02M, Peak:0.02M | Scene, ViewLayer | Synchronizing object | Dressed stone tread.011
Fra:1 Mem:129.33M (Peak 131.49M) | Time:00:00.02 | Mem:0.02M, Peak:0.02M | Scene, ViewLayer | Synchronizing object | Brass step nosing.011
Fra:1 Mem:129.36M (Peak 131.49M) | Time:00:00.02 | Mem:0.02M, Peak:0.02M | Scene, ViewLayer | Synchronizing object | Dressed stone tread.012
Fra:1 Mem:129.44M (Peak 131.49M) | Time:00:00.02 | Mem:0.02M, Peak:0.02M | Scene, ViewLayer | Synchronizing object | Brass step nosing.012
Fra:1 Mem:129.48M (Peak 131.49M) | Time:00:00.02 | Mem:0.02M, Peak:0.02M | Scene, ViewLayer | Synchronizing object | Dressed stone tread.013
Fra:1 Mem:129.45M (Peak 131.49M) | Time:00:00.02 | Mem:0.02M, Peak:0.02M | Scene, ViewLayer | Synchronizing object | Bronze baluster
Fra:1 Mem:129.48M (Peak 131.49M) | Time:00:00.02 | Mem:0.02M, Peak:0.02M | Scene, ViewLayer | Synchronizing object | Bronze baluster.001
Fra:1 Mem:129.48M (Peak 131.49M) | Time:00:00.02 | Mem:0.02M, Peak:0.02M | Scene, ViewLayer | Synchronizing object | Bronze baluster.002
Fra:1 Mem:129.49M (Peak 131.49M) | Time:00:00.02 | Mem:0.02M, Peak:0.02M | Scene, ViewLayer | Synchronizing object | Bronze baluster.003
Fra:1 Mem:129.52M (Peak 131.49M) | Time:00:00.02 | Mem:0.02M, Peak:0.02M | Scene, ViewLayer | Synchronizing object | Slim brass handrail.001
Fra:1 Mem:129.53M (Peak 131.49M) | Time:00:00.02 | Mem:0.02M, Peak:0.02M | Scene, ViewLayer | Synchronizing object | Bronze baluster.007
Fra:1 Mem:129.55M (Peak 131.49M) | Time:00:00.02 | Mem:0.02M, Peak:0.02M | Scene, ViewLayer | Synchronizing object | Bronze baluster.008
Fra:1 Mem:129.52M (Peak 131.49M) | Time:00:00.02 | Mem:0.02M, Peak:0.02M | Scene, ViewLayer | Synchronizing object | Dressed stone tread.014
Fra:1 Mem:129.55M (Peak 131.49M) | Time:00:00.02 | Mem:0.02M, Peak:0.02M | Scene, ViewLayer | Synchronizing object | Brass step nosing.014
Fra:1 Mem:129.60M (Peak 131.49M) | Time:00:00.02 | Mem:0.02M, Peak:0.02M | Scene, ViewLayer | Synchronizing object | Dressed stone tread.015
Fra:1 Mem:129.58M (Peak 131.49M) | Time:00:00.02 | Mem:0.02M, Peak:0.02M | Scene, ViewLayer | Synchronizing object | Brass step nosing.015
Fra:1 Mem:129.62M (Peak 131.49M) | Time:00:00.02 | Mem:0.02M, Peak:0.02M | Scene, ViewLayer | Synchronizing object | Dressed stone tread.016
Fra:1 Mem:129.61M (Peak 131.49M) | Time:00:00.02 | Mem:0.02M, Peak:0.02M | Scene, ViewLayer | Synchronizing object | Brass step nosing.016
Fra:1 Mem:129.66M (Peak 131.49M) | Time:00:00.02 | Mem:0.02M, Peak:0.02M | Scene, ViewLayer | Synchronizing object | Dressed stone tread.017
Fra:1 Mem:129.68M (Peak 131.49M) | Time:00:00.02 | Mem:0.02M, Peak:0.02M | Scene, ViewLayer | Synchronizing object | Brass step nosing.017
Fra:1 Mem:129.71M (Peak 131.49M) | Time:00:00.02 | Mem:0.02M, Peak:0.02M | Scene, ViewLayer | Synchronizing object | Dressed stone tread.018
Fra:1 Mem:129.69M (Peak 131.49M) | Time:00:00.02 | Mem:0.02M, Peak:0.02M | Scene, ViewLayer | Synchronizing object | Brass step nosing.019
Fra:1 Mem:129.69M (Peak 131.49M) | Time:00:00.02 | Mem:0.02M, Peak:0.02M | Scene, ViewLayer | Synchronizing object | Brass step nosing.020
Fra:1 Mem:129.75M (Peak 131.49M) | Time:00:00.02 | Mem:0.02M, Peak:0.02M | Scene, ViewLayer | Synchronizing object | Slim brass handrail.002
Fra:1 Mem:129.75M (Peak 131.49M) | Time:00:00.02 | Mem:0.02M, Peak:0.02M | Scene, ViewLayer | Synchronizing object | Bronze baluster.010
Fra:1 Mem:129.81M (Peak 131.49M) | Time:00:00.02 | Mem:0.02M, Peak:0.02M | Scene, ViewLayer | Synchronizing object | Bronze baluster.011
Fra:1 Mem:129.83M (Peak 131.49M) | Time:00:00.02 | Mem:0.02M, Peak:0.02M | Scene, ViewLayer | Synchronizing object | Bronze baluster.012
Fra:1 Mem:129.86M (Peak 131.49M) | Time:00:00.02 | Mem:0.02M, Peak:0.02M | Scene, ViewLayer | Synchronizing object | Bronze baluster.013
Fra:1 Mem:129.87M (Peak 131.49M) | Time:00:00.02 | Mem:0.02M, Peak:0.02M | Scene, ViewLayer | Synchronizing object | Bronze baluster.014
Fra:1 Mem:129.86M (Peak 131.49M) | Time:00:00.02 | Mem:0.02M, Peak:0.02M | Scene, ViewLayer | Synchronizing object | Bronze baluster.015
Fra:1 Mem:129.85M (Peak 131.49M) | Time:00:00.02 | Mem:0.02M, Peak:0.02M | Scene, ViewLayer | Synchronizing object | Brass step nosing.021
Fra:1 Mem:129.87M (Peak 131.49M) | Time:00:00.02 | Mem:0.02M, Peak:0.02M | Scene, ViewLayer | Synchronizing object | Dressed stone tread.022
Fra:1 Mem:129.87M (Peak 131.49M) | Time:00:00.02 | Mem:0.02M, Peak:0.02M | Scene, ViewLayer | Synchronizing object | Dressed stone tread.023
Fra:1 Mem:129.90M (Peak 131.49M) | Time:00:00.02 | Mem:0.02M, Peak:0.02M | Scene, ViewLayer | Synchronizing object | Brass step nosing.023
Fra:1 Mem:130.01M (Peak 131.49M) | Time:00:00.02 | Mem:0.02M, Peak:0.02M | Scene, ViewLayer | Synchronizing object | Dressed stone tread.024
Fra:1 Mem:130.02M (Peak 131.49M) | Time:00:00.02 | Mem:0.02M, Peak:0.02M | Scene, ViewLayer | Synchronizing object | Dressed stone tread.025
Fra:1 Mem:130.03M (Peak 131.49M) | Time:00:00.02 | Mem:0.02M, Peak:0.02M | Scene, ViewLayer | Synchronizing object | Brass step nosing.026
Fra:1 Mem:130.15M (Peak 131.49M) | Time:00:00.02 | Mem:0.02M, Peak:0.02M | Scene, ViewLayer | Synchronizing object | Dressed stone tread.027
Fra:1 Mem:130.26M (Peak 131.49M) | Time:00:00.02 | Mem:0.02M, Peak:0.02M | Scene, ViewLayer | Synchronizing object | Brass step nosing.027
Fra:1 Mem:130.27M (Peak 131.49M) | Time:00:00.02 | Mem:0.02M, Peak:0.02M | Scene, ViewLayer | Synchronizing object | Bronze baluster.016
Fra:1 Mem:130.32M (Peak 131.49M) | Time:00:00.02 | Mem:0.02M, Peak:0.02M | Scene, ViewLayer | Synchronizing object | Bronze baluster.017
Fra:1 Mem:130.39M (Peak 131.49M) | Time:00:00.02 | Mem:0.02M, Peak:0.02M | Scene, ViewLayer | Synchronizing object | Bronze baluster.018
Fra:1 Mem:130.34M (Peak 131.49M) | Time:00:00.02 | Mem:0.02M, Peak:0.02M | Scene, ViewLayer | Synchronizing object | Slim brass handrail.005
Fra:1 Mem:130.37M (Peak 131.49M) | Time:00:00.02 | Mem:0.02M, Peak:0.02M | Scene, ViewLayer | Synchronizing object | Bronze baluster.019
Fra:1 Mem:130.38M (Peak 131.49M) | Time:00:00.02 | Mem:0.02M, Peak:0.02M | Scene, ViewLayer | Synchronizing object | Brass step nosing.029
Fra:1 Mem:130.37M (Peak 131.49M) | Time:00:00.02 | Mem:0.02M, Peak:0.02M | Scene, ViewLayer | Synchronizing object | Dressed stone tread.030
Fra:1 Mem:130.36M (Peak 131.49M) | Time:00:00.02 | Mem:0.02M, Peak:0.02M | Scene, ViewLayer | Synchronizing object | Dressed stone tread.031
Fra:1 Mem:130.39M (Peak 131.49M) | Time:00:00.02 | Mem:0.02M, Peak:0.02M | Scene, ViewLayer | Synchronizing object | Brass step nosing.032
Fra:1 Mem:130.46M (Peak 131.49M) | Time:00:00.02 | Mem:0.02M, Peak:0.02M | Scene, ViewLayer | Synchronizing object | Dressed stone tread.033
Fra:1 Mem:130.50M (Peak 131.49M) | Time:00:00.02 | Mem:0.02M, Peak:0.02M | Scene, ViewLayer | Synchronizing object | Brass step nosing.033
Fra:1 Mem:130.51M (Peak 131.49M) | Time:00:00.02 | Mem:0.02M, Peak:0.02M | Scene, ViewLayer | Synchronizing object | Brass step nosing.034
Fra:1 Mem:130.54M (Peak 131.49M) | Time:00:00.02 | Mem:0.02M, Peak:0.02M | Scene, ViewLayer | Synchronizing object | Dressed stone tread.035
Fra:1 Mem:130.67M (Peak 131.49M) | Time:00:00.02 | Mem:0.02M, Peak:0.02M | Scene, ViewLayer | Synchronizing object | Brass step nosing.035
Fra:1 Mem:130.68M (Peak 131.49M) | Time:00:00.02 | Mem:0.02M, Peak:0.02M | Scene, ViewLayer | Synchronizing object | Dressed stone tread.036
Fra:1 Mem:130.67M (Peak 131.49M) | Time:00:00.02 | Mem:0.02M, Peak:0.02M | Scene, ViewLayer | Synchronizing object | Brass step nosing.036
Fra:1 Mem:130.72M (Peak 131.49M) | Time:00:00.02 | Mem:0.02M, Peak:0.02M | Scene, ViewLayer | Synchronizing object | Dressed stone tread.037
Fra:1 Mem:130.69M (Peak 131.49M) | Time:00:00.02 | Mem:0.02M, Peak:0.02M | Scene, ViewLayer | Synchronizing object | Dressed stone tread.038
Fra:1 Mem:130.72M (Peak 131.49M) | Time:00:00.02 | Mem:0.02M, Peak:0.02M | Scene, ViewLayer | Synchronizing object | Brass step nosing.038
Fra:1 Mem:130.80M (Peak 131.49M) | Time:00:00.02 | Mem:0.02M, Peak:0.02M | Scene, ViewLayer | Synchronizing object | Brass step nosing.039
Fra:1 Mem:130.87M (Peak 131.49M) | Time:00:00.02 | Mem:0.02M, Peak:0.02M | Scene, ViewLayer | Synchronizing object | Dressed stone tread.040
Fra:1 Mem:130.90M (Peak 131.49M) | Time:00:00.02 | Mem:0.02M, Peak:0.02M | Scene, ViewLayer | Synchronizing object | Brass step nosing.041
Fra:1 Mem:130.94M (Peak 131.49M) | Time:00:00.02 | Mem:0.02M, Peak:0.02M | Scene, ViewLayer | Synchronizing object | Bronze baluster.022
Fra:1 Mem:131.05M (Peak 131.49M) | Time:00:00.02 | Mem:0.02M, Peak:0.02M | Scene, ViewLayer | Synchronizing object | Bronze baluster.024
Fra:1 Mem:131.03M (Peak 131.49M) | Time:00:00.02 | Mem:0.02M, Peak:0.02M | Scene, ViewLayer | Synchronizing object | Bronze baluster.025
Fra:1 Mem:131.01M (Peak 131.49M) | Time:00:00.02 | Mem:0.02M, Peak:0.02M | Scene, ViewLayer | Synchronizing object | Slim brass handrail.007
Fra:1 Mem:131.00M (Peak 131.49M) | Time:00:00.02 | Mem:0.02M, Peak:0.02M | Scene, ViewLayer | Synchronizing object | Bronze baluster.027
Fra:1 Mem:131.00M (Peak 131.49M) | Time:00:00.02 | Mem:0.02M, Peak:0.02M | Scene, ViewLayer | Synchronizing object | Bronze baluster.028
Fra:1 Mem:131.00M (Peak 131.49M) | Time:00:00.02 | Mem:0.02M, Peak:0.02M | Scene, ViewLayer | Synchronizing object | Bronze baluster.029
Fra:1 Mem:131.00M (Peak 131.49M) | Time:00:00.02 | Mem:0.02M, Peak:0.02M | Scene, ViewLayer | Synchronizing object | Landing rail return.001
Fra:1 Mem:131.00M (Peak 131.49M) | Time:00:00.02 | Mem:0.02M, Peak:0.02M | Scene, ViewLayer | Synchronizing object | Continuous corner railing
Fra:1 Mem:131.00M (Peak 131.49M) | Time:00:00.02 | Mem:0.02M, Peak:0.02M | Scene, ViewLayer | Synchronizing object | Continuous corner railing.001
Fra:1 Mem:131.01M (Peak 131.49M) | Time:00:00.03 | Mem:0.02M, Peak:0.02M | Scene, ViewLayer | Synchronizing object | Corner baluster
Fra:1 Mem:131.04M (Peak 131.49M) | Time:00:00.03 | Mem:0.02M, Peak:0.02M | Scene, ViewLayer | Synchronizing object | Landing rail return.002
Fra:1 Mem:131.11M (Peak 131.49M) | Time:00:00.03 | Mem:0.02M, Peak:0.02M | Scene, ViewLayer | Synchronizing object | Landing rail return.003
Fra:1 Mem:131.11M (Peak 131.49M) | Time:00:00.03 | Mem:0.02M, Peak:0.02M | Scene, ViewLayer | Synchronizing object | Continuous corner railing.002
Fra:1 Mem:131.19M (Peak 131.49M) | Time:00:00.03 | Mem:0.02M, Peak:0.02M | Scene, ViewLayer | Synchronizing object | Continuous corner railing.003
Fra:1 Mem:131.18M (Peak 131.49M) | Time:00:00.03 | Mem:0.02M, Peak:0.02M | Scene, ViewLayer | Synchronizing object | Corner baluster.001
Fra:1 Mem:131.20M (Peak 131.49M) | Time:00:00.03 | Mem:0.02M, Peak:0.02M | Scene, ViewLayer | Synchronizing object | Landing rail return.004
Fra:1 Mem:131.19M (Peak 131.49M) | Time:00:00.03 | Mem:0.02M, Peak:0.02M | Scene, ViewLayer | Synchronizing object | Landing rail return.005
Fra:1 Mem:131.19M (Peak 131.49M) | Time:00:00.03 | Mem:0.02M, Peak:0.02M | Scene, ViewLayer | Synchronizing object | Continuous corner railing.004
Fra:1 Mem:131.21M (Peak 131.49M) | Time:00:00.03 | Mem:0.02M, Peak:0.02M | Scene, ViewLayer | Synchronizing object | Landing rail return.006
Fra:1 Mem:131.21M (Peak 131.49M) | Time:00:00.03 | Mem:0.02M, Peak:0.02M | Scene, ViewLayer | Synchronizing object | Continuous corner railing.007
Fra:1 Mem:131.25M (Peak 131.49M) | Time:00:00.03 | Mem:0.02M, Peak:0.02M | Scene, ViewLayer | Synchronizing object | Corner baluster.003
Fra:1 Mem:131.21M (Peak 131.49M) | Time:00:00.03 | Mem:0.02M, Peak:0.02M | Scene, ViewLayer | Synchronizing object | Landing rail return.008
Fra:1 Mem:131.21M (Peak 131.49M) | Time:00:00.03 | Mem:0.02M, Peak:0.02M | Scene, ViewLayer | Synchronizing object | Continuous corner railing.009
Fra:1 Mem:131.21M (Peak 131.49M) | Time:00:00.03 | Mem:0.02M, Peak:0.02M | Scene, ViewLayer | Synchronizing object | Corner baluster.004
Fra:1 Mem:131.24M (Peak 131.49M) | Time:00:00.03 | Mem:0.02M, Peak:0.02M | Scene, ViewLayer | Synchronizing object | Landing rail return.010
Fra:1 Mem:131.24M (Peak 131.49M) | Time:00:00.03 | Mem:0.02M, Peak:0.02M | Scene, ViewLayer | Synchronizing object | Continuous corner railing.010
Fra:1 Mem:131.25M (Peak 131.49M) | Time:00:00.03 | Mem:0.02M, Peak:0.02M | Scene, ViewLayer | Synchronizing object | Continuous corner railing.011
Fra:1 Mem:131.26M (Peak 131.49M) | Time:00:00.03 | Mem:0.02M, Peak:0.02M | Scene, ViewLayer | Synchronizing object | Corner baluster.005
Fra:1 Mem:131.30M (Peak 131.49M) | Time:00:00.03 | Mem:0.02M, Peak:0.02M | Scene, ViewLayer | Synchronizing object | Landing rail return.012
Fra:1 Mem:131.30M (Peak 131.49M) | Time:00:00.03 | Mem:0.02M, Peak:0.02M | Scene, ViewLayer | Synchronizing object | Continuous corner railing.013
Fra:1 Mem:131.32M (Peak 131.49M) | Time:00:00.03 | Mem:0.02M, Peak:0.02M | Scene, ViewLayer | Synchronizing object | Corner baluster.006
Fra:1 Mem:131.31M (Peak 131.49M) | Time:00:00.03 | Mem:0.02M, Peak:0.02M | Scene, ViewLayer | Synchronizing object | Landing rail return.014
Fra:1 Mem:131.32M (Peak 131.49M) | Time:00:00.03 | Mem:0.02M, Peak:0.02M | Scene, ViewLayer | Synchronizing object | Continuous corner railing.014
Fra:1 Mem:131.33M (Peak 131.49M) | Time:00:00.03 | Mem:0.02M, Peak:0.02M | Scene, ViewLayer | Synchronizing object | Continuous corner railing.015
Fra:1 Mem:131.37M (Peak 131.49M) | Time:00:00.03 | Mem:0.02M, Peak:0.02M | Scene, ViewLayer | Synchronizing object | Illusion corner landing 0
Fra:1 Mem:131.37M (Peak 131.49M) | Time:00:00.03 | Mem:0.02M, Peak:0.02M | Scene, ViewLayer | Synchronizing object | Illusion corner landing 1
Fra:1 Mem:131.41M (Peak 131.49M) | Time:00:00.03 | Mem:0.02M, Peak:0.02M | Scene, ViewLayer | Synchronizing object | Stair support 1 footing
Fra:1 Mem:131.44M (Peak 131.49M) | Time:00:00.03 | Mem:0.02M, Peak:0.02M | Scene, ViewLayer | Synchronizing object | Stair support 1 capital
Fra:1 Mem:131.47M (Peak 131.49M) | Time:00:00.03 | Mem:0.02M, Peak:0.02M | Scene, ViewLayer | Synchronizing object | Fine horizontal masonry joint.029
Fra:1 Mem:131.48M (Peak 131.49M) | Time:00:00.03 | Mem:0.02M, Peak:0.02M | Scene, ViewLayer | Synchronizing object | Fine horizontal masonry joint.030
Fra:1 Mem:131.49M (Peak 131.49M) | Time:00:00.03 | Mem:0.02M, Peak:0.02M | Scene, ViewLayer | Synchronizing object | Fine horizontal masonry joint.032
Fra:1 Mem:131.53M (Peak 131.53M) | Time:00:00.03 | Mem:0.02M, Peak:0.02M | Scene, ViewLayer | Synchronizing object | Fine horizontal masonry joint.033
Fra:1 Mem:131.56M (Peak 131.56M) | Time:00:00.03 | Mem:0.02M, Peak:0.02M | Scene, ViewLayer | Synchronizing object | Raised standing seam
Fra:1 Mem:131.59M (Peak 131.59M) | Time:00:00.03 | Mem:0.02M, Peak:0.02M | Scene, ViewLayer | Synchronizing object | Stair support 2
Fra:1 Mem:131.61M (Peak 131.61M) | Time:00:00.03 | Mem:0.02M, Peak:0.02M | Scene, ViewLayer | Synchronizing object | Stair support 2 footing
Fra:1 Mem:131.60M (Peak 131.61M) | Time:00:00.03 | Mem:0.02M, Peak:0.02M | Scene, ViewLayer | Synchronizing object | Fine horizontal masonry joint.034
Fra:1 Mem:131.62M (Peak 131.62M) | Time:00:00.03 | Mem:0.02M, Peak:0.02M | Scene, ViewLayer | Synchronizing object | Fine horizontal masonry joint.035
Fra:1 Mem:131.70M (Peak 131.70M) | Time:00:00.03 | Mem:0.02M, Peak:0.02M | Scene, ViewLayer | Synchronizing object | Fine horizontal masonry joint.036
Fra:1 Mem:131.74M (Peak 131.74M) | Time:00:00.03 | Mem:0.02M, Peak:0.02M | Scene, ViewLayer | Synchronizing object | Fine horizontal masonry joint.038
Fra:1 Mem:131.77M (Peak 131.77M) | Time:00:00.03 | Mem:0.02M, Peak:0.02M | Scene, ViewLayer | Synchronizing object | Illusion corner landing 3
Fra:1 Mem:131.82M (Peak 131.82M) | Time:00:00.03 | Mem:0.02M, Peak:0.02M | Scene, ViewLayer | Synchronizing object | Stair support 3
Fra:1 Mem:131.87M (Peak 131.87M) | Time:00:00.03 | Mem:0.02M, Peak:0.02M | Scene, ViewLayer | Synchronizing object | Stair support 3 footing
Fra:1 Mem:131.85M (Peak 131.87M) | Time:00:00.03 | Mem:0.02M, Peak:0.02M | Scene, ViewLayer | Synchronizing object | Fine horizontal masonry joint.041
Fra:1 Mem:131.89M (Peak 131.89M) | Time:00:00.03 | Mem:0.02M, Peak:0.02M | Scene, ViewLayer | Synchronizing object | Fine horizontal masonry joint.042
Fra:1 Mem:131.96M (Peak 131.96M) | Time:00:00.03 | Mem:0.02M, Peak:0.02M | Scene, ViewLayer | Synchronizing object | Fine horizontal masonry joint.043
Fra:1 Mem:131.91M (Peak 131.96M) | Time:00:00.03 | Mem:0.02M, Peak:0.02M | Scene, ViewLayer | Synchronizing object | Fine horizontal masonry joint.045
Fra:1 Mem:131.95M (Peak 131.96M) | Time:00:00.03 | Mem:0.02M, Peak:0.02M | Scene, ViewLayer | Synchronizing object | Fine horizontal masonry joint.046
Fra:1 Mem:132.06M (Peak 132.06M) | Time:00:00.03 | Mem:0.02M, Peak:0.02M | Scene, ViewLayer | Synchronizing object | Fine horizontal masonry joint.047
Fra:1 Mem:132.04M (Peak 132.06M) | Time:00:00.03 | Mem:0.02M, Peak:0.02M | Scene, ViewLayer | Synchronizing object | Fine horizontal masonry joint.048
Fra:1 Mem:132.10M (Peak 132.10M) | Time:00:00.03 | Mem:0.02M, Peak:0.02M | Scene, ViewLayer | Synchronizing object | Stair support 4 footing
Fra:1 Mem:132.10M (Peak 132.10M) | Time:00:00.03 | Mem:0.02M, Peak:0.02M | Scene, ViewLayer | Synchronizing object | Fine horizontal masonry joint.049
Fra:1 Mem:132.11M (Peak 132.11M) | Time:00:00.03 | Mem:0.02M, Peak:0.02M | Scene, ViewLayer | Synchronizing object | Fine horizontal masonry joint.050
Fra:1 Mem:132.12M (Peak 132.12M) | Time:00:00.03 | Mem:0.02M, Peak:0.02M | Scene, ViewLayer | Synchronizing object | Fine horizontal masonry joint.051
Fra:1 Mem:132.15M (Peak 132.15M) | Time:00:00.03 | Mem:0.02M, Peak:0.02M | Scene, ViewLayer | Synchronizing object | Fine horizontal masonry joint.054
Fra:1 Mem:132.19M (Peak 132.19M) | Time:00:00.03 | Mem:0.02M, Peak:0.02M | Scene, ViewLayer | Synchronizing object | Fine horizontal masonry joint.055
Fra:1 Mem:132.30M (Peak 132.30M) | Time:00:00.03 | Mem:0.02M, Peak:0.02M | Scene, ViewLayer | Synchronizing object | Fine horizontal masonry joint.056
Fra:1 Mem:132.32M (Peak 132.32M) | Time:00:00.03 | Mem:0.02M, Peak:0.02M | Scene, ViewLayer | Synchronizing object | Fine horizontal masonry joint.057
Fra:1 Mem:132.48M (Peak 132.48M) | Time:00:00.03 | Mem:0.02M, Peak:0.02M | Scene, ViewLayer | Synchronizing object | Fine horizontal masonry joint.059
Fra:1 Mem:132.51M (Peak 132.51M) | Time:00:00.03 | Mem:0.02M, Peak:0.02M | Scene, ViewLayer | Synchronizing object | Inset stone paving.002
Fra:1 Mem:132.60M (Peak 132.60M) | Time:00:00.03 | Mem:0.02M, Peak:0.02M | Scene, ViewLayer | Synchronizing object | Bronze inlay border.016
Fra:1 Mem:132.58M (Peak 132.60M) | Time:00:00.03 | Mem:0.02M, Peak:0.02M | Scene, ViewLayer | Synchronizing object | Bronze inlay border.017
Fra:1 Mem:132.70M (Peak 132.70M) | Time:00:00.03 | Mem:0.02M, Peak:0.02M | Scene, ViewLayer | Synchronizing object | Bronze inlay border.018
Fra:1 Mem:132.85M (Peak 132.85M) | Time:00:00.03 | Mem:0.02M, Peak:0.02M | Scene, ViewLayer | Synchronizing object | Bronze inlay border.019
Fra:1 Mem:132.93M (Peak 132.93M) | Time:00:00.03 | Mem:0.02M, Peak:0.02M | Scene, ViewLayer | Synchronizing object | Bronze inlay border.020
Fra:1 Mem:132.99M (Peak 132.99M) | Time:00:00.03 | Mem:0.02M, Peak:0.02M | Scene, ViewLayer | Synchronizing object | Bronze inlay border.021
Fra:1 Mem:133.04M (Peak 133.05M) | Time:00:00.03 | Mem:0.02M, Peak:0.02M | Scene, ViewLayer | Synchronizing object | Diamond inlaid stone.002
Fra:1 Mem:133.08M (Peak 133.08M) | Time:00:00.03 | Mem:0.02M, Peak:0.02M | Scene, ViewLayer | Synchronizing object | Inset stone paving.003
Fra:1 Mem:133.11M (Peak 133.11M) | Time:00:00.03 | Mem:0.02M, Peak:0.02M | Scene, ViewLayer | Synchronizing object | Bronze inlay border.024
Fra:1 Mem:133.16M (Peak 133.17M) | Time:00:00.03 | Mem:0.02M, Peak:0.02M | Scene, ViewLayer | Synchronizing object | Bronze inlay border.026
Fra:1 Mem:133.12M (Peak 133.17M) | Time:00:00.03 | Mem:0.02M, Peak:0.02M | Scene, ViewLayer | Synchronizing object | Bronze inlay border.031
Fra:1 Mem:133.16M (Peak 133.17M) | Time:00:00.03 | Mem:0.02M, Peak:0.02M | Scene, ViewLayer | Synchronizing object | Inset stone paving.004
Fra:1 Mem:133.15M (Peak 133.17M) | Time:00:00.03 | Mem:0.02M, Peak:0.02M | Scene, ViewLayer | Synchronizing object | Raised standing seam.002
Fra:1 Mem:133.18M (Peak 133.18M) | Time:00:00.03 | Mem:0.02M, Peak:0.02M | Scene, ViewLayer | Synchronizing object | Bronze inlay border.034
Fra:1 Mem:133.25M (Peak 133.25M) | Time:00:00.03 | Mem:0.02M, Peak:0.02M | Scene, ViewLayer | Synchronizing object | Bronze inlay border.035
Fra:1 Mem:133.41M (Peak 133.41M) | Time:00:00.03 | Mem:0.02M, Peak:0.02M | Scene, ViewLayer | Synchronizing object | Bronze inlay border.036
Fra:1 Mem:133.39M (Peak 133.41M) | Time:00:00.03 | Mem:0.02M, Peak:0.02M | Scene, ViewLayer | Synchronizing object | Bronze inlay border.037
Fra:1 Mem:133.43M (Peak 133.43M) | Time:00:00.03 | Mem:0.02M, Peak:0.02M | Scene, ViewLayer | Synchronizing object | West chapel stylobate
Fra:1 Mem:133.50M (Peak 133.50M) | Time:00:00.03 | Mem:0.02M, Peak:0.02M | Scene, ViewLayer | Synchronizing object | Inset stone paving.005
Fra:1 Mem:133.66M (Peak 133.67M) | Time:00:00.03 | Mem:0.02M, Peak:0.02M | Scene, ViewLayer | Synchronizing object | Bronze inlay border.040
Fra:1 Mem:133.64M (Peak 133.67M) | Time:00:00.03 | Mem:0.02M, Peak:0.02M | Scene, ViewLayer | Synchronizing object | Bronze inlay border.044
Fra:1 Mem:133.69M (Peak 133.69M) | Time:00:00.03 | Mem:0.02M, Peak:0.02M | Scene, ViewLayer | Synchronizing object | Bronze inlay border.045
Fra:1 Mem:133.74M (Peak 133.74M) | Time:00:00.03 | Mem:0.02M, Peak:0.02M | Scene, ViewLayer | Synchronizing object | Bronze inlay border.046
Fra:1 Mem:133.74M (Peak 133.74M) | Time:00:00.03 | Mem:0.02M, Peak:0.02M | Scene, ViewLayer | Synchronizing object | Bronze inlay border.047
Fra:1 Mem:133.76M (Peak 133.76M) | Time:00:00.03 | Mem:0.02M, Peak:0.02M | Scene, ViewLayer | Synchronizing object | Diamond inlaid stone.005
Fra:1 Mem:133.76M (Peak 133.76M) | Time:00:00.03 | Mem:0.02M, Peak:0.02M | Scene, ViewLayer | Synchronizing object | West chapel jamb
Fra:1 Mem:133.81M (Peak 133.81M) | Time:00:00.03 | Mem:0.02M, Peak:0.02M | Scene, ViewLayer | Synchronizing object | West chapel jamb.001
Fra:1 Mem:133.83M (Peak 133.83M) | Time:00:00.03 | Mem:0.02M, Peak:0.02M | Scene, ViewLayer | Synchronizing object | West chapel jamb.004
Fra:1 Mem:133.88M (Peak 133.88M) | Time:00:00.03 | Mem:0.02M, Peak:0.02M | Scene, ViewLayer | Synchronizing object | West chapel jamb.006
Fra:1 Mem:134.00M (Peak 134.00M) | Time:00:00.03 | Mem:0.02M, Peak:0.02M | Scene, ViewLayer | Synchronizing object | West chapel jamb.007
Fra:1 Mem:134.03M (Peak 134.03M) | Time:00:00.03 | Mem:0.02M, Peak:0.02M | Scene, ViewLayer | Synchronizing object | West chapel cornice
Fra:1 Mem:134.07M (Peak 134.07M) | Time:00:00.03 | Mem:0.02M, Peak:0.02M | Scene, ViewLayer | Synchronizing object | West chapel bronze roof curb
Fra:1 Mem:134.08M (Peak 134.08M) | Time:00:00.03 | Mem:0.02M, Peak:0.02M | Scene, ViewLayer | Synchronizing object | Raised standing seam.004
Fra:1 Mem:134.12M (Peak 134.12M) | Time:00:00.03 | Mem:0.02M, Peak:0.02M | Scene, ViewLayer | Synchronizing object | West chapel tower
Fra:1 Mem:134.16M (Peak 134.16M) | Time:00:00.03 | Mem:0.02M, Peak:0.02M | Scene, ViewLayer | Synchronizing object | Fine horizontal masonry joint.060
Fra:1 Mem:134.20M (Peak 134.20M) | Time:00:00.03 | Mem:0.02M, Peak:0.02M | Scene, ViewLayer | Synchronizing object | Fine horizontal masonry joint.061
Fra:1 Mem:134.22M (Peak 134.22M) | Time:00:00.03 | Mem:0.02M, Peak:0.02M | Scene, ViewLayer | Synchronizing object | Fine horizontal masonry joint.062
Fra:1 Mem:134.25M (Peak 134.25M) | Time:00:00.03 | Mem:0.02M, Peak:0.02M | Scene, ViewLayer | Synchronizing object | Fine horizontal masonry joint.063
Fra:1 Mem:134.23M (Peak 134.25M) | Time:00:00.03 | Mem:0.02M, Peak:0.02M | Scene, ViewLayer | Synchronizing object | West chapel bridge jamb
Fra:1 Mem:134.39M (Peak 134.39M) | Time:00:00.03 | Mem:0.02M, Peak:0.02M | Scene, ViewLayer | Synchronizing object | West chapel bridge jamb.001
Fra:1 Mem:134.41M (Peak 134.41M) | Time:00:00.03 | Mem:0.02M, Peak:0.02M | Scene, ViewLayer | Synchronizing object | East chapel stylobate
Fra:1 Mem:134.45M (Peak 134.45M) | Time:00:00.03 | Mem:0.02M, Peak:0.02M | Scene, ViewLayer | Synchronizing object | Inset stone paving.006
Fra:1 Mem:134.47M (Peak 134.47M) | Time:00:00.03 | Mem:0.02M, Peak:0.02M | Scene, ViewLayer | Synchronizing object | Bronze inlay border.048
Fra:1 Mem:134.49M (Peak 134.49M) | Time:00:00.03 | Mem:0.02M, Peak:0.02M | Scene, ViewLayer | Synchronizing object | Bronze inlay border.049
Fra:1 Mem:134.57M (Peak 134.57M) | Time:00:00.03 | Mem:0.02M, Peak:0.02M | Scene, ViewLayer | Synchronizing object | Bronze inlay border.052
Fra:1 Mem:134.58M (Peak 134.58M) | Time:00:00.03 | Mem:0.02M, Peak:0.02M | Scene, ViewLayer | Synchronizing object | Bronze inlay border.053
Fra:1 Mem:134.59M (Peak 134.59M) | Time:00:00.03 | Mem:0.02M, Peak:0.02M | Scene, ViewLayer | Synchronizing object | Bronze inlay border.054
Fra:1 Mem:134.58M (Peak 134.59M) | Time:00:00.03 | Mem:0.02M, Peak:0.02M | Scene, ViewLayer | Synchronizing object | East chapel jamb.001
Fra:1 Mem:134.62M (Peak 134.62M) | Time:00:00.03 | Mem:0.02M, Peak:0.02M | Scene, ViewLayer | Synchronizing object | East chapel jamb.002
Fra:1 Mem:134.65M (Peak 134.65M) | Time:00:00.03 | Mem:0.02M, Peak:0.02M | Scene, ViewLayer | Synchronizing object | East chapel jamb.003
Fra:1 Mem:134.89M (Peak 134.88M) | Time:00:00.03 | Mem:0.02M, Peak:0.02M | Scene, ViewLayer | Synchronizing object | East chapel jamb.004
Fra:1 Mem:134.95M (Peak 134.95M) | Time:00:00.03 | Mem:0.02M, Peak:0.02M | Scene, ViewLayer | Synchronizing object | East chapel jamb.005
Fra:1 Mem:134.97M (Peak 134.97M) | Time:00:00.03 | Mem:0.02M, Peak:0.02M | Scene, ViewLayer | Synchronizing object | East chapel jamb.006
Fra:1 Mem:134.99M (Peak 134.99M) | Time:00:00.03 | Mem:0.02M, Peak:0.02M | Scene, ViewLayer | Synchronizing object | East chapel cornice
Fra:1 Mem:134.97M (Peak 134.99M) | Time:00:00.03 | Mem:0.02M, Peak:0.02M | Scene, ViewLayer | Synchronizing object | East chapel bronze roof curb
Fra:1 Mem:135.07M (Peak 135.07M) | Time:00:00.03 | Mem:0.02M, Peak:0.02M | Scene, ViewLayer | Synchronizing object | Gilded finial.002
Fra:1 Mem:135.08M (Peak 135.08M) | Time:00:00.03 | Mem:0.02M, Peak:0.02M | Scene, ViewLayer | Synchronizing object | East chapel tower
Fra:1 Mem:135.09M (Peak 135.09M) | Time:00:00.03 | Mem:0.02M, Peak:0.02M | Scene, ViewLayer | Synchronizing object | East chapel tower capital
Fra:1 Mem:135.12M (Peak 135.12M) | Time:00:00.03 | Mem:0.02M, Peak:0.02M | Scene, ViewLayer | Synchronizing object | Fine horizontal masonry joint.065
Fra:1 Mem:135.14M (Peak 135.14M) | Time:00:00.03 | Mem:0.02M, Peak:0.02M | Scene, ViewLayer | Synchronizing object | Fine horizontal masonry joint.066
Fra:1 Mem:135.20M (Peak 135.20M) | Time:00:00.03 | Mem:0.02M, Peak:0.02M | Scene, ViewLayer | Synchronizing object | Fine horizontal masonry joint.070
Fra:1 Mem:135.29M (Peak 135.29M) | Time:00:00.03 | Mem:0.02M, Peak:0.02M | Scene, ViewLayer | Synchronizing object | Raised standing seam.007
Fra:1 Mem:135.29M (Peak 135.29M) | Time:00:00.03 | Mem:0.02M, Peak:0.02M | Scene, ViewLayer | Synchronizing object | Base battlement
Fra:1 Mem:135.39M (Peak 135.39M) | Time:00:00.03 | Mem:0.02M, Peak:0.02M | Scene, ViewLayer | Synchronizing object | Base battlement.001
Fra:1 Mem:135.44M (Peak 135.45M) | Time:00:00.03 | Mem:0.02M, Peak:0.02M | Scene, ViewLayer | Synchronizing object | Base battlement.002
Fra:1 Mem:135.45M (Peak 135.45M) | Time:00:00.03 | Mem:0.02M, Peak:0.02M | Scene, ViewLayer | Synchronizing object | Raised standing seam.008
Fra:1 Mem:135.50M (Peak 135.50M) | Time:00:00.03 | Mem:0.02M, Peak:0.02M | Scene, ViewLayer | Synchronizing object | Inset stone paving.007
Fra:1 Mem:135.64M (Peak 135.64M) | Time:00:00.03 | Mem:0.02M, Peak:0.02M | Scene, ViewLayer | Synchronizing object | Bronze inlay border.056
Fra:1 Mem:135.72M (Peak 135.72M) | Time:00:00.03 | Mem:0.02M, Peak:0.02M | Scene, ViewLayer | Synchronizing object | Raised standing seam.009
Fra:1 Mem:135.69M (Peak 135.72M) | Time:00:00.03 | Mem:0.02M, Peak:0.02M | Scene, ViewLayer | Synchronizing object | Bronze inlay border.059
Fra:1 Mem:135.79M (Peak 135.79M) | Time:00:00.03 | Mem:0.02M, Peak:0.02M | Scene, ViewLayer | Synchronizing object | Bronze inlay border.060
Fra:1 Mem:135.79M (Peak 135.79M) | Time:00:00.03 | Mem:0.02M, Peak:0.02M | Scene, ViewLayer | Synchronizing object | Bronze inlay border.061
Fra:1 Mem:135.90M (Peak 135.90M) | Time:00:00.03 | Mem:0.02M, Peak:0.02M | Scene, ViewLayer | Synchronizing object | Raised standing seam.010
Fra:1 Mem:135.96M (Peak 135.96M) | Time:00:00.03 | Mem:0.02M, Peak:0.02M | Scene, ViewLayer | Synchronizing object | Bronze inlay border.062
Fra:1 Mem:136.01M (Peak 136.01M) | Time:00:00.03 | Mem:0.02M, Peak:0.02M | Scene, ViewLayer | Synchronizing object | Diamond inlaid stone.007
Fra:1 Mem:136.04M (Peak 136.04M) | Time:00:00.03 | Mem:0.02M, Peak:0.02M | Scene, ViewLayer | Synchronizing object | Raised standing seam.011
Fra:1 Mem:136.08M (Peak 136.08M) | Time:00:00.03 | Mem:0.02M, Peak:0.02M | Scene, ViewLayer | Synchronizing object | Bronze inlay border.064
Fra:1 Mem:136.16M (Peak 136.16M) | Time:00:00.03 | Mem:0.02M, Peak:0.02M | Scene, ViewLayer | Synchronizing object | Bronze inlay border.065
Fra:1 Mem:136.18M (Peak 136.18M) | Time:00:00.03 | Mem:0.02M, Peak:0.02M | Scene, ViewLayer | Synchronizing object | Raised standing seam.012
Fra:1 Mem:136.31M (Peak 136.31M) | Time:00:00.03 | Mem:0.02M, Peak:0.02M | Scene, ViewLayer | Synchronizing object | Bronze inlay border.068
Fra:1 Mem:136.33M (Peak 136.33M) | Time:00:00.03 | Mem:0.02M, Peak:0.02M | Scene, ViewLayer | Synchronizing object | Bronze inlay border.069
Fra:1 Mem:136.33M (Peak 136.33M) | Time:00:00.03 | Mem:0.02M, Peak:0.02M | Scene, ViewLayer | Synchronizing object | Raised standing seam.013
Fra:1 Mem:136.37M (Peak 136.37M) | Time:00:00.03 | Mem:0.02M, Peak:0.02M | Scene, ViewLayer | Synchronizing object | Bronze inlay border.071
Fra:1 Mem:136.53M (Peak 136.53M) | Time:00:00.03 | Mem:0.02M, Peak:0.02M | Scene, ViewLayer | Synchronizing object | Diamond inlaid stone.008
Fra:1 Mem:136.57M (Peak 136.57M) | Time:00:00.03 | Mem:0.02M, Peak:0.02M | Scene, ViewLayer | Synchronizing object | Raised standing seam.014
Fra:1 Mem:136.56M (Peak 136.57M) | Time:00:00.03 | Mem:0.02M, Peak:0.02M | Scene, ViewLayer | Synchronizing object | Refracting sea | displaced surface and enclosed volume
Fra:1 Mem:136.57M (Peak 136.57M) | Time:00:00.03 | Mem:0.02M, Peak:0.02M | Scene, ViewLayer | Synchronizing object | Great tower lower portal voussoir
Fra:1 Mem:136.66M (Peak 136.66M) | Time:00:00.03 | Mem:0.02M, Peak:0.02M | Scene, ViewLayer | Synchronizing object | Great tower lower portal voussoir.001
Fra:1 Mem:136.62M (Peak 136.66M) | Time:00:00.03 | Mem:0.02M, Peak:0.02M | Scene, ViewLayer | Synchronizing object | Great tower lower portal voussoir.002
Fra:1 Mem:136.65M (Peak 136.66M) | Time:00:00.03 | Mem:0.02M, Peak:0.02M | Scene, ViewLayer | Synchronizing object | Great tower lower portal voussoir.003
Fra:1 Mem:136.72M (Peak 136.72M) | Time:00:00.03 | Mem:0.02M, Peak:0.02M | Scene, ViewLayer | Synchronizing object | Great tower lower portal voussoir.004
Fra:1 Mem:136.74M (Peak 136.74M) | Time:00:00.03 | Mem:0.02M, Peak:0.02M | Scene, ViewLayer | Synchronizing object | Great tower lower portal voussoir.006
Fra:1 Mem:136.80M (Peak 136.80M) | Time:00:00.03 | Mem:0.02M, Peak:0.02M | Scene, ViewLayer | Synchronizing object | Great tower lower portal voussoir.008
Fra:1 Mem:136.77M (Peak 136.80M) | Time:00:00.03 | Mem:0.02M, Peak:0.02M | Scene, ViewLayer | Synchronizing object | Great tower lower portal voussoir.010
Fra:1 Mem:138.18M (Peak 138.18M) | Time:00:00.03 | Mem:0.02M, Peak:0.02M | Scene, ViewLayer | Synchronizing object | Great tower lower portal voussoir.011
Fra:1 Mem:138.22M (Peak 138.22M) | Time:00:00.03 | Mem:0.02M, Peak:0.02M | Scene, ViewLayer | Synchronizing object | Great tower lower portal voussoir.012
Fra:1 Mem:138.52M (Peak 138.52M) | Time:00:00.03 | Mem:0.02M, Peak:0.02M | Scene, ViewLayer | Synchronizing object | Great tower lower portal voussoir.013
Fra:1 Mem:138.46M (Peak 138.52M) | Time:00:00.03 | Mem:0.02M, Peak:0.02M | Scene, ViewLayer | Synchronizing object | Great tower lower portal voussoir.014
Fra:1 Mem:138.55M (Peak 138.55M) | Time:00:00.03 | Mem:0.02M, Peak:0.02M | Scene, ViewLayer | Synchronizing object | Great tower lower portal voussoir.019
Fra:1 Mem:138.81M (Peak 138.81M) | Time:00:00.03 | Mem:0.02M, Peak:0.02M | Scene, ViewLayer | Synchronizing object | Great tower lower portal voussoir.024
Fra:1 Mem:138.94M (Peak 138.94M) | Time:00:00.03 | Mem:0.02M, Peak:0.02M | Scene, ViewLayer | Synchronizing object | Dome rolled rim
Fra:1 Mem:139.10M (Peak 139.10M) | Time:00:00.03 | Mem:0.02M, Peak:0.02M | Scene, ViewLayer | Synchronizing object | Great tower lower portal voussoir.025
Fra:1 Mem:138.94M (Peak 139.10M) | Time:00:00.03 | Mem:0.02M, Peak:0.02M | Scene, ViewLayer | Synchronizing object | Great tower lower portal voussoir.026
Fra:1 Mem:139.21M (Peak 139.21M) | Time:00:00.03 | Mem:0.02M, Peak:0.02M | Scene, ViewLayer | Synchronizing object | Great tower lower portal voussoir.027
Fra:1 Mem:139.22M (Peak 139.22M) | Time:00:00.03 | Mem:0.02M, Peak:0.02M | Scene, ViewLayer | Synchronizing object | Great tower lower portal voussoir.029
Fra:1 Mem:139.32M (Peak 139.32M) | Time:00:00.03 | Mem:0.02M, Peak:0.02M | Scene, ViewLayer | Synchronizing object | Great tower lower portal voussoir.030
Fra:1 Mem:139.37M (Peak 139.37M) | Time:00:00.03 | Mem:0.02M, Peak:0.02M | Scene, ViewLayer | Synchronizing object | Great tower lower portal voussoir.031
Fra:1 Mem:139.25M (Peak 139.37M) | Time:00:00.03 | Mem:0.02M, Peak:0.02M | Scene, ViewLayer | Synchronizing object | Great tower lower portal voussoir.032
Fra:1 Mem:139.50M (Peak 139.50M) | Time:00:00.03 | Mem:0.02M, Peak:0.02M | Scene, ViewLayer | Synchronizing object | Great tower lower portal voussoir.033
Fra:1 Mem:139.60M (Peak 139.60M) | Time:00:00.03 | Mem:0.02M, Peak:0.02M | Scene, ViewLayer | Synchronizing object | Dome rolled rim.001
Fra:1 Mem:139.60M (Peak 139.60M) | Time:00:00.03 | Mem:0.02M, Peak:0.02M | Scene, ViewLayer | Synchronizing object | Great tower lower portal voussoir.035
Fra:1 Mem:139.89M (Peak 139.89M) | Time:00:00.03 | Mem:0.02M, Peak:0.02M | Scene, ViewLayer | Synchronizing object | Great tower lower portal voussoir.036
Fra:1 Mem:139.75M (Peak 139.89M) | Time:00:00.03 | Mem:0.02M, Peak:0.02M | Scene, ViewLayer | Synchronizing object | Great tower lower portal voussoir.037
Fra:1 Mem:139.68M (Peak 139.89M) | Time:00:00.03 | Mem:0.02M, Peak:0.02M | Scene, ViewLayer | Synchronizing object | Great tower lower portal voussoir.039
Fra:1 Mem:142.52M (Peak 142.52M) | Time:00:00.03 | Mem:0.02M, Peak:0.02M | Scene, ViewLayer | Synchronizing object | Great tower lower portal voussoir.041
Fra:1 Mem:142.52M (Peak 142.52M) | Time:00:00.03 | Mem:0.02M, Peak:0.02M | Scene, ViewLayer | Synchronizing object | Great tower lower portal voussoir.043
Fra:1 Mem:142.59M (Peak 142.59M) | Time:00:00.03 | Mem:0.02M, Peak:0.02M | Scene, ViewLayer | Synchronizing object | Great tower lower portal voussoir.044
Fra:1 Mem:143.51M (Peak 143.51M) | Time:00:00.03 | Mem:0.02M, Peak:0.02M | Scene, ViewLayer | Synchronizing object | Great tower lower portal voussoir.045
Fra:1 Mem:143.58M (Peak 143.58M) | Time:00:00.03 | Mem:0.02M, Peak:0.02M | Scene, ViewLayer | Synchronizing object | Great tower lower portal voussoir.046
Fra:1 Mem:143.72M (Peak 143.72M) | Time:00:00.03 | Mem:0.02M, Peak:0.02M | Scene, ViewLayer | Synchronizing object | Raised standing seam.016
Fra:1 Mem:143.96M (Peak 143.96M) | Time:00:00.03 | Mem:0.02M, Peak:0.02M | Scene, ViewLayer | Synchronizing object | Great tower lower portal voussoir.048
Fra:1 Mem:144.01M (Peak 144.01M) | Time:00:00.03 | Mem:0.02M, Peak:0.02M | Scene, ViewLayer | Synchronizing object | Great tower lower portal voussoir.049
Fra:1 Mem:144.11M (Peak 144.11M) | Time:00:00.03 | Mem:0.02M, Peak:0.02M | Scene, ViewLayer | Synchronizing object | Great tower lower portal voussoir.051
Fra:1 Mem:144.12M (Peak 144.12M) | Time:00:00.03 | Mem:0.02M, Peak:0.02M | Scene, ViewLayer | Synchronizing object | Great tower lower portal voussoir.053
Fra:1 Mem:144.90M (Peak 144.90M) | Time:00:00.03 | Mem:0.02M, Peak:0.02M | Scene, ViewLayer | Synchronizing object | Great tower lower portal voussoir.054
Fra:1 Mem:144.95M (Peak 144.95M) | Time:00:00.03 | Mem:0.02M, Peak:0.02M | Scene, ViewLayer | Synchronizing object | Great tower lower portal voussoir.056
Fra:1 Mem:144.99M (Peak 144.99M) | Time:00:00.03 | Mem:0.02M, Peak:0.02M | Scene, ViewLayer | Synchronizing object | Great tower lower portal voussoir.057
Fra:1 Mem:145.00M (Peak 145.00M) | Time:00:00.03 | Mem:0.02M, Peak:0.02M | Scene, ViewLayer | Synchronizing object | Great tower lower portal voussoir.059
Fra:1 Mem:145.00M (Peak 145.00M) | Time:00:00.03 | Mem:0.02M, Peak:0.02M | Scene, ViewLayer | Synchronizing object | Great tower lower portal voussoir.062
Fra:1 Mem:146.16M (Peak 146.16M) | Time:00:00.03 | Mem:0.02M, Peak:0.02M | Scene, ViewLayer | Synchronizing object | Great tower lower portal voussoir.063
Fra:1 Mem:146.20M (Peak 146.20M) | Time:00:00.03 | Mem:0.02M, Peak:0.02M | Scene, ViewLayer | Synchronizing object | Great tower lower portal voussoir.064
Fra:1 Mem:146.33M (Peak 146.33M) | Time:00:00.03 | Mem:0.02M, Peak:0.02M | Scene, ViewLayer | Synchronizing object | Great tower lower portal voussoir.065
Fra:1 Mem:146.35M (Peak 146.35M) | Time:00:00.03 | Mem:0.02M, Peak:0.02M | Scene, ViewLayer | Synchronizing object | Great tower lower portal voussoir.066
Fra:1 Mem:146.44M (Peak 146.44M) | Time:00:00.03 | Mem:0.02M, Peak:0.02M | Scene, ViewLayer | Synchronizing object | Great tower lower portal voussoir.067
Fra:1 Mem:146.67M (Peak 146.67M) | Time:00:00.03 | Mem:0.02M, Peak:0.02M | Scene, ViewLayer | Synchronizing object | Upper loggia voussoir
Fra:1 Mem:146.55M (Peak 146.67M) | Time:00:00.03 | Mem:0.02M, Peak:0.02M | Scene, ViewLayer | Synchronizing object | Upper loggia voussoir.001
Fra:1 Mem:146.70M (Peak 146.70M) | Time:00:00.03 | Mem:0.02M, Peak:0.02M | Scene, ViewLayer | Synchronizing object | Upper loggia voussoir.003
Fra:1 Mem:147.15M (Peak 147.15M) | Time:00:00.03 | Mem:0.02M, Peak:0.02M | Scene, ViewLayer | Synchronizing object | Upper loggia voussoir.006
Fra:1 Mem:147.27M (Peak 147.27M) | Time:00:00.03 | Mem:0.02M, Peak:0.02M | Scene, ViewLayer | Synchronizing object | Raised standing seam.018
Fra:1 Mem:147.37M (Peak 147.37M) | Time:00:00.03 | Mem:0.02M, Peak:0.02M | Scene, ViewLayer | Synchronizing object | Upper loggia voussoir.007
Fra:1 Mem:147.41M (Peak 147.41M) | Time:00:00.03 | Mem:0.02M, Peak:0.02M | Scene, ViewLayer | Synchronizing object | Upper loggia voussoir.012
Fra:1 Mem:147.56M (Peak 147.56M) | Time:00:00.03 | Mem:0.02M, Peak:0.02M | Scene, ViewLayer | Synchronizing object | Raised standing seam.019
Fra:1 Mem:147.64M (Peak 147.64M) | Time:00:00.03 | Mem:0.02M, Peak:0.02M | Scene, ViewLayer | Synchronizing object | Raised standing seam.020
Fra:1 Mem:147.70M (Peak 147.70M) | Time:00:00.03 | Mem:0.02M, Peak:0.02M | Scene, ViewLayer | Synchronizing object | Upper loggia voussoir.013
Fra:1 Mem:147.71M (Peak 147.71M) | Time:00:00.03 | Mem:0.02M, Peak:0.02M | Scene, ViewLayer | Synchronizing object | Upper loggia voussoir.014
Fra:1 Mem:147.75M (Peak 147.75M) | Time:00:00.03 | Mem:0.02M, Peak:0.02M | Scene, ViewLayer | Synchronizing object | Upper loggia arch.001
Fra:1 Mem:147.79M (Peak 147.79M) | Time:00:00.03 | Mem:0.02M, Peak:0.02M | Scene, ViewLayer | Synchronizing object | Upper loggia voussoir.017
Fra:1 Mem:147.80M (Peak 147.80M) | Time:00:00.03 | Mem:0.02M, Peak:0.02M | Scene, ViewLayer | Synchronizing object | Upper loggia voussoir.020
Fra:1 Mem:148.03M (Peak 148.03M) | Time:00:00.03 | Mem:0.02M, Peak:0.02M | Scene, ViewLayer | Synchronizing object | Raised standing seam.021
Fra:1 Mem:148.04M (Peak 148.04M) | Time:00:00.03 | Mem:0.02M, Peak:0.02M | Scene, ViewLayer | Synchronizing object | Upper loggia voussoir.023
Fra:1 Mem:148.30M (Peak 148.30M) | Time:00:00.03 | Mem:0.02M, Peak:0.02M | Scene, ViewLayer | Synchronizing object | Upper loggia voussoir.025
Fra:1 Mem:148.33M (Peak 148.33M) | Time:00:00.03 | Mem:0.02M, Peak:0.02M | Scene, ViewLayer | Synchronizing object | Upper loggia voussoir.026
Fra:1 Mem:148.38M (Peak 148.38M) | Time:00:00.03 | Mem:0.02M, Peak:0.02M | Scene, ViewLayer | Synchronizing object | Upper loggia voussoir.028
Fra:1 Mem:149.29M (Peak 149.29M) | Time:00:00.03 | Mem:0.02M, Peak:0.02M | Scene, ViewLayer | Synchronizing object | Upper loggia voussoir.029
Fra:1 Mem:149.43M (Peak 149.43M) | Time:00:00.03 | Mem:0.02M, Peak:0.02M | Scene, ViewLayer | Synchronizing object | Upper loggia voussoir.030
Fra:1 Mem:149.49M (Peak 149.49M) | Time:00:00.03 | Mem:0.02M, Peak:0.02M | Scene, ViewLayer | Synchronizing object | Raised standing seam.022
Fra:1 Mem:149.49M (Peak 149.49M) | Time:00:00.03 | Mem:0.02M, Peak:0.02M | Scene, ViewLayer | Synchronizing object | Upper loggia voussoir.031
Fra:1 Mem:149.54M (Peak 149.54M) | Time:00:00.03 | Mem:0.02M, Peak:0.02M | Scene, ViewLayer | Synchronizing object | Upper loggia arch.002
Fra:1 Mem:149.61M (Peak 149.61M) | Time:00:00.03 | Mem:0.02M, Peak:0.02M | Scene, ViewLayer | Synchronizing object | Upper loggia voussoir.034
Fra:1 Mem:149.58M (Peak 149.61M) | Time:00:00.03 | Mem:0.02M, Peak:0.02M | Scene, ViewLayer | Synchronizing object | Upper loggia voussoir.035
Fra:1 Mem:149.65M (Peak 149.65M) | Time:00:00.03 | Mem:0.02M, Peak:0.02M | Scene, ViewLayer | Synchronizing object | Upper loggia voussoir.036
Fra:1 Mem:149.82M (Peak 149.82M) | Time:00:00.03 | Mem:0.02M, Peak:0.02M | Scene, ViewLayer | Synchronizing object | Upper loggia voussoir.037
Fra:1 Mem:149.88M (Peak 149.88M) | Time:00:00.03 | Mem:0.02M, Peak:0.02M | Scene, ViewLayer | Synchronizing object | Upper loggia voussoir.038
Fra:1 Mem:149.99M (Peak 149.99M) | Time:00:00.03 | Mem:0.02M, Peak:0.02M | Scene, ViewLayer | Synchronizing object | Upper loggia voussoir.039
Fra:1 Mem:150.00M (Peak 150.00M) | Time:00:00.03 | Mem:0.02M, Peak:0.02M | Scene, ViewLayer | Synchronizing object | Upper loggia voussoir.040
Fra:1 Mem:150.14M (Peak 150.14M) | Time:00:00.03 | Mem:0.02M, Peak:0.02M | Scene, ViewLayer | Synchronizing object | Upper loggia voussoir.041
Fra:1 Mem:150.03M (Peak 150.14M) | Time:00:00.03 | Mem:0.02M, Peak:0.02M | Scene, ViewLayer | Synchronizing object | Upper loggia voussoir.043
Fra:1 Mem:150.08M (Peak 150.14M) | Time:00:00.03 | Mem:0.02M, Peak:0.02M | Scene, ViewLayer | Synchronizing object | Raised standing seam.024
Fra:1 Mem:150.38M (Peak 150.38M) | Time:00:00.03 | Mem:0.02M, Peak:0.02M | Scene, ViewLayer | Synchronizing object | Upper loggia voussoir.048
Fra:1 Mem:150.36M (Peak 150.38M) | Time:00:00.03 | Mem:0.02M, Peak:0.02M | Scene, ViewLayer | Synchronizing object | Raised standing seam.025
Fra:1 Mem:150.19M (Peak 150.38M) | Time:00:00.03 | Mem:0.02M, Peak:0.02M | Scene, ViewLayer | Synchronizing object | Upper loggia voussoir.050
Fra:1 Mem:150.74M (Peak 150.74M) | Time:00:00.03 | Mem:0.02M, Peak:0.02M | Scene, ViewLayer | Synchronizing object | Upper loggia arch.003
Fra:1 Mem:150.79M (Peak 150.79M) | Time:00:00.03 | Mem:0.02M, Peak:0.02M | Scene, ViewLayer | Synchronizing object | Upper loggia voussoir.051
Fra:1 Mem:150.79M (Peak 150.79M) | Time:00:00.03 | Mem:0.02M, Peak:0.02M | Scene, ViewLayer | Synchronizing object | Upper loggia voussoir.053
Fra:1 Mem:150.84M (Peak 150.84M) | Time:00:00.03 | Mem:0.02M, Peak:0.02M | Scene, ViewLayer | Synchronizing object | Upper loggia voussoir.054
Fra:1 Mem:151.22M (Peak 151.22M) | Time:00:00.03 | Mem:0.02M, Peak:0.02M | Scene, ViewLayer | Synchronizing object | Upper loggia voussoir.055
Fra:1 Mem:151.24M (Peak 151.24M) | Time:00:00.03 | Mem:0.02M, Peak:0.02M | Scene, ViewLayer | Synchronizing object | Upper loggia voussoir.057
Fra:1 Mem:151.11M (Peak 151.24M) | Time:00:00.03 | Mem:0.02M, Peak:0.02M | Scene, ViewLayer | Synchronizing object | Upper loggia voussoir.058
Fra:1 Mem:151.24M (Peak 151.24M) | Time:00:00.03 | Mem:0.02M, Peak:0.02M | Scene, ViewLayer | Synchronizing object | Upper loggia voussoir.061
Fra:1 Mem:151.24M (Peak 151.24M) | Time:00:00.03 | Mem:0.02M, Peak:0.02M | Scene, ViewLayer | Synchronizing object | Upper loggia voussoir.063
Fra:1 Mem:151.24M (Peak 151.24M) | Time:00:00.03 | Mem:0.02M, Peak:0.02M | Scene, ViewLayer | Synchronizing object | Upper loggia voussoir.065
Fra:1 Mem:151.26M (Peak 151.26M) | Time:00:00.03 | Mem:0.02M, Peak:0.02M | Scene, ViewLayer | Synchronizing object | Upper loggia voussoir.066
Fra:1 Mem:151.29M (Peak 151.29M) | Time:00:00.03 | Mem:0.02M, Peak:0.02M | Scene, ViewLayer | Synchronizing object | Upper loggia voussoir.067
Fra:1 Mem:151.33M (Peak 151.33M) | Time:00:00.03 | Mem:0.02M, Peak:0.02M | Scene, ViewLayer | Synchronizing object | Crown observatory arch
Fra:1 Mem:151.35M (Peak 151.35M) | Time:00:00.03 | Mem:0.02M, Peak:0.02M | Scene, ViewLayer | Synchronizing object | Crown observatory arch.001
Fra:1 Mem:151.41M (Peak 151.41M) | Time:00:00.03 | Mem:0.02M, Peak:0.02M | Scene, ViewLayer | Synchronizing object | Crown observatory arch.002
Fra:1 Mem:151.61M (Peak 151.61M) | Time:00:00.03 | Mem:0.02M, Peak:0.02M | Scene, ViewLayer | Synchronizing object | Crown observatory arch.003
Fra:1 Mem:151.81M (Peak 151.81M) | Time:00:00.03 | Mem:0.02M, Peak:0.02M | Scene, ViewLayer | Synchronizing object | Wind-shaped silk flag
Fra:1 Mem:151.71M (Peak 151.81M) | Time:00:00.03 | Mem:0.02M, Peak:0.02M | Scene, ViewLayer | Synchronizing object | Stair vault.001
Fra:1 Mem:151.90M (Peak 151.90M) | Time:00:00.03 | Mem:0.02M, Peak:0.02M | Scene, ViewLayer | Synchronizing object | Stair vault.002
Fra:1 Mem:151.92M (Peak 151.92M) | Time:00:00.03 | Mem:0.02M, Peak:0.02M | Scene, ViewLayer | Synchronizing object | Stair vault.003
Fra:1 Mem:151.96M (Peak 151.96M) | Time:00:00.03 | Mem:0.02M, Peak:0.02M | Scene, ViewLayer | Synchronizing object | West chapel arch
Fra:1 Mem:151.97M (Peak 151.97M) | Time:00:00.03 | Mem:0.02M, Peak:0.02M | Scene, ViewLayer | Synchronizing object | West chapel arch.001
Fra:1 Mem:152.62M (Peak 152.62M) | Time:00:00.03 | Mem:0.02M, Peak:0.02M | Scene, ViewLayer | Synchronizing object | West chapel arch.002
Fra:1 Mem:152.64M (Peak 152.64M) | Time:00:00.03 | Mem:0.02M, Peak:0.02M | Scene, ViewLayer | Synchronizing object | West chapel arch.003
Fra:1 Mem:152.60M (Peak 152.64M) | Time:00:00.03 | Mem:0.02M, Peak:0.02M | Scene, ViewLayer | Synchronizing object | West chapel copper dome
Fra:1 Mem:155.42M (Peak 155.42M) | Time:00:00.03 | Mem:0.02M, Peak:0.02M | Scene, ViewLayer | Synchronizing object | Raised standing seam.027
Fra:1 Mem:155.48M (Peak 155.48M) | Time:00:00.03 | Mem:0.02M, Peak:0.02M | Scene, ViewLayer | Synchronizing object | Raised standing seam.028
Fra:1 Mem:155.77M (Peak 155.77M) | Time:00:00.03 | Mem:0.02M, Peak:0.02M | Scene, ViewLayer | Synchronizing object | Raised standing seam.029
Fra:1 Mem:156.01M (Peak 156.01M) | Time:00:00.03 | Mem:0.02M, Peak:0.02M | Scene, ViewLayer | Synchronizing object | Raised standing seam.030
Fra:1 Mem:156.09M (Peak 156.09M) | Time:00:00.03 | Mem:0.02M, Peak:0.02M | Scene, ViewLayer | Synchronizing object | Raised standing seam.031
Fra:1 Mem:156.07M (Peak 156.09M) | Time:00:00.03 | Mem:0.02M, Peak:0.02M | Scene, ViewLayer | Synchronizing object | Dome rolled rim.002
Fra:1 Mem:156.18M (Peak 156.18M) | Time:00:00.03 | Mem:0.02M, Peak:0.02M | Scene, ViewLayer | Synchronizing object | Dome rolled rim.003
Fra:1 Mem:156.48M (Peak 156.48M) | Time:00:00.03 | Mem:0.02M, Peak:0.02M | Scene, ViewLayer | Synchronizing object | West chapel warm interior
Fra:1 Mem:156.49M (Peak 156.49M) | Time:00:00.03 | Mem:0.02M, Peak:0.02M | Scene, ViewLayer | Synchronizing object | West chapel bridge voussoir
Fra:1 Mem:156.30M (Peak 156.49M) | Time:00:00.03 | Mem:0.02M, Peak:0.02M | Scene, ViewLayer | Synchronizing object | West chapel bridge voussoir.003
Fra:1 Mem:156.30M (Peak 156.49M) | Time:00:00.03 | Mem:0.02M, Peak:0.02M | Scene, ViewLayer | Synchronizing object | West chapel bridge voussoir.005
Fra:1 Mem:156.37M (Peak 156.49M) | Time:00:00.03 | Mem:0.02M, Peak:0.02M | Scene, ViewLayer | Synchronizing object | West chapel bridge voussoir.008
Fra:1 Mem:156.35M (Peak 156.49M) | Time:00:00.03 | Mem:0.02M, Peak:0.02M | Scene, ViewLayer | Synchronizing object | West chapel bridge voussoir.011
Fra:1 Mem:156.45M (Peak 156.49M) | Time:00:00.03 | Mem:0.02M, Peak:0.02M | Scene, ViewLayer | Synchronizing object | West chapel bridge voussoir.012
Fra:1 Mem:156.44M (Peak 156.49M) | Time:00:00.03 | Mem:0.02M, Peak:0.02M | Scene, ViewLayer | Synchronizing object | West chapel bridge voussoir.013
Fra:1 Mem:156.46M (Peak 156.49M) | Time:00:00.03 | Mem:0.02M, Peak:0.02M | Scene, ViewLayer | Synchronizing object | West chapel bridge voussoir.014
Fra:1 Mem:156.55M (Peak 156.55M) | Time:00:00.03 | Mem:0.02M, Peak:0.02M | Scene, ViewLayer | Synchronizing object | West chapel bridge voussoir.015
Fra:1 Mem:156.55M (Peak 156.55M) | Time:00:00.03 | Mem:0.02M, Peak:0.02M | Scene, ViewLayer | Synchronizing object | East chapel arch
Fra:1 Mem:156.54M (Peak 156.55M) | Time:00:00.03 | Mem:0.02M, Peak:0.02M | Scene, ViewLayer | Synchronizing object | East chapel arch.003
Fra:1 Mem:156.59M (Peak 156.59M) | Time:00:00.03 | Mem:0.02M, Peak:0.02M | Scene, ViewLayer | Synchronizing object | East chapel copper dome
Fra:1 Mem:158.05M (Peak 158.05M) | Time:00:00.03 | Mem:0.02M, Peak:0.02M | Scene, ViewLayer | Synchronizing object | Raised standing seam.033
Fra:1 Mem:158.86M (Peak 158.86M) | Time:00:00.03 | Mem:0.02M, Peak:0.02M | Scene, ViewLayer | Synchronizing object | Raised standing seam.034
Fra:1 Mem:159.02M (Peak 159.02M) | Time:00:00.03 | Mem:0.02M, Peak:0.02M | Scene, ViewLayer | Synchronizing object | Raised standing seam.035
Fra:1 Mem:159.11M (Peak 159.11M) | Time:00:00.03 | Mem:0.02M, Peak:0.02M | Scene, ViewLayer | Synchronizing object | Raised standing seam.036
Fra:1 Mem:159.19M (Peak 159.19M) | Time:00:00.03 | Mem:0.02M, Peak:0.02M | Scene, ViewLayer | Synchronizing object | Raised standing seam.037
Fra:1 Mem:159.37M (Peak 159.37M) | Time:00:00.03 | Mem:0.02M, Peak:0.02M | Scene, ViewLayer | Synchronizing object | Raised standing seam.038
Fra:1 Mem:159.36M (Peak 159.37M) | Time:00:00.03 | Mem:0.02M, Peak:0.02M | Scene, ViewLayer | Synchronizing object | Raised standing seam.039
Fra:1 Mem:159.45M (Peak 159.45M) | Time:00:00.03 | Mem:0.02M, Peak:0.02M | Scene, ViewLayer | Synchronizing object | Raised standing seam.040
Fra:1 Mem:159.54M (Peak 159.54M) | Time:00:00.03 | Mem:0.02M, Peak:0.02M | Scene, ViewLayer | Synchronizing object | Raised standing seam.041
Fra:1 Mem:159.62M (Peak 159.62M) | Time:00:00.03 | Mem:0.02M, Peak:0.02M | Scene, ViewLayer | Synchronizing object | Raised standing seam.042
Fra:1 Mem:159.71M (Peak 159.71M) | Time:00:00.03 | Mem:0.02M, Peak:0.02M | Scene, ViewLayer | Synchronizing object | Raised standing seam.043
Fra:1 Mem:159.80M (Peak 159.80M) | Time:00:00.03 | Mem:0.02M, Peak:0.02M | Scene, ViewLayer | Synchronizing object | Raised standing seam.044
Fra:1 Mem:159.89M (Peak 159.89M) | Time:00:00.03 | Mem:0.02M, Peak:0.02M | Scene, ViewLayer | Synchronizing object | Raised standing seam.045
Fra:1 Mem:159.97M (Peak 159.97M) | Time:00:00.03 | Mem:0.02M, Peak:0.02M | Scene, ViewLayer | Synchronizing object | Raised standing seam.046
Fra:1 Mem:160.06M (Peak 160.06M) | Time:00:00.03 | Mem:0.02M, Peak:0.02M | Scene, ViewLayer | Synchronizing object | Raised standing seam.047
Fra:1 Mem:160.15M (Peak 160.15M) | Time:00:00.03 | Mem:0.02M, Peak:0.02M | Scene, ViewLayer | Synchronizing object | Dome rolled rim.004
Fra:1 Mem:160.26M (Peak 160.26M) | Time:00:00.03 | Mem:0.02M, Peak:0.02M | Scene, ViewLayer | Synchronizing object | Dome rolled rim.005
Fra:1 Mem:160.38M (Peak 160.38M) | Time:00:00.03 | Mem:0.02M, Peak:0.02M | Scene, ViewLayer | Synchronizing object | East chapel warm interior
Fra:1 Mem:160.38M (Peak 160.38M) | Time:00:00.03 | Mem:0.02M, Peak:0.02M | Scene, ViewLayer | Synchronizing object | Amber portal lamp.002
Fra:1 Mem:160.38M (Peak 160.38M) | Time:00:00.03 | Mem:0.02M, Peak:0.02M | Scene, ViewLayer | Synchronizing object | potted_plant_01_stem.001
Fra:1 Mem:160.38M (Peak 160.38M) | Time:00:00.03 | Mem:0.02M, Peak:0.02M | Scene, ViewLayer | Synchronizing object | potted_plant_01_pebbles.001
Fra:1 Mem:160.87M (Peak 160.87M) | Time:00:00.03 | Mem:0.02M, Peak:0.02M | Scene, ViewLayer | Synchronizing object | potted_plant_01_leaves.001
Fra:1 Mem:161.37M (Peak 161.37M) | Time:00:00.03 | Mem:0.02M, Peak:0.02M | Scene, ViewLayer | Synchronizing object | Cool moon key
Fra:1 Mem:161.37M (Peak 161.37M) | Time:00:00.03 | Mem:0.02M, Peak:0.02M | Scene, ViewLayer | Synchronizing object | Crescent moon sculpture
Fra:1 Mem:181.39M (Peak 183.84M) | Time:00:00.04 | Mem:0.02M, Peak:0.02M | Scene, ViewLayer | Initializing
Fra:1 Mem:154.49M (Peak 183.84M) | Time:00:00.04 | Mem:0.02M, Peak:0.02M | Scene, ViewLayer | Updating Images | Loading potted_plant_01_leaves_nor_gl.png
Fra:1 Mem:154.49M (Peak 183.84M) | Time:00:00.04 | Mem:0.02M, Peak:0.02M | Scene, ViewLayer | Updating Images | Loading potted_plant_01_pot_rough
Fra:1 Mem:154.49M (Peak 183.84M) | Time:00:00.04 | Mem:0.02M, Peak:0.02M | Scene, ViewLayer | Updating Images | Loading potted_plant_01_leaves_rough.png
Fra:1 Mem:232.24M (Peak 298.53M) | Time:00:00.06 | Mem:96.02M, Peak:96.02M | Scene, ViewLayer | Waiting for render to start
Fra:1 Mem:232.24M (Peak 298.53M) | Time:00:00.06 | Mem:96.02M, Peak:96.02M | Scene, ViewLayer | Updating Scene
Fra:1 Mem:232.24M (Peak 298.53M) | Time:00:00.06 | Mem:96.02M, Peak:96.02M | Scene, ViewLayer | Updating Shaders
Fra:1 Mem:232.34M (Peak 298.53M) | Time:00:00.07 | Mem:96.02M, Peak:96.02M | Scene, ViewLayer | Loading render kernels (may take a few minutes the first time)
Fra:1 Mem:232.32M (Peak 298.53M) | Time:00:00.09 | Mem:96.06M, Peak:96.06M | Scene, ViewLayer | Updating Procedurals
Fra:1 Mem:232.32M (Peak 298.53M) | Time:00:00.09 | Mem:96.06M, Peak:96.06M | Scene, ViewLayer | Updating Background
Fra:1 Mem:232.32M (Peak 298.53M) | Time:00:00.09 | Mem:96.06M, Peak:96.06M | Scene, ViewLayer | Updating Camera
Fra:1 Mem:232.32M (Peak 298.53M) | Time:00:00.09 | Mem:96.06M, Peak:96.06M | Scene, ViewLayer | Updating Meshes Flags
Fra:1 Mem:232.32M (Peak 298.53M) | Time:00:00.09 | Mem:96.06M, Peak:96.06M | Scene, ViewLayer | Updating Objects
Fra:1 Mem:232.32M (Peak 298.53M) | Time:00:00.09 | Mem:96.06M, Peak:96.06M | Scene, ViewLayer | Updating Objects | Copying Transformations to device
Fra:1 Mem:232.33M (Peak 298.53M) | Time:00:00.09 | Mem:96.23M, Peak:96.23M | Scene, ViewLayer | Updating Particle Systems
Fra:1 Mem:232.33M (Peak 298.53M) | Time:00:00.09 | Mem:96.23M, Peak:96.23M | Scene, ViewLayer | Updating Particle Systems | Copying Particles to device
Fra:1 Mem:232.33M (Peak 298.53M) | Time:00:00.09 | Mem:96.23M, Peak:96.23M | Scene, ViewLayer | Updating Meshes
Fra:1 Mem:242.41M (Peak 298.53M) | Time:00:00.13 | Mem:96.23M, Peak:96.23M | Scene, ViewLayer | Updating Objects | Applying Static Transformations
Fra:1 Mem:242.41M (Peak 298.53M) | Time:00:00.14 | Mem:96.23M, Peak:96.23M | Scene, ViewLayer | Updating Mesh | Computing attributes
Fra:1 Mem:260.31M (Peak 298.53M) | Time:00:00.14 | Mem:96.27M, Peak:96.27M | Scene, ViewLayer | Updating Mesh | Copying Attributes to device
Fra:1 Mem:242.41M (Peak 298.53M) | Time:00:00.19 | Mem:114.13M, Peak:114.13M | Scene, ViewLayer | Updating Geometry BVH Cube.001 2/80 | Building BVH
Fra:1 Mem:242.41M (Peak 298.53M) | Time:00:00.19 | Mem:114.13M, Peak:114.13M | Scene, ViewLayer | Updating Geometry BVH Cube.005 6/616 | Building BVH
Fra:1 Mem:242.41M (Peak 298.53M) | Time:00:00.19 | Mem:114.13M, Peak:114.13M | Scene, ViewLayer | Updating Geometry BVH Cube.007 8/681 | Building BVH
Fra:1 Mem:242.41M (Peak 298.53M) | Time:00:00.19 | Mem:114.13M, Peak:114.13M | Scene, ViewLayer | Updating Geometry BVH Cube.007 8/681 | Building mesh BLAS |      12 tris | Cube.001
Fra:1 Mem:242.41M (Peak 298.53M) | Time:00:00.19 | Mem:114.13M, Peak:114.13M | Scene, ViewLayer | Updating Geometry BVH Cube.010 11/681 | Building mesh BLAS |     188 tris | Cube.005
Fra:1 Mem:242.41M (Peak 298.53M) | Time:00:00.19 | Mem:114.13M, Peak:114.13M | Scene, ViewLayer | Updating Geometry BVH Cube.011 12/681 | Building mesh BLAS |     188 tris | Cube.007
Fra:1 Mem:242.41M (Peak 298.53M) | Time:00:00.19 | Mem:114.13M, Peak:114.13M | Scene, ViewLayer | Updating Geometry BVH Cube.013 14/681 | Building BVH
Fra:1 Mem:242.41M (Peak 298.53M) | Time:00:00.19 | Mem:114.13M, Peak:114.13M | Scene, ViewLayer | Updating Geometry BVH Cube.014 15/681 | Building BVH
Fra:1 Mem:242.41M (Peak 298.53M) | Time:00:00.19 | Mem:114.13M, Peak:114.13M | Scene, ViewLayer | Updating Geometry BVH Cube.015 16/681 | Building BVH
Fra:1 Mem:242.41M (Peak 298.53M) | Time:00:00.19 | Mem:114.13M, Peak:114.13M | Scene, ViewLayer | Updating Geometry BVH Cube.016 17/681 | Building BVH
Fra:1 Mem:242.41M (Peak 298.53M) | Time:00:00.19 | Mem:114.13M, Peak:114.13M | Scene, ViewLayer | Updating Geometry BVH Cube.016 17/681 | Building mesh BLAS |     188 tris | Cube.008
Fra:1 Mem:242.41M (Peak 298.53M) | Time:00:00.19 | Mem:114.13M, Peak:114.13M | Scene, ViewLayer | Updating Geometry BVH Cube.016 17/681 | Building mesh BLAS |     188 tris | Cube.004
Fra:1 Mem:242.41M (Peak 298.53M) | Time:00:00.19 | Mem:114.13M, Peak:114.13M | Scene, ViewLayer | Updating Geometry BVH Crescent moon sculpture 681/681 | Building mesh BLAS |     188 tris | Cube.010
Fra:1 Mem:242.41M (Peak 298.53M) | Time:00:00.19 | Mem:114.13M, Peak:114.13M | Scene, ViewLayer | Updating Geometry BVH Crescent moon sculpture 681/681 | Building mesh BLAS |     188 tris | Cube.006
Fra:1 Mem:242.41M (Peak 298.53M) | Time:00:00.19 | Mem:114.13M, Peak:114.13M | Scene, ViewLayer | Updating Geometry BVH Crescent moon sculpture 681/681 | Building mesh BLAS |     188 tris | Cube.003
Fra:1 Mem:242.41M (Peak 298.53M) | Time:00:00.19 | Mem:114.13M, Peak:114.13M | Scene, ViewLayer | Updating Geometry BVH Crescent moon sculpture 681/681 | Building mesh BLAS |     188 tris | Cube.009
Fra:1 Mem:242.41M (Peak 298.53M) | Time:00:00.19 | Mem:114.13M, Peak:114.13M | Scene, ViewLayer | Updating Geometry BVH Cube.017 18/681 | Building mesh BLAS |     188 tris | Cube.015
Fra:1 Mem:242.41M (Peak 298.53M) | Time:00:00.19 | Mem:114.13M, Peak:114.13M | Scene, ViewLayer | Updating Geometry BVH Cube.017 18/681 | Building mesh BLAS |     188 tris | Cube.012
Fra:1 Mem:242.41M (Peak 298.53M) | Time:00:00.19 | Mem:114.13M, Peak:114.13M | Scene, ViewLayer | Updating Geometry BVH Cube.017 18/681 | Building mesh BLAS |    1028 tris | Crescent moon sculpture
Fra:1 Mem:242.41M (Peak 298.53M) | Time:00:00.19 | Mem:114.13M, Peak:114.13M | Scene, ViewLayer | Updating Geometry BVH Cube.017 18/681 | Building mesh BLAS |     188 tris | Cube.013
Fra:1 Mem:242.41M (Peak 298.53M) | Time:00:00.19 | Mem:114.13M, Peak:114.13M | Scene, ViewLayer | Updating Geometry BVH Cube.017 18/681 | Building mesh BLAS |     188 tris | Cube.017
Fra:1 Mem:242.41M (Peak 298.53M) | Time:00:00.19 | Mem:114.13M, Peak:114.13M | Scene, ViewLayer | Updating Geometry BVH Cube.017 18/681 | Building mesh BLAS |     188 tris | Cube.002
Fra:1 Mem:242.41M (Peak 298.53M) | Time:00:00.19 | Mem:114.13M, Peak:114.13M | Scene, ViewLayer | Updating Geometry BVH Cube.017 18/681 | Building mesh BLAS |     188 tris | Cube.016
Fra:1 Mem:242.41M (Peak 298.53M) | Time:00:00.19 | Mem:114.13M, Peak:114.13M | Scene, ViewLayer | Updating Geometry BVH Cube.018 19/681 | Building BVH
Fra:1 Mem:242.41M (Peak 298.53M) | Time:00:00.19 | Mem:114.13M, Peak:114.13M | Scene, ViewLayer | Updating Geometry BVH Cube.023 24/681 | Building BVH
Fra:1 Mem:242.41M (Peak 298.53M) | Time:00:00.19 | Mem:114.13M, Peak:114.13M | Scene, ViewLayer | Updating Geometry BVH Cube.025 26/681 | Building mesh BLAS |     188 tris | Cube.018
Fra:1 Mem:242.41M (Peak 298.53M) | Time:00:00.19 | Mem:114.13M, Peak:114.13M | Scene, ViewLayer | Updating Geometry BVH Cube.025 26/681 | Building mesh BLAS |     188 tris | Cube.023
Fra:1 Mem:242.41M (Peak 298.53M) | Time:00:00.19 | Mem:114.13M, Peak:114.13M | Scene, ViewLayer | Updating Geometry BVH Cube.029 30/681 | Building BVH
Fra:1 Mem:242.41M (Peak 298.53M) | Time:00:00.19 | Mem:114.13M, Peak:114.13M | Scene, ViewLayer | Updating Geometry BVH Cube.030 31/681 | Building BVH
Fra:1 Mem:242.41M (Peak 298.53M) | Time:00:00.19 | Mem:114.13M, Peak:114.13M | Scene, ViewLayer | Updating Geometry BVH Cube.032 33/681 | Building BVH
Fra:1 Mem:242.41M (Peak 298.53M) | Time:00:00.19 | Mem:114.13M, Peak:114.13M | Scene, ViewLayer | Updating Geometry BVH Cube.032 33/681 | Building mesh BLAS |     188 tris | Cube.024
Fra:1 Mem:242.41M (Peak 298.53M) | Time:00:00.19 | Mem:114.13M, Peak:114.13M | Scene, ViewLayer | Updating Geometry BVH Cube.032 33/681 | Building mesh BLAS |     188 tris | Cube.032
Fra:1 Mem:242.41M (Peak 298.53M) | Time:00:00.19 | Mem:114.13M, Peak:114.13M | Scene, ViewLayer | Updating Geometry BVH Cube.034 35/681 | Building BVH
Fra:1 Mem:242.41M (Peak 298.53M) | Time:00:00.19 | Mem:114.13M, Peak:114.13M | Scene, ViewLayer | Updating Geometry BVH Cube.035 36/681 | Building mesh BLAS |     188 tris | Cube.025
Fra:1 Mem:242.41M (Peak 298.53M) | Time:00:00.19 | Mem:114.13M, Peak:114.13M | Scene, ViewLayer | Updating Geometry BVH Cube.035 36/681 | Building mesh BLAS |     188 tris | Cube.021
Fra:1 Mem:242.41M (Peak 298.53M) | Time:00:00.19 | Mem:114.13M, Peak:114.13M | Scene, ViewLayer | Updating Geometry BVH Cube.035 36/681 | Building mesh BLAS |     188 tris | Cube.027
Fra:1 Mem:242.41M (Peak 298.53M) | Time:00:00.19 | Mem:114.13M, Peak:114.13M | Scene, ViewLayer | Updating Geometry BVH Cube.035 36/681 | Building mesh BLAS |     188 tris | Cube.028
Fra:1 Mem:242.41M (Peak 298.53M) | Time:00:00.19 | Mem:114.13M, Peak:114.13M | Scene, ViewLayer | Updating Geometry BVH Cube.036 37/681 | Building mesh BLAS |     188 tris | Cube.030
Fra:1 Mem:242.41M (Peak 298.53M) | Time:00:00.19 | Mem:114.13M, Peak:114.13M | Scene, ViewLayer | Updating Geometry BVH Cube.036 37/681 | Building mesh BLAS |     188 tris | Cube.031
Fra:1 Mem:242.41M (Peak 298.53M) | Time:00:00.19 | Mem:114.13M, Peak:114.13M | Scene, ViewLayer | Updating Geometry BVH Soft warm horizon 679/681 | Building BVH
Fra:1 Mem:242.41M (Peak 298.53M) | Time:00:00.19 | Mem:114.13M, Peak:114.13M | Scene, ViewLayer | Updating Geometry BVH Cool moon key 678/681 | Building BVH
Fra:1 Mem:242.41M (Peak 298.53M) | Time:00:00.19 | Mem:114.13M, Peak:114.13M | Scene, ViewLayer | Updating Geometry BVH Cube.037 38/681 | Building BVH
Fra:1 Mem:242.41M (Peak 298.53M) | Time:00:00.19 | Mem:114.13M, Peak:114.13M | Scene, ViewLayer | Updating Geometry BVH Cube.037 38/681 | Building mesh BLAS |     188 tris | Cube.033
Fra:1 Mem:242.41M (Peak 298.53M) | Time:00:00.19 | Mem:114.13M, Peak:114.13M | Scene, ViewLayer | Updating Geometry BVH Cube.037 38/681 | Building mesh BLAS |     188 tris | Cube.034
Fra:1 Mem:242.41M (Peak 298.53M) | Time:00:00.19 | Mem:114.13M, Peak:114.13M | Scene, ViewLayer | Updating Geometry BVH Plane.070 677/681 | Building BVH
Fra:1 Mem:242.41M (Peak 298.53M) | Time:00:00.19 | Mem:114.13M, Peak:114.13M | Scene, ViewLayer | Updating Geometry BVH Cube.038 39/681 | Building BVH
Fra:1 Mem:242.41M (Peak 298.53M) | Time:00:00.19 | Mem:114.13M, Peak:114.13M | Scene, ViewLayer | Updating Geometry BVH Cube.038 39/681 | Building mesh BLAS |     188 tris | Cube.038
Fra:1 Mem:242.41M (Peak 298.53M) | Time:00:00.19 | Mem:114.13M, Peak:114.13M | Scene, ViewLayer | Updating Geometry BVH Cube.039 40/681 | Building BVH
Fra:1 Mem:242.41M (Peak 298.53M) | Time:00:00.19 | Mem:114.13M, Peak:114.13M | Scene, ViewLayer | Updating Geometry BVH Cube.040 41/681 | Building BVH
Fra:1 Mem:242.41M (Peak 298.53M) | Time:00:00.19 | Mem:114.13M, Peak:114.13M | Scene, ViewLayer | Updating Geometry BVH Cube.040 41/681 | Building mesh BLAS |     188 tris | Cube.036
Fra:1 Mem:242.41M (Peak 298.53M) | Time:00:00.19 | Mem:114.13M, Peak:114.13M | Scene, ViewLayer | Updating Geometry BVH Cube.040 41/681 | Building mesh BLAS |     188 tris | Cube.019
Fra:1 Mem:242.41M (Peak 298.53M) | Time:00:00.19 | Mem:114.13M, Peak:114.13M | Scene, ViewLayer | Updating Geometry BVH Cube.040 41/681 | Building mesh BLAS |     188 tris | Cube.037
Fra:1 Mem:242.41M (Peak 298.53M) | Time:00:00.19 | Mem:114.13M, Peak:114.13M | Scene, ViewLayer | Updating Geometry BVH Cube.041 42/681 | Building BVH
Fra:1 Mem:242.41M (Peak 298.53M) | Time:00:00.19 | Mem:114.13M, Peak:114.13M | Scene, ViewLayer | Updating Geometry BVH Cube.041 42/681 | Building mesh BLAS |     188 tris | Cube.035
Fra:1 Mem:242.41M (Peak 298.53M) | Time:00:00.19 | Mem:114.13M, Peak:114.13M | Scene, ViewLayer | Updating Geometry BVH Cube.041 42/681 | Building mesh BLAS |     188 tris | Cube.039
Fra:1 Mem:242.41M (Peak 298.53M) | Time:00:00.19 | Mem:114.13M, Peak:114.13M | Scene, ViewLayer | Updating Geometry BVH Cube.042 43/681 | Building mesh BLAS |     188 tris | Cube.040
Fra:1 Mem:242.41M (Peak 298.53M) | Time:00:00.19 | Mem:114.13M, Peak:114.13M | Scene, ViewLayer | Updating Geometry BVH Cube.042 43/681 | Building mesh BLAS |     188 tris | Cube.042
Fra:1 Mem:242.41M (Peak 298.53M) | Time:00:00.19 | Mem:114.13M, Peak:114.13M | Scene, ViewLayer | Updating Geometry BVH Cube.043 44/681 | Building BVH
Fra:1 Mem:242.41M (Peak 298.53M) | Time:00:00.19 | Mem:114.13M, Peak:114.13M | Scene, ViewLayer | Updating Geometry BVH Cube.044 45/681 | Building BVH
Fra:1 Mem:242.41M (Peak 298.53M) | Time:00:00.19 | Mem:114.13M, Peak:114.13M | Scene, ViewLayer | Updating Geometry BVH Cube.044 45/681 | Building mesh BLAS |     188 tris | Cube.043
Fra:1 Mem:242.41M (Peak 298.53M) | Time:00:00.19 | Mem:114.13M, Peak:114.13M | Scene, ViewLayer | Updating Geometry BVH Cube.044 45/681 | Building mesh BLAS |     188 tris | Cube.044
Fra:1 Mem:242.41M (Peak 298.53M) | Time:00:00.19 | Mem:114.13M, Peak:114.13M | Scene, ViewLayer | Updating Geometry BVH Cube.045 46/681 | Building BVH
Fra:1 Mem:242.41M (Peak 298.53M) | Time:00:00.19 | Mem:114.13M, Peak:114.13M | Scene, ViewLayer | Updating Geometry BVH Cube.045 46/681 | Building mesh BLAS |     188 tris | Cube.045
Fra:1 Mem:242.41M (Peak 298.53M) | Time:00:00.19 | Mem:114.13M, Peak:114.13M | Scene, ViewLayer | Updating Geometry BVH Cube.046 47/681 | Building BVH
Fra:1 Mem:242.41M (Peak 298.53M) | Time:00:00.19 | Mem:114.13M, Peak:114.13M | Scene, ViewLayer | Updating Geometry BVH Cube.046 47/681 | Building mesh BLAS |     188 tris | Cube.046
Fra:1 Mem:242.41M (Peak 298.53M) | Time:00:00.19 | Mem:114.13M, Peak:114.13M | Scene, ViewLayer | Updating Geometry BVH Cube.047 48/681 | Building BVH
Fra:1 Mem:242.41M (Peak 298.53M) | Time:00:00.19 | Mem:114.13M, Peak:114.13M | Scene, ViewLayer | Updating Geometry BVH Cube.047 48/681 | Building mesh BLAS |     188 tris | Cube.047
Fra:1 Mem:242.41M (Peak 298.53M) | Time:00:00.19 | Mem:114.13M, Peak:114.13M | Scene, ViewLayer | Updating Geometry BVH Cube.048 49/681 | Building BVH
Fra:1 Mem:242.41M (Peak 298.53M) | Time:00:00.19 | Mem:114.13M, Peak:114.13M | Scene, ViewLayer | Updating Geometry BVH Cube.048 49/681 | Building mesh BLAS |     188 tris | Cube.048
Fra:1 Mem:242.41M (Peak 298.53M) | Time:00:00.19 | Mem:114.13M, Peak:114.13M | Scene, ViewLayer | Updating Geometry BVH Cube.049 50/681 | Building BVH
Fra:1 Mem:242.41M (Peak 298.53M) | Time:00:00.19 | Mem:114.13M, Peak:114.13M | Scene, ViewLayer | Updating Geometry BVH Cube.049 50/681 | Building mesh BLAS |     188 tris | Cube.049
Fra:1 Mem:242.41M (Peak 298.53M) | Time:00:00.19 | Mem:114.13M, Peak:114.13M | Scene, ViewLayer | Updating Geometry BVH Cube.050 51/681 | Building BVH
Fra:1 Mem:242.41M (Peak 298.53M) | Time:00:00.19 | Mem:114.13M, Peak:114.13M | Scene, ViewLayer | Updating Geometry BVH Cube.050 51/681 | Building mesh BLAS |     188 tris | Cube.050
Fra:1 Mem:242.41M (Peak 298.53M) | Time:00:00.19 | Mem:114.13M, Peak:114.13M | Scene, ViewLayer | Updating Geometry BVH Cube.051 52/681 | Building BVH
Fra:1 Mem:242.41M (Peak 298.53M) | Time:00:00.19 | Mem:114.13M, Peak:114.13M | Scene, ViewLayer | Updating Geometry BVH Cube.051 52/681 | Building mesh BLAS |     188 tris | Cube.051
Fra:1 Mem:242.41M (Peak 298.53M) | Time:00:00.19 | Mem:114.13M, Peak:114.13M | Scene, ViewLayer | Updating Geometry BVH Cube.052 53/681 | Building BVH
Fra:1 Mem:242.41M (Peak 298.53M) | Time:00:00.19 | Mem:114.13M, Peak:114.13M | Scene, ViewLayer | Updating Geometry BVH Cube.052 53/681 | Building mesh BLAS |     188 tris | Cube.052
Fra:1 Mem:242.41M (Peak 298.53M) | Time:00:00.19 | Mem:114.13M, Peak:114.13M | Scene, ViewLayer | Updating Geometry BVH Cube.053 54/681 | Building BVH
Fra:1 Mem:242.41M (Peak 298.53M) | Time:00:00.19 | Mem:114.13M, Peak:114.13M | Scene, ViewLayer | Updating Geometry BVH Cube.053 54/681 | Building mesh BLAS |     188 tris | Cube.053
Fra:1 Mem:242.41M (Peak 298.53M) | Time:00:00.19 | Mem:114.13M, Peak:114.13M | Scene, ViewLayer | Updating Geometry BVH Cube.054 55/681 | Building BVH
Fra:1 Mem:242.41M (Peak 298.53M) | Time:00:00.19 | Mem:114.13M, Peak:114.13M | Scene, ViewLayer | Updating Geometry BVH Cube.055 56/681 | Building BVH
Fra:1 Mem:242.41M (Peak 298.53M) | Time:00:00.19 | Mem:114.13M, Peak:114.13M | Scene, ViewLayer | Updating Geometry BVH Cube.055 56/681 | Building mesh BLAS |     188 tris | Cube.054
Fra:1 Mem:242.41M (Peak 298.53M) | Time:00:00.19 | Mem:114.13M, Peak:114.13M | Scene, ViewLayer | Updating Geometry BVH Cube.055 56/681 | Building mesh BLAS |     188 tris | Cube.055
Fra:1 Mem:242.41M (Peak 298.53M) | Time:00:00.19 | Mem:114.13M, Peak:114.13M | Scene, ViewLayer | Updating Geometry BVH Cube.056 57/681 | Building BVH
Fra:1 Mem:242.41M (Peak 298.53M) | Time:00:00.19 | Mem:114.13M, Peak:114.13M | Scene, ViewLayer | Updating Geometry BVH Cube.056 57/681 | Building mesh BLAS |     188 tris | Cube.056
Fra:1 Mem:242.41M (Peak 298.53M) | Time:00:00.19 | Mem:114.13M, Peak:114.13M | Scene, ViewLayer | Updating Geometry BVH Cube.057 58/681 | Building BVH
Fra:1 Mem:242.41M (Peak 298.53M) | Time:00:00.19 | Mem:114.13M, Peak:114.13M | Scene, ViewLayer | Updating Geometry BVH Cube.057 58/681 | Building mesh BLAS |     188 tris | Cube.057
Fra:1 Mem:242.41M (Peak 298.53M) | Time:00:00.19 | Mem:114.13M, Peak:114.13M | Scene, ViewLayer | Updating Geometry BVH Cube.058 59/681 | Building BVH
Fra:1 Mem:242.41M (Peak 298.53M) | Time:00:00.19 | Mem:114.13M, Peak:114.13M | Scene, ViewLayer | Updating Geometry BVH Cube.058 59/681 | Building mesh BLAS |     188 tris | Cube.058
Fra:1 Mem:242.41M (Peak 298.53M) | Time:00:00.19 | Mem:114.13M, Peak:114.13M | Scene, ViewLayer | Updating Geometry BVH Cube.059 60/681 | Building BVH
Fra:1 Mem:242.41M (Peak 298.53M) | Time:00:00.19 | Mem:114.13M, Peak:114.13M | Scene, ViewLayer | Updating Geometry BVH Cube.060 61/681 | Building BVH
Fra:1 Mem:242.41M (Peak 298.53M) | Time:00:00.19 | Mem:114.13M, Peak:114.13M | Scene, ViewLayer | Updating Geometry BVH Cube.060 61/681 | Building mesh BLAS |     188 tris | Cube.059
Fra:1 Mem:242.41M (Peak 298.53M) | Time:00:00.19 | Mem:114.13M, Peak:114.13M | Scene, ViewLayer | Updating Geometry BVH Cube.060 61/681 | Building mesh BLAS |     188 tris | Cube.060
Fra:1 Mem:242.41M (Peak 298.53M) | Time:00:00.19 | Mem:114.13M, Peak:114.13M | Scene, ViewLayer | Updating Geometry BVH Cube.061 62/681 | Building BVH
Fra:1 Mem:242.41M (Peak 298.53M) | Time:00:00.19 | Mem:114.13M, Peak:114.13M | Scene, ViewLayer | Updating Geometry BVH Cube.061 62/681 | Building mesh BLAS |     188 tris | Cube.061
Fra:1 Mem:242.41M (Peak 298.53M) | Time:00:00.19 | Mem:114.13M, Peak:114.13M | Scene, ViewLayer | Updating Geometry BVH Cube.062 63/681 | Building BVH
Fra:1 Mem:242.41M (Peak 298.53M) | Time:00:00.19 | Mem:114.13M, Peak:114.13M | Scene, ViewLayer | Updating Geometry BVH Cube.062 63/681 | Building mesh BLAS |     188 tris | Cube.062
Fra:1 Mem:242.41M (Peak 298.53M) | Time:00:00.19 | Mem:114.13M, Peak:114.13M | Scene, ViewLayer | Updating Geometry BVH Cube.063 64/681 | Building BVH
Fra:1 Mem:242.41M (Peak 298.53M) | Time:00:00.19 | Mem:114.13M, Peak:114.13M | Scene, ViewLayer | Updating Geometry BVH Cube.064 65/681 | Building BVH
Fra:1 Mem:242.41M (Peak 298.53M) | Time:00:00.19 | Mem:114.13M, Peak:114.13M | Scene, ViewLayer | Updating Geometry BVH Cube.064 65/681 | Building mesh BLAS |     188 tris | Cube.064
Fra:1 Mem:242.41M (Peak 298.53M) | Time:00:00.19 | Mem:114.13M, Peak:114.13M | Scene, ViewLayer | Updating Geometry BVH Cube.065 66/681 | Building BVH
Fra:1 Mem:242.41M (Peak 298.53M) | Time:00:00.19 | Mem:114.13M, Peak:114.13M | Scene, ViewLayer | Updating Geometry BVH Cube.066 67/681 | Building BVH
Fra:1 Mem:242.41M (Peak 298.53M) | Time:00:00.19 | Mem:114.13M, Peak:114.13M | Scene, ViewLayer | Updating Geometry BVH Cube.066 67/681 | Building mesh BLAS |     188 tris | Cube.065
Fra:1 Mem:242.41M (Peak 298.53M) | Time:00:00.19 | Mem:114.13M, Peak:114.13M | Scene, ViewLayer | Updating Geometry BVH Cube.067 68/681 | Building BVH
Fra:1 Mem:242.41M (Peak 298.53M) | Time:00:00.19 | Mem:114.13M, Peak:114.13M | Scene, ViewLayer | Updating Geometry BVH Cube.068 69/681 | Building BVH
Fra:1 Mem:242.41M (Peak 298.53M) | Time:00:00.19 | Mem:114.13M, Peak:114.13M | Scene, ViewLayer | Updating Geometry BVH Cube.068 69/681 | Building mesh BLAS |     188 tris | Cube.067
Fra:1 Mem:242.41M (Peak 298.53M) | Time:00:00.19 | Mem:114.13M, Peak:114.13M | Scene, ViewLayer | Updating Geometry BVH Cube.068 69/681 | Building mesh BLAS |     188 tris | Cube.068
Fra:1 Mem:242.41M (Peak 298.53M) | Time:00:00.19 | Mem:114.13M, Peak:114.13M | Scene, ViewLayer | Updating Geometry BVH Cube.069 70/681 | Building BVH
Fra:1 Mem:242.41M (Peak 298.53M) | Time:00:00.19 | Mem:114.13M, Peak:114.13M | Scene, ViewLayer | Updating Geometry BVH Cube.069 70/681 | Building mesh BLAS |     188 tris | Cube.069
Fra:1 Mem:242.41M (Peak 298.53M) | Time:00:00.19 | Mem:114.13M, Peak:114.13M | Scene, ViewLayer | Updating Geometry BVH Cube.070 71/681 | Building BVH
Fra:1 Mem:242.41M (Peak 298.53M) | Time:00:00.19 | Mem:114.13M, Peak:114.13M | Scene, ViewLayer | Updating Geometry BVH Cube.070 71/681 | Building mesh BLAS |     188 tris | Cube.070
Fra:1 Mem:242.41M (Peak 298.53M) | Time:00:00.19 | Mem:114.13M, Peak:114.13M | Scene, ViewLayer | Updating Geometry BVH Cube.071 72/681 | Building BVH
Fra:1 Mem:242.41M (Peak 298.53M) | Time:00:00.19 | Mem:114.13M, Peak:114.13M | Scene, ViewLayer | Updating Geometry BVH Cube.071 72/681 | Building mesh BLAS |     188 tris | Cube.071
Fra:1 Mem:242.41M (Peak 298.53M) | Time:00:00.19 | Mem:114.13M, Peak:114.13M | Scene, ViewLayer | Updating Geometry BVH Cube.072 73/681 | Building BVH
Fra:1 Mem:242.41M (Peak 298.53M) | Time:00:00.19 | Mem:114.13M, Peak:114.13M | Scene, ViewLayer | Updating Geometry BVH Cube.072 73/681 | Building mesh BLAS |     188 tris | Cube.072
Fra:1 Mem:242.41M (Peak 298.53M) | Time:00:00.19 | Mem:114.13M, Peak:114.13M | Scene, ViewLayer | Updating Geometry BVH Cube.073 74/681 | Building BVH
Fra:1 Mem:242.41M (Peak 298.53M) | Time:00:00.19 | Mem:114.13M, Peak:114.13M | Scene, ViewLayer | Updating Geometry BVH Cube.074 75/681 | Building BVH
Fra:1 Mem:242.41M (Peak 298.53M) | Time:00:00.19 | Mem:114.13M, Peak:114.13M | Scene, ViewLayer | Updating Geometry BVH Cube.075 76/681 | Building mesh BLAS |     188 tris | Cube.074
Fra:1 Mem:242.41M (Peak 298.53M) | Time:00:00.19 | Mem:114.13M, Peak:114.13M | Scene, ViewLayer | Updating Geometry BVH Cube.075 76/681 | Building mesh BLAS |     188 tris | Cube.075
Fra:1 Mem:242.41M (Peak 298.53M) | Time:00:00.19 | Mem:114.13M, Peak:114.13M | Scene, ViewLayer | Updating Geometry BVH Cube.076 77/681 | Building BVH
Fra:1 Mem:242.41M (Peak 298.53M) | Time:00:00.19 | Mem:114.13M, Peak:114.13M | Scene, ViewLayer | Updating Geometry BVH Cube.079 80/681 | Building BVH
Fra:1 Mem:242.41M (Peak 298.53M) | Time:00:00.19 | Mem:114.13M, Peak:114.13M | Scene, ViewLayer | Updating Geometry BVH Cube.079 80/681 | Building mesh BLAS |     188 tris | Cube.076
Fra:1 Mem:242.41M (Peak 298.53M) | Time:00:00.19 | Mem:114.13M, Peak:114.13M | Scene, ViewLayer | Updating Geometry BVH Cube.079 80/681 | Building mesh BLAS |     188 tris | Cube.079
Fra:1 Mem:242.41M (Peak 298.53M) | Time:00:00.19 | Mem:114.13M, Peak:114.13M | Scene, ViewLayer | Updating Geometry BVH Cube.080 81/681 | Building BVH
Fra:1 Mem:242.41M (Peak 298.53M) | Time:00:00.19 | Mem:114.13M, Peak:114.13M | Scene, ViewLayer | Updating Geometry BVH Cube.080 81/681 | Building mesh BLAS |     188 tris | Cube.078
Fra:1 Mem:242.41M (Peak 298.53M) | Time:00:00.19 | Mem:114.13M, Peak:114.13M | Scene, ViewLayer | Updating Geometry BVH Cube.080 81/681 | Building mesh BLAS |     188 tris | Cube.077
Fra:1 Mem:242.41M (Peak 298.53M) | Time:00:00.19 | Mem:114.13M, Peak:114.13M | Scene, ViewLayer | Updating Geometry BVH Cube.080 81/681 | Building mesh BLAS |     188 tris | Cube.080
Fra:1 Mem:242.41M (Peak 298.53M) | Time:00:00.19 | Mem:114.13M, Peak:114.13M | Scene, ViewLayer | Updating Geometry BVH Cube.081 82/681 | Building BVH
Fra:1 Mem:242.41M (Peak 298.53M) | Time:00:00.19 | Mem:114.13M, Peak:114.13M | Scene, ViewLayer | Updating Geometry BVH Cube.081 82/681 | Building mesh BLAS |     188 tris | Cube.081
Fra:1 Mem:242.41M (Peak 298.53M) | Time:00:00.19 | Mem:114.13M, Peak:114.13M | Scene, ViewLayer | Updating Geometry BVH Cube.082 83/681 | Building BVH
Fra:1 Mem:242.41M (Peak 298.53M) | Time:00:00.19 | Mem:114.13M, Peak:114.13M | Scene, ViewLayer | Updating Geometry BVH Cube.083 84/681 | Building BVH
Fra:1 Mem:242.41M (Peak 298.53M) | Time:00:00.19 | Mem:114.13M, Peak:114.13M | Scene, ViewLayer | Updating Geometry BVH Cube.083 84/681 | Building mesh BLAS |     188 tris | Cube.082
Fra:1 Mem:242.41M (Peak 298.53M) | Time:00:00.19 | Mem:114.13M, Peak:114.13M | Scene, ViewLayer | Updating Geometry BVH Cube.084 85/681 | Building BVH
Fra:1 Mem:242.41M (Peak 298.53M) | Time:00:00.19 | Mem:114.13M, Peak:114.13M | Scene, ViewLayer | Updating Geometry BVH Cube.084 85/681 | Building mesh BLAS |     188 tris | Cube.084
Fra:1 Mem:242.41M (Peak 298.53M) | Time:00:00.19 | Mem:114.13M, Peak:114.13M | Scene, ViewLayer | Updating Geometry BVH Circle.008 676/681 | Building BVH
Fra:1 Mem:242.41M (Peak 298.53M) | Time:00:00.19 | Mem:114.13M, Peak:114.13M | Scene, ViewLayer | Updating Geometry BVH Circle.008 676/681 | Building mesh BLAS |   56878 tris | Circle.008
Fra:1 Mem:242.41M (Peak 298.53M) | Time:00:00.19 | Mem:114.13M, Peak:114.13M | Scene, ViewLayer | Updating Geometry BVH Cube.086 87/681 | Building BVH
Fra:1 Mem:242.41M (Peak 298.53M) | Time:00:00.19 | Mem:114.13M, Peak:114.13M | Scene, ViewLayer | Updating Geometry BVH Cube.085 86/681 | Building BVH
Fra:1 Mem:242.41M (Peak 298.53M) | Time:00:00.19 | Mem:114.13M, Peak:114.13M | Scene, ViewLayer | Updating Geometry BVH Cube.085 86/681 | Building mesh BLAS |     188 tris | Cube.086
Fra:1 Mem:242.41M (Peak 298.53M) | Time:00:00.19 | Mem:114.13M, Peak:114.13M | Scene, ViewLayer | Updating Geometry BVH Cube.085 86/681 | Building mesh BLAS |     188 tris | Cube.085
Fra:1 Mem:242.41M (Peak 298.53M) | Time:00:00.19 | Mem:114.13M, Peak:114.13M | Scene, ViewLayer | Updating Geometry BVH Cube.087 88/681 | Building BVH
Fra:1 Mem:242.41M (Peak 298.53M) | Time:00:00.19 | Mem:114.13M, Peak:114.13M | Scene, ViewLayer | Updating Geometry BVH Cube.087 88/681 | Building mesh BLAS |     188 tris | Cube.087
Fra:1 Mem:242.41M (Peak 298.53M) | Time:00:00.19 | Mem:114.13M, Peak:114.13M | Scene, ViewLayer | Updating Geometry BVH Cube.088 89/681 | Building BVH
Fra:1 Mem:242.41M (Peak 298.53M) | Time:00:00.19 | Mem:114.13M, Peak:114.13M | Scene, ViewLayer | Updating Geometry BVH Cube.088 89/681 | Building mesh BLAS |     188 tris | Cube.088
Fra:1 Mem:242.41M (Peak 298.53M) | Time:00:00.19 | Mem:114.13M, Peak:114.13M | Scene, ViewLayer | Updating Geometry BVH Cube.089 90/681 | Building BVH
Fra:1 Mem:242.41M (Peak 298.53M) | Time:00:00.19 | Mem:114.13M, Peak:114.13M | Scene, ViewLayer | Updating Geometry BVH Cube.089 90/681 | Building mesh BLAS |     188 tris | Cube.089
Fra:1 Mem:242.41M (Peak 298.53M) | Time:00:00.19 | Mem:114.13M, Peak:114.13M | Scene, ViewLayer | Updating Geometry BVH Cube.090 91/681 | Building BVH
Fra:1 Mem:242.41M (Peak 298.53M) | Time:00:00.19 | Mem:114.13M, Peak:114.13M | Scene, ViewLayer | Updating Geometry BVH Cube.090 91/681 | Building mesh BLAS |     188 tris | Cube.090
Fra:1 Mem:242.41M (Peak 298.53M) | Time:00:00.19 | Mem:114.13M, Peak:114.13M | Scene, ViewLayer | Updating Geometry BVH Cube.091 92/681 | Building BVH
Fra:1 Mem:242.41M (Peak 298.53M) | Time:00:00.19 | Mem:114.13M, Peak:114.13M | Scene, ViewLayer | Updating Geometry BVH Cube.091 92/681 | Building mesh BLAS |     188 tris | Cube.091
Fra:1 Mem:242.41M (Peak 298.53M) | Time:00:00.19 | Mem:114.13M, Peak:114.13M | Scene, ViewLayer | Updating Geometry BVH Cube.092 93/681 | Building BVH
Fra:1 Mem:242.41M (Peak 298.53M) | Time:00:00.19 | Mem:114.13M, Peak:114.13M | Scene, ViewLayer | Updating Geometry BVH Cube.092 93/681 | Building mesh BLAS |     188 tris | Cube.092
Fra:1 Mem:242.41M (Peak 298.53M) | Time:00:00.20 | Mem:114.13M, Peak:114.13M | Scene, ViewLayer | Updating Geometry BVH Cube.093 94/681 | Building BVH
Fra:1 Mem:242.41M (Peak 298.53M) | Time:00:00.20 | Mem:114.13M, Peak:114.13M | Scene, ViewLayer | Updating Geometry BVH Cylinder 95/681 | Building BVH
Fra:1 Mem:242.41M (Peak 298.53M) | Time:00:00.20 | Mem:114.13M, Peak:114.13M | Scene, ViewLayer | Updating Geometry BVH Cylinder 95/681 | Building mesh BLAS |     188 tris | Cube.093
Fra:1 Mem:242.41M (Peak 298.53M) | Time:00:00.20 | Mem:114.13M, Peak:114.13M | Scene, ViewLayer | Updating Geometry BVH Cylinder 95/681 | Building mesh BLAS |      60 tris | Cylinder
Fra:1 Mem:242.41M (Peak 298.53M) | Time:00:00.20 | Mem:114.13M, Peak:114.13M | Scene, ViewLayer | Updating Geometry BVH Sphere 96/681 | Building BVH
Fra:1 Mem:242.41M (Peak 298.53M) | Time:00:00.20 | Mem:114.13M, Peak:114.13M | Scene, ViewLayer | Updating Geometry BVH Sphere 96/681 | Building mesh BLAS |     528 tris | Sphere
Fra:1 Mem:242.41M (Peak 298.53M) | Time:00:00.20 | Mem:114.13M, Peak:114.13M | Scene, ViewLayer | Updating Geometry BVH Cylinder.001 97/681 | Building BVH
Fra:1 Mem:242.41M (Peak 298.53M) | Time:00:00.20 | Mem:114.13M, Peak:114.13M | Scene, ViewLayer | Updating Geometry BVH Cylinder.001 97/681 | Building mesh BLAS |      60 tris | Cylinder.001
Fra:1 Mem:242.41M (Peak 298.53M) | Time:00:00.20 | Mem:114.13M, Peak:114.13M | Scene, ViewLayer | Updating Geometry BVH Cube.094 98/681 | Building BVH
Fra:1 Mem:242.41M (Peak 298.53M) | Time:00:00.20 | Mem:114.13M, Peak:114.13M | Scene, ViewLayer | Updating Geometry BVH Cube.094 98/681 | Building mesh BLAS |     188 tris | Cube.094
Fra:1 Mem:242.41M (Peak 298.53M) | Time:00:00.20 | Mem:114.13M, Peak:114.13M | Scene, ViewLayer | Updating Geometry BVH Cube.095 99/681 | Building BVH
Fra:1 Mem:242.41M (Peak 298.53M) | Time:00:00.20 | Mem:114.13M, Peak:114.13M | Scene, ViewLayer | Updating Geometry BVH Cube.095 99/681 | Building mesh BLAS |     188 tris | Cube.095
Fra:1 Mem:242.41M (Peak 298.53M) | Time:00:00.20 | Mem:114.13M, Peak:114.13M | Scene, ViewLayer | Updating Geometry BVH Cube.096 100/681 | Building BVH
Fra:1 Mem:242.41M (Peak 298.53M) | Time:00:00.20 | Mem:114.13M, Peak:114.13M | Scene, ViewLayer | Updating Geometry BVH Cube.096 100/681 | Building mesh BLAS |     188 tris | Cube.096
Fra:1 Mem:242.41M (Peak 298.53M) | Time:00:00.20 | Mem:114.13M, Peak:114.13M | Scene, ViewLayer | Updating Geometry BVH Cube.097 101/681 | Building BVH
Fra:1 Mem:242.41M (Peak 298.53M) | Time:00:00.20 | Mem:114.13M, Peak:114.13M | Scene, ViewLayer | Updating Geometry BVH Cube.097 101/681 | Building mesh BLAS |     188 tris | Cube.097
Fra:1 Mem:242.41M (Peak 298.53M) | Time:00:00.20 | Mem:114.13M, Peak:114.13M | Scene, ViewLayer | Updating Geometry BVH Cube.098 102/681 | Building BVH
Fra:1 Mem:242.41M (Peak 298.53M) | Time:00:00.20 | Mem:114.13M, Peak:114.13M | Scene, ViewLayer | Updating Geometry BVH Cube.098 102/681 | Building mesh BLAS |     188 tris | Cube.098
Fra:1 Mem:242.41M (Peak 298.53M) | Time:00:00.20 | Mem:114.13M, Peak:114.13M | Scene, ViewLayer | Updating Geometry BVH potted_plant_01_base_low 675/681 | Building BVH
Fra:1 Mem:242.41M (Peak 298.53M) | Time:00:00.20 | Mem:114.13M, Peak:114.13M | Scene, ViewLayer | Updating Geometry BVH potted_plant_01_base_low 675/681 | Building mesh BLAS |    7008 tris | potted_plant_01_base_low
Fra:1 Mem:242.41M (Peak 298.53M) | Time:00:00.20 | Mem:114.13M, Peak:114.13M | Scene, ViewLayer | Updating Geometry BVH Cube.099 103/681 | Building BVH
Fra:1 Mem:242.41M (Peak 298.53M) | Time:00:00.20 | Mem:114.13M, Peak:114.13M | Scene, ViewLayer | Updating Geometry BVH Cube.099 103/681 | Building mesh BLAS |     188 tris | Cube.099
Fra:1 Mem:242.41M (Peak 298.53M) | Time:00:00.20 | Mem:114.13M, Peak:114.13M | Scene, ViewLayer | Updating Geometry BVH Cube.100 104/681 | Building BVH
Fra:1 Mem:242.41M (Peak 298.53M) | Time:00:00.20 | Mem:114.13M, Peak:114.13M | Scene, ViewLayer | Updating Geometry BVH Cube.100 104/681 | Building mesh BLAS |     188 tris | Cube.100
Fra:1 Mem:242.41M (Peak 298.53M) | Time:00:00.20 | Mem:114.13M, Peak:114.13M | Scene, ViewLayer | Updating Geometry BVH Cube.101 105/681 | Building BVH
Fra:1 Mem:242.41M (Peak 298.53M) | Time:00:00.20 | Mem:114.13M, Peak:114.13M | Scene, ViewLayer | Updating Geometry BVH Cube.101 105/681 | Building mesh BLAS |     188 tris | Cube.101
Fra:1 Mem:242.41M (Peak 298.53M) | Time:00:00.20 | Mem:114.13M, Peak:114.13M | Scene, ViewLayer | Updating Geometry BVH Cube.102 106/681 | Building BVH
Fra:1 Mem:242.41M (Peak 298.53M) | Time:00:00.20 | Mem:114.13M, Peak:114.13M | Scene, ViewLayer | Updating Geometry BVH Cube.102 106/681 | Building mesh BLAS |     188 tris | Cube.102
Fra:1 Mem:242.41M (Peak 298.53M) | Time:00:00.20 | Mem:114.13M, Peak:114.13M | Scene, ViewLayer | Updating Geometry BVH Cube.103 107/681 | Building BVH
Fra:1 Mem:242.41M (Peak 298.53M) | Time:00:00.20 | Mem:114.13M, Peak:114.13M | Scene, ViewLayer | Updating Geometry BVH Cube.103 107/681 | Building mesh BLAS |     188 tris | Cube.103
Fra:1 Mem:242.41M (Peak 298.53M) | Time:00:00.20 | Mem:114.13M, Peak:114.13M | Scene, ViewLayer | Updating Geometry BVH Cube.104 108/681 | Building BVH
Fra:1 Mem:242.41M (Peak 298.53M) | Time:00:00.20 | Mem:114.13M, Peak:114.13M | Scene, ViewLayer | Updating Geometry BVH Cube.104 108/681 | Building mesh BLAS |     188 tris | Cube.104
Fra:1 Mem:242.41M (Peak 298.53M) | Time:00:00.20 | Mem:114.13M, Peak:114.13M | Scene, ViewLayer | Updating Geometry BVH Cube.105 109/681 | Building BVH
Fra:1 Mem:242.41M (Peak 298.53M) | Time:00:00.20 | Mem:114.13M, Peak:114.13M | Scene, ViewLayer | Updating Geometry BVH Cube.105 109/681 | Building mesh BLAS |     188 tris | Cube.105
Fra:1 Mem:242.41M (Peak 298.53M) | Time:00:00.20 | Mem:114.13M, Peak:114.13M | Scene, ViewLayer | Updating Geometry BVH Cube.106 110/681 | Building BVH
Fra:1 Mem:242.41M (Peak 298.53M) | Time:00:00.20 | Mem:114.13M, Peak:114.13M | Scene, ViewLayer | Updating Geometry BVH Cube.106 110/681 | Building mesh BLAS |     188 tris | Cube.106
Fra:1 Mem:242.41M (Peak 298.53M) | Time:00:00.20 | Mem:114.13M, Peak:114.13M | Scene, ViewLayer | Updating Geometry BVH Cube.107 111/681 | Building BVH
Fra:1 Mem:242.41M (Peak 298.53M) | Time:00:00.20 | Mem:114.13M, Peak:114.13M | Scene, ViewLayer | Updating Geometry BVH Cube.107 111/681 | Building mesh BLAS |     188 tris | Cube.107
Fra:1 Mem:242.41M (Peak 298.53M) | Time:00:00.20 | Mem:114.13M, Peak:114.13M | Scene, ViewLayer | Updating Geometry BVH Cube.108 112/681 | Building BVH
Fra:1 Mem:242.41M (Peak 298.53M) | Time:00:00.20 | Mem:114.13M, Peak:114.13M | Scene, ViewLayer | Updating Geometry BVH Cube.108 112/681 | Building mesh BLAS |     188 tris | Cube.108
Fra:1 Mem:242.41M (Peak 298.53M) | Time:00:00.20 | Mem:114.13M, Peak:114.13M | Scene, ViewLayer | Updating Geometry BVH Cube.109 113/681 | Building BVH
Fra:1 Mem:242.41M (Peak 298.53M) | Time:00:00.20 | Mem:114.13M, Peak:114.13M | Scene, ViewLayer | Updating Geometry BVH Cube.109 113/681 | Building mesh BLAS |     188 tris | Cube.109
Fra:1 Mem:242.41M (Peak 298.53M) | Time:00:00.20 | Mem:114.13M, Peak:114.13M | Scene, ViewLayer | Updating Geometry BVH Cube.110 114/681 | Building BVH
Fra:1 Mem:242.41M (Peak 298.53M) | Time:00:00.20 | Mem:114.13M, Peak:114.13M | Scene, ViewLayer | Updating Geometry BVH Cube.110 114/681 | Building mesh BLAS |     188 tris | Cube.110
Fra:1 Mem:242.41M (Peak 298.53M) | Time:00:00.20 | Mem:114.13M, Peak:114.13M | Scene, ViewLayer | Updating Geometry BVH Cube.111 115/681 | Building BVH
Fra:1 Mem:242.41M (Peak 298.53M) | Time:00:00.20 | Mem:114.13M, Peak:114.13M | Scene, ViewLayer | Updating Geometry BVH Cube.111 115/681 | Building mesh BLAS |     188 tris | Cube.111
Fra:1 Mem:242.41M (Peak 298.53M) | Time:00:00.20 | Mem:114.13M, Peak:114.13M | Scene, ViewLayer | Updating Geometry BVH Cube.112 116/681 | Building BVH
Fra:1 Mem:242.41M (Peak 298.53M) | Time:00:00.20 | Mem:114.13M, Peak:114.13M | Scene, ViewLayer | Updating Geometry BVH Cube.112 116/681 | Building mesh BLAS |     188 tris | Cube.112
Fra:1 Mem:242.41M (Peak 298.53M) | Time:00:00.20 | Mem:114.13M, Peak:114.13M | Scene, ViewLayer | Updating Geometry BVH Cube.113 117/681 | Building BVH
Fra:1 Mem:242.41M (Peak 298.53M) | Time:00:00.20 | Mem:114.13M, Peak:114.13M | Scene, ViewLayer | Updating Geometry BVH Cube.114 118/681 | Building BVH
Fra:1 Mem:242.41M (Peak 298.53M) | Time:00:00.20 | Mem:114.13M, Peak:114.13M | Scene, ViewLayer | Updating Geometry BVH Cube.114 118/681 | Building mesh BLAS |     188 tris | Cube.113
Fra:1 Mem:242.41M (Peak 298.53M) | Time:00:00.20 | Mem:114.13M, Peak:114.13M | Scene, ViewLayer | Updating Geometry BVH Cube.114 118/681 | Building mesh BLAS |     188 tris | Cube.114
Fra:1 Mem:242.41M (Peak 298.53M) | Time:00:00.20 | Mem:114.14M, Peak:114.14M | Scene, ViewLayer | Updating Geometry BVH Cube.115 119/681 | Building BVH
Fra:1 Mem:242.41M (Peak 298.53M) | Time:00:00.20 | Mem:114.14M, Peak:114.14M | Scene, ViewLayer | Updating Geometry BVH Circle.002 674/681 | Building BVH
Fra:1 Mem:242.41M (Peak 298.53M) | Time:00:00.20 | Mem:114.14M, Peak:114.14M | Scene, ViewLayer | Updating Geometry BVH Circle.002 674/681 | Building mesh BLAS |     188 tris | Cube.115
Fra:1 Mem:242.41M (Peak 298.53M) | Time:00:00.20 | Mem:114.14M, Peak:114.14M | Scene, ViewLayer | Updating Geometry BVH Circle.002 674/681 | Building mesh BLAS |    5440 tris | Circle.002
Fra:1 Mem:242.41M (Peak 298.53M) | Time:00:00.20 | Mem:114.14M, Peak:114.14M | Scene, ViewLayer | Updating Geometry BVH Cube.116 120/681 | Building BVH
Fra:1 Mem:242.41M (Peak 298.53M) | Time:00:00.20 | Mem:114.14M, Peak:114.14M | Scene, ViewLayer | Updating Geometry BVH Cube.116 120/681 | Building mesh BLAS |     188 tris | Cube.116
Fra:1 Mem:242.41M (Peak 298.53M) | Time:00:00.20 | Mem:114.16M, Peak:114.16M | Scene, ViewLayer | Updating Geometry BVH Cube.117 121/681 | Building BVH
Fra:1 Mem:242.41M (Peak 298.53M) | Time:00:00.20 | Mem:114.16M, Peak:114.16M | Scene, ViewLayer | Updating Geometry BVH Cube.118 122/681 | Building BVH
Fra:1 Mem:242.41M (Peak 298.53M) | Time:00:00.20 | Mem:114.16M, Peak:114.16M | Scene, ViewLayer | Updating Geometry BVH Cube.118 122/681 | Building mesh BLAS |     188 tris | Cube.117
Fra:1 Mem:242.41M (Peak 298.53M) | Time:00:00.20 | Mem:114.16M, Peak:114.16M | Scene, ViewLayer | Updating Geometry BVH Cube.118 122/681 | Building mesh BLAS |     188 tris | Cube.118
Fra:1 Mem:242.41M (Peak 298.53M) | Time:00:00.20 | Mem:114.17M, Peak:114.17M | Scene, ViewLayer | Updating Geometry BVH Cube.119 123/681 | Building BVH
Fra:1 Mem:242.41M (Peak 298.53M) | Time:00:00.20 | Mem:114.17M, Peak:114.17M | Scene, ViewLayer | Updating Geometry BVH Cube.119 123/681 | Building mesh BLAS |     188 tris | Cube.119
Fra:1 Mem:242.41M (Peak 298.53M) | Time:00:00.20 | Mem:114.19M, Peak:114.19M | Scene, ViewLayer | Updating Geometry BVH Cube.120 124/681 | Building BVH
Fra:1 Mem:242.41M (Peak 298.53M) | Time:00:00.20 | Mem:114.19M, Peak:114.19M | Scene, ViewLayer | Updating Geometry BVH Cube.120 124/681 | Building mesh BLAS |     188 tris | Cube.120
Fra:1 Mem:242.41M (Peak 298.53M) | Time:00:00.20 | Mem:114.19M, Peak:114.19M | Scene, ViewLayer | Updating Geometry BVH Cube.121 125/681 | Building BVH
Fra:1 Mem:242.41M (Peak 298.53M) | Time:00:00.20 | Mem:114.19M, Peak:114.19M | Scene, ViewLayer | Updating Geometry BVH Cube.121 125/681 | Building mesh BLAS |     188 tris | Cube.121
Fra:1 Mem:242.41M (Peak 298.53M) | Time:00:00.21 | Mem:114.20M, Peak:114.20M | Scene, ViewLayer | Updating Geometry BVH Cylinder.002 126/681 | Building BVH
Fra:1 Mem:242.41M (Peak 298.53M) | Time:00:00.21 | Mem:114.21M, Peak:114.21M | Scene, ViewLayer | Updating Geometry BVH Cylinder.002 126/681 | Building mesh BLAS |      60 tris | Cylinder.002
Fra:1 Mem:242.41M (Peak 298.53M) | Time:00:00.21 | Mem:114.22M, Peak:114.22M | Scene, ViewLayer | Updating Geometry BVH Cylinder.003 127/681 | Building BVH
Fra:1 Mem:242.41M (Peak 298.53M) | Time:00:00.21 | Mem:114.23M, Peak:114.23M | Scene, ViewLayer | Updating Geometry BVH Cylinder.003 127/681 | Building mesh BLAS |      60 tris | Cylinder.003
Fra:1 Mem:242.41M (Peak 298.53M) | Time:00:00.21 | Mem:114.24M, Peak:114.24M | Scene, ViewLayer | Updating Geometry BVH Cylinder.004 128/681 | Building BVH
Fra:1 Mem:242.41M (Peak 298.53M) | Time:00:00.21 | Mem:114.24M, Peak:114.24M | Scene, ViewLayer | Updating Geometry BVH Cylinder.004 128/681 | Building mesh BLAS |      60 tris | Cylinder.004
Fra:1 Mem:242.41M (Peak 298.53M) | Time:00:00.21 | Mem:114.24M, Peak:114.24M | Scene, ViewLayer | Updating Geometry BVH Cylinder.005 129/681 | Building BVH
Fra:1 Mem:242.41M (Peak 298.53M) | Time:00:00.21 | Mem:114.24M, Peak:114.24M | Scene, ViewLayer | Updating Geometry BVH Cylinder.005 129/681 | Building mesh BLAS |      60 tris | Cylinder.005
Fra:1 Mem:242.41M (Peak 298.53M) | Time:00:00.21 | Mem:114.28M, Peak:114.28M | Scene, ViewLayer | Updating Geometry BVH Cylinder.006 130/681 | Building BVH
Fra:1 Mem:242.41M (Peak 298.53M) | Time:00:00.21 | Mem:114.34M, Peak:114.34M | Scene, ViewLayer | Updating Geometry BVH Cylinder.006 130/681 | Building mesh BLAS |      60 tris | Cylinder.006
Fra:1 Mem:242.41M (Peak 298.53M) | Time:00:00.21 | Mem:114.35M, Peak:114.35M | Scene, ViewLayer | Updating Geometry BVH Cylinder.007 131/681 | Building BVH
Fra:1 Mem:242.41M (Peak 298.53M) | Time:00:00.21 | Mem:114.35M, Peak:114.35M | Scene, ViewLayer | Updating Geometry BVH Cylinder.007 131/681 | Building mesh BLAS |      60 tris | Cylinder.007
Fra:1 Mem:242.41M (Peak 298.53M) | Time:00:00.21 | Mem:114.35M, Peak:114.35M | Scene, ViewLayer | Updating Geometry BVH Cylinder.008 132/681 | Building BVH
Fra:1 Mem:242.41M (Peak 298.53M) | Time:00:00.21 | Mem:114.35M, Peak:114.35M | Scene, ViewLayer | Updating Geometry BVH Cylinder.008 132/681 | Building mesh BLAS |      60 tris | Cylinder.008
Fra:1 Mem:242.41M (Peak 298.53M) | Time:00:00.21 | Mem:114.38M, Peak:114.38M | Scene, ViewLayer | Updating Geometry BVH Cylinder.009 133/681 | Building BVH
Fra:1 Mem:242.41M (Peak 298.53M) | Time:00:00.21 | Mem:114.38M, Peak:114.38M | Scene, ViewLayer | Updating Geometry BVH Cylinder.009 133/681 | Building mesh BLAS |      60 tris | Cylinder.009
Fra:1 Mem:242.41M (Peak 298.53M) | Time:00:00.21 | Mem:114.40M, Peak:114.40M | Scene, ViewLayer | Updating Geometry BVH Cylinder.010 134/681 | Building BVH
Fra:1 Mem:242.41M (Peak 298.53M) | Time:00:00.21 | Mem:114.40M, Peak:114.40M | Scene, ViewLayer | Updating Geometry BVH Cylinder.010 134/681 | Building mesh BLAS |      60 tris | Cylinder.010
Fra:1 Mem:242.41M (Peak 298.53M) | Time:00:00.21 | Mem:114.40M, Peak:114.40M | Scene, ViewLayer | Updating Geometry BVH Cylinder.011 135/681 | Building BVH
Fra:1 Mem:242.41M (Peak 298.53M) | Time:00:00.21 | Mem:114.40M, Peak:114.40M | Scene, ViewLayer | Updating Geometry BVH Cylinder.011 135/681 | Building mesh BLAS |      60 tris | Cylinder.011
Fra:1 Mem:242.41M (Peak 298.53M) | Time:00:00.21 | Mem:114.43M, Peak:114.43M | Scene, ViewLayer | Updating Geometry BVH Cylinder.012 136/681 | Building BVH
Fra:1 Mem:242.41M (Peak 298.53M) | Time:00:00.21 | Mem:114.43M, Peak:114.43M | Scene, ViewLayer | Updating Geometry BVH Cylinder.012 136/681 | Building mesh BLAS |      60 tris | Cylinder.012
Fra:1 Mem:242.41M (Peak 298.53M) | Time:00:00.21 | Mem:114.44M, Peak:114.44M | Scene, ViewLayer | Updating Geometry BVH Amber portal lamp.002 673/681 | Building BVH
Fra:1 Mem:242.41M (Peak 298.53M) | Time:00:00.21 | Mem:114.45M, Peak:114.45M | Scene, ViewLayer | Updating Geometry BVH Amber portal lamp.001 672/681 | Building BVH
Fra:1 Mem:242.41M (Peak 298.53M) | Time:00:00.21 | Mem:114.45M, Peak:114.45M | Scene, ViewLayer | Updating Geometry BVH Amber portal lamp 671/681 | Building BVH
Fra:1 Mem:242.41M (Peak 298.53M) | Time:00:00.21 | Mem:114.45M, Peak:114.45M | Scene, ViewLayer | Updating Geometry BVH East chapel warm interior 670/681 | Building BVH
Fra:1 Mem:242.41M (Peak 298.53M) | Time:00:00.21 | Mem:114.45M, Peak:114.45M | Scene, ViewLayer | Updating Geometry BVH Dome rolled rim.005 669/681 | Building BVH
Fra:1 Mem:242.41M (Peak 298.53M) | Time:00:00.21 | Mem:114.45M, Peak:114.45M | Scene, ViewLayer | Updating Geometry BVH Dome rolled rim.005 669/681 | Building mesh BLAS |    1536 tris | Dome rolled rim.005
Fra:1 Mem:242.41M (Peak 298.53M) | Time:00:00.21 | Mem:114.46M, Peak:114.46M | Scene, ViewLayer | Updating Geometry BVH Cylinder.013 137/681 | Building BVH
Fra:1 Mem:242.41M (Peak 298.53M) | Time:00:00.21 | Mem:114.47M, Peak:114.47M | Scene, ViewLayer | Updating Geometry BVH Cylinder.013 137/681 | Building mesh BLAS |      60 tris | Cylinder.013
Fra:1 Mem:242.41M (Peak 298.53M) | Time:00:00.21 | Mem:114.52M, Peak:114.52M | Scene, ViewLayer | Updating Geometry BVH Cube.122 138/681 | Building BVH
Fra:1 Mem:242.41M (Peak 298.53M) | Time:00:00.21 | Mem:114.52M, Peak:114.52M | Scene, ViewLayer | Updating Geometry BVH Cube.123 139/681 | Building mesh BLAS |     188 tris | Cube.122
Fra:1 Mem:242.41M (Peak 298.53M) | Time:00:00.21 | Mem:114.52M, Peak:114.52M | Scene, ViewLayer | Updating Geometry BVH Cube.123 139/681 | Building mesh BLAS |     188 tris | Cube.123
Fra:1 Mem:242.41M (Peak 298.53M) | Time:00:00.21 | Mem:114.54M, Peak:114.54M | Scene, ViewLayer | Updating Geometry BVH Cube.124 140/681 | Building BVH
Fra:1 Mem:242.41M (Peak 298.53M) | Time:00:00.21 | Mem:114.54M, Peak:114.54M | Scene, ViewLayer | Updating Geometry BVH Cube.124 140/681 | Building mesh BLAS |     188 tris | Cube.124
Fra:1 Mem:242.41M (Peak 298.53M) | Time:00:00.21 | Mem:114.56M, Peak:114.56M | Scene, ViewLayer | Updating Geometry BVH Cube.125 141/681 | Building BVH
Fra:1 Mem:242.41M (Peak 298.53M) | Time:00:00.21 | Mem:114.57M, Peak:114.57M | Scene, ViewLayer | Updating Geometry BVH Cube.125 141/681 | Building mesh BLAS |     188 tris | Cube.125
Fra:1 Mem:242.41M (Peak 298.53M) | Time:00:00.21 | Mem:114.58M, Peak:114.58M | Scene, ViewLayer | Updating Geometry BVH Cube.126 142/681 | Building BVH
Fra:1 Mem:242.41M (Peak 298.53M) | Time:00:00.21 | Mem:114.59M, Peak:114.59M | Scene, ViewLayer | Updating Geometry BVH Cube.127 143/681 | Building BVH
Fra:1 Mem:242.41M (Peak 298.53M) | Time:00:00.21 | Mem:114.60M, Peak:114.60M | Scene, ViewLayer | Updating Geometry BVH Cube.127 143/681 | Building mesh BLAS |     188 tris | Cube.126
Fra:1 Mem:242.41M (Peak 298.53M) | Time:00:00.21 | Mem:114.60M, Peak:114.60M | Scene, ViewLayer | Updating Geometry BVH Cube.127 143/681 | Building mesh BLAS |     188 tris | Cube.127
Fra:1 Mem:242.41M (Peak 298.53M) | Time:00:00.21 | Mem:114.62M, Peak:114.62M | Scene, ViewLayer | Updating Geometry BVH Cube.128 144/681 | Building BVH
Fra:1 Mem:242.41M (Peak 298.53M) | Time:00:00.21 | Mem:114.63M, Peak:114.63M | Scene, ViewLayer | Updating Geometry BVH Cube.129 145/681 | Building BVH
Fra:1 Mem:242.41M (Peak 298.53M) | Time:00:00.21 | Mem:114.63M, Peak:114.63M | Scene, ViewLayer | Updating Geometry BVH Cube.130 146/681 | Building BVH
Fra:1 Mem:242.41M (Peak 298.53M) | Time:00:00.21 | Mem:114.64M, Peak:114.64M | Scene, ViewLayer | Updating Geometry BVH Cube.130 146/681 | Building mesh BLAS |     188 tris | Cube.129
Fra:1 Mem:242.41M (Peak 298.53M) | Time:00:00.21 | Mem:114.64M, Peak:114.64M | Scene, ViewLayer | Updating Geometry BVH Cube.130 146/681 | Building mesh BLAS |     188 tris | Cube.130
Fra:1 Mem:242.41M (Peak 298.53M) | Time:00:00.21 | Mem:114.69M, Peak:114.69M | Scene, ViewLayer | Updating Geometry BVH Cube.131 147/681 | Building BVH
Fra:1 Mem:242.41M (Peak 298.53M) | Time:00:00.21 | Mem:114.69M, Peak:114.69M | Scene, ViewLayer | Updating Geometry BVH Cube.133 149/681 | Building BVH
Fra:1 Mem:242.41M (Peak 298.53M) | Time:00:00.21 | Mem:114.71M, Peak:114.71M | Scene, ViewLayer | Updating Geometry BVH Cube.133 149/681 | Building mesh BLAS |     188 tris | Cube.131
Fra:1 Mem:242.41M (Peak 298.53M) | Time:00:00.21 | Mem:114.71M, Peak:114.71M | Scene, ViewLayer | Updating Geometry BVH Cube.135 151/681 | Building BVH
Fra:1 Mem:242.41M (Peak 298.53M) | Time:00:00.21 | Mem:114.72M, Peak:114.72M | Scene, ViewLayer | Updating Geometry BVH Cube.135 151/681 | Building mesh BLAS |     188 tris | Cube.132
Fra:1 Mem:242.41M (Peak 298.53M) | Time:00:00.21 | Mem:114.74M, Peak:114.74M | Scene, ViewLayer | Updating Geometry BVH Cube.135 151/681 | Building mesh BLAS |     188 tris | Cube.135
Fra:1 Mem:242.41M (Peak 298.53M) | Time:00:00.21 | Mem:114.74M, Peak:114.74M | Scene, ViewLayer | Updating Geometry BVH Cube.135 151/681 | Building mesh BLAS |     188 tris | Cube.134
Fra:1 Mem:242.41M (Peak 298.53M) | Time:00:00.21 | Mem:114.76M, Peak:114.76M | Scene, ViewLayer | Updating Geometry BVH Cylinder.014 152/681 | Building BVH
Fra:1 Mem:242.41M (Peak 298.53M) | Time:00:00.21 | Mem:114.76M, Peak:114.76M | Scene, ViewLayer | Updating Geometry BVH Cylinder.015 153/681 | Building BVH
Fra:1 Mem:242.41M (Peak 298.53M) | Time:00:00.21 | Mem:114.76M, Peak:114.76M | Scene, ViewLayer | Updating Geometry BVH Dome rolled rim.004 668/681 | Building BVH
Fra:1 Mem:242.41M (Peak 298.53M) | Time:00:00.21 | Mem:114.76M, Peak:114.76M | Scene, ViewLayer | Updating Geometry BVH Dome rolled rim.004 668/681 | Building mesh BLAS |      60 tris | Cylinder.015
Fra:1 Mem:242.41M (Peak 298.53M) | Time:00:00.21 | Mem:114.76M, Peak:114.76M | Scene, ViewLayer | Updating Geometry BVH Dome rolled rim.004 668/681 | Building mesh BLAS |    1536 tris | Dome rolled rim.004
Fra:1 Mem:242.41M (Peak 298.53M) | Time:00:00.21 | Mem:114.80M, Peak:114.80M | Scene, ViewLayer | Updating Geometry BVH Cylinder.016 154/681 | Building BVH
Fra:1 Mem:242.41M (Peak 298.53M) | Time:00:00.21 | Mem:114.80M, Peak:114.80M | Scene, ViewLayer | Updating Geometry BVH Cylinder.016 154/681 | Building mesh BLAS |      60 tris | Cylinder.016
Fra:1 Mem:242.41M (Peak 298.53M) | Time:00:00.21 | Mem:119.93M, Peak:119.93M | Scene, ViewLayer | Updating Geometry BVH Cylinder.017 155/681 | Building BVH
Fra:1 Mem:242.41M (Peak 298.53M) | Time:00:00.21 | Mem:119.93M, Peak:119.93M | Scene, ViewLayer | Updating Geometry BVH Cylinder.018 156/681 | Building BVH
Fra:1 Mem:242.41M (Peak 298.53M) | Time:00:00.21 | Mem:119.94M, Peak:119.94M | Scene, ViewLayer | Updating Geometry BVH Cylinder.018 156/681 | Building mesh BLAS |      60 tris | Cylinder.017
Fra:1 Mem:242.41M (Peak 298.53M) | Time:00:00.21 | Mem:119.97M, Peak:119.97M | Scene, ViewLayer | Updating Geometry BVH Cylinder.020 158/681 | Building BVH
Fra:1 Mem:242.41M (Peak 298.53M) | Time:00:00.21 | Mem:119.97M, Peak:119.97M | Scene, ViewLayer | Updating Geometry BVH Cube.136 160/681 | Building BVH
Fra:1 Mem:242.41M (Peak 298.53M) | Time:00:00.21 | Mem:119.97M, Peak:119.97M | Scene, ViewLayer | Updating Geometry BVH Cube.136 160/681 | Building mesh BLAS |      60 tris | Cylinder.019
Fra:1 Mem:242.41M (Peak 298.53M) | Time:00:00.21 | Mem:119.97M, Peak:119.97M | Scene, ViewLayer | Updating Geometry BVH Cube.136 160/681 | Building mesh BLAS |      60 tris | Cylinder.020
Fra:1 Mem:242.41M (Peak 298.53M) | Time:00:00.21 | Mem:119.98M, Peak:119.98M | Scene, ViewLayer | Updating Geometry BVH Cube.136 160/681 | Building mesh BLAS |      60 tris | Cylinder.021
Fra:1 Mem:242.41M (Peak 298.53M) | Time:00:00.21 | Mem:120.00M, Peak:120.00M | Scene, ViewLayer | Updating Geometry BVH Cube.136 160/681 | Building mesh BLAS |     188 tris | Cube.136
Fra:1 Mem:242.41M (Peak 298.53M) | Time:00:00.21 | Mem:120.00M, Peak:120.00M | Scene, ViewLayer | Updating Geometry BVH Cube.138 162/681 | Building BVH
Fra:1 Mem:242.41M (Peak 298.53M) | Time:00:00.21 | Mem:120.00M, Peak:120.00M | Scene, ViewLayer | Updating Geometry BVH Cube.138 162/681 | Building mesh BLAS |     188 tris | Cube.138
Fra:1 Mem:242.41M (Peak 298.53M) | Time:00:00.21 | Mem:120.00M, Peak:120.00M | Scene, ViewLayer | Updating Geometry BVH Cube.139 163/681 | Building BVH
Fra:1 Mem:242.41M (Peak 298.53M) | Time:00:00.21 | Mem:120.01M, Peak:120.01M | Scene, ViewLayer | Updating Geometry BVH Cube.139 163/681 | Building mesh BLAS |     188 tris | Cube.137
Fra:1 Mem:242.41M (Peak 298.53M) | Time:00:00.21 | Mem:120.03M, Peak:120.03M | Scene, ViewLayer | Updating Geometry BVH Cube.139 163/681 | Building mesh BLAS |     188 tris | Cube.139
Fra:1 Mem:242.41M (Peak 298.53M) | Time:00:00.21 | Mem:120.04M, Peak:120.04M | Scene, ViewLayer | Updating Geometry BVH Cube.140 164/681 | Building BVH
Fra:1 Mem:242.41M (Peak 298.53M) | Time:00:00.21 | Mem:120.05M, Peak:120.05M | Scene, ViewLayer | Updating Geometry BVH Cube.140 164/681 | Building mesh BLAS |     188 tris | Cube.140
Fra:1 Mem:242.41M (Peak 298.53M) | Time:00:00.21 | Mem:120.05M, Peak:120.05M | Scene, ViewLayer | Updating Geometry BVH Cube.141 165/681 | Building BVH
Fra:1 Mem:242.41M (Peak 298.53M) | Time:00:00.21 | Mem:120.06M, Peak:120.06M | Scene, ViewLayer | Updating Geometry BVH Cube.142 166/681 | Building BVH
Fra:1 Mem:242.41M (Peak 298.53M) | Time:00:00.21 | Mem:120.06M, Peak:120.06M | Scene, ViewLayer | Updating Geometry BVH Cube.144 168/681 | Building BVH
Fra:1 Mem:242.42M (Peak 298.53M) | Time:00:00.21 | Mem:120.06M, Peak:120.06M | Scene, ViewLayer | Updating Geometry BVH Cube.146 170/681 | Building BVH
Fra:1 Mem:242.42M (Peak 298.53M) | Time:00:00.21 | Mem:120.06M, Peak:120.06M | Scene, ViewLayer | Updating Geometry BVH Cube.146 170/681 | Building mesh BLAS |     188 tris | Cube.143
Fra:1 Mem:242.42M (Peak 298.53M) | Time:00:00.21 | Mem:120.07M, Peak:120.07M | Scene, ViewLayer | Updating Geometry BVH Cube.146 170/681 | Building mesh BLAS |     188 tris | Cube.146
Fra:1 Mem:242.42M (Peak 298.53M) | Time:00:00.21 | Mem:120.08M, Peak:120.08M | Scene, ViewLayer | Updating Geometry BVH Raised standing seam.047 667/681 | Building BVH
Fra:1 Mem:242.42M (Peak 298.53M) | Time:00:00.21 | Mem:122.98M, Peak:122.98M | Scene, ViewLayer | Updating Geometry BVH Raised standing seam.047 667/681 | Building mesh BLAS |     188 tris | Cube.145
Fra:1 Mem:242.42M (Peak 298.53M) | Time:00:00.21 | Mem:123.00M, Peak:123.00M | Scene, ViewLayer | Updating Geometry BVH Raised standing seam.047 667/681 | Building mesh BLAS |     188 tris | Cube.144
Fra:1 Mem:242.42M (Peak 298.53M) | Time:00:00.21 | Mem:123.00M, Peak:123.00M | Scene, ViewLayer | Updating Geometry BVH Raised standing seam.047 667/681 | Building mesh BLAS |    1152 tris | Raised standing seam.047
Fra:1 Mem:242.42M (Peak 298.53M) | Time:00:00.21 | Mem:123.00M, Peak:123.00M | Scene, ViewLayer | Updating Geometry BVH Cube.147 171/681 | Building BVH
Fra:1 Mem:242.42M (Peak 298.53M) | Time:00:00.21 | Mem:123.00M, Peak:123.00M | Scene, ViewLayer | Updating Geometry BVH Cube.147 171/681 | Building mesh BLAS |     188 tris | Cube.147
Fra:1 Mem:242.42M (Peak 298.53M) | Time:00:00.21 | Mem:123.02M, Peak:123.02M | Scene, ViewLayer | Updating Geometry BVH Cube.148 172/681 | Building BVH
Fra:1 Mem:242.42M (Peak 298.53M) | Time:00:00.21 | Mem:123.04M, Peak:123.04M | Scene, ViewLayer | Updating Geometry BVH Cube.149 173/681 | Building BVH
Fra:1 Mem:242.42M (Peak 298.53M) | Time:00:00.21 | Mem:123.05M, Peak:123.05M | Scene, ViewLayer | Updating Geometry BVH Cube.149 173/681 | Building mesh BLAS |     188 tris | Cube.149
Fra:1 Mem:242.42M (Peak 298.53M) | Time:00:00.21 | Mem:123.06M, Peak:123.06M | Scene, ViewLayer | Updating Geometry BVH Cylinder.023 175/681 | Building BVH
Fra:1 Mem:242.42M (Peak 298.53M) | Time:00:00.21 | Mem:123.06M, Peak:123.06M | Scene, ViewLayer | Updating Geometry BVH Cylinder.023 175/681 | Building mesh BLAS |      60 tris | Cylinder.023
Fra:1 Mem:242.42M (Peak 298.53M) | Time:00:00.21 | Mem:123.06M, Peak:123.06M | Scene, ViewLayer | Updating Geometry BVH Cylinder.024 176/681 | Building BVH
Fra:1 Mem:242.42M (Peak 298.53M) | Time:00:00.21 | Mem:123.06M, Peak:123.06M | Scene, ViewLayer | Updating Geometry BVH Cylinder.026 178/681 | Building BVH
Fra:1 Mem:242.42M (Peak 298.53M) | Time:00:00.21 | Mem:123.10M, Peak:123.10M | Scene, ViewLayer | Updating Geometry BVH Cylinder.028 180/681 | Building BVH
Fra:1 Mem:242.42M (Peak 298.53M) | Time:00:00.21 | Mem:123.10M, Peak:123.10M | Scene, ViewLayer | Updating Geometry BVH Cylinder.028 180/681 | Building mesh BLAS |      60 tris | Cylinder.026
Fra:1 Mem:242.42M (Peak 298.53M) | Time:00:00.21 | Mem:123.10M, Peak:123.10M | Scene, ViewLayer | Updating Geometry BVH Cylinder.029 181/681 | Building mesh BLAS |      60 tris | Cylinder.028
Fra:1 Mem:242.42M (Peak 298.53M) | Time:00:00.21 | Mem:123.10M, Peak:123.10M | Scene, ViewLayer | Updating Geometry BVH Cube.150 182/681 | Building BVH
Fra:1 Mem:242.42M (Peak 298.53M) | Time:00:00.21 | Mem:123.10M, Peak:123.10M | Scene, ViewLayer | Updating Geometry BVH Cube.150 182/681 | Building mesh BLAS |      60 tris | Cylinder.025
Fra:1 Mem:242.42M (Peak 298.53M) | Time:00:00.21 | Mem:123.10M, Peak:123.10M | Scene, ViewLayer | Updating Geometry BVH Cube.150 182/681 | Building mesh BLAS |     188 tris | Cube.150
Fra:1 Mem:242.42M (Peak 298.53M) | Time:00:00.21 | Mem:123.10M, Peak:123.10M | Scene, ViewLayer | Updating Geometry BVH Cube.150 182/681 | Building mesh BLAS |      60 tris | Cylinder.024
Fra:1 Mem:242.42M (Peak 298.53M) | Time:00:00.21 | Mem:123.11M, Peak:123.11M | Scene, ViewLayer | Updating Geometry BVH Cube.151 183/681 | Building BVH
Fra:1 Mem:242.42M (Peak 298.53M) | Time:00:00.21 | Mem:123.14M, Peak:123.14M | Scene, ViewLayer | Updating Geometry BVH Cube.151 183/681 | Building mesh BLAS |     188 tris | Cube.151
Fra:1 Mem:242.42M (Peak 298.53M) | Time:00:00.21 | Mem:123.53M, Peak:123.53M | Scene, ViewLayer | Updating Geometry BVH Cube.152 184/681 | Building BVH
Fra:1 Mem:242.42M (Peak 298.53M) | Time:00:00.21 | Mem:123.53M, Peak:123.53M | Scene, ViewLayer | Updating Geometry BVH Raised standing seam.046 666/681 | Building mesh BLAS |     188 tris | Cube.152
Fra:1 Mem:242.42M (Peak 298.53M) | Time:00:00.21 | Mem:123.54M, Peak:123.54M | Scene, ViewLayer | Updating Geometry BVH Cube.153 185/681 | Building BVH
Fra:1 Mem:242.42M (Peak 298.53M) | Time:00:00.21 | Mem:123.55M, Peak:123.55M | Scene, ViewLayer | Updating Geometry BVH Cube.154 186/681 | Building BVH
Fra:1 Mem:242.42M (Peak 298.53M) | Time:00:00.21 | Mem:123.55M, Peak:123.55M | Scene, ViewLayer | Updating Geometry BVH Cube.154 186/681 | Building mesh BLAS |     188 tris | Cube.153
Fra:1 Mem:242.42M (Peak 298.53M) | Time:00:00.21 | Mem:123.55M, Peak:123.55M | Scene, ViewLayer | Updating Geometry BVH Cube.154 186/681 | Building mesh BLAS |    1152 tris | Raised standing seam.046
Fra:1 Mem:242.42M (Peak 298.53M) | Time:00:00.21 | Mem:123.55M, Peak:123.55M | Scene, ViewLayer | Updating Geometry BVH Cube.156 188/681 | Building BVH
Fra:1 Mem:242.42M (Peak 298.53M) | Time:00:00.21 | Mem:123.55M, Peak:123.55M | Scene, ViewLayer | Updating Geometry BVH Cube.156 188/681 | Building mesh BLAS |     188 tris | Cube.156
Fra:1 Mem:242.42M (Peak 298.53M) | Time:00:00.21 | Mem:123.55M, Peak:123.55M | Scene, ViewLayer | Updating Geometry BVH Cube.157 189/681 | Building BVH
Fra:1 Mem:242.42M (Peak 298.53M) | Time:00:00.21 | Mem:123.55M, Peak:123.55M | Scene, ViewLayer | Updating Geometry BVH Cube.157 189/681 | Building mesh BLAS |     188 tris | Cube.155
Fra:1 Mem:242.42M (Peak 298.53M) | Time:00:00.21 | Mem:123.55M, Peak:123.55M | Scene, ViewLayer | Updating Geometry BVH Cube.157 189/681 | Building mesh BLAS |     188 tris | Cube.157
Fra:1 Mem:242.42M (Peak 298.53M) | Time:00:00.21 | Mem:123.56M, Peak:123.56M | Scene, ViewLayer | Updating Geometry BVH Cube.158 190/681 | Building BVH
Fra:1 Mem:242.42M (Peak 298.53M) | Time:00:00.21 | Mem:123.56M, Peak:123.56M | Scene, ViewLayer | Updating Geometry BVH Cube.158 190/681 | Building mesh BLAS |     188 tris | Cube.158
Fra:1 Mem:242.42M (Peak 298.53M) | Time:00:00.21 | Mem:123.56M, Peak:123.56M | Scene, ViewLayer | Updating Geometry BVH Cube.159 191/681 | Building BVH
Fra:1 Mem:242.42M (Peak 298.53M) | Time:00:00.21 | Mem:123.56M, Peak:123.56M | Scene, ViewLayer | Updating Geometry BVH Cube.159 191/681 | Building mesh BLAS |     188 tris | Cube.159
Fra:1 Mem:242.42M (Peak 298.53M) | Time:00:00.21 | Mem:123.58M, Peak:123.58M | Scene, ViewLayer | Updating Geometry BVH Cube.160 192/681 | Building BVH
Fra:1 Mem:242.42M (Peak 298.53M) | Time:00:00.21 | Mem:123.58M, Peak:123.58M | Scene, ViewLayer | Updating Geometry BVH Cube.160 192/681 | Building mesh BLAS |     188 tris | Cube.160
Fra:1 Mem:242.42M (Peak 298.53M) | Time:00:00.21 | Mem:123.58M, Peak:123.58M | Scene, ViewLayer | Updating Geometry BVH Cube.161 193/681 | Building BVH
Fra:1 Mem:242.42M (Peak 298.53M) | Time:00:00.21 | Mem:123.59M, Peak:123.59M | Scene, ViewLayer | Updating Geometry BVH Cube.161 193/681 | Building mesh BLAS |     188 tris | Cube.161
Fra:1 Mem:242.42M (Peak 298.53M) | Time:00:00.21 | Mem:123.59M, Peak:123.59M | Scene, ViewLayer | Updating Geometry BVH Cube.162 194/681 | Building BVH
Fra:1 Mem:242.42M (Peak 298.53M) | Time:00:00.21 | Mem:123.59M, Peak:123.59M | Scene, ViewLayer | Updating Geometry BVH Cube.163 195/681 | Building BVH
Fra:1 Mem:242.42M (Peak 298.53M) | Time:00:00.21 | Mem:123.59M, Peak:123.59M | Scene, ViewLayer | Updating Geometry BVH Cube.163 195/681 | Building mesh BLAS |     188 tris | Cube.162
Fra:1 Mem:242.42M (Peak 298.53M) | Time:00:00.21 | Mem:123.59M, Peak:123.59M | Scene, ViewLayer | Updating Geometry BVH Cube.163 195/681 | Building mesh BLAS |     188 tris | Cube.163
Fra:1 Mem:242.42M (Peak 298.53M) | Time:00:00.21 | Mem:123.59M, Peak:123.59M | Scene, ViewLayer | Updating Geometry BVH Cube.164 196/681 | Building BVH
Fra:1 Mem:242.42M (Peak 298.53M) | Time:00:00.21 | Mem:123.59M, Peak:123.59M | Scene, ViewLayer | Updating Geometry BVH Cube.164 196/681 | Building mesh BLAS |     188 tris | Cube.164
Fra:1 Mem:242.42M (Peak 298.53M) | Time:00:00.21 | Mem:123.59M, Peak:123.59M | Scene, ViewLayer | Updating Geometry BVH Cube.165 197/681 | Building BVH
Fra:1 Mem:242.42M (Peak 298.53M) | Time:00:00.21 | Mem:123.60M, Peak:123.60M | Scene, ViewLayer | Updating Geometry BVH Cube.166 198/681 | Building BVH
Fra:1 Mem:242.42M (Peak 298.53M) | Time:00:00.21 | Mem:123.60M, Peak:123.60M | Scene, ViewLayer | Updating Geometry BVH Cube.166 198/681 | Building mesh BLAS |     188 tris | Cube.165
Fra:1 Mem:242.42M (Peak 298.53M) | Time:00:00.21 | Mem:123.61M, Peak:123.61M | Scene, ViewLayer | Updating Geometry BVH Cube.166 198/681 | Building mesh BLAS |     188 tris | Cube.166
Fra:1 Mem:242.42M (Peak 298.53M) | Time:00:00.21 | Mem:123.61M, Peak:123.61M | Scene, ViewLayer | Updating Geometry BVH Cube.167 199/681 | Building BVH
Fra:1 Mem:242.42M (Peak 298.53M) | Time:00:00.21 | Mem:123.61M, Peak:123.61M | Scene, ViewLayer | Updating Geometry BVH Cube.167 199/681 | Building mesh BLAS |     188 tris | Cube.167
Fra:1 Mem:242.42M (Peak 298.53M) | Time:00:00.21 | Mem:123.63M, Peak:123.63M | Scene, ViewLayer | Updating Geometry BVH Cube.168 200/681 | Building BVH
Fra:1 Mem:242.42M (Peak 298.53M) | Time:00:00.21 | Mem:123.63M, Peak:123.63M | Scene, ViewLayer | Updating Geometry BVH Cube.168 200/681 | Building mesh BLAS |     188 tris | Cube.168
Fra:1 Mem:242.42M (Peak 298.53M) | Time:00:00.21 | Mem:123.63M, Peak:123.63M | Scene, ViewLayer | Updating Geometry BVH Cube.169 201/681 | Building BVH
Fra:1 Mem:242.42M (Peak 298.53M) | Time:00:00.21 | Mem:123.63M, Peak:123.63M | Scene, ViewLayer | Updating Geometry BVH Cube.169 201/681 | Building mesh BLAS |     188 tris | Cube.169
Fra:1 Mem:242.42M (Peak 298.53M) | Time:00:00.21 | Mem:123.63M, Peak:123.63M | Scene, ViewLayer | Updating Geometry BVH Cube.170 202/681 | Building BVH
Fra:1 Mem:242.42M (Peak 298.53M) | Time:00:00.21 | Mem:123.63M, Peak:123.63M | Scene, ViewLayer | Updating Geometry BVH Cube.170 202/681 | Building mesh BLAS |     188 tris | Cube.170
Fra:1 Mem:242.42M (Peak 298.53M) | Time:00:00.21 | Mem:123.63M, Peak:123.63M | Scene, ViewLayer | Updating Geometry BVH Cube.171 203/681 | Building BVH
Fra:1 Mem:242.42M (Peak 298.53M) | Time:00:00.21 | Mem:123.63M, Peak:123.63M | Scene, ViewLayer | Updating Geometry BVH Cube.171 203/681 | Building mesh BLAS |     188 tris | Cube.171
Fra:1 Mem:242.42M (Peak 298.53M) | Time:00:00.21 | Mem:123.64M, Peak:123.64M | Scene, ViewLayer | Updating Geometry BVH Cube.172 204/681 | Building BVH
Fra:1 Mem:242.42M (Peak 298.53M) | Time:00:00.21 | Mem:123.64M, Peak:123.64M | Scene, ViewLayer | Updating Geometry BVH Raised standing seam.045 665/681 | Building BVH
Fra:1 Mem:242.42M (Peak 298.53M) | Time:00:00.21 | Mem:123.64M, Peak:123.64M | Scene, ViewLayer | Updating Geometry BVH Cube.173 205/681 | Building BVH
Fra:1 Mem:242.42M (Peak 298.53M) | Time:00:00.21 | Mem:123.64M, Peak:123.64M | Scene, ViewLayer | Updating Geometry BVH Cube.173 205/681 | Building mesh BLAS |    1152 tris | Raised standing seam.045
Fra:1 Mem:242.42M (Peak 298.53M) | Time:00:00.21 | Mem:123.64M, Peak:123.64M | Scene, ViewLayer | Updating Geometry BVH Cube.173 205/681 | Building mesh BLAS |     188 tris | Cube.173
Fra:1 Mem:242.42M (Peak 298.53M) | Time:00:00.21 | Mem:123.64M, Peak:123.64M | Scene, ViewLayer | Updating Geometry BVH Cube.174 206/681 | Building BVH
Fra:1 Mem:242.42M (Peak 298.53M) | Time:00:00.21 | Mem:123.64M, Peak:123.64M | Scene, ViewLayer | Updating Geometry BVH Cube.174 206/681 | Building mesh BLAS |     472 tris | Cube.174
Fra:1 Mem:242.42M (Peak 298.53M) | Time:00:00.21 | Mem:123.67M, Peak:123.67M | Scene, ViewLayer | Updating Geometry BVH Cube.175 207/681 | Building BVH
Fra:1 Mem:242.42M (Peak 298.53M) | Time:00:00.21 | Mem:123.93M, Peak:123.93M | Scene, ViewLayer | Updating Geometry BVH Cube.175 207/681 | Building mesh BLAS |     188 tris | Cube.175
Fra:1 Mem:242.42M (Peak 298.53M) | Time:00:00.21 | Mem:123.95M, Peak:123.95M | Scene, ViewLayer | Updating Geometry BVH Cube.176 208/681 | Building BVH
Fra:1 Mem:242.42M (Peak 298.53M) | Time:00:00.21 | Mem:123.95M, Peak:123.95M | Scene, ViewLayer | Updating Geometry BVH Cube.177 209/681 | Building BVH
Fra:1 Mem:242.42M (Peak 298.53M) | Time:00:00.21 | Mem:123.95M, Peak:123.95M | Scene, ViewLayer | Updating Geometry BVH Cylinder.030 210/681 | Building BVH
Fra:1 Mem:242.42M (Peak 298.53M) | Time:00:00.21 | Mem:123.96M, Peak:123.96M | Scene, ViewLayer | Updating Geometry BVH Cylinder.031 211/681 | Building mesh BLAS |     380 tris | Cube.176
Fra:1 Mem:242.42M (Peak 298.53M) | Time:00:00.21 | Mem:123.96M, Peak:123.96M | Scene, ViewLayer | Updating Geometry BVH Cylinder.031 211/681 | Building mesh BLAS |      60 tris | Cylinder.030
Fra:1 Mem:242.42M (Peak 298.53M) | Time:00:00.21 | Mem:123.96M, Peak:123.96M | Scene, ViewLayer | Updating Geometry BVH Cylinder.031 211/681 | Building mesh BLAS |      60 tris | Cylinder.031
Fra:1 Mem:242.42M (Peak 298.53M) | Time:00:00.21 | Mem:123.96M, Peak:123.96M | Scene, ViewLayer | Updating Geometry BVH Cylinder.032 212/681 | Building BVH
Fra:1 Mem:242.42M (Peak 298.53M) | Time:00:00.21 | Mem:123.96M, Peak:123.96M | Scene, ViewLayer | Updating Geometry BVH Cylinder.032 212/681 | Building mesh BLAS |      60 tris | Cylinder.032
Fra:1 Mem:242.42M (Peak 298.53M) | Time:00:00.21 | Mem:123.96M, Peak:123.96M | Scene, ViewLayer | Updating Geometry BVH Cylinder.033 213/681 | Building BVH
Fra:1 Mem:242.42M (Peak 298.53M) | Time:00:00.21 | Mem:123.96M, Peak:123.96M | Scene, ViewLayer | Updating Geometry BVH Cylinder.033 213/681 | Building mesh BLAS |      60 tris | Cylinder.033
Fra:1 Mem:242.42M (Peak 298.53M) | Time:00:00.21 | Mem:123.97M, Peak:123.97M | Scene, ViewLayer | Updating Geometry BVH Cylinder.034 214/681 | Building BVH
Fra:1 Mem:242.42M (Peak 298.53M) | Time:00:00.21 | Mem:123.97M, Peak:123.97M | Scene, ViewLayer | Updating Geometry BVH Cylinder.034 214/681 | Building mesh BLAS |      60 tris | Cylinder.034
Fra:1 Mem:242.42M (Peak 298.53M) | Time:00:00.21 | Mem:123.97M, Peak:123.97M | Scene, ViewLayer | Updating Geometry BVH Cylinder.035 215/681 | Building BVH
Fra:1 Mem:242.42M (Peak 298.53M) | Time:00:00.21 | Mem:123.97M, Peak:123.97M | Scene, ViewLayer | Updating Geometry BVH Cylinder.036 216/681 | Building mesh BLAS |      60 tris | Cylinder.035
Fra:1 Mem:242.42M (Peak 298.53M) | Time:00:00.21 | Mem:123.97M, Peak:123.97M | Scene, ViewLayer | Updating Geometry BVH Cylinder.036 216/681 | Building mesh BLAS |      60 tris | Cylinder.036
Fra:1 Mem:242.42M (Peak 298.53M) | Time:00:00.21 | Mem:123.98M, Peak:123.98M | Scene, ViewLayer | Updating Geometry BVH Cylinder.037 217/681 | Building BVH
Fra:1 Mem:242.42M (Peak 298.53M) | Time:00:00.21 | Mem:124.00M, Peak:124.00M | Scene, ViewLayer | Updating Geometry BVH Cylinder.037 217/681 | Building mesh BLAS |      60 tris | Cylinder.037
Fra:1 Mem:242.42M (Peak 298.53M) | Time:00:00.21 | Mem:124.00M, Peak:124.00M | Scene, ViewLayer | Updating Geometry BVH Cylinder.038 218/681 | Building BVH
Fra:1 Mem:242.42M (Peak 298.53M) | Time:00:00.21 | Mem:124.00M, Peak:124.00M | Scene, ViewLayer | Updating Geometry BVH Cylinder.038 218/681 | Building mesh BLAS |      60 tris | Cylinder.038
Fra:1 Mem:242.42M (Peak 298.53M) | Time:00:00.21 | Mem:124.00M, Peak:124.00M | Scene, ViewLayer | Updating Geometry BVH Cylinder.039 219/681 | Building BVH
Fra:1 Mem:242.42M (Peak 298.53M) | Time:00:00.21 | Mem:124.00M, Peak:124.00M | Scene, ViewLayer | Updating Geometry BVH Cylinder.039 219/681 | Building mesh BLAS |      60 tris | Cylinder.039
Fra:1 Mem:242.42M (Peak 298.53M) | Time:00:00.21 | Mem:124.01M, Peak:124.01M | Scene, ViewLayer | Updating Geometry BVH Cylinder.040 220/681 | Building BVH
Fra:1 Mem:242.42M (Peak 298.53M) | Time:00:00.21 | Mem:124.01M, Peak:124.01M | Scene, ViewLayer | Updating Geometry BVH Cylinder.040 220/681 | Building mesh BLAS |      60 tris | Cylinder.040
Fra:1 Mem:242.42M (Peak 298.53M) | Time:00:00.21 | Mem:124.01M, Peak:124.01M | Scene, ViewLayer | Updating Geometry BVH Cylinder.041 221/681 | Building BVH
Fra:1 Mem:242.42M (Peak 298.53M) | Time:00:00.21 | Mem:124.01M, Peak:124.01M | Scene, ViewLayer | Updating Geometry BVH Cylinder.041 221/681 | Building mesh BLAS |     120 tris | Cylinder.041
Fra:1 Mem:242.42M (Peak 298.53M) | Time:00:00.21 | Mem:124.01M, Peak:124.01M | Scene, ViewLayer | Updating Geometry BVH Raised standing seam.044 664/681 | Building BVH
Fra:1 Mem:242.42M (Peak 298.53M) | Time:00:00.21 | Mem:124.01M, Peak:124.01M | Scene, ViewLayer | Updating Geometry BVH Cylinder.042 222/681 | Building BVH
Fra:1 Mem:242.42M (Peak 298.53M) | Time:00:00.21 | Mem:124.01M, Peak:124.01M | Scene, ViewLayer | Updating Geometry BVH Cylinder.042 222/681 | Building mesh BLAS |    1152 tris | Raised standing seam.044
Fra:1 Mem:242.42M (Peak 298.53M) | Time:00:00.21 | Mem:124.01M, Peak:124.01M | Scene, ViewLayer | Updating Geometry BVH Cylinder.042 222/681 | Building mesh BLAS |      60 tris | Cylinder.042
Fra:1 Mem:242.42M (Peak 298.53M) | Time:00:00.21 | Mem:124.02M, Peak:124.02M | Scene, ViewLayer | Updating Geometry BVH Cylinder.043 223/681 | Building BVH
Fra:1 Mem:242.42M (Peak 298.53M) | Time:00:00.21 | Mem:124.02M, Peak:124.02M | Scene, ViewLayer | Updating Geometry BVH Cylinder.043 223/681 | Building mesh BLAS |      60 tris | Cylinder.043
Fra:1 Mem:242.42M (Peak 298.53M) | Time:00:00.21 | Mem:124.03M, Peak:124.03M | Scene, ViewLayer | Updating Geometry BVH Cylinder.044 224/681 | Building BVH
Fra:1 Mem:242.42M (Peak 298.53M) | Time:00:00.21 | Mem:124.03M, Peak:124.03M | Scene, ViewLayer | Updating Geometry BVH Cylinder.044 224/681 | Building mesh BLAS |      60 tris | Cylinder.044
Fra:1 Mem:242.42M (Peak 298.53M) | Time:00:00.21 | Mem:124.03M, Peak:124.03M | Scene, ViewLayer | Updating Geometry BVH Cylinder.045 225/681 | Building BVH
Fra:1 Mem:242.42M (Peak 298.53M) | Time:00:00.21 | Mem:124.03M, Peak:124.03M | Scene, ViewLayer | Updating Geometry BVH Cylinder.045 225/681 | Building mesh BLAS |      60 tris | Cylinder.045
Fra:1 Mem:242.42M (Peak 298.53M) | Time:00:00.21 | Mem:124.03M, Peak:124.03M | Scene, ViewLayer | Updating Geometry BVH Cylinder.046 226/681 | Building BVH
Fra:1 Mem:242.42M (Peak 298.53M) | Time:00:00.21 | Mem:124.03M, Peak:124.03M | Scene, ViewLayer | Updating Geometry BVH Cylinder.046 226/681 | Building mesh BLAS |      60 tris | Cylinder.046
Fra:1 Mem:242.42M (Peak 298.53M) | Time:00:00.21 | Mem:124.03M, Peak:124.03M | Scene, ViewLayer | Updating Geometry BVH Cylinder.047 227/681 | Building BVH
Fra:1 Mem:242.42M (Peak 298.53M) | Time:00:00.21 | Mem:124.03M, Peak:124.03M | Scene, ViewLayer | Updating Geometry BVH Cylinder.047 227/681 | Building mesh BLAS |      60 tris | Cylinder.047
Fra:1 Mem:242.42M (Peak 298.53M) | Time:00:00.21 | Mem:124.03M, Peak:124.03M | Scene, ViewLayer | Updating Geometry BVH Cylinder.048 228/681 | Building BVH
Fra:1 Mem:242.42M (Peak 298.53M) | Time:00:00.21 | Mem:124.03M, Peak:124.03M | Scene, ViewLayer | Updating Geometry BVH Cylinder.048 228/681 | Building mesh BLAS |      60 tris | Cylinder.048
Fra:1 Mem:242.42M (Peak 298.53M) | Time:00:00.21 | Mem:124.03M, Peak:124.03M | Scene, ViewLayer | Updating Geometry BVH Cylinder.049 229/681 | Building BVH
Fra:1 Mem:242.42M (Peak 298.53M) | Time:00:00.21 | Mem:124.03M, Peak:124.03M | Scene, ViewLayer | Updating Geometry BVH Cylinder.049 229/681 | Building mesh BLAS |      60 tris | Cylinder.049
Fra:1 Mem:242.42M (Peak 298.53M) | Time:00:00.21 | Mem:124.03M, Peak:124.03M | Scene, ViewLayer | Updating Geometry BVH Cylinder.050 230/681 | Building BVH
Fra:1 Mem:242.42M (Peak 298.53M) | Time:00:00.21 | Mem:124.03M, Peak:124.03M | Scene, ViewLayer | Updating Geometry BVH Cylinder.050 230/681 | Building mesh BLAS |      60 tris | Cylinder.050
Fra:1 Mem:242.42M (Peak 298.53M) | Time:00:00.21 | Mem:124.04M, Peak:124.04M | Scene, ViewLayer | Updating Geometry BVH Cylinder.051 231/681 | Building BVH
Fra:1 Mem:242.42M (Peak 298.53M) | Time:00:00.21 | Mem:124.04M, Peak:124.04M | Scene, ViewLayer | Updating Geometry BVH Cylinder.051 231/681 | Building mesh BLAS |      60 tris | Cylinder.051
Fra:1 Mem:242.42M (Peak 298.53M) | Time:00:00.21 | Mem:124.13M, Peak:124.13M | Scene, ViewLayer | Updating Geometry BVH Cylinder.052 232/681 | Building BVH
Fra:1 Mem:242.42M (Peak 298.53M) | Time:00:00.21 | Mem:124.13M, Peak:124.13M | Scene, ViewLayer | Updating Geometry BVH Cylinder.052 232/681 | Building mesh BLAS |      60 tris | Cylinder.052
Fra:1 Mem:242.42M (Peak 298.53M) | Time:00:00.21 | Mem:124.13M, Peak:124.13M | Scene, ViewLayer | Updating Geometry BVH Cylinder.053 233/681 | Building BVH
Fra:1 Mem:242.42M (Peak 298.53M) | Time:00:00.21 | Mem:124.13M, Peak:124.13M | Scene, ViewLayer | Updating Geometry BVH Cylinder.053 233/681 | Building mesh BLAS |      60 tris | Cylinder.053
Fra:1 Mem:242.42M (Peak 298.53M) | Time:00:00.21 | Mem:124.14M, Peak:124.14M | Scene, ViewLayer | Updating Geometry BVH Cylinder.054 234/681 | Building BVH
Fra:1 Mem:242.42M (Peak 298.53M) | Time:00:00.21 | Mem:124.14M, Peak:124.14M | Scene, ViewLayer | Updating Geometry BVH Cylinder.054 234/681 | Building mesh BLAS |      60 tris | Cylinder.054
Fra:1 Mem:242.42M (Peak 298.53M) | Time:00:00.21 | Mem:124.14M, Peak:124.14M | Scene, ViewLayer | Updating Geometry BVH Cylinder.055 235/681 | Building BVH
Fra:1 Mem:242.42M (Peak 298.53M) | Time:00:00.21 | Mem:124.14M, Peak:124.14M | Scene, ViewLayer | Updating Geometry BVH Cylinder.055 235/681 | Building mesh BLAS |      60 tris | Cylinder.055
Fra:1 Mem:242.42M (Peak 298.53M) | Time:00:00.21 | Mem:124.14M, Peak:124.14M | Scene, ViewLayer | Updating Geometry BVH Cylinder.056 236/681 | Building BVH
Fra:1 Mem:242.42M (Peak 298.53M) | Time:00:00.21 | Mem:124.14M, Peak:124.14M | Scene, ViewLayer | Updating Geometry BVH Cylinder.056 236/681 | Building mesh BLAS |      60 tris | Cylinder.056
Fra:1 Mem:242.42M (Peak 298.53M) | Time:00:00.21 | Mem:124.14M, Peak:124.14M | Scene, ViewLayer | Updating Geometry BVH Cylinder.057 237/681 | Building BVH
Fra:1 Mem:242.42M (Peak 298.53M) | Time:00:00.21 | Mem:124.15M, Peak:124.15M | Scene, ViewLayer | Updating Geometry BVH Cylinder.057 237/681 | Building mesh BLAS |      60 tris | Cylinder.057
Fra:1 Mem:242.42M (Peak 298.53M) | Time:00:00.21 | Mem:124.16M, Peak:124.16M | Scene, ViewLayer | Updating Geometry BVH Cylinder.058 238/681 | Building BVH
Fra:1 Mem:242.42M (Peak 298.53M) | Time:00:00.21 | Mem:124.18M, Peak:124.18M | Scene, ViewLayer | Updating Geometry BVH Cylinder.058 238/681 | Building mesh BLAS |      60 tris | Cylinder.058
Fra:1 Mem:242.42M (Peak 298.53M) | Time:00:00.21 | Mem:124.18M, Peak:124.18M | Scene, ViewLayer | Updating Geometry BVH Cylinder.059 239/681 | Building BVH
Fra:1 Mem:242.42M (Peak 298.53M) | Time:00:00.21 | Mem:124.18M, Peak:124.18M | Scene, ViewLayer | Updating Geometry BVH Raised standing seam.043 663/681 | Building BVH
Fra:1 Mem:242.42M (Peak 298.53M) | Time:00:00.21 | Mem:124.18M, Peak:124.18M | Scene, ViewLayer | Updating Geometry BVH Raised standing seam.043 663/681 | Building mesh BLAS |      60 tris | Cylinder.059
Fra:1 Mem:242.42M (Peak 298.53M) | Time:00:00.21 | Mem:124.18M, Peak:124.18M | Scene, ViewLayer | Updating Geometry BVH Raised standing seam.043 663/681 | Building mesh BLAS |    1152 tris | Raised standing seam.043
Fra:1 Mem:242.42M (Peak 298.53M) | Time:00:00.21 | Mem:124.19M, Peak:124.19M | Scene, ViewLayer | Updating Geometry BVH Cylinder.060 240/681 | Building BVH
Fra:1 Mem:242.42M (Peak 298.53M) | Time:00:00.21 | Mem:124.19M, Peak:124.19M | Scene, ViewLayer | Updating Geometry BVH Cylinder.060 240/681 | Building mesh BLAS |      60 tris | Cylinder.060
Fra:1 Mem:242.42M (Peak 298.53M) | Time:00:00.21 | Mem:124.21M, Peak:124.21M | Scene, ViewLayer | Updating Geometry BVH Cylinder.061 241/681 | Building BVH
Fra:1 Mem:242.42M (Peak 298.53M) | Time:00:00.21 | Mem:124.21M, Peak:124.21M | Scene, ViewLayer | Updating Geometry BVH Cylinder.061 241/681 | Building mesh BLAS |      60 tris | Cylinder.061
Fra:1 Mem:242.42M (Peak 298.53M) | Time:00:00.21 | Mem:124.22M, Peak:124.22M | Scene, ViewLayer | Updating Geometry BVH Cylinder.062 242/681 | Building BVH
Fra:1 Mem:242.42M (Peak 298.53M) | Time:00:00.21 | Mem:124.22M, Peak:124.22M | Scene, ViewLayer | Updating Geometry BVH Cylinder.062 242/681 | Building mesh BLAS |      60 tris | Cylinder.062
Fra:1 Mem:242.42M (Peak 298.53M) | Time:00:00.21 | Mem:124.22M, Peak:124.22M | Scene, ViewLayer | Updating Geometry BVH Cylinder.063 243/681 | Building BVH
Fra:1 Mem:242.42M (Peak 298.53M) | Time:00:00.21 | Mem:124.22M, Peak:124.22M | Scene, ViewLayer | Updating Geometry BVH Cylinder.064 244/681 | Building mesh BLAS |      60 tris | Cylinder.063
Fra:1 Mem:242.42M (Peak 298.53M) | Time:00:00.21 | Mem:124.22M, Peak:124.22M | Scene, ViewLayer | Updating Geometry BVH Cylinder.064 244/681 | Building mesh BLAS |      60 tris | Cylinder.064
Fra:1 Mem:242.42M (Peak 298.53M) | Time:00:00.21 | Mem:124.22M, Peak:124.22M | Scene, ViewLayer | Updating Geometry BVH Cylinder.065 245/681 | Building BVH
Fra:1 Mem:242.42M (Peak 298.53M) | Time:00:00.21 | Mem:124.23M, Peak:124.23M | Scene, ViewLayer | Updating Geometry BVH Cylinder.065 245/681 | Building mesh BLAS |      60 tris | Cylinder.065
Fra:1 Mem:242.42M (Peak 298.53M) | Time:00:00.21 | Mem:124.23M, Peak:124.23M | Scene, ViewLayer | Updating Geometry BVH Cylinder.066 246/681 | Building BVH
Fra:1 Mem:242.42M (Peak 298.53M) | Time:00:00.21 | Mem:124.23M, Peak:124.23M | Scene, ViewLayer | Updating Geometry BVH Cylinder.066 246/681 | Building mesh BLAS |      60 tris | Cylinder.066
Fra:1 Mem:242.42M (Peak 298.53M) | Time:00:00.21 | Mem:124.25M, Peak:124.25M | Scene, ViewLayer | Updating Geometry BVH Cylinder.067 247/681 | Building BVH
Fra:1 Mem:242.42M (Peak 298.53M) | Time:00:00.21 | Mem:124.25M, Peak:124.25M | Scene, ViewLayer | Updating Geometry BVH Cylinder.067 247/681 | Building mesh BLAS |      60 tris | Cylinder.067
Fra:1 Mem:242.42M (Peak 298.53M) | Time:00:00.21 | Mem:124.27M, Peak:124.27M | Scene, ViewLayer | Updating Geometry BVH Cylinder.068 248/681 | Building BVH
Fra:1 Mem:242.42M (Peak 298.53M) | Time:00:00.21 | Mem:124.27M, Peak:124.27M | Scene, ViewLayer | Updating Geometry BVH Cylinder.069 249/681 | Building BVH
Fra:1 Mem:242.42M (Peak 298.53M) | Time:00:00.21 | Mem:124.27M, Peak:124.27M | Scene, ViewLayer | Updating Geometry BVH Cylinder.069 249/681 | Building mesh BLAS |      60 tris | Cylinder.068
Fra:1 Mem:242.42M (Peak 298.53M) | Time:00:00.21 | Mem:124.27M, Peak:124.27M | Scene, ViewLayer | Updating Geometry BVH Cylinder.069 249/681 | Building mesh BLAS |      60 tris | Cylinder.069
Fra:1 Mem:242.42M (Peak 298.53M) | Time:00:00.21 | Mem:124.27M, Peak:124.27M | Scene, ViewLayer | Updating Geometry BVH Cylinder.070 250/681 | Building BVH
Fra:1 Mem:242.42M (Peak 298.53M) | Time:00:00.21 | Mem:124.27M, Peak:124.27M | Scene, ViewLayer | Updating Geometry BVH Cylinder.070 250/681 | Building mesh BLAS |      60 tris | Cylinder.070
Fra:1 Mem:242.42M (Peak 298.53M) | Time:00:00.21 | Mem:124.37M, Peak:124.37M | Scene, ViewLayer | Updating Geometry BVH Cylinder.071 251/681 | Building BVH
Fra:1 Mem:242.42M (Peak 298.53M) | Time:00:00.21 | Mem:124.37M, Peak:124.37M | Scene, ViewLayer | Updating Geometry BVH Cylinder.071 251/681 | Building mesh BLAS |      60 tris | Cylinder.071
Fra:1 Mem:242.42M (Peak 298.53M) | Time:00:00.21 | Mem:124.37M, Peak:124.37M | Scene, ViewLayer | Updating Geometry BVH Cylinder.072 252/681 | Building BVH
Fra:1 Mem:242.42M (Peak 298.53M) | Time:00:00.21 | Mem:124.37M, Peak:124.37M | Scene, ViewLayer | Updating Geometry BVH Cylinder.072 252/681 | Building mesh BLAS |      60 tris | Cylinder.072
Fra:1 Mem:242.42M (Peak 298.53M) | Time:00:00.21 | Mem:124.38M, Peak:124.38M | Scene, ViewLayer | Updating Geometry BVH Cylinder.073 253/681 | Building BVH
Fra:1 Mem:242.42M (Peak 298.53M) | Time:00:00.21 | Mem:124.38M, Peak:124.38M | Scene, ViewLayer | Updating Geometry BVH Cylinder.073 253/681 | Building mesh BLAS |      60 tris | Cylinder.073
Fra:1 Mem:242.42M (Peak 298.53M) | Time:00:00.21 | Mem:124.38M, Peak:124.38M | Scene, ViewLayer | Updating Geometry BVH Cylinder.074 254/681 | Building BVH
Fra:1 Mem:242.42M (Peak 298.53M) | Time:00:00.21 | Mem:124.38M, Peak:124.38M | Scene, ViewLayer | Updating Geometry BVH Cylinder.074 254/681 | Building mesh BLAS |      60 tris | Cylinder.074
Fra:1 Mem:242.42M (Peak 298.53M) | Time:00:00.21 | Mem:124.39M, Peak:124.39M | Scene, ViewLayer | Updating Geometry BVH Cylinder.075 255/681 | Building BVH
Fra:1 Mem:242.42M (Peak 298.53M) | Time:00:00.21 | Mem:124.39M, Peak:124.39M | Scene, ViewLayer | Updating Geometry BVH Cylinder.075 255/681 | Building mesh BLAS |     100 tris | Cylinder.075
Fra:1 Mem:242.42M (Peak 298.53M) | Time:00:00.21 | Mem:124.40M, Peak:124.40M | Scene, ViewLayer | Updating Geometry BVH Cylinder.076 256/681 | Building BVH
Fra:1 Mem:242.42M (Peak 298.53M) | Time:00:00.21 | Mem:124.41M, Peak:124.41M | Scene, ViewLayer | Updating Geometry BVH Cylinder.076 256/681 | Building mesh BLAS |    1152 tris | Raised standing seam.042
Fra:1 Mem:242.42M (Peak 298.53M) | Time:00:00.21 | Mem:124.41M, Peak:124.41M | Scene, ViewLayer | Updating Geometry BVH Cylinder.076 256/681 | Building mesh BLAS |      60 tris | Cylinder.076
Fra:1 Mem:242.42M (Peak 298.53M) | Time:00:00.21 | Mem:124.41M, Peak:124.41M | Scene, ViewLayer | Updating Geometry BVH Cylinder.077 257/681 | Building BVH
Fra:1 Mem:242.42M (Peak 298.53M) | Time:00:00.21 | Mem:124.41M, Peak:124.41M | Scene, ViewLayer | Updating Geometry BVH Cylinder.077 257/681 | Building mesh BLAS |      60 tris | Cylinder.077
Fra:1 Mem:242.42M (Peak 298.53M) | Time:00:00.21 | Mem:124.42M, Peak:124.42M | Scene, ViewLayer | Updating Geometry BVH Cylinder.078 258/681 | Building BVH
Fra:1 Mem:242.42M (Peak 298.53M) | Time:00:00.21 | Mem:124.42M, Peak:124.42M | Scene, ViewLayer | Updating Geometry BVH Cylinder.078 258/681 | Building mesh BLAS |     120 tris | Cylinder.078
Fra:1 Mem:242.42M (Peak 298.53M) | Time:00:00.21 | Mem:124.44M, Peak:124.44M | Scene, ViewLayer | Updating Geometry BVH Cylinder.079 259/681 | Building BVH
Fra:1 Mem:242.42M (Peak 298.53M) | Time:00:00.21 | Mem:124.44M, Peak:124.44M | Scene, ViewLayer | Updating Geometry BVH Cylinder.079 259/681 | Building mesh BLAS |      60 tris | Cylinder.079
Fra:1 Mem:242.42M (Peak 298.53M) | Time:00:00.21 | Mem:124.45M, Peak:124.45M | Scene, ViewLayer | Updating Geometry BVH Cylinder.080 260/681 | Building BVH
Fra:1 Mem:242.42M (Peak 298.53M) | Time:00:00.21 | Mem:124.45M, Peak:124.45M | Scene, ViewLayer | Updating Geometry BVH Cube.178 262/681 | Building BVH
Fra:1 Mem:242.42M (Peak 298.53M) | Time:00:00.21 | Mem:124.45M, Peak:124.45M | Scene, ViewLayer | Updating Geometry BVH Cube.178 262/681 | Building mesh BLAS |      52 tris | Cylinder.080
Fra:1 Mem:242.42M (Peak 298.53M) | Time:00:00.21 | Mem:124.45M, Peak:124.45M | Scene, ViewLayer | Updating Geometry BVH Cube.178 262/681 | Building mesh BLAS |      64 tris | Cylinder.081
Fra:1 Mem:242.42M (Peak 298.53M) | Time:00:00.21 | Mem:124.45M, Peak:124.45M | Scene, ViewLayer | Updating Geometry BVH Cube.178 262/681 | Building mesh BLAS |     188 tris | Cube.178
Fra:1 Mem:242.42M (Peak 298.53M) | Time:00:00.21 | Mem:124.46M, Peak:124.46M | Scene, ViewLayer | Updating Geometry BVH Cube.179 263/681 | Building BVH
Fra:1 Mem:242.42M (Peak 298.53M) | Time:00:00.21 | Mem:124.47M, Peak:124.47M | Scene, ViewLayer | Updating Geometry BVH Cube.179 263/681 | Building mesh BLAS |     188 tris | Cube.179
Fra:1 Mem:242.42M (Peak 298.53M) | Time:00:00.21 | Mem:124.48M, Peak:124.48M | Scene, ViewLayer | Updating Geometry BVH Cube.180 264/681 | Building BVH
Fra:1 Mem:242.42M (Peak 298.53M) | Time:00:00.21 | Mem:124.48M, Peak:124.48M | Scene, ViewLayer | Updating Geometry BVH Cube.180 264/681 | Building mesh BLAS |     188 tris | Cube.180
Fra:1 Mem:242.42M (Peak 298.53M) | Time:00:00.21 | Mem:124.48M, Peak:124.48M | Scene, ViewLayer | Updating Geometry BVH Cube.181 265/681 | Building BVH
Fra:1 Mem:242.42M (Peak 298.53M) | Time:00:00.21 | Mem:124.56M, Peak:124.56M | Scene, ViewLayer | Updating Geometry BVH Cube.181 265/681 | Building mesh BLAS |     188 tris | Cube.181
Fra:1 Mem:242.42M (Peak 298.53M) | Time:00:00.21 | Mem:124.57M, Peak:124.57M | Scene, ViewLayer | Updating Geometry BVH Cube.182 266/681 | Building BVH
Fra:1 Mem:242.42M (Peak 298.53M) | Time:00:00.21 | Mem:124.57M, Peak:124.57M | Scene, ViewLayer | Updating Geometry BVH Cube.182 266/681 | Building mesh BLAS |     188 tris | Cube.182
Fra:1 Mem:242.42M (Peak 298.53M) | Time:00:00.21 | Mem:124.57M, Peak:124.57M | Scene, ViewLayer | Updating Geometry BVH Cube.183 267/681 | Building BVH
Fra:1 Mem:242.42M (Peak 298.53M) | Time:00:00.21 | Mem:124.57M, Peak:124.57M | Scene, ViewLayer | Updating Geometry BVH Cube.183 267/681 | Building mesh BLAS |     188 tris | Cube.183
Fra:1 Mem:242.42M (Peak 298.53M) | Time:00:00.21 | Mem:124.59M, Peak:124.59M | Scene, ViewLayer | Updating Geometry BVH Cube.184 268/681 | Building BVH
Fra:1 Mem:242.42M (Peak 298.53M) | Time:00:00.21 | Mem:124.59M, Peak:124.59M | Scene, ViewLayer | Updating Geometry BVH Cube.185 269/681 | Building BVH
Fra:1 Mem:242.42M (Peak 298.53M) | Time:00:00.21 | Mem:124.59M, Peak:124.59M | Scene, ViewLayer | Updating Geometry BVH Cube.185 269/681 | Building mesh BLAS |     188 tris | Cube.185
Fra:1 Mem:242.42M (Peak 298.53M) | Time:00:00.21 | Mem:124.60M, Peak:124.60M | Scene, ViewLayer | Updating Geometry BVH Cube.186 270/681 | Building BVH
Fra:1 Mem:242.42M (Peak 298.53M) | Time:00:00.21 | Mem:124.60M, Peak:124.60M | Scene, ViewLayer | Updating Geometry BVH Cube.186 270/681 | Building mesh BLAS |     188 tris | Cube.186
Fra:1 Mem:242.42M (Peak 298.53M) | Time:00:00.21 | Mem:124.61M, Peak:124.61M | Scene, ViewLayer | Updating Geometry BVH Cube.187 271/681 | Building BVH
Fra:1 Mem:242.42M (Peak 298.53M) | Time:00:00.21 | Mem:124.61M, Peak:124.61M | Scene, ViewLayer | Updating Geometry BVH Cube.187 271/681 | Building mesh BLAS |     188 tris | Cube.187
Fra:1 Mem:242.42M (Peak 298.53M) | Time:00:00.21 | Mem:124.61M, Peak:124.61M | Scene, ViewLayer | Updating Geometry BVH Cube.188 272/681 | Building BVH
Fra:1 Mem:242.42M (Peak 298.53M) | Time:00:00.21 | Mem:124.61M, Peak:124.61M | Scene, ViewLayer | Updating Geometry BVH Cube.188 272/681 | Building mesh BLAS |    1152 tris | Raised standing seam.041
Fra:1 Mem:242.42M (Peak 298.53M) | Time:00:00.21 | Mem:124.61M, Peak:124.61M | Scene, ViewLayer | Updating Geometry BVH Cube.188 272/681 | Building mesh BLAS |     188 tris | Cube.188
Fra:1 Mem:242.42M (Peak 298.53M) | Time:00:00.21 | Mem:124.62M, Peak:124.62M | Scene, ViewLayer | Updating Geometry BVH Cube.189 273/681 | Building BVH
Fra:1 Mem:242.42M (Peak 298.53M) | Time:00:00.21 | Mem:124.62M, Peak:124.62M | Scene, ViewLayer | Updating Geometry BVH Cube.189 273/681 | Building mesh BLAS |     188 tris | Cube.189
Fra:1 Mem:242.42M (Peak 298.53M) | Time:00:00.21 | Mem:124.62M, Peak:124.62M | Scene, ViewLayer | Updating Geometry BVH Cube.190 274/681 | Building BVH
Fra:1 Mem:242.42M (Peak 298.53M) | Time:00:00.21 | Mem:124.62M, Peak:124.62M | Scene, ViewLayer | Updating Geometry BVH Cube.190 274/681 | Building mesh BLAS |     188 tris | Cube.190
Fra:1 Mem:242.42M (Peak 298.53M) | Time:00:00.21 | Mem:124.62M, Peak:124.62M | Scene, ViewLayer | Updating Geometry BVH Cube.191 275/681 | Building BVH
Fra:1 Mem:242.42M (Peak 298.53M) | Time:00:00.21 | Mem:124.62M, Peak:124.62M | Scene, ViewLayer | Updating Geometry BVH Cube.191 275/681 | Building mesh BLAS |     188 tris | Cube.191
Fra:1 Mem:242.42M (Peak 298.53M) | Time:00:00.21 | Mem:124.64M, Peak:124.64M | Scene, ViewLayer | Updating Geometry BVH Cube.192 276/681 | Building BVH
Fra:1 Mem:242.42M (Peak 298.53M) | Time:00:00.21 | Mem:124.64M, Peak:124.64M | Scene, ViewLayer | Updating Geometry BVH Cube.192 276/681 | Building mesh BLAS |     188 tris | Cube.192
Fra:1 Mem:242.42M (Peak 298.53M) | Time:00:00.21 | Mem:124.65M, Peak:124.65M | Scene, ViewLayer | Updating Geometry BVH Cube.193 277/681 | Building BVH
Fra:1 Mem:242.42M (Peak 298.53M) | Time:00:00.21 | Mem:124.66M, Peak:124.66M | Scene, ViewLayer | Updating Geometry BVH Cube.194 278/681 | Building BVH
Fra:1 Mem:242.42M (Peak 298.53M) | Time:00:00.21 | Mem:124.67M, Peak:124.67M | Scene, ViewLayer | Updating Geometry BVH Cube.194 278/681 | Building mesh BLAS |     188 tris | Cube.194
Fra:1 Mem:242.42M (Peak 298.53M) | Time:00:00.21 | Mem:124.67M, Peak:124.67M | Scene, ViewLayer | Updating Geometry BVH Cube.195 279/681 | Building BVH
Fra:1 Mem:242.42M (Peak 298.53M) | Time:00:00.21 | Mem:124.67M, Peak:124.67M | Scene, ViewLayer | Updating Geometry BVH Cube.195 279/681 | Building mesh BLAS |     188 tris | Cube.195
Fra:1 Mem:242.42M (Peak 298.53M) | Time:00:00.21 | Mem:124.75M, Peak:124.75M | Scene, ViewLayer | Updating Geometry BVH Cube.196 280/681 | Building BVH
Fra:1 Mem:242.42M (Peak 298.53M) | Time:00:00.21 | Mem:124.76M, Peak:124.76M | Scene, ViewLayer | Updating Geometry BVH Cube.196 280/681 | Building mesh BLAS |     188 tris | Cube.196
Fra:1 Mem:242.42M (Peak 298.53M) | Time:00:00.21 | Mem:124.76M, Peak:124.76M | Scene, ViewLayer | Updating Geometry BVH Cube.197 281/681 | Building BVH
Fra:1 Mem:242.42M (Peak 298.53M) | Time:00:00.21 | Mem:124.77M, Peak:124.77M | Scene, ViewLayer | Updating Geometry BVH Cube.198 282/681 | Building BVH
Fra:1 Mem:242.42M (Peak 298.53M) | Time:00:00.21 | Mem:124.77M, Peak:124.77M | Scene, ViewLayer | Updating Geometry BVH Cube.198 282/681 | Building mesh BLAS |     188 tris | Cube.197
Fra:1 Mem:242.42M (Peak 298.53M) | Time:00:00.21 | Mem:124.77M, Peak:124.77M | Scene, ViewLayer | Updating Geometry BVH Cube.198 282/681 | Building mesh BLAS |     188 tris | Cube.198
Fra:1 Mem:242.42M (Peak 298.53M) | Time:00:00.21 | Mem:124.79M, Peak:124.79M | Scene, ViewLayer | Updating Geometry BVH Cube.199 283/681 | Building BVH
Fra:1 Mem:242.42M (Peak 298.53M) | Time:00:00.21 | Mem:124.79M, Peak:124.79M | Scene, ViewLayer | Updating Geometry BVH Cube.200 284/681 | Building BVH
Fra:1 Mem:242.42M (Peak 298.53M) | Time:00:00.21 | Mem:124.79M, Peak:124.79M | Scene, ViewLayer | Updating Geometry BVH Cube.200 284/681 | Building mesh BLAS |     188 tris | Cube.199
Fra:1 Mem:242.42M (Peak 298.53M) | Time:00:00.21 | Mem:124.79M, Peak:124.79M | Scene, ViewLayer | Updating Geometry BVH Cube.200 284/681 | Building mesh BLAS |     188 tris | Cube.200
Fra:1 Mem:242.42M (Peak 298.53M) | Time:00:00.21 | Mem:124.79M, Peak:124.79M | Scene, ViewLayer | Updating Geometry BVH Cube.201 285/681 | Building BVH
Fra:1 Mem:242.42M (Peak 298.53M) | Time:00:00.21 | Mem:124.79M, Peak:124.79M | Scene, ViewLayer | Updating Geometry BVH Cube.201 285/681 | Building mesh BLAS |     188 tris | Cube.201
Fra:1 Mem:242.42M (Peak 298.53M) | Time:00:00.21 | Mem:124.81M, Peak:124.81M | Scene, ViewLayer | Updating Geometry BVH Cube.202 286/681 | Building BVH
Fra:1 Mem:242.42M (Peak 298.53M) | Time:00:00.21 | Mem:124.81M, Peak:124.81M | Scene, ViewLayer | Updating Geometry BVH Cube.202 286/681 | Building mesh BLAS |     188 tris | Cube.202
Fra:1 Mem:242.42M (Peak 298.53M) | Time:00:00.21 | Mem:124.84M, Peak:124.84M | Scene, ViewLayer | Updating Geometry BVH Cube.203 287/681 | Building BVH
Fra:1 Mem:242.42M (Peak 298.53M) | Time:00:00.21 | Mem:124.84M, Peak:124.84M | Scene, ViewLayer | Updating Geometry BVH Raised standing seam.040 660/681 | Building BVH
Fra:1 Mem:242.42M (Peak 298.53M) | Time:00:00.21 | Mem:124.84M, Peak:124.84M | Scene, ViewLayer | Updating Geometry BVH Cube.204 288/681 | Building BVH
Fra:1 Mem:242.42M (Peak 298.53M) | Time:00:00.21 | Mem:124.84M, Peak:124.84M | Scene, ViewLayer | Updating Geometry BVH Cube.204 288/681 | Building mesh BLAS |    1152 tris | Raised standing seam.040
Fra:1 Mem:242.42M (Peak 298.53M) | Time:00:00.21 | Mem:124.84M, Peak:124.84M | Scene, ViewLayer | Updating Geometry BVH Cube.204 288/681 | Building mesh BLAS |     188 tris | Cube.204
Fra:1 Mem:242.42M (Peak 298.53M) | Time:00:00.21 | Mem:124.84M, Peak:124.84M | Scene, ViewLayer | Updating Geometry BVH Cube.205 289/681 | Building BVH
Fra:1 Mem:242.42M (Peak 298.53M) | Time:00:00.21 | Mem:124.84M, Peak:124.84M | Scene, ViewLayer | Updating Geometry BVH Cube.205 289/681 | Building mesh BLAS |     188 tris | Cube.205
Fra:1 Mem:242.42M (Peak 298.53M) | Time:00:00.21 | Mem:124.86M, Peak:124.86M | Scene, ViewLayer | Updating Geometry BVH Cube.206 290/681 | Building BVH
Fra:1 Mem:242.42M (Peak 298.53M) | Time:00:00.21 | Mem:124.87M, Peak:124.87M | Scene, ViewLayer | Updating Geometry BVH Cube.206 290/681 | Building mesh BLAS |     188 tris | Cube.206
Fra:1 Mem:242.42M (Peak 298.53M) | Time:00:00.21 | Mem:124.87M, Peak:124.87M | Scene, ViewLayer | Updating Geometry BVH Cube.207 291/681 | Building BVH
Fra:1 Mem:242.42M (Peak 298.53M) | Time:00:00.21 | Mem:124.87M, Peak:124.87M | Scene, ViewLayer | Updating Geometry BVH Cube.207 291/681 | Building mesh BLAS |     188 tris | Cube.207
Fra:1 Mem:242.42M (Peak 298.53M) | Time:00:00.21 | Mem:124.91M, Peak:124.91M | Scene, ViewLayer | Updating Geometry BVH Cube.208 292/681 | Building BVH
Fra:1 Mem:242.42M (Peak 298.53M) | Time:00:00.21 | Mem:124.98M, Peak:124.98M | Scene, ViewLayer | Updating Geometry BVH Cube.208 292/681 | Building mesh BLAS |     188 tris | Cube.208
Fra:1 Mem:242.42M (Peak 298.53M) | Time:00:00.21 | Mem:124.98M, Peak:124.98M | Scene, ViewLayer | Updating Geometry BVH Cube.210 294/681 | Building BVH
Fra:1 Mem:242.42M (Peak 298.53M) | Time:00:00.21 | Mem:124.98M, Peak:124.98M | Scene, ViewLayer | Updating Geometry BVH Cube.210 294/681 | Building mesh BLAS |     188 tris | Cube.210
Fra:1 Mem:242.42M (Peak 298.53M) | Time:00:00.21 | Mem:124.98M, Peak:124.98M | Scene, ViewLayer | Updating Geometry BVH Cube.212 296/681 | Building BVH
Fra:1 Mem:242.42M (Peak 298.53M) | Time:00:00.21 | Mem:124.98M, Peak:124.98M | Scene, ViewLayer | Updating Geometry BVH Cube.212 296/681 | Building mesh BLAS |     188 tris | Cube.209
Fra:1 Mem:242.42M (Peak 298.53M) | Time:00:00.21 | Mem:125.03M, Peak:125.03M | Scene, ViewLayer | Updating Geometry BVH Cube.213 297/681 | Building BVH
Fra:1 Mem:242.42M (Peak 298.53M) | Time:00:00.21 | Mem:125.03M, Peak:125.03M | Scene, ViewLayer | Updating Geometry BVH Cube.213 297/681 | Building mesh BLAS |     188 tris | Cube.211
Fra:1 Mem:242.42M (Peak 298.53M) | Time:00:00.21 | Mem:125.06M, Peak:125.06M | Scene, ViewLayer | Updating Geometry BVH Cube.213 297/681 | Building mesh BLAS |     524 tris | Cube.213
Fra:1 Mem:242.42M (Peak 298.53M) | Time:00:00.21 | Mem:125.08M, Peak:125.08M | Scene, ViewLayer | Updating Geometry BVH Cube.214 298/681 | Building BVH
Fra:1 Mem:242.42M (Peak 298.53M) | Time:00:00.21 | Mem:125.08M, Peak:125.08M | Scene, ViewLayer | Updating Geometry BVH Cube.214 298/681 | Building mesh BLAS |     188 tris | Cube.214
Fra:1 Mem:242.42M (Peak 298.53M) | Time:00:00.21 | Mem:125.08M, Peak:125.08M | Scene, ViewLayer | Updating Geometry BVH Cube.216 300/681 | Building BVH
Fra:1 Mem:242.42M (Peak 298.53M) | Time:00:00.21 | Mem:125.08M, Peak:125.08M | Scene, ViewLayer | Updating Geometry BVH Cube.216 300/681 | Building mesh BLAS |     188 tris | Cube.216
Fra:1 Mem:242.42M (Peak 298.53M) | Time:00:00.21 | Mem:125.08M, Peak:125.08M | Scene, ViewLayer | Updating Geometry BVH Cube.217 301/681 | Building BVH
Fra:1 Mem:242.42M (Peak 298.53M) | Time:00:00.21 | Mem:125.08M, Peak:125.08M | Scene, ViewLayer | Updating Geometry BVH Cube.217 301/681 | Building mesh BLAS |     188 tris | Cube.217
Fra:1 Mem:242.42M (Peak 298.53M) | Time:00:00.21 | Mem:125.08M, Peak:125.08M | Scene, ViewLayer | Updating Geometry BVH Cube.218 302/681 | Building BVH
Fra:1 Mem:242.42M (Peak 298.53M) | Time:00:00.21 | Mem:125.08M, Peak:125.08M | Scene, ViewLayer | Updating Geometry BVH Cube.219 303/681 | Building mesh BLAS |     188 tris | Cube.218
Fra:1 Mem:242.42M (Peak 298.53M) | Time:00:00.21 | Mem:125.08M, Peak:125.08M | Scene, ViewLayer | Updating Geometry BVH Raised standing seam.039 659/681 | Building BVH
Fra:1 Mem:242.42M (Peak 298.53M) | Time:00:00.21 | Mem:125.08M, Peak:125.08M | Scene, ViewLayer | Updating Geometry BVH Raised standing seam.039 659/681 | Building mesh BLAS |    1152 tris | Raised standing seam.039
Fra:1 Mem:242.42M (Peak 298.53M) | Time:00:00.21 | Mem:125.08M, Peak:125.08M | Scene, ViewLayer | Updating Geometry BVH Raised standing seam.039 659/681 | Building mesh BLAS |     188 tris | Cube.219
Fra:1 Mem:242.42M (Peak 298.53M) | Time:00:00.21 | Mem:125.09M, Peak:125.09M | Scene, ViewLayer | Updating Geometry BVH Cube.220 304/681 | Building BVH
Fra:1 Mem:242.42M (Peak 298.53M) | Time:00:00.21 | Mem:125.09M, Peak:125.09M | Scene, ViewLayer | Updating Geometry BVH Cube.221 305/681 | Building BVH
Fra:1 Mem:242.42M (Peak 298.53M) | Time:00:00.21 | Mem:125.09M, Peak:125.09M | Scene, ViewLayer | Updating Geometry BVH Cube.221 305/681 | Building mesh BLAS |     188 tris | Cube.220
Fra:1 Mem:242.42M (Peak 298.53M) | Time:00:00.21 | Mem:125.09M, Peak:125.09M | Scene, ViewLayer | Updating Geometry BVH Cube.221 305/681 | Building mesh BLAS |     188 tris | Cube.221
Fra:1 Mem:242.42M (Peak 298.53M) | Time:00:00.21 | Mem:125.10M, Peak:125.10M | Scene, ViewLayer | Updating Geometry BVH Cube.222 306/681 | Building BVH
Fra:1 Mem:242.42M (Peak 298.53M) | Time:00:00.21 | Mem:125.10M, Peak:125.10M | Scene, ViewLayer | Updating Geometry BVH Cube.223 307/681 | Building BVH
Fra:1 Mem:242.42M (Peak 298.53M) | Time:00:00.21 | Mem:125.10M, Peak:125.10M | Scene, ViewLayer | Updating Geometry BVH Cube.223 307/681 | Building mesh BLAS |     188 tris | Cube.223
Fra:1 Mem:242.42M (Peak 298.53M) | Time:00:00.21 | Mem:125.12M, Peak:125.12M | Scene, ViewLayer | Updating Geometry BVH Cube.224 308/681 | Building BVH
Fra:1 Mem:242.42M (Peak 298.53M) | Time:00:00.21 | Mem:125.12M, Peak:125.12M | Scene, ViewLayer | Updating Geometry BVH Cube.225 309/681 | Building BVH
Fra:1 Mem:242.42M (Peak 298.53M) | Time:00:00.22 | Mem:125.12M, Peak:125.12M | Scene, ViewLayer | Updating Geometry BVH Cube.225 309/681 | Building mesh BLAS |     188 tris | Cube.224
Fra:1 Mem:242.42M (Peak 298.53M) | Time:00:00.22 | Mem:125.12M, Peak:125.12M | Scene, ViewLayer | Updating Geometry BVH Cube.226 310/681 | Building mesh BLAS |     188 tris | Cube.225
Fra:1 Mem:242.42M (Peak 298.53M) | Time:00:00.22 | Mem:125.12M, Peak:125.12M | Scene, ViewLayer | Updating Geometry BVH Cube.226 310/681 | Building mesh BLAS |     380 tris | Cube.226
Fra:1 Mem:242.42M (Peak 298.53M) | Time:00:00.22 | Mem:125.18M, Peak:125.18M | Scene, ViewLayer | Updating Geometry BVH Cube.227 311/681 | Building BVH
Fra:1 Mem:242.42M (Peak 298.53M) | Time:00:00.22 | Mem:125.18M, Peak:125.18M | Scene, ViewLayer | Updating Geometry BVH Cube.227 311/681 | Building mesh BLAS |     188 tris | Cube.227
Fra:1 Mem:242.42M (Peak 298.53M) | Time:00:00.22 | Mem:125.19M, Peak:125.19M | Scene, ViewLayer | Updating Geometry BVH Cube.228 312/681 | Building BVH
Fra:1 Mem:242.42M (Peak 298.53M) | Time:00:00.22 | Mem:125.19M, Peak:125.19M | Scene, ViewLayer | Updating Geometry BVH Cube.228 312/681 | Building mesh BLAS |     188 tris | Cube.228
Fra:1 Mem:242.42M (Peak 298.53M) | Time:00:00.22 | Mem:125.19M, Peak:125.19M | Scene, ViewLayer | Updating Geometry BVH Cube.229 313/681 | Building BVH
Fra:1 Mem:242.42M (Peak 298.53M) | Time:00:00.22 | Mem:125.19M, Peak:125.19M | Scene, ViewLayer | Updating Geometry BVH Cube.229 313/681 | Building mesh BLAS |     188 tris | Cube.229
Fra:1 Mem:242.42M (Peak 298.53M) | Time:00:00.22 | Mem:125.19M, Peak:125.19M | Scene, ViewLayer | Updating Geometry BVH Cube.230 314/681 | Building BVH
Fra:1 Mem:242.42M (Peak 298.53M) | Time:00:00.22 | Mem:125.19M, Peak:125.19M | Scene, ViewLayer | Updating Geometry BVH Cube.231 315/681 | Building BVH
Fra:1 Mem:242.42M (Peak 298.53M) | Time:00:00.22 | Mem:125.19M, Peak:125.19M | Scene, ViewLayer | Updating Geometry BVH Cube.232 316/681 | Building mesh BLAS |     188 tris | Cube.231
Fra:1 Mem:242.42M (Peak 298.53M) | Time:00:00.22 | Mem:125.19M, Peak:125.19M | Scene, ViewLayer | Updating Geometry BVH Cube.232 316/681 | Building mesh BLAS |     188 tris | Cube.232
Fra:1 Mem:242.42M (Peak 298.53M) | Time:00:00.22 | Mem:125.20M, Peak:125.20M | Scene, ViewLayer | Updating Geometry BVH Cube.233 317/681 | Building BVH
Fra:1 Mem:242.42M (Peak 298.53M) | Time:00:00.22 | Mem:125.20M, Peak:125.20M | Scene, ViewLayer | Updating Geometry BVH Cube.233 317/681 | Building mesh BLAS |     188 tris | Cube.233
Fra:1 Mem:242.42M (Peak 298.53M) | Time:00:00.22 | Mem:125.21M, Peak:125.21M | Scene, ViewLayer | Updating Geometry BVH Cube.234 318/681 | Building BVH
Fra:1 Mem:242.42M (Peak 298.53M) | Time:00:00.22 | Mem:125.21M, Peak:125.21M | Scene, ViewLayer | Updating Geometry BVH Raised standing seam.038 658/681 | Building BVH
Fra:1 Mem:242.42M (Peak 298.53M) | Time:00:00.22 | Mem:125.21M, Peak:125.21M | Scene, ViewLayer | Updating Geometry BVH Raised standing seam.038 658/681 | Building mesh BLAS |     188 tris | Cube.234
Fra:1 Mem:242.42M (Peak 298.53M) | Time:00:00.22 | Mem:125.21M, Peak:125.21M | Scene, ViewLayer | Updating Geometry BVH Raised standing seam.038 658/681 | Building mesh BLAS |    1152 tris | Raised standing seam.038
Fra:1 Mem:242.42M (Peak 298.53M) | Time:00:00.22 | Mem:125.21M, Peak:125.21M | Scene, ViewLayer | Updating Geometry BVH Cube.235 319/681 | Building BVH
Fra:1 Mem:242.42M (Peak 298.53M) | Time:00:00.22 | Mem:125.21M, Peak:125.21M | Scene, ViewLayer | Updating Geometry BVH Cube.236 320/681 | Building BVH
Fra:1 Mem:242.42M (Peak 298.53M) | Time:00:00.22 | Mem:125.22M, Peak:125.22M | Scene, ViewLayer | Updating Geometry BVH Cube.237 321/681 | Building BVH
Fra:1 Mem:242.42M (Peak 298.53M) | Time:00:00.22 | Mem:125.22M, Peak:125.22M | Scene, ViewLayer | Updating Geometry BVH Cube.237 321/681 | Building mesh BLAS |     188 tris | Cube.235
Fra:1 Mem:242.42M (Peak 298.53M) | Time:00:00.22 | Mem:125.22M, Peak:125.22M | Scene, ViewLayer | Updating Geometry BVH Cube.237 321/681 | Building mesh BLAS |     188 tris | Cube.237
Fra:1 Mem:242.42M (Peak 298.53M) | Time:00:00.22 | Mem:125.22M, Peak:125.22M | Scene, ViewLayer | Updating Geometry BVH Cube.238 322/681 | Building BVH
Fra:1 Mem:242.42M (Peak 298.53M) | Time:00:00.22 | Mem:125.22M, Peak:125.22M | Scene, ViewLayer | Updating Geometry BVH Cube.238 322/681 | Building mesh BLAS |     188 tris | Cube.238
Fra:1 Mem:242.42M (Peak 298.53M) | Time:00:00.22 | Mem:125.23M, Peak:125.23M | Scene, ViewLayer | Updating Geometry BVH Cube.239 323/681 | Building BVH
Fra:1 Mem:242.42M (Peak 298.53M) | Time:00:00.22 | Mem:125.23M, Peak:125.23M | Scene, ViewLayer | Updating Geometry BVH Cube.239 323/681 | Building mesh BLAS |     188 tris | Cube.239
Fra:1 Mem:242.42M (Peak 298.53M) | Time:00:00.22 | Mem:125.23M, Peak:125.23M | Scene, ViewLayer | Updating Geometry BVH Cube.240 324/681 | Building BVH
Fra:1 Mem:242.42M (Peak 298.53M) | Time:00:00.22 | Mem:125.23M, Peak:125.23M | Scene, ViewLayer | Updating Geometry BVH Cube.240 324/681 | Building mesh BLAS |     188 tris | Cube.240
Fra:1 Mem:242.42M (Peak 298.53M) | Time:00:00.22 | Mem:125.23M, Peak:125.23M | Scene, ViewLayer | Updating Geometry BVH Cube.241 325/681 | Building BVH
Fra:1 Mem:242.42M (Peak 298.53M) | Time:00:00.22 | Mem:125.23M, Peak:125.23M | Scene, ViewLayer | Updating Geometry BVH Cube.242 326/681 | Building BVH
Fra:1 Mem:242.42M (Peak 298.53M) | Time:00:00.22 | Mem:125.23M, Peak:125.23M | Scene, ViewLayer | Updating Geometry BVH Cube.242 326/681 | Building mesh BLAS |     188 tris | Cube.241
Fra:1 Mem:242.42M (Peak 298.53M) | Time:00:00.22 | Mem:125.23M, Peak:125.23M | Scene, ViewLayer | Updating Geometry BVH Cube.243 327/681 | Building BVH
Fra:1 Mem:242.42M (Peak 298.53M) | Time:00:00.22 | Mem:125.23M, Peak:125.23M | Scene, ViewLayer | Updating Geometry BVH Cube.243 327/681 | Building mesh BLAS |     188 tris | Cube.243
Fra:1 Mem:242.42M (Peak 298.53M) | Time:00:00.22 | Mem:125.24M, Peak:125.24M | Scene, ViewLayer | Updating Geometry BVH Cube.244 328/681 | Building BVH
Fra:1 Mem:242.42M (Peak 298.53M) | Time:00:00.22 | Mem:125.25M, Peak:125.25M | Scene, ViewLayer | Updating Geometry BVH Cube.244 328/681 | Building mesh BLAS |     188 tris | Cube.244
Fra:1 Mem:242.42M (Peak 298.53M) | Time:00:00.22 | Mem:125.31M, Peak:125.31M | Scene, ViewLayer | Updating Geometry BVH Cube.245 329/681 | Building BVH
Fra:1 Mem:242.42M (Peak 298.53M) | Time:00:00.22 | Mem:125.31M, Peak:125.31M | Scene, ViewLayer | Updating Geometry BVH Cube.246 330/681 | Building BVH
Fra:1 Mem:242.42M (Peak 298.53M) | Time:00:00.22 | Mem:125.31M, Peak:125.31M | Scene, ViewLayer | Updating Geometry BVH Cube.246 330/681 | Building mesh BLAS |     188 tris | Cube.245
Fra:1 Mem:242.42M (Peak 298.53M) | Time:00:00.22 | Mem:125.31M, Peak:125.31M | Scene, ViewLayer | Updating Geometry BVH Cube.247 331/681 | Building BVH
Fra:1 Mem:242.42M (Peak 298.53M) | Time:00:00.22 | Mem:125.31M, Peak:125.31M | Scene, ViewLayer | Updating Geometry BVH Cube.247 331/681 | Building mesh BLAS |     188 tris | Cube.247
Fra:1 Mem:242.42M (Peak 298.53M) | Time:00:00.22 | Mem:125.31M, Peak:125.31M | Scene, ViewLayer | Updating Geometry BVH Cube.248 332/681 | Building BVH
Fra:1 Mem:242.42M (Peak 298.53M) | Time:00:00.22 | Mem:125.31M, Peak:125.31M | Scene, ViewLayer | Updating Geometry BVH Cube.248 332/681 | Building mesh BLAS |     188 tris | Cube.248
Fra:1 Mem:242.42M (Peak 298.53M) | Time:00:00.22 | Mem:125.31M, Peak:125.31M | Scene, ViewLayer | Updating Geometry BVH Cube.249 333/681 | Building BVH
Fra:1 Mem:242.42M (Peak 298.53M) | Time:00:00.22 | Mem:125.31M, Peak:125.31M | Scene, ViewLayer | Updating Geometry BVH Cube.249 333/681 | Building mesh BLAS |     188 tris | Cube.249
Fra:1 Mem:242.42M (Peak 298.53M) | Time:00:00.22 | Mem:125.32M, Peak:125.32M | Scene, ViewLayer | Updating Geometry BVH Cube.250 334/681 | Building BVH
Fra:1 Mem:242.42M (Peak 298.53M) | Time:00:00.22 | Mem:125.32M, Peak:125.32M | Scene, ViewLayer | Updating Geometry BVH Raised standing seam.037 657/681 | Building BVH
Fra:1 Mem:242.42M (Peak 298.53M) | Time:00:00.22 | Mem:125.32M, Peak:125.32M | Scene, ViewLayer | Updating Geometry BVH Raised standing seam.037 657/681 | Building mesh BLAS |     188 tris | Cube.250
Fra:1 Mem:242.42M (Peak 298.53M) | Time:00:00.22 | Mem:125.32M, Peak:125.32M | Scene, ViewLayer | Updating Geometry BVH Raised standing seam.037 657/681 | Building mesh BLAS |    1152 tris | Raised standing seam.037
Fra:1 Mem:242.42M (Peak 298.53M) | Time:00:00.22 | Mem:125.32M, Peak:125.32M | Scene, ViewLayer | Updating Geometry BVH Cube.251 335/681 | Building BVH
Fra:1 Mem:242.42M (Peak 298.53M) | Time:00:00.22 | Mem:125.32M, Peak:125.32M | Scene, ViewLayer | Updating Geometry BVH Cube.251 335/681 | Building mesh BLAS |     188 tris | Cube.251
Fra:1 Mem:242.42M (Peak 298.53M) | Time:00:00.22 | Mem:125.34M, Peak:125.34M | Scene, ViewLayer | Updating Geometry BVH Cube.252 336/681 | Building BVH
Fra:1 Mem:242.42M (Peak 298.53M) | Time:00:00.22 | Mem:125.34M, Peak:125.34M | Scene, ViewLayer | Updating Geometry BVH Cube.252 336/681 | Building mesh BLAS |     188 tris | Cube.252
Fra:1 Mem:242.42M (Peak 298.53M) | Time:00:00.22 | Mem:125.34M, Peak:125.34M | Scene, ViewLayer | Updating Geometry BVH Cube.254 338/681 | Building BVH
Fra:1 Mem:242.42M (Peak 298.53M) | Time:00:00.22 | Mem:125.35M, Peak:125.35M | Scene, ViewLayer | Updating Geometry BVH Cube.255 339/681 | Building BVH
Fra:1 Mem:242.42M (Peak 298.53M) | Time:00:00.22 | Mem:125.35M, Peak:125.35M | Scene, ViewLayer | Updating Geometry BVH Cube.255 339/681 | Building mesh BLAS |     188 tris | Cube.255
Fra:1 Mem:242.42M (Peak 298.53M) | Time:00:00.22 | Mem:125.35M, Peak:125.35M | Scene, ViewLayer | Updating Geometry BVH Cube.256 340/681 | Building BVH
Fra:1 Mem:242.42M (Peak 298.53M) | Time:00:00.22 | Mem:125.35M, Peak:125.35M | Scene, ViewLayer | Updating Geometry BVH Cube.256 340/681 | Building mesh BLAS |     188 tris | Cube.253
Fra:1 Mem:242.42M (Peak 298.53M) | Time:00:00.22 | Mem:125.35M, Peak:125.35M | Scene, ViewLayer | Updating Geometry BVH Cube.256 340/681 | Building mesh BLAS |     188 tris | Cube.256
Fra:1 Mem:242.42M (Peak 298.53M) | Time:00:00.22 | Mem:125.35M, Peak:125.35M | Scene, ViewLayer | Updating Geometry BVH Cube.257 341/681 | Building BVH
Fra:1 Mem:242.42M (Peak 298.53M) | Time:00:00.22 | Mem:125.35M, Peak:125.35M | Scene, ViewLayer | Updating Geometry BVH Cube.257 341/681 | Building mesh BLAS |     188 tris | Cube.257
Fra:1 Mem:242.42M (Peak 298.53M) | Time:00:00.22 | Mem:125.35M, Peak:125.35M | Scene, ViewLayer | Updating Geometry BVH Cube.258 342/681 | Building BVH
Fra:1 Mem:242.42M (Peak 298.53M) | Time:00:00.22 | Mem:125.35M, Peak:125.35M | Scene, ViewLayer | Updating Geometry BVH Cube.258 342/681 | Building mesh BLAS |     188 tris | Cube.258
Fra:1 Mem:242.42M (Peak 298.53M) | Time:00:00.22 | Mem:125.36M, Peak:125.36M | Scene, ViewLayer | Updating Geometry BVH Cube.259 343/681 | Building BVH
Fra:1 Mem:242.42M (Peak 298.53M) | Time:00:00.22 | Mem:125.36M, Peak:125.36M | Scene, ViewLayer | Updating Geometry BVH Cube.260 344/681 | Building BVH
Fra:1 Mem:242.42M (Peak 298.53M) | Time:00:00.22 | Mem:125.36M, Peak:125.36M | Scene, ViewLayer | Updating Geometry BVH Cube.260 344/681 | Building mesh BLAS |     188 tris | Cube.259
Fra:1 Mem:242.42M (Peak 298.53M) | Time:00:00.22 | Mem:125.36M, Peak:125.36M | Scene, ViewLayer | Updating Geometry BVH Cube.260 344/681 | Building mesh BLAS |     188 tris | Cube.260
Fra:1 Mem:242.42M (Peak 298.53M) | Time:00:00.22 | Mem:125.36M, Peak:125.36M | Scene, ViewLayer | Updating Geometry BVH Cube.261 345/681 | Building BVH
Fra:1 Mem:242.42M (Peak 298.53M) | Time:00:00.22 | Mem:125.36M, Peak:125.36M | Scene, ViewLayer | Updating Geometry BVH Cube.261 345/681 | Building mesh BLAS |     188 tris | Cube.261
Fra:1 Mem:242.42M (Peak 298.53M) | Time:00:00.22 | Mem:125.37M, Peak:125.37M | Scene, ViewLayer | Updating Geometry BVH Cube.262 346/681 | Building BVH
Fra:1 Mem:242.42M (Peak 298.53M) | Time:00:00.22 | Mem:125.37M, Peak:125.37M | Scene, ViewLayer | Updating Geometry BVH Cube.263 347/681 | Building BVH
Fra:1 Mem:242.42M (Peak 298.53M) | Time:00:00.22 | Mem:125.37M, Peak:125.37M | Scene, ViewLayer | Updating Geometry BVH Cube.263 347/681 | Building mesh BLAS |     188 tris | Cube.262
Fra:1 Mem:242.42M (Peak 298.53M) | Time:00:00.22 | Mem:125.37M, Peak:125.37M | Scene, ViewLayer | Updating Geometry BVH Cube.263 347/681 | Building mesh BLAS |     188 tris | Cube.263
Fra:1 Mem:242.42M (Peak 298.53M) | Time:00:00.22 | Mem:125.37M, Peak:125.37M | Scene, ViewLayer | Updating Geometry BVH Cube.264 348/681 | Building BVH
Fra:1 Mem:242.42M (Peak 298.53M) | Time:00:00.22 | Mem:125.37M, Peak:125.37M | Scene, ViewLayer | Updating Geometry BVH Cube.264 348/681 | Building mesh BLAS |     188 tris | Cube.264
Fra:1 Mem:242.42M (Peak 298.53M) | Time:00:00.22 | Mem:125.44M, Peak:125.44M | Scene, ViewLayer | Updating Geometry BVH Cube.265 349/681 | Building BVH
Fra:1 Mem:242.42M (Peak 298.53M) | Time:00:00.22 | Mem:125.44M, Peak:125.44M | Scene, ViewLayer | Updating Geometry BVH Cube.265 349/681 | Building mesh BLAS |     188 tris | Cube.265
Fra:1 Mem:242.42M (Peak 298.53M) | Time:00:00.22 | Mem:125.44M, Peak:125.44M | Scene, ViewLayer | Updating Geometry BVH Cube.266 350/681 | Building BVH
Fra:1 Mem:242.42M (Peak 298.53M) | Time:00:00.22 | Mem:125.44M, Peak:125.44M | Scene, ViewLayer | Updating Geometry BVH Cube.266 350/681 | Building mesh BLAS |     188 tris | Cube.266
Fra:1 Mem:242.42M (Peak 298.53M) | Time:00:00.22 | Mem:125.44M, Peak:125.44M | Scene, ViewLayer | Updating Geometry BVH Cube.267 351/681 | Building BVH
Fra:1 Mem:242.42M (Peak 298.53M) | Time:00:00.22 | Mem:125.44M, Peak:125.44M | Scene, ViewLayer | Updating Geometry BVH Cube.267 351/681 | Building mesh BLAS |     188 tris | Cube.267
Fra:1 Mem:242.42M (Peak 298.53M) | Time:00:00.22 | Mem:125.44M, Peak:125.44M | Scene, ViewLayer | Updating Geometry BVH Raised standing seam.036 656/681 | Building BVH
Fra:1 Mem:242.42M (Peak 298.53M) | Time:00:00.22 | Mem:125.44M, Peak:125.44M | Scene, ViewLayer | Updating Geometry BVH Raised standing seam.036 656/681 | Building mesh BLAS |    1152 tris | Raised standing seam.036
Fra:1 Mem:242.42M (Peak 298.53M) | Time:00:00.22 | Mem:125.44M, Peak:125.44M | Scene, ViewLayer | Updating Geometry BVH Cube.268 352/681 | Building BVH
Fra:1 Mem:242.42M (Peak 298.53M) | Time:00:00.22 | Mem:125.44M, Peak:125.44M | Scene, ViewLayer | Updating Geometry BVH Cube.268 352/681 | Building mesh BLAS |     188 tris | Cube.268
Fra:1 Mem:242.42M (Peak 298.53M) | Time:00:00.22 | Mem:125.47M, Peak:125.47M | Scene, ViewLayer | Updating Geometry BVH Cube.269 353/681 | Building BVH
Fra:1 Mem:242.42M (Peak 298.53M) | Time:00:00.22 | Mem:125.47M, Peak:125.47M | Scene, ViewLayer | Updating Geometry BVH Cube.271 355/681 | Building BVH
Fra:1 Mem:242.42M (Peak 298.53M) | Time:00:00.22 | Mem:125.47M, Peak:125.47M | Scene, ViewLayer | Updating Geometry BVH Cube.271 355/681 | Building mesh BLAS |     188 tris | Cube.269
Fra:1 Mem:242.42M (Peak 298.53M) | Time:00:00.22 | Mem:125.47M, Peak:125.47M | Scene, ViewLayer | Updating Geometry BVH Cube.272 356/681 | Building BVH
Fra:1 Mem:242.42M (Peak 298.53M) | Time:00:00.22 | Mem:125.47M, Peak:125.47M | Scene, ViewLayer | Updating Geometry BVH Cube.272 356/681 | Building mesh BLAS |     188 tris | Cube.270
Fra:1 Mem:242.42M (Peak 298.53M) | Time:00:00.22 | Mem:125.47M, Peak:125.47M | Scene, ViewLayer | Updating Geometry BVH Cube.272 356/681 | Building mesh BLAS |     188 tris | Cube.272
Fra:1 Mem:242.42M (Peak 298.53M) | Time:00:00.22 | Mem:125.47M, Peak:125.47M | Scene, ViewLayer | Updating Geometry BVH Cube.273 357/681 | Building BVH
Fra:1 Mem:242.42M (Peak 298.53M) | Time:00:00.22 | Mem:125.47M, Peak:125.47M | Scene, ViewLayer | Updating Geometry BVH Cube.273 357/681 | Building mesh BLAS |     188 tris | Cube.273
Fra:1 Mem:242.42M (Peak 298.53M) | Time:00:00.22 | Mem:125.49M, Peak:125.49M | Scene, ViewLayer | Updating Geometry BVH Cube.274 358/681 | Building BVH
Fra:1 Mem:242.42M (Peak 298.53M) | Time:00:00.22 | Mem:125.51M, Peak:125.51M | Scene, ViewLayer | Updating Geometry BVH Cube.274 358/681 | Building mesh BLAS |     188 tris | Cube.274
Fra:1 Mem:242.42M (Peak 298.53M) | Time:00:00.22 | Mem:125.52M, Peak:125.52M | Scene, ViewLayer | Updating Geometry BVH Cube.275 359/681 | Building BVH
Fra:1 Mem:242.42M (Peak 298.53M) | Time:00:00.22 | Mem:125.52M, Peak:125.52M | Scene, ViewLayer | Updating Geometry BVH Cube.275 359/681 | Building mesh BLAS |     188 tris | Cube.275
Fra:1 Mem:242.42M (Peak 298.53M) | Time:00:00.22 | Mem:125.52M, Peak:125.52M | Scene, ViewLayer | Updating Geometry BVH Cube.276 360/681 | Building BVH
Fra:1 Mem:242.42M (Peak 298.53M) | Time:00:00.22 | Mem:125.52M, Peak:125.52M | Scene, ViewLayer | Updating Geometry BVH Cube.277 361/681 | Building mesh BLAS |     188 tris | Cube.276
Fra:1 Mem:242.42M (Peak 298.53M) | Time:00:00.22 | Mem:125.52M, Peak:125.52M | Scene, ViewLayer | Updating Geometry BVH Cube.277 361/681 | Building mesh BLAS |     188 tris | Cube.277
Fra:1 Mem:242.42M (Peak 298.53M) | Time:00:00.22 | Mem:125.52M, Peak:125.52M | Scene, ViewLayer | Updating Geometry BVH Cylinder.082 362/681 | Building BVH
Fra:1 Mem:242.42M (Peak 298.53M) | Time:00:00.22 | Mem:125.52M, Peak:125.52M | Scene, ViewLayer | Updating Geometry BVH Cylinder.082 362/681 | Building mesh BLAS |      60 tris | Cylinder.082
Fra:1 Mem:242.42M (Peak 298.53M) | Time:00:00.22 | Mem:125.54M, Peak:125.54M | Scene, ViewLayer | Updating Geometry BVH Sphere.001 363/681 | Building BVH
Fra:1 Mem:242.42M (Peak 298.53M) | Time:00:00.22 | Mem:125.54M, Peak:125.54M | Scene, ViewLayer | Updating Geometry BVH Cube.278 364/681 | Building BVH
Fra:1 Mem:242.42M (Peak 298.53M) | Time:00:00.22 | Mem:125.54M, Peak:125.54M | Scene, ViewLayer | Updating Geometry BVH Cube.278 364/681 | Building mesh BLAS |     528 tris | Sphere.001
Fra:1 Mem:242.42M (Peak 298.53M) | Time:00:00.22 | Mem:125.54M, Peak:125.54M | Scene, ViewLayer | Updating Geometry BVH Cube.278 364/681 | Building mesh BLAS |     188 tris | Cube.278
Fra:1 Mem:242.42M (Peak 298.53M) | Time:00:00.22 | Mem:125.55M, Peak:125.55M | Scene, ViewLayer | Updating Geometry BVH Cube.279 365/681 | Building BVH
Fra:1 Mem:242.42M (Peak 298.53M) | Time:00:00.22 | Mem:125.62M, Peak:125.62M | Scene, ViewLayer | Updating Geometry BVH Cube.279 365/681 | Building mesh BLAS |     188 tris | Cube.279
Fra:1 Mem:242.42M (Peak 298.53M) | Time:00:00.22 | Mem:125.64M, Peak:125.64M | Scene, ViewLayer | Updating Geometry BVH Cube.280 366/681 | Building BVH
Fra:1 Mem:242.42M (Peak 298.53M) | Time:00:00.22 | Mem:125.65M, Peak:125.65M | Scene, ViewLayer | Updating Geometry BVH Cube.280 366/681 | Building mesh BLAS |     188 tris | Cube.280
Fra:1 Mem:242.42M (Peak 298.53M) | Time:00:00.22 | Mem:125.65M, Peak:125.65M | Scene, ViewLayer | Updating Geometry BVH Cube.281 367/681 | Building BVH
Fra:1 Mem:242.42M (Peak 298.53M) | Time:00:00.22 | Mem:125.65M, Peak:125.65M | Scene, ViewLayer | Updating Geometry BVH Cube.281 367/681 | Building mesh BLAS |     188 tris | Cube.281
Fra:1 Mem:242.42M (Peak 298.53M) | Time:00:00.22 | Mem:125.65M, Peak:125.65M | Scene, ViewLayer | Updating Geometry BVH Cube.282 368/681 | Building BVH
Fra:1 Mem:242.42M (Peak 298.53M) | Time:00:00.22 | Mem:125.65M, Peak:125.65M | Scene, ViewLayer | Updating Geometry BVH Cube.282 368/681 | Building mesh BLAS |     188 tris | Cube.282
Fra:1 Mem:242.42M (Peak 298.53M) | Time:00:00.22 | Mem:125.65M, Peak:125.65M | Scene, ViewLayer | Updating Geometry BVH Raised standing seam.035 655/681 | Building BVH
Fra:1 Mem:242.42M (Peak 298.53M) | Time:00:00.22 | Mem:125.65M, Peak:125.65M | Scene, ViewLayer | Updating Geometry BVH Raised standing seam.035 655/681 | Building mesh BLAS |    1152 tris | Raised standing seam.035
Fra:1 Mem:242.42M (Peak 298.53M) | Time:00:00.22 | Mem:125.65M, Peak:125.65M | Scene, ViewLayer | Updating Geometry BVH Cube.283 369/681 | Building BVH
Fra:1 Mem:242.42M (Peak 298.53M) | Time:00:00.22 | Mem:125.66M, Peak:125.66M | Scene, ViewLayer | Updating Geometry BVH Cube.283 369/681 | Building mesh BLAS |     188 tris | Cube.283
Fra:1 Mem:242.42M (Peak 298.53M) | Time:00:00.22 | Mem:125.67M, Peak:125.67M | Scene, ViewLayer | Updating Geometry BVH Cube.284 370/681 | Building BVH
Fra:1 Mem:242.42M (Peak 298.53M) | Time:00:00.22 | Mem:125.67M, Peak:125.67M | Scene, ViewLayer | Updating Geometry BVH Cube.284 370/681 | Building mesh BLAS |     188 tris | Cube.284
Fra:1 Mem:242.42M (Peak 298.53M) | Time:00:00.22 | Mem:125.67M, Peak:125.67M | Scene, ViewLayer | Updating Geometry BVH Cube.285 371/681 | Building BVH
Fra:1 Mem:242.42M (Peak 298.53M) | Time:00:00.22 | Mem:125.69M, Peak:125.69M | Scene, ViewLayer | Updating Geometry BVH Cube.285 371/681 | Building mesh BLAS |     188 tris | Cube.285
Fra:1 Mem:242.42M (Peak 298.53M) | Time:00:00.22 | Mem:125.70M, Peak:125.70M | Scene, ViewLayer | Updating Geometry BVH Cube.286 372/681 | Building BVH
Fra:1 Mem:242.42M (Peak 298.53M) | Time:00:00.22 | Mem:125.70M, Peak:125.70M | Scene, ViewLayer | Updating Geometry BVH Cube.286 372/681 | Building mesh BLAS |     188 tris | Cube.286
Fra:1 Mem:242.42M (Peak 298.53M) | Time:00:00.22 | Mem:125.70M, Peak:125.70M | Scene, ViewLayer | Updating Geometry BVH Cube.287 373/681 | Building BVH
Fra:1 Mem:242.42M (Peak 298.53M) | Time:00:00.22 | Mem:125.70M, Peak:125.70M | Scene, ViewLayer | Updating Geometry BVH Cube.288 374/681 | Building mesh BLAS |     188 tris | Cube.287
Fra:1 Mem:242.42M (Peak 298.53M) | Time:00:00.22 | Mem:125.70M, Peak:125.70M | Scene, ViewLayer | Updating Geometry BVH Cube.288 374/681 | Building mesh BLAS |     188 tris | Cube.288
Fra:1 Mem:242.42M (Peak 298.53M) | Time:00:00.22 | Mem:125.71M, Peak:125.71M | Scene, ViewLayer | Updating Geometry BVH Cube.289 375/681 | Building BVH
Fra:1 Mem:242.42M (Peak 298.53M) | Time:00:00.22 | Mem:125.71M, Peak:125.71M | Scene, ViewLayer | Updating Geometry BVH Cube.289 375/681 | Building mesh BLAS |     188 tris | Cube.289
Fra:1 Mem:242.42M (Peak 298.53M) | Time:00:00.22 | Mem:125.72M, Peak:125.72M | Scene, ViewLayer | Updating Geometry BVH Cube.290 376/681 | Building BVH
Fra:1 Mem:242.42M (Peak 298.53M) | Time:00:00.22 | Mem:125.74M, Peak:125.74M | Scene, ViewLayer | Updating Geometry BVH Cube.290 376/681 | Building mesh BLAS |     188 tris | Cube.290
Fra:1 Mem:242.42M (Peak 298.53M) | Time:00:00.22 | Mem:125.74M, Peak:125.74M | Scene, ViewLayer | Updating Geometry BVH Cube.292 378/681 | Building BVH
Fra:1 Mem:242.42M (Peak 298.53M) | Time:00:00.22 | Mem:125.74M, Peak:125.74M | Scene, ViewLayer | Updating Geometry BVH Cube.291 377/681 | Building mesh BLAS |     188 tris | Cube.292
Fra:1 Mem:242.42M (Peak 298.53M) | Time:00:00.22 | Mem:125.74M, Peak:125.74M | Scene, ViewLayer | Updating Geometry BVH Cube.291 377/681 | Building mesh BLAS |     188 tris | Cube.291
Fra:1 Mem:242.42M (Peak 298.53M) | Time:00:00.22 | Mem:125.76M, Peak:125.76M | Scene, ViewLayer | Updating Geometry BVH Cube.293 379/681 | Building BVH
Fra:1 Mem:242.42M (Peak 298.53M) | Time:00:00.22 | Mem:125.76M, Peak:125.76M | Scene, ViewLayer | Updating Geometry BVH Cube.293 379/681 | Building mesh BLAS |     188 tris | Cube.293
Fra:1 Mem:242.42M (Peak 298.53M) | Time:00:00.22 | Mem:125.76M, Peak:125.76M | Scene, ViewLayer | Updating Geometry BVH Cube.294 380/681 | Building BVH
Fra:1 Mem:242.42M (Peak 298.53M) | Time:00:00.22 | Mem:125.76M, Peak:125.76M | Scene, ViewLayer | Updating Geometry BVH Cube.295 381/681 | Building BVH
Fra:1 Mem:242.42M (Peak 298.53M) | Time:00:00.22 | Mem:125.76M, Peak:125.76M | Scene, ViewLayer | Updating Geometry BVH Cube.295 381/681 | Building mesh BLAS |     188 tris | Cube.295
Fra:1 Mem:242.42M (Peak 298.53M) | Time:00:00.22 | Mem:125.85M, Peak:125.85M | Scene, ViewLayer | Updating Geometry BVH Cube.296 382/681 | Building BVH
Fra:1 Mem:242.42M (Peak 298.53M) | Time:00:00.22 | Mem:125.86M, Peak:125.86M | Scene, ViewLayer | Updating Geometry BVH Cube.296 382/681 | Building mesh BLAS |     188 tris | Cube.296
Fra:1 Mem:242.42M (Peak 298.53M) | Time:00:00.22 | Mem:125.86M, Peak:125.86M | Scene, ViewLayer | Updating Geometry BVH Cube.297 383/681 | Building BVH
Fra:1 Mem:242.42M (Peak 298.53M) | Time:00:00.22 | Mem:125.86M, Peak:125.86M | Scene, ViewLayer | Updating Geometry BVH Cube.298 384/681 | Building BVH
Fra:1 Mem:242.42M (Peak 298.53M) | Time:00:00.22 | Mem:125.86M, Peak:125.86M | Scene, ViewLayer | Updating Geometry BVH Cube.299 385/681 | Building BVH
Fra:1 Mem:242.42M (Peak 298.53M) | Time:00:00.22 | Mem:125.86M, Peak:125.86M | Scene, ViewLayer | Updating Geometry BVH Cube.299 385/681 | Building mesh BLAS |     188 tris | Cube.298
Fra:1 Mem:242.42M (Peak 298.53M) | Time:00:00.22 | Mem:125.86M, Peak:125.86M | Scene, ViewLayer | Updating Geometry BVH Cube.299 385/681 | Building mesh BLAS |     188 tris | Cube.299
Fra:1 Mem:242.42M (Peak 298.53M) | Time:00:00.22 | Mem:125.86M, Peak:125.86M | Scene, ViewLayer | Updating Geometry BVH Raised standing seam.034 654/681 | Building BVH
Fra:1 Mem:242.42M (Peak 298.53M) | Time:00:00.22 | Mem:125.88M, Peak:125.88M | Scene, ViewLayer | Updating Geometry BVH Raised standing seam.034 654/681 | Building mesh BLAS |    1152 tris | Raised standing seam.034
Fra:1 Mem:242.42M (Peak 298.53M) | Time:00:00.22 | Mem:125.88M, Peak:125.88M | Scene, ViewLayer | Updating Geometry BVH Cube.300 386/681 | Building BVH
Fra:1 Mem:242.42M (Peak 298.53M) | Time:00:00.22 | Mem:125.88M, Peak:125.88M | Scene, ViewLayer | Updating Geometry BVH Cube.300 386/681 | Building mesh BLAS |     188 tris | Cube.300
Fra:1 Mem:242.42M (Peak 298.53M) | Time:00:00.22 | Mem:125.89M, Peak:125.89M | Scene, ViewLayer | Updating Geometry BVH Cube.301 387/681 | Building BVH
Fra:1 Mem:242.42M (Peak 298.53M) | Time:00:00.22 | Mem:125.89M, Peak:125.89M | Scene, ViewLayer | Updating Geometry BVH Cube.301 387/681 | Building mesh BLAS |     188 tris | Cube.301
Fra:1 Mem:242.42M (Peak 298.53M) | Time:00:00.22 | Mem:125.94M, Peak:125.94M | Scene, ViewLayer | Updating Geometry BVH Cube.302 388/681 | Building BVH
Fra:1 Mem:242.42M (Peak 298.53M) | Time:00:00.22 | Mem:125.94M, Peak:125.94M | Scene, ViewLayer | Updating Geometry BVH Cube.302 388/681 | Building mesh BLAS |     188 tris | Cube.302
Fra:1 Mem:242.42M (Peak 298.53M) | Time:00:00.22 | Mem:125.94M, Peak:125.94M | Scene, ViewLayer | Updating Geometry BVH Cube.303 389/681 | Building BVH
Fra:1 Mem:242.42M (Peak 298.53M) | Time:00:00.22 | Mem:125.94M, Peak:125.94M | Scene, ViewLayer | Updating Geometry BVH Cube.303 389/681 | Building mesh BLAS |     188 tris | Cube.303
Fra:1 Mem:242.42M (Peak 298.53M) | Time:00:00.22 | Mem:125.98M, Peak:125.98M | Scene, ViewLayer | Updating Geometry BVH Cube.304 390/681 | Building BVH
Fra:1 Mem:242.42M (Peak 298.53M) | Time:00:00.22 | Mem:125.98M, Peak:125.98M | Scene, ViewLayer | Updating Geometry BVH Cube.305 391/681 | Building BVH
Fra:1 Mem:242.42M (Peak 298.53M) | Time:00:00.22 | Mem:125.98M, Peak:125.98M | Scene, ViewLayer | Updating Geometry BVH Cube.305 391/681 | Building mesh BLAS |     188 tris | Cube.304
Fra:1 Mem:242.42M (Peak 298.53M) | Time:00:00.22 | Mem:125.98M, Peak:125.98M | Scene, ViewLayer | Updating Geometry BVH Cube.305 391/681 | Building mesh BLAS |     188 tris | Cube.305
Fra:1 Mem:242.42M (Peak 298.53M) | Time:00:00.22 | Mem:126.01M, Peak:126.01M | Scene, ViewLayer | Updating Geometry BVH Cube.306 392/681 | Building BVH
Fra:1 Mem:242.42M (Peak 298.53M) | Time:00:00.22 | Mem:126.01M, Peak:126.01M | Scene, ViewLayer | Updating Geometry BVH Cube.306 392/681 | Building mesh BLAS |     188 tris | Cube.306
Fra:1 Mem:242.42M (Peak 298.53M) | Time:00:00.22 | Mem:126.01M, Peak:126.01M | Scene, ViewLayer | Updating Geometry BVH Cube.307 393/681 | Building BVH
Fra:1 Mem:242.42M (Peak 298.53M) | Time:00:00.22 | Mem:126.01M, Peak:126.01M | Scene, ViewLayer | Updating Geometry BVH Cube.307 393/681 | Building mesh BLAS |     188 tris | Cube.307
Fra:1 Mem:242.42M (Peak 298.53M) | Time:00:00.22 | Mem:126.05M, Peak:126.05M | Scene, ViewLayer | Updating Geometry BVH Cylinder.083 394/681 | Building BVH
Fra:1 Mem:242.42M (Peak 298.53M) | Time:00:00.22 | Mem:126.05M, Peak:126.05M | Scene, ViewLayer | Updating Geometry BVH Sphere.002 395/681 | Building BVH
Fra:1 Mem:242.42M (Peak 298.53M) | Time:00:00.22 | Mem:126.11M, Peak:126.11M | Scene, ViewLayer | Updating Geometry BVH Sphere.002 395/681 | Building mesh BLAS |      60 tris | Cylinder.083
Fra:1 Mem:242.42M (Peak 298.53M) | Time:00:00.22 | Mem:126.11M, Peak:126.11M | Scene, ViewLayer | Updating Geometry BVH Sphere.002 395/681 | Building mesh BLAS |     528 tris | Sphere.002
Fra:1 Mem:242.42M (Peak 298.53M) | Time:00:00.22 | Mem:126.12M, Peak:126.12M | Scene, ViewLayer | Updating Geometry BVH Cube.308 396/681 | Building BVH
Fra:1 Mem:242.42M (Peak 298.53M) | Time:00:00.22 | Mem:126.13M, Peak:126.13M | Scene, ViewLayer | Updating Geometry BVH Cube.308 396/681 | Building mesh BLAS |     188 tris | Cube.308
Fra:1 Mem:242.42M (Peak 298.53M) | Time:00:00.22 | Mem:126.13M, Peak:126.13M | Scene, ViewLayer | Updating Geometry BVH Cube.309 397/681 | Building BVH
Fra:1 Mem:242.42M (Peak 298.53M) | Time:00:00.22 | Mem:126.13M, Peak:126.13M | Scene, ViewLayer | Updating Geometry BVH Cube.309 397/681 | Building mesh BLAS |     188 tris | Cube.309
Fra:1 Mem:242.42M (Peak 298.53M) | Time:00:00.22 | Mem:126.13M, Peak:126.13M | Scene, ViewLayer | Updating Geometry BVH Cube.310 398/681 | Building BVH
Fra:1 Mem:242.42M (Peak 298.53M) | Time:00:00.22 | Mem:126.13M, Peak:126.13M | Scene, ViewLayer | Updating Geometry BVH Cube.310 398/681 | Building mesh BLAS |     188 tris | Cube.310
Fra:1 Mem:242.42M (Peak 298.53M) | Time:00:00.22 | Mem:126.14M, Peak:126.14M | Scene, ViewLayer | Updating Geometry BVH Cube.311 399/681 | Building BVH
Fra:1 Mem:242.42M (Peak 298.53M) | Time:00:00.22 | Mem:126.16M, Peak:126.16M | Scene, ViewLayer | Updating Geometry BVH Cube.311 399/681 | Building mesh BLAS |     188 tris | Cube.311
Fra:1 Mem:242.42M (Peak 298.53M) | Time:00:00.22 | Mem:126.17M, Peak:126.17M | Scene, ViewLayer | Updating Geometry BVH Cube.312 400/681 | Building BVH
Fra:1 Mem:242.42M (Peak 298.53M) | Time:00:00.22 | Mem:126.17M, Peak:126.17M | Scene, ViewLayer | Updating Geometry BVH Cube.313 401/681 | Building BVH
Fra:1 Mem:242.42M (Peak 298.53M) | Time:00:00.22 | Mem:126.17M, Peak:126.17M | Scene, ViewLayer | Updating Geometry BVH Cube.313 401/681 | Building mesh BLAS |     188 tris | Cube.312
Fra:1 Mem:242.42M (Peak 298.53M) | Time:00:00.22 | Mem:126.17M, Peak:126.17M | Scene, ViewLayer | Updating Geometry BVH Cube.314 402/681 | Building mesh BLAS |     188 tris | Cube.313
Fra:1 Mem:242.42M (Peak 298.53M) | Time:00:00.22 | Mem:126.17M, Peak:126.17M | Scene, ViewLayer | Updating Geometry BVH Cube.314 402/681 | Building mesh BLAS |     188 tris | Cube.314
Fra:1 Mem:242.42M (Peak 298.53M) | Time:00:00.22 | Mem:126.21M, Peak:126.21M | Scene, ViewLayer | Updating Geometry BVH Raised standing seam.033 653/681 | Building BVH
Fra:1 Mem:242.42M (Peak 298.53M) | Time:00:00.22 | Mem:126.22M, Peak:126.22M | Scene, ViewLayer | Updating Geometry BVH Cube.315 403/681 | Building BVH
Fra:1 Mem:242.42M (Peak 298.53M) | Time:00:00.22 | Mem:126.23M, Peak:126.23M | Scene, ViewLayer | Updating Geometry BVH Cube.315 403/681 | Building mesh BLAS |    1152 tris | Raised standing seam.033
Fra:1 Mem:242.42M (Peak 298.53M) | Time:00:00.22 | Mem:126.23M, Peak:126.23M | Scene, ViewLayer | Updating Geometry BVH Cube.316 404/681 | Building BVH
Fra:1 Mem:242.42M (Peak 298.53M) | Time:00:00.22 | Mem:126.23M, Peak:126.23M | Scene, ViewLayer | Updating Geometry BVH Cube.316 404/681 | Building mesh BLAS |     188 tris | Cube.316
Fra:1 Mem:242.42M (Peak 298.53M) | Time:00:00.22 | Mem:126.24M, Peak:126.24M | Scene, ViewLayer | Updating Geometry BVH Cube.317 405/681 | Building BVH
Fra:1 Mem:242.42M (Peak 298.53M) | Time:00:00.22 | Mem:126.25M, Peak:126.25M | Scene, ViewLayer | Updating Geometry BVH Cube.318 406/681 | Building BVH
Fra:1 Mem:242.42M (Peak 298.53M) | Time:00:00.22 | Mem:126.27M, Peak:126.27M | Scene, ViewLayer | Updating Geometry BVH Cube.320 408/681 | Building BVH
Fra:1 Mem:242.42M (Peak 298.53M) | Time:00:00.22 | Mem:126.27M, Peak:126.27M | Scene, ViewLayer | Updating Geometry BVH Cube.320 408/681 | Building mesh BLAS |     188 tris | Cube.318
Fra:1 Mem:242.42M (Peak 298.53M) | Time:00:00.22 | Mem:126.27M, Peak:126.27M | Scene, ViewLayer | Updating Geometry BVH Cube.320 408/681 | Building mesh BLAS |     188 tris | Cube.320
Fra:1 Mem:242.42M (Peak 298.53M) | Time:00:00.22 | Mem:126.27M, Peak:126.27M | Scene, ViewLayer | Updating Geometry BVH Cube.320 408/681 | Building mesh BLAS |     188 tris | Cube.319
Fra:1 Mem:242.42M (Peak 298.53M) | Time:00:00.22 | Mem:126.34M, Peak:126.34M | Scene, ViewLayer | Updating Geometry BVH Cube.321 409/681 | Building BVH
Fra:1 Mem:242.42M (Peak 298.53M) | Time:00:00.22 | Mem:126.34M, Peak:126.34M | Scene, ViewLayer | Updating Geometry BVH Cube.321 409/681 | Building mesh BLAS |     188 tris | Cube.321
Fra:1 Mem:242.42M (Peak 298.53M) | Time:00:00.22 | Mem:126.35M, Peak:126.35M | Scene, ViewLayer | Updating Geometry BVH Cube.322 410/681 | Building BVH
Fra:1 Mem:242.42M (Peak 298.53M) | Time:00:00.22 | Mem:126.35M, Peak:126.35M | Scene, ViewLayer | Updating Geometry BVH Cube.322 410/681 | Building mesh BLAS |     188 tris | Cube.322
Fra:1 Mem:242.42M (Peak 298.53M) | Time:00:00.22 | Mem:126.35M, Peak:126.35M | Scene, ViewLayer | Updating Geometry BVH Cube.323 411/681 | Building BVH
Fra:1 Mem:242.42M (Peak 298.53M) | Time:00:00.22 | Mem:126.36M, Peak:126.36M | Scene, ViewLayer | Updating Geometry BVH Cube.323 411/681 | Building mesh BLAS |     188 tris | Cube.323
Fra:1 Mem:242.42M (Peak 298.53M) | Time:00:00.22 | Mem:126.36M, Peak:126.36M | Scene, ViewLayer | Updating Geometry BVH Cube.324 412/681 | Building BVH
Fra:1 Mem:242.42M (Peak 298.53M) | Time:00:00.22 | Mem:126.37M, Peak:126.37M | Scene, ViewLayer | Updating Geometry BVH Cube.326 414/681 | Building BVH
Fra:1 Mem:242.42M (Peak 298.53M) | Time:00:00.22 | Mem:126.38M, Peak:126.38M | Scene, ViewLayer | Updating Geometry BVH Cube.327 415/681 | Building BVH
Fra:1 Mem:242.42M (Peak 298.53M) | Time:00:00.22 | Mem:126.38M, Peak:126.38M | Scene, ViewLayer | Updating Geometry BVH Cube.327 415/681 | Building mesh BLAS |     188 tris | Cube.326
Fra:1 Mem:242.42M (Peak 298.53M) | Time:00:00.22 | Mem:126.39M, Peak:126.39M | Scene, ViewLayer | Updating Geometry BVH Cube.327 415/681 | Building mesh BLAS |     188 tris | Cube.327
Fra:1 Mem:242.42M (Peak 298.53M) | Time:00:00.22 | Mem:126.40M, Peak:126.40M | Scene, ViewLayer | Updating Geometry BVH Cube.327 415/681 | Building mesh BLAS |     188 tris | Cube.325
Fra:1 Mem:242.42M (Peak 298.53M) | Time:00:00.22 | Mem:126.40M, Peak:126.40M | Scene, ViewLayer | Updating Geometry BVH Cube.328 416/681 | Building BVH
Fra:1 Mem:242.42M (Peak 298.53M) | Time:00:00.22 | Mem:126.40M, Peak:126.40M | Scene, ViewLayer | Updating Geometry BVH Cube.328 416/681 | Building mesh BLAS |     188 tris | Cube.328
Fra:1 Mem:242.42M (Peak 298.53M) | Time:00:00.22 | Mem:126.40M, Peak:126.40M | Scene, ViewLayer | Updating Geometry BVH Cube.329 417/681 | Building BVH
Fra:1 Mem:242.42M (Peak 298.53M) | Time:00:00.22 | Mem:126.40M, Peak:126.40M | Scene, ViewLayer | Updating Geometry BVH Cube.330 418/681 | Building BVH
Fra:1 Mem:242.42M (Peak 298.53M) | Time:00:00.22 | Mem:126.41M, Peak:126.41M | Scene, ViewLayer | Updating Geometry BVH Cube.330 418/681 | Building mesh BLAS |     188 tris | Cube.329
Fra:1 Mem:242.42M (Peak 298.53M) | Time:00:00.22 | Mem:126.41M, Peak:126.41M | Scene, ViewLayer | Updating Geometry BVH Cube.330 418/681 | Building mesh BLAS |     188 tris | Cube.330
Fra:1 Mem:242.42M (Peak 298.53M) | Time:00:00.22 | Mem:126.43M, Peak:126.43M | Scene, ViewLayer | Updating Geometry BVH Cube.331 419/681 | Building BVH
Fra:1 Mem:242.42M (Peak 298.53M) | Time:00:00.22 | Mem:126.43M, Peak:126.43M | Scene, ViewLayer | Updating Geometry BVH Cube.331 419/681 | Building mesh BLAS |     188 tris | Cube.331
Fra:1 Mem:242.42M (Peak 298.53M) | Time:00:00.22 | Mem:126.44M, Peak:126.44M | Scene, ViewLayer | Updating Geometry BVH Raised standing seam.032 652/681 | Building BVH
Fra:1 Mem:242.42M (Peak 298.53M) | Time:00:00.22 | Mem:126.45M, Peak:126.45M | Scene, ViewLayer | Updating Geometry BVH Raised standing seam.032 652/681 | Building mesh BLAS |    1152 tris | Raised standing seam.032
Fra:1 Mem:242.42M (Peak 298.53M) | Time:00:00.22 | Mem:126.45M, Peak:126.45M | Scene, ViewLayer | Updating Geometry BVH Cube.332 420/681 | Building BVH
Fra:1 Mem:242.42M (Peak 298.53M) | Time:00:00.22 | Mem:126.45M, Peak:126.45M | Scene, ViewLayer | Updating Geometry BVH Cube.332 420/681 | Building mesh BLAS |     188 tris | Cube.332
Fra:1 Mem:242.42M (Peak 298.53M) | Time:00:00.22 | Mem:126.45M, Peak:126.45M | Scene, ViewLayer | Updating Geometry BVH Cube.333 421/681 | Building BVH
Fra:1 Mem:242.42M (Peak 298.53M) | Time:00:00.22 | Mem:126.45M, Peak:126.45M | Scene, ViewLayer | Updating Geometry BVH Cube.333 421/681 | Building mesh BLAS |     188 tris | Cube.333
Fra:1 Mem:242.42M (Peak 298.53M) | Time:00:00.22 | Mem:126.48M, Peak:126.48M | Scene, ViewLayer | Updating Geometry BVH Cube.334 422/681 | Building BVH
Fra:1 Mem:242.42M (Peak 298.53M) | Time:00:00.22 | Mem:126.48M, Peak:126.48M | Scene, ViewLayer | Updating Geometry BVH Cube.334 422/681 | Building mesh BLAS |     188 tris | Cube.334
Fra:1 Mem:242.42M (Peak 298.53M) | Time:00:00.22 | Mem:126.48M, Peak:126.48M | Scene, ViewLayer | Updating Geometry BVH Cube.335 423/681 | Building BVH
Fra:1 Mem:242.42M (Peak 298.53M) | Time:00:00.22 | Mem:126.48M, Peak:126.48M | Scene, ViewLayer | Updating Geometry BVH Cube.336 424/681 | Building BVH
Fra:1 Mem:242.42M (Peak 298.53M) | Time:00:00.22 | Mem:126.48M, Peak:126.48M | Scene, ViewLayer | Updating Geometry BVH Cube.336 424/681 | Building mesh BLAS |     188 tris | Cube.335
Fra:1 Mem:242.42M (Peak 298.53M) | Time:00:00.22 | Mem:126.48M, Peak:126.48M | Scene, ViewLayer | Updating Geometry BVH Cube.336 424/681 | Building mesh BLAS |     188 tris | Cube.336
Fra:1 Mem:242.42M (Peak 298.53M) | Time:00:00.22 | Mem:126.50M, Peak:126.50M | Scene, ViewLayer | Updating Geometry BVH Cube.337 425/681 | Building BVH
Fra:1 Mem:242.42M (Peak 298.53M) | Time:00:00.22 | Mem:126.50M, Peak:126.50M | Scene, ViewLayer | Updating Geometry BVH Cube.337 425/681 | Building mesh BLAS |     188 tris | Cube.337
Fra:1 Mem:242.42M (Peak 298.53M) | Time:00:00.22 | Mem:126.57M, Peak:126.57M | Scene, ViewLayer | Updating Geometry BVH Cube.338 426/681 | Building BVH
Fra:1 Mem:242.42M (Peak 298.53M) | Time:00:00.22 | Mem:126.57M, Peak:126.57M | Scene, ViewLayer | Updating Geometry BVH Cube.338 426/681 | Building mesh BLAS |     188 tris | Cube.338
Fra:1 Mem:242.42M (Peak 298.53M) | Time:00:00.22 | Mem:126.59M, Peak:126.59M | Scene, ViewLayer | Updating Geometry BVH Cube.339 427/681 | Building BVH
Fra:1 Mem:242.42M (Peak 298.53M) | Time:00:00.22 | Mem:126.59M, Peak:126.59M | Scene, ViewLayer | Updating Geometry BVH Cube.339 427/681 | Building mesh BLAS |     188 tris | Cube.339
Fra:1 Mem:242.42M (Peak 298.53M) | Time:00:00.22 | Mem:126.59M, Peak:126.59M | Scene, ViewLayer | Updating Geometry BVH Cube.340 428/681 | Building BVH
Fra:1 Mem:242.42M (Peak 298.53M) | Time:00:00.22 | Mem:126.59M, Peak:126.59M | Scene, ViewLayer | Updating Geometry BVH Cube.340 428/681 | Building mesh BLAS |     188 tris | Cube.340
Fra:1 Mem:242.42M (Peak 298.53M) | Time:00:00.22 | Mem:126.61M, Peak:126.61M | Scene, ViewLayer | Updating Geometry BVH Cube.341 429/681 | Building BVH
Fra:1 Mem:242.42M (Peak 298.53M) | Time:00:00.22 | Mem:126.61M, Peak:126.61M | Scene, ViewLayer | Updating Geometry BVH Cube.341 429/681 | Building mesh BLAS |     188 tris | Cube.341
Fra:1 Mem:242.42M (Peak 298.53M) | Time:00:00.22 | Mem:126.62M, Peak:126.62M | Scene, ViewLayer | Updating Geometry BVH Cube.342 430/681 | Building BVH
Fra:1 Mem:242.42M (Peak 298.53M) | Time:00:00.22 | Mem:126.62M, Peak:126.62M | Scene, ViewLayer | Updating Geometry BVH Great tower lower portal voussoir 433/681 | Building BVH
Fra:1 Mem:242.42M (Peak 298.53M) | Time:00:00.22 | Mem:126.62M, Peak:126.62M | Scene, ViewLayer | Updating Geometry BVH Great tower lower portal arch 432/681 | Building mesh BLAS |     188 tris | Cube.342
Fra:1 Mem:242.42M (Peak 298.53M) | Time:00:00.22 | Mem:126.62M, Peak:126.62M | Scene, ViewLayer | Updating Geometry BVH Great tower lower portal arch 432/681 | Building mesh BLAS |     188 tris | Great tower lower portal voussoir
Fra:1 Mem:242.42M (Peak 298.53M) | Time:00:00.22 | Mem:126.62M, Peak:126.62M | Scene, ViewLayer | Updating Geometry BVH Great tower lower portal arch 432/681 | Building mesh BLAS |    1692 tris | Great tower lower portal arch
Fra:1 Mem:242.42M (Peak 298.53M) | Time:00:00.22 | Mem:126.62M, Peak:126.62M | Scene, ViewLayer | Updating Geometry BVH Refracting sea | displaced surface and enclosed volume 431/681 | Building BVH
Fra:1 Mem:242.42M (Peak 298.53M) | Time:00:00.22 | Mem:126.64M, Peak:126.64M | Scene, ViewLayer | Updating Geometry BVH Great tower lower portal voussoir.001 434/681 | Building BVH
Fra:1 Mem:242.42M (Peak 298.53M) | Time:00:00.22 | Mem:126.64M, Peak:126.64M | Scene, ViewLayer | Updating Geometry BVH Great tower lower portal voussoir.002 435/681 | Building mesh BLAS |     188 tris | Great tower lower portal voussoir.001
Fra:1 Mem:242.42M (Peak 298.53M) | Time:00:00.22 | Mem:126.65M, Peak:126.65M | Scene, ViewLayer | Updating Geometry BVH Great tower lower portal voussoir.002 435/681 | Building mesh BLAS |     188 tris | Great tower lower portal voussoir.002
Fra:1 Mem:242.42M (Peak 298.53M) | Time:00:00.22 | Mem:126.65M, Peak:126.65M | Scene, ViewLayer | Updating Geometry BVH Great tower lower portal voussoir.003 436/681 | Building BVH
Fra:1 Mem:242.42M (Peak 298.53M) | Time:00:00.22 | Mem:126.65M, Peak:126.65M | Scene, ViewLayer | Updating Geometry BVH Great tower lower portal voussoir.003 436/681 | Building mesh BLAS |     188 tris | Great tower lower portal voussoir.003
Fra:1 Mem:242.42M (Peak 298.53M) | Time:00:00.22 | Mem:126.66M, Peak:126.66M | Scene, ViewLayer | Updating Geometry BVH Great tower lower portal voussoir.003 436/681 | Building mesh BLAS |  118078 tris | Refracting sea | displaced surface and enclosed volume
Fra:1 Mem:242.42M (Peak 298.53M) | Time:00:00.22 | Mem:126.66M, Peak:126.66M | Scene, ViewLayer | Updating Geometry BVH East chapel copper dome 651/681 | Building BVH
Fra:1 Mem:242.42M (Peak 298.53M) | Time:00:00.22 | Mem:126.66M, Peak:126.66M | Scene, ViewLayer | Updating Geometry BVH Great tower lower portal voussoir.004 437/681 | Building BVH
Fra:1 Mem:242.42M (Peak 298.53M) | Time:00:00.22 | Mem:126.66M, Peak:126.66M | Scene, ViewLayer | Updating Geometry BVH Great tower lower portal voussoir.004 437/681 | Building mesh BLAS |     188 tris | Great tower lower portal voussoir.004
Fra:1 Mem:242.42M (Peak 298.53M) | Time:00:00.22 | Mem:126.66M, Peak:126.66M | Scene, ViewLayer | Updating Geometry BVH Great tower lower portal voussoir.004 437/681 | Building mesh BLAS |   13824 tris | East chapel copper dome
Fra:1 Mem:242.42M (Peak 298.53M) | Time:00:00.22 | Mem:126.68M, Peak:126.68M | Scene, ViewLayer | Updating Geometry BVH Great tower lower portal voussoir.005 438/681 | Building BVH
Fra:1 Mem:242.42M (Peak 298.53M) | Time:00:00.22 | Mem:126.69M, Peak:126.69M | Scene, ViewLayer | Updating Geometry BVH Great tower lower portal voussoir.005 438/681 | Building mesh BLAS |     188 tris | Great tower lower portal voussoir.005
Fra:1 Mem:242.42M (Peak 298.53M) | Time:00:00.22 | Mem:126.69M, Peak:126.69M | Scene, ViewLayer | Updating Geometry BVH Great tower lower portal voussoir.006 439/681 | Building BVH
Fra:1 Mem:242.42M (Peak 298.53M) | Time:00:00.22 | Mem:126.69M, Peak:126.69M | Scene, ViewLayer | Updating Geometry BVH Great tower lower portal voussoir.007 440/681 | Building BVH
Fra:1 Mem:242.42M (Peak 298.53M) | Time:00:00.22 | Mem:126.69M, Peak:126.69M | Scene, ViewLayer | Updating Geometry BVH Great tower lower portal voussoir.007 440/681 | Building mesh BLAS |     188 tris | Great tower lower portal voussoir.006
Fra:1 Mem:242.42M (Peak 298.53M) | Time:00:00.22 | Mem:126.69M, Peak:126.69M | Scene, ViewLayer | Updating Geometry BVH Great tower lower portal voussoir.007 440/681 | Building mesh BLAS |     188 tris | Great tower lower portal voussoir.007
Fra:1 Mem:242.42M (Peak 298.53M) | Time:00:00.22 | Mem:126.72M, Peak:126.72M | Scene, ViewLayer | Updating Geometry BVH Great tower lower portal voussoir.008 441/681 | Building BVH
Fra:1 Mem:242.42M (Peak 298.53M) | Time:00:00.22 | Mem:126.72M, Peak:126.72M | Scene, ViewLayer | Updating Geometry BVH Great tower lower portal voussoir.008 441/681 | Building mesh BLAS |     188 tris | Great tower lower portal voussoir.008
Fra:1 Mem:242.42M (Peak 298.53M) | Time:00:00.22 | Mem:126.72M, Peak:126.72M | Scene, ViewLayer | Updating Geometry BVH Great tower lower portal voussoir.009 442/681 | Building BVH
Fra:1 Mem:242.42M (Peak 298.53M) | Time:00:00.22 | Mem:126.72M, Peak:126.72M | Scene, ViewLayer | Updating Geometry BVH Great tower lower portal voussoir.009 442/681 | Building mesh BLAS |     188 tris | Great tower lower portal voussoir.009
Fra:1 Mem:242.42M (Peak 298.53M) | Time:00:00.22 | Mem:126.78M, Peak:126.78M | Scene, ViewLayer | Updating Geometry BVH Great tower lower portal voussoir.010 443/681 | Building BVH
Fra:1 Mem:242.42M (Peak 298.53M) | Time:00:00.22 | Mem:126.79M, Peak:126.79M | Scene, ViewLayer | Updating Geometry BVH Great tower lower portal voussoir.010 443/681 | Building mesh BLAS |     188 tris | Great tower lower portal voussoir.010
Fra:1 Mem:242.42M (Peak 298.53M) | Time:00:00.22 | Mem:126.79M, Peak:126.79M | Scene, ViewLayer | Updating Geometry BVH Great tower lower portal voussoir.011 444/681 | Building BVH
Fra:1 Mem:242.42M (Peak 298.53M) | Time:00:00.22 | Mem:126.80M, Peak:126.80M | Scene, ViewLayer | Updating Geometry BVH Great tower lower portal voussoir.012 445/681 | Building BVH
Fra:1 Mem:242.42M (Peak 298.53M) | Time:00:00.22 | Mem:126.81M, Peak:126.81M | Scene, ViewLayer | Updating Geometry BVH Great tower lower portal voussoir.012 445/681 | Building mesh BLAS |     188 tris | Great tower lower portal voussoir.011
Fra:1 Mem:242.42M (Peak 298.53M) | Time:00:00.22 | Mem:126.81M, Peak:126.81M | Scene, ViewLayer | Updating Geometry BVH Great tower lower portal voussoir.012 445/681 | Building mesh BLAS |     188 tris | Great tower lower portal voussoir.012
Fra:1 Mem:242.42M (Peak 298.53M) | Time:00:00.22 | Mem:126.81M, Peak:126.81M | Scene, ViewLayer | Updating Geometry BVH Great tower lower portal voussoir.013 446/681 | Building BVH
Fra:1 Mem:242.42M (Peak 298.53M) | Time:00:00.22 | Mem:126.81M, Peak:126.81M | Scene, ViewLayer | Updating Geometry BVH Great tower lower portal voussoir.014 447/681 | Building BVH
Fra:1 Mem:242.42M (Peak 298.53M) | Time:00:00.22 | Mem:126.81M, Peak:126.81M | Scene, ViewLayer | Updating Geometry BVH Great tower lower portal voussoir.014 447/681 | Building mesh BLAS |     188 tris | Great tower lower portal voussoir.013
Fra:1 Mem:242.42M (Peak 298.53M) | Time:00:00.22 | Mem:126.81M, Peak:126.81M | Scene, ViewLayer | Updating Geometry BVH Great tower lower portal voussoir.014 447/681 | Building mesh BLAS |     188 tris | Great tower lower portal voussoir.014
Fra:1 Mem:242.42M (Peak 298.53M) | Time:00:00.22 | Mem:126.84M, Peak:126.84M | Scene, ViewLayer | Updating Geometry BVH Great tower lower portal voussoir.015 448/681 | Building BVH
Fra:1 Mem:242.42M (Peak 298.53M) | Time:00:00.22 | Mem:126.84M, Peak:126.84M | Scene, ViewLayer | Updating Geometry BVH Great tower lower portal voussoir.015 448/681 | Building mesh BLAS |     188 tris | Great tower lower portal voussoir.015
Fra:1 Mem:242.42M (Peak 298.53M) | Time:00:00.22 | Mem:126.84M, Peak:126.84M | Scene, ViewLayer | Updating Geometry BVH Great tower lower portal voussoir.016 449/681 | Building BVH
Fra:1 Mem:242.42M (Peak 298.53M) | Time:00:00.22 | Mem:126.84M, Peak:126.84M | Scene, ViewLayer | Updating Geometry BVH Great tower lower portal arch.001 450/681 | Building mesh BLAS |     188 tris | Great tower lower portal voussoir.016
Fra:1 Mem:242.42M (Peak 298.53M) | Time:00:00.22 | Mem:126.84M, Peak:126.84M | Scene, ViewLayer | Updating Geometry BVH Great tower lower portal arch.001 450/681 | Building mesh BLAS |    1692 tris | Great tower lower portal arch.001
Fra:1 Mem:242.42M (Peak 298.53M) | Time:00:00.22 | Mem:126.85M, Peak:126.85M | Scene, ViewLayer | Updating Geometry BVH Great tower lower portal voussoir.017 451/681 | Building BVH
Fra:1 Mem:242.42M (Peak 298.53M) | Time:00:00.22 | Mem:126.85M, Peak:126.85M | Scene, ViewLayer | Updating Geometry BVH Great tower lower portal voussoir.017 451/681 | Building mesh BLAS |     188 tris | Great tower lower portal voussoir.017
Fra:1 Mem:242.42M (Peak 298.53M) | Time:00:00.22 | Mem:126.85M, Peak:126.85M | Scene, ViewLayer | Updating Geometry BVH Great tower lower portal voussoir.018 452/681 | Building BVH
Fra:1 Mem:242.42M (Peak 298.53M) | Time:00:00.22 | Mem:126.85M, Peak:126.85M | Scene, ViewLayer | Updating Geometry BVH Great tower lower portal voussoir.018 452/681 | Building mesh BLAS |     188 tris | Great tower lower portal voussoir.018
Fra:1 Mem:242.42M (Peak 298.53M) | Time:00:00.22 | Mem:126.88M, Peak:126.88M | Scene, ViewLayer | Updating Geometry BVH Great tower lower portal voussoir.019 453/681 | Building BVH
Fra:1 Mem:242.42M (Peak 298.53M) | Time:00:00.22 | Mem:126.88M, Peak:126.88M | Scene, ViewLayer | Updating Geometry BVH Great tower lower portal voussoir.020 454/681 | Building BVH
Fra:1 Mem:242.42M (Peak 298.53M) | Time:00:00.22 | Mem:126.88M, Peak:126.88M | Scene, ViewLayer | Updating Geometry BVH East chapel arch.003 650/681 | Building BVH
Fra:1 Mem:242.42M (Peak 298.53M) | Time:00:00.22 | Mem:126.88M, Peak:126.88M | Scene, ViewLayer | Updating Geometry BVH East chapel arch.003 650/681 | Building mesh BLAS |     188 tris | Great tower lower portal voussoir.020
Fra:1 Mem:242.42M (Peak 298.53M) | Time:00:00.22 | Mem:126.88M, Peak:126.88M | Scene, ViewLayer | Updating Geometry BVH East chapel arch.003 650/681 | Building mesh BLAS |    1692 tris | East chapel arch.003
Fra:1 Mem:242.42M (Peak 298.53M) | Time:00:00.22 | Mem:126.91M, Peak:126.91M | Scene, ViewLayer | Updating Geometry BVH Great tower lower portal voussoir.021 455/681 | Building BVH
Fra:1 Mem:242.42M (Peak 298.53M) | Time:00:00.22 | Mem:126.93M, Peak:126.93M | Scene, ViewLayer | Updating Geometry BVH Great tower lower portal voussoir.021 455/681 | Building mesh BLAS |     188 tris | Great tower lower portal voussoir.021
Fra:1 Mem:242.42M (Peak 298.53M) | Time:00:00.22 | Mem:126.94M, Peak:126.94M | Scene, ViewLayer | Updating Geometry BVH Great tower lower portal voussoir.022 456/681 | Building BVH
Fra:1 Mem:242.42M (Peak 298.53M) | Time:00:00.22 | Mem:126.94M, Peak:126.94M | Scene, ViewLayer | Updating Geometry BVH Great tower lower portal voussoir.023 457/681 | Building BVH
Fra:1 Mem:242.42M (Peak 298.53M) | Time:00:00.22 | Mem:126.94M, Peak:126.94M | Scene, ViewLayer | Updating Geometry BVH Great tower lower portal voussoir.023 457/681 | Building mesh BLAS |     188 tris | Great tower lower portal voussoir.022
Fra:1 Mem:242.42M (Peak 298.53M) | Time:00:00.22 | Mem:126.94M, Peak:126.94M | Scene, ViewLayer | Updating Geometry BVH Great tower lower portal voussoir.023 457/681 | Building mesh BLAS |     188 tris | Great tower lower portal voussoir.023
Fra:1 Mem:242.42M (Peak 298.53M) | Time:00:00.22 | Mem:126.95M, Peak:126.95M | Scene, ViewLayer | Updating Geometry BVH Great tower lower portal voussoir.024 458/681 | Building BVH
Fra:1 Mem:242.42M (Peak 298.53M) | Time:00:00.22 | Mem:126.95M, Peak:126.95M | Scene, ViewLayer | Updating Geometry BVH Great tower lower portal voussoir.025 459/681 | Building BVH
Fra:1 Mem:242.42M (Peak 298.53M) | Time:00:00.22 | Mem:127.02M, Peak:127.02M | Scene, ViewLayer | Updating Geometry BVH Great tower lower portal voussoir.025 459/681 | Building mesh BLAS |     188 tris | Great tower lower portal voussoir.024
Fra:1 Mem:242.42M (Peak 298.53M) | Time:00:00.22 | Mem:127.02M, Peak:127.02M | Scene, ViewLayer | Updating Geometry BVH Great tower lower portal voussoir.025 459/681 | Building mesh BLAS |     188 tris | Great tower lower portal voussoir.025
Fra:1 Mem:242.42M (Peak 298.53M) | Time:00:00.22 | Mem:127.04M, Peak:127.04M | Scene, ViewLayer | Updating Geometry BVH Great tower lower portal voussoir.026 460/681 | Building BVH
Fra:1 Mem:242.42M (Peak 298.53M) | Time:00:00.22 | Mem:127.04M, Peak:127.04M | Scene, ViewLayer | Updating Geometry BVH Great tower lower portal voussoir.026 460/681 | Building mesh BLAS |     188 tris | Great tower lower portal voussoir.026
Fra:1 Mem:242.42M (Peak 298.53M) | Time:00:00.22 | Mem:127.04M, Peak:127.04M | Scene, ViewLayer | Updating Geometry BVH Great tower lower portal voussoir.027 461/681 | Building BVH
Fra:1 Mem:242.42M (Peak 298.53M) | Time:00:00.22 | Mem:127.04M, Peak:127.04M | Scene, ViewLayer | Updating Geometry BVH Great tower lower portal voussoir.027 461/681 | Building mesh BLAS |     188 tris | Great tower lower portal voussoir.027
Fra:1 Mem:242.42M (Peak 298.53M) | Time:00:00.22 | Mem:127.04M, Peak:127.04M | Scene, ViewLayer | Updating Geometry BVH Great tower lower portal voussoir.028 462/681 | Building BVH
Fra:1 Mem:242.42M (Peak 298.53M) | Time:00:00.22 | Mem:127.04M, Peak:127.04M | Scene, ViewLayer | Updating Geometry BVH Great tower lower portal voussoir.028 462/681 | Building mesh BLAS |     188 tris | Great tower lower portal voussoir.029
Fra:1 Mem:242.42M (Peak 298.53M) | Time:00:00.22 | Mem:127.04M, Peak:127.04M | Scene, ViewLayer | Updating Geometry BVH Great tower lower portal voussoir.028 462/681 | Building mesh BLAS |     188 tris | Great tower lower portal voussoir.028
Fra:1 Mem:242.42M (Peak 298.53M) | Time:00:00.22 | Mem:127.05M, Peak:127.05M | Scene, ViewLayer | Updating Geometry BVH Great tower lower portal voussoir.030 464/681 | Building BVH
Fra:1 Mem:242.42M (Peak 298.53M) | Time:00:00.22 | Mem:127.05M, Peak:127.05M | Scene, ViewLayer | Updating Geometry BVH Great tower lower portal voussoir.030 464/681 | Building mesh BLAS |     188 tris | Great tower lower portal voussoir.030
Fra:1 Mem:242.42M (Peak 298.53M) | Time:00:00.22 | Mem:127.05M, Peak:127.05M | Scene, ViewLayer | Updating Geometry BVH Great tower lower portal voussoir.031 465/681 | Building BVH
Fra:1 Mem:242.42M (Peak 298.53M) | Time:00:00.22 | Mem:127.07M, Peak:127.07M | Scene, ViewLayer | Updating Geometry BVH Great tower lower portal voussoir.031 465/681 | Building mesh BLAS |     188 tris | Great tower lower portal voussoir.031
Fra:1 Mem:242.42M (Peak 298.53M) | Time:00:00.22 | Mem:127.07M, Peak:127.07M | Scene, ViewLayer | Updating Geometry BVH Great tower lower portal voussoir.032 466/681 | Building BVH
Fra:1 Mem:242.42M (Peak 298.53M) | Time:00:00.22 | Mem:127.07M, Peak:127.07M | Scene, ViewLayer | Updating Geometry BVH Great tower lower portal voussoir.033 467/681 | Building BVH
Fra:1 Mem:242.42M (Peak 298.53M) | Time:00:00.22 | Mem:127.07M, Peak:127.07M | Scene, ViewLayer | Updating Geometry BVH Great tower lower portal voussoir.033 467/681 | Building mesh BLAS |     188 tris | Great tower lower portal voussoir.033
Fra:1 Mem:242.42M (Peak 298.53M) | Time:00:00.22 | Mem:127.07M, Peak:127.07M | Scene, ViewLayer | Updating Geometry BVH Great tower lower portal arch.002 468/681 | Building BVH
Fra:1 Mem:242.42M (Peak 298.53M) | Time:00:00.22 | Mem:127.07M, Peak:127.07M | Scene, ViewLayer | Updating Geometry BVH Great tower lower portal arch.002 468/681 | Building mesh BLAS |    1692 tris | Great tower lower portal arch.002
Fra:1 Mem:242.42M (Peak 298.53M) | Time:00:00.22 | Mem:127.07M, Peak:127.07M | Scene, ViewLayer | Updating Geometry BVH Great tower lower portal voussoir.034 469/681 | Building BVH
Fra:1 Mem:242.42M (Peak 298.53M) | Time:00:00.22 | Mem:127.09M, Peak:127.09M | Scene, ViewLayer | Updating Geometry BVH Great tower lower portal voussoir.034 469/681 | Building mesh BLAS |     188 tris | Great tower lower portal voussoir.034
Fra:1 Mem:242.42M (Peak 298.53M) | Time:00:00.22 | Mem:127.10M, Peak:127.10M | Scene, ViewLayer | Updating Geometry BVH Great tower lower portal voussoir.035 470/681 | Building BVH
Fra:1 Mem:242.42M (Peak 298.53M) | Time:00:00.22 | Mem:127.10M, Peak:127.10M | Scene, ViewLayer | Updating Geometry BVH Great tower lower portal voussoir.036 471/681 | Building BVH
Fra:1 Mem:242.42M (Peak 298.53M) | Time:00:00.22 | Mem:127.10M, Peak:127.10M | Scene, ViewLayer | Updating Geometry BVH Great tower lower portal voussoir.036 471/681 | Building mesh BLAS |     188 tris | Great tower lower portal voussoir.035
Fra:1 Mem:242.42M (Peak 298.53M) | Time:00:00.22 | Mem:127.10M, Peak:127.10M | Scene, ViewLayer | Updating Geometry BVH Great tower lower portal voussoir.036 471/681 | Building mesh BLAS |     188 tris | Great tower lower portal voussoir.036
Fra:1 Mem:242.42M (Peak 298.53M) | Time:00:00.22 | Mem:127.11M, Peak:127.11M | Scene, ViewLayer | Updating Geometry BVH East chapel arch.002 649/681 | Building BVH
Fra:1 Mem:242.42M (Peak 298.53M) | Time:00:00.22 | Mem:127.11M, Peak:127.11M | Scene, ViewLayer | Updating Geometry BVH East chapel arch.002 649/681 | Building mesh BLAS |    1692 tris | East chapel arch.002
Fra:1 Mem:242.42M (Peak 298.53M) | Time:00:00.22 | Mem:127.13M, Peak:127.13M | Scene, ViewLayer | Updating Geometry BVH Great tower lower portal voussoir.037 472/681 | Building BVH
Fra:1 Mem:242.42M (Peak 298.53M) | Time:00:00.22 | Mem:127.14M, Peak:127.14M | Scene, ViewLayer | Updating Geometry BVH Great tower lower portal voussoir.037 472/681 | Building mesh BLAS |     188 tris | Great tower lower portal voussoir.037
Fra:1 Mem:242.42M (Peak 298.53M) | Time:00:00.22 | Mem:127.15M, Peak:127.15M | Scene, ViewLayer | Updating Geometry BVH Great tower lower portal voussoir.038 473/681 | Building BVH
Fra:1 Mem:242.42M (Peak 298.53M) | Time:00:00.22 | Mem:127.15M, Peak:127.15M | Scene, ViewLayer | Updating Geometry BVH Great tower lower portal voussoir.038 473/681 | Building mesh BLAS |     188 tris | Great tower lower portal voussoir.038
Fra:1 Mem:242.42M (Peak 298.53M) | Time:00:00.22 | Mem:127.15M, Peak:127.15M | Scene, ViewLayer | Updating Geometry BVH Great tower lower portal voussoir.039 474/681 | Building BVH
Fra:1 Mem:242.42M (Peak 298.53M) | Time:00:00.22 | Mem:127.15M, Peak:127.15M | Scene, ViewLayer | Updating Geometry BVH Great tower lower portal voussoir.039 474/681 | Building mesh BLAS |     188 tris | Great tower lower portal voussoir.039
Fra:1 Mem:242.42M (Peak 298.53M) | Time:00:00.22 | Mem:127.15M, Peak:127.15M | Scene, ViewLayer | Updating Geometry BVH Great tower lower portal voussoir.040 475/681 | Building BVH
Fra:1 Mem:242.42M (Peak 298.53M) | Time:00:00.22 | Mem:127.17M, Peak:127.17M | Scene, ViewLayer | Updating Geometry BVH Great tower lower portal voussoir.041 476/681 | Building BVH
Fra:1 Mem:242.42M (Peak 298.53M) | Time:00:00.22 | Mem:127.17M, Peak:127.17M | Scene, ViewLayer | Updating Geometry BVH Great tower lower portal voussoir.041 476/681 | Building mesh BLAS |     188 tris | Great tower lower portal voussoir.040
Fra:1 Mem:242.42M (Peak 298.53M) | Time:00:00.22 | Mem:127.17M, Peak:127.17M | Scene, ViewLayer | Updating Geometry BVH Great tower lower portal voussoir.041 476/681 | Building mesh BLAS |     188 tris | Great tower lower portal voussoir.041
Fra:1 Mem:242.42M (Peak 298.53M) | Time:00:00.22 | Mem:127.17M, Peak:127.17M | Scene, ViewLayer | Updating Geometry BVH Great tower lower portal voussoir.042 477/681 | Building BVH
Fra:1 Mem:242.42M (Peak 298.53M) | Time:00:00.22 | Mem:127.17M, Peak:127.17M | Scene, ViewLayer | Updating Geometry BVH Great tower lower portal voussoir.042 477/681 | Building mesh BLAS |     188 tris | Great tower lower portal voussoir.042
Fra:1 Mem:242.42M (Peak 298.53M) | Time:00:00.22 | Mem:127.26M, Peak:127.26M | Scene, ViewLayer | Updating Geometry BVH Great tower lower portal voussoir.043 478/681 | Building BVH
Fra:1 Mem:242.42M (Peak 298.53M) | Time:00:00.22 | Mem:127.26M, Peak:127.26M | Scene, ViewLayer | Updating Geometry BVH Great tower lower portal voussoir.044 479/681 | Building BVH
Fra:1 Mem:242.42M (Peak 298.53M) | Time:00:00.22 | Mem:127.26M, Peak:127.26M | Scene, ViewLayer | Updating Geometry BVH Great tower lower portal voussoir.044 479/681 | Building mesh BLAS |     188 tris | Great tower lower portal voussoir.043
Fra:1 Mem:242.42M (Peak 298.53M) | Time:00:00.22 | Mem:127.26M, Peak:127.26M | Scene, ViewLayer | Updating Geometry BVH Great tower lower portal voussoir.044 479/681 | Building mesh BLAS |     188 tris | Great tower lower portal voussoir.044
Fra:1 Mem:242.42M (Peak 298.53M) | Time:00:00.22 | Mem:127.26M, Peak:127.26M | Scene, ViewLayer | Updating Geometry BVH Great tower lower portal voussoir.045 480/681 | Building BVH
Fra:1 Mem:242.42M (Peak 298.53M) | Time:00:00.22 | Mem:127.26M, Peak:127.26M | Scene, ViewLayer | Updating Geometry BVH Great tower lower portal voussoir.045 480/681 | Building mesh BLAS |     188 tris | Great tower lower portal voussoir.045
Fra:1 Mem:242.42M (Peak 298.53M) | Time:00:00.22 | Mem:127.27M, Peak:127.27M | Scene, ViewLayer | Updating Geometry BVH Great tower lower portal voussoir.046 481/681 | Building BVH
Fra:1 Mem:242.42M (Peak 298.53M) | Time:00:00.22 | Mem:127.27M, Peak:127.27M | Scene, ViewLayer | Updating Geometry BVH Great tower lower portal voussoir.046 481/681 | Building mesh BLAS |     188 tris | Great tower lower portal voussoir.046
Fra:1 Mem:242.42M (Peak 298.53M) | Time:00:00.22 | Mem:127.27M, Peak:127.27M | Scene, ViewLayer | Updating Geometry BVH Great tower lower portal voussoir.047 482/681 | Building BVH
Fra:1 Mem:242.42M (Peak 298.53M) | Time:00:00.22 | Mem:127.27M, Peak:127.27M | Scene, ViewLayer | Updating Geometry BVH Great tower lower portal voussoir.047 482/681 | Building mesh BLAS |     188 tris | Great tower lower portal voussoir.047
Fra:1 Mem:242.42M (Peak 298.53M) | Time:00:00.22 | Mem:127.27M, Peak:127.27M | Scene, ViewLayer | Updating Geometry BVH Great tower lower portal voussoir.048 483/681 | Building BVH
Fra:1 Mem:242.42M (Peak 298.53M) | Time:00:00.22 | Mem:127.27M, Peak:127.27M | Scene, ViewLayer | Updating Geometry BVH Great tower lower portal voussoir.048 483/681 | Building mesh BLAS |     188 tris | Great tower lower portal voussoir.048
Fra:1 Mem:242.42M (Peak 298.53M) | Time:00:00.23 | Mem:127.27M, Peak:127.27M | Scene, ViewLayer | Updating Geometry BVH Great tower lower portal voussoir.049 484/681 | Building BVH
Fra:1 Mem:242.42M (Peak 298.53M) | Time:00:00.23 | Mem:127.27M, Peak:127.27M | Scene, ViewLayer | Updating Geometry BVH Great tower lower portal voussoir.049 484/681 | Building mesh BLAS |     188 tris | Great tower lower portal voussoir.049
Fra:1 Mem:242.42M (Peak 298.53M) | Time:00:00.23 | Mem:127.30M, Peak:127.30M | Scene, ViewLayer | Updating Geometry BVH Great tower lower portal voussoir.050 485/681 | Building BVH
Fra:1 Mem:242.42M (Peak 298.53M) | Time:00:00.23 | Mem:127.31M, Peak:127.31M | Scene, ViewLayer | Updating Geometry BVH Great tower lower portal voussoir.050 485/681 | Building mesh BLAS |     188 tris | Great tower lower portal voussoir.050
Fra:1 Mem:242.42M (Peak 298.53M) | Time:00:00.23 | Mem:127.35M, Peak:127.35M | Scene, ViewLayer | Updating Geometry BVH Great tower lower portal arch.003 486/681 | Building BVH
Fra:1 Mem:242.42M (Peak 298.53M) | Time:00:00.23 | Mem:127.35M, Peak:127.35M | Scene, ViewLayer | Updating Geometry BVH East chapel arch.001 648/681 | Building mesh BLAS |     188 tris | Great tower lower portal voussoir.051
Fra:1 Mem:242.42M (Peak 298.53M) | Time:00:00.23 | Mem:127.35M, Peak:127.35M | Scene, ViewLayer | Updating Geometry BVH East chapel arch.001 648/681 | Building mesh BLAS |     188 tris | Great tower lower portal voussoir.052
Fra:1 Mem:242.42M (Peak 298.53M) | Time:00:00.23 | Mem:127.35M, Peak:127.35M | Scene, ViewLayer | Updating Geometry BVH East chapel arch.001 648/681 | Building mesh BLAS |    1692 tris | East chapel arch.001
Fra:1 Mem:242.42M (Peak 298.53M) | Time:00:00.23 | Mem:127.35M, Peak:127.35M | Scene, ViewLayer | Updating Geometry BVH East chapel arch.001 648/681 | Building mesh BLAS |    1692 tris | Great tower lower portal arch.003
Fra:1 Mem:242.42M (Peak 298.53M) | Time:00:00.23 | Mem:127.37M, Peak:127.37M | Scene, ViewLayer | Updating Geometry BVH Great tower lower portal voussoir.053 489/681 | Building BVH
Fra:1 Mem:242.42M (Peak 298.53M) | Time:00:00.23 | Mem:127.37M, Peak:127.37M | Scene, ViewLayer | Updating Geometry BVH Great tower lower portal voussoir.054 490/681 | Building BVH
Fra:1 Mem:242.42M (Peak 298.53M) | Time:00:00.23 | Mem:127.38M, Peak:127.38M | Scene, ViewLayer | Updating Geometry BVH Great tower lower portal voussoir.054 490/681 | Building mesh BLAS |     188 tris | Great tower lower portal voussoir.053
Fra:1 Mem:242.42M (Peak 298.53M) | Time:00:00.23 | Mem:127.38M, Peak:127.38M | Scene, ViewLayer | Updating Geometry BVH Great tower lower portal voussoir.054 490/681 | Building mesh BLAS |     188 tris | Great tower lower portal voussoir.054
Fra:1 Mem:242.42M (Peak 298.53M) | Time:00:00.23 | Mem:127.39M, Peak:127.39M | Scene, ViewLayer | Updating Geometry BVH Great tower lower portal voussoir.055 491/681 | Building BVH
Fra:1 Mem:242.42M (Peak 298.53M) | Time:00:00.23 | Mem:127.39M, Peak:127.39M | Scene, ViewLayer | Updating Geometry BVH Great tower lower portal voussoir.055 491/681 | Building mesh BLAS |     188 tris | Great tower lower portal voussoir.055
Fra:1 Mem:242.42M (Peak 298.53M) | Time:00:00.23 | Mem:127.39M, Peak:127.39M | Scene, ViewLayer | Updating Geometry BVH Great tower lower portal voussoir.056 492/681 | Building BVH
Fra:1 Mem:242.42M (Peak 298.53M) | Time:00:00.23 | Mem:127.39M, Peak:127.39M | Scene, ViewLayer | Updating Geometry BVH Great tower lower portal voussoir.056 492/681 | Building mesh BLAS |     188 tris | Great tower lower portal voussoir.056
Fra:1 Mem:242.42M (Peak 298.53M) | Time:00:00.23 | Mem:127.39M, Peak:127.39M | Scene, ViewLayer | Updating Geometry BVH Great tower lower portal voussoir.057 493/681 | Building BVH
Fra:1 Mem:242.42M (Peak 298.53M) | Time:00:00.23 | Mem:127.39M, Peak:127.39M | Scene, ViewLayer | Updating Geometry BVH Great tower lower portal voussoir.057 493/681 | Building mesh BLAS |     188 tris | Great tower lower portal voussoir.057
Fra:1 Mem:242.42M (Peak 298.53M) | Time:00:00.23 | Mem:127.41M, Peak:127.41M | Scene, ViewLayer | Updating Geometry BVH Great tower lower portal voussoir.058 494/681 | Building BVH
Fra:1 Mem:242.42M (Peak 298.53M) | Time:00:00.23 | Mem:127.41M, Peak:127.41M | Scene, ViewLayer | Updating Geometry BVH Great tower lower portal voussoir.058 494/681 | Building mesh BLAS |     188 tris | Great tower lower portal voussoir.058
Fra:1 Mem:242.42M (Peak 298.53M) | Time:00:00.23 | Mem:127.41M, Peak:127.41M | Scene, ViewLayer | Updating Geometry BVH Great tower lower portal voussoir.059 495/681 | Building BVH
Fra:1 Mem:242.42M (Peak 298.53M) | Time:00:00.23 | Mem:127.41M, Peak:127.41M | Scene, ViewLayer | Updating Geometry BVH Great tower lower portal voussoir.060 496/681 | Building mesh BLAS |     188 tris | Great tower lower portal voussoir.059
Fra:1 Mem:242.42M (Peak 298.53M) | Time:00:00.23 | Mem:127.41M, Peak:127.41M | Scene, ViewLayer | Updating Geometry BVH Great tower lower portal voussoir.060 496/681 | Building mesh BLAS |     188 tris | Great tower lower portal voussoir.060
Fra:1 Mem:242.42M (Peak 298.53M) | Time:00:00.23 | Mem:127.50M, Peak:127.50M | Scene, ViewLayer | Updating Geometry BVH Great tower lower portal voussoir.061 497/681 | Building BVH
Fra:1 Mem:242.42M (Peak 298.53M) | Time:00:00.23 | Mem:127.51M, Peak:127.51M | Scene, ViewLayer | Updating Geometry BVH Great tower lower portal voussoir.062 498/681 | Building BVH
Fra:1 Mem:242.42M (Peak 298.53M) | Time:00:00.23 | Mem:127.51M, Peak:127.51M | Scene, ViewLayer | Updating Geometry BVH Great tower lower portal voussoir.063 499/681 | Building BVH
Fra:1 Mem:242.42M (Peak 298.53M) | Time:00:00.23 | Mem:127.51M, Peak:127.51M | Scene, ViewLayer | Updating Geometry BVH Great tower lower portal voussoir.063 499/681 | Building mesh BLAS |     188 tris | Great tower lower portal voussoir.062
Fra:1 Mem:242.42M (Peak 298.53M) | Time:00:00.23 | Mem:127.51M, Peak:127.51M | Scene, ViewLayer | Updating Geometry BVH Great tower lower portal voussoir.064 500/681 | Building mesh BLAS |     188 tris | Great tower lower portal voussoir.063
Fra:1 Mem:242.42M (Peak 298.53M) | Time:00:00.23 | Mem:127.51M, Peak:127.51M | Scene, ViewLayer | Updating Geometry BVH Great tower lower portal voussoir.065 501/681 | Building BVH
Fra:1 Mem:242.42M (Peak 298.53M) | Time:00:00.23 | Mem:127.53M, Peak:127.53M | Scene, ViewLayer | Updating Geometry BVH Great tower lower portal voussoir.065 501/681 | Building mesh BLAS |     188 tris | Great tower lower portal voussoir.065
Fra:1 Mem:242.42M (Peak 298.53M) | Time:00:00.23 | Mem:127.53M, Peak:127.53M | Scene, ViewLayer | Updating Geometry BVH Great tower lower portal voussoir.065 501/681 | Building mesh BLAS |     188 tris | Great tower lower portal voussoir.064
Fra:1 Mem:242.42M (Peak 298.53M) | Time:00:00.23 | Mem:127.53M, Peak:127.53M | Scene, ViewLayer | Updating Geometry BVH Great tower lower portal voussoir.066 502/681 | Building BVH
Fra:1 Mem:242.42M (Peak 298.53M) | Time:00:00.23 | Mem:127.54M, Peak:127.54M | Scene, ViewLayer | Updating Geometry BVH Great tower lower portal voussoir.066 502/681 | Building mesh BLAS |     188 tris | Great tower lower portal voussoir.066
Fra:1 Mem:242.42M (Peak 298.53M) | Time:00:00.23 | Mem:127.55M, Peak:127.55M | Scene, ViewLayer | Updating Geometry BVH Great tower lower portal voussoir.067 503/681 | Building BVH
Fra:1 Mem:242.42M (Peak 298.53M) | Time:00:00.23 | Mem:127.56M, Peak:127.56M | Scene, ViewLayer | Updating Geometry BVH Upper loggia arch 504/681 | Building BVH
Fra:1 Mem:242.42M (Peak 298.53M) | Time:00:00.23 | Mem:127.56M, Peak:127.56M | Scene, ViewLayer | Updating Geometry BVH Upper loggia arch 504/681 | Building mesh BLAS |     188 tris | Great tower lower portal voussoir.067
Fra:1 Mem:242.42M (Peak 298.53M) | Time:00:00.23 | Mem:127.56M, Peak:127.56M | Scene, ViewLayer | Updating Geometry BVH East chapel arch 647/681 | Building BVH
Fra:1 Mem:242.42M (Peak 298.53M) | Time:00:00.23 | Mem:127.56M, Peak:127.56M | Scene, ViewLayer | Updating Geometry BVH East chapel arch 647/681 | Building mesh BLAS |    1692 tris | Upper loggia arch
Fra:1 Mem:242.42M (Peak 298.53M) | Time:00:00.23 | Mem:127.57M, Peak:127.57M | Scene, ViewLayer | Updating Geometry BVH Upper loggia voussoir 505/681 | Building BVH
Fra:1 Mem:242.42M (Peak 298.53M) | Time:00:00.23 | Mem:127.57M, Peak:127.57M | Scene, ViewLayer | Updating Geometry BVH Upper loggia voussoir.001 506/681 | Building BVH
Fra:1 Mem:242.42M (Peak 298.53M) | Time:00:00.23 | Mem:127.60M, Peak:127.60M | Scene, ViewLayer | Updating Geometry BVH Upper loggia voussoir.002 507/681 | Building BVH
Fra:1 Mem:242.42M (Peak 298.53M) | Time:00:00.23 | Mem:127.60M, Peak:127.60M | Scene, ViewLayer | Updating Geometry BVH Upper loggia voussoir.002 507/681 | Building mesh BLAS |     188 tris | Upper loggia voussoir.002
Fra:1 Mem:242.42M (Peak 298.53M) | Time:00:00.23 | Mem:127.60M, Peak:127.60M | Scene, ViewLayer | Updating Geometry BVH Upper loggia voussoir.003 508/681 | Building BVH
Fra:1 Mem:242.42M (Peak 298.53M) | Time:00:00.23 | Mem:127.61M, Peak:127.61M | Scene, ViewLayer | Updating Geometry BVH Upper loggia voussoir.003 508/681 | Building mesh BLAS |     188 tris | Upper loggia voussoir.003
Fra:1 Mem:242.42M (Peak 298.53M) | Time:00:00.23 | Mem:127.61M, Peak:127.61M | Scene, ViewLayer | Updating Geometry BVH Upper loggia voussoir.004 509/681 | Building BVH
Fra:1 Mem:242.42M (Peak 298.53M) | Time:00:00.23 | Mem:127.61M, Peak:127.61M | Scene, ViewLayer | Updating Geometry BVH Upper loggia voussoir.005 510/681 | Building BVH
Fra:1 Mem:242.42M (Peak 298.53M) | Time:00:00.23 | Mem:127.62M, Peak:127.62M | Scene, ViewLayer | Updating Geometry BVH Upper loggia voussoir.005 510/681 | Building mesh BLAS |     188 tris | Upper loggia voussoir.004
Fra:1 Mem:242.42M (Peak 298.53M) | Time:00:00.23 | Mem:127.62M, Peak:127.62M | Scene, ViewLayer | Updating Geometry BVH Upper loggia voussoir.005 510/681 | Building mesh BLAS |     188 tris | Upper loggia voussoir.005
Fra:1 Mem:242.42M (Peak 298.53M) | Time:00:00.23 | Mem:127.63M, Peak:127.63M | Scene, ViewLayer | Updating Geometry BVH Upper loggia voussoir.006 511/681 | Building BVH
Fra:1 Mem:242.42M (Peak 298.53M) | Time:00:00.23 | Mem:127.70M, Peak:127.70M | Scene, ViewLayer | Updating Geometry BVH Upper loggia voussoir.007 512/681 | Building BVH
Fra:1 Mem:242.42M (Peak 298.53M) | Time:00:00.23 | Mem:127.70M, Peak:127.70M | Scene, ViewLayer | Updating Geometry BVH Upper loggia voussoir.007 512/681 | Building mesh BLAS |     188 tris | Upper loggia voussoir.006
Fra:1 Mem:242.42M (Peak 298.53M) | Time:00:00.23 | Mem:127.70M, Peak:127.70M | Scene, ViewLayer | Updating Geometry BVH Upper loggia voussoir.008 513/681 | Building mesh BLAS |     188 tris | Upper loggia voussoir.007
Fra:1 Mem:242.42M (Peak 298.53M) | Time:00:00.23 | Mem:127.70M, Peak:127.70M | Scene, ViewLayer | Updating Geometry BVH Upper loggia voussoir.008 513/681 | Building mesh BLAS |     188 tris | Upper loggia voussoir.008
Fra:1 Mem:242.42M (Peak 298.53M) | Time:00:00.23 | Mem:127.72M, Peak:127.72M | Scene, ViewLayer | Updating Geometry BVH Upper loggia voussoir.009 514/681 | Building BVH
Fra:1 Mem:242.42M (Peak 298.53M) | Time:00:00.23 | Mem:127.72M, Peak:127.72M | Scene, ViewLayer | Updating Geometry BVH Upper loggia voussoir.009 514/681 | Building mesh BLAS |     188 tris | Upper loggia voussoir.009
Fra:1 Mem:242.42M (Peak 298.53M) | Time:00:00.23 | Mem:127.72M, Peak:127.72M | Scene, ViewLayer | Updating Geometry BVH Upper loggia voussoir.010 515/681 | Building BVH
Fra:1 Mem:242.42M (Peak 298.53M) | Time:00:00.23 | Mem:127.72M, Peak:127.72M | Scene, ViewLayer | Updating Geometry BVH Upper loggia voussoir.010 515/681 | Building mesh BLAS |     188 tris | Upper loggia voussoir.010
Fra:1 Mem:242.42M (Peak 298.53M) | Time:00:00.23 | Mem:127.73M, Peak:127.73M | Scene, ViewLayer | Updating Geometry BVH Upper loggia voussoir.011 516/681 | Building BVH
Fra:1 Mem:242.42M (Peak 298.53M) | Time:00:00.23 | Mem:127.73M, Peak:127.73M | Scene, ViewLayer | Updating Geometry BVH Upper loggia voussoir.011 516/681 | Building mesh BLAS |     188 tris | Upper loggia voussoir.011
Fra:1 Mem:242.42M (Peak 298.53M) | Time:00:00.23 | Mem:127.75M, Peak:127.75M | Scene, ViewLayer | Updating Geometry BVH Upper loggia voussoir.012 517/681 | Building BVH
Fra:1 Mem:242.42M (Peak 298.53M) | Time:00:00.23 | Mem:127.75M, Peak:127.75M | Scene, ViewLayer | Updating Geometry BVH Upper loggia voussoir.012 517/681 | Building mesh BLAS |     188 tris | Upper loggia voussoir.012
Fra:1 Mem:242.42M (Peak 298.53M) | Time:00:00.23 | Mem:127.75M, Peak:127.75M | Scene, ViewLayer | Updating Geometry BVH Upper loggia voussoir.013 518/681 | Building BVH
Fra:1 Mem:242.42M (Peak 298.53M) | Time:00:00.23 | Mem:127.75M, Peak:127.75M | Scene, ViewLayer | Updating Geometry BVH Upper loggia voussoir.013 518/681 | Building mesh BLAS |     188 tris | Upper loggia voussoir.013
Fra:1 Mem:242.42M (Peak 298.53M) | Time:00:00.23 | Mem:127.76M, Peak:127.76M | Scene, ViewLayer | Updating Geometry BVH Upper loggia voussoir.014 519/681 | Building BVH
Fra:1 Mem:242.42M (Peak 298.53M) | Time:00:00.23 | Mem:127.76M, Peak:127.76M | Scene, ViewLayer | Updating Geometry BVH Upper loggia voussoir.014 519/681 | Building mesh BLAS |     188 tris | Upper loggia voussoir.014
Fra:1 Mem:242.42M (Peak 298.53M) | Time:00:00.23 | Mem:127.79M, Peak:127.79M | Scene, ViewLayer | Updating Geometry BVH Upper loggia voussoir.015 520/681 | Building BVH
Fra:1 Mem:242.42M (Peak 298.53M) | Time:00:00.23 | Mem:127.79M, Peak:127.79M | Scene, ViewLayer | Updating Geometry BVH Upper loggia voussoir.015 520/681 | Building mesh BLAS |     188 tris | Upper loggia voussoir.015
Fra:1 Mem:242.42M (Peak 298.53M) | Time:00:00.23 | Mem:127.79M, Peak:127.79M | Scene, ViewLayer | Updating Geometry BVH Upper loggia voussoir.016 521/681 | Building BVH
Fra:1 Mem:242.42M (Peak 298.53M) | Time:00:00.23 | Mem:127.79M, Peak:127.79M | Scene, ViewLayer | Updating Geometry BVH Upper loggia voussoir.016 521/681 | Building mesh BLAS |     188 tris | Upper loggia voussoir.016
Fra:1 Mem:242.42M (Peak 298.53M) | Time:00:00.23 | Mem:127.90M, Peak:127.90M | Scene, ViewLayer | Updating Geometry BVH Upper loggia arch.001 522/681 | Building BVH
Fra:1 Mem:242.42M (Peak 298.53M) | Time:00:00.23 | Mem:127.90M, Peak:127.90M | Scene, ViewLayer | Updating Geometry BVH Upper loggia voussoir.017 523/681 | Building BVH
Fra:1 Mem:242.42M (Peak 298.53M) | Time:00:00.23 | Mem:127.90M, Peak:127.90M | Scene, ViewLayer | Updating Geometry BVH Upper loggia voussoir.018 524/681 | Building mesh BLAS |    1692 tris | Upper loggia arch.001
Fra:1 Mem:242.42M (Peak 298.53M) | Time:00:00.23 | Mem:127.90M, Peak:127.90M | Scene, ViewLayer | Updating Geometry BVH Upper loggia voussoir.018 524/681 | Building mesh BLAS |     188 tris | Upper loggia voussoir.017
Fra:1 Mem:242.42M (Peak 298.53M) | Time:00:00.23 | Mem:127.90M, Peak:127.90M | Scene, ViewLayer | Updating Geometry BVH Upper loggia voussoir.019 525/681 | Building BVH
Fra:1 Mem:242.42M (Peak 298.53M) | Time:00:00.23 | Mem:127.90M, Peak:127.90M | Scene, ViewLayer | Updating Geometry BVH West chapel bridge voussoir.016 646/681 | Building BVH
Fra:1 Mem:242.42M (Peak 298.53M) | Time:00:00.23 | Mem:127.90M, Peak:127.90M | Scene, ViewLayer | Updating Geometry BVH West chapel bridge voussoir.016 646/681 | Building mesh BLAS |     188 tris | Upper loggia voussoir.019
Fra:1 Mem:242.42M (Peak 298.53M) | Time:00:00.23 | Mem:127.90M, Peak:127.90M | Scene, ViewLayer | Updating Geometry BVH West chapel bridge voussoir.016 646/681 | Building mesh BLAS |     188 tris | West chapel bridge voussoir.016
Fra:1 Mem:242.42M (Peak 298.53M) | Time:00:00.23 | Mem:127.90M, Peak:127.90M | Scene, ViewLayer | Updating Geometry BVH West chapel bridge voussoir.016 646/681 | Building mesh BLAS |     188 tris | Upper loggia voussoir.018
Fra:1 Mem:242.42M (Peak 298.53M) | Time:00:00.23 | Mem:127.93M, Peak:127.93M | Scene, ViewLayer | Updating Geometry BVH Upper loggia voussoir.020 526/681 | Building BVH
Fra:1 Mem:242.42M (Peak 298.53M) | Time:00:00.23 | Mem:127.94M, Peak:127.94M | Scene, ViewLayer | Updating Geometry BVH Upper loggia voussoir.020 526/681 | Building mesh BLAS |     188 tris | Upper loggia voussoir.020
Fra:1 Mem:242.42M (Peak 298.53M) | Time:00:00.23 | Mem:127.94M, Peak:127.94M | Scene, ViewLayer | Updating Geometry BVH Upper loggia voussoir.021 527/681 | Building BVH
Fra:1 Mem:242.42M (Peak 298.53M) | Time:00:00.23 | Mem:127.94M, Peak:127.94M | Scene, ViewLayer | Updating Geometry BVH Upper loggia voussoir.021 527/681 | Building mesh BLAS |     188 tris | Upper loggia voussoir.021
Fra:1 Mem:242.42M (Peak 298.53M) | Time:00:00.23 | Mem:133.94M, Peak:133.94M | Scene, ViewLayer | Updating Geometry BVH Upper loggia voussoir.022 528/681 | Building BVH
Fra:1 Mem:242.42M (Peak 298.53M) | Time:00:00.23 | Mem:133.94M, Peak:133.94M | Scene, ViewLayer | Updating Geometry BVH Upper loggia voussoir.022 528/681 | Building mesh BLAS |     188 tris | Upper loggia voussoir.022
Fra:1 Mem:242.42M (Peak 298.53M) | Time:00:00.23 | Mem:133.94M, Peak:133.94M | Scene, ViewLayer | Updating Geometry BVH Upper loggia voussoir.023 529/681 | Building BVH
Fra:1 Mem:242.42M (Peak 298.53M) | Time:00:00.23 | Mem:133.94M, Peak:133.94M | Scene, ViewLayer | Updating Geometry BVH Upper loggia voussoir.023 529/681 | Building mesh BLAS |     188 tris | Upper loggia voussoir.023
Fra:1 Mem:242.42M (Peak 298.53M) | Time:00:00.23 | Mem:133.94M, Peak:133.94M | Scene, ViewLayer | Updating Geometry BVH Upper loggia voussoir.024 530/681 | Building BVH
Fra:1 Mem:242.42M (Peak 298.53M) | Time:00:00.23 | Mem:133.94M, Peak:133.94M | Scene, ViewLayer | Updating Geometry BVH Upper loggia voussoir.024 530/681 | Building mesh BLAS |     188 tris | Upper loggia voussoir.024
Fra:1 Mem:242.42M (Peak 298.53M) | Time:00:00.23 | Mem:133.96M, Peak:133.96M | Scene, ViewLayer | Updating Geometry BVH Upper loggia voussoir.025 531/681 | Building BVH
Fra:1 Mem:242.42M (Peak 298.53M) | Time:00:00.23 | Mem:133.96M, Peak:133.96M | Scene, ViewLayer | Updating Geometry BVH Upper loggia voussoir.025 531/681 | Building mesh BLAS |     188 tris | Upper loggia voussoir.025
Fra:1 Mem:242.42M (Peak 298.53M) | Time:00:00.23 | Mem:133.97M, Peak:133.97M | Scene, ViewLayer | Updating Geometry BVH Upper loggia voussoir.026 532/681 | Building BVH
Fra:1 Mem:242.42M (Peak 298.53M) | Time:00:00.23 | Mem:133.97M, Peak:133.97M | Scene, ViewLayer | Updating Geometry BVH Upper loggia voussoir.026 532/681 | Building mesh BLAS |     188 tris | Upper loggia voussoir.026
Fra:1 Mem:242.42M (Peak 298.53M) | Time:00:00.23 | Mem:133.98M, Peak:133.98M | Scene, ViewLayer | Updating Geometry BVH Upper loggia voussoir.027 533/681 | Building BVH
Fra:1 Mem:242.42M (Peak 298.53M) | Time:00:00.23 | Mem:133.98M, Peak:133.98M | Scene, ViewLayer | Updating Geometry BVH Upper loggia voussoir.028 534/681 | Building BVH
Fra:1 Mem:242.42M (Peak 298.53M) | Time:00:00.23 | Mem:133.99M, Peak:133.99M | Scene, ViewLayer | Updating Geometry BVH Upper loggia voussoir.028 534/681 | Building mesh BLAS |     188 tris | Upper loggia voussoir.028
Fra:1 Mem:242.42M (Peak 298.53M) | Time:00:00.23 | Mem:133.99M, Peak:133.99M | Scene, ViewLayer | Updating Geometry BVH Upper loggia voussoir.029 535/681 | Building BVH
Fra:1 Mem:242.42M (Peak 298.53M) | Time:00:00.23 | Mem:133.99M, Peak:133.99M | Scene, ViewLayer | Updating Geometry BVH Upper loggia voussoir.029 535/681 | Building mesh BLAS |     188 tris | Upper loggia voussoir.029
Fra:1 Mem:242.42M (Peak 298.53M) | Time:00:00.23 | Mem:133.99M, Peak:133.99M | Scene, ViewLayer | Updating Geometry BVH Upper loggia voussoir.030 536/681 | Building BVH
Fra:1 Mem:242.42M (Peak 298.53M) | Time:00:00.23 | Mem:133.99M, Peak:133.99M | Scene, ViewLayer | Updating Geometry BVH Upper loggia voussoir.030 536/681 | Building mesh BLAS |     188 tris | Upper loggia voussoir.030
Fra:1 Mem:242.42M (Peak 298.53M) | Time:00:00.23 | Mem:134.00M, Peak:134.00M | Scene, ViewLayer | Updating Geometry BVH Upper loggia voussoir.031 537/681 | Building BVH
Fra:1 Mem:242.42M (Peak 298.53M) | Time:00:00.23 | Mem:134.00M, Peak:134.00M | Scene, ViewLayer | Updating Geometry BVH Upper loggia voussoir.031 537/681 | Building mesh BLAS |     188 tris | Upper loggia voussoir.031
Fra:1 Mem:242.42M (Peak 298.53M) | Time:00:00.23 | Mem:134.02M, Peak:134.02M | Scene, ViewLayer | Updating Geometry BVH Upper loggia voussoir.032 538/681 | Building BVH
Fra:1 Mem:242.42M (Peak 298.53M) | Time:00:00.23 | Mem:134.02M, Peak:134.02M | Scene, ViewLayer | Updating Geometry BVH Upper loggia voussoir.032 538/681 | Building mesh BLAS |     188 tris | Upper loggia voussoir.032
Fra:1 Mem:242.42M (Peak 298.53M) | Time:00:00.23 | Mem:134.03M, Peak:134.03M | Scene, ViewLayer | Updating Geometry BVH Upper loggia voussoir.033 539/681 | Building BVH
Fra:1 Mem:242.42M (Peak 298.53M) | Time:00:00.23 | Mem:134.04M, Peak:134.04M | Scene, ViewLayer | Updating Geometry BVH Upper loggia voussoir.033 539/681 | Building mesh BLAS |     188 tris | Upper loggia voussoir.033
Fra:1 Mem:242.42M (Peak 298.53M) | Time:00:00.23 | Mem:134.05M, Peak:134.05M | Scene, ViewLayer | Updating Geometry BVH Upper loggia voussoir.034 541/681 | Building BVH
Fra:1 Mem:242.42M (Peak 298.53M) | Time:00:00.23 | Mem:134.05M, Peak:134.05M | Scene, ViewLayer | Updating Geometry BVH West chapel bridge voussoir.015 645/681 | Building BVH
Fra:1 Mem:242.42M (Peak 298.53M) | Time:00:00.23 | Mem:134.05M, Peak:134.05M | Scene, ViewLayer | Updating Geometry BVH West chapel bridge voussoir.015 645/681 | Building mesh BLAS |     188 tris | Upper loggia voussoir.034
Fra:1 Mem:242.42M (Peak 298.53M) | Time:00:00.23 | Mem:134.05M, Peak:134.05M | Scene, ViewLayer | Updating Geometry BVH West chapel bridge voussoir.015 645/681 | Building mesh BLAS |     188 tris | West chapel bridge voussoir.015
Fra:1 Mem:242.42M (Peak 298.53M) | Time:00:00.23 | Mem:134.05M, Peak:134.05M | Scene, ViewLayer | Updating Geometry BVH West chapel bridge voussoir.015 645/681 | Building mesh BLAS |    1692 tris | Upper loggia arch.002
Fra:1 Mem:242.42M (Peak 298.53M) | Time:00:00.23 | Mem:134.15M, Peak:134.15M | Scene, ViewLayer | Updating Geometry BVH Upper loggia voussoir.035 542/681 | Building BVH
Fra:1 Mem:242.42M (Peak 298.53M) | Time:00:00.23 | Mem:134.15M, Peak:134.15M | Scene, ViewLayer | Updating Geometry BVH Upper loggia voussoir.035 542/681 | Building mesh BLAS |     188 tris | Upper loggia voussoir.035
Fra:1 Mem:242.42M (Peak 298.53M) | Time:00:00.23 | Mem:134.17M, Peak:134.17M | Scene, ViewLayer | Updating Geometry BVH Upper loggia voussoir.036 543/681 | Building BVH
Fra:1 Mem:242.42M (Peak 298.53M) | Time:00:00.23 | Mem:134.17M, Peak:134.17M | Scene, ViewLayer | Updating Geometry BVH Upper loggia voussoir.037 544/681 | Building BVH
Fra:1 Mem:242.42M (Peak 298.53M) | Time:00:00.23 | Mem:134.17M, Peak:134.17M | Scene, ViewLayer | Updating Geometry BVH Upper loggia voussoir.037 544/681 | Building mesh BLAS |     188 tris | Upper loggia voussoir.036
Fra:1 Mem:242.42M (Peak 298.53M) | Time:00:00.23 | Mem:134.17M, Peak:134.17M | Scene, ViewLayer | Updating Geometry BVH Upper loggia voussoir.037 544/681 | Building mesh BLAS |     188 tris | Upper loggia voussoir.037
Fra:1 Mem:242.42M (Peak 298.53M) | Time:00:00.23 | Mem:134.28M, Peak:134.28M | Scene, ViewLayer | Updating Geometry BVH Upper loggia voussoir.038 545/681 | Building BVH
Fra:1 Mem:242.42M (Peak 298.53M) | Time:00:00.23 | Mem:134.28M, Peak:134.28M | Scene, ViewLayer | Updating Geometry BVH Upper loggia voussoir.038 545/681 | Building mesh BLAS |     188 tris | Upper loggia voussoir.038
Fra:1 Mem:242.42M (Peak 298.53M) | Time:00:00.23 | Mem:134.29M, Peak:134.29M | Scene, ViewLayer | Updating Geometry BVH Upper loggia voussoir.039 546/681 | Building BVH
Fra:1 Mem:242.42M (Peak 298.53M) | Time:00:00.23 | Mem:134.29M, Peak:134.29M | Scene, ViewLayer | Updating Geometry BVH Upper loggia voussoir.039 546/681 | Building mesh BLAS |     188 tris | Upper loggia voussoir.039
Fra:1 Mem:242.42M (Peak 298.53M) | Time:00:00.23 | Mem:134.30M, Peak:134.30M | Scene, ViewLayer | Updating Geometry BVH Upper loggia voussoir.040 547/681 | Building BVH
Fra:1 Mem:242.42M (Peak 298.53M) | Time:00:00.23 | Mem:134.30M, Peak:134.30M | Scene, ViewLayer | Updating Geometry BVH Upper loggia voussoir.040 547/681 | Building mesh BLAS |     188 tris | Upper loggia voussoir.040
Fra:1 Mem:242.42M (Peak 298.53M) | Time:00:00.23 | Mem:134.30M, Peak:134.30M | Scene, ViewLayer | Updating Geometry BVH Upper loggia voussoir.042 549/681 | Building BVH
Fra:1 Mem:242.42M (Peak 298.53M) | Time:00:00.23 | Mem:134.30M, Peak:134.30M | Scene, ViewLayer | Updating Geometry BVH Upper loggia voussoir.041 548/681 | Building BVH
Fra:1 Mem:242.42M (Peak 298.53M) | Time:00:00.23 | Mem:134.30M, Peak:134.30M | Scene, ViewLayer | Updating Geometry BVH Upper loggia voussoir.041 548/681 | Building mesh BLAS |     188 tris | Upper loggia voussoir.042
Fra:1 Mem:242.42M (Peak 298.53M) | Time:00:00.23 | Mem:134.30M, Peak:134.30M | Scene, ViewLayer | Updating Geometry BVH Upper loggia voussoir.041 548/681 | Building mesh BLAS |     188 tris | Upper loggia voussoir.041
Fra:1 Mem:242.42M (Peak 298.53M) | Time:00:00.23 | Mem:134.32M, Peak:134.32M | Scene, ViewLayer | Updating Geometry BVH Upper loggia voussoir.043 550/681 | Building BVH
Fra:1 Mem:242.42M (Peak 298.53M) | Time:00:00.23 | Mem:134.32M, Peak:134.32M | Scene, ViewLayer | Updating Geometry BVH Upper loggia voussoir.043 550/681 | Building mesh BLAS |     188 tris | Upper loggia voussoir.043
Fra:1 Mem:242.42M (Peak 298.53M) | Time:00:00.23 | Mem:134.34M, Peak:134.34M | Scene, ViewLayer | Updating Geometry BVH Upper loggia voussoir.044 551/681 | Building BVH
Fra:1 Mem:242.42M (Peak 298.53M) | Time:00:00.23 | Mem:134.35M, Peak:134.35M | Scene, ViewLayer | Updating Geometry BVH Upper loggia voussoir.044 551/681 | Building mesh BLAS |     188 tris | Upper loggia voussoir.044
Fra:1 Mem:242.42M (Peak 298.53M) | Time:00:00.23 | Mem:134.35M, Peak:134.35M | Scene, ViewLayer | Updating Geometry BVH Upper loggia voussoir.045 552/681 | Building BVH
Fra:1 Mem:242.42M (Peak 298.53M) | Time:00:00.23 | Mem:134.35M, Peak:134.35M | Scene, ViewLayer | Updating Geometry BVH Upper loggia voussoir.045 552/681 | Building mesh BLAS |     188 tris | Upper loggia voussoir.045
Fra:1 Mem:242.42M (Peak 298.53M) | Time:00:00.23 | Mem:134.35M, Peak:134.35M | Scene, ViewLayer | Updating Geometry BVH Upper loggia voussoir.046 553/681 | Building BVH
Fra:1 Mem:242.42M (Peak 298.53M) | Time:00:00.23 | Mem:134.35M, Peak:134.35M | Scene, ViewLayer | Updating Geometry BVH Upper loggia voussoir.046 553/681 | Building mesh BLAS |     188 tris | Upper loggia voussoir.046
Fra:1 Mem:242.42M (Peak 298.53M) | Time:00:00.23 | Mem:134.36M, Peak:134.36M | Scene, ViewLayer | Updating Geometry BVH Upper loggia voussoir.047 554/681 | Building BVH
Fra:1 Mem:242.42M (Peak 298.53M) | Time:00:00.23 | Mem:134.36M, Peak:134.36M | Scene, ViewLayer | Updating Geometry BVH Upper loggia voussoir.047 554/681 | Building mesh BLAS |     188 tris | Upper loggia voussoir.047
Fra:1 Mem:242.42M (Peak 298.53M) | Time:00:00.23 | Mem:134.36M, Peak:134.36M | Scene, ViewLayer | Updating Geometry BVH Upper loggia voussoir.048 555/681 | Building BVH
Fra:1 Mem:242.42M (Peak 298.53M) | Time:00:00.23 | Mem:134.36M, Peak:134.36M | Scene, ViewLayer | Updating Geometry BVH Upper loggia voussoir.048 555/681 | Building mesh BLAS |     188 tris | Upper loggia voussoir.048
Fra:1 Mem:242.42M (Peak 298.53M) | Time:00:00.23 | Mem:134.37M, Peak:134.37M | Scene, ViewLayer | Updating Geometry BVH Upper loggia voussoir.049 556/681 | Building BVH
Fra:1 Mem:242.42M (Peak 298.53M) | Time:00:00.23 | Mem:134.37M, Peak:134.37M | Scene, ViewLayer | Updating Geometry BVH Upper loggia voussoir.049 556/681 | Building mesh BLAS |     188 tris | Upper loggia voussoir.049
Fra:1 Mem:242.42M (Peak 298.53M) | Time:00:00.23 | Mem:134.38M, Peak:134.38M | Scene, ViewLayer | Updating Geometry BVH Upper loggia voussoir.050 557/681 | Building BVH
Fra:1 Mem:242.42M (Peak 298.53M) | Time:00:00.23 | Mem:134.38M, Peak:134.38M | Scene, ViewLayer | Updating Geometry BVH West chapel bridge voussoir.014 644/681 | Building BVH
Fra:1 Mem:242.42M (Peak 298.53M) | Time:00:00.23 | Mem:134.38M, Peak:134.38M | Scene, ViewLayer | Updating Geometry BVH West chapel bridge voussoir.014 644/681 | Building mesh BLAS |     188 tris | West chapel bridge voussoir.014
Fra:1 Mem:242.42M (Peak 298.53M) | Time:00:00.23 | Mem:134.40M, Peak:134.40M | Scene, ViewLayer | Updating Geometry BVH Upper loggia arch.003 558/681 | Building BVH
Fra:1 Mem:242.42M (Peak 298.53M) | Time:00:00.23 | Mem:134.40M, Peak:134.40M | Scene, ViewLayer | Updating Geometry BVH Upper loggia arch.003 558/681 | Building mesh BLAS |    1692 tris | Upper loggia arch.003
Fra:1 Mem:242.42M (Peak 298.53M) | Time:00:00.23 | Mem:134.41M, Peak:134.41M | Scene, ViewLayer | Updating Geometry BVH Upper loggia voussoir.051 559/681 | Building BVH
Fra:1 Mem:242.42M (Peak 298.53M) | Time:00:00.23 | Mem:134.41M, Peak:134.41M | Scene, ViewLayer | Updating Geometry BVH Upper loggia voussoir.052 560/681 | Building BVH
Fra:1 Mem:242.42M (Peak 298.53M) | Time:00:00.23 | Mem:134.41M, Peak:134.41M | Scene, ViewLayer | Updating Geometry BVH Upper loggia voussoir.052 560/681 | Building mesh BLAS |     188 tris | Upper loggia voussoir.051
Fra:1 Mem:242.42M (Peak 298.53M) | Time:00:00.23 | Mem:134.41M, Peak:134.41M | Scene, ViewLayer | Updating Geometry BVH Upper loggia voussoir.053 561/681 | Building mesh BLAS |     188 tris | Upper loggia voussoir.052
Fra:1 Mem:242.42M (Peak 298.53M) | Time:00:00.23 | Mem:134.41M, Peak:134.41M | Scene, ViewLayer | Updating Geometry BVH Upper loggia voussoir.053 561/681 | Building mesh BLAS |     188 tris | Upper loggia voussoir.053
Fra:1 Mem:242.42M (Peak 298.53M) | Time:00:00.23 | Mem:134.51M, Peak:134.51M | Scene, ViewLayer | Updating Geometry BVH Upper loggia voussoir.054 562/681 | Building BVH
Fra:1 Mem:242.42M (Peak 298.53M) | Time:00:00.23 | Mem:134.52M, Peak:134.52M | Scene, ViewLayer | Updating Geometry BVH Upper loggia voussoir.054 562/681 | Building mesh BLAS |     188 tris | Upper loggia voussoir.054
Fra:1 Mem:242.42M (Peak 298.53M) | Time:00:00.23 | Mem:134.62M, Peak:134.62M | Scene, ViewLayer | Updating Geometry BVH Upper loggia voussoir.055 563/681 | Building BVH
Fra:1 Mem:242.42M (Peak 298.53M) | Time:00:00.23 | Mem:134.62M, Peak:134.62M | Scene, ViewLayer | Updating Geometry BVH Upper loggia voussoir.056 564/681 | Building BVH
Fra:1 Mem:242.42M (Peak 298.53M) | Time:00:00.23 | Mem:134.63M, Peak:134.63M | Scene, ViewLayer | Updating Geometry BVH Upper loggia voussoir.057 565/681 | Building BVH
Fra:1 Mem:242.42M (Peak 298.53M) | Time:00:00.23 | Mem:134.63M, Peak:134.63M | Scene, ViewLayer | Updating Geometry BVH Upper loggia voussoir.058 566/681 | Building mesh BLAS |     188 tris | Upper loggia voussoir.056
Fra:1 Mem:242.42M (Peak 298.53M) | Time:00:00.23 | Mem:134.63M, Peak:134.63M | Scene, ViewLayer | Updating Geometry BVH Upper loggia voussoir.058 566/681 | Building mesh BLAS |     188 tris | Upper loggia voussoir.057
Fra:1 Mem:242.42M (Peak 298.53M) | Time:00:00.23 | Mem:134.63M, Peak:134.63M | Scene, ViewLayer | Updating Geometry BVH Upper loggia voussoir.058 566/681 | Building mesh BLAS |     188 tris | Upper loggia voussoir.058
Fra:1 Mem:242.42M (Peak 298.53M) | Time:00:00.23 | Mem:134.64M, Peak:134.64M | Scene, ViewLayer | Updating Geometry BVH Upper loggia voussoir.059 567/681 | Building BVH
Fra:1 Mem:242.42M (Peak 298.53M) | Time:00:00.23 | Mem:134.64M, Peak:134.64M | Scene, ViewLayer | Updating Geometry BVH Upper loggia voussoir.059 567/681 | Building mesh BLAS |     188 tris | Upper loggia voussoir.059
Fra:1 Mem:242.42M (Peak 298.53M) | Time:00:00.23 | Mem:134.66M, Peak:134.66M | Scene, ViewLayer | Updating Geometry BVH Upper loggia voussoir.060 568/681 | Building BVH
Fra:1 Mem:242.42M (Peak 298.53M) | Time:00:00.23 | Mem:134.66M, Peak:134.66M | Scene, ViewLayer | Updating Geometry BVH Upper loggia voussoir.061 569/681 | Building BVH
Fra:1 Mem:242.42M (Peak 298.53M) | Time:00:00.23 | Mem:134.66M, Peak:134.66M | Scene, ViewLayer | Updating Geometry BVH Upper loggia voussoir.061 569/681 | Building mesh BLAS |     188 tris | Upper loggia voussoir.060
Fra:1 Mem:242.42M (Peak 298.53M) | Time:00:00.23 | Mem:134.66M, Peak:134.66M | Scene, ViewLayer | Updating Geometry BVH Upper loggia voussoir.061 569/681 | Building mesh BLAS |     188 tris | Upper loggia voussoir.061
Fra:1 Mem:242.42M (Peak 298.53M) | Time:00:00.23 | Mem:134.68M, Peak:134.68M | Scene, ViewLayer | Updating Geometry BVH Upper loggia voussoir.062 570/681 | Building BVH
Fra:1 Mem:242.42M (Peak 298.53M) | Time:00:00.23 | Mem:134.68M, Peak:134.68M | Scene, ViewLayer | Updating Geometry BVH Upper loggia voussoir.062 570/681 | Building mesh BLAS |     188 tris | Upper loggia voussoir.062
Fra:1 Mem:242.42M (Peak 298.53M) | Time:00:00.23 | Mem:134.68M, Peak:134.68M | Scene, ViewLayer | Updating Geometry BVH Upper loggia voussoir.063 571/681 | Building BVH
Fra:1 Mem:242.42M (Peak 298.53M) | Time:00:00.23 | Mem:134.68M, Peak:134.68M | Scene, ViewLayer | Updating Geometry BVH Upper loggia voussoir.063 571/681 | Building mesh BLAS |     188 tris | Upper loggia voussoir.063
Fra:1 Mem:242.42M (Peak 298.53M) | Time:00:00.23 | Mem:134.69M, Peak:134.69M | Scene, ViewLayer | Updating Geometry BVH Upper loggia voussoir.064 572/681 | Building BVH
Fra:1 Mem:242.42M (Peak 298.53M) | Time:00:00.23 | Mem:134.69M, Peak:134.69M | Scene, ViewLayer | Updating Geometry BVH Upper loggia voussoir.064 572/681 | Building mesh BLAS |     188 tris | Upper loggia voussoir.064
Fra:1 Mem:242.42M (Peak 298.53M) | Time:00:00.23 | Mem:134.70M, Peak:134.70M | Scene, ViewLayer | Updating Geometry BVH Upper loggia voussoir.065 573/681 | Building BVH
Fra:1 Mem:242.42M (Peak 298.53M) | Time:00:00.23 | Mem:134.70M, Peak:134.70M | Scene, ViewLayer | Updating Geometry BVH Upper loggia voussoir.065 573/681 | Building mesh BLAS |     188 tris | Upper loggia voussoir.065
Fra:1 Mem:242.42M (Peak 298.53M) | Time:00:00.23 | Mem:134.71M, Peak:134.71M | Scene, ViewLayer | Updating Geometry BVH Upper loggia voussoir.066 574/681 | Building BVH
Fra:1 Mem:242.42M (Peak 298.53M) | Time:00:00.23 | Mem:134.71M, Peak:134.71M | Scene, ViewLayer | Updating Geometry BVH West chapel bridge voussoir.013 643/681 | Building BVH
Fra:1 Mem:242.42M (Peak 298.53M) | Time:00:00.23 | Mem:134.71M, Peak:134.71M | Scene, ViewLayer | Updating Geometry BVH West chapel bridge voussoir.013 643/681 | Building mesh BLAS |     188 tris | Upper loggia voussoir.066
Fra:1 Mem:242.42M (Peak 298.53M) | Time:00:00.23 | Mem:134.71M, Peak:134.71M | Scene, ViewLayer | Updating Geometry BVH West chapel bridge voussoir.013 643/681 | Building mesh BLAS |     188 tris | West chapel bridge voussoir.013
Fra:1 Mem:242.42M (Peak 298.53M) | Time:00:00.23 | Mem:134.73M, Peak:134.73M | Scene, ViewLayer | Updating Geometry BVH Upper loggia voussoir.067 575/681 | Building BVH
Fra:1 Mem:242.42M (Peak 298.53M) | Time:00:00.23 | Mem:134.73M, Peak:134.73M | Scene, ViewLayer | Updating Geometry BVH Upper loggia voussoir.067 575/681 | Building mesh BLAS |     188 tris | Upper loggia voussoir.067
Fra:1 Mem:242.42M (Peak 298.53M) | Time:00:00.23 | Mem:134.73M, Peak:134.73M | Scene, ViewLayer | Updating Geometry BVH Crown observatory arch 576/681 | Building BVH
Fra:1 Mem:242.42M (Peak 298.53M) | Time:00:00.23 | Mem:134.75M, Peak:134.75M | Scene, ViewLayer | Updating Geometry BVH Crown observatory arch 576/681 | Building mesh BLAS |    1692 tris | Crown observatory arch
Fra:1 Mem:242.42M (Peak 298.53M) | Time:00:00.23 | Mem:134.76M, Peak:134.76M | Scene, ViewLayer | Updating Geometry BVH Crown observatory arch.001 577/681 | Building BVH
Fra:1 Mem:242.42M (Peak 298.53M) | Time:00:00.23 | Mem:134.86M, Peak:134.86M | Scene, ViewLayer | Updating Geometry BVH Crown observatory arch.001 577/681 | Building mesh BLAS |    1692 tris | Crown observatory arch.001
Fra:1 Mem:242.42M (Peak 298.53M) | Time:00:00.23 | Mem:134.95M, Peak:134.95M | Scene, ViewLayer | Updating Geometry BVH Crown observatory arch.002 578/681 | Building BVH
Fra:1 Mem:242.42M (Peak 298.53M) | Time:00:00.23 | Mem:134.95M, Peak:134.95M | Scene, ViewLayer | Updating Geometry BVH Crown observatory copper dome 580/681 | Building BVH
Fra:1 Mem:242.42M (Peak 298.53M) | Time:00:00.23 | Mem:134.96M, Peak:134.96M | Scene, ViewLayer | Updating Geometry BVH Raised standing seam.001 582/681 | Building BVH
Fra:1 Mem:242.42M (Peak 298.53M) | Time:00:00.23 | Mem:134.96M, Peak:134.96M | Scene, ViewLayer | Updating Geometry BVH Raised standing seam 581/681 | Building BVH
Fra:1 Mem:242.42M (Peak 298.53M) | Time:00:00.23 | Mem:134.96M, Peak:134.96M | Scene, ViewLayer | Updating Geometry BVH Raised standing seam.002 583/681 | Building mesh BLAS |   13824 tris | Crown observatory copper dome
Fra:1 Mem:242.42M (Peak 298.53M) | Time:00:00.23 | Mem:134.96M, Peak:134.96M | Scene, ViewLayer | Updating Geometry BVH Raised standing seam.002 583/681 | Building mesh BLAS |    1692 tris | Crown observatory arch.003
Fra:1 Mem:242.42M (Peak 298.53M) | Time:00:00.23 | Mem:134.96M, Peak:134.96M | Scene, ViewLayer | Updating Geometry BVH Raised standing seam.002 583/681 | Building mesh BLAS |    1152 tris | Raised standing seam
Fra:1 Mem:242.42M (Peak 298.53M) | Time:00:00.23 | Mem:134.96M, Peak:134.96M | Scene, ViewLayer | Updating Geometry BVH Raised standing seam.002 583/681 | Building mesh BLAS |    1152 tris | Raised standing seam.002
Fra:1 Mem:242.42M (Peak 298.53M) | Time:00:00.23 | Mem:134.97M, Peak:134.97M | Scene, ViewLayer | Updating Geometry BVH Raised standing seam.003 584/681 | Building BVH
Fra:1 Mem:242.42M (Peak 298.53M) | Time:00:00.23 | Mem:134.97M, Peak:134.97M | Scene, ViewLayer | Updating Geometry BVH Raised standing seam.003 584/681 | Building mesh BLAS |    1152 tris | Raised standing seam.003
Fra:1 Mem:242.42M (Peak 298.53M) | Time:00:00.23 | Mem:135.00M, Peak:135.00M | Scene, ViewLayer | Updating Geometry BVH Raised standing seam.004 585/681 | Building BVH
Fra:1 Mem:242.42M (Peak 298.53M) | Time:00:00.23 | Mem:135.01M, Peak:135.01M | Scene, ViewLayer | Updating Geometry BVH Raised standing seam.005 586/681 | Building BVH
Fra:1 Mem:242.42M (Peak 298.53M) | Time:00:00.23 | Mem:135.01M, Peak:135.01M | Scene, ViewLayer | Updating Geometry BVH Raised standing seam.007 588/681 | Building BVH
Fra:1 Mem:242.42M (Peak 298.53M) | Time:00:00.23 | Mem:135.01M, Peak:135.01M | Scene, ViewLayer | Updating Geometry BVH Raised standing seam.007 588/681 | Building mesh BLAS |    1152 tris | Raised standing seam.004
Fra:1 Mem:242.42M (Peak 298.53M) | Time:00:00.23 | Mem:135.01M, Peak:135.01M | Scene, ViewLayer | Updating Geometry BVH Raised standing seam.008 589/681 | Building BVH
Fra:1 Mem:242.42M (Peak 298.53M) | Time:00:00.23 | Mem:135.01M, Peak:135.01M | Scene, ViewLayer | Updating Geometry BVH Raised standing seam.008 589/681 | Building mesh BLAS |    1152 tris | Raised standing seam.007
Fra:1 Mem:242.42M (Peak 298.53M) | Time:00:00.23 | Mem:135.01M, Peak:135.01M | Scene, ViewLayer | Updating Geometry BVH Raised standing seam.008 589/681 | Building mesh BLAS |    1152 tris | Raised standing seam.005
Fra:1 Mem:242.42M (Peak 298.53M) | Time:00:00.23 | Mem:135.02M, Peak:135.02M | Scene, ViewLayer | Updating Geometry BVH Raised standing seam.008 589/681 | Building mesh BLAS |    1152 tris | Raised standing seam.006
Fra:1 Mem:242.42M (Peak 298.53M) | Time:00:00.23 | Mem:135.03M, Peak:135.03M | Scene, ViewLayer | Updating Geometry BVH Raised standing seam.009 590/681 | Building BVH
Fra:1 Mem:242.42M (Peak 298.53M) | Time:00:00.23 | Mem:135.03M, Peak:135.03M | Scene, ViewLayer | Updating Geometry BVH Raised standing seam.009 590/681 | Building mesh BLAS |    1152 tris | Raised standing seam.009
Fra:1 Mem:242.42M (Peak 298.53M) | Time:00:00.23 | Mem:135.04M, Peak:135.04M | Scene, ViewLayer | Updating Geometry BVH West chapel bridge voussoir.012 642/681 | Building BVH
Fra:1 Mem:242.42M (Peak 298.53M) | Time:00:00.23 | Mem:135.04M, Peak:135.04M | Scene, ViewLayer | Updating Geometry BVH West chapel bridge voussoir.012 642/681 | Building mesh BLAS |     188 tris | West chapel bridge voussoir.012
Fra:1 Mem:242.42M (Peak 298.53M) | Time:00:00.23 | Mem:135.05M, Peak:135.05M | Scene, ViewLayer | Updating Geometry BVH Raised standing seam.010 591/681 | Building BVH
Fra:1 Mem:242.42M (Peak 298.53M) | Time:00:00.23 | Mem:135.07M, Peak:135.07M | Scene, ViewLayer | Updating Geometry BVH Raised standing seam.010 591/681 | Building mesh BLAS |    1152 tris | Raised standing seam.010
Fra:1 Mem:242.42M (Peak 298.53M) | Time:00:00.23 | Mem:135.07M, Peak:135.07M | Scene, ViewLayer | Updating Geometry BVH Raised standing seam.011 592/681 | Building BVH
Fra:1 Mem:242.42M (Peak 298.53M) | Time:00:00.23 | Mem:135.07M, Peak:135.07M | Scene, ViewLayer | Updating Geometry BVH Raised standing seam.011 592/681 | Building mesh BLAS |    1152 tris | Raised standing seam.011
Fra:1 Mem:242.42M (Peak 298.53M) | Time:00:00.23 | Mem:135.07M, Peak:135.07M | Scene, ViewLayer | Updating Geometry BVH Raised standing seam.012 593/681 | Building BVH
Fra:1 Mem:242.42M (Peak 298.53M) | Time:00:00.23 | Mem:135.07M, Peak:135.07M | Scene, ViewLayer | Updating Geometry BVH Raised standing seam.012 593/681 | Building mesh BLAS |    1152 tris | Raised standing seam.012
Fra:1 Mem:242.42M (Peak 298.53M) | Time:00:00.23 | Mem:135.19M, Peak:135.19M | Scene, ViewLayer | Updating Geometry BVH Raised standing seam.013 594/681 | Building BVH
Fra:1 Mem:242.42M (Peak 298.53M) | Time:00:00.23 | Mem:135.19M, Peak:135.19M | Scene, ViewLayer | Updating Geometry BVH Raised standing seam.015 596/681 | Building BVH
Fra:1 Mem:242.42M (Peak 298.53M) | Time:00:00.23 | Mem:135.19M, Peak:135.19M | Scene, ViewLayer | Updating Geometry BVH Raised standing seam.015 596/681 | Building mesh BLAS |    1152 tris | Raised standing seam.013
Fra:1 Mem:242.42M (Peak 298.53M) | Time:00:00.23 | Mem:135.19M, Peak:135.19M | Scene, ViewLayer | Updating Geometry BVH Raised standing seam.015 596/681 | Building mesh BLAS |    1152 tris | Raised standing seam.014
Fra:1 Mem:242.42M (Peak 298.53M) | Time:00:00.23 | Mem:135.19M, Peak:135.19M | Scene, ViewLayer | Updating Geometry BVH Raised standing seam.015 596/681 | Building mesh BLAS |    1152 tris | Raised standing seam.015
Fra:1 Mem:242.42M (Peak 298.53M) | Time:00:00.23 | Mem:135.20M, Peak:135.20M | Scene, ViewLayer | Updating Geometry BVH Dome rolled rim 597/681 | Building BVH
Fra:1 Mem:242.42M (Peak 298.53M) | Time:00:00.23 | Mem:135.20M, Peak:135.20M | Scene, ViewLayer | Updating Geometry BVH Dome rolled rim.001 598/681 | Building BVH
Fra:1 Mem:242.42M (Peak 298.53M) | Time:00:00.23 | Mem:135.20M, Peak:135.20M | Scene, ViewLayer | Updating Geometry BVH Dome rolled rim.001 598/681 | Building mesh BLAS |    1536 tris | Dome rolled rim
Fra:1 Mem:242.42M (Peak 298.53M) | Time:00:00.23 | Mem:135.20M, Peak:135.20M | Scene, ViewLayer | Updating Geometry BVH Dome rolled rim.001 598/681 | Building mesh BLAS |    1536 tris | Dome rolled rim.001
Fra:1 Mem:242.42M (Peak 298.53M) | Time:00:00.23 | Mem:135.20M, Peak:135.20M | Scene, ViewLayer | Updating Geometry BVH Crown observatory warm interior 599/681 | Building BVH
Fra:1 Mem:242.42M (Peak 298.53M) | Time:00:00.23 | Mem:135.20M, Peak:135.20M | Scene, ViewLayer | Updating Geometry BVH Wind-shaped silk flag 600/681 | Building BVH
Fra:1 Mem:242.42M (Peak 298.53M) | Time:00:00.23 | Mem:135.20M, Peak:135.20M | Scene, ViewLayer | Updating Geometry BVH Wind-shaped silk flag 600/681 | Building mesh BLAS |     416 tris | Wind-shaped silk flag
Fra:1 Mem:242.42M (Peak 298.53M) | Time:00:00.23 | Mem:135.21M, Peak:135.21M | Scene, ViewLayer | Updating Geometry BVH Stair vault 601/681 | Building BVH
Fra:1 Mem:242.42M (Peak 298.53M) | Time:00:00.23 | Mem:135.21M, Peak:135.21M | Scene, ViewLayer | Updating Geometry BVH Stair vault.001 602/681 | Building BVH
Fra:1 Mem:242.42M (Peak 298.53M) | Time:00:00.23 | Mem:135.21M, Peak:135.21M | Scene, ViewLayer | Updating Geometry BVH Stair vault.001 602/681 | Building mesh BLAS |     188 tris | Stair vault
Fra:1 Mem:242.42M (Peak 298.53M) | Time:00:00.23 | Mem:135.21M, Peak:135.21M | Scene, ViewLayer | Updating Geometry BVH Stair vault.001 602/681 | Building mesh BLAS |     188 tris | Stair vault.001
Fra:1 Mem:242.42M (Peak 298.53M) | Time:00:00.23 | Mem:135.33M, Peak:135.33M | Scene, ViewLayer | Updating Geometry BVH Stair vault.002 603/681 | Building BVH
Fra:1 Mem:242.42M (Peak 298.53M) | Time:00:00.23 | Mem:135.33M, Peak:135.33M | Scene, ViewLayer | Updating Geometry BVH Stair vault.002 603/681 | Building mesh BLAS |     188 tris | Stair vault.002
Fra:1 Mem:242.42M (Peak 298.53M) | Time:00:00.23 | Mem:135.34M, Peak:135.34M | Scene, ViewLayer | Updating Geometry BVH Stair vault.003 604/681 | Building BVH
Fra:1 Mem:242.42M (Peak 298.53M) | Time:00:00.23 | Mem:135.34M, Peak:135.34M | Scene, ViewLayer | Updating Geometry BVH West chapel arch 605/681 | Building BVH
Fra:1 Mem:242.42M (Peak 298.53M) | Time:00:00.23 | Mem:135.34M, Peak:135.34M | Scene, ViewLayer | Updating Geometry BVH West chapel arch 605/681 | Building mesh BLAS |    1092 tris | Stair vault.003
Fra:1 Mem:242.42M (Peak 298.53M) | Time:00:00.23 | Mem:135.34M, Peak:135.34M | Scene, ViewLayer | Updating Geometry BVH West chapel arch 605/681 | Building mesh BLAS |    1692 tris | West chapel arch
Fra:1 Mem:242.42M (Peak 298.53M) | Time:00:00.23 | Mem:135.36M, Peak:135.36M | Scene, ViewLayer | Updating Geometry BVH West chapel arch.001 606/681 | Building BVH
Fra:1 Mem:242.42M (Peak 298.53M) | Time:00:00.23 | Mem:135.36M, Peak:135.36M | Scene, ViewLayer | Updating Geometry BVH West chapel arch.002 607/681 | Building BVH
Fra:1 Mem:242.42M (Peak 298.53M) | Time:00:00.23 | Mem:135.36M, Peak:135.36M | Scene, ViewLayer | Updating Geometry BVH West chapel arch.002 607/681 | Building mesh BLAS |    1692 tris | West chapel arch.001
Fra:1 Mem:242.42M (Peak 298.53M) | Time:00:00.23 | Mem:135.36M, Peak:135.36M | Scene, ViewLayer | Updating Geometry BVH West chapel arch.002 607/681 | Building mesh BLAS |    1692 tris | West chapel arch.002
Fra:1 Mem:242.42M (Peak 298.53M) | Time:00:00.23 | Mem:135.37M, Peak:135.37M | Scene, ViewLayer | Updating Geometry BVH West chapel arch.003 608/681 | Building BVH
Fra:1 Mem:242.42M (Peak 298.53M) | Time:00:00.23 | Mem:135.37M, Peak:135.37M | Scene, ViewLayer | Updating Geometry BVH West chapel arch.003 608/681 | Building mesh BLAS |    1692 tris | West chapel arch.003
Fra:1 Mem:242.42M (Peak 298.53M) | Time:00:00.23 | Mem:135.39M, Peak:135.39M | Scene, ViewLayer | Updating Geometry BVH West chapel bridge voussoir.011 641/681 | Building BVH
Fra:1 Mem:242.42M (Peak 298.53M) | Time:00:00.23 | Mem:135.39M, Peak:135.39M | Scene, ViewLayer | Updating Geometry BVH West chapel bridge voussoir.011 641/681 | Building mesh BLAS |     188 tris | West chapel bridge voussoir.011
Fra:1 Mem:242.42M (Peak 298.53M) | Time:00:00.23 | Mem:135.40M, Peak:135.40M | Scene, ViewLayer | Updating Geometry BVH Raised standing seam.016 610/681 | Building BVH
Fra:1 Mem:242.42M (Peak 298.53M) | Time:00:00.23 | Mem:135.40M, Peak:135.40M | Scene, ViewLayer | Updating Geometry BVH West chapel copper dome 609/681 | Building mesh BLAS |    1152 tris | Raised standing seam.016
Fra:1 Mem:242.42M (Peak 298.53M) | Time:00:00.23 | Mem:135.40M, Peak:135.40M | Scene, ViewLayer | Updating Geometry BVH West chapel copper dome 609/681 | Building mesh BLAS |   13824 tris | West chapel copper dome
Fra:1 Mem:242.42M (Peak 298.53M) | Time:00:00.23 | Mem:135.41M, Peak:135.41M | Scene, ViewLayer | Updating Geometry BVH Raised standing seam.017 611/681 | Building BVH
Fra:1 Mem:242.42M (Peak 298.53M) | Time:00:00.23 | Mem:135.41M, Peak:135.41M | Scene, ViewLayer | Updating Geometry BVH Raised standing seam.017 611/681 | Building mesh BLAS |    1152 tris | Raised standing seam.017
Fra:1 Mem:242.42M (Peak 298.53M) | Time:00:00.23 | Mem:135.42M, Peak:135.42M | Scene, ViewLayer | Updating Geometry BVH Raised standing seam.018 612/681 | Building BVH
Fra:1 Mem:242.42M (Peak 298.53M) | Time:00:00.23 | Mem:135.43M, Peak:135.43M | Scene, ViewLayer | Updating Geometry BVH Raised standing seam.018 612/681 | Building mesh BLAS |    1152 tris | Raised standing seam.018
Fra:1 Mem:242.42M (Peak 298.53M) | Time:00:00.23 | Mem:135.43M, Peak:135.43M | Scene, ViewLayer | Updating Geometry BVH Raised standing seam.019 613/681 | Building BVH
Fra:1 Mem:242.42M (Peak 298.53M) | Time:00:00.23 | Mem:135.44M, Peak:135.44M | Scene, ViewLayer | Updating Geometry BVH Raised standing seam.019 613/681 | Building mesh BLAS |    1152 tris | Raised standing seam.019
Fra:1 Mem:242.42M (Peak 298.53M) | Time:00:00.23 | Mem:135.45M, Peak:135.45M | Scene, ViewLayer | Updating Geometry BVH Raised standing seam.020 614/681 | Building BVH
Fra:1 Mem:242.42M (Peak 298.53M) | Time:00:00.23 | Mem:135.45M, Peak:135.45M | Scene, ViewLayer | Updating Geometry BVH Raised standing seam.021 615/681 | Building BVH
Fra:1 Mem:242.42M (Peak 298.53M) | Time:00:00.23 | Mem:135.55M, Peak:135.55M | Scene, ViewLayer | Updating Geometry BVH Raised standing seam.021 615/681 | Building mesh BLAS |    1152 tris | Raised standing seam.020
Fra:1 Mem:242.42M (Peak 298.53M) | Time:00:00.23 | Mem:135.56M, Peak:135.56M | Scene, ViewLayer | Updating Geometry BVH Raised standing seam.023 617/681 | Building BVH
Fra:1 Mem:242.42M (Peak 298.53M) | Time:00:00.23 | Mem:135.58M, Peak:135.58M | Scene, ViewLayer | Updating Geometry BVH Raised standing seam.024 618/681 | Building BVH
Fra:1 Mem:242.42M (Peak 298.53M) | Time:00:00.23 | Mem:135.58M, Peak:135.58M | Scene, ViewLayer | Updating Geometry BVH Raised standing seam.026 620/681 | Building mesh BLAS |    1152 tris | Raised standing seam.022
Fra:1 Mem:242.42M (Peak 298.53M) | Time:00:00.23 | Mem:135.58M, Peak:135.58M | Scene, ViewLayer | Updating Geometry BVH Raised standing seam.026 620/681 | Building mesh BLAS |    1152 tris | Raised standing seam.024
Fra:1 Mem:242.42M (Peak 298.53M) | Time:00:00.23 | Mem:135.60M, Peak:135.60M | Scene, ViewLayer | Updating Geometry BVH Raised standing seam.028 622/681 | Building BVH
Fra:1 Mem:242.42M (Peak 298.53M) | Time:00:00.23 | Mem:135.60M, Peak:135.60M | Scene, ViewLayer | Updating Geometry BVH Raised standing seam.028 622/681 | Building mesh BLAS |    1152 tris | Raised standing seam.025
Fra:1 Mem:242.42M (Peak 298.53M) | Time:00:00.23 | Mem:135.60M, Peak:135.60M | Scene, ViewLayer | Updating Geometry BVH Raised standing seam.028 622/681 | Building mesh BLAS |    1152 tris | Raised standing seam.028
Fra:1 Mem:242.42M (Peak 298.53M) | Time:00:00.23 | Mem:135.60M, Peak:135.60M | Scene, ViewLayer | Updating Geometry BVH Raised standing seam.029 623/681 | Building BVH
Fra:1 Mem:242.42M (Peak 298.53M) | Time:00:00.23 | Mem:135.60M, Peak:135.60M | Scene, ViewLayer | Updating Geometry BVH Raised standing seam.030 624/681 | Building BVH
Fra:1 Mem:242.42M (Peak 298.53M) | Time:00:00.23 | Mem:135.60M, Peak:135.60M | Scene, ViewLayer | Updating Geometry BVH Raised standing seam.030 624/681 | Building mesh BLAS |    1152 tris | Raised standing seam.026
Fra:1 Mem:242.42M (Peak 298.53M) | Time:00:00.23 | Mem:135.62M, Peak:135.62M | Scene, ViewLayer | Updating Geometry BVH Raised standing seam.030 624/681 | Building mesh BLAS |    1152 tris | Raised standing seam.027
Fra:1 Mem:242.42M (Peak 298.53M) | Time:00:00.23 | Mem:135.66M, Peak:135.66M | Scene, ViewLayer | Updating Geometry BVH Raised standing seam.031 625/681 | Building BVH
Fra:1 Mem:242.42M (Peak 298.53M) | Time:00:00.23 | Mem:135.66M, Peak:135.66M | Scene, ViewLayer | Updating Geometry BVH West chapel bridge voussoir.010 640/681 | Building BVH
Fra:1 Mem:242.42M (Peak 298.53M) | Time:00:00.23 | Mem:135.66M, Peak:135.66M | Scene, ViewLayer | Updating Geometry BVH West chapel bridge voussoir.010 640/681 | Building mesh BLAS |    1152 tris | Raised standing seam.031
Fra:1 Mem:242.42M (Peak 298.53M) | Time:00:00.23 | Mem:135.66M, Peak:135.66M | Scene, ViewLayer | Updating Geometry BVH West chapel bridge voussoir.010 640/681 | Building mesh BLAS |     188 tris | West chapel bridge voussoir.010
Fra:1 Mem:242.42M (Peak 298.53M) | Time:00:00.24 | Mem:135.66M, Peak:135.66M | Scene, ViewLayer | Updating Geometry BVH Dome rolled rim.002 626/681 | Building BVH
Fra:1 Mem:242.42M (Peak 298.53M) | Time:00:00.24 | Mem:135.66M, Peak:135.66M | Scene, ViewLayer | Updating Geometry BVH Dome rolled rim.002 626/681 | Building mesh BLAS |    1536 tris | Dome rolled rim.002
Fra:1 Mem:242.42M (Peak 298.53M) | Time:00:00.24 | Mem:135.67M, Peak:135.67M | Scene, ViewLayer | Updating Geometry BVH Dome rolled rim.003 627/681 | Building BVH
Fra:1 Mem:242.42M (Peak 298.53M) | Time:00:00.24 | Mem:135.67M, Peak:135.67M | Scene, ViewLayer | Updating Geometry BVH West chapel warm interior 628/681 | Building BVH
Fra:1 Mem:242.42M (Peak 298.53M) | Time:00:00.24 | Mem:135.67M, Peak:135.67M | Scene, ViewLayer | Updating Geometry BVH West chapel bridge arch 629/681 | Building BVH
Fra:1 Mem:242.42M (Peak 298.53M) | Time:00:00.24 | Mem:135.67M, Peak:135.67M | Scene, ViewLayer | Updating Geometry BVH West chapel bridge arch 629/681 | Building mesh BLAS |    1536 tris | Dome rolled rim.003
Fra:1 Mem:242.42M (Peak 298.53M) | Time:00:00.24 | Mem:135.67M, Peak:135.67M | Scene, ViewLayer | Updating Geometry BVH West chapel bridge arch 629/681 | Building mesh BLAS |    1692 tris | West chapel bridge arch
Fra:1 Mem:242.42M (Peak 298.53M) | Time:00:00.24 | Mem:135.68M, Peak:135.68M | Scene, ViewLayer | Updating Geometry BVH West chapel bridge voussoir 630/681 | Building BVH
Fra:1 Mem:242.42M (Peak 298.53M) | Time:00:00.24 | Mem:135.68M, Peak:135.68M | Scene, ViewLayer | Updating Geometry BVH West chapel bridge voussoir 630/681 | Building mesh BLAS |     188 tris | West chapel bridge voussoir
Fra:1 Mem:242.42M (Peak 298.53M) | Time:00:00.24 | Mem:135.70M, Peak:135.70M | Scene, ViewLayer | Updating Geometry BVH West chapel bridge voussoir.001 631/681 | Building BVH
Fra:1 Mem:242.42M (Peak 298.53M) | Time:00:00.24 | Mem:135.71M, Peak:135.71M | Scene, ViewLayer | Updating Geometry BVH West chapel bridge voussoir.001 631/681 | Building mesh BLAS |     188 tris | West chapel bridge voussoir.001
Fra:1 Mem:242.42M (Peak 298.53M) | Time:00:00.24 | Mem:135.82M, Peak:135.82M | Scene, ViewLayer | Updating Geometry BVH West chapel bridge voussoir.002 632/681 | Building BVH
Fra:1 Mem:242.42M (Peak 298.53M) | Time:00:00.24 | Mem:135.82M, Peak:135.82M | Scene, ViewLayer | Updating Geometry BVH West chapel bridge voussoir.002 632/681 | Building mesh BLAS |     188 tris | West chapel bridge voussoir.002
Fra:1 Mem:242.42M (Peak 298.53M) | Time:00:00.24 | Mem:135.82M, Peak:135.82M | Scene, ViewLayer | Updating Geometry BVH West chapel bridge voussoir.003 633/681 | Building BVH
Fra:1 Mem:242.42M (Peak 298.53M) | Time:00:00.24 | Mem:135.82M, Peak:135.82M | Scene, ViewLayer | Updating Geometry BVH West chapel bridge voussoir.003 633/681 | Building mesh BLAS |     188 tris | West chapel bridge voussoir.003
Fra:1 Mem:242.42M (Peak 298.53M) | Time:00:00.24 | Mem:135.82M, Peak:135.82M | Scene, ViewLayer | Updating Geometry BVH West chapel bridge voussoir.004 634/681 | Building BVH
Fra:1 Mem:242.42M (Peak 298.53M) | Time:00:00.24 | Mem:135.82M, Peak:135.82M | Scene, ViewLayer | Updating Geometry BVH West chapel bridge voussoir.004 634/681 | Building mesh BLAS |     188 tris | West chapel bridge voussoir.004
Fra:1 Mem:242.42M (Peak 298.53M) | Time:00:00.24 | Mem:135.85M, Peak:135.85M | Scene, ViewLayer | Updating Geometry BVH West chapel bridge voussoir.005 635/681 | Building BVH
Fra:1 Mem:242.42M (Peak 298.53M) | Time:00:00.24 | Mem:135.85M, Peak:135.85M | Scene, ViewLayer | Updating Geometry BVH West chapel bridge voussoir.005 635/681 | Building mesh BLAS |     188 tris | West chapel bridge voussoir.005
Fra:1 Mem:242.42M (Peak 298.53M) | Time:00:00.24 | Mem:135.85M, Peak:135.85M | Scene, ViewLayer | Updating Geometry BVH West chapel bridge voussoir.006 636/681 | Building BVH
Fra:1 Mem:242.42M (Peak 298.53M) | Time:00:00.24 | Mem:135.85M, Peak:135.85M | Scene, ViewLayer | Updating Geometry BVH West chapel bridge voussoir.007 637/681 | Building BVH
Fra:1 Mem:242.42M (Peak 298.53M) | Time:00:00.24 | Mem:135.85M, Peak:135.85M | Scene, ViewLayer | Updating Geometry BVH West chapel bridge voussoir.007 637/681 | Building mesh BLAS |     188 tris | West chapel bridge voussoir.006
Fra:1 Mem:242.42M (Peak 298.53M) | Time:00:00.24 | Mem:135.85M, Peak:135.85M | Scene, ViewLayer | Updating Geometry BVH West chapel bridge voussoir.007 637/681 | Building mesh BLAS |     188 tris | West chapel bridge voussoir.007
Fra:1 Mem:242.42M (Peak 298.53M) | Time:00:00.24 | Mem:135.86M, Peak:135.86M | Scene, ViewLayer | Updating Geometry BVH West chapel bridge voussoir.008 638/681 | Building BVH
Fra:1 Mem:242.42M (Peak 298.53M) | Time:00:00.24 | Mem:135.86M, Peak:135.86M | Scene, ViewLayer | Updating Geometry BVH West chapel bridge voussoir.008 638/681 | Building mesh BLAS |     188 tris | West chapel bridge voussoir.008
Fra:1 Mem:242.42M (Peak 298.53M) | Time:00:00.24 | Mem:135.86M, Peak:135.86M | Scene, ViewLayer | Updating Geometry BVH West chapel bridge voussoir.009 639/681 | Building BVH
Fra:1 Mem:242.42M (Peak 298.53M) | Time:00:00.24 | Mem:135.86M, Peak:135.86M | Scene, ViewLayer | Updating Geometry BVH West chapel bridge voussoir.009 639/681 | Building mesh BLAS |     188 tris | West chapel bridge voussoir.009
Fra:1 Mem:242.42M (Peak 298.53M) | Time:00:00.24 | Mem:136.11M, Peak:136.11M | Scene, ViewLayer | Updating Scene BVH | Building
Fra:1 Mem:242.44M (Peak 298.53M) | Time:00:00.25 | Mem:141.03M, Peak:141.03M | Scene, ViewLayer | Updating Scene BVH | Building TLAS      |     685 instances
Fra:1 Mem:242.45M (Peak 298.53M) | Time:00:00.25 | Mem:141.19M, Peak:141.19M | Scene, ViewLayer | Updating Scene BVH | Copying BVH to device
Fra:1 Mem:242.45M (Peak 298.53M) | Time:00:00.25 | Mem:141.19M, Peak:141.19M | Scene, ViewLayer | Updating Mesh | Computing normals
Fra:1 Mem:262.14M (Peak 298.53M) | Time:00:00.25 | Mem:141.19M, Peak:141.19M | Scene, ViewLayer | Updating Mesh | Copying Mesh to device
Fra:1 Mem:242.45M (Peak 298.53M) | Time:00:00.25 | Mem:160.88M, Peak:160.88M | Scene, ViewLayer | Updating Objects Flags
Fra:1 Mem:242.44M (Peak 298.53M) | Time:00:00.25 | Mem:160.88M, Peak:160.88M | Scene, ViewLayer | Updating Primitive Offsets
Fra:1 Mem:242.44M (Peak 298.53M) | Time:00:00.25 | Mem:160.89M, Peak:160.89M | Scene, ViewLayer | Updating Images
Fra:1 Mem:242.44M (Peak 298.53M) | Time:00:00.25 | Mem:160.89M, Peak:160.89M | Scene, ViewLayer | Updating Images | Loading plastered_wall_02_disp_2k.jpg
Fra:1 Mem:246.44M (Peak 298.53M) | Time:00:00.25 | Mem:160.89M, Peak:160.89M | Scene, ViewLayer | Updating Images | Loading concrete_floor_02_diff_2k.jpg
Fra:1 Mem:246.44M (Peak 298.53M) | Time:00:00.25 | Mem:160.89M, Peak:160.89M | Scene, ViewLayer | Updating Images | Loading marble_01_diff_2k.jpg
Fra:1 Mem:262.44M (Peak 298.53M) | Time:00:00.25 | Mem:160.89M, Peak:160.89M | Scene, ViewLayer | Updating Images | Loading marble_01_disp_2k.jpg
Fra:1 Mem:282.44M (Peak 298.53M) | Time:00:00.25 | Mem:160.89M, Peak:160.89M | Scene, ViewLayer | Updating Images | Loading marble_01_rough_2k.jpg
Fra:1 Mem:286.44M (Peak 298.53M) | Time:00:00.25 | Mem:160.89M, Peak:160.89M | Scene, ViewLayer | Updating Images | Loading concrete_floor_02_disp_2k.jpg
Fra:1 Mem:326.44M (Peak 326.44M) | Time:00:00.29 | Mem:244.89M, Peak:244.89M | Scene, ViewLayer | Updating Camera Volume
Fra:1 Mem:326.44M (Peak 326.44M) | Time:00:00.29 | Mem:244.89M, Peak:244.89M | Scene, ViewLayer | Updating Lookup Tables
Fra:1 Mem:326.36M (Peak 326.44M) | Time:00:00.29 | Mem:244.98M, Peak:244.98M | Scene, ViewLayer | Updating Lights
Fra:1 Mem:326.36M (Peak 326.44M) | Time:00:00.29 | Mem:244.98M, Peak:244.98M | Scene, ViewLayer | Updating Lights | Computing tree
Fra:1 Mem:326.36M (Peak 326.44M) | Time:00:00.29 | Mem:245.21M, Peak:245.21M | Scene, ViewLayer | Updating Integrator
Fra:1 Mem:326.36M (Peak 326.44M) | Time:00:00.29 | Mem:245.21M, Peak:245.21M | Scene, ViewLayer | Updating Film
Fra:1 Mem:326.45M (Peak 326.45M) | Time:00:00.29 | Mem:245.12M, Peak:245.21M | Scene, ViewLayer | Updating Lookup Tables
Fra:1 Mem:326.36M (Peak 326.45M) | Time:00:00.29 | Mem:245.21M, Peak:245.21M | Scene, ViewLayer | Updating Baking
Fra:1 Mem:326.36M (Peak 326.45M) | Time:00:00.29 | Mem:245.21M, Peak:245.21M | Scene, ViewLayer | Updating Device | Writing constant memory
Fra:1 Mem:326.38M (Peak 326.45M) | Time:00:00.30 | Mem:245.21M, Peak:245.21M | Scene, ViewLayer | Loading denoising kernels (may take a few minutes the first time)
Fra:1 Mem:326.38M (Peak 358.38M) | Time:00:00.31 | Mem:3445.22M, Peak:3445.22M | Scene, ViewLayer | Sample 0/48 (Using optimized kernels)
Fra:1 Mem:326.37M (Peak 404.29M) | Time:00:00.95 | Remaining:00:30.16 | Mem:3523.19M, Peak:3523.19M | Scene, ViewLayer | Sample 1/48 (5 kernels to optimize)
Fra:1 Mem:326.37M (Peak 404.29M) | Time:00:02.38 | Remaining:00:00.94 | Mem:3523.20M, Peak:3523.20M | Scene, ViewLayer | Sample 33/48 (5 kernels to optimize)
Fra:1 Mem:359.18M (Peak 408.40M) | Time:00:05.70 | Mem:3523.20M, Peak:3523.20M | Scene, ViewLayer | Sample 48/48 (5 kernels to optimize)
Fra:1 Mem:359.18M (Peak 408.40M) | Time:00:05.70 | Mem:3523.20M, Peak:3523.20M | Scene, ViewLayer | Finished
Saved: '/Users/xuanji/gits/mv-astra/output/monuments/previews/02-moon-palace.png'
Time: 00:05.97 (Saving: 00:00.20)

FINISHED 02-moon-palace alignment errors: [6.67572021484375e-05]

Blender quit
