Info: Applied modifier was not first, result may not be as expected
Info: Applied modifier was not first, result may not be as expected
Info: Applied modifier was not first, result may not be as expected
Info: Applied modifier was not first, result may not be as expected
Info: Applied modifier was not first, result may not be as expected
Info: Applied modifier was not first, result may not be as expected
Info: Applied modifier was not first, result may not be as expected
Info: Applied modifier was not first, result may not be as expected
Info: Applied modifier was not first, result may not be as expected
Info: Applied modifier was not first, result may not be as expected
Info: Applied modifier was not first, result may not be as expected
Info: Applied modifier was not first, result may not be as expected
Info: Applied modifier was not first, result may not be as expected
Info: Applied modifier was not first, result may not be as expected
Info: Applied modifier was not first, result may not be as expected
Info: Applied modifier was not first, result may not be as expected
Info: Applied modifier was not first, result may not be as expected
Info: Applied modifier was not first, result may not be as expected
Info: Applied modifier was not first, result may not be as expected
Info: Applied modifier was not first, result may not be as expected
Info: Applied modifier was not first, result may not be as expected
Info: Applied modifier was not first, result may not be as expected
Info: Applied modifier was not first, result may not be as expected
Info: Applied modifier was not first, result may not be as expected
Info: Applied modifier was not first, result may not be as expected
Info: Applied modifier was not first, result may not be as expected
Info: Applied modifier was not first, result may not be as expected
Info: Applied modifier was not first, result may not be as expected
Info: Applied modifier was not first, result may not be as expected
Info: Applied modifier was not first, result may not be as expected
Info: Applied modifier was not first, result may not be as expected
Info: Applied modifier was not first, result may not be as expected
Info: Applied modifier was not first, result may not be as expected
Info: Applied modifier was not first, result may not be as expected
Info: Applied modifier was not first, result may not be as expected
Info: Applied modifier was not first, result may not be as expected
Info: Applied modifier was not first, result may not be as expected
Info: Applied modifier was not first, result may not be as expected
Info: Applied modifier was not first, result may not be as expected
Info: Applied modifier was not first, result may not be as expected
Info: Applied modifier was not first, result may not be as expected
Info: Applied modifier was not first, result may not be as expected
Info: Applied modifier was not first, result may not be as expected
Info: Applied modifier was not first, result may not be as expected
Info: Applied modifier was not first, result may not be as expected
Info: Applied modifier was not first, result may not be as expected
Info: Applied modifier was not first, result may not be as expected
Info: Applied modifier was not first, result may not be as expected
Info: Applied modifier was not first, result may not be as expected
Info: Applied modifier was not first, result may not be as expected
Info: Applied modifier was not first, result may not be as expected
Info: Applied modifier was not first, result may not be as expected
Info: Applied modifier was not first, result may not be as expected
Info: Applied modifier was not first, result may not be as expected
Info: Applied modifier was not first, result may not be as expected
11:45:59 | INFO: Data are loaded, start creating Blender stuff
11:45:59 | INFO: Blender create Mesh node potted_plant_01_base_low
11:45:59 | INFO: Blender create Mesh node Circle.008
11:45:59 | INFO: Blender create Mesh node Circle.002
11:45:59 | INFO: Blender create Mesh node Plane.070
11:45:59 | INFO: glTF import finished in 0.10s
Blender 4.5.0 (hash 8cb6b388974a built 2025-07-15 01:35:28)
Fra:1 Mem:124.18M (Peak 127.64M) | Time:00:00.02 | Mem:0.02M, Peak:0.02M | Scene, ViewLayer | Synchronizing object | Seabed
Fra:1 Mem:124.35M (Peak 127.64M) | Time:00:00.03 | Mem:0.02M, Peak:0.02M | Scene, ViewLayer | Synchronizing object | Raised standing seam
Fra:1 Mem:126.36M (Peak 127.64M) | Time:00:00.03 | Mem:0.02M, Peak:0.02M | Scene, ViewLayer | Synchronizing object | Fine horizontal masonry joint.002
Fra:1 Mem:126.66M (Peak 127.64M) | Time:00:00.03 | Mem:0.02M, Peak:0.02M | Scene, ViewLayer | Synchronizing object | Fine horizontal masonry joint.003
Fra:1 Mem:126.66M (Peak 127.64M) | Time:00:00.03 | Mem:0.02M, Peak:0.02M | Scene, ViewLayer | Synchronizing object | Fine horizontal masonry joint.006
Fra:1 Mem:126.71M (Peak 127.64M) | Time:00:00.03 | Mem:0.02M, Peak:0.02M | Scene, ViewLayer | Synchronizing object | Tower corner pilaster.001
Fra:1 Mem:126.68M (Peak 127.64M) | Time:00:00.03 | Mem:0.02M, Peak:0.02M | Scene, ViewLayer | Synchronizing object | Fine horizontal masonry joint.008
Fra:1 Mem:126.72M (Peak 127.64M) | Time:00:00.03 | Mem:0.02M, Peak:0.02M | Scene, ViewLayer | Synchronizing object | Fine horizontal masonry joint.011
Fra:1 Mem:126.72M (Peak 127.64M) | Time:00:00.03 | Mem:0.02M, Peak:0.02M | Scene, ViewLayer | Synchronizing object | Fine horizontal masonry joint.012
Fra:1 Mem:126.81M (Peak 127.64M) | Time:00:00.03 | Mem:0.02M, Peak:0.02M | Scene, ViewLayer | Synchronizing object | Fine horizontal masonry joint.013
Fra:1 Mem:126.82M (Peak 127.64M) | Time:00:00.03 | Mem:0.02M, Peak:0.02M | Scene, ViewLayer | Synchronizing object | Tower corner pilaster.002
Fra:1 Mem:126.86M (Peak 127.64M) | Time:00:00.03 | Mem:0.02M, Peak:0.02M | Scene, ViewLayer | Synchronizing object | Tower corner pilaster capital.002
Fra:1 Mem:126.90M (Peak 127.64M) | Time:00:00.03 | Mem:0.02M, Peak:0.02M | Scene, ViewLayer | Synchronizing object | Fine horizontal masonry joint.014
Fra:1 Mem:126.90M (Peak 127.64M) | Time:00:00.03 | Mem:0.02M, Peak:0.02M | Scene, ViewLayer | Synchronizing object | Fine horizontal masonry joint.016
Fra:1 Mem:126.93M (Peak 127.64M) | Time:00:00.03 | Mem:0.02M, Peak:0.02M | Scene, ViewLayer | Synchronizing object | Fine horizontal masonry joint.017
Fra:1 Mem:126.98M (Peak 127.64M) | Time:00:00.03 | Mem:0.02M, Peak:0.02M | Scene, ViewLayer | Synchronizing object | Fine horizontal masonry joint.018
Fra:1 Mem:127.03M (Peak 127.64M) | Time:00:00.03 | Mem:0.02M, Peak:0.02M | Scene, ViewLayer | Synchronizing object | Fine horizontal masonry joint.020
Fra:1 Mem:127.12M (Peak 127.64M) | Time:00:00.03 | Mem:0.02M, Peak:0.02M | Scene, ViewLayer | Synchronizing object | Tower corner pilaster.003
Fra:1 Mem:127.14M (Peak 127.64M) | Time:00:00.03 | Mem:0.02M, Peak:0.02M | Scene, ViewLayer | Synchronizing object | Tower corner pilaster footing.003
Fra:1 Mem:127.19M (Peak 127.64M) | Time:00:00.03 | Mem:0.02M, Peak:0.02M | Scene, ViewLayer | Synchronizing object | Tower corner pilaster capital.003
Fra:1 Mem:127.27M (Peak 127.64M) | Time:00:00.03 | Mem:0.02M, Peak:0.02M | Scene, ViewLayer | Synchronizing object | Fine horizontal masonry joint.023
Fra:1 Mem:127.27M (Peak 127.64M) | Time:00:00.03 | Mem:0.02M, Peak:0.02M | Scene, ViewLayer | Synchronizing object | Fine horizontal masonry joint.024
Fra:1 Mem:127.29M (Peak 127.64M) | Time:00:00.03 | Mem:0.02M, Peak:0.02M | Scene, ViewLayer | Synchronizing object | Fine horizontal masonry joint.026
Fra:1 Mem:127.30M (Peak 127.64M) | Time:00:00.03 | Mem:0.02M, Peak:0.02M | Scene, ViewLayer | Synchronizing object | Fine horizontal masonry joint.027
Fra:1 Mem:127.33M (Peak 127.64M) | Time:00:00.03 | Mem:0.02M, Peak:0.02M | Scene, ViewLayer | Synchronizing object | Tower middle cornice
Fra:1 Mem:127.49M (Peak 127.64M) | Time:00:00.03 | Mem:0.02M, Peak:0.02M | Scene, ViewLayer | Synchronizing object | Bronze inlay border
Fra:1 Mem:127.53M (Peak 127.64M) | Time:00:00.03 | Mem:0.02M, Peak:0.02M | Scene, ViewLayer | Synchronizing object | Bronze inlay border.001
Fra:1 Mem:127.57M (Peak 127.64M) | Time:00:00.03 | Mem:0.02M, Peak:0.02M | Scene, ViewLayer | Synchronizing object | Bronze inlay border.002
Fra:1 Mem:127.58M (Peak 127.64M) | Time:00:00.03 | Mem:0.02M, Peak:0.02M | Scene, ViewLayer | Synchronizing object | Upper loggia jamb.003
Fra:1 Mem:127.84M (Peak 127.84M) | Time:00:00.03 | Mem:0.02M, Peak:0.02M | Scene, ViewLayer | Synchronizing object | Upper loggia jamb.005
Fra:1 Mem:127.84M (Peak 127.84M) | Time:00:00.03 | Mem:0.02M, Peak:0.02M | Scene, ViewLayer | Synchronizing object | Raised standing seam.002
Fra:1 Mem:128.01M (Peak 128.01M) | Time:00:00.03 | Mem:0.02M, Peak:0.02M | Scene, ViewLayer | Synchronizing object | Upper belvedere terrace
Fra:1 Mem:128.03M (Peak 128.03M) | Time:00:00.03 | Mem:0.02M, Peak:0.02M | Scene, ViewLayer | Synchronizing object | Raised standing seam.003
Fra:1 Mem:128.15M (Peak 128.15M) | Time:00:00.03 | Mem:0.02M, Peak:0.02M | Scene, ViewLayer | Synchronizing object | Crown observatory stylobate
Fra:1 Mem:128.15M (Peak 128.15M) | Time:00:00.03 | Mem:0.02M, Peak:0.02M | Scene, ViewLayer | Synchronizing object | Inset stone paving.001
Fra:1 Mem:128.20M (Peak 128.20M) | Time:00:00.03 | Mem:0.02M, Peak:0.02M | Scene, ViewLayer | Synchronizing object | Bronze inlay border.008
Fra:1 Mem:128.20M (Peak 128.20M) | Time:00:00.03 | Mem:0.02M, Peak:0.02M | Scene, ViewLayer | Synchronizing object | Raised standing seam.004
Fra:1 Mem:128.26M (Peak 128.26M) | Time:00:00.03 | Mem:0.02M, Peak:0.02M | Scene, ViewLayer | Synchronizing object | Bronze inlay border.010
Fra:1 Mem:128.33M (Peak 128.33M) | Time:00:00.03 | Mem:0.02M, Peak:0.02M | Scene, ViewLayer | Synchronizing object | Bronze inlay border.011
Fra:1 Mem:128.33M (Peak 128.33M) | Time:00:00.03 | Mem:0.02M, Peak:0.02M | Scene, ViewLayer | Synchronizing object | Bronze inlay border.013
Fra:1 Mem:128.34M (Peak 128.34M) | Time:00:00.03 | Mem:0.02M, Peak:0.02M | Scene, ViewLayer | Synchronizing object | Bronze inlay border.015
Fra:1 Mem:128.35M (Peak 128.35M) | Time:00:00.03 | Mem:0.02M, Peak:0.02M | Scene, ViewLayer | Synchronizing object | Diamond inlaid stone.001
Fra:1 Mem:128.42M (Peak 128.42M) | Time:00:00.03 | Mem:0.02M, Peak:0.02M | Scene, ViewLayer | Synchronizing object | Crown observatory jamb
Fra:1 Mem:128.50M (Peak 128.50M) | Time:00:00.03 | Mem:0.02M, Peak:0.02M | Scene, ViewLayer | Synchronizing object | Crown observatory jamb.001
Fra:1 Mem:128.48M (Peak 128.50M) | Time:00:00.03 | Mem:0.02M, Peak:0.02M | Scene, ViewLayer | Synchronizing object | Crown observatory jamb.002
Fra:1 Mem:128.59M (Peak 128.59M) | Time:00:00.03 | Mem:0.02M, Peak:0.02M | Scene, ViewLayer | Synchronizing object | Crown observatory jamb.003
Fra:1 Mem:128.58M (Peak 128.59M) | Time:00:00.03 | Mem:0.02M, Peak:0.02M | Scene, ViewLayer | Synchronizing object | Crown observatory jamb.005
Fra:1 Mem:128.63M (Peak 128.63M) | Time:00:00.03 | Mem:0.02M, Peak:0.02M | Scene, ViewLayer | Synchronizing object | Crown observatory jamb.006
Fra:1 Mem:128.69M (Peak 128.69M) | Time:00:00.03 | Mem:0.02M, Peak:0.02M | Scene, ViewLayer | Synchronizing object | Crown observatory cornice
Fra:1 Mem:128.73M (Peak 128.73M) | Time:00:00.03 | Mem:0.02M, Peak:0.02M | Scene, ViewLayer | Synchronizing object | Crown observatory bronze roof curb
Fra:1 Mem:128.78M (Peak 128.78M) | Time:00:00.03 | Mem:0.02M, Peak:0.02M | Scene, ViewLayer | Synchronizing object | Gilded finial
Fra:1 Mem:128.78M (Peak 128.78M) | Time:00:00.03 | Mem:0.02M, Peak:0.02M | Scene, ViewLayer | Synchronizing object | Sphere
Fra:1 Mem:128.83M (Peak 128.83M) | Time:00:00.03 | Mem:0.02M, Peak:0.02M | Scene, ViewLayer | Synchronizing object | Slender flagstaff
Fra:1 Mem:128.84M (Peak 128.84M) | Time:00:00.03 | Mem:0.02M, Peak:0.02M | Scene, ViewLayer | Synchronizing object | Brass step nosing
Fra:1 Mem:128.80M (Peak 128.84M) | Time:00:00.03 | Mem:0.02M, Peak:0.02M | Scene, ViewLayer | Synchronizing object | Brass step nosing.001
Fra:1 Mem:128.82M (Peak 128.84M) | Time:00:00.03 | Mem:0.02M, Peak:0.02M | Scene, ViewLayer | Synchronizing object | Dressed stone tread.003
Fra:1 Mem:128.88M (Peak 128.88M) | Time:00:00.03 | Mem:0.02M, Peak:0.02M | Scene, ViewLayer | Synchronizing object | Brass step nosing.003
Fra:1 Mem:128.95M (Peak 128.95M) | Time:00:00.03 | Mem:0.02M, Peak:0.02M | Scene, ViewLayer | Synchronizing object | Dressed stone tread.004
Fra:1 Mem:128.96M (Peak 128.96M) | Time:00:00.03 | Mem:0.02M, Peak:0.02M | Scene, ViewLayer | Synchronizing object | Brass step nosing.004
Fra:1 Mem:128.98M (Peak 128.98M) | Time:00:00.03 | Mem:0.02M, Peak:0.02M | Scene, ViewLayer | Synchronizing object | Dressed stone tread.005
Fra:1 Mem:128.99M (Peak 128.99M) | Time:00:00.03 | Mem:0.02M, Peak:0.02M | Scene, ViewLayer | Synchronizing object | Brass step nosing.005
Fra:1 Mem:129.09M (Peak 129.09M) | Time:00:00.03 | Mem:0.02M, Peak:0.02M | Scene, ViewLayer | Synchronizing object | Dressed stone tread.006
Fra:1 Mem:129.10M (Peak 129.10M) | Time:00:00.03 | Mem:0.02M, Peak:0.02M | Scene, ViewLayer | Synchronizing object | Brass step nosing.006
Fra:1 Mem:129.22M (Peak 129.22M) | Time:00:00.03 | Mem:0.02M, Peak:0.02M | Scene, ViewLayer | Synchronizing object | Dressed stone tread.007
Fra:1 Mem:129.22M (Peak 129.22M) | Time:00:00.03 | Mem:0.02M, Peak:0.02M | Scene, ViewLayer | Synchronizing object | Brass step nosing.008
Fra:1 Mem:129.27M (Peak 129.27M) | Time:00:00.03 | Mem:0.02M, Peak:0.02M | Scene, ViewLayer | Synchronizing object | Brass step nosing.009
Fra:1 Mem:129.34M (Peak 129.34M) | Time:00:00.03 | Mem:0.02M, Peak:0.02M | Scene, ViewLayer | Synchronizing object | Dressed stone tread.010
Fra:1 Mem:129.34M (Peak 129.34M) | Time:00:00.03 | Mem:0.02M, Peak:0.02M | Scene, ViewLayer | Synchronizing object | Raised standing seam.006
Fra:1 Mem:129.32M (Peak 129.34M) | Time:00:00.03 | Mem:0.02M, Peak:0.02M | Scene, ViewLayer | Synchronizing object | Brass step nosing.013
Fra:1 Mem:129.51M (Peak 129.51M) | Time:00:00.03 | Mem:0.02M, Peak:0.02M | Scene, ViewLayer | Synchronizing object | Slim brass handrail
Fra:1 Mem:129.50M (Peak 129.51M) | Time:00:00.03 | Mem:0.02M, Peak:0.02M | Scene, ViewLayer | Synchronizing object | Raised standing seam.007
Fra:1 Mem:129.57M (Peak 129.57M) | Time:00:00.03 | Mem:0.02M, Peak:0.02M | Scene, ViewLayer | Synchronizing object | Bronze baluster
Fra:1 Mem:129.56M (Peak 129.57M) | Time:00:00.03 | Mem:0.02M, Peak:0.02M | Scene, ViewLayer | Synchronizing object | Bronze baluster.001
Fra:1 Mem:129.59M (Peak 129.59M) | Time:00:00.03 | Mem:0.02M, Peak:0.02M | Scene, ViewLayer | Synchronizing object | Bronze baluster.003
Fra:1 Mem:129.58M (Peak 129.59M) | Time:00:00.03 | Mem:0.02M, Peak:0.02M | Scene, ViewLayer | Synchronizing object | Bronze baluster.004
Fra:1 Mem:129.61M (Peak 129.61M) | Time:00:00.03 | Mem:0.02M, Peak:0.02M | Scene, ViewLayer | Synchronizing object | Slim brass handrail.001
Fra:1 Mem:129.62M (Peak 129.62M) | Time:00:00.03 | Mem:0.02M, Peak:0.02M | Scene, ViewLayer | Synchronizing object | Bronze baluster.006
Fra:1 Mem:129.66M (Peak 129.68M) | Time:00:00.03 | Mem:0.02M, Peak:0.02M | Scene, ViewLayer | Synchronizing object | Bronze baluster.008
Fra:1 Mem:129.71M (Peak 129.70M) | Time:00:00.03 | Mem:0.02M, Peak:0.02M | Scene, ViewLayer | Synchronizing object | Bronze baluster.009
Fra:1 Mem:129.77M (Peak 129.77M) | Time:00:00.03 | Mem:0.02M, Peak:0.02M | Scene, ViewLayer | Synchronizing object | Brass step nosing.014
Fra:1 Mem:129.77M (Peak 129.77M) | Time:00:00.03 | Mem:0.02M, Peak:0.02M | Scene, ViewLayer | Synchronizing object | Dressed stone tread.015
Fra:1 Mem:129.81M (Peak 129.81M) | Time:00:00.03 | Mem:0.02M, Peak:0.02M | Scene, ViewLayer | Synchronizing object | Dressed stone tread.016
Fra:1 Mem:129.84M (Peak 129.84M) | Time:00:00.03 | Mem:0.02M, Peak:0.02M | Scene, ViewLayer | Synchronizing object | Brass step nosing.016
Fra:1 Mem:129.84M (Peak 129.84M) | Time:00:00.03 | Mem:0.02M, Peak:0.02M | Scene, ViewLayer | Synchronizing object | Dressed stone tread.017
Fra:1 Mem:129.87M (Peak 129.87M) | Time:00:00.03 | Mem:0.02M, Peak:0.02M | Scene, ViewLayer | Synchronizing object | Brass step nosing.017
Fra:1 Mem:129.90M (Peak 129.90M) | Time:00:00.03 | Mem:0.02M, Peak:0.02M | Scene, ViewLayer | Synchronizing object | Dressed stone tread.018
Fra:1 Mem:129.88M (Peak 129.90M) | Time:00:00.03 | Mem:0.02M, Peak:0.02M | Scene, ViewLayer | Synchronizing object | Dressed stone tread.019
Fra:1 Mem:129.94M (Peak 129.94M) | Time:00:00.03 | Mem:0.02M, Peak:0.02M | Scene, ViewLayer | Synchronizing object | Brass step nosing.019
Fra:1 Mem:129.99M (Peak 129.99M) | Time:00:00.03 | Mem:0.02M, Peak:0.02M | Scene, ViewLayer | Synchronizing object | Dressed stone tread.020
Fra:1 Mem:130.06M (Peak 130.06M) | Time:00:00.03 | Mem:0.02M, Peak:0.02M | Scene, ViewLayer | Synchronizing object | Brass step nosing.020
Fra:1 Mem:130.07M (Peak 130.07M) | Time:00:00.03 | Mem:0.02M, Peak:0.02M | Scene, ViewLayer | Synchronizing object | Slim brass handrail.002
Fra:1 Mem:130.12M (Peak 130.12M) | Time:00:00.03 | Mem:0.02M, Peak:0.02M | Scene, ViewLayer | Synchronizing object | Bronze baluster.011
Fra:1 Mem:130.13M (Peak 130.13M) | Time:00:00.03 | Mem:0.02M, Peak:0.02M | Scene, ViewLayer | Synchronizing object | Slim brass handrail.003
Fra:1 Mem:130.16M (Peak 130.16M) | Time:00:00.03 | Mem:0.02M, Peak:0.02M | Scene, ViewLayer | Synchronizing object | Bronze baluster.013
Fra:1 Mem:130.16M (Peak 130.16M) | Time:00:00.03 | Mem:0.02M, Peak:0.02M | Scene, ViewLayer | Synchronizing object | Bronze baluster.015
Fra:1 Mem:130.19M (Peak 130.19M) | Time:00:00.03 | Mem:0.02M, Peak:0.02M | Scene, ViewLayer | Synchronizing object | Dressed stone tread.021
Fra:1 Mem:130.18M (Peak 130.19M) | Time:00:00.03 | Mem:0.02M, Peak:0.02M | Scene, ViewLayer | Synchronizing object | Brass step nosing.021
Fra:1 Mem:130.20M (Peak 130.20M) | Time:00:00.03 | Mem:0.02M, Peak:0.02M | Scene, ViewLayer | Synchronizing object | Dressed stone tread.022
Fra:1 Mem:130.26M (Peak 130.26M) | Time:00:00.03 | Mem:0.02M, Peak:0.02M | Scene, ViewLayer | Synchronizing object | Dressed stone tread.023
Fra:1 Mem:130.33M (Peak 130.33M) | Time:00:00.03 | Mem:0.02M, Peak:0.02M | Scene, ViewLayer | Synchronizing object | Brass step nosing.023
Fra:1 Mem:130.36M (Peak 130.36M) | Time:00:00.03 | Mem:0.02M, Peak:0.02M | Scene, ViewLayer | Synchronizing object | Dressed stone tread.024
Fra:1 Mem:130.45M (Peak 130.45M) | Time:00:00.03 | Mem:0.02M, Peak:0.02M | Scene, ViewLayer | Synchronizing object | Dressed stone tread.025
Fra:1 Mem:130.50M (Peak 130.50M) | Time:00:00.03 | Mem:0.02M, Peak:0.02M | Scene, ViewLayer | Synchronizing object | Raised standing seam.010
Fra:1 Mem:130.51M (Peak 130.51M) | Time:00:00.03 | Mem:0.02M, Peak:0.02M | Scene, ViewLayer | Synchronizing object | Dressed stone tread.026
Fra:1 Mem:130.58M (Peak 130.58M) | Time:00:00.03 | Mem:0.02M, Peak:0.02M | Scene, ViewLayer | Synchronizing object | Brass step nosing.026
Fra:1 Mem:130.58M (Peak 130.58M) | Time:00:00.03 | Mem:0.02M, Peak:0.02M | Scene, ViewLayer | Synchronizing object | Dressed stone tread.027
Fra:1 Mem:130.61M (Peak 130.61M) | Time:00:00.03 | Mem:0.02M, Peak:0.02M | Scene, ViewLayer | Synchronizing object | Slim brass handrail.004
Fra:1 Mem:130.70M (Peak 130.70M) | Time:00:00.03 | Mem:0.02M, Peak:0.02M | Scene, ViewLayer | Synchronizing object | Bronze baluster.016
Fra:1 Mem:130.70M (Peak 130.70M) | Time:00:00.03 | Mem:0.02M, Peak:0.02M | Scene, ViewLayer | Synchronizing object | Bronze baluster.017
Fra:1 Mem:130.70M (Peak 130.70M) | Time:00:00.03 | Mem:0.02M, Peak:0.02M | Scene, ViewLayer | Synchronizing object | Slim brass handrail.005
Fra:1 Mem:130.76M (Peak 130.76M) | Time:00:00.03 | Mem:0.02M, Peak:0.02M | Scene, ViewLayer | Synchronizing object | Bronze baluster.019
Fra:1 Mem:130.79M (Peak 130.79M) | Time:00:00.03 | Mem:0.02M, Peak:0.02M | Scene, ViewLayer | Synchronizing object | Bronze baluster.020
Fra:1 Mem:130.75M (Peak 130.79M) | Time:00:00.03 | Mem:0.02M, Peak:0.02M | Scene, ViewLayer | Synchronizing object | Bronze baluster.021
Fra:1 Mem:130.76M (Peak 130.79M) | Time:00:00.03 | Mem:0.02M, Peak:0.02M | Scene, ViewLayer | Synchronizing object | Dressed stone tread.028
Fra:1 Mem:130.75M (Peak 130.79M) | Time:00:00.03 | Mem:0.02M, Peak:0.02M | Scene, ViewLayer | Synchronizing object | Brass step nosing.030
Fra:1 Mem:130.77M (Peak 130.79M) | Time:00:00.03 | Mem:0.02M, Peak:0.02M | Scene, ViewLayer | Synchronizing object | Dressed stone tread.031
Fra:1 Mem:130.80M (Peak 130.80M) | Time:00:00.03 | Mem:0.02M, Peak:0.02M | Scene, ViewLayer | Synchronizing object | Dressed stone tread.032
Fra:1 Mem:130.85M (Peak 130.85M) | Time:00:00.03 | Mem:0.02M, Peak:0.02M | Scene, ViewLayer | Synchronizing object | Brass step nosing.032
Fra:1 Mem:130.96M (Peak 130.96M) | Time:00:00.03 | Mem:0.02M, Peak:0.02M | Scene, ViewLayer | Synchronizing object | Dressed stone tread.033
Fra:1 Mem:130.97M (Peak 130.97M) | Time:00:00.03 | Mem:0.02M, Peak:0.02M | Scene, ViewLayer | Synchronizing object | Brass step nosing.033
Fra:1 Mem:131.01M (Peak 131.01M) | Time:00:00.03 | Mem:0.02M, Peak:0.02M | Scene, ViewLayer | Synchronizing object | Dressed stone tread.034
Fra:1 Mem:131.06M (Peak 131.06M) | Time:00:00.03 | Mem:0.02M, Peak:0.02M | Scene, ViewLayer | Synchronizing object | Dressed stone tread.035
Fra:1 Mem:131.08M (Peak 131.08M) | Time:00:00.03 | Mem:0.02M, Peak:0.02M | Scene, ViewLayer | Synchronizing object | Brass step nosing.035
Fra:1 Mem:131.23M (Peak 131.23M) | Time:00:00.03 | Mem:0.02M, Peak:0.02M | Scene, ViewLayer | Synchronizing object | Dressed stone tread.036
Fra:1 Mem:131.23M (Peak 131.23M) | Time:00:00.03 | Mem:0.02M, Peak:0.02M | Scene, ViewLayer | Synchronizing object | Dressed stone tread.037
Fra:1 Mem:131.40M (Peak 131.40M) | Time:00:00.03 | Mem:0.02M, Peak:0.02M | Scene, ViewLayer | Synchronizing object | Brass step nosing.038
Fra:1 Mem:131.41M (Peak 131.41M) | Time:00:00.03 | Mem:0.02M, Peak:0.02M | Scene, ViewLayer | Synchronizing object | Dressed stone tread.039
Fra:1 Mem:131.41M (Peak 131.41M) | Time:00:00.03 | Mem:0.02M, Peak:0.02M | Scene, ViewLayer | Synchronizing object | Brass step nosing.040
Fra:1 Mem:131.42M (Peak 131.42M) | Time:00:00.03 | Mem:0.02M, Peak:0.02M | Scene, ViewLayer | Synchronizing object | Slim brass handrail.006
Fra:1 Mem:131.40M (Peak 131.42M) | Time:00:00.03 | Mem:0.02M, Peak:0.02M | Scene, ViewLayer | Synchronizing object | Bronze baluster.023
Fra:1 Mem:131.41M (Peak 131.42M) | Time:00:00.03 | Mem:0.02M, Peak:0.02M | Scene, ViewLayer | Synchronizing object | Bronze baluster.025
Fra:1 Mem:131.45M (Peak 131.45M) | Time:00:00.03 | Mem:0.02M, Peak:0.02M | Scene, ViewLayer | Synchronizing object | Slim brass handrail.007
Fra:1 Mem:131.42M (Peak 131.45M) | Time:00:00.03 | Mem:0.02M, Peak:0.02M | Scene, ViewLayer | Synchronizing object | Bronze baluster.028
Fra:1 Mem:131.50M (Peak 131.50M) | Time:00:00.03 | Mem:0.02M, Peak:0.02M | Scene, ViewLayer | Synchronizing object | Bronze baluster.029
Fra:1 Mem:131.52M (Peak 131.52M) | Time:00:00.03 | Mem:0.02M, Peak:0.02M | Scene, ViewLayer | Synchronizing object | Bronze baluster.030
Fra:1 Mem:131.59M (Peak 131.59M) | Time:00:00.03 | Mem:0.02M, Peak:0.02M | Scene, ViewLayer | Synchronizing object | Bronze baluster.031
Fra:1 Mem:131.67M (Peak 131.67M) | Time:00:00.03 | Mem:0.02M, Peak:0.02M | Scene, ViewLayer | Synchronizing object | Landing perimeter handrail
Fra:1 Mem:131.65M (Peak 131.67M) | Time:00:00.03 | Mem:0.02M, Peak:0.02M | Scene, ViewLayer | Synchronizing object | Landing perimeter handrail.001
Fra:1 Mem:131.73M (Peak 131.73M) | Time:00:00.03 | Mem:0.02M, Peak:0.02M | Scene, ViewLayer | Synchronizing object | Corner baluster
Fra:1 Mem:131.75M (Peak 131.75M) | Time:00:00.03 | Mem:0.02M, Peak:0.02M | Scene, ViewLayer | Synchronizing object | Corner baluster.001
Fra:1 Mem:131.77M (Peak 131.77M) | Time:00:00.03 | Mem:0.02M, Peak:0.02M | Scene, ViewLayer | Synchronizing object | Landing perimeter handrail.004
Fra:1 Mem:131.78M (Peak 131.78M) | Time:00:00.03 | Mem:0.02M, Peak:0.02M | Scene, ViewLayer | Synchronizing object | Pavilion entry gatepost
Fra:1 Mem:131.79M (Peak 131.79M) | Time:00:00.03 | Mem:0.02M, Peak:0.02M | Scene, ViewLayer | Synchronizing object | Landing perimeter handrail.005
Fra:1 Mem:131.78M (Peak 131.79M) | Time:00:00.03 | Mem:0.02M, Peak:0.02M | Scene, ViewLayer | Synchronizing object | Pavilion entry gatepost.001
Fra:1 Mem:131.81M (Peak 131.81M) | Time:00:00.03 | Mem:0.02M, Peak:0.02M | Scene, ViewLayer | Synchronizing object | Landing perimeter handrail.007
Fra:1 Mem:131.80M (Peak 131.81M) | Time:00:00.03 | Mem:0.02M, Peak:0.02M | Scene, ViewLayer | Synchronizing object | Landing perimeter handrail.008
Fra:1 Mem:131.82M (Peak 131.82M) | Time:00:00.03 | Mem:0.02M, Peak:0.02M | Scene, ViewLayer | Synchronizing object | Corner baluster.003
Fra:1 Mem:131.81M (Peak 131.82M) | Time:00:00.03 | Mem:0.02M, Peak:0.02M | Scene, ViewLayer | Synchronizing object | Landing perimeter handrail.009
Fra:1 Mem:131.82M (Peak 131.82M) | Time:00:00.03 | Mem:0.02M, Peak:0.02M | Scene, ViewLayer | Synchronizing object | Corner baluster.004
Fra:1 Mem:131.84M (Peak 131.84M) | Time:00:00.03 | Mem:0.02M, Peak:0.02M | Scene, ViewLayer | Synchronizing object | Landing perimeter handrail.011
Fra:1 Mem:131.83M (Peak 131.84M) | Time:00:00.03 | Mem:0.02M, Peak:0.02M | Scene, ViewLayer | Synchronizing object | Landing perimeter handrail.014
Fra:1 Mem:131.84M (Peak 131.84M) | Time:00:00.03 | Mem:0.02M, Peak:0.02M | Scene, ViewLayer | Synchronizing object | Corner baluster.006
Fra:1 Mem:131.85M (Peak 131.85M) | Time:00:00.03 | Mem:0.02M, Peak:0.02M | Scene, ViewLayer | Synchronizing object | Landing perimeter handrail.015
Fra:1 Mem:131.85M (Peak 131.85M) | Time:00:00.03 | Mem:0.02M, Peak:0.02M | Scene, ViewLayer | Synchronizing object | Landing perimeter handrail.016
Fra:1 Mem:131.87M (Peak 131.87M) | Time:00:00.03 | Mem:0.02M, Peak:0.02M | Scene, ViewLayer | Synchronizing object | Corner baluster.007
Fra:1 Mem:131.87M (Peak 131.87M) | Time:00:00.03 | Mem:0.02M, Peak:0.02M | Scene, ViewLayer | Synchronizing object | Illusion corner landing 0
Fra:1 Mem:131.87M (Peak 131.87M) | Time:00:00.03 | Mem:0.02M, Peak:0.02M | Scene, ViewLayer | Synchronizing object | Illusion corner landing 1
Fra:1 Mem:131.88M (Peak 131.88M) | Time:00:00.03 | Mem:0.02M, Peak:0.02M | Scene, ViewLayer | Synchronizing object | Stair support 1
Fra:1 Mem:131.91M (Peak 131.91M) | Time:00:00.03 | Mem:0.02M, Peak:0.02M | Scene, ViewLayer | Synchronizing object | Stair support 1 footing
Fra:1 Mem:131.95M (Peak 131.95M) | Time:00:00.03 | Mem:0.02M, Peak:0.02M | Scene, ViewLayer | Synchronizing object | Fine horizontal masonry joint.028
Fra:1 Mem:131.94M (Peak 131.95M) | Time:00:00.03 | Mem:0.02M, Peak:0.02M | Scene, ViewLayer | Synchronizing object | Fine horizontal masonry joint.029
Fra:1 Mem:132.07M (Peak 132.08M) | Time:00:00.03 | Mem:0.02M, Peak:0.02M | Scene, ViewLayer | Synchronizing object | Fine horizontal masonry joint.030
Fra:1 Mem:132.08M (Peak 132.08M) | Time:00:00.03 | Mem:0.02M, Peak:0.02M | Scene, ViewLayer | Synchronizing object | Fine horizontal masonry joint.031
Fra:1 Mem:132.13M (Peak 132.13M) | Time:00:00.03 | Mem:0.02M, Peak:0.02M | Scene, ViewLayer | Synchronizing object | Fine horizontal masonry joint.032
Fra:1 Mem:132.13M (Peak 132.13M) | Time:00:00.03 | Mem:0.02M, Peak:0.02M | Scene, ViewLayer | Synchronizing object | Fine horizontal masonry joint.033
Fra:1 Mem:132.16M (Peak 132.16M) | Time:00:00.03 | Mem:0.02M, Peak:0.02M | Scene, ViewLayer | Synchronizing object | Illusion corner landing 2
Fra:1 Mem:132.20M (Peak 132.20M) | Time:00:00.03 | Mem:0.02M, Peak:0.02M | Scene, ViewLayer | Synchronizing object | Stair support 2
Fra:1 Mem:132.22M (Peak 132.22M) | Time:00:00.03 | Mem:0.02M, Peak:0.02M | Scene, ViewLayer | Synchronizing object | Stair support 2 footing
Fra:1 Mem:132.33M (Peak 132.33M) | Time:00:00.03 | Mem:0.02M, Peak:0.02M | Scene, ViewLayer | Synchronizing object | Stair support 2 capital
Fra:1 Mem:132.30M (Peak 132.33M) | Time:00:00.03 | Mem:0.02M, Peak:0.02M | Scene, ViewLayer | Synchronizing object | Fine horizontal masonry joint.037
Fra:1 Mem:132.28M (Peak 132.33M) | Time:00:00.03 | Mem:0.02M, Peak:0.02M | Scene, ViewLayer | Synchronizing object | Fine horizontal masonry joint.039
Fra:1 Mem:132.30M (Peak 132.33M) | Time:00:00.03 | Mem:0.02M, Peak:0.02M | Scene, ViewLayer | Synchronizing object | Fine horizontal masonry joint.040
Fra:1 Mem:132.46M (Peak 132.46M) | Time:00:00.03 | Mem:0.02M, Peak:0.02M | Scene, ViewLayer | Synchronizing object | Illusion corner landing 3
Fra:1 Mem:132.43M (Peak 132.46M) | Time:00:00.03 | Mem:0.02M, Peak:0.02M | Scene, ViewLayer | Synchronizing object | Stair support 3 capital
Fra:1 Mem:132.50M (Peak 132.50M) | Time:00:00.03 | Mem:0.02M, Peak:0.02M | Scene, ViewLayer | Synchronizing object | Fine horizontal masonry joint.043
Fra:1 Mem:132.49M (Peak 132.50M) | Time:00:00.03 | Mem:0.02M, Peak:0.02M | Scene, ViewLayer | Synchronizing object | Fine horizontal masonry joint.047
Fra:1 Mem:132.52M (Peak 132.52M) | Time:00:00.03 | Mem:0.02M, Peak:0.02M | Scene, ViewLayer | Synchronizing object | Fine horizontal masonry joint.048
Fra:1 Mem:132.53M (Peak 132.53M) | Time:00:00.03 | Mem:0.02M, Peak:0.02M | Scene, ViewLayer | Synchronizing object | Illusion corner landing 4
Fra:1 Mem:132.59M (Peak 132.59M) | Time:00:00.03 | Mem:0.02M, Peak:0.02M | Scene, ViewLayer | Synchronizing object | Stair support 4
Fra:1 Mem:132.69M (Peak 132.69M) | Time:00:00.03 | Mem:0.02M, Peak:0.02M | Scene, ViewLayer | Synchronizing object | Raised standing seam.015
Fra:1 Mem:132.70M (Peak 132.70M) | Time:00:00.03 | Mem:0.02M, Peak:0.02M | Scene, ViewLayer | Synchronizing object | Stair support 4 footing
Fra:1 Mem:132.75M (Peak 132.75M) | Time:00:00.03 | Mem:0.02M, Peak:0.02M | Scene, ViewLayer | Synchronizing object | Stair support 4 capital
Fra:1 Mem:132.87M (Peak 132.87M) | Time:00:00.03 | Mem:0.02M, Peak:0.02M | Scene, ViewLayer | Synchronizing object | Fine horizontal masonry joint.049
Fra:1 Mem:132.91M (Peak 132.91M) | Time:00:00.03 | Mem:0.02M, Peak:0.02M | Scene, ViewLayer | Synchronizing object | Fine horizontal masonry joint.050
Fra:1 Mem:132.94M (Peak 132.94M) | Time:00:00.03 | Mem:0.02M, Peak:0.02M | Scene, ViewLayer | Synchronizing object | Fine horizontal masonry joint.053
Fra:1 Mem:132.94M (Peak 132.94M) | Time:00:00.03 | Mem:0.02M, Peak:0.02M | Scene, ViewLayer | Synchronizing object | Fine horizontal masonry joint.054
Fra:1 Mem:132.97M (Peak 132.97M) | Time:00:00.03 | Mem:0.02M, Peak:0.02M | Scene, ViewLayer | Synchronizing object | Fine horizontal masonry joint.055
Fra:1 Mem:132.98M (Peak 132.98M) | Time:00:00.03 | Mem:0.02M, Peak:0.02M | Scene, ViewLayer | Synchronizing object | Fine horizontal masonry joint.056
Fra:1 Mem:133.04M (Peak 133.04M) | Time:00:00.03 | Mem:0.02M, Peak:0.02M | Scene, ViewLayer | Synchronizing object | Fine horizontal masonry joint.057
Fra:1 Mem:133.06M (Peak 133.06M) | Time:00:00.03 | Mem:0.02M, Peak:0.02M | Scene, ViewLayer | Synchronizing object | Fine horizontal masonry joint.059
Fra:1 Mem:133.10M (Peak 133.10M) | Time:00:00.03 | Mem:0.02M, Peak:0.02M | Scene, ViewLayer | Synchronizing object | Inset stone paving.002
Fra:1 Mem:133.30M (Peak 133.30M) | Time:00:00.03 | Mem:0.02M, Peak:0.02M | Scene, ViewLayer | Synchronizing object | Bronze inlay border.016
Fra:1 Mem:133.32M (Peak 133.32M) | Time:00:00.03 | Mem:0.02M, Peak:0.02M | Scene, ViewLayer | Synchronizing object | Bronze inlay border.017
Fra:1 Mem:133.44M (Peak 133.44M) | Time:00:00.03 | Mem:0.02M, Peak:0.02M | Scene, ViewLayer | Synchronizing object | Dome rolled rim.001
Fra:1 Mem:133.55M (Peak 133.55M) | Time:00:00.03 | Mem:0.02M, Peak:0.02M | Scene, ViewLayer | Synchronizing object | Bronze inlay border.019
Fra:1 Mem:133.54M (Peak 133.55M) | Time:00:00.03 | Mem:0.02M, Peak:0.02M | Scene, ViewLayer | Synchronizing object | Bronze inlay border.020
Fra:1 Mem:133.61M (Peak 133.61M) | Time:00:00.03 | Mem:0.02M, Peak:0.02M | Scene, ViewLayer | Synchronizing object | Bronze inlay border.022
Fra:1 Mem:133.73M (Peak 133.73M) | Time:00:00.03 | Mem:0.02M, Peak:0.02M | Scene, ViewLayer | Synchronizing object | Raised standing seam.016
Fra:1 Mem:133.91M (Peak 133.91M) | Time:00:00.03 | Mem:0.02M, Peak:0.02M | Scene, ViewLayer | Synchronizing object | Bronze inlay border.023
Fra:1 Mem:133.86M (Peak 133.91M) | Time:00:00.03 | Mem:0.02M, Peak:0.02M | Scene, ViewLayer | Synchronizing object | Inset stone paving.003
Fra:1 Mem:133.89M (Peak 133.91M) | Time:00:00.03 | Mem:0.02M, Peak:0.02M | Scene, ViewLayer | Synchronizing object | Bronze inlay border.025
Fra:1 Mem:133.93M (Peak 133.93M) | Time:00:00.03 | Mem:0.02M, Peak:0.02M | Scene, ViewLayer | Synchronizing object | Bronze inlay border.027
Fra:1 Mem:133.94M (Peak 133.94M) | Time:00:00.03 | Mem:0.02M, Peak:0.02M | Scene, ViewLayer | Synchronizing object | Bronze inlay border.028
Fra:1 Mem:133.98M (Peak 133.98M) | Time:00:00.03 | Mem:0.02M, Peak:0.02M | Scene, ViewLayer | Synchronizing object | Bronze inlay border.030
Fra:1 Mem:133.97M (Peak 133.98M) | Time:00:00.03 | Mem:0.02M, Peak:0.02M | Scene, ViewLayer | Synchronizing object | Diamond inlaid stone.003
Fra:1 Mem:134.01M (Peak 134.01M) | Time:00:00.03 | Mem:0.02M, Peak:0.02M | Scene, ViewLayer | Synchronizing object | Bronze inlay border.032
Fra:1 Mem:134.00M (Peak 134.01M) | Time:00:00.03 | Mem:0.02M, Peak:0.02M | Scene, ViewLayer | Synchronizing object | Bronze inlay border.033
Fra:1 Mem:134.30M (Peak 134.30M) | Time:00:00.03 | Mem:0.02M, Peak:0.02M | Scene, ViewLayer | Synchronizing object | Bronze inlay border.035
Fra:1 Mem:134.38M (Peak 134.38M) | Time:00:00.03 | Mem:0.02M, Peak:0.02M | Scene, ViewLayer | Synchronizing object | Bronze inlay border.037
Fra:1 Mem:134.37M (Peak 134.38M) | Time:00:00.03 | Mem:0.02M, Peak:0.02M | Scene, ViewLayer | Synchronizing object | Raised standing seam.018
Fra:1 Mem:134.42M (Peak 134.42M) | Time:00:00.03 | Mem:0.02M, Peak:0.02M | Scene, ViewLayer | Synchronizing object | Bronze inlay border.039
Fra:1 Mem:134.46M (Peak 134.46M) | Time:00:00.03 | Mem:0.02M, Peak:0.02M | Scene, ViewLayer | Synchronizing object | Bronze inlay border.040
Fra:1 Mem:134.52M (Peak 134.52M) | Time:00:00.03 | Mem:0.02M, Peak:0.02M | Scene, ViewLayer | Synchronizing object | Bronze inlay border.042
Fra:1 Mem:134.51M (Peak 134.52M) | Time:00:00.03 | Mem:0.02M, Peak:0.02M | Scene, ViewLayer | Synchronizing object | Bronze inlay border.044
Fra:1 Mem:134.59M (Peak 134.59M) | Time:00:00.03 | Mem:0.02M, Peak:0.02M | Scene, ViewLayer | Synchronizing object | Bronze inlay border.045
Fra:1 Mem:134.64M (Peak 134.64M) | Time:00:00.03 | Mem:0.02M, Peak:0.02M | Scene, ViewLayer | Synchronizing object | Bronze inlay border.046
Fra:1 Mem:134.70M (Peak 134.70M) | Time:00:00.03 | Mem:0.02M, Peak:0.02M | Scene, ViewLayer | Synchronizing object | Diamond inlaid stone.005
Fra:1 Mem:134.73M (Peak 134.73M) | Time:00:00.03 | Mem:0.02M, Peak:0.02M | Scene, ViewLayer | Synchronizing object | West chapel jamb
Fra:1 Mem:134.72M (Peak 134.73M) | Time:00:00.03 | Mem:0.02M, Peak:0.02M | Scene, ViewLayer | Synchronizing object | West chapel jamb.001
Fra:1 Mem:134.89M (Peak 134.89M) | Time:00:00.03 | Mem:0.02M, Peak:0.02M | Scene, ViewLayer | Synchronizing object | West chapel jamb.002
Fra:1 Mem:134.89M (Peak 134.89M) | Time:00:00.03 | Mem:0.02M, Peak:0.02M | Scene, ViewLayer | Synchronizing object | West chapel jamb.005
Fra:1 Mem:134.94M (Peak 134.94M) | Time:00:00.03 | Mem:0.02M, Peak:0.02M | Scene, ViewLayer | Synchronizing object | West chapel bronze roof curb
Fra:1 Mem:134.94M (Peak 134.94M) | Time:00:00.03 | Mem:0.02M, Peak:0.02M | Scene, ViewLayer | Synchronizing object | Raised standing seam.020
Fra:1 Mem:135.02M (Peak 135.02M) | Time:00:00.03 | Mem:0.02M, Peak:0.02M | Scene, ViewLayer | Synchronizing object | Gilded finial.001
Fra:1 Mem:135.00M (Peak 135.02M) | Time:00:00.03 | Mem:0.02M, Peak:0.02M | Scene, ViewLayer | Synchronizing object | Sphere.001
Fra:1 Mem:135.05M (Peak 135.05M) | Time:00:00.03 | Mem:0.02M, Peak:0.02M | Scene, ViewLayer | Synchronizing object | West chapel tower
Fra:1 Mem:135.13M (Peak 135.13M) | Time:00:00.03 | Mem:0.02M, Peak:0.02M | Scene, ViewLayer | Synchronizing object | West chapel tower capital
Fra:1 Mem:135.12M (Peak 135.13M) | Time:00:00.03 | Mem:0.02M, Peak:0.02M | Scene, ViewLayer | Synchronizing object | Fine horizontal masonry joint.060
Fra:1 Mem:135.24M (Peak 135.24M) | Time:00:00.03 | Mem:0.02M, Peak:0.02M | Scene, ViewLayer | Synchronizing object | Fine horizontal masonry joint.061
Fra:1 Mem:135.33M (Peak 135.33M) | Time:00:00.03 | Mem:0.02M, Peak:0.02M | Scene, ViewLayer | Synchronizing object | Fine horizontal masonry joint.062
Fra:1 Mem:135.42M (Peak 135.42M) | Time:00:00.03 | Mem:0.02M, Peak:0.02M | Scene, ViewLayer | Synchronizing object | West chapel bridge jamb
Fra:1 Mem:135.43M (Peak 135.43M) | Time:00:00.03 | Mem:0.02M, Peak:0.02M | Scene, ViewLayer | Synchronizing object | West chapel bridge deck
Fra:1 Mem:135.45M (Peak 135.45M) | Time:00:00.03 | Mem:0.02M, Peak:0.02M | Scene, ViewLayer | Synchronizing object | East chapel stylobate
Fra:1 Mem:135.41M (Peak 135.45M) | Time:00:00.03 | Mem:0.02M, Peak:0.02M | Scene, ViewLayer | Synchronizing object | Bronze inlay border.048
Fra:1 Mem:135.49M (Peak 135.49M) | Time:00:00.03 | Mem:0.02M, Peak:0.02M | Scene, ViewLayer | Synchronizing object | Bronze inlay border.049
Fra:1 Mem:135.51M (Peak 135.51M) | Time:00:00.03 | Mem:0.02M, Peak:0.02M | Scene, ViewLayer | Synchronizing object | Bronze inlay border.051
Fra:1 Mem:135.51M (Peak 135.51M) | Time:00:00.03 | Mem:0.02M, Peak:0.02M | Scene, ViewLayer | Synchronizing object | Bronze inlay border.055
Fra:1 Mem:135.51M (Peak 135.51M) | Time:00:00.03 | Mem:0.02M, Peak:0.02M | Scene, ViewLayer | Synchronizing object | Diamond inlaid stone.006
Fra:1 Mem:135.63M (Peak 135.63M) | Time:00:00.03 | Mem:0.02M, Peak:0.02M | Scene, ViewLayer | Synchronizing object | East chapel jamb
Fra:1 Mem:135.61M (Peak 135.63M) | Time:00:00.03 | Mem:0.02M, Peak:0.02M | Scene, ViewLayer | Synchronizing object | East chapel jamb.001
Fra:1 Mem:135.71M (Peak 135.71M) | Time:00:00.03 | Mem:0.02M, Peak:0.02M | Scene, ViewLayer | Synchronizing object | East chapel jamb.002
Fra:1 Mem:135.72M (Peak 135.72M) | Time:00:00.03 | Mem:0.02M, Peak:0.02M | Scene, ViewLayer | Synchronizing object | East chapel jamb.003
Fra:1 Mem:135.70M (Peak 135.72M) | Time:00:00.03 | Mem:0.02M, Peak:0.02M | Scene, ViewLayer | Synchronizing object | East chapel jamb.005
Fra:1 Mem:135.80M (Peak 135.80M) | Time:00:00.03 | Mem:0.02M, Peak:0.02M | Scene, ViewLayer | Synchronizing object | East chapel jamb.006
Fra:1 Mem:135.80M (Peak 135.80M) | Time:00:00.03 | Mem:0.02M, Peak:0.02M | Scene, ViewLayer | Synchronizing object | East chapel jamb.007
Fra:1 Mem:135.91M (Peak 135.91M) | Time:00:00.03 | Mem:0.02M, Peak:0.02M | Scene, ViewLayer | Synchronizing object | East chapel cornice
Fra:1 Mem:135.92M (Peak 135.92M) | Time:00:00.03 | Mem:0.02M, Peak:0.02M | Scene, ViewLayer | Synchronizing object | Sphere.002
Fra:1 Mem:135.99M (Peak 135.99M) | Time:00:00.03 | Mem:0.02M, Peak:0.02M | Scene, ViewLayer | Synchronizing object | East chapel tower footing
Fra:1 Mem:135.97M (Peak 135.99M) | Time:00:00.03 | Mem:0.02M, Peak:0.02M | Scene, ViewLayer | Synchronizing object | East chapel tower capital
Fra:1 Mem:135.99M (Peak 135.99M) | Time:00:00.03 | Mem:0.02M, Peak:0.02M | Scene, ViewLayer | Synchronizing object | Fine horizontal masonry joint.064
Fra:1 Mem:136.00M (Peak 136.00M) | Time:00:00.03 | Mem:0.02M, Peak:0.02M | Scene, ViewLayer | Synchronizing object | Fine horizontal masonry joint.065
Fra:1 Mem:136.04M (Peak 136.04M) | Time:00:00.03 | Mem:0.02M, Peak:0.02M | Scene, ViewLayer | Synchronizing object | Fine horizontal masonry joint.067
Fra:1 Mem:136.07M (Peak 136.07M) | Time:00:00.03 | Mem:0.02M, Peak:0.02M | Scene, ViewLayer | Synchronizing object | Fine horizontal masonry joint.068
Fra:1 Mem:136.09M (Peak 136.09M) | Time:00:00.03 | Mem:0.02M, Peak:0.02M | Scene, ViewLayer | Synchronizing object | Fine horizontal masonry joint.069
Fra:1 Mem:136.12M (Peak 136.12M) | Time:00:00.03 | Mem:0.02M, Peak:0.02M | Scene, ViewLayer | Synchronizing object | East chapel threshold
Fra:1 Mem:136.15M (Peak 136.15M) | Time:00:00.03 | Mem:0.02M, Peak:0.02M | Scene, ViewLayer | Synchronizing object | Base battlement.001
Fra:1 Mem:136.16M (Peak 136.16M) | Time:00:00.03 | Mem:0.02M, Peak:0.02M | Scene, ViewLayer | Synchronizing object | Base battlement.002
Fra:1 Mem:136.22M (Peak 136.22M) | Time:00:00.03 | Mem:0.02M, Peak:0.02M | Scene, ViewLayer | Synchronizing object | Base battlement.003
Fra:1 Mem:136.25M (Peak 136.25M) | Time:00:00.03 | Mem:0.02M, Peak:0.02M | Scene, ViewLayer | Synchronizing object | Inset stone paving.007
Fra:1 Mem:136.34M (Peak 136.34M) | Time:00:00.03 | Mem:0.02M, Peak:0.02M | Scene, ViewLayer | Synchronizing object | Bronze inlay border.056
Fra:1 Mem:136.36M (Peak 136.36M) | Time:00:00.03 | Mem:0.02M, Peak:0.02M | Scene, ViewLayer | Synchronizing object | Bronze inlay border.057
Fra:1 Mem:136.37M (Peak 136.37M) | Time:00:00.03 | Mem:0.02M, Peak:0.02M | Scene, ViewLayer | Synchronizing object | Bronze inlay border.058
Fra:1 Mem:136.48M (Peak 136.48M) | Time:00:00.03 | Mem:0.02M, Peak:0.02M | Scene, ViewLayer | Synchronizing object | Bronze inlay border.059
Fra:1 Mem:136.58M (Peak 136.58M) | Time:00:00.03 | Mem:0.02M, Peak:0.02M | Scene, ViewLayer | Synchronizing object | Bronze inlay border.060
Fra:1 Mem:136.54M (Peak 136.58M) | Time:00:00.03 | Mem:0.02M, Peak:0.02M | Scene, ViewLayer | Synchronizing object | Bronze inlay border.061
Fra:1 Mem:136.55M (Peak 136.58M) | Time:00:00.03 | Mem:0.02M, Peak:0.02M | Scene, ViewLayer | Synchronizing object | Bronze inlay border.065
Fra:1 Mem:136.57M (Peak 136.58M) | Time:00:00.03 | Mem:0.02M, Peak:0.02M | Scene, ViewLayer | Synchronizing object | Bronze inlay border.067
Fra:1 Mem:136.61M (Peak 136.61M) | Time:00:00.03 | Mem:0.02M, Peak:0.02M | Scene, ViewLayer | Synchronizing object | Bronze inlay border.068
Fra:1 Mem:136.67M (Peak 136.67M) | Time:00:00.03 | Mem:0.02M, Peak:0.02M | Scene, ViewLayer | Synchronizing object | Bronze inlay border.069
Fra:1 Mem:136.68M (Peak 136.68M) | Time:00:00.03 | Mem:0.02M, Peak:0.02M | Scene, ViewLayer | Synchronizing object | Bronze inlay border.070
Fra:1 Mem:136.72M (Peak 136.72M) | Time:00:00.03 | Mem:0.02M, Peak:0.02M | Scene, ViewLayer | Synchronizing object | Bronze inlay border.071
Fra:1 Mem:136.72M (Peak 136.72M) | Time:00:00.03 | Mem:0.02M, Peak:0.02M | Scene, ViewLayer | Synchronizing object | Raised standing seam.022
Fra:1 Mem:136.89M (Peak 136.89M) | Time:00:00.03 | Mem:0.02M, Peak:0.02M | Scene, ViewLayer | Synchronizing object | Diamond inlaid stone.008
Fra:1 Mem:136.93M (Peak 136.93M) | Time:00:00.03 | Mem:0.02M, Peak:0.02M | Scene, ViewLayer | Synchronizing object | Refracting sea | displaced surface and enclosed volume
Fra:1 Mem:136.93M (Peak 136.93M) | Time:00:00.03 | Mem:0.02M, Peak:0.02M | Scene, ViewLayer | Synchronizing object | Great tower lower portal arch
Fra:1 Mem:137.01M (Peak 137.03M) | Time:00:00.03 | Mem:0.02M, Peak:0.02M | Scene, ViewLayer | Synchronizing object | Great tower lower portal voussoir
Fra:1 Mem:137.03M (Peak 137.03M) | Time:00:00.03 | Mem:0.02M, Peak:0.02M | Scene, ViewLayer | Synchronizing object | Great tower lower portal voussoir.001
Fra:1 Mem:138.61M (Peak 138.61M) | Time:00:00.03 | Mem:0.02M, Peak:0.02M | Scene, ViewLayer | Synchronizing object | Great tower lower portal voussoir.002
Fra:1 Mem:138.61M (Peak 138.61M) | Time:00:00.03 | Mem:0.02M, Peak:0.02M | Scene, ViewLayer | Synchronizing object | Great tower lower portal voussoir.006
Fra:1 Mem:138.68M (Peak 138.68M) | Time:00:00.03 | Mem:0.02M, Peak:0.02M | Scene, ViewLayer | Synchronizing object | Great tower lower portal voussoir.009
Fra:1 Mem:138.88M (Peak 138.88M) | Time:00:00.03 | Mem:0.02M, Peak:0.02M | Scene, ViewLayer | Synchronizing object | Raised standing seam.023
Fra:1 Mem:138.98M (Peak 138.98M) | Time:00:00.03 | Mem:0.02M, Peak:0.02M | Scene, ViewLayer | Synchronizing object | Great tower lower portal voussoir.011
Fra:1 Mem:139.02M (Peak 139.02M) | Time:00:00.03 | Mem:0.02M, Peak:0.02M | Scene, ViewLayer | Synchronizing object | Great tower lower portal voussoir.012
Fra:1 Mem:139.10M (Peak 139.10M) | Time:00:00.03 | Mem:0.02M, Peak:0.02M | Scene, ViewLayer | Synchronizing object | Great tower lower portal voussoir.015
Fra:1 Mem:139.11M (Peak 139.11M) | Time:00:00.03 | Mem:0.02M, Peak:0.02M | Scene, ViewLayer | Synchronizing object | Great tower lower portal arch.001
Fra:1 Mem:139.27M (Peak 139.27M) | Time:00:00.03 | Mem:0.02M, Peak:0.02M | Scene, ViewLayer | Synchronizing object | Great tower lower portal voussoir.017
Fra:1 Mem:139.50M (Peak 139.50M) | Time:00:00.03 | Mem:0.02M, Peak:0.02M | Scene, ViewLayer | Synchronizing object | Great tower lower portal voussoir.018
Fra:1 Mem:139.52M (Peak 139.52M) | Time:00:00.03 | Mem:0.02M, Peak:0.02M | Scene, ViewLayer | Synchronizing object | Great tower lower portal voussoir.021
Fra:1 Mem:139.74M (Peak 139.74M) | Time:00:00.03 | Mem:0.02M, Peak:0.02M | Scene, ViewLayer | Synchronizing object | Great tower lower portal voussoir.022
Fra:1 Mem:139.59M (Peak 139.74M) | Time:00:00.03 | Mem:0.02M, Peak:0.02M | Scene, ViewLayer | Synchronizing object | Great tower lower portal voussoir.023
Fra:1 Mem:139.59M (Peak 139.74M) | Time:00:00.03 | Mem:0.02M, Peak:0.02M | Scene, ViewLayer | Synchronizing object | Raised standing seam.025
Fra:1 Mem:139.65M (Peak 139.74M) | Time:00:00.03 | Mem:0.02M, Peak:0.02M | Scene, ViewLayer | Synchronizing object | Great tower lower portal voussoir.028
Fra:1 Mem:139.83M (Peak 139.83M) | Time:00:00.03 | Mem:0.02M, Peak:0.02M | Scene, ViewLayer | Synchronizing object | Great tower lower portal voussoir.029
Fra:1 Mem:139.69M (Peak 139.83M) | Time:00:00.03 | Mem:0.02M, Peak:0.02M | Scene, ViewLayer | Synchronizing object | Great tower lower portal voussoir.030
Fra:1 Mem:139.65M (Peak 139.83M) | Time:00:00.03 | Mem:0.02M, Peak:0.02M | Scene, ViewLayer | Synchronizing object | Great tower lower portal voussoir.032
Fra:1 Mem:142.59M (Peak 142.59M) | Time:00:00.03 | Mem:0.02M, Peak:0.02M | Scene, ViewLayer | Synchronizing object | Great tower lower portal voussoir.033
Fra:1 Mem:142.70M (Peak 142.70M) | Time:00:00.03 | Mem:0.02M, Peak:0.02M | Scene, ViewLayer | Synchronizing object | Great tower lower portal voussoir.034
Fra:1 Mem:143.53M (Peak 143.53M) | Time:00:00.03 | Mem:0.02M, Peak:0.02M | Scene, ViewLayer | Synchronizing object | Great tower lower portal voussoir.035
Fra:1 Mem:144.42M (Peak 144.42M) | Time:00:00.03 | Mem:0.02M, Peak:0.02M | Scene, ViewLayer | Synchronizing object | Great tower lower portal voussoir.036
Fra:1 Mem:144.48M (Peak 144.48M) | Time:00:00.03 | Mem:0.02M, Peak:0.02M | Scene, ViewLayer | Synchronizing object | Great tower lower portal voussoir.038
Fra:1 Mem:144.61M (Peak 144.61M) | Time:00:00.03 | Mem:0.02M, Peak:0.02M | Scene, ViewLayer | Synchronizing object | Great tower lower portal voussoir.039
Fra:1 Mem:144.69M (Peak 144.69M) | Time:00:00.03 | Mem:0.02M, Peak:0.02M | Scene, ViewLayer | Synchronizing object | Great tower lower portal voussoir.040
Fra:1 Mem:144.86M (Peak 144.86M) | Time:00:00.03 | Mem:0.02M, Peak:0.02M | Scene, ViewLayer | Synchronizing object | Great tower lower portal voussoir.041
Fra:1 Mem:144.86M (Peak 144.86M) | Time:00:00.03 | Mem:0.02M, Peak:0.02M | Scene, ViewLayer | Synchronizing object | Great tower lower portal voussoir.044
Fra:1 Mem:146.31M (Peak 146.31M) | Time:00:00.03 | Mem:0.02M, Peak:0.02M | Scene, ViewLayer | Synchronizing object | Raised standing seam.027
Fra:1 Mem:146.34M (Peak 146.34M) | Time:00:00.03 | Mem:0.02M, Peak:0.02M | Scene, ViewLayer | Synchronizing object | Great tower lower portal voussoir.045
Fra:1 Mem:146.32M (Peak 146.34M) | Time:00:00.03 | Mem:0.02M, Peak:0.02M | Scene, ViewLayer | Synchronizing object | Great tower lower portal voussoir.046
Fra:1 Mem:146.35M (Peak 146.35M) | Time:00:00.03 | Mem:0.02M, Peak:0.02M | Scene, ViewLayer | Synchronizing object | Great tower lower portal voussoir.047
Fra:1 Mem:146.37M (Peak 146.37M) | Time:00:00.03 | Mem:0.02M, Peak:0.02M | Scene, ViewLayer | Synchronizing object | Great tower lower portal voussoir.052
Fra:1 Mem:146.37M (Peak 146.37M) | Time:00:00.03 | Mem:0.02M, Peak:0.02M | Scene, ViewLayer | Synchronizing object | Raised standing seam.028
Fra:1 Mem:146.40M (Peak 146.40M) | Time:00:00.03 | Mem:0.02M, Peak:0.02M | Scene, ViewLayer | Synchronizing object | Great tower lower portal voussoir.057
Fra:1 Mem:146.48M (Peak 146.48M) | Time:00:00.03 | Mem:0.02M, Peak:0.02M | Scene, ViewLayer | Synchronizing object | Great tower lower portal voussoir.059
Fra:1 Mem:146.58M (Peak 146.58M) | Time:00:00.03 | Mem:0.02M, Peak:0.02M | Scene, ViewLayer | Synchronizing object | Raised standing seam.029
Fra:1 Mem:146.88M (Peak 146.91M) | Time:00:00.03 | Mem:0.02M, Peak:0.02M | Scene, ViewLayer | Synchronizing object | Raised standing seam.030
Fra:1 Mem:147.28M (Peak 147.28M) | Time:00:00.03 | Mem:0.02M, Peak:0.02M | Scene, ViewLayer | Synchronizing object | Great tower lower portal voussoir.063
Fra:1 Mem:147.44M (Peak 147.44M) | Time:00:00.03 | Mem:0.02M, Peak:0.02M | Scene, ViewLayer | Synchronizing object | Great tower lower portal voussoir.064
Fra:1 Mem:147.47M (Peak 147.47M) | Time:00:00.03 | Mem:0.02M, Peak:0.02M | Scene, ViewLayer | Synchronizing object | Great tower lower portal voussoir.065
Fra:1 Mem:147.54M (Peak 147.54M) | Time:00:00.03 | Mem:0.02M, Peak:0.02M | Scene, ViewLayer | Synchronizing object | Upper loggia voussoir
Fra:1 Mem:147.74M (Peak 147.74M) | Time:00:00.03 | Mem:0.02M, Peak:0.02M | Scene, ViewLayer | Synchronizing object | Upper loggia voussoir.001
Fra:1 Mem:147.93M (Peak 147.93M) | Time:00:00.03 | Mem:0.02M, Peak:0.02M | Scene, ViewLayer | Synchronizing object | Upper loggia voussoir.002
Fra:1 Mem:148.00M (Peak 148.00M) | Time:00:00.03 | Mem:0.02M, Peak:0.02M | Scene, ViewLayer | Synchronizing object | Upper loggia voussoir.003
Fra:1 Mem:148.11M (Peak 148.11M) | Time:00:00.03 | Mem:0.02M, Peak:0.02M | Scene, ViewLayer | Synchronizing object | Upper loggia voussoir.004
Fra:1 Mem:148.16M (Peak 148.16M) | Time:00:00.03 | Mem:0.02M, Peak:0.02M | Scene, ViewLayer | Synchronizing object | Upper loggia voussoir.006
Fra:1 Mem:148.20M (Peak 148.20M) | Time:00:00.03 | Mem:0.02M, Peak:0.02M | Scene, ViewLayer | Synchronizing object | Upper loggia voussoir.007
Fra:1 Mem:148.19M (Peak 148.20M) | Time:00:00.03 | Mem:0.02M, Peak:0.02M | Scene, ViewLayer | Synchronizing object | Upper loggia voussoir.010
Fra:1 Mem:148.13M (Peak 148.20M) | Time:00:00.03 | Mem:0.02M, Peak:0.02M | Scene, ViewLayer | Synchronizing object | Upper loggia voussoir.012
Fra:1 Mem:148.21M (Peak 148.21M) | Time:00:00.03 | Mem:0.02M, Peak:0.02M | Scene, ViewLayer | Synchronizing object | Upper loggia voussoir.014
Fra:1 Mem:148.23M (Peak 148.23M) | Time:00:00.03 | Mem:0.02M, Peak:0.02M | Scene, ViewLayer | Synchronizing object | Upper loggia voussoir.015
Fra:1 Mem:148.25M (Peak 148.25M) | Time:00:00.03 | Mem:0.02M, Peak:0.02M | Scene, ViewLayer | Synchronizing object | Upper loggia voussoir.016
Fra:1 Mem:148.29M (Peak 148.29M) | Time:00:00.03 | Mem:0.02M, Peak:0.02M | Scene, ViewLayer | Synchronizing object | Upper loggia voussoir.018
Fra:1 Mem:148.32M (Peak 148.32M) | Time:00:00.03 | Mem:0.02M, Peak:0.02M | Scene, ViewLayer | Synchronizing object | Upper loggia voussoir.019
Fra:1 Mem:149.38M (Peak 149.38M) | Time:00:00.03 | Mem:0.02M, Peak:0.02M | Scene, ViewLayer | Synchronizing object | Upper loggia voussoir.020
Fra:1 Mem:149.51M (Peak 149.51M) | Time:00:00.03 | Mem:0.02M, Peak:0.02M | Scene, ViewLayer | Synchronizing object | Upper loggia voussoir.023
Fra:1 Mem:149.44M (Peak 149.51M) | Time:00:00.03 | Mem:0.02M, Peak:0.02M | Scene, ViewLayer | Synchronizing object | Upper loggia voussoir.025
Fra:1 Mem:149.44M (Peak 149.51M) | Time:00:00.03 | Mem:0.02M, Peak:0.02M | Scene, ViewLayer | Synchronizing object | Upper loggia voussoir.026
Fra:1 Mem:149.50M (Peak 149.51M) | Time:00:00.03 | Mem:0.02M, Peak:0.02M | Scene, ViewLayer | Synchronizing object | Upper loggia voussoir.029
Fra:1 Mem:149.52M (Peak 149.52M) | Time:00:00.03 | Mem:0.02M, Peak:0.02M | Scene, ViewLayer | Synchronizing object | Upper loggia voussoir.030
Fra:1 Mem:149.52M (Peak 149.52M) | Time:00:00.03 | Mem:0.02M, Peak:0.02M | Scene, ViewLayer | Synchronizing object | Upper loggia voussoir.032
Fra:1 Mem:149.56M (Peak 149.56M) | Time:00:00.03 | Mem:0.02M, Peak:0.02M | Scene, ViewLayer | Synchronizing object | Upper loggia voussoir.033
Fra:1 Mem:149.56M (Peak 149.56M) | Time:00:00.03 | Mem:0.02M, Peak:0.02M | Scene, ViewLayer | Synchronizing object | Upper loggia voussoir.034
Fra:1 Mem:149.65M (Peak 149.65M) | Time:00:00.03 | Mem:0.02M, Peak:0.02M | Scene, ViewLayer | Synchronizing object | Upper loggia voussoir.036
Fra:1 Mem:149.74M (Peak 149.74M) | Time:00:00.03 | Mem:0.02M, Peak:0.02M | Scene, ViewLayer | Synchronizing object | Upper loggia voussoir.037
Fra:1 Mem:149.79M (Peak 149.79M) | Time:00:00.03 | Mem:0.02M, Peak:0.02M | Scene, ViewLayer | Synchronizing object | Upper loggia voussoir.039
Fra:1 Mem:150.33M (Peak 150.33M) | Time:00:00.03 | Mem:0.02M, Peak:0.02M | Scene, ViewLayer | Synchronizing object | Upper loggia voussoir.040
Fra:1 Mem:150.43M (Peak 150.43M) | Time:00:00.03 | Mem:0.02M, Peak:0.02M | Scene, ViewLayer | Synchronizing object | Upper loggia voussoir.042
Fra:1 Mem:150.43M (Peak 150.43M) | Time:00:00.03 | Mem:0.02M, Peak:0.02M | Scene, ViewLayer | Synchronizing object | Upper loggia voussoir.043
Fra:1 Mem:150.57M (Peak 150.57M) | Time:00:00.03 | Mem:0.02M, Peak:0.02M | Scene, ViewLayer | Synchronizing object | Upper loggia voussoir.045
Fra:1 Mem:151.69M (Peak 151.69M) | Time:00:00.03 | Mem:0.02M, Peak:0.02M | Scene, ViewLayer | Synchronizing object | Upper loggia voussoir.047
Fra:1 Mem:150.89M (Peak 151.69M) | Time:00:00.03 | Mem:0.02M, Peak:0.02M | Scene, ViewLayer | Synchronizing object | Upper loggia voussoir.049
Fra:1 Mem:150.91M (Peak 151.69M) | Time:00:00.03 | Mem:0.02M, Peak:0.02M | Scene, ViewLayer | Synchronizing object | Upper loggia voussoir.050
Fra:1 Mem:150.83M (Peak 151.69M) | Time:00:00.03 | Mem:0.02M, Peak:0.02M | Scene, ViewLayer | Synchronizing object | Upper loggia voussoir.052
Fra:1 Mem:150.86M (Peak 151.69M) | Time:00:00.03 | Mem:0.02M, Peak:0.02M | Scene, ViewLayer | Synchronizing object | Upper loggia voussoir.053
Fra:1 Mem:151.07M (Peak 151.69M) | Time:00:00.03 | Mem:0.02M, Peak:0.02M | Scene, ViewLayer | Synchronizing object | Upper loggia voussoir.054
Fra:1 Mem:151.14M (Peak 151.69M) | Time:00:00.03 | Mem:0.02M, Peak:0.02M | Scene, ViewLayer | Synchronizing object | Upper loggia voussoir.055
Fra:1 Mem:151.16M (Peak 151.69M) | Time:00:00.03 | Mem:0.02M, Peak:0.02M | Scene, ViewLayer | Synchronizing object | Upper loggia voussoir.056
Fra:1 Mem:151.24M (Peak 151.69M) | Time:00:00.03 | Mem:0.02M, Peak:0.02M | Scene, ViewLayer | Synchronizing object | Upper loggia voussoir.057
Fra:1 Mem:151.26M (Peak 151.69M) | Time:00:00.03 | Mem:0.02M, Peak:0.02M | Scene, ViewLayer | Synchronizing object | Upper loggia voussoir.058
Fra:1 Mem:151.66M (Peak 151.69M) | Time:00:00.03 | Mem:0.02M, Peak:0.02M | Scene, ViewLayer | Synchronizing object | Upper loggia voussoir.060
Fra:1 Mem:151.46M (Peak 151.69M) | Time:00:00.03 | Mem:0.02M, Peak:0.02M | Scene, ViewLayer | Synchronizing object | Upper loggia voussoir.063
Fra:1 Mem:151.49M (Peak 151.69M) | Time:00:00.03 | Mem:0.02M, Peak:0.02M | Scene, ViewLayer | Synchronizing object | Upper loggia voussoir.065
Fra:1 Mem:151.66M (Peak 151.69M) | Time:00:00.03 | Mem:0.02M, Peak:0.02M | Scene, ViewLayer | Synchronizing object | Raised standing seam.032
Fra:1 Mem:151.89M (Peak 151.89M) | Time:00:00.03 | Mem:0.02M, Peak:0.02M | Scene, ViewLayer | Synchronizing object | Upper loggia voussoir.067
Fra:1 Mem:151.75M (Peak 151.89M) | Time:00:00.03 | Mem:0.02M, Peak:0.02M | Scene, ViewLayer | Synchronizing object | Crown observatory arch
Fra:1 Mem:151.78M (Peak 151.89M) | Time:00:00.03 | Mem:0.02M, Peak:0.02M | Scene, ViewLayer | Synchronizing object | Crown observatory warm interior
Fra:1 Mem:151.82M (Peak 151.89M) | Time:00:00.03 | Mem:0.02M, Peak:0.02M | Scene, ViewLayer | Synchronizing object | Wind-shaped silk flag
Fra:1 Mem:151.84M (Peak 151.89M) | Time:00:00.03 | Mem:0.02M, Peak:0.02M | Scene, ViewLayer | Synchronizing object | Stair vault.001
Fra:1 Mem:152.04M (Peak 152.04M) | Time:00:00.03 | Mem:0.02M, Peak:0.02M | Scene, ViewLayer | Synchronizing object | Stair vault.002
Fra:1 Mem:152.12M (Peak 152.12M) | Time:00:00.03 | Mem:0.02M, Peak:0.02M | Scene, ViewLayer | Synchronizing object | West chapel arch
Fra:1 Mem:152.30M (Peak 152.30M) | Time:00:00.03 | Mem:0.02M, Peak:0.02M | Scene, ViewLayer | Synchronizing object | West chapel copper dome
Fra:1 Mem:152.30M (Peak 152.30M) | Time:00:00.03 | Mem:0.02M, Peak:0.02M | Scene, ViewLayer | Synchronizing object | West chapel warm interior
Fra:1 Mem:152.88M (Peak 152.88M) | Time:00:00.03 | Mem:0.02M, Peak:0.02M | Scene, ViewLayer | Synchronizing object | West chapel bridge arch
Fra:1 Mem:154.61M (Peak 154.61M) | Time:00:00.03 | Mem:0.02M, Peak:0.02M | Scene, ViewLayer | Synchronizing object | West chapel bridge voussoir
Fra:1 Mem:155.59M (Peak 155.60M) | Time:00:00.03 | Mem:0.02M, Peak:0.02M | Scene, ViewLayer | Synchronizing object | West chapel bridge voussoir.001
Fra:1 Mem:155.74M (Peak 155.74M) | Time:00:00.03 | Mem:0.02M, Peak:0.02M | Scene, ViewLayer | Synchronizing object | West chapel bridge voussoir.005
Fra:1 Mem:155.80M (Peak 155.80M) | Time:00:00.03 | Mem:0.02M, Peak:0.02M | Scene, ViewLayer | Synchronizing object | West chapel bridge voussoir.006
Fra:1 Mem:155.75M (Peak 155.80M) | Time:00:00.03 | Mem:0.02M, Peak:0.02M | Scene, ViewLayer | Synchronizing object | Raised standing seam.034
Fra:1 Mem:156.00M (Peak 156.00M) | Time:00:00.03 | Mem:0.02M, Peak:0.02M | Scene, ViewLayer | Synchronizing object | West chapel bridge voussoir.007
Fra:1 Mem:156.29M (Peak 156.29M) | Time:00:00.03 | Mem:0.02M, Peak:0.02M | Scene, ViewLayer | Synchronizing object | West chapel bridge voussoir.008
Fra:1 Mem:156.54M (Peak 156.54M) | Time:00:00.03 | Mem:0.02M, Peak:0.02M | Scene, ViewLayer | Synchronizing object | Raised standing seam.035
Fra:1 Mem:156.62M (Peak 156.62M) | Time:00:00.03 | Mem:0.02M, Peak:0.02M | Scene, ViewLayer | Synchronizing object | West chapel bridge voussoir.010
Fra:1 Mem:156.78M (Peak 156.78M) | Time:00:00.03 | Mem:0.02M, Peak:0.02M | Scene, ViewLayer | Synchronizing object | West chapel bridge voussoir.013
Fra:1 Mem:156.66M (Peak 156.78M) | Time:00:00.03 | Mem:0.02M, Peak:0.02M | Scene, ViewLayer | Synchronizing object | Raised standing seam.036
Fra:1 Mem:156.63M (Peak 156.78M) | Time:00:00.03 | Mem:0.02M, Peak:0.02M | Scene, ViewLayer | Synchronizing object | East chapel arch.002
Fra:1 Mem:156.55M (Peak 156.78M) | Time:00:00.03 | Mem:0.02M, Peak:0.02M | Scene, ViewLayer | Synchronizing object | East chapel arch.003
Fra:1 Mem:156.65M (Peak 156.78M) | Time:00:00.03 | Mem:0.02M, Peak:0.02M | Scene, ViewLayer | Synchronizing object | East chapel copper dome
Fra:1 Mem:156.84M (Peak 156.84M) | Time:00:00.03 | Mem:0.02M, Peak:0.02M | Scene, ViewLayer | Synchronizing object | Raised standing seam.037
Fra:1 Mem:158.78M (Peak 158.78M) | Time:00:00.03 | Mem:0.02M, Peak:0.02M | Scene, ViewLayer | Synchronizing object | Raised standing seam.038
Fra:1 Mem:158.86M (Peak 158.86M) | Time:00:00.03 | Mem:0.02M, Peak:0.02M | Scene, ViewLayer | Synchronizing object | Raised standing seam.039
Fra:1 Mem:158.86M (Peak 158.86M) | Time:00:00.03 | Mem:0.02M, Peak:0.02M | Scene, ViewLayer | Synchronizing object | Raised standing seam.040
Fra:1 Mem:158.94M (Peak 158.94M) | Time:00:00.03 | Mem:0.02M, Peak:0.02M | Scene, ViewLayer | Synchronizing object | Raised standing seam.041
Fra:1 Mem:159.21M (Peak 159.21M) | Time:00:00.03 | Mem:0.02M, Peak:0.02M | Scene, ViewLayer | Synchronizing object | Raised standing seam.042
Fra:1 Mem:159.11M (Peak 159.21M) | Time:00:00.03 | Mem:0.02M, Peak:0.02M | Scene, ViewLayer | Synchronizing object | Raised standing seam.043
Fra:1 Mem:159.20M (Peak 159.21M) | Time:00:00.03 | Mem:0.02M, Peak:0.02M | Scene, ViewLayer | Synchronizing object | Raised standing seam.044
Fra:1 Mem:159.28M (Peak 159.28M) | Time:00:00.03 | Mem:0.02M, Peak:0.02M | Scene, ViewLayer | Synchronizing object | Raised standing seam.045
Fra:1 Mem:159.37M (Peak 159.37M) | Time:00:00.03 | Mem:0.02M, Peak:0.02M | Scene, ViewLayer | Synchronizing object | Raised standing seam.046
Fra:1 Mem:159.46M (Peak 159.46M) | Time:00:00.03 | Mem:0.02M, Peak:0.02M | Scene, ViewLayer | Synchronizing object | Raised standing seam.047
Fra:1 Mem:159.55M (Peak 159.55M) | Time:00:00.03 | Mem:0.02M, Peak:0.02M | Scene, ViewLayer | Synchronizing object | Dome rolled rim.004
Fra:1 Mem:159.66M (Peak 159.66M) | Time:00:00.03 | Mem:0.02M, Peak:0.02M | Scene, ViewLayer | Synchronizing object | Dome rolled rim.005
Fra:1 Mem:159.78M (Peak 159.78M) | Time:00:00.03 | Mem:0.02M, Peak:0.02M | Scene, ViewLayer | Synchronizing object | East chapel warm interior
Fra:1 Mem:159.78M (Peak 159.78M) | Time:00:00.03 | Mem:0.02M, Peak:0.02M | Scene, ViewLayer | Synchronizing object | potted_plant_01_pebbles.001
Fra:1 Mem:159.78M (Peak 159.78M) | Time:00:00.03 | Mem:0.02M, Peak:0.02M | Scene, ViewLayer | Synchronizing object | Crescent moon sculpture
Fra:1 Mem:180.79M (Peak 183.23M) | Time:00:00.04 | Mem:0.02M, Peak:0.02M | Scene, ViewLayer | Initializing
Fra:1 Mem:153.86M (Peak 183.23M) | Time:00:00.04 | Mem:0.02M, Peak:0.02M | Scene, ViewLayer | Updating Images | Loading potted_plant_01_leaves_nor_gl.png
Fra:1 Mem:153.86M (Peak 183.23M) | Time:00:00.04 | Mem:0.02M, Peak:0.02M | Scene, ViewLayer | Updating Images | Loading potted_plant_01_pot_rough
Fra:1 Mem:153.86M (Peak 183.23M) | Time:00:00.04 | Mem:0.02M, Peak:0.02M | Scene, ViewLayer | Updating Images | Loading potted_plant_01_leaves_diff.png
Fra:1 Mem:169.87M (Peak 183.23M) | Time:00:00.04 | Mem:0.02M, Peak:0.02M | Scene, ViewLayer | Updating Images | Loading potted_plant_01_leaves_rough.png
Fra:1 Mem:231.89M (Peak 329.92M) | Time:00:00.07 | Mem:96.02M, Peak:96.02M | Scene, ViewLayer | Waiting for render to start
Fra:1 Mem:231.89M (Peak 329.92M) | Time:00:00.07 | Mem:96.02M, Peak:96.02M | Scene, ViewLayer | Updating Scene
Fra:1 Mem:231.89M (Peak 329.92M) | Time:00:00.07 | Mem:96.02M, Peak:96.02M | Scene, ViewLayer | Updating Shaders
Fra:1 Mem:231.99M (Peak 329.92M) | Time:00:00.07 | Mem:96.02M, Peak:96.02M | Scene, ViewLayer | Loading render kernels (may take a few minutes the first time)
Fra:1 Mem:231.97M (Peak 329.92M) | Time:00:00.09 | Mem:96.06M, Peak:96.06M | Scene, ViewLayer | Updating Procedurals
Fra:1 Mem:231.97M (Peak 329.92M) | Time:00:00.09 | Mem:96.06M, Peak:96.06M | Scene, ViewLayer | Updating Background
Fra:1 Mem:231.97M (Peak 329.92M) | Time:00:00.09 | Mem:96.06M, Peak:96.06M | Scene, ViewLayer | Updating Camera
Fra:1 Mem:231.97M (Peak 329.92M) | Time:00:00.09 | Mem:96.06M, Peak:96.06M | Scene, ViewLayer | Updating Meshes Flags
Fra:1 Mem:231.97M (Peak 329.92M) | Time:00:00.09 | Mem:96.06M, Peak:96.06M | Scene, ViewLayer | Updating Objects
Fra:1 Mem:231.97M (Peak 329.92M) | Time:00:00.09 | Mem:96.06M, Peak:96.06M | Scene, ViewLayer | Updating Objects | Copying Transformations to device
Fra:1 Mem:231.97M (Peak 329.92M) | Time:00:00.09 | Mem:96.21M, Peak:96.21M | Scene, ViewLayer | Updating Particle Systems
Fra:1 Mem:231.97M (Peak 329.92M) | Time:00:00.09 | Mem:96.21M, Peak:96.21M | Scene, ViewLayer | Updating Particle Systems | Copying Particles to device
Fra:1 Mem:231.97M (Peak 329.92M) | Time:00:00.09 | Mem:96.21M, Peak:96.21M | Scene, ViewLayer | Updating Meshes
Fra:1 Mem:242.06M (Peak 329.92M) | Time:00:00.13 | Mem:96.21M, Peak:96.21M | Scene, ViewLayer | Updating Objects | Applying Static Transformations
Fra:1 Mem:242.06M (Peak 329.92M) | Time:00:00.13 | Mem:96.21M, Peak:96.21M | Scene, ViewLayer | Updating Mesh | Computing attributes
Fra:1 Mem:259.96M (Peak 329.92M) | Time:00:00.13 | Mem:96.26M, Peak:96.26M | Scene, ViewLayer | Updating Mesh | Copying Attributes to device
Fra:1 Mem:242.06M (Peak 329.92M) | Time:00:00.19 | Mem:114.12M, Peak:114.12M | Scene, ViewLayer | Updating Geometry BVH Cube.001 2/161 | Building BVH
Fra:1 Mem:242.06M (Peak 329.92M) | Time:00:00.19 | Mem:114.12M, Peak:114.12M | Scene, ViewLayer | Updating Geometry BVH Cube.005 6/552 | Building BVH
Fra:1 Mem:242.06M (Peak 329.92M) | Time:00:00.19 | Mem:114.12M, Peak:114.12M | Scene, ViewLayer | Updating Geometry BVH Cube.010 11/671 | Building BVH
Fra:1 Mem:242.06M (Peak 329.92M) | Time:00:00.19 | Mem:114.12M, Peak:114.12M | Scene, ViewLayer | Updating Geometry BVH Cube.009 10/671 | Building BVH
Fra:1 Mem:242.06M (Peak 329.92M) | Time:00:00.19 | Mem:114.12M, Peak:114.12M | Scene, ViewLayer | Updating Geometry BVH Cube.017 18/671 | Building BVH
Fra:1 Mem:242.06M (Peak 329.92M) | Time:00:00.19 | Mem:114.12M, Peak:114.12M | Scene, ViewLayer | Updating Geometry BVH Cube.017 18/671 | Building mesh BLAS |     188 tris | Cube.009
Fra:1 Mem:242.06M (Peak 329.92M) | Time:00:00.19 | Mem:114.12M, Peak:114.12M | Scene, ViewLayer | Updating Geometry BVH Cube.017 18/671 | Building mesh BLAS |     188 tris | Cube.017
Fra:1 Mem:242.06M (Peak 329.92M) | Time:00:00.19 | Mem:114.12M, Peak:114.12M | Scene, ViewLayer | Updating Geometry BVH Cube.017 18/671 | Building mesh BLAS |     188 tris | Cube.007
Fra:1 Mem:242.06M (Peak 329.92M) | Time:00:00.19 | Mem:114.12M, Peak:114.12M | Scene, ViewLayer | Updating Geometry BVH Crescent moon sculpture 671/671 | Building BVH
Fra:1 Mem:242.06M (Peak 329.92M) | Time:00:00.19 | Mem:114.12M, Peak:114.12M | Scene, ViewLayer | Updating Geometry BVH Crescent moon sculpture 671/671 | Building mesh BLAS |    1028 tris | Crescent moon sculpture
Fra:1 Mem:242.06M (Peak 329.92M) | Time:00:00.19 | Mem:114.12M, Peak:114.12M | Scene, ViewLayer | Updating Geometry BVH Crescent moon sculpture 671/671 | Building mesh BLAS |     188 tris | Cube.002
Fra:1 Mem:242.06M (Peak 329.92M) | Time:00:00.19 | Mem:114.12M, Peak:114.12M | Scene, ViewLayer | Updating Geometry BVH Crescent moon sculpture 671/671 | Building mesh BLAS |     188 tris | Cube.003
Fra:1 Mem:242.06M (Peak 329.92M) | Time:00:00.19 | Mem:114.12M, Peak:114.12M | Scene, ViewLayer | Updating Geometry BVH Crescent moon sculpture 671/671 | Building mesh BLAS |     188 tris | Cube.004
Fra:1 Mem:242.06M (Peak 329.92M) | Time:00:00.19 | Mem:114.12M, Peak:114.12M | Scene, ViewLayer | Updating Geometry BVH Crescent moon sculpture 671/671 | Building mesh BLAS |     188 tris | Cube.016
Fra:1 Mem:242.06M (Peak 329.92M) | Time:00:00.19 | Mem:114.12M, Peak:114.12M | Scene, ViewLayer | Updating Geometry BVH Crescent moon sculpture 671/671 | Building mesh BLAS |     188 tris | Cube.006
Fra:1 Mem:242.06M (Peak 329.92M) | Time:00:00.19 | Mem:114.12M, Peak:114.12M | Scene, ViewLayer | Updating Geometry BVH Crescent moon sculpture 671/671 | Building mesh BLAS |     188 tris | Cube.011
Fra:1 Mem:242.06M (Peak 329.92M) | Time:00:00.19 | Mem:114.12M, Peak:114.12M | Scene, ViewLayer | Updating Geometry BVH Crescent moon sculpture 671/671 | Building mesh BLAS |     188 tris | Cube.013
Fra:1 Mem:242.06M (Peak 329.92M) | Time:00:00.19 | Mem:114.12M, Peak:114.12M | Scene, ViewLayer | Updating Geometry BVH Crescent moon sculpture 671/671 | Building mesh BLAS |     188 tris | Cube.015
Fra:1 Mem:242.06M (Peak 329.92M) | Time:00:00.19 | Mem:114.12M, Peak:114.12M | Scene, ViewLayer | Updating Geometry BVH Crescent moon sculpture 671/671 | Building mesh BLAS |     188 tris | Cube.014
Fra:1 Mem:242.06M (Peak 329.92M) | Time:00:00.19 | Mem:114.12M, Peak:114.12M | Scene, ViewLayer | Updating Geometry BVH Cube.018 19/671 | Building BVH
Fra:1 Mem:242.06M (Peak 329.92M) | Time:00:00.19 | Mem:114.12M, Peak:114.12M | Scene, ViewLayer | Updating Geometry BVH Cube.020 21/671 | Building BVH
Fra:1 Mem:242.06M (Peak 329.92M) | Time:00:00.19 | Mem:114.12M, Peak:114.12M | Scene, ViewLayer | Updating Geometry BVH Cube.021 22/671 | Building BVH
Fra:1 Mem:242.06M (Peak 329.92M) | Time:00:00.19 | Mem:114.12M, Peak:114.12M | Scene, ViewLayer | Updating Geometry BVH Cube.023 24/671 | Building mesh BLAS |     188 tris | Cube.020
Fra:1 Mem:242.06M (Peak 329.92M) | Time:00:00.19 | Mem:114.12M, Peak:114.12M | Scene, ViewLayer | Updating Geometry BVH Cube.023 24/671 | Building mesh BLAS |     188 tris | Cube.021
Fra:1 Mem:242.06M (Peak 329.92M) | Time:00:00.19 | Mem:114.12M, Peak:114.12M | Scene, ViewLayer | Updating Geometry BVH Cube.024 25/671 | Building BVH
Fra:1 Mem:242.06M (Peak 329.92M) | Time:00:00.19 | Mem:114.12M, Peak:114.12M | Scene, ViewLayer | Updating Geometry BVH Cube.024 25/671 | Building mesh BLAS |     188 tris | Cube.019
Fra:1 Mem:242.06M (Peak 329.92M) | Time:00:00.19 | Mem:114.12M, Peak:114.12M | Scene, ViewLayer | Updating Geometry BVH Cube.024 25/671 | Building mesh BLAS |     188 tris | Cube.024
Fra:1 Mem:242.06M (Peak 329.92M) | Time:00:00.19 | Mem:114.12M, Peak:114.12M | Scene, ViewLayer | Updating Geometry BVH Cube.027 28/671 | Building BVH
Fra:1 Mem:242.06M (Peak 329.92M) | Time:00:00.19 | Mem:114.12M, Peak:114.12M | Scene, ViewLayer | Updating Geometry BVH Cube.027 28/671 | Building mesh BLAS |     188 tris | Cube.027
Fra:1 Mem:242.06M (Peak 329.92M) | Time:00:00.19 | Mem:114.12M, Peak:114.12M | Scene, ViewLayer | Updating Geometry BVH Cube.029 30/671 | Building BVH
Fra:1 Mem:242.06M (Peak 329.92M) | Time:00:00.19 | Mem:114.12M, Peak:114.12M | Scene, ViewLayer | Updating Geometry BVH Cube.035 36/671 | Building BVH
Fra:1 Mem:242.06M (Peak 329.92M) | Time:00:00.19 | Mem:114.12M, Peak:114.12M | Scene, ViewLayer | Updating Geometry BVH Cube.035 36/671 | Building mesh BLAS |     188 tris | Cube.029
Fra:1 Mem:242.06M (Peak 329.92M) | Time:00:00.19 | Mem:114.12M, Peak:114.12M | Scene, ViewLayer | Updating Geometry BVH Cube.037 38/671 | Building BVH
Fra:1 Mem:242.06M (Peak 329.92M) | Time:00:00.19 | Mem:114.12M, Peak:114.12M | Scene, ViewLayer | Updating Geometry BVH Cube.038 39/671 | Building BVH
Fra:1 Mem:242.06M (Peak 329.92M) | Time:00:00.19 | Mem:114.12M, Peak:114.12M | Scene, ViewLayer | Updating Geometry BVH Cube.038 39/671 | Building mesh BLAS |     188 tris | Cube.037
Fra:1 Mem:242.06M (Peak 329.92M) | Time:00:00.19 | Mem:114.12M, Peak:114.12M | Scene, ViewLayer | Updating Geometry BVH Cube.038 39/671 | Building mesh BLAS |     188 tris | Cube.031
Fra:1 Mem:242.06M (Peak 329.92M) | Time:00:00.19 | Mem:114.12M, Peak:114.12M | Scene, ViewLayer | Updating Geometry BVH Cube.038 39/671 | Building mesh BLAS |     188 tris | Cube.025
Fra:1 Mem:242.06M (Peak 329.92M) | Time:00:00.19 | Mem:114.12M, Peak:114.12M | Scene, ViewLayer | Updating Geometry BVH Cube.038 39/671 | Building mesh BLAS |     188 tris | Cube.030
Fra:1 Mem:242.06M (Peak 329.92M) | Time:00:00.19 | Mem:114.12M, Peak:114.12M | Scene, ViewLayer | Updating Geometry BVH Cube.039 40/671 | Building BVH
Fra:1 Mem:242.06M (Peak 329.92M) | Time:00:00.19 | Mem:114.12M, Peak:114.12M | Scene, ViewLayer | Updating Geometry BVH Cube.039 40/671 | Building mesh BLAS |     188 tris | Cube.033
Fra:1 Mem:242.06M (Peak 329.92M) | Time:00:00.19 | Mem:114.12M, Peak:114.12M | Scene, ViewLayer | Updating Geometry BVH Cube.039 40/671 | Building mesh BLAS |     188 tris | Cube.039
Fra:1 Mem:242.06M (Peak 329.92M) | Time:00:00.19 | Mem:114.12M, Peak:114.12M | Scene, ViewLayer | Updating Geometry BVH Cube.040 41/671 | Building BVH
Fra:1 Mem:242.06M (Peak 329.92M) | Time:00:00.19 | Mem:114.12M, Peak:114.12M | Scene, ViewLayer | Updating Geometry BVH Cube.040 41/671 | Building mesh BLAS |     188 tris | Cube.040
Fra:1 Mem:242.06M (Peak 329.92M) | Time:00:00.19 | Mem:114.12M, Peak:114.12M | Scene, ViewLayer | Updating Geometry BVH Cube.041 42/671 | Building BVH
Fra:1 Mem:242.06M (Peak 329.92M) | Time:00:00.19 | Mem:114.12M, Peak:114.12M | Scene, ViewLayer | Updating Geometry BVH Cube.041 42/671 | Building mesh BLAS |     188 tris | Cube.036
Fra:1 Mem:242.06M (Peak 329.92M) | Time:00:00.19 | Mem:114.12M, Peak:114.12M | Scene, ViewLayer | Updating Geometry BVH Cube.041 42/671 | Building mesh BLAS |     188 tris | Cube.038
Fra:1 Mem:242.06M (Peak 329.92M) | Time:00:00.19 | Mem:114.12M, Peak:114.12M | Scene, ViewLayer | Updating Geometry BVH Cube.042 43/671 | Building BVH
Fra:1 Mem:242.06M (Peak 329.92M) | Time:00:00.19 | Mem:114.12M, Peak:114.12M | Scene, ViewLayer | Updating Geometry BVH Cube.042 43/671 | Building mesh BLAS |     188 tris | Cube.034
Fra:1 Mem:242.06M (Peak 329.92M) | Time:00:00.19 | Mem:114.12M, Peak:114.12M | Scene, ViewLayer | Updating Geometry BVH Cube.042 43/671 | Building mesh BLAS |     188 tris | Cube.042
Fra:1 Mem:242.06M (Peak 329.92M) | Time:00:00.19 | Mem:114.12M, Peak:114.12M | Scene, ViewLayer | Updating Geometry BVH Cube.042 43/671 | Building mesh BLAS |     188 tris | Cube.041
Fra:1 Mem:242.06M (Peak 329.92M) | Time:00:00.19 | Mem:114.12M, Peak:114.12M | Scene, ViewLayer | Updating Geometry BVH Soft warm horizon 669/671 | Building BVH
Fra:1 Mem:242.06M (Peak 329.92M) | Time:00:00.19 | Mem:114.12M, Peak:114.12M | Scene, ViewLayer | Updating Geometry BVH Cool moon key 668/671 | Building BVH
Fra:1 Mem:242.06M (Peak 329.92M) | Time:00:00.19 | Mem:114.12M, Peak:114.12M | Scene, ViewLayer | Updating Geometry BVH Cube.043 44/671 | Building BVH
Fra:1 Mem:242.06M (Peak 329.92M) | Time:00:00.19 | Mem:114.12M, Peak:114.12M | Scene, ViewLayer | Updating Geometry BVH Plane.070 667/671 | Building BVH
Fra:1 Mem:242.06M (Peak 329.92M) | Time:00:00.19 | Mem:114.12M, Peak:114.12M | Scene, ViewLayer | Updating Geometry BVH Cube.044 45/671 | Building BVH
Fra:1 Mem:242.06M (Peak 329.92M) | Time:00:00.19 | Mem:114.12M, Peak:114.12M | Scene, ViewLayer | Updating Geometry BVH Cube.044 45/671 | Building mesh BLAS |     188 tris | Cube.044
Fra:1 Mem:242.06M (Peak 329.92M) | Time:00:00.19 | Mem:114.12M, Peak:114.12M | Scene, ViewLayer | Updating Geometry BVH Cube.045 46/671 | Building BVH
Fra:1 Mem:242.06M (Peak 329.92M) | Time:00:00.19 | Mem:114.12M, Peak:114.12M | Scene, ViewLayer | Updating Geometry BVH Cube.045 46/671 | Building mesh BLAS |     188 tris | Cube.045
Fra:1 Mem:242.06M (Peak 329.92M) | Time:00:00.19 | Mem:114.12M, Peak:114.12M | Scene, ViewLayer | Updating Geometry BVH Cube.046 47/671 | Building BVH
Fra:1 Mem:242.06M (Peak 329.92M) | Time:00:00.19 | Mem:114.12M, Peak:114.12M | Scene, ViewLayer | Updating Geometry BVH Cube.046 47/671 | Building mesh BLAS |     188 tris | Cube.046
Fra:1 Mem:242.06M (Peak 329.92M) | Time:00:00.19 | Mem:114.12M, Peak:114.12M | Scene, ViewLayer | Updating Geometry BVH Cube.047 48/671 | Building BVH
Fra:1 Mem:242.06M (Peak 329.92M) | Time:00:00.19 | Mem:114.12M, Peak:114.12M | Scene, ViewLayer | Updating Geometry BVH Cube.047 48/671 | Building mesh BLAS |     188 tris | Cube.047
Fra:1 Mem:242.06M (Peak 329.92M) | Time:00:00.19 | Mem:114.12M, Peak:114.12M | Scene, ViewLayer | Updating Geometry BVH Cube.048 49/671 | Building BVH
Fra:1 Mem:242.06M (Peak 329.92M) | Time:00:00.19 | Mem:114.12M, Peak:114.12M | Scene, ViewLayer | Updating Geometry BVH Cube.048 49/671 | Building mesh BLAS |     188 tris | Cube.048
Fra:1 Mem:242.06M (Peak 329.92M) | Time:00:00.19 | Mem:114.12M, Peak:114.12M | Scene, ViewLayer | Updating Geometry BVH Cube.049 50/671 | Building BVH
Fra:1 Mem:242.06M (Peak 329.92M) | Time:00:00.19 | Mem:114.12M, Peak:114.12M | Scene, ViewLayer | Updating Geometry BVH Cube.049 50/671 | Building mesh BLAS |     188 tris | Cube.049
Fra:1 Mem:242.06M (Peak 329.92M) | Time:00:00.19 | Mem:114.12M, Peak:114.12M | Scene, ViewLayer | Updating Geometry BVH Cube.050 51/671 | Building BVH
Fra:1 Mem:242.06M (Peak 329.92M) | Time:00:00.19 | Mem:114.12M, Peak:114.12M | Scene, ViewLayer | Updating Geometry BVH Cube.050 51/671 | Building mesh BLAS |     188 tris | Cube.050
Fra:1 Mem:242.06M (Peak 329.92M) | Time:00:00.19 | Mem:114.12M, Peak:114.12M | Scene, ViewLayer | Updating Geometry BVH Cube.051 52/671 | Building BVH
Fra:1 Mem:242.06M (Peak 329.92M) | Time:00:00.19 | Mem:114.12M, Peak:114.12M | Scene, ViewLayer | Updating Geometry BVH Cube.051 52/671 | Building mesh BLAS |  106900 tris | Plane.070
Fra:1 Mem:242.06M (Peak 329.92M) | Time:00:00.19 | Mem:114.12M, Peak:114.12M | Scene, ViewLayer | Updating Geometry BVH Cube.052 53/671 | Building mesh BLAS |     188 tris | Cube.051
Fra:1 Mem:242.06M (Peak 329.92M) | Time:00:00.19 | Mem:114.12M, Peak:114.12M | Scene, ViewLayer | Updating Geometry BVH Cube.052 53/671 | Building mesh BLAS |     188 tris | Cube.052
Fra:1 Mem:242.06M (Peak 329.92M) | Time:00:00.19 | Mem:114.12M, Peak:114.12M | Scene, ViewLayer | Updating Geometry BVH Cube.053 54/671 | Building BVH
Fra:1 Mem:242.06M (Peak 329.92M) | Time:00:00.19 | Mem:114.12M, Peak:114.12M | Scene, ViewLayer | Updating Geometry BVH Cube.053 54/671 | Building mesh BLAS |     188 tris | Cube.053
Fra:1 Mem:242.06M (Peak 329.92M) | Time:00:00.19 | Mem:114.12M, Peak:114.12M | Scene, ViewLayer | Updating Geometry BVH Cube.054 55/671 | Building BVH
Fra:1 Mem:242.06M (Peak 329.92M) | Time:00:00.19 | Mem:114.12M, Peak:114.12M | Scene, ViewLayer | Updating Geometry BVH Cube.054 55/671 | Building mesh BLAS |     188 tris | Cube.054
Fra:1 Mem:242.06M (Peak 329.92M) | Time:00:00.19 | Mem:114.12M, Peak:114.12M | Scene, ViewLayer | Updating Geometry BVH Cube.055 56/671 | Building BVH
Fra:1 Mem:242.06M (Peak 329.92M) | Time:00:00.19 | Mem:114.12M, Peak:114.12M | Scene, ViewLayer | Updating Geometry BVH Cube.056 57/671 | Building BVH
Fra:1 Mem:242.06M (Peak 329.92M) | Time:00:00.19 | Mem:114.12M, Peak:114.12M | Scene, ViewLayer | Updating Geometry BVH Cube.057 58/671 | Building BVH
Fra:1 Mem:242.06M (Peak 329.92M) | Time:00:00.19 | Mem:114.12M, Peak:114.12M | Scene, ViewLayer | Updating Geometry BVH Cube.057 58/671 | Building mesh BLAS |     188 tris | Cube.056
Fra:1 Mem:242.06M (Peak 329.92M) | Time:00:00.19 | Mem:114.12M, Peak:114.12M | Scene, ViewLayer | Updating Geometry BVH Cube.057 58/671 | Building mesh BLAS |     188 tris | Cube.057
Fra:1 Mem:242.06M (Peak 329.92M) | Time:00:00.19 | Mem:114.12M, Peak:114.12M | Scene, ViewLayer | Updating Geometry BVH Cube.058 59/671 | Building BVH
Fra:1 Mem:242.06M (Peak 329.92M) | Time:00:00.19 | Mem:114.12M, Peak:114.12M | Scene, ViewLayer | Updating Geometry BVH Cube.059 60/671 | Building BVH
Fra:1 Mem:242.06M (Peak 329.92M) | Time:00:00.19 | Mem:114.12M, Peak:114.12M | Scene, ViewLayer | Updating Geometry BVH Cube.059 60/671 | Building mesh BLAS |     188 tris | Cube.058
Fra:1 Mem:242.06M (Peak 329.92M) | Time:00:00.19 | Mem:114.12M, Peak:114.12M | Scene, ViewLayer | Updating Geometry BVH Cube.059 60/671 | Building mesh BLAS |     188 tris | Cube.059
Fra:1 Mem:242.06M (Peak 329.92M) | Time:00:00.19 | Mem:114.12M, Peak:114.12M | Scene, ViewLayer | Updating Geometry BVH Cube.060 61/671 | Building BVH
Fra:1 Mem:242.06M (Peak 329.92M) | Time:00:00.19 | Mem:114.12M, Peak:114.12M | Scene, ViewLayer | Updating Geometry BVH Cube.061 62/671 | Building BVH
Fra:1 Mem:242.06M (Peak 329.92M) | Time:00:00.19 | Mem:114.12M, Peak:114.12M | Scene, ViewLayer | Updating Geometry BVH Cube.061 62/671 | Building mesh BLAS |     188 tris | Cube.060
Fra:1 Mem:242.06M (Peak 329.92M) | Time:00:00.19 | Mem:114.12M, Peak:114.12M | Scene, ViewLayer | Updating Geometry BVH Cube.061 62/671 | Building mesh BLAS |     188 tris | Cube.061
Fra:1 Mem:242.06M (Peak 329.92M) | Time:00:00.19 | Mem:114.12M, Peak:114.12M | Scene, ViewLayer | Updating Geometry BVH Cube.062 63/671 | Building BVH
Fra:1 Mem:242.06M (Peak 329.92M) | Time:00:00.19 | Mem:114.12M, Peak:114.12M | Scene, ViewLayer | Updating Geometry BVH Cube.062 63/671 | Building mesh BLAS |     188 tris | Cube.062
Fra:1 Mem:242.06M (Peak 329.92M) | Time:00:00.19 | Mem:114.12M, Peak:114.12M | Scene, ViewLayer | Updating Geometry BVH Cube.063 64/671 | Building BVH
Fra:1 Mem:242.06M (Peak 329.92M) | Time:00:00.19 | Mem:114.12M, Peak:114.12M | Scene, ViewLayer | Updating Geometry BVH Cube.063 64/671 | Building mesh BLAS |     188 tris | Cube.063
Fra:1 Mem:242.06M (Peak 329.92M) | Time:00:00.19 | Mem:114.12M, Peak:114.12M | Scene, ViewLayer | Updating Geometry BVH Cube.064 65/671 | Building BVH
Fra:1 Mem:242.06M (Peak 329.92M) | Time:00:00.19 | Mem:114.12M, Peak:114.12M | Scene, ViewLayer | Updating Geometry BVH Cube.064 65/671 | Building mesh BLAS |     188 tris | Cube.064
Fra:1 Mem:242.06M (Peak 329.92M) | Time:00:00.19 | Mem:114.12M, Peak:114.12M | Scene, ViewLayer | Updating Geometry BVH Cube.065 66/671 | Building BVH
Fra:1 Mem:242.06M (Peak 329.92M) | Time:00:00.19 | Mem:114.12M, Peak:114.12M | Scene, ViewLayer | Updating Geometry BVH Cube.065 66/671 | Building mesh BLAS |     188 tris | Cube.065
Fra:1 Mem:242.06M (Peak 329.92M) | Time:00:00.19 | Mem:114.12M, Peak:114.12M | Scene, ViewLayer | Updating Geometry BVH Cube.066 67/671 | Building BVH
Fra:1 Mem:242.06M (Peak 329.92M) | Time:00:00.19 | Mem:114.12M, Peak:114.12M | Scene, ViewLayer | Updating Geometry BVH Cube.066 67/671 | Building mesh BLAS |     188 tris | Cube.066
Fra:1 Mem:242.06M (Peak 329.92M) | Time:00:00.19 | Mem:114.12M, Peak:114.12M | Scene, ViewLayer | Updating Geometry BVH Cube.067 68/671 | Building BVH
Fra:1 Mem:242.06M (Peak 329.92M) | Time:00:00.19 | Mem:114.12M, Peak:114.12M | Scene, ViewLayer | Updating Geometry BVH Cube.067 68/671 | Building mesh BLAS |     188 tris | Cube.067
Fra:1 Mem:242.06M (Peak 329.92M) | Time:00:00.19 | Mem:114.12M, Peak:114.12M | Scene, ViewLayer | Updating Geometry BVH Cube.068 69/671 | Building BVH
Fra:1 Mem:242.06M (Peak 329.92M) | Time:00:00.19 | Mem:114.12M, Peak:114.12M | Scene, ViewLayer | Updating Geometry BVH Cube.068 69/671 | Building mesh BLAS |     188 tris | Cube.068
Fra:1 Mem:242.06M (Peak 329.92M) | Time:00:00.19 | Mem:114.12M, Peak:114.12M | Scene, ViewLayer | Updating Geometry BVH Cube.069 70/671 | Building BVH
Fra:1 Mem:242.06M (Peak 329.92M) | Time:00:00.19 | Mem:114.12M, Peak:114.12M | Scene, ViewLayer | Updating Geometry BVH Cube.070 71/671 | Building BVH
Fra:1 Mem:242.06M (Peak 329.92M) | Time:00:00.19 | Mem:114.12M, Peak:114.12M | Scene, ViewLayer | Updating Geometry BVH Cube.070 71/671 | Building mesh BLAS |     188 tris | Cube.069
Fra:1 Mem:242.06M (Peak 329.92M) | Time:00:00.19 | Mem:114.12M, Peak:114.12M | Scene, ViewLayer | Updating Geometry BVH Cube.070 71/671 | Building mesh BLAS |     188 tris | Cube.070
Fra:1 Mem:242.06M (Peak 329.92M) | Time:00:00.19 | Mem:114.12M, Peak:114.12M | Scene, ViewLayer | Updating Geometry BVH Cube.071 72/671 | Building BVH
Fra:1 Mem:242.06M (Peak 329.92M) | Time:00:00.19 | Mem:114.12M, Peak:114.12M | Scene, ViewLayer | Updating Geometry BVH Circle.002 666/671 | Building BVH
Fra:1 Mem:242.06M (Peak 329.92M) | Time:00:00.19 | Mem:114.12M, Peak:114.12M | Scene, ViewLayer | Updating Geometry BVH Circle.002 666/671 | Building mesh BLAS |     188 tris | Cube.071
Fra:1 Mem:242.06M (Peak 329.92M) | Time:00:00.19 | Mem:114.12M, Peak:114.12M | Scene, ViewLayer | Updating Geometry BVH Cube.072 73/671 | Building BVH
Fra:1 Mem:242.06M (Peak 329.92M) | Time:00:00.19 | Mem:114.12M, Peak:114.12M | Scene, ViewLayer | Updating Geometry BVH Cube.072 73/671 | Building mesh BLAS |    5440 tris | Circle.002
Fra:1 Mem:242.06M (Peak 329.92M) | Time:00:00.19 | Mem:114.12M, Peak:114.12M | Scene, ViewLayer | Updating Geometry BVH Cube.073 74/671 | Building BVH
Fra:1 Mem:242.06M (Peak 329.92M) | Time:00:00.19 | Mem:114.12M, Peak:114.12M | Scene, ViewLayer | Updating Geometry BVH Cube.074 75/671 | Building BVH
Fra:1 Mem:242.06M (Peak 329.92M) | Time:00:00.19 | Mem:114.12M, Peak:114.12M | Scene, ViewLayer | Updating Geometry BVH Cube.074 75/671 | Building mesh BLAS |     188 tris | Cube.073
Fra:1 Mem:242.06M (Peak 329.92M) | Time:00:00.19 | Mem:114.12M, Peak:114.12M | Scene, ViewLayer | Updating Geometry BVH Cube.074 75/671 | Building mesh BLAS |     188 tris | Cube.074
Fra:1 Mem:242.06M (Peak 329.92M) | Time:00:00.19 | Mem:114.12M, Peak:114.12M | Scene, ViewLayer | Updating Geometry BVH Cube.076 77/671 | Building BVH
Fra:1 Mem:242.06M (Peak 329.92M) | Time:00:00.19 | Mem:114.12M, Peak:114.12M | Scene, ViewLayer | Updating Geometry BVH Cube.077 78/671 | Building BVH
Fra:1 Mem:242.06M (Peak 329.92M) | Time:00:00.19 | Mem:114.12M, Peak:114.12M | Scene, ViewLayer | Updating Geometry BVH Cube.078 79/671 | Building BVH
Fra:1 Mem:242.06M (Peak 329.92M) | Time:00:00.19 | Mem:114.12M, Peak:114.12M | Scene, ViewLayer | Updating Geometry BVH Cube.079 80/671 | Building BVH
Fra:1 Mem:242.06M (Peak 329.92M) | Time:00:00.19 | Mem:114.12M, Peak:114.12M | Scene, ViewLayer | Updating Geometry BVH Cube.080 81/671 | Building BVH
Fra:1 Mem:242.06M (Peak 329.92M) | Time:00:00.19 | Mem:114.12M, Peak:114.12M | Scene, ViewLayer | Updating Geometry BVH Cube.081 82/671 | Building BVH
Fra:1 Mem:242.06M (Peak 329.92M) | Time:00:00.19 | Mem:114.12M, Peak:114.12M | Scene, ViewLayer | Updating Geometry BVH Cube.081 82/671 | Building mesh BLAS |     188 tris | Cube.080
Fra:1 Mem:242.06M (Peak 329.92M) | Time:00:00.19 | Mem:114.12M, Peak:114.12M | Scene, ViewLayer | Updating Geometry BVH Cube.081 82/671 | Building mesh BLAS |     188 tris | Cube.081
Fra:1 Mem:242.06M (Peak 329.92M) | Time:00:00.19 | Mem:114.12M, Peak:114.12M | Scene, ViewLayer | Updating Geometry BVH Cube.082 83/671 | Building BVH
Fra:1 Mem:242.06M (Peak 329.92M) | Time:00:00.19 | Mem:114.12M, Peak:114.12M | Scene, ViewLayer | Updating Geometry BVH Cube.082 83/671 | Building mesh BLAS |     188 tris | Cube.077
Fra:1 Mem:242.06M (Peak 329.92M) | Time:00:00.19 | Mem:114.12M, Peak:114.12M | Scene, ViewLayer | Updating Geometry BVH Cube.083 84/671 | Building BVH
Fra:1 Mem:242.06M (Peak 329.92M) | Time:00:00.19 | Mem:114.12M, Peak:114.12M | Scene, ViewLayer | Updating Geometry BVH Cube.084 85/671 | Building BVH
Fra:1 Mem:242.06M (Peak 329.92M) | Time:00:00.19 | Mem:114.12M, Peak:114.12M | Scene, ViewLayer | Updating Geometry BVH Cube.084 85/671 | Building mesh BLAS |     188 tris | Cube.083
Fra:1 Mem:242.06M (Peak 329.92M) | Time:00:00.19 | Mem:114.12M, Peak:114.12M | Scene, ViewLayer | Updating Geometry BVH Cube.084 85/671 | Building mesh BLAS |     188 tris | Cube.084
Fra:1 Mem:242.06M (Peak 329.92M) | Time:00:00.19 | Mem:114.12M, Peak:114.12M | Scene, ViewLayer | Updating Geometry BVH Cube.084 85/671 | Building mesh BLAS |     188 tris | Cube.082
Fra:1 Mem:242.06M (Peak 329.92M) | Time:00:00.19 | Mem:114.12M, Peak:114.12M | Scene, ViewLayer | Updating Geometry BVH Cube.084 85/671 | Building mesh BLAS |     188 tris | Cube.079
Fra:1 Mem:242.06M (Peak 329.92M) | Time:00:00.19 | Mem:114.12M, Peak:114.12M | Scene, ViewLayer | Updating Geometry BVH Cube.085 86/671 | Building BVH
Fra:1 Mem:242.06M (Peak 329.92M) | Time:00:00.19 | Mem:114.12M, Peak:114.12M | Scene, ViewLayer | Updating Geometry BVH Cube.086 87/671 | Building BVH
Fra:1 Mem:242.06M (Peak 329.92M) | Time:00:00.19 | Mem:114.12M, Peak:114.12M | Scene, ViewLayer | Updating Geometry BVH Cube.086 87/671 | Building mesh BLAS |     188 tris | Cube.085
Fra:1 Mem:242.06M (Peak 329.92M) | Time:00:00.19 | Mem:114.12M, Peak:114.12M | Scene, ViewLayer | Updating Geometry BVH Cube.087 88/671 | Building BVH
Fra:1 Mem:242.06M (Peak 329.92M) | Time:00:00.19 | Mem:114.12M, Peak:114.12M | Scene, ViewLayer | Updating Geometry BVH Cube.087 88/671 | Building mesh BLAS |     188 tris | Cube.087
Fra:1 Mem:242.06M (Peak 329.92M) | Time:00:00.19 | Mem:114.12M, Peak:114.12M | Scene, ViewLayer | Updating Geometry BVH Cube.088 89/671 | Building BVH
Fra:1 Mem:242.06M (Peak 329.92M) | Time:00:00.19 | Mem:114.12M, Peak:114.12M | Scene, ViewLayer | Updating Geometry BVH Cube.088 89/671 | Building mesh BLAS |     188 tris | Cube.088
Fra:1 Mem:242.06M (Peak 329.92M) | Time:00:00.19 | Mem:114.12M, Peak:114.12M | Scene, ViewLayer | Updating Geometry BVH Cube.089 90/671 | Building BVH
Fra:1 Mem:242.06M (Peak 329.92M) | Time:00:00.19 | Mem:114.12M, Peak:114.12M | Scene, ViewLayer | Updating Geometry BVH Cube.089 90/671 | Building mesh BLAS |     188 tris | Cube.089
Fra:1 Mem:242.06M (Peak 329.92M) | Time:00:00.19 | Mem:114.12M, Peak:114.12M | Scene, ViewLayer | Updating Geometry BVH Circle.008 665/671 | Building BVH
Fra:1 Mem:242.06M (Peak 329.92M) | Time:00:00.19 | Mem:114.12M, Peak:114.12M | Scene, ViewLayer | Updating Geometry BVH Circle.008 665/671 | Building mesh BLAS |   56878 tris | Circle.008
Fra:1 Mem:242.06M (Peak 329.92M) | Time:00:00.19 | Mem:114.12M, Peak:114.12M | Scene, ViewLayer | Updating Geometry BVH Cube.090 91/671 | Building BVH
Fra:1 Mem:242.06M (Peak 329.92M) | Time:00:00.19 | Mem:114.12M, Peak:114.12M | Scene, ViewLayer | Updating Geometry BVH Cube.090 91/671 | Building mesh BLAS |     188 tris | Cube.090
Fra:1 Mem:242.06M (Peak 329.92M) | Time:00:00.19 | Mem:114.12M, Peak:114.12M | Scene, ViewLayer | Updating Geometry BVH Cube.091 92/671 | Building BVH
Fra:1 Mem:242.06M (Peak 329.92M) | Time:00:00.19 | Mem:114.12M, Peak:114.12M | Scene, ViewLayer | Updating Geometry BVH Cube.091 92/671 | Building mesh BLAS |     188 tris | Cube.091
Fra:1 Mem:242.06M (Peak 329.92M) | Time:00:00.19 | Mem:114.12M, Peak:114.12M | Scene, ViewLayer | Updating Geometry BVH Cube.092 93/671 | Building BVH
Fra:1 Mem:242.06M (Peak 329.92M) | Time:00:00.19 | Mem:114.12M, Peak:114.12M | Scene, ViewLayer | Updating Geometry BVH Cube.092 93/671 | Building mesh BLAS |     188 tris | Cube.092
Fra:1 Mem:242.06M (Peak 329.92M) | Time:00:00.19 | Mem:114.12M, Peak:114.12M | Scene, ViewLayer | Updating Geometry BVH Cube.093 94/671 | Building BVH
Fra:1 Mem:242.06M (Peak 329.92M) | Time:00:00.19 | Mem:114.12M, Peak:114.12M | Scene, ViewLayer | Updating Geometry BVH Cube.093 94/671 | Building mesh BLAS |     188 tris | Cube.093
Fra:1 Mem:242.06M (Peak 329.92M) | Time:00:00.19 | Mem:114.12M, Peak:114.12M | Scene, ViewLayer | Updating Geometry BVH Cylinder 95/671 | Building BVH
Fra:1 Mem:242.06M (Peak 329.92M) | Time:00:00.19 | Mem:114.12M, Peak:114.12M | Scene, ViewLayer | Updating Geometry BVH Cylinder 95/671 | Building mesh BLAS |      60 tris | Cylinder
Fra:1 Mem:242.06M (Peak 329.92M) | Time:00:00.19 | Mem:114.12M, Peak:114.12M | Scene, ViewLayer | Updating Geometry BVH Sphere 96/671 | Building BVH
Fra:1 Mem:242.06M (Peak 329.92M) | Time:00:00.19 | Mem:114.12M, Peak:114.12M | Scene, ViewLayer | Updating Geometry BVH Cylinder.001 97/671 | Building BVH
Fra:1 Mem:242.06M (Peak 329.92M) | Time:00:00.19 | Mem:114.12M, Peak:114.12M | Scene, ViewLayer | Updating Geometry BVH Cylinder.001 97/671 | Building mesh BLAS |     528 tris | Sphere
Fra:1 Mem:242.06M (Peak 329.92M) | Time:00:00.19 | Mem:114.12M, Peak:114.12M | Scene, ViewLayer | Updating Geometry BVH Cylinder.001 97/671 | Building mesh BLAS |      60 tris | Cylinder.001
Fra:1 Mem:242.06M (Peak 329.92M) | Time:00:00.20 | Mem:114.12M, Peak:114.12M | Scene, ViewLayer | Updating Geometry BVH Cube.094 98/671 | Building BVH
Fra:1 Mem:242.06M (Peak 329.92M) | Time:00:00.20 | Mem:114.12M, Peak:114.12M | Scene, ViewLayer | Updating Geometry BVH Cube.094 98/671 | Building mesh BLAS |     188 tris | Cube.094
Fra:1 Mem:242.06M (Peak 329.92M) | Time:00:00.20 | Mem:114.12M, Peak:114.12M | Scene, ViewLayer | Updating Geometry BVH Cube.095 99/671 | Building BVH
Fra:1 Mem:242.06M (Peak 329.92M) | Time:00:00.20 | Mem:114.12M, Peak:114.12M | Scene, ViewLayer | Updating Geometry BVH Cube.096 100/671 | Building mesh BLAS |     188 tris | Cube.095
Fra:1 Mem:242.06M (Peak 329.92M) | Time:00:00.20 | Mem:114.12M, Peak:114.12M | Scene, ViewLayer | Updating Geometry BVH Cube.096 100/671 | Building mesh BLAS |     188 tris | Cube.096
Fra:1 Mem:242.06M (Peak 329.92M) | Time:00:00.20 | Mem:114.12M, Peak:114.12M | Scene, ViewLayer | Updating Geometry BVH Cube.097 101/671 | Building BVH
Fra:1 Mem:242.06M (Peak 329.92M) | Time:00:00.20 | Mem:114.12M, Peak:114.12M | Scene, ViewLayer | Updating Geometry BVH Cube.098 102/671 | Building BVH
Fra:1 Mem:242.06M (Peak 329.92M) | Time:00:00.20 | Mem:114.12M, Peak:114.12M | Scene, ViewLayer | Updating Geometry BVH Cube.098 102/671 | Building mesh BLAS |     188 tris | Cube.097
Fra:1 Mem:242.06M (Peak 329.92M) | Time:00:00.20 | Mem:114.12M, Peak:114.12M | Scene, ViewLayer | Updating Geometry BVH Cube.098 102/671 | Building mesh BLAS |     188 tris | Cube.098
Fra:1 Mem:242.06M (Peak 329.92M) | Time:00:00.20 | Mem:114.12M, Peak:114.12M | Scene, ViewLayer | Updating Geometry BVH Cube.099 103/671 | Building BVH
Fra:1 Mem:242.06M (Peak 329.92M) | Time:00:00.20 | Mem:114.12M, Peak:114.12M | Scene, ViewLayer | Updating Geometry BVH Cube.099 103/671 | Building mesh BLAS |     188 tris | Cube.099
Fra:1 Mem:242.06M (Peak 329.92M) | Time:00:00.20 | Mem:114.12M, Peak:114.12M | Scene, ViewLayer | Updating Geometry BVH Cube.100 104/671 | Building BVH
Fra:1 Mem:242.06M (Peak 329.92M) | Time:00:00.20 | Mem:114.12M, Peak:114.12M | Scene, ViewLayer | Updating Geometry BVH Cube.100 104/671 | Building mesh BLAS |     188 tris | Cube.100
Fra:1 Mem:242.06M (Peak 329.92M) | Time:00:00.20 | Mem:114.12M, Peak:114.12M | Scene, ViewLayer | Updating Geometry BVH Cube.101 105/671 | Building BVH
Fra:1 Mem:242.06M (Peak 329.92M) | Time:00:00.20 | Mem:114.12M, Peak:114.12M | Scene, ViewLayer | Updating Geometry BVH Cube.101 105/671 | Building mesh BLAS |     188 tris | Cube.101
Fra:1 Mem:242.06M (Peak 329.92M) | Time:00:00.20 | Mem:114.12M, Peak:114.12M | Scene, ViewLayer | Updating Geometry BVH Cube.102 106/671 | Building BVH
Fra:1 Mem:242.06M (Peak 329.92M) | Time:00:00.20 | Mem:114.12M, Peak:114.12M | Scene, ViewLayer | Updating Geometry BVH Cube.102 106/671 | Building mesh BLAS |     188 tris | Cube.102
Fra:1 Mem:242.06M (Peak 329.92M) | Time:00:00.20 | Mem:114.12M, Peak:114.12M | Scene, ViewLayer | Updating Geometry BVH Cube.103 107/671 | Building BVH
Fra:1 Mem:242.06M (Peak 329.92M) | Time:00:00.20 | Mem:114.12M, Peak:114.12M | Scene, ViewLayer | Updating Geometry BVH Cube.103 107/671 | Building mesh BLAS |     188 tris | Cube.103
Fra:1 Mem:242.06M (Peak 329.92M) | Time:00:00.20 | Mem:114.12M, Peak:114.12M | Scene, ViewLayer | Updating Geometry BVH potted_plant_01_base_low 664/671 | Building BVH
Fra:1 Mem:242.06M (Peak 329.92M) | Time:00:00.20 | Mem:114.12M, Peak:114.12M | Scene, ViewLayer | Updating Geometry BVH potted_plant_01_base_low 664/671 | Building mesh BLAS |    7008 tris | potted_plant_01_base_low
Fra:1 Mem:242.06M (Peak 329.92M) | Time:00:00.20 | Mem:114.12M, Peak:114.12M | Scene, ViewLayer | Updating Geometry BVH Cube.104 108/671 | Building BVH
Fra:1 Mem:242.06M (Peak 329.92M) | Time:00:00.20 | Mem:114.12M, Peak:114.12M | Scene, ViewLayer | Updating Geometry BVH Cube.104 108/671 | Building mesh BLAS |     188 tris | Cube.104
Fra:1 Mem:242.06M (Peak 329.92M) | Time:00:00.20 | Mem:114.12M, Peak:114.12M | Scene, ViewLayer | Updating Geometry BVH Cube.105 109/671 | Building BVH
Fra:1 Mem:242.06M (Peak 329.92M) | Time:00:00.20 | Mem:114.12M, Peak:114.12M | Scene, ViewLayer | Updating Geometry BVH Cube.105 109/671 | Building mesh BLAS |     188 tris | Cube.105
Fra:1 Mem:242.06M (Peak 329.92M) | Time:00:00.20 | Mem:114.12M, Peak:114.12M | Scene, ViewLayer | Updating Geometry BVH Cube.106 110/671 | Building BVH
Fra:1 Mem:242.06M (Peak 329.92M) | Time:00:00.20 | Mem:114.12M, Peak:114.12M | Scene, ViewLayer | Updating Geometry BVH Cube.106 110/671 | Building mesh BLAS |     188 tris | Cube.106
Fra:1 Mem:242.06M (Peak 329.92M) | Time:00:00.20 | Mem:114.12M, Peak:114.12M | Scene, ViewLayer | Updating Geometry BVH Cube.107 111/671 | Building BVH
Fra:1 Mem:242.06M (Peak 329.92M) | Time:00:00.20 | Mem:114.12M, Peak:114.12M | Scene, ViewLayer | Updating Geometry BVH Cube.107 111/671 | Building mesh BLAS |     188 tris | Cube.107
Fra:1 Mem:242.06M (Peak 329.92M) | Time:00:00.20 | Mem:114.12M, Peak:114.12M | Scene, ViewLayer | Updating Geometry BVH Cube.108 112/671 | Building BVH
Fra:1 Mem:242.06M (Peak 329.92M) | Time:00:00.20 | Mem:114.12M, Peak:114.12M | Scene, ViewLayer | Updating Geometry BVH Cube.109 113/671 | Building mesh BLAS |     188 tris | Cube.108
Fra:1 Mem:242.06M (Peak 329.92M) | Time:00:00.20 | Mem:114.12M, Peak:114.12M | Scene, ViewLayer | Updating Geometry BVH Cube.109 113/671 | Building mesh BLAS |     188 tris | Cube.109
Fra:1 Mem:242.06M (Peak 329.92M) | Time:00:00.20 | Mem:114.13M, Peak:114.13M | Scene, ViewLayer | Updating Geometry BVH Cube.110 114/671 | Building BVH
Fra:1 Mem:242.06M (Peak 329.92M) | Time:00:00.20 | Mem:114.13M, Peak:114.13M | Scene, ViewLayer | Updating Geometry BVH Cube.110 114/671 | Building mesh BLAS |     188 tris | Cube.110
Fra:1 Mem:242.06M (Peak 329.92M) | Time:00:00.20 | Mem:114.13M, Peak:114.13M | Scene, ViewLayer | Updating Geometry BVH Cube.111 115/671 | Building BVH
Fra:1 Mem:242.06M (Peak 329.92M) | Time:00:00.20 | Mem:114.13M, Peak:114.13M | Scene, ViewLayer | Updating Geometry BVH Cube.111 115/671 | Building mesh BLAS |     188 tris | Cube.111
Fra:1 Mem:242.06M (Peak 329.92M) | Time:00:00.20 | Mem:114.13M, Peak:114.13M | Scene, ViewLayer | Updating Geometry BVH Cube.112 116/671 | Building BVH
Fra:1 Mem:242.06M (Peak 329.92M) | Time:00:00.20 | Mem:114.13M, Peak:114.13M | Scene, ViewLayer | Updating Geometry BVH Cube.112 116/671 | Building mesh BLAS |     188 tris | Cube.112
Fra:1 Mem:242.06M (Peak 329.92M) | Time:00:00.20 | Mem:114.13M, Peak:114.13M | Scene, ViewLayer | Updating Geometry BVH Cube.113 117/671 | Building BVH
Fra:1 Mem:242.06M (Peak 329.92M) | Time:00:00.20 | Mem:114.13M, Peak:114.13M | Scene, ViewLayer | Updating Geometry BVH Cube.113 117/671 | Building mesh BLAS |     188 tris | Cube.113
Fra:1 Mem:242.06M (Peak 329.92M) | Time:00:00.20 | Mem:114.13M, Peak:114.13M | Scene, ViewLayer | Updating Geometry BVH Cube.114 118/671 | Building BVH
Fra:1 Mem:242.06M (Peak 329.92M) | Time:00:00.20 | Mem:114.13M, Peak:114.13M | Scene, ViewLayer | Updating Geometry BVH Cube.114 118/671 | Building mesh BLAS |     188 tris | Cube.114
Fra:1 Mem:242.06M (Peak 329.92M) | Time:00:00.20 | Mem:114.13M, Peak:114.13M | Scene, ViewLayer | Updating Geometry BVH Cube.115 119/671 | Building BVH
Fra:1 Mem:242.06M (Peak 329.92M) | Time:00:00.20 | Mem:114.13M, Peak:114.13M | Scene, ViewLayer | Updating Geometry BVH Cube.115 119/671 | Building mesh BLAS |     188 tris | Cube.115
Fra:1 Mem:242.06M (Peak 329.92M) | Time:00:00.20 | Mem:114.13M, Peak:114.13M | Scene, ViewLayer | Updating Geometry BVH Cube.116 120/671 | Building BVH
Fra:1 Mem:242.06M (Peak 329.92M) | Time:00:00.20 | Mem:114.13M, Peak:114.13M | Scene, ViewLayer | Updating Geometry BVH Cube.116 120/671 | Building mesh BLAS |     188 tris | Cube.116
Fra:1 Mem:242.06M (Peak 329.92M) | Time:00:00.20 | Mem:114.15M, Peak:114.15M | Scene, ViewLayer | Updating Geometry BVH Cube.117 121/671 | Building BVH
Fra:1 Mem:242.06M (Peak 329.92M) | Time:00:00.20 | Mem:114.15M, Peak:114.15M | Scene, ViewLayer | Updating Geometry BVH Cube.118 122/671 | Building BVH
Fra:1 Mem:242.06M (Peak 329.92M) | Time:00:00.20 | Mem:114.17M, Peak:114.17M | Scene, ViewLayer | Updating Geometry BVH Cube.118 122/671 | Building mesh BLAS |     188 tris | Cube.118
Fra:1 Mem:242.06M (Peak 329.92M) | Time:00:00.20 | Mem:114.17M, Peak:114.17M | Scene, ViewLayer | Updating Geometry BVH Cube.119 123/671 | Building BVH
Fra:1 Mem:242.06M (Peak 329.92M) | Time:00:00.20 | Mem:114.17M, Peak:114.17M | Scene, ViewLayer | Updating Geometry BVH Cube.119 123/671 | Building mesh BLAS |     188 tris | Cube.119
Fra:1 Mem:242.06M (Peak 329.92M) | Time:00:00.20 | Mem:114.17M, Peak:114.17M | Scene, ViewLayer | Updating Geometry BVH Cube.120 124/671 | Building BVH
Fra:1 Mem:242.06M (Peak 329.92M) | Time:00:00.20 | Mem:114.17M, Peak:114.17M | Scene, ViewLayer | Updating Geometry BVH Amber portal lamp.002 663/671 | Building BVH
Fra:1 Mem:242.06M (Peak 329.92M) | Time:00:00.20 | Mem:114.17M, Peak:114.17M | Scene, ViewLayer | Updating Geometry BVH Amber portal lamp.001 662/671 | Building BVH
Fra:1 Mem:242.06M (Peak 329.92M) | Time:00:00.20 | Mem:114.17M, Peak:114.17M | Scene, ViewLayer | Updating Geometry BVH Amber portal lamp 661/671 | Building BVH
Fra:1 Mem:242.06M (Peak 329.92M) | Time:00:00.20 | Mem:114.17M, Peak:114.17M | Scene, ViewLayer | Updating Geometry BVH East chapel warm interior 660/671 | Building BVH
Fra:1 Mem:242.06M (Peak 329.92M) | Time:00:00.20 | Mem:114.17M, Peak:114.17M | Scene, ViewLayer | Updating Geometry BVH Dome rolled rim.005 659/671 | Building BVH
Fra:1 Mem:242.06M (Peak 329.92M) | Time:00:00.20 | Mem:114.17M, Peak:114.17M | Scene, ViewLayer | Updating Geometry BVH Dome rolled rim.005 659/671 | Building mesh BLAS |    1536 tris | Dome rolled rim.005
Fra:1 Mem:242.06M (Peak 329.92M) | Time:00:00.20 | Mem:114.19M, Peak:114.19M | Scene, ViewLayer | Updating Geometry BVH Cube.121 125/671 | Building BVH
Fra:1 Mem:242.06M (Peak 329.92M) | Time:00:00.20 | Mem:114.19M, Peak:114.19M | Scene, ViewLayer | Updating Geometry BVH Cube.121 125/671 | Building mesh BLAS |     188 tris | Cube.121
Fra:1 Mem:242.06M (Peak 329.92M) | Time:00:00.20 | Mem:114.19M, Peak:114.19M | Scene, ViewLayer | Updating Geometry BVH Cylinder.002 126/671 | Building BVH
Fra:1 Mem:242.06M (Peak 329.92M) | Time:00:00.20 | Mem:114.19M, Peak:114.19M | Scene, ViewLayer | Updating Geometry BVH Cylinder.002 126/671 | Building mesh BLAS |      60 tris | Cylinder.002
Fra:1 Mem:242.06M (Peak 329.92M) | Time:00:00.20 | Mem:114.22M, Peak:114.22M | Scene, ViewLayer | Updating Geometry BVH Cylinder.003 127/671 | Building BVH
Fra:1 Mem:242.06M (Peak 329.92M) | Time:00:00.20 | Mem:114.22M, Peak:114.22M | Scene, ViewLayer | Updating Geometry BVH Cylinder.003 127/671 | Building mesh BLAS |      60 tris | Cylinder.003
Fra:1 Mem:242.06M (Peak 329.92M) | Time:00:00.20 | Mem:114.24M, Peak:114.24M | Scene, ViewLayer | Updating Geometry BVH Cylinder.004 128/671 | Building BVH
Fra:1 Mem:242.06M (Peak 329.92M) | Time:00:00.20 | Mem:114.30M, Peak:114.30M | Scene, ViewLayer | Updating Geometry BVH Cylinder.004 128/671 | Building mesh BLAS |      60 tris | Cylinder.004
Fra:1 Mem:242.06M (Peak 329.92M) | Time:00:00.20 | Mem:114.33M, Peak:114.33M | Scene, ViewLayer | Updating Geometry BVH Cylinder.005 129/671 | Building BVH
Fra:1 Mem:242.06M (Peak 329.92M) | Time:00:00.20 | Mem:114.34M, Peak:114.34M | Scene, ViewLayer | Updating Geometry BVH Cylinder.005 129/671 | Building mesh BLAS |      60 tris | Cylinder.005
Fra:1 Mem:242.06M (Peak 329.92M) | Time:00:00.20 | Mem:114.34M, Peak:114.34M | Scene, ViewLayer | Updating Geometry BVH Cylinder.006 130/671 | Building BVH
Fra:1 Mem:242.06M (Peak 329.92M) | Time:00:00.20 | Mem:114.35M, Peak:114.35M | Scene, ViewLayer | Updating Geometry BVH Cylinder.007 131/671 | Building BVH
Fra:1 Mem:242.06M (Peak 329.92M) | Time:00:00.20 | Mem:114.36M, Peak:114.36M | Scene, ViewLayer | Updating Geometry BVH Cylinder.007 131/671 | Building mesh BLAS |      60 tris | Cylinder.007
Fra:1 Mem:242.06M (Peak 329.92M) | Time:00:00.20 | Mem:114.39M, Peak:114.39M | Scene, ViewLayer | Updating Geometry BVH Cylinder.008 132/671 | Building BVH
Fra:1 Mem:242.06M (Peak 329.92M) | Time:00:00.20 | Mem:114.39M, Peak:114.39M | Scene, ViewLayer | Updating Geometry BVH Cylinder.008 132/671 | Building mesh BLAS |      60 tris | Cylinder.008
Fra:1 Mem:242.06M (Peak 329.92M) | Time:00:00.20 | Mem:114.39M, Peak:114.39M | Scene, ViewLayer | Updating Geometry BVH Cylinder.009 133/671 | Building BVH
Fra:1 Mem:242.06M (Peak 329.92M) | Time:00:00.20 | Mem:114.39M, Peak:114.39M | Scene, ViewLayer | Updating Geometry BVH Cylinder.009 133/671 | Building mesh BLAS |      60 tris | Cylinder.009
Fra:1 Mem:242.06M (Peak 329.92M) | Time:00:00.20 | Mem:114.41M, Peak:114.41M | Scene, ViewLayer | Updating Geometry BVH Cylinder.010 134/671 | Building BVH
Fra:1 Mem:242.06M (Peak 329.92M) | Time:00:00.20 | Mem:114.41M, Peak:114.41M | Scene, ViewLayer | Updating Geometry BVH Cylinder.010 134/671 | Building mesh BLAS |      60 tris | Cylinder.010
Fra:1 Mem:242.06M (Peak 329.92M) | Time:00:00.20 | Mem:114.42M, Peak:114.42M | Scene, ViewLayer | Updating Geometry BVH Cylinder.011 135/671 | Building BVH
Fra:1 Mem:242.06M (Peak 329.92M) | Time:00:00.20 | Mem:114.42M, Peak:114.42M | Scene, ViewLayer | Updating Geometry BVH Cylinder.011 135/671 | Building mesh BLAS |      60 tris | Cylinder.011
Fra:1 Mem:242.06M (Peak 329.92M) | Time:00:00.20 | Mem:114.42M, Peak:114.42M | Scene, ViewLayer | Updating Geometry BVH Cylinder.012 136/671 | Building BVH
Fra:1 Mem:242.06M (Peak 329.92M) | Time:00:00.20 | Mem:114.42M, Peak:114.42M | Scene, ViewLayer | Updating Geometry BVH Cylinder.012 136/671 | Building mesh BLAS |      60 tris | Cylinder.012
Fra:1 Mem:242.06M (Peak 329.92M) | Time:00:00.20 | Mem:114.47M, Peak:114.47M | Scene, ViewLayer | Updating Geometry BVH Cylinder.013 137/671 | Building BVH
Fra:1 Mem:242.06M (Peak 329.92M) | Time:00:00.20 | Mem:114.47M, Peak:114.47M | Scene, ViewLayer | Updating Geometry BVH Cylinder.013 137/671 | Building mesh BLAS |      60 tris | Cylinder.013
Fra:1 Mem:242.06M (Peak 329.92M) | Time:00:00.20 | Mem:114.50M, Peak:114.50M | Scene, ViewLayer | Updating Geometry BVH Cube.122 138/671 | Building BVH
Fra:1 Mem:242.06M (Peak 329.92M) | Time:00:00.20 | Mem:114.51M, Peak:114.51M | Scene, ViewLayer | Updating Geometry BVH Cube.123 139/671 | Building BVH
Fra:1 Mem:242.06M (Peak 329.92M) | Time:00:00.20 | Mem:114.52M, Peak:114.52M | Scene, ViewLayer | Updating Geometry BVH Cube.123 139/671 | Building mesh BLAS |     188 tris | Cube.122
Fra:1 Mem:242.06M (Peak 329.92M) | Time:00:00.20 | Mem:114.53M, Peak:114.53M | Scene, ViewLayer | Updating Geometry BVH Cube.123 139/671 | Building mesh BLAS |     188 tris | Cube.123
Fra:1 Mem:242.06M (Peak 329.92M) | Time:00:00.20 | Mem:114.53M, Peak:114.53M | Scene, ViewLayer | Updating Geometry BVH Cube.125 141/671 | Building BVH
Fra:1 Mem:242.06M (Peak 329.92M) | Time:00:00.20 | Mem:114.53M, Peak:114.53M | Scene, ViewLayer | Updating Geometry BVH Cube.124 140/671 | Building BVH
Fra:1 Mem:242.06M (Peak 329.92M) | Time:00:00.20 | Mem:114.53M, Peak:114.53M | Scene, ViewLayer | Updating Geometry BVH Cube.124 140/671 | Building mesh BLAS |     188 tris | Cube.124
Fra:1 Mem:242.06M (Peak 329.92M) | Time:00:00.20 | Mem:114.56M, Peak:114.56M | Scene, ViewLayer | Updating Geometry BVH Dome rolled rim.004 658/671 | Building BVH
Fra:1 Mem:242.06M (Peak 329.92M) | Time:00:00.20 | Mem:114.56M, Peak:114.56M | Scene, ViewLayer | Updating Geometry BVH Dome rolled rim.004 658/671 | Building mesh BLAS |    1536 tris | Dome rolled rim.004
Fra:1 Mem:242.06M (Peak 329.92M) | Time:00:00.21 | Mem:114.58M, Peak:114.58M | Scene, ViewLayer | Updating Geometry BVH Cube.126 142/671 | Building BVH
Fra:1 Mem:242.06M (Peak 329.92M) | Time:00:00.21 | Mem:114.58M, Peak:114.58M | Scene, ViewLayer | Updating Geometry BVH Cube.127 143/671 | Building BVH
Fra:1 Mem:242.06M (Peak 329.92M) | Time:00:00.21 | Mem:114.58M, Peak:114.58M | Scene, ViewLayer | Updating Geometry BVH Cube.127 143/671 | Building mesh BLAS |     188 tris | Cube.126
Fra:1 Mem:242.06M (Peak 329.92M) | Time:00:00.21 | Mem:114.58M, Peak:114.58M | Scene, ViewLayer | Updating Geometry BVH Cube.127 143/671 | Building mesh BLAS |     188 tris | Cube.127
Fra:1 Mem:242.06M (Peak 329.92M) | Time:00:00.21 | Mem:114.64M, Peak:114.64M | Scene, ViewLayer | Updating Geometry BVH Cube.128 144/671 | Building BVH
Fra:1 Mem:242.06M (Peak 329.92M) | Time:00:00.21 | Mem:114.64M, Peak:114.64M | Scene, ViewLayer | Updating Geometry BVH Cube.129 145/671 | Building BVH
Fra:1 Mem:242.06M (Peak 329.92M) | Time:00:00.21 | Mem:114.64M, Peak:114.64M | Scene, ViewLayer | Updating Geometry BVH Cube.129 145/671 | Building mesh BLAS |     188 tris | Cube.128
Fra:1 Mem:242.06M (Peak 329.92M) | Time:00:00.21 | Mem:114.64M, Peak:114.64M | Scene, ViewLayer | Updating Geometry BVH Cube.129 145/671 | Building mesh BLAS |     188 tris | Cube.129
Fra:1 Mem:242.06M (Peak 329.92M) | Time:00:00.21 | Mem:114.67M, Peak:114.67M | Scene, ViewLayer | Updating Geometry BVH Cube.130 146/671 | Building BVH
Fra:1 Mem:242.06M (Peak 329.92M) | Time:00:00.21 | Mem:114.67M, Peak:114.67M | Scene, ViewLayer | Updating Geometry BVH Cube.131 147/671 | Building BVH
Fra:1 Mem:242.06M (Peak 329.92M) | Time:00:00.21 | Mem:114.67M, Peak:114.67M | Scene, ViewLayer | Updating Geometry BVH Cube.132 148/671 | Building mesh BLAS |     188 tris | Cube.130
Fra:1 Mem:242.06M (Peak 329.92M) | Time:00:00.21 | Mem:114.67M, Peak:114.67M | Scene, ViewLayer | Updating Geometry BVH Cube.132 148/671 | Building mesh BLAS |     188 tris | Cube.132
Fra:1 Mem:242.06M (Peak 329.92M) | Time:00:00.21 | Mem:119.82M, Peak:119.82M | Scene, ViewLayer | Updating Geometry BVH Cube.133 149/671 | Building BVH
Fra:1 Mem:242.06M (Peak 329.92M) | Time:00:00.21 | Mem:119.82M, Peak:119.82M | Scene, ViewLayer | Updating Geometry BVH Cube.133 149/671 | Building mesh BLAS |     188 tris | Cube.133
Fra:1 Mem:242.06M (Peak 329.92M) | Time:00:00.21 | Mem:119.82M, Peak:119.82M | Scene, ViewLayer | Updating Geometry BVH Cube.134 150/671 | Building BVH
Fra:1 Mem:242.06M (Peak 329.92M) | Time:00:00.21 | Mem:119.82M, Peak:119.82M | Scene, ViewLayer | Updating Geometry BVH Cube.134 150/671 | Building mesh BLAS |     188 tris | Cube.134
Fra:1 Mem:242.06M (Peak 329.92M) | Time:00:00.21 | Mem:119.82M, Peak:119.82M | Scene, ViewLayer | Updating Geometry BVH Cube.135 151/671 | Building BVH
Fra:1 Mem:242.06M (Peak 329.92M) | Time:00:00.21 | Mem:119.82M, Peak:119.82M | Scene, ViewLayer | Updating Geometry BVH Cube.135 151/671 | Building mesh BLAS |     188 tris | Cube.135
Fra:1 Mem:242.06M (Peak 329.92M) | Time:00:00.21 | Mem:119.86M, Peak:119.86M | Scene, ViewLayer | Updating Geometry BVH Cylinder.014 152/671 | Building BVH
Fra:1 Mem:242.06M (Peak 329.92M) | Time:00:00.21 | Mem:119.86M, Peak:119.86M | Scene, ViewLayer | Updating Geometry BVH Cylinder.015 153/671 | Building BVH
Fra:1 Mem:242.06M (Peak 329.92M) | Time:00:00.21 | Mem:119.86M, Peak:119.86M | Scene, ViewLayer | Updating Geometry BVH Cylinder.015 153/671 | Building mesh BLAS |      60 tris | Cylinder.014
Fra:1 Mem:242.06M (Peak 329.92M) | Time:00:00.21 | Mem:119.86M, Peak:119.86M | Scene, ViewLayer | Updating Geometry BVH Cylinder.015 153/671 | Building mesh BLAS |      60 tris | Cylinder.015
Fra:1 Mem:242.06M (Peak 329.92M) | Time:00:00.21 | Mem:119.86M, Peak:119.86M | Scene, ViewLayer | Updating Geometry BVH Cylinder.016 154/671 | Building BVH
Fra:1 Mem:242.06M (Peak 329.92M) | Time:00:00.21 | Mem:119.86M, Peak:119.86M | Scene, ViewLayer | Updating Geometry BVH Cylinder.016 154/671 | Building mesh BLAS |      60 tris | Cylinder.016
Fra:1 Mem:242.06M (Peak 329.92M) | Time:00:00.21 | Mem:119.90M, Peak:119.90M | Scene, ViewLayer | Updating Geometry BVH Cylinder.017 155/671 | Building BVH
Fra:1 Mem:242.06M (Peak 329.92M) | Time:00:00.21 | Mem:119.91M, Peak:119.91M | Scene, ViewLayer | Updating Geometry BVH Cylinder.017 155/671 | Building mesh BLAS |      60 tris | Cylinder.017
Fra:1 Mem:242.06M (Peak 329.92M) | Time:00:00.21 | Mem:119.92M, Peak:119.92M | Scene, ViewLayer | Updating Geometry BVH Cylinder.018 156/671 | Building BVH
Fra:1 Mem:242.06M (Peak 329.92M) | Time:00:00.21 | Mem:119.92M, Peak:119.92M | Scene, ViewLayer | Updating Geometry BVH Cylinder.020 158/671 | Building mesh BLAS |      60 tris | Cylinder.018
Fra:1 Mem:242.06M (Peak 329.92M) | Time:00:00.21 | Mem:119.92M, Peak:119.92M | Scene, ViewLayer | Updating Geometry BVH Cylinder.020 158/671 | Building mesh BLAS |      60 tris | Cylinder.019
Fra:1 Mem:242.06M (Peak 329.92M) | Time:00:00.21 | Mem:119.92M, Peak:119.92M | Scene, ViewLayer | Updating Geometry BVH Cylinder.020 158/671 | Building mesh BLAS |      60 tris | Cylinder.020
Fra:1 Mem:242.06M (Peak 329.92M) | Time:00:00.21 | Mem:119.94M, Peak:119.94M | Scene, ViewLayer | Updating Geometry BVH Raised standing seam.047 657/671 | Building BVH
Fra:1 Mem:242.06M (Peak 329.92M) | Time:00:00.21 | Mem:120.21M, Peak:120.21M | Scene, ViewLayer | Updating Geometry BVH Raised standing seam.047 657/671 | Building mesh BLAS |    1152 tris | Raised standing seam.047
Fra:1 Mem:242.06M (Peak 329.92M) | Time:00:00.21 | Mem:120.22M, Peak:120.22M | Scene, ViewLayer | Updating Geometry BVH Cylinder.021 159/671 | Building BVH
Fra:1 Mem:242.06M (Peak 329.92M) | Time:00:00.21 | Mem:120.23M, Peak:120.23M | Scene, ViewLayer | Updating Geometry BVH Cube.136 160/671 | Building BVH
Fra:1 Mem:242.06M (Peak 329.92M) | Time:00:00.21 | Mem:120.23M, Peak:120.23M | Scene, ViewLayer | Updating Geometry BVH Cube.136 160/671 | Building mesh BLAS |      60 tris | Cylinder.021
Fra:1 Mem:242.06M (Peak 329.92M) | Time:00:00.21 | Mem:120.24M, Peak:120.24M | Scene, ViewLayer | Updating Geometry BVH Cube.136 160/671 | Building mesh BLAS |     188 tris | Cube.136
Fra:1 Mem:242.06M (Peak 329.92M) | Time:00:00.21 | Mem:120.25M, Peak:120.25M | Scene, ViewLayer | Updating Geometry BVH Cube.137 161/671 | Building BVH
Fra:1 Mem:242.06M (Peak 329.92M) | Time:00:00.21 | Mem:120.27M, Peak:120.27M | Scene, ViewLayer | Updating Geometry BVH Cube.137 161/671 | Building mesh BLAS |     188 tris | Cube.137
Fra:1 Mem:242.06M (Peak 329.92M) | Time:00:00.21 | Mem:120.27M, Peak:120.27M | Scene, ViewLayer | Updating Geometry BVH Cube.138 162/671 | Building BVH
Fra:1 Mem:242.06M (Peak 329.92M) | Time:00:00.21 | Mem:120.27M, Peak:120.27M | Scene, ViewLayer | Updating Geometry BVH Cube.138 162/671 | Building mesh BLAS |     188 tris | Cube.138
Fra:1 Mem:242.06M (Peak 329.92M) | Time:00:00.21 | Mem:120.27M, Peak:120.27M | Scene, ViewLayer | Updating Geometry BVH Cube.139 163/671 | Building BVH
Fra:1 Mem:242.06M (Peak 329.92M) | Time:00:00.21 | Mem:120.27M, Peak:120.27M | Scene, ViewLayer | Updating Geometry BVH Cube.140 164/671 | Building BVH
Fra:1 Mem:242.06M (Peak 329.92M) | Time:00:00.21 | Mem:120.27M, Peak:120.27M | Scene, ViewLayer | Updating Geometry BVH Cube.140 164/671 | Building mesh BLAS |     188 tris | Cube.139
Fra:1 Mem:242.06M (Peak 329.92M) | Time:00:00.21 | Mem:120.27M, Peak:120.27M | Scene, ViewLayer | Updating Geometry BVH Cube.140 164/671 | Building mesh BLAS |     188 tris | Cube.140
Fra:1 Mem:242.06M (Peak 329.92M) | Time:00:00.21 | Mem:120.27M, Peak:120.27M | Scene, ViewLayer | Updating Geometry BVH Cube.141 165/671 | Building BVH
Fra:1 Mem:242.06M (Peak 329.92M) | Time:00:00.21 | Mem:120.27M, Peak:120.27M | Scene, ViewLayer | Updating Geometry BVH Cube.141 165/671 | Building mesh BLAS |     188 tris | Cube.141
Fra:1 Mem:242.06M (Peak 329.92M) | Time:00:00.21 | Mem:120.28M, Peak:120.28M | Scene, ViewLayer | Updating Geometry BVH Cube.142 166/671 | Building BVH
Fra:1 Mem:242.06M (Peak 329.92M) | Time:00:00.21 | Mem:120.28M, Peak:120.28M | Scene, ViewLayer | Updating Geometry BVH Cube.143 167/671 | Building BVH
Fra:1 Mem:242.06M (Peak 329.92M) | Time:00:00.21 | Mem:120.30M, Peak:120.30M | Scene, ViewLayer | Updating Geometry BVH Cube.143 167/671 | Building mesh BLAS |     188 tris | Cube.142
Fra:1 Mem:242.06M (Peak 329.92M) | Time:00:00.21 | Mem:120.30M, Peak:120.30M | Scene, ViewLayer | Updating Geometry BVH Cube.144 168/671 | Building BVH
Fra:1 Mem:242.06M (Peak 329.92M) | Time:00:00.21 | Mem:120.31M, Peak:120.31M | Scene, ViewLayer | Updating Geometry BVH Cube.144 168/671 | Building mesh BLAS |     188 tris | Cube.144
Fra:1 Mem:242.06M (Peak 329.92M) | Time:00:00.21 | Mem:120.33M, Peak:120.33M | Scene, ViewLayer | Updating Geometry BVH Cube.146 170/671 | Building BVH
Fra:1 Mem:242.06M (Peak 329.92M) | Time:00:00.21 | Mem:120.34M, Peak:120.34M | Scene, ViewLayer | Updating Geometry BVH Cube.146 170/671 | Building mesh BLAS |     188 tris | Cube.146
Fra:1 Mem:242.06M (Peak 329.92M) | Time:00:00.21 | Mem:120.35M, Peak:120.35M | Scene, ViewLayer | Updating Geometry BVH Cube.147 171/671 | Building BVH
Fra:1 Mem:242.06M (Peak 329.92M) | Time:00:00.21 | Mem:120.36M, Peak:120.36M | Scene, ViewLayer | Updating Geometry BVH Cube.147 171/671 | Building mesh BLAS |     188 tris | Cube.145
Fra:1 Mem:242.06M (Peak 329.92M) | Time:00:00.21 | Mem:120.37M, Peak:120.37M | Scene, ViewLayer | Updating Geometry BVH Cube.149 173/671 | Building BVH
Fra:1 Mem:242.06M (Peak 329.92M) | Time:00:00.21 | Mem:120.38M, Peak:120.38M | Scene, ViewLayer | Updating Geometry BVH Cylinder.022 174/671 | Building BVH
Fra:1 Mem:242.06M (Peak 329.92M) | Time:00:00.21 | Mem:123.27M, Peak:123.27M | Scene, ViewLayer | Updating Geometry BVH Cylinder.022 174/671 | Building mesh BLAS |     188 tris | Cube.149
Fra:1 Mem:242.06M (Peak 329.92M) | Time:00:00.21 | Mem:123.27M, Peak:123.27M | Scene, ViewLayer | Updating Geometry BVH Cylinder.022 174/671 | Building mesh BLAS |     188 tris | Cube.148
Fra:1 Mem:242.06M (Peak 329.92M) | Time:00:00.21 | Mem:123.27M, Peak:123.27M | Scene, ViewLayer | Updating Geometry BVH Raised standing seam.046 656/671 | Building BVH
Fra:1 Mem:242.06M (Peak 329.92M) | Time:00:00.21 | Mem:123.27M, Peak:123.27M | Scene, ViewLayer | Updating Geometry BVH Raised standing seam.046 656/671 | Building mesh BLAS |    1152 tris | Raised standing seam.046
Fra:1 Mem:242.06M (Peak 329.92M) | Time:00:00.21 | Mem:123.27M, Peak:123.27M | Scene, ViewLayer | Updating Geometry BVH Cylinder.023 175/671 | Building BVH
Fra:1 Mem:242.06M (Peak 329.92M) | Time:00:00.21 | Mem:123.28M, Peak:123.28M | Scene, ViewLayer | Updating Geometry BVH Cylinder.023 175/671 | Building mesh BLAS |      60 tris | Cylinder.023
Fra:1 Mem:242.06M (Peak 329.92M) | Time:00:00.21 | Mem:123.30M, Peak:123.30M | Scene, ViewLayer | Updating Geometry BVH Cylinder.024 176/671 | Building BVH
Fra:1 Mem:242.06M (Peak 329.92M) | Time:00:00.21 | Mem:123.30M, Peak:123.30M | Scene, ViewLayer | Updating Geometry BVH Cylinder.025 177/671 | Building BVH
Fra:1 Mem:242.06M (Peak 329.92M) | Time:00:00.21 | Mem:123.30M, Peak:123.30M | Scene, ViewLayer | Updating Geometry BVH Cylinder.025 177/671 | Building mesh BLAS |      60 tris | Cylinder.024
Fra:1 Mem:242.06M (Peak 329.92M) | Time:00:00.21 | Mem:123.30M, Peak:123.30M | Scene, ViewLayer | Updating Geometry BVH Cylinder.026 178/671 | Building mesh BLAS |      60 tris | Cylinder.025
Fra:1 Mem:242.06M (Peak 329.92M) | Time:00:00.21 | Mem:123.30M, Peak:123.30M | Scene, ViewLayer | Updating Geometry BVH Cylinder.026 178/671 | Building mesh BLAS |      60 tris | Cylinder.026
Fra:1 Mem:242.06M (Peak 329.92M) | Time:00:00.21 | Mem:123.30M, Peak:123.30M | Scene, ViewLayer | Updating Geometry BVH Cylinder.027 179/671 | Building BVH
Fra:1 Mem:242.06M (Peak 329.92M) | Time:00:00.21 | Mem:123.30M, Peak:123.30M | Scene, ViewLayer | Updating Geometry BVH Cylinder.027 179/671 | Building mesh BLAS |      60 tris | Cylinder.027
Fra:1 Mem:242.06M (Peak 329.92M) | Time:00:00.21 | Mem:123.34M, Peak:123.34M | Scene, ViewLayer | Updating Geometry BVH Cylinder.028 180/671 | Building BVH
Fra:1 Mem:242.06M (Peak 329.92M) | Time:00:00.21 | Mem:123.34M, Peak:123.34M | Scene, ViewLayer | Updating Geometry BVH Cylinder.028 180/671 | Building mesh BLAS |      60 tris | Cylinder.028
Fra:1 Mem:242.06M (Peak 329.92M) | Time:00:00.21 | Mem:123.34M, Peak:123.34M | Scene, ViewLayer | Updating Geometry BVH Cylinder.029 181/671 | Building BVH
Fra:1 Mem:242.06M (Peak 329.92M) | Time:00:00.21 | Mem:123.34M, Peak:123.34M | Scene, ViewLayer | Updating Geometry BVH Cylinder.029 181/671 | Building mesh BLAS |      60 tris | Cylinder.029
Fra:1 Mem:242.06M (Peak 329.92M) | Time:00:00.21 | Mem:123.35M, Peak:123.35M | Scene, ViewLayer | Updating Geometry BVH Cube.150 182/671 | Building BVH
Fra:1 Mem:242.06M (Peak 329.92M) | Time:00:00.21 | Mem:123.35M, Peak:123.35M | Scene, ViewLayer | Updating Geometry BVH Cube.150 182/671 | Building mesh BLAS |     188 tris | Cube.150
Fra:1 Mem:242.06M (Peak 329.92M) | Time:00:00.21 | Mem:123.35M, Peak:123.35M | Scene, ViewLayer | Updating Geometry BVH Cube.151 183/671 | Building BVH
Fra:1 Mem:242.06M (Peak 329.92M) | Time:00:00.21 | Mem:123.35M, Peak:123.35M | Scene, ViewLayer | Updating Geometry BVH Cube.151 183/671 | Building mesh BLAS |     188 tris | Cube.151
Fra:1 Mem:242.06M (Peak 329.92M) | Time:00:00.21 | Mem:123.37M, Peak:123.37M | Scene, ViewLayer | Updating Geometry BVH Cube.152 184/671 | Building BVH
Fra:1 Mem:242.06M (Peak 329.92M) | Time:00:00.21 | Mem:123.37M, Peak:123.37M | Scene, ViewLayer | Updating Geometry BVH Cube.152 184/671 | Building mesh BLAS |     188 tris | Cube.152
Fra:1 Mem:242.06M (Peak 329.92M) | Time:00:00.21 | Mem:123.37M, Peak:123.37M | Scene, ViewLayer | Updating Geometry BVH Cube.153 185/671 | Building BVH
Fra:1 Mem:242.06M (Peak 329.92M) | Time:00:00.21 | Mem:123.37M, Peak:123.37M | Scene, ViewLayer | Updating Geometry BVH Cube.153 185/671 | Building mesh BLAS |     188 tris | Cube.153
Fra:1 Mem:242.06M (Peak 329.92M) | Time:00:00.21 | Mem:123.38M, Peak:123.38M | Scene, ViewLayer | Updating Geometry BVH Cube.154 186/671 | Building BVH
Fra:1 Mem:242.06M (Peak 329.92M) | Time:00:00.21 | Mem:123.39M, Peak:123.39M | Scene, ViewLayer | Updating Geometry BVH Cube.156 188/671 | Building BVH
Fra:1 Mem:242.06M (Peak 329.92M) | Time:00:00.21 | Mem:123.42M, Peak:123.42M | Scene, ViewLayer | Updating Geometry BVH Cube.157 189/671 | Building BVH
Fra:1 Mem:242.06M (Peak 329.92M) | Time:00:00.21 | Mem:123.42M, Peak:123.42M | Scene, ViewLayer | Updating Geometry BVH Cube.158 190/671 | Building BVH
Fra:1 Mem:242.06M (Peak 329.92M) | Time:00:00.21 | Mem:123.42M, Peak:123.42M | Scene, ViewLayer | Updating Geometry BVH Raised standing seam.045 655/671 | Building BVH
Fra:1 Mem:242.06M (Peak 329.92M) | Time:00:00.21 | Mem:123.42M, Peak:123.42M | Scene, ViewLayer | Updating Geometry BVH Raised standing seam.045 655/671 | Building mesh BLAS |     188 tris | Cube.158
Fra:1 Mem:242.06M (Peak 329.92M) | Time:00:00.21 | Mem:123.42M, Peak:123.42M | Scene, ViewLayer | Updating Geometry BVH Raised standing seam.045 655/671 | Building mesh BLAS |    1152 tris | Raised standing seam.045
Fra:1 Mem:242.06M (Peak 329.92M) | Time:00:00.21 | Mem:123.42M, Peak:123.42M | Scene, ViewLayer | Updating Geometry BVH Raised standing seam.045 655/671 | Building mesh BLAS |     188 tris | Cube.155
Fra:1 Mem:242.06M (Peak 329.92M) | Time:00:00.21 | Mem:123.42M, Peak:123.42M | Scene, ViewLayer | Updating Geometry BVH Cube.160 192/671 | Building BVH
Fra:1 Mem:242.06M (Peak 329.92M) | Time:00:00.21 | Mem:123.42M, Peak:123.42M | Scene, ViewLayer | Updating Geometry BVH Cube.160 192/671 | Building mesh BLAS |     188 tris | Cube.159
Fra:1 Mem:242.06M (Peak 329.92M) | Time:00:00.21 | Mem:123.44M, Peak:123.44M | Scene, ViewLayer | Updating Geometry BVH Cube.162 194/671 | Building BVH
Fra:1 Mem:242.06M (Peak 329.92M) | Time:00:00.21 | Mem:123.44M, Peak:123.44M | Scene, ViewLayer | Updating Geometry BVH Cube.162 194/671 | Building mesh BLAS |     188 tris | Cube.160
Fra:1 Mem:242.06M (Peak 329.92M) | Time:00:00.21 | Mem:123.82M, Peak:123.82M | Scene, ViewLayer | Updating Geometry BVH Cube.163 195/671 | Building BVH
Fra:1 Mem:242.06M (Peak 329.92M) | Time:00:00.21 | Mem:123.82M, Peak:123.82M | Scene, ViewLayer | Updating Geometry BVH Cube.163 195/671 | Building mesh BLAS |     188 tris | Cube.161
Fra:1 Mem:242.06M (Peak 329.92M) | Time:00:00.21 | Mem:123.82M, Peak:123.82M | Scene, ViewLayer | Updating Geometry BVH Cube.163 195/671 | Building mesh BLAS |     188 tris | Cube.162
Fra:1 Mem:242.06M (Peak 329.92M) | Time:00:00.21 | Mem:123.82M, Peak:123.82M | Scene, ViewLayer | Updating Geometry BVH Cube.163 195/671 | Building mesh BLAS |     188 tris | Cube.163
Fra:1 Mem:242.06M (Peak 329.92M) | Time:00:00.21 | Mem:123.82M, Peak:123.82M | Scene, ViewLayer | Updating Geometry BVH Cube.164 196/671 | Building BVH
Fra:1 Mem:242.06M (Peak 329.92M) | Time:00:00.21 | Mem:123.82M, Peak:123.82M | Scene, ViewLayer | Updating Geometry BVH Cube.164 196/671 | Building mesh BLAS |     188 tris | Cube.164
Fra:1 Mem:242.06M (Peak 329.92M) | Time:00:00.21 | Mem:123.82M, Peak:123.82M | Scene, ViewLayer | Updating Geometry BVH Cube.165 197/671 | Building BVH
Fra:1 Mem:242.06M (Peak 329.92M) | Time:00:00.21 | Mem:123.82M, Peak:123.82M | Scene, ViewLayer | Updating Geometry BVH Cube.166 198/671 | Building BVH
Fra:1 Mem:242.06M (Peak 329.92M) | Time:00:00.21 | Mem:123.82M, Peak:123.82M | Scene, ViewLayer | Updating Geometry BVH Cube.166 198/671 | Building mesh BLAS |     188 tris | Cube.165
Fra:1 Mem:242.06M (Peak 329.92M) | Time:00:00.21 | Mem:123.82M, Peak:123.82M | Scene, ViewLayer | Updating Geometry BVH Cube.166 198/671 | Building mesh BLAS |     188 tris | Cube.166
Fra:1 Mem:242.06M (Peak 329.92M) | Time:00:00.21 | Mem:123.84M, Peak:123.84M | Scene, ViewLayer | Updating Geometry BVH Cube.167 199/671 | Building BVH
Fra:1 Mem:242.06M (Peak 329.92M) | Time:00:00.21 | Mem:123.84M, Peak:123.84M | Scene, ViewLayer | Updating Geometry BVH Cube.167 199/671 | Building mesh BLAS |     188 tris | Cube.167
Fra:1 Mem:242.06M (Peak 329.92M) | Time:00:00.21 | Mem:123.85M, Peak:123.85M | Scene, ViewLayer | Updating Geometry BVH Cube.168 200/671 | Building BVH
Fra:1 Mem:242.06M (Peak 329.92M) | Time:00:00.21 | Mem:123.85M, Peak:123.85M | Scene, ViewLayer | Updating Geometry BVH Cube.169 201/671 | Building mesh BLAS |     188 tris | Cube.168
Fra:1 Mem:242.06M (Peak 329.92M) | Time:00:00.21 | Mem:123.85M, Peak:123.85M | Scene, ViewLayer | Updating Geometry BVH Cube.169 201/671 | Building mesh BLAS |     188 tris | Cube.169
Fra:1 Mem:242.06M (Peak 329.92M) | Time:00:00.21 | Mem:123.85M, Peak:123.85M | Scene, ViewLayer | Updating Geometry BVH Cube.170 202/671 | Building BVH
Fra:1 Mem:242.06M (Peak 329.92M) | Time:00:00.21 | Mem:123.85M, Peak:123.85M | Scene, ViewLayer | Updating Geometry BVH Cube.170 202/671 | Building mesh BLAS |     188 tris | Cube.170
Fra:1 Mem:242.06M (Peak 329.92M) | Time:00:00.21 | Mem:123.89M, Peak:123.89M | Scene, ViewLayer | Updating Geometry BVH Raised standing seam.044 654/671 | Building BVH
Fra:1 Mem:242.06M (Peak 329.92M) | Time:00:00.21 | Mem:123.89M, Peak:123.89M | Scene, ViewLayer | Updating Geometry BVH Cube.171 203/671 | Building BVH
Fra:1 Mem:242.06M (Peak 329.92M) | Time:00:00.21 | Mem:123.89M, Peak:123.89M | Scene, ViewLayer | Updating Geometry BVH Cube.172 204/671 | Building BVH
Fra:1 Mem:242.06M (Peak 329.92M) | Time:00:00.21 | Mem:123.89M, Peak:123.89M | Scene, ViewLayer | Updating Geometry BVH Cube.172 204/671 | Building mesh BLAS |     188 tris | Cube.171
Fra:1 Mem:242.06M (Peak 329.92M) | Time:00:00.21 | Mem:123.89M, Peak:123.89M | Scene, ViewLayer | Updating Geometry BVH Cube.172 204/671 | Building mesh BLAS |     328 tris | Cube.172
Fra:1 Mem:242.06M (Peak 329.92M) | Time:00:00.21 | Mem:123.89M, Peak:123.89M | Scene, ViewLayer | Updating Geometry BVH Cube.173 205/671 | Building BVH
Fra:1 Mem:242.06M (Peak 329.92M) | Time:00:00.21 | Mem:123.90M, Peak:123.90M | Scene, ViewLayer | Updating Geometry BVH Cube.173 205/671 | Building mesh BLAS |     188 tris | Cube.173
Fra:1 Mem:242.06M (Peak 329.92M) | Time:00:00.21 | Mem:123.91M, Peak:123.91M | Scene, ViewLayer | Updating Geometry BVH Cube.174 206/671 | Building BVH
Fra:1 Mem:242.06M (Peak 329.92M) | Time:00:00.21 | Mem:123.92M, Peak:123.92M | Scene, ViewLayer | Updating Geometry BVH Cube.175 207/671 | Building BVH
Fra:1 Mem:242.06M (Peak 329.92M) | Time:00:00.21 | Mem:123.92M, Peak:123.92M | Scene, ViewLayer | Updating Geometry BVH Cube.175 207/671 | Building mesh BLAS |     428 tris | Cube.174
Fra:1 Mem:242.06M (Peak 329.92M) | Time:00:00.21 | Mem:123.92M, Peak:123.92M | Scene, ViewLayer | Updating Geometry BVH Cube.175 207/671 | Building mesh BLAS |     188 tris | Cube.175
Fra:1 Mem:242.06M (Peak 329.92M) | Time:00:00.21 | Mem:123.92M, Peak:123.92M | Scene, ViewLayer | Updating Geometry BVH Cube.176 208/671 | Building BVH
Fra:1 Mem:242.06M (Peak 329.92M) | Time:00:00.21 | Mem:123.92M, Peak:123.92M | Scene, ViewLayer | Updating Geometry BVH Cube.177 209/671 | Building BVH
Fra:1 Mem:242.06M (Peak 329.92M) | Time:00:00.21 | Mem:123.92M, Peak:123.92M | Scene, ViewLayer | Updating Geometry BVH Cylinder.030 210/671 | Building BVH
Fra:1 Mem:242.06M (Peak 329.92M) | Time:00:00.21 | Mem:123.92M, Peak:123.92M | Scene, ViewLayer | Updating Geometry BVH Cylinder.030 210/671 | Building mesh BLAS |     188 tris | Cube.177
Fra:1 Mem:242.06M (Peak 329.92M) | Time:00:00.21 | Mem:123.93M, Peak:123.93M | Scene, ViewLayer | Updating Geometry BVH Cylinder.030 210/671 | Building mesh BLAS |      60 tris | Cylinder.030
Fra:1 Mem:242.06M (Peak 329.92M) | Time:00:00.21 | Mem:123.94M, Peak:123.94M | Scene, ViewLayer | Updating Geometry BVH Cylinder.031 211/671 | Building BVH
Fra:1 Mem:242.06M (Peak 329.92M) | Time:00:00.21 | Mem:123.94M, Peak:123.94M | Scene, ViewLayer | Updating Geometry BVH Cylinder.032 212/671 | Building BVH
Fra:1 Mem:242.06M (Peak 329.92M) | Time:00:00.21 | Mem:123.94M, Peak:123.94M | Scene, ViewLayer | Updating Geometry BVH Cylinder.032 212/671 | Building mesh BLAS |      60 tris | Cylinder.031
Fra:1 Mem:242.06M (Peak 329.92M) | Time:00:00.21 | Mem:123.94M, Peak:123.94M | Scene, ViewLayer | Updating Geometry BVH Cylinder.032 212/671 | Building mesh BLAS |      60 tris | Cylinder.032
Fra:1 Mem:242.06M (Peak 329.92M) | Time:00:00.21 | Mem:123.94M, Peak:123.94M | Scene, ViewLayer | Updating Geometry BVH Cylinder.033 213/671 | Building BVH
Fra:1 Mem:242.06M (Peak 329.92M) | Time:00:00.21 | Mem:123.94M, Peak:123.94M | Scene, ViewLayer | Updating Geometry BVH Cylinder.034 214/671 | Building mesh BLAS |      60 tris | Cylinder.033
Fra:1 Mem:242.06M (Peak 329.92M) | Time:00:00.21 | Mem:123.94M, Peak:123.94M | Scene, ViewLayer | Updating Geometry BVH Cylinder.034 214/671 | Building mesh BLAS |      60 tris | Cylinder.034
Fra:1 Mem:242.06M (Peak 329.92M) | Time:00:00.21 | Mem:123.94M, Peak:123.94M | Scene, ViewLayer | Updating Geometry BVH Cylinder.035 215/671 | Building BVH
Fra:1 Mem:242.06M (Peak 329.92M) | Time:00:00.21 | Mem:123.94M, Peak:123.94M | Scene, ViewLayer | Updating Geometry BVH Cylinder.035 215/671 | Building mesh BLAS |      60 tris | Cylinder.035
Fra:1 Mem:242.06M (Peak 329.92M) | Time:00:00.21 | Mem:123.94M, Peak:123.94M | Scene, ViewLayer | Updating Geometry BVH Cylinder.036 216/671 | Building BVH
Fra:1 Mem:242.06M (Peak 329.92M) | Time:00:00.21 | Mem:123.94M, Peak:123.94M | Scene, ViewLayer | Updating Geometry BVH Cylinder.036 216/671 | Building mesh BLAS |      60 tris | Cylinder.036
Fra:1 Mem:242.06M (Peak 329.92M) | Time:00:00.21 | Mem:123.97M, Peak:123.97M | Scene, ViewLayer | Updating Geometry BVH Cylinder.037 217/671 | Building BVH
Fra:1 Mem:242.06M (Peak 329.92M) | Time:00:00.21 | Mem:124.07M, Peak:124.07M | Scene, ViewLayer | Updating Geometry BVH Cylinder.038 218/671 | Building BVH
Fra:1 Mem:242.06M (Peak 329.92M) | Time:00:00.21 | Mem:124.07M, Peak:124.07M | Scene, ViewLayer | Updating Geometry BVH Cylinder.038 218/671 | Building mesh BLAS |      60 tris | Cylinder.037
Fra:1 Mem:242.06M (Peak 329.92M) | Time:00:00.21 | Mem:124.07M, Peak:124.07M | Scene, ViewLayer | Updating Geometry BVH Cylinder.038 218/671 | Building mesh BLAS |      60 tris | Cylinder.038
Fra:1 Mem:242.06M (Peak 329.92M) | Time:00:00.21 | Mem:124.07M, Peak:124.07M | Scene, ViewLayer | Updating Geometry BVH Cylinder.039 219/671 | Building BVH
Fra:1 Mem:242.06M (Peak 329.92M) | Time:00:00.21 | Mem:124.07M, Peak:124.07M | Scene, ViewLayer | Updating Geometry BVH Cylinder.039 219/671 | Building mesh BLAS |      60 tris | Cylinder.039
Fra:1 Mem:242.06M (Peak 329.92M) | Time:00:00.21 | Mem:124.08M, Peak:124.08M | Scene, ViewLayer | Updating Geometry BVH Raised standing seam.043 653/671 | Building BVH
Fra:1 Mem:242.06M (Peak 329.92M) | Time:00:00.21 | Mem:124.08M, Peak:124.08M | Scene, ViewLayer | Updating Geometry BVH Raised standing seam.043 653/671 | Building mesh BLAS |    1152 tris | Raised standing seam.043
Fra:1 Mem:242.06M (Peak 329.92M) | Time:00:00.21 | Mem:124.08M, Peak:124.08M | Scene, ViewLayer | Updating Geometry BVH Cylinder.040 220/671 | Building BVH
Fra:1 Mem:242.06M (Peak 329.92M) | Time:00:00.21 | Mem:124.08M, Peak:124.08M | Scene, ViewLayer | Updating Geometry BVH Cylinder.040 220/671 | Building mesh BLAS |      60 tris | Cylinder.040
Fra:1 Mem:242.06M (Peak 329.92M) | Time:00:00.21 | Mem:124.08M, Peak:124.08M | Scene, ViewLayer | Updating Geometry BVH Cylinder.041 221/671 | Building BVH
Fra:1 Mem:242.06M (Peak 329.92M) | Time:00:00.21 | Mem:124.08M, Peak:124.08M | Scene, ViewLayer | Updating Geometry BVH Cylinder.041 221/671 | Building mesh BLAS |     120 tris | Cylinder.041
Fra:1 Mem:242.06M (Peak 329.92M) | Time:00:00.21 | Mem:124.08M, Peak:124.08M | Scene, ViewLayer | Updating Geometry BVH Cylinder.042 222/671 | Building BVH
Fra:1 Mem:242.06M (Peak 329.92M) | Time:00:00.21 | Mem:124.08M, Peak:124.08M | Scene, ViewLayer | Updating Geometry BVH Cylinder.042 222/671 | Building mesh BLAS |      60 tris | Cylinder.042
Fra:1 Mem:242.06M (Peak 329.92M) | Time:00:00.21 | Mem:124.09M, Peak:124.09M | Scene, ViewLayer | Updating Geometry BVH Cylinder.043 223/671 | Building BVH
Fra:1 Mem:242.06M (Peak 329.92M) | Time:00:00.21 | Mem:124.09M, Peak:124.09M | Scene, ViewLayer | Updating Geometry BVH Cylinder.043 223/671 | Building mesh BLAS |      60 tris | Cylinder.043
Fra:1 Mem:242.06M (Peak 329.92M) | Time:00:00.21 | Mem:124.09M, Peak:124.09M | Scene, ViewLayer | Updating Geometry BVH Cylinder.044 224/671 | Building BVH
Fra:1 Mem:242.06M (Peak 329.92M) | Time:00:00.21 | Mem:124.09M, Peak:124.09M | Scene, ViewLayer | Updating Geometry BVH Cylinder.044 224/671 | Building mesh BLAS |      60 tris | Cylinder.044
Fra:1 Mem:242.06M (Peak 329.92M) | Time:00:00.21 | Mem:124.09M, Peak:124.09M | Scene, ViewLayer | Updating Geometry BVH Cylinder.045 225/671 | Building BVH
Fra:1 Mem:242.06M (Peak 329.92M) | Time:00:00.21 | Mem:124.09M, Peak:124.09M | Scene, ViewLayer | Updating Geometry BVH Cylinder.045 225/671 | Building mesh BLAS |      60 tris | Cylinder.045
Fra:1 Mem:242.06M (Peak 329.92M) | Time:00:00.21 | Mem:124.10M, Peak:124.10M | Scene, ViewLayer | Updating Geometry BVH Cylinder.046 226/671 | Building BVH
Fra:1 Mem:242.06M (Peak 329.92M) | Time:00:00.21 | Mem:124.10M, Peak:124.10M | Scene, ViewLayer | Updating Geometry BVH Cylinder.046 226/671 | Building mesh BLAS |      60 tris | Cylinder.046
Fra:1 Mem:242.06M (Peak 329.92M) | Time:00:00.21 | Mem:124.10M, Peak:124.10M | Scene, ViewLayer | Updating Geometry BVH Cylinder.049 229/671 | Building BVH
Fra:1 Mem:242.06M (Peak 329.92M) | Time:00:00.21 | Mem:124.10M, Peak:124.10M | Scene, ViewLayer | Updating Geometry BVH Cylinder.049 229/671 | Building mesh BLAS |      60 tris | Cylinder.047
Fra:1 Mem:242.06M (Peak 329.92M) | Time:00:00.21 | Mem:124.10M, Peak:124.10M | Scene, ViewLayer | Updating Geometry BVH Cylinder.049 229/671 | Building mesh BLAS |      60 tris | Cylinder.048
Fra:1 Mem:242.06M (Peak 329.92M) | Time:00:00.21 | Mem:124.10M, Peak:124.10M | Scene, ViewLayer | Updating Geometry BVH Cylinder.049 229/671 | Building mesh BLAS |      60 tris | Cylinder.049
Fra:1 Mem:242.06M (Peak 329.92M) | Time:00:00.21 | Mem:124.11M, Peak:124.11M | Scene, ViewLayer | Updating Geometry BVH Cylinder.050 230/671 | Building BVH
Fra:1 Mem:242.06M (Peak 329.92M) | Time:00:00.21 | Mem:124.11M, Peak:124.11M | Scene, ViewLayer | Updating Geometry BVH Cylinder.051 231/671 | Building mesh BLAS |      60 tris | Cylinder.050
Fra:1 Mem:242.06M (Peak 329.92M) | Time:00:00.21 | Mem:124.11M, Peak:124.11M | Scene, ViewLayer | Updating Geometry BVH Cylinder.051 231/671 | Building mesh BLAS |      60 tris | Cylinder.051
Fra:1 Mem:242.06M (Peak 329.92M) | Time:00:00.21 | Mem:124.11M, Peak:124.11M | Scene, ViewLayer | Updating Geometry BVH Cylinder.052 232/671 | Building BVH
Fra:1 Mem:242.06M (Peak 329.92M) | Time:00:00.21 | Mem:124.13M, Peak:124.13M | Scene, ViewLayer | Updating Geometry BVH Cylinder.052 232/671 | Building mesh BLAS |      60 tris | Cylinder.052
Fra:1 Mem:242.06M (Peak 329.92M) | Time:00:00.21 | Mem:124.14M, Peak:124.14M | Scene, ViewLayer | Updating Geometry BVH Cylinder.053 233/671 | Building BVH
Fra:1 Mem:242.06M (Peak 329.92M) | Time:00:00.21 | Mem:124.14M, Peak:124.14M | Scene, ViewLayer | Updating Geometry BVH Cylinder.054 234/671 | Building BVH
Fra:1 Mem:242.06M (Peak 329.92M) | Time:00:00.21 | Mem:124.14M, Peak:124.14M | Scene, ViewLayer | Updating Geometry BVH Cylinder.055 235/671 | Building BVH
Fra:1 Mem:242.06M (Peak 329.92M) | Time:00:00.21 | Mem:124.14M, Peak:124.14M | Scene, ViewLayer | Updating Geometry BVH Cylinder.056 236/671 | Building mesh BLAS |      60 tris | Cylinder.054
Fra:1 Mem:242.06M (Peak 329.92M) | Time:00:00.21 | Mem:124.14M, Peak:124.14M | Scene, ViewLayer | Updating Geometry BVH Cylinder.056 236/671 | Building mesh BLAS |      60 tris | Cylinder.055
Fra:1 Mem:242.06M (Peak 329.92M) | Time:00:00.21 | Mem:124.14M, Peak:124.14M | Scene, ViewLayer | Updating Geometry BVH Cylinder.056 236/671 | Building mesh BLAS |      60 tris | Cylinder.056
Fra:1 Mem:242.06M (Peak 329.92M) | Time:00:00.21 | Mem:124.15M, Peak:124.15M | Scene, ViewLayer | Updating Geometry BVH Raised standing seam.042 652/671 | Building BVH
Fra:1 Mem:242.06M (Peak 329.92M) | Time:00:00.21 | Mem:124.15M, Peak:124.15M | Scene, ViewLayer | Updating Geometry BVH Cylinder.057 237/671 | Building BVH
Fra:1 Mem:242.06M (Peak 329.92M) | Time:00:00.21 | Mem:124.15M, Peak:124.15M | Scene, ViewLayer | Updating Geometry BVH Cylinder.057 237/671 | Building mesh BLAS |    1152 tris | Raised standing seam.042
Fra:1 Mem:242.06M (Peak 329.92M) | Time:00:00.21 | Mem:124.15M, Peak:124.15M | Scene, ViewLayer | Updating Geometry BVH Cylinder.057 237/671 | Building mesh BLAS |      60 tris | Cylinder.057
Fra:1 Mem:242.06M (Peak 329.92M) | Time:00:00.21 | Mem:124.25M, Peak:124.25M | Scene, ViewLayer | Updating Geometry BVH Cylinder.058 238/671 | Building BVH
Fra:1 Mem:242.06M (Peak 329.92M) | Time:00:00.21 | Mem:124.25M, Peak:124.25M | Scene, ViewLayer | Updating Geometry BVH Cylinder.058 238/671 | Building mesh BLAS |      60 tris | Cylinder.058
Fra:1 Mem:242.06M (Peak 329.92M) | Time:00:00.21 | Mem:124.25M, Peak:124.25M | Scene, ViewLayer | Updating Geometry BVH Cylinder.059 239/671 | Building BVH
Fra:1 Mem:242.06M (Peak 329.92M) | Time:00:00.21 | Mem:124.26M, Peak:124.26M | Scene, ViewLayer | Updating Geometry BVH Cylinder.059 239/671 | Building mesh BLAS |      60 tris | Cylinder.059
Fra:1 Mem:242.06M (Peak 329.92M) | Time:00:00.21 | Mem:124.27M, Peak:124.27M | Scene, ViewLayer | Updating Geometry BVH Cylinder.060 240/671 | Building BVH
Fra:1 Mem:242.06M (Peak 329.92M) | Time:00:00.21 | Mem:124.27M, Peak:124.27M | Scene, ViewLayer | Updating Geometry BVH Cylinder.060 240/671 | Building mesh BLAS |      60 tris | Cylinder.060
Fra:1 Mem:242.06M (Peak 329.92M) | Time:00:00.21 | Mem:124.28M, Peak:124.28M | Scene, ViewLayer | Updating Geometry BVH Cylinder.061 241/671 | Building BVH
Fra:1 Mem:242.06M (Peak 329.92M) | Time:00:00.21 | Mem:124.28M, Peak:124.28M | Scene, ViewLayer | Updating Geometry BVH Cylinder.061 241/671 | Building mesh BLAS |      60 tris | Cylinder.061
Fra:1 Mem:242.06M (Peak 329.92M) | Time:00:00.21 | Mem:124.28M, Peak:124.28M | Scene, ViewLayer | Updating Geometry BVH Cylinder.062 242/671 | Building BVH
Fra:1 Mem:242.06M (Peak 329.92M) | Time:00:00.21 | Mem:124.28M, Peak:124.28M | Scene, ViewLayer | Updating Geometry BVH Cylinder.062 242/671 | Building mesh BLAS |      60 tris | Cylinder.062
Fra:1 Mem:242.06M (Peak 329.92M) | Time:00:00.21 | Mem:124.33M, Peak:124.33M | Scene, ViewLayer | Updating Geometry BVH Cylinder.063 243/671 | Building BVH
Fra:1 Mem:242.06M (Peak 329.92M) | Time:00:00.21 | Mem:124.33M, Peak:124.33M | Scene, ViewLayer | Updating Geometry BVH Cylinder.064 244/671 | Building mesh BLAS |      60 tris | Cylinder.063
Fra:1 Mem:242.06M (Peak 329.92M) | Time:00:00.21 | Mem:124.33M, Peak:124.33M | Scene, ViewLayer | Updating Geometry BVH Cylinder.065 245/671 | Building BVH
Fra:1 Mem:242.06M (Peak 329.92M) | Time:00:00.21 | Mem:124.33M, Peak:124.33M | Scene, ViewLayer | Updating Geometry BVH Cylinder.066 246/671 | Building BVH
Fra:1 Mem:242.06M (Peak 329.92M) | Time:00:00.21 | Mem:124.33M, Peak:124.33M | Scene, ViewLayer | Updating Geometry BVH Cylinder.066 246/671 | Building mesh BLAS |      60 tris | Cylinder.066
Fra:1 Mem:242.06M (Peak 329.92M) | Time:00:00.21 | Mem:124.33M, Peak:124.33M | Scene, ViewLayer | Updating Geometry BVH Cylinder.066 246/671 | Building mesh BLAS |      60 tris | Cylinder.065
Fra:1 Mem:242.06M (Peak 329.92M) | Time:00:00.21 | Mem:124.33M, Peak:124.33M | Scene, ViewLayer | Updating Geometry BVH Cylinder.067 247/671 | Building BVH
Fra:1 Mem:242.06M (Peak 329.92M) | Time:00:00.21 | Mem:124.34M, Peak:124.34M | Scene, ViewLayer | Updating Geometry BVH Cylinder.068 248/671 | Building BVH
Fra:1 Mem:242.06M (Peak 329.92M) | Time:00:00.21 | Mem:124.34M, Peak:124.34M | Scene, ViewLayer | Updating Geometry BVH Cylinder.068 248/671 | Building mesh BLAS |      96 tris | Cylinder.067
Fra:1 Mem:242.06M (Peak 329.92M) | Time:00:00.21 | Mem:124.34M, Peak:124.34M | Scene, ViewLayer | Updating Geometry BVH Cylinder.068 248/671 | Building mesh BLAS |      64 tris | Cylinder.068
Fra:1 Mem:242.06M (Peak 329.92M) | Time:00:00.21 | Mem:124.35M, Peak:124.35M | Scene, ViewLayer | Updating Geometry BVH Cube.178 249/671 | Building BVH
Fra:1 Mem:242.06M (Peak 329.92M) | Time:00:00.21 | Mem:124.35M, Peak:124.35M | Scene, ViewLayer | Updating Geometry BVH Cube.178 249/671 | Building mesh BLAS |     188 tris | Cube.178
Fra:1 Mem:242.06M (Peak 329.92M) | Time:00:00.21 | Mem:124.36M, Peak:124.36M | Scene, ViewLayer | Updating Geometry BVH Cube.179 250/671 | Building BVH
Fra:1 Mem:242.06M (Peak 329.92M) | Time:00:00.21 | Mem:124.36M, Peak:124.36M | Scene, ViewLayer | Updating Geometry BVH Cube.180 251/671 | Building mesh BLAS |     188 tris | Cube.179
Fra:1 Mem:242.06M (Peak 329.92M) | Time:00:00.21 | Mem:124.37M, Peak:124.37M | Scene, ViewLayer | Updating Geometry BVH Cube.181 252/671 | Building BVH
Fra:1 Mem:242.06M (Peak 329.92M) | Time:00:00.21 | Mem:124.37M, Peak:124.37M | Scene, ViewLayer | Updating Geometry BVH Cube.182 253/671 | Building BVH
Fra:1 Mem:242.06M (Peak 329.92M) | Time:00:00.21 | Mem:124.37M, Peak:124.37M | Scene, ViewLayer | Updating Geometry BVH Raised standing seam.041 651/671 | Building BVH
Fra:1 Mem:242.06M (Peak 329.92M) | Time:00:00.21 | Mem:124.37M, Peak:124.37M | Scene, ViewLayer | Updating Geometry BVH Raised standing seam.041 651/671 | Building mesh BLAS |     188 tris | Cube.182
Fra:1 Mem:242.06M (Peak 329.92M) | Time:00:00.21 | Mem:124.37M, Peak:124.37M | Scene, ViewLayer | Updating Geometry BVH Raised standing seam.041 651/671 | Building mesh BLAS |    1152 tris | Raised standing seam.041
Fra:1 Mem:242.06M (Peak 329.92M) | Time:00:00.21 | Mem:124.37M, Peak:124.37M | Scene, ViewLayer | Updating Geometry BVH Cube.183 254/671 | Building BVH
Fra:1 Mem:242.06M (Peak 329.92M) | Time:00:00.21 | Mem:124.37M, Peak:124.37M | Scene, ViewLayer | Updating Geometry BVH Cube.183 254/671 | Building mesh BLAS |     188 tris | Cube.180
Fra:1 Mem:242.06M (Peak 329.92M) | Time:00:00.21 | Mem:124.37M, Peak:124.37M | Scene, ViewLayer | Updating Geometry BVH Cube.183 254/671 | Building mesh BLAS |     188 tris | Cube.183
Fra:1 Mem:242.06M (Peak 329.92M) | Time:00:00.21 | Mem:124.45M, Peak:124.45M | Scene, ViewLayer | Updating Geometry BVH Cube.184 255/671 | Building BVH
Fra:1 Mem:242.06M (Peak 329.92M) | Time:00:00.21 | Mem:124.45M, Peak:124.45M | Scene, ViewLayer | Updating Geometry BVH Cube.184 255/671 | Building mesh BLAS |     188 tris | Cube.184
Fra:1 Mem:242.06M (Peak 329.92M) | Time:00:00.21 | Mem:124.47M, Peak:124.47M | Scene, ViewLayer | Updating Geometry BVH Cube.185 256/671 | Building BVH
Fra:1 Mem:242.06M (Peak 329.92M) | Time:00:00.21 | Mem:124.47M, Peak:124.47M | Scene, ViewLayer | Updating Geometry BVH Cube.186 257/671 | Building BVH
Fra:1 Mem:242.06M (Peak 329.92M) | Time:00:00.21 | Mem:124.47M, Peak:124.47M | Scene, ViewLayer | Updating Geometry BVH Cube.186 257/671 | Building mesh BLAS |     188 tris | Cube.185
Fra:1 Mem:242.06M (Peak 329.92M) | Time:00:00.21 | Mem:124.47M, Peak:124.47M | Scene, ViewLayer | Updating Geometry BVH Cube.186 257/671 | Building mesh BLAS |     188 tris | Cube.186
Fra:1 Mem:242.06M (Peak 329.92M) | Time:00:00.21 | Mem:124.50M, Peak:124.50M | Scene, ViewLayer | Updating Geometry BVH Cube.187 258/671 | Building BVH
Fra:1 Mem:242.06M (Peak 329.92M) | Time:00:00.21 | Mem:124.51M, Peak:124.51M | Scene, ViewLayer | Updating Geometry BVH Cube.188 259/671 | Building BVH
Fra:1 Mem:242.06M (Peak 329.92M) | Time:00:00.21 | Mem:124.51M, Peak:124.51M | Scene, ViewLayer | Updating Geometry BVH Cube.188 259/671 | Building mesh BLAS |     188 tris | Cube.187
Fra:1 Mem:242.06M (Peak 329.92M) | Time:00:00.21 | Mem:124.52M, Peak:124.52M | Scene, ViewLayer | Updating Geometry BVH Cube.188 259/671 | Building mesh BLAS |     188 tris | Cube.188
Fra:1 Mem:242.06M (Peak 329.92M) | Time:00:00.21 | Mem:124.52M, Peak:124.52M | Scene, ViewLayer | Updating Geometry BVH Cube.190 261/671 | Building BVH
Fra:1 Mem:242.06M (Peak 329.92M) | Time:00:00.21 | Mem:124.52M, Peak:124.52M | Scene, ViewLayer | Updating Geometry BVH Cube.190 261/671 | Building mesh BLAS |     188 tris | Cube.190
Fra:1 Mem:242.06M (Peak 329.92M) | Time:00:00.21 | Mem:124.52M, Peak:124.52M | Scene, ViewLayer | Updating Geometry BVH Cube.191 262/671 | Building BVH
Fra:1 Mem:242.06M (Peak 329.92M) | Time:00:00.21 | Mem:124.52M, Peak:124.52M | Scene, ViewLayer | Updating Geometry BVH Cube.191 262/671 | Building mesh BLAS |     188 tris | Cube.191
Fra:1 Mem:242.06M (Peak 329.92M) | Time:00:00.21 | Mem:124.52M, Peak:124.52M | Scene, ViewLayer | Updating Geometry BVH Cube.192 263/671 | Building BVH
Fra:1 Mem:242.06M (Peak 329.92M) | Time:00:00.21 | Mem:124.52M, Peak:124.52M | Scene, ViewLayer | Updating Geometry BVH Cube.192 263/671 | Building mesh BLAS |     188 tris | Cube.192
Fra:1 Mem:242.06M (Peak 329.92M) | Time:00:00.21 | Mem:124.55M, Peak:124.55M | Scene, ViewLayer | Updating Geometry BVH Cube.193 264/671 | Building BVH
Fra:1 Mem:242.06M (Peak 329.92M) | Time:00:00.21 | Mem:124.56M, Peak:124.56M | Scene, ViewLayer | Updating Geometry BVH Cube.193 264/671 | Building mesh BLAS |     188 tris | Cube.193
Fra:1 Mem:242.06M (Peak 329.92M) | Time:00:00.21 | Mem:124.56M, Peak:124.56M | Scene, ViewLayer | Updating Geometry BVH Cube.194 265/671 | Building BVH
Fra:1 Mem:242.06M (Peak 329.92M) | Time:00:00.21 | Mem:124.56M, Peak:124.56M | Scene, ViewLayer | Updating Geometry BVH Cube.195 266/671 | Building BVH
Fra:1 Mem:242.06M (Peak 329.92M) | Time:00:00.21 | Mem:124.56M, Peak:124.56M | Scene, ViewLayer | Updating Geometry BVH Cube.195 266/671 | Building mesh BLAS |     188 tris | Cube.194
Fra:1 Mem:242.06M (Peak 329.92M) | Time:00:00.21 | Mem:124.56M, Peak:124.56M | Scene, ViewLayer | Updating Geometry BVH Cube.195 266/671 | Building mesh BLAS |     188 tris | Cube.195
Fra:1 Mem:242.06M (Peak 329.92M) | Time:00:00.21 | Mem:124.63M, Peak:124.63M | Scene, ViewLayer | Updating Geometry BVH Cube.196 267/671 | Building BVH
Fra:1 Mem:242.06M (Peak 329.92M) | Time:00:00.21 | Mem:124.63M, Peak:124.63M | Scene, ViewLayer | Updating Geometry BVH Cube.196 267/671 | Building mesh BLAS |     188 tris | Cube.196
Fra:1 Mem:242.06M (Peak 329.92M) | Time:00:00.21 | Mem:124.64M, Peak:124.64M | Scene, ViewLayer | Updating Geometry BVH Cube.197 268/671 | Building BVH
Fra:1 Mem:242.06M (Peak 329.92M) | Time:00:00.21 | Mem:124.64M, Peak:124.64M | Scene, ViewLayer | Updating Geometry BVH Raised standing seam.040 650/671 | Building BVH
Fra:1 Mem:242.06M (Peak 329.92M) | Time:00:00.21 | Mem:124.64M, Peak:124.64M | Scene, ViewLayer | Updating Geometry BVH Cube.198 269/671 | Building mesh BLAS |     188 tris | Cube.197
Fra:1 Mem:242.06M (Peak 329.92M) | Time:00:00.21 | Mem:124.65M, Peak:124.65M | Scene, ViewLayer | Updating Geometry BVH Cube.199 270/671 | Building BVH
Fra:1 Mem:242.06M (Peak 329.92M) | Time:00:00.21 | Mem:124.66M, Peak:124.66M | Scene, ViewLayer | Updating Geometry BVH Cube.200 271/671 | Building BVH
Fra:1 Mem:242.06M (Peak 329.92M) | Time:00:00.21 | Mem:124.66M, Peak:124.66M | Scene, ViewLayer | Updating Geometry BVH Cube.200 271/671 | Building mesh BLAS |     188 tris | Cube.199
Fra:1 Mem:242.06M (Peak 329.92M) | Time:00:00.21 | Mem:124.66M, Peak:124.66M | Scene, ViewLayer | Updating Geometry BVH Cube.201 272/671 | Building BVH
Fra:1 Mem:242.06M (Peak 329.92M) | Time:00:00.21 | Mem:124.66M, Peak:124.66M | Scene, ViewLayer | Updating Geometry BVH Cube.201 272/671 | Building mesh BLAS |     188 tris | Cube.201
Fra:1 Mem:242.06M (Peak 329.92M) | Time:00:00.21 | Mem:124.66M, Peak:124.66M | Scene, ViewLayer | Updating Geometry BVH Cube.202 273/671 | Building BVH
Fra:1 Mem:242.06M (Peak 329.92M) | Time:00:00.21 | Mem:124.66M, Peak:124.66M | Scene, ViewLayer | Updating Geometry BVH Cube.202 273/671 | Building mesh BLAS |     188 tris | Cube.202
Fra:1 Mem:242.06M (Peak 329.92M) | Time:00:00.21 | Mem:124.69M, Peak:124.69M | Scene, ViewLayer | Updating Geometry BVH Cube.203 274/671 | Building BVH
Fra:1 Mem:242.06M (Peak 329.92M) | Time:00:00.21 | Mem:124.70M, Peak:124.70M | Scene, ViewLayer | Updating Geometry BVH Cube.203 274/671 | Building mesh BLAS |     188 tris | Cube.203
Fra:1 Mem:242.06M (Peak 329.92M) | Time:00:00.21 | Mem:124.77M, Peak:124.77M | Scene, ViewLayer | Updating Geometry BVH Cube.204 275/671 | Building BVH
Fra:1 Mem:242.06M (Peak 329.92M) | Time:00:00.21 | Mem:124.77M, Peak:124.77M | Scene, ViewLayer | Updating Geometry BVH Cube.205 276/671 | Building BVH
Fra:1 Mem:242.06M (Peak 329.92M) | Time:00:00.21 | Mem:124.77M, Peak:124.77M | Scene, ViewLayer | Updating Geometry BVH Cube.205 276/671 | Building mesh BLAS |     188 tris | Cube.204
Fra:1 Mem:242.06M (Peak 329.92M) | Time:00:00.21 | Mem:124.77M, Peak:124.77M | Scene, ViewLayer | Updating Geometry BVH Cube.207 278/671 | Building BVH
Fra:1 Mem:242.06M (Peak 329.92M) | Time:00:00.21 | Mem:124.77M, Peak:124.77M | Scene, ViewLayer | Updating Geometry BVH Cube.207 278/671 | Building mesh BLAS |     188 tris | Cube.207
Fra:1 Mem:242.06M (Peak 329.92M) | Time:00:00.21 | Mem:124.77M, Peak:124.77M | Scene, ViewLayer | Updating Geometry BVH Cube.207 278/671 | Building mesh BLAS |     188 tris | Cube.206
Fra:1 Mem:242.06M (Peak 329.92M) | Time:00:00.21 | Mem:124.77M, Peak:124.77M | Scene, ViewLayer | Updating Geometry BVH Cube.208 279/671 | Building BVH
Fra:1 Mem:242.06M (Peak 329.92M) | Time:00:00.21 | Mem:124.78M, Peak:124.78M | Scene, ViewLayer | Updating Geometry BVH Cube.208 279/671 | Building mesh BLAS |     188 tris | Cube.208
Fra:1 Mem:242.06M (Peak 329.92M) | Time:00:00.21 | Mem:124.78M, Peak:124.78M | Scene, ViewLayer | Updating Geometry BVH Cube.209 280/671 | Building BVH
Fra:1 Mem:242.06M (Peak 329.92M) | Time:00:00.21 | Mem:124.78M, Peak:124.78M | Scene, ViewLayer | Updating Geometry BVH Cube.209 280/671 | Building mesh BLAS |     188 tris | Cube.209
Fra:1 Mem:242.06M (Peak 329.92M) | Time:00:00.21 | Mem:124.80M, Peak:124.80M | Scene, ViewLayer | Updating Geometry BVH Cube.210 281/671 | Building BVH
Fra:1 Mem:242.06M (Peak 329.92M) | Time:00:00.21 | Mem:124.81M, Peak:124.81M | Scene, ViewLayer | Updating Geometry BVH Cube.210 281/671 | Building mesh BLAS |     188 tris | Cube.210
Fra:1 Mem:242.06M (Peak 329.92M) | Time:00:00.21 | Mem:124.82M, Peak:124.82M | Scene, ViewLayer | Updating Geometry BVH Cube.211 282/671 | Building BVH
Fra:1 Mem:242.06M (Peak 329.92M) | Time:00:00.21 | Mem:124.83M, Peak:124.83M | Scene, ViewLayer | Updating Geometry BVH Cube.212 283/671 | Building BVH
Fra:1 Mem:242.06M (Peak 329.92M) | Time:00:00.21 | Mem:124.84M, Peak:124.84M | Scene, ViewLayer | Updating Geometry BVH Cube.213 284/671 | Building mesh BLAS |     188 tris | Cube.211
Fra:1 Mem:242.06M (Peak 329.92M) | Time:00:00.21 | Mem:124.84M, Peak:124.84M | Scene, ViewLayer | Updating Geometry BVH Cube.213 284/671 | Building mesh BLAS |     792 tris | Cube.212
Fra:1 Mem:242.06M (Peak 329.92M) | Time:00:00.21 | Mem:124.85M, Peak:124.85M | Scene, ViewLayer | Updating Geometry BVH Cube.213 284/671 | Building mesh BLAS |     524 tris | Cube.213
Fra:1 Mem:242.06M (Peak 329.92M) | Time:00:00.21 | Mem:124.87M, Peak:124.87M | Scene, ViewLayer | Updating Geometry BVH Cube.214 285/671 | Building BVH
Fra:1 Mem:242.06M (Peak 329.92M) | Time:00:00.21 | Mem:124.88M, Peak:124.88M | Scene, ViewLayer | Updating Geometry BVH Raised standing seam.039 649/671 | Building BVH
Fra:1 Mem:242.06M (Peak 329.92M) | Time:00:00.21 | Mem:124.88M, Peak:124.88M | Scene, ViewLayer | Updating Geometry BVH Raised standing seam.039 649/671 | Building mesh BLAS |     188 tris | Cube.214
Fra:1 Mem:242.06M (Peak 329.92M) | Time:00:00.21 | Mem:124.88M, Peak:124.88M | Scene, ViewLayer | Updating Geometry BVH Raised standing seam.039 649/671 | Building mesh BLAS |    1152 tris | Raised standing seam.039
Fra:1 Mem:242.06M (Peak 329.92M) | Time:00:00.21 | Mem:124.88M, Peak:124.88M | Scene, ViewLayer | Updating Geometry BVH Raised standing seam.039 649/671 | Building mesh BLAS |     188 tris | Cube.216
Fra:1 Mem:242.06M (Peak 329.92M) | Time:00:00.21 | Mem:124.88M, Peak:124.88M | Scene, ViewLayer | Updating Geometry BVH Cube.217 288/671 | Building BVH
Fra:1 Mem:242.06M (Peak 329.92M) | Time:00:00.21 | Mem:124.91M, Peak:124.91M | Scene, ViewLayer | Updating Geometry BVH Cube.218 289/671 | Building BVH
Fra:1 Mem:242.06M (Peak 329.92M) | Time:00:00.21 | Mem:124.91M, Peak:124.91M | Scene, ViewLayer | Updating Geometry BVH Cube.218 289/671 | Building mesh BLAS |     188 tris | Cube.218
Fra:1 Mem:242.06M (Peak 329.92M) | Time:00:00.21 | Mem:124.91M, Peak:124.91M | Scene, ViewLayer | Updating Geometry BVH Cube.218 289/671 | Building mesh BLAS |     188 tris | Cube.217
Fra:1 Mem:242.06M (Peak 329.92M) | Time:00:00.21 | Mem:125.02M, Peak:125.02M | Scene, ViewLayer | Updating Geometry BVH Cube.219 290/671 | Building BVH
Fra:1 Mem:242.06M (Peak 329.92M) | Time:00:00.21 | Mem:125.02M, Peak:125.02M | Scene, ViewLayer | Updating Geometry BVH Cube.220 291/671 | Building BVH
Fra:1 Mem:242.06M (Peak 329.92M) | Time:00:00.21 | Mem:125.02M, Peak:125.02M | Scene, ViewLayer | Updating Geometry BVH Cube.221 292/671 | Building mesh BLAS |     188 tris | Cube.219
Fra:1 Mem:242.06M (Peak 329.92M) | Time:00:00.21 | Mem:125.02M, Peak:125.02M | Scene, ViewLayer | Updating Geometry BVH Cube.221 292/671 | Building mesh BLAS |     188 tris | Cube.220
Fra:1 Mem:242.06M (Peak 329.92M) | Time:00:00.21 | Mem:125.02M, Peak:125.02M | Scene, ViewLayer | Updating Geometry BVH Cube.221 292/671 | Building mesh BLAS |     188 tris | Cube.221
Fra:1 Mem:242.06M (Peak 329.92M) | Time:00:00.21 | Mem:125.03M, Peak:125.03M | Scene, ViewLayer | Updating Geometry BVH Cube.222 293/671 | Building BVH
Fra:1 Mem:242.06M (Peak 329.92M) | Time:00:00.21 | Mem:125.03M, Peak:125.03M | Scene, ViewLayer | Updating Geometry BVH Cube.222 293/671 | Building mesh BLAS |     188 tris | Cube.222
Fra:1 Mem:242.06M (Peak 329.92M) | Time:00:00.21 | Mem:125.03M, Peak:125.03M | Scene, ViewLayer | Updating Geometry BVH Cube.223 294/671 | Building BVH
Fra:1 Mem:242.06M (Peak 329.92M) | Time:00:00.21 | Mem:125.03M, Peak:125.03M | Scene, ViewLayer | Updating Geometry BVH Cube.224 295/671 | Building mesh BLAS |     188 tris | Cube.223
Fra:1 Mem:242.06M (Peak 329.92M) | Time:00:00.21 | Mem:125.03M, Peak:125.03M | Scene, ViewLayer | Updating Geometry BVH Cube.224 295/671 | Building mesh BLAS |     188 tris | Cube.224
Fra:1 Mem:242.06M (Peak 329.92M) | Time:00:00.21 | Mem:125.07M, Peak:125.07M | Scene, ViewLayer | Updating Geometry BVH Cube.225 296/671 | Building BVH
Fra:1 Mem:242.06M (Peak 329.92M) | Time:00:00.21 | Mem:125.08M, Peak:125.08M | Scene, ViewLayer | Updating Geometry BVH Cube.225 296/671 | Building mesh BLAS |     188 tris | Cube.225
Fra:1 Mem:242.06M (Peak 329.92M) | Time:00:00.21 | Mem:125.08M, Peak:125.08M | Scene, ViewLayer | Updating Geometry BVH Cube.226 297/671 | Building BVH
Fra:1 Mem:242.06M (Peak 329.92M) | Time:00:00.21 | Mem:125.08M, Peak:125.08M | Scene, ViewLayer | Updating Geometry BVH Cube.226 297/671 | Building mesh BLAS |     380 tris | Cube.226
Fra:1 Mem:242.06M (Peak 329.92M) | Time:00:00.21 | Mem:125.08M, Peak:125.08M | Scene, ViewLayer | Updating Geometry BVH Cube.227 298/671 | Building BVH
Fra:1 Mem:242.06M (Peak 329.92M) | Time:00:00.21 | Mem:125.08M, Peak:125.08M | Scene, ViewLayer | Updating Geometry BVH Cube.228 299/671 | Building BVH
Fra:1 Mem:242.06M (Peak 329.92M) | Time:00:00.21 | Mem:125.08M, Peak:125.08M | Scene, ViewLayer | Updating Geometry BVH Cube.229 300/671 | Building BVH
Fra:1 Mem:242.06M (Peak 329.92M) | Time:00:00.21 | Mem:125.08M, Peak:125.08M | Scene, ViewLayer | Updating Geometry BVH Cube.229 300/671 | Building mesh BLAS |     188 tris | Cube.229
Fra:1 Mem:242.06M (Peak 329.92M) | Time:00:00.21 | Mem:125.12M, Peak:125.12M | Scene, ViewLayer | Updating Geometry BVH Cube.230 301/671 | Building BVH
Fra:1 Mem:242.06M (Peak 329.92M) | Time:00:00.21 | Mem:125.12M, Peak:125.12M | Scene, ViewLayer | Updating Geometry BVH Cube.230 301/671 | Building mesh BLAS |     188 tris | Cube.230
Fra:1 Mem:242.06M (Peak 329.92M) | Time:00:00.21 | Mem:125.13M, Peak:125.13M | Scene, ViewLayer | Updating Geometry BVH Cube.231 302/671 | Building BVH
Fra:1 Mem:242.06M (Peak 329.92M) | Time:00:00.21 | Mem:125.13M, Peak:125.13M | Scene, ViewLayer | Updating Geometry BVH Cube.231 302/671 | Building mesh BLAS |     188 tris | Cube.231
Fra:1 Mem:242.06M (Peak 329.92M) | Time:00:00.21 | Mem:125.13M, Peak:125.13M | Scene, ViewLayer | Updating Geometry BVH Raised standing seam.038 648/671 | Building BVH
Fra:1 Mem:242.06M (Peak 329.92M) | Time:00:00.21 | Mem:125.13M, Peak:125.13M | Scene, ViewLayer | Updating Geometry BVH Cube.232 303/671 | Building BVH
Fra:1 Mem:242.06M (Peak 329.92M) | Time:00:00.21 | Mem:125.13M, Peak:125.13M | Scene, ViewLayer | Updating Geometry BVH Cube.232 303/671 | Building mesh BLAS |    1152 tris | Raised standing seam.038
Fra:1 Mem:242.06M (Peak 329.92M) | Time:00:00.21 | Mem:125.13M, Peak:125.13M | Scene, ViewLayer | Updating Geometry BVH Cube.232 303/671 | Building mesh BLAS |     188 tris | Cube.232
Fra:1 Mem:242.06M (Peak 329.92M) | Time:00:00.21 | Mem:125.14M, Peak:125.14M | Scene, ViewLayer | Updating Geometry BVH Cube.233 304/671 | Building BVH
Fra:1 Mem:242.06M (Peak 329.92M) | Time:00:00.21 | Mem:125.14M, Peak:125.14M | Scene, ViewLayer | Updating Geometry BVH Cube.234 305/671 | Building BVH
Fra:1 Mem:242.06M (Peak 329.92M) | Time:00:00.21 | Mem:125.14M, Peak:125.14M | Scene, ViewLayer | Updating Geometry BVH Cube.235 306/671 | Building mesh BLAS |     188 tris | Cube.233
Fra:1 Mem:242.06M (Peak 329.92M) | Time:00:00.21 | Mem:125.15M, Peak:125.15M | Scene, ViewLayer | Updating Geometry BVH Cube.235 306/671 | Building mesh BLAS |     188 tris | Cube.234
Fra:1 Mem:242.06M (Peak 329.92M) | Time:00:00.21 | Mem:125.15M, Peak:125.15M | Scene, ViewLayer | Updating Geometry BVH Cube.236 307/671 | Building BVH
Fra:1 Mem:242.06M (Peak 329.92M) | Time:00:00.21 | Mem:125.15M, Peak:125.15M | Scene, ViewLayer | Updating Geometry BVH Cube.236 307/671 | Building mesh BLAS |     188 tris | Cube.236
Fra:1 Mem:242.06M (Peak 329.92M) | Time:00:00.21 | Mem:125.15M, Peak:125.15M | Scene, ViewLayer | Updating Geometry BVH Cube.237 308/671 | Building BVH
Fra:1 Mem:242.06M (Peak 329.92M) | Time:00:00.21 | Mem:125.15M, Peak:125.15M | Scene, ViewLayer | Updating Geometry BVH Cube.238 309/671 | Building BVH
Fra:1 Mem:242.06M (Peak 329.92M) | Time:00:00.21 | Mem:125.15M, Peak:125.15M | Scene, ViewLayer | Updating Geometry BVH Cube.238 309/671 | Building mesh BLAS |     188 tris | Cube.237
Fra:1 Mem:242.06M (Peak 329.92M) | Time:00:00.21 | Mem:125.15M, Peak:125.15M | Scene, ViewLayer | Updating Geometry BVH Cube.238 309/671 | Building mesh BLAS |     188 tris | Cube.238
Fra:1 Mem:242.06M (Peak 329.92M) | Time:00:00.21 | Mem:125.15M, Peak:125.15M | Scene, ViewLayer | Updating Geometry BVH Cube.238 309/671 | Building mesh BLAS |     188 tris | Cube.235
Fra:1 Mem:242.06M (Peak 329.92M) | Time:00:00.21 | Mem:125.15M, Peak:125.15M | Scene, ViewLayer | Updating Geometry BVH Cube.239 310/671 | Building BVH
Fra:1 Mem:242.06M (Peak 329.92M) | Time:00:00.21 | Mem:125.21M, Peak:125.21M | Scene, ViewLayer | Updating Geometry BVH Cube.239 310/671 | Building mesh BLAS |     188 tris | Cube.239
Fra:1 Mem:242.06M (Peak 329.92M) | Time:00:00.21 | Mem:125.22M, Peak:125.22M | Scene, ViewLayer | Updating Geometry BVH Cube.240 311/671 | Building BVH
Fra:1 Mem:242.06M (Peak 329.92M) | Time:00:00.21 | Mem:125.22M, Peak:125.22M | Scene, ViewLayer | Updating Geometry BVH Cube.241 312/671 | Building BVH
Fra:1 Mem:242.06M (Peak 329.92M) | Time:00:00.21 | Mem:125.22M, Peak:125.22M | Scene, ViewLayer | Updating Geometry BVH Cube.241 312/671 | Building mesh BLAS |     188 tris | Cube.240
Fra:1 Mem:242.06M (Peak 329.92M) | Time:00:00.21 | Mem:125.22M, Peak:125.22M | Scene, ViewLayer | Updating Geometry BVH Cube.241 312/671 | Building mesh BLAS |     188 tris | Cube.241
Fra:1 Mem:242.06M (Peak 329.92M) | Time:00:00.21 | Mem:125.22M, Peak:125.22M | Scene, ViewLayer | Updating Geometry BVH Cube.242 313/671 | Building BVH
Fra:1 Mem:242.06M (Peak 329.92M) | Time:00:00.21 | Mem:125.22M, Peak:125.22M | Scene, ViewLayer | Updating Geometry BVH Cube.242 313/671 | Building mesh BLAS |     188 tris | Cube.242
Fra:1 Mem:242.06M (Peak 329.92M) | Time:00:00.21 | Mem:125.23M, Peak:125.23M | Scene, ViewLayer | Updating Geometry BVH Cube.243 314/671 | Building BVH
Fra:1 Mem:242.06M (Peak 329.92M) | Time:00:00.21 | Mem:125.24M, Peak:125.24M | Scene, ViewLayer | Updating Geometry BVH Cube.243 314/671 | Building mesh BLAS |     188 tris | Cube.243
Fra:1 Mem:242.06M (Peak 329.92M) | Time:00:00.21 | Mem:125.24M, Peak:125.24M | Scene, ViewLayer | Updating Geometry BVH Cube.244 315/671 | Building BVH
Fra:1 Mem:242.06M (Peak 329.92M) | Time:00:00.21 | Mem:125.24M, Peak:125.24M | Scene, ViewLayer | Updating Geometry BVH Cube.246 317/671 | Building BVH
Fra:1 Mem:242.06M (Peak 329.92M) | Time:00:00.21 | Mem:125.24M, Peak:125.24M | Scene, ViewLayer | Updating Geometry BVH Cube.246 317/671 | Building mesh BLAS |     188 tris | Cube.244
Fra:1 Mem:242.06M (Peak 329.92M) | Time:00:00.21 | Mem:125.24M, Peak:125.24M | Scene, ViewLayer | Updating Geometry BVH Cube.246 317/671 | Building mesh BLAS |     188 tris | Cube.246
Fra:1 Mem:242.06M (Peak 329.92M) | Time:00:00.21 | Mem:125.24M, Peak:125.24M | Scene, ViewLayer | Updating Geometry BVH Cube.246 317/671 | Building mesh BLAS |     188 tris | Cube.245
Fra:1 Mem:242.06M (Peak 329.92M) | Time:00:00.21 | Mem:125.25M, Peak:125.25M | Scene, ViewLayer | Updating Geometry BVH Cube.247 318/671 | Building BVH
Fra:1 Mem:242.06M (Peak 329.92M) | Time:00:00.21 | Mem:125.25M, Peak:125.25M | Scene, ViewLayer | Updating Geometry BVH Raised standing seam.037 647/671 | Building BVH
Fra:1 Mem:242.06M (Peak 329.92M) | Time:00:00.21 | Mem:125.25M, Peak:125.25M | Scene, ViewLayer | Updating Geometry BVH Cube.248 319/671 | Building mesh BLAS |     188 tris | Cube.247
Fra:1 Mem:242.06M (Peak 329.92M) | Time:00:00.21 | Mem:125.26M, Peak:125.26M | Scene, ViewLayer | Updating Geometry BVH Cube.249 320/671 | Building mesh BLAS |    1152 tris | Raised standing seam.037
Fra:1 Mem:242.06M (Peak 329.92M) | Time:00:00.21 | Mem:125.26M, Peak:125.26M | Scene, ViewLayer | Updating Geometry BVH Cube.249 320/671 | Building mesh BLAS |     188 tris | Cube.248
Fra:1 Mem:242.06M (Peak 329.92M) | Time:00:00.21 | Mem:125.26M, Peak:125.26M | Scene, ViewLayer | Updating Geometry BVH Cube.249 320/671 | Building mesh BLAS |     188 tris | Cube.249
Fra:1 Mem:242.06M (Peak 329.92M) | Time:00:00.21 | Mem:125.26M, Peak:125.26M | Scene, ViewLayer | Updating Geometry BVH Cube.250 321/671 | Building BVH
Fra:1 Mem:242.06M (Peak 329.92M) | Time:00:00.21 | Mem:125.26M, Peak:125.26M | Scene, ViewLayer | Updating Geometry BVH Cube.251 322/671 | Building BVH
Fra:1 Mem:242.06M (Peak 329.92M) | Time:00:00.21 | Mem:125.26M, Peak:125.26M | Scene, ViewLayer | Updating Geometry BVH Cube.251 322/671 | Building mesh BLAS |     188 tris | Cube.250
Fra:1 Mem:242.06M (Peak 329.92M) | Time:00:00.21 | Mem:125.26M, Peak:125.26M | Scene, ViewLayer | Updating Geometry BVH Cube.251 322/671 | Building mesh BLAS |     188 tris | Cube.251
Fra:1 Mem:242.06M (Peak 329.92M) | Time:00:00.21 | Mem:125.27M, Peak:125.27M | Scene, ViewLayer | Updating Geometry BVH Cube.252 323/671 | Building BVH
Fra:1 Mem:242.06M (Peak 329.92M) | Time:00:00.21 | Mem:125.27M, Peak:125.27M | Scene, ViewLayer | Updating Geometry BVH Cube.253 324/671 | Building BVH
Fra:1 Mem:242.06M (Peak 329.92M) | Time:00:00.21 | Mem:125.27M, Peak:125.27M | Scene, ViewLayer | Updating Geometry BVH Cube.254 325/671 | Building BVH
Fra:1 Mem:242.06M (Peak 329.92M) | Time:00:00.21 | Mem:125.27M, Peak:125.27M | Scene, ViewLayer | Updating Geometry BVH Cube.254 325/671 | Building mesh BLAS |     188 tris | Cube.253
Fra:1 Mem:242.06M (Peak 329.92M) | Time:00:00.21 | Mem:125.27M, Peak:125.27M | Scene, ViewLayer | Updating Geometry BVH Cube.254 325/671 | Building mesh BLAS |     188 tris | Cube.254
Fra:1 Mem:242.06M (Peak 329.92M) | Time:00:00.21 | Mem:125.28M, Peak:125.28M | Scene, ViewLayer | Updating Geometry BVH Cube.255 326/671 | Building BVH
Fra:1 Mem:242.06M (Peak 329.92M) | Time:00:00.21 | Mem:125.28M, Peak:125.28M | Scene, ViewLayer | Updating Geometry BVH Cube.255 326/671 | Building mesh BLAS |     188 tris | Cube.255
Fra:1 Mem:242.06M (Peak 329.92M) | Time:00:00.21 | Mem:125.28M, Peak:125.28M | Scene, ViewLayer | Updating Geometry BVH Cube.256 327/671 | Building BVH
Fra:1 Mem:242.06M (Peak 329.92M) | Time:00:00.21 | Mem:125.28M, Peak:125.28M | Scene, ViewLayer | Updating Geometry BVH Cube.256 327/671 | Building mesh BLAS |     188 tris | Cube.256
Fra:1 Mem:242.06M (Peak 329.92M) | Time:00:00.21 | Mem:125.28M, Peak:125.28M | Scene, ViewLayer | Updating Geometry BVH Cube.257 328/671 | Building BVH
Fra:1 Mem:242.06M (Peak 329.92M) | Time:00:00.21 | Mem:125.28M, Peak:125.28M | Scene, ViewLayer | Updating Geometry BVH Cube.257 328/671 | Building mesh BLAS |     188 tris | Cube.257
Fra:1 Mem:242.06M (Peak 329.92M) | Time:00:00.21 | Mem:125.35M, Peak:125.35M | Scene, ViewLayer | Updating Geometry BVH Cube.258 329/671 | Building BVH
Fra:1 Mem:242.06M (Peak 329.92M) | Time:00:00.21 | Mem:125.35M, Peak:125.35M | Scene, ViewLayer | Updating Geometry BVH Cube.258 329/671 | Building mesh BLAS |     188 tris | Cube.258
Fra:1 Mem:242.06M (Peak 329.92M) | Time:00:00.21 | Mem:125.35M, Peak:125.35M | Scene, ViewLayer | Updating Geometry BVH Cube.259 330/671 | Building BVH
Fra:1 Mem:242.06M (Peak 329.92M) | Time:00:00.21 | Mem:125.35M, Peak:125.35M | Scene, ViewLayer | Updating Geometry BVH Cube.259 330/671 | Building mesh BLAS |     188 tris | Cube.259
Fra:1 Mem:242.06M (Peak 329.92M) | Time:00:00.21 | Mem:125.36M, Peak:125.36M | Scene, ViewLayer | Updating Geometry BVH Cube.260 331/671 | Building BVH
Fra:1 Mem:242.06M (Peak 329.92M) | Time:00:00.21 | Mem:125.36M, Peak:125.36M | Scene, ViewLayer | Updating Geometry BVH Cube.262 333/671 | Building BVH
Fra:1 Mem:242.06M (Peak 329.92M) | Time:00:00.21 | Mem:125.37M, Peak:125.37M | Scene, ViewLayer | Updating Geometry BVH Cube.262 333/671 | Building mesh BLAS |     188 tris | Cube.260
Fra:1 Mem:242.06M (Peak 329.92M) | Time:00:00.21 | Mem:125.37M, Peak:125.37M | Scene, ViewLayer | Updating Geometry BVH Cube.263 334/671 | Building BVH
Fra:1 Mem:242.06M (Peak 329.92M) | Time:00:00.21 | Mem:125.37M, Peak:125.37M | Scene, ViewLayer | Updating Geometry BVH Cube.263 334/671 | Building mesh BLAS |     188 tris | Cube.261
Fra:1 Mem:242.06M (Peak 329.92M) | Time:00:00.22 | Mem:125.37M, Peak:125.37M | Scene, ViewLayer | Updating Geometry BVH Cube.263 334/671 | Building mesh BLAS |     188 tris | Cube.263
Fra:1 Mem:242.06M (Peak 329.92M) | Time:00:00.22 | Mem:125.37M, Peak:125.37M | Scene, ViewLayer | Updating Geometry BVH Raised standing seam.036 646/671 | Building BVH
Fra:1 Mem:242.06M (Peak 329.92M) | Time:00:00.22 | Mem:125.37M, Peak:125.37M | Scene, ViewLayer | Updating Geometry BVH Cube.264 335/671 | Building BVH
Fra:1 Mem:242.06M (Peak 329.92M) | Time:00:00.22 | Mem:125.37M, Peak:125.37M | Scene, ViewLayer | Updating Geometry BVH Cube.264 335/671 | Building mesh BLAS |    1152 tris | Raised standing seam.036
Fra:1 Mem:242.06M (Peak 329.92M) | Time:00:00.22 | Mem:125.37M, Peak:125.37M | Scene, ViewLayer | Updating Geometry BVH Cube.264 335/671 | Building mesh BLAS |     188 tris | Cube.264
Fra:1 Mem:242.06M (Peak 329.92M) | Time:00:00.22 | Mem:125.37M, Peak:125.37M | Scene, ViewLayer | Updating Geometry BVH Cube.265 336/671 | Building BVH
Fra:1 Mem:242.06M (Peak 329.92M) | Time:00:00.22 | Mem:125.37M, Peak:125.37M | Scene, ViewLayer | Updating Geometry BVH Cube.265 336/671 | Building mesh BLAS |     188 tris | Cube.265
Fra:1 Mem:242.06M (Peak 329.92M) | Time:00:00.22 | Mem:125.38M, Peak:125.38M | Scene, ViewLayer | Updating Geometry BVH Cube.266 337/671 | Building BVH
Fra:1 Mem:242.06M (Peak 329.92M) | Time:00:00.22 | Mem:125.38M, Peak:125.38M | Scene, ViewLayer | Updating Geometry BVH Cube.266 337/671 | Building mesh BLAS |     188 tris | Cube.266
Fra:1 Mem:242.06M (Peak 329.92M) | Time:00:00.22 | Mem:125.38M, Peak:125.38M | Scene, ViewLayer | Updating Geometry BVH Cube.267 338/671 | Building BVH
Fra:1 Mem:242.06M (Peak 329.92M) | Time:00:00.22 | Mem:125.38M, Peak:125.38M | Scene, ViewLayer | Updating Geometry BVH Cube.267 338/671 | Building mesh BLAS |     188 tris | Cube.267
Fra:1 Mem:242.06M (Peak 329.92M) | Time:00:00.22 | Mem:125.38M, Peak:125.38M | Scene, ViewLayer | Updating Geometry BVH Cube.268 339/671 | Building BVH
Fra:1 Mem:242.06M (Peak 329.92M) | Time:00:00.22 | Mem:125.38M, Peak:125.38M | Scene, ViewLayer | Updating Geometry BVH Cube.269 340/671 | Building BVH
Fra:1 Mem:242.06M (Peak 329.92M) | Time:00:00.22 | Mem:125.38M, Peak:125.38M | Scene, ViewLayer | Updating Geometry BVH Cube.269 340/671 | Building mesh BLAS |     188 tris | Cube.268
Fra:1 Mem:242.06M (Peak 329.92M) | Time:00:00.22 | Mem:125.38M, Peak:125.38M | Scene, ViewLayer | Updating Geometry BVH Cube.269 340/671 | Building mesh BLAS |     188 tris | Cube.269
Fra:1 Mem:242.06M (Peak 329.92M) | Time:00:00.22 | Mem:125.39M, Peak:125.39M | Scene, ViewLayer | Updating Geometry BVH Cube.270 341/671 | Building BVH
Fra:1 Mem:242.06M (Peak 329.92M) | Time:00:00.22 | Mem:125.39M, Peak:125.39M | Scene, ViewLayer | Updating Geometry BVH Cube.271 342/671 | Building BVH
Fra:1 Mem:242.06M (Peak 329.92M) | Time:00:00.22 | Mem:125.39M, Peak:125.39M | Scene, ViewLayer | Updating Geometry BVH Cube.271 342/671 | Building mesh BLAS |     188 tris | Cube.270
Fra:1 Mem:242.06M (Peak 329.92M) | Time:00:00.22 | Mem:125.39M, Peak:125.39M | Scene, ViewLayer | Updating Geometry BVH Cube.271 342/671 | Building mesh BLAS |     188 tris | Cube.271
Fra:1 Mem:242.06M (Peak 329.92M) | Time:00:00.22 | Mem:125.41M, Peak:125.41M | Scene, ViewLayer | Updating Geometry BVH Cube.272 343/671 | Building BVH
Fra:1 Mem:242.06M (Peak 329.92M) | Time:00:00.22 | Mem:125.42M, Peak:125.42M | Scene, ViewLayer | Updating Geometry BVH Cube.272 343/671 | Building mesh BLAS |     188 tris | Cube.272
Fra:1 Mem:242.06M (Peak 329.92M) | Time:00:00.22 | Mem:125.42M, Peak:125.42M | Scene, ViewLayer | Updating Geometry BVH Cube.273 344/671 | Building BVH
Fra:1 Mem:242.06M (Peak 329.92M) | Time:00:00.22 | Mem:125.42M, Peak:125.42M | Scene, ViewLayer | Updating Geometry BVH Cube.274 345/671 | Building BVH
Fra:1 Mem:242.06M (Peak 329.92M) | Time:00:00.22 | Mem:125.42M, Peak:125.42M | Scene, ViewLayer | Updating Geometry BVH Cube.274 345/671 | Building mesh BLAS |     188 tris | Cube.273
Fra:1 Mem:242.06M (Peak 329.92M) | Time:00:00.22 | Mem:125.42M, Peak:125.42M | Scene, ViewLayer | Updating Geometry BVH Cube.274 345/671 | Building mesh BLAS |     188 tris | Cube.274
Fra:1 Mem:242.06M (Peak 329.92M) | Time:00:00.22 | Mem:125.49M, Peak:125.49M | Scene, ViewLayer | Updating Geometry BVH Cube.275 346/671 | Building BVH
Fra:1 Mem:242.06M (Peak 329.92M) | Time:00:00.22 | Mem:125.49M, Peak:125.49M | Scene, ViewLayer | Updating Geometry BVH Cube.275 346/671 | Building mesh BLAS |     188 tris | Cube.275
Fra:1 Mem:242.06M (Peak 329.92M) | Time:00:00.22 | Mem:125.49M, Peak:125.49M | Scene, ViewLayer | Updating Geometry BVH Cube.276 347/671 | Building BVH
Fra:1 Mem:242.06M (Peak 329.92M) | Time:00:00.22 | Mem:125.49M, Peak:125.49M | Scene, ViewLayer | Updating Geometry BVH Cube.276 347/671 | Building mesh BLAS |     188 tris | Cube.276
Fra:1 Mem:242.06M (Peak 329.92M) | Time:00:00.22 | Mem:125.52M, Peak:125.52M | Scene, ViewLayer | Updating Geometry BVH Cube.277 348/671 | Building BVH
Fra:1 Mem:242.06M (Peak 329.92M) | Time:00:00.22 | Mem:125.52M, Peak:125.52M | Scene, ViewLayer | Updating Geometry BVH Cylinder.069 349/671 | Building mesh BLAS |     188 tris | Cube.277
Fra:1 Mem:242.06M (Peak 329.92M) | Time:00:00.22 | Mem:125.52M, Peak:125.52M | Scene, ViewLayer | Updating Geometry BVH Sphere.001 350/671 | Building BVH
Fra:1 Mem:242.06M (Peak 329.92M) | Time:00:00.22 | Mem:125.52M, Peak:125.52M | Scene, ViewLayer | Updating Geometry BVH Sphere.001 350/671 | Building mesh BLAS |      60 tris | Cylinder.069
Fra:1 Mem:242.06M (Peak 329.92M) | Time:00:00.22 | Mem:125.52M, Peak:125.52M | Scene, ViewLayer | Updating Geometry BVH Sphere.001 350/671 | Building mesh BLAS |     528 tris | Sphere.001
Fra:1 Mem:242.06M (Peak 329.92M) | Time:00:00.22 | Mem:125.55M, Peak:125.55M | Scene, ViewLayer | Updating Geometry BVH Cube.278 351/671 | Building BVH
Fra:1 Mem:242.06M (Peak 329.92M) | Time:00:00.22 | Mem:125.56M, Peak:125.56M | Scene, ViewLayer | Updating Geometry BVH Raised standing seam.035 645/671 | Building BVH
Fra:1 Mem:242.06M (Peak 329.92M) | Time:00:00.22 | Mem:125.56M, Peak:125.56M | Scene, ViewLayer | Updating Geometry BVH Cube.279 352/671 | Building BVH
Fra:1 Mem:242.06M (Peak 329.92M) | Time:00:00.22 | Mem:125.56M, Peak:125.56M | Scene, ViewLayer | Updating Geometry BVH Cube.279 352/671 | Building mesh BLAS |     188 tris | Cube.279
Fra:1 Mem:242.06M (Peak 329.92M) | Time:00:00.22 | Mem:125.57M, Peak:125.57M | Scene, ViewLayer | Updating Geometry BVH Cube.280 353/671 | Building BVH
Fra:1 Mem:242.06M (Peak 329.92M) | Time:00:00.22 | Mem:125.57M, Peak:125.57M | Scene, ViewLayer | Updating Geometry BVH Cube.280 353/671 | Building mesh BLAS |     188 tris | Cube.280
Fra:1 Mem:242.06M (Peak 329.92M) | Time:00:00.22 | Mem:125.57M, Peak:125.57M | Scene, ViewLayer | Updating Geometry BVH Cube.281 354/671 | Building BVH
Fra:1 Mem:242.06M (Peak 329.92M) | Time:00:00.22 | Mem:125.57M, Peak:125.57M | Scene, ViewLayer | Updating Geometry BVH Cube.281 354/671 | Building mesh BLAS |     188 tris | Cube.281
Fra:1 Mem:242.06M (Peak 329.92M) | Time:00:00.22 | Mem:125.59M, Peak:125.59M | Scene, ViewLayer | Updating Geometry BVH Cube.282 355/671 | Building BVH
Fra:1 Mem:242.06M (Peak 329.92M) | Time:00:00.22 | Mem:125.59M, Peak:125.59M | Scene, ViewLayer | Updating Geometry BVH Cube.283 356/671 | Building BVH
Fra:1 Mem:242.06M (Peak 329.92M) | Time:00:00.22 | Mem:125.59M, Peak:125.59M | Scene, ViewLayer | Updating Geometry BVH Cube.284 357/671 | Building BVH
Fra:1 Mem:242.06M (Peak 329.92M) | Time:00:00.22 | Mem:125.59M, Peak:125.59M | Scene, ViewLayer | Updating Geometry BVH Cube.284 357/671 | Building mesh BLAS |     188 tris | Cube.283
Fra:1 Mem:242.06M (Peak 329.92M) | Time:00:00.22 | Mem:125.59M, Peak:125.59M | Scene, ViewLayer | Updating Geometry BVH Cube.284 357/671 | Building mesh BLAS |     188 tris | Cube.284
Fra:1 Mem:242.06M (Peak 329.92M) | Time:00:00.22 | Mem:125.60M, Peak:125.60M | Scene, ViewLayer | Updating Geometry BVH Cube.285 358/671 | Building BVH
Fra:1 Mem:242.06M (Peak 329.92M) | Time:00:00.22 | Mem:125.60M, Peak:125.60M | Scene, ViewLayer | Updating Geometry BVH Cube.286 359/671 | Building BVH
Fra:1 Mem:242.06M (Peak 329.92M) | Time:00:00.22 | Mem:125.60M, Peak:125.60M | Scene, ViewLayer | Updating Geometry BVH Cube.286 359/671 | Building mesh BLAS |     188 tris | Cube.285
Fra:1 Mem:242.06M (Peak 329.92M) | Time:00:00.22 | Mem:125.60M, Peak:125.60M | Scene, ViewLayer | Updating Geometry BVH Cube.286 359/671 | Building mesh BLAS |     188 tris | Cube.286
Fra:1 Mem:242.06M (Peak 329.92M) | Time:00:00.22 | Mem:125.63M, Peak:125.63M | Scene, ViewLayer | Updating Geometry BVH Cube.287 360/671 | Building BVH
Fra:1 Mem:242.06M (Peak 329.92M) | Time:00:00.22 | Mem:125.63M, Peak:125.63M | Scene, ViewLayer | Updating Geometry BVH Cube.287 360/671 | Building mesh BLAS |     188 tris | Cube.287
Fra:1 Mem:242.06M (Peak 329.92M) | Time:00:00.22 | Mem:125.63M, Peak:125.63M | Scene, ViewLayer | Updating Geometry BVH Cube.288 361/671 | Building BVH
Fra:1 Mem:242.06M (Peak 329.92M) | Time:00:00.22 | Mem:125.63M, Peak:125.63M | Scene, ViewLayer | Updating Geometry BVH Cube.289 362/671 | Building BVH
Fra:1 Mem:242.06M (Peak 329.92M) | Time:00:00.22 | Mem:125.63M, Peak:125.63M | Scene, ViewLayer | Updating Geometry BVH Cube.289 362/671 | Building mesh BLAS |     188 tris | Cube.288
Fra:1 Mem:242.06M (Peak 329.92M) | Time:00:00.22 | Mem:125.63M, Peak:125.63M | Scene, ViewLayer | Updating Geometry BVH Cube.289 362/671 | Building mesh BLAS |     188 tris | Cube.289
Fra:1 Mem:242.06M (Peak 329.92M) | Time:00:00.22 | Mem:125.74M, Peak:125.74M | Scene, ViewLayer | Updating Geometry BVH Cube.290 363/671 | Building BVH
Fra:1 Mem:242.06M (Peak 329.92M) | Time:00:00.22 | Mem:125.74M, Peak:125.74M | Scene, ViewLayer | Updating Geometry BVH Cube.290 363/671 | Building mesh BLAS |     188 tris | Cube.290
Fra:1 Mem:242.06M (Peak 329.92M) | Time:00:00.22 | Mem:125.74M, Peak:125.74M | Scene, ViewLayer | Updating Geometry BVH Cube.291 364/671 | Building BVH
Fra:1 Mem:242.06M (Peak 329.92M) | Time:00:00.22 | Mem:125.74M, Peak:125.74M | Scene, ViewLayer | Updating Geometry BVH Cube.293 366/671 | Building BVH
Fra:1 Mem:242.06M (Peak 329.92M) | Time:00:00.22 | Mem:125.74M, Peak:125.74M | Scene, ViewLayer | Updating Geometry BVH Cube.293 366/671 | Building mesh BLAS |     188 tris | Cube.291
Fra:1 Mem:242.06M (Peak 329.92M) | Time:00:00.22 | Mem:125.74M, Peak:125.74M | Scene, ViewLayer | Updating Geometry BVH Cube.293 366/671 | Building mesh BLAS |     188 tris | Cube.293
Fra:1 Mem:242.06M (Peak 329.92M) | Time:00:00.22 | Mem:125.74M, Peak:125.74M | Scene, ViewLayer | Updating Geometry BVH Cube.293 366/671 | Building mesh BLAS |     188 tris | Cube.292
Fra:1 Mem:242.06M (Peak 329.92M) | Time:00:00.22 | Mem:125.75M, Peak:125.75M | Scene, ViewLayer | Updating Geometry BVH Cube.294 367/671 | Building BVH
Fra:1 Mem:242.06M (Peak 329.92M) | Time:00:00.22 | Mem:125.75M, Peak:125.75M | Scene, ViewLayer | Updating Geometry BVH Cube.294 367/671 | Building mesh BLAS |     188 tris | Cube.294
Fra:1 Mem:242.06M (Peak 329.92M) | Time:00:00.22 | Mem:125.75M, Peak:125.75M | Scene, ViewLayer | Updating Geometry BVH Raised standing seam.034 644/671 | Building BVH
Fra:1 Mem:242.06M (Peak 329.92M) | Time:00:00.22 | Mem:125.76M, Peak:125.76M | Scene, ViewLayer | Updating Geometry BVH Raised standing seam.034 644/671 | Building mesh BLAS |    1152 tris | Raised standing seam.034
Fra:1 Mem:242.06M (Peak 329.92M) | Time:00:00.22 | Mem:125.76M, Peak:125.76M | Scene, ViewLayer | Updating Geometry BVH Cube.295 368/671 | Building BVH
Fra:1 Mem:242.06M (Peak 329.92M) | Time:00:00.22 | Mem:125.76M, Peak:125.76M | Scene, ViewLayer | Updating Geometry BVH Cube.297 370/671 | Building BVH
Fra:1 Mem:242.06M (Peak 329.92M) | Time:00:00.22 | Mem:125.76M, Peak:125.76M | Scene, ViewLayer | Updating Geometry BVH Cube.297 370/671 | Building mesh BLAS |     188 tris | Cube.295
Fra:1 Mem:242.06M (Peak 329.92M) | Time:00:00.22 | Mem:125.76M, Peak:125.76M | Scene, ViewLayer | Updating Geometry BVH Cube.297 370/671 | Building mesh BLAS |     188 tris | Cube.297
Fra:1 Mem:242.06M (Peak 329.92M) | Time:00:00.22 | Mem:125.76M, Peak:125.76M | Scene, ViewLayer | Updating Geometry BVH Cube.297 370/671 | Building mesh BLAS |     188 tris | Cube.296
Fra:1 Mem:242.06M (Peak 329.92M) | Time:00:00.22 | Mem:125.80M, Peak:125.80M | Scene, ViewLayer | Updating Geometry BVH Cube.298 371/671 | Building BVH
Fra:1 Mem:242.06M (Peak 329.92M) | Time:00:00.22 | Mem:125.80M, Peak:125.80M | Scene, ViewLayer | Updating Geometry BVH Cube.299 372/671 | Building BVH
Fra:1 Mem:242.06M (Peak 329.92M) | Time:00:00.22 | Mem:125.80M, Peak:125.80M | Scene, ViewLayer | Updating Geometry BVH Cube.299 372/671 | Building mesh BLAS |     188 tris | Cube.298
Fra:1 Mem:242.06M (Peak 329.92M) | Time:00:00.22 | Mem:125.80M, Peak:125.80M | Scene, ViewLayer | Updating Geometry BVH Cube.299 372/671 | Building mesh BLAS |     188 tris | Cube.299
Fra:1 Mem:242.06M (Peak 329.92M) | Time:00:00.22 | Mem:125.83M, Peak:125.83M | Scene, ViewLayer | Updating Geometry BVH Cube.300 373/671 | Building BVH
Fra:1 Mem:242.06M (Peak 329.92M) | Time:00:00.22 | Mem:125.83M, Peak:125.83M | Scene, ViewLayer | Updating Geometry BVH Cube.301 374/671 | Building BVH
Fra:1 Mem:242.06M (Peak 329.92M) | Time:00:00.22 | Mem:125.83M, Peak:125.83M | Scene, ViewLayer | Updating Geometry BVH Cube.302 375/671 | Building mesh BLAS |     188 tris | Cube.300
Fra:1 Mem:242.06M (Peak 329.92M) | Time:00:00.22 | Mem:125.84M, Peak:125.84M | Scene, ViewLayer | Updating Geometry BVH Cube.302 375/671 | Building mesh BLAS |     188 tris | Cube.301
Fra:1 Mem:242.06M (Peak 329.92M) | Time:00:00.22 | Mem:125.88M, Peak:125.88M | Scene, ViewLayer | Updating Geometry BVH Cube.302 375/671 | Building mesh BLAS |     188 tris | Cube.302
Fra:1 Mem:242.06M (Peak 329.92M) | Time:00:00.22 | Mem:125.92M, Peak:125.92M | Scene, ViewLayer | Updating Geometry BVH Cube.303 376/671 | Building BVH
Fra:1 Mem:242.06M (Peak 329.92M) | Time:00:00.22 | Mem:125.92M, Peak:125.92M | Scene, ViewLayer | Updating Geometry BVH Cube.305 378/671 | Building mesh BLAS |     188 tris | Cube.303
Fra:1 Mem:242.06M (Peak 329.92M) | Time:00:00.22 | Mem:125.92M, Peak:125.92M | Scene, ViewLayer | Updating Geometry BVH Cube.306 379/671 | Building BVH
Fra:1 Mem:242.06M (Peak 329.92M) | Time:00:00.22 | Mem:125.92M, Peak:125.92M | Scene, ViewLayer | Updating Geometry BVH Cube.306 379/671 | Building mesh BLAS |     188 tris | Cube.306
Fra:1 Mem:242.06M (Peak 329.92M) | Time:00:00.22 | Mem:125.99M, Peak:125.99M | Scene, ViewLayer | Updating Geometry BVH Cube.306 379/671 | Building mesh BLAS |     188 tris | Cube.305
Fra:1 Mem:242.06M (Peak 329.92M) | Time:00:00.22 | Mem:126.01M, Peak:126.01M | Scene, ViewLayer | Updating Geometry BVH Cube.306 379/671 | Building mesh BLAS |     188 tris | Cube.304
Fra:1 Mem:242.06M (Peak 329.92M) | Time:00:00.22 | Mem:126.01M, Peak:126.01M | Scene, ViewLayer | Updating Geometry BVH Cube.307 380/671 | Building BVH
Fra:1 Mem:242.06M (Peak 329.92M) | Time:00:00.22 | Mem:126.01M, Peak:126.01M | Scene, ViewLayer | Updating Geometry BVH Cube.308 381/671 | Building BVH
Fra:1 Mem:242.06M (Peak 329.92M) | Time:00:00.22 | Mem:126.01M, Peak:126.01M | Scene, ViewLayer | Updating Geometry BVH Cube.309 382/671 | Building BVH
Fra:1 Mem:242.06M (Peak 329.92M) | Time:00:00.22 | Mem:126.01M, Peak:126.01M | Scene, ViewLayer | Updating Geometry BVH Cube.309 382/671 | Building mesh BLAS |     188 tris | Cube.307
Fra:1 Mem:242.06M (Peak 329.92M) | Time:00:00.22 | Mem:126.01M, Peak:126.01M | Scene, ViewLayer | Updating Geometry BVH Cube.309 382/671 | Building mesh BLAS |     188 tris | Cube.308
Fra:1 Mem:242.06M (Peak 329.92M) | Time:00:00.22 | Mem:126.01M, Peak:126.01M | Scene, ViewLayer | Updating Geometry BVH Cylinder.070 383/671 | Building BVH
Fra:1 Mem:242.06M (Peak 329.92M) | Time:00:00.22 | Mem:126.01M, Peak:126.01M | Scene, ViewLayer | Updating Geometry BVH Cylinder.070 383/671 | Building mesh BLAS |      60 tris | Cylinder.070
Fra:1 Mem:242.06M (Peak 329.92M) | Time:00:00.22 | Mem:126.06M, Peak:126.06M | Scene, ViewLayer | Updating Geometry BVH Sphere.002 384/671 | Building BVH
Fra:1 Mem:242.06M (Peak 329.92M) | Time:00:00.22 | Mem:126.06M, Peak:126.06M | Scene, ViewLayer | Updating Geometry BVH Sphere.002 384/671 | Building mesh BLAS |     528 tris | Sphere.002
Fra:1 Mem:242.06M (Peak 329.92M) | Time:00:00.22 | Mem:126.06M, Peak:126.06M | Scene, ViewLayer | Updating Geometry BVH Raised standing seam.033 643/671 | Building BVH
Fra:1 Mem:242.06M (Peak 329.92M) | Time:00:00.22 | Mem:126.06M, Peak:126.06M | Scene, ViewLayer | Updating Geometry BVH Raised standing seam.033 643/671 | Building mesh BLAS |    1152 tris | Raised standing seam.033
Fra:1 Mem:242.06M (Peak 329.92M) | Time:00:00.22 | Mem:126.08M, Peak:126.08M | Scene, ViewLayer | Updating Geometry BVH Cube.310 385/671 | Building BVH
Fra:1 Mem:242.06M (Peak 329.92M) | Time:00:00.22 | Mem:126.09M, Peak:126.09M | Scene, ViewLayer | Updating Geometry BVH Cube.311 386/671 | Building mesh BLAS |     188 tris | Cube.310
Fra:1 Mem:242.06M (Peak 329.92M) | Time:00:00.22 | Mem:126.10M, Peak:126.10M | Scene, ViewLayer | Updating Geometry BVH Cube.312 387/671 | Building BVH
Fra:1 Mem:242.06M (Peak 329.92M) | Time:00:00.22 | Mem:126.10M, Peak:126.10M | Scene, ViewLayer | Updating Geometry BVH Cube.312 387/671 | Building mesh BLAS |     188 tris | Cube.311
Fra:1 Mem:242.06M (Peak 329.92M) | Time:00:00.22 | Mem:126.10M, Peak:126.10M | Scene, ViewLayer | Updating Geometry BVH Cube.313 388/671 | Building BVH
Fra:1 Mem:242.06M (Peak 329.92M) | Time:00:00.22 | Mem:126.10M, Peak:126.10M | Scene, ViewLayer | Updating Geometry BVH Cube.313 388/671 | Building mesh BLAS |     188 tris | Cube.313
Fra:1 Mem:242.06M (Peak 329.92M) | Time:00:00.22 | Mem:126.10M, Peak:126.10M | Scene, ViewLayer | Updating Geometry BVH Cube.314 389/671 | Building BVH
Fra:1 Mem:242.06M (Peak 329.92M) | Time:00:00.22 | Mem:126.11M, Peak:126.11M | Scene, ViewLayer | Updating Geometry BVH Cube.314 389/671 | Building mesh BLAS |     188 tris | Cube.314
Fra:1 Mem:242.06M (Peak 329.92M) | Time:00:00.22 | Mem:126.15M, Peak:126.15M | Scene, ViewLayer | Updating Geometry BVH Cube.315 390/671 | Building BVH
Fra:1 Mem:242.06M (Peak 329.92M) | Time:00:00.22 | Mem:126.15M, Peak:126.15M | Scene, ViewLayer | Updating Geometry BVH Cube.315 390/671 | Building mesh BLAS |     188 tris | Cube.315
Fra:1 Mem:242.06M (Peak 329.92M) | Time:00:00.22 | Mem:126.16M, Peak:126.16M | Scene, ViewLayer | Updating Geometry BVH Cube.316 391/671 | Building BVH
Fra:1 Mem:242.06M (Peak 329.92M) | Time:00:00.22 | Mem:126.18M, Peak:126.18M | Scene, ViewLayer | Updating Geometry BVH Cube.316 391/671 | Building mesh BLAS |     188 tris | Cube.316
Fra:1 Mem:242.06M (Peak 329.92M) | Time:00:00.22 | Mem:126.19M, Peak:126.19M | Scene, ViewLayer | Updating Geometry BVH Cube.317 392/671 | Building BVH
Fra:1 Mem:242.06M (Peak 329.92M) | Time:00:00.22 | Mem:126.19M, Peak:126.19M | Scene, ViewLayer | Updating Geometry BVH Cube.317 392/671 | Building mesh BLAS |     188 tris | Cube.317
Fra:1 Mem:242.06M (Peak 329.92M) | Time:00:00.22 | Mem:126.19M, Peak:126.19M | Scene, ViewLayer | Updating Geometry BVH Cube.318 393/671 | Building BVH
Fra:1 Mem:242.06M (Peak 329.92M) | Time:00:00.22 | Mem:126.19M, Peak:126.19M | Scene, ViewLayer | Updating Geometry BVH Cube.318 393/671 | Building mesh BLAS |     188 tris | Cube.318
Fra:1 Mem:242.06M (Peak 329.92M) | Time:00:00.22 | Mem:126.19M, Peak:126.19M | Scene, ViewLayer | Updating Geometry BVH Cube.319 394/671 | Building BVH
Fra:1 Mem:242.06M (Peak 329.92M) | Time:00:00.22 | Mem:126.19M, Peak:126.19M | Scene, ViewLayer | Updating Geometry BVH Cube.319 394/671 | Building mesh BLAS |     188 tris | Cube.319
Fra:1 Mem:242.06M (Peak 329.92M) | Time:00:00.22 | Mem:126.26M, Peak:126.26M | Scene, ViewLayer | Updating Geometry BVH Cube.320 395/671 | Building BVH
Fra:1 Mem:242.06M (Peak 329.92M) | Time:00:00.22 | Mem:126.26M, Peak:126.26M | Scene, ViewLayer | Updating Geometry BVH Cube.320 395/671 | Building mesh BLAS |     188 tris | Cube.320
Fra:1 Mem:242.06M (Peak 329.92M) | Time:00:00.22 | Mem:126.26M, Peak:126.26M | Scene, ViewLayer | Updating Geometry BVH Cube.321 396/671 | Building BVH
Fra:1 Mem:242.06M (Peak 329.92M) | Time:00:00.22 | Mem:126.27M, Peak:126.27M | Scene, ViewLayer | Updating Geometry BVH Cube.321 396/671 | Building mesh BLAS |     188 tris | Cube.321
Fra:1 Mem:242.06M (Peak 329.92M) | Time:00:00.22 | Mem:126.27M, Peak:126.27M | Scene, ViewLayer | Updating Geometry BVH Cube.323 398/671 | Building BVH
Fra:1 Mem:242.06M (Peak 329.92M) | Time:00:00.22 | Mem:126.29M, Peak:126.29M | Scene, ViewLayer | Updating Geometry BVH Cube.324 399/671 | Building BVH
Fra:1 Mem:242.06M (Peak 329.92M) | Time:00:00.22 | Mem:126.31M, Peak:126.31M | Scene, ViewLayer | Updating Geometry BVH Cube.325 400/671 | Building BVH
Fra:1 Mem:242.06M (Peak 329.92M) | Time:00:00.22 | Mem:126.31M, Peak:126.31M | Scene, ViewLayer | Updating Geometry BVH Cube.325 400/671 | Building mesh BLAS |     188 tris | Cube.324
Fra:1 Mem:242.06M (Peak 329.92M) | Time:00:00.22 | Mem:126.31M, Peak:126.31M | Scene, ViewLayer | Updating Geometry BVH Cube.325 400/671 | Building mesh BLAS |     188 tris | Cube.325
Fra:1 Mem:242.06M (Peak 329.92M) | Time:00:00.22 | Mem:126.31M, Peak:126.31M | Scene, ViewLayer | Updating Geometry BVH Cube.326 401/671 | Building BVH
Fra:1 Mem:242.06M (Peak 329.92M) | Time:00:00.22 | Mem:126.31M, Peak:126.31M | Scene, ViewLayer | Updating Geometry BVH Cube.326 401/671 | Building mesh BLAS |     188 tris | Cube.322
Fra:1 Mem:242.06M (Peak 329.92M) | Time:00:00.22 | Mem:126.31M, Peak:126.31M | Scene, ViewLayer | Updating Geometry BVH Cube.326 401/671 | Building mesh BLAS |     188 tris | Cube.326
Fra:1 Mem:242.06M (Peak 329.92M) | Time:00:00.22 | Mem:126.32M, Peak:126.32M | Scene, ViewLayer | Updating Geometry BVH Raised standing seam.032 642/671 | Building BVH
Fra:1 Mem:242.06M (Peak 329.92M) | Time:00:00.22 | Mem:126.32M, Peak:126.32M | Scene, ViewLayer | Updating Geometry BVH Raised standing seam.032 642/671 | Building mesh BLAS |    1152 tris | Raised standing seam.032
Fra:1 Mem:242.06M (Peak 329.92M) | Time:00:00.22 | Mem:126.34M, Peak:126.34M | Scene, ViewLayer | Updating Geometry BVH Cube.327 402/671 | Building BVH
Fra:1 Mem:242.06M (Peak 329.92M) | Time:00:00.22 | Mem:126.34M, Peak:126.34M | Scene, ViewLayer | Updating Geometry BVH Cube.327 402/671 | Building mesh BLAS |     188 tris | Cube.327
Fra:1 Mem:242.06M (Peak 329.92M) | Time:00:00.22 | Mem:126.34M, Peak:126.34M | Scene, ViewLayer | Updating Geometry BVH Cube.328 403/671 | Building BVH
Fra:1 Mem:242.06M (Peak 329.92M) | Time:00:00.22 | Mem:126.34M, Peak:126.34M | Scene, ViewLayer | Updating Geometry BVH Cube.328 403/671 | Building mesh BLAS |     188 tris | Cube.328
Fra:1 Mem:242.06M (Peak 329.92M) | Time:00:00.22 | Mem:126.34M, Peak:126.34M | Scene, ViewLayer | Updating Geometry BVH Cube.329 404/671 | Building BVH
Fra:1 Mem:242.06M (Peak 329.92M) | Time:00:00.22 | Mem:126.34M, Peak:126.34M | Scene, ViewLayer | Updating Geometry BVH Cube.329 404/671 | Building mesh BLAS |     188 tris | Cube.329
Fra:1 Mem:242.06M (Peak 329.92M) | Time:00:00.22 | Mem:126.34M, Peak:126.34M | Scene, ViewLayer | Updating Geometry BVH Cube.330 405/671 | Building BVH
Fra:1 Mem:242.06M (Peak 329.92M) | Time:00:00.22 | Mem:126.34M, Peak:126.34M | Scene, ViewLayer | Updating Geometry BVH Cube.330 405/671 | Building mesh BLAS |     188 tris | Cube.330
Fra:1 Mem:242.06M (Peak 329.92M) | Time:00:00.22 | Mem:126.37M, Peak:126.37M | Scene, ViewLayer | Updating Geometry BVH Cube.331 406/671 | Building BVH
Fra:1 Mem:242.06M (Peak 329.92M) | Time:00:00.22 | Mem:126.40M, Peak:126.40M | Scene, ViewLayer | Updating Geometry BVH Cube.332 407/671 | Building BVH
Fra:1 Mem:242.06M (Peak 329.92M) | Time:00:00.22 | Mem:126.40M, Peak:126.40M | Scene, ViewLayer | Updating Geometry BVH Cube.332 407/671 | Building mesh BLAS |     188 tris | Cube.331
Fra:1 Mem:242.06M (Peak 329.92M) | Time:00:00.22 | Mem:126.40M, Peak:126.40M | Scene, ViewLayer | Updating Geometry BVH Cube.333 408/671 | Building BVH
Fra:1 Mem:242.06M (Peak 329.92M) | Time:00:00.22 | Mem:126.40M, Peak:126.40M | Scene, ViewLayer | Updating Geometry BVH Cube.333 408/671 | Building mesh BLAS |     188 tris | Cube.333
Fra:1 Mem:242.06M (Peak 329.92M) | Time:00:00.22 | Mem:126.40M, Peak:126.40M | Scene, ViewLayer | Updating Geometry BVH Cube.334 409/671 | Building BVH
Fra:1 Mem:242.06M (Peak 329.92M) | Time:00:00.22 | Mem:126.40M, Peak:126.40M | Scene, ViewLayer | Updating Geometry BVH Cube.335 410/671 | Building BVH
Fra:1 Mem:242.06M (Peak 329.92M) | Time:00:00.22 | Mem:126.40M, Peak:126.40M | Scene, ViewLayer | Updating Geometry BVH Cube.335 410/671 | Building mesh BLAS |     188 tris | Cube.335
Fra:1 Mem:242.06M (Peak 329.92M) | Time:00:00.22 | Mem:126.46M, Peak:126.46M | Scene, ViewLayer | Updating Geometry BVH Cube.336 411/671 | Building BVH
Fra:1 Mem:242.06M (Peak 329.92M) | Time:00:00.22 | Mem:126.47M, Peak:126.47M | Scene, ViewLayer | Updating Geometry BVH Cube.336 411/671 | Building mesh BLAS |     188 tris | Cube.336
Fra:1 Mem:242.06M (Peak 329.92M) | Time:00:00.22 | Mem:126.49M, Peak:126.49M | Scene, ViewLayer | Updating Geometry BVH Cube.337 412/671 | Building BVH
Fra:1 Mem:242.06M (Peak 329.92M) | Time:00:00.22 | Mem:126.49M, Peak:126.49M | Scene, ViewLayer | Updating Geometry BVH Cube.337 412/671 | Building mesh BLAS |     188 tris | Cube.337
Fra:1 Mem:242.06M (Peak 329.92M) | Time:00:00.22 | Mem:126.52M, Peak:126.52M | Scene, ViewLayer | Updating Geometry BVH Cube.338 413/671 | Building BVH
Fra:1 Mem:242.06M (Peak 329.92M) | Time:00:00.22 | Mem:126.52M, Peak:126.52M | Scene, ViewLayer | Updating Geometry BVH Cube.338 413/671 | Building mesh BLAS |     188 tris | Cube.338
Fra:1 Mem:242.06M (Peak 329.92M) | Time:00:00.22 | Mem:126.52M, Peak:126.52M | Scene, ViewLayer | Updating Geometry BVH Cube.339 414/671 | Building BVH
Fra:1 Mem:242.06M (Peak 329.92M) | Time:00:00.22 | Mem:126.52M, Peak:126.52M | Scene, ViewLayer | Updating Geometry BVH Cube.341 416/671 | Building BVH
Fra:1 Mem:242.06M (Peak 329.92M) | Time:00:00.22 | Mem:126.52M, Peak:126.52M | Scene, ViewLayer | Updating Geometry BVH Cube.341 416/671 | Building mesh BLAS |     188 tris | Cube.339
Fra:1 Mem:242.06M (Peak 329.92M) | Time:00:00.22 | Mem:126.52M, Peak:126.52M | Scene, ViewLayer | Updating Geometry BVH Cube.341 416/671 | Building mesh BLAS |     188 tris | Cube.341
Fra:1 Mem:242.06M (Peak 329.92M) | Time:00:00.22 | Mem:126.52M, Peak:126.52M | Scene, ViewLayer | Updating Geometry BVH Cube.341 416/671 | Building mesh BLAS |     188 tris | Cube.340
Fra:1 Mem:242.06M (Peak 329.92M) | Time:00:00.22 | Mem:126.52M, Peak:126.52M | Scene, ViewLayer | Updating Geometry BVH Cube.342 417/671 | Building BVH
Fra:1 Mem:242.06M (Peak 329.92M) | Time:00:00.22 | Mem:126.52M, Peak:126.52M | Scene, ViewLayer | Updating Geometry BVH Cube.342 417/671 | Building mesh BLAS |     188 tris | Cube.342
Fra:1 Mem:242.06M (Peak 329.92M) | Time:00:00.22 | Mem:126.54M, Peak:126.54M | Scene, ViewLayer | Updating Geometry BVH Cube.343 418/671 | Building BVH
Fra:1 Mem:242.06M (Peak 329.92M) | Time:00:00.22 | Mem:126.54M, Peak:126.54M | Scene, ViewLayer | Updating Geometry BVH Cube.343 418/671 | Building mesh BLAS |     188 tris | Cube.343
Fra:1 Mem:242.06M (Peak 329.92M) | Time:00:00.22 | Mem:126.54M, Peak:126.54M | Scene, ViewLayer | Updating Geometry BVH East chapel copper dome 641/671 | Building BVH
Fra:1 Mem:242.06M (Peak 329.92M) | Time:00:00.22 | Mem:126.57M, Peak:126.57M | Scene, ViewLayer | Updating Geometry BVH Cube.344 419/671 | Building BVH
Fra:1 Mem:242.06M (Peak 329.92M) | Time:00:00.22 | Mem:126.57M, Peak:126.57M | Scene, ViewLayer | Updating Geometry BVH Cube.344 419/671 | Building mesh BLAS |   13824 tris | East chapel copper dome
Fra:1 Mem:242.06M (Peak 329.92M) | Time:00:00.22 | Mem:126.57M, Peak:126.57M | Scene, ViewLayer | Updating Geometry BVH Cube.344 419/671 | Building mesh BLAS |     188 tris | Cube.344
Fra:1 Mem:242.06M (Peak 329.92M) | Time:00:00.22 | Mem:126.57M, Peak:126.57M | Scene, ViewLayer | Updating Geometry BVH Cube.345 420/671 | Building BVH
Fra:1 Mem:242.06M (Peak 329.92M) | Time:00:00.22 | Mem:126.57M, Peak:126.57M | Scene, ViewLayer | Updating Geometry BVH Cube.345 420/671 | Building mesh BLAS |     188 tris | Cube.345
Fra:1 Mem:242.06M (Peak 329.92M) | Time:00:00.22 | Mem:126.61M, Peak:126.61M | Scene, ViewLayer | Updating Geometry BVH Great tower lower portal arch 422/671 | Building BVH
Fra:1 Mem:242.06M (Peak 329.92M) | Time:00:00.22 | Mem:126.61M, Peak:126.61M | Scene, ViewLayer | Updating Geometry BVH Refracting sea | displaced surface and enclosed volume 421/671 | Building BVH
Fra:1 Mem:242.06M (Peak 329.92M) | Time:00:00.22 | Mem:126.61M, Peak:126.61M | Scene, ViewLayer | Updating Geometry BVH Refracting sea | displaced surface and enclosed volume 421/671 | Building mesh BLAS |    1692 tris | Great tower lower portal arch
Fra:1 Mem:242.06M (Peak 329.92M) | Time:00:00.22 | Mem:126.61M, Peak:126.61M | Scene, ViewLayer | Updating Geometry BVH Great tower lower portal voussoir 423/671 | Building BVH
Fra:1 Mem:242.06M (Peak 329.92M) | Time:00:00.22 | Mem:126.61M, Peak:126.61M | Scene, ViewLayer | Updating Geometry BVH Great tower lower portal voussoir 423/671 | Building mesh BLAS |     188 tris | Great tower lower portal voussoir
Fra:1 Mem:242.06M (Peak 329.92M) | Time:00:00.22 | Mem:126.67M, Peak:126.67M | Scene, ViewLayer | Updating Geometry BVH Great tower lower portal voussoir.001 424/671 | Building BVH
Fra:1 Mem:242.06M (Peak 329.92M) | Time:00:00.22 | Mem:126.68M, Peak:126.68M | Scene, ViewLayer | Updating Geometry BVH Great tower lower portal voussoir.002 425/671 | Building BVH
Fra:1 Mem:242.06M (Peak 329.92M) | Time:00:00.22 | Mem:126.68M, Peak:126.68M | Scene, ViewLayer | Updating Geometry BVH Great tower lower portal voussoir.002 425/671 | Building mesh BLAS |     188 tris | Great tower lower portal voussoir.001
Fra:1 Mem:242.06M (Peak 329.92M) | Time:00:00.22 | Mem:126.68M, Peak:126.68M | Scene, ViewLayer | Updating Geometry BVH Great tower lower portal voussoir.004 427/671 | Building BVH
Fra:1 Mem:242.06M (Peak 329.92M) | Time:00:00.22 | Mem:126.68M, Peak:126.68M | Scene, ViewLayer | Updating Geometry BVH Great tower lower portal voussoir.004 427/671 | Building mesh BLAS |     188 tris | Great tower lower portal voussoir.004
Fra:1 Mem:242.06M (Peak 329.92M) | Time:00:00.22 | Mem:126.68M, Peak:126.68M | Scene, ViewLayer | Updating Geometry BVH Great tower lower portal voussoir.004 427/671 | Building mesh BLAS |     188 tris | Great tower lower portal voussoir.003
Fra:1 Mem:242.06M (Peak 329.92M) | Time:00:00.22 | Mem:126.68M, Peak:126.68M | Scene, ViewLayer | Updating Geometry BVH Great tower lower portal voussoir.004 427/671 | Building mesh BLAS |  118078 tris | Refracting sea | displaced surface and enclosed volume
Fra:1 Mem:242.06M (Peak 329.92M) | Time:00:00.22 | Mem:126.68M, Peak:126.68M | Scene, ViewLayer | Updating Geometry BVH Great tower lower portal voussoir.005 428/671 | Building BVH
Fra:1 Mem:242.06M (Peak 329.92M) | Time:00:00.22 | Mem:126.68M, Peak:126.68M | Scene, ViewLayer | Updating Geometry BVH Great tower lower portal voussoir.005 428/671 | Building mesh BLAS |     188 tris | Great tower lower portal voussoir.005
Fra:1 Mem:242.06M (Peak 329.92M) | Time:00:00.22 | Mem:126.70M, Peak:126.70M | Scene, ViewLayer | Updating Geometry BVH Great tower lower portal voussoir.006 429/671 | Building BVH
Fra:1 Mem:242.06M (Peak 329.92M) | Time:00:00.22 | Mem:126.71M, Peak:126.71M | Scene, ViewLayer | Updating Geometry BVH Great tower lower portal voussoir.006 429/671 | Building mesh BLAS |     188 tris | Great tower lower portal voussoir.006
Fra:1 Mem:242.06M (Peak 329.92M) | Time:00:00.22 | Mem:126.73M, Peak:126.73M | Scene, ViewLayer | Updating Geometry BVH Great tower lower portal voussoir.007 430/671 | Building BVH
Fra:1 Mem:242.06M (Peak 329.92M) | Time:00:00.22 | Mem:126.73M, Peak:126.73M | Scene, ViewLayer | Updating Geometry BVH Great tower lower portal voussoir.009 432/671 | Building BVH
Fra:1 Mem:242.06M (Peak 329.92M) | Time:00:00.22 | Mem:126.74M, Peak:126.74M | Scene, ViewLayer | Updating Geometry BVH Great tower lower portal voussoir.010 433/671 | Building BVH
Fra:1 Mem:242.06M (Peak 329.92M) | Time:00:00.22 | Mem:126.75M, Peak:126.75M | Scene, ViewLayer | Updating Geometry BVH Great tower lower portal voussoir.010 433/671 | Building mesh BLAS |     188 tris | Great tower lower portal voussoir.009
Fra:1 Mem:242.06M (Peak 329.92M) | Time:00:00.22 | Mem:126.75M, Peak:126.75M | Scene, ViewLayer | Updating Geometry BVH Great tower lower portal voussoir.010 433/671 | Building mesh BLAS |     188 tris | Great tower lower portal voussoir.008
Fra:1 Mem:242.06M (Peak 329.92M) | Time:00:00.22 | Mem:126.75M, Peak:126.75M | Scene, ViewLayer | Updating Geometry BVH Great tower lower portal voussoir.011 434/671 | Building BVH
Fra:1 Mem:242.06M (Peak 329.92M) | Time:00:00.22 | Mem:126.75M, Peak:126.75M | Scene, ViewLayer | Updating Geometry BVH Great tower lower portal voussoir.011 434/671 | Building mesh BLAS |     188 tris | Great tower lower portal voussoir.011
Fra:1 Mem:242.06M (Peak 329.92M) | Time:00:00.22 | Mem:126.75M, Peak:126.75M | Scene, ViewLayer | Updating Geometry BVH Great tower lower portal voussoir.011 434/671 | Building mesh BLAS |     188 tris | Great tower lower portal voussoir.010
Fra:1 Mem:242.06M (Peak 329.92M) | Time:00:00.22 | Mem:126.75M, Peak:126.75M | Scene, ViewLayer | Updating Geometry BVH Great tower lower portal voussoir.012 435/671 | Building BVH
Fra:1 Mem:242.06M (Peak 329.92M) | Time:00:00.22 | Mem:126.75M, Peak:126.75M | Scene, ViewLayer | Updating Geometry BVH Great tower lower portal voussoir.012 435/671 | Building mesh BLAS |     188 tris | Great tower lower portal voussoir.012
Fra:1 Mem:242.06M (Peak 329.92M) | Time:00:00.22 | Mem:126.77M, Peak:126.77M | Scene, ViewLayer | Updating Geometry BVH East chapel arch.003 640/671 | Building BVH
Fra:1 Mem:242.06M (Peak 329.92M) | Time:00:00.22 | Mem:126.78M, Peak:126.78M | Scene, ViewLayer | Updating Geometry BVH Great tower lower portal voussoir.013 436/671 | Building BVH
Fra:1 Mem:242.06M (Peak 329.92M) | Time:00:00.22 | Mem:126.79M, Peak:126.79M | Scene, ViewLayer | Updating Geometry BVH Great tower lower portal voussoir.014 437/671 | Building mesh BLAS |     188 tris | Great tower lower portal voussoir.013
Fra:1 Mem:242.06M (Peak 329.92M) | Time:00:00.22 | Mem:126.80M, Peak:126.80M | Scene, ViewLayer | Updating Geometry BVH Great tower lower portal voussoir.015 438/671 | Building mesh BLAS |    1692 tris | East chapel arch.003
Fra:1 Mem:242.06M (Peak 329.92M) | Time:00:00.22 | Mem:126.81M, Peak:126.81M | Scene, ViewLayer | Updating Geometry BVH Great tower lower portal voussoir.016 439/671 | Building BVH
Fra:1 Mem:242.06M (Peak 329.92M) | Time:00:00.22 | Mem:126.81M, Peak:126.81M | Scene, ViewLayer | Updating Geometry BVH Great tower lower portal voussoir.016 439/671 | Building mesh BLAS |     188 tris | Great tower lower portal voussoir.016
Fra:1 Mem:242.06M (Peak 329.92M) | Time:00:00.22 | Mem:126.81M, Peak:126.81M | Scene, ViewLayer | Updating Geometry BVH Great tower lower portal voussoir.016 439/671 | Building mesh BLAS |     188 tris | Great tower lower portal voussoir.015
Fra:1 Mem:242.06M (Peak 329.92M) | Time:00:00.22 | Mem:126.81M, Peak:126.81M | Scene, ViewLayer | Updating Geometry BVH Great tower lower portal voussoir.016 439/671 | Building mesh BLAS |     188 tris | Great tower lower portal voussoir.014
Fra:1 Mem:242.06M (Peak 329.92M) | Time:00:00.22 | Mem:126.81M, Peak:126.81M | Scene, ViewLayer | Updating Geometry BVH Great tower lower portal arch.001 440/671 | Building BVH
Fra:1 Mem:242.06M (Peak 329.92M) | Time:00:00.22 | Mem:126.81M, Peak:126.81M | Scene, ViewLayer | Updating Geometry BVH Great tower lower portal arch.001 440/671 | Building mesh BLAS |    1692 tris | Great tower lower portal arch.001
Fra:1 Mem:242.06M (Peak 329.92M) | Time:00:00.22 | Mem:126.84M, Peak:126.84M | Scene, ViewLayer | Updating Geometry BVH Great tower lower portal voussoir.017 441/671 | Building BVH
Fra:1 Mem:242.06M (Peak 329.92M) | Time:00:00.22 | Mem:126.84M, Peak:126.84M | Scene, ViewLayer | Updating Geometry BVH Great tower lower portal voussoir.017 441/671 | Building mesh BLAS |     188 tris | Great tower lower portal voussoir.017
Fra:1 Mem:242.06M (Peak 329.92M) | Time:00:00.22 | Mem:126.84M, Peak:126.84M | Scene, ViewLayer | Updating Geometry BVH Great tower lower portal voussoir.018 442/671 | Building BVH
Fra:1 Mem:242.06M (Peak 329.92M) | Time:00:00.22 | Mem:126.84M, Peak:126.84M | Scene, ViewLayer | Updating Geometry BVH Great tower lower portal voussoir.019 443/671 | Building BVH
Fra:1 Mem:242.06M (Peak 329.92M) | Time:00:00.22 | Mem:126.84M, Peak:126.84M | Scene, ViewLayer | Updating Geometry BVH Great tower lower portal voussoir.019 443/671 | Building mesh BLAS |     188 tris | Great tower lower portal voussoir.018
Fra:1 Mem:242.06M (Peak 329.92M) | Time:00:00.22 | Mem:126.84M, Peak:126.84M | Scene, ViewLayer | Updating Geometry BVH Great tower lower portal voussoir.019 443/671 | Building mesh BLAS |     188 tris | Great tower lower portal voussoir.019
Fra:1 Mem:242.06M (Peak 329.92M) | Time:00:00.22 | Mem:126.93M, Peak:126.93M | Scene, ViewLayer | Updating Geometry BVH Great tower lower portal voussoir.020 444/671 | Building BVH
Fra:1 Mem:242.06M (Peak 329.92M) | Time:00:00.22 | Mem:126.93M, Peak:126.93M | Scene, ViewLayer | Updating Geometry BVH Great tower lower portal voussoir.020 444/671 | Building mesh BLAS |     188 tris | Great tower lower portal voussoir.020
Fra:1 Mem:242.06M (Peak 329.92M) | Time:00:00.22 | Mem:126.93M, Peak:126.93M | Scene, ViewLayer | Updating Geometry BVH Great tower lower portal voussoir.021 445/671 | Building BVH
Fra:1 Mem:242.06M (Peak 329.92M) | Time:00:00.22 | Mem:126.93M, Peak:126.93M | Scene, ViewLayer | Updating Geometry BVH Great tower lower portal voussoir.021 445/671 | Building mesh BLAS |     188 tris | Great tower lower portal voussoir.021
Fra:1 Mem:242.06M (Peak 329.92M) | Time:00:00.22 | Mem:126.93M, Peak:126.93M | Scene, ViewLayer | Updating Geometry BVH Great tower lower portal voussoir.022 446/671 | Building BVH
Fra:1 Mem:242.06M (Peak 329.92M) | Time:00:00.22 | Mem:126.93M, Peak:126.93M | Scene, ViewLayer | Updating Geometry BVH Great tower lower portal voussoir.022 446/671 | Building mesh BLAS |     188 tris | Great tower lower portal voussoir.022
Fra:1 Mem:242.06M (Peak 329.92M) | Time:00:00.22 | Mem:126.94M, Peak:126.94M | Scene, ViewLayer | Updating Geometry BVH Great tower lower portal voussoir.023 447/671 | Building BVH
Fra:1 Mem:242.06M (Peak 329.92M) | Time:00:00.22 | Mem:126.94M, Peak:126.94M | Scene, ViewLayer | Updating Geometry BVH Great tower lower portal voussoir.023 447/671 | Building mesh BLAS |     188 tris | Great tower lower portal voussoir.023
Fra:1 Mem:242.06M (Peak 329.92M) | Time:00:00.22 | Mem:126.94M, Peak:126.94M | Scene, ViewLayer | Updating Geometry BVH Great tower lower portal voussoir.024 448/671 | Building BVH
Fra:1 Mem:242.06M (Peak 329.92M) | Time:00:00.22 | Mem:126.94M, Peak:126.94M | Scene, ViewLayer | Updating Geometry BVH Great tower lower portal voussoir.024 448/671 | Building mesh BLAS |     188 tris | Great tower lower portal voussoir.024
Fra:1 Mem:242.06M (Peak 329.92M) | Time:00:00.22 | Mem:126.97M, Peak:126.97M | Scene, ViewLayer | Updating Geometry BVH Great tower lower portal voussoir.025 449/671 | Building BVH
Fra:1 Mem:242.06M (Peak 329.92M) | Time:00:00.22 | Mem:126.99M, Peak:126.99M | Scene, ViewLayer | Updating Geometry BVH Great tower lower portal voussoir.027 451/671 | Building BVH
Fra:1 Mem:242.06M (Peak 329.92M) | Time:00:00.22 | Mem:126.99M, Peak:126.99M | Scene, ViewLayer | Updating Geometry BVH Great tower lower portal voussoir.027 451/671 | Building mesh BLAS |     188 tris | Great tower lower portal voussoir.025
Fra:1 Mem:242.06M (Peak 329.92M) | Time:00:00.22 | Mem:127.00M, Peak:127.00M | Scene, ViewLayer | Updating Geometry BVH Great tower lower portal voussoir.028 452/671 | Building BVH
Fra:1 Mem:242.06M (Peak 329.92M) | Time:00:00.22 | Mem:127.00M, Peak:127.00M | Scene, ViewLayer | Updating Geometry BVH Great tower lower portal voussoir.028 452/671 | Building mesh BLAS |     188 tris | Great tower lower portal voussoir.028
Fra:1 Mem:242.06M (Peak 329.92M) | Time:00:00.22 | Mem:127.02M, Peak:127.02M | Scene, ViewLayer | Updating Geometry BVH Great tower lower portal voussoir.028 452/671 | Building mesh BLAS |     188 tris | Great tower lower portal voussoir.026
Fra:1 Mem:242.06M (Peak 329.92M) | Time:00:00.22 | Mem:127.03M, Peak:127.03M | Scene, ViewLayer | Updating Geometry BVH Great tower lower portal voussoir.029 453/671 | Building BVH
Fra:1 Mem:242.06M (Peak 329.92M) | Time:00:00.22 | Mem:127.03M, Peak:127.03M | Scene, ViewLayer | Updating Geometry BVH Great tower lower portal voussoir.030 454/671 | Building BVH
Fra:1 Mem:242.06M (Peak 329.92M) | Time:00:00.22 | Mem:127.03M, Peak:127.03M | Scene, ViewLayer | Updating Geometry BVH East chapel arch.002 639/671 | Building BVH
Fra:1 Mem:242.06M (Peak 329.92M) | Time:00:00.22 | Mem:127.03M, Peak:127.03M | Scene, ViewLayer | Updating Geometry BVH East chapel arch.002 639/671 | Building mesh BLAS |     188 tris | Great tower lower portal voussoir.030
Fra:1 Mem:242.06M (Peak 329.92M) | Time:00:00.22 | Mem:127.03M, Peak:127.03M | Scene, ViewLayer | Updating Geometry BVH East chapel arch.002 639/671 | Building mesh BLAS |    1692 tris | East chapel arch.002
Fra:1 Mem:242.06M (Peak 329.92M) | Time:00:00.22 | Mem:127.03M, Peak:127.03M | Scene, ViewLayer | Updating Geometry BVH Great tower lower portal voussoir.031 455/671 | Building BVH
Fra:1 Mem:242.06M (Peak 329.92M) | Time:00:00.22 | Mem:127.03M, Peak:127.03M | Scene, ViewLayer | Updating Geometry BVH Great tower lower portal voussoir.031 455/671 | Building mesh BLAS |     188 tris | Great tower lower portal voussoir.031
Fra:1 Mem:242.06M (Peak 329.92M) | Time:00:00.22 | Mem:127.03M, Peak:127.03M | Scene, ViewLayer | Updating Geometry BVH Great tower lower portal voussoir.032 456/671 | Building BVH
Fra:1 Mem:242.06M (Peak 329.92M) | Time:00:00.22 | Mem:127.03M, Peak:127.03M | Scene, ViewLayer | Updating Geometry BVH Great tower lower portal voussoir.032 456/671 | Building mesh BLAS |     188 tris | Great tower lower portal voussoir.032
Fra:1 Mem:242.06M (Peak 329.92M) | Time:00:00.22 | Mem:127.03M, Peak:127.03M | Scene, ViewLayer | Updating Geometry BVH Great tower lower portal voussoir.033 457/671 | Building BVH
Fra:1 Mem:242.06M (Peak 329.92M) | Time:00:00.22 | Mem:127.03M, Peak:127.03M | Scene, ViewLayer | Updating Geometry BVH Great tower lower portal voussoir.033 457/671 | Building mesh BLAS |     188 tris | Great tower lower portal voussoir.033
Fra:1 Mem:242.06M (Peak 329.92M) | Time:00:00.22 | Mem:127.05M, Peak:127.05M | Scene, ViewLayer | Updating Geometry BVH Great tower lower portal arch.002 458/671 | Building BVH
Fra:1 Mem:242.06M (Peak 329.92M) | Time:00:00.22 | Mem:127.05M, Peak:127.05M | Scene, ViewLayer | Updating Geometry BVH Great tower lower portal voussoir.034 459/671 | Building BVH
Fra:1 Mem:242.06M (Peak 329.92M) | Time:00:00.22 | Mem:127.05M, Peak:127.05M | Scene, ViewLayer | Updating Geometry BVH Great tower lower portal voussoir.034 459/671 | Building mesh BLAS |     188 tris | Great tower lower portal voussoir.034
Fra:1 Mem:242.06M (Peak 329.92M) | Time:00:00.22 | Mem:127.12M, Peak:127.12M | Scene, ViewLayer | Updating Geometry BVH Great tower lower portal voussoir.035 460/671 | Building BVH
Fra:1 Mem:242.06M (Peak 329.92M) | Time:00:00.22 | Mem:127.13M, Peak:127.13M | Scene, ViewLayer | Updating Geometry BVH Great tower lower portal voussoir.035 460/671 | Building mesh BLAS |     188 tris | Great tower lower portal voussoir.035
Fra:1 Mem:242.06M (Peak 329.92M) | Time:00:00.22 | Mem:127.13M, Peak:127.13M | Scene, ViewLayer | Updating Geometry BVH Great tower lower portal voussoir.036 461/671 | Building BVH
Fra:1 Mem:242.06M (Peak 329.92M) | Time:00:00.22 | Mem:127.13M, Peak:127.13M | Scene, ViewLayer | Updating Geometry BVH Great tower lower portal voussoir.037 462/671 | Building BVH
Fra:1 Mem:242.06M (Peak 329.92M) | Time:00:00.22 | Mem:127.13M, Peak:127.13M | Scene, ViewLayer | Updating Geometry BVH Great tower lower portal voussoir.037 462/671 | Building mesh BLAS |     188 tris | Great tower lower portal voussoir.036
Fra:1 Mem:242.06M (Peak 329.92M) | Time:00:00.22 | Mem:127.13M, Peak:127.13M | Scene, ViewLayer | Updating Geometry BVH Great tower lower portal voussoir.037 462/671 | Building mesh BLAS |     188 tris | Great tower lower portal voussoir.037
Fra:1 Mem:242.06M (Peak 329.92M) | Time:00:00.22 | Mem:127.14M, Peak:127.14M | Scene, ViewLayer | Updating Geometry BVH Great tower lower portal voussoir.038 463/671 | Building BVH
Fra:1 Mem:242.06M (Peak 329.92M) | Time:00:00.22 | Mem:127.15M, Peak:127.15M | Scene, ViewLayer | Updating Geometry BVH Great tower lower portal voussoir.038 463/671 | Building mesh BLAS |     188 tris | Great tower lower portal voussoir.038
Fra:1 Mem:242.06M (Peak 329.92M) | Time:00:00.22 | Mem:127.17M, Peak:127.17M | Scene, ViewLayer | Updating Geometry BVH Great tower lower portal voussoir.039 464/671 | Building BVH
Fra:1 Mem:242.06M (Peak 329.92M) | Time:00:00.22 | Mem:127.17M, Peak:127.17M | Scene, ViewLayer | Updating Geometry BVH Great tower lower portal voussoir.040 465/671 | Building mesh BLAS |     188 tris | Great tower lower portal voussoir.039
Fra:1 Mem:242.06M (Peak 329.92M) | Time:00:00.22 | Mem:127.17M, Peak:127.17M | Scene, ViewLayer | Updating Geometry BVH Great tower lower portal voussoir.040 465/671 | Building mesh BLAS |     188 tris | Great tower lower portal voussoir.040
Fra:1 Mem:242.06M (Peak 329.92M) | Time:00:00.22 | Mem:127.19M, Peak:127.19M | Scene, ViewLayer | Updating Geometry BVH Great tower lower portal voussoir.041 466/671 | Building BVH
Fra:1 Mem:242.06M (Peak 329.92M) | Time:00:00.22 | Mem:127.19M, Peak:127.19M | Scene, ViewLayer | Updating Geometry BVH Great tower lower portal voussoir.041 466/671 | Building mesh BLAS |     188 tris | Great tower lower portal voussoir.041
Fra:1 Mem:242.06M (Peak 329.92M) | Time:00:00.22 | Mem:127.19M, Peak:127.19M | Scene, ViewLayer | Updating Geometry BVH Great tower lower portal voussoir.042 467/671 | Building BVH
Fra:1 Mem:242.06M (Peak 329.92M) | Time:00:00.22 | Mem:127.20M, Peak:127.20M | Scene, ViewLayer | Updating Geometry BVH Great tower lower portal voussoir.042 467/671 | Building mesh BLAS |     188 tris | Great tower lower portal voussoir.042
Fra:1 Mem:242.07M (Peak 329.92M) | Time:00:00.22 | Mem:127.21M, Peak:127.21M | Scene, ViewLayer | Updating Geometry BVH Great tower lower portal voussoir.043 468/671 | Building BVH
Fra:1 Mem:242.07M (Peak 329.92M) | Time:00:00.22 | Mem:127.21M, Peak:127.21M | Scene, ViewLayer | Updating Geometry BVH Great tower lower portal voussoir.044 469/671 | Building BVH
Fra:1 Mem:242.07M (Peak 329.92M) | Time:00:00.22 | Mem:127.21M, Peak:127.21M | Scene, ViewLayer | Updating Geometry BVH Great tower lower portal voussoir.044 469/671 | Building mesh BLAS |     188 tris | Great tower lower portal voussoir.043
Fra:1 Mem:242.07M (Peak 329.92M) | Time:00:00.22 | Mem:127.21M, Peak:127.21M | Scene, ViewLayer | Updating Geometry BVH Great tower lower portal voussoir.044 469/671 | Building mesh BLAS |     188 tris | Great tower lower portal voussoir.044
Fra:1 Mem:242.07M (Peak 329.92M) | Time:00:00.22 | Mem:127.22M, Peak:127.22M | Scene, ViewLayer | Updating Geometry BVH Great tower lower portal voussoir.045 470/671 | Building BVH
Fra:1 Mem:242.07M (Peak 329.92M) | Time:00:00.22 | Mem:127.22M, Peak:127.22M | Scene, ViewLayer | Updating Geometry BVH Great tower lower portal voussoir.046 471/671 | Building BVH
Fra:1 Mem:242.07M (Peak 329.92M) | Time:00:00.22 | Mem:127.22M, Peak:127.22M | Scene, ViewLayer | Updating Geometry BVH Great tower lower portal voussoir.046 471/671 | Building mesh BLAS |     188 tris | Great tower lower portal voussoir.045
Fra:1 Mem:242.07M (Peak 329.92M) | Time:00:00.22 | Mem:127.22M, Peak:127.22M | Scene, ViewLayer | Updating Geometry BVH Great tower lower portal voussoir.046 471/671 | Building mesh BLAS |     188 tris | Great tower lower portal voussoir.046
Fra:1 Mem:242.07M (Peak 329.92M) | Time:00:00.22 | Mem:127.22M, Peak:127.22M | Scene, ViewLayer | Updating Geometry BVH East chapel arch.001 638/671 | Building BVH
Fra:1 Mem:242.07M (Peak 329.92M) | Time:00:00.22 | Mem:127.22M, Peak:127.22M | Scene, ViewLayer | Updating Geometry BVH East chapel arch.001 638/671 | Building mesh BLAS |    1692 tris | East chapel arch.001
Fra:1 Mem:242.07M (Peak 329.92M) | Time:00:00.22 | Mem:127.22M, Peak:127.22M | Scene, ViewLayer | Updating Geometry BVH Great tower lower portal voussoir.047 472/671 | Building BVH
Fra:1 Mem:242.07M (Peak 329.92M) | Time:00:00.22 | Mem:127.22M, Peak:127.22M | Scene, ViewLayer | Updating Geometry BVH Great tower lower portal voussoir.047 472/671 | Building mesh BLAS |     188 tris | Great tower lower portal voussoir.047
Fra:1 Mem:242.07M (Peak 329.92M) | Time:00:00.22 | Mem:127.24M, Peak:127.24M | Scene, ViewLayer | Updating Geometry BVH Great tower lower portal voussoir.048 473/671 | Building BVH
Fra:1 Mem:242.07M (Peak 329.92M) | Time:00:00.22 | Mem:127.25M, Peak:127.25M | Scene, ViewLayer | Updating Geometry BVH Great tower lower portal voussoir.048 473/671 | Building mesh BLAS |     188 tris | Great tower lower portal voussoir.048
Fra:1 Mem:242.07M (Peak 329.92M) | Time:00:00.22 | Mem:127.25M, Peak:127.25M | Scene, ViewLayer | Updating Geometry BVH Great tower lower portal voussoir.049 474/671 | Building BVH
Fra:1 Mem:242.07M (Peak 329.92M) | Time:00:00.22 | Mem:127.25M, Peak:127.25M | Scene, ViewLayer | Updating Geometry BVH Great tower lower portal voussoir.050 475/671 | Building BVH
Fra:1 Mem:242.07M (Peak 329.92M) | Time:00:00.22 | Mem:127.25M, Peak:127.25M | Scene, ViewLayer | Updating Geometry BVH Great tower lower portal voussoir.050 475/671 | Building mesh BLAS |     188 tris | Great tower lower portal voussoir.050
Fra:1 Mem:242.07M (Peak 329.92M) | Time:00:00.22 | Mem:127.30M, Peak:127.30M | Scene, ViewLayer | Updating Geometry BVH Great tower lower portal arch.003 476/671 | Building BVH
Fra:1 Mem:242.07M (Peak 329.92M) | Time:00:00.22 | Mem:127.36M, Peak:127.36M | Scene, ViewLayer | Updating Geometry BVH Great tower lower portal arch.003 476/671 | Building mesh BLAS |    1692 tris | Great tower lower portal arch.003
Fra:1 Mem:242.07M (Peak 329.92M) | Time:00:00.22 | Mem:127.36M, Peak:127.36M | Scene, ViewLayer | Updating Geometry BVH Great tower lower portal voussoir.051 477/671 | Building BVH
Fra:1 Mem:242.07M (Peak 329.92M) | Time:00:00.22 | Mem:127.36M, Peak:127.36M | Scene, ViewLayer | Updating Geometry BVH Great tower lower portal voussoir.052 478/671 | Building BVH
Fra:1 Mem:242.07M (Peak 329.92M) | Time:00:00.22 | Mem:127.36M, Peak:127.36M | Scene, ViewLayer | Updating Geometry BVH Great tower lower portal voussoir.052 478/671 | Building mesh BLAS |     188 tris | Great tower lower portal voussoir.051
Fra:1 Mem:242.07M (Peak 329.92M) | Time:00:00.22 | Mem:127.36M, Peak:127.36M | Scene, ViewLayer | Updating Geometry BVH Great tower lower portal voussoir.053 479/671 | Building mesh BLAS |     188 tris | Great tower lower portal voussoir.052
Fra:1 Mem:242.07M (Peak 329.92M) | Time:00:00.22 | Mem:127.36M, Peak:127.36M | Scene, ViewLayer | Updating Geometry BVH Great tower lower portal voussoir.053 479/671 | Building mesh BLAS |     188 tris | Great tower lower portal voussoir.053
Fra:1 Mem:242.07M (Peak 329.92M) | Time:00:00.22 | Mem:127.39M, Peak:127.39M | Scene, ViewLayer | Updating Geometry BVH Great tower lower portal voussoir.054 480/671 | Building BVH
Fra:1 Mem:242.07M (Peak 329.92M) | Time:00:00.22 | Mem:127.39M, Peak:127.39M | Scene, ViewLayer | Updating Geometry BVH Great tower lower portal voussoir.054 480/671 | Building mesh BLAS |     188 tris | Great tower lower portal voussoir.054
Fra:1 Mem:242.07M (Peak 329.92M) | Time:00:00.22 | Mem:127.39M, Peak:127.39M | Scene, ViewLayer | Updating Geometry BVH Great tower lower portal voussoir.055 481/671 | Building BVH
Fra:1 Mem:242.07M (Peak 329.92M) | Time:00:00.22 | Mem:127.41M, Peak:127.41M | Scene, ViewLayer | Updating Geometry BVH Great tower lower portal voussoir.056 482/671 | Building BVH
Fra:1 Mem:242.07M (Peak 329.92M) | Time:00:00.22 | Mem:127.42M, Peak:127.42M | Scene, ViewLayer | Updating Geometry BVH Great tower lower portal voussoir.057 483/671 | Building BVH
Fra:1 Mem:242.07M (Peak 329.92M) | Time:00:00.22 | Mem:127.42M, Peak:127.42M | Scene, ViewLayer | Updating Geometry BVH Great tower lower portal voussoir.057 483/671 | Building mesh BLAS |     188 tris | Great tower lower portal voussoir.056
Fra:1 Mem:242.07M (Peak 329.92M) | Time:00:00.22 | Mem:127.42M, Peak:127.42M | Scene, ViewLayer | Updating Geometry BVH Great tower lower portal voussoir.057 483/671 | Building mesh BLAS |     188 tris | Great tower lower portal voussoir.057
Fra:1 Mem:242.07M (Peak 329.92M) | Time:00:00.22 | Mem:127.43M, Peak:127.43M | Scene, ViewLayer | Updating Geometry BVH Great tower lower portal voussoir.058 484/671 | Building BVH
Fra:1 Mem:242.07M (Peak 329.92M) | Time:00:00.22 | Mem:127.43M, Peak:127.43M | Scene, ViewLayer | Updating Geometry BVH Great tower lower portal voussoir.058 484/671 | Building mesh BLAS |     188 tris | Great tower lower portal voussoir.058
Fra:1 Mem:242.07M (Peak 329.92M) | Time:00:00.22 | Mem:127.43M, Peak:127.43M | Scene, ViewLayer | Updating Geometry BVH Great tower lower portal voussoir.059 485/671 | Building BVH
Fra:1 Mem:242.07M (Peak 329.92M) | Time:00:00.22 | Mem:127.43M, Peak:127.43M | Scene, ViewLayer | Updating Geometry BVH Great tower lower portal voussoir.059 485/671 | Building mesh BLAS |     188 tris | Great tower lower portal voussoir.059
Fra:1 Mem:242.07M (Peak 329.92M) | Time:00:00.22 | Mem:127.43M, Peak:127.43M | Scene, ViewLayer | Updating Geometry BVH Great tower lower portal voussoir.060 486/671 | Building BVH
Fra:1 Mem:242.07M (Peak 329.92M) | Time:00:00.22 | Mem:127.44M, Peak:127.44M | Scene, ViewLayer | Updating Geometry BVH Great tower lower portal voussoir.061 487/671 | Building BVH
Fra:1 Mem:242.07M (Peak 329.92M) | Time:00:00.22 | Mem:127.45M, Peak:127.45M | Scene, ViewLayer | Updating Geometry BVH Great tower lower portal voussoir.061 487/671 | Building mesh BLAS |     188 tris | Great tower lower portal voussoir.060
Fra:1 Mem:242.07M (Peak 329.92M) | Time:00:00.22 | Mem:127.45M, Peak:127.45M | Scene, ViewLayer | Updating Geometry BVH Great tower lower portal voussoir.061 487/671 | Building mesh BLAS |     188 tris | Great tower lower portal voussoir.061
Fra:1 Mem:242.07M (Peak 329.92M) | Time:00:00.22 | Mem:127.45M, Peak:127.45M | Scene, ViewLayer | Updating Geometry BVH Great tower lower portal voussoir.062 488/671 | Building BVH
Fra:1 Mem:242.07M (Peak 329.92M) | Time:00:00.22 | Mem:127.45M, Peak:127.45M | Scene, ViewLayer | Updating Geometry BVH Great tower lower portal voussoir.062 488/671 | Building mesh BLAS |     188 tris | Great tower lower portal voussoir.062
Fra:1 Mem:242.07M (Peak 329.92M) | Time:00:00.22 | Mem:127.46M, Peak:127.46M | Scene, ViewLayer | Updating Geometry BVH East chapel arch 637/671 | Building BVH
Fra:1 Mem:242.07M (Peak 329.92M) | Time:00:00.22 | Mem:127.47M, Peak:127.47M | Scene, ViewLayer | Updating Geometry BVH Great tower lower portal voussoir.063 489/671 | Building BVH
Fra:1 Mem:242.07M (Peak 329.92M) | Time:00:00.22 | Mem:127.47M, Peak:127.47M | Scene, ViewLayer | Updating Geometry BVH Great tower lower portal voussoir.063 489/671 | Building mesh BLAS |     188 tris | Great tower lower portal voussoir.063
Fra:1 Mem:242.07M (Peak 329.92M) | Time:00:00.22 | Mem:127.47M, Peak:127.47M | Scene, ViewLayer | Updating Geometry BVH Great tower lower portal voussoir.064 490/671 | Building BVH
Fra:1 Mem:242.07M (Peak 329.92M) | Time:00:00.22 | Mem:127.47M, Peak:127.47M | Scene, ViewLayer | Updating Geometry BVH Great tower lower portal voussoir.064 490/671 | Building mesh BLAS |     188 tris | Great tower lower portal voussoir.064
Fra:1 Mem:242.07M (Peak 329.92M) | Time:00:00.22 | Mem:127.50M, Peak:127.50M | Scene, ViewLayer | Updating Geometry BVH Great tower lower portal voussoir.065 491/671 | Building BVH
Fra:1 Mem:242.07M (Peak 329.92M) | Time:00:00.22 | Mem:127.50M, Peak:127.50M | Scene, ViewLayer | Updating Geometry BVH Great tower lower portal voussoir.066 492/671 | Building BVH
Fra:1 Mem:242.07M (Peak 329.92M) | Time:00:00.22 | Mem:127.51M, Peak:127.51M | Scene, ViewLayer | Updating Geometry BVH Great tower lower portal voussoir.066 492/671 | Building mesh BLAS |     188 tris | Great tower lower portal voussoir.065
Fra:1 Mem:242.07M (Peak 329.92M) | Time:00:00.22 | Mem:127.52M, Peak:127.52M | Scene, ViewLayer | Updating Geometry BVH Great tower lower portal voussoir.066 492/671 | Building mesh BLAS |     188 tris | Great tower lower portal voussoir.066
Fra:1 Mem:242.07M (Peak 329.92M) | Time:00:00.22 | Mem:127.52M, Peak:127.52M | Scene, ViewLayer | Updating Geometry BVH Great tower lower portal voussoir.067 493/671 | Building BVH
Fra:1 Mem:242.07M (Peak 329.92M) | Time:00:00.22 | Mem:127.52M, Peak:127.52M | Scene, ViewLayer | Updating Geometry BVH Great tower lower portal voussoir.067 493/671 | Building mesh BLAS |     188 tris | Great tower lower portal voussoir.067
Fra:1 Mem:242.07M (Peak 329.92M) | Time:00:00.22 | Mem:127.60M, Peak:127.60M | Scene, ViewLayer | Updating Geometry BVH Upper loggia arch 494/671 | Building BVH
Fra:1 Mem:242.07M (Peak 329.92M) | Time:00:00.22 | Mem:127.60M, Peak:127.60M | Scene, ViewLayer | Updating Geometry BVH Upper loggia voussoir.001 496/671 | Building BVH
Fra:1 Mem:242.07M (Peak 329.92M) | Time:00:00.22 | Mem:127.60M, Peak:127.60M | Scene, ViewLayer | Updating Geometry BVH Upper loggia voussoir.001 496/671 | Building mesh BLAS |     188 tris | Upper loggia voussoir.001
Fra:1 Mem:242.07M (Peak 329.92M) | Time:00:00.22 | Mem:127.60M, Peak:127.60M | Scene, ViewLayer | Updating Geometry BVH Upper loggia voussoir.001 496/671 | Building mesh BLAS |     188 tris | Upper loggia voussoir
Fra:1 Mem:242.07M (Peak 329.92M) | Time:00:00.22 | Mem:127.60M, Peak:127.60M | Scene, ViewLayer | Updating Geometry BVH Upper loggia voussoir.001 496/671 | Building mesh BLAS |    1692 tris | Upper loggia arch
Fra:1 Mem:242.07M (Peak 329.92M) | Time:00:00.23 | Mem:127.62M, Peak:127.62M | Scene, ViewLayer | Updating Geometry BVH Upper loggia voussoir.002 497/671 | Building BVH
Fra:1 Mem:242.07M (Peak 329.92M) | Time:00:00.23 | Mem:127.62M, Peak:127.62M | Scene, ViewLayer | Updating Geometry BVH Upper loggia voussoir.003 498/671 | Building BVH
Fra:1 Mem:242.07M (Peak 329.92M) | Time:00:00.23 | Mem:127.62M, Peak:127.62M | Scene, ViewLayer | Updating Geometry BVH Upper loggia voussoir.003 498/671 | Building mesh BLAS |     188 tris | Upper loggia voussoir.002
Fra:1 Mem:242.07M (Peak 329.92M) | Time:00:00.23 | Mem:127.62M, Peak:127.62M | Scene, ViewLayer | Updating Geometry BVH Upper loggia voussoir.004 499/671 | Building BVH
Fra:1 Mem:242.07M (Peak 329.92M) | Time:00:00.23 | Mem:127.62M, Peak:127.62M | Scene, ViewLayer | Updating Geometry BVH Upper loggia voussoir.004 499/671 | Building mesh BLAS |     188 tris | Upper loggia voussoir.004
Fra:1 Mem:242.07M (Peak 329.92M) | Time:00:00.23 | Mem:127.63M, Peak:127.63M | Scene, ViewLayer | Updating Geometry BVH Upper loggia voussoir.005 500/671 | Building BVH
Fra:1 Mem:242.07M (Peak 329.92M) | Time:00:00.23 | Mem:127.63M, Peak:127.63M | Scene, ViewLayer | Updating Geometry BVH Upper loggia voussoir.005 500/671 | Building mesh BLAS |     188 tris | Upper loggia voussoir.005
Fra:1 Mem:242.07M (Peak 329.92M) | Time:00:00.23 | Mem:127.65M, Peak:127.65M | Scene, ViewLayer | Updating Geometry BVH Upper loggia voussoir.006 501/671 | Building BVH
Fra:1 Mem:242.07M (Peak 329.92M) | Time:00:00.23 | Mem:127.65M, Peak:127.65M | Scene, ViewLayer | Updating Geometry BVH Upper loggia voussoir.006 501/671 | Building mesh BLAS |     188 tris | Upper loggia voussoir.006
Fra:1 Mem:242.07M (Peak 329.92M) | Time:00:00.23 | Mem:127.65M, Peak:127.65M | Scene, ViewLayer | Updating Geometry BVH Upper loggia voussoir.007 502/671 | Building BVH
Fra:1 Mem:242.07M (Peak 329.92M) | Time:00:00.23 | Mem:127.65M, Peak:127.65M | Scene, ViewLayer | Updating Geometry BVH Upper loggia voussoir.007 502/671 | Building mesh BLAS |     188 tris | Upper loggia voussoir.007
Fra:1 Mem:242.07M (Peak 329.92M) | Time:00:00.23 | Mem:127.66M, Peak:127.66M | Scene, ViewLayer | Updating Geometry BVH Upper loggia voussoir.008 503/671 | Building BVH
Fra:1 Mem:242.07M (Peak 329.92M) | Time:00:00.23 | Mem:127.66M, Peak:127.66M | Scene, ViewLayer | Updating Geometry BVH Upper loggia voussoir.009 504/671 | Building BVH
Fra:1 Mem:242.07M (Peak 329.92M) | Time:00:00.23 | Mem:127.66M, Peak:127.66M | Scene, ViewLayer | Updating Geometry BVH Upper loggia voussoir.010 505/671 | Building BVH
Fra:1 Mem:242.07M (Peak 329.92M) | Time:00:00.23 | Mem:127.66M, Peak:127.66M | Scene, ViewLayer | Updating Geometry BVH Upper loggia voussoir.010 505/671 | Building mesh BLAS |     188 tris | Upper loggia voussoir.009
Fra:1 Mem:242.07M (Peak 329.92M) | Time:00:00.23 | Mem:127.66M, Peak:127.66M | Scene, ViewLayer | Updating Geometry BVH Upper loggia voussoir.010 505/671 | Building mesh BLAS |     188 tris | Upper loggia voussoir.010
Fra:1 Mem:242.07M (Peak 329.92M) | Time:00:00.23 | Mem:127.69M, Peak:127.69M | Scene, ViewLayer | Updating Geometry BVH Upper loggia voussoir.011 506/671 | Building BVH
Fra:1 Mem:242.07M (Peak 329.92M) | Time:00:00.23 | Mem:127.69M, Peak:127.69M | Scene, ViewLayer | Updating Geometry BVH Upper loggia voussoir.011 506/671 | Building mesh BLAS |     188 tris | Upper loggia voussoir.011
Fra:1 Mem:242.07M (Peak 329.92M) | Time:00:00.23 | Mem:127.69M, Peak:127.69M | Scene, ViewLayer | Updating Geometry BVH West chapel bridge voussoir.016 636/671 | Building BVH
Fra:1 Mem:242.07M (Peak 329.92M) | Time:00:00.23 | Mem:127.69M, Peak:127.69M | Scene, ViewLayer | Updating Geometry BVH West chapel bridge voussoir.016 636/671 | Building mesh BLAS |     188 tris | West chapel bridge voussoir.016
Fra:1 Mem:242.07M (Peak 329.92M) | Time:00:00.23 | Mem:127.71M, Peak:127.71M | Scene, ViewLayer | Updating Geometry BVH Upper loggia voussoir.012 507/671 | Building BVH
Fra:1 Mem:242.07M (Peak 329.92M) | Time:00:00.23 | Mem:127.73M, Peak:127.73M | Scene, ViewLayer | Updating Geometry BVH Upper loggia voussoir.012 507/671 | Building mesh BLAS |     188 tris | Upper loggia voussoir.012
Fra:1 Mem:242.07M (Peak 329.92M) | Time:00:00.23 | Mem:127.73M, Peak:127.73M | Scene, ViewLayer | Updating Geometry BVH Upper loggia voussoir.013 508/671 | Building BVH
Fra:1 Mem:242.07M (Peak 329.92M) | Time:00:00.23 | Mem:127.73M, Peak:127.73M | Scene, ViewLayer | Updating Geometry BVH Upper loggia voussoir.013 508/671 | Building mesh BLAS |     188 tris | Upper loggia voussoir.013
Fra:1 Mem:242.07M (Peak 329.92M) | Time:00:00.23 | Mem:127.73M, Peak:127.73M | Scene, ViewLayer | Updating Geometry BVH Upper loggia voussoir.014 509/671 | Building BVH
Fra:1 Mem:242.07M (Peak 329.92M) | Time:00:00.23 | Mem:127.73M, Peak:127.73M | Scene, ViewLayer | Updating Geometry BVH Upper loggia voussoir.014 509/671 | Building mesh BLAS |     188 tris | Upper loggia voussoir.014
Fra:1 Mem:242.07M (Peak 329.92M) | Time:00:00.23 | Mem:127.74M, Peak:127.74M | Scene, ViewLayer | Updating Geometry BVH Upper loggia voussoir.015 510/671 | Building BVH
Fra:1 Mem:242.07M (Peak 329.92M) | Time:00:00.23 | Mem:127.74M, Peak:127.74M | Scene, ViewLayer | Updating Geometry BVH Upper loggia voussoir.016 511/671 | Building BVH
Fra:1 Mem:242.07M (Peak 329.92M) | Time:00:00.23 | Mem:128.40M, Peak:128.40M | Scene, ViewLayer | Updating Geometry BVH Upper loggia arch.001 512/671 | Building BVH
Fra:1 Mem:242.07M (Peak 329.92M) | Time:00:00.23 | Mem:128.41M, Peak:128.41M | Scene, ViewLayer | Updating Geometry BVH Upper loggia voussoir.017 513/671 | Building BVH
Fra:1 Mem:242.07M (Peak 329.92M) | Time:00:00.23 | Mem:128.51M, Peak:128.51M | Scene, ViewLayer | Updating Geometry BVH Upper loggia voussoir.017 513/671 | Building mesh BLAS |     188 tris | Upper loggia voussoir.017
Fra:1 Mem:242.07M (Peak 329.92M) | Time:00:00.23 | Mem:128.51M, Peak:128.51M | Scene, ViewLayer | Updating Geometry BVH Upper loggia voussoir.017 513/671 | Building mesh BLAS |    1692 tris | Upper loggia arch.001
Fra:1 Mem:242.07M (Peak 329.92M) | Time:00:00.23 | Mem:128.51M, Peak:128.51M | Scene, ViewLayer | Updating Geometry BVH Upper loggia voussoir.018 514/671 | Building BVH
Fra:1 Mem:242.07M (Peak 329.92M) | Time:00:00.23 | Mem:128.52M, Peak:128.52M | Scene, ViewLayer | Updating Geometry BVH Upper loggia voussoir.019 515/671 | Building BVH
Fra:1 Mem:242.07M (Peak 329.92M) | Time:00:00.23 | Mem:128.52M, Peak:128.52M | Scene, ViewLayer | Updating Geometry BVH Upper loggia voussoir.019 515/671 | Building mesh BLAS |     188 tris | Upper loggia voussoir.018
Fra:1 Mem:242.07M (Peak 329.92M) | Time:00:00.23 | Mem:128.52M, Peak:128.52M | Scene, ViewLayer | Updating Geometry BVH Upper loggia voussoir.019 515/671 | Building mesh BLAS |     188 tris | Upper loggia voussoir.019
Fra:1 Mem:242.07M (Peak 329.92M) | Time:00:00.23 | Mem:128.53M, Peak:128.53M | Scene, ViewLayer | Updating Geometry BVH Upper loggia voussoir.020 516/671 | Building BVH
Fra:1 Mem:242.07M (Peak 329.92M) | Time:00:00.23 | Mem:128.53M, Peak:128.53M | Scene, ViewLayer | Updating Geometry BVH Upper loggia voussoir.022 518/671 | Building BVH
Fra:1 Mem:242.07M (Peak 329.92M) | Time:00:00.23 | Mem:128.53M, Peak:128.53M | Scene, ViewLayer | Updating Geometry BVH Upper loggia voussoir.022 518/671 | Building mesh BLAS |     188 tris | Upper loggia voussoir.020
Fra:1 Mem:242.07M (Peak 329.92M) | Time:00:00.23 | Mem:128.53M, Peak:128.53M | Scene, ViewLayer | Updating Geometry BVH Upper loggia voussoir.022 518/671 | Building mesh BLAS |     188 tris | Upper loggia voussoir.021
Fra:1 Mem:242.07M (Peak 329.92M) | Time:00:00.23 | Mem:128.53M, Peak:128.53M | Scene, ViewLayer | Updating Geometry BVH Upper loggia voussoir.022 518/671 | Building mesh BLAS |     188 tris | Upper loggia voussoir.022
Fra:1 Mem:242.07M (Peak 329.92M) | Time:00:00.23 | Mem:128.56M, Peak:128.56M | Scene, ViewLayer | Updating Geometry BVH Upper loggia voussoir.023 519/671 | Building BVH
Fra:1 Mem:242.07M (Peak 329.92M) | Time:00:00.23 | Mem:128.56M, Peak:128.56M | Scene, ViewLayer | Updating Geometry BVH Upper loggia voussoir.023 519/671 | Building mesh BLAS |     188 tris | Upper loggia voussoir.023
Fra:1 Mem:242.07M (Peak 329.92M) | Time:00:00.23 | Mem:128.56M, Peak:128.56M | Scene, ViewLayer | Updating Geometry BVH Upper loggia voussoir.024 520/671 | Building BVH
Fra:1 Mem:242.07M (Peak 329.92M) | Time:00:00.23 | Mem:128.56M, Peak:128.56M | Scene, ViewLayer | Updating Geometry BVH Upper loggia voussoir.024 520/671 | Building mesh BLAS |     188 tris | Upper loggia voussoir.024
Fra:1 Mem:242.07M (Peak 329.92M) | Time:00:00.23 | Mem:128.56M, Peak:128.56M | Scene, ViewLayer | Updating Geometry BVH Upper loggia voussoir.025 521/671 | Building BVH
Fra:1 Mem:242.07M (Peak 329.92M) | Time:00:00.23 | Mem:128.56M, Peak:128.56M | Scene, ViewLayer | Updating Geometry BVH Upper loggia voussoir.026 522/671 | Building BVH
Fra:1 Mem:242.07M (Peak 329.92M) | Time:00:00.23 | Mem:128.56M, Peak:128.56M | Scene, ViewLayer | Updating Geometry BVH Upper loggia voussoir.026 522/671 | Building mesh BLAS |     188 tris | Upper loggia voussoir.025
Fra:1 Mem:242.07M (Peak 329.92M) | Time:00:00.23 | Mem:133.94M, Peak:133.94M | Scene, ViewLayer | Updating Geometry BVH Upper loggia voussoir.027 523/671 | Building BVH
Fra:1 Mem:242.07M (Peak 329.92M) | Time:00:00.23 | Mem:133.94M, Peak:133.94M | Scene, ViewLayer | Updating Geometry BVH West chapel bridge voussoir.015 635/671 | Building BVH
Fra:1 Mem:242.07M (Peak 329.92M) | Time:00:00.23 | Mem:133.94M, Peak:133.94M | Scene, ViewLayer | Updating Geometry BVH West chapel bridge voussoir.015 635/671 | Building mesh BLAS |     188 tris | Upper loggia voussoir.027
Fra:1 Mem:242.07M (Peak 329.92M) | Time:00:00.23 | Mem:133.94M, Peak:133.94M | Scene, ViewLayer | Updating Geometry BVH West chapel bridge voussoir.015 635/671 | Building mesh BLAS |     188 tris | West chapel bridge voussoir.015
Fra:1 Mem:242.07M (Peak 329.92M) | Time:00:00.23 | Mem:133.94M, Peak:133.94M | Scene, ViewLayer | Updating Geometry BVH Upper loggia voussoir.028 524/671 | Building BVH
Fra:1 Mem:242.07M (Peak 329.92M) | Time:00:00.23 | Mem:133.94M, Peak:133.94M | Scene, ViewLayer | Updating Geometry BVH Upper loggia voussoir.028 524/671 | Building mesh BLAS |     188 tris | Upper loggia voussoir.028
Fra:1 Mem:242.07M (Peak 329.92M) | Time:00:00.23 | Mem:133.95M, Peak:133.95M | Scene, ViewLayer | Updating Geometry BVH Upper loggia voussoir.029 525/671 | Building BVH
Fra:1 Mem:242.07M (Peak 329.92M) | Time:00:00.23 | Mem:133.96M, Peak:133.96M | Scene, ViewLayer | Updating Geometry BVH Upper loggia voussoir.030 526/671 | Building BVH
Fra:1 Mem:242.07M (Peak 329.92M) | Time:00:00.23 | Mem:133.97M, Peak:133.97M | Scene, ViewLayer | Updating Geometry BVH Upper loggia voussoir.030 526/671 | Building mesh BLAS |     188 tris | Upper loggia voussoir.029
Fra:1 Mem:242.07M (Peak 329.92M) | Time:00:00.23 | Mem:133.97M, Peak:133.97M | Scene, ViewLayer | Updating Geometry BVH Upper loggia voussoir.030 526/671 | Building mesh BLAS |     188 tris | Upper loggia voussoir.030
Fra:1 Mem:242.07M (Peak 329.92M) | Time:00:00.23 | Mem:133.99M, Peak:133.99M | Scene, ViewLayer | Updating Geometry BVH Upper loggia voussoir.031 527/671 | Building BVH
Fra:1 Mem:242.07M (Peak 329.92M) | Time:00:00.23 | Mem:133.99M, Peak:133.99M | Scene, ViewLayer | Updating Geometry BVH Upper loggia voussoir.031 527/671 | Building mesh BLAS |     188 tris | Upper loggia voussoir.031
Fra:1 Mem:242.07M (Peak 329.92M) | Time:00:00.23 | Mem:133.99M, Peak:133.99M | Scene, ViewLayer | Updating Geometry BVH Upper loggia voussoir.032 528/671 | Building BVH
Fra:1 Mem:242.07M (Peak 329.92M) | Time:00:00.23 | Mem:133.99M, Peak:133.99M | Scene, ViewLayer | Updating Geometry BVH Upper loggia voussoir.032 528/671 | Building mesh BLAS |     188 tris | Upper loggia voussoir.032
Fra:1 Mem:242.07M (Peak 329.92M) | Time:00:00.23 | Mem:134.09M, Peak:134.09M | Scene, ViewLayer | Updating Geometry BVH Upper loggia voussoir.033 529/671 | Building BVH
Fra:1 Mem:242.07M (Peak 329.92M) | Time:00:00.23 | Mem:134.10M, Peak:134.10M | Scene, ViewLayer | Updating Geometry BVH Upper loggia voussoir.033 529/671 | Building mesh BLAS |     188 tris | Upper loggia voussoir.033
Fra:1 Mem:242.07M (Peak 329.92M) | Time:00:00.23 | Mem:134.20M, Peak:134.20M | Scene, ViewLayer | Updating Geometry BVH Upper loggia voussoir.034 531/671 | Building BVH
Fra:1 Mem:242.07M (Peak 329.92M) | Time:00:00.23 | Mem:134.20M, Peak:134.20M | Scene, ViewLayer | Updating Geometry BVH Upper loggia voussoir.035 532/671 | Building BVH
Fra:1 Mem:242.07M (Peak 329.92M) | Time:00:00.23 | Mem:134.20M, Peak:134.20M | Scene, ViewLayer | Updating Geometry BVH Upper loggia voussoir.035 532/671 | Building mesh BLAS |     188 tris | Upper loggia voussoir.035
Fra:1 Mem:242.07M (Peak 329.92M) | Time:00:00.23 | Mem:134.22M, Peak:134.22M | Scene, ViewLayer | Updating Geometry BVH Upper loggia voussoir.036 533/671 | Building BVH
Fra:1 Mem:242.07M (Peak 329.92M) | Time:00:00.23 | Mem:134.22M, Peak:134.22M | Scene, ViewLayer | Updating Geometry BVH Upper loggia voussoir.036 533/671 | Building mesh BLAS |     188 tris | Upper loggia voussoir.036
Fra:1 Mem:242.07M (Peak 329.92M) | Time:00:00.23 | Mem:134.22M, Peak:134.22M | Scene, ViewLayer | Updating Geometry BVH Upper loggia voussoir.037 534/671 | Building BVH
Fra:1 Mem:242.07M (Peak 329.92M) | Time:00:00.23 | Mem:134.22M, Peak:134.22M | Scene, ViewLayer | Updating Geometry BVH Upper loggia voussoir.037 534/671 | Building mesh BLAS |     188 tris | Upper loggia voussoir.037
Fra:1 Mem:242.07M (Peak 329.92M) | Time:00:00.23 | Mem:134.23M, Peak:134.23M | Scene, ViewLayer | Updating Geometry BVH Upper loggia voussoir.038 535/671 | Building BVH
Fra:1 Mem:242.07M (Peak 329.92M) | Time:00:00.23 | Mem:134.23M, Peak:134.23M | Scene, ViewLayer | Updating Geometry BVH Upper loggia voussoir.039 536/671 | Building BVH
Fra:1 Mem:242.07M (Peak 329.92M) | Time:00:00.23 | Mem:134.23M, Peak:134.23M | Scene, ViewLayer | Updating Geometry BVH Upper loggia voussoir.039 536/671 | Building mesh BLAS |     188 tris | Upper loggia voussoir.038
Fra:1 Mem:242.07M (Peak 329.92M) | Time:00:00.23 | Mem:134.23M, Peak:134.23M | Scene, ViewLayer | Updating Geometry BVH Upper loggia voussoir.040 537/671 | Building BVH
Fra:1 Mem:242.07M (Peak 329.92M) | Time:00:00.23 | Mem:134.23M, Peak:134.23M | Scene, ViewLayer | Updating Geometry BVH Upper loggia voussoir.040 537/671 | Building mesh BLAS |     188 tris | Upper loggia voussoir.040
Fra:1 Mem:242.07M (Peak 329.92M) | Time:00:00.23 | Mem:134.25M, Peak:134.25M | Scene, ViewLayer | Updating Geometry BVH Upper loggia voussoir.041 538/671 | Building BVH
Fra:1 Mem:242.07M (Peak 329.92M) | Time:00:00.23 | Mem:134.26M, Peak:134.26M | Scene, ViewLayer | Updating Geometry BVH Upper loggia voussoir.042 539/671 | Building BVH
Fra:1 Mem:242.07M (Peak 329.92M) | Time:00:00.23 | Mem:134.26M, Peak:134.26M | Scene, ViewLayer | Updating Geometry BVH Upper loggia voussoir.042 539/671 | Building mesh BLAS |     188 tris | Upper loggia voussoir.041
Fra:1 Mem:242.07M (Peak 329.92M) | Time:00:00.23 | Mem:134.26M, Peak:134.26M | Scene, ViewLayer | Updating Geometry BVH Upper loggia voussoir.042 539/671 | Building mesh BLAS |     188 tris | Upper loggia voussoir.042
Fra:1 Mem:242.07M (Peak 329.92M) | Time:00:00.23 | Mem:134.27M, Peak:134.27M | Scene, ViewLayer | Updating Geometry BVH West chapel bridge voussoir.014 634/671 | Building BVH
Fra:1 Mem:242.07M (Peak 329.92M) | Time:00:00.23 | Mem:134.27M, Peak:134.27M | Scene, ViewLayer | Updating Geometry BVH Upper loggia voussoir.043 540/671 | Building BVH
Fra:1 Mem:242.07M (Peak 329.92M) | Time:00:00.23 | Mem:134.27M, Peak:134.27M | Scene, ViewLayer | Updating Geometry BVH Upper loggia voussoir.043 540/671 | Building mesh BLAS |     188 tris | West chapel bridge voussoir.014
Fra:1 Mem:242.07M (Peak 329.92M) | Time:00:00.23 | Mem:134.27M, Peak:134.27M | Scene, ViewLayer | Updating Geometry BVH Upper loggia voussoir.043 540/671 | Building mesh BLAS |     188 tris | Upper loggia voussoir.043
Fra:1 Mem:242.07M (Peak 329.92M) | Time:00:00.23 | Mem:134.30M, Peak:134.30M | Scene, ViewLayer | Updating Geometry BVH Upper loggia voussoir.044 541/671 | Building BVH
Fra:1 Mem:242.07M (Peak 329.92M) | Time:00:00.23 | Mem:134.30M, Peak:134.30M | Scene, ViewLayer | Updating Geometry BVH Upper loggia voussoir.046 543/671 | Building BVH
Fra:1 Mem:242.07M (Peak 329.92M) | Time:00:00.23 | Mem:134.30M, Peak:134.30M | Scene, ViewLayer | Updating Geometry BVH Upper loggia voussoir.046 543/671 | Building mesh BLAS |     188 tris | Upper loggia voussoir.044
Fra:1 Mem:242.07M (Peak 329.92M) | Time:00:00.23 | Mem:134.30M, Peak:134.30M | Scene, ViewLayer | Updating Geometry BVH Upper loggia voussoir.046 543/671 | Building mesh BLAS |     188 tris | Upper loggia voussoir.046
Fra:1 Mem:242.07M (Peak 329.92M) | Time:00:00.23 | Mem:134.32M, Peak:134.32M | Scene, ViewLayer | Updating Geometry BVH Upper loggia voussoir.047 544/671 | Building BVH
Fra:1 Mem:242.07M (Peak 329.92M) | Time:00:00.23 | Mem:134.33M, Peak:134.33M | Scene, ViewLayer | Updating Geometry BVH Upper loggia voussoir.047 544/671 | Building mesh BLAS |     188 tris | Upper loggia voussoir.047
Fra:1 Mem:242.07M (Peak 329.92M) | Time:00:00.23 | Mem:134.33M, Peak:134.33M | Scene, ViewLayer | Updating Geometry BVH Upper loggia voussoir.048 545/671 | Building BVH
Fra:1 Mem:242.07M (Peak 329.92M) | Time:00:00.23 | Mem:134.33M, Peak:134.33M | Scene, ViewLayer | Updating Geometry BVH Upper loggia voussoir.048 545/671 | Building mesh BLAS |     188 tris | Upper loggia voussoir.048
Fra:1 Mem:242.07M (Peak 329.92M) | Time:00:00.23 | Mem:134.43M, Peak:134.43M | Scene, ViewLayer | Updating Geometry BVH Upper loggia voussoir.049 546/671 | Building BVH
Fra:1 Mem:242.07M (Peak 329.92M) | Time:00:00.23 | Mem:134.45M, Peak:134.45M | Scene, ViewLayer | Updating Geometry BVH Upper loggia voussoir.050 547/671 | Building BVH
Fra:1 Mem:242.07M (Peak 329.92M) | Time:00:00.23 | Mem:134.45M, Peak:134.45M | Scene, ViewLayer | Updating Geometry BVH Upper loggia voussoir.050 547/671 | Building mesh BLAS |     188 tris | Upper loggia voussoir.049
Fra:1 Mem:242.07M (Peak 329.92M) | Time:00:00.23 | Mem:134.45M, Peak:134.45M | Scene, ViewLayer | Updating Geometry BVH Upper loggia arch.003 548/671 | Building BVH
Fra:1 Mem:242.07M (Peak 329.92M) | Time:00:00.23 | Mem:134.45M, Peak:134.45M | Scene, ViewLayer | Updating Geometry BVH Upper loggia voussoir.051 549/671 | Building BVH
Fra:1 Mem:242.07M (Peak 329.92M) | Time:00:00.23 | Mem:134.45M, Peak:134.45M | Scene, ViewLayer | Updating Geometry BVH Upper loggia voussoir.051 549/671 | Building mesh BLAS |     188 tris | Upper loggia voussoir.051
Fra:1 Mem:242.07M (Peak 329.92M) | Time:00:00.23 | Mem:134.45M, Peak:134.45M | Scene, ViewLayer | Updating Geometry BVH Upper loggia voussoir.051 549/671 | Building mesh BLAS |    1692 tris | Upper loggia arch.003
Fra:1 Mem:242.07M (Peak 329.92M) | Time:00:00.23 | Mem:134.46M, Peak:134.46M | Scene, ViewLayer | Updating Geometry BVH Upper loggia voussoir.052 550/671 | Building BVH
Fra:1 Mem:242.07M (Peak 329.92M) | Time:00:00.23 | Mem:134.56M, Peak:134.56M | Scene, ViewLayer | Updating Geometry BVH Upper loggia voussoir.052 550/671 | Building mesh BLAS |     188 tris | Upper loggia voussoir.052
Fra:1 Mem:242.07M (Peak 329.92M) | Time:00:00.23 | Mem:134.56M, Peak:134.56M | Scene, ViewLayer | Updating Geometry BVH Upper loggia voussoir.054 552/671 | Building BVH
Fra:1 Mem:242.07M (Peak 329.92M) | Time:00:00.23 | Mem:134.56M, Peak:134.56M | Scene, ViewLayer | Updating Geometry BVH Upper loggia voussoir.055 553/671 | Building BVH
Fra:1 Mem:242.07M (Peak 329.92M) | Time:00:00.23 | Mem:134.56M, Peak:134.56M | Scene, ViewLayer | Updating Geometry BVH Upper loggia voussoir.056 554/671 | Building mesh BLAS |     188 tris | Upper loggia voussoir.053
Fra:1 Mem:242.07M (Peak 329.92M) | Time:00:00.23 | Mem:134.56M, Peak:134.56M | Scene, ViewLayer | Updating Geometry BVH Upper loggia voussoir.056 554/671 | Building mesh BLAS |     188 tris | Upper loggia voussoir.055
Fra:1 Mem:242.07M (Peak 329.92M) | Time:00:00.23 | Mem:134.56M, Peak:134.56M | Scene, ViewLayer | Updating Geometry BVH Upper loggia voussoir.056 554/671 | Building mesh BLAS |     188 tris | Upper loggia voussoir.056
Fra:1 Mem:242.07M (Peak 329.92M) | Time:00:00.23 | Mem:134.58M, Peak:134.58M | Scene, ViewLayer | Updating Geometry BVH Upper loggia voussoir.057 555/671 | Building BVH
Fra:1 Mem:242.07M (Peak 329.92M) | Time:00:00.23 | Mem:134.58M, Peak:134.58M | Scene, ViewLayer | Updating Geometry BVH Upper loggia voussoir.058 556/671 | Building mesh BLAS |     188 tris | Upper loggia voussoir.057
Fra:1 Mem:242.07M (Peak 329.92M) | Time:00:00.23 | Mem:134.58M, Peak:134.58M | Scene, ViewLayer | Updating Geometry BVH Upper loggia voussoir.058 556/671 | Building mesh BLAS |     188 tris | Upper loggia voussoir.058
Fra:1 Mem:242.07M (Peak 329.92M) | Time:00:00.23 | Mem:134.62M, Peak:134.62M | Scene, ViewLayer | Updating Geometry BVH West chapel bridge voussoir.013 633/671 | Building BVH
Fra:1 Mem:242.07M (Peak 329.92M) | Time:00:00.23 | Mem:134.63M, Peak:134.63M | Scene, ViewLayer | Updating Geometry BVH West chapel bridge voussoir.013 633/671 | Building mesh BLAS |     188 tris | West chapel bridge voussoir.013
Fra:1 Mem:242.07M (Peak 329.92M) | Time:00:00.23 | Mem:134.64M, Peak:134.64M | Scene, ViewLayer | Updating Geometry BVH Upper loggia voussoir.059 557/671 | Building BVH
Fra:1 Mem:242.07M (Peak 329.92M) | Time:00:00.23 | Mem:134.65M, Peak:134.65M | Scene, ViewLayer | Updating Geometry BVH Upper loggia voussoir.059 557/671 | Building mesh BLAS |     188 tris | Upper loggia voussoir.059
Fra:1 Mem:242.07M (Peak 329.92M) | Time:00:00.23 | Mem:134.66M, Peak:134.66M | Scene, ViewLayer | Updating Geometry BVH Upper loggia voussoir.061 559/671 | Building BVH
Fra:1 Mem:242.07M (Peak 329.92M) | Time:00:00.23 | Mem:134.66M, Peak:134.66M | Scene, ViewLayer | Updating Geometry BVH Upper loggia voussoir.062 560/671 | Building BVH
Fra:1 Mem:242.07M (Peak 329.92M) | Time:00:00.23 | Mem:134.66M, Peak:134.66M | Scene, ViewLayer | Updating Geometry BVH Upper loggia voussoir.062 560/671 | Building mesh BLAS |     188 tris | Upper loggia voussoir.061
Fra:1 Mem:242.07M (Peak 329.92M) | Time:00:00.23 | Mem:134.66M, Peak:134.66M | Scene, ViewLayer | Updating Geometry BVH Upper loggia voussoir.062 560/671 | Building mesh BLAS |     188 tris | Upper loggia voussoir.062
Fra:1 Mem:242.07M (Peak 329.92M) | Time:00:00.23 | Mem:134.66M, Peak:134.66M | Scene, ViewLayer | Updating Geometry BVH Upper loggia voussoir.062 560/671 | Building mesh BLAS |     188 tris | Upper loggia voussoir.060
Fra:1 Mem:242.07M (Peak 329.92M) | Time:00:00.23 | Mem:134.67M, Peak:134.67M | Scene, ViewLayer | Updating Geometry BVH Upper loggia voussoir.063 561/671 | Building BVH
Fra:1 Mem:242.07M (Peak 329.92M) | Time:00:00.23 | Mem:134.67M, Peak:134.67M | Scene, ViewLayer | Updating Geometry BVH Upper loggia voussoir.064 562/671 | Building BVH
Fra:1 Mem:242.07M (Peak 329.92M) | Time:00:00.23 | Mem:134.67M, Peak:134.67M | Scene, ViewLayer | Updating Geometry BVH Upper loggia voussoir.064 562/671 | Building mesh BLAS |     188 tris | Upper loggia voussoir.064
Fra:1 Mem:242.07M (Peak 329.92M) | Time:00:00.23 | Mem:134.76M, Peak:134.76M | Scene, ViewLayer | Updating Geometry BVH Upper loggia voussoir.065 563/671 | Building BVH
Fra:1 Mem:242.07M (Peak 329.92M) | Time:00:00.23 | Mem:134.76M, Peak:134.76M | Scene, ViewLayer | Updating Geometry BVH Upper loggia voussoir.065 563/671 | Building mesh BLAS |     188 tris | Upper loggia voussoir.065
Fra:1 Mem:242.07M (Peak 329.92M) | Time:00:00.23 | Mem:134.77M, Peak:134.77M | Scene, ViewLayer | Updating Geometry BVH Upper loggia voussoir.066 564/671 | Building BVH
Fra:1 Mem:242.07M (Peak 329.92M) | Time:00:00.23 | Mem:134.77M, Peak:134.77M | Scene, ViewLayer | Updating Geometry BVH Upper loggia voussoir.067 565/671 | Building BVH
Fra:1 Mem:242.07M (Peak 329.92M) | Time:00:00.23 | Mem:134.77M, Peak:134.77M | Scene, ViewLayer | Updating Geometry BVH Crown observatory arch 566/671 | Building BVH
Fra:1 Mem:242.07M (Peak 329.92M) | Time:00:00.23 | Mem:134.77M, Peak:134.77M | Scene, ViewLayer | Updating Geometry BVH Crown observatory arch 566/671 | Building mesh BLAS |     188 tris | Upper loggia voussoir.067
Fra:1 Mem:242.07M (Peak 329.92M) | Time:00:00.23 | Mem:134.77M, Peak:134.77M | Scene, ViewLayer | Updating Geometry BVH Crown observatory arch 566/671 | Building mesh BLAS |    1692 tris | Crown observatory arch
Fra:1 Mem:242.07M (Peak 329.92M) | Time:00:00.23 | Mem:134.80M, Peak:134.80M | Scene, ViewLayer | Updating Geometry BVH Crown observatory arch.001 567/671 | Building BVH
Fra:1 Mem:242.07M (Peak 329.92M) | Time:00:00.23 | Mem:134.90M, Peak:134.90M | Scene, ViewLayer | Updating Geometry BVH Crown observatory arch.002 568/671 | Building BVH
Fra:1 Mem:242.07M (Peak 329.92M) | Time:00:00.23 | Mem:134.90M, Peak:134.90M | Scene, ViewLayer | Updating Geometry BVH Crown observatory arch.003 569/671 | Building BVH
Fra:1 Mem:242.07M (Peak 329.92M) | Time:00:00.23 | Mem:134.90M, Peak:134.90M | Scene, ViewLayer | Updating Geometry BVH Crown observatory copper dome 570/671 | Building BVH
Fra:1 Mem:242.07M (Peak 329.92M) | Time:00:00.23 | Mem:134.90M, Peak:134.90M | Scene, ViewLayer | Updating Geometry BVH Crown observatory copper dome 570/671 | Building mesh BLAS |    1692 tris | Crown observatory arch.002
Fra:1 Mem:242.07M (Peak 329.92M) | Time:00:00.23 | Mem:134.90M, Peak:134.90M | Scene, ViewLayer | Updating Geometry BVH Crown observatory copper dome 570/671 | Building mesh BLAS |   13824 tris | Crown observatory copper dome
Fra:1 Mem:242.07M (Peak 329.92M) | Time:00:00.23 | Mem:134.90M, Peak:134.90M | Scene, ViewLayer | Updating Geometry BVH Crown observatory copper dome 570/671 | Building mesh BLAS |    1692 tris | Crown observatory arch.003
Fra:1 Mem:242.07M (Peak 329.92M) | Time:00:00.23 | Mem:134.90M, Peak:134.90M | Scene, ViewLayer | Updating Geometry BVH Raised standing seam 571/671 | Building BVH
Fra:1 Mem:242.07M (Peak 329.92M) | Time:00:00.23 | Mem:134.90M, Peak:134.90M | Scene, ViewLayer | Updating Geometry BVH Raised standing seam 571/671 | Building mesh BLAS |    1152 tris | Raised standing seam
Fra:1 Mem:242.07M (Peak 329.92M) | Time:00:00.23 | Mem:134.92M, Peak:134.92M | Scene, ViewLayer | Updating Geometry BVH Raised standing seam.001 572/671 | Building BVH
Fra:1 Mem:242.07M (Peak 329.92M) | Time:00:00.23 | Mem:134.92M, Peak:134.92M | Scene, ViewLayer | Updating Geometry BVH Raised standing seam.001 572/671 | Building mesh BLAS |    1152 tris | Raised standing seam.001
Fra:1 Mem:242.07M (Peak 329.92M) | Time:00:00.23 | Mem:134.92M, Peak:134.92M | Scene, ViewLayer | Updating Geometry BVH Raised standing seam.002 573/671 | Building BVH
Fra:1 Mem:242.07M (Peak 329.92M) | Time:00:00.23 | Mem:134.92M, Peak:134.92M | Scene, ViewLayer | Updating Geometry BVH Raised standing seam.002 573/671 | Building mesh BLAS |    1152 tris | Raised standing seam.002
Fra:1 Mem:242.07M (Peak 329.92M) | Time:00:00.23 | Mem:134.95M, Peak:134.95M | Scene, ViewLayer | Updating Geometry BVH West chapel bridge voussoir.012 632/671 | Building BVH
Fra:1 Mem:242.07M (Peak 329.92M) | Time:00:00.23 | Mem:134.96M, Peak:134.96M | Scene, ViewLayer | Updating Geometry BVH West chapel bridge voussoir.012 632/671 | Building mesh BLAS |     188 tris | West chapel bridge voussoir.012
Fra:1 Mem:242.07M (Peak 329.92M) | Time:00:00.23 | Mem:134.96M, Peak:134.96M | Scene, ViewLayer | Updating Geometry BVH Raised standing seam.003 574/671 | Building BVH
Fra:1 Mem:242.07M (Peak 329.92M) | Time:00:00.23 | Mem:134.96M, Peak:134.96M | Scene, ViewLayer | Updating Geometry BVH Raised standing seam.004 575/671 | Building BVH
Fra:1 Mem:242.07M (Peak 329.92M) | Time:00:00.23 | Mem:134.96M, Peak:134.96M | Scene, ViewLayer | Updating Geometry BVH Raised standing seam.004 575/671 | Building mesh BLAS |    1152 tris | Raised standing seam.003
Fra:1 Mem:242.07M (Peak 329.92M) | Time:00:00.23 | Mem:134.96M, Peak:134.96M | Scene, ViewLayer | Updating Geometry BVH Raised standing seam.004 575/671 | Building mesh BLAS |    1152 tris | Raised standing seam.004
Fra:1 Mem:242.07M (Peak 329.92M) | Time:00:00.23 | Mem:134.98M, Peak:134.98M | Scene, ViewLayer | Updating Geometry BVH Raised standing seam.005 576/671 | Building BVH
Fra:1 Mem:242.07M (Peak 329.92M) | Time:00:00.23 | Mem:134.99M, Peak:134.99M | Scene, ViewLayer | Updating Geometry BVH Raised standing seam.005 576/671 | Building mesh BLAS |    1152 tris | Raised standing seam.005
Fra:1 Mem:242.07M (Peak 329.92M) | Time:00:00.23 | Mem:135.00M, Peak:135.00M | Scene, ViewLayer | Updating Geometry BVH Raised standing seam.006 577/671 | Building BVH
Fra:1 Mem:242.07M (Peak 329.92M) | Time:00:00.23 | Mem:135.00M, Peak:135.00M | Scene, ViewLayer | Updating Geometry BVH Raised standing seam.008 579/671 | Building BVH
Fra:1 Mem:242.07M (Peak 329.92M) | Time:00:00.23 | Mem:135.00M, Peak:135.00M | Scene, ViewLayer | Updating Geometry BVH Raised standing seam.008 579/671 | Building mesh BLAS |    1152 tris | Raised standing seam.007
Fra:1 Mem:242.07M (Peak 329.92M) | Time:00:00.23 | Mem:135.00M, Peak:135.00M | Scene, ViewLayer | Updating Geometry BVH Raised standing seam.009 580/671 | Building BVH
Fra:1 Mem:242.07M (Peak 329.92M) | Time:00:00.23 | Mem:135.00M, Peak:135.00M | Scene, ViewLayer | Updating Geometry BVH Raised standing seam.009 580/671 | Building mesh BLAS |    1152 tris | Raised standing seam.009
Fra:1 Mem:242.07M (Peak 329.92M) | Time:00:00.23 | Mem:135.00M, Peak:135.00M | Scene, ViewLayer | Updating Geometry BVH Raised standing seam.009 580/671 | Building mesh BLAS |    1152 tris | Raised standing seam.008
Fra:1 Mem:242.07M (Peak 329.92M) | Time:00:00.23 | Mem:135.01M, Peak:135.01M | Scene, ViewLayer | Updating Geometry BVH Raised standing seam.010 581/671 | Building BVH
Fra:1 Mem:242.07M (Peak 329.92M) | Time:00:00.23 | Mem:135.01M, Peak:135.01M | Scene, ViewLayer | Updating Geometry BVH Raised standing seam.010 581/671 | Building mesh BLAS |    1152 tris | Raised standing seam.010
Fra:1 Mem:242.07M (Peak 329.92M) | Time:00:00.23 | Mem:135.01M, Peak:135.01M | Scene, ViewLayer | Updating Geometry BVH Raised standing seam.011 582/671 | Building BVH
Fra:1 Mem:242.07M (Peak 329.92M) | Time:00:00.23 | Mem:135.01M, Peak:135.01M | Scene, ViewLayer | Updating Geometry BVH Raised standing seam.011 582/671 | Building mesh BLAS |    1152 tris | Raised standing seam.011
Fra:1 Mem:242.07M (Peak 329.92M) | Time:00:00.23 | Mem:135.01M, Peak:135.01M | Scene, ViewLayer | Updating Geometry BVH Raised standing seam.012 583/671 | Building BVH
Fra:1 Mem:242.07M (Peak 329.92M) | Time:00:00.23 | Mem:135.01M, Peak:135.01M | Scene, ViewLayer | Updating Geometry BVH Raised standing seam.012 583/671 | Building mesh BLAS |    1152 tris | Raised standing seam.012
Fra:1 Mem:242.07M (Peak 329.92M) | Time:00:00.23 | Mem:135.13M, Peak:135.13M | Scene, ViewLayer | Updating Geometry BVH Raised standing seam.013 584/671 | Building BVH
Fra:1 Mem:242.07M (Peak 329.92M) | Time:00:00.23 | Mem:135.14M, Peak:135.14M | Scene, ViewLayer | Updating Geometry BVH Raised standing seam.014 585/671 | Building BVH
Fra:1 Mem:242.07M (Peak 329.92M) | Time:00:00.23 | Mem:135.14M, Peak:135.14M | Scene, ViewLayer | Updating Geometry BVH Raised standing seam.015 586/671 | Building mesh BLAS |    1152 tris | Raised standing seam.013
Fra:1 Mem:242.07M (Peak 329.92M) | Time:00:00.23 | Mem:135.14M, Peak:135.14M | Scene, ViewLayer | Updating Geometry BVH Dome rolled rim 587/671 | Building mesh BLAS |    1152 tris | Raised standing seam.014
Fra:1 Mem:242.07M (Peak 329.92M) | Time:00:00.23 | Mem:135.14M, Peak:135.14M | Scene, ViewLayer | Updating Geometry BVH Dome rolled rim 587/671 | Building mesh BLAS |    1152 tris | Raised standing seam.015
Fra:1 Mem:242.07M (Peak 329.92M) | Time:00:00.23 | Mem:135.14M, Peak:135.14M | Scene, ViewLayer | Updating Geometry BVH Dome rolled rim 587/671 | Building mesh BLAS |    1536 tris | Dome rolled rim
Fra:1 Mem:242.07M (Peak 329.92M) | Time:00:00.23 | Mem:135.14M, Peak:135.14M | Scene, ViewLayer | Updating Geometry BVH Dome rolled rim.001 588/671 | Building BVH
Fra:1 Mem:242.07M (Peak 329.92M) | Time:00:00.23 | Mem:135.14M, Peak:135.14M | Scene, ViewLayer | Updating Geometry BVH Dome rolled rim.001 588/671 | Building mesh BLAS |    1536 tris | Dome rolled rim.001
Fra:1 Mem:242.07M (Peak 329.92M) | Time:00:00.23 | Mem:135.26M, Peak:135.26M | Scene, ViewLayer | Updating Geometry BVH Crown observatory warm interior 589/671 | Building BVH
Fra:1 Mem:242.07M (Peak 329.92M) | Time:00:00.23 | Mem:135.26M, Peak:135.26M | Scene, ViewLayer | Updating Geometry BVH Wind-shaped silk flag 590/671 | Building BVH
Fra:1 Mem:242.07M (Peak 329.92M) | Time:00:00.23 | Mem:135.26M, Peak:135.26M | Scene, ViewLayer | Updating Geometry BVH Wind-shaped silk flag 590/671 | Building mesh BLAS |     416 tris | Wind-shaped silk flag
Fra:1 Mem:242.07M (Peak 329.92M) | Time:00:00.23 | Mem:135.26M, Peak:135.26M | Scene, ViewLayer | Updating Geometry BVH Stair vault 591/671 | Building BVH
Fra:1 Mem:242.07M (Peak 329.92M) | Time:00:00.23 | Mem:135.26M, Peak:135.26M | Scene, ViewLayer | Updating Geometry BVH Stair vault 591/671 | Building mesh BLAS |     188 tris | Stair vault
Fra:1 Mem:242.07M (Peak 329.92M) | Time:00:00.23 | Mem:135.29M, Peak:135.29M | Scene, ViewLayer | Updating Geometry BVH West chapel bridge voussoir.011 631/671 | Building BVH
Fra:1 Mem:242.07M (Peak 329.92M) | Time:00:00.23 | Mem:135.29M, Peak:135.29M | Scene, ViewLayer | Updating Geometry BVH Stair vault.001 592/671 | Building BVH
Fra:1 Mem:242.07M (Peak 329.92M) | Time:00:00.23 | Mem:135.29M, Peak:135.29M | Scene, ViewLayer | Updating Geometry BVH Stair vault.002 593/671 | Building BVH
Fra:1 Mem:242.07M (Peak 329.92M) | Time:00:00.23 | Mem:135.29M, Peak:135.29M | Scene, ViewLayer | Updating Geometry BVH Stair vault.002 593/671 | Building mesh BLAS |     188 tris | Stair vault.001
Fra:1 Mem:242.07M (Peak 329.92M) | Time:00:00.23 | Mem:135.29M, Peak:135.29M | Scene, ViewLayer | Updating Geometry BVH Stair vault.002 593/671 | Building mesh BLAS |     188 tris | Stair vault.002
Fra:1 Mem:242.07M (Peak 329.92M) | Time:00:00.23 | Mem:135.31M, Peak:135.31M | Scene, ViewLayer | Updating Geometry BVH Stair vault.003 594/671 | Building BVH
Fra:1 Mem:242.07M (Peak 329.92M) | Time:00:00.23 | Mem:135.31M, Peak:135.31M | Scene, ViewLayer | Updating Geometry BVH Stair vault.003 594/671 | Building mesh BLAS |    1100 tris | Stair vault.003
Fra:1 Mem:242.07M (Peak 329.92M) | Time:00:00.23 | Mem:135.31M, Peak:135.31M | Scene, ViewLayer | Updating Geometry BVH West chapel arch 595/671 | Building BVH
Fra:1 Mem:242.07M (Peak 329.92M) | Time:00:00.23 | Mem:135.31M, Peak:135.31M | Scene, ViewLayer | Updating Geometry BVH West chapel arch.001 596/671 | Building BVH
Fra:1 Mem:242.07M (Peak 329.92M) | Time:00:00.23 | Mem:135.31M, Peak:135.31M | Scene, ViewLayer | Updating Geometry BVH West chapel arch.002 597/671 | Building BVH
Fra:1 Mem:242.07M (Peak 329.92M) | Time:00:00.23 | Mem:135.31M, Peak:135.31M | Scene, ViewLayer | Updating Geometry BVH West chapel arch.002 597/671 | Building mesh BLAS |    1692 tris | West chapel arch
Fra:1 Mem:242.07M (Peak 329.92M) | Time:00:00.23 | Mem:135.31M, Peak:135.31M | Scene, ViewLayer | Updating Geometry BVH West chapel arch.002 597/671 | Building mesh BLAS |    1692 tris | West chapel arch.002
Fra:1 Mem:242.07M (Peak 329.92M) | Time:00:00.23 | Mem:135.34M, Peak:135.34M | Scene, ViewLayer | Updating Geometry BVH West chapel arch.003 598/671 | Building BVH
Fra:1 Mem:242.07M (Peak 329.92M) | Time:00:00.23 | Mem:135.34M, Peak:135.34M | Scene, ViewLayer | Updating Geometry BVH West chapel arch.003 598/671 | Building mesh BLAS |    1692 tris | West chapel arch.003
Fra:1 Mem:242.07M (Peak 329.92M) | Time:00:00.23 | Mem:135.34M, Peak:135.34M | Scene, ViewLayer | Updating Geometry BVH West chapel copper dome 599/671 | Building BVH
Fra:1 Mem:242.07M (Peak 329.92M) | Time:00:00.23 | Mem:135.34M, Peak:135.34M | Scene, ViewLayer | Updating Geometry BVH West chapel copper dome 599/671 | Building mesh BLAS |   13824 tris | West chapel copper dome
Fra:1 Mem:242.07M (Peak 329.92M) | Time:00:00.23 | Mem:135.35M, Peak:135.35M | Scene, ViewLayer | Updating Geometry BVH Raised standing seam.016 600/671 | Building BVH
Fra:1 Mem:242.07M (Peak 329.92M) | Time:00:00.23 | Mem:135.36M, Peak:135.36M | Scene, ViewLayer | Updating Geometry BVH Raised standing seam.017 601/671 | Building BVH
Fra:1 Mem:242.07M (Peak 329.92M) | Time:00:00.23 | Mem:135.38M, Peak:135.38M | Scene, ViewLayer | Updating Geometry BVH Raised standing seam.017 601/671 | Building mesh BLAS |    1152 tris | Raised standing seam.016
Fra:1 Mem:242.07M (Peak 329.92M) | Time:00:00.23 | Mem:135.38M, Peak:135.38M | Scene, ViewLayer | Updating Geometry BVH Raised standing seam.017 601/671 | Building mesh BLAS |    1152 tris | Raised standing seam.017
Fra:1 Mem:242.07M (Peak 329.92M) | Time:00:00.23 | Mem:135.38M, Peak:135.38M | Scene, ViewLayer | Updating Geometry BVH Raised standing seam.018 602/671 | Building BVH
Fra:1 Mem:242.07M (Peak 329.92M) | Time:00:00.23 | Mem:135.39M, Peak:135.39M | Scene, ViewLayer | Updating Geometry BVH Raised standing seam.018 602/671 | Building mesh BLAS |    1152 tris | Raised standing seam.018
Fra:1 Mem:242.07M (Peak 329.92M) | Time:00:00.23 | Mem:135.39M, Peak:135.39M | Scene, ViewLayer | Updating Geometry BVH Raised standing seam.019 603/671 | Building BVH
Fra:1 Mem:242.07M (Peak 329.92M) | Time:00:00.23 | Mem:135.49M, Peak:135.49M | Scene, ViewLayer | Updating Geometry BVH Raised standing seam.020 604/671 | Building BVH
Fra:1 Mem:242.07M (Peak 329.92M) | Time:00:00.23 | Mem:135.50M, Peak:135.50M | Scene, ViewLayer | Updating Geometry BVH Raised standing seam.021 605/671 | Building mesh BLAS |    1152 tris | Raised standing seam.020
Fra:1 Mem:242.07M (Peak 329.92M) | Time:00:00.23 | Mem:135.50M, Peak:135.50M | Scene, ViewLayer | Updating Geometry BVH Raised standing seam.022 606/671 | Building BVH
Fra:1 Mem:242.07M (Peak 329.92M) | Time:00:00.23 | Mem:135.50M, Peak:135.50M | Scene, ViewLayer | Updating Geometry BVH Raised standing seam.022 606/671 | Building mesh BLAS |    1152 tris | Raised standing seam.022
Fra:1 Mem:242.07M (Peak 329.92M) | Time:00:00.23 | Mem:135.50M, Peak:135.50M | Scene, ViewLayer | Updating Geometry BVH Raised standing seam.022 606/671 | Building mesh BLAS |    1152 tris | Raised standing seam.021
Fra:1 Mem:242.07M (Peak 329.92M) | Time:00:00.23 | Mem:135.50M, Peak:135.50M | Scene, ViewLayer | Updating Geometry BVH Raised standing seam.023 607/671 | Building BVH
Fra:1 Mem:242.07M (Peak 329.92M) | Time:00:00.23 | Mem:135.51M, Peak:135.51M | Scene, ViewLayer | Updating Geometry BVH Raised standing seam.024 608/671 | Building BVH
Fra:1 Mem:242.07M (Peak 329.92M) | Time:00:00.23 | Mem:135.52M, Peak:135.52M | Scene, ViewLayer | Updating Geometry BVH Raised standing seam.024 608/671 | Building mesh BLAS |    1152 tris | Raised standing seam.023
Fra:1 Mem:242.07M (Peak 329.92M) | Time:00:00.23 | Mem:135.52M, Peak:135.52M | Scene, ViewLayer | Updating Geometry BVH Raised standing seam.024 608/671 | Building mesh BLAS |    1152 tris | Raised standing seam.024
Fra:1 Mem:242.07M (Peak 329.92M) | Time:00:00.23 | Mem:135.52M, Peak:135.52M | Scene, ViewLayer | Updating Geometry BVH West chapel bridge voussoir.010 630/671 | Building BVH
Fra:1 Mem:242.07M (Peak 329.92M) | Time:00:00.23 | Mem:135.52M, Peak:135.52M | Scene, ViewLayer | Updating Geometry BVH West chapel bridge voussoir.010 630/671 | Building mesh BLAS |     188 tris | West chapel bridge voussoir.010
Fra:1 Mem:242.07M (Peak 329.92M) | Time:00:00.23 | Mem:135.52M, Peak:135.52M | Scene, ViewLayer | Updating Geometry BVH Raised standing seam.025 609/671 | Building BVH
Fra:1 Mem:242.07M (Peak 329.92M) | Time:00:00.23 | Mem:135.52M, Peak:135.52M | Scene, ViewLayer | Updating Geometry BVH Raised standing seam.025 609/671 | Building mesh BLAS |    1152 tris | Raised standing seam.025
Fra:1 Mem:242.07M (Peak 329.92M) | Time:00:00.23 | Mem:135.54M, Peak:135.54M | Scene, ViewLayer | Updating Geometry BVH Raised standing seam.026 610/671 | Building BVH
Fra:1 Mem:242.07M (Peak 329.92M) | Time:00:00.23 | Mem:135.54M, Peak:135.54M | Scene, ViewLayer | Updating Geometry BVH Raised standing seam.027 611/671 | Building BVH
Fra:1 Mem:242.07M (Peak 329.92M) | Time:00:00.23 | Mem:135.54M, Peak:135.54M | Scene, ViewLayer | Updating Geometry BVH Raised standing seam.027 611/671 | Building mesh BLAS |    1152 tris | Raised standing seam.026
Fra:1 Mem:242.07M (Peak 329.92M) | Time:00:00.23 | Mem:135.54M, Peak:135.54M | Scene, ViewLayer | Updating Geometry BVH Raised standing seam.027 611/671 | Building mesh BLAS |    1152 tris | Raised standing seam.027
Fra:1 Mem:242.07M (Peak 329.92M) | Time:00:00.23 | Mem:135.56M, Peak:135.56M | Scene, ViewLayer | Updating Geometry BVH Raised standing seam.028 612/671 | Building BVH
Fra:1 Mem:242.07M (Peak 329.92M) | Time:00:00.23 | Mem:135.56M, Peak:135.56M | Scene, ViewLayer | Updating Geometry BVH Raised standing seam.029 613/671 | Building BVH
Fra:1 Mem:242.07M (Peak 329.92M) | Time:00:00.23 | Mem:135.56M, Peak:135.56M | Scene, ViewLayer | Updating Geometry BVH Raised standing seam.030 614/671 | Building mesh BLAS |    1152 tris | Raised standing seam.028
Fra:1 Mem:242.07M (Peak 329.92M) | Time:00:00.23 | Mem:135.56M, Peak:135.56M | Scene, ViewLayer | Updating Geometry BVH Raised standing seam.030 614/671 | Building mesh BLAS |    1152 tris | Raised standing seam.029
Fra:1 Mem:242.07M (Peak 329.92M) | Time:00:00.23 | Mem:135.56M, Peak:135.56M | Scene, ViewLayer | Updating Geometry BVH Raised standing seam.030 614/671 | Building mesh BLAS |    1152 tris | Raised standing seam.030
Fra:1 Mem:242.07M (Peak 329.92M) | Time:00:00.23 | Mem:135.60M, Peak:135.60M | Scene, ViewLayer | Updating Geometry BVH Raised standing seam.031 615/671 | Building BVH
Fra:1 Mem:242.07M (Peak 329.92M) | Time:00:00.23 | Mem:135.60M, Peak:135.60M | Scene, ViewLayer | Updating Geometry BVH Raised standing seam.031 615/671 | Building mesh BLAS |    1152 tris | Raised standing seam.031
Fra:1 Mem:242.07M (Peak 329.92M) | Time:00:00.23 | Mem:135.60M, Peak:135.60M | Scene, ViewLayer | Updating Geometry BVH Dome rolled rim.002 616/671 | Building BVH
Fra:1 Mem:242.07M (Peak 329.92M) | Time:00:00.23 | Mem:135.60M, Peak:135.60M | Scene, ViewLayer | Updating Geometry BVH Dome rolled rim.002 616/671 | Building mesh BLAS |    1536 tris | Dome rolled rim.002
Fra:1 Mem:242.07M (Peak 329.92M) | Time:00:00.23 | Mem:135.62M, Peak:135.62M | Scene, ViewLayer | Updating Geometry BVH Dome rolled rim.003 617/671 | Building BVH
Fra:1 Mem:242.07M (Peak 329.92M) | Time:00:00.23 | Mem:135.63M, Peak:135.63M | Scene, ViewLayer | Updating Geometry BVH West chapel warm interior 618/671 | Building BVH
Fra:1 Mem:242.07M (Peak 329.92M) | Time:00:00.23 | Mem:135.63M, Peak:135.63M | Scene, ViewLayer | Updating Geometry BVH West chapel bridge arch 619/671 | Building BVH
Fra:1 Mem:242.07M (Peak 329.92M) | Time:00:00.23 | Mem:135.65M, Peak:135.65M | Scene, ViewLayer | Updating Geometry BVH West chapel bridge arch 619/671 | Building mesh BLAS |    1536 tris | Dome rolled rim.003
Fra:1 Mem:242.07M (Peak 329.92M) | Time:00:00.23 | Mem:135.65M, Peak:135.65M | Scene, ViewLayer | Updating Geometry BVH West chapel bridge voussoir.001 621/671 | Building BVH
Fra:1 Mem:242.07M (Peak 329.92M) | Time:00:00.23 | Mem:135.65M, Peak:135.65M | Scene, ViewLayer | Updating Geometry BVH West chapel bridge voussoir.001 621/671 | Building mesh BLAS |    1692 tris | West chapel bridge arch
Fra:1 Mem:242.07M (Peak 329.92M) | Time:00:00.23 | Mem:135.65M, Peak:135.65M | Scene, ViewLayer | Updating Geometry BVH West chapel bridge voussoir.002 622/671 | Building mesh BLAS |     188 tris | West chapel bridge voussoir.001
Fra:1 Mem:242.07M (Peak 329.92M) | Time:00:00.23 | Mem:135.65M, Peak:135.65M | Scene, ViewLayer | Updating Geometry BVH West chapel bridge voussoir.003 623/671 | Building BVH
Fra:1 Mem:242.07M (Peak 329.92M) | Time:00:00.23 | Mem:135.65M, Peak:135.65M | Scene, ViewLayer | Updating Geometry BVH West chapel bridge voussoir.003 623/671 | Building mesh BLAS |     188 tris | West chapel bridge voussoir
Fra:1 Mem:242.07M (Peak 329.92M) | Time:00:00.23 | Mem:135.65M, Peak:135.65M | Scene, ViewLayer | Updating Geometry BVH West chapel bridge voussoir.003 623/671 | Building mesh BLAS |     188 tris | West chapel bridge voussoir.002
Fra:1 Mem:242.07M (Peak 329.92M) | Time:00:00.23 | Mem:135.65M, Peak:135.65M | Scene, ViewLayer | Updating Geometry BVH West chapel bridge voussoir.003 623/671 | Building mesh BLAS |     188 tris | West chapel bridge voussoir.003
Fra:1 Mem:242.07M (Peak 329.92M) | Time:00:00.23 | Mem:135.68M, Peak:135.68M | Scene, ViewLayer | Updating Geometry BVH West chapel bridge voussoir.004 624/671 | Building BVH
Fra:1 Mem:242.07M (Peak 329.92M) | Time:00:00.23 | Mem:135.68M, Peak:135.68M | Scene, ViewLayer | Updating Geometry BVH West chapel bridge voussoir.005 625/671 | Building BVH
Fra:1 Mem:242.07M (Peak 329.92M) | Time:00:00.23 | Mem:135.68M, Peak:135.68M | Scene, ViewLayer | Updating Geometry BVH West chapel bridge voussoir.005 625/671 | Building mesh BLAS |     188 tris | West chapel bridge voussoir.004
Fra:1 Mem:242.07M (Peak 329.92M) | Time:00:00.23 | Mem:135.68M, Peak:135.68M | Scene, ViewLayer | Updating Geometry BVH West chapel bridge voussoir.006 626/671 | Building BVH
Fra:1 Mem:242.07M (Peak 329.92M) | Time:00:00.23 | Mem:135.78M, Peak:135.78M | Scene, ViewLayer | Updating Geometry BVH West chapel bridge voussoir.006 626/671 | Building mesh BLAS |     188 tris | West chapel bridge voussoir.006
Fra:1 Mem:242.07M (Peak 329.92M) | Time:00:00.23 | Mem:135.78M, Peak:135.78M | Scene, ViewLayer | Updating Geometry BVH West chapel bridge voussoir.009 629/671 | Building BVH
Fra:1 Mem:242.07M (Peak 329.92M) | Time:00:00.23 | Mem:135.78M, Peak:135.78M | Scene, ViewLayer | Updating Geometry BVH West chapel bridge voussoir.009 629/671 | Building mesh BLAS |     188 tris | West chapel bridge voussoir.009
Fra:1 Mem:242.07M (Peak 329.92M) | Time:00:00.23 | Mem:135.78M, Peak:135.78M | Scene, ViewLayer | Updating Geometry BVH West chapel bridge voussoir.007 627/671 | Building BVH
Fra:1 Mem:242.07M (Peak 329.92M) | Time:00:00.23 | Mem:135.78M, Peak:135.78M | Scene, ViewLayer | Updating Geometry BVH West chapel bridge voussoir.007 627/671 | Building mesh BLAS |     188 tris | West chapel bridge voussoir.007
Fra:1 Mem:242.07M (Peak 329.92M) | Time:00:00.23 | Mem:135.78M, Peak:135.78M | Scene, ViewLayer | Updating Geometry BVH West chapel bridge voussoir.008 628/671 | Building BVH
Fra:1 Mem:242.07M (Peak 329.92M) | Time:00:00.23 | Mem:135.79M, Peak:135.79M | Scene, ViewLayer | Updating Geometry BVH West chapel bridge voussoir.008 628/671 | Building mesh BLAS |     188 tris | West chapel bridge voussoir.008
Fra:1 Mem:242.07M (Peak 329.92M) | Time:00:00.23 | Mem:136.06M, Peak:136.06M | Scene, ViewLayer | Updating Scene BVH | Building
Fra:1 Mem:242.08M (Peak 329.92M) | Time:00:00.25 | Mem:140.99M, Peak:140.99M | Scene, ViewLayer | Updating Scene BVH | Building TLAS      |     675 instances
Fra:1 Mem:242.09M (Peak 329.92M) | Time:00:00.25 | Mem:141.13M, Peak:141.13M | Scene, ViewLayer | Updating Scene BVH | Copying BVH to device
Fra:1 Mem:242.09M (Peak 329.92M) | Time:00:00.25 | Mem:141.13M, Peak:141.13M | Scene, ViewLayer | Updating Mesh | Computing normals
Fra:1 Mem:261.79M (Peak 329.92M) | Time:00:00.25 | Mem:141.13M, Peak:141.13M | Scene, ViewLayer | Updating Mesh | Copying Mesh to device
Fra:1 Mem:242.09M (Peak 329.92M) | Time:00:00.25 | Mem:160.85M, Peak:160.85M | Scene, ViewLayer | Updating Objects Flags
Fra:1 Mem:242.09M (Peak 329.92M) | Time:00:00.25 | Mem:160.86M, Peak:160.86M | Scene, ViewLayer | Updating Primitive Offsets
Fra:1 Mem:242.09M (Peak 329.92M) | Time:00:00.25 | Mem:160.86M, Peak:160.86M | Scene, ViewLayer | Updating Images
Fra:1 Mem:242.09M (Peak 329.92M) | Time:00:00.25 | Mem:160.86M, Peak:160.86M | Scene, ViewLayer | Updating Images | Loading plastered_wall_02_disp_2k.jpg
Fra:1 Mem:246.09M (Peak 329.92M) | Time:00:00.25 | Mem:160.86M, Peak:160.86M | Scene, ViewLayer | Updating Images | Loading concrete_floor_02_diff_2k.jpg
Fra:1 Mem:262.09M (Peak 329.92M) | Time:00:00.25 | Mem:160.86M, Peak:160.86M | Scene, ViewLayer | Updating Images | Loading plastered_wall_02_diff_2k.jpg
Fra:1 Mem:262.09M (Peak 329.92M) | Time:00:00.25 | Mem:160.86M, Peak:160.86M | Scene, ViewLayer | Updating Images | Loading marble_01_rough_2k.jpg
Fra:1 Mem:282.09M (Peak 329.92M) | Time:00:00.25 | Mem:160.86M, Peak:160.86M | Scene, ViewLayer | Updating Images | Loading concrete_floor_02_disp_2k.jpg
Fra:1 Mem:286.09M (Peak 329.92M) | Time:00:00.25 | Mem:160.86M, Peak:160.86M | Scene, ViewLayer | Updating Images | Loading plastered_wall_02_rough_2k.jpg
Fra:1 Mem:326.09M (Peak 329.92M) | Time:00:00.28 | Mem:244.86M, Peak:244.86M | Scene, ViewLayer | Updating Camera Volume
Fra:1 Mem:326.09M (Peak 329.92M) | Time:00:00.28 | Mem:244.86M, Peak:244.86M | Scene, ViewLayer | Updating Lookup Tables
Fra:1 Mem:326.01M (Peak 329.92M) | Time:00:00.28 | Mem:244.95M, Peak:244.95M | Scene, ViewLayer | Updating Lights
Fra:1 Mem:326.01M (Peak 329.92M) | Time:00:00.28 | Mem:244.95M, Peak:244.95M | Scene, ViewLayer | Updating Lights | Computing tree
Fra:1 Mem:326.01M (Peak 329.92M) | Time:00:00.28 | Mem:245.18M, Peak:245.18M | Scene, ViewLayer | Updating Integrator
Fra:1 Mem:326.01M (Peak 329.92M) | Time:00:00.28 | Mem:245.18M, Peak:245.18M | Scene, ViewLayer | Updating Film
Fra:1 Mem:326.09M (Peak 329.92M) | Time:00:00.28 | Mem:245.09M, Peak:245.18M | Scene, ViewLayer | Updating Lookup Tables
Fra:1 Mem:326.01M (Peak 329.92M) | Time:00:00.28 | Mem:245.18M, Peak:245.18M | Scene, ViewLayer | Updating Baking
Fra:1 Mem:326.01M (Peak 329.92M) | Time:00:00.28 | Mem:245.18M, Peak:245.18M | Scene, ViewLayer | Updating Device | Writing constant memory
Fra:1 Mem:326.02M (Peak 329.92M) | Time:00:00.30 | Mem:245.18M, Peak:245.18M | Scene, ViewLayer | Loading denoising kernels (may take a few minutes the first time)
Fra:1 Mem:326.02M (Peak 358.02M) | Time:00:00.30 | Mem:3445.20M, Peak:3445.20M | Scene, ViewLayer | Sample 0/48 (Using optimized kernels)
Fra:1 Mem:326.01M (Peak 403.94M) | Time:00:00.77 | Remaining:00:22.22 | Mem:3523.16M, Peak:3523.16M | Scene, ViewLayer | Sample 1/48 (Using optimized kernels)
Fra:1 Mem:358.83M (Peak 408.05M) | Time:00:03.98 | Mem:3523.17M, Peak:3523.17M | Scene, ViewLayer | Sample 48/48 (Using optimized kernels)
Fra:1 Mem:358.83M (Peak 408.05M) | Time:00:03.98 | Mem:3523.17M, Peak:3523.17M | Scene, ViewLayer | Finished
Saved: '/Users/xuanji/gits/mv-astra/output/monuments/previews/02-moon-palace.png'
Time: 00:04.20 (Saving: 00:00.16)

COLLISION AUDIT palace stairs / tower and chapels []
FINISHED 02-moon-palace alignment errors: [7.262967210639866e-05]

Blender quit
