Info: Applied modifier was not first, result may not be as expected
Info: Applied modifier was not first, result may not be as expected
Info: Applied modifier was not first, result may not be as expected
Info: Applied modifier was not first, result may not be as expected
Info: Applied modifier was not first, result may not be as expected
Info: Applied modifier was not first, result may not be as expected
Info: Applied modifier was not first, result may not be as expected
Info: Applied modifier was not first, result may not be as expected
Info: Applied modifier was not first, result may not be as expected
Info: Applied modifier was not first, result may not be as expected
Info: Applied modifier was not first, result may not be as expected
Info: Applied modifier was not first, result may not be as expected
Info: Applied modifier was not first, result may not be as expected
Info: Applied modifier was not first, result may not be as expected
Info: Applied modifier was not first, result may not be as expected
Info: Applied modifier was not first, result may not be as expected
Info: Applied modifier was not first, result may not be as expected
Info: Applied modifier was not first, result may not be as expected
Info: Applied modifier was not first, result may not be as expected
Info: Applied modifier was not first, result may not be as expected
Info: Applied modifier was not first, result may not be as expected
Info: Applied modifier was not first, result may not be as expected
Info: Applied modifier was not first, result may not be as expected
Info: Applied modifier was not first, result may not be as expected
Info: Applied modifier was not first, result may not be as expected
Info: Applied modifier was not first, result may not be as expected
Info: Applied modifier was not first, result may not be as expected
Info: Applied modifier was not first, result may not be as expected
Info: Applied modifier was not first, result may not be as expected
Info: Applied modifier was not first, result may not be as expected
Info: Applied modifier was not first, result may not be as expected
Info: Applied modifier was not first, result may not be as expected
Info: Applied modifier was not first, result may not be as expected
Info: Applied modifier was not first, result may not be as expected
Info: Applied modifier was not first, result may not be as expected
Info: Applied modifier was not first, result may not be as expected
Info: Applied modifier was not first, result may not be as expected
Info: Applied modifier was not first, result may not be as expected
Info: Applied modifier was not first, result may not be as expected
Info: Applied modifier was not first, result may not be as expected
Info: Applied modifier was not first, result may not be as expected
Info: Applied modifier was not first, result may not be as expected
Info: Applied modifier was not first, result may not be as expected
Info: Applied modifier was not first, result may not be as expected
Info: Applied modifier was not first, result may not be as expected
Info: Applied modifier was not first, result may not be as expected
Info: Applied modifier was not first, result may not be as expected
Info: Applied modifier was not first, result may not be as expected
Info: Applied modifier was not first, result may not be as expected
Info: Applied modifier was not first, result may not be as expected
Info: Applied modifier was not first, result may not be as expected
Info: Applied modifier was not first, result may not be as expected
Info: Applied modifier was not first, result may not be as expected
Info: Applied modifier was not first, result may not be as expected
Info: Applied modifier was not first, result may not be as expected
11:53:50 | INFO: Data are loaded, start creating Blender stuff
11:53:50 | INFO: Blender create Mesh node potted_plant_01_base_low
11:53:50 | INFO: Blender create Mesh node Circle.008
11:53:50 | INFO: Blender create Mesh node Circle.002
11:53:50 | INFO: Blender create Mesh node Plane.070
11:53:50 | INFO: glTF import finished in 0.10s
Blender 4.5.0 (hash 8cb6b388974a built 2025-07-15 01:35:28)
Fra:1 Mem:134.97M (Peak 141.73M) | Time:00:00.02 | Mem:0.02M, Peak:0.02M | Scene, ViewLayer | Synchronizing object | Seabed
Fra:1 Mem:134.97M (Peak 141.73M) | Time:00:00.02 | Mem:0.02M, Peak:0.02M | Scene, ViewLayer | Synchronizing object | Great tower lower portal jamb
Fra:1 Mem:134.97M (Peak 141.73M) | Time:00:00.02 | Mem:0.02M, Peak:0.02M | Scene, ViewLayer | Synchronizing object | Great tower lower portal jamb.001
Fra:1 Mem:136.98M (Peak 141.73M) | Time:00:00.02 | Mem:0.02M, Peak:0.02M | Scene, ViewLayer | Synchronizing object | Great tower lower portal jamb.007
Fra:1 Mem:136.99M (Peak 141.73M) | Time:00:00.02 | Mem:0.02M, Peak:0.02M | Scene, ViewLayer | Synchronizing object | Fine horizontal masonry joint.002
Fra:1 Mem:137.50M (Peak 141.73M) | Time:00:00.02 | Mem:0.02M, Peak:0.02M | Scene, ViewLayer | Synchronizing object | Fine horizontal masonry joint.003
Fra:1 Mem:137.46M (Peak 141.73M) | Time:00:00.02 | Mem:0.02M, Peak:0.02M | Scene, ViewLayer | Synchronizing object | Fine horizontal masonry joint.005
Fra:1 Mem:137.55M (Peak 141.73M) | Time:00:00.02 | Mem:0.02M, Peak:0.02M | Scene, ViewLayer | Synchronizing object | Fine horizontal masonry joint.006
Fra:1 Mem:137.63M (Peak 141.73M) | Time:00:00.02 | Mem:0.02M, Peak:0.02M | Scene, ViewLayer | Synchronizing object | Tower corner pilaster.001
Fra:1 Mem:137.49M (Peak 141.73M) | Time:00:00.02 | Mem:0.02M, Peak:0.02M | Scene, ViewLayer | Synchronizing object | Tower corner pilaster.002
Fra:1 Mem:137.52M (Peak 141.73M) | Time:00:00.02 | Mem:0.02M, Peak:0.02M | Scene, ViewLayer | Synchronizing object | Fine horizontal masonry joint.016
Fra:1 Mem:137.55M (Peak 141.73M) | Time:00:00.02 | Mem:0.02M, Peak:0.02M | Scene, ViewLayer | Synchronizing object | Fine horizontal masonry joint.017
Fra:1 Mem:137.65M (Peak 141.73M) | Time:00:00.02 | Mem:0.02M, Peak:0.02M | Scene, ViewLayer | Synchronizing object | Fine horizontal masonry joint.018
Fra:1 Mem:137.74M (Peak 141.73M) | Time:00:00.02 | Mem:0.02M, Peak:0.02M | Scene, ViewLayer | Synchronizing object | Fine horizontal masonry joint.019
Fra:1 Mem:137.74M (Peak 141.73M) | Time:00:00.02 | Mem:0.02M, Peak:0.02M | Scene, ViewLayer | Synchronizing object | Tower corner pilaster.003
Fra:1 Mem:137.77M (Peak 141.73M) | Time:00:00.02 | Mem:0.02M, Peak:0.02M | Scene, ViewLayer | Synchronizing object | Tower corner pilaster footing.003
Fra:1 Mem:137.81M (Peak 141.73M) | Time:00:00.02 | Mem:0.02M, Peak:0.02M | Scene, ViewLayer | Synchronizing object | Fine horizontal masonry joint.021
Fra:1 Mem:137.88M (Peak 141.73M) | Time:00:00.02 | Mem:0.02M, Peak:0.02M | Scene, ViewLayer | Synchronizing object | Fine horizontal masonry joint.023
Fra:1 Mem:137.96M (Peak 141.73M) | Time:00:00.02 | Mem:0.02M, Peak:0.02M | Scene, ViewLayer | Synchronizing object | Fine horizontal masonry joint.024
Fra:1 Mem:137.95M (Peak 141.73M) | Time:00:00.02 | Mem:0.02M, Peak:0.02M | Scene, ViewLayer | Synchronizing object | Fine horizontal masonry joint.025
Fra:1 Mem:137.96M (Peak 141.73M) | Time:00:00.02 | Mem:0.02M, Peak:0.02M | Scene, ViewLayer | Synchronizing object | Tower middle cornice
Fra:1 Mem:137.97M (Peak 141.73M) | Time:00:00.02 | Mem:0.02M, Peak:0.02M | Scene, ViewLayer | Synchronizing object | Bronze inlay border
Fra:1 Mem:138.03M (Peak 141.73M) | Time:00:00.02 | Mem:0.02M, Peak:0.02M | Scene, ViewLayer | Synchronizing object | Bronze inlay border.001
Fra:1 Mem:138.05M (Peak 141.73M) | Time:00:00.02 | Mem:0.02M, Peak:0.02M | Scene, ViewLayer | Synchronizing object | Bronze inlay border.002
Fra:1 Mem:138.06M (Peak 141.73M) | Time:00:00.02 | Mem:0.02M, Peak:0.02M | Scene, ViewLayer | Synchronizing object | Bronze inlay border.003
Fra:1 Mem:138.10M (Peak 141.73M) | Time:00:00.02 | Mem:0.02M, Peak:0.02M | Scene, ViewLayer | Synchronizing object | Bronze inlay border.004
Fra:1 Mem:138.18M (Peak 141.73M) | Time:00:00.02 | Mem:0.02M, Peak:0.02M | Scene, ViewLayer | Synchronizing object | Bronze inlay border.005
Fra:1 Mem:138.23M (Peak 141.73M) | Time:00:00.02 | Mem:0.02M, Peak:0.02M | Scene, ViewLayer | Synchronizing object | Bronze inlay border.007
Fra:1 Mem:138.20M (Peak 141.73M) | Time:00:00.02 | Mem:0.02M, Peak:0.02M | Scene, ViewLayer | Synchronizing object | Upper loggia jamb.001
Fra:1 Mem:138.29M (Peak 141.73M) | Time:00:00.02 | Mem:0.02M, Peak:0.02M | Scene, ViewLayer | Synchronizing object | Upper loggia jamb.002
Fra:1 Mem:138.37M (Peak 141.73M) | Time:00:00.02 | Mem:0.02M, Peak:0.02M | Scene, ViewLayer | Synchronizing object | Upper loggia jamb.003
Fra:1 Mem:138.37M (Peak 141.73M) | Time:00:00.02 | Mem:0.02M, Peak:0.02M | Scene, ViewLayer | Synchronizing object | Upper loggia jamb.004
Fra:1 Mem:138.35M (Peak 141.73M) | Time:00:00.02 | Mem:0.02M, Peak:0.02M | Scene, ViewLayer | Synchronizing object | Upper loggia jamb.007
Fra:1 Mem:138.48M (Peak 141.73M) | Time:00:00.02 | Mem:0.02M, Peak:0.02M | Scene, ViewLayer | Synchronizing object | Upper belvedere terrace
Fra:1 Mem:138.50M (Peak 141.73M) | Time:00:00.02 | Mem:0.02M, Peak:0.02M | Scene, ViewLayer | Synchronizing object | Crown observatory stylobate
Fra:1 Mem:138.57M (Peak 141.73M) | Time:00:00.02 | Mem:0.02M, Peak:0.02M | Scene, ViewLayer | Synchronizing object | Inset stone paving.001
Fra:1 Mem:138.59M (Peak 141.73M) | Time:00:00.02 | Mem:0.02M, Peak:0.02M | Scene, ViewLayer | Synchronizing object | Bronze inlay border.009
Fra:1 Mem:138.63M (Peak 141.73M) | Time:00:00.02 | Mem:0.02M, Peak:0.02M | Scene, ViewLayer | Synchronizing object | Bronze inlay border.011
Fra:1 Mem:138.64M (Peak 141.73M) | Time:00:00.02 | Mem:0.02M, Peak:0.02M | Scene, ViewLayer | Synchronizing object | Bronze inlay border.013
Fra:1 Mem:138.71M (Peak 141.73M) | Time:00:00.02 | Mem:0.02M, Peak:0.02M | Scene, ViewLayer | Synchronizing object | Bronze inlay border.014
Fra:1 Mem:138.71M (Peak 141.73M) | Time:00:00.02 | Mem:0.02M, Peak:0.02M | Scene, ViewLayer | Synchronizing object | Bronze inlay border.015
Fra:1 Mem:138.73M (Peak 141.73M) | Time:00:00.02 | Mem:0.02M, Peak:0.02M | Scene, ViewLayer | Synchronizing object | Diamond inlaid stone.001
Fra:1 Mem:138.82M (Peak 141.73M) | Time:00:00.02 | Mem:0.02M, Peak:0.02M | Scene, ViewLayer | Synchronizing object | Crown observatory jamb.002
Fra:1 Mem:138.82M (Peak 141.73M) | Time:00:00.02 | Mem:0.02M, Peak:0.02M | Scene, ViewLayer | Synchronizing object | Crown observatory jamb.005
Fra:1 Mem:138.82M (Peak 141.73M) | Time:00:00.02 | Mem:0.02M, Peak:0.02M | Scene, ViewLayer | Synchronizing object | Crown observatory jamb.006
Fra:1 Mem:138.88M (Peak 141.73M) | Time:00:00.02 | Mem:0.02M, Peak:0.02M | Scene, ViewLayer | Synchronizing object | Crown observatory jamb.007
Fra:1 Mem:138.86M (Peak 141.73M) | Time:00:00.02 | Mem:0.02M, Peak:0.02M | Scene, ViewLayer | Synchronizing object | Crown observatory cornice
Fra:1 Mem:138.96M (Peak 141.73M) | Time:00:00.02 | Mem:0.02M, Peak:0.02M | Scene, ViewLayer | Synchronizing object | Crown observatory bronze roof curb
Fra:1 Mem:138.99M (Peak 141.73M) | Time:00:00.02 | Mem:0.02M, Peak:0.02M | Scene, ViewLayer | Synchronizing object | Sphere
Fra:1 Mem:139.02M (Peak 141.73M) | Time:00:00.02 | Mem:0.02M, Peak:0.02M | Scene, ViewLayer | Synchronizing object | Slender flagstaff
Fra:1 Mem:139.05M (Peak 141.73M) | Time:00:00.02 | Mem:0.02M, Peak:0.02M | Scene, ViewLayer | Synchronizing object | Dressed stone tread
Fra:1 Mem:139.06M (Peak 141.73M) | Time:00:00.02 | Mem:0.02M, Peak:0.02M | Scene, ViewLayer | Synchronizing object | Brass step nosing
Fra:1 Mem:139.21M (Peak 141.73M) | Time:00:00.02 | Mem:0.02M, Peak:0.02M | Scene, ViewLayer | Synchronizing object | Dressed stone tread.001
Fra:1 Mem:139.24M (Peak 141.73M) | Time:00:00.02 | Mem:0.02M, Peak:0.02M | Scene, ViewLayer | Synchronizing object | Dressed stone tread.003
Fra:1 Mem:139.25M (Peak 141.73M) | Time:00:00.02 | Mem:0.02M, Peak:0.02M | Scene, ViewLayer | Synchronizing object | Brass step nosing.003
Fra:1 Mem:139.27M (Peak 141.73M) | Time:00:00.02 | Mem:0.02M, Peak:0.02M | Scene, ViewLayer | Synchronizing object | Dressed stone tread.004
Fra:1 Mem:139.23M (Peak 141.73M) | Time:00:00.02 | Mem:0.02M, Peak:0.02M | Scene, ViewLayer | Synchronizing object | Dressed stone tread.006
Fra:1 Mem:139.27M (Peak 141.73M) | Time:00:00.02 | Mem:0.02M, Peak:0.02M | Scene, ViewLayer | Synchronizing object | Dressed stone tread.007
Fra:1 Mem:139.29M (Peak 141.73M) | Time:00:00.02 | Mem:0.02M, Peak:0.02M | Scene, ViewLayer | Synchronizing object | Brass step nosing.007
Fra:1 Mem:139.41M (Peak 141.73M) | Time:00:00.02 | Mem:0.02M, Peak:0.02M | Scene, ViewLayer | Synchronizing object | Dressed stone tread.008
Fra:1 Mem:139.47M (Peak 141.73M) | Time:00:00.02 | Mem:0.02M, Peak:0.02M | Scene, ViewLayer | Synchronizing object | Brass step nosing.008
Fra:1 Mem:139.44M (Peak 141.73M) | Time:00:00.02 | Mem:0.02M, Peak:0.02M | Scene, ViewLayer | Synchronizing object | Dressed stone tread.010
Fra:1 Mem:139.45M (Peak 141.73M) | Time:00:00.02 | Mem:0.02M, Peak:0.02M | Scene, ViewLayer | Synchronizing object | Dressed stone tread.011
Fra:1 Mem:139.54M (Peak 141.73M) | Time:00:00.02 | Mem:0.02M, Peak:0.02M | Scene, ViewLayer | Synchronizing object | Brass step nosing.011
Fra:1 Mem:139.54M (Peak 141.73M) | Time:00:00.02 | Mem:0.02M, Peak:0.02M | Scene, ViewLayer | Synchronizing object | Dressed stone tread.012
Fra:1 Mem:139.63M (Peak 141.73M) | Time:00:00.02 | Mem:0.02M, Peak:0.02M | Scene, ViewLayer | Synchronizing object | Brass step nosing.012
Fra:1 Mem:139.64M (Peak 141.73M) | Time:00:00.02 | Mem:0.02M, Peak:0.02M | Scene, ViewLayer | Synchronizing object | Dressed stone tread.013
Fra:1 Mem:139.70M (Peak 141.73M) | Time:00:00.02 | Mem:0.02M, Peak:0.02M | Scene, ViewLayer | Synchronizing object | Brass step nosing.013
Fra:1 Mem:139.82M (Peak 141.73M) | Time:00:00.02 | Mem:0.02M, Peak:0.02M | Scene, ViewLayer | Synchronizing object | Slim brass handrail
Fra:1 Mem:139.83M (Peak 141.73M) | Time:00:00.02 | Mem:0.02M, Peak:0.02M | Scene, ViewLayer | Synchronizing object | Bronze baluster.001
Fra:1 Mem:139.82M (Peak 141.73M) | Time:00:00.02 | Mem:0.02M, Peak:0.02M | Scene, ViewLayer | Synchronizing object | Bronze baluster.003
Fra:1 Mem:139.85M (Peak 141.73M) | Time:00:00.02 | Mem:0.02M, Peak:0.02M | Scene, ViewLayer | Synchronizing object | Slim brass handrail.001
Fra:1 Mem:139.91M (Peak 141.73M) | Time:00:00.02 | Mem:0.02M, Peak:0.02M | Scene, ViewLayer | Synchronizing object | Bronze baluster.005
Fra:1 Mem:139.84M (Peak 141.73M) | Time:00:00.02 | Mem:0.02M, Peak:0.02M | Scene, ViewLayer | Synchronizing object | Bronze baluster.006
Fra:1 Mem:139.83M (Peak 141.73M) | Time:00:00.02 | Mem:0.02M, Peak:0.02M | Scene, ViewLayer | Synchronizing object | Dressed stone tread.014
Fra:1 Mem:139.85M (Peak 141.73M) | Time:00:00.02 | Mem:0.02M, Peak:0.02M | Scene, ViewLayer | Synchronizing object | Dressed stone tread.016
Fra:1 Mem:139.93M (Peak 141.73M) | Time:00:00.02 | Mem:0.02M, Peak:0.02M | Scene, ViewLayer | Synchronizing object | Brass step nosing.016
Fra:1 Mem:139.94M (Peak 141.73M) | Time:00:00.02 | Mem:0.02M, Peak:0.02M | Scene, ViewLayer | Synchronizing object | Raised standing seam
Fra:1 Mem:140.01M (Peak 141.73M) | Time:00:00.02 | Mem:0.02M, Peak:0.02M | Scene, ViewLayer | Synchronizing object | Brass step nosing.017
Fra:1 Mem:140.05M (Peak 141.73M) | Time:00:00.02 | Mem:0.02M, Peak:0.02M | Scene, ViewLayer | Synchronizing object | Dressed stone tread.018
Fra:1 Mem:140.10M (Peak 141.73M) | Time:00:00.02 | Mem:0.02M, Peak:0.02M | Scene, ViewLayer | Synchronizing object | Brass step nosing.018
Fra:1 Mem:140.10M (Peak 141.73M) | Time:00:00.02 | Mem:0.02M, Peak:0.02M | Scene, ViewLayer | Synchronizing object | Brass step nosing.019
Fra:1 Mem:140.13M (Peak 141.73M) | Time:00:00.02 | Mem:0.02M, Peak:0.02M | Scene, ViewLayer | Synchronizing object | Dressed stone tread.020
Fra:1 Mem:140.15M (Peak 141.73M) | Time:00:00.02 | Mem:0.02M, Peak:0.02M | Scene, ViewLayer | Synchronizing object | Brass step nosing.020
Fra:1 Mem:140.19M (Peak 141.73M) | Time:00:00.02 | Mem:0.02M, Peak:0.02M | Scene, ViewLayer | Synchronizing object | Slim brass handrail.002
Fra:1 Mem:140.26M (Peak 141.73M) | Time:00:00.02 | Mem:0.02M, Peak:0.02M | Scene, ViewLayer | Synchronizing object | Bronze baluster.010
Fra:1 Mem:140.28M (Peak 141.73M) | Time:00:00.02 | Mem:0.02M, Peak:0.02M | Scene, ViewLayer | Synchronizing object | Bronze baluster.011
Fra:1 Mem:140.26M (Peak 141.73M) | Time:00:00.02 | Mem:0.02M, Peak:0.02M | Scene, ViewLayer | Synchronizing object | Bronze baluster.012
Fra:1 Mem:140.25M (Peak 141.73M) | Time:00:00.02 | Mem:0.02M, Peak:0.02M | Scene, ViewLayer | Synchronizing object | Bronze baluster.013
Fra:1 Mem:140.25M (Peak 141.73M) | Time:00:00.02 | Mem:0.02M, Peak:0.02M | Scene, ViewLayer | Synchronizing object | Bronze baluster.015
Fra:1 Mem:140.28M (Peak 141.73M) | Time:00:00.02 | Mem:0.02M, Peak:0.02M | Scene, ViewLayer | Synchronizing object | Dressed stone tread.021
Fra:1 Mem:140.28M (Peak 141.73M) | Time:00:00.02 | Mem:0.02M, Peak:0.02M | Scene, ViewLayer | Synchronizing object | Dressed stone tread.022
Fra:1 Mem:140.31M (Peak 141.73M) | Time:00:00.02 | Mem:0.02M, Peak:0.02M | Scene, ViewLayer | Synchronizing object | Brass step nosing.022
Fra:1 Mem:140.41M (Peak 141.73M) | Time:00:00.02 | Mem:0.02M, Peak:0.02M | Scene, ViewLayer | Synchronizing object | Dressed stone tread.023
Fra:1 Mem:140.41M (Peak 141.73M) | Time:00:00.02 | Mem:0.02M, Peak:0.02M | Scene, ViewLayer | Synchronizing object | Brass step nosing.023
Fra:1 Mem:140.43M (Peak 141.73M) | Time:00:00.02 | Mem:0.02M, Peak:0.02M | Scene, ViewLayer | Synchronizing object | Dressed stone tread.024
Fra:1 Mem:140.42M (Peak 141.73M) | Time:00:00.02 | Mem:0.02M, Peak:0.02M | Scene, ViewLayer | Synchronizing object | Dressed stone tread.026
Fra:1 Mem:140.47M (Peak 141.73M) | Time:00:00.02 | Mem:0.02M, Peak:0.02M | Scene, ViewLayer | Synchronizing object | Brass step nosing.026
Fra:1 Mem:140.46M (Peak 141.73M) | Time:00:00.02 | Mem:0.02M, Peak:0.02M | Scene, ViewLayer | Synchronizing object | Dressed stone tread.027
Fra:1 Mem:140.49M (Peak 141.73M) | Time:00:00.02 | Mem:0.02M, Peak:0.02M | Scene, ViewLayer | Synchronizing object | Slim brass handrail.004
Fra:1 Mem:140.51M (Peak 141.73M) | Time:00:00.02 | Mem:0.02M, Peak:0.02M | Scene, ViewLayer | Synchronizing object | Bronze baluster.016
Fra:1 Mem:140.56M (Peak 141.73M) | Time:00:00.02 | Mem:0.02M, Peak:0.02M | Scene, ViewLayer | Synchronizing object | Bronze baluster.017
Fra:1 Mem:140.65M (Peak 141.73M) | Time:00:00.02 | Mem:0.02M, Peak:0.02M | Scene, ViewLayer | Synchronizing object | Bronze baluster.018
Fra:1 Mem:140.65M (Peak 141.73M) | Time:00:00.02 | Mem:0.02M, Peak:0.02M | Scene, ViewLayer | Synchronizing object | Slim brass handrail.005
Fra:1 Mem:140.68M (Peak 141.73M) | Time:00:00.02 | Mem:0.02M, Peak:0.02M | Scene, ViewLayer | Synchronizing object | Bronze baluster.021
Fra:1 Mem:140.70M (Peak 141.73M) | Time:00:00.02 | Mem:0.02M, Peak:0.02M | Scene, ViewLayer | Synchronizing object | Dressed stone tread.028
Fra:1 Mem:140.82M (Peak 141.73M) | Time:00:00.02 | Mem:0.02M, Peak:0.02M | Scene, ViewLayer | Synchronizing object | Brass step nosing.028
Fra:1 Mem:140.84M (Peak 141.73M) | Time:00:00.02 | Mem:0.02M, Peak:0.02M | Scene, ViewLayer | Synchronizing object | Brass step nosing.029
Fra:1 Mem:140.89M (Peak 141.73M) | Time:00:00.02 | Mem:0.02M, Peak:0.02M | Scene, ViewLayer | Synchronizing object | Brass step nosing.030
Fra:1 Mem:140.93M (Peak 141.73M) | Time:00:00.02 | Mem:0.02M, Peak:0.02M | Scene, ViewLayer | Synchronizing object | Brass step nosing.031
Fra:1 Mem:140.91M (Peak 141.73M) | Time:00:00.02 | Mem:0.02M, Peak:0.02M | Scene, ViewLayer | Synchronizing object | Brass step nosing.033
Fra:1 Mem:141.03M (Peak 141.73M) | Time:00:00.02 | Mem:0.02M, Peak:0.02M | Scene, ViewLayer | Synchronizing object | Dressed stone tread.034
Fra:1 Mem:141.02M (Peak 141.73M) | Time:00:00.02 | Mem:0.02M, Peak:0.02M | Scene, ViewLayer | Synchronizing object | Brass step nosing.035
Fra:1 Mem:141.12M (Peak 141.73M) | Time:00:00.02 | Mem:0.02M, Peak:0.02M | Scene, ViewLayer | Synchronizing object | Raised standing seam.003
Fra:1 Mem:141.13M (Peak 141.73M) | Time:00:00.02 | Mem:0.02M, Peak:0.02M | Scene, ViewLayer | Synchronizing object | Dressed stone tread.036
Fra:1 Mem:141.14M (Peak 141.73M) | Time:00:00.02 | Mem:0.02M, Peak:0.02M | Scene, ViewLayer | Synchronizing object | Brass step nosing.036
Fra:1 Mem:141.19M (Peak 141.73M) | Time:00:00.02 | Mem:0.02M, Peak:0.02M | Scene, ViewLayer | Synchronizing object | Dressed stone tread.037
Fra:1 Mem:141.21M (Peak 141.73M) | Time:00:00.02 | Mem:0.02M, Peak:0.02M | Scene, ViewLayer | Synchronizing object | Brass step nosing.037
Fra:1 Mem:141.26M (Peak 141.73M) | Time:00:00.02 | Mem:0.02M, Peak:0.02M | Scene, ViewLayer | Synchronizing object | Brass step nosing.038
Fra:1 Mem:141.35M (Peak 141.73M) | Time:00:00.02 | Mem:0.02M, Peak:0.02M | Scene, ViewLayer | Synchronizing object | Dressed stone tread.039
Fra:1 Mem:141.35M (Peak 141.73M) | Time:00:00.02 | Mem:0.02M, Peak:0.02M | Scene, ViewLayer | Synchronizing object | Brass step nosing.039
Fra:1 Mem:141.45M (Peak 141.73M) | Time:00:00.02 | Mem:0.02M, Peak:0.02M | Scene, ViewLayer | Synchronizing object | Dressed stone tread.040
Fra:1 Mem:141.51M (Peak 141.73M) | Time:00:00.02 | Mem:0.02M, Peak:0.02M | Scene, ViewLayer | Synchronizing object | Brass step nosing.040
Fra:1 Mem:141.50M (Peak 141.73M) | Time:00:00.02 | Mem:0.02M, Peak:0.02M | Scene, ViewLayer | Synchronizing object | Bronze baluster.022
Fra:1 Mem:141.58M (Peak 141.73M) | Time:00:00.02 | Mem:0.02M, Peak:0.02M | Scene, ViewLayer | Synchronizing object | Bronze baluster.024
Fra:1 Mem:141.51M (Peak 141.73M) | Time:00:00.02 | Mem:0.02M, Peak:0.02M | Scene, ViewLayer | Synchronizing object | Bronze baluster.025
Fra:1 Mem:141.55M (Peak 141.73M) | Time:00:00.02 | Mem:0.02M, Peak:0.02M | Scene, ViewLayer | Synchronizing object | Bronze baluster.026
Fra:1 Mem:141.54M (Peak 141.73M) | Time:00:00.02 | Mem:0.02M, Peak:0.02M | Scene, ViewLayer | Synchronizing object | Slim brass handrail.007
Fra:1 Mem:141.56M (Peak 141.73M) | Time:00:00.02 | Mem:0.02M, Peak:0.02M | Scene, ViewLayer | Synchronizing object | Bronze baluster.029
Fra:1 Mem:141.54M (Peak 141.73M) | Time:00:00.02 | Mem:0.02M, Peak:0.02M | Scene, ViewLayer | Synchronizing object | Bronze baluster.031
Fra:1 Mem:141.59M (Peak 141.73M) | Time:00:00.02 | Mem:0.02M, Peak:0.02M | Scene, ViewLayer | Synchronizing object | Landing perimeter handrail.001
Fra:1 Mem:141.55M (Peak 141.73M) | Time:00:00.02 | Mem:0.02M, Peak:0.02M | Scene, ViewLayer | Synchronizing object | Corner baluster
Fra:1 Mem:141.55M (Peak 141.73M) | Time:00:00.02 | Mem:0.02M, Peak:0.02M | Scene, ViewLayer | Synchronizing object | Landing perimeter handrail.002
Fra:1 Mem:141.56M (Peak 141.73M) | Time:00:00.02 | Mem:0.02M, Peak:0.02M | Scene, ViewLayer | Synchronizing object | Landing perimeter handrail.003
Fra:1 Mem:141.61M (Peak 141.73M) | Time:00:00.02 | Mem:0.02M, Peak:0.02M | Scene, ViewLayer | Synchronizing object | Landing perimeter handrail.004
Fra:1 Mem:141.66M (Peak 141.73M) | Time:00:00.02 | Mem:0.02M, Peak:0.02M | Scene, ViewLayer | Synchronizing object | Pavilion entry gatepost
Fra:1 Mem:141.68M (Peak 141.73M) | Time:00:00.02 | Mem:0.02M, Peak:0.02M | Scene, ViewLayer | Synchronizing object | Pavilion entry gatepost.001
Fra:1 Mem:141.69M (Peak 141.73M) | Time:00:00.02 | Mem:0.02M, Peak:0.02M | Scene, ViewLayer | Synchronizing object | Landing perimeter handrail.006
Fra:1 Mem:141.72M (Peak 141.73M) | Time:00:00.02 | Mem:0.02M, Peak:0.02M | Scene, ViewLayer | Synchronizing object | Corner baluster.002
Fra:1 Mem:141.75M (Peak 141.75M) | Time:00:00.02 | Mem:0.02M, Peak:0.02M | Scene, ViewLayer | Synchronizing object | Corner baluster.003
Fra:1 Mem:141.76M (Peak 141.76M) | Time:00:00.02 | Mem:0.02M, Peak:0.02M | Scene, ViewLayer | Synchronizing object | Landing perimeter handrail.009
Fra:1 Mem:141.76M (Peak 141.76M) | Time:00:00.02 | Mem:0.02M, Peak:0.02M | Scene, ViewLayer | Synchronizing object | Landing perimeter handrail.010
Fra:1 Mem:141.76M (Peak 141.76M) | Time:00:00.02 | Mem:0.02M, Peak:0.02M | Scene, ViewLayer | Synchronizing object | Corner baluster.004
Fra:1 Mem:141.76M (Peak 141.76M) | Time:00:00.02 | Mem:0.02M, Peak:0.02M | Scene, ViewLayer | Synchronizing object | Landing perimeter handrail.011
Fra:1 Mem:141.77M (Peak 141.77M) | Time:00:00.02 | Mem:0.02M, Peak:0.02M | Scene, ViewLayer | Synchronizing object | Landing perimeter handrail.012
Fra:1 Mem:141.84M (Peak 141.84M) | Time:00:00.02 | Mem:0.02M, Peak:0.02M | Scene, ViewLayer | Synchronizing object | Corner baluster.005
Fra:1 Mem:141.81M (Peak 141.84M) | Time:00:00.02 | Mem:0.02M, Peak:0.02M | Scene, ViewLayer | Synchronizing object | Landing perimeter handrail.013
Fra:1 Mem:141.84M (Peak 141.84M) | Time:00:00.02 | Mem:0.02M, Peak:0.02M | Scene, ViewLayer | Synchronizing object | Corner baluster.006
Fra:1 Mem:141.86M (Peak 141.86M) | Time:00:00.02 | Mem:0.02M, Peak:0.02M | Scene, ViewLayer | Synchronizing object | Landing perimeter handrail.015
Fra:1 Mem:141.86M (Peak 141.86M) | Time:00:00.02 | Mem:0.02M, Peak:0.02M | Scene, ViewLayer | Synchronizing object | Corner baluster.007
Fra:1 Mem:141.85M (Peak 141.86M) | Time:00:00.02 | Mem:0.02M, Peak:0.02M | Scene, ViewLayer | Synchronizing object | Illusion corner landing 0
Fra:1 Mem:141.87M (Peak 141.87M) | Time:00:00.02 | Mem:0.02M, Peak:0.02M | Scene, ViewLayer | Synchronizing object | Stair support 1
Fra:1 Mem:141.88M (Peak 141.88M) | Time:00:00.02 | Mem:0.02M, Peak:0.02M | Scene, ViewLayer | Synchronizing object | Stair support 1 footing
Fra:1 Mem:141.90M (Peak 141.90M) | Time:00:00.02 | Mem:0.02M, Peak:0.02M | Scene, ViewLayer | Synchronizing object | Stair support 1 capital
Fra:1 Mem:141.91M (Peak 141.91M) | Time:00:00.02 | Mem:0.02M, Peak:0.02M | Scene, ViewLayer | Synchronizing object | Fine horizontal masonry joint.028
Fra:1 Mem:141.91M (Peak 141.91M) | Time:00:00.02 | Mem:0.02M, Peak:0.02M | Scene, ViewLayer | Synchronizing object | Fine horizontal masonry joint.029
Fra:1 Mem:141.96M (Peak 141.96M) | Time:00:00.02 | Mem:0.02M, Peak:0.02M | Scene, ViewLayer | Synchronizing object | Fine horizontal masonry joint.031
Fra:1 Mem:141.98M (Peak 141.98M) | Time:00:00.02 | Mem:0.02M, Peak:0.02M | Scene, ViewLayer | Synchronizing object | Fine horizontal masonry joint.032
Fra:1 Mem:142.01M (Peak 142.01M) | Time:00:00.02 | Mem:0.02M, Peak:0.02M | Scene, ViewLayer | Synchronizing object | Fine horizontal masonry joint.033
Fra:1 Mem:142.05M (Peak 142.05M) | Time:00:00.02 | Mem:0.02M, Peak:0.02M | Scene, ViewLayer | Synchronizing object | Illusion corner landing 2
Fra:1 Mem:142.02M (Peak 142.05M) | Time:00:00.02 | Mem:0.02M, Peak:0.02M | Scene, ViewLayer | Synchronizing object | Stair support 2
Fra:1 Mem:142.05M (Peak 142.05M) | Time:00:00.02 | Mem:0.02M, Peak:0.02M | Scene, ViewLayer | Synchronizing object | Stair support 2 footing
Fra:1 Mem:142.09M (Peak 142.10M) | Time:00:00.02 | Mem:0.02M, Peak:0.02M | Scene, ViewLayer | Synchronizing object | Stair support 2 capital
Fra:1 Mem:142.10M (Peak 142.10M) | Time:00:00.02 | Mem:0.02M, Peak:0.02M | Scene, ViewLayer | Synchronizing object | Fine horizontal masonry joint.034
Fra:1 Mem:142.15M (Peak 142.15M) | Time:00:00.02 | Mem:0.02M, Peak:0.02M | Scene, ViewLayer | Synchronizing object | Fine horizontal masonry joint.035
Fra:1 Mem:142.23M (Peak 142.23M) | Time:00:00.02 | Mem:0.02M, Peak:0.02M | Scene, ViewLayer | Synchronizing object | Fine horizontal masonry joint.036
Fra:1 Mem:142.30M (Peak 142.30M) | Time:00:00.02 | Mem:0.02M, Peak:0.02M | Scene, ViewLayer | Synchronizing object | Fine horizontal masonry joint.037
Fra:1 Mem:142.32M (Peak 142.32M) | Time:00:00.02 | Mem:0.02M, Peak:0.02M | Scene, ViewLayer | Synchronizing object | Stair support 3
Fra:1 Mem:142.40M (Peak 142.40M) | Time:00:00.02 | Mem:0.02M, Peak:0.02M | Scene, ViewLayer | Synchronizing object | Raised standing seam.005
Fra:1 Mem:142.45M (Peak 142.45M) | Time:00:00.02 | Mem:0.02M, Peak:0.02M | Scene, ViewLayer | Synchronizing object | Stair support 3 footing
Fra:1 Mem:142.46M (Peak 142.46M) | Time:00:00.02 | Mem:0.02M, Peak:0.02M | Scene, ViewLayer | Synchronizing object | Fine horizontal masonry joint.041
Fra:1 Mem:142.56M (Peak 142.56M) | Time:00:00.02 | Mem:0.02M, Peak:0.02M | Scene, ViewLayer | Synchronizing object | Fine horizontal masonry joint.043
Fra:1 Mem:142.60M (Peak 142.60M) | Time:00:00.02 | Mem:0.02M, Peak:0.02M | Scene, ViewLayer | Synchronizing object | Fine horizontal masonry joint.044
Fra:1 Mem:142.60M (Peak 142.60M) | Time:00:00.02 | Mem:0.02M, Peak:0.02M | Scene, ViewLayer | Synchronizing object | Fine horizontal masonry joint.045
Fra:1 Mem:142.62M (Peak 142.62M) | Time:00:00.02 | Mem:0.02M, Peak:0.02M | Scene, ViewLayer | Synchronizing object | Fine horizontal masonry joint.046
Fra:1 Mem:142.60M (Peak 142.62M) | Time:00:00.02 | Mem:0.02M, Peak:0.02M | Scene, ViewLayer | Synchronizing object | Fine horizontal masonry joint.047
Fra:1 Mem:142.67M (Peak 142.67M) | Time:00:00.02 | Mem:0.02M, Peak:0.02M | Scene, ViewLayer | Synchronizing object | Stair support 4
Fra:1 Mem:142.68M (Peak 142.68M) | Time:00:00.02 | Mem:0.02M, Peak:0.02M | Scene, ViewLayer | Synchronizing object | Stair support 4 footing
Fra:1 Mem:142.93M (Peak 142.93M) | Time:00:00.02 | Mem:0.02M, Peak:0.02M | Scene, ViewLayer | Synchronizing object | Fine horizontal masonry joint.049
Fra:1 Mem:142.97M (Peak 142.97M) | Time:00:00.02 | Mem:0.02M, Peak:0.02M | Scene, ViewLayer | Synchronizing object | Fine horizontal masonry joint.050
Fra:1 Mem:142.98M (Peak 142.97M) | Time:00:00.02 | Mem:0.02M, Peak:0.02M | Scene, ViewLayer | Synchronizing object | Fine horizontal masonry joint.053
Fra:1 Mem:143.20M (Peak 143.20M) | Time:00:00.02 | Mem:0.02M, Peak:0.02M | Scene, ViewLayer | Synchronizing object | Fine horizontal masonry joint.054
Fra:1 Mem:143.16M (Peak 143.20M) | Time:00:00.02 | Mem:0.02M, Peak:0.02M | Scene, ViewLayer | Synchronizing object | Fine horizontal masonry joint.059
Fra:1 Mem:143.23M (Peak 143.23M) | Time:00:00.02 | Mem:0.02M, Peak:0.02M | Scene, ViewLayer | Synchronizing object | Bronze inlay border.016
Fra:1 Mem:143.24M (Peak 143.24M) | Time:00:00.02 | Mem:0.02M, Peak:0.02M | Scene, ViewLayer | Synchronizing object | Bronze inlay border.017
Fra:1 Mem:143.32M (Peak 143.32M) | Time:00:00.02 | Mem:0.02M, Peak:0.02M | Scene, ViewLayer | Synchronizing object | Bronze inlay border.018
Fra:1 Mem:143.37M (Peak 143.37M) | Time:00:00.02 | Mem:0.02M, Peak:0.02M | Scene, ViewLayer | Synchronizing object | Bronze inlay border.020
Fra:1 Mem:143.42M (Peak 143.42M) | Time:00:00.02 | Mem:0.02M, Peak:0.02M | Scene, ViewLayer | Synchronizing object | Bronze inlay border.021
Fra:1 Mem:143.42M (Peak 143.42M) | Time:00:00.02 | Mem:0.02M, Peak:0.02M | Scene, ViewLayer | Synchronizing object | Bronze inlay border.022
Fra:1 Mem:143.46M (Peak 143.46M) | Time:00:00.02 | Mem:0.02M, Peak:0.02M | Scene, ViewLayer | Synchronizing object | Bronze inlay border.023
Fra:1 Mem:143.53M (Peak 143.53M) | Time:00:00.02 | Mem:0.02M, Peak:0.02M | Scene, ViewLayer | Synchronizing object | Diamond inlaid stone.002
Fra:1 Mem:143.59M (Peak 143.59M) | Time:00:00.02 | Mem:0.02M, Peak:0.02M | Scene, ViewLayer | Synchronizing object | Raised standing seam.008
Fra:1 Mem:143.56M (Peak 143.59M) | Time:00:00.02 | Mem:0.02M, Peak:0.02M | Scene, ViewLayer | Synchronizing object | Bronze inlay border.024
Fra:1 Mem:143.58M (Peak 143.59M) | Time:00:00.02 | Mem:0.02M, Peak:0.02M | Scene, ViewLayer | Synchronizing object | Bronze inlay border.027
Fra:1 Mem:143.70M (Peak 143.70M) | Time:00:00.02 | Mem:0.02M, Peak:0.02M | Scene, ViewLayer | Synchronizing object | Bronze inlay border.028
Fra:1 Mem:143.74M (Peak 143.74M) | Time:00:00.02 | Mem:0.02M, Peak:0.02M | Scene, ViewLayer | Synchronizing object | Bronze inlay border.029
Fra:1 Mem:143.81M (Peak 143.81M) | Time:00:00.02 | Mem:0.02M, Peak:0.02M | Scene, ViewLayer | Synchronizing object | Bronze inlay border.030
Fra:1 Mem:143.78M (Peak 143.81M) | Time:00:00.02 | Mem:0.02M, Peak:0.02M | Scene, ViewLayer | Synchronizing object | Bronze inlay border.031
Fra:1 Mem:143.88M (Peak 143.88M) | Time:00:00.02 | Mem:0.02M, Peak:0.02M | Scene, ViewLayer | Synchronizing object | Bronze inlay border.032
Fra:1 Mem:143.88M (Peak 143.88M) | Time:00:00.02 | Mem:0.02M, Peak:0.02M | Scene, ViewLayer | Synchronizing object | Bronze inlay border.033
Fra:1 Mem:143.91M (Peak 143.91M) | Time:00:00.02 | Mem:0.02M, Peak:0.02M | Scene, ViewLayer | Synchronizing object | Bronze inlay border.035
Fra:1 Mem:143.90M (Peak 143.91M) | Time:00:00.02 | Mem:0.02M, Peak:0.02M | Scene, ViewLayer | Synchronizing object | Bronze inlay border.036
Fra:1 Mem:144.04M (Peak 144.04M) | Time:00:00.02 | Mem:0.02M, Peak:0.02M | Scene, ViewLayer | Synchronizing object | Bronze inlay border.037
Fra:1 Mem:143.99M (Peak 144.04M) | Time:00:00.02 | Mem:0.02M, Peak:0.02M | Scene, ViewLayer | Synchronizing object | Bronze inlay border.038
Fra:1 Mem:144.06M (Peak 144.06M) | Time:00:00.02 | Mem:0.02M, Peak:0.02M | Scene, ViewLayer | Synchronizing object | West chapel stylobate
Fra:1 Mem:144.13M (Peak 144.13M) | Time:00:00.02 | Mem:0.02M, Peak:0.02M | Scene, ViewLayer | Synchronizing object | Inset stone paving.005
Fra:1 Mem:144.17M (Peak 144.17M) | Time:00:00.02 | Mem:0.02M, Peak:0.02M | Scene, ViewLayer | Synchronizing object | Bronze inlay border.041
Fra:1 Mem:144.15M (Peak 144.17M) | Time:00:00.02 | Mem:0.02M, Peak:0.02M | Scene, ViewLayer | Synchronizing object | Bronze inlay border.044
Fra:1 Mem:144.18M (Peak 144.18M) | Time:00:00.02 | Mem:0.02M, Peak:0.02M | Scene, ViewLayer | Synchronizing object | Bronze inlay border.045
Fra:1 Mem:144.21M (Peak 144.21M) | Time:00:00.02 | Mem:0.02M, Peak:0.02M | Scene, ViewLayer | Synchronizing object | Bronze inlay border.046
Fra:1 Mem:144.34M (Peak 144.34M) | Time:00:00.02 | Mem:0.02M, Peak:0.02M | Scene, ViewLayer | Synchronizing object | Bronze inlay border.047
Fra:1 Mem:144.35M (Peak 144.35M) | Time:00:00.02 | Mem:0.02M, Peak:0.02M | Scene, ViewLayer | Synchronizing object | Diamond inlaid stone.005
Fra:1 Mem:144.41M (Peak 144.41M) | Time:00:00.02 | Mem:0.02M, Peak:0.02M | Scene, ViewLayer | Synchronizing object | West chapel jamb
Fra:1 Mem:144.42M (Peak 144.42M) | Time:00:00.02 | Mem:0.02M, Peak:0.02M | Scene, ViewLayer | Synchronizing object | West chapel jamb.001
Fra:1 Mem:144.44M (Peak 144.44M) | Time:00:00.02 | Mem:0.02M, Peak:0.02M | Scene, ViewLayer | Synchronizing object | West chapel jamb.003
Fra:1 Mem:144.52M (Peak 144.52M) | Time:00:00.02 | Mem:0.02M, Peak:0.02M | Scene, ViewLayer | Synchronizing object | West chapel jamb.004
Fra:1 Mem:144.58M (Peak 144.58M) | Time:00:00.02 | Mem:0.02M, Peak:0.02M | Scene, ViewLayer | Synchronizing object | West chapel jamb.005
Fra:1 Mem:144.65M (Peak 144.65M) | Time:00:00.02 | Mem:0.02M, Peak:0.02M | Scene, ViewLayer | Synchronizing object | West chapel cornice
Fra:1 Mem:144.70M (Peak 144.70M) | Time:00:00.02 | Mem:0.02M, Peak:0.02M | Scene, ViewLayer | Synchronizing object | West chapel bronze roof curb
Fra:1 Mem:144.67M (Peak 144.70M) | Time:00:00.02 | Mem:0.02M, Peak:0.02M | Scene, ViewLayer | Synchronizing object | Gilded finial.001
Fra:1 Mem:144.70M (Peak 144.70M) | Time:00:00.02 | Mem:0.02M, Peak:0.02M | Scene, ViewLayer | Synchronizing object | Sphere.001
Fra:1 Mem:144.76M (Peak 144.76M) | Time:00:00.02 | Mem:0.02M, Peak:0.02M | Scene, ViewLayer | Synchronizing object | West chapel tower
Fra:1 Mem:144.73M (Peak 144.76M) | Time:00:00.02 | Mem:0.02M, Peak:0.02M | Scene, ViewLayer | Synchronizing object | Fine horizontal masonry joint.060
Fra:1 Mem:144.80M (Peak 144.80M) | Time:00:00.02 | Mem:0.02M, Peak:0.02M | Scene, ViewLayer | Synchronizing object | Fine horizontal masonry joint.061
Fra:1 Mem:144.78M (Peak 144.80M) | Time:00:00.02 | Mem:0.02M, Peak:0.02M | Scene, ViewLayer | Synchronizing object | Fine horizontal masonry joint.062
Fra:1 Mem:144.81M (Peak 144.81M) | Time:00:00.02 | Mem:0.02M, Peak:0.02M | Scene, ViewLayer | Synchronizing object | Fine horizontal masonry joint.064
Fra:1 Mem:144.90M (Peak 144.90M) | Time:00:00.02 | Mem:0.02M, Peak:0.02M | Scene, ViewLayer | Synchronizing object | West chapel tidal footing
Fra:1 Mem:144.95M (Peak 144.95M) | Time:00:00.02 | Mem:0.02M, Peak:0.02M | Scene, ViewLayer | Synchronizing object | West chapel bridge jamb
Fra:1 Mem:145.04M (Peak 145.04M) | Time:00:00.02 | Mem:0.02M, Peak:0.02M | Scene, ViewLayer | Synchronizing object | West chapel bridge jamb.001
Fra:1 Mem:145.08M (Peak 145.08M) | Time:00:00.02 | Mem:0.02M, Peak:0.02M | Scene, ViewLayer | Synchronizing object | West chapel bridge deck
Fra:1 Mem:145.13M (Peak 145.13M) | Time:00:00.02 | Mem:0.02M, Peak:0.02M | Scene, ViewLayer | Synchronizing object | Inset stone paving.006
Fra:1 Mem:145.18M (Peak 145.18M) | Time:00:00.02 | Mem:0.02M, Peak:0.02M | Scene, ViewLayer | Synchronizing object | Bronze inlay border.048
Fra:1 Mem:145.19M (Peak 145.19M) | Time:00:00.02 | Mem:0.02M, Peak:0.02M | Scene, ViewLayer | Synchronizing object | Bronze inlay border.049
Fra:1 Mem:145.20M (Peak 145.20M) | Time:00:00.02 | Mem:0.02M, Peak:0.02M | Scene, ViewLayer | Synchronizing object | Bronze inlay border.052
Fra:1 Mem:145.15M (Peak 145.20M) | Time:00:00.02 | Mem:0.02M, Peak:0.02M | Scene, ViewLayer | Synchronizing object | Bronze inlay border.054
Fra:1 Mem:145.22M (Peak 145.22M) | Time:00:00.02 | Mem:0.02M, Peak:0.02M | Scene, ViewLayer | Synchronizing object | Bronze inlay border.055
Fra:1 Mem:145.26M (Peak 145.26M) | Time:00:00.02 | Mem:0.02M, Peak:0.02M | Scene, ViewLayer | Synchronizing object | East chapel jamb
Fra:1 Mem:145.27M (Peak 145.27M) | Time:00:00.02 | Mem:0.02M, Peak:0.02M | Scene, ViewLayer | Synchronizing object | East chapel jamb.001
Fra:1 Mem:145.28M (Peak 145.28M) | Time:00:00.02 | Mem:0.02M, Peak:0.02M | Scene, ViewLayer | Synchronizing object | East chapel jamb.002
Fra:1 Mem:145.33M (Peak 145.33M) | Time:00:00.02 | Mem:0.02M, Peak:0.02M | Scene, ViewLayer | Synchronizing object | East chapel jamb.003
Fra:1 Mem:145.40M (Peak 145.40M) | Time:00:00.02 | Mem:0.02M, Peak:0.02M | Scene, ViewLayer | Synchronizing object | East chapel jamb.005
Fra:1 Mem:145.47M (Peak 145.47M) | Time:00:00.02 | Mem:0.02M, Peak:0.02M | Scene, ViewLayer | Synchronizing object | East chapel jamb.006
Fra:1 Mem:145.47M (Peak 145.47M) | Time:00:00.02 | Mem:0.02M, Peak:0.02M | Scene, ViewLayer | Synchronizing object | East chapel jamb.007
Fra:1 Mem:145.51M (Peak 145.51M) | Time:00:00.02 | Mem:0.02M, Peak:0.02M | Scene, ViewLayer | Synchronizing object | East chapel cornice
Fra:1 Mem:145.57M (Peak 145.57M) | Time:00:00.02 | Mem:0.02M, Peak:0.02M | Scene, ViewLayer | Synchronizing object | Raised standing seam.011
Fra:1 Mem:145.63M (Peak 145.63M) | Time:00:00.02 | Mem:0.02M, Peak:0.02M | Scene, ViewLayer | Synchronizing object | East chapel bronze roof curb
Fra:1 Mem:145.68M (Peak 145.68M) | Time:00:00.02 | Mem:0.02M, Peak:0.02M | Scene, ViewLayer | Synchronizing object | Sphere.002
Fra:1 Mem:145.70M (Peak 145.70M) | Time:00:00.02 | Mem:0.02M, Peak:0.02M | Scene, ViewLayer | Synchronizing object | East chapel tower
Fra:1 Mem:145.76M (Peak 145.76M) | Time:00:00.02 | Mem:0.02M, Peak:0.02M | Scene, ViewLayer | Synchronizing object | East chapel tower footing
Fra:1 Mem:145.81M (Peak 145.81M) | Time:00:00.02 | Mem:0.02M, Peak:0.02M | Scene, ViewLayer | Synchronizing object | Fine horizontal masonry joint.065
Fra:1 Mem:145.81M (Peak 145.81M) | Time:00:00.02 | Mem:0.02M, Peak:0.02M | Scene, ViewLayer | Synchronizing object | Fine horizontal masonry joint.066
Fra:1 Mem:145.85M (Peak 145.85M) | Time:00:00.02 | Mem:0.02M, Peak:0.02M | Scene, ViewLayer | Synchronizing object | Fine horizontal masonry joint.068
Fra:1 Mem:145.86M (Peak 145.86M) | Time:00:00.02 | Mem:0.02M, Peak:0.02M | Scene, ViewLayer | Synchronizing object | Fine horizontal masonry joint.069
Fra:1 Mem:145.90M (Peak 145.90M) | Time:00:00.02 | Mem:0.02M, Peak:0.02M | Scene, ViewLayer | Synchronizing object | Fine horizontal masonry joint.070
Fra:1 Mem:145.96M (Peak 145.96M) | Time:00:00.02 | Mem:0.02M, Peak:0.02M | Scene, ViewLayer | Synchronizing object | East chapel tidal footing
Fra:1 Mem:145.99M (Peak 145.99M) | Time:00:00.02 | Mem:0.02M, Peak:0.02M | Scene, ViewLayer | Synchronizing object | Base battlement
Fra:1 Mem:146.01M (Peak 146.01M) | Time:00:00.02 | Mem:0.02M, Peak:0.02M | Scene, ViewLayer | Synchronizing object | Base battlement.001
Fra:1 Mem:146.02M (Peak 146.02M) | Time:00:00.02 | Mem:0.02M, Peak:0.02M | Scene, ViewLayer | Synchronizing object | Base battlement.002
Fra:1 Mem:146.06M (Peak 146.06M) | Time:00:00.02 | Mem:0.02M, Peak:0.02M | Scene, ViewLayer | Synchronizing object | Base battlement.003
Fra:1 Mem:146.11M (Peak 146.11M) | Time:00:00.02 | Mem:0.02M, Peak:0.02M | Scene, ViewLayer | Synchronizing object | Inset stone paving.007
Fra:1 Mem:146.16M (Peak 146.16M) | Time:00:00.02 | Mem:0.02M, Peak:0.02M | Scene, ViewLayer | Synchronizing object | Bronze inlay border.056
Fra:1 Mem:146.18M (Peak 146.18M) | Time:00:00.02 | Mem:0.02M, Peak:0.02M | Scene, ViewLayer | Synchronizing object | Bronze inlay border.057
Fra:1 Mem:146.19M (Peak 146.19M) | Time:00:00.02 | Mem:0.02M, Peak:0.02M | Scene, ViewLayer | Synchronizing object | Raised standing seam.013
Fra:1 Mem:146.24M (Peak 146.24M) | Time:00:00.02 | Mem:0.02M, Peak:0.02M | Scene, ViewLayer | Synchronizing object | Bronze inlay border.058
Fra:1 Mem:146.30M (Peak 146.30M) | Time:00:00.02 | Mem:0.02M, Peak:0.02M | Scene, ViewLayer | Synchronizing object | Bronze inlay border.059
Fra:1 Mem:146.33M (Peak 146.33M) | Time:00:00.02 | Mem:0.02M, Peak:0.02M | Scene, ViewLayer | Synchronizing object | Bronze inlay border.060
Fra:1 Mem:146.39M (Peak 146.39M) | Time:00:00.02 | Mem:0.02M, Peak:0.02M | Scene, ViewLayer | Synchronizing object | Bronze inlay border.061
Fra:1 Mem:146.43M (Peak 146.43M) | Time:00:00.02 | Mem:0.02M, Peak:0.02M | Scene, ViewLayer | Synchronizing object | Bronze inlay border.062
Fra:1 Mem:146.52M (Peak 146.52M) | Time:00:00.02 | Mem:0.02M, Peak:0.02M | Scene, ViewLayer | Synchronizing object | Bronze inlay border.063
Fra:1 Mem:146.59M (Peak 146.59M) | Time:00:00.02 | Mem:0.02M, Peak:0.02M | Scene, ViewLayer | Synchronizing object | Diamond inlaid stone.007
Fra:1 Mem:146.62M (Peak 146.62M) | Time:00:00.02 | Mem:0.02M, Peak:0.02M | Scene, ViewLayer | Synchronizing object | Inset stone paving.008
Fra:1 Mem:146.62M (Peak 146.62M) | Time:00:00.02 | Mem:0.02M, Peak:0.02M | Scene, ViewLayer | Synchronizing object | Bronze inlay border.064
Fra:1 Mem:146.60M (Peak 146.62M) | Time:00:00.02 | Mem:0.02M, Peak:0.02M | Scene, ViewLayer | Synchronizing object | Bronze inlay border.065
Fra:1 Mem:146.67M (Peak 146.67M) | Time:00:00.02 | Mem:0.02M, Peak:0.02M | Scene, ViewLayer | Synchronizing object | Bronze inlay border.066
Fra:1 Mem:146.76M (Peak 146.76M) | Time:00:00.02 | Mem:0.02M, Peak:0.02M | Scene, ViewLayer | Synchronizing object | Bronze inlay border.068
Fra:1 Mem:146.70M (Peak 146.76M) | Time:00:00.02 | Mem:0.02M, Peak:0.02M | Scene, ViewLayer | Synchronizing object | Bronze inlay border.069
Fra:1 Mem:146.73M (Peak 146.76M) | Time:00:00.02 | Mem:0.02M, Peak:0.02M | Scene, ViewLayer | Synchronizing object | Refracting sea | displaced surface and enclosed volume
Fra:1 Mem:146.78M (Peak 146.78M) | Time:00:00.02 | Mem:0.02M, Peak:0.02M | Scene, ViewLayer | Synchronizing object | Great tower lower portal arch
Fra:1 Mem:146.77M (Peak 146.78M) | Time:00:00.02 | Mem:0.02M, Peak:0.02M | Scene, ViewLayer | Synchronizing object | Great tower lower portal voussoir
Fra:1 Mem:146.82M (Peak 146.82M) | Time:00:00.02 | Mem:0.02M, Peak:0.02M | Scene, ViewLayer | Synchronizing object | Great tower lower portal voussoir.003
Fra:1 Mem:146.91M (Peak 146.91M) | Time:00:00.02 | Mem:0.02M, Peak:0.02M | Scene, ViewLayer | Synchronizing object | Great tower lower portal voussoir.004
Fra:1 Mem:147.05M (Peak 147.05M) | Time:00:00.02 | Mem:0.02M, Peak:0.02M | Scene, ViewLayer | Synchronizing object | Great tower lower portal voussoir.005
Fra:1 Mem:148.66M (Peak 148.66M) | Time:00:00.02 | Mem:0.02M, Peak:0.02M | Scene, ViewLayer | Synchronizing object | Great tower lower portal voussoir.006
Fra:1 Mem:148.70M (Peak 148.70M) | Time:00:00.02 | Mem:0.02M, Peak:0.02M | Scene, ViewLayer | Synchronizing object | Raised standing seam.015
Fra:1 Mem:148.80M (Peak 148.80M) | Time:00:00.02 | Mem:0.02M, Peak:0.02M | Scene, ViewLayer | Synchronizing object | Great tower lower portal voussoir.007
Fra:1 Mem:148.82M (Peak 148.82M) | Time:00:00.02 | Mem:0.02M, Peak:0.02M | Scene, ViewLayer | Synchronizing object | Great tower lower portal voussoir.008
Fra:1 Mem:148.97M (Peak 148.97M) | Time:00:00.02 | Mem:0.02M, Peak:0.02M | Scene, ViewLayer | Synchronizing object | Great tower lower portal voussoir.011
Fra:1 Mem:149.02M (Peak 149.02M) | Time:00:00.02 | Mem:0.02M, Peak:0.02M | Scene, ViewLayer | Synchronizing object | Dome rolled rim
Fra:1 Mem:149.05M (Peak 149.05M) | Time:00:00.02 | Mem:0.02M, Peak:0.02M | Scene, ViewLayer | Synchronizing object | Great tower lower portal voussoir.013
Fra:1 Mem:149.31M (Peak 149.31M) | Time:00:00.02 | Mem:0.02M, Peak:0.02M | Scene, ViewLayer | Synchronizing object | Great tower lower portal voussoir.016
Fra:1 Mem:149.09M (Peak 149.31M) | Time:00:00.02 | Mem:0.02M, Peak:0.02M | Scene, ViewLayer | Synchronizing object | Great tower lower portal voussoir.017
Fra:1 Mem:149.14M (Peak 149.31M) | Time:00:00.02 | Mem:0.02M, Peak:0.02M | Scene, ViewLayer | Synchronizing object | Great tower lower portal voussoir.019
Fra:1 Mem:149.17M (Peak 149.31M) | Time:00:00.02 | Mem:0.02M, Peak:0.02M | Scene, ViewLayer | Synchronizing object | Great tower lower portal voussoir.021
Fra:1 Mem:149.21M (Peak 149.31M) | Time:00:00.02 | Mem:0.02M, Peak:0.02M | Scene, ViewLayer | Synchronizing object | Dome rolled rim.001
Fra:1 Mem:149.31M (Peak 149.31M) | Time:00:00.02 | Mem:0.02M, Peak:0.02M | Scene, ViewLayer | Synchronizing object | Great tower lower portal voussoir.022
Fra:1 Mem:149.30M (Peak 149.31M) | Time:00:00.02 | Mem:0.02M, Peak:0.02M | Scene, ViewLayer | Synchronizing object | Great tower lower portal voussoir.023
Fra:1 Mem:149.41M (Peak 149.41M) | Time:00:00.02 | Mem:0.02M, Peak:0.02M | Scene, ViewLayer | Synchronizing object | Great tower lower portal voussoir.026
Fra:1 Mem:149.44M (Peak 149.44M) | Time:00:00.02 | Mem:0.02M, Peak:0.02M | Scene, ViewLayer | Synchronizing object | Great tower lower portal voussoir.027
Fra:1 Mem:149.57M (Peak 149.57M) | Time:00:00.02 | Mem:0.02M, Peak:0.02M | Scene, ViewLayer | Synchronizing object | Great tower lower portal voussoir.028
Fra:1 Mem:149.60M (Peak 149.60M) | Time:00:00.02 | Mem:0.02M, Peak:0.02M | Scene, ViewLayer | Synchronizing object | Great tower lower portal voussoir.029
Fra:1 Mem:149.63M (Peak 149.63M) | Time:00:00.02 | Mem:0.02M, Peak:0.02M | Scene, ViewLayer | Synchronizing object | Great tower lower portal voussoir.031
Fra:1 Mem:149.76M (Peak 149.76M) | Time:00:00.02 | Mem:0.02M, Peak:0.02M | Scene, ViewLayer | Synchronizing object | Great tower lower portal voussoir.032
Fra:1 Mem:152.62M (Peak 152.62M) | Time:00:00.02 | Mem:0.02M, Peak:0.02M | Scene, ViewLayer | Synchronizing object | Great tower lower portal voussoir.033
Fra:1 Mem:152.69M (Peak 152.69M) | Time:00:00.02 | Mem:0.02M, Peak:0.02M | Scene, ViewLayer | Synchronizing object | Great tower lower portal voussoir.035
Fra:1 Mem:153.75M (Peak 153.75M) | Time:00:00.02 | Mem:0.02M, Peak:0.02M | Scene, ViewLayer | Synchronizing object | Great tower lower portal voussoir.036
Fra:1 Mem:154.60M (Peak 154.60M) | Time:00:00.02 | Mem:0.02M, Peak:0.02M | Scene, ViewLayer | Synchronizing object | Great tower lower portal voussoir.037
Fra:1 Mem:154.64M (Peak 154.64M) | Time:00:00.02 | Mem:0.02M, Peak:0.02M | Scene, ViewLayer | Synchronizing object | Great tower lower portal voussoir.038
Fra:1 Mem:154.67M (Peak 154.67M) | Time:00:00.02 | Mem:0.02M, Peak:0.02M | Scene, ViewLayer | Synchronizing object | Great tower lower portal voussoir.041
Fra:1 Mem:154.67M (Peak 154.67M) | Time:00:00.02 | Mem:0.02M, Peak:0.02M | Scene, ViewLayer | Synchronizing object | Great tower lower portal voussoir.047
Fra:1 Mem:155.83M (Peak 155.83M) | Time:00:00.02 | Mem:0.02M, Peak:0.02M | Scene, ViewLayer | Synchronizing object | Great tower lower portal voussoir.049
Fra:1 Mem:156.34M (Peak 156.34M) | Time:00:00.02 | Mem:0.02M, Peak:0.02M | Scene, ViewLayer | Synchronizing object | Great tower lower portal voussoir.050
Fra:1 Mem:156.44M (Peak 156.44M) | Time:00:00.02 | Mem:0.02M, Peak:0.02M | Scene, ViewLayer | Synchronizing object | Raised standing seam.018
Fra:1 Mem:156.40M (Peak 156.44M) | Time:00:00.02 | Mem:0.02M, Peak:0.02M | Scene, ViewLayer | Synchronizing object | Great tower lower portal arch.003
Fra:1 Mem:156.43M (Peak 156.44M) | Time:00:00.02 | Mem:0.02M, Peak:0.02M | Scene, ViewLayer | Synchronizing object | Great tower lower portal voussoir.051
Fra:1 Mem:156.42M (Peak 156.44M) | Time:00:00.02 | Mem:0.02M, Peak:0.02M | Scene, ViewLayer | Synchronizing object | Great tower lower portal voussoir.055
Fra:1 Mem:156.50M (Peak 156.50M) | Time:00:00.02 | Mem:0.02M, Peak:0.02M | Scene, ViewLayer | Synchronizing object | Raised standing seam.019
Fra:1 Mem:156.48M (Peak 156.50M) | Time:00:00.02 | Mem:0.02M, Peak:0.02M | Scene, ViewLayer | Synchronizing object | Great tower lower portal voussoir.057
Fra:1 Mem:156.57M (Peak 156.57M) | Time:00:00.02 | Mem:0.02M, Peak:0.02M | Scene, ViewLayer | Synchronizing object | Great tower lower portal voussoir.058
Fra:1 Mem:156.39M (Peak 156.57M) | Time:00:00.02 | Mem:0.02M, Peak:0.02M | Scene, ViewLayer | Synchronizing object | Great tower lower portal voussoir.059
Fra:1 Mem:157.11M (Peak 157.11M) | Time:00:00.02 | Mem:0.02M, Peak:0.02M | Scene, ViewLayer | Synchronizing object | Great tower lower portal voussoir.061
Fra:1 Mem:157.15M (Peak 157.15M) | Time:00:00.02 | Mem:0.02M, Peak:0.02M | Scene, ViewLayer | Synchronizing object | Great tower lower portal voussoir.062
Fra:1 Mem:157.19M (Peak 157.19M) | Time:00:00.02 | Mem:0.02M, Peak:0.02M | Scene, ViewLayer | Synchronizing object | Raised standing seam.020
Fra:1 Mem:157.45M (Peak 157.45M) | Time:00:00.03 | Mem:0.02M, Peak:0.02M | Scene, ViewLayer | Synchronizing object | Great tower lower portal voussoir.063
Fra:1 Mem:157.26M (Peak 157.45M) | Time:00:00.03 | Mem:0.02M, Peak:0.02M | Scene, ViewLayer | Synchronizing object | Great tower lower portal voussoir.064
Fra:1 Mem:157.48M (Peak 157.48M) | Time:00:00.03 | Mem:0.02M, Peak:0.02M | Scene, ViewLayer | Synchronizing object | Upper loggia arch
Fra:1 Mem:157.81M (Peak 157.81M) | Time:00:00.03 | Mem:0.02M, Peak:0.02M | Scene, ViewLayer | Synchronizing object | Upper loggia voussoir
Fra:1 Mem:157.78M (Peak 157.81M) | Time:00:00.03 | Mem:0.02M, Peak:0.02M | Scene, ViewLayer | Synchronizing object | Raised standing seam.021
Fra:1 Mem:158.01M (Peak 158.01M) | Time:00:00.03 | Mem:0.02M, Peak:0.02M | Scene, ViewLayer | Synchronizing object | Upper loggia voussoir.001
Fra:1 Mem:158.01M (Peak 158.01M) | Time:00:00.03 | Mem:0.02M, Peak:0.02M | Scene, ViewLayer | Synchronizing object | Upper loggia voussoir.002
Fra:1 Mem:158.09M (Peak 158.09M) | Time:00:00.03 | Mem:0.02M, Peak:0.02M | Scene, ViewLayer | Synchronizing object | Raised standing seam.022
Fra:1 Mem:158.12M (Peak 158.12M) | Time:00:00.03 | Mem:0.02M, Peak:0.02M | Scene, ViewLayer | Synchronizing object | Upper loggia voussoir.005
Fra:1 Mem:158.13M (Peak 158.13M) | Time:00:00.03 | Mem:0.02M, Peak:0.02M | Scene, ViewLayer | Synchronizing object | Upper loggia voussoir.010
Fra:1 Mem:158.28M (Peak 158.28M) | Time:00:00.03 | Mem:0.02M, Peak:0.02M | Scene, ViewLayer | Synchronizing object | Upper loggia voussoir.012
Fra:1 Mem:158.29M (Peak 158.29M) | Time:00:00.03 | Mem:0.02M, Peak:0.02M | Scene, ViewLayer | Synchronizing object | Raised standing seam.023
Fra:1 Mem:158.33M (Peak 158.33M) | Time:00:00.03 | Mem:0.02M, Peak:0.02M | Scene, ViewLayer | Synchronizing object | Upper loggia voussoir.017
Fra:1 Mem:159.30M (Peak 159.30M) | Time:00:00.03 | Mem:0.02M, Peak:0.02M | Scene, ViewLayer | Synchronizing object | Upper loggia voussoir.018
Fra:1 Mem:159.30M (Peak 159.30M) | Time:00:00.03 | Mem:0.02M, Peak:0.02M | Scene, ViewLayer | Synchronizing object | Upper loggia voussoir.019
Fra:1 Mem:159.34M (Peak 159.34M) | Time:00:00.03 | Mem:0.02M, Peak:0.02M | Scene, ViewLayer | Synchronizing object | Upper loggia voussoir.020
Fra:1 Mem:160.16M (Peak 160.16M) | Time:00:00.03 | Mem:0.02M, Peak:0.02M | Scene, ViewLayer | Synchronizing object | Upper loggia voussoir.021
Fra:1 Mem:160.20M (Peak 160.20M) | Time:00:00.03 | Mem:0.02M, Peak:0.02M | Scene, ViewLayer | Synchronizing object | Upper loggia voussoir.022
Fra:1 Mem:160.42M (Peak 160.42M) | Time:00:00.03 | Mem:0.02M, Peak:0.02M | Scene, ViewLayer | Synchronizing object | Upper loggia voussoir.028
Fra:1 Mem:161.20M (Peak 161.20M) | Time:00:00.03 | Mem:0.02M, Peak:0.02M | Scene, ViewLayer | Synchronizing object | Upper loggia voussoir.029
Fra:1 Mem:161.22M (Peak 161.22M) | Time:00:00.03 | Mem:0.02M, Peak:0.02M | Scene, ViewLayer | Synchronizing object | Upper loggia voussoir.032
Fra:1 Mem:161.28M (Peak 161.28M) | Time:00:00.03 | Mem:0.02M, Peak:0.02M | Scene, ViewLayer | Synchronizing object | Upper loggia voussoir.035
Fra:1 Mem:160.39M (Peak 161.28M) | Time:00:00.03 | Mem:0.02M, Peak:0.02M | Scene, ViewLayer | Synchronizing object | Upper loggia voussoir.036
Fra:1 Mem:160.48M (Peak 161.28M) | Time:00:00.03 | Mem:0.02M, Peak:0.02M | Scene, ViewLayer | Synchronizing object | Upper loggia voussoir.037
Fra:1 Mem:160.51M (Peak 161.28M) | Time:00:00.03 | Mem:0.02M, Peak:0.02M | Scene, ViewLayer | Synchronizing object | Upper loggia voussoir.038
Fra:1 Mem:160.52M (Peak 161.28M) | Time:00:00.03 | Mem:0.02M, Peak:0.02M | Scene, ViewLayer | Synchronizing object | Upper loggia voussoir.039
Fra:1 Mem:160.62M (Peak 161.28M) | Time:00:00.03 | Mem:0.02M, Peak:0.02M | Scene, ViewLayer | Synchronizing object | Upper loggia voussoir.041
Fra:1 Mem:160.63M (Peak 161.28M) | Time:00:00.03 | Mem:0.02M, Peak:0.02M | Scene, ViewLayer | Synchronizing object | Upper loggia voussoir.042
Fra:1 Mem:160.60M (Peak 161.28M) | Time:00:00.03 | Mem:0.02M, Peak:0.02M | Scene, ViewLayer | Synchronizing object | Upper loggia voussoir.043
Fra:1 Mem:160.67M (Peak 161.28M) | Time:00:00.03 | Mem:0.02M, Peak:0.02M | Scene, ViewLayer | Synchronizing object | Upper loggia voussoir.044
Fra:1 Mem:160.69M (Peak 161.28M) | Time:00:00.03 | Mem:0.02M, Peak:0.02M | Scene, ViewLayer | Synchronizing object | Raised standing seam.025
Fra:1 Mem:160.87M (Peak 161.28M) | Time:00:00.03 | Mem:0.02M, Peak:0.02M | Scene, ViewLayer | Synchronizing object | Upper loggia voussoir.046
Fra:1 Mem:161.02M (Peak 161.28M) | Time:00:00.03 | Mem:0.02M, Peak:0.02M | Scene, ViewLayer | Synchronizing object | Upper loggia voussoir.047
Fra:1 Mem:161.24M (Peak 161.28M) | Time:00:00.03 | Mem:0.02M, Peak:0.02M | Scene, ViewLayer | Synchronizing object | Upper loggia voussoir.048
Fra:1 Mem:161.14M (Peak 161.28M) | Time:00:00.03 | Mem:0.02M, Peak:0.02M | Scene, ViewLayer | Synchronizing object | Upper loggia voussoir.049
Fra:1 Mem:160.93M (Peak 161.28M) | Time:00:00.03 | Mem:0.02M, Peak:0.02M | Scene, ViewLayer | Synchronizing object | Upper loggia voussoir.051
Fra:1 Mem:161.04M (Peak 161.28M) | Time:00:00.03 | Mem:0.02M, Peak:0.02M | Scene, ViewLayer | Synchronizing object | Upper loggia voussoir.053
Fra:1 Mem:161.11M (Peak 161.28M) | Time:00:00.03 | Mem:0.02M, Peak:0.02M | Scene, ViewLayer | Synchronizing object | Upper loggia voussoir.054
Fra:1 Mem:161.12M (Peak 161.28M) | Time:00:00.03 | Mem:0.02M, Peak:0.02M | Scene, ViewLayer | Synchronizing object | Upper loggia voussoir.056
Fra:1 Mem:161.16M (Peak 161.28M) | Time:00:00.03 | Mem:0.02M, Peak:0.02M | Scene, ViewLayer | Synchronizing object | Upper loggia voussoir.057
Fra:1 Mem:161.21M (Peak 161.28M) | Time:00:00.03 | Mem:0.02M, Peak:0.02M | Scene, ViewLayer | Synchronizing object | Upper loggia voussoir.058
Fra:1 Mem:161.22M (Peak 161.28M) | Time:00:00.03 | Mem:0.02M, Peak:0.02M | Scene, ViewLayer | Synchronizing object | Upper loggia voussoir.060
Fra:1 Mem:161.27M (Peak 161.28M) | Time:00:00.03 | Mem:0.02M, Peak:0.02M | Scene, ViewLayer | Synchronizing object | Upper loggia voussoir.061
Fra:1 Mem:161.29M (Peak 161.29M) | Time:00:00.03 | Mem:0.02M, Peak:0.02M | Scene, ViewLayer | Synchronizing object | Upper loggia voussoir.062
Fra:1 Mem:161.63M (Peak 161.63M) | Time:00:00.03 | Mem:0.02M, Peak:0.02M | Scene, ViewLayer | Synchronizing object | Upper loggia voussoir.063
Fra:1 Mem:161.45M (Peak 161.63M) | Time:00:00.03 | Mem:0.02M, Peak:0.02M | Scene, ViewLayer | Synchronizing object | Upper loggia voussoir.064
Fra:1 Mem:161.40M (Peak 161.63M) | Time:00:00.03 | Mem:0.02M, Peak:0.02M | Scene, ViewLayer | Synchronizing object | Upper loggia voussoir.065
Fra:1 Mem:161.51M (Peak 161.63M) | Time:00:00.03 | Mem:0.02M, Peak:0.02M | Scene, ViewLayer | Synchronizing object | Crown observatory arch
Fra:1 Mem:161.74M (Peak 161.74M) | Time:00:00.03 | Mem:0.02M, Peak:0.02M | Scene, ViewLayer | Synchronizing object | Crown observatory arch.001
Fra:1 Mem:161.74M (Peak 161.74M) | Time:00:00.03 | Mem:0.02M, Peak:0.02M | Scene, ViewLayer | Synchronizing object | Crown observatory arch.002
Fra:1 Mem:161.76M (Peak 161.76M) | Time:00:00.03 | Mem:0.02M, Peak:0.02M | Scene, ViewLayer | Synchronizing object | Stair vault
Fra:1 Mem:161.78M (Peak 161.78M) | Time:00:00.03 | Mem:0.02M, Peak:0.02M | Scene, ViewLayer | Synchronizing object | West chapel arch
Fra:1 Mem:162.30M (Peak 162.30M) | Time:00:00.03 | Mem:0.02M, Peak:0.02M | Scene, ViewLayer | Synchronizing object | West chapel arch.001
Fra:1 Mem:162.81M (Peak 162.81M) | Time:00:00.03 | Mem:0.02M, Peak:0.02M | Scene, ViewLayer | Synchronizing object | West chapel arch.003
Fra:1 Mem:163.16M (Peak 163.16M) | Time:00:00.03 | Mem:0.02M, Peak:0.02M | Scene, ViewLayer | Synchronizing object | West chapel copper dome
Fra:1 Mem:163.99M (Peak 163.99M) | Time:00:00.03 | Mem:0.02M, Peak:0.02M | Scene, ViewLayer | Synchronizing object | Raised standing seam.027
Fra:1 Mem:165.13M (Peak 165.13M) | Time:00:00.03 | Mem:0.02M, Peak:0.02M | Scene, ViewLayer | Synchronizing object | Raised standing seam.028
Fra:1 Mem:165.19M (Peak 165.19M) | Time:00:00.03 | Mem:0.02M, Peak:0.02M | Scene, ViewLayer | Synchronizing object | Raised standing seam.029
Fra:1 Mem:165.83M (Peak 165.83M) | Time:00:00.03 | Mem:0.02M, Peak:0.02M | Scene, ViewLayer | Synchronizing object | Raised standing seam.030
Fra:1 Mem:166.05M (Peak 166.05M) | Time:00:00.03 | Mem:0.02M, Peak:0.02M | Scene, ViewLayer | Synchronizing object | Raised standing seam.031
Fra:1 Mem:166.16M (Peak 166.16M) | Time:00:00.03 | Mem:0.02M, Peak:0.02M | Scene, ViewLayer | Synchronizing object | Dome rolled rim.002
Fra:1 Mem:166.43M (Peak 166.43M) | Time:00:00.03 | Mem:0.02M, Peak:0.02M | Scene, ViewLayer | Synchronizing object | Dome rolled rim.003
Fra:1 Mem:166.54M (Peak 166.54M) | Time:00:00.03 | Mem:0.02M, Peak:0.02M | Scene, ViewLayer | Synchronizing object | West chapel warm interior
Fra:1 Mem:166.54M (Peak 166.54M) | Time:00:00.03 | Mem:0.02M, Peak:0.02M | Scene, ViewLayer | Synchronizing object | West chapel bridge arch
Fra:1 Mem:166.57M (Peak 166.57M) | Time:00:00.03 | Mem:0.02M, Peak:0.02M | Scene, ViewLayer | Synchronizing object | West chapel bridge voussoir.001
Fra:1 Mem:166.57M (Peak 166.57M) | Time:00:00.03 | Mem:0.02M, Peak:0.02M | Scene, ViewLayer | Synchronizing object | West chapel bridge voussoir.003
Fra:1 Mem:166.62M (Peak 166.62M) | Time:00:00.03 | Mem:0.02M, Peak:0.02M | Scene, ViewLayer | Synchronizing object | West chapel bridge voussoir.005
Fra:1 Mem:166.82M (Peak 166.82M) | Time:00:00.03 | Mem:0.02M, Peak:0.02M | Scene, ViewLayer | Synchronizing object | West chapel bridge voussoir.012
Fra:1 Mem:166.82M (Peak 166.82M) | Time:00:00.03 | Mem:0.02M, Peak:0.02M | Scene, ViewLayer | Synchronizing object | West chapel bridge voussoir.015
Fra:1 Mem:166.87M (Peak 166.87M) | Time:00:00.03 | Mem:0.02M, Peak:0.02M | Scene, ViewLayer | Synchronizing object | West chapel bridge voussoir.016
Fra:1 Mem:166.87M (Peak 166.87M) | Time:00:00.03 | Mem:0.02M, Peak:0.02M | Scene, ViewLayer | Synchronizing object | Raised standing seam.032
Fra:1 Mem:166.94M (Peak 166.94M) | Time:00:00.03 | Mem:0.02M, Peak:0.02M | Scene, ViewLayer | Synchronizing object | East chapel arch
Fra:1 Mem:167.04M (Peak 167.04M) | Time:00:00.03 | Mem:0.02M, Peak:0.02M | Scene, ViewLayer | Synchronizing object | East chapel arch.001
Fra:1 Mem:167.06M (Peak 167.06M) | Time:00:00.03 | Mem:0.02M, Peak:0.02M | Scene, ViewLayer | Synchronizing object | Raised standing seam.033
Fra:1 Mem:167.05M (Peak 167.06M) | Time:00:00.03 | Mem:0.02M, Peak:0.02M | Scene, ViewLayer | Synchronizing object | East chapel copper dome
Fra:1 Mem:167.55M (Peak 167.55M) | Time:00:00.03 | Mem:0.02M, Peak:0.02M | Scene, ViewLayer | Synchronizing object | Raised standing seam.034
Fra:1 Mem:168.59M (Peak 168.59M) | Time:00:00.03 | Mem:0.02M, Peak:0.02M | Scene, ViewLayer | Synchronizing object | Raised standing seam.035
Fra:1 Mem:168.90M (Peak 168.90M) | Time:00:00.03 | Mem:0.02M, Peak:0.02M | Scene, ViewLayer | Synchronizing object | Raised standing seam.036
Fra:1 Mem:169.53M (Peak 169.53M) | Time:00:00.03 | Mem:0.02M, Peak:0.02M | Scene, ViewLayer | Synchronizing object | Raised standing seam.037
Fra:1 Mem:169.80M (Peak 169.80M) | Time:00:00.03 | Mem:0.02M, Peak:0.02M | Scene, ViewLayer | Synchronizing object | Raised standing seam.038
Fra:1 Mem:169.81M (Peak 169.81M) | Time:00:00.03 | Mem:0.02M, Peak:0.02M | Scene, ViewLayer | Synchronizing object | Raised standing seam.039
Fra:1 Mem:169.70M (Peak 169.81M) | Time:00:00.03 | Mem:0.02M, Peak:0.02M | Scene, ViewLayer | Synchronizing object | Raised standing seam.040
Fra:1 Mem:169.79M (Peak 169.81M) | Time:00:00.03 | Mem:0.02M, Peak:0.02M | Scene, ViewLayer | Synchronizing object | Raised standing seam.041
Fra:1 Mem:170.01M (Peak 170.01M) | Time:00:00.03 | Mem:0.02M, Peak:0.02M | Scene, ViewLayer | Synchronizing object | Raised standing seam.042
Fra:1 Mem:169.98M (Peak 170.01M) | Time:00:00.03 | Mem:0.02M, Peak:0.02M | Scene, ViewLayer | Synchronizing object | Raised standing seam.043
Fra:1 Mem:170.05M (Peak 170.05M) | Time:00:00.03 | Mem:0.02M, Peak:0.02M | Scene, ViewLayer | Synchronizing object | Raised standing seam.044
Fra:1 Mem:170.13M (Peak 170.13M) | Time:00:00.03 | Mem:0.02M, Peak:0.02M | Scene, ViewLayer | Synchronizing object | Raised standing seam.045
Fra:1 Mem:170.22M (Peak 170.22M) | Time:00:00.03 | Mem:0.02M, Peak:0.02M | Scene, ViewLayer | Synchronizing object | Raised standing seam.046
Fra:1 Mem:170.31M (Peak 170.31M) | Time:00:00.03 | Mem:0.02M, Peak:0.02M | Scene, ViewLayer | Synchronizing object | Raised standing seam.047
Fra:1 Mem:170.40M (Peak 170.40M) | Time:00:00.03 | Mem:0.02M, Peak:0.02M | Scene, ViewLayer | Synchronizing object | Dome rolled rim.004
Fra:1 Mem:170.51M (Peak 170.51M) | Time:00:00.03 | Mem:0.02M, Peak:0.02M | Scene, ViewLayer | Synchronizing object | Dome rolled rim.005
Fra:1 Mem:170.63M (Peak 170.63M) | Time:00:00.03 | Mem:0.02M, Peak:0.02M | Scene, ViewLayer | Synchronizing object | East chapel warm interior
Fra:1 Mem:170.63M (Peak 170.63M) | Time:00:00.03 | Mem:0.02M, Peak:0.02M | Scene, ViewLayer | Synchronizing object | Amber portal lamp
Fra:1 Mem:170.63M (Peak 170.63M) | Time:00:00.03 | Mem:0.02M, Peak:0.02M | Scene, ViewLayer | Synchronizing object | potted_plant_01_leaves.001
Fra:1 Mem:170.63M (Peak 170.63M) | Time:00:00.03 | Mem:0.02M, Peak:0.02M | Scene, ViewLayer | Synchronizing object | potted_plant_01_pebbles.001
Fra:1 Mem:170.81M (Peak 170.81M) | Time:00:00.03 | Mem:0.02M, Peak:0.02M | Scene, ViewLayer | Synchronizing object | Crescent moon sculpture
Fra:1 Mem:191.64M (Peak 194.08M) | Time:00:00.03 | Mem:0.02M, Peak:0.02M | Scene, ViewLayer | Initializing
Fra:1 Mem:164.62M (Peak 194.08M) | Time:00:00.03 | Mem:0.02M, Peak:0.02M | Scene, ViewLayer | Updating Images | Loading potted_plant_01_leaves_nor_gl.png
Fra:1 Mem:164.62M (Peak 194.08M) | Time:00:00.03 | Mem:0.02M, Peak:0.02M | Scene, ViewLayer | Updating Images | Loading concrete_floor_02_disp_2k.jpg
Fra:1 Mem:164.62M (Peak 194.08M) | Time:00:00.03 | Mem:0.02M, Peak:0.02M | Scene, ViewLayer | Updating Images | Loading plastered_wall_02_diff_2k.jpg
Fra:1 Mem:196.62M (Peak 196.62M) | Time:00:00.03 | Mem:0.02M, Peak:0.02M | Scene, ViewLayer | Updating Images | Loading potted_plant_01_pot_diff
Fra:1 Mem:386.57M (Peak 532.72M) | Time:00:00.08 | Mem:240.02M, Peak:240.02M | Scene, ViewLayer | Waiting for render to start
Fra:1 Mem:386.57M (Peak 532.72M) | Time:00:00.08 | Mem:240.02M, Peak:240.02M | Scene, ViewLayer | Updating Scene
Fra:1 Mem:386.57M (Peak 532.72M) | Time:00:00.08 | Mem:240.02M, Peak:240.02M | Scene, ViewLayer | Updating Shaders
Fra:1 Mem:386.67M (Peak 532.72M) | Time:00:00.08 | Mem:240.02M, Peak:240.02M | Scene, ViewLayer | Loading render kernels (may take a few minutes the first time)
Fra:1 Mem:386.65M (Peak 532.72M) | Time:00:00.12 | Mem:240.06M, Peak:240.06M | Scene, ViewLayer | Updating Procedurals
Fra:1 Mem:386.65M (Peak 532.72M) | Time:00:00.12 | Mem:240.06M, Peak:240.06M | Scene, ViewLayer | Updating Background
Fra:1 Mem:386.65M (Peak 532.72M) | Time:00:00.12 | Mem:240.06M, Peak:240.06M | Scene, ViewLayer | Updating Camera
Fra:1 Mem:386.65M (Peak 532.72M) | Time:00:00.12 | Mem:240.06M, Peak:240.06M | Scene, ViewLayer | Updating Meshes Flags
Fra:1 Mem:386.65M (Peak 532.72M) | Time:00:00.12 | Mem:240.06M, Peak:240.06M | Scene, ViewLayer | Updating Objects
Fra:1 Mem:386.65M (Peak 532.72M) | Time:00:00.12 | Mem:240.06M, Peak:240.06M | Scene, ViewLayer | Updating Objects | Copying Transformations to device
Fra:1 Mem:386.65M (Peak 532.72M) | Time:00:00.12 | Mem:240.21M, Peak:240.21M | Scene, ViewLayer | Updating Particle Systems
Fra:1 Mem:386.65M (Peak 532.72M) | Time:00:00.12 | Mem:240.21M, Peak:240.21M | Scene, ViewLayer | Updating Particle Systems | Copying Particles to device
Fra:1 Mem:386.65M (Peak 532.72M) | Time:00:00.12 | Mem:240.21M, Peak:240.21M | Scene, ViewLayer | Updating Meshes
Fra:1 Mem:396.74M (Peak 532.72M) | Time:00:00.16 | Mem:240.21M, Peak:240.21M | Scene, ViewLayer | Updating Objects | Applying Static Transformations
Fra:1 Mem:396.74M (Peak 532.72M) | Time:00:00.16 | Mem:240.21M, Peak:240.21M | Scene, ViewLayer | Updating Mesh | Computing attributes
Fra:1 Mem:414.66M (Peak 532.72M) | Time:00:00.16 | Mem:240.26M, Peak:240.26M | Scene, ViewLayer | Updating Mesh | Copying Attributes to device
Fra:1 Mem:396.74M (Peak 532.72M) | Time:00:00.21 | Mem:258.13M, Peak:258.13M | Scene, ViewLayer | Updating Geometry BVH Cube.002 3/305 | Building BVH
Fra:1 Mem:396.74M (Peak 532.72M) | Time:00:00.21 | Mem:258.13M, Peak:258.13M | Scene, ViewLayer | Updating Geometry BVH Cube.007 8/417 | Building BVH
Fra:1 Mem:396.74M (Peak 532.72M) | Time:00:00.21 | Mem:258.13M, Peak:258.13M | Scene, ViewLayer | Updating Geometry BVH Cube.010 11/417 | Building BVH
Fra:1 Mem:396.74M (Peak 532.72M) | Time:00:00.21 | Mem:258.13M, Peak:258.13M | Scene, ViewLayer | Updating Geometry BVH Cube.012 13/477 | Building BVH
Fra:1 Mem:396.74M (Peak 532.72M) | Time:00:00.21 | Mem:258.13M, Peak:258.13M | Scene, ViewLayer | Updating Geometry BVH Cube.017 18/674 | Building BVH
Fra:1 Mem:396.74M (Peak 532.72M) | Time:00:00.21 | Mem:258.13M, Peak:258.13M | Scene, ViewLayer | Updating Geometry BVH Cube.017 18/674 | Building mesh BLAS |     188 tris | Cube.006
Fra:1 Mem:396.74M (Peak 532.72M) | Time:00:00.21 | Mem:258.13M, Peak:258.13M | Scene, ViewLayer | Updating Geometry BVH Cube.017 18/674 | Building mesh BLAS |     188 tris | Cube.009
Fra:1 Mem:396.74M (Peak 532.72M) | Time:00:00.21 | Mem:258.13M, Peak:258.13M | Scene, ViewLayer | Updating Geometry BVH Cube.017 18/674 | Building mesh BLAS |     188 tris | Cube.002
Fra:1 Mem:396.74M (Peak 532.72M) | Time:00:00.21 | Mem:258.13M, Peak:258.13M | Scene, ViewLayer | Updating Geometry BVH Cube.017 18/674 | Building mesh BLAS |     188 tris | Cube.003
Fra:1 Mem:396.74M (Peak 532.72M) | Time:00:00.21 | Mem:258.13M, Peak:258.13M | Scene, ViewLayer | Updating Geometry BVH Cube.017 18/674 | Building mesh BLAS |     188 tris | Cube.011
Fra:1 Mem:396.74M (Peak 532.72M) | Time:00:00.21 | Mem:258.13M, Peak:258.13M | Scene, ViewLayer | Updating Geometry BVH Cube.017 18/674 | Building mesh BLAS |     188 tris | Cube.013
Fra:1 Mem:396.74M (Peak 532.72M) | Time:00:00.21 | Mem:258.13M, Peak:258.13M | Scene, ViewLayer | Updating Geometry BVH Cube.017 18/674 | Building mesh BLAS |     188 tris | Cube.015
Fra:1 Mem:396.74M (Peak 532.72M) | Time:00:00.21 | Mem:258.13M, Peak:258.13M | Scene, ViewLayer | Updating Geometry BVH Cube.017 18/674 | Building mesh BLAS |     188 tris | Cube.016
Fra:1 Mem:396.74M (Peak 532.72M) | Time:00:00.21 | Mem:258.13M, Peak:258.13M | Scene, ViewLayer | Updating Geometry BVH Cube.017 18/674 | Building mesh BLAS |     188 tris | Cube.008
Fra:1 Mem:396.74M (Peak 532.72M) | Time:00:00.21 | Mem:258.13M, Peak:258.13M | Scene, ViewLayer | Updating Geometry BVH Cube.017 18/674 | Building mesh BLAS |     188 tris | Cube.005
Fra:1 Mem:396.74M (Peak 532.72M) | Time:00:00.21 | Mem:258.13M, Peak:258.13M | Scene, ViewLayer | Updating Geometry BVH Cube.017 18/674 | Building mesh BLAS |     188 tris | Cube.004
Fra:1 Mem:396.74M (Peak 532.72M) | Time:00:00.21 | Mem:258.13M, Peak:258.13M | Scene, ViewLayer | Updating Geometry BVH Cube.017 18/674 | Building mesh BLAS |     188 tris | Cube.012
Fra:1 Mem:396.74M (Peak 532.72M) | Time:00:00.21 | Mem:258.13M, Peak:258.13M | Scene, ViewLayer | Updating Geometry BVH Crescent moon sculpture 674/674 | Building BVH
Fra:1 Mem:396.74M (Peak 532.72M) | Time:00:00.21 | Mem:258.13M, Peak:258.13M | Scene, ViewLayer | Updating Geometry BVH Crescent moon sculpture 674/674 | Building mesh BLAS |    1028 tris | Crescent moon sculpture
Fra:1 Mem:396.74M (Peak 532.72M) | Time:00:00.21 | Mem:258.13M, Peak:258.13M | Scene, ViewLayer | Updating Geometry BVH Crescent moon sculpture 674/674 | Building mesh BLAS |     188 tris | Cube.014
Fra:1 Mem:396.74M (Peak 532.72M) | Time:00:00.21 | Mem:258.13M, Peak:258.13M | Scene, ViewLayer | Updating Geometry BVH Cube.018 19/674 | Building BVH
Fra:1 Mem:396.74M (Peak 532.72M) | Time:00:00.21 | Mem:258.13M, Peak:258.13M | Scene, ViewLayer | Updating Geometry BVH Cube.019 20/674 | Building BVH
Fra:1 Mem:396.74M (Peak 532.72M) | Time:00:00.21 | Mem:258.13M, Peak:258.13M | Scene, ViewLayer | Updating Geometry BVH Cube.021 22/674 | Building mesh BLAS |     188 tris | Cube.018
Fra:1 Mem:396.74M (Peak 532.72M) | Time:00:00.21 | Mem:258.13M, Peak:258.13M | Scene, ViewLayer | Updating Geometry BVH Cube.023 24/674 | Building mesh BLAS |     188 tris | Cube.019
Fra:1 Mem:396.74M (Peak 532.72M) | Time:00:00.21 | Mem:258.13M, Peak:258.13M | Scene, ViewLayer | Updating Geometry BVH Cube.027 28/674 | Building BVH
Fra:1 Mem:396.74M (Peak 532.72M) | Time:00:00.21 | Mem:258.13M, Peak:258.13M | Scene, ViewLayer | Updating Geometry BVH Cube.029 30/674 | Building BVH
Fra:1 Mem:396.74M (Peak 532.72M) | Time:00:00.21 | Mem:258.13M, Peak:258.13M | Scene, ViewLayer | Updating Geometry BVH Cube.030 31/674 | Building mesh BLAS |     188 tris | Cube.027
Fra:1 Mem:396.74M (Peak 532.72M) | Time:00:00.21 | Mem:258.13M, Peak:258.13M | Scene, ViewLayer | Updating Geometry BVH Cube.030 31/674 | Building mesh BLAS |     188 tris | Cube.029
Fra:1 Mem:396.74M (Peak 532.72M) | Time:00:00.21 | Mem:258.13M, Peak:258.13M | Scene, ViewLayer | Updating Geometry BVH Cube.031 32/674 | Building BVH
Fra:1 Mem:396.74M (Peak 532.72M) | Time:00:00.21 | Mem:258.13M, Peak:258.13M | Scene, ViewLayer | Updating Geometry BVH Cube.032 33/674 | Building BVH
Fra:1 Mem:396.74M (Peak 532.72M) | Time:00:00.21 | Mem:258.13M, Peak:258.13M | Scene, ViewLayer | Updating Geometry BVH Cube.034 35/674 | Building BVH
Fra:1 Mem:396.74M (Peak 532.72M) | Time:00:00.21 | Mem:258.13M, Peak:258.13M | Scene, ViewLayer | Updating Geometry BVH Cube.034 35/674 | Building mesh BLAS |     188 tris | Cube.031
Fra:1 Mem:396.74M (Peak 532.72M) | Time:00:00.21 | Mem:258.13M, Peak:258.13M | Scene, ViewLayer | Updating Geometry BVH Cube.034 35/674 | Building mesh BLAS |     188 tris | Cube.032
Fra:1 Mem:396.74M (Peak 532.72M) | Time:00:00.21 | Mem:258.13M, Peak:258.13M | Scene, ViewLayer | Updating Geometry BVH Soft warm horizon 672/674 | Building BVH
Fra:1 Mem:396.74M (Peak 532.72M) | Time:00:00.21 | Mem:258.13M, Peak:258.13M | Scene, ViewLayer | Updating Geometry BVH Cool moon key 671/674 | Building BVH
Fra:1 Mem:396.74M (Peak 532.72M) | Time:00:00.21 | Mem:258.13M, Peak:258.13M | Scene, ViewLayer | Updating Geometry BVH Cool moon key 671/674 | Building mesh BLAS |     188 tris | Cube.026
Fra:1 Mem:396.74M (Peak 532.72M) | Time:00:00.21 | Mem:258.13M, Peak:258.13M | Scene, ViewLayer | Updating Geometry BVH Cube.036 37/674 | Building BVH
Fra:1 Mem:396.74M (Peak 532.72M) | Time:00:00.21 | Mem:258.13M, Peak:258.13M | Scene, ViewLayer | Updating Geometry BVH Cube.036 37/674 | Building mesh BLAS |     188 tris | Cube.030
Fra:1 Mem:396.74M (Peak 532.72M) | Time:00:00.21 | Mem:258.13M, Peak:258.13M | Scene, ViewLayer | Updating Geometry BVH Cube.037 38/674 | Building BVH
Fra:1 Mem:396.74M (Peak 532.72M) | Time:00:00.21 | Mem:258.13M, Peak:258.13M | Scene, ViewLayer | Updating Geometry BVH Cube.037 38/674 | Building mesh BLAS |     188 tris | Cube.021
Fra:1 Mem:396.74M (Peak 532.72M) | Time:00:00.21 | Mem:258.13M, Peak:258.13M | Scene, ViewLayer | Updating Geometry BVH Cube.037 38/674 | Building mesh BLAS |     188 tris | Cube.025
Fra:1 Mem:396.74M (Peak 532.72M) | Time:00:00.21 | Mem:258.13M, Peak:258.13M | Scene, ViewLayer | Updating Geometry BVH Cube.037 38/674 | Building mesh BLAS |     188 tris | Cube.028
Fra:1 Mem:396.74M (Peak 532.72M) | Time:00:00.21 | Mem:258.13M, Peak:258.13M | Scene, ViewLayer | Updating Geometry BVH Cube.037 38/674 | Building mesh BLAS |     188 tris | Cube.020
Fra:1 Mem:396.74M (Peak 532.72M) | Time:00:00.21 | Mem:258.13M, Peak:258.13M | Scene, ViewLayer | Updating Geometry BVH Cube.038 39/674 | Building BVH
Fra:1 Mem:396.74M (Peak 532.72M) | Time:00:00.21 | Mem:258.13M, Peak:258.13M | Scene, ViewLayer | Updating Geometry BVH Cube.038 39/674 | Building mesh BLAS |     188 tris | Cube.035
Fra:1 Mem:396.74M (Peak 532.72M) | Time:00:00.21 | Mem:258.13M, Peak:258.13M | Scene, ViewLayer | Updating Geometry BVH Cube.038 39/674 | Building mesh BLAS |     188 tris | Cube.036
Fra:1 Mem:396.74M (Peak 532.72M) | Time:00:00.21 | Mem:258.13M, Peak:258.13M | Scene, ViewLayer | Updating Geometry BVH Cube.038 39/674 | Building mesh BLAS |     188 tris | Cube.034
Fra:1 Mem:396.74M (Peak 532.72M) | Time:00:00.21 | Mem:258.13M, Peak:258.13M | Scene, ViewLayer | Updating Geometry BVH Cube.038 39/674 | Building mesh BLAS |     188 tris | Cube.037
Fra:1 Mem:396.74M (Peak 532.72M) | Time:00:00.21 | Mem:258.13M, Peak:258.13M | Scene, ViewLayer | Updating Geometry BVH Cube.038 39/674 | Building mesh BLAS |     188 tris | Cube.038
Fra:1 Mem:396.74M (Peak 532.72M) | Time:00:00.21 | Mem:258.13M, Peak:258.13M | Scene, ViewLayer | Updating Geometry BVH Cube.039 40/674 | Building BVH
Fra:1 Mem:396.74M (Peak 532.72M) | Time:00:00.21 | Mem:258.13M, Peak:258.13M | Scene, ViewLayer | Updating Geometry BVH Cube.039 40/674 | Building mesh BLAS |    5440 tris | Circle.002
Fra:1 Mem:396.74M (Peak 532.72M) | Time:00:00.21 | Mem:258.13M, Peak:258.13M | Scene, ViewLayer | Updating Geometry BVH Cube.039 40/674 | Building mesh BLAS |     188 tris | Cube.039
Fra:1 Mem:396.74M (Peak 532.72M) | Time:00:00.21 | Mem:258.13M, Peak:258.13M | Scene, ViewLayer | Updating Geometry BVH Cube.040 41/674 | Building BVH
Fra:1 Mem:396.74M (Peak 532.72M) | Time:00:00.21 | Mem:258.13M, Peak:258.13M | Scene, ViewLayer | Updating Geometry BVH Cube.041 42/674 | Building BVH
Fra:1 Mem:396.74M (Peak 532.72M) | Time:00:00.21 | Mem:258.13M, Peak:258.13M | Scene, ViewLayer | Updating Geometry BVH Cube.041 42/674 | Building mesh BLAS |     188 tris | Cube.040
Fra:1 Mem:396.74M (Peak 532.72M) | Time:00:00.21 | Mem:258.13M, Peak:258.13M | Scene, ViewLayer | Updating Geometry BVH Cube.042 43/674 | Building BVH
Fra:1 Mem:396.74M (Peak 532.72M) | Time:00:00.21 | Mem:258.13M, Peak:258.13M | Scene, ViewLayer | Updating Geometry BVH Cube.043 44/674 | Building BVH
Fra:1 Mem:396.74M (Peak 532.72M) | Time:00:00.21 | Mem:258.13M, Peak:258.13M | Scene, ViewLayer | Updating Geometry BVH Cube.043 44/674 | Building mesh BLAS |     188 tris | Cube.042
Fra:1 Mem:396.74M (Peak 532.72M) | Time:00:00.21 | Mem:258.13M, Peak:258.13M | Scene, ViewLayer | Updating Geometry BVH Cube.043 44/674 | Building mesh BLAS |     188 tris | Cube.043
Fra:1 Mem:396.74M (Peak 532.72M) | Time:00:00.21 | Mem:258.13M, Peak:258.13M | Scene, ViewLayer | Updating Geometry BVH Cube.044 45/674 | Building BVH
Fra:1 Mem:396.74M (Peak 532.72M) | Time:00:00.21 | Mem:258.13M, Peak:258.13M | Scene, ViewLayer | Updating Geometry BVH Cube.045 46/674 | Building BVH
Fra:1 Mem:396.74M (Peak 532.72M) | Time:00:00.21 | Mem:258.13M, Peak:258.13M | Scene, ViewLayer | Updating Geometry BVH Cube.045 46/674 | Building mesh BLAS |     188 tris | Cube.044
Fra:1 Mem:396.74M (Peak 532.72M) | Time:00:00.21 | Mem:258.13M, Peak:258.13M | Scene, ViewLayer | Updating Geometry BVH Cube.045 46/674 | Building mesh BLAS |     188 tris | Cube.045
Fra:1 Mem:396.74M (Peak 532.72M) | Time:00:00.21 | Mem:258.13M, Peak:258.13M | Scene, ViewLayer | Updating Geometry BVH Cube.046 47/674 | Building BVH
Fra:1 Mem:396.74M (Peak 532.72M) | Time:00:00.21 | Mem:258.13M, Peak:258.13M | Scene, ViewLayer | Updating Geometry BVH Cube.046 47/674 | Building mesh BLAS |     188 tris | Cube.046
Fra:1 Mem:396.74M (Peak 532.72M) | Time:00:00.21 | Mem:258.13M, Peak:258.13M | Scene, ViewLayer | Updating Geometry BVH Cube.047 48/674 | Building BVH
Fra:1 Mem:396.74M (Peak 532.72M) | Time:00:00.21 | Mem:258.13M, Peak:258.13M | Scene, ViewLayer | Updating Geometry BVH Cube.047 48/674 | Building mesh BLAS |     188 tris | Cube.047
Fra:1 Mem:396.74M (Peak 532.72M) | Time:00:00.21 | Mem:258.13M, Peak:258.13M | Scene, ViewLayer | Updating Geometry BVH Cube.048 49/674 | Building BVH
Fra:1 Mem:396.74M (Peak 532.72M) | Time:00:00.21 | Mem:258.13M, Peak:258.13M | Scene, ViewLayer | Updating Geometry BVH Cube.049 50/674 | Building BVH
Fra:1 Mem:396.74M (Peak 532.72M) | Time:00:00.21 | Mem:258.13M, Peak:258.13M | Scene, ViewLayer | Updating Geometry BVH Cube.049 50/674 | Building mesh BLAS |     188 tris | Cube.048
Fra:1 Mem:396.74M (Peak 532.72M) | Time:00:00.21 | Mem:258.13M, Peak:258.13M | Scene, ViewLayer | Updating Geometry BVH Cube.050 51/674 | Building BVH
Fra:1 Mem:396.74M (Peak 532.72M) | Time:00:00.21 | Mem:258.13M, Peak:258.13M | Scene, ViewLayer | Updating Geometry BVH Cube.051 52/674 | Building BVH
Fra:1 Mem:396.74M (Peak 532.72M) | Time:00:00.21 | Mem:258.13M, Peak:258.13M | Scene, ViewLayer | Updating Geometry BVH Cube.051 52/674 | Building mesh BLAS |     188 tris | Cube.050
Fra:1 Mem:396.74M (Peak 532.72M) | Time:00:00.21 | Mem:258.13M, Peak:258.13M | Scene, ViewLayer | Updating Geometry BVH Cube.051 52/674 | Building mesh BLAS |     188 tris | Cube.051
Fra:1 Mem:396.74M (Peak 532.72M) | Time:00:00.21 | Mem:258.13M, Peak:258.13M | Scene, ViewLayer | Updating Geometry BVH Cube.052 53/674 | Building BVH
Fra:1 Mem:396.74M (Peak 532.72M) | Time:00:00.21 | Mem:258.13M, Peak:258.13M | Scene, ViewLayer | Updating Geometry BVH Cube.052 53/674 | Building mesh BLAS |     188 tris | Cube.052
Fra:1 Mem:396.74M (Peak 532.72M) | Time:00:00.21 | Mem:258.13M, Peak:258.13M | Scene, ViewLayer | Updating Geometry BVH Cube.053 54/674 | Building BVH
Fra:1 Mem:396.74M (Peak 532.72M) | Time:00:00.21 | Mem:258.13M, Peak:258.13M | Scene, ViewLayer | Updating Geometry BVH Cube.054 55/674 | Building BVH
Fra:1 Mem:396.74M (Peak 532.72M) | Time:00:00.21 | Mem:258.13M, Peak:258.13M | Scene, ViewLayer | Updating Geometry BVH Cube.054 55/674 | Building mesh BLAS |     188 tris | Cube.053
Fra:1 Mem:396.74M (Peak 532.72M) | Time:00:00.21 | Mem:258.13M, Peak:258.13M | Scene, ViewLayer | Updating Geometry BVH Cube.054 55/674 | Building mesh BLAS |     188 tris | Cube.054
Fra:1 Mem:396.74M (Peak 532.72M) | Time:00:00.21 | Mem:258.13M, Peak:258.13M | Scene, ViewLayer | Updating Geometry BVH Cube.055 56/674 | Building BVH
Fra:1 Mem:396.74M (Peak 532.72M) | Time:00:00.21 | Mem:258.13M, Peak:258.13M | Scene, ViewLayer | Updating Geometry BVH Cube.056 57/674 | Building BVH
Fra:1 Mem:396.74M (Peak 532.72M) | Time:00:00.21 | Mem:258.13M, Peak:258.13M | Scene, ViewLayer | Updating Geometry BVH Cube.056 57/674 | Building mesh BLAS |     188 tris | Cube.055
Fra:1 Mem:396.74M (Peak 532.72M) | Time:00:00.21 | Mem:258.13M, Peak:258.13M | Scene, ViewLayer | Updating Geometry BVH Cube.056 57/674 | Building mesh BLAS |     188 tris | Cube.056
Fra:1 Mem:396.74M (Peak 532.72M) | Time:00:00.21 | Mem:258.13M, Peak:258.13M | Scene, ViewLayer | Updating Geometry BVH Cube.057 58/674 | Building BVH
Fra:1 Mem:396.74M (Peak 532.72M) | Time:00:00.21 | Mem:258.13M, Peak:258.13M | Scene, ViewLayer | Updating Geometry BVH Cube.057 58/674 | Building mesh BLAS |     188 tris | Cube.057
Fra:1 Mem:396.74M (Peak 532.72M) | Time:00:00.21 | Mem:258.13M, Peak:258.13M | Scene, ViewLayer | Updating Geometry BVH Cube.058 59/674 | Building BVH
Fra:1 Mem:396.74M (Peak 532.72M) | Time:00:00.21 | Mem:258.13M, Peak:258.13M | Scene, ViewLayer | Updating Geometry BVH Cube.058 59/674 | Building mesh BLAS |     188 tris | Cube.058
Fra:1 Mem:396.74M (Peak 532.72M) | Time:00:00.21 | Mem:258.13M, Peak:258.13M | Scene, ViewLayer | Updating Geometry BVH Cube.059 60/674 | Building BVH
Fra:1 Mem:396.74M (Peak 532.72M) | Time:00:00.21 | Mem:258.13M, Peak:258.13M | Scene, ViewLayer | Updating Geometry BVH Cube.059 60/674 | Building mesh BLAS |     188 tris | Cube.059
Fra:1 Mem:396.74M (Peak 532.72M) | Time:00:00.21 | Mem:258.13M, Peak:258.13M | Scene, ViewLayer | Updating Geometry BVH Cube.060 61/674 | Building BVH
Fra:1 Mem:396.74M (Peak 532.72M) | Time:00:00.21 | Mem:258.13M, Peak:258.13M | Scene, ViewLayer | Updating Geometry BVH Cube.061 62/674 | Building BVH
Fra:1 Mem:396.74M (Peak 532.72M) | Time:00:00.21 | Mem:258.13M, Peak:258.13M | Scene, ViewLayer | Updating Geometry BVH Cube.061 62/674 | Building mesh BLAS |     188 tris | Cube.060
Fra:1 Mem:396.74M (Peak 532.72M) | Time:00:00.21 | Mem:258.13M, Peak:258.13M | Scene, ViewLayer | Updating Geometry BVH Cube.062 63/674 | Building BVH
Fra:1 Mem:396.74M (Peak 532.72M) | Time:00:00.21 | Mem:258.13M, Peak:258.13M | Scene, ViewLayer | Updating Geometry BVH Cube.062 63/674 | Building mesh BLAS |     188 tris | Cube.062
Fra:1 Mem:396.74M (Peak 532.72M) | Time:00:00.21 | Mem:258.13M, Peak:258.13M | Scene, ViewLayer | Updating Geometry BVH Cube.063 64/674 | Building BVH
Fra:1 Mem:396.74M (Peak 532.72M) | Time:00:00.21 | Mem:258.13M, Peak:258.13M | Scene, ViewLayer | Updating Geometry BVH Cube.063 64/674 | Building mesh BLAS |     188 tris | Cube.063
Fra:1 Mem:396.74M (Peak 532.72M) | Time:00:00.21 | Mem:258.13M, Peak:258.13M | Scene, ViewLayer | Updating Geometry BVH Cube.064 65/674 | Building BVH
Fra:1 Mem:396.74M (Peak 532.72M) | Time:00:00.21 | Mem:258.13M, Peak:258.13M | Scene, ViewLayer | Updating Geometry BVH Cube.065 66/674 | Building BVH
Fra:1 Mem:396.74M (Peak 532.72M) | Time:00:00.21 | Mem:258.13M, Peak:258.13M | Scene, ViewLayer | Updating Geometry BVH Cube.065 66/674 | Building mesh BLAS |     188 tris | Cube.064
Fra:1 Mem:396.74M (Peak 532.72M) | Time:00:00.21 | Mem:258.13M, Peak:258.13M | Scene, ViewLayer | Updating Geometry BVH Cube.065 66/674 | Building mesh BLAS |     188 tris | Cube.065
Fra:1 Mem:396.74M (Peak 532.72M) | Time:00:00.21 | Mem:258.13M, Peak:258.13M | Scene, ViewLayer | Updating Geometry BVH Cube.066 67/674 | Building BVH
Fra:1 Mem:396.74M (Peak 532.72M) | Time:00:00.21 | Mem:258.13M, Peak:258.13M | Scene, ViewLayer | Updating Geometry BVH Cube.066 67/674 | Building mesh BLAS |     188 tris | Cube.066
Fra:1 Mem:396.74M (Peak 532.72M) | Time:00:00.21 | Mem:258.13M, Peak:258.13M | Scene, ViewLayer | Updating Geometry BVH Cube.067 68/674 | Building BVH
Fra:1 Mem:396.74M (Peak 532.72M) | Time:00:00.21 | Mem:258.13M, Peak:258.13M | Scene, ViewLayer | Updating Geometry BVH Cube.067 68/674 | Building mesh BLAS |     188 tris | Cube.067
Fra:1 Mem:396.74M (Peak 532.72M) | Time:00:00.21 | Mem:258.13M, Peak:258.13M | Scene, ViewLayer | Updating Geometry BVH Cube.068 69/674 | Building BVH
Fra:1 Mem:396.74M (Peak 532.72M) | Time:00:00.21 | Mem:258.13M, Peak:258.13M | Scene, ViewLayer | Updating Geometry BVH Cube.068 69/674 | Building mesh BLAS |     188 tris | Cube.068
Fra:1 Mem:396.74M (Peak 532.72M) | Time:00:00.21 | Mem:258.13M, Peak:258.13M | Scene, ViewLayer | Updating Geometry BVH Cube.069 70/674 | Building BVH
Fra:1 Mem:396.74M (Peak 532.72M) | Time:00:00.21 | Mem:258.13M, Peak:258.13M | Scene, ViewLayer | Updating Geometry BVH Cube.070 71/674 | Building BVH
Fra:1 Mem:396.74M (Peak 532.72M) | Time:00:00.21 | Mem:258.13M, Peak:258.13M | Scene, ViewLayer | Updating Geometry BVH Cube.070 71/674 | Building mesh BLAS |     188 tris | Cube.069
Fra:1 Mem:396.74M (Peak 532.72M) | Time:00:00.21 | Mem:258.13M, Peak:258.13M | Scene, ViewLayer | Updating Geometry BVH Cube.070 71/674 | Building mesh BLAS |     188 tris | Cube.070
Fra:1 Mem:396.74M (Peak 532.72M) | Time:00:00.21 | Mem:258.13M, Peak:258.13M | Scene, ViewLayer | Updating Geometry BVH Cube.071 72/674 | Building BVH
Fra:1 Mem:396.74M (Peak 532.72M) | Time:00:00.21 | Mem:258.13M, Peak:258.13M | Scene, ViewLayer | Updating Geometry BVH Cube.072 73/674 | Building BVH
Fra:1 Mem:396.74M (Peak 532.72M) | Time:00:00.21 | Mem:258.13M, Peak:258.13M | Scene, ViewLayer | Updating Geometry BVH Cube.072 73/674 | Building mesh BLAS |     188 tris | Cube.071
Fra:1 Mem:396.74M (Peak 532.72M) | Time:00:00.21 | Mem:258.13M, Peak:258.13M | Scene, ViewLayer | Updating Geometry BVH Cube.072 73/674 | Building mesh BLAS |     188 tris | Cube.072
Fra:1 Mem:396.74M (Peak 532.72M) | Time:00:00.21 | Mem:258.13M, Peak:258.13M | Scene, ViewLayer | Updating Geometry BVH Cube.073 74/674 | Building BVH
Fra:1 Mem:396.74M (Peak 532.72M) | Time:00:00.21 | Mem:258.13M, Peak:258.13M | Scene, ViewLayer | Updating Geometry BVH Cube.073 74/674 | Building mesh BLAS |     188 tris | Cube.073
Fra:1 Mem:396.74M (Peak 532.72M) | Time:00:00.21 | Mem:258.13M, Peak:258.13M | Scene, ViewLayer | Updating Geometry BVH Cube.074 75/674 | Building BVH
Fra:1 Mem:396.74M (Peak 532.72M) | Time:00:00.21 | Mem:258.13M, Peak:258.13M | Scene, ViewLayer | Updating Geometry BVH Cube.074 75/674 | Building mesh BLAS |     188 tris | Cube.074
Fra:1 Mem:396.74M (Peak 532.72M) | Time:00:00.21 | Mem:258.13M, Peak:258.13M | Scene, ViewLayer | Updating Geometry BVH Cube.075 76/674 | Building BVH
Fra:1 Mem:396.74M (Peak 532.72M) | Time:00:00.21 | Mem:258.13M, Peak:258.13M | Scene, ViewLayer | Updating Geometry BVH Cube.076 77/674 | Building BVH
Fra:1 Mem:396.74M (Peak 532.72M) | Time:00:00.21 | Mem:258.13M, Peak:258.13M | Scene, ViewLayer | Updating Geometry BVH Cube.076 77/674 | Building mesh BLAS |     188 tris | Cube.075
Fra:1 Mem:396.74M (Peak 532.72M) | Time:00:00.21 | Mem:258.13M, Peak:258.13M | Scene, ViewLayer | Updating Geometry BVH Cube.077 78/674 | Building mesh BLAS |     188 tris | Cube.076
Fra:1 Mem:396.74M (Peak 532.72M) | Time:00:00.21 | Mem:258.13M, Peak:258.13M | Scene, ViewLayer | Updating Geometry BVH Cube.078 79/674 | Building BVH
Fra:1 Mem:396.74M (Peak 532.72M) | Time:00:00.21 | Mem:258.13M, Peak:258.13M | Scene, ViewLayer | Updating Geometry BVH Cube.079 80/674 | Building BVH
Fra:1 Mem:396.74M (Peak 532.72M) | Time:00:00.21 | Mem:258.13M, Peak:258.13M | Scene, ViewLayer | Updating Geometry BVH Cube.079 80/674 | Building mesh BLAS |     188 tris | Cube.079
Fra:1 Mem:396.74M (Peak 532.72M) | Time:00:00.21 | Mem:258.13M, Peak:258.13M | Scene, ViewLayer | Updating Geometry BVH Cube.079 80/674 | Building mesh BLAS |     188 tris | Cube.078
Fra:1 Mem:396.74M (Peak 532.72M) | Time:00:00.21 | Mem:258.13M, Peak:258.13M | Scene, ViewLayer | Updating Geometry BVH Plane.070 669/674 | Building BVH
Fra:1 Mem:396.74M (Peak 532.72M) | Time:00:00.21 | Mem:258.13M, Peak:258.13M | Scene, ViewLayer | Updating Geometry BVH Cube.080 81/674 | Building BVH
Fra:1 Mem:396.74M (Peak 532.72M) | Time:00:00.21 | Mem:258.13M, Peak:258.13M | Scene, ViewLayer | Updating Geometry BVH Cube.080 81/674 | Building mesh BLAS |     188 tris | Cube.080
Fra:1 Mem:396.74M (Peak 532.72M) | Time:00:00.21 | Mem:258.13M, Peak:258.13M | Scene, ViewLayer | Updating Geometry BVH Cube.081 82/674 | Building BVH
Fra:1 Mem:396.74M (Peak 532.72M) | Time:00:00.21 | Mem:258.13M, Peak:258.13M | Scene, ViewLayer | Updating Geometry BVH Cube.081 82/674 | Building mesh BLAS |     188 tris | Cube.081
Fra:1 Mem:396.74M (Peak 532.72M) | Time:00:00.21 | Mem:258.13M, Peak:258.13M | Scene, ViewLayer | Updating Geometry BVH Cube.082 83/674 | Building BVH
Fra:1 Mem:396.74M (Peak 532.72M) | Time:00:00.21 | Mem:258.13M, Peak:258.13M | Scene, ViewLayer | Updating Geometry BVH Cube.082 83/674 | Building mesh BLAS |     188 tris | Cube.082
Fra:1 Mem:396.74M (Peak 532.72M) | Time:00:00.21 | Mem:258.13M, Peak:258.13M | Scene, ViewLayer | Updating Geometry BVH Cube.082 83/674 | Building mesh BLAS |  106900 tris | Plane.070
Fra:1 Mem:396.74M (Peak 532.72M) | Time:00:00.21 | Mem:258.13M, Peak:258.13M | Scene, ViewLayer | Updating Geometry BVH Cube.083 84/674 | Building BVH
Fra:1 Mem:396.74M (Peak 532.72M) | Time:00:00.21 | Mem:258.13M, Peak:258.13M | Scene, ViewLayer | Updating Geometry BVH Cube.083 84/674 | Building mesh BLAS |     188 tris | Cube.083
Fra:1 Mem:396.74M (Peak 532.72M) | Time:00:00.21 | Mem:258.13M, Peak:258.13M | Scene, ViewLayer | Updating Geometry BVH Cube.084 85/674 | Building BVH
Fra:1 Mem:396.74M (Peak 532.72M) | Time:00:00.21 | Mem:258.13M, Peak:258.13M | Scene, ViewLayer | Updating Geometry BVH Cube.085 86/674 | Building BVH
Fra:1 Mem:396.74M (Peak 532.72M) | Time:00:00.21 | Mem:258.13M, Peak:258.13M | Scene, ViewLayer | Updating Geometry BVH Cube.085 86/674 | Building mesh BLAS |     188 tris | Cube.084
Fra:1 Mem:396.74M (Peak 532.72M) | Time:00:00.21 | Mem:258.13M, Peak:258.13M | Scene, ViewLayer | Updating Geometry BVH Cube.085 86/674 | Building mesh BLAS |     188 tris | Cube.085
Fra:1 Mem:396.74M (Peak 532.72M) | Time:00:00.22 | Mem:258.13M, Peak:258.13M | Scene, ViewLayer | Updating Geometry BVH Cube.086 87/674 | Building BVH
Fra:1 Mem:396.74M (Peak 532.72M) | Time:00:00.22 | Mem:258.13M, Peak:258.13M | Scene, ViewLayer | Updating Geometry BVH Cube.086 87/674 | Building mesh BLAS |     188 tris | Cube.086
Fra:1 Mem:396.74M (Peak 532.72M) | Time:00:00.22 | Mem:258.13M, Peak:258.13M | Scene, ViewLayer | Updating Geometry BVH Cube.087 88/674 | Building BVH
Fra:1 Mem:396.74M (Peak 532.72M) | Time:00:00.22 | Mem:258.13M, Peak:258.13M | Scene, ViewLayer | Updating Geometry BVH Cube.087 88/674 | Building mesh BLAS |     188 tris | Cube.087
Fra:1 Mem:396.74M (Peak 532.72M) | Time:00:00.22 | Mem:258.13M, Peak:258.13M | Scene, ViewLayer | Updating Geometry BVH Cube.088 89/674 | Building BVH
Fra:1 Mem:396.74M (Peak 532.72M) | Time:00:00.22 | Mem:258.13M, Peak:258.13M | Scene, ViewLayer | Updating Geometry BVH Cube.088 89/674 | Building mesh BLAS |     188 tris | Cube.088
Fra:1 Mem:396.74M (Peak 532.72M) | Time:00:00.22 | Mem:258.13M, Peak:258.13M | Scene, ViewLayer | Updating Geometry BVH Cube.089 90/674 | Building BVH
Fra:1 Mem:396.74M (Peak 532.72M) | Time:00:00.22 | Mem:258.13M, Peak:258.13M | Scene, ViewLayer | Updating Geometry BVH Cube.089 90/674 | Building mesh BLAS |     188 tris | Cube.089
Fra:1 Mem:396.74M (Peak 532.72M) | Time:00:00.22 | Mem:258.13M, Peak:258.13M | Scene, ViewLayer | Updating Geometry BVH Cube.090 91/674 | Building BVH
Fra:1 Mem:396.74M (Peak 532.72M) | Time:00:00.22 | Mem:258.13M, Peak:258.13M | Scene, ViewLayer | Updating Geometry BVH Cube.090 91/674 | Building mesh BLAS |     188 tris | Cube.090
Fra:1 Mem:396.74M (Peak 532.72M) | Time:00:00.22 | Mem:258.13M, Peak:258.13M | Scene, ViewLayer | Updating Geometry BVH Cube.091 92/674 | Building BVH
Fra:1 Mem:396.74M (Peak 532.72M) | Time:00:00.22 | Mem:258.13M, Peak:258.13M | Scene, ViewLayer | Updating Geometry BVH Cube.091 92/674 | Building mesh BLAS |     188 tris | Cube.091
Fra:1 Mem:396.74M (Peak 532.72M) | Time:00:00.22 | Mem:258.13M, Peak:258.13M | Scene, ViewLayer | Updating Geometry BVH Cube.092 93/674 | Building BVH
Fra:1 Mem:396.74M (Peak 532.72M) | Time:00:00.22 | Mem:258.13M, Peak:258.13M | Scene, ViewLayer | Updating Geometry BVH Cube.092 93/674 | Building mesh BLAS |     188 tris | Cube.092
Fra:1 Mem:396.74M (Peak 532.72M) | Time:00:00.22 | Mem:258.13M, Peak:258.13M | Scene, ViewLayer | Updating Geometry BVH Cube.093 94/674 | Building BVH
Fra:1 Mem:396.74M (Peak 532.72M) | Time:00:00.22 | Mem:258.13M, Peak:258.13M | Scene, ViewLayer | Updating Geometry BVH Cube.093 94/674 | Building mesh BLAS |     188 tris | Cube.093
Fra:1 Mem:396.74M (Peak 532.72M) | Time:00:00.22 | Mem:258.13M, Peak:258.13M | Scene, ViewLayer | Updating Geometry BVH Cylinder 95/674 | Building BVH
Fra:1 Mem:396.74M (Peak 532.72M) | Time:00:00.22 | Mem:258.13M, Peak:258.13M | Scene, ViewLayer | Updating Geometry BVH Cylinder 95/674 | Building mesh BLAS |      60 tris | Cylinder
Fra:1 Mem:396.74M (Peak 532.72M) | Time:00:00.22 | Mem:258.13M, Peak:258.13M | Scene, ViewLayer | Updating Geometry BVH Sphere 96/674 | Building BVH
Fra:1 Mem:396.74M (Peak 532.72M) | Time:00:00.22 | Mem:258.13M, Peak:258.13M | Scene, ViewLayer | Updating Geometry BVH Sphere 96/674 | Building mesh BLAS |     528 tris | Sphere
Fra:1 Mem:396.74M (Peak 532.72M) | Time:00:00.22 | Mem:258.13M, Peak:258.13M | Scene, ViewLayer | Updating Geometry BVH Cylinder.001 97/674 | Building BVH
Fra:1 Mem:396.74M (Peak 532.72M) | Time:00:00.22 | Mem:258.13M, Peak:258.13M | Scene, ViewLayer | Updating Geometry BVH Cylinder.001 97/674 | Building mesh BLAS |      60 tris | Cylinder.001
Fra:1 Mem:396.74M (Peak 532.72M) | Time:00:00.22 | Mem:258.13M, Peak:258.13M | Scene, ViewLayer | Updating Geometry BVH Cube.094 98/674 | Building BVH
Fra:1 Mem:396.74M (Peak 532.72M) | Time:00:00.22 | Mem:258.13M, Peak:258.13M | Scene, ViewLayer | Updating Geometry BVH Cube.094 98/674 | Building mesh BLAS |     188 tris | Cube.094
Fra:1 Mem:396.74M (Peak 532.72M) | Time:00:00.22 | Mem:258.13M, Peak:258.13M | Scene, ViewLayer | Updating Geometry BVH Cube.095 99/674 | Building BVH
Fra:1 Mem:396.74M (Peak 532.72M) | Time:00:00.22 | Mem:258.13M, Peak:258.13M | Scene, ViewLayer | Updating Geometry BVH Cube.095 99/674 | Building mesh BLAS |     188 tris | Cube.095
Fra:1 Mem:396.74M (Peak 532.72M) | Time:00:00.22 | Mem:258.13M, Peak:258.13M | Scene, ViewLayer | Updating Geometry BVH Cube.096 100/674 | Building BVH
Fra:1 Mem:396.74M (Peak 532.72M) | Time:00:00.22 | Mem:258.13M, Peak:258.13M | Scene, ViewLayer | Updating Geometry BVH Cube.096 100/674 | Building mesh BLAS |     188 tris | Cube.096
Fra:1 Mem:396.74M (Peak 532.72M) | Time:00:00.22 | Mem:258.13M, Peak:258.13M | Scene, ViewLayer | Updating Geometry BVH Circle.008 668/674 | Building BVH
Fra:1 Mem:396.74M (Peak 532.72M) | Time:00:00.22 | Mem:258.13M, Peak:258.13M | Scene, ViewLayer | Updating Geometry BVH Circle.008 668/674 | Building mesh BLAS |   56878 tris | Circle.008
Fra:1 Mem:396.74M (Peak 532.72M) | Time:00:00.22 | Mem:258.13M, Peak:258.13M | Scene, ViewLayer | Updating Geometry BVH Cube.097 101/674 | Building BVH
Fra:1 Mem:396.74M (Peak 532.72M) | Time:00:00.22 | Mem:258.13M, Peak:258.13M | Scene, ViewLayer | Updating Geometry BVH Cube.097 101/674 | Building mesh BLAS |     188 tris | Cube.097
Fra:1 Mem:396.74M (Peak 532.72M) | Time:00:00.22 | Mem:258.13M, Peak:258.13M | Scene, ViewLayer | Updating Geometry BVH Cube.098 102/674 | Building BVH
Fra:1 Mem:396.74M (Peak 532.72M) | Time:00:00.22 | Mem:258.13M, Peak:258.13M | Scene, ViewLayer | Updating Geometry BVH Cube.099 103/674 | Building BVH
Fra:1 Mem:396.74M (Peak 532.72M) | Time:00:00.22 | Mem:258.13M, Peak:258.13M | Scene, ViewLayer | Updating Geometry BVH Cube.099 103/674 | Building mesh BLAS |     188 tris | Cube.098
Fra:1 Mem:396.74M (Peak 532.72M) | Time:00:00.22 | Mem:258.13M, Peak:258.13M | Scene, ViewLayer | Updating Geometry BVH Cube.099 103/674 | Building mesh BLAS |     188 tris | Cube.099
Fra:1 Mem:396.74M (Peak 532.72M) | Time:00:00.22 | Mem:258.13M, Peak:258.13M | Scene, ViewLayer | Updating Geometry BVH Cube.100 104/674 | Building BVH
Fra:1 Mem:396.74M (Peak 532.72M) | Time:00:00.22 | Mem:258.13M, Peak:258.13M | Scene, ViewLayer | Updating Geometry BVH Cube.100 104/674 | Building mesh BLAS |     188 tris | Cube.100
Fra:1 Mem:396.74M (Peak 532.72M) | Time:00:00.22 | Mem:258.13M, Peak:258.13M | Scene, ViewLayer | Updating Geometry BVH Cube.101 105/674 | Building BVH
Fra:1 Mem:396.74M (Peak 532.72M) | Time:00:00.22 | Mem:258.13M, Peak:258.13M | Scene, ViewLayer | Updating Geometry BVH Cube.102 106/674 | Building BVH
Fra:1 Mem:396.74M (Peak 532.72M) | Time:00:00.22 | Mem:258.13M, Peak:258.13M | Scene, ViewLayer | Updating Geometry BVH Cube.102 106/674 | Building mesh BLAS |     188 tris | Cube.101
Fra:1 Mem:396.74M (Peak 532.72M) | Time:00:00.22 | Mem:258.13M, Peak:258.13M | Scene, ViewLayer | Updating Geometry BVH Cube.102 106/674 | Building mesh BLAS |     188 tris | Cube.102
Fra:1 Mem:396.74M (Peak 532.72M) | Time:00:00.22 | Mem:258.13M, Peak:258.13M | Scene, ViewLayer | Updating Geometry BVH Cube.103 107/674 | Building BVH
Fra:1 Mem:396.74M (Peak 532.72M) | Time:00:00.22 | Mem:258.13M, Peak:258.13M | Scene, ViewLayer | Updating Geometry BVH Cube.103 107/674 | Building mesh BLAS |     188 tris | Cube.103
Fra:1 Mem:396.74M (Peak 532.72M) | Time:00:00.22 | Mem:258.13M, Peak:258.13M | Scene, ViewLayer | Updating Geometry BVH Cube.104 108/674 | Building BVH
Fra:1 Mem:396.74M (Peak 532.72M) | Time:00:00.22 | Mem:258.13M, Peak:258.13M | Scene, ViewLayer | Updating Geometry BVH Cube.104 108/674 | Building mesh BLAS |     188 tris | Cube.104
Fra:1 Mem:396.74M (Peak 532.72M) | Time:00:00.22 | Mem:258.13M, Peak:258.13M | Scene, ViewLayer | Updating Geometry BVH Cube.105 109/674 | Building BVH
Fra:1 Mem:396.74M (Peak 532.72M) | Time:00:00.22 | Mem:258.13M, Peak:258.13M | Scene, ViewLayer | Updating Geometry BVH Cube.105 109/674 | Building mesh BLAS |     188 tris | Cube.105
Fra:1 Mem:396.74M (Peak 532.72M) | Time:00:00.22 | Mem:258.13M, Peak:258.13M | Scene, ViewLayer | Updating Geometry BVH Cube.106 110/674 | Building BVH
Fra:1 Mem:396.74M (Peak 532.72M) | Time:00:00.22 | Mem:258.13M, Peak:258.13M | Scene, ViewLayer | Updating Geometry BVH Cube.106 110/674 | Building mesh BLAS |     188 tris | Cube.106
Fra:1 Mem:396.74M (Peak 532.72M) | Time:00:00.22 | Mem:258.13M, Peak:258.13M | Scene, ViewLayer | Updating Geometry BVH Cube.107 111/674 | Building BVH
Fra:1 Mem:396.74M (Peak 532.72M) | Time:00:00.22 | Mem:258.13M, Peak:258.13M | Scene, ViewLayer | Updating Geometry BVH Cube.108 112/674 | Building BVH
Fra:1 Mem:396.74M (Peak 532.72M) | Time:00:00.22 | Mem:258.13M, Peak:258.13M | Scene, ViewLayer | Updating Geometry BVH Cube.108 112/674 | Building mesh BLAS |     188 tris | Cube.107
Fra:1 Mem:396.74M (Peak 532.72M) | Time:00:00.22 | Mem:258.13M, Peak:258.13M | Scene, ViewLayer | Updating Geometry BVH Cube.108 112/674 | Building mesh BLAS |     188 tris | Cube.108
Fra:1 Mem:396.74M (Peak 532.72M) | Time:00:00.22 | Mem:258.13M, Peak:258.13M | Scene, ViewLayer | Updating Geometry BVH Cube.109 113/674 | Building BVH
Fra:1 Mem:396.74M (Peak 532.72M) | Time:00:00.22 | Mem:258.13M, Peak:258.13M | Scene, ViewLayer | Updating Geometry BVH Cube.109 113/674 | Building mesh BLAS |     188 tris | Cube.109
Fra:1 Mem:396.74M (Peak 532.72M) | Time:00:00.22 | Mem:258.13M, Peak:258.13M | Scene, ViewLayer | Updating Geometry BVH Cube.110 114/674 | Building BVH
Fra:1 Mem:396.74M (Peak 532.72M) | Time:00:00.22 | Mem:258.13M, Peak:258.13M | Scene, ViewLayer | Updating Geometry BVH Cube.110 114/674 | Building mesh BLAS |     188 tris | Cube.110
Fra:1 Mem:396.74M (Peak 532.72M) | Time:00:00.22 | Mem:258.13M, Peak:258.13M | Scene, ViewLayer | Updating Geometry BVH Cube.111 115/674 | Building BVH
Fra:1 Mem:396.74M (Peak 532.72M) | Time:00:00.22 | Mem:258.13M, Peak:258.13M | Scene, ViewLayer | Updating Geometry BVH Cube.111 115/674 | Building mesh BLAS |     188 tris | Cube.111
Fra:1 Mem:396.74M (Peak 532.72M) | Time:00:00.22 | Mem:258.13M, Peak:258.13M | Scene, ViewLayer | Updating Geometry BVH Cube.112 116/674 | Building BVH
Fra:1 Mem:396.74M (Peak 532.72M) | Time:00:00.22 | Mem:258.13M, Peak:258.13M | Scene, ViewLayer | Updating Geometry BVH Cube.112 116/674 | Building mesh BLAS |     188 tris | Cube.112
Fra:1 Mem:396.74M (Peak 532.72M) | Time:00:00.22 | Mem:258.13M, Peak:258.13M | Scene, ViewLayer | Updating Geometry BVH Cube.113 117/674 | Building BVH
Fra:1 Mem:396.74M (Peak 532.72M) | Time:00:00.22 | Mem:258.13M, Peak:258.13M | Scene, ViewLayer | Updating Geometry BVH Cube.113 117/674 | Building mesh BLAS |     188 tris | Cube.113
Fra:1 Mem:396.74M (Peak 532.72M) | Time:00:00.22 | Mem:258.13M, Peak:258.13M | Scene, ViewLayer | Updating Geometry BVH potted_plant_01_base_low 667/674 | Building BVH
Fra:1 Mem:396.74M (Peak 532.72M) | Time:00:00.22 | Mem:258.13M, Peak:258.13M | Scene, ViewLayer | Updating Geometry BVH potted_plant_01_base_low 667/674 | Building mesh BLAS |    7008 tris | potted_plant_01_base_low
Fra:1 Mem:396.74M (Peak 532.72M) | Time:00:00.22 | Mem:258.13M, Peak:258.13M | Scene, ViewLayer | Updating Geometry BVH Cube.114 118/674 | Building BVH
Fra:1 Mem:396.74M (Peak 532.72M) | Time:00:00.22 | Mem:258.13M, Peak:258.13M | Scene, ViewLayer | Updating Geometry BVH Cube.114 118/674 | Building mesh BLAS |     188 tris | Cube.114
Fra:1 Mem:396.74M (Peak 532.72M) | Time:00:00.22 | Mem:258.13M, Peak:258.13M | Scene, ViewLayer | Updating Geometry BVH Cube.115 119/674 | Building BVH
Fra:1 Mem:396.74M (Peak 532.72M) | Time:00:00.22 | Mem:258.13M, Peak:258.13M | Scene, ViewLayer | Updating Geometry BVH Cube.115 119/674 | Building mesh BLAS |     188 tris | Cube.115
Fra:1 Mem:396.74M (Peak 532.72M) | Time:00:00.22 | Mem:258.13M, Peak:258.13M | Scene, ViewLayer | Updating Geometry BVH Cube.116 120/674 | Building BVH
Fra:1 Mem:396.74M (Peak 532.72M) | Time:00:00.22 | Mem:258.13M, Peak:258.13M | Scene, ViewLayer | Updating Geometry BVH Cube.116 120/674 | Building mesh BLAS |     188 tris | Cube.116
Fra:1 Mem:396.74M (Peak 532.72M) | Time:00:00.22 | Mem:258.13M, Peak:258.13M | Scene, ViewLayer | Updating Geometry BVH Cube.117 121/674 | Building BVH
Fra:1 Mem:396.74M (Peak 532.72M) | Time:00:00.22 | Mem:258.13M, Peak:258.13M | Scene, ViewLayer | Updating Geometry BVH Cube.117 121/674 | Building mesh BLAS |     188 tris | Cube.117
Fra:1 Mem:396.74M (Peak 532.72M) | Time:00:00.23 | Mem:258.13M, Peak:258.13M | Scene, ViewLayer | Updating Geometry BVH Cube.118 122/674 | Building BVH
Fra:1 Mem:396.74M (Peak 532.72M) | Time:00:00.23 | Mem:258.13M, Peak:258.13M | Scene, ViewLayer | Updating Geometry BVH Cube.118 122/674 | Building mesh BLAS |     188 tris | Cube.118
Fra:1 Mem:396.74M (Peak 532.72M) | Time:00:00.23 | Mem:258.15M, Peak:258.15M | Scene, ViewLayer | Updating Geometry BVH Cube.119 123/674 | Building BVH
Fra:1 Mem:396.74M (Peak 532.72M) | Time:00:00.23 | Mem:258.15M, Peak:258.15M | Scene, ViewLayer | Updating Geometry BVH Cube.119 123/674 | Building mesh BLAS |     188 tris | Cube.119
Fra:1 Mem:396.74M (Peak 532.72M) | Time:00:00.23 | Mem:258.16M, Peak:258.16M | Scene, ViewLayer | Updating Geometry BVH Cube.120 124/674 | Building BVH
Fra:1 Mem:396.74M (Peak 532.72M) | Time:00:00.23 | Mem:258.16M, Peak:258.16M | Scene, ViewLayer | Updating Geometry BVH Cube.120 124/674 | Building mesh BLAS |     188 tris | Cube.120
Fra:1 Mem:396.74M (Peak 532.72M) | Time:00:00.23 | Mem:258.16M, Peak:258.16M | Scene, ViewLayer | Updating Geometry BVH Cube.121 125/674 | Building BVH
Fra:1 Mem:396.74M (Peak 532.72M) | Time:00:00.23 | Mem:258.16M, Peak:258.16M | Scene, ViewLayer | Updating Geometry BVH Cube.121 125/674 | Building mesh BLAS |     188 tris | Cube.121
Fra:1 Mem:396.74M (Peak 532.72M) | Time:00:00.23 | Mem:258.18M, Peak:258.18M | Scene, ViewLayer | Updating Geometry BVH Cylinder.002 126/674 | Building BVH
Fra:1 Mem:396.74M (Peak 532.72M) | Time:00:00.23 | Mem:258.18M, Peak:258.18M | Scene, ViewLayer | Updating Geometry BVH Cylinder.002 126/674 | Building mesh BLAS |      60 tris | Cylinder.002
Fra:1 Mem:396.74M (Peak 532.72M) | Time:00:00.23 | Mem:258.21M, Peak:258.21M | Scene, ViewLayer | Updating Geometry BVH Cylinder.003 127/674 | Building BVH
Fra:1 Mem:396.74M (Peak 532.72M) | Time:00:00.23 | Mem:258.21M, Peak:258.21M | Scene, ViewLayer | Updating Geometry BVH Cylinder.003 127/674 | Building mesh BLAS |      60 tris | Cylinder.003
Fra:1 Mem:396.74M (Peak 532.72M) | Time:00:00.23 | Mem:258.21M, Peak:258.21M | Scene, ViewLayer | Updating Geometry BVH Cylinder.004 128/674 | Building BVH
Fra:1 Mem:396.74M (Peak 532.72M) | Time:00:00.23 | Mem:258.21M, Peak:258.21M | Scene, ViewLayer | Updating Geometry BVH Cylinder.004 128/674 | Building mesh BLAS |      60 tris | Cylinder.004
Fra:1 Mem:396.74M (Peak 532.72M) | Time:00:00.23 | Mem:258.22M, Peak:258.22M | Scene, ViewLayer | Updating Geometry BVH Cylinder.005 129/674 | Building BVH
Fra:1 Mem:396.74M (Peak 532.72M) | Time:00:00.23 | Mem:258.22M, Peak:258.22M | Scene, ViewLayer | Updating Geometry BVH Cylinder.005 129/674 | Building mesh BLAS |      60 tris | Cylinder.005
Fra:1 Mem:396.74M (Peak 532.72M) | Time:00:00.23 | Mem:258.32M, Peak:258.32M | Scene, ViewLayer | Updating Geometry BVH Cylinder.006 130/674 | Building BVH
Fra:1 Mem:396.74M (Peak 532.72M) | Time:00:00.23 | Mem:258.32M, Peak:258.32M | Scene, ViewLayer | Updating Geometry BVH Cylinder.006 130/674 | Building mesh BLAS |      60 tris | Cylinder.006
Fra:1 Mem:396.74M (Peak 532.72M) | Time:00:00.23 | Mem:258.32M, Peak:258.32M | Scene, ViewLayer | Updating Geometry BVH Cylinder.007 131/674 | Building BVH
Fra:1 Mem:396.74M (Peak 532.72M) | Time:00:00.23 | Mem:258.32M, Peak:258.32M | Scene, ViewLayer | Updating Geometry BVH Cylinder.007 131/674 | Building mesh BLAS |      60 tris | Cylinder.007
Fra:1 Mem:396.74M (Peak 532.72M) | Time:00:00.23 | Mem:258.32M, Peak:258.32M | Scene, ViewLayer | Updating Geometry BVH Cylinder.008 132/674 | Building BVH
Fra:1 Mem:396.74M (Peak 532.72M) | Time:00:00.23 | Mem:258.34M, Peak:258.34M | Scene, ViewLayer | Updating Geometry BVH Cylinder.008 132/674 | Building mesh BLAS |      60 tris | Cylinder.008
Fra:1 Mem:396.74M (Peak 532.72M) | Time:00:00.23 | Mem:258.37M, Peak:258.37M | Scene, ViewLayer | Updating Geometry BVH Cylinder.009 133/674 | Building BVH
Fra:1 Mem:396.74M (Peak 532.72M) | Time:00:00.23 | Mem:258.37M, Peak:258.37M | Scene, ViewLayer | Updating Geometry BVH Cylinder.010 134/674 | Building BVH
Fra:1 Mem:396.74M (Peak 532.72M) | Time:00:00.23 | Mem:258.38M, Peak:258.38M | Scene, ViewLayer | Updating Geometry BVH Cylinder.010 134/674 | Building mesh BLAS |      60 tris | Cylinder.009
Fra:1 Mem:396.74M (Peak 532.72M) | Time:00:00.23 | Mem:258.40M, Peak:258.40M | Scene, ViewLayer | Updating Geometry BVH Cylinder.010 134/674 | Building mesh BLAS |      60 tris | Cylinder.010
Fra:1 Mem:396.74M (Peak 532.72M) | Time:00:00.23 | Mem:258.40M, Peak:258.40M | Scene, ViewLayer | Updating Geometry BVH Amber portal lamp.002 666/674 | Building BVH
Fra:1 Mem:396.74M (Peak 532.72M) | Time:00:00.23 | Mem:258.40M, Peak:258.40M | Scene, ViewLayer | Updating Geometry BVH Amber portal lamp.001 665/674 | Building BVH
Fra:1 Mem:396.74M (Peak 532.72M) | Time:00:00.23 | Mem:258.40M, Peak:258.40M | Scene, ViewLayer | Updating Geometry BVH Amber portal lamp 664/674 | Building BVH
Fra:1 Mem:396.74M (Peak 532.72M) | Time:00:00.23 | Mem:258.40M, Peak:258.40M | Scene, ViewLayer | Updating Geometry BVH East chapel warm interior 663/674 | Building BVH
Fra:1 Mem:396.74M (Peak 532.72M) | Time:00:00.23 | Mem:258.40M, Peak:258.40M | Scene, ViewLayer | Updating Geometry BVH Dome rolled rim.005 662/674 | Building BVH
Fra:1 Mem:396.74M (Peak 532.72M) | Time:00:00.23 | Mem:258.40M, Peak:258.40M | Scene, ViewLayer | Updating Geometry BVH Dome rolled rim.005 662/674 | Building mesh BLAS |    1536 tris | Dome rolled rim.005
Fra:1 Mem:396.74M (Peak 532.72M) | Time:00:00.23 | Mem:258.41M, Peak:258.41M | Scene, ViewLayer | Updating Geometry BVH Cylinder.011 135/674 | Building BVH
Fra:1 Mem:396.74M (Peak 532.72M) | Time:00:00.23 | Mem:258.43M, Peak:258.43M | Scene, ViewLayer | Updating Geometry BVH Cylinder.011 135/674 | Building mesh BLAS |      60 tris | Cylinder.011
Fra:1 Mem:396.74M (Peak 532.72M) | Time:00:00.23 | Mem:258.43M, Peak:258.43M | Scene, ViewLayer | Updating Geometry BVH Cylinder.012 136/674 | Building BVH
Fra:1 Mem:396.74M (Peak 532.72M) | Time:00:00.23 | Mem:258.44M, Peak:258.44M | Scene, ViewLayer | Updating Geometry BVH Cylinder.012 136/674 | Building mesh BLAS |      60 tris | Cylinder.012
Fra:1 Mem:396.74M (Peak 532.72M) | Time:00:00.23 | Mem:258.46M, Peak:258.46M | Scene, ViewLayer | Updating Geometry BVH Cylinder.013 137/674 | Building BVH
Fra:1 Mem:396.74M (Peak 532.72M) | Time:00:00.23 | Mem:258.46M, Peak:258.46M | Scene, ViewLayer | Updating Geometry BVH Cylinder.013 137/674 | Building mesh BLAS |      60 tris | Cylinder.013
Fra:1 Mem:396.74M (Peak 532.72M) | Time:00:00.23 | Mem:258.50M, Peak:258.50M | Scene, ViewLayer | Updating Geometry BVH Cube.122 138/674 | Building BVH
Fra:1 Mem:396.74M (Peak 532.72M) | Time:00:00.23 | Mem:258.51M, Peak:258.51M | Scene, ViewLayer | Updating Geometry BVH Cube.122 138/674 | Building mesh BLAS |     188 tris | Cube.122
Fra:1 Mem:396.74M (Peak 532.72M) | Time:00:00.23 | Mem:258.52M, Peak:258.52M | Scene, ViewLayer | Updating Geometry BVH Cube.123 139/674 | Building BVH
Fra:1 Mem:396.74M (Peak 532.72M) | Time:00:00.23 | Mem:258.52M, Peak:258.52M | Scene, ViewLayer | Updating Geometry BVH Cube.123 139/674 | Building mesh BLAS |     188 tris | Cube.123
Fra:1 Mem:396.74M (Peak 532.72M) | Time:00:00.23 | Mem:258.52M, Peak:258.52M | Scene, ViewLayer | Updating Geometry BVH Cube.124 140/674 | Building BVH
Fra:1 Mem:396.74M (Peak 532.72M) | Time:00:00.23 | Mem:258.53M, Peak:258.53M | Scene, ViewLayer | Updating Geometry BVH Cube.124 140/674 | Building mesh BLAS |     188 tris | Cube.124
Fra:1 Mem:396.74M (Peak 532.72M) | Time:00:00.23 | Mem:258.53M, Peak:258.53M | Scene, ViewLayer | Updating Geometry BVH Cube.125 141/674 | Building BVH
Fra:1 Mem:396.74M (Peak 532.72M) | Time:00:00.23 | Mem:258.53M, Peak:258.53M | Scene, ViewLayer | Updating Geometry BVH Cube.125 141/674 | Building mesh BLAS |     188 tris | Cube.125
Fra:1 Mem:396.74M (Peak 532.72M) | Time:00:00.23 | Mem:258.57M, Peak:258.57M | Scene, ViewLayer | Updating Geometry BVH Cube.126 142/674 | Building BVH
Fra:1 Mem:396.74M (Peak 532.72M) | Time:00:00.23 | Mem:258.57M, Peak:258.57M | Scene, ViewLayer | Updating Geometry BVH Cube.126 142/674 | Building mesh BLAS |     188 tris | Cube.126
Fra:1 Mem:396.74M (Peak 532.72M) | Time:00:00.23 | Mem:258.57M, Peak:258.57M | Scene, ViewLayer | Updating Geometry BVH Cube.127 143/674 | Building BVH
Fra:1 Mem:396.74M (Peak 532.72M) | Time:00:00.23 | Mem:258.57M, Peak:258.57M | Scene, ViewLayer | Updating Geometry BVH Cube.127 143/674 | Building mesh BLAS |     188 tris | Cube.127
Fra:1 Mem:396.74M (Peak 532.72M) | Time:00:00.23 | Mem:258.62M, Peak:258.62M | Scene, ViewLayer | Updating Geometry BVH Cube.128 144/674 | Building BVH
Fra:1 Mem:396.74M (Peak 532.72M) | Time:00:00.23 | Mem:258.62M, Peak:258.62M | Scene, ViewLayer | Updating Geometry BVH Cube.129 145/674 | Building BVH
Fra:1 Mem:396.74M (Peak 532.72M) | Time:00:00.23 | Mem:258.62M, Peak:258.62M | Scene, ViewLayer | Updating Geometry BVH Cube.129 145/674 | Building mesh BLAS |     188 tris | Cube.128
Fra:1 Mem:396.74M (Peak 532.72M) | Time:00:00.23 | Mem:258.62M, Peak:258.62M | Scene, ViewLayer | Updating Geometry BVH Cube.129 145/674 | Building mesh BLAS |     188 tris | Cube.129
Fra:1 Mem:396.74M (Peak 532.72M) | Time:00:00.23 | Mem:258.63M, Peak:258.63M | Scene, ViewLayer | Updating Geometry BVH Cube.130 146/674 | Building BVH
Fra:1 Mem:396.74M (Peak 532.72M) | Time:00:00.23 | Mem:258.63M, Peak:258.63M | Scene, ViewLayer | Updating Geometry BVH Cube.130 146/674 | Building mesh BLAS |     188 tris | Cube.130
Fra:1 Mem:396.74M (Peak 532.72M) | Time:00:00.23 | Mem:258.68M, Peak:258.68M | Scene, ViewLayer | Updating Geometry BVH Cube.131 147/674 | Building BVH
Fra:1 Mem:396.74M (Peak 532.72M) | Time:00:00.23 | Mem:258.68M, Peak:258.68M | Scene, ViewLayer | Updating Geometry BVH Cube.131 147/674 | Building mesh BLAS |     188 tris | Cube.131
Fra:1 Mem:396.74M (Peak 532.72M) | Time:00:00.23 | Mem:258.68M, Peak:258.68M | Scene, ViewLayer | Updating Geometry BVH Cube.132 148/674 | Building BVH
Fra:1 Mem:396.74M (Peak 532.72M) | Time:00:00.23 | Mem:258.68M, Peak:258.68M | Scene, ViewLayer | Updating Geometry BVH Cube.132 148/674 | Building mesh BLAS |     188 tris | Cube.132
Fra:1 Mem:396.74M (Peak 532.72M) | Time:00:00.23 | Mem:258.69M, Peak:258.69M | Scene, ViewLayer | Updating Geometry BVH Cube.133 149/674 | Building BVH
Fra:1 Mem:396.74M (Peak 532.72M) | Time:00:00.23 | Mem:258.70M, Peak:258.70M | Scene, ViewLayer | Updating Geometry BVH Cube.133 149/674 | Building mesh BLAS |     188 tris | Cube.133
Fra:1 Mem:396.74M (Peak 532.72M) | Time:00:00.23 | Mem:258.71M, Peak:258.71M | Scene, ViewLayer | Updating Geometry BVH Cube.134 150/674 | Building BVH
Fra:1 Mem:396.74M (Peak 532.72M) | Time:00:00.23 | Mem:258.71M, Peak:258.71M | Scene, ViewLayer | Updating Geometry BVH Cube.134 150/674 | Building mesh BLAS |     188 tris | Cube.134
Fra:1 Mem:396.74M (Peak 532.72M) | Time:00:00.23 | Mem:258.74M, Peak:258.74M | Scene, ViewLayer | Updating Geometry BVH Dome rolled rim.004 661/674 | Building BVH
Fra:1 Mem:396.74M (Peak 532.72M) | Time:00:00.23 | Mem:258.76M, Peak:258.76M | Scene, ViewLayer | Updating Geometry BVH Cube.135 151/674 | Building BVH
Fra:1 Mem:396.74M (Peak 532.72M) | Time:00:00.23 | Mem:258.76M, Peak:258.76M | Scene, ViewLayer | Updating Geometry BVH Cube.135 151/674 | Building mesh BLAS |    1536 tris | Dome rolled rim.004
Fra:1 Mem:396.74M (Peak 532.72M) | Time:00:00.23 | Mem:258.76M, Peak:258.76M | Scene, ViewLayer | Updating Geometry BVH Cube.135 151/674 | Building mesh BLAS |     188 tris | Cube.135
Fra:1 Mem:396.74M (Peak 532.72M) | Time:00:00.23 | Mem:258.76M, Peak:258.76M | Scene, ViewLayer | Updating Geometry BVH Cylinder.014 152/674 | Building BVH
Fra:1 Mem:396.74M (Peak 532.72M) | Time:00:00.23 | Mem:258.76M, Peak:258.76M | Scene, ViewLayer | Updating Geometry BVH Cylinder.015 153/674 | Building mesh BLAS |      60 tris | Cylinder.014
Fra:1 Mem:396.74M (Peak 532.72M) | Time:00:00.23 | Mem:258.76M, Peak:258.76M | Scene, ViewLayer | Updating Geometry BVH Cylinder.015 153/674 | Building mesh BLAS |      60 tris | Cylinder.015
Fra:1 Mem:396.74M (Peak 532.72M) | Time:00:00.23 | Mem:259.03M, Peak:259.03M | Scene, ViewLayer | Updating Geometry BVH Cylinder.016 154/674 | Building BVH
Fra:1 Mem:396.74M (Peak 532.72M) | Time:00:00.23 | Mem:259.04M, Peak:259.04M | Scene, ViewLayer | Updating Geometry BVH Cylinder.016 154/674 | Building mesh BLAS |      60 tris | Cylinder.016
Fra:1 Mem:396.74M (Peak 532.72M) | Time:00:00.23 | Mem:259.07M, Peak:259.07M | Scene, ViewLayer | Updating Geometry BVH Cylinder.017 155/674 | Building BVH
Fra:1 Mem:396.74M (Peak 532.72M) | Time:00:00.23 | Mem:259.08M, Peak:259.08M | Scene, ViewLayer | Updating Geometry BVH Cylinder.018 156/674 | Building BVH
Fra:1 Mem:396.74M (Peak 532.72M) | Time:00:00.23 | Mem:259.09M, Peak:259.09M | Scene, ViewLayer | Updating Geometry BVH Cylinder.019 157/674 | Building BVH
Fra:1 Mem:396.74M (Peak 532.72M) | Time:00:00.23 | Mem:259.10M, Peak:259.10M | Scene, ViewLayer | Updating Geometry BVH Cylinder.020 158/674 | Building BVH
Fra:1 Mem:396.74M (Peak 532.72M) | Time:00:00.23 | Mem:259.10M, Peak:259.10M | Scene, ViewLayer | Updating Geometry BVH Cylinder.020 158/674 | Building mesh BLAS |      60 tris | Cylinder.019
Fra:1 Mem:396.74M (Peak 532.72M) | Time:00:00.23 | Mem:259.10M, Peak:259.10M | Scene, ViewLayer | Updating Geometry BVH Cylinder.020 158/674 | Building mesh BLAS |      60 tris | Cylinder.020
Fra:1 Mem:396.74M (Peak 532.72M) | Time:00:00.23 | Mem:259.12M, Peak:259.12M | Scene, ViewLayer | Updating Geometry BVH Cylinder.021 159/674 | Building BVH
Fra:1 Mem:396.74M (Peak 532.72M) | Time:00:00.23 | Mem:259.12M, Peak:259.12M | Scene, ViewLayer | Updating Geometry BVH Cube.136 160/674 | Building mesh BLAS |      60 tris | Cylinder.021
Fra:1 Mem:396.74M (Peak 532.72M) | Time:00:00.23 | Mem:259.12M, Peak:259.12M | Scene, ViewLayer | Updating Geometry BVH Cube.136 160/674 | Building mesh BLAS |     188 tris | Cube.136
Fra:1 Mem:396.74M (Peak 532.72M) | Time:00:00.23 | Mem:259.15M, Peak:259.15M | Scene, ViewLayer | Updating Geometry BVH Cube.137 161/674 | Building BVH
Fra:1 Mem:396.74M (Peak 532.72M) | Time:00:00.23 | Mem:259.16M, Peak:259.16M | Scene, ViewLayer | Updating Geometry BVH Cube.138 162/674 | Building BVH
Fra:1 Mem:396.74M (Peak 532.72M) | Time:00:00.23 | Mem:259.16M, Peak:259.16M | Scene, ViewLayer | Updating Geometry BVH Cube.138 162/674 | Building mesh BLAS |     188 tris | Cube.137
Fra:1 Mem:396.74M (Peak 532.72M) | Time:00:00.23 | Mem:259.16M, Peak:259.16M | Scene, ViewLayer | Updating Geometry BVH Cube.138 162/674 | Building mesh BLAS |     188 tris | Cube.138
Fra:1 Mem:396.74M (Peak 532.72M) | Time:00:00.23 | Mem:259.16M, Peak:259.16M | Scene, ViewLayer | Updating Geometry BVH Cube.139 163/674 | Building BVH
Fra:1 Mem:396.74M (Peak 532.72M) | Time:00:00.23 | Mem:259.16M, Peak:259.16M | Scene, ViewLayer | Updating Geometry BVH Cube.139 163/674 | Building mesh BLAS |     188 tris | Cube.139
Fra:1 Mem:396.74M (Peak 532.72M) | Time:00:00.23 | Mem:259.18M, Peak:259.18M | Scene, ViewLayer | Updating Geometry BVH Cube.140 164/674 | Building BVH
Fra:1 Mem:396.74M (Peak 532.72M) | Time:00:00.23 | Mem:259.18M, Peak:259.18M | Scene, ViewLayer | Updating Geometry BVH Cube.141 165/674 | Building BVH
Fra:1 Mem:396.74M (Peak 532.72M) | Time:00:00.23 | Mem:259.19M, Peak:259.19M | Scene, ViewLayer | Updating Geometry BVH Cube.141 165/674 | Building mesh BLAS |     188 tris | Cube.140
Fra:1 Mem:396.74M (Peak 532.72M) | Time:00:00.23 | Mem:259.20M, Peak:259.20M | Scene, ViewLayer | Updating Geometry BVH Cube.142 166/674 | Building BVH
Fra:1 Mem:396.74M (Peak 532.72M) | Time:00:00.23 | Mem:264.33M, Peak:264.33M | Scene, ViewLayer | Updating Geometry BVH Cube.144 168/674 | Building BVH
Fra:1 Mem:396.74M (Peak 532.72M) | Time:00:00.23 | Mem:264.33M, Peak:264.33M | Scene, ViewLayer | Updating Geometry BVH Raised standing seam.047 660/674 | Building BVH
Fra:1 Mem:396.74M (Peak 532.72M) | Time:00:00.23 | Mem:264.33M, Peak:264.33M | Scene, ViewLayer | Updating Geometry BVH Cube.143 167/674 | Building mesh BLAS |     188 tris | Cube.144
Fra:1 Mem:396.74M (Peak 532.72M) | Time:00:00.23 | Mem:264.34M, Peak:264.34M | Scene, ViewLayer | Updating Geometry BVH Cube.143 167/674 | Building mesh BLAS |    1152 tris | Raised standing seam.047
Fra:1 Mem:396.74M (Peak 532.72M) | Time:00:00.23 | Mem:264.36M, Peak:264.36M | Scene, ViewLayer | Updating Geometry BVH Cube.146 170/674 | Building BVH
Fra:1 Mem:396.74M (Peak 532.72M) | Time:00:00.23 | Mem:264.37M, Peak:264.37M | Scene, ViewLayer | Updating Geometry BVH Cube.146 170/674 | Building mesh BLAS |     188 tris | Cube.146
Fra:1 Mem:396.74M (Peak 532.72M) | Time:00:00.23 | Mem:264.37M, Peak:264.37M | Scene, ViewLayer | Updating Geometry BVH Cube.146 170/674 | Building mesh BLAS |     188 tris | Cube.143
Fra:1 Mem:396.74M (Peak 532.72M) | Time:00:00.23 | Mem:264.37M, Peak:264.37M | Scene, ViewLayer | Updating Geometry BVH Cube.146 170/674 | Building mesh BLAS |     188 tris | Cube.145
Fra:1 Mem:396.74M (Peak 532.72M) | Time:00:00.23 | Mem:264.38M, Peak:264.38M | Scene, ViewLayer | Updating Geometry BVH Cube.147 171/674 | Building BVH
Fra:1 Mem:396.74M (Peak 532.72M) | Time:00:00.23 | Mem:264.39M, Peak:264.39M | Scene, ViewLayer | Updating Geometry BVH Cube.147 171/674 | Building mesh BLAS |     188 tris | Cube.147
Fra:1 Mem:396.74M (Peak 532.72M) | Time:00:00.23 | Mem:264.42M, Peak:264.42M | Scene, ViewLayer | Updating Geometry BVH Cube.149 173/674 | Building BVH
Fra:1 Mem:396.74M (Peak 532.72M) | Time:00:00.23 | Mem:264.42M, Peak:264.42M | Scene, ViewLayer | Updating Geometry BVH Cube.148 172/674 | Building BVH
Fra:1 Mem:396.74M (Peak 532.72M) | Time:00:00.23 | Mem:264.42M, Peak:264.42M | Scene, ViewLayer | Updating Geometry BVH Cylinder.023 175/674 | Building BVH
Fra:1 Mem:396.74M (Peak 532.72M) | Time:00:00.23 | Mem:264.42M, Peak:264.42M | Scene, ViewLayer | Updating Geometry BVH Cylinder.023 175/674 | Building mesh BLAS |      60 tris | Cylinder.022
Fra:1 Mem:396.74M (Peak 532.72M) | Time:00:00.23 | Mem:264.42M, Peak:264.42M | Scene, ViewLayer | Updating Geometry BVH Cylinder.024 176/674 | Building BVH
Fra:1 Mem:396.74M (Peak 532.72M) | Time:00:00.23 | Mem:264.42M, Peak:264.42M | Scene, ViewLayer | Updating Geometry BVH Cylinder.024 176/674 | Building mesh BLAS |      60 tris | Cylinder.023
Fra:1 Mem:396.74M (Peak 532.72M) | Time:00:00.23 | Mem:264.42M, Peak:264.42M | Scene, ViewLayer | Updating Geometry BVH Cylinder.024 176/674 | Building mesh BLAS |      60 tris | Cylinder.024
Fra:1 Mem:396.74M (Peak 532.72M) | Time:00:00.23 | Mem:264.42M, Peak:264.42M | Scene, ViewLayer | Updating Geometry BVH Cylinder.024 176/674 | Building mesh BLAS |     188 tris | Cube.148
Fra:1 Mem:396.74M (Peak 532.72M) | Time:00:00.23 | Mem:264.42M, Peak:264.42M | Scene, ViewLayer | Updating Geometry BVH Cylinder.025 177/674 | Building BVH
Fra:1 Mem:396.74M (Peak 532.72M) | Time:00:00.23 | Mem:264.42M, Peak:264.42M | Scene, ViewLayer | Updating Geometry BVH Cylinder.026 178/674 | Building BVH
Fra:1 Mem:396.74M (Peak 532.72M) | Time:00:00.23 | Mem:264.43M, Peak:264.43M | Scene, ViewLayer | Updating Geometry BVH Cylinder.026 178/674 | Building mesh BLAS |      60 tris | Cylinder.025
Fra:1 Mem:396.74M (Peak 532.72M) | Time:00:00.23 | Mem:264.44M, Peak:264.44M | Scene, ViewLayer | Updating Geometry BVH Cylinder.027 179/674 | Building BVH
Fra:1 Mem:396.74M (Peak 532.72M) | Time:00:00.23 | Mem:264.47M, Peak:264.47M | Scene, ViewLayer | Updating Geometry BVH Cylinder.027 179/674 | Building mesh BLAS |      60 tris | Cylinder.027
Fra:1 Mem:396.74M (Peak 532.72M) | Time:00:00.23 | Mem:264.48M, Peak:264.48M | Scene, ViewLayer | Updating Geometry BVH Cylinder.028 180/674 | Building BVH
Fra:1 Mem:396.74M (Peak 532.72M) | Time:00:00.23 | Mem:264.49M, Peak:264.49M | Scene, ViewLayer | Updating Geometry BVH Cylinder.028 180/674 | Building mesh BLAS |      60 tris | Cylinder.028
Fra:1 Mem:396.74M (Peak 532.72M) | Time:00:00.23 | Mem:264.49M, Peak:264.49M | Scene, ViewLayer | Updating Geometry BVH Cylinder.029 181/674 | Building BVH
Fra:1 Mem:396.74M (Peak 532.72M) | Time:00:00.23 | Mem:264.49M, Peak:264.49M | Scene, ViewLayer | Updating Geometry BVH Cube.150 182/674 | Building BVH
Fra:1 Mem:396.74M (Peak 532.72M) | Time:00:00.23 | Mem:264.50M, Peak:264.50M | Scene, ViewLayer | Updating Geometry BVH Cube.150 182/674 | Building mesh BLAS |      60 tris | Cylinder.029
Fra:1 Mem:396.74M (Peak 532.72M) | Time:00:00.23 | Mem:267.40M, Peak:267.40M | Scene, ViewLayer | Updating Geometry BVH Cube.151 183/674 | Building BVH
Fra:1 Mem:396.74M (Peak 532.72M) | Time:00:00.23 | Mem:267.42M, Peak:267.42M | Scene, ViewLayer | Updating Geometry BVH Cube.154 186/674 | Building BVH
Fra:1 Mem:396.74M (Peak 532.72M) | Time:00:00.23 | Mem:267.43M, Peak:267.43M | Scene, ViewLayer | Updating Geometry BVH Cube.156 188/674 | Building BVH
Fra:1 Mem:396.74M (Peak 532.72M) | Time:00:00.23 | Mem:267.43M, Peak:267.43M | Scene, ViewLayer | Updating Geometry BVH Cube.158 190/674 | Building BVH
Fra:1 Mem:396.74M (Peak 532.72M) | Time:00:00.23 | Mem:267.43M, Peak:267.43M | Scene, ViewLayer | Updating Geometry BVH Cube.158 190/674 | Building mesh BLAS |     188 tris | Cube.156
Fra:1 Mem:396.74M (Peak 532.72M) | Time:00:00.23 | Mem:267.43M, Peak:267.43M | Scene, ViewLayer | Updating Geometry BVH Cube.157 189/674 | Building mesh BLAS |     188 tris | Cube.158
Fra:1 Mem:396.74M (Peak 532.72M) | Time:00:00.23 | Mem:267.44M, Peak:267.44M | Scene, ViewLayer | Updating Geometry BVH Cube.157 189/674 | Building mesh BLAS |     188 tris | Cube.155
Fra:1 Mem:396.74M (Peak 532.72M) | Time:00:00.23 | Mem:267.45M, Peak:267.45M | Scene, ViewLayer | Updating Geometry BVH Cube.159 191/674 | Building BVH
Fra:1 Mem:396.74M (Peak 532.72M) | Time:00:00.23 | Mem:267.45M, Peak:267.45M | Scene, ViewLayer | Updating Geometry BVH Cube.159 191/674 | Building mesh BLAS |     188 tris | Cube.159
Fra:1 Mem:396.74M (Peak 532.72M) | Time:00:00.23 | Mem:267.45M, Peak:267.45M | Scene, ViewLayer | Updating Geometry BVH Cube.160 192/674 | Building BVH
Fra:1 Mem:396.74M (Peak 532.72M) | Time:00:00.23 | Mem:267.45M, Peak:267.45M | Scene, ViewLayer | Updating Geometry BVH Cube.160 192/674 | Building mesh BLAS |     188 tris | Cube.157
Fra:1 Mem:396.74M (Peak 532.72M) | Time:00:00.23 | Mem:267.45M, Peak:267.45M | Scene, ViewLayer | Updating Geometry BVH Cube.160 192/674 | Building mesh BLAS |     188 tris | Cube.160
Fra:1 Mem:396.74M (Peak 532.72M) | Time:00:00.23 | Mem:267.45M, Peak:267.45M | Scene, ViewLayer | Updating Geometry BVH Cube.160 192/674 | Building mesh BLAS |     188 tris | Cube.153
Fra:1 Mem:396.74M (Peak 532.72M) | Time:00:00.23 | Mem:267.45M, Peak:267.45M | Scene, ViewLayer | Updating Geometry BVH Cube.160 192/674 | Building mesh BLAS |    1152 tris | Raised standing seam.046
Fra:1 Mem:396.74M (Peak 532.72M) | Time:00:00.23 | Mem:267.45M, Peak:267.45M | Scene, ViewLayer | Updating Geometry BVH Cube.160 192/674 | Building mesh BLAS |     188 tris | Cube.151
Fra:1 Mem:396.74M (Peak 532.72M) | Time:00:00.23 | Mem:267.47M, Peak:267.47M | Scene, ViewLayer | Updating Geometry BVH Cube.161 193/674 | Building BVH
Fra:1 Mem:396.74M (Peak 532.72M) | Time:00:00.23 | Mem:267.47M, Peak:267.47M | Scene, ViewLayer | Updating Geometry BVH Cube.162 194/674 | Building BVH
Fra:1 Mem:396.74M (Peak 532.72M) | Time:00:00.23 | Mem:267.47M, Peak:267.47M | Scene, ViewLayer | Updating Geometry BVH Cube.162 194/674 | Building mesh BLAS |     188 tris | Cube.161
Fra:1 Mem:396.74M (Peak 532.72M) | Time:00:00.23 | Mem:267.47M, Peak:267.47M | Scene, ViewLayer | Updating Geometry BVH Cube.162 194/674 | Building mesh BLAS |     188 tris | Cube.162
Fra:1 Mem:396.74M (Peak 532.72M) | Time:00:00.23 | Mem:267.47M, Peak:267.47M | Scene, ViewLayer | Updating Geometry BVH Cube.164 196/674 | Building BVH
Fra:1 Mem:396.74M (Peak 532.72M) | Time:00:00.23 | Mem:267.47M, Peak:267.47M | Scene, ViewLayer | Updating Geometry BVH Cube.164 196/674 | Building mesh BLAS |     188 tris | Cube.163
Fra:1 Mem:396.74M (Peak 532.72M) | Time:00:00.23 | Mem:267.47M, Peak:267.47M | Scene, ViewLayer | Updating Geometry BVH Cube.164 196/674 | Building mesh BLAS |     188 tris | Cube.164
Fra:1 Mem:396.74M (Peak 532.72M) | Time:00:00.23 | Mem:267.49M, Peak:267.49M | Scene, ViewLayer | Updating Geometry BVH Cube.165 197/674 | Building BVH
Fra:1 Mem:396.74M (Peak 532.72M) | Time:00:00.23 | Mem:267.49M, Peak:267.49M | Scene, ViewLayer | Updating Geometry BVH Cube.165 197/674 | Building mesh BLAS |     188 tris | Cube.165
Fra:1 Mem:396.74M (Peak 532.72M) | Time:00:00.23 | Mem:267.49M, Peak:267.49M | Scene, ViewLayer | Updating Geometry BVH Cube.166 198/674 | Building BVH
Fra:1 Mem:396.74M (Peak 532.72M) | Time:00:00.23 | Mem:267.49M, Peak:267.49M | Scene, ViewLayer | Updating Geometry BVH Cube.166 198/674 | Building mesh BLAS |     188 tris | Cube.166
Fra:1 Mem:396.74M (Peak 532.72M) | Time:00:00.23 | Mem:267.50M, Peak:267.50M | Scene, ViewLayer | Updating Geometry BVH Cube.167 199/674 | Building BVH
Fra:1 Mem:396.74M (Peak 532.72M) | Time:00:00.23 | Mem:267.50M, Peak:267.50M | Scene, ViewLayer | Updating Geometry BVH Cube.167 199/674 | Building mesh BLAS |     188 tris | Cube.167
Fra:1 Mem:396.74M (Peak 532.72M) | Time:00:00.23 | Mem:267.51M, Peak:267.51M | Scene, ViewLayer | Updating Geometry BVH Cube.168 200/674 | Building BVH
Fra:1 Mem:396.74M (Peak 532.72M) | Time:00:00.23 | Mem:267.51M, Peak:267.51M | Scene, ViewLayer | Updating Geometry BVH Cube.168 200/674 | Building mesh BLAS |     188 tris | Cube.168
Fra:1 Mem:396.74M (Peak 532.72M) | Time:00:00.23 | Mem:267.52M, Peak:267.52M | Scene, ViewLayer | Updating Geometry BVH Cube.169 201/674 | Building BVH
Fra:1 Mem:396.74M (Peak 532.72M) | Time:00:00.23 | Mem:267.53M, Peak:267.53M | Scene, ViewLayer | Updating Geometry BVH Cube.170 202/674 | Building BVH
Fra:1 Mem:396.74M (Peak 532.72M) | Time:00:00.23 | Mem:267.54M, Peak:267.54M | Scene, ViewLayer | Updating Geometry BVH Cube.171 203/674 | Building BVH
Fra:1 Mem:396.74M (Peak 532.72M) | Time:00:00.23 | Mem:267.54M, Peak:267.54M | Scene, ViewLayer | Updating Geometry BVH Cube.172 204/674 | Building BVH
Fra:1 Mem:396.74M (Peak 532.72M) | Time:00:00.23 | Mem:267.54M, Peak:267.54M | Scene, ViewLayer | Updating Geometry BVH Cube.173 205/674 | Building BVH
Fra:1 Mem:396.74M (Peak 532.72M) | Time:00:00.23 | Mem:267.54M, Peak:267.54M | Scene, ViewLayer | Updating Geometry BVH Cube.173 205/674 | Building mesh BLAS |     188 tris | Cube.171
Fra:1 Mem:396.74M (Peak 532.72M) | Time:00:00.23 | Mem:267.54M, Peak:267.54M | Scene, ViewLayer | Updating Geometry BVH Cube.173 205/674 | Building mesh BLAS |     328 tris | Cube.172
Fra:1 Mem:396.74M (Peak 532.72M) | Time:00:00.23 | Mem:267.54M, Peak:267.54M | Scene, ViewLayer | Updating Geometry BVH Cube.173 205/674 | Building mesh BLAS |     188 tris | Cube.173
Fra:1 Mem:396.74M (Peak 532.72M) | Time:00:00.23 | Mem:267.54M, Peak:267.54M | Scene, ViewLayer | Updating Geometry BVH Cube.174 206/674 | Building BVH
Fra:1 Mem:396.74M (Peak 532.72M) | Time:00:00.23 | Mem:267.55M, Peak:267.55M | Scene, ViewLayer | Updating Geometry BVH Cube.174 206/674 | Building mesh BLAS |     428 tris | Cube.174
Fra:1 Mem:396.74M (Peak 532.72M) | Time:00:00.23 | Mem:267.55M, Peak:267.55M | Scene, ViewLayer | Updating Geometry BVH Cube.175 207/674 | Building BVH
Fra:1 Mem:396.74M (Peak 532.72M) | Time:00:00.23 | Mem:267.55M, Peak:267.55M | Scene, ViewLayer | Updating Geometry BVH Cube.176 208/674 | Building mesh BLAS |     188 tris | Cube.175
Fra:1 Mem:396.74M (Peak 532.72M) | Time:00:00.23 | Mem:267.55M, Peak:267.55M | Scene, ViewLayer | Updating Geometry BVH Cube.176 208/674 | Building mesh BLAS |     380 tris | Cube.176
Fra:1 Mem:396.74M (Peak 532.72M) | Time:00:00.23 | Mem:267.92M, Peak:267.92M | Scene, ViewLayer | Updating Geometry BVH Raised standing seam.045 658/674 | Building BVH
Fra:1 Mem:396.74M (Peak 532.72M) | Time:00:00.23 | Mem:267.93M, Peak:267.93M | Scene, ViewLayer | Updating Geometry BVH Raised standing seam.045 658/674 | Building mesh BLAS |    1152 tris | Raised standing seam.045
Fra:1 Mem:396.74M (Peak 532.72M) | Time:00:00.23 | Mem:267.94M, Peak:267.94M | Scene, ViewLayer | Updating Geometry BVH Cube.177 209/674 | Building BVH
Fra:1 Mem:396.74M (Peak 532.72M) | Time:00:00.23 | Mem:267.94M, Peak:267.94M | Scene, ViewLayer | Updating Geometry BVH Cube.177 209/674 | Building mesh BLAS |     188 tris | Cube.177
Fra:1 Mem:396.74M (Peak 532.72M) | Time:00:00.23 | Mem:267.94M, Peak:267.94M | Scene, ViewLayer | Updating Geometry BVH Cylinder.030 210/674 | Building BVH
Fra:1 Mem:396.74M (Peak 532.72M) | Time:00:00.23 | Mem:267.94M, Peak:267.94M | Scene, ViewLayer | Updating Geometry BVH Cylinder.030 210/674 | Building mesh BLAS |      60 tris | Cylinder.030
Fra:1 Mem:396.74M (Peak 532.72M) | Time:00:00.23 | Mem:267.94M, Peak:267.94M | Scene, ViewLayer | Updating Geometry BVH Cylinder.031 211/674 | Building BVH
Fra:1 Mem:396.74M (Peak 532.72M) | Time:00:00.23 | Mem:267.94M, Peak:267.94M | Scene, ViewLayer | Updating Geometry BVH Cylinder.031 211/674 | Building mesh BLAS |      60 tris | Cylinder.031
Fra:1 Mem:396.74M (Peak 532.72M) | Time:00:00.23 | Mem:267.94M, Peak:267.94M | Scene, ViewLayer | Updating Geometry BVH Cylinder.032 212/674 | Building BVH
Fra:1 Mem:396.74M (Peak 532.72M) | Time:00:00.23 | Mem:267.94M, Peak:267.94M | Scene, ViewLayer | Updating Geometry BVH Cylinder.032 212/674 | Building mesh BLAS |      60 tris | Cylinder.032
Fra:1 Mem:396.74M (Peak 532.72M) | Time:00:00.23 | Mem:267.94M, Peak:267.94M | Scene, ViewLayer | Updating Geometry BVH Cylinder.033 213/674 | Building BVH
Fra:1 Mem:396.74M (Peak 532.72M) | Time:00:00.23 | Mem:267.94M, Peak:267.94M | Scene, ViewLayer | Updating Geometry BVH Cylinder.033 213/674 | Building mesh BLAS |      60 tris | Cylinder.033
Fra:1 Mem:396.74M (Peak 532.72M) | Time:00:00.23 | Mem:267.96M, Peak:267.96M | Scene, ViewLayer | Updating Geometry BVH Cylinder.034 214/674 | Building BVH
Fra:1 Mem:396.74M (Peak 532.72M) | Time:00:00.23 | Mem:267.97M, Peak:267.97M | Scene, ViewLayer | Updating Geometry BVH Cylinder.034 214/674 | Building mesh BLAS |      60 tris | Cylinder.034
Fra:1 Mem:396.74M (Peak 532.72M) | Time:00:00.23 | Mem:267.98M, Peak:267.98M | Scene, ViewLayer | Updating Geometry BVH Cylinder.035 215/674 | Building BVH
Fra:1 Mem:396.74M (Peak 532.72M) | Time:00:00.23 | Mem:267.98M, Peak:267.98M | Scene, ViewLayer | Updating Geometry BVH Cylinder.036 216/674 | Building BVH
Fra:1 Mem:396.74M (Peak 532.72M) | Time:00:00.23 | Mem:267.98M, Peak:267.98M | Scene, ViewLayer | Updating Geometry BVH Cylinder.036 216/674 | Building mesh BLAS |      60 tris | Cylinder.035
Fra:1 Mem:396.74M (Peak 532.72M) | Time:00:00.23 | Mem:267.98M, Peak:267.98M | Scene, ViewLayer | Updating Geometry BVH Cylinder.036 216/674 | Building mesh BLAS |      60 tris | Cylinder.036
Fra:1 Mem:396.74M (Peak 532.72M) | Time:00:00.23 | Mem:268.00M, Peak:268.00M | Scene, ViewLayer | Updating Geometry BVH Cylinder.037 217/674 | Building BVH
Fra:1 Mem:396.74M (Peak 532.72M) | Time:00:00.23 | Mem:268.00M, Peak:268.00M | Scene, ViewLayer | Updating Geometry BVH Cylinder.037 217/674 | Building mesh BLAS |      60 tris | Cylinder.037
Fra:1 Mem:396.74M (Peak 532.72M) | Time:00:00.23 | Mem:268.00M, Peak:268.00M | Scene, ViewLayer | Updating Geometry BVH Cylinder.038 218/674 | Building BVH
Fra:1 Mem:396.74M (Peak 532.72M) | Time:00:00.23 | Mem:268.00M, Peak:268.00M | Scene, ViewLayer | Updating Geometry BVH Cylinder.039 219/674 | Building BVH
Fra:1 Mem:396.74M (Peak 532.72M) | Time:00:00.23 | Mem:268.00M, Peak:268.00M | Scene, ViewLayer | Updating Geometry BVH Cylinder.039 219/674 | Building mesh BLAS |      60 tris | Cylinder.038
Fra:1 Mem:396.74M (Peak 532.72M) | Time:00:00.23 | Mem:268.00M, Peak:268.00M | Scene, ViewLayer | Updating Geometry BVH Cylinder.039 219/674 | Building mesh BLAS |      60 tris | Cylinder.039
Fra:1 Mem:396.74M (Peak 532.72M) | Time:00:00.23 | Mem:268.00M, Peak:268.00M | Scene, ViewLayer | Updating Geometry BVH Cylinder.040 220/674 | Building BVH
Fra:1 Mem:396.74M (Peak 532.72M) | Time:00:00.23 | Mem:268.01M, Peak:268.01M | Scene, ViewLayer | Updating Geometry BVH Cylinder.041 221/674 | Building BVH
Fra:1 Mem:396.74M (Peak 532.72M) | Time:00:00.23 | Mem:268.01M, Peak:268.01M | Scene, ViewLayer | Updating Geometry BVH Cylinder.042 222/674 | Building mesh BLAS |     120 tris | Cylinder.041
Fra:1 Mem:396.74M (Peak 532.72M) | Time:00:00.23 | Mem:268.01M, Peak:268.01M | Scene, ViewLayer | Updating Geometry BVH Cylinder.042 222/674 | Building mesh BLAS |      60 tris | Cylinder.042
Fra:1 Mem:396.74M (Peak 532.72M) | Time:00:00.23 | Mem:268.01M, Peak:268.01M | Scene, ViewLayer | Updating Geometry BVH Cylinder.043 223/674 | Building BVH
Fra:1 Mem:396.74M (Peak 532.72M) | Time:00:00.23 | Mem:268.01M, Peak:268.01M | Scene, ViewLayer | Updating Geometry BVH Cylinder.043 223/674 | Building mesh BLAS |      60 tris | Cylinder.043
Fra:1 Mem:396.74M (Peak 532.72M) | Time:00:00.23 | Mem:268.01M, Peak:268.01M | Scene, ViewLayer | Updating Geometry BVH Cylinder.044 224/674 | Building BVH
Fra:1 Mem:396.74M (Peak 532.72M) | Time:00:00.23 | Mem:268.01M, Peak:268.01M | Scene, ViewLayer | Updating Geometry BVH Cylinder.045 225/674 | Building BVH
Fra:1 Mem:396.74M (Peak 532.72M) | Time:00:00.23 | Mem:268.01M, Peak:268.01M | Scene, ViewLayer | Updating Geometry BVH Cylinder.045 225/674 | Building mesh BLAS |      60 tris | Cylinder.044
Fra:1 Mem:396.74M (Peak 532.72M) | Time:00:00.23 | Mem:268.01M, Peak:268.01M | Scene, ViewLayer | Updating Geometry BVH Cylinder.045 225/674 | Building mesh BLAS |      60 tris | Cylinder.045
Fra:1 Mem:396.74M (Peak 532.72M) | Time:00:00.23 | Mem:268.02M, Peak:268.02M | Scene, ViewLayer | Updating Geometry BVH Raised standing seam.044 657/674 | Building BVH
Fra:1 Mem:396.74M (Peak 532.72M) | Time:00:00.23 | Mem:268.02M, Peak:268.02M | Scene, ViewLayer | Updating Geometry BVH Raised standing seam.044 657/674 | Building mesh BLAS |    1152 tris | Raised standing seam.044
Fra:1 Mem:396.74M (Peak 532.72M) | Time:00:00.23 | Mem:268.02M, Peak:268.02M | Scene, ViewLayer | Updating Geometry BVH Cylinder.046 226/674 | Building BVH
Fra:1 Mem:396.74M (Peak 532.72M) | Time:00:00.23 | Mem:268.02M, Peak:268.02M | Scene, ViewLayer | Updating Geometry BVH Cylinder.046 226/674 | Building mesh BLAS |      60 tris | Cylinder.046
Fra:1 Mem:396.74M (Peak 532.72M) | Time:00:00.23 | Mem:268.02M, Peak:268.02M | Scene, ViewLayer | Updating Geometry BVH Cylinder.047 227/674 | Building BVH
Fra:1 Mem:396.74M (Peak 532.72M) | Time:00:00.23 | Mem:268.02M, Peak:268.02M | Scene, ViewLayer | Updating Geometry BVH Cylinder.047 227/674 | Building mesh BLAS |      60 tris | Cylinder.047
Fra:1 Mem:396.74M (Peak 532.72M) | Time:00:00.23 | Mem:268.02M, Peak:268.02M | Scene, ViewLayer | Updating Geometry BVH Cylinder.048 228/674 | Building BVH
Fra:1 Mem:396.74M (Peak 532.72M) | Time:00:00.23 | Mem:268.02M, Peak:268.02M | Scene, ViewLayer | Updating Geometry BVH Cylinder.048 228/674 | Building mesh BLAS |      60 tris | Cylinder.048
Fra:1 Mem:396.74M (Peak 532.72M) | Time:00:00.23 | Mem:268.13M, Peak:268.13M | Scene, ViewLayer | Updating Geometry BVH Cylinder.049 229/674 | Building BVH
Fra:1 Mem:396.74M (Peak 532.72M) | Time:00:00.23 | Mem:268.13M, Peak:268.13M | Scene, ViewLayer | Updating Geometry BVH Cylinder.049 229/674 | Building mesh BLAS |      60 tris | Cylinder.049
Fra:1 Mem:396.74M (Peak 532.72M) | Time:00:00.23 | Mem:268.13M, Peak:268.13M | Scene, ViewLayer | Updating Geometry BVH Cylinder.050 230/674 | Building BVH
Fra:1 Mem:396.74M (Peak 532.72M) | Time:00:00.23 | Mem:268.14M, Peak:268.14M | Scene, ViewLayer | Updating Geometry BVH Cylinder.050 230/674 | Building mesh BLAS |      60 tris | Cylinder.050
Fra:1 Mem:396.74M (Peak 532.72M) | Time:00:00.23 | Mem:268.14M, Peak:268.14M | Scene, ViewLayer | Updating Geometry BVH Cylinder.051 231/674 | Building BVH
Fra:1 Mem:396.74M (Peak 532.72M) | Time:00:00.23 | Mem:268.14M, Peak:268.14M | Scene, ViewLayer | Updating Geometry BVH Cylinder.051 231/674 | Building mesh BLAS |      60 tris | Cylinder.051
Fra:1 Mem:396.74M (Peak 532.72M) | Time:00:00.23 | Mem:268.16M, Peak:268.16M | Scene, ViewLayer | Updating Geometry BVH Cylinder.053 233/674 | Building BVH
Fra:1 Mem:396.74M (Peak 532.72M) | Time:00:00.23 | Mem:268.16M, Peak:268.16M | Scene, ViewLayer | Updating Geometry BVH Cylinder.054 234/674 | Building mesh BLAS |      60 tris | Cylinder.053
Fra:1 Mem:396.74M (Peak 532.72M) | Time:00:00.23 | Mem:268.16M, Peak:268.16M | Scene, ViewLayer | Updating Geometry BVH Cylinder.055 235/674 | Building BVH
Fra:1 Mem:396.74M (Peak 532.72M) | Time:00:00.23 | Mem:268.16M, Peak:268.16M | Scene, ViewLayer | Updating Geometry BVH Cylinder.055 235/674 | Building mesh BLAS |      60 tris | Cylinder.052
Fra:1 Mem:396.74M (Peak 532.72M) | Time:00:00.23 | Mem:268.16M, Peak:268.16M | Scene, ViewLayer | Updating Geometry BVH Cylinder.055 235/674 | Building mesh BLAS |      60 tris | Cylinder.055
Fra:1 Mem:396.74M (Peak 532.72M) | Time:00:00.23 | Mem:268.16M, Peak:268.16M | Scene, ViewLayer | Updating Geometry BVH Cylinder.055 235/674 | Building mesh BLAS |      60 tris | Cylinder.054
Fra:1 Mem:396.74M (Peak 532.72M) | Time:00:00.23 | Mem:268.16M, Peak:268.16M | Scene, ViewLayer | Updating Geometry BVH Cylinder.056 236/674 | Building BVH
Fra:1 Mem:396.74M (Peak 532.72M) | Time:00:00.23 | Mem:268.16M, Peak:268.16M | Scene, ViewLayer | Updating Geometry BVH Cylinder.056 236/674 | Building mesh BLAS |      60 tris | Cylinder.056
Fra:1 Mem:396.74M (Peak 532.72M) | Time:00:00.23 | Mem:268.16M, Peak:268.16M | Scene, ViewLayer | Updating Geometry BVH Cylinder.057 237/674 | Building BVH
Fra:1 Mem:396.74M (Peak 532.72M) | Time:00:00.23 | Mem:268.16M, Peak:268.16M | Scene, ViewLayer | Updating Geometry BVH Cylinder.057 237/674 | Building mesh BLAS |      60 tris | Cylinder.057
Fra:1 Mem:396.74M (Peak 532.72M) | Time:00:00.23 | Mem:268.16M, Peak:268.16M | Scene, ViewLayer | Updating Geometry BVH Cylinder.058 238/674 | Building BVH
Fra:1 Mem:396.74M (Peak 532.72M) | Time:00:00.23 | Mem:268.16M, Peak:268.16M | Scene, ViewLayer | Updating Geometry BVH Cylinder.058 238/674 | Building mesh BLAS |      60 tris | Cylinder.058
Fra:1 Mem:396.74M (Peak 532.72M) | Time:00:00.23 | Mem:268.18M, Peak:268.18M | Scene, ViewLayer | Updating Geometry BVH Cylinder.059 239/674 | Building BVH
Fra:1 Mem:396.74M (Peak 532.72M) | Time:00:00.23 | Mem:268.19M, Peak:268.19M | Scene, ViewLayer | Updating Geometry BVH Cylinder.060 240/674 | Building mesh BLAS |      60 tris | Cylinder.059
Fra:1 Mem:396.74M (Peak 532.72M) | Time:00:00.23 | Mem:268.19M, Peak:268.19M | Scene, ViewLayer | Updating Geometry BVH Cylinder.060 240/674 | Building mesh BLAS |      60 tris | Cylinder.060
Fra:1 Mem:396.74M (Peak 532.72M) | Time:00:00.23 | Mem:268.20M, Peak:268.20M | Scene, ViewLayer | Updating Geometry BVH Cylinder.061 241/674 | Building BVH
Fra:1 Mem:396.74M (Peak 532.72M) | Time:00:00.23 | Mem:268.20M, Peak:268.20M | Scene, ViewLayer | Updating Geometry BVH Cylinder.061 241/674 | Building mesh BLAS |      60 tris | Cylinder.061
Fra:1 Mem:396.74M (Peak 532.72M) | Time:00:00.23 | Mem:268.21M, Peak:268.21M | Scene, ViewLayer | Updating Geometry BVH Raised standing seam.043 656/674 | Building BVH
Fra:1 Mem:396.74M (Peak 532.72M) | Time:00:00.23 | Mem:268.21M, Peak:268.21M | Scene, ViewLayer | Updating Geometry BVH Cylinder.062 242/674 | Building BVH
Fra:1 Mem:396.74M (Peak 532.72M) | Time:00:00.23 | Mem:268.21M, Peak:268.21M | Scene, ViewLayer | Updating Geometry BVH Cylinder.062 242/674 | Building mesh BLAS |    1152 tris | Raised standing seam.043
Fra:1 Mem:396.74M (Peak 532.72M) | Time:00:00.23 | Mem:268.21M, Peak:268.21M | Scene, ViewLayer | Updating Geometry BVH Cylinder.062 242/674 | Building mesh BLAS |      60 tris | Cylinder.062
Fra:1 Mem:396.74M (Peak 532.72M) | Time:00:00.23 | Mem:268.22M, Peak:268.22M | Scene, ViewLayer | Updating Geometry BVH Cylinder.063 243/674 | Building BVH
Fra:1 Mem:396.74M (Peak 532.72M) | Time:00:00.23 | Mem:268.23M, Peak:268.23M | Scene, ViewLayer | Updating Geometry BVH Cylinder.063 243/674 | Building mesh BLAS |      60 tris | Cylinder.063
Fra:1 Mem:396.74M (Peak 532.72M) | Time:00:00.23 | Mem:268.23M, Peak:268.23M | Scene, ViewLayer | Updating Geometry BVH Cylinder.064 244/674 | Building BVH
Fra:1 Mem:396.74M (Peak 532.72M) | Time:00:00.23 | Mem:268.23M, Peak:268.23M | Scene, ViewLayer | Updating Geometry BVH Cylinder.065 245/674 | Building BVH
Fra:1 Mem:396.74M (Peak 532.72M) | Time:00:00.23 | Mem:268.24M, Peak:268.24M | Scene, ViewLayer | Updating Geometry BVH Cylinder.065 245/674 | Building mesh BLAS |      96 tris | Cylinder.064
Fra:1 Mem:396.74M (Peak 532.72M) | Time:00:00.23 | Mem:268.25M, Peak:268.25M | Scene, ViewLayer | Updating Geometry BVH Cylinder.065 245/674 | Building mesh BLAS |      60 tris | Cylinder.065
Fra:1 Mem:396.74M (Peak 532.72M) | Time:00:00.23 | Mem:268.35M, Peak:268.35M | Scene, ViewLayer | Updating Geometry BVH Cylinder.066 246/674 | Building BVH
Fra:1 Mem:396.74M (Peak 532.72M) | Time:00:00.23 | Mem:268.35M, Peak:268.35M | Scene, ViewLayer | Updating Geometry BVH Cylinder.066 246/674 | Building mesh BLAS |      60 tris | Cylinder.066
Fra:1 Mem:396.74M (Peak 532.72M) | Time:00:00.23 | Mem:268.35M, Peak:268.35M | Scene, ViewLayer | Updating Geometry BVH Cylinder.067 247/674 | Building BVH
Fra:1 Mem:396.74M (Peak 532.72M) | Time:00:00.23 | Mem:268.35M, Peak:268.35M | Scene, ViewLayer | Updating Geometry BVH Cylinder.067 247/674 | Building mesh BLAS |      96 tris | Cylinder.067
Fra:1 Mem:396.74M (Peak 532.72M) | Time:00:00.23 | Mem:268.35M, Peak:268.35M | Scene, ViewLayer | Updating Geometry BVH Cylinder.068 248/674 | Building BVH
Fra:1 Mem:396.74M (Peak 532.72M) | Time:00:00.23 | Mem:268.35M, Peak:268.35M | Scene, ViewLayer | Updating Geometry BVH Cylinder.068 248/674 | Building mesh BLAS |      64 tris | Cylinder.068
Fra:1 Mem:396.74M (Peak 532.72M) | Time:00:00.23 | Mem:268.36M, Peak:268.36M | Scene, ViewLayer | Updating Geometry BVH Cube.178 249/674 | Building BVH
Fra:1 Mem:396.74M (Peak 532.72M) | Time:00:00.23 | Mem:268.36M, Peak:268.36M | Scene, ViewLayer | Updating Geometry BVH Cube.178 249/674 | Building mesh BLAS |     188 tris | Cube.178
Fra:1 Mem:396.74M (Peak 532.72M) | Time:00:00.23 | Mem:268.36M, Peak:268.36M | Scene, ViewLayer | Updating Geometry BVH Cube.179 250/674 | Building BVH
Fra:1 Mem:396.74M (Peak 532.72M) | Time:00:00.23 | Mem:268.36M, Peak:268.36M | Scene, ViewLayer | Updating Geometry BVH Cube.179 250/674 | Building mesh BLAS |     188 tris | Cube.179
Fra:1 Mem:396.74M (Peak 532.72M) | Time:00:00.23 | Mem:268.37M, Peak:268.37M | Scene, ViewLayer | Updating Geometry BVH Cube.180 251/674 | Building BVH
Fra:1 Mem:396.74M (Peak 532.72M) | Time:00:00.23 | Mem:268.37M, Peak:268.37M | Scene, ViewLayer | Updating Geometry BVH Cube.180 251/674 | Building mesh BLAS |     188 tris | Cube.180
Fra:1 Mem:396.74M (Peak 532.72M) | Time:00:00.23 | Mem:268.37M, Peak:268.37M | Scene, ViewLayer | Updating Geometry BVH Cube.181 252/674 | Building BVH
Fra:1 Mem:396.74M (Peak 532.72M) | Time:00:00.23 | Mem:268.37M, Peak:268.37M | Scene, ViewLayer | Updating Geometry BVH Cube.182 253/674 | Building BVH
Fra:1 Mem:396.74M (Peak 532.72M) | Time:00:00.23 | Mem:268.37M, Peak:268.37M | Scene, ViewLayer | Updating Geometry BVH Cube.182 253/674 | Building mesh BLAS |     188 tris | Cube.182
Fra:1 Mem:396.74M (Peak 532.72M) | Time:00:00.23 | Mem:268.39M, Peak:268.39M | Scene, ViewLayer | Updating Geometry BVH Cube.183 254/674 | Building BVH
Fra:1 Mem:396.74M (Peak 532.72M) | Time:00:00.23 | Mem:268.39M, Peak:268.39M | Scene, ViewLayer | Updating Geometry BVH Cube.183 254/674 | Building mesh BLAS |     188 tris | Cube.183
Fra:1 Mem:396.74M (Peak 532.72M) | Time:00:00.23 | Mem:268.40M, Peak:268.40M | Scene, ViewLayer | Updating Geometry BVH Cube.184 255/674 | Building BVH
Fra:1 Mem:396.74M (Peak 532.72M) | Time:00:00.23 | Mem:268.41M, Peak:268.41M | Scene, ViewLayer | Updating Geometry BVH Cube.184 255/674 | Building mesh BLAS |     188 tris | Cube.184
Fra:1 Mem:396.74M (Peak 532.72M) | Time:00:00.23 | Mem:268.41M, Peak:268.41M | Scene, ViewLayer | Updating Geometry BVH Cube.185 256/674 | Building BVH
Fra:1 Mem:396.74M (Peak 532.72M) | Time:00:00.23 | Mem:268.42M, Peak:268.42M | Scene, ViewLayer | Updating Geometry BVH Cube.185 256/674 | Building mesh BLAS |     188 tris | Cube.185
Fra:1 Mem:396.74M (Peak 532.72M) | Time:00:00.23 | Mem:268.43M, Peak:268.43M | Scene, ViewLayer | Updating Geometry BVH Cube.186 257/674 | Building BVH
Fra:1 Mem:396.74M (Peak 532.72M) | Time:00:00.23 | Mem:268.43M, Peak:268.43M | Scene, ViewLayer | Updating Geometry BVH Cube.187 258/674 | Building BVH
Fra:1 Mem:396.74M (Peak 532.72M) | Time:00:00.23 | Mem:268.43M, Peak:268.43M | Scene, ViewLayer | Updating Geometry BVH Cube.187 258/674 | Building mesh BLAS |     188 tris | Cube.186
Fra:1 Mem:396.74M (Peak 532.72M) | Time:00:00.23 | Mem:268.43M, Peak:268.43M | Scene, ViewLayer | Updating Geometry BVH Cube.187 258/674 | Building mesh BLAS |     188 tris | Cube.187
Fra:1 Mem:396.74M (Peak 532.72M) | Time:00:00.23 | Mem:268.44M, Peak:268.44M | Scene, ViewLayer | Updating Geometry BVH Raised standing seam.042 655/674 | Building BVH
Fra:1 Mem:396.74M (Peak 532.72M) | Time:00:00.23 | Mem:268.44M, Peak:268.44M | Scene, ViewLayer | Updating Geometry BVH Raised standing seam.042 655/674 | Building mesh BLAS |    1152 tris | Raised standing seam.042
Fra:1 Mem:396.74M (Peak 532.72M) | Time:00:00.23 | Mem:268.44M, Peak:268.44M | Scene, ViewLayer | Updating Geometry BVH Cube.188 259/674 | Building BVH
Fra:1 Mem:396.74M (Peak 532.72M) | Time:00:00.23 | Mem:268.44M, Peak:268.44M | Scene, ViewLayer | Updating Geometry BVH Cube.188 259/674 | Building mesh BLAS |     188 tris | Cube.188
Fra:1 Mem:396.74M (Peak 532.72M) | Time:00:00.23 | Mem:268.45M, Peak:268.45M | Scene, ViewLayer | Updating Geometry BVH Cube.189 260/674 | Building BVH
Fra:1 Mem:396.74M (Peak 532.72M) | Time:00:00.23 | Mem:268.45M, Peak:268.45M | Scene, ViewLayer | Updating Geometry BVH Cube.190 261/674 | Building BVH
Fra:1 Mem:396.74M (Peak 532.72M) | Time:00:00.23 | Mem:268.45M, Peak:268.45M | Scene, ViewLayer | Updating Geometry BVH Cube.190 261/674 | Building mesh BLAS |     188 tris | Cube.189
Fra:1 Mem:396.74M (Peak 532.72M) | Time:00:00.23 | Mem:268.45M, Peak:268.45M | Scene, ViewLayer | Updating Geometry BVH Cube.190 261/674 | Building mesh BLAS |     188 tris | Cube.190
Fra:1 Mem:396.74M (Peak 532.72M) | Time:00:00.23 | Mem:268.55M, Peak:268.55M | Scene, ViewLayer | Updating Geometry BVH Cube.191 262/674 | Building BVH
Fra:1 Mem:396.74M (Peak 532.72M) | Time:00:00.23 | Mem:268.55M, Peak:268.55M | Scene, ViewLayer | Updating Geometry BVH Cube.191 262/674 | Building mesh BLAS |     188 tris | Cube.191
Fra:1 Mem:396.74M (Peak 532.72M) | Time:00:00.23 | Mem:268.55M, Peak:268.55M | Scene, ViewLayer | Updating Geometry BVH Cube.192 263/674 | Building BVH
Fra:1 Mem:396.74M (Peak 532.72M) | Time:00:00.23 | Mem:268.55M, Peak:268.55M | Scene, ViewLayer | Updating Geometry BVH Cube.193 264/674 | Building mesh BLAS |     188 tris | Cube.192
Fra:1 Mem:396.74M (Peak 532.72M) | Time:00:00.23 | Mem:268.55M, Peak:268.55M | Scene, ViewLayer | Updating Geometry BVH Cube.193 264/674 | Building mesh BLAS |     188 tris | Cube.193
Fra:1 Mem:396.74M (Peak 532.72M) | Time:00:00.23 | Mem:268.55M, Peak:268.55M | Scene, ViewLayer | Updating Geometry BVH Cube.194 265/674 | Building BVH
Fra:1 Mem:396.74M (Peak 532.72M) | Time:00:00.23 | Mem:268.55M, Peak:268.55M | Scene, ViewLayer | Updating Geometry BVH Cube.194 265/674 | Building mesh BLAS |     188 tris | Cube.194
Fra:1 Mem:396.74M (Peak 532.72M) | Time:00:00.23 | Mem:268.56M, Peak:268.56M | Scene, ViewLayer | Updating Geometry BVH Cube.195 266/674 | Building BVH
Fra:1 Mem:396.74M (Peak 532.72M) | Time:00:00.23 | Mem:268.57M, Peak:268.57M | Scene, ViewLayer | Updating Geometry BVH Cube.195 266/674 | Building mesh BLAS |     188 tris | Cube.195
Fra:1 Mem:396.74M (Peak 532.72M) | Time:00:00.23 | Mem:268.57M, Peak:268.57M | Scene, ViewLayer | Updating Geometry BVH Cube.196 267/674 | Building BVH
Fra:1 Mem:396.74M (Peak 532.72M) | Time:00:00.23 | Mem:268.57M, Peak:268.57M | Scene, ViewLayer | Updating Geometry BVH Cube.196 267/674 | Building mesh BLAS |     188 tris | Cube.196
Fra:1 Mem:396.74M (Peak 532.72M) | Time:00:00.24 | Mem:268.58M, Peak:268.58M | Scene, ViewLayer | Updating Geometry BVH Cube.197 268/674 | Building BVH
Fra:1 Mem:396.74M (Peak 532.72M) | Time:00:00.24 | Mem:268.58M, Peak:268.58M | Scene, ViewLayer | Updating Geometry BVH Cube.197 268/674 | Building mesh BLAS |     188 tris | Cube.197
Fra:1 Mem:396.74M (Peak 532.72M) | Time:00:00.24 | Mem:268.58M, Peak:268.58M | Scene, ViewLayer | Updating Geometry BVH Cube.198 269/674 | Building BVH
Fra:1 Mem:396.74M (Peak 532.72M) | Time:00:00.24 | Mem:268.58M, Peak:268.58M | Scene, ViewLayer | Updating Geometry BVH Cube.199 270/674 | Building BVH
Fra:1 Mem:396.74M (Peak 532.72M) | Time:00:00.24 | Mem:268.60M, Peak:268.60M | Scene, ViewLayer | Updating Geometry BVH Cube.199 270/674 | Building mesh BLAS |     188 tris | Cube.199
Fra:1 Mem:396.74M (Peak 532.72M) | Time:00:00.24 | Mem:268.61M, Peak:268.61M | Scene, ViewLayer | Updating Geometry BVH Cube.200 271/674 | Building BVH
Fra:1 Mem:396.74M (Peak 532.72M) | Time:00:00.24 | Mem:268.61M, Peak:268.61M | Scene, ViewLayer | Updating Geometry BVH Cube.200 271/674 | Building mesh BLAS |     188 tris | Cube.200
Fra:1 Mem:396.74M (Peak 532.72M) | Time:00:00.24 | Mem:268.62M, Peak:268.62M | Scene, ViewLayer | Updating Geometry BVH Cube.201 272/674 | Building BVH
Fra:1 Mem:396.74M (Peak 532.72M) | Time:00:00.24 | Mem:268.62M, Peak:268.62M | Scene, ViewLayer | Updating Geometry BVH Cube.201 272/674 | Building mesh BLAS |     188 tris | Cube.201
Fra:1 Mem:396.74M (Peak 532.72M) | Time:00:00.24 | Mem:268.64M, Peak:268.64M | Scene, ViewLayer | Updating Geometry BVH Cube.202 273/674 | Building BVH
Fra:1 Mem:396.74M (Peak 532.72M) | Time:00:00.24 | Mem:268.64M, Peak:268.64M | Scene, ViewLayer | Updating Geometry BVH Cube.203 274/674 | Building BVH
Fra:1 Mem:396.74M (Peak 532.72M) | Time:00:00.24 | Mem:268.65M, Peak:268.65M | Scene, ViewLayer | Updating Geometry BVH Cube.203 274/674 | Building mesh BLAS |     188 tris | Cube.203
Fra:1 Mem:396.74M (Peak 532.72M) | Time:00:00.24 | Mem:268.66M, Peak:268.66M | Scene, ViewLayer | Updating Geometry BVH Cube.204 275/674 | Building BVH
Fra:1 Mem:396.74M (Peak 532.72M) | Time:00:00.24 | Mem:268.66M, Peak:268.66M | Scene, ViewLayer | Updating Geometry BVH Cube.207 278/674 | Building BVH
Fra:1 Mem:396.74M (Peak 532.72M) | Time:00:00.24 | Mem:268.67M, Peak:268.67M | Scene, ViewLayer | Updating Geometry BVH Cube.207 278/674 | Building mesh BLAS |     188 tris | Cube.204
Fra:1 Mem:396.74M (Peak 532.72M) | Time:00:00.24 | Mem:268.67M, Peak:268.67M | Scene, ViewLayer | Updating Geometry BVH Cube.207 278/674 | Building mesh BLAS |    1152 tris | Raised standing seam.041
Fra:1 Mem:396.74M (Peak 532.72M) | Time:00:00.24 | Mem:268.67M, Peak:268.67M | Scene, ViewLayer | Updating Geometry BVH Cube.208 279/674 | Building BVH
Fra:1 Mem:396.74M (Peak 532.72M) | Time:00:00.24 | Mem:268.67M, Peak:268.67M | Scene, ViewLayer | Updating Geometry BVH Cube.208 279/674 | Building mesh BLAS |     188 tris | Cube.206
Fra:1 Mem:396.74M (Peak 532.72M) | Time:00:00.24 | Mem:268.67M, Peak:268.67M | Scene, ViewLayer | Updating Geometry BVH Cube.208 279/674 | Building mesh BLAS |     188 tris | Cube.208
Fra:1 Mem:396.74M (Peak 532.72M) | Time:00:00.24 | Mem:268.67M, Peak:268.67M | Scene, ViewLayer | Updating Geometry BVH Cube.208 279/674 | Building mesh BLAS |     188 tris | Cube.207
Fra:1 Mem:396.74M (Peak 532.72M) | Time:00:00.24 | Mem:268.68M, Peak:268.68M | Scene, ViewLayer | Updating Geometry BVH Cube.209 280/674 | Building BVH
Fra:1 Mem:396.74M (Peak 532.72M) | Time:00:00.24 | Mem:268.70M, Peak:268.70M | Scene, ViewLayer | Updating Geometry BVH Cube.210 281/674 | Building mesh BLAS |     188 tris | Cube.209
Fra:1 Mem:396.74M (Peak 532.72M) | Time:00:00.24 | Mem:268.77M, Peak:268.77M | Scene, ViewLayer | Updating Geometry BVH Cube.210 281/674 | Building mesh BLAS |     188 tris | Cube.210
Fra:1 Mem:396.74M (Peak 532.72M) | Time:00:00.24 | Mem:268.78M, Peak:268.78M | Scene, ViewLayer | Updating Geometry BVH Cube.211 282/674 | Building BVH
Fra:1 Mem:396.74M (Peak 532.72M) | Time:00:00.24 | Mem:268.78M, Peak:268.78M | Scene, ViewLayer | Updating Geometry BVH Cube.211 282/674 | Building mesh BLAS |     188 tris | Cube.211
Fra:1 Mem:396.74M (Peak 532.72M) | Time:00:00.24 | Mem:268.78M, Peak:268.78M | Scene, ViewLayer | Updating Geometry BVH Cube.212 283/674 | Building BVH
Fra:1 Mem:396.74M (Peak 532.72M) | Time:00:00.24 | Mem:268.79M, Peak:268.79M | Scene, ViewLayer | Updating Geometry BVH Cube.212 283/674 | Building mesh BLAS |     792 tris | Cube.212
Fra:1 Mem:396.74M (Peak 532.72M) | Time:00:00.24 | Mem:268.80M, Peak:268.80M | Scene, ViewLayer | Updating Geometry BVH Cube.213 284/674 | Building BVH
Fra:1 Mem:396.74M (Peak 532.72M) | Time:00:00.24 | Mem:268.81M, Peak:268.81M | Scene, ViewLayer | Updating Geometry BVH Cube.213 284/674 | Building mesh BLAS |     524 tris | Cube.213
Fra:1 Mem:396.74M (Peak 532.72M) | Time:00:00.24 | Mem:268.81M, Peak:268.81M | Scene, ViewLayer | Updating Geometry BVH Cube.214 285/674 | Building BVH
Fra:1 Mem:396.74M (Peak 532.72M) | Time:00:00.24 | Mem:268.82M, Peak:268.82M | Scene, ViewLayer | Updating Geometry BVH Cube.214 285/674 | Building mesh BLAS |     188 tris | Cube.214
Fra:1 Mem:396.74M (Peak 532.72M) | Time:00:00.24 | Mem:268.82M, Peak:268.82M | Scene, ViewLayer | Updating Geometry BVH Cube.215 286/674 | Building BVH
Fra:1 Mem:396.74M (Peak 532.72M) | Time:00:00.24 | Mem:268.83M, Peak:268.83M | Scene, ViewLayer | Updating Geometry BVH Cube.215 286/674 | Building mesh BLAS |     460 tris | Cube.215
Fra:1 Mem:396.74M (Peak 532.72M) | Time:00:00.24 | Mem:268.83M, Peak:268.83M | Scene, ViewLayer | Updating Geometry BVH Cube.216 287/674 | Building BVH
Fra:1 Mem:396.74M (Peak 532.72M) | Time:00:00.24 | Mem:268.83M, Peak:268.83M | Scene, ViewLayer | Updating Geometry BVH Cube.216 287/674 | Building mesh BLAS |     188 tris | Cube.216
Fra:1 Mem:396.74M (Peak 532.72M) | Time:00:00.24 | Mem:268.83M, Peak:268.83M | Scene, ViewLayer | Updating Geometry BVH Cube.217 288/674 | Building BVH
Fra:1 Mem:396.74M (Peak 532.72M) | Time:00:00.24 | Mem:268.83M, Peak:268.83M | Scene, ViewLayer | Updating Geometry BVH Cube.217 288/674 | Building mesh BLAS |     188 tris | Cube.217
Fra:1 Mem:396.74M (Peak 532.72M) | Time:00:00.24 | Mem:268.84M, Peak:268.84M | Scene, ViewLayer | Updating Geometry BVH Cube.218 289/674 | Building BVH
Fra:1 Mem:396.74M (Peak 532.72M) | Time:00:00.24 | Mem:268.84M, Peak:268.84M | Scene, ViewLayer | Updating Geometry BVH Cube.218 289/674 | Building mesh BLAS |     188 tris | Cube.218
Fra:1 Mem:396.74M (Peak 532.72M) | Time:00:00.24 | Mem:268.86M, Peak:268.86M | Scene, ViewLayer | Updating Geometry BVH Cube.219 290/674 | Building BVH
Fra:1 Mem:396.74M (Peak 532.72M) | Time:00:00.24 | Mem:268.86M, Peak:268.86M | Scene, ViewLayer | Updating Geometry BVH Cube.219 290/674 | Building mesh BLAS |     188 tris | Cube.219
Fra:1 Mem:396.74M (Peak 532.72M) | Time:00:00.24 | Mem:268.86M, Peak:268.86M | Scene, ViewLayer | Updating Geometry BVH Cube.220 291/674 | Building BVH
Fra:1 Mem:396.74M (Peak 532.72M) | Time:00:00.24 | Mem:268.87M, Peak:268.87M | Scene, ViewLayer | Updating Geometry BVH Cube.220 291/674 | Building mesh BLAS |     188 tris | Cube.220
Fra:1 Mem:396.74M (Peak 532.72M) | Time:00:00.24 | Mem:268.89M, Peak:268.89M | Scene, ViewLayer | Updating Geometry BVH Cube.221 292/674 | Building BVH
Fra:1 Mem:396.74M (Peak 532.72M) | Time:00:00.24 | Mem:268.89M, Peak:268.89M | Scene, ViewLayer | Updating Geometry BVH Cube.222 293/674 | Building BVH
Fra:1 Mem:396.74M (Peak 532.72M) | Time:00:00.24 | Mem:268.89M, Peak:268.89M | Scene, ViewLayer | Updating Geometry BVH Cube.222 293/674 | Building mesh BLAS |     188 tris | Cube.222
Fra:1 Mem:396.74M (Peak 532.72M) | Time:00:00.24 | Mem:268.89M, Peak:268.89M | Scene, ViewLayer | Updating Geometry BVH Cube.223 294/674 | Building BVH
Fra:1 Mem:396.74M (Peak 532.72M) | Time:00:00.24 | Mem:268.89M, Peak:268.89M | Scene, ViewLayer | Updating Geometry BVH Cube.224 295/674 | Building BVH
Fra:1 Mem:396.74M (Peak 532.72M) | Time:00:00.24 | Mem:268.89M, Peak:268.89M | Scene, ViewLayer | Updating Geometry BVH Cube.224 295/674 | Building mesh BLAS |     188 tris | Cube.223
Fra:1 Mem:396.74M (Peak 532.72M) | Time:00:00.24 | Mem:268.92M, Peak:268.92M | Scene, ViewLayer | Updating Geometry BVH Cube.224 295/674 | Building mesh BLAS |     188 tris | Cube.224
Fra:1 Mem:396.74M (Peak 532.72M) | Time:00:00.24 | Mem:268.95M, Peak:268.95M | Scene, ViewLayer | Updating Geometry BVH Raised standing seam.040 653/674 | Building BVH
Fra:1 Mem:396.74M (Peak 532.72M) | Time:00:00.24 | Mem:268.96M, Peak:268.96M | Scene, ViewLayer | Updating Geometry BVH Cube.225 296/674 | Building BVH
Fra:1 Mem:396.74M (Peak 532.72M) | Time:00:00.24 | Mem:268.96M, Peak:268.96M | Scene, ViewLayer | Updating Geometry BVH Cube.225 296/674 | Building mesh BLAS |     188 tris | Cube.225
Fra:1 Mem:396.74M (Peak 532.72M) | Time:00:00.24 | Mem:268.96M, Peak:268.96M | Scene, ViewLayer | Updating Geometry BVH Cube.225 296/674 | Building mesh BLAS |    1152 tris | Raised standing seam.040
Fra:1 Mem:396.74M (Peak 532.72M) | Time:00:00.24 | Mem:268.99M, Peak:268.99M | Scene, ViewLayer | Updating Geometry BVH Cube.226 297/674 | Building BVH
Fra:1 Mem:396.74M (Peak 532.72M) | Time:00:00.24 | Mem:268.99M, Peak:268.99M | Scene, ViewLayer | Updating Geometry BVH Cube.226 297/674 | Building mesh BLAS |     380 tris | Cube.226
Fra:1 Mem:396.74M (Peak 532.72M) | Time:00:00.24 | Mem:268.99M, Peak:268.99M | Scene, ViewLayer | Updating Geometry BVH Cube.227 298/674 | Building BVH
Fra:1 Mem:396.74M (Peak 532.72M) | Time:00:00.24 | Mem:268.99M, Peak:268.99M | Scene, ViewLayer | Updating Geometry BVH Cube.227 298/674 | Building mesh BLAS |     188 tris | Cube.227
Fra:1 Mem:396.74M (Peak 532.72M) | Time:00:00.24 | Mem:268.99M, Peak:268.99M | Scene, ViewLayer | Updating Geometry BVH Cube.228 299/674 | Building BVH
Fra:1 Mem:396.74M (Peak 532.72M) | Time:00:00.24 | Mem:268.99M, Peak:268.99M | Scene, ViewLayer | Updating Geometry BVH Cube.228 299/674 | Building mesh BLAS |     188 tris | Cube.228
Fra:1 Mem:396.74M (Peak 532.72M) | Time:00:00.24 | Mem:269.07M, Peak:269.07M | Scene, ViewLayer | Updating Geometry BVH Cube.229 300/674 | Building BVH
Fra:1 Mem:396.74M (Peak 532.72M) | Time:00:00.24 | Mem:269.08M, Peak:269.08M | Scene, ViewLayer | Updating Geometry BVH Cube.229 300/674 | Building mesh BLAS |     188 tris | Cube.229
Fra:1 Mem:396.74M (Peak 532.72M) | Time:00:00.24 | Mem:269.08M, Peak:269.08M | Scene, ViewLayer | Updating Geometry BVH Cube.230 301/674 | Building BVH
Fra:1 Mem:396.74M (Peak 532.72M) | Time:00:00.24 | Mem:269.08M, Peak:269.08M | Scene, ViewLayer | Updating Geometry BVH Cube.230 301/674 | Building mesh BLAS |     188 tris | Cube.230
Fra:1 Mem:396.74M (Peak 532.72M) | Time:00:00.24 | Mem:269.08M, Peak:269.08M | Scene, ViewLayer | Updating Geometry BVH Cube.231 302/674 | Building BVH
Fra:1 Mem:396.74M (Peak 532.72M) | Time:00:00.24 | Mem:269.08M, Peak:269.08M | Scene, ViewLayer | Updating Geometry BVH Cube.232 303/674 | Building BVH
Fra:1 Mem:396.74M (Peak 532.72M) | Time:00:00.24 | Mem:269.08M, Peak:269.08M | Scene, ViewLayer | Updating Geometry BVH Cube.233 304/674 | Building BVH
Fra:1 Mem:396.74M (Peak 532.72M) | Time:00:00.24 | Mem:269.08M, Peak:269.08M | Scene, ViewLayer | Updating Geometry BVH Cube.233 304/674 | Building mesh BLAS |     188 tris | Cube.232
Fra:1 Mem:396.74M (Peak 532.72M) | Time:00:00.24 | Mem:269.09M, Peak:269.09M | Scene, ViewLayer | Updating Geometry BVH Cube.233 304/674 | Building mesh BLAS |     188 tris | Cube.233
Fra:1 Mem:396.74M (Peak 532.72M) | Time:00:00.24 | Mem:269.09M, Peak:269.09M | Scene, ViewLayer | Updating Geometry BVH Cube.234 305/674 | Building BVH
Fra:1 Mem:396.74M (Peak 532.72M) | Time:00:00.24 | Mem:269.09M, Peak:269.09M | Scene, ViewLayer | Updating Geometry BVH Cube.234 305/674 | Building mesh BLAS |     188 tris | Cube.234
Fra:1 Mem:396.74M (Peak 532.72M) | Time:00:00.24 | Mem:269.09M, Peak:269.09M | Scene, ViewLayer | Updating Geometry BVH Cube.235 306/674 | Building BVH
Fra:1 Mem:396.74M (Peak 532.72M) | Time:00:00.24 | Mem:269.09M, Peak:269.09M | Scene, ViewLayer | Updating Geometry BVH Cube.235 306/674 | Building mesh BLAS |     188 tris | Cube.235
Fra:1 Mem:396.74M (Peak 532.72M) | Time:00:00.24 | Mem:269.09M, Peak:269.09M | Scene, ViewLayer | Updating Geometry BVH Cube.236 307/674 | Building BVH
Fra:1 Mem:396.74M (Peak 532.72M) | Time:00:00.24 | Mem:269.09M, Peak:269.09M | Scene, ViewLayer | Updating Geometry BVH Cube.236 307/674 | Building mesh BLAS |     188 tris | Cube.236
Fra:1 Mem:396.74M (Peak 532.72M) | Time:00:00.24 | Mem:269.10M, Peak:269.10M | Scene, ViewLayer | Updating Geometry BVH Cube.237 308/674 | Building BVH
Fra:1 Mem:396.74M (Peak 532.72M) | Time:00:00.24 | Mem:269.10M, Peak:269.10M | Scene, ViewLayer | Updating Geometry BVH Cube.237 308/674 | Building mesh BLAS |     188 tris | Cube.237
Fra:1 Mem:396.74M (Peak 532.72M) | Time:00:00.24 | Mem:269.10M, Peak:269.10M | Scene, ViewLayer | Updating Geometry BVH Cube.238 309/674 | Building BVH
Fra:1 Mem:396.74M (Peak 532.72M) | Time:00:00.24 | Mem:269.10M, Peak:269.10M | Scene, ViewLayer | Updating Geometry BVH Cube.238 309/674 | Building mesh BLAS |     188 tris | Cube.238
Fra:1 Mem:396.74M (Peak 532.72M) | Time:00:00.24 | Mem:269.10M, Peak:269.10M | Scene, ViewLayer | Updating Geometry BVH Cube.239 310/674 | Building BVH
Fra:1 Mem:396.74M (Peak 532.72M) | Time:00:00.24 | Mem:269.10M, Peak:269.10M | Scene, ViewLayer | Updating Geometry BVH Cube.239 310/674 | Building mesh BLAS |     188 tris | Cube.239
Fra:1 Mem:396.74M (Peak 532.72M) | Time:00:00.24 | Mem:269.10M, Peak:269.10M | Scene, ViewLayer | Updating Geometry BVH Cube.240 311/674 | Building BVH
Fra:1 Mem:396.74M (Peak 532.72M) | Time:00:00.24 | Mem:269.10M, Peak:269.10M | Scene, ViewLayer | Updating Geometry BVH Cube.240 311/674 | Building mesh BLAS |     188 tris | Cube.240
Fra:1 Mem:396.74M (Peak 532.72M) | Time:00:00.24 | Mem:269.12M, Peak:269.12M | Scene, ViewLayer | Updating Geometry BVH Raised standing seam.039 652/674 | Building BVH
Fra:1 Mem:396.74M (Peak 532.72M) | Time:00:00.24 | Mem:269.12M, Peak:269.12M | Scene, ViewLayer | Updating Geometry BVH Cube.241 312/674 | Building BVH
Fra:1 Mem:396.74M (Peak 532.72M) | Time:00:00.24 | Mem:269.12M, Peak:269.12M | Scene, ViewLayer | Updating Geometry BVH Cube.241 312/674 | Building mesh BLAS |    1152 tris | Raised standing seam.039
Fra:1 Mem:396.74M (Peak 532.72M) | Time:00:00.24 | Mem:269.12M, Peak:269.12M | Scene, ViewLayer | Updating Geometry BVH Cube.241 312/674 | Building mesh BLAS |     188 tris | Cube.241
Fra:1 Mem:396.74M (Peak 532.72M) | Time:00:00.24 | Mem:269.12M, Peak:269.12M | Scene, ViewLayer | Updating Geometry BVH Cube.242 313/674 | Building BVH
Fra:1 Mem:396.74M (Peak 532.72M) | Time:00:00.24 | Mem:269.12M, Peak:269.12M | Scene, ViewLayer | Updating Geometry BVH Cube.242 313/674 | Building mesh BLAS |     188 tris | Cube.242
Fra:1 Mem:396.74M (Peak 532.72M) | Time:00:00.24 | Mem:269.12M, Peak:269.12M | Scene, ViewLayer | Updating Geometry BVH Cube.243 314/674 | Building BVH
Fra:1 Mem:396.74M (Peak 532.72M) | Time:00:00.24 | Mem:269.12M, Peak:269.12M | Scene, ViewLayer | Updating Geometry BVH Cube.243 314/674 | Building mesh BLAS |     188 tris | Cube.243
Fra:1 Mem:396.74M (Peak 532.72M) | Time:00:00.24 | Mem:269.13M, Peak:269.13M | Scene, ViewLayer | Updating Geometry BVH Cube.244 315/674 | Building BVH
Fra:1 Mem:396.74M (Peak 532.72M) | Time:00:00.24 | Mem:269.13M, Peak:269.13M | Scene, ViewLayer | Updating Geometry BVH Cube.244 315/674 | Building mesh BLAS |     188 tris | Cube.244
Fra:1 Mem:396.74M (Peak 532.72M) | Time:00:00.24 | Mem:269.13M, Peak:269.13M | Scene, ViewLayer | Updating Geometry BVH Cube.245 316/674 | Building BVH
Fra:1 Mem:396.74M (Peak 532.72M) | Time:00:00.24 | Mem:269.13M, Peak:269.13M | Scene, ViewLayer | Updating Geometry BVH Cube.245 316/674 | Building mesh BLAS |     188 tris | Cube.245
Fra:1 Mem:396.74M (Peak 532.72M) | Time:00:00.24 | Mem:269.19M, Peak:269.19M | Scene, ViewLayer | Updating Geometry BVH Cube.246 317/674 | Building BVH
Fra:1 Mem:396.74M (Peak 532.72M) | Time:00:00.24 | Mem:269.19M, Peak:269.19M | Scene, ViewLayer | Updating Geometry BVH Cube.246 317/674 | Building mesh BLAS |     188 tris | Cube.246
Fra:1 Mem:396.74M (Peak 532.72M) | Time:00:00.24 | Mem:269.21M, Peak:269.21M | Scene, ViewLayer | Updating Geometry BVH Cube.247 318/674 | Building BVH
Fra:1 Mem:396.74M (Peak 532.72M) | Time:00:00.24 | Mem:269.21M, Peak:269.21M | Scene, ViewLayer | Updating Geometry BVH Cube.247 318/674 | Building mesh BLAS |     188 tris | Cube.247
Fra:1 Mem:396.74M (Peak 532.72M) | Time:00:00.24 | Mem:269.22M, Peak:269.22M | Scene, ViewLayer | Updating Geometry BVH Cube.248 319/674 | Building BVH
Fra:1 Mem:396.74M (Peak 532.72M) | Time:00:00.24 | Mem:269.22M, Peak:269.22M | Scene, ViewLayer | Updating Geometry BVH Cube.249 320/674 | Building BVH
Fra:1 Mem:396.74M (Peak 532.72M) | Time:00:00.24 | Mem:269.22M, Peak:269.22M | Scene, ViewLayer | Updating Geometry BVH Cube.250 321/674 | Building BVH
Fra:1 Mem:396.74M (Peak 532.72M) | Time:00:00.24 | Mem:269.23M, Peak:269.23M | Scene, ViewLayer | Updating Geometry BVH Cube.250 321/674 | Building mesh BLAS |     188 tris | Cube.249
Fra:1 Mem:396.74M (Peak 532.72M) | Time:00:00.24 | Mem:269.23M, Peak:269.23M | Scene, ViewLayer | Updating Geometry BVH Cube.250 321/674 | Building mesh BLAS |     188 tris | Cube.248
Fra:1 Mem:396.74M (Peak 532.72M) | Time:00:00.24 | Mem:269.23M, Peak:269.23M | Scene, ViewLayer | Updating Geometry BVH Cube.250 321/674 | Building mesh BLAS |     188 tris | Cube.250
Fra:1 Mem:396.74M (Peak 532.72M) | Time:00:00.24 | Mem:269.23M, Peak:269.23M | Scene, ViewLayer | Updating Geometry BVH Cube.255 326/674 | Building BVH
Fra:1 Mem:396.74M (Peak 532.72M) | Time:00:00.24 | Mem:269.23M, Peak:269.23M | Scene, ViewLayer | Updating Geometry BVH Cube.255 326/674 | Building mesh BLAS |     188 tris | Cube.255
Fra:1 Mem:396.74M (Peak 532.72M) | Time:00:00.24 | Mem:269.23M, Peak:269.23M | Scene, ViewLayer | Updating Geometry BVH Cube.255 326/674 | Building mesh BLAS |     188 tris | Cube.252
Fra:1 Mem:396.74M (Peak 532.72M) | Time:00:00.24 | Mem:269.23M, Peak:269.23M | Scene, ViewLayer | Updating Geometry BVH Cube.255 326/674 | Building mesh BLAS |     188 tris | Cube.253
Fra:1 Mem:396.74M (Peak 532.72M) | Time:00:00.24 | Mem:269.23M, Peak:269.23M | Scene, ViewLayer | Updating Geometry BVH Cube.255 326/674 | Building mesh BLAS |     188 tris | Cube.254
Fra:1 Mem:396.74M (Peak 532.72M) | Time:00:00.24 | Mem:269.23M, Peak:269.23M | Scene, ViewLayer | Updating Geometry BVH Cube.255 326/674 | Building mesh BLAS |     188 tris | Cube.251
Fra:1 Mem:396.74M (Peak 532.72M) | Time:00:00.24 | Mem:269.23M, Peak:269.23M | Scene, ViewLayer | Updating Geometry BVH Cube.256 327/674 | Building BVH
Fra:1 Mem:396.74M (Peak 532.72M) | Time:00:00.24 | Mem:269.23M, Peak:269.23M | Scene, ViewLayer | Updating Geometry BVH Cube.256 327/674 | Building mesh BLAS |     188 tris | Cube.256
Fra:1 Mem:396.74M (Peak 532.72M) | Time:00:00.24 | Mem:269.23M, Peak:269.23M | Scene, ViewLayer | Updating Geometry BVH Raised standing seam.038 651/674 | Building BVH
Fra:1 Mem:396.74M (Peak 532.72M) | Time:00:00.24 | Mem:269.24M, Peak:269.24M | Scene, ViewLayer | Updating Geometry BVH Cube.257 328/674 | Building BVH
Fra:1 Mem:396.74M (Peak 532.72M) | Time:00:00.24 | Mem:269.24M, Peak:269.24M | Scene, ViewLayer | Updating Geometry BVH Cube.258 329/674 | Building BVH
Fra:1 Mem:396.74M (Peak 532.72M) | Time:00:00.24 | Mem:269.24M, Peak:269.24M | Scene, ViewLayer | Updating Geometry BVH Cube.258 329/674 | Building mesh BLAS |     188 tris | Cube.257
Fra:1 Mem:396.74M (Peak 532.72M) | Time:00:00.24 | Mem:269.24M, Peak:269.24M | Scene, ViewLayer | Updating Geometry BVH Cube.259 330/674 | Building BVH
Fra:1 Mem:396.74M (Peak 532.72M) | Time:00:00.24 | Mem:269.24M, Peak:269.24M | Scene, ViewLayer | Updating Geometry BVH Cube.259 330/674 | Building mesh BLAS |     188 tris | Cube.258
Fra:1 Mem:396.74M (Peak 532.72M) | Time:00:00.24 | Mem:269.24M, Peak:269.24M | Scene, ViewLayer | Updating Geometry BVH Cube.259 330/674 | Building mesh BLAS |     188 tris | Cube.259
Fra:1 Mem:396.74M (Peak 532.72M) | Time:00:00.24 | Mem:269.24M, Peak:269.24M | Scene, ViewLayer | Updating Geometry BVH Cube.260 331/674 | Building BVH
Fra:1 Mem:396.74M (Peak 532.72M) | Time:00:00.24 | Mem:269.25M, Peak:269.25M | Scene, ViewLayer | Updating Geometry BVH Cube.260 331/674 | Building mesh BLAS |     188 tris | Cube.260
Fra:1 Mem:396.74M (Peak 532.72M) | Time:00:00.24 | Mem:269.25M, Peak:269.25M | Scene, ViewLayer | Updating Geometry BVH Cube.261 332/674 | Building BVH
Fra:1 Mem:396.74M (Peak 532.72M) | Time:00:00.24 | Mem:269.25M, Peak:269.25M | Scene, ViewLayer | Updating Geometry BVH Cube.261 332/674 | Building mesh BLAS |     188 tris | Cube.261
Fra:1 Mem:396.74M (Peak 532.72M) | Time:00:00.24 | Mem:269.32M, Peak:269.32M | Scene, ViewLayer | Updating Geometry BVH Cube.262 333/674 | Building BVH
Fra:1 Mem:396.74M (Peak 532.72M) | Time:00:00.24 | Mem:269.32M, Peak:269.32M | Scene, ViewLayer | Updating Geometry BVH Cube.263 334/674 | Building mesh BLAS |     188 tris | Cube.262
Fra:1 Mem:396.74M (Peak 532.72M) | Time:00:00.24 | Mem:269.32M, Peak:269.32M | Scene, ViewLayer | Updating Geometry BVH Cube.263 334/674 | Building mesh BLAS |     188 tris | Cube.263
Fra:1 Mem:396.74M (Peak 532.72M) | Time:00:00.24 | Mem:269.32M, Peak:269.32M | Scene, ViewLayer | Updating Geometry BVH Cube.264 335/674 | Building BVH
Fra:1 Mem:396.74M (Peak 532.72M) | Time:00:00.24 | Mem:269.32M, Peak:269.32M | Scene, ViewLayer | Updating Geometry BVH Cube.264 335/674 | Building mesh BLAS |     188 tris | Cube.264
Fra:1 Mem:396.74M (Peak 532.72M) | Time:00:00.24 | Mem:269.34M, Peak:269.34M | Scene, ViewLayer | Updating Geometry BVH Cube.265 336/674 | Building BVH
Fra:1 Mem:396.74M (Peak 532.72M) | Time:00:00.24 | Mem:269.34M, Peak:269.34M | Scene, ViewLayer | Updating Geometry BVH Cube.265 336/674 | Building mesh BLAS |     188 tris | Cube.265
Fra:1 Mem:396.74M (Peak 532.72M) | Time:00:00.24 | Mem:269.34M, Peak:269.34M | Scene, ViewLayer | Updating Geometry BVH Cube.266 337/674 | Building BVH
Fra:1 Mem:396.74M (Peak 532.72M) | Time:00:00.24 | Mem:269.34M, Peak:269.34M | Scene, ViewLayer | Updating Geometry BVH Cube.266 337/674 | Building mesh BLAS |     188 tris | Cube.266
Fra:1 Mem:396.74M (Peak 532.72M) | Time:00:00.24 | Mem:269.34M, Peak:269.34M | Scene, ViewLayer | Updating Geometry BVH Cube.267 338/674 | Building BVH
Fra:1 Mem:396.74M (Peak 532.72M) | Time:00:00.24 | Mem:269.34M, Peak:269.34M | Scene, ViewLayer | Updating Geometry BVH Cube.267 338/674 | Building mesh BLAS |     188 tris | Cube.267
Fra:1 Mem:396.74M (Peak 532.72M) | Time:00:00.24 | Mem:269.35M, Peak:269.35M | Scene, ViewLayer | Updating Geometry BVH Cube.268 339/674 | Building BVH
Fra:1 Mem:396.74M (Peak 532.72M) | Time:00:00.24 | Mem:269.35M, Peak:269.35M | Scene, ViewLayer | Updating Geometry BVH Cube.269 340/674 | Building BVH
Fra:1 Mem:396.74M (Peak 532.72M) | Time:00:00.24 | Mem:269.35M, Peak:269.35M | Scene, ViewLayer | Updating Geometry BVH Cube.271 342/674 | Building BVH
Fra:1 Mem:396.74M (Peak 532.72M) | Time:00:00.24 | Mem:269.35M, Peak:269.35M | Scene, ViewLayer | Updating Geometry BVH Cube.271 342/674 | Building mesh BLAS |     188 tris | Cube.269
Fra:1 Mem:396.74M (Peak 532.72M) | Time:00:00.24 | Mem:269.35M, Peak:269.35M | Scene, ViewLayer | Updating Geometry BVH Cube.271 342/674 | Building mesh BLAS |     188 tris | Cube.270
Fra:1 Mem:396.74M (Peak 532.72M) | Time:00:00.24 | Mem:269.36M, Peak:269.36M | Scene, ViewLayer | Updating Geometry BVH Cube.272 343/674 | Building BVH
Fra:1 Mem:396.74M (Peak 532.72M) | Time:00:00.24 | Mem:269.36M, Peak:269.36M | Scene, ViewLayer | Updating Geometry BVH Cube.272 343/674 | Building mesh BLAS |     188 tris | Cube.272
Fra:1 Mem:396.74M (Peak 532.72M) | Time:00:00.24 | Mem:269.38M, Peak:269.38M | Scene, ViewLayer | Updating Geometry BVH Cube.273 344/674 | Building BVH
Fra:1 Mem:396.74M (Peak 532.72M) | Time:00:00.24 | Mem:269.38M, Peak:269.38M | Scene, ViewLayer | Updating Geometry BVH Cube.273 344/674 | Building mesh BLAS |     188 tris | Cube.273
Fra:1 Mem:396.74M (Peak 532.72M) | Time:00:00.24 | Mem:269.38M, Peak:269.38M | Scene, ViewLayer | Updating Geometry BVH Raised standing seam.037 650/674 | Building BVH
Fra:1 Mem:396.74M (Peak 532.72M) | Time:00:00.24 | Mem:269.38M, Peak:269.38M | Scene, ViewLayer | Updating Geometry BVH Cube.274 345/674 | Building BVH
Fra:1 Mem:396.74M (Peak 532.72M) | Time:00:00.24 | Mem:269.38M, Peak:269.38M | Scene, ViewLayer | Updating Geometry BVH Cube.274 345/674 | Building mesh BLAS |    1152 tris | Raised standing seam.037
Fra:1 Mem:396.74M (Peak 532.72M) | Time:00:00.24 | Mem:269.38M, Peak:269.38M | Scene, ViewLayer | Updating Geometry BVH Cube.274 345/674 | Building mesh BLAS |     188 tris | Cube.274
Fra:1 Mem:396.74M (Peak 532.72M) | Time:00:00.24 | Mem:269.38M, Peak:269.38M | Scene, ViewLayer | Updating Geometry BVH Cube.275 346/674 | Building BVH
Fra:1 Mem:396.74M (Peak 532.72M) | Time:00:00.24 | Mem:269.38M, Peak:269.38M | Scene, ViewLayer | Updating Geometry BVH Cube.275 346/674 | Building mesh BLAS |     188 tris | Cube.275
Fra:1 Mem:396.74M (Peak 532.72M) | Time:00:00.24 | Mem:269.38M, Peak:269.38M | Scene, ViewLayer | Updating Geometry BVH Cube.276 347/674 | Building BVH
Fra:1 Mem:396.74M (Peak 532.72M) | Time:00:00.24 | Mem:269.39M, Peak:269.39M | Scene, ViewLayer | Updating Geometry BVH Cube.276 347/674 | Building mesh BLAS |     188 tris | Cube.276
Fra:1 Mem:396.74M (Peak 532.72M) | Time:00:00.24 | Mem:269.41M, Peak:269.41M | Scene, ViewLayer | Updating Geometry BVH Cube.277 348/674 | Building BVH
Fra:1 Mem:396.74M (Peak 532.72M) | Time:00:00.24 | Mem:269.41M, Peak:269.41M | Scene, ViewLayer | Updating Geometry BVH Cube.277 348/674 | Building mesh BLAS |     188 tris | Cube.277
Fra:1 Mem:396.74M (Peak 532.72M) | Time:00:00.24 | Mem:269.42M, Peak:269.42M | Scene, ViewLayer | Updating Geometry BVH Cylinder.069 349/674 | Building BVH
Fra:1 Mem:396.74M (Peak 532.72M) | Time:00:00.24 | Mem:269.42M, Peak:269.42M | Scene, ViewLayer | Updating Geometry BVH Cylinder.069 349/674 | Building mesh BLAS |      60 tris | Cylinder.069
Fra:1 Mem:396.74M (Peak 532.72M) | Time:00:00.24 | Mem:269.42M, Peak:269.42M | Scene, ViewLayer | Updating Geometry BVH Sphere.001 350/674 | Building BVH
Fra:1 Mem:396.74M (Peak 532.72M) | Time:00:00.24 | Mem:269.42M, Peak:269.42M | Scene, ViewLayer | Updating Geometry BVH Sphere.001 350/674 | Building mesh BLAS |     528 tris | Sphere.001
Fra:1 Mem:396.74M (Peak 532.72M) | Time:00:00.24 | Mem:269.42M, Peak:269.42M | Scene, ViewLayer | Updating Geometry BVH Cube.278 351/674 | Building BVH
Fra:1 Mem:396.74M (Peak 532.72M) | Time:00:00.24 | Mem:269.42M, Peak:269.42M | Scene, ViewLayer | Updating Geometry BVH Cube.278 351/674 | Building mesh BLAS |     188 tris | Cube.278
Fra:1 Mem:396.74M (Peak 532.72M) | Time:00:00.24 | Mem:269.45M, Peak:269.45M | Scene, ViewLayer | Updating Geometry BVH Cube.279 352/674 | Building BVH
Fra:1 Mem:396.74M (Peak 532.72M) | Time:00:00.24 | Mem:269.45M, Peak:269.45M | Scene, ViewLayer | Updating Geometry BVH Cube.279 352/674 | Building mesh BLAS |     188 tris | Cube.279
Fra:1 Mem:396.74M (Peak 532.72M) | Time:00:00.24 | Mem:269.45M, Peak:269.45M | Scene, ViewLayer | Updating Geometry BVH Cube.280 353/674 | Building BVH
Fra:1 Mem:396.74M (Peak 532.72M) | Time:00:00.24 | Mem:269.45M, Peak:269.45M | Scene, ViewLayer | Updating Geometry BVH Cube.280 353/674 | Building mesh BLAS |     188 tris | Cube.280
Fra:1 Mem:396.74M (Peak 532.72M) | Time:00:00.24 | Mem:269.52M, Peak:269.52M | Scene, ViewLayer | Updating Geometry BVH Cube.281 354/674 | Building BVH
Fra:1 Mem:396.74M (Peak 532.72M) | Time:00:00.24 | Mem:269.52M, Peak:269.52M | Scene, ViewLayer | Updating Geometry BVH Cube.281 354/674 | Building mesh BLAS |     188 tris | Cube.281
Fra:1 Mem:396.74M (Peak 532.72M) | Time:00:00.24 | Mem:269.52M, Peak:269.52M | Scene, ViewLayer | Updating Geometry BVH Cube.282 355/674 | Building BVH
Fra:1 Mem:396.74M (Peak 532.72M) | Time:00:00.24 | Mem:269.52M, Peak:269.52M | Scene, ViewLayer | Updating Geometry BVH Cube.282 355/674 | Building mesh BLAS |     188 tris | Cube.282
Fra:1 Mem:396.74M (Peak 532.72M) | Time:00:00.24 | Mem:269.55M, Peak:269.55M | Scene, ViewLayer | Updating Geometry BVH Cube.283 356/674 | Building BVH
Fra:1 Mem:396.74M (Peak 532.72M) | Time:00:00.24 | Mem:269.56M, Peak:269.56M | Scene, ViewLayer | Updating Geometry BVH Cube.284 357/674 | Building BVH
Fra:1 Mem:396.74M (Peak 532.72M) | Time:00:00.24 | Mem:269.56M, Peak:269.56M | Scene, ViewLayer | Updating Geometry BVH Cube.284 357/674 | Building mesh BLAS |     188 tris | Cube.283
Fra:1 Mem:396.74M (Peak 532.72M) | Time:00:00.24 | Mem:269.56M, Peak:269.56M | Scene, ViewLayer | Updating Geometry BVH Cube.284 357/674 | Building mesh BLAS |     188 tris | Cube.284
Fra:1 Mem:396.74M (Peak 532.72M) | Time:00:00.24 | Mem:269.56M, Peak:269.56M | Scene, ViewLayer | Updating Geometry BVH Cube.285 358/674 | Building BVH
Fra:1 Mem:396.74M (Peak 532.72M) | Time:00:00.24 | Mem:269.56M, Peak:269.56M | Scene, ViewLayer | Updating Geometry BVH Cube.285 358/674 | Building mesh BLAS |     188 tris | Cube.285
Fra:1 Mem:396.74M (Peak 532.72M) | Time:00:00.24 | Mem:269.56M, Peak:269.56M | Scene, ViewLayer | Updating Geometry BVH Cube.286 359/674 | Building BVH
Fra:1 Mem:396.74M (Peak 532.72M) | Time:00:00.24 | Mem:269.56M, Peak:269.56M | Scene, ViewLayer | Updating Geometry BVH Cube.286 359/674 | Building mesh BLAS |     188 tris | Cube.286
Fra:1 Mem:396.74M (Peak 532.72M) | Time:00:00.24 | Mem:269.56M, Peak:269.56M | Scene, ViewLayer | Updating Geometry BVH Cube.287 360/674 | Building BVH
Fra:1 Mem:396.74M (Peak 532.72M) | Time:00:00.24 | Mem:269.56M, Peak:269.56M | Scene, ViewLayer | Updating Geometry BVH Cube.287 360/674 | Building mesh BLAS |     188 tris | Cube.287
Fra:1 Mem:396.74M (Peak 532.72M) | Time:00:00.24 | Mem:269.59M, Peak:269.59M | Scene, ViewLayer | Updating Geometry BVH Cube.288 361/674 | Building BVH
Fra:1 Mem:396.74M (Peak 532.72M) | Time:00:00.24 | Mem:269.59M, Peak:269.59M | Scene, ViewLayer | Updating Geometry BVH Cube.288 361/674 | Building mesh BLAS |     188 tris | Cube.288
Fra:1 Mem:396.74M (Peak 532.72M) | Time:00:00.24 | Mem:269.59M, Peak:269.59M | Scene, ViewLayer | Updating Geometry BVH Raised standing seam.036 649/674 | Building BVH
Fra:1 Mem:396.74M (Peak 532.72M) | Time:00:00.24 | Mem:269.59M, Peak:269.59M | Scene, ViewLayer | Updating Geometry BVH Cube.289 362/674 | Building BVH
Fra:1 Mem:396.74M (Peak 532.72M) | Time:00:00.24 | Mem:269.59M, Peak:269.59M | Scene, ViewLayer | Updating Geometry BVH Cube.289 362/674 | Building mesh BLAS |     188 tris | Cube.289
Fra:1 Mem:396.74M (Peak 532.72M) | Time:00:00.24 | Mem:269.60M, Peak:269.60M | Scene, ViewLayer | Updating Geometry BVH Cube.290 363/674 | Building BVH
Fra:1 Mem:396.74M (Peak 532.72M) | Time:00:00.24 | Mem:269.61M, Peak:269.61M | Scene, ViewLayer | Updating Geometry BVH Cube.290 363/674 | Building mesh BLAS |     188 tris | Cube.290
Fra:1 Mem:396.74M (Peak 532.72M) | Time:00:00.24 | Mem:269.63M, Peak:269.63M | Scene, ViewLayer | Updating Geometry BVH Cube.291 364/674 | Building BVH
Fra:1 Mem:396.74M (Peak 532.72M) | Time:00:00.24 | Mem:269.64M, Peak:269.64M | Scene, ViewLayer | Updating Geometry BVH Cube.291 364/674 | Building mesh BLAS |     188 tris | Cube.291
Fra:1 Mem:396.74M (Peak 532.72M) | Time:00:00.24 | Mem:269.65M, Peak:269.65M | Scene, ViewLayer | Updating Geometry BVH Cube.292 365/674 | Building BVH
Fra:1 Mem:396.74M (Peak 532.72M) | Time:00:00.24 | Mem:269.66M, Peak:269.66M | Scene, ViewLayer | Updating Geometry BVH Cube.293 366/674 | Building BVH
Fra:1 Mem:396.74M (Peak 532.72M) | Time:00:00.24 | Mem:269.66M, Peak:269.66M | Scene, ViewLayer | Updating Geometry BVH Cube.293 366/674 | Building mesh BLAS |     188 tris | Cube.292
Fra:1 Mem:396.74M (Peak 532.72M) | Time:00:00.24 | Mem:269.67M, Peak:269.67M | Scene, ViewLayer | Updating Geometry BVH Cube.293 366/674 | Building mesh BLAS |     188 tris | Cube.293
Fra:1 Mem:396.74M (Peak 532.72M) | Time:00:00.24 | Mem:269.68M, Peak:269.68M | Scene, ViewLayer | Updating Geometry BVH Cube.294 367/674 | Building BVH
Fra:1 Mem:396.74M (Peak 532.72M) | Time:00:00.24 | Mem:269.68M, Peak:269.68M | Scene, ViewLayer | Updating Geometry BVH Cube.295 368/674 | Building BVH
Fra:1 Mem:396.74M (Peak 532.72M) | Time:00:00.24 | Mem:269.68M, Peak:269.68M | Scene, ViewLayer | Updating Geometry BVH Cube.295 368/674 | Building mesh BLAS |     188 tris | Cube.294
Fra:1 Mem:396.74M (Peak 532.72M) | Time:00:00.24 | Mem:269.68M, Peak:269.68M | Scene, ViewLayer | Updating Geometry BVH Cube.296 369/674 | Building BVH
Fra:1 Mem:396.74M (Peak 532.72M) | Time:00:00.24 | Mem:269.68M, Peak:269.68M | Scene, ViewLayer | Updating Geometry BVH Cube.297 370/674 | Building BVH
Fra:1 Mem:396.74M (Peak 532.72M) | Time:00:00.24 | Mem:269.68M, Peak:269.68M | Scene, ViewLayer | Updating Geometry BVH Cube.297 370/674 | Building mesh BLAS |     188 tris | Cube.296
Fra:1 Mem:396.74M (Peak 532.72M) | Time:00:00.24 | Mem:269.68M, Peak:269.68M | Scene, ViewLayer | Updating Geometry BVH Cube.297 370/674 | Building mesh BLAS |     188 tris | Cube.297
Fra:1 Mem:396.74M (Peak 532.72M) | Time:00:00.24 | Mem:269.69M, Peak:269.69M | Scene, ViewLayer | Updating Geometry BVH Cube.298 371/674 | Building BVH
Fra:1 Mem:396.74M (Peak 532.72M) | Time:00:00.24 | Mem:269.69M, Peak:269.69M | Scene, ViewLayer | Updating Geometry BVH Cube.299 372/674 | Building BVH
Fra:1 Mem:396.74M (Peak 532.72M) | Time:00:00.24 | Mem:269.69M, Peak:269.69M | Scene, ViewLayer | Updating Geometry BVH Cube.299 372/674 | Building mesh BLAS |     188 tris | Cube.299
Fra:1 Mem:396.74M (Peak 532.72M) | Time:00:00.24 | Mem:269.77M, Peak:269.77M | Scene, ViewLayer | Updating Geometry BVH Cube.300 373/674 | Building BVH
Fra:1 Mem:396.74M (Peak 532.72M) | Time:00:00.24 | Mem:269.77M, Peak:269.77M | Scene, ViewLayer | Updating Geometry BVH Cube.300 373/674 | Building mesh BLAS |     188 tris | Cube.300
Fra:1 Mem:396.74M (Peak 532.72M) | Time:00:00.24 | Mem:269.77M, Peak:269.77M | Scene, ViewLayer | Updating Geometry BVH Cube.301 374/674 | Building BVH
Fra:1 Mem:396.74M (Peak 532.72M) | Time:00:00.24 | Mem:269.77M, Peak:269.77M | Scene, ViewLayer | Updating Geometry BVH Cube.302 375/674 | Building BVH
Fra:1 Mem:396.74M (Peak 532.72M) | Time:00:00.24 | Mem:269.77M, Peak:269.77M | Scene, ViewLayer | Updating Geometry BVH Cube.302 375/674 | Building mesh BLAS |     188 tris | Cube.302
Fra:1 Mem:396.74M (Peak 532.72M) | Time:00:00.24 | Mem:269.84M, Peak:269.84M | Scene, ViewLayer | Updating Geometry BVH Cube.303 376/674 | Building BVH
Fra:1 Mem:396.74M (Peak 532.72M) | Time:00:00.24 | Mem:269.84M, Peak:269.84M | Scene, ViewLayer | Updating Geometry BVH Cube.304 377/674 | Building BVH
Fra:1 Mem:396.74M (Peak 532.72M) | Time:00:00.24 | Mem:269.84M, Peak:269.84M | Scene, ViewLayer | Updating Geometry BVH Cube.304 377/674 | Building mesh BLAS |     188 tris | Cube.303
Fra:1 Mem:396.74M (Peak 532.72M) | Time:00:00.24 | Mem:269.84M, Peak:269.84M | Scene, ViewLayer | Updating Geometry BVH Cube.304 377/674 | Building mesh BLAS |     188 tris | Cube.304
Fra:1 Mem:396.74M (Peak 532.72M) | Time:00:00.24 | Mem:269.87M, Peak:269.87M | Scene, ViewLayer | Updating Geometry BVH Cube.305 378/674 | Building BVH
Fra:1 Mem:396.74M (Peak 532.72M) | Time:00:00.24 | Mem:269.87M, Peak:269.87M | Scene, ViewLayer | Updating Geometry BVH Raised standing seam.035 648/674 | Building BVH
Fra:1 Mem:396.74M (Peak 532.72M) | Time:00:00.24 | Mem:269.87M, Peak:269.87M | Scene, ViewLayer | Updating Geometry BVH Raised standing seam.035 648/674 | Building mesh BLAS |     188 tris | Cube.305
Fra:1 Mem:396.74M (Peak 532.72M) | Time:00:00.24 | Mem:269.87M, Peak:269.87M | Scene, ViewLayer | Updating Geometry BVH Raised standing seam.035 648/674 | Building mesh BLAS |    1152 tris | Raised standing seam.035
Fra:1 Mem:396.74M (Peak 532.72M) | Time:00:00.24 | Mem:269.91M, Peak:269.91M | Scene, ViewLayer | Updating Geometry BVH Cube.306 379/674 | Building BVH
Fra:1 Mem:396.74M (Peak 532.72M) | Time:00:00.24 | Mem:269.91M, Peak:269.91M | Scene, ViewLayer | Updating Geometry BVH Cube.306 379/674 | Building mesh BLAS |     188 tris | Cube.306
Fra:1 Mem:396.74M (Peak 532.72M) | Time:00:00.24 | Mem:269.95M, Peak:269.95M | Scene, ViewLayer | Updating Geometry BVH Cube.307 380/674 | Building BVH
Fra:1 Mem:396.74M (Peak 532.72M) | Time:00:00.24 | Mem:269.95M, Peak:269.95M | Scene, ViewLayer | Updating Geometry BVH Cube.307 380/674 | Building mesh BLAS |     188 tris | Cube.307
Fra:1 Mem:396.74M (Peak 532.72M) | Time:00:00.24 | Mem:269.95M, Peak:269.95M | Scene, ViewLayer | Updating Geometry BVH Cube.308 381/674 | Building BVH
Fra:1 Mem:396.74M (Peak 532.72M) | Time:00:00.24 | Mem:269.95M, Peak:269.95M | Scene, ViewLayer | Updating Geometry BVH Cube.309 382/674 | Building BVH
Fra:1 Mem:396.74M (Peak 532.72M) | Time:00:00.24 | Mem:269.95M, Peak:269.95M | Scene, ViewLayer | Updating Geometry BVH Cube.309 382/674 | Building mesh BLAS |     188 tris | Cube.308
Fra:1 Mem:396.74M (Peak 532.72M) | Time:00:00.24 | Mem:269.95M, Peak:269.95M | Scene, ViewLayer | Updating Geometry BVH Cube.309 382/674 | Building mesh BLAS |     188 tris | Cube.309
Fra:1 Mem:396.74M (Peak 532.72M) | Time:00:00.24 | Mem:269.95M, Peak:269.95M | Scene, ViewLayer | Updating Geometry BVH Cube.310 383/674 | Building BVH
Fra:1 Mem:396.74M (Peak 532.72M) | Time:00:00.24 | Mem:269.95M, Peak:269.95M | Scene, ViewLayer | Updating Geometry BVH Cube.310 383/674 | Building mesh BLAS |     188 tris | Cube.310
Fra:1 Mem:396.74M (Peak 532.72M) | Time:00:00.24 | Mem:269.97M, Peak:269.97M | Scene, ViewLayer | Updating Geometry BVH Cube.311 384/674 | Building BVH
Fra:1 Mem:396.74M (Peak 532.72M) | Time:00:00.24 | Mem:269.97M, Peak:269.97M | Scene, ViewLayer | Updating Geometry BVH Cube.311 384/674 | Building mesh BLAS |     188 tris | Cube.311
Fra:1 Mem:396.74M (Peak 532.72M) | Time:00:00.24 | Mem:269.97M, Peak:269.97M | Scene, ViewLayer | Updating Geometry BVH Cylinder.070 385/674 | Building BVH
Fra:1 Mem:396.74M (Peak 532.72M) | Time:00:00.24 | Mem:269.97M, Peak:269.97M | Scene, ViewLayer | Updating Geometry BVH Cylinder.070 385/674 | Building mesh BLAS |      60 tris | Cylinder.070
Fra:1 Mem:396.74M (Peak 532.72M) | Time:00:00.24 | Mem:269.98M, Peak:269.98M | Scene, ViewLayer | Updating Geometry BVH Sphere.002 386/674 | Building BVH
Fra:1 Mem:396.74M (Peak 532.72M) | Time:00:00.24 | Mem:269.98M, Peak:269.98M | Scene, ViewLayer | Updating Geometry BVH Sphere.002 386/674 | Building mesh BLAS |     528 tris | Sphere.002
Fra:1 Mem:396.74M (Peak 532.72M) | Time:00:00.24 | Mem:269.98M, Peak:269.98M | Scene, ViewLayer | Updating Geometry BVH Cube.312 387/674 | Building BVH
Fra:1 Mem:396.74M (Peak 532.72M) | Time:00:00.24 | Mem:269.98M, Peak:269.98M | Scene, ViewLayer | Updating Geometry BVH Cube.312 387/674 | Building mesh BLAS |     188 tris | Cube.312
Fra:1 Mem:396.74M (Peak 532.72M) | Time:00:00.24 | Mem:269.99M, Peak:269.99M | Scene, ViewLayer | Updating Geometry BVH Cube.313 388/674 | Building BVH
Fra:1 Mem:396.74M (Peak 532.72M) | Time:00:00.24 | Mem:270.06M, Peak:270.06M | Scene, ViewLayer | Updating Geometry BVH Cube.313 388/674 | Building mesh BLAS |     188 tris | Cube.313
Fra:1 Mem:396.74M (Peak 532.72M) | Time:00:00.24 | Mem:270.06M, Peak:270.06M | Scene, ViewLayer | Updating Geometry BVH Cube.314 389/674 | Building BVH
Fra:1 Mem:396.74M (Peak 532.72M) | Time:00:00.24 | Mem:270.06M, Peak:270.06M | Scene, ViewLayer | Updating Geometry BVH Cube.314 389/674 | Building mesh BLAS |     188 tris | Cube.314
Fra:1 Mem:396.74M (Peak 532.72M) | Time:00:00.24 | Mem:270.10M, Peak:270.10M | Scene, ViewLayer | Updating Geometry BVH Cube.315 390/674 | Building BVH
Fra:1 Mem:396.74M (Peak 532.72M) | Time:00:00.24 | Mem:270.10M, Peak:270.10M | Scene, ViewLayer | Updating Geometry BVH Cube.316 391/674 | Building BVH
Fra:1 Mem:396.74M (Peak 532.72M) | Time:00:00.24 | Mem:270.10M, Peak:270.10M | Scene, ViewLayer | Updating Geometry BVH Cube.316 391/674 | Building mesh BLAS |     188 tris | Cube.315
Fra:1 Mem:396.74M (Peak 532.72M) | Time:00:00.24 | Mem:270.10M, Peak:270.10M | Scene, ViewLayer | Updating Geometry BVH Cube.316 391/674 | Building mesh BLAS |     188 tris | Cube.316
Fra:1 Mem:396.74M (Peak 532.72M) | Time:00:00.24 | Mem:270.10M, Peak:270.10M | Scene, ViewLayer | Updating Geometry BVH Cube.317 392/674 | Building BVH
Fra:1 Mem:396.74M (Peak 532.72M) | Time:00:00.24 | Mem:270.10M, Peak:270.10M | Scene, ViewLayer | Updating Geometry BVH Cube.317 392/674 | Building mesh BLAS |     188 tris | Cube.317
Fra:1 Mem:396.74M (Peak 532.72M) | Time:00:00.24 | Mem:270.12M, Peak:270.12M | Scene, ViewLayer | Updating Geometry BVH Cube.318 393/674 | Building BVH
Fra:1 Mem:396.74M (Peak 532.72M) | Time:00:00.24 | Mem:270.13M, Peak:270.13M | Scene, ViewLayer | Updating Geometry BVH Cube.318 393/674 | Building mesh BLAS |     188 tris | Cube.318
Fra:1 Mem:396.74M (Peak 532.72M) | Time:00:00.24 | Mem:270.13M, Peak:270.13M | Scene, ViewLayer | Updating Geometry BVH Raised standing seam.034 647/674 | Building BVH
Fra:1 Mem:396.74M (Peak 532.72M) | Time:00:00.24 | Mem:270.13M, Peak:270.13M | Scene, ViewLayer | Updating Geometry BVH Cube.320 395/674 | Building BVH
Fra:1 Mem:396.74M (Peak 532.72M) | Time:00:00.24 | Mem:270.13M, Peak:270.13M | Scene, ViewLayer | Updating Geometry BVH Cube.320 395/674 | Building mesh BLAS |     188 tris | Cube.319
Fra:1 Mem:396.74M (Peak 532.72M) | Time:00:00.24 | Mem:270.13M, Peak:270.13M | Scene, ViewLayer | Updating Geometry BVH Cube.320 395/674 | Building mesh BLAS |     188 tris | Cube.320
Fra:1 Mem:396.74M (Peak 532.72M) | Time:00:00.24 | Mem:270.16M, Peak:270.16M | Scene, ViewLayer | Updating Geometry BVH Cube.321 396/674 | Building BVH
Fra:1 Mem:396.74M (Peak 532.72M) | Time:00:00.24 | Mem:270.17M, Peak:270.17M | Scene, ViewLayer | Updating Geometry BVH Cube.321 396/674 | Building mesh BLAS |     188 tris | Cube.321
Fra:1 Mem:396.74M (Peak 532.72M) | Time:00:00.24 | Mem:270.17M, Peak:270.17M | Scene, ViewLayer | Updating Geometry BVH Cube.322 397/674 | Building BVH
Fra:1 Mem:396.74M (Peak 532.72M) | Time:00:00.24 | Mem:270.19M, Peak:270.19M | Scene, ViewLayer | Updating Geometry BVH Cube.323 398/674 | Building mesh BLAS |     188 tris | Cube.322
Fra:1 Mem:396.74M (Peak 532.72M) | Time:00:00.24 | Mem:270.19M, Peak:270.19M | Scene, ViewLayer | Updating Geometry BVH Cube.324 399/674 | Building BVH
Fra:1 Mem:396.74M (Peak 532.72M) | Time:00:00.24 | Mem:270.19M, Peak:270.19M | Scene, ViewLayer | Updating Geometry BVH Cube.324 399/674 | Building mesh BLAS |     188 tris | Cube.324
Fra:1 Mem:396.74M (Peak 532.72M) | Time:00:00.24 | Mem:270.19M, Peak:270.19M | Scene, ViewLayer | Updating Geometry BVH Cube.324 399/674 | Building mesh BLAS |     188 tris | Cube.323
Fra:1 Mem:396.74M (Peak 532.72M) | Time:00:00.24 | Mem:270.20M, Peak:270.20M | Scene, ViewLayer | Updating Geometry BVH Cube.325 400/674 | Building BVH
Fra:1 Mem:396.74M (Peak 532.72M) | Time:00:00.24 | Mem:270.20M, Peak:270.20M | Scene, ViewLayer | Updating Geometry BVH Cube.325 400/674 | Building mesh BLAS |     188 tris | Cube.325
Fra:1 Mem:396.74M (Peak 532.72M) | Time:00:00.24 | Mem:270.20M, Peak:270.20M | Scene, ViewLayer | Updating Geometry BVH Cube.326 401/674 | Building BVH
Fra:1 Mem:396.74M (Peak 532.72M) | Time:00:00.24 | Mem:270.20M, Peak:270.20M | Scene, ViewLayer | Updating Geometry BVH Cube.326 401/674 | Building mesh BLAS |     188 tris | Cube.326
Fra:1 Mem:396.74M (Peak 532.72M) | Time:00:00.24 | Mem:270.22M, Peak:270.22M | Scene, ViewLayer | Updating Geometry BVH Cube.327 402/674 | Building BVH
Fra:1 Mem:396.74M (Peak 532.72M) | Time:00:00.24 | Mem:270.22M, Peak:270.22M | Scene, ViewLayer | Updating Geometry BVH Cube.328 403/674 | Building BVH
Fra:1 Mem:396.74M (Peak 532.72M) | Time:00:00.24 | Mem:270.29M, Peak:270.29M | Scene, ViewLayer | Updating Geometry BVH Cube.328 403/674 | Building mesh BLAS |     188 tris | Cube.328
Fra:1 Mem:396.74M (Peak 532.72M) | Time:00:00.24 | Mem:270.30M, Peak:270.30M | Scene, ViewLayer | Updating Geometry BVH Cube.329 404/674 | Building BVH
Fra:1 Mem:396.74M (Peak 532.72M) | Time:00:00.24 | Mem:270.30M, Peak:270.30M | Scene, ViewLayer | Updating Geometry BVH Cube.330 405/674 | Building BVH
Fra:1 Mem:396.74M (Peak 532.72M) | Time:00:00.24 | Mem:270.30M, Peak:270.30M | Scene, ViewLayer | Updating Geometry BVH Cube.330 405/674 | Building mesh BLAS |     188 tris | Cube.329
Fra:1 Mem:396.74M (Peak 532.72M) | Time:00:00.24 | Mem:270.30M, Peak:270.30M | Scene, ViewLayer | Updating Geometry BVH Cube.330 405/674 | Building mesh BLAS |     188 tris | Cube.330
Fra:1 Mem:396.74M (Peak 532.72M) | Time:00:00.24 | Mem:270.33M, Peak:270.33M | Scene, ViewLayer | Updating Geometry BVH Cube.331 406/674 | Building BVH
Fra:1 Mem:396.74M (Peak 532.72M) | Time:00:00.24 | Mem:270.33M, Peak:270.33M | Scene, ViewLayer | Updating Geometry BVH Cube.332 407/674 | Building BVH
Fra:1 Mem:396.74M (Peak 532.72M) | Time:00:00.24 | Mem:270.33M, Peak:270.33M | Scene, ViewLayer | Updating Geometry BVH Cube.332 407/674 | Building mesh BLAS |     188 tris | Cube.331
Fra:1 Mem:396.74M (Peak 532.72M) | Time:00:00.24 | Mem:270.33M, Peak:270.33M | Scene, ViewLayer | Updating Geometry BVH Cube.332 407/674 | Building mesh BLAS |     188 tris | Cube.332
Fra:1 Mem:396.74M (Peak 532.72M) | Time:00:00.24 | Mem:270.33M, Peak:270.33M | Scene, ViewLayer | Updating Geometry BVH Cube.334 409/674 | Building BVH
Fra:1 Mem:396.74M (Peak 532.72M) | Time:00:00.24 | Mem:270.33M, Peak:270.33M | Scene, ViewLayer | Updating Geometry BVH Cube.334 409/674 | Building mesh BLAS |     188 tris | Cube.334
Fra:1 Mem:396.74M (Peak 532.72M) | Time:00:00.24 | Mem:270.33M, Peak:270.33M | Scene, ViewLayer | Updating Geometry BVH Cube.334 409/674 | Building mesh BLAS |     188 tris | Cube.333
Fra:1 Mem:396.74M (Peak 532.72M) | Time:00:00.24 | Mem:270.35M, Peak:270.35M | Scene, ViewLayer | Updating Geometry BVH Cube.335 410/674 | Building BVH
Fra:1 Mem:396.74M (Peak 532.72M) | Time:00:00.24 | Mem:270.35M, Peak:270.35M | Scene, ViewLayer | Updating Geometry BVH Cube.335 410/674 | Building mesh BLAS |     188 tris | Cube.335
Fra:1 Mem:396.74M (Peak 532.72M) | Time:00:00.24 | Mem:270.37M, Peak:270.37M | Scene, ViewLayer | Updating Geometry BVH Cube.336 411/674 | Building BVH
Fra:1 Mem:396.74M (Peak 532.72M) | Time:00:00.24 | Mem:270.37M, Peak:270.37M | Scene, ViewLayer | Updating Geometry BVH Raised standing seam.033 646/674 | Building BVH
Fra:1 Mem:396.74M (Peak 532.72M) | Time:00:00.24 | Mem:270.37M, Peak:270.37M | Scene, ViewLayer | Updating Geometry BVH Cube.337 412/674 | Building mesh BLAS |    1152 tris | Raised standing seam.033
Fra:1 Mem:396.74M (Peak 532.72M) | Time:00:00.24 | Mem:270.37M, Peak:270.37M | Scene, ViewLayer | Updating Geometry BVH Cube.337 412/674 | Building mesh BLAS |     188 tris | Cube.337
Fra:1 Mem:396.74M (Peak 532.72M) | Time:00:00.24 | Mem:270.40M, Peak:270.40M | Scene, ViewLayer | Updating Geometry BVH Cube.338 413/674 | Building BVH
Fra:1 Mem:396.74M (Peak 532.72M) | Time:00:00.24 | Mem:270.41M, Peak:270.41M | Scene, ViewLayer | Updating Geometry BVH Cube.338 413/674 | Building mesh BLAS |     188 tris | Cube.338
Fra:1 Mem:396.74M (Peak 532.72M) | Time:00:00.24 | Mem:270.41M, Peak:270.41M | Scene, ViewLayer | Updating Geometry BVH Cube.339 414/674 | Building BVH
Fra:1 Mem:396.74M (Peak 532.72M) | Time:00:00.24 | Mem:270.41M, Peak:270.41M | Scene, ViewLayer | Updating Geometry BVH Cube.340 415/674 | Building BVH
Fra:1 Mem:396.74M (Peak 532.72M) | Time:00:00.24 | Mem:270.41M, Peak:270.41M | Scene, ViewLayer | Updating Geometry BVH Cube.340 415/674 | Building mesh BLAS |     188 tris | Cube.339
Fra:1 Mem:396.74M (Peak 532.72M) | Time:00:00.24 | Mem:270.41M, Peak:270.41M | Scene, ViewLayer | Updating Geometry BVH Cube.340 415/674 | Building mesh BLAS |     188 tris | Cube.340
Fra:1 Mem:396.74M (Peak 532.72M) | Time:00:00.24 | Mem:270.42M, Peak:270.42M | Scene, ViewLayer | Updating Geometry BVH Cube.341 416/674 | Building BVH
Fra:1 Mem:396.74M (Peak 532.72M) | Time:00:00.24 | Mem:270.42M, Peak:270.42M | Scene, ViewLayer | Updating Geometry BVH Cube.341 416/674 | Building mesh BLAS |     188 tris | Cube.341
Fra:1 Mem:396.74M (Peak 532.72M) | Time:00:00.24 | Mem:270.42M, Peak:270.42M | Scene, ViewLayer | Updating Geometry BVH Cube.342 417/674 | Building BVH
Fra:1 Mem:396.74M (Peak 532.72M) | Time:00:00.24 | Mem:270.44M, Peak:270.44M | Scene, ViewLayer | Updating Geometry BVH Cube.342 417/674 | Building mesh BLAS |     188 tris | Cube.342
Fra:1 Mem:396.74M (Peak 532.72M) | Time:00:00.24 | Mem:270.44M, Peak:270.44M | Scene, ViewLayer | Updating Geometry BVH Cube.343 418/674 | Building BVH
Fra:1 Mem:396.74M (Peak 532.72M) | Time:00:00.24 | Mem:270.50M, Peak:270.50M | Scene, ViewLayer | Updating Geometry BVH Cube.344 419/674 | Building BVH
Fra:1 Mem:396.74M (Peak 532.72M) | Time:00:00.24 | Mem:270.50M, Peak:270.50M | Scene, ViewLayer | Updating Geometry BVH Cube.344 419/674 | Building mesh BLAS |     188 tris | Cube.343
Fra:1 Mem:396.74M (Peak 532.72M) | Time:00:00.24 | Mem:270.50M, Peak:270.50M | Scene, ViewLayer | Updating Geometry BVH Cube.344 419/674 | Building mesh BLAS |     188 tris | Cube.344
Fra:1 Mem:396.74M (Peak 532.72M) | Time:00:00.24 | Mem:270.50M, Peak:270.50M | Scene, ViewLayer | Updating Geometry BVH Cube.345 420/674 | Building BVH
Fra:1 Mem:396.74M (Peak 532.72M) | Time:00:00.24 | Mem:270.50M, Peak:270.50M | Scene, ViewLayer | Updating Geometry BVH Cube.346 421/674 | Building BVH
Fra:1 Mem:396.74M (Peak 532.72M) | Time:00:00.24 | Mem:270.50M, Peak:270.50M | Scene, ViewLayer | Updating Geometry BVH Cube.346 421/674 | Building mesh BLAS |     188 tris | Cube.345
Fra:1 Mem:396.74M (Peak 532.72M) | Time:00:00.24 | Mem:270.50M, Peak:270.50M | Scene, ViewLayer | Updating Geometry BVH Cube.346 421/674 | Building mesh BLAS |     188 tris | Cube.346
Fra:1 Mem:396.74M (Peak 532.72M) | Time:00:00.24 | Mem:270.53M, Peak:270.53M | Scene, ViewLayer | Updating Geometry BVH Cube.347 422/674 | Building BVH
Fra:1 Mem:396.74M (Peak 532.72M) | Time:00:00.24 | Mem:270.53M, Peak:270.53M | Scene, ViewLayer | Updating Geometry BVH Cube.347 422/674 | Building mesh BLAS |     188 tris | Cube.347
Fra:1 Mem:396.74M (Peak 532.72M) | Time:00:00.24 | Mem:270.54M, Peak:270.54M | Scene, ViewLayer | Updating Geometry BVH Cube.348 423/674 | Building BVH
Fra:1 Mem:396.74M (Peak 532.72M) | Time:00:00.24 | Mem:270.55M, Peak:270.55M | Scene, ViewLayer | Updating Geometry BVH Cube.348 423/674 | Building mesh BLAS |     188 tris | Cube.348
Fra:1 Mem:396.74M (Peak 532.72M) | Time:00:00.24 | Mem:270.55M, Peak:270.55M | Scene, ViewLayer | Updating Geometry BVH Great tower lower portal arch 425/674 | Building BVH
Fra:1 Mem:396.74M (Peak 532.72M) | Time:00:00.24 | Mem:270.55M, Peak:270.55M | Scene, ViewLayer | Updating Geometry BVH Great tower lower portal voussoir 426/674 | Building BVH
Fra:1 Mem:396.74M (Peak 532.72M) | Time:00:00.24 | Mem:270.55M, Peak:270.55M | Scene, ViewLayer | Updating Geometry BVH Great tower lower portal voussoir 426/674 | Building mesh BLAS |     188 tris | Great tower lower portal voussoir
Fra:1 Mem:396.74M (Peak 532.72M) | Time:00:00.24 | Mem:270.55M, Peak:270.55M | Scene, ViewLayer | Updating Geometry BVH Great tower lower portal voussoir 426/674 | Building mesh BLAS |    1692 tris | Great tower lower portal arch
Fra:1 Mem:396.74M (Peak 532.72M) | Time:00:00.24 | Mem:270.55M, Peak:270.55M | Scene, ViewLayer | Updating Geometry BVH Refracting sea | displaced surface and enclosed volume 424/674 | Building BVH
Fra:1 Mem:396.74M (Peak 532.72M) | Time:00:00.24 | Mem:270.56M, Peak:270.56M | Scene, ViewLayer | Updating Geometry BVH Great tower lower portal voussoir.001 427/674 | Building BVH
Fra:1 Mem:396.74M (Peak 532.72M) | Time:00:00.24 | Mem:270.57M, Peak:270.57M | Scene, ViewLayer | Updating Geometry BVH Great tower lower portal voussoir.001 427/674 | Building mesh BLAS |     188 tris | Great tower lower portal voussoir.001
Fra:1 Mem:396.74M (Peak 532.72M) | Time:00:00.24 | Mem:270.57M, Peak:270.57M | Scene, ViewLayer | Updating Geometry BVH Raised standing seam.032 645/674 | Building BVH
Fra:1 Mem:396.74M (Peak 532.72M) | Time:00:00.24 | Mem:270.57M, Peak:270.57M | Scene, ViewLayer | Updating Geometry BVH Great tower lower portal voussoir.002 428/674 | Building BVH
Fra:1 Mem:396.74M (Peak 532.72M) | Time:00:00.24 | Mem:270.57M, Peak:270.57M | Scene, ViewLayer | Updating Geometry BVH Great tower lower portal voussoir.002 428/674 | Building mesh BLAS |    1152 tris | Raised standing seam.032
Fra:1 Mem:396.74M (Peak 532.72M) | Time:00:00.24 | Mem:270.57M, Peak:270.57M | Scene, ViewLayer | Updating Geometry BVH Great tower lower portal voussoir.002 428/674 | Building mesh BLAS |     188 tris | Great tower lower portal voussoir.002
Fra:1 Mem:396.74M (Peak 532.72M) | Time:00:00.24 | Mem:270.57M, Peak:270.57M | Scene, ViewLayer | Updating Geometry BVH Great tower lower portal voussoir.002 428/674 | Building mesh BLAS |  118078 tris | Refracting sea | displaced surface and enclosed volume
Fra:1 Mem:396.74M (Peak 532.72M) | Time:00:00.24 | Mem:270.58M, Peak:270.58M | Scene, ViewLayer | Updating Geometry BVH Great tower lower portal voussoir.003 429/674 | Building BVH
Fra:1 Mem:396.74M (Peak 532.72M) | Time:00:00.24 | Mem:270.59M, Peak:270.59M | Scene, ViewLayer | Updating Geometry BVH Great tower lower portal voussoir.003 429/674 | Building mesh BLAS |     188 tris | Great tower lower portal voussoir.003
Fra:1 Mem:396.74M (Peak 532.72M) | Time:00:00.24 | Mem:270.60M, Peak:270.60M | Scene, ViewLayer | Updating Geometry BVH Great tower lower portal voussoir.004 430/674 | Building BVH
Fra:1 Mem:396.74M (Peak 532.72M) | Time:00:00.24 | Mem:270.60M, Peak:270.60M | Scene, ViewLayer | Updating Geometry BVH Great tower lower portal voussoir.006 432/674 | Building BVH
Fra:1 Mem:396.74M (Peak 532.72M) | Time:00:00.24 | Mem:270.60M, Peak:270.60M | Scene, ViewLayer | Updating Geometry BVH Great tower lower portal voussoir.006 432/674 | Building mesh BLAS |     188 tris | Great tower lower portal voussoir.004
Fra:1 Mem:396.74M (Peak 532.72M) | Time:00:00.24 | Mem:270.60M, Peak:270.60M | Scene, ViewLayer | Updating Geometry BVH Great tower lower portal voussoir.006 432/674 | Building mesh BLAS |     188 tris | Great tower lower portal voussoir.006
Fra:1 Mem:396.74M (Peak 532.72M) | Time:00:00.24 | Mem:270.60M, Peak:270.60M | Scene, ViewLayer | Updating Geometry BVH Great tower lower portal voussoir.006 432/674 | Building mesh BLAS |     188 tris | Great tower lower portal voussoir.005
Fra:1 Mem:396.74M (Peak 532.72M) | Time:00:00.24 | Mem:270.62M, Peak:270.62M | Scene, ViewLayer | Updating Geometry BVH Great tower lower portal voussoir.007 433/674 | Building BVH
Fra:1 Mem:396.74M (Peak 532.72M) | Time:00:00.24 | Mem:270.62M, Peak:270.62M | Scene, ViewLayer | Updating Geometry BVH Great tower lower portal voussoir.007 433/674 | Building mesh BLAS |     188 tris | Great tower lower portal voussoir.007
Fra:1 Mem:396.74M (Peak 532.72M) | Time:00:00.24 | Mem:270.65M, Peak:270.65M | Scene, ViewLayer | Updating Geometry BVH Great tower lower portal voussoir.008 434/674 | Building BVH
Fra:1 Mem:396.74M (Peak 532.72M) | Time:00:00.24 | Mem:270.65M, Peak:270.65M | Scene, ViewLayer | Updating Geometry BVH Great tower lower portal voussoir.008 434/674 | Building mesh BLAS |     188 tris | Great tower lower portal voussoir.008
Fra:1 Mem:396.74M (Peak 532.72M) | Time:00:00.24 | Mem:270.72M, Peak:270.72M | Scene, ViewLayer | Updating Geometry BVH Great tower lower portal voussoir.009 435/674 | Building BVH
Fra:1 Mem:396.74M (Peak 532.72M) | Time:00:00.24 | Mem:270.72M, Peak:270.72M | Scene, ViewLayer | Updating Geometry BVH Great tower lower portal voussoir.009 435/674 | Building mesh BLAS |     188 tris | Great tower lower portal voussoir.009
Fra:1 Mem:396.74M (Peak 532.72M) | Time:00:00.24 | Mem:270.72M, Peak:270.72M | Scene, ViewLayer | Updating Geometry BVH Great tower lower portal voussoir.010 436/674 | Building BVH
Fra:1 Mem:396.74M (Peak 532.72M) | Time:00:00.24 | Mem:270.72M, Peak:270.72M | Scene, ViewLayer | Updating Geometry BVH Great tower lower portal voussoir.011 437/674 | Building BVH
Fra:1 Mem:396.74M (Peak 532.72M) | Time:00:00.24 | Mem:270.72M, Peak:270.72M | Scene, ViewLayer | Updating Geometry BVH Great tower lower portal voussoir.012 438/674 | Building BVH
Fra:1 Mem:396.74M (Peak 532.72M) | Time:00:00.24 | Mem:270.72M, Peak:270.72M | Scene, ViewLayer | Updating Geometry BVH Great tower lower portal voussoir.012 438/674 | Building mesh BLAS |     188 tris | Great tower lower portal voussoir.011
Fra:1 Mem:396.74M (Peak 532.72M) | Time:00:00.24 | Mem:270.72M, Peak:270.72M | Scene, ViewLayer | Updating Geometry BVH Great tower lower portal voussoir.012 438/674 | Building mesh BLAS |     188 tris | Great tower lower portal voussoir.012
Fra:1 Mem:396.74M (Peak 532.72M) | Time:00:00.24 | Mem:270.76M, Peak:270.76M | Scene, ViewLayer | Updating Geometry BVH Great tower lower portal voussoir.013 439/674 | Building BVH
Fra:1 Mem:396.74M (Peak 532.72M) | Time:00:00.24 | Mem:270.76M, Peak:270.76M | Scene, ViewLayer | Updating Geometry BVH Great tower lower portal voussoir.014 440/674 | Building mesh BLAS |     188 tris | Great tower lower portal voussoir.013
Fra:1 Mem:396.74M (Peak 532.72M) | Time:00:00.24 | Mem:270.76M, Peak:270.76M | Scene, ViewLayer | Updating Geometry BVH Great tower lower portal voussoir.015 441/674 | Building BVH
Fra:1 Mem:396.74M (Peak 532.72M) | Time:00:00.24 | Mem:270.76M, Peak:270.76M | Scene, ViewLayer | Updating Geometry BVH Great tower lower portal voussoir.015 441/674 | Building mesh BLAS |     188 tris | Great tower lower portal voussoir.014
Fra:1 Mem:396.74M (Peak 532.72M) | Time:00:00.24 | Mem:270.76M, Peak:270.76M | Scene, ViewLayer | Updating Geometry BVH Great tower lower portal voussoir.015 441/674 | Building mesh BLAS |     188 tris | Great tower lower portal voussoir.015
Fra:1 Mem:396.74M (Peak 532.72M) | Time:00:00.24 | Mem:270.76M, Peak:270.76M | Scene, ViewLayer | Updating Geometry BVH Great tower lower portal voussoir.016 442/674 | Building BVH
Fra:1 Mem:396.74M (Peak 532.72M) | Time:00:00.24 | Mem:270.76M, Peak:270.76M | Scene, ViewLayer | Updating Geometry BVH Great tower lower portal voussoir.016 442/674 | Building mesh BLAS |     188 tris | Great tower lower portal voussoir.016
Fra:1 Mem:396.74M (Peak 532.72M) | Time:00:00.24 | Mem:270.80M, Peak:270.80M | Scene, ViewLayer | Updating Geometry BVH Great tower lower portal arch.001 443/674 | Building BVH
Fra:1 Mem:396.74M (Peak 532.72M) | Time:00:00.24 | Mem:270.80M, Peak:270.80M | Scene, ViewLayer | Updating Geometry BVH East chapel copper dome 644/674 | Building BVH
Fra:1 Mem:396.74M (Peak 532.72M) | Time:00:00.24 | Mem:270.80M, Peak:270.80M | Scene, ViewLayer | Updating Geometry BVH East chapel copper dome 644/674 | Building mesh BLAS |    1692 tris | Great tower lower portal arch.001
Fra:1 Mem:396.74M (Peak 532.72M) | Time:00:00.24 | Mem:270.80M, Peak:270.80M | Scene, ViewLayer | Updating Geometry BVH East chapel copper dome 644/674 | Building mesh BLAS |   13824 tris | East chapel copper dome
Fra:1 Mem:396.74M (Peak 532.72M) | Time:00:00.24 | Mem:270.81M, Peak:270.81M | Scene, ViewLayer | Updating Geometry BVH Great tower lower portal voussoir.017 444/674 | Building BVH
Fra:1 Mem:396.74M (Peak 532.72M) | Time:00:00.24 | Mem:270.81M, Peak:270.81M | Scene, ViewLayer | Updating Geometry BVH Great tower lower portal voussoir.017 444/674 | Building mesh BLAS |     188 tris | Great tower lower portal voussoir.017
Fra:1 Mem:396.74M (Peak 532.72M) | Time:00:00.24 | Mem:270.81M, Peak:270.81M | Scene, ViewLayer | Updating Geometry BVH Great tower lower portal voussoir.018 445/674 | Building BVH
Fra:1 Mem:396.74M (Peak 532.72M) | Time:00:00.24 | Mem:270.81M, Peak:270.81M | Scene, ViewLayer | Updating Geometry BVH Great tower lower portal voussoir.018 445/674 | Building mesh BLAS |     188 tris | Great tower lower portal voussoir.018
Fra:1 Mem:396.74M (Peak 532.72M) | Time:00:00.24 | Mem:270.83M, Peak:270.83M | Scene, ViewLayer | Updating Geometry BVH Great tower lower portal voussoir.019 446/674 | Building BVH
Fra:1 Mem:396.74M (Peak 532.72M) | Time:00:00.24 | Mem:270.83M, Peak:270.83M | Scene, ViewLayer | Updating Geometry BVH Great tower lower portal voussoir.019 446/674 | Building mesh BLAS |     188 tris | Great tower lower portal voussoir.019
Fra:1 Mem:396.74M (Peak 532.72M) | Time:00:00.24 | Mem:270.84M, Peak:270.84M | Scene, ViewLayer | Updating Geometry BVH Great tower lower portal voussoir.021 448/674 | Building BVH
Fra:1 Mem:396.74M (Peak 532.72M) | Time:00:00.24 | Mem:270.86M, Peak:270.86M | Scene, ViewLayer | Updating Geometry BVH Great tower lower portal voussoir.021 448/674 | Building mesh BLAS |     188 tris | Great tower lower portal voussoir.021
Fra:1 Mem:396.74M (Peak 532.72M) | Time:00:00.24 | Mem:270.87M, Peak:270.87M | Scene, ViewLayer | Updating Geometry BVH Great tower lower portal voussoir.021 448/674 | Building mesh BLAS |     188 tris | Great tower lower portal voussoir.020
Fra:1 Mem:396.74M (Peak 532.72M) | Time:00:00.24 | Mem:270.87M, Peak:270.87M | Scene, ViewLayer | Updating Geometry BVH Great tower lower portal voussoir.022 449/674 | Building BVH
Fra:1 Mem:396.74M (Peak 532.72M) | Time:00:00.24 | Mem:270.87M, Peak:270.87M | Scene, ViewLayer | Updating Geometry BVH Great tower lower portal voussoir.022 449/674 | Building mesh BLAS |     188 tris | Great tower lower portal voussoir.022
Fra:1 Mem:396.74M (Peak 532.72M) | Time:00:00.24 | Mem:270.87M, Peak:270.87M | Scene, ViewLayer | Updating Geometry BVH Great tower lower portal voussoir.023 450/674 | Building BVH
Fra:1 Mem:396.74M (Peak 532.72M) | Time:00:00.24 | Mem:270.87M, Peak:270.87M | Scene, ViewLayer | Updating Geometry BVH Great tower lower portal voussoir.023 450/674 | Building mesh BLAS |     188 tris | Great tower lower portal voussoir.023
Fra:1 Mem:396.74M (Peak 532.72M) | Time:00:00.24 | Mem:270.87M, Peak:270.87M | Scene, ViewLayer | Updating Geometry BVH Great tower lower portal voussoir.024 451/674 | Building BVH
Fra:1 Mem:396.74M (Peak 532.72M) | Time:00:00.24 | Mem:270.87M, Peak:270.87M | Scene, ViewLayer | Updating Geometry BVH Great tower lower portal voussoir.024 451/674 | Building mesh BLAS |     188 tris | Great tower lower portal voussoir.024
Fra:1 Mem:396.74M (Peak 532.72M) | Time:00:00.24 | Mem:270.90M, Peak:270.90M | Scene, ViewLayer | Updating Geometry BVH Great tower lower portal voussoir.025 452/674 | Building BVH
Fra:1 Mem:396.74M (Peak 532.72M) | Time:00:00.24 | Mem:270.90M, Peak:270.90M | Scene, ViewLayer | Updating Geometry BVH Great tower lower portal voussoir.025 452/674 | Building mesh BLAS |     188 tris | Great tower lower portal voussoir.025
Fra:1 Mem:396.74M (Peak 532.72M) | Time:00:00.24 | Mem:270.90M, Peak:270.90M | Scene, ViewLayer | Updating Geometry BVH Great tower lower portal voussoir.026 453/674 | Building BVH
Fra:1 Mem:396.74M (Peak 532.72M) | Time:00:00.24 | Mem:270.90M, Peak:270.90M | Scene, ViewLayer | Updating Geometry BVH Great tower lower portal voussoir.026 453/674 | Building mesh BLAS |     188 tris | Great tower lower portal voussoir.026
Fra:1 Mem:396.74M (Peak 532.72M) | Time:00:00.24 | Mem:270.96M, Peak:270.96M | Scene, ViewLayer | Updating Geometry BVH Great tower lower portal voussoir.027 454/674 | Building BVH
Fra:1 Mem:396.74M (Peak 532.72M) | Time:00:00.24 | Mem:270.97M, Peak:270.97M | Scene, ViewLayer | Updating Geometry BVH Great tower lower portal voussoir.028 455/674 | Building BVH
Fra:1 Mem:396.74M (Peak 532.72M) | Time:00:00.24 | Mem:270.98M, Peak:270.98M | Scene, ViewLayer | Updating Geometry BVH Great tower lower portal voussoir.028 455/674 | Building mesh BLAS |     188 tris | Great tower lower portal voussoir.027
Fra:1 Mem:396.74M (Peak 532.72M) | Time:00:00.24 | Mem:270.98M, Peak:270.98M | Scene, ViewLayer | Updating Geometry BVH Great tower lower portal voussoir.030 457/674 | Building BVH
Fra:1 Mem:396.74M (Peak 532.72M) | Time:00:00.24 | Mem:270.98M, Peak:270.98M | Scene, ViewLayer | Updating Geometry BVH Great tower lower portal voussoir.030 457/674 | Building mesh BLAS |     188 tris | Great tower lower portal voussoir.030
Fra:1 Mem:396.74M (Peak 532.72M) | Time:00:00.24 | Mem:270.98M, Peak:270.98M | Scene, ViewLayer | Updating Geometry BVH Great tower lower portal voussoir.031 458/674 | Building BVH
Fra:1 Mem:396.74M (Peak 532.72M) | Time:00:00.24 | Mem:270.98M, Peak:270.98M | Scene, ViewLayer | Updating Geometry BVH Great tower lower portal voussoir.031 458/674 | Building mesh BLAS |     188 tris | Great tower lower portal voussoir.029
Fra:1 Mem:396.74M (Peak 532.72M) | Time:00:00.24 | Mem:270.98M, Peak:270.98M | Scene, ViewLayer | Updating Geometry BVH Great tower lower portal voussoir.031 458/674 | Building mesh BLAS |     188 tris | Great tower lower portal voussoir.031
Fra:1 Mem:396.74M (Peak 532.72M) | Time:00:00.25 | Mem:271.00M, Peak:271.00M | Scene, ViewLayer | Updating Geometry BVH East chapel arch.003 643/674 | Building BVH
Fra:1 Mem:396.74M (Peak 532.72M) | Time:00:00.25 | Mem:271.00M, Peak:271.00M | Scene, ViewLayer | Updating Geometry BVH Great tower lower portal voussoir.032 459/674 | Building BVH
Fra:1 Mem:396.74M (Peak 532.72M) | Time:00:00.25 | Mem:271.00M, Peak:271.00M | Scene, ViewLayer | Updating Geometry BVH Great tower lower portal voussoir.032 459/674 | Building mesh BLAS |    1692 tris | East chapel arch.003
Fra:1 Mem:396.74M (Peak 532.72M) | Time:00:00.25 | Mem:271.00M, Peak:271.00M | Scene, ViewLayer | Updating Geometry BVH Great tower lower portal voussoir.032 459/674 | Building mesh BLAS |     188 tris | Great tower lower portal voussoir.032
Fra:1 Mem:396.74M (Peak 532.72M) | Time:00:00.25 | Mem:271.00M, Peak:271.00M | Scene, ViewLayer | Updating Geometry BVH Great tower lower portal voussoir.033 460/674 | Building BVH
Fra:1 Mem:396.74M (Peak 532.72M) | Time:00:00.25 | Mem:271.00M, Peak:271.00M | Scene, ViewLayer | Updating Geometry BVH Great tower lower portal voussoir.033 460/674 | Building mesh BLAS |     188 tris | Great tower lower portal voussoir.033
Fra:1 Mem:396.74M (Peak 532.72M) | Time:00:00.25 | Mem:271.02M, Peak:271.02M | Scene, ViewLayer | Updating Geometry BVH Great tower lower portal arch.002 461/674 | Building BVH
Fra:1 Mem:396.74M (Peak 532.72M) | Time:00:00.25 | Mem:271.02M, Peak:271.02M | Scene, ViewLayer | Updating Geometry BVH Great tower lower portal voussoir.034 462/674 | Building BVH
Fra:1 Mem:396.74M (Peak 532.72M) | Time:00:00.25 | Mem:271.02M, Peak:271.02M | Scene, ViewLayer | Updating Geometry BVH Great tower lower portal voussoir.034 462/674 | Building mesh BLAS |    1692 tris | Great tower lower portal arch.002
Fra:1 Mem:396.74M (Peak 532.72M) | Time:00:00.25 | Mem:271.02M, Peak:271.02M | Scene, ViewLayer | Updating Geometry BVH Great tower lower portal voussoir.034 462/674 | Building mesh BLAS |     188 tris | Great tower lower portal voussoir.034
Fra:1 Mem:396.74M (Peak 532.72M) | Time:00:00.25 | Mem:271.07M, Peak:271.07M | Scene, ViewLayer | Updating Geometry BVH Great tower lower portal voussoir.035 463/674 | Building BVH
Fra:1 Mem:396.74M (Peak 532.72M) | Time:00:00.25 | Mem:271.07M, Peak:271.07M | Scene, ViewLayer | Updating Geometry BVH Great tower lower portal voussoir.036 464/674 | Building BVH
Fra:1 Mem:396.74M (Peak 532.72M) | Time:00:00.25 | Mem:271.08M, Peak:271.08M | Scene, ViewLayer | Updating Geometry BVH Great tower lower portal voussoir.037 465/674 | Building BVH
Fra:1 Mem:396.74M (Peak 532.72M) | Time:00:00.25 | Mem:271.08M, Peak:271.08M | Scene, ViewLayer | Updating Geometry BVH Great tower lower portal voussoir.038 466/674 | Building BVH
Fra:1 Mem:396.74M (Peak 532.72M) | Time:00:00.25 | Mem:271.08M, Peak:271.08M | Scene, ViewLayer | Updating Geometry BVH Great tower lower portal voussoir.038 466/674 | Building mesh BLAS |     188 tris | Great tower lower portal voussoir.038
Fra:1 Mem:396.74M (Peak 532.72M) | Time:00:00.25 | Mem:271.08M, Peak:271.08M | Scene, ViewLayer | Updating Geometry BVH Great tower lower portal voussoir.038 466/674 | Building mesh BLAS |     188 tris | Great tower lower portal voussoir.037
Fra:1 Mem:396.74M (Peak 532.72M) | Time:00:00.25 | Mem:271.09M, Peak:271.09M | Scene, ViewLayer | Updating Geometry BVH Great tower lower portal voussoir.039 467/674 | Building BVH
Fra:1 Mem:396.74M (Peak 532.72M) | Time:00:00.25 | Mem:271.09M, Peak:271.09M | Scene, ViewLayer | Updating Geometry BVH Great tower lower portal voussoir.039 467/674 | Building mesh BLAS |     188 tris | Great tower lower portal voussoir.039
Fra:1 Mem:396.74M (Peak 532.72M) | Time:00:00.25 | Mem:271.09M, Peak:271.09M | Scene, ViewLayer | Updating Geometry BVH Great tower lower portal voussoir.040 468/674 | Building BVH
Fra:1 Mem:396.74M (Peak 532.72M) | Time:00:00.25 | Mem:271.09M, Peak:271.09M | Scene, ViewLayer | Updating Geometry BVH Great tower lower portal voussoir.040 468/674 | Building mesh BLAS |     188 tris | Great tower lower portal voussoir.040
Fra:1 Mem:396.74M (Peak 532.72M) | Time:00:00.25 | Mem:271.11M, Peak:271.11M | Scene, ViewLayer | Updating Geometry BVH Great tower lower portal voussoir.041 469/674 | Building BVH
Fra:1 Mem:396.74M (Peak 532.72M) | Time:00:00.25 | Mem:271.11M, Peak:271.11M | Scene, ViewLayer | Updating Geometry BVH Great tower lower portal voussoir.041 469/674 | Building mesh BLAS |     188 tris | Great tower lower portal voussoir.041
Fra:1 Mem:396.74M (Peak 532.72M) | Time:00:00.25 | Mem:271.12M, Peak:271.12M | Scene, ViewLayer | Updating Geometry BVH Great tower lower portal voussoir.042 470/674 | Building BVH
Fra:1 Mem:396.74M (Peak 532.72M) | Time:00:00.25 | Mem:271.12M, Peak:271.12M | Scene, ViewLayer | Updating Geometry BVH Great tower lower portal voussoir.042 470/674 | Building mesh BLAS |     188 tris | Great tower lower portal voussoir.042
Fra:1 Mem:396.74M (Peak 532.72M) | Time:00:00.25 | Mem:271.18M, Peak:271.18M | Scene, ViewLayer | Updating Geometry BVH Great tower lower portal voussoir.043 471/674 | Building BVH
Fra:1 Mem:396.74M (Peak 532.72M) | Time:00:00.25 | Mem:271.19M, Peak:271.19M | Scene, ViewLayer | Updating Geometry BVH Great tower lower portal voussoir.043 471/674 | Building mesh BLAS |     188 tris | Great tower lower portal voussoir.043
Fra:1 Mem:396.74M (Peak 532.72M) | Time:00:00.25 | Mem:271.20M, Peak:271.20M | Scene, ViewLayer | Updating Geometry BVH Great tower lower portal voussoir.044 472/674 | Building BVH
Fra:1 Mem:396.74M (Peak 532.72M) | Time:00:00.25 | Mem:271.20M, Peak:271.20M | Scene, ViewLayer | Updating Geometry BVH Great tower lower portal voussoir.045 473/674 | Building BVH
Fra:1 Mem:396.74M (Peak 532.72M) | Time:00:00.25 | Mem:271.20M, Peak:271.20M | Scene, ViewLayer | Updating Geometry BVH Great tower lower portal voussoir.046 474/674 | Building mesh BLAS |     188 tris | Great tower lower portal voussoir.045
Fra:1 Mem:396.74M (Peak 532.72M) | Time:00:00.25 | Mem:271.20M, Peak:271.20M | Scene, ViewLayer | Updating Geometry BVH Great tower lower portal voussoir.047 475/674 | Building BVH
Fra:1 Mem:396.74M (Peak 532.72M) | Time:00:00.25 | Mem:271.20M, Peak:271.20M | Scene, ViewLayer | Updating Geometry BVH Great tower lower portal voussoir.047 475/674 | Building mesh BLAS |     188 tris | Great tower lower portal voussoir.047
Fra:1 Mem:396.74M (Peak 532.72M) | Time:00:00.25 | Mem:271.20M, Peak:271.20M | Scene, ViewLayer | Updating Geometry BVH Great tower lower portal voussoir.047 475/674 | Building mesh BLAS |     188 tris | Great tower lower portal voussoir.046
Fra:1 Mem:396.74M (Peak 532.72M) | Time:00:00.25 | Mem:271.22M, Peak:271.22M | Scene, ViewLayer | Updating Geometry BVH East chapel arch.002 642/674 | Building BVH
Fra:1 Mem:396.74M (Peak 532.72M) | Time:00:00.25 | Mem:271.23M, Peak:271.23M | Scene, ViewLayer | Updating Geometry BVH Great tower lower portal voussoir.048 476/674 | Building BVH
Fra:1 Mem:396.74M (Peak 532.72M) | Time:00:00.25 | Mem:271.23M, Peak:271.23M | Scene, ViewLayer | Updating Geometry BVH Great tower lower portal voussoir.049 477/674 | Building BVH
Fra:1 Mem:396.74M (Peak 532.72M) | Time:00:00.25 | Mem:271.23M, Peak:271.23M | Scene, ViewLayer | Updating Geometry BVH Great tower lower portal voussoir.049 477/674 | Building mesh BLAS |     188 tris | Great tower lower portal voussoir.048
Fra:1 Mem:396.74M (Peak 532.72M) | Time:00:00.25 | Mem:271.23M, Peak:271.23M | Scene, ViewLayer | Updating Geometry BVH Great tower lower portal voussoir.049 477/674 | Building mesh BLAS |    1692 tris | East chapel arch.002
Fra:1 Mem:396.74M (Peak 532.72M) | Time:00:00.25 | Mem:271.24M, Peak:271.24M | Scene, ViewLayer | Updating Geometry BVH Great tower lower portal voussoir.050 478/674 | Building BVH
Fra:1 Mem:396.74M (Peak 532.72M) | Time:00:00.25 | Mem:271.24M, Peak:271.24M | Scene, ViewLayer | Updating Geometry BVH Great tower lower portal arch.003 479/674 | Building BVH
Fra:1 Mem:396.74M (Peak 532.72M) | Time:00:00.25 | Mem:271.24M, Peak:271.24M | Scene, ViewLayer | Updating Geometry BVH Great tower lower portal arch.003 479/674 | Building mesh BLAS |     188 tris | Great tower lower portal voussoir.050
Fra:1 Mem:396.74M (Peak 532.72M) | Time:00:00.25 | Mem:271.24M, Peak:271.24M | Scene, ViewLayer | Updating Geometry BVH Great tower lower portal arch.003 479/674 | Building mesh BLAS |    1692 tris | Great tower lower portal arch.003
Fra:1 Mem:396.74M (Peak 532.72M) | Time:00:00.25 | Mem:271.31M, Peak:271.31M | Scene, ViewLayer | Updating Geometry BVH Great tower lower portal voussoir.051 480/674 | Building BVH
Fra:1 Mem:396.74M (Peak 532.72M) | Time:00:00.25 | Mem:271.32M, Peak:271.32M | Scene, ViewLayer | Updating Geometry BVH Great tower lower portal voussoir.052 481/674 | Building BVH
Fra:1 Mem:396.74M (Peak 532.72M) | Time:00:00.25 | Mem:271.32M, Peak:271.32M | Scene, ViewLayer | Updating Geometry BVH Great tower lower portal voussoir.053 482/674 | Building BVH
Fra:1 Mem:396.74M (Peak 532.72M) | Time:00:00.25 | Mem:271.32M, Peak:271.32M | Scene, ViewLayer | Updating Geometry BVH Great tower lower portal voussoir.054 483/674 | Building mesh BLAS |     188 tris | Great tower lower portal voussoir.052
Fra:1 Mem:396.74M (Peak 532.72M) | Time:00:00.25 | Mem:271.32M, Peak:271.32M | Scene, ViewLayer | Updating Geometry BVH Great tower lower portal voussoir.054 483/674 | Building mesh BLAS |     188 tris | Great tower lower portal voussoir.053
Fra:1 Mem:396.74M (Peak 532.72M) | Time:00:00.25 | Mem:271.32M, Peak:271.32M | Scene, ViewLayer | Updating Geometry BVH Great tower lower portal voussoir.055 484/674 | Building BVH
Fra:1 Mem:396.74M (Peak 532.72M) | Time:00:00.25 | Mem:271.32M, Peak:271.32M | Scene, ViewLayer | Updating Geometry BVH Great tower lower portal voussoir.055 484/674 | Building mesh BLAS |     188 tris | Great tower lower portal voussoir.054
Fra:1 Mem:396.74M (Peak 532.72M) | Time:00:00.25 | Mem:271.32M, Peak:271.32M | Scene, ViewLayer | Updating Geometry BVH Great tower lower portal voussoir.055 484/674 | Building mesh BLAS |     188 tris | Great tower lower portal voussoir.055
Fra:1 Mem:396.74M (Peak 532.72M) | Time:00:00.25 | Mem:271.33M, Peak:271.33M | Scene, ViewLayer | Updating Geometry BVH Great tower lower portal voussoir.056 485/674 | Building BVH
Fra:1 Mem:396.74M (Peak 532.72M) | Time:00:00.25 | Mem:271.33M, Peak:271.33M | Scene, ViewLayer | Updating Geometry BVH Great tower lower portal voussoir.056 485/674 | Building mesh BLAS |     188 tris | Great tower lower portal voussoir.056
Fra:1 Mem:396.74M (Peak 532.72M) | Time:00:00.25 | Mem:271.33M, Peak:271.33M | Scene, ViewLayer | Updating Geometry BVH Great tower lower portal voussoir.057 486/674 | Building BVH
Fra:1 Mem:396.74M (Peak 532.72M) | Time:00:00.25 | Mem:271.33M, Peak:271.33M | Scene, ViewLayer | Updating Geometry BVH Great tower lower portal voussoir.057 486/674 | Building mesh BLAS |     188 tris | Great tower lower portal voussoir.057
Fra:1 Mem:396.74M (Peak 532.72M) | Time:00:00.25 | Mem:271.33M, Peak:271.33M | Scene, ViewLayer | Updating Geometry BVH Great tower lower portal voussoir.058 487/674 | Building BVH
Fra:1 Mem:396.74M (Peak 532.72M) | Time:00:00.25 | Mem:271.41M, Peak:271.41M | Scene, ViewLayer | Updating Geometry BVH Great tower lower portal voussoir.058 487/674 | Building mesh BLAS |     188 tris | Great tower lower portal voussoir.058
Fra:1 Mem:396.74M (Peak 532.72M) | Time:00:00.25 | Mem:271.42M, Peak:271.42M | Scene, ViewLayer | Updating Geometry BVH Great tower lower portal voussoir.059 488/674 | Building BVH
Fra:1 Mem:396.74M (Peak 532.72M) | Time:00:00.25 | Mem:271.42M, Peak:271.42M | Scene, ViewLayer | Updating Geometry BVH Great tower lower portal voussoir.060 489/674 | Building BVH
Fra:1 Mem:396.74M (Peak 532.72M) | Time:00:00.25 | Mem:271.42M, Peak:271.42M | Scene, ViewLayer | Updating Geometry BVH Great tower lower portal voussoir.061 490/674 | Building BVH
Fra:1 Mem:396.74M (Peak 532.72M) | Time:00:00.25 | Mem:271.42M, Peak:271.42M | Scene, ViewLayer | Updating Geometry BVH Great tower lower portal voussoir.061 490/674 | Building mesh BLAS |     188 tris | Great tower lower portal voussoir.060
Fra:1 Mem:396.74M (Peak 532.72M) | Time:00:00.25 | Mem:271.42M, Peak:271.42M | Scene, ViewLayer | Updating Geometry BVH Great tower lower portal voussoir.061 490/674 | Building mesh BLAS |     188 tris | Great tower lower portal voussoir.061
Fra:1 Mem:396.74M (Peak 532.72M) | Time:00:00.25 | Mem:271.43M, Peak:271.43M | Scene, ViewLayer | Updating Geometry BVH Great tower lower portal voussoir.062 491/674 | Building BVH
Fra:1 Mem:396.74M (Peak 532.72M) | Time:00:00.25 | Mem:271.43M, Peak:271.43M | Scene, ViewLayer | Updating Geometry BVH Great tower lower portal voussoir.062 491/674 | Building mesh BLAS |     188 tris | Great tower lower portal voussoir.062
Fra:1 Mem:396.74M (Peak 532.72M) | Time:00:00.25 | Mem:271.43M, Peak:271.43M | Scene, ViewLayer | Updating Geometry BVH Great tower lower portal voussoir.063 492/674 | Building BVH
Fra:1 Mem:396.74M (Peak 532.72M) | Time:00:00.25 | Mem:271.43M, Peak:271.43M | Scene, ViewLayer | Updating Geometry BVH Great tower lower portal voussoir.063 492/674 | Building mesh BLAS |     188 tris | Great tower lower portal voussoir.063
Fra:1 Mem:396.74M (Peak 532.72M) | Time:00:00.25 | Mem:271.48M, Peak:271.48M | Scene, ViewLayer | Updating Geometry BVH Great tower lower portal voussoir.064 493/674 | Building BVH
Fra:1 Mem:396.74M (Peak 532.72M) | Time:00:00.25 | Mem:271.49M, Peak:271.49M | Scene, ViewLayer | Updating Geometry BVH East chapel arch.001 641/674 | Building BVH
Fra:1 Mem:396.74M (Peak 532.72M) | Time:00:00.25 | Mem:271.49M, Peak:271.49M | Scene, ViewLayer | Updating Geometry BVH East chapel arch.001 641/674 | Building mesh BLAS |     188 tris | Great tower lower portal voussoir.064
Fra:1 Mem:396.74M (Peak 532.72M) | Time:00:00.25 | Mem:271.49M, Peak:271.49M | Scene, ViewLayer | Updating Geometry BVH Great tower lower portal voussoir.066 495/674 | Building BVH
Fra:1 Mem:396.74M (Peak 532.72M) | Time:00:00.25 | Mem:271.49M, Peak:271.49M | Scene, ViewLayer | Updating Geometry BVH Great tower lower portal voussoir.067 496/674 | Building BVH
Fra:1 Mem:396.74M (Peak 532.72M) | Time:00:00.25 | Mem:271.49M, Peak:271.49M | Scene, ViewLayer | Updating Geometry BVH Great tower lower portal voussoir.067 496/674 | Building mesh BLAS |     188 tris | Great tower lower portal voussoir.066
Fra:1 Mem:396.74M (Peak 532.72M) | Time:00:00.25 | Mem:271.49M, Peak:271.49M | Scene, ViewLayer | Updating Geometry BVH Great tower lower portal voussoir.067 496/674 | Building mesh BLAS |     188 tris | Great tower lower portal voussoir.067
Fra:1 Mem:396.74M (Peak 532.72M) | Time:00:00.25 | Mem:271.49M, Peak:271.49M | Scene, ViewLayer | Updating Geometry BVH Great tower lower portal voussoir.067 496/674 | Building mesh BLAS |     188 tris | Great tower lower portal voussoir.065
Fra:1 Mem:396.74M (Peak 532.72M) | Time:00:00.25 | Mem:271.52M, Peak:271.52M | Scene, ViewLayer | Updating Geometry BVH Upper loggia voussoir 498/674 | Building BVH
Fra:1 Mem:396.74M (Peak 532.72M) | Time:00:00.25 | Mem:271.52M, Peak:271.52M | Scene, ViewLayer | Updating Geometry BVH Upper loggia voussoir.001 499/674 | Building BVH
Fra:1 Mem:396.74M (Peak 532.72M) | Time:00:00.25 | Mem:271.52M, Peak:271.52M | Scene, ViewLayer | Updating Geometry BVH Upper loggia voussoir.001 499/674 | Building mesh BLAS |     188 tris | Upper loggia voussoir
Fra:1 Mem:396.75M (Peak 532.72M) | Time:00:00.25 | Mem:271.52M, Peak:271.52M | Scene, ViewLayer | Updating Geometry BVH Upper loggia voussoir.001 499/674 | Building mesh BLAS |     188 tris | Upper loggia voussoir.001
Fra:1 Mem:396.75M (Peak 532.72M) | Time:00:00.25 | Mem:271.52M, Peak:271.52M | Scene, ViewLayer | Updating Geometry BVH Upper loggia voussoir.001 499/674 | Building mesh BLAS |    1692 tris | Upper loggia arch
Fra:1 Mem:396.74M (Peak 532.72M) | Time:00:00.25 | Mem:271.54M, Peak:271.54M | Scene, ViewLayer | Updating Geometry BVH Upper loggia voussoir.002 500/674 | Building BVH
Fra:1 Mem:396.75M (Peak 532.72M) | Time:00:00.25 | Mem:271.54M, Peak:271.54M | Scene, ViewLayer | Updating Geometry BVH Upper loggia voussoir.003 501/674 | Building BVH
Fra:1 Mem:396.75M (Peak 532.72M) | Time:00:00.25 | Mem:271.54M, Peak:271.54M | Scene, ViewLayer | Updating Geometry BVH Upper loggia voussoir.003 501/674 | Building mesh BLAS |     188 tris | Upper loggia voussoir.002
Fra:1 Mem:396.75M (Peak 532.72M) | Time:00:00.25 | Mem:271.54M, Peak:271.54M | Scene, ViewLayer | Updating Geometry BVH Upper loggia voussoir.003 501/674 | Building mesh BLAS |     188 tris | Upper loggia voussoir.003
Fra:1 Mem:396.75M (Peak 532.72M) | Time:00:00.25 | Mem:271.55M, Peak:271.55M | Scene, ViewLayer | Updating Geometry BVH Upper loggia voussoir.004 502/674 | Building BVH
Fra:1 Mem:396.75M (Peak 532.72M) | Time:00:00.25 | Mem:271.55M, Peak:271.55M | Scene, ViewLayer | Updating Geometry BVH Upper loggia voussoir.005 503/674 | Building BVH
Fra:1 Mem:396.75M (Peak 532.72M) | Time:00:00.25 | Mem:271.55M, Peak:271.55M | Scene, ViewLayer | Updating Geometry BVH Upper loggia voussoir.005 503/674 | Building mesh BLAS |     188 tris | Upper loggia voussoir.005
Fra:1 Mem:396.75M (Peak 532.72M) | Time:00:00.25 | Mem:271.64M, Peak:271.64M | Scene, ViewLayer | Updating Geometry BVH Upper loggia voussoir.006 504/674 | Building BVH
Fra:1 Mem:396.75M (Peak 532.72M) | Time:00:00.25 | Mem:271.65M, Peak:271.65M | Scene, ViewLayer | Updating Geometry BVH Upper loggia voussoir.006 504/674 | Building mesh BLAS |     188 tris | Upper loggia voussoir.006
Fra:1 Mem:396.75M (Peak 532.72M) | Time:00:00.25 | Mem:271.65M, Peak:271.65M | Scene, ViewLayer | Updating Geometry BVH Upper loggia voussoir.007 505/674 | Building BVH
Fra:1 Mem:396.75M (Peak 532.72M) | Time:00:00.25 | Mem:271.65M, Peak:271.65M | Scene, ViewLayer | Updating Geometry BVH Upper loggia voussoir.008 506/674 | Building BVH
Fra:1 Mem:396.75M (Peak 532.72M) | Time:00:00.25 | Mem:271.65M, Peak:271.65M | Scene, ViewLayer | Updating Geometry BVH Upper loggia voussoir.009 507/674 | Building BVH
Fra:1 Mem:396.75M (Peak 532.72M) | Time:00:00.25 | Mem:271.65M, Peak:271.65M | Scene, ViewLayer | Updating Geometry BVH Upper loggia voussoir.009 507/674 | Building mesh BLAS |     188 tris | Upper loggia voussoir.008
Fra:1 Mem:396.75M (Peak 532.72M) | Time:00:00.25 | Mem:271.65M, Peak:271.65M | Scene, ViewLayer | Updating Geometry BVH Upper loggia voussoir.009 507/674 | Building mesh BLAS |     188 tris | Upper loggia voussoir.009
Fra:1 Mem:396.75M (Peak 532.72M) | Time:00:00.25 | Mem:271.65M, Peak:271.65M | Scene, ViewLayer | Updating Geometry BVH Upper loggia voussoir.010 508/674 | Building BVH
Fra:1 Mem:396.75M (Peak 532.72M) | Time:00:00.25 | Mem:271.65M, Peak:271.65M | Scene, ViewLayer | Updating Geometry BVH Upper loggia voussoir.010 508/674 | Building mesh BLAS |     188 tris | Upper loggia voussoir.010
Fra:1 Mem:396.75M (Peak 532.72M) | Time:00:00.25 | Mem:271.66M, Peak:271.66M | Scene, ViewLayer | Updating Geometry BVH Upper loggia voussoir.011 509/674 | Building BVH
Fra:1 Mem:396.75M (Peak 532.72M) | Time:00:00.25 | Mem:271.66M, Peak:271.66M | Scene, ViewLayer | Updating Geometry BVH Upper loggia voussoir.011 509/674 | Building mesh BLAS |     188 tris | Upper loggia voussoir.011
Fra:1 Mem:396.75M (Peak 532.72M) | Time:00:00.25 | Mem:271.69M, Peak:271.69M | Scene, ViewLayer | Updating Geometry BVH Upper loggia voussoir.012 510/674 | Building BVH
Fra:1 Mem:396.75M (Peak 532.72M) | Time:00:00.25 | Mem:271.69M, Peak:271.69M | Scene, ViewLayer | Updating Geometry BVH Upper loggia voussoir.012 510/674 | Building mesh BLAS |     188 tris | Upper loggia voussoir.012
Fra:1 Mem:396.75M (Peak 532.72M) | Time:00:00.25 | Mem:271.69M, Peak:271.69M | Scene, ViewLayer | Updating Geometry BVH Upper loggia voussoir.013 511/674 | Building BVH
Fra:1 Mem:396.75M (Peak 532.72M) | Time:00:00.25 | Mem:271.69M, Peak:271.69M | Scene, ViewLayer | Updating Geometry BVH Upper loggia voussoir.013 511/674 | Building mesh BLAS |     188 tris | Upper loggia voussoir.013
Fra:1 Mem:396.75M (Peak 532.72M) | Time:00:00.25 | Mem:271.70M, Peak:271.70M | Scene, ViewLayer | Updating Geometry BVH East chapel arch 640/674 | Building BVH
Fra:1 Mem:396.75M (Peak 532.72M) | Time:00:00.25 | Mem:271.71M, Peak:271.71M | Scene, ViewLayer | Updating Geometry BVH East chapel arch 640/674 | Building mesh BLAS |    1692 tris | East chapel arch
Fra:1 Mem:396.75M (Peak 532.72M) | Time:00:00.25 | Mem:271.71M, Peak:271.71M | Scene, ViewLayer | Updating Geometry BVH Upper loggia voussoir.014 512/674 | Building BVH
Fra:1 Mem:396.75M (Peak 532.72M) | Time:00:00.25 | Mem:271.72M, Peak:271.72M | Scene, ViewLayer | Updating Geometry BVH Upper loggia voussoir.015 513/674 | Building mesh BLAS |     188 tris | Upper loggia voussoir.014
Fra:1 Mem:396.75M (Peak 532.72M) | Time:00:00.25 | Mem:271.72M, Peak:271.72M | Scene, ViewLayer | Updating Geometry BVH Upper loggia voussoir.015 513/674 | Building mesh BLAS |     188 tris | Upper loggia voussoir.015
Fra:1 Mem:396.75M (Peak 532.72M) | Time:00:00.25 | Mem:271.72M, Peak:271.72M | Scene, ViewLayer | Updating Geometry BVH Upper loggia voussoir.016 514/674 | Building BVH
Fra:1 Mem:396.75M (Peak 532.72M) | Time:00:00.25 | Mem:271.73M, Peak:271.73M | Scene, ViewLayer | Updating Geometry BVH Upper loggia arch.001 515/674 | Building BVH
Fra:1 Mem:396.75M (Peak 532.72M) | Time:00:00.25 | Mem:271.74M, Peak:271.74M | Scene, ViewLayer | Updating Geometry BVH Upper loggia arch.001 515/674 | Building mesh BLAS |     188 tris | Upper loggia voussoir.016
Fra:1 Mem:396.75M (Peak 532.72M) | Time:00:00.25 | Mem:271.75M, Peak:271.75M | Scene, ViewLayer | Updating Geometry BVH Upper loggia voussoir.017 516/674 | Building BVH
Fra:1 Mem:396.75M (Peak 532.72M) | Time:00:00.25 | Mem:271.85M, Peak:271.85M | Scene, ViewLayer | Updating Geometry BVH Upper loggia voussoir.017 516/674 | Building mesh BLAS |     188 tris | Upper loggia voussoir.017
Fra:1 Mem:396.75M (Peak 532.72M) | Time:00:00.25 | Mem:271.85M, Peak:271.85M | Scene, ViewLayer | Updating Geometry BVH Upper loggia voussoir.018 517/674 | Building BVH
Fra:1 Mem:396.75M (Peak 532.72M) | Time:00:00.25 | Mem:271.85M, Peak:271.85M | Scene, ViewLayer | Updating Geometry BVH Upper loggia voussoir.018 517/674 | Building mesh BLAS |     188 tris | Upper loggia voussoir.018
Fra:1 Mem:396.75M (Peak 532.72M) | Time:00:00.25 | Mem:271.85M, Peak:271.85M | Scene, ViewLayer | Updating Geometry BVH Upper loggia voussoir.019 518/674 | Building BVH
Fra:1 Mem:396.75M (Peak 532.72M) | Time:00:00.25 | Mem:271.85M, Peak:271.85M | Scene, ViewLayer | Updating Geometry BVH Upper loggia voussoir.020 519/674 | Building BVH
Fra:1 Mem:396.75M (Peak 532.72M) | Time:00:00.25 | Mem:271.85M, Peak:271.85M | Scene, ViewLayer | Updating Geometry BVH Upper loggia voussoir.020 519/674 | Building mesh BLAS |     188 tris | Upper loggia voussoir.019
Fra:1 Mem:396.75M (Peak 532.72M) | Time:00:00.25 | Mem:271.85M, Peak:271.85M | Scene, ViewLayer | Updating Geometry BVH Upper loggia voussoir.021 520/674 | Building BVH
Fra:1 Mem:396.75M (Peak 532.72M) | Time:00:00.25 | Mem:271.85M, Peak:271.85M | Scene, ViewLayer | Updating Geometry BVH Upper loggia voussoir.021 520/674 | Building mesh BLAS |     188 tris | Upper loggia voussoir.021
Fra:1 Mem:396.75M (Peak 532.72M) | Time:00:00.25 | Mem:277.27M, Peak:277.27M | Scene, ViewLayer | Updating Geometry BVH Upper loggia voussoir.022 521/674 | Building BVH
Fra:1 Mem:396.75M (Peak 532.72M) | Time:00:00.25 | Mem:277.28M, Peak:277.28M | Scene, ViewLayer | Updating Geometry BVH Upper loggia voussoir.022 521/674 | Building mesh BLAS |     188 tris | Upper loggia voussoir.022
Fra:1 Mem:396.75M (Peak 532.72M) | Time:00:00.25 | Mem:277.29M, Peak:277.29M | Scene, ViewLayer | Updating Geometry BVH Upper loggia voussoir.023 522/674 | Building BVH
Fra:1 Mem:396.75M (Peak 532.72M) | Time:00:00.25 | Mem:277.29M, Peak:277.29M | Scene, ViewLayer | Updating Geometry BVH Upper loggia voussoir.024 523/674 | Building BVH
Fra:1 Mem:396.75M (Peak 532.72M) | Time:00:00.25 | Mem:277.29M, Peak:277.29M | Scene, ViewLayer | Updating Geometry BVH Upper loggia voussoir.025 524/674 | Building BVH
Fra:1 Mem:396.75M (Peak 532.72M) | Time:00:00.25 | Mem:277.30M, Peak:277.30M | Scene, ViewLayer | Updating Geometry BVH Upper loggia voussoir.025 524/674 | Building mesh BLAS |     188 tris | Upper loggia voussoir.024
Fra:1 Mem:396.75M (Peak 532.72M) | Time:00:00.25 | Mem:277.31M, Peak:277.31M | Scene, ViewLayer | Updating Geometry BVH Upper loggia voussoir.025 524/674 | Building mesh BLAS |     188 tris | Upper loggia voussoir.025
Fra:1 Mem:396.75M (Peak 532.72M) | Time:00:00.25 | Mem:277.31M, Peak:277.31M | Scene, ViewLayer | Updating Geometry BVH Upper loggia voussoir.026 525/674 | Building BVH
Fra:1 Mem:396.75M (Peak 532.72M) | Time:00:00.25 | Mem:277.31M, Peak:277.31M | Scene, ViewLayer | Updating Geometry BVH Upper loggia voussoir.026 525/674 | Building mesh BLAS |     188 tris | Upper loggia voussoir.026
Fra:1 Mem:396.75M (Peak 532.72M) | Time:00:00.25 | Mem:277.31M, Peak:277.31M | Scene, ViewLayer | Updating Geometry BVH Upper loggia voussoir.027 526/674 | Building BVH
Fra:1 Mem:396.75M (Peak 532.72M) | Time:00:00.25 | Mem:277.31M, Peak:277.31M | Scene, ViewLayer | Updating Geometry BVH Upper loggia voussoir.027 526/674 | Building mesh BLAS |     188 tris | Upper loggia voussoir.027
Fra:1 Mem:396.75M (Peak 532.72M) | Time:00:00.25 | Mem:277.34M, Peak:277.34M | Scene, ViewLayer | Updating Geometry BVH Upper loggia voussoir.028 527/674 | Building BVH
Fra:1 Mem:396.75M (Peak 532.72M) | Time:00:00.25 | Mem:277.34M, Peak:277.34M | Scene, ViewLayer | Updating Geometry BVH Upper loggia voussoir.029 528/674 | Building BVH
Fra:1 Mem:396.75M (Peak 532.72M) | Time:00:00.25 | Mem:277.34M, Peak:277.34M | Scene, ViewLayer | Updating Geometry BVH Upper loggia voussoir.029 528/674 | Building mesh BLAS |     188 tris | Upper loggia voussoir.028
Fra:1 Mem:396.75M (Peak 532.72M) | Time:00:00.25 | Mem:277.34M, Peak:277.34M | Scene, ViewLayer | Updating Geometry BVH Upper loggia voussoir.029 528/674 | Building mesh BLAS |     188 tris | Upper loggia voussoir.029
Fra:1 Mem:396.75M (Peak 532.72M) | Time:00:00.25 | Mem:277.35M, Peak:277.35M | Scene, ViewLayer | Updating Geometry BVH West chapel bridge voussoir.016 639/674 | Building BVH
Fra:1 Mem:396.75M (Peak 532.72M) | Time:00:00.25 | Mem:277.36M, Peak:277.36M | Scene, ViewLayer | Updating Geometry BVH West chapel bridge voussoir.016 639/674 | Building mesh BLAS |     188 tris | West chapel bridge voussoir.016
Fra:1 Mem:396.75M (Peak 532.72M) | Time:00:00.25 | Mem:277.36M, Peak:277.36M | Scene, ViewLayer | Updating Geometry BVH Upper loggia voussoir.030 529/674 | Building BVH
Fra:1 Mem:396.75M (Peak 532.72M) | Time:00:00.25 | Mem:277.36M, Peak:277.36M | Scene, ViewLayer | Updating Geometry BVH Upper loggia voussoir.031 530/674 | Building BVH
Fra:1 Mem:396.75M (Peak 532.72M) | Time:00:00.25 | Mem:277.36M, Peak:277.36M | Scene, ViewLayer | Updating Geometry BVH Upper loggia voussoir.031 530/674 | Building mesh BLAS |     188 tris | Upper loggia voussoir.030
Fra:1 Mem:396.75M (Peak 532.72M) | Time:00:00.25 | Mem:277.36M, Peak:277.36M | Scene, ViewLayer | Updating Geometry BVH Upper loggia voussoir.031 530/674 | Building mesh BLAS |     188 tris | Upper loggia voussoir.031
Fra:1 Mem:396.75M (Peak 532.72M) | Time:00:00.25 | Mem:277.40M, Peak:277.40M | Scene, ViewLayer | Updating Geometry BVH Upper loggia voussoir.032 531/674 | Building BVH
Fra:1 Mem:396.75M (Peak 532.72M) | Time:00:00.25 | Mem:277.49M, Peak:277.49M | Scene, ViewLayer | Updating Geometry BVH Upper loggia voussoir.033 532/674 | Building BVH
Fra:1 Mem:396.75M (Peak 532.72M) | Time:00:00.25 | Mem:277.49M, Peak:277.49M | Scene, ViewLayer | Updating Geometry BVH Upper loggia voussoir.033 532/674 | Building mesh BLAS |     188 tris | Upper loggia voussoir.032
Fra:1 Mem:396.75M (Peak 532.72M) | Time:00:00.25 | Mem:277.49M, Peak:277.49M | Scene, ViewLayer | Updating Geometry BVH Upper loggia voussoir.033 532/674 | Building mesh BLAS |     188 tris | Upper loggia voussoir.033
Fra:1 Mem:396.75M (Peak 532.72M) | Time:00:00.25 | Mem:277.49M, Peak:277.49M | Scene, ViewLayer | Updating Geometry BVH Upper loggia voussoir.034 534/674 | Building BVH
Fra:1 Mem:396.75M (Peak 532.72M) | Time:00:00.25 | Mem:277.49M, Peak:277.49M | Scene, ViewLayer | Updating Geometry BVH Upper loggia voussoir.036 536/674 | Building BVH
Fra:1 Mem:396.75M (Peak 532.72M) | Time:00:00.25 | Mem:277.49M, Peak:277.49M | Scene, ViewLayer | Updating Geometry BVH Upper loggia voussoir.036 536/674 | Building mesh BLAS |     188 tris | Upper loggia voussoir.034
Fra:1 Mem:396.75M (Peak 532.72M) | Time:00:00.25 | Mem:277.49M, Peak:277.49M | Scene, ViewLayer | Updating Geometry BVH Upper loggia voussoir.036 536/674 | Building mesh BLAS |     188 tris | Upper loggia voussoir.035
Fra:1 Mem:396.75M (Peak 532.72M) | Time:00:00.25 | Mem:277.49M, Peak:277.49M | Scene, ViewLayer | Updating Geometry BVH Upper loggia voussoir.036 536/674 | Building mesh BLAS |     188 tris | Upper loggia voussoir.036
Fra:1 Mem:396.75M (Peak 532.72M) | Time:00:00.25 | Mem:277.49M, Peak:277.49M | Scene, ViewLayer | Updating Geometry BVH Upper loggia voussoir.037 537/674 | Building BVH
Fra:1 Mem:396.75M (Peak 532.72M) | Time:00:00.25 | Mem:277.49M, Peak:277.49M | Scene, ViewLayer | Updating Geometry BVH Upper loggia voussoir.037 537/674 | Building mesh BLAS |     188 tris | Upper loggia voussoir.037
Fra:1 Mem:396.75M (Peak 532.72M) | Time:00:00.25 | Mem:278.19M, Peak:278.19M | Scene, ViewLayer | Updating Geometry BVH Upper loggia voussoir.038 538/674 | Building BVH
Fra:1 Mem:396.75M (Peak 532.72M) | Time:00:00.25 | Mem:278.20M, Peak:278.20M | Scene, ViewLayer | Updating Geometry BVH Upper loggia voussoir.038 538/674 | Building mesh BLAS |     188 tris | Upper loggia voussoir.038
Fra:1 Mem:396.75M (Peak 532.72M) | Time:00:00.25 | Mem:278.20M, Peak:278.20M | Scene, ViewLayer | Updating Geometry BVH Upper loggia voussoir.039 539/674 | Building BVH
Fra:1 Mem:396.75M (Peak 532.72M) | Time:00:00.25 | Mem:278.20M, Peak:278.20M | Scene, ViewLayer | Updating Geometry BVH Upper loggia voussoir.039 539/674 | Building mesh BLAS |     188 tris | Upper loggia voussoir.039
Fra:1 Mem:396.75M (Peak 532.72M) | Time:00:00.25 | Mem:278.20M, Peak:278.20M | Scene, ViewLayer | Updating Geometry BVH Upper loggia voussoir.040 540/674 | Building BVH
Fra:1 Mem:396.75M (Peak 532.72M) | Time:00:00.25 | Mem:278.20M, Peak:278.20M | Scene, ViewLayer | Updating Geometry BVH Upper loggia voussoir.040 540/674 | Building mesh BLAS |     188 tris | Upper loggia voussoir.040
Fra:1 Mem:396.75M (Peak 532.72M) | Time:00:00.25 | Mem:278.20M, Peak:278.20M | Scene, ViewLayer | Updating Geometry BVH Upper loggia voussoir.041 541/674 | Building BVH
Fra:1 Mem:396.75M (Peak 532.72M) | Time:00:00.25 | Mem:278.20M, Peak:278.20M | Scene, ViewLayer | Updating Geometry BVH Upper loggia voussoir.041 541/674 | Building mesh BLAS |     188 tris | Upper loggia voussoir.041
Fra:1 Mem:396.75M (Peak 532.72M) | Time:00:00.25 | Mem:278.20M, Peak:278.20M | Scene, ViewLayer | Updating Geometry BVH Upper loggia voussoir.042 542/674 | Building BVH
Fra:1 Mem:396.75M (Peak 532.72M) | Time:00:00.25 | Mem:278.20M, Peak:278.20M | Scene, ViewLayer | Updating Geometry BVH Upper loggia voussoir.042 542/674 | Building mesh BLAS |     188 tris | Upper loggia voussoir.042
Fra:1 Mem:396.75M (Peak 532.72M) | Time:00:00.25 | Mem:278.20M, Peak:278.20M | Scene, ViewLayer | Updating Geometry BVH Upper loggia voussoir.043 543/674 | Building BVH
Fra:1 Mem:396.75M (Peak 532.72M) | Time:00:00.25 | Mem:278.21M, Peak:278.21M | Scene, ViewLayer | Updating Geometry BVH Upper loggia voussoir.043 543/674 | Building mesh BLAS |     188 tris | Upper loggia voussoir.043
Fra:1 Mem:396.75M (Peak 532.72M) | Time:00:00.25 | Mem:278.22M, Peak:278.22M | Scene, ViewLayer | Updating Geometry BVH Upper loggia voussoir.044 544/674 | Building BVH
Fra:1 Mem:396.75M (Peak 532.72M) | Time:00:00.25 | Mem:278.22M, Peak:278.22M | Scene, ViewLayer | Updating Geometry BVH Upper loggia voussoir.044 544/674 | Building mesh BLAS |     188 tris | Upper loggia voussoir.044
Fra:1 Mem:396.75M (Peak 532.72M) | Time:00:00.25 | Mem:278.22M, Peak:278.22M | Scene, ViewLayer | Updating Geometry BVH Upper loggia voussoir.045 545/674 | Building BVH
Fra:1 Mem:396.75M (Peak 532.72M) | Time:00:00.25 | Mem:278.22M, Peak:278.22M | Scene, ViewLayer | Updating Geometry BVH Upper loggia voussoir.045 545/674 | Building mesh BLAS |     188 tris | Upper loggia voussoir.045
Fra:1 Mem:396.75M (Peak 532.72M) | Time:00:00.25 | Mem:278.25M, Peak:278.25M | Scene, ViewLayer | Updating Geometry BVH West chapel bridge voussoir.015 638/674 | Building BVH
Fra:1 Mem:396.75M (Peak 532.72M) | Time:00:00.25 | Mem:278.25M, Peak:278.25M | Scene, ViewLayer | Updating Geometry BVH West chapel bridge voussoir.015 638/674 | Building mesh BLAS |     188 tris | West chapel bridge voussoir.015
Fra:1 Mem:396.75M (Peak 532.72M) | Time:00:00.25 | Mem:278.25M, Peak:278.25M | Scene, ViewLayer | Updating Geometry BVH Upper loggia voussoir.046 546/674 | Building BVH
Fra:1 Mem:396.75M (Peak 532.72M) | Time:00:00.25 | Mem:278.25M, Peak:278.25M | Scene, ViewLayer | Updating Geometry BVH Upper loggia voussoir.046 546/674 | Building mesh BLAS |     188 tris | Upper loggia voussoir.046
Fra:1 Mem:396.75M (Peak 532.72M) | Time:00:00.25 | Mem:278.26M, Peak:278.26M | Scene, ViewLayer | Updating Geometry BVH Upper loggia voussoir.047 547/674 | Building BVH
Fra:1 Mem:396.75M (Peak 532.72M) | Time:00:00.25 | Mem:278.26M, Peak:278.26M | Scene, ViewLayer | Updating Geometry BVH Upper loggia voussoir.047 547/674 | Building mesh BLAS |     188 tris | Upper loggia voussoir.047
Fra:1 Mem:396.75M (Peak 532.72M) | Time:00:00.25 | Mem:278.29M, Peak:278.29M | Scene, ViewLayer | Updating Geometry BVH Upper loggia voussoir.048 548/674 | Building BVH
Fra:1 Mem:396.75M (Peak 532.72M) | Time:00:00.25 | Mem:278.29M, Peak:278.29M | Scene, ViewLayer | Updating Geometry BVH Upper loggia voussoir.048 548/674 | Building mesh BLAS |     188 tris | Upper loggia voussoir.048
Fra:1 Mem:396.75M (Peak 532.72M) | Time:00:00.25 | Mem:278.38M, Peak:278.38M | Scene, ViewLayer | Updating Geometry BVH Upper loggia voussoir.049 549/674 | Building BVH
Fra:1 Mem:396.75M (Peak 532.72M) | Time:00:00.25 | Mem:278.38M, Peak:278.38M | Scene, ViewLayer | Updating Geometry BVH Upper loggia voussoir.049 549/674 | Building mesh BLAS |     188 tris | Upper loggia voussoir.049
Fra:1 Mem:396.75M (Peak 532.72M) | Time:00:00.25 | Mem:278.38M, Peak:278.38M | Scene, ViewLayer | Updating Geometry BVH Upper loggia voussoir.050 550/674 | Building BVH
Fra:1 Mem:396.75M (Peak 532.72M) | Time:00:00.25 | Mem:278.38M, Peak:278.38M | Scene, ViewLayer | Updating Geometry BVH Upper loggia arch.003 551/674 | Building mesh BLAS |     188 tris | Upper loggia voussoir.050
Fra:1 Mem:396.75M (Peak 532.72M) | Time:00:00.25 | Mem:278.38M, Peak:278.38M | Scene, ViewLayer | Updating Geometry BVH Upper loggia arch.003 551/674 | Building mesh BLAS |    1692 tris | Upper loggia arch.003
Fra:1 Mem:396.75M (Peak 532.72M) | Time:00:00.25 | Mem:278.39M, Peak:278.39M | Scene, ViewLayer | Updating Geometry BVH Upper loggia voussoir.051 552/674 | Building BVH
Fra:1 Mem:396.75M (Peak 532.72M) | Time:00:00.25 | Mem:278.39M, Peak:278.39M | Scene, ViewLayer | Updating Geometry BVH Upper loggia voussoir.051 552/674 | Building mesh BLAS |     188 tris | Upper loggia voussoir.051
Fra:1 Mem:396.75M (Peak 532.72M) | Time:00:00.25 | Mem:278.39M, Peak:278.39M | Scene, ViewLayer | Updating Geometry BVH Upper loggia voussoir.052 553/674 | Building BVH
Fra:1 Mem:396.75M (Peak 532.72M) | Time:00:00.25 | Mem:278.39M, Peak:278.39M | Scene, ViewLayer | Updating Geometry BVH Upper loggia voussoir.052 553/674 | Building mesh BLAS |     188 tris | Upper loggia voussoir.052
Fra:1 Mem:396.75M (Peak 532.72M) | Time:00:00.25 | Mem:278.49M, Peak:278.49M | Scene, ViewLayer | Updating Geometry BVH Upper loggia voussoir.053 554/674 | Building BVH
Fra:1 Mem:396.75M (Peak 532.72M) | Time:00:00.25 | Mem:278.50M, Peak:278.50M | Scene, ViewLayer | Updating Geometry BVH Upper loggia voussoir.053 554/674 | Building mesh BLAS |     188 tris | Upper loggia voussoir.053
Fra:1 Mem:396.75M (Peak 532.72M) | Time:00:00.25 | Mem:278.52M, Peak:278.52M | Scene, ViewLayer | Updating Geometry BVH Upper loggia voussoir.054 555/674 | Building BVH
Fra:1 Mem:396.75M (Peak 532.72M) | Time:00:00.25 | Mem:278.52M, Peak:278.52M | Scene, ViewLayer | Updating Geometry BVH Upper loggia voussoir.054 555/674 | Building mesh BLAS |     188 tris | Upper loggia voussoir.054
Fra:1 Mem:396.75M (Peak 532.72M) | Time:00:00.25 | Mem:278.52M, Peak:278.52M | Scene, ViewLayer | Updating Geometry BVH Upper loggia voussoir.055 556/674 | Building BVH
Fra:1 Mem:396.75M (Peak 532.72M) | Time:00:00.25 | Mem:278.52M, Peak:278.52M | Scene, ViewLayer | Updating Geometry BVH Upper loggia voussoir.056 557/674 | Building BVH
Fra:1 Mem:396.75M (Peak 532.72M) | Time:00:00.25 | Mem:278.52M, Peak:278.52M | Scene, ViewLayer | Updating Geometry BVH Upper loggia voussoir.056 557/674 | Building mesh BLAS |     188 tris | Upper loggia voussoir.055
Fra:1 Mem:396.75M (Peak 532.72M) | Time:00:00.25 | Mem:278.52M, Peak:278.52M | Scene, ViewLayer | Updating Geometry BVH Upper loggia voussoir.057 558/674 | Building BVH
Fra:1 Mem:396.75M (Peak 532.72M) | Time:00:00.25 | Mem:278.52M, Peak:278.52M | Scene, ViewLayer | Updating Geometry BVH Upper loggia voussoir.057 558/674 | Building mesh BLAS |     188 tris | Upper loggia voussoir.057
Fra:1 Mem:396.75M (Peak 532.72M) | Time:00:00.25 | Mem:278.57M, Peak:278.57M | Scene, ViewLayer | Updating Geometry BVH Upper loggia voussoir.058 559/674 | Building BVH
Fra:1 Mem:396.75M (Peak 532.72M) | Time:00:00.25 | Mem:278.57M, Peak:278.57M | Scene, ViewLayer | Updating Geometry BVH Upper loggia voussoir.059 560/674 | Building BVH
Fra:1 Mem:396.75M (Peak 532.72M) | Time:00:00.25 | Mem:278.57M, Peak:278.57M | Scene, ViewLayer | Updating Geometry BVH Upper loggia voussoir.059 560/674 | Building mesh BLAS |     188 tris | Upper loggia voussoir.058
Fra:1 Mem:396.75M (Peak 532.72M) | Time:00:00.25 | Mem:278.57M, Peak:278.57M | Scene, ViewLayer | Updating Geometry BVH Upper loggia voussoir.059 560/674 | Building mesh BLAS |     188 tris | Upper loggia voussoir.059
Fra:1 Mem:396.75M (Peak 532.72M) | Time:00:00.25 | Mem:278.57M, Peak:278.57M | Scene, ViewLayer | Updating Geometry BVH Upper loggia voussoir.060 561/674 | Building BVH
Fra:1 Mem:396.75M (Peak 532.72M) | Time:00:00.25 | Mem:278.58M, Peak:278.58M | Scene, ViewLayer | Updating Geometry BVH Upper loggia voussoir.061 562/674 | Building BVH
Fra:1 Mem:396.75M (Peak 532.72M) | Time:00:00.25 | Mem:278.58M, Peak:278.58M | Scene, ViewLayer | Updating Geometry BVH Upper loggia voussoir.061 562/674 | Building mesh BLAS |     188 tris | Upper loggia voussoir.060
Fra:1 Mem:396.75M (Peak 532.72M) | Time:00:00.25 | Mem:278.58M, Peak:278.58M | Scene, ViewLayer | Updating Geometry BVH Upper loggia voussoir.061 562/674 | Building mesh BLAS |     188 tris | Upper loggia voussoir.061
Fra:1 Mem:396.75M (Peak 532.72M) | Time:00:00.25 | Mem:278.59M, Peak:278.59M | Scene, ViewLayer | Updating Geometry BVH West chapel bridge voussoir.014 637/674 | Building BVH
Fra:1 Mem:396.75M (Peak 532.72M) | Time:00:00.25 | Mem:278.60M, Peak:278.60M | Scene, ViewLayer | Updating Geometry BVH West chapel bridge voussoir.014 637/674 | Building mesh BLAS |     188 tris | West chapel bridge voussoir.014
Fra:1 Mem:396.75M (Peak 532.72M) | Time:00:00.25 | Mem:278.60M, Peak:278.60M | Scene, ViewLayer | Updating Geometry BVH Upper loggia voussoir.062 563/674 | Building BVH
Fra:1 Mem:396.75M (Peak 532.72M) | Time:00:00.25 | Mem:278.60M, Peak:278.60M | Scene, ViewLayer | Updating Geometry BVH Upper loggia voussoir.062 563/674 | Building mesh BLAS |     188 tris | Upper loggia voussoir.062
Fra:1 Mem:396.75M (Peak 532.72M) | Time:00:00.25 | Mem:278.60M, Peak:278.60M | Scene, ViewLayer | Updating Geometry BVH Upper loggia voussoir.063 564/674 | Building BVH
Fra:1 Mem:396.75M (Peak 532.72M) | Time:00:00.25 | Mem:278.60M, Peak:278.60M | Scene, ViewLayer | Updating Geometry BVH Upper loggia voussoir.063 564/674 | Building mesh BLAS |     188 tris | Upper loggia voussoir.063
Fra:1 Mem:396.75M (Peak 532.72M) | Time:00:00.25 | Mem:278.63M, Peak:278.63M | Scene, ViewLayer | Updating Geometry BVH Upper loggia voussoir.064 565/674 | Building BVH
Fra:1 Mem:396.75M (Peak 532.72M) | Time:00:00.25 | Mem:278.63M, Peak:278.63M | Scene, ViewLayer | Updating Geometry BVH Upper loggia voussoir.065 566/674 | Building BVH
Fra:1 Mem:396.75M (Peak 532.72M) | Time:00:00.25 | Mem:278.63M, Peak:278.63M | Scene, ViewLayer | Updating Geometry BVH Upper loggia voussoir.067 568/674 | Building BVH
Fra:1 Mem:396.75M (Peak 532.72M) | Time:00:00.25 | Mem:278.63M, Peak:278.63M | Scene, ViewLayer | Updating Geometry BVH Upper loggia voussoir.067 568/674 | Building mesh BLAS |     188 tris | Upper loggia voussoir.065
Fra:1 Mem:396.75M (Peak 532.72M) | Time:00:00.25 | Mem:278.63M, Peak:278.63M | Scene, ViewLayer | Updating Geometry BVH Upper loggia voussoir.067 568/674 | Building mesh BLAS |     188 tris | Upper loggia voussoir.066
Fra:1 Mem:396.75M (Peak 532.72M) | Time:00:00.25 | Mem:278.63M, Peak:278.63M | Scene, ViewLayer | Updating Geometry BVH Upper loggia voussoir.067 568/674 | Building mesh BLAS |     188 tris | Upper loggia voussoir.067
Fra:1 Mem:396.75M (Peak 532.72M) | Time:00:00.25 | Mem:278.63M, Peak:278.63M | Scene, ViewLayer | Updating Geometry BVH Crown observatory arch 569/674 | Building BVH
Fra:1 Mem:396.75M (Peak 532.72M) | Time:00:00.25 | Mem:278.63M, Peak:278.63M | Scene, ViewLayer | Updating Geometry BVH Crown observatory arch.001 570/674 | Building BVH
Fra:1 Mem:396.75M (Peak 532.72M) | Time:00:00.25 | Mem:278.63M, Peak:278.63M | Scene, ViewLayer | Updating Geometry BVH Crown observatory arch.001 570/674 | Building mesh BLAS |    1692 tris | Crown observatory arch
Fra:1 Mem:396.75M (Peak 532.72M) | Time:00:00.25 | Mem:278.63M, Peak:278.63M | Scene, ViewLayer | Updating Geometry BVH Crown observatory arch.001 570/674 | Building mesh BLAS |    1692 tris | Crown observatory arch.001
Fra:1 Mem:396.75M (Peak 532.72M) | Time:00:00.25 | Mem:278.75M, Peak:278.75M | Scene, ViewLayer | Updating Geometry BVH Crown observatory arch.002 571/674 | Building BVH
Fra:1 Mem:396.75M (Peak 532.72M) | Time:00:00.25 | Mem:278.86M, Peak:278.86M | Scene, ViewLayer | Updating Geometry BVH Crown observatory arch.003 572/674 | Building BVH
Fra:1 Mem:396.75M (Peak 532.72M) | Time:00:00.25 | Mem:278.86M, Peak:278.86M | Scene, ViewLayer | Updating Geometry BVH Crown observatory arch.003 572/674 | Building mesh BLAS |    1692 tris | Crown observatory arch.002
Fra:1 Mem:396.75M (Peak 532.72M) | Time:00:00.25 | Mem:278.86M, Peak:278.86M | Scene, ViewLayer | Updating Geometry BVH Crown observatory copper dome 573/674 | Building BVH
Fra:1 Mem:396.75M (Peak 532.72M) | Time:00:00.25 | Mem:278.86M, Peak:278.86M | Scene, ViewLayer | Updating Geometry BVH Raised standing seam.001 575/674 | Building BVH
Fra:1 Mem:396.75M (Peak 532.72M) | Time:00:00.25 | Mem:278.86M, Peak:278.86M | Scene, ViewLayer | Updating Geometry BVH Raised standing seam.001 575/674 | Building mesh BLAS |    1152 tris | Raised standing seam
Fra:1 Mem:396.75M (Peak 532.72M) | Time:00:00.25 | Mem:278.86M, Peak:278.86M | Scene, ViewLayer | Updating Geometry BVH Raised standing seam.001 575/674 | Building mesh BLAS |    1152 tris | Raised standing seam.001
Fra:1 Mem:396.75M (Peak 532.72M) | Time:00:00.25 | Mem:278.86M, Peak:278.86M | Scene, ViewLayer | Updating Geometry BVH Raised standing seam.001 575/674 | Building mesh BLAS |   13824 tris | Crown observatory copper dome
Fra:1 Mem:396.75M (Peak 532.72M) | Time:00:00.25 | Mem:278.90M, Peak:278.90M | Scene, ViewLayer | Updating Geometry BVH Raised standing seam.002 576/674 | Building BVH
Fra:1 Mem:396.75M (Peak 532.72M) | Time:00:00.25 | Mem:278.90M, Peak:278.90M | Scene, ViewLayer | Updating Geometry BVH Raised standing seam.003 577/674 | Building BVH
Fra:1 Mem:396.75M (Peak 532.72M) | Time:00:00.25 | Mem:278.90M, Peak:278.90M | Scene, ViewLayer | Updating Geometry BVH Raised standing seam.003 577/674 | Building mesh BLAS |    1152 tris | Raised standing seam.002
Fra:1 Mem:396.75M (Peak 532.72M) | Time:00:00.25 | Mem:278.90M, Peak:278.90M | Scene, ViewLayer | Updating Geometry BVH Raised standing seam.003 577/674 | Building mesh BLAS |    1152 tris | Raised standing seam.003
Fra:1 Mem:396.75M (Peak 532.72M) | Time:00:00.25 | Mem:278.93M, Peak:278.93M | Scene, ViewLayer | Updating Geometry BVH West chapel bridge voussoir.013 636/674 | Building BVH
Fra:1 Mem:396.75M (Peak 532.72M) | Time:00:00.25 | Mem:278.93M, Peak:278.93M | Scene, ViewLayer | Updating Geometry BVH West chapel bridge voussoir.013 636/674 | Building mesh BLAS |     188 tris | West chapel bridge voussoir.013
Fra:1 Mem:396.75M (Peak 532.72M) | Time:00:00.25 | Mem:278.93M, Peak:278.93M | Scene, ViewLayer | Updating Geometry BVH Raised standing seam.005 579/674 | Building BVH
Fra:1 Mem:396.75M (Peak 532.72M) | Time:00:00.25 | Mem:278.93M, Peak:278.93M | Scene, ViewLayer | Updating Geometry BVH Raised standing seam.005 579/674 | Building mesh BLAS |    1152 tris | Raised standing seam.005
Fra:1 Mem:396.75M (Peak 532.72M) | Time:00:00.25 | Mem:278.93M, Peak:278.93M | Scene, ViewLayer | Updating Geometry BVH Raised standing seam.006 580/674 | Building BVH
Fra:1 Mem:396.75M (Peak 532.72M) | Time:00:00.25 | Mem:278.93M, Peak:278.93M | Scene, ViewLayer | Updating Geometry BVH Raised standing seam.006 580/674 | Building mesh BLAS |    1152 tris | Raised standing seam.006
Fra:1 Mem:396.75M (Peak 532.72M) | Time:00:00.25 | Mem:278.94M, Peak:278.94M | Scene, ViewLayer | Updating Geometry BVH Raised standing seam.007 581/674 | Building BVH
Fra:1 Mem:396.75M (Peak 532.72M) | Time:00:00.25 | Mem:278.95M, Peak:278.95M | Scene, ViewLayer | Updating Geometry BVH Raised standing seam.007 581/674 | Building mesh BLAS |    1152 tris | Raised standing seam.007
Fra:1 Mem:396.75M (Peak 532.72M) | Time:00:00.25 | Mem:278.95M, Peak:278.95M | Scene, ViewLayer | Updating Geometry BVH Raised standing seam.008 582/674 | Building BVH
Fra:1 Mem:396.75M (Peak 532.72M) | Time:00:00.25 | Mem:278.97M, Peak:278.97M | Scene, ViewLayer | Updating Geometry BVH Raised standing seam.008 582/674 | Building mesh BLAS |    1152 tris | Raised standing seam.008
Fra:1 Mem:396.75M (Peak 532.72M) | Time:00:00.25 | Mem:278.97M, Peak:278.97M | Scene, ViewLayer | Updating Geometry BVH Raised standing seam.009 583/674 | Building BVH
Fra:1 Mem:396.75M (Peak 532.72M) | Time:00:00.25 | Mem:278.98M, Peak:278.98M | Scene, ViewLayer | Updating Geometry BVH Raised standing seam.010 584/674 | Building mesh BLAS |    1152 tris | Raised standing seam.009
Fra:1 Mem:396.75M (Peak 532.72M) | Time:00:00.25 | Mem:278.98M, Peak:278.98M | Scene, ViewLayer | Updating Geometry BVH Raised standing seam.010 584/674 | Building mesh BLAS |    1152 tris | Raised standing seam.011
Fra:1 Mem:396.75M (Peak 532.72M) | Time:00:00.25 | Mem:278.98M, Peak:278.98M | Scene, ViewLayer | Updating Geometry BVH Raised standing seam.012 586/674 | Building BVH
Fra:1 Mem:396.75M (Peak 532.72M) | Time:00:00.25 | Mem:278.98M, Peak:278.98M | Scene, ViewLayer | Updating Geometry BVH Raised standing seam.013 587/674 | Building BVH
Fra:1 Mem:396.75M (Peak 532.72M) | Time:00:00.25 | Mem:278.98M, Peak:278.98M | Scene, ViewLayer | Updating Geometry BVH Raised standing seam.013 587/674 | Building mesh BLAS |    1152 tris | Raised standing seam.013
Fra:1 Mem:396.75M (Peak 532.72M) | Time:00:00.25 | Mem:279.10M, Peak:279.10M | Scene, ViewLayer | Updating Geometry BVH Raised standing seam.014 588/674 | Building BVH
Fra:1 Mem:396.75M (Peak 532.72M) | Time:00:00.25 | Mem:279.10M, Peak:279.10M | Scene, ViewLayer | Updating Geometry BVH Dome rolled rim 590/674 | Building BVH
Fra:1 Mem:396.75M (Peak 532.72M) | Time:00:00.25 | Mem:279.10M, Peak:279.10M | Scene, ViewLayer | Updating Geometry BVH Dome rolled rim.001 591/674 | Building mesh BLAS |    1152 tris | Raised standing seam.014
Fra:1 Mem:396.75M (Peak 532.72M) | Time:00:00.25 | Mem:279.21M, Peak:279.21M | Scene, ViewLayer | Updating Geometry BVH Dome rolled rim.001 591/674 | Building mesh BLAS |    1152 tris | Raised standing seam.015
Fra:1 Mem:396.75M (Peak 532.72M) | Time:00:00.25 | Mem:279.22M, Peak:279.22M | Scene, ViewLayer | Updating Geometry BVH Crown observatory warm interior 592/674 | Building BVH
Fra:1 Mem:396.75M (Peak 532.72M) | Time:00:00.25 | Mem:279.22M, Peak:279.22M | Scene, ViewLayer | Updating Geometry BVH Wind-shaped silk flag 593/674 | Building BVH
Fra:1 Mem:396.75M (Peak 532.72M) | Time:00:00.25 | Mem:279.22M, Peak:279.22M | Scene, ViewLayer | Updating Geometry BVH Wind-shaped silk flag 593/674 | Building mesh BLAS |    1536 tris | Dome rolled rim
Fra:1 Mem:396.75M (Peak 532.72M) | Time:00:00.25 | Mem:279.22M, Peak:279.22M | Scene, ViewLayer | Updating Geometry BVH Stair vault 594/674 | Building BVH
Fra:1 Mem:396.75M (Peak 532.72M) | Time:00:00.25 | Mem:279.22M, Peak:279.22M | Scene, ViewLayer | Updating Geometry BVH Stair vault.001 595/674 | Building BVH
Fra:1 Mem:396.75M (Peak 532.72M) | Time:00:00.25 | Mem:279.22M, Peak:279.22M | Scene, ViewLayer | Updating Geometry BVH Stair vault.001 595/674 | Building mesh BLAS |     188 tris | Stair vault
Fra:1 Mem:396.75M (Peak 532.72M) | Time:00:00.25 | Mem:279.22M, Peak:279.22M | Scene, ViewLayer | Updating Geometry BVH Stair vault.001 595/674 | Building mesh BLAS |    1536 tris | Dome rolled rim.001
Fra:1 Mem:396.75M (Peak 532.72M) | Time:00:00.25 | Mem:279.23M, Peak:279.23M | Scene, ViewLayer | Updating Geometry BVH Stair vault.001 595/674 | Building mesh BLAS |     188 tris | Stair vault.001
Fra:1 Mem:396.75M (Peak 532.72M) | Time:00:00.25 | Mem:279.24M, Peak:279.24M | Scene, ViewLayer | Updating Geometry BVH West chapel bridge voussoir.012 635/674 | Building BVH
Fra:1 Mem:396.75M (Peak 532.72M) | Time:00:00.25 | Mem:279.24M, Peak:279.24M | Scene, ViewLayer | Updating Geometry BVH West chapel bridge voussoir.012 635/674 | Building mesh BLAS |     416 tris | Wind-shaped silk flag
Fra:1 Mem:396.75M (Peak 532.72M) | Time:00:00.25 | Mem:279.24M, Peak:279.24M | Scene, ViewLayer | Updating Geometry BVH Stair vault.002 596/674 | Building mesh BLAS |     188 tris | West chapel bridge voussoir.012
Fra:1 Mem:396.75M (Peak 532.72M) | Time:00:00.25 | Mem:279.25M, Peak:279.25M | Scene, ViewLayer | Updating Geometry BVH Stair vault.003 597/674 | Building BVH
Fra:1 Mem:396.75M (Peak 532.72M) | Time:00:00.25 | Mem:279.25M, Peak:279.25M | Scene, ViewLayer | Updating Geometry BVH West chapel arch 598/674 | Building BVH
Fra:1 Mem:396.75M (Peak 532.72M) | Time:00:00.25 | Mem:279.25M, Peak:279.25M | Scene, ViewLayer | Updating Geometry BVH West chapel arch 598/674 | Building mesh BLAS |    1100 tris | Stair vault.003
Fra:1 Mem:396.75M (Peak 532.72M) | Time:00:00.25 | Mem:279.25M, Peak:279.25M | Scene, ViewLayer | Updating Geometry BVH West chapel arch 598/674 | Building mesh BLAS |    1692 tris | West chapel arch
Fra:1 Mem:396.75M (Peak 532.72M) | Time:00:00.25 | Mem:279.30M, Peak:279.30M | Scene, ViewLayer | Updating Geometry BVH West chapel arch.001 599/674 | Building BVH
Fra:1 Mem:396.75M (Peak 532.72M) | Time:00:00.25 | Mem:279.30M, Peak:279.30M | Scene, ViewLayer | Updating Geometry BVH West chapel arch.002 600/674 | Building BVH
Fra:1 Mem:396.75M (Peak 532.72M) | Time:00:00.25 | Mem:279.30M, Peak:279.30M | Scene, ViewLayer | Updating Geometry BVH West chapel arch.002 600/674 | Building mesh BLAS |    1692 tris | West chapel arch.001
Fra:1 Mem:396.75M (Peak 532.72M) | Time:00:00.25 | Mem:279.30M, Peak:279.30M | Scene, ViewLayer | Updating Geometry BVH West chapel arch.002 600/674 | Building mesh BLAS |    1692 tris | West chapel arch.002
Fra:1 Mem:396.75M (Peak 532.72M) | Time:00:00.25 | Mem:279.31M, Peak:279.31M | Scene, ViewLayer | Updating Geometry BVH West chapel arch.003 601/674 | Building BVH
Fra:1 Mem:396.75M (Peak 532.72M) | Time:00:00.25 | Mem:279.31M, Peak:279.31M | Scene, ViewLayer | Updating Geometry BVH West chapel copper dome 602/674 | Building BVH
Fra:1 Mem:396.75M (Peak 532.72M) | Time:00:00.25 | Mem:279.31M, Peak:279.31M | Scene, ViewLayer | Updating Geometry BVH Raised standing seam.016 603/674 | Building BVH
Fra:1 Mem:396.75M (Peak 532.72M) | Time:00:00.25 | Mem:279.31M, Peak:279.31M | Scene, ViewLayer | Updating Geometry BVH Raised standing seam.016 603/674 | Building mesh BLAS |    1692 tris | West chapel arch.003
Fra:1 Mem:396.75M (Peak 532.72M) | Time:00:00.25 | Mem:279.31M, Peak:279.31M | Scene, ViewLayer | Updating Geometry BVH Raised standing seam.016 603/674 | Building mesh BLAS |   13824 tris | West chapel copper dome
Fra:1 Mem:396.75M (Peak 532.72M) | Time:00:00.25 | Mem:279.32M, Peak:279.32M | Scene, ViewLayer | Updating Geometry BVH Raised standing seam.017 604/674 | Building BVH
Fra:1 Mem:396.75M (Peak 532.72M) | Time:00:00.25 | Mem:279.32M, Peak:279.32M | Scene, ViewLayer | Updating Geometry BVH Raised standing seam.017 604/674 | Building mesh BLAS |    1152 tris | Raised standing seam.017
Fra:1 Mem:396.75M (Peak 532.72M) | Time:00:00.25 | Mem:279.32M, Peak:279.32M | Scene, ViewLayer | Updating Geometry BVH Raised standing seam.018 605/674 | Building BVH
Fra:1 Mem:396.75M (Peak 532.72M) | Time:00:00.25 | Mem:279.32M, Peak:279.32M | Scene, ViewLayer | Updating Geometry BVH Raised standing seam.018 605/674 | Building mesh BLAS |    1152 tris | Raised standing seam.018
Fra:1 Mem:396.75M (Peak 532.72M) | Time:00:00.25 | Mem:279.44M, Peak:279.44M | Scene, ViewLayer | Updating Geometry BVH Raised standing seam.019 606/674 | Building BVH
Fra:1 Mem:396.75M (Peak 532.72M) | Time:00:00.25 | Mem:279.45M, Peak:279.45M | Scene, ViewLayer | Updating Geometry BVH Raised standing seam.020 607/674 | Building BVH
Fra:1 Mem:396.75M (Peak 532.72M) | Time:00:00.25 | Mem:279.45M, Peak:279.45M | Scene, ViewLayer | Updating Geometry BVH Raised standing seam.021 608/674 | Building BVH
Fra:1 Mem:396.75M (Peak 532.72M) | Time:00:00.25 | Mem:279.45M, Peak:279.45M | Scene, ViewLayer | Updating Geometry BVH Raised standing seam.021 608/674 | Building mesh BLAS |    1152 tris | Raised standing seam.020
Fra:1 Mem:396.75M (Peak 532.72M) | Time:00:00.25 | Mem:279.45M, Peak:279.45M | Scene, ViewLayer | Updating Geometry BVH Raised standing seam.021 608/674 | Building mesh BLAS |    1152 tris | Raised standing seam.021
Fra:1 Mem:396.75M (Peak 532.72M) | Time:00:00.25 | Mem:279.46M, Peak:279.46M | Scene, ViewLayer | Updating Geometry BVH Raised standing seam.022 609/674 | Building BVH
Fra:1 Mem:396.75M (Peak 532.72M) | Time:00:00.25 | Mem:279.46M, Peak:279.46M | Scene, ViewLayer | Updating Geometry BVH Raised standing seam.022 609/674 | Building mesh BLAS |    1152 tris | Raised standing seam.022
Fra:1 Mem:396.75M (Peak 532.72M) | Time:00:00.25 | Mem:279.47M, Peak:279.47M | Scene, ViewLayer | Updating Geometry BVH Raised standing seam.023 610/674 | Building BVH
Fra:1 Mem:396.75M (Peak 532.72M) | Time:00:00.25 | Mem:279.47M, Peak:279.47M | Scene, ViewLayer | Updating Geometry BVH Raised standing seam.023 610/674 | Building mesh BLAS |    1152 tris | Raised standing seam.023
Fra:1 Mem:396.75M (Peak 532.72M) | Time:00:00.25 | Mem:279.47M, Peak:279.47M | Scene, ViewLayer | Updating Geometry BVH Raised standing seam.024 611/674 | Building BVH
Fra:1 Mem:396.75M (Peak 532.72M) | Time:00:00.25 | Mem:279.47M, Peak:279.47M | Scene, ViewLayer | Updating Geometry BVH Raised standing seam.025 612/674 | Building BVH
Fra:1 Mem:396.75M (Peak 532.72M) | Time:00:00.25 | Mem:279.47M, Peak:279.47M | Scene, ViewLayer | Updating Geometry BVH Raised standing seam.025 612/674 | Building mesh BLAS |    1152 tris | Raised standing seam.024
Fra:1 Mem:396.75M (Peak 532.72M) | Time:00:00.25 | Mem:279.47M, Peak:279.47M | Scene, ViewLayer | Updating Geometry BVH Raised standing seam.025 612/674 | Building mesh BLAS |    1152 tris | Raised standing seam.025
Fra:1 Mem:396.75M (Peak 532.72M) | Time:00:00.26 | Mem:279.58M, Peak:279.58M | Scene, ViewLayer | Updating Geometry BVH West chapel bridge voussoir.011 634/674 | Building BVH
Fra:1 Mem:396.75M (Peak 532.72M) | Time:00:00.26 | Mem:279.59M, Peak:279.59M | Scene, ViewLayer | Updating Geometry BVH West chapel bridge voussoir.011 634/674 | Building mesh BLAS |     188 tris | West chapel bridge voussoir.011
Fra:1 Mem:396.75M (Peak 532.72M) | Time:00:00.26 | Mem:279.59M, Peak:279.59M | Scene, ViewLayer | Updating Geometry BVH Raised standing seam.026 613/674 | Building BVH
Fra:1 Mem:396.75M (Peak 532.72M) | Time:00:00.26 | Mem:279.59M, Peak:279.59M | Scene, ViewLayer | Updating Geometry BVH Raised standing seam.027 614/674 | Building BVH
Fra:1 Mem:396.75M (Peak 532.72M) | Time:00:00.26 | Mem:279.59M, Peak:279.59M | Scene, ViewLayer | Updating Geometry BVH Raised standing seam.027 614/674 | Building mesh BLAS |    1152 tris | Raised standing seam.026
Fra:1 Mem:396.75M (Peak 532.72M) | Time:00:00.26 | Mem:279.59M, Peak:279.59M | Scene, ViewLayer | Updating Geometry BVH Raised standing seam.028 615/674 | Building BVH
Fra:1 Mem:396.75M (Peak 532.72M) | Time:00:00.26 | Mem:279.59M, Peak:279.59M | Scene, ViewLayer | Updating Geometry BVH Raised standing seam.028 615/674 | Building mesh BLAS |    1152 tris | Raised standing seam.028
Fra:1 Mem:396.75M (Peak 532.72M) | Time:00:00.26 | Mem:279.62M, Peak:279.62M | Scene, ViewLayer | Updating Geometry BVH Raised standing seam.029 616/674 | Building BVH
Fra:1 Mem:396.75M (Peak 532.72M) | Time:00:00.26 | Mem:279.62M, Peak:279.62M | Scene, ViewLayer | Updating Geometry BVH Raised standing seam.030 617/674 | Building BVH
Fra:1 Mem:396.75M (Peak 532.72M) | Time:00:00.26 | Mem:279.62M, Peak:279.62M | Scene, ViewLayer | Updating Geometry BVH Raised standing seam.030 617/674 | Building mesh BLAS |    1152 tris | Raised standing seam.029
Fra:1 Mem:396.75M (Peak 532.72M) | Time:00:00.26 | Mem:279.62M, Peak:279.62M | Scene, ViewLayer | Updating Geometry BVH Raised standing seam.030 617/674 | Building mesh BLAS |    1152 tris | Raised standing seam.030
Fra:1 Mem:396.75M (Peak 532.72M) | Time:00:00.26 | Mem:279.65M, Peak:279.65M | Scene, ViewLayer | Updating Geometry BVH Raised standing seam.031 618/674 | Building BVH
Fra:1 Mem:396.75M (Peak 532.72M) | Time:00:00.26 | Mem:279.65M, Peak:279.65M | Scene, ViewLayer | Updating Geometry BVH Dome rolled rim.002 619/674 | Building BVH
Fra:1 Mem:396.75M (Peak 532.72M) | Time:00:00.26 | Mem:279.65M, Peak:279.65M | Scene, ViewLayer | Updating Geometry BVH Dome rolled rim.002 619/674 | Building mesh BLAS |    1152 tris | Raised standing seam.031
Fra:1 Mem:396.75M (Peak 532.72M) | Time:00:00.26 | Mem:279.65M, Peak:279.65M | Scene, ViewLayer | Updating Geometry BVH Dome rolled rim.003 620/674 | Building BVH
Fra:1 Mem:396.75M (Peak 532.72M) | Time:00:00.26 | Mem:279.65M, Peak:279.65M | Scene, ViewLayer | Updating Geometry BVH Dome rolled rim.003 620/674 | Building mesh BLAS |    1536 tris | Dome rolled rim.002
Fra:1 Mem:396.75M (Peak 532.72M) | Time:00:00.26 | Mem:279.65M, Peak:279.65M | Scene, ViewLayer | Updating Geometry BVH Dome rolled rim.003 620/674 | Building mesh BLAS |    1536 tris | Dome rolled rim.003
Fra:1 Mem:396.75M (Peak 532.72M) | Time:00:00.26 | Mem:279.67M, Peak:279.67M | Scene, ViewLayer | Updating Geometry BVH West chapel warm interior 621/674 | Building BVH
Fra:1 Mem:396.75M (Peak 532.72M) | Time:00:00.26 | Mem:279.67M, Peak:279.67M | Scene, ViewLayer | Updating Geometry BVH West chapel bridge arch 622/674 | Building BVH
Fra:1 Mem:396.75M (Peak 532.72M) | Time:00:00.26 | Mem:279.68M, Peak:279.68M | Scene, ViewLayer | Updating Geometry BVH West chapel bridge voussoir 623/674 | Building BVH
Fra:1 Mem:396.75M (Peak 532.72M) | Time:00:00.26 | Mem:279.69M, Peak:279.69M | Scene, ViewLayer | Updating Geometry BVH West chapel bridge voussoir.001 624/674 | Building BVH
Fra:1 Mem:396.75M (Peak 532.72M) | Time:00:00.26 | Mem:279.70M, Peak:279.70M | Scene, ViewLayer | Updating Geometry BVH West chapel bridge voussoir.002 625/674 | Building BVH
Fra:1 Mem:396.75M (Peak 532.72M) | Time:00:00.26 | Mem:279.70M, Peak:279.70M | Scene, ViewLayer | Updating Geometry BVH West chapel bridge voussoir.002 625/674 | Building mesh BLAS |     188 tris | West chapel bridge voussoir.001
Fra:1 Mem:396.75M (Peak 532.72M) | Time:00:00.26 | Mem:279.70M, Peak:279.70M | Scene, ViewLayer | Updating Geometry BVH West chapel bridge voussoir.002 625/674 | Building mesh BLAS |     188 tris | West chapel bridge voussoir.002
Fra:1 Mem:396.75M (Peak 532.72M) | Time:00:00.26 | Mem:279.70M, Peak:279.70M | Scene, ViewLayer | Updating Geometry BVH West chapel bridge voussoir.003 626/674 | Building BVH
Fra:1 Mem:396.75M (Peak 532.72M) | Time:00:00.26 | Mem:279.70M, Peak:279.70M | Scene, ViewLayer | Updating Geometry BVH West chapel bridge voussoir.004 627/674 | Building BVH
Fra:1 Mem:396.75M (Peak 532.72M) | Time:00:00.26 | Mem:279.70M, Peak:279.70M | Scene, ViewLayer | Updating Geometry BVH West chapel bridge voussoir.004 627/674 | Building mesh BLAS |     188 tris | West chapel bridge voussoir.003
Fra:1 Mem:396.75M (Peak 532.72M) | Time:00:00.26 | Mem:279.70M, Peak:279.70M | Scene, ViewLayer | Updating Geometry BVH West chapel bridge voussoir.004 627/674 | Building mesh BLAS |     188 tris | West chapel bridge voussoir.004
Fra:1 Mem:396.75M (Peak 532.72M) | Time:00:00.26 | Mem:279.70M, Peak:279.70M | Scene, ViewLayer | Updating Geometry BVH West chapel bridge voussoir.005 628/674 | Building BVH
Fra:1 Mem:396.75M (Peak 532.72M) | Time:00:00.26 | Mem:279.70M, Peak:279.70M | Scene, ViewLayer | Updating Geometry BVH West chapel bridge voussoir.005 628/674 | Building mesh BLAS |     188 tris | West chapel bridge voussoir.005
Fra:1 Mem:396.75M (Peak 532.72M) | Time:00:00.26 | Mem:279.74M, Peak:279.74M | Scene, ViewLayer | Updating Geometry BVH West chapel bridge voussoir.006 629/674 | Building BVH
Fra:1 Mem:396.75M (Peak 532.72M) | Time:00:00.26 | Mem:279.84M, Peak:279.84M | Scene, ViewLayer | Updating Geometry BVH West chapel bridge voussoir.007 630/674 | Building mesh BLAS |     188 tris | West chapel bridge voussoir.006
Fra:1 Mem:396.75M (Peak 532.72M) | Time:00:00.26 | Mem:279.84M, Peak:279.84M | Scene, ViewLayer | Updating Geometry BVH West chapel bridge voussoir.010 633/674 | Building BVH
Fra:1 Mem:396.75M (Peak 532.72M) | Time:00:00.26 | Mem:279.84M, Peak:279.84M | Scene, ViewLayer | Updating Geometry BVH West chapel bridge voussoir.010 633/674 | Building mesh BLAS |     188 tris | West chapel bridge voussoir.010
Fra:1 Mem:396.75M (Peak 532.72M) | Time:00:00.26 | Mem:279.84M, Peak:279.84M | Scene, ViewLayer | Updating Geometry BVH West chapel bridge voussoir.008 631/674 | Building BVH
Fra:1 Mem:396.75M (Peak 532.72M) | Time:00:00.26 | Mem:279.84M, Peak:279.84M | Scene, ViewLayer | Updating Geometry BVH West chapel bridge voussoir.008 631/674 | Building mesh BLAS |     188 tris | West chapel bridge voussoir.007
Fra:1 Mem:396.75M (Peak 532.72M) | Time:00:00.26 | Mem:279.84M, Peak:279.84M | Scene, ViewLayer | Updating Geometry BVH West chapel bridge voussoir.008 631/674 | Building mesh BLAS |     188 tris | West chapel bridge voussoir.008
Fra:1 Mem:396.75M (Peak 532.72M) | Time:00:00.26 | Mem:279.85M, Peak:279.85M | Scene, ViewLayer | Updating Geometry BVH West chapel bridge voussoir.009 632/674 | Building BVH
Fra:1 Mem:396.75M (Peak 532.72M) | Time:00:00.26 | Mem:279.87M, Peak:279.87M | Scene, ViewLayer | Updating Geometry BVH West chapel bridge voussoir.009 632/674 | Building mesh BLAS |     188 tris | West chapel bridge voussoir.009
Fra:1 Mem:396.75M (Peak 532.72M) | Time:00:00.26 | Mem:280.10M, Peak:280.10M | Scene, ViewLayer | Updating Scene BVH | Building
Fra:1 Mem:396.76M (Peak 532.72M) | Time:00:00.27 | Mem:285.03M, Peak:285.03M | Scene, ViewLayer | Updating Scene BVH | Building TLAS      |     678 instances
Fra:1 Mem:396.77M (Peak 532.72M) | Time:00:00.27 | Mem:285.18M, Peak:285.18M | Scene, ViewLayer | Updating Scene BVH | Copying BVH to device
Fra:1 Mem:396.77M (Peak 532.72M) | Time:00:00.27 | Mem:285.18M, Peak:285.18M | Scene, ViewLayer | Updating Mesh | Computing normals
Fra:1 Mem:416.50M (Peak 532.72M) | Time:00:00.27 | Mem:285.18M, Peak:285.18M | Scene, ViewLayer | Updating Mesh | Copying Mesh to device
Fra:1 Mem:396.77M (Peak 532.72M) | Time:00:00.28 | Mem:304.96M, Peak:304.96M | Scene, ViewLayer | Updating Objects Flags
Fra:1 Mem:396.77M (Peak 532.72M) | Time:00:00.28 | Mem:304.96M, Peak:304.96M | Scene, ViewLayer | Updating Primitive Offsets
Fra:1 Mem:396.77M (Peak 532.72M) | Time:00:00.28 | Mem:304.97M, Peak:304.97M | Scene, ViewLayer | Updating Images
Fra:1 Mem:396.77M (Peak 532.72M) | Time:00:00.28 | Mem:304.97M, Peak:304.97M | Scene, ViewLayer | Updating Camera Volume
Fra:1 Mem:396.77M (Peak 532.72M) | Time:00:00.28 | Mem:304.97M, Peak:304.97M | Scene, ViewLayer | Updating Lookup Tables
Fra:1 Mem:396.69M (Peak 532.72M) | Time:00:00.28 | Mem:305.06M, Peak:305.06M | Scene, ViewLayer | Updating Lights
Fra:1 Mem:396.69M (Peak 532.72M) | Time:00:00.28 | Mem:305.06M, Peak:305.06M | Scene, ViewLayer | Updating Lights | Computing tree
Fra:1 Mem:396.69M (Peak 532.72M) | Time:00:00.28 | Mem:305.29M, Peak:305.29M | Scene, ViewLayer | Updating Integrator
Fra:1 Mem:396.69M (Peak 532.72M) | Time:00:00.28 | Mem:305.29M, Peak:305.29M | Scene, ViewLayer | Updating Film
Fra:1 Mem:396.77M (Peak 532.72M) | Time:00:00.28 | Mem:305.20M, Peak:305.29M | Scene, ViewLayer | Updating Lookup Tables
Fra:1 Mem:396.69M (Peak 532.72M) | Time:00:00.28 | Mem:305.29M, Peak:305.29M | Scene, ViewLayer | Updating Baking
Fra:1 Mem:396.69M (Peak 532.72M) | Time:00:00.28 | Mem:305.29M, Peak:305.29M | Scene, ViewLayer | Updating Device | Writing constant memory
Fra:1 Mem:396.70M (Peak 532.72M) | Time:00:00.29 | Mem:305.29M, Peak:305.29M | Scene, ViewLayer | Loading denoising kernels (may take a few minutes the first time)
Fra:1 Mem:396.70M (Peak 532.72M) | Time:00:00.29 | Mem:3505.30M, Peak:3505.30M | Scene, ViewLayer | Rendered 0/4 Tiles, Sample 0/512 (Using optimized kernels)
Fra:1 Mem:396.69M (Peak 701.88M) | Time:00:00.78 | Remaining:06:34.25 | Mem:3810.53M, Peak:3810.53M | Scene, ViewLayer | Rendered 0/4 Tiles, Sample 1/512 (Using optimized kernels)
Fra:1 Mem:396.69M (Peak 701.88M) | Time:00:09.48 | Remaining:01:46.70 | Mem:3810.55M, Peak:3810.55M | Scene, ViewLayer | Rendered 0/4 Tiles, Sample 65/512 (Using optimized kernels)
Fra:1 Mem:396.69M (Peak 701.88M) | Time:00:11.56 | Remaining:01:44.24 | Mem:3810.55M, Peak:3810.55M | Scene, ViewLayer | Rendered 0/4 Tiles, Sample 80/512 (Using optimized kernels)
Fra:1 Mem:396.69M (Peak 701.88M) | Time:00:13.76 | Remaining:01:41.58 | Mem:3810.55M, Peak:3810.55M | Scene, ViewLayer | Rendered 0/4 Tiles, Sample 96/512 (Using optimized kernels)
Fra:1 Mem:396.69M (Peak 701.88M) | Time:00:15.96 | Remaining:01:39.04 | Mem:3810.55M, Peak:3810.55M | Scene, ViewLayer | Rendered 0/4 Tiles, Sample 112/512 (Using optimized kernels)
Fra:1 Mem:396.69M (Peak 701.88M) | Time:00:18.15 | Remaining:01:36.56 | Mem:3810.55M, Peak:3810.55M | Scene, ViewLayer | Rendered 0/4 Tiles, Sample 128/512 (Using optimized kernels)
Fra:1 Mem:396.69M (Peak 701.88M) | Time:00:20.34 | Remaining:01:34.15 | Mem:3810.55M, Peak:3810.55M | Scene, ViewLayer | Rendered 0/4 Tiles, Sample 144/512 (Using optimized kernels)
Fra:1 Mem:396.69M (Peak 701.88M) | Time:00:22.53 | Remaining:01:31.76 | Mem:3810.55M, Peak:3810.55M | Scene, ViewLayer | Rendered 0/4 Tiles, Sample 160/512 (Using optimized kernels)
Fra:1 Mem:396.69M (Peak 701.88M) | Time:00:24.73 | Remaining:01:29.45 | Mem:3810.55M, Peak:3810.55M | Scene, ViewLayer | Rendered 0/4 Tiles, Sample 176/512 (Using optimized kernels)
Fra:1 Mem:396.69M (Peak 701.88M) | Time:00:26.94 | Remaining:01:27.18 | Mem:3810.55M, Peak:3810.55M | Scene, ViewLayer | Rendered 0/4 Tiles, Sample 192/512 (Using optimized kernels)
Fra:1 Mem:396.69M (Peak 701.88M) | Time:00:29.15 | Remaining:01:24.95 | Mem:3810.55M, Peak:3810.55M | Scene, ViewLayer | Rendered 0/4 Tiles, Sample 208/512 (Using optimized kernels)
Fra:1 Mem:396.69M (Peak 701.88M) | Time:00:31.34 | Remaining:01:22.64 | Mem:3810.55M, Peak:3810.55M | Scene, ViewLayer | Rendered 0/4 Tiles, Sample 224/512 (Using optimized kernels)
Fra:1 Mem:396.69M (Peak 701.88M) | Time:00:33.53 | Remaining:01:20.36 | Mem:3810.55M, Peak:3810.55M | Scene, ViewLayer | Rendered 0/4 Tiles, Sample 240/512 (Using optimized kernels)
Fra:1 Mem:396.69M (Peak 701.88M) | Time:00:35.70 | Remaining:01:18.04 | Mem:3810.55M, Peak:3810.55M | Scene, ViewLayer | Rendered 0/4 Tiles, Sample 256/512 (Using optimized kernels)
Fra:1 Mem:396.69M (Peak 701.88M) | Time:00:37.92 | Remaining:01:15.84 | Mem:3810.55M, Peak:3810.55M | Scene, ViewLayer | Rendered 0/4 Tiles, Sample 272/512 (Using optimized kernels)
Fra:1 Mem:396.69M (Peak 701.88M) | Time:00:40.13 | Remaining:01:13.62 | Mem:3810.55M, Peak:3810.55M | Scene, ViewLayer | Rendered 0/4 Tiles, Sample 288/512 (Using optimized kernels)
Fra:1 Mem:396.69M (Peak 701.88M) | Time:00:42.37 | Remaining:01:11.45 | Mem:3810.55M, Peak:3810.55M | Scene, ViewLayer | Rendered 0/4 Tiles, Sample 304/512 (Using optimized kernels)
Fra:1 Mem:396.69M (Peak 701.88M) | Time:00:44.61 | Remaining:01:09.29 | Mem:3810.55M, Peak:3810.55M | Scene, ViewLayer | Rendered 0/4 Tiles, Sample 320/512 (Using optimized kernels)
Fra:1 Mem:396.69M (Peak 701.88M) | Time:00:46.84 | Remaining:01:07.09 | Mem:3810.55M, Peak:3810.55M | Scene, ViewLayer | Rendered 0/4 Tiles, Sample 336/512 (Using optimized kernels)
Fra:1 Mem:396.69M (Peak 701.88M) | Time:00:49.07 | Remaining:01:04.88 | Mem:3810.55M, Peak:3810.55M | Scene, ViewLayer | Rendered 0/4 Tiles, Sample 352/512 (Using optimized kernels)
Fra:1 Mem:396.69M (Peak 701.88M) | Time:00:51.30 | Remaining:01:02.68 | Mem:3810.55M, Peak:3810.55M | Scene, ViewLayer | Rendered 0/4 Tiles, Sample 368/512 (Using optimized kernels)
Fra:1 Mem:396.69M (Peak 701.88M) | Time:00:53.63 | Remaining:01:00.60 | Mem:3810.55M, Peak:3810.55M | Scene, ViewLayer | Rendered 0/4 Tiles, Sample 384/512 (Using optimized kernels)
Fra:1 Mem:396.69M (Peak 701.88M) | Time:00:55.86 | Remaining:00:58.38 | Mem:3810.55M, Peak:3810.55M | Scene, ViewLayer | Rendered 0/4 Tiles, Sample 400/512 (Using optimized kernels)
Fra:1 Mem:396.69M (Peak 701.88M) | Time:00:58.05 | Remaining:00:56.13 | Mem:3810.55M, Peak:3810.55M | Scene, ViewLayer | Rendered 0/4 Tiles, Sample 416/512 (Using optimized kernels)
Fra:1 Mem:396.69M (Peak 701.88M) | Time:01:00.28 | Remaining:00:53.92 | Mem:3810.55M, Peak:3810.55M | Scene, ViewLayer | Rendered 0/4 Tiles, Sample 432/512 (Using optimized kernels)
Fra:1 Mem:396.69M (Peak 701.88M) | Time:01:02.49 | Remaining:00:51.68 | Mem:3810.55M, Peak:3810.55M | Scene, ViewLayer | Rendered 0/4 Tiles, Sample 448/512 (Using optimized kernels)
Fra:1 Mem:396.69M (Peak 701.88M) | Time:01:04.71 | Remaining:00:49.46 | Mem:3810.55M, Peak:3810.55M | Scene, ViewLayer | Rendered 0/4 Tiles, Sample 464/512 (Using optimized kernels)
Fra:1 Mem:396.69M (Peak 701.88M) | Time:01:06.90 | Remaining:00:47.22 | Mem:3810.55M, Peak:3810.55M | Scene, ViewLayer | Rendered 0/4 Tiles, Sample 480/512 (Using optimized kernels)
Fra:1 Mem:396.69M (Peak 701.88M) | Time:01:09.10 | Remaining:00:44.98 | Mem:3810.55M, Peak:3810.55M | Scene, ViewLayer | Rendered 0/4 Tiles, Sample 496/512 (Using optimized kernels)
Fra:1 Mem:396.69M (Peak 701.88M) | Time:01:11.53 | Remaining:00:42.89 | Mem:3810.55M, Peak:3810.55M | Scene, ViewLayer | Rendered 0/4 Tiles, Sample 512/512 (Using optimized kernels)
Fra:1 Mem:396.69M (Peak 701.88M) | Time:01:11.53 | Remaining:00:42.89 | Mem:3810.55M, Peak:3810.55M | Scene, ViewLayer | Rendered 1/4 Tiles, Sample 512/512 (Using optimized kernels)
Fra:1 Mem:396.69M (Peak 701.88M) | Time:01:11.62 | Remaining:00:42.91 | Mem:3558.30M, Peak:3810.55M | Scene, ViewLayer | Rendered 1/4 Tiles, Sample 1/512 (Using optimized kernels)
Fra:1 Mem:396.69M (Peak 701.88M) | Time:01:14.28 | Remaining:00:41.45 | Mem:3558.30M, Peak:3810.55M | Scene, ViewLayer | Rendered 1/4 Tiles, Sample 80/512 (Using optimized kernels)
Fra:1 Mem:396.69M (Peak 701.88M) | Time:01:14.86 | Remaining:00:41.17 | Mem:3558.30M, Peak:3810.55M | Scene, ViewLayer | Rendered 1/4 Tiles, Sample 96/512 (Using optimized kernels)
Fra:1 Mem:396.69M (Peak 701.88M) | Time:01:15.43 | Remaining:00:40.88 | Mem:3558.30M, Peak:3810.55M | Scene, ViewLayer | Rendered 1/4 Tiles, Sample 112/512 (Using optimized kernels)
Fra:1 Mem:396.69M (Peak 701.88M) | Time:01:15.99 | Remaining:00:40.58 | Mem:3558.30M, Peak:3810.55M | Scene, ViewLayer | Rendered 1/4 Tiles, Sample 128/512 (Using optimized kernels)
Fra:1 Mem:396.69M (Peak 701.88M) | Time:01:16.55 | Remaining:00:40.28 | Mem:3558.30M, Peak:3810.55M | Scene, ViewLayer | Rendered 1/4 Tiles, Sample 144/512 (Using optimized kernels)
Fra:1 Mem:396.69M (Peak 701.88M) | Time:01:17.11 | Remaining:00:39.98 | Mem:3558.30M, Peak:3810.55M | Scene, ViewLayer | Rendered 1/4 Tiles, Sample 160/512 (Using optimized kernels)
Fra:1 Mem:396.69M (Peak 701.88M) | Time:01:17.67 | Remaining:00:39.67 | Mem:3558.30M, Peak:3810.55M | Scene, ViewLayer | Rendered 1/4 Tiles, Sample 176/512 (Using optimized kernels)
Fra:1 Mem:396.69M (Peak 701.88M) | Time:01:18.24 | Remaining:00:39.37 | Mem:3558.30M, Peak:3810.55M | Scene, ViewLayer | Rendered 1/4 Tiles, Sample 192/512 (Using optimized kernels)
Fra:1 Mem:396.69M (Peak 701.88M) | Time:01:18.80 | Remaining:00:39.06 | Mem:3558.30M, Peak:3810.55M | Scene, ViewLayer | Rendered 1/4 Tiles, Sample 208/512 (Using optimized kernels)
Fra:1 Mem:396.69M (Peak 701.88M) | Time:01:19.36 | Remaining:00:38.75 | Mem:3558.30M, Peak:3810.55M | Scene, ViewLayer | Rendered 1/4 Tiles, Sample 224/512 (Using optimized kernels)
Fra:1 Mem:396.69M (Peak 701.88M) | Time:01:19.93 | Remaining:00:38.43 | Mem:3558.30M, Peak:3810.55M | Scene, ViewLayer | Rendered 1/4 Tiles, Sample 240/512 (Using optimized kernels)
Fra:1 Mem:396.69M (Peak 701.88M) | Time:01:20.49 | Remaining:00:38.12 | Mem:3558.30M, Peak:3810.55M | Scene, ViewLayer | Rendered 1/4 Tiles, Sample 256/512 (Using optimized kernels)
Fra:1 Mem:396.69M (Peak 701.88M) | Time:01:21.05 | Remaining:00:37.80 | Mem:3558.30M, Peak:3810.55M | Scene, ViewLayer | Rendered 1/4 Tiles, Sample 272/512 (Using optimized kernels)
Fra:1 Mem:396.69M (Peak 701.88M) | Time:01:21.62 | Remaining:00:37.48 | Mem:3558.30M, Peak:3810.55M | Scene, ViewLayer | Rendered 1/4 Tiles, Sample 288/512 (Using optimized kernels)
Fra:1 Mem:396.69M (Peak 701.88M) | Time:01:22.19 | Remaining:00:37.16 | Mem:3558.30M, Peak:3810.55M | Scene, ViewLayer | Rendered 1/4 Tiles, Sample 304/512 (Using optimized kernels)
Fra:1 Mem:396.69M (Peak 701.88M) | Time:01:22.76 | Remaining:00:36.84 | Mem:3558.30M, Peak:3810.55M | Scene, ViewLayer | Rendered 1/4 Tiles, Sample 320/512 (Using optimized kernels)
Fra:1 Mem:396.69M (Peak 701.88M) | Time:01:23.34 | Remaining:00:36.52 | Mem:3558.30M, Peak:3810.55M | Scene, ViewLayer | Rendered 1/4 Tiles, Sample 336/512 (Using optimized kernels)
Fra:1 Mem:396.69M (Peak 701.88M) | Time:01:23.91 | Remaining:00:36.19 | Mem:3558.30M, Peak:3810.55M | Scene, ViewLayer | Rendered 1/4 Tiles, Sample 352/512 (Using optimized kernels)
Fra:1 Mem:396.69M (Peak 701.88M) | Time:01:24.50 | Remaining:00:35.87 | Mem:3558.30M, Peak:3810.55M | Scene, ViewLayer | Rendered 1/4 Tiles, Sample 368/512 (Using optimized kernels)
Fra:1 Mem:396.69M (Peak 701.88M) | Time:01:25.11 | Remaining:00:35.55 | Mem:3558.30M, Peak:3810.55M | Scene, ViewLayer | Rendered 1/4 Tiles, Sample 384/512 (Using optimized kernels)
Fra:1 Mem:396.69M (Peak 701.88M) | Time:01:25.73 | Remaining:00:35.24 | Mem:3558.30M, Peak:3810.55M | Scene, ViewLayer | Rendered 1/4 Tiles, Sample 400/512 (Using optimized kernels)
Fra:1 Mem:396.69M (Peak 701.88M) | Time:01:26.34 | Remaining:00:34.92 | Mem:3558.30M, Peak:3810.55M | Scene, ViewLayer | Rendered 1/4 Tiles, Sample 416/512 (Using optimized kernels)
Fra:1 Mem:396.69M (Peak 701.88M) | Time:01:26.98 | Remaining:00:34.60 | Mem:3558.30M, Peak:3810.55M | Scene, ViewLayer | Rendered 1/4 Tiles, Sample 432/512 (Using optimized kernels)
Fra:1 Mem:396.69M (Peak 701.88M) | Time:01:27.62 | Remaining:00:34.29 | Mem:3558.30M, Peak:3810.55M | Scene, ViewLayer | Rendered 1/4 Tiles, Sample 448/512 (Using optimized kernels)
Fra:1 Mem:396.69M (Peak 701.88M) | Time:01:28.25 | Remaining:00:33.97 | Mem:3558.30M, Peak:3810.55M | Scene, ViewLayer | Rendered 1/4 Tiles, Sample 464/512 (Using optimized kernels)
Fra:1 Mem:396.69M (Peak 701.88M) | Time:01:28.85 | Remaining:00:33.63 | Mem:3558.30M, Peak:3810.55M | Scene, ViewLayer | Rendered 1/4 Tiles, Sample 480/512 (Using optimized kernels)
Fra:1 Mem:396.69M (Peak 701.88M) | Time:01:29.47 | Remaining:00:33.30 | Mem:3558.30M, Peak:3810.55M | Scene, ViewLayer | Rendered 1/4 Tiles, Sample 496/512 (Using optimized kernels)
Fra:1 Mem:396.69M (Peak 701.88M) | Time:01:30.16 | Remaining:00:32.99 | Mem:3558.30M, Peak:3810.55M | Scene, ViewLayer | Rendered 1/4 Tiles, Sample 512/512 (Using optimized kernels)
Fra:1 Mem:396.69M (Peak 701.88M) | Time:01:30.16 | Remaining:00:32.99 | Mem:3558.30M, Peak:3810.55M | Scene, ViewLayer | Rendered 2/4 Tiles, Sample 512/512 (Using optimized kernels)
Fra:1 Mem:396.69M (Peak 701.88M) | Time:01:30.33 | Remaining:00:32.98 | Mem:3617.80M, Peak:3810.55M | Scene, ViewLayer | Rendered 2/4 Tiles, Sample 1/512 (Using optimized kernels)
Fra:1 Mem:396.69M (Peak 701.88M) | Time:01:36.70 | Remaining:00:29.24 | Mem:3617.80M, Peak:3810.55M | Scene, ViewLayer | Rendered 2/4 Tiles, Sample 80/512 (Using optimized kernels)
Fra:1 Mem:396.69M (Peak 701.88M) | Time:01:38.08 | Remaining:00:28.48 | Mem:3617.80M, Peak:3810.55M | Scene, ViewLayer | Rendered 2/4 Tiles, Sample 96/512 (Using optimized kernels)
Fra:1 Mem:396.69M (Peak 701.88M) | Time:01:39.42 | Remaining:00:27.70 | Mem:3617.80M, Peak:3810.55M | Scene, ViewLayer | Rendered 2/4 Tiles, Sample 112/512 (Using optimized kernels)
Fra:1 Mem:396.69M (Peak 701.88M) | Time:01:40.77 | Remaining:00:26.91 | Mem:3617.80M, Peak:3810.55M | Scene, ViewLayer | Rendered 2/4 Tiles, Sample 128/512 (Using optimized kernels)
Fra:1 Mem:396.69M (Peak 701.88M) | Time:01:42.17 | Remaining:00:26.12 | Mem:3617.80M, Peak:3810.55M | Scene, ViewLayer | Rendered 2/4 Tiles, Sample 144/512 (Using optimized kernels)
Fra:1 Mem:396.69M (Peak 701.88M) | Time:01:43.59 | Remaining:00:25.33 | Mem:3617.80M, Peak:3810.55M | Scene, ViewLayer | Rendered 2/4 Tiles, Sample 160/512 (Using optimized kernels)
Fra:1 Mem:396.69M (Peak 701.88M) | Time:01:45.04 | Remaining:00:24.53 | Mem:3617.80M, Peak:3810.55M | Scene, ViewLayer | Rendered 2/4 Tiles, Sample 176/512 (Using optimized kernels)
Fra:1 Mem:396.69M (Peak 701.88M) | Time:01:46.60 | Remaining:00:23.75 | Mem:3617.80M, Peak:3810.55M | Scene, ViewLayer | Rendered 2/4 Tiles, Sample 192/512 (Using optimized kernels)
Fra:1 Mem:396.69M (Peak 701.88M) | Time:01:48.14 | Remaining:00:22.94 | Mem:3617.80M, Peak:3810.55M | Scene, ViewLayer | Rendered 2/4 Tiles, Sample 208/512 (Using optimized kernels)
Fra:1 Mem:396.69M (Peak 701.88M) | Time:01:49.61 | Remaining:00:22.12 | Mem:3617.80M, Peak:3810.55M | Scene, ViewLayer | Rendered 2/4 Tiles, Sample 224/512 (Using optimized kernels)
Fra:1 Mem:396.69M (Peak 701.88M) | Time:01:51.13 | Remaining:00:21.29 | Mem:3617.80M, Peak:3810.55M | Scene, ViewLayer | Rendered 2/4 Tiles, Sample 240/512 (Using optimized kernels)
Fra:1 Mem:396.69M (Peak 701.88M) | Time:01:52.73 | Remaining:00:20.46 | Mem:3617.80M, Peak:3810.55M | Scene, ViewLayer | Rendered 2/4 Tiles, Sample 256/512 (Using optimized kernels)
Fra:1 Mem:396.69M (Peak 701.88M) | Time:01:54.38 | Remaining:00:19.63 | Mem:3617.80M, Peak:3810.55M | Scene, ViewLayer | Rendered 2/4 Tiles, Sample 272/512 (Using optimized kernels)
Fra:1 Mem:396.69M (Peak 701.88M) | Time:01:56.07 | Remaining:00:18.79 | Mem:3617.80M, Peak:3810.55M | Scene, ViewLayer | Rendered 2/4 Tiles, Sample 288/512 (Using optimized kernels)
Fra:1 Mem:396.69M (Peak 701.88M) | Time:01:57.73 | Remaining:00:17.93 | Mem:3617.80M, Peak:3810.55M | Scene, ViewLayer | Rendered 2/4 Tiles, Sample 304/512 (Using optimized kernels)
Fra:1 Mem:396.69M (Peak 701.88M) | Time:01:59.65 | Remaining:00:17.10 | Mem:3617.80M, Peak:3810.55M | Scene, ViewLayer | Rendered 2/4 Tiles, Sample 320/512 (Using optimized kernels)
Fra:1 Mem:396.69M (Peak 701.88M) | Time:02:01.42 | Remaining:00:16.23 | Mem:3617.80M, Peak:3810.55M | Scene, ViewLayer | Rendered 2/4 Tiles, Sample 336/512 (Using optimized kernels)
Fra:1 Mem:396.69M (Peak 701.88M) | Time:02:03.41 | Remaining:00:15.37 | Mem:3617.80M, Peak:3810.55M | Scene, ViewLayer | Rendered 2/4 Tiles, Sample 352/512 (Using optimized kernels)
Fra:1 Mem:396.69M (Peak 701.88M) | Time:02:06.25 | Remaining:00:14.59 | Mem:3617.80M, Peak:3810.55M | Scene, ViewLayer | Rendered 2/4 Tiles, Sample 368/512 (Using optimized kernels)
Fra:1 Mem:396.69M (Peak 701.88M) | Time:02:08.49 | Remaining:00:13.72 | Mem:3617.80M, Peak:3810.55M | Scene, ViewLayer | Rendered 2/4 Tiles, Sample 384/512 (Using optimized kernels)
Fra:1 Mem:396.69M (Peak 701.88M) | Time:02:10.84 | Remaining:00:12.83 | Mem:3617.80M, Peak:3810.55M | Scene, ViewLayer | Rendered 2/4 Tiles, Sample 400/512 (Using optimized kernels)
Fra:1 Mem:396.69M (Peak 701.88M) | Time:02:13.43 | Remaining:00:11.94 | Mem:3617.80M, Peak:3810.55M | Scene, ViewLayer | Rendered 2/4 Tiles, Sample 416/512 (Using optimized kernels)
Fra:1 Mem:396.69M (Peak 701.88M) | Time:02:16.38 | Remaining:00:11.06 | Mem:3617.80M, Peak:3810.55M | Scene, ViewLayer | Rendered 2/4 Tiles, Sample 432/512 (Using optimized kernels)
Fra:1 Mem:396.69M (Peak 701.88M) | Time:02:18.88 | Remaining:00:10.11 | Mem:3617.80M, Peak:3810.55M | Scene, ViewLayer | Rendered 2/4 Tiles, Sample 448/512 (Using optimized kernels)
Fra:1 Mem:396.69M (Peak 701.88M) | Time:02:21.16 | Remaining:00:09.13 | Mem:3617.80M, Peak:3810.55M | Scene, ViewLayer | Rendered 2/4 Tiles, Sample 464/512 (Using optimized kernels)
Fra:1 Mem:396.69M (Peak 701.88M) | Time:02:23.38 | Remaining:00:08.12 | Mem:3617.80M, Peak:3810.55M | Scene, ViewLayer | Rendered 2/4 Tiles, Sample 480/512 (Using optimized kernels)
Fra:1 Mem:396.69M (Peak 701.88M) | Time:02:25.56 | Remaining:00:07.09 | Mem:3617.80M, Peak:3810.55M | Scene, ViewLayer | Rendered 2/4 Tiles, Sample 496/512 (Using optimized kernels)
Fra:1 Mem:396.69M (Peak 701.88M) | Time:02:27.75 | Remaining:00:06.04 | Mem:3617.80M, Peak:3810.55M | Scene, ViewLayer | Rendered 2/4 Tiles, Sample 512/512 (Using optimized kernels)
Fra:1 Mem:396.69M (Peak 701.88M) | Time:02:27.75 | Remaining:00:06.04 | Mem:3617.80M, Peak:3810.55M | Scene, ViewLayer | Rendered 3/4 Tiles, Sample 512/512 (Using optimized kernels)
Fra:1 Mem:396.69M (Peak 701.88M) | Time:02:27.82 | Remaining:00:06.03 | Mem:3524.86M, Peak:3810.55M | Scene, ViewLayer | Rendered 3/4 Tiles, Sample 1/512 (Using optimized kernels)
Fra:1 Mem:396.69M (Peak 701.88M) | Time:02:29.80 | Remaining:00:05.13 | Mem:3524.86M, Peak:3810.55M | Scene, ViewLayer | Rendered 3/4 Tiles, Sample 80/512 (Using optimized kernels)
Fra:1 Mem:396.69M (Peak 701.88M) | Time:02:30.24 | Remaining:00:04.95 | Mem:3524.86M, Peak:3810.55M | Scene, ViewLayer | Rendered 3/4 Tiles, Sample 96/512 (Using optimized kernels)
Fra:1 Mem:396.69M (Peak 701.88M) | Time:02:30.66 | Remaining:00:04.77 | Mem:3524.86M, Peak:3810.55M | Scene, ViewLayer | Rendered 3/4 Tiles, Sample 112/512 (Using optimized kernels)
Fra:1 Mem:396.69M (Peak 701.88M) | Time:02:31.05 | Remaining:00:04.58 | Mem:3524.86M, Peak:3810.55M | Scene, ViewLayer | Rendered 3/4 Tiles, Sample 128/512 (Using optimized kernels)
Fra:1 Mem:396.69M (Peak 701.88M) | Time:02:31.43 | Remaining:00:04.40 | Mem:3524.86M, Peak:3810.55M | Scene, ViewLayer | Rendered 3/4 Tiles, Sample 144/512 (Using optimized kernels)
Fra:1 Mem:396.69M (Peak 701.88M) | Time:02:31.81 | Remaining:00:04.21 | Mem:3524.86M, Peak:3810.55M | Scene, ViewLayer | Rendered 3/4 Tiles, Sample 160/512 (Using optimized kernels)
Fra:1 Mem:396.69M (Peak 701.88M) | Time:02:32.20 | Remaining:00:04.03 | Mem:3524.86M, Peak:3810.55M | Scene, ViewLayer | Rendered 3/4 Tiles, Sample 176/512 (Using optimized kernels)
Fra:1 Mem:396.69M (Peak 701.88M) | Time:02:32.60 | Remaining:00:03.84 | Mem:3524.86M, Peak:3810.55M | Scene, ViewLayer | Rendered 3/4 Tiles, Sample 192/512 (Using optimized kernels)
Fra:1 Mem:396.69M (Peak 701.88M) | Time:02:33.01 | Remaining:00:03.65 | Mem:3524.86M, Peak:3810.55M | Scene, ViewLayer | Rendered 3/4 Tiles, Sample 208/512 (Using optimized kernels)
Fra:1 Mem:396.69M (Peak 701.88M) | Time:02:33.42 | Remaining:00:03.46 | Mem:3524.86M, Peak:3810.55M | Scene, ViewLayer | Rendered 3/4 Tiles, Sample 224/512 (Using optimized kernels)
Fra:1 Mem:396.69M (Peak 701.88M) | Time:02:33.83 | Remaining:00:03.28 | Mem:3524.86M, Peak:3810.55M | Scene, ViewLayer | Rendered 3/4 Tiles, Sample 240/512 (Using optimized kernels)
Fra:1 Mem:396.69M (Peak 701.88M) | Time:02:34.26 | Remaining:00:03.09 | Mem:3524.86M, Peak:3810.55M | Scene, ViewLayer | Rendered 3/4 Tiles, Sample 256/512 (Using optimized kernels)
Fra:1 Mem:396.69M (Peak 701.88M) | Time:02:34.68 | Remaining:00:02.90 | Mem:3524.86M, Peak:3810.55M | Scene, ViewLayer | Rendered 3/4 Tiles, Sample 272/512 (Using optimized kernels)
Fra:1 Mem:396.69M (Peak 701.88M) | Time:02:35.10 | Remaining:00:02.71 | Mem:3524.86M, Peak:3810.55M | Scene, ViewLayer | Rendered 3/4 Tiles, Sample 288/512 (Using optimized kernels)
Fra:1 Mem:396.69M (Peak 701.88M) | Time:02:35.50 | Remaining:00:02.52 | Mem:3524.86M, Peak:3810.55M | Scene, ViewLayer | Rendered 3/4 Tiles, Sample 304/512 (Using optimized kernels)
Fra:1 Mem:396.69M (Peak 701.88M) | Time:02:35.88 | Remaining:00:02.33 | Mem:3524.86M, Peak:3810.55M | Scene, ViewLayer | Rendered 3/4 Tiles, Sample 320/512 (Using optimized kernels)
Fra:1 Mem:396.69M (Peak 701.88M) | Time:02:36.24 | Remaining:00:02.14 | Mem:3524.86M, Peak:3810.55M | Scene, ViewLayer | Rendered 3/4 Tiles, Sample 336/512 (Using optimized kernels)
Fra:1 Mem:396.69M (Peak 701.88M) | Time:02:36.60 | Remaining:00:01.94 | Mem:3524.86M, Peak:3810.55M | Scene, ViewLayer | Rendered 3/4 Tiles, Sample 352/512 (Using optimized kernels)
Fra:1 Mem:396.69M (Peak 701.88M) | Time:02:36.95 | Remaining:00:01.75 | Mem:3524.86M, Peak:3810.55M | Scene, ViewLayer | Rendered 3/4 Tiles, Sample 368/512 (Using optimized kernels)
Fra:1 Mem:396.69M (Peak 701.88M) | Time:02:37.30 | Remaining:00:01.56 | Mem:3524.86M, Peak:3810.55M | Scene, ViewLayer | Rendered 3/4 Tiles, Sample 384/512 (Using optimized kernels)
Fra:1 Mem:396.69M (Peak 701.88M) | Time:02:37.65 | Remaining:00:01.36 | Mem:3524.86M, Peak:3810.55M | Scene, ViewLayer | Rendered 3/4 Tiles, Sample 400/512 (Using optimized kernels)
Fra:1 Mem:396.69M (Peak 701.88M) | Time:02:38.00 | Remaining:00:01.17 | Mem:3524.86M, Peak:3810.55M | Scene, ViewLayer | Rendered 3/4 Tiles, Sample 416/512 (Using optimized kernels)
Fra:1 Mem:396.69M (Peak 701.88M) | Time:02:38.36 | Remaining:00:00.97 | Mem:3524.86M, Peak:3810.55M | Scene, ViewLayer | Rendered 3/4 Tiles, Sample 432/512 (Using optimized kernels)
Fra:1 Mem:396.69M (Peak 701.88M) | Time:02:38.72 | Remaining:00:00.78 | Mem:3524.86M, Peak:3810.55M | Scene, ViewLayer | Rendered 3/4 Tiles, Sample 448/512 (Using optimized kernels)
Fra:1 Mem:396.69M (Peak 701.88M) | Time:02:39.08 | Remaining:00:00.58 | Mem:3524.86M, Peak:3810.55M | Scene, ViewLayer | Rendered 3/4 Tiles, Sample 464/512 (Using optimized kernels)
Fra:1 Mem:396.69M (Peak 701.88M) | Time:02:39.46 | Remaining:00:00.39 | Mem:3524.86M, Peak:3810.55M | Scene, ViewLayer | Rendered 3/4 Tiles, Sample 480/512 (Using optimized kernels)
Fra:1 Mem:396.69M (Peak 701.88M) | Time:02:39.86 | Remaining:00:00.19 | Mem:3524.86M, Peak:3810.55M | Scene, ViewLayer | Rendered 3/4 Tiles, Sample 496/512 (Using optimized kernels)
Fra:1 Mem:396.69M (Peak 701.88M) | Time:02:40.32 | Mem:3524.86M, Peak:3810.55M | Scene, ViewLayer | Rendered 3/4 Tiles, Sample 512/512 (Using optimized kernels)
Fra:1 Mem:396.69M (Peak 701.88M) | Time:02:40.32 | Mem:3524.86M, Peak:3810.55M | Scene, ViewLayer | Rendered 3/4 Tiles, Sample 0/512 (Using optimized kernels)
Fra:1 Mem:396.69M (Peak 701.88M) | Time:02:40.32 | Mem:3524.86M, Peak:3810.55M | Scene, ViewLayer | Finished
Fra:1 Mem:110.80M (Peak 701.88M) | Time:02:40.33 | Mem:3200.09M, Peak:3810.55M | Scene | Reading full buffer from disk
Fra:1 Mem:597.86M (Peak 701.88M) | Time:02:40.66 | Mem:3200.09M, Peak:3810.55M | Scene | ViewLayer | Denoising
Fra:1 Mem:597.86M (Peak 751.67M) | Time:02:49.98 | Mem:3687.15M, Peak:3810.55M | Scene | ViewLayer | Finishing
Saved: '/Users/xuanji/gits/mv-astra/output/monuments/02-moon-palace.png'
Time: 02:50.77 (Saving: 00:00.70)

COLLISION AUDIT palace stairs / tower and chapels []
COLLISION AUDIT chapels / central tower []
Info: Packed 9 file(s)
Info: Saved as "02-moon-palace.blend"
FINISHED 02-moon-palace alignment errors: [0.00018157418026599665]

Blender quit
