Render device: Apple M5 Max CPU False
Render device: Apple M5 Max (GPU - 40 cores) METAL True
Projection closure residual (m): 8.259061849445711e-07
Info: Applied modifier was not first, result may not be as expected
Info: Applied modifier was not first, result may not be as expected
Info: Applied modifier was not first, result may not be as expected
Info: Applied modifier was not first, result may not be as expected
Info: Applied modifier was not first, result may not be as expected
Info: Applied modifier was not first, result may not be as expected
Info: Applied modifier was not first, result may not be as expected
Info: Applied modifier was not first, result may not be as expected
Info: Applied modifier was not first, result may not be as expected
Info: Applied modifier was not first, result may not be as expected
Info: Applied modifier was not first, result may not be as expected
Info: Applied modifier was not first, result may not be as expected
Info: Applied modifier was not first, result may not be as expected
Info: Applied modifier was not first, result may not be as expected
Info: Applied modifier was not first, result may not be as expected
Info: Applied modifier was not first, result may not be as expected
Info: Applied modifier was not first, result may not be as expected
Info: Applied modifier was not first, result may not be as expected
Info: Applied modifier was not first, result may not be as expected
Info: Applied modifier was not first, result may not be as expected
Info: Applied modifier was not first, result may not be as expected
Info: Applied modifier was not first, result may not be as expected
Info: Applied modifier was not first, result may not be as expected
Info: Applied modifier was not first, result may not be as expected
Info: Applied modifier was not first, result may not be as expected
Info: Applied modifier was not first, result may not be as expected
Info: Applied modifier was not first, result may not be as expected
Info: Applied modifier was not first, result may not be as expected
Info: Applied modifier was not first, result may not be as expected
Info: Applied modifier was not first, result may not be as expected
Info: Applied modifier was not first, result may not be as expected
Info: Applied modifier was not first, result may not be as expected
Info: Applied modifier was not first, result may not be as expected
Info: Applied modifier was not first, result may not be as expected
Info: Applied modifier was not first, result may not be as expected
Info: Applied modifier was not first, result may not be as expected
Info: Applied modifier was not first, result may not be as expected
Info: Applied modifier was not first, result may not be as expected
Info: Applied modifier was not first, result may not be as expected
Info: Applied modifier was not first, result may not be as expected
Info: Applied modifier was not first, result may not be as expected
Info: Applied modifier was not first, result may not be as expected
Info: Applied modifier was not first, result may not be as expected
Info: Applied modifier was not first, result may not be as expected
Info: Applied modifier was not first, result may not be as expected
Info: Applied modifier was not first, result may not be as expected
Info: Applied modifier was not first, result may not be as expected
Info: Applied modifier was not first, result may not be as expected
Info: Applied modifier was not first, result may not be as expected
Info: Applied modifier was not first, result may not be as expected
Info: Applied modifier was not first, result may not be as expected
Info: Applied modifier was not first, result may not be as expected
Info: Applied modifier was not first, result may not be as expected
Info: Applied modifier was not first, result may not be as expected
10:20:26 | INFO: Data are loaded, start creating Blender stuff
10:20:26 | INFO: Blender create Mesh node potted_plant_01_base_low
10:20:26 | INFO: Blender create Mesh node Circle.008
10:20:26 | INFO: Blender create Mesh node Circle.002
10:20:26 | INFO: Blender create Mesh node Plane.070
10:20:26 | INFO: glTF import finished in 0.11s
Blender 4.5.0 (hash 8cb6b388974a built 2025-07-15 01:35:28)
Fra:1 Mem:136.55M (Peak 137.58M) | Time:00:00.03 | Mem:0.02M, Peak:0.02M | Scene, ViewLayer | Synchronizing object | Marble tread
Fra:1 Mem:136.55M (Peak 137.58M) | Time:00:00.03 | Mem:0.02M, Peak:0.02M | Scene, ViewLayer | Synchronizing object | Inlaid bronze nosing.002
Fra:1 Mem:138.56M (Peak 138.56M) | Time:00:00.03 | Mem:0.02M, Peak:0.02M | Scene, ViewLayer | Synchronizing object | Inlaid bronze nosing.004
Fra:1 Mem:138.59M (Peak 138.59M) | Time:00:00.03 | Mem:0.02M, Peak:0.02M | Scene, ViewLayer | Synchronizing object | Marble tread.007
Fra:1 Mem:138.65M (Peak 138.65M) | Time:00:00.03 | Mem:0.02M, Peak:0.02M | Scene, ViewLayer | Synchronizing object | Inlaid bronze nosing.007
Fra:1 Mem:138.68M (Peak 138.68M) | Time:00:00.03 | Mem:0.02M, Peak:0.02M | Scene, ViewLayer | Synchronizing object | Marble tread.008
Fra:1 Mem:138.82M (Peak 138.82M) | Time:00:00.03 | Mem:0.02M, Peak:0.02M | Scene, ViewLayer | Synchronizing object | Inlaid bronze nosing.008
Fra:1 Mem:138.85M (Peak 138.85M) | Time:00:00.03 | Mem:0.02M, Peak:0.02M | Scene, ViewLayer | Synchronizing object | Marble tread.009
Fra:1 Mem:138.96M (Peak 138.96M) | Time:00:00.03 | Mem:0.02M, Peak:0.02M | Scene, ViewLayer | Synchronizing object | Inlaid bronze nosing.009
Fra:1 Mem:138.95M (Peak 138.96M) | Time:00:00.03 | Mem:0.02M, Peak:0.02M | Scene, ViewLayer | Synchronizing object | Inlaid bronze nosing.010
Fra:1 Mem:139.03M (Peak 139.03M) | Time:00:00.03 | Mem:0.02M, Peak:0.02M | Scene, ViewLayer | Synchronizing object | Inlaid bronze nosing.012
Fra:1 Mem:139.06M (Peak 139.06M) | Time:00:00.03 | Mem:0.02M, Peak:0.02M | Scene, ViewLayer | Synchronizing object | Inlaid bronze nosing.013
Fra:1 Mem:139.06M (Peak 139.06M) | Time:00:00.03 | Mem:0.02M, Peak:0.02M | Scene, ViewLayer | Synchronizing object | Inlaid bronze nosing.014
Fra:1 Mem:139.10M (Peak 139.11M) | Time:00:00.03 | Mem:0.02M, Peak:0.02M | Scene, ViewLayer | Synchronizing object | Marble tread.015
Fra:1 Mem:139.13M (Peak 139.13M) | Time:00:00.03 | Mem:0.02M, Peak:0.02M | Scene, ViewLayer | Synchronizing object | Inlaid bronze nosing.015
Fra:1 Mem:139.15M (Peak 139.15M) | Time:00:00.03 | Mem:0.02M, Peak:0.02M | Scene, ViewLayer | Synchronizing object | Marble tread.016
Fra:1 Mem:139.14M (Peak 139.15M) | Time:00:00.03 | Mem:0.02M, Peak:0.02M | Scene, ViewLayer | Synchronizing object | Inlaid bronze nosing.016
Fra:1 Mem:139.16M (Peak 139.16M) | Time:00:00.03 | Mem:0.02M, Peak:0.02M | Scene, ViewLayer | Synchronizing object | Marble tread.017
Fra:1 Mem:139.15M (Peak 139.16M) | Time:00:00.03 | Mem:0.02M, Peak:0.02M | Scene, ViewLayer | Synchronizing object | Inlaid bronze nosing.018
Fra:1 Mem:139.23M (Peak 139.23M) | Time:00:00.03 | Mem:0.02M, Peak:0.02M | Scene, ViewLayer | Synchronizing object | Inlaid bronze nosing.019
Fra:1 Mem:139.28M (Peak 139.28M) | Time:00:00.03 | Mem:0.02M, Peak:0.02M | Scene, ViewLayer | Synchronizing object | Marble tread.020
Fra:1 Mem:139.31M (Peak 139.31M) | Time:00:00.03 | Mem:0.02M, Peak:0.02M | Scene, ViewLayer | Synchronizing object | Inlaid bronze nosing.020
Fra:1 Mem:139.28M (Peak 139.31M) | Time:00:00.03 | Mem:0.02M, Peak:0.02M | Scene, ViewLayer | Synchronizing object | Marble tread.021
Fra:1 Mem:139.54M (Peak 139.53M) | Time:00:00.03 | Mem:0.02M, Peak:0.02M | Scene, ViewLayer | Synchronizing object | Inlaid bronze nosing.021
Fra:1 Mem:139.51M (Peak 139.53M) | Time:00:00.03 | Mem:0.02M, Peak:0.02M | Scene, ViewLayer | Synchronizing object | Marble tread.022
Fra:1 Mem:139.56M (Peak 139.56M) | Time:00:00.03 | Mem:0.02M, Peak:0.02M | Scene, ViewLayer | Synchronizing object | Inlaid bronze nosing.023
Fra:1 Mem:139.58M (Peak 139.58M) | Time:00:00.03 | Mem:0.02M, Peak:0.02M | Scene, ViewLayer | Synchronizing object | Marble tread.024
Fra:1 Mem:139.59M (Peak 139.59M) | Time:00:00.03 | Mem:0.02M, Peak:0.02M | Scene, ViewLayer | Synchronizing object | Marble tread.025
Fra:1 Mem:139.57M (Peak 139.59M) | Time:00:00.03 | Mem:0.02M, Peak:0.02M | Scene, ViewLayer | Synchronizing object | Inlaid bronze nosing.027
Fra:1 Mem:139.59M (Peak 139.59M) | Time:00:00.03 | Mem:0.02M, Peak:0.02M | Scene, ViewLayer | Synchronizing object | Marble tread.028
Fra:1 Mem:139.63M (Peak 139.63M) | Time:00:00.03 | Mem:0.02M, Peak:0.02M | Scene, ViewLayer | Synchronizing object | Marble tread.029
Fra:1 Mem:139.70M (Peak 139.70M) | Time:00:00.03 | Mem:0.02M, Peak:0.02M | Scene, ViewLayer | Synchronizing object | Inlaid bronze nosing.029
Fra:1 Mem:139.78M (Peak 139.78M) | Time:00:00.03 | Mem:0.02M, Peak:0.02M | Scene, ViewLayer | Synchronizing object | Marble tread.030
Fra:1 Mem:139.79M (Peak 139.79M) | Time:00:00.03 | Mem:0.02M, Peak:0.02M | Scene, ViewLayer | Synchronizing object | Inlaid bronze nosing.030
Fra:1 Mem:139.80M (Peak 139.80M) | Time:00:00.03 | Mem:0.02M, Peak:0.02M | Scene, ViewLayer | Synchronizing object | Inlaid bronze nosing.031
Fra:1 Mem:139.87M (Peak 139.87M) | Time:00:00.03 | Mem:0.02M, Peak:0.02M | Scene, ViewLayer | Synchronizing object | Marble tread.032
Fra:1 Mem:139.91M (Peak 139.91M) | Time:00:00.03 | Mem:0.02M, Peak:0.02M | Scene, ViewLayer | Synchronizing object | Inlaid bronze nosing.032
Fra:1 Mem:139.99M (Peak 140.01M) | Time:00:00.03 | Mem:0.02M, Peak:0.02M | Scene, ViewLayer | Synchronizing object | Marble tread.033
Fra:1 Mem:140.03M (Peak 140.03M) | Time:00:00.03 | Mem:0.02M, Peak:0.02M | Scene, ViewLayer | Synchronizing object | Inlaid bronze nosing.033
Fra:1 Mem:140.05M (Peak 140.05M) | Time:00:00.03 | Mem:0.02M, Peak:0.02M | Scene, ViewLayer | Synchronizing object | Inlaid bronze nosing.034
Fra:1 Mem:140.06M (Peak 140.06M) | Time:00:00.03 | Mem:0.02M, Peak:0.02M | Scene, ViewLayer | Synchronizing object | Marble tread.035
Fra:1 Mem:140.03M (Peak 140.06M) | Time:00:00.03 | Mem:0.02M, Peak:0.02M | Scene, ViewLayer | Synchronizing object | Marble tread.036
Fra:1 Mem:140.07M (Peak 140.07M) | Time:00:00.03 | Mem:0.02M, Peak:0.02M | Scene, ViewLayer | Synchronizing object | Inlaid bronze nosing.036
Fra:1 Mem:140.17M (Peak 140.17M) | Time:00:00.03 | Mem:0.02M, Peak:0.02M | Scene, ViewLayer | Synchronizing object | Inlaid bronze nosing.037
Fra:1 Mem:140.21M (Peak 140.21M) | Time:00:00.03 | Mem:0.02M, Peak:0.02M | Scene, ViewLayer | Synchronizing object | Marble tread.038
Fra:1 Mem:140.18M (Peak 140.21M) | Time:00:00.03 | Mem:0.02M, Peak:0.02M | Scene, ViewLayer | Synchronizing object | Inlaid bronze nosing.038
Fra:1 Mem:140.32M (Peak 140.32M) | Time:00:00.03 | Mem:0.02M, Peak:0.02M | Scene, ViewLayer | Synchronizing object | Marble tread.039
Fra:1 Mem:140.32M (Peak 140.32M) | Time:00:00.03 | Mem:0.02M, Peak:0.02M | Scene, ViewLayer | Synchronizing object | Inlaid bronze nosing.040
Fra:1 Mem:140.39M (Peak 140.38M) | Time:00:00.03 | Mem:0.02M, Peak:0.02M | Scene, ViewLayer | Synchronizing object | Inlaid bronze nosing.041
Fra:1 Mem:140.35M (Peak 140.38M) | Time:00:00.03 | Mem:0.02M, Peak:0.02M | Scene, ViewLayer | Synchronizing object | Slender bronze baluster.001
Fra:1 Mem:140.39M (Peak 140.39M) | Time:00:00.03 | Mem:0.02M, Peak:0.02M | Scene, ViewLayer | Synchronizing object | Slender bronze baluster.002
Fra:1 Mem:140.38M (Peak 140.39M) | Time:00:00.03 | Mem:0.02M, Peak:0.02M | Scene, ViewLayer | Synchronizing object | Slender bronze baluster.003
Fra:1 Mem:140.41M (Peak 140.41M) | Time:00:00.03 | Mem:0.02M, Peak:0.02M | Scene, ViewLayer | Synchronizing object | Bronze railing elbow
Fra:1 Mem:140.40M (Peak 140.41M) | Time:00:00.03 | Mem:0.02M, Peak:0.02M | Scene, ViewLayer | Synchronizing object | Bronze sloping handrail.001
Fra:1 Mem:140.48M (Peak 140.48M) | Time:00:00.03 | Mem:0.02M, Peak:0.02M | Scene, ViewLayer | Synchronizing object | Slender bronze baluster.005
Fra:1 Mem:140.51M (Peak 140.51M) | Time:00:00.03 | Mem:0.02M, Peak:0.02M | Scene, ViewLayer | Synchronizing object | Slender bronze baluster.006
Fra:1 Mem:140.51M (Peak 140.51M) | Time:00:00.03 | Mem:0.02M, Peak:0.02M | Scene, ViewLayer | Synchronizing object | Slender bronze baluster.007
Fra:1 Mem:140.51M (Peak 140.51M) | Time:00:00.03 | Mem:0.02M, Peak:0.02M | Scene, ViewLayer | Synchronizing object | Bronze railing elbow.003
Fra:1 Mem:140.57M (Peak 140.57M) | Time:00:00.03 | Mem:0.02M, Peak:0.02M | Scene, ViewLayer | Synchronizing object | Bronze sloping handrail.002
Fra:1 Mem:140.57M (Peak 140.57M) | Time:00:00.03 | Mem:0.02M, Peak:0.02M | Scene, ViewLayer | Synchronizing object | Slender bronze baluster.009
Fra:1 Mem:140.61M (Peak 140.61M) | Time:00:00.03 | Mem:0.02M, Peak:0.02M | Scene, ViewLayer | Synchronizing object | Slender bronze baluster.010
Fra:1 Mem:140.58M (Peak 140.61M) | Time:00:00.03 | Mem:0.02M, Peak:0.02M | Scene, ViewLayer | Synchronizing object | Landing handrail.004
Fra:1 Mem:140.60M (Peak 140.61M) | Time:00:00.03 | Mem:0.02M, Peak:0.02M | Scene, ViewLayer | Synchronizing object | Bronze railing elbow.005
Fra:1 Mem:140.61M (Peak 140.61M) | Time:00:00.03 | Mem:0.02M, Peak:0.02M | Scene, ViewLayer | Synchronizing object | Bronze sloping handrail.003
Fra:1 Mem:140.62M (Peak 140.62M) | Time:00:00.03 | Mem:0.02M, Peak:0.02M | Scene, ViewLayer | Synchronizing object | Slender bronze baluster.011
Fra:1 Mem:140.63M (Peak 140.63M) | Time:00:00.03 | Mem:0.02M, Peak:0.02M | Scene, ViewLayer | Synchronizing object | Slender bronze baluster.012
Fra:1 Mem:140.63M (Peak 140.63M) | Time:00:00.03 | Mem:0.02M, Peak:0.02M | Scene, ViewLayer | Synchronizing object | Landing handrail.006
Fra:1 Mem:140.63M (Peak 140.63M) | Time:00:00.03 | Mem:0.02M, Peak:0.02M | Scene, ViewLayer | Synchronizing object | Landing handrail.007
Fra:1 Mem:140.64M (Peak 140.64M) | Time:00:00.03 | Mem:0.02M, Peak:0.02M | Scene, ViewLayer | Synchronizing object | Bronze railing elbow.007
Fra:1 Mem:140.66M (Peak 140.66M) | Time:00:00.03 | Mem:0.02M, Peak:0.02M | Scene, ViewLayer | Synchronizing object | Bronze sloping handrail.004
Fra:1 Mem:140.69M (Peak 140.69M) | Time:00:00.03 | Mem:0.02M, Peak:0.02M | Scene, ViewLayer | Synchronizing object | Slender bronze baluster.016
Fra:1 Mem:140.70M (Peak 140.70M) | Time:00:00.03 | Mem:0.02M, Peak:0.02M | Scene, ViewLayer | Synchronizing object | Slender bronze baluster.017
Fra:1 Mem:140.70M (Peak 140.70M) | Time:00:00.03 | Mem:0.02M, Peak:0.02M | Scene, ViewLayer | Synchronizing object | Slender bronze baluster.018
Fra:1 Mem:140.74M (Peak 140.74M) | Time:00:00.03 | Mem:0.02M, Peak:0.02M | Scene, ViewLayer | Synchronizing object | Slender bronze baluster.020
Fra:1 Mem:140.75M (Peak 140.75M) | Time:00:00.03 | Mem:0.02M, Peak:0.02M | Scene, ViewLayer | Synchronizing object | Landing handrail.008
Fra:1 Mem:140.76M (Peak 140.76M) | Time:00:00.03 | Mem:0.02M, Peak:0.02M | Scene, ViewLayer | Synchronizing object | Landing handrail.009
Fra:1 Mem:140.76M (Peak 140.76M) | Time:00:00.03 | Mem:0.02M, Peak:0.02M | Scene, ViewLayer | Synchronizing object | Bronze railing elbow.009
Fra:1 Mem:140.76M (Peak 140.76M) | Time:00:00.03 | Mem:0.02M, Peak:0.02M | Scene, ViewLayer | Synchronizing object | Bronze sloping handrail.005
Fra:1 Mem:140.79M (Peak 140.79M) | Time:00:00.03 | Mem:0.02M, Peak:0.02M | Scene, ViewLayer | Synchronizing object | Slender bronze baluster.021
Fra:1 Mem:140.78M (Peak 140.79M) | Time:00:00.03 | Mem:0.02M, Peak:0.02M | Scene, ViewLayer | Synchronizing object | Slender bronze baluster.022
Fra:1 Mem:140.78M (Peak 140.79M) | Time:00:00.03 | Mem:0.02M, Peak:0.02M | Scene, ViewLayer | Synchronizing object | Landing handrail.010
Fra:1 Mem:140.79M (Peak 140.79M) | Time:00:00.03 | Mem:0.02M, Peak:0.02M | Scene, ViewLayer | Synchronizing object | Bronze railing elbow.010
Fra:1 Mem:140.80M (Peak 140.80M) | Time:00:00.03 | Mem:0.02M, Peak:0.02M | Scene, ViewLayer | Synchronizing object | Bronze sloping handrail.006
Fra:1 Mem:140.80M (Peak 140.80M) | Time:00:00.03 | Mem:0.02M, Peak:0.02M | Scene, ViewLayer | Synchronizing object | Slender bronze baluster.024
Fra:1 Mem:140.81M (Peak 140.81M) | Time:00:00.03 | Mem:0.02M, Peak:0.02M | Scene, ViewLayer | Synchronizing object | Slender bronze baluster.026
Fra:1 Mem:140.81M (Peak 140.81M) | Time:00:00.03 | Mem:0.02M, Peak:0.02M | Scene, ViewLayer | Synchronizing object | Landing handrail.012
Fra:1 Mem:140.84M (Peak 140.84M) | Time:00:00.03 | Mem:0.02M, Peak:0.02M | Scene, ViewLayer | Synchronizing object | Landing handrail.013
Fra:1 Mem:140.83M (Peak 140.84M) | Time:00:00.03 | Mem:0.02M, Peak:0.02M | Scene, ViewLayer | Synchronizing object | Bronze railing elbow.012
Fra:1 Mem:140.84M (Peak 140.84M) | Time:00:00.03 | Mem:0.02M, Peak:0.02M | Scene, ViewLayer | Synchronizing object | Bronze railing elbow.013
Fra:1 Mem:140.85M (Peak 140.85M) | Time:00:00.03 | Mem:0.02M, Peak:0.02M | Scene, ViewLayer | Synchronizing object | Bronze sloping handrail.007
Fra:1 Mem:140.86M (Peak 140.86M) | Time:00:00.03 | Mem:0.02M, Peak:0.02M | Scene, ViewLayer | Synchronizing object | Slender bronze baluster.027
Fra:1 Mem:140.87M (Peak 140.87M) | Time:00:00.03 | Mem:0.02M, Peak:0.02M | Scene, ViewLayer | Synchronizing object | Slender bronze baluster.029
Fra:1 Mem:140.87M (Peak 140.87M) | Time:00:00.03 | Mem:0.02M, Peak:0.02M | Scene, ViewLayer | Synchronizing object | Slender bronze baluster.031
Fra:1 Mem:140.88M (Peak 140.88M) | Time:00:00.03 | Mem:0.02M, Peak:0.02M | Scene, ViewLayer | Synchronizing object | Landing handrail.015
Fra:1 Mem:140.88M (Peak 140.88M) | Time:00:00.03 | Mem:0.02M, Peak:0.02M | Scene, ViewLayer | Synchronizing object | Bronze railing elbow.014
Fra:1 Mem:140.88M (Peak 140.88M) | Time:00:00.03 | Mem:0.02M, Peak:0.02M | Scene, ViewLayer | Synchronizing object | Bronze railing elbow.015
Fra:1 Mem:140.90M (Peak 140.90M) | Time:00:00.03 | Mem:0.02M, Peak:0.02M | Scene, ViewLayer | Synchronizing object | Corner landing 0
Fra:1 Mem:140.91M (Peak 140.91M) | Time:00:00.03 | Mem:0.02M, Peak:0.02M | Scene, ViewLayer | Synchronizing object | Corner landing 1
Fra:1 Mem:140.97M (Peak 140.97M) | Time:00:00.03 | Mem:0.02M, Peak:0.02M | Scene, ViewLayer | Synchronizing object | Landing pier 1
Fra:1 Mem:140.97M (Peak 140.97M) | Time:00:00.03 | Mem:0.02M, Peak:0.02M | Scene, ViewLayer | Synchronizing object | Pier horizontal joint
Fra:1 Mem:141.03M (Peak 141.03M) | Time:00:00.03 | Mem:0.02M, Peak:0.02M | Scene, ViewLayer | Synchronizing object | Pier horizontal joint.001
Fra:1 Mem:141.07M (Peak 141.07M) | Time:00:00.03 | Mem:0.02M, Peak:0.02M | Scene, ViewLayer | Synchronizing object | Pier horizontal joint.002
Fra:1 Mem:141.08M (Peak 141.08M) | Time:00:00.03 | Mem:0.02M, Peak:0.02M | Scene, ViewLayer | Synchronizing object | Pier horizontal joint.003
Fra:1 Mem:141.07M (Peak 141.08M) | Time:00:00.03 | Mem:0.02M, Peak:0.02M | Scene, ViewLayer | Synchronizing object | Pier horizontal joint.005
Fra:1 Mem:141.07M (Peak 141.08M) | Time:00:00.03 | Mem:0.02M, Peak:0.02M | Scene, ViewLayer | Synchronizing object | Pier horizontal joint.007
Fra:1 Mem:141.08M (Peak 141.08M) | Time:00:00.03 | Mem:0.02M, Peak:0.02M | Scene, ViewLayer | Synchronizing object | Pier horizontal joint.008
Fra:1 Mem:141.10M (Peak 141.10M) | Time:00:00.03 | Mem:0.02M, Peak:0.02M | Scene, ViewLayer | Synchronizing object | Pier horizontal joint.009
Fra:1 Mem:141.14M (Peak 141.14M) | Time:00:00.03 | Mem:0.02M, Peak:0.02M | Scene, ViewLayer | Synchronizing object | Pier horizontal joint.010
Fra:1 Mem:141.17M (Peak 141.17M) | Time:00:00.03 | Mem:0.02M, Peak:0.02M | Scene, ViewLayer | Synchronizing object | Corner landing 3
Fra:1 Mem:141.24M (Peak 141.24M) | Time:00:00.03 | Mem:0.02M, Peak:0.02M | Scene, ViewLayer | Synchronizing object | Landing pier 3
Fra:1 Mem:141.28M (Peak 141.28M) | Time:00:00.03 | Mem:0.02M, Peak:0.02M | Scene, ViewLayer | Synchronizing object | Pier foot 3
Fra:1 Mem:141.31M (Peak 141.31M) | Time:00:00.03 | Mem:0.02M, Peak:0.02M | Scene, ViewLayer | Synchronizing object | Pier horizontal joint.011
Fra:1 Mem:141.32M (Peak 141.32M) | Time:00:00.03 | Mem:0.02M, Peak:0.02M | Scene, ViewLayer | Synchronizing object | Pier horizontal joint.012
Fra:1 Mem:141.37M (Peak 141.37M) | Time:00:00.03 | Mem:0.02M, Peak:0.02M | Scene, ViewLayer | Synchronizing object | Pier horizontal joint.013
Fra:1 Mem:141.37M (Peak 141.37M) | Time:00:00.03 | Mem:0.02M, Peak:0.02M | Scene, ViewLayer | Synchronizing object | Pier horizontal joint.015
Fra:1 Mem:141.44M (Peak 141.44M) | Time:00:00.03 | Mem:0.02M, Peak:0.02M | Scene, ViewLayer | Synchronizing object | Pier horizontal joint.016
Fra:1 Mem:141.47M (Peak 141.47M) | Time:00:00.03 | Mem:0.02M, Peak:0.02M | Scene, ViewLayer | Synchronizing object | Corner landing 4
Fra:1 Mem:141.46M (Peak 141.47M) | Time:00:00.03 | Mem:0.02M, Peak:0.02M | Scene, ViewLayer | Synchronizing object | Pier foot 4
Fra:1 Mem:141.48M (Peak 141.48M) | Time:00:00.03 | Mem:0.02M, Peak:0.02M | Scene, ViewLayer | Synchronizing object | Pier horizontal joint.019
Fra:1 Mem:141.50M (Peak 141.50M) | Time:00:00.03 | Mem:0.02M, Peak:0.02M | Scene, ViewLayer | Synchronizing object | Pier horizontal joint.020
Fra:1 Mem:141.53M (Peak 141.53M) | Time:00:00.03 | Mem:0.02M, Peak:0.02M | Scene, ViewLayer | Synchronizing object | Pier horizontal joint.021
Fra:1 Mem:141.63M (Peak 141.63M) | Time:00:00.03 | Mem:0.02M, Peak:0.02M | Scene, ViewLayer | Synchronizing object | Pier horizontal joint.022
Fra:1 Mem:141.63M (Peak 141.63M) | Time:00:00.03 | Mem:0.02M, Peak:0.02M | Scene, ViewLayer | Synchronizing object | Pier horizontal joint.023
Fra:1 Mem:141.67M (Peak 141.67M) | Time:00:00.03 | Mem:0.02M, Peak:0.02M | Scene, ViewLayer | Synchronizing object | Pier horizontal joint.025
Fra:1 Mem:141.69M (Peak 141.69M) | Time:00:00.03 | Mem:0.02M, Peak:0.02M | Scene, ViewLayer | Synchronizing object | Courtyard foundation
Fra:1 Mem:141.71M (Peak 141.71M) | Time:00:00.03 | Mem:0.02M, Peak:0.02M | Scene, ViewLayer | Synchronizing object | Limestone paving
Fra:1 Mem:141.80M (Peak 141.80M) | Time:00:00.03 | Mem:0.02M, Peak:0.02M | Scene, ViewLayer | Synchronizing object | Limestone paving.001
Fra:1 Mem:141.87M (Peak 141.87M) | Time:00:00.03 | Mem:0.02M, Peak:0.02M | Scene, ViewLayer | Synchronizing object | Limestone paving.002
Fra:1 Mem:141.89M (Peak 141.89M) | Time:00:00.03 | Mem:0.02M, Peak:0.02M | Scene, ViewLayer | Synchronizing object | Limestone paving.003
Fra:1 Mem:142.04M (Peak 142.04M) | Time:00:00.03 | Mem:0.02M, Peak:0.02M | Scene, ViewLayer | Synchronizing object | Limestone paving.004
Fra:1 Mem:142.03M (Peak 142.04M) | Time:00:00.03 | Mem:0.02M, Peak:0.02M | Scene, ViewLayer | Synchronizing object | Limestone paving.007
Fra:1 Mem:142.06M (Peak 142.06M) | Time:00:00.03 | Mem:0.02M, Peak:0.02M | Scene, ViewLayer | Synchronizing object | Limestone paving.008
Fra:1 Mem:142.10M (Peak 142.10M) | Time:00:00.03 | Mem:0.02M, Peak:0.02M | Scene, ViewLayer | Synchronizing object | Limestone paving.009
Fra:1 Mem:142.10M (Peak 142.10M) | Time:00:00.03 | Mem:0.02M, Peak:0.02M | Scene, ViewLayer | Synchronizing object | Limestone paving.010
Fra:1 Mem:142.25M (Peak 142.25M) | Time:00:00.03 | Mem:0.02M, Peak:0.02M | Scene, ViewLayer | Synchronizing object | Limestone paving.011
Fra:1 Mem:142.24M (Peak 142.25M) | Time:00:00.03 | Mem:0.02M, Peak:0.02M | Scene, ViewLayer | Synchronizing object | Limestone paving.012
Fra:1 Mem:142.27M (Peak 142.27M) | Time:00:00.03 | Mem:0.02M, Peak:0.02M | Scene, ViewLayer | Synchronizing object | Limestone paving.013
Fra:1 Mem:142.32M (Peak 142.32M) | Time:00:00.03 | Mem:0.02M, Peak:0.02M | Scene, ViewLayer | Synchronizing object | Limestone paving.014
Fra:1 Mem:142.33M (Peak 142.33M) | Time:00:00.03 | Mem:0.02M, Peak:0.02M | Scene, ViewLayer | Synchronizing object | Limestone paving.015
Fra:1 Mem:142.32M (Peak 142.33M) | Time:00:00.03 | Mem:0.02M, Peak:0.02M | Scene, ViewLayer | Synchronizing object | Limestone paving.016
Fra:1 Mem:142.43M (Peak 142.43M) | Time:00:00.03 | Mem:0.02M, Peak:0.02M | Scene, ViewLayer | Synchronizing object | Limestone paving.020
Fra:1 Mem:142.42M (Peak 142.43M) | Time:00:00.03 | Mem:0.02M, Peak:0.02M | Scene, ViewLayer | Synchronizing object | Limestone paving.021
Fra:1 Mem:142.44M (Peak 142.44M) | Time:00:00.03 | Mem:0.02M, Peak:0.02M | Scene, ViewLayer | Synchronizing object | Limestone paving.023
Fra:1 Mem:142.48M (Peak 142.48M) | Time:00:00.03 | Mem:0.02M, Peak:0.02M | Scene, ViewLayer | Synchronizing object | Limestone paving.024
Fra:1 Mem:142.57M (Peak 142.57M) | Time:00:00.03 | Mem:0.02M, Peak:0.02M | Scene, ViewLayer | Synchronizing object | Limestone paving.026
Fra:1 Mem:142.66M (Peak 142.66M) | Time:00:00.03 | Mem:0.02M, Peak:0.02M | Scene, ViewLayer | Synchronizing object | Limestone paving.027
Fra:1 Mem:142.69M (Peak 142.69M) | Time:00:00.03 | Mem:0.02M, Peak:0.02M | Scene, ViewLayer | Synchronizing object | Limestone paving.028
Fra:1 Mem:142.76M (Peak 142.76M) | Time:00:00.03 | Mem:0.02M, Peak:0.02M | Scene, ViewLayer | Synchronizing object | Limestone paving.029
Fra:1 Mem:142.75M (Peak 142.76M) | Time:00:00.03 | Mem:0.02M, Peak:0.02M | Scene, ViewLayer | Synchronizing object | Limestone paving.031
Fra:1 Mem:142.83M (Peak 142.83M) | Time:00:00.03 | Mem:0.02M, Peak:0.02M | Scene, ViewLayer | Synchronizing object | Limestone paving.032
Fra:1 Mem:142.82M (Peak 142.83M) | Time:00:00.03 | Mem:0.02M, Peak:0.02M | Scene, ViewLayer | Synchronizing object | Limestone paving.033
Fra:1 Mem:142.91M (Peak 142.91M) | Time:00:00.03 | Mem:0.02M, Peak:0.02M | Scene, ViewLayer | Synchronizing object | Limestone paving.036
Fra:1 Mem:142.88M (Peak 142.91M) | Time:00:00.03 | Mem:0.02M, Peak:0.02M | Scene, ViewLayer | Synchronizing object | Limestone paving.040
Fra:1 Mem:142.88M (Peak 142.91M) | Time:00:00.03 | Mem:0.02M, Peak:0.02M | Scene, ViewLayer | Synchronizing object | Limestone paving.041
Fra:1 Mem:142.96M (Peak 142.96M) | Time:00:00.03 | Mem:0.02M, Peak:0.02M | Scene, ViewLayer | Synchronizing object | Limestone paving.042
Fra:1 Mem:143.03M (Peak 143.03M) | Time:00:00.03 | Mem:0.02M, Peak:0.02M | Scene, ViewLayer | Synchronizing object | Limestone paving.043
Fra:1 Mem:143.04M (Peak 143.04M) | Time:00:00.03 | Mem:0.02M, Peak:0.02M | Scene, ViewLayer | Synchronizing object | Limestone paving.045
Fra:1 Mem:143.10M (Peak 143.10M) | Time:00:00.03 | Mem:0.02M, Peak:0.02M | Scene, ViewLayer | Synchronizing object | Limestone paving.047
Fra:1 Mem:143.20M (Peak 143.20M) | Time:00:00.03 | Mem:0.02M, Peak:0.02M | Scene, ViewLayer | Synchronizing object | Limestone paving.049
Fra:1 Mem:143.23M (Peak 143.23M) | Time:00:00.03 | Mem:0.02M, Peak:0.02M | Scene, ViewLayer | Synchronizing object | Limestone paving.050
Fra:1 Mem:143.29M (Peak 143.29M) | Time:00:00.03 | Mem:0.02M, Peak:0.02M | Scene, ViewLayer | Synchronizing object | Limestone paving.054
Fra:1 Mem:143.30M (Peak 143.30M) | Time:00:00.03 | Mem:0.02M, Peak:0.02M | Scene, ViewLayer | Synchronizing object | Limestone paving.055
Fra:1 Mem:143.37M (Peak 143.37M) | Time:00:00.03 | Mem:0.02M, Peak:0.02M | Scene, ViewLayer | Synchronizing object | Limestone paving.057
Fra:1 Mem:143.40M (Peak 143.40M) | Time:00:00.03 | Mem:0.02M, Peak:0.02M | Scene, ViewLayer | Synchronizing object | Limestone paving.058
Fra:1 Mem:143.40M (Peak 143.40M) | Time:00:00.03 | Mem:0.02M, Peak:0.02M | Scene, ViewLayer | Synchronizing object | Limestone paving.059
Fra:1 Mem:143.43M (Peak 143.43M) | Time:00:00.03 | Mem:0.02M, Peak:0.02M | Scene, ViewLayer | Synchronizing object | Limestone paving.060
Fra:1 Mem:143.46M (Peak 143.46M) | Time:00:00.03 | Mem:0.02M, Peak:0.02M | Scene, ViewLayer | Synchronizing object | Limestone paving.062
Fra:1 Mem:143.47M (Peak 143.47M) | Time:00:00.03 | Mem:0.02M, Peak:0.02M | Scene, ViewLayer | Synchronizing object | Limestone paving.063
Fra:1 Mem:143.47M (Peak 143.47M) | Time:00:00.03 | Mem:0.02M, Peak:0.02M | Scene, ViewLayer | Synchronizing object | Limestone paving.064
Fra:1 Mem:143.52M (Peak 143.52M) | Time:00:00.03 | Mem:0.02M, Peak:0.02M | Scene, ViewLayer | Synchronizing object | Limestone paving.066
Fra:1 Mem:143.50M (Peak 143.52M) | Time:00:00.03 | Mem:0.02M, Peak:0.02M | Scene, ViewLayer | Synchronizing object | Limestone paving.068
Fra:1 Mem:143.51M (Peak 143.52M) | Time:00:00.03 | Mem:0.02M, Peak:0.02M | Scene, ViewLayer | Synchronizing object | Limestone paving.069
Fra:1 Mem:143.60M (Peak 143.60M) | Time:00:00.03 | Mem:0.02M, Peak:0.02M | Scene, ViewLayer | Synchronizing object | Limestone paving.070
Fra:1 Mem:143.62M (Peak 143.62M) | Time:00:00.03 | Mem:0.02M, Peak:0.02M | Scene, ViewLayer | Synchronizing object | Limestone paving.071
Fra:1 Mem:143.65M (Peak 143.65M) | Time:00:00.03 | Mem:0.02M, Peak:0.02M | Scene, ViewLayer | Synchronizing object | Limestone paving.072
Fra:1 Mem:143.71M (Peak 143.71M) | Time:00:00.03 | Mem:0.02M, Peak:0.02M | Scene, ViewLayer | Synchronizing object | Limestone paving.073
Fra:1 Mem:143.73M (Peak 143.73M) | Time:00:00.03 | Mem:0.02M, Peak:0.02M | Scene, ViewLayer | Synchronizing object | Limestone paving.074
Fra:1 Mem:143.74M (Peak 143.74M) | Time:00:00.03 | Mem:0.02M, Peak:0.02M | Scene, ViewLayer | Synchronizing object | Limestone paving.075
Fra:1 Mem:143.80M (Peak 143.80M) | Time:00:00.03 | Mem:0.02M, Peak:0.02M | Scene, ViewLayer | Synchronizing object | Limestone paving.079
Fra:1 Mem:143.76M (Peak 143.80M) | Time:00:00.03 | Mem:0.02M, Peak:0.02M | Scene, ViewLayer | Synchronizing object | Limestone paving.081
Fra:1 Mem:143.83M (Peak 143.83M) | Time:00:00.03 | Mem:0.02M, Peak:0.02M | Scene, ViewLayer | Synchronizing object | Limestone paving.082
Fra:1 Mem:143.89M (Peak 143.89M) | Time:00:00.03 | Mem:0.02M, Peak:0.02M | Scene, ViewLayer | Synchronizing object | Limestone paving.083
Fra:1 Mem:144.00M (Peak 144.00M) | Time:00:00.03 | Mem:0.02M, Peak:0.02M | Scene, ViewLayer | Synchronizing object | Limestone paving.084
Fra:1 Mem:144.02M (Peak 144.02M) | Time:00:00.03 | Mem:0.02M, Peak:0.02M | Scene, ViewLayer | Synchronizing object | Limestone paving.085
Fra:1 Mem:144.02M (Peak 144.02M) | Time:00:00.03 | Mem:0.02M, Peak:0.02M | Scene, ViewLayer | Synchronizing object | Limestone paving.087
Fra:1 Mem:144.09M (Peak 144.09M) | Time:00:00.03 | Mem:0.02M, Peak:0.02M | Scene, ViewLayer | Synchronizing object | Limestone paving.090
Fra:1 Mem:144.04M (Peak 144.09M) | Time:00:00.03 | Mem:0.02M, Peak:0.02M | Scene, ViewLayer | Synchronizing object | Limestone paving.092
Fra:1 Mem:144.07M (Peak 144.09M) | Time:00:00.03 | Mem:0.02M, Peak:0.02M | Scene, ViewLayer | Synchronizing object | Limestone paving.093
Fra:1 Mem:144.09M (Peak 144.09M) | Time:00:00.03 | Mem:0.02M, Peak:0.02M | Scene, ViewLayer | Synchronizing object | Limestone paving.094
Fra:1 Mem:144.15M (Peak 144.15M) | Time:00:00.03 | Mem:0.02M, Peak:0.02M | Scene, ViewLayer | Synchronizing object | Limestone paving.095
Fra:1 Mem:144.21M (Peak 144.21M) | Time:00:00.03 | Mem:0.02M, Peak:0.02M | Scene, ViewLayer | Synchronizing object | Limestone paving.096
Fra:1 Mem:144.23M (Peak 144.23M) | Time:00:00.03 | Mem:0.02M, Peak:0.02M | Scene, ViewLayer | Synchronizing object | Limestone paving.098
Fra:1 Mem:144.27M (Peak 144.27M) | Time:00:00.03 | Mem:0.02M, Peak:0.02M | Scene, ViewLayer | Synchronizing object | Limestone paving.099
Fra:1 Mem:144.28M (Peak 144.28M) | Time:00:00.03 | Mem:0.02M, Peak:0.02M | Scene, ViewLayer | Synchronizing object | Limestone paving.100
Fra:1 Mem:144.28M (Peak 144.28M) | Time:00:00.03 | Mem:0.02M, Peak:0.02M | Scene, ViewLayer | Synchronizing object | Limestone paving.102
Fra:1 Mem:144.31M (Peak 144.31M) | Time:00:00.03 | Mem:0.02M, Peak:0.02M | Scene, ViewLayer | Synchronizing object | West colonnade arch vault.004
Fra:1 Mem:144.34M (Peak 144.34M) | Time:00:00.03 | Mem:0.02M, Peak:0.02M | Scene, ViewLayer | Synchronizing object | Limestone paving.104
Fra:1 Mem:144.34M (Peak 144.34M) | Time:00:00.03 | Mem:0.02M, Peak:0.02M | Scene, ViewLayer | Synchronizing object | Limestone paving.105
Fra:1 Mem:144.45M (Peak 144.45M) | Time:00:00.03 | Mem:0.02M, Peak:0.02M | Scene, ViewLayer | Synchronizing object | Limestone paving.106
Fra:1 Mem:144.41M (Peak 144.45M) | Time:00:00.03 | Mem:0.02M, Peak:0.02M | Scene, ViewLayer | Synchronizing object | Limestone paving.107
Fra:1 Mem:144.67M (Peak 144.67M) | Time:00:00.03 | Mem:0.02M, Peak:0.02M | Scene, ViewLayer | Synchronizing object | Limestone paving.108
Fra:1 Mem:144.64M (Peak 144.67M) | Time:00:00.03 | Mem:0.02M, Peak:0.02M | Scene, ViewLayer | Synchronizing object | Limestone paving.109
Fra:1 Mem:144.72M (Peak 144.72M) | Time:00:00.03 | Mem:0.02M, Peak:0.02M | Scene, ViewLayer | Synchronizing object | Limestone paving.111
Fra:1 Mem:144.73M (Peak 144.73M) | Time:00:00.03 | Mem:0.02M, Peak:0.02M | Scene, ViewLayer | Synchronizing object | Limestone paving.112
Fra:1 Mem:144.77M (Peak 144.77M) | Time:00:00.03 | Mem:0.02M, Peak:0.02M | Scene, ViewLayer | Synchronizing object | Limestone paving.113
Fra:1 Mem:144.76M (Peak 144.77M) | Time:00:00.03 | Mem:0.02M, Peak:0.02M | Scene, ViewLayer | Synchronizing object | Limestone paving.114
Fra:1 Mem:144.83M (Peak 144.83M) | Time:00:00.03 | Mem:0.02M, Peak:0.02M | Scene, ViewLayer | Synchronizing object | Limestone paving.116
Fra:1 Mem:144.79M (Peak 144.83M) | Time:00:00.03 | Mem:0.02M, Peak:0.02M | Scene, ViewLayer | Synchronizing object | Limestone paving.120
Fra:1 Mem:144.98M (Peak 144.98M) | Time:00:00.03 | Mem:0.02M, Peak:0.02M | Scene, ViewLayer | Synchronizing object | Limestone paving.121
Fra:1 Mem:145.05M (Peak 145.05M) | Time:00:00.03 | Mem:0.02M, Peak:0.02M | Scene, ViewLayer | Synchronizing object | Limestone paving.122
Fra:1 Mem:145.20M (Peak 145.20M) | Time:00:00.03 | Mem:0.02M, Peak:0.02M | Scene, ViewLayer | Synchronizing object | Limestone paving.123
Fra:1 Mem:145.17M (Peak 145.20M) | Time:00:00.03 | Mem:0.02M, Peak:0.02M | Scene, ViewLayer | Synchronizing object | Limestone paving.125
Fra:1 Mem:145.29M (Peak 145.29M) | Time:00:00.03 | Mem:0.02M, Peak:0.02M | Scene, ViewLayer | Synchronizing object | Limestone paving.126
Fra:1 Mem:145.30M (Peak 145.30M) | Time:00:00.03 | Mem:0.02M, Peak:0.02M | Scene, ViewLayer | Synchronizing object | Limestone paving.127
Fra:1 Mem:145.41M (Peak 145.41M) | Time:00:00.03 | Mem:0.02M, Peak:0.02M | Scene, ViewLayer | Synchronizing object | Limestone paving.128
Fra:1 Mem:145.46M (Peak 145.46M) | Time:00:00.03 | Mem:0.02M, Peak:0.02M | Scene, ViewLayer | Synchronizing object | Limestone paving.129
Fra:1 Mem:145.39M (Peak 145.46M) | Time:00:00.03 | Mem:0.02M, Peak:0.02M | Scene, ViewLayer | Synchronizing object | Limestone paving.130
Fra:1 Mem:145.41M (Peak 145.46M) | Time:00:00.03 | Mem:0.02M, Peak:0.02M | Scene, ViewLayer | Synchronizing object | Limestone paving.133
Fra:1 Mem:145.44M (Peak 145.46M) | Time:00:00.03 | Mem:0.02M, Peak:0.02M | Scene, ViewLayer | Synchronizing object | Limestone paving.140
Fra:1 Mem:145.57M (Peak 145.57M) | Time:00:00.03 | Mem:0.02M, Peak:0.02M | Scene, ViewLayer | Synchronizing object | Limestone paving.141
Fra:1 Mem:145.45M (Peak 145.57M) | Time:00:00.04 | Mem:0.02M, Peak:0.02M | Scene, ViewLayer | Synchronizing object | Limestone paving.142
Fra:1 Mem:145.51M (Peak 145.57M) | Time:00:00.04 | Mem:0.02M, Peak:0.02M | Scene, ViewLayer | Synchronizing object | Limestone paving.143
Fra:1 Mem:145.55M (Peak 145.57M) | Time:00:00.04 | Mem:0.02M, Peak:0.02M | Scene, ViewLayer | Synchronizing object | Limestone paving.146
Fra:1 Mem:145.55M (Peak 145.57M) | Time:00:00.04 | Mem:0.02M, Peak:0.02M | Scene, ViewLayer | Synchronizing object | Limestone paving.147
Fra:1 Mem:145.59M (Peak 145.59M) | Time:00:00.04 | Mem:0.02M, Peak:0.02M | Scene, ViewLayer | Synchronizing object | Limestone paving.149
Fra:1 Mem:145.61M (Peak 145.61M) | Time:00:00.04 | Mem:0.02M, Peak:0.02M | Scene, ViewLayer | Synchronizing object | Limestone paving.151
Fra:1 Mem:145.61M (Peak 145.61M) | Time:00:00.04 | Mem:0.02M, Peak:0.02M | Scene, ViewLayer | Synchronizing object | Limestone paving.152
Fra:1 Mem:145.65M (Peak 145.65M) | Time:00:00.04 | Mem:0.02M, Peak:0.02M | Scene, ViewLayer | Synchronizing object | Limestone paving.153
Fra:1 Mem:145.73M (Peak 145.73M) | Time:00:00.04 | Mem:0.02M, Peak:0.02M | Scene, ViewLayer | Synchronizing object | Limestone paving.154
Fra:1 Mem:145.72M (Peak 145.73M) | Time:00:00.04 | Mem:0.02M, Peak:0.02M | Scene, ViewLayer | Synchronizing object | Limestone paving.155
Fra:1 Mem:145.76M (Peak 145.76M) | Time:00:00.04 | Mem:0.02M, Peak:0.02M | Scene, ViewLayer | Synchronizing object | Limestone paving.156
Fra:1 Mem:145.78M (Peak 145.78M) | Time:00:00.04 | Mem:0.02M, Peak:0.02M | Scene, ViewLayer | Synchronizing object | Limestone paving.157
Fra:1 Mem:145.82M (Peak 145.82M) | Time:00:00.04 | Mem:0.02M, Peak:0.02M | Scene, ViewLayer | Synchronizing object | Limestone paving.161
Fra:1 Mem:145.83M (Peak 145.83M) | Time:00:00.04 | Mem:0.02M, Peak:0.02M | Scene, ViewLayer | Synchronizing object | Limestone paving.160
Fra:1 Mem:145.90M (Peak 145.90M) | Time:00:00.04 | Mem:0.02M, Peak:0.02M | Scene, ViewLayer | Synchronizing object | Limestone paving.162
Fra:1 Mem:145.91M (Peak 145.91M) | Time:00:00.04 | Mem:0.02M, Peak:0.02M | Scene, ViewLayer | Synchronizing object | Limestone paving.163
Fra:1 Mem:145.94M (Peak 145.94M) | Time:00:00.04 | Mem:0.02M, Peak:0.02M | Scene, ViewLayer | Synchronizing object | Limestone paving.164
Fra:1 Mem:146.01M (Peak 146.01M) | Time:00:00.04 | Mem:0.02M, Peak:0.02M | Scene, ViewLayer | Synchronizing object | Limestone paving.165
Fra:1 Mem:146.01M (Peak 146.01M) | Time:00:00.04 | Mem:0.02M, Peak:0.02M | Scene, ViewLayer | Synchronizing object | Limestone paving.166
Fra:1 Mem:146.06M (Peak 146.06M) | Time:00:00.04 | Mem:0.02M, Peak:0.02M | Scene, ViewLayer | Synchronizing object | Limestone paving.167
Fra:1 Mem:146.22M (Peak 146.22M) | Time:00:00.04 | Mem:0.02M, Peak:0.02M | Scene, ViewLayer | Synchronizing object | Limestone paving.168
Fra:1 Mem:146.35M (Peak 146.35M) | Time:00:00.04 | Mem:0.02M, Peak:0.02M | Scene, ViewLayer | Synchronizing object | Limestone paving.169
Fra:1 Mem:146.36M (Peak 146.36M) | Time:00:00.04 | Mem:0.02M, Peak:0.02M | Scene, ViewLayer | Synchronizing object | Limestone paving.170
Fra:1 Mem:146.34M (Peak 146.36M) | Time:00:00.04 | Mem:0.02M, Peak:0.02M | Scene, ViewLayer | Synchronizing object | Limestone paving.172
Fra:1 Mem:146.34M (Peak 146.36M) | Time:00:00.04 | Mem:0.02M, Peak:0.02M | Scene, ViewLayer | Synchronizing object | Limestone paving.173
Fra:1 Mem:146.39M (Peak 146.39M) | Time:00:00.04 | Mem:0.02M, Peak:0.02M | Scene, ViewLayer | Synchronizing object | Limestone paving.174
Fra:1 Mem:146.43M (Peak 146.43M) | Time:00:00.04 | Mem:0.02M, Peak:0.02M | Scene, ViewLayer | Synchronizing object | Limestone paving.176
Fra:1 Mem:146.49M (Peak 146.49M) | Time:00:00.04 | Mem:0.02M, Peak:0.02M | Scene, ViewLayer | Synchronizing object | Limestone paving.177
Fra:1 Mem:146.58M (Peak 146.58M) | Time:00:00.04 | Mem:0.02M, Peak:0.02M | Scene, ViewLayer | Synchronizing object | Limestone paving.179
Fra:1 Mem:146.58M (Peak 146.58M) | Time:00:00.04 | Mem:0.02M, Peak:0.02M | Scene, ViewLayer | Synchronizing object | Limestone paving.181
Fra:1 Mem:146.59M (Peak 146.59M) | Time:00:00.04 | Mem:0.02M, Peak:0.02M | Scene, ViewLayer | Synchronizing object | Limestone paving.185
Fra:1 Mem:146.69M (Peak 146.69M) | Time:00:00.04 | Mem:0.02M, Peak:0.02M | Scene, ViewLayer | Synchronizing object | Limestone paving.187
Fra:1 Mem:146.69M (Peak 146.69M) | Time:00:00.04 | Mem:0.02M, Peak:0.02M | Scene, ViewLayer | Synchronizing object | Limestone paving.189
Fra:1 Mem:146.66M (Peak 146.69M) | Time:00:00.04 | Mem:0.02M, Peak:0.02M | Scene, ViewLayer | Synchronizing object | Limestone paving.190
Fra:1 Mem:146.67M (Peak 146.69M) | Time:00:00.04 | Mem:0.02M, Peak:0.02M | Scene, ViewLayer | Synchronizing object | Limestone paving.191
Fra:1 Mem:146.71M (Peak 146.71M) | Time:00:00.04 | Mem:0.02M, Peak:0.02M | Scene, ViewLayer | Synchronizing object | Limestone paving.192
Fra:1 Mem:146.74M (Peak 146.74M) | Time:00:00.04 | Mem:0.02M, Peak:0.02M | Scene, ViewLayer | Synchronizing object | Limestone paving.193
Fra:1 Mem:146.76M (Peak 146.76M) | Time:00:00.04 | Mem:0.02M, Peak:0.02M | Scene, ViewLayer | Synchronizing object | Limestone paving.195
Fra:1 Mem:146.96M (Peak 146.96M) | Time:00:00.04 | Mem:0.02M, Peak:0.02M | Scene, ViewLayer | Synchronizing object | Limestone paving.196
Fra:1 Mem:146.96M (Peak 146.96M) | Time:00:00.04 | Mem:0.02M, Peak:0.02M | Scene, ViewLayer | Synchronizing object | Limestone paving.197
Fra:1 Mem:146.99M (Peak 146.99M) | Time:00:00.04 | Mem:0.02M, Peak:0.02M | Scene, ViewLayer | Synchronizing object | Limestone paving.198
Fra:1 Mem:147.01M (Peak 147.01M) | Time:00:00.04 | Mem:0.02M, Peak:0.02M | Scene, ViewLayer | Synchronizing object | Limestone paving.199
Fra:1 Mem:147.02M (Peak 147.02M) | Time:00:00.04 | Mem:0.02M, Peak:0.02M | Scene, ViewLayer | Synchronizing object | Limestone paving.201
Fra:1 Mem:147.04M (Peak 147.04M) | Time:00:00.04 | Mem:0.02M, Peak:0.02M | Scene, ViewLayer | Synchronizing object | Limestone paving.204
Fra:1 Mem:147.10M (Peak 147.10M) | Time:00:00.04 | Mem:0.02M, Peak:0.02M | Scene, ViewLayer | Synchronizing object | Limestone paving.207
Fra:1 Mem:147.07M (Peak 147.10M) | Time:00:00.04 | Mem:0.02M, Peak:0.02M | Scene, ViewLayer | Synchronizing object | Limestone paving.210
Fra:1 Mem:147.14M (Peak 147.14M) | Time:00:00.04 | Mem:0.02M, Peak:0.02M | Scene, ViewLayer | Synchronizing object | Limestone paving.211
Fra:1 Mem:147.16M (Peak 147.16M) | Time:00:00.04 | Mem:0.02M, Peak:0.02M | Scene, ViewLayer | Synchronizing object | Limestone paving.212
Fra:1 Mem:147.23M (Peak 147.23M) | Time:00:00.04 | Mem:0.02M, Peak:0.02M | Scene, ViewLayer | Synchronizing object | Limestone paving.213
Fra:1 Mem:147.22M (Peak 147.23M) | Time:00:00.04 | Mem:0.02M, Peak:0.02M | Scene, ViewLayer | Synchronizing object | Limestone paving.215
Fra:1 Mem:147.24M (Peak 147.24M) | Time:00:00.04 | Mem:0.02M, Peak:0.02M | Scene, ViewLayer | Synchronizing object | Limestone paving.216
Fra:1 Mem:147.29M (Peak 147.29M) | Time:00:00.04 | Mem:0.02M, Peak:0.02M | Scene, ViewLayer | Synchronizing object | Limestone paving.217
Fra:1 Mem:147.26M (Peak 147.29M) | Time:00:00.04 | Mem:0.02M, Peak:0.02M | Scene, ViewLayer | Synchronizing object | Limestone paving.219
Fra:1 Mem:147.30M (Peak 147.30M) | Time:00:00.04 | Mem:0.02M, Peak:0.02M | Scene, ViewLayer | Synchronizing object | Limestone paving.220
Fra:1 Mem:147.38M (Peak 147.38M) | Time:00:00.04 | Mem:0.02M, Peak:0.02M | Scene, ViewLayer | Synchronizing object | Limestone paving.221
Fra:1 Mem:147.44M (Peak 147.44M) | Time:00:00.04 | Mem:0.02M, Peak:0.02M | Scene, ViewLayer | Synchronizing object | Limestone paving.222
Fra:1 Mem:147.60M (Peak 147.60M) | Time:00:00.04 | Mem:0.02M, Peak:0.02M | Scene, ViewLayer | Synchronizing object | Limestone paving.223
Fra:1 Mem:147.78M (Peak 147.78M) | Time:00:00.04 | Mem:0.02M, Peak:0.02M | Scene, ViewLayer | Synchronizing object | Limestone paving.224
Fra:1 Mem:147.78M (Peak 147.78M) | Time:00:00.04 | Mem:0.02M, Peak:0.02M | Scene, ViewLayer | Synchronizing object | Limestone paving.225
Fra:1 Mem:147.78M (Peak 147.78M) | Time:00:00.04 | Mem:0.02M, Peak:0.02M | Scene, ViewLayer | Synchronizing object | Limestone paving.226
Fra:1 Mem:147.81M (Peak 147.81M) | Time:00:00.04 | Mem:0.02M, Peak:0.02M | Scene, ViewLayer | Synchronizing object | Limestone paving.228
Fra:1 Mem:147.83M (Peak 147.83M) | Time:00:00.04 | Mem:0.02M, Peak:0.02M | Scene, ViewLayer | Synchronizing object | Limestone paving.232
Fra:1 Mem:147.89M (Peak 147.89M) | Time:00:00.04 | Mem:0.02M, Peak:0.02M | Scene, ViewLayer | Synchronizing object | Limestone paving.234
Fra:1 Mem:147.90M (Peak 147.90M) | Time:00:00.04 | Mem:0.02M, Peak:0.02M | Scene, ViewLayer | Synchronizing object | Limestone paving.235
Fra:1 Mem:147.93M (Peak 147.93M) | Time:00:00.04 | Mem:0.02M, Peak:0.02M | Scene, ViewLayer | Synchronizing object | Limestone paving.236
Fra:1 Mem:147.99M (Peak 147.99M) | Time:00:00.04 | Mem:0.02M, Peak:0.02M | Scene, ViewLayer | Synchronizing object | Limestone paving.237
Fra:1 Mem:148.09M (Peak 148.09M) | Time:00:00.04 | Mem:0.02M, Peak:0.02M | Scene, ViewLayer | Synchronizing object | Limestone paving.238
Fra:1 Mem:148.04M (Peak 148.09M) | Time:00:00.04 | Mem:0.02M, Peak:0.02M | Scene, ViewLayer | Synchronizing object | West colonnade arch vault.001
Fra:1 Mem:148.04M (Peak 148.09M) | Time:00:00.04 | Mem:0.02M, Peak:0.02M | Scene, ViewLayer | Synchronizing object | Limestone paving.241
Fra:1 Mem:148.09M (Peak 148.09M) | Time:00:00.04 | Mem:0.02M, Peak:0.02M | Scene, ViewLayer | Synchronizing object | Limestone paving.243
Fra:1 Mem:148.08M (Peak 148.09M) | Time:00:00.04 | Mem:0.02M, Peak:0.02M | Scene, ViewLayer | Synchronizing object | Limestone paving.245
Fra:1 Mem:148.30M (Peak 148.30M) | Time:00:00.04 | Mem:0.02M, Peak:0.02M | Scene, ViewLayer | Synchronizing object | Limestone paving.247
Fra:1 Mem:148.34M (Peak 148.34M) | Time:00:00.04 | Mem:0.02M, Peak:0.02M | Scene, ViewLayer | Synchronizing object | Limestone paving.248
Fra:1 Mem:148.38M (Peak 148.38M) | Time:00:00.04 | Mem:0.02M, Peak:0.02M | Scene, ViewLayer | Synchronizing object | Limestone paving.249
Fra:1 Mem:148.39M (Peak 148.39M) | Time:00:00.04 | Mem:0.02M, Peak:0.02M | Scene, ViewLayer | Synchronizing object | Limestone paving.250
Fra:1 Mem:148.39M (Peak 148.39M) | Time:00:00.04 | Mem:0.02M, Peak:0.02M | Scene, ViewLayer | Synchronizing object | Limestone paving.251
Fra:1 Mem:148.44M (Peak 148.44M) | Time:00:00.04 | Mem:0.02M, Peak:0.02M | Scene, ViewLayer | Synchronizing object | Limestone paving.252
Fra:1 Mem:148.43M (Peak 148.44M) | Time:00:00.04 | Mem:0.02M, Peak:0.02M | Scene, ViewLayer | Synchronizing object | Limestone paving.253
Fra:1 Mem:148.44M (Peak 148.44M) | Time:00:00.04 | Mem:0.02M, Peak:0.02M | Scene, ViewLayer | Synchronizing object | Limestone paving.254
Fra:1 Mem:148.51M (Peak 148.51M) | Time:00:00.04 | Mem:0.02M, Peak:0.02M | Scene, ViewLayer | Synchronizing object | Limestone paving.255
Fra:1 Mem:148.56M (Peak 148.56M) | Time:00:00.04 | Mem:0.02M, Peak:0.02M | Scene, ViewLayer | Synchronizing object | Limestone paving.257
Fra:1 Mem:148.76M (Peak 148.76M) | Time:00:00.04 | Mem:0.02M, Peak:0.02M | Scene, ViewLayer | Synchronizing object | Limestone paving.258
Fra:1 Mem:148.61M (Peak 148.76M) | Time:00:00.04 | Mem:0.02M, Peak:0.02M | Scene, ViewLayer | Synchronizing object | West colonnade arch vault
Fra:1 Mem:148.73M (Peak 148.76M) | Time:00:00.04 | Mem:0.02M, Peak:0.02M | Scene, ViewLayer | Synchronizing object | Limestone paving.259
Fra:1 Mem:148.74M (Peak 148.76M) | Time:00:00.04 | Mem:0.02M, Peak:0.02M | Scene, ViewLayer | Synchronizing object | Limestone paving.260
Fra:1 Mem:148.76M (Peak 148.76M) | Time:00:00.04 | Mem:0.02M, Peak:0.02M | Scene, ViewLayer | Synchronizing object | Limestone paving.263
Fra:1 Mem:148.90M (Peak 148.90M) | Time:00:00.04 | Mem:0.02M, Peak:0.02M | Scene, ViewLayer | Synchronizing object | Limestone paving.264
Fra:1 Mem:148.91M (Peak 148.91M) | Time:00:00.04 | Mem:0.02M, Peak:0.02M | Scene, ViewLayer | Synchronizing object | Limestone paving.265
Fra:1 Mem:148.93M (Peak 148.93M) | Time:00:00.04 | Mem:0.02M, Peak:0.02M | Scene, ViewLayer | Synchronizing object | Limestone paving.267
Fra:1 Mem:148.95M (Peak 148.95M) | Time:00:00.04 | Mem:0.02M, Peak:0.02M | Scene, ViewLayer | Synchronizing object | Limestone paving.268
Fra:1 Mem:148.97M (Peak 148.97M) | Time:00:00.04 | Mem:0.02M, Peak:0.02M | Scene, ViewLayer | Synchronizing object | Limestone paving.269
Fra:1 Mem:149.19M (Peak 149.19M) | Time:00:00.04 | Mem:0.02M, Peak:0.02M | Scene, ViewLayer | Synchronizing object | Limestone paving.270
Fra:1 Mem:149.07M (Peak 149.19M) | Time:00:00.04 | Mem:0.02M, Peak:0.02M | Scene, ViewLayer | Synchronizing object | Limestone paving.271
Fra:1 Mem:149.13M (Peak 149.19M) | Time:00:00.04 | Mem:0.02M, Peak:0.02M | Scene, ViewLayer | Synchronizing object | Limestone paving.272
Fra:1 Mem:149.20M (Peak 149.20M) | Time:00:00.04 | Mem:0.02M, Peak:0.02M | Scene, ViewLayer | Synchronizing object | Limestone paving.273
Fra:1 Mem:149.21M (Peak 149.21M) | Time:00:00.04 | Mem:0.02M, Peak:0.02M | Scene, ViewLayer | Synchronizing object | Limestone paving.274
Fra:1 Mem:149.23M (Peak 149.23M) | Time:00:00.04 | Mem:0.02M, Peak:0.02M | Scene, ViewLayer | Synchronizing object | Limestone paving.276
Fra:1 Mem:149.30M (Peak 149.30M) | Time:00:00.04 | Mem:0.02M, Peak:0.02M | Scene, ViewLayer | Synchronizing object | Limestone paving.278
Fra:1 Mem:149.30M (Peak 149.30M) | Time:00:00.04 | Mem:0.02M, Peak:0.02M | Scene, ViewLayer | Synchronizing object | Limestone paving.279
Fra:1 Mem:149.47M (Peak 149.47M) | Time:00:00.04 | Mem:0.02M, Peak:0.02M | Scene, ViewLayer | Synchronizing object | Limestone paving.281
Fra:1 Mem:149.36M (Peak 149.47M) | Time:00:00.04 | Mem:0.02M, Peak:0.02M | Scene, ViewLayer | Synchronizing object | Limestone paving.282
Fra:1 Mem:149.40M (Peak 149.47M) | Time:00:00.04 | Mem:0.02M, Peak:0.02M | Scene, ViewLayer | Synchronizing object | Limestone paving.285
Fra:1 Mem:149.39M (Peak 149.47M) | Time:00:00.04 | Mem:0.02M, Peak:0.02M | Scene, ViewLayer | Synchronizing object | Limestone paving.287
Fra:1 Mem:149.51M (Peak 149.51M) | Time:00:00.04 | Mem:0.02M, Peak:0.02M | Scene, ViewLayer | Synchronizing object | Limestone paving.288
Fra:1 Mem:149.47M (Peak 149.51M) | Time:00:00.04 | Mem:0.02M, Peak:0.02M | Scene, ViewLayer | Synchronizing object | Limestone paving.290
Fra:1 Mem:149.52M (Peak 149.52M) | Time:00:00.04 | Mem:0.02M, Peak:0.02M | Scene, ViewLayer | Synchronizing object | Limestone paving.292
Fra:1 Mem:149.52M (Peak 149.52M) | Time:00:00.04 | Mem:0.02M, Peak:0.02M | Scene, ViewLayer | Synchronizing object | Limestone paving.293
Fra:1 Mem:149.57M (Peak 149.59M) | Time:00:00.04 | Mem:0.02M, Peak:0.02M | Scene, ViewLayer | Synchronizing object | Limestone paving.294
Fra:1 Mem:149.58M (Peak 149.59M) | Time:00:00.04 | Mem:0.02M, Peak:0.02M | Scene, ViewLayer | Synchronizing object | Limestone paving.296
Fra:1 Mem:149.60M (Peak 149.60M) | Time:00:00.04 | Mem:0.02M, Peak:0.02M | Scene, ViewLayer | Synchronizing object | Limestone paving.297
Fra:1 Mem:149.78M (Peak 149.78M) | Time:00:00.04 | Mem:0.02M, Peak:0.02M | Scene, ViewLayer | Synchronizing object | Limestone paving.298
Fra:1 Mem:149.93M (Peak 149.93M) | Time:00:00.04 | Mem:0.02M, Peak:0.02M | Scene, ViewLayer | Synchronizing object | Limestone paving.299
Fra:1 Mem:149.82M (Peak 149.93M) | Time:00:00.04 | Mem:0.02M, Peak:0.02M | Scene, ViewLayer | Synchronizing object | Limestone paving.300
Fra:1 Mem:149.92M (Peak 149.93M) | Time:00:00.04 | Mem:0.02M, Peak:0.02M | Scene, ViewLayer | Synchronizing object | Limestone paving.301
Fra:1 Mem:149.92M (Peak 149.93M) | Time:00:00.04 | Mem:0.02M, Peak:0.02M | Scene, ViewLayer | Synchronizing object | Limestone paving.302
Fra:1 Mem:150.03M (Peak 150.03M) | Time:00:00.04 | Mem:0.02M, Peak:0.02M | Scene, ViewLayer | Synchronizing object | Limestone paving.304
Fra:1 Mem:150.00M (Peak 150.03M) | Time:00:00.04 | Mem:0.02M, Peak:0.02M | Scene, ViewLayer | Synchronizing object | Limestone paving.303
Fra:1 Mem:150.14M (Peak 150.14M) | Time:00:00.04 | Mem:0.02M, Peak:0.02M | Scene, ViewLayer | Synchronizing object | Limestone paving.307
Fra:1 Mem:150.21M (Peak 150.21M) | Time:00:00.04 | Mem:0.02M, Peak:0.02M | Scene, ViewLayer | Synchronizing object | Limestone paving.308
Fra:1 Mem:150.22M (Peak 150.22M) | Time:00:00.04 | Mem:0.02M, Peak:0.02M | Scene, ViewLayer | Synchronizing object | North colonnade arch vault.004
Fra:1 Mem:150.23M (Peak 150.23M) | Time:00:00.04 | Mem:0.02M, Peak:0.02M | Scene, ViewLayer | Synchronizing object | Limestone paving.309
Fra:1 Mem:150.32M (Peak 150.32M) | Time:00:00.04 | Mem:0.02M, Peak:0.02M | Scene, ViewLayer | Synchronizing object | Limestone paving.310
Fra:1 Mem:150.31M (Peak 150.32M) | Time:00:00.04 | Mem:0.02M, Peak:0.02M | Scene, ViewLayer | Synchronizing object | Limestone paving.312
Fra:1 Mem:150.32M (Peak 150.32M) | Time:00:00.04 | Mem:0.02M, Peak:0.02M | Scene, ViewLayer | Synchronizing object | Limestone paving.314
Fra:1 Mem:150.50M (Peak 150.50M) | Time:00:00.04 | Mem:0.02M, Peak:0.02M | Scene, ViewLayer | Synchronizing object | Limestone paving.315
Fra:1 Mem:150.55M (Peak 150.55M) | Time:00:00.04 | Mem:0.02M, Peak:0.02M | Scene, ViewLayer | Synchronizing object | Limestone paving.316
Fra:1 Mem:150.56M (Peak 150.56M) | Time:00:00.04 | Mem:0.02M, Peak:0.02M | Scene, ViewLayer | Synchronizing object | Limestone paving.317
Fra:1 Mem:150.72M (Peak 150.72M) | Time:00:00.04 | Mem:0.02M, Peak:0.02M | Scene, ViewLayer | Synchronizing object | Limestone paving.318
Fra:1 Mem:150.63M (Peak 150.72M) | Time:00:00.04 | Mem:0.02M, Peak:0.02M | Scene, ViewLayer | Synchronizing object | Limestone paving.319
Fra:1 Mem:150.65M (Peak 150.72M) | Time:00:00.04 | Mem:0.02M, Peak:0.02M | Scene, ViewLayer | Synchronizing object | Limestone paving.320
Fra:1 Mem:150.70M (Peak 150.72M) | Time:00:00.04 | Mem:0.02M, Peak:0.02M | Scene, ViewLayer | Synchronizing object | Limestone paving.322
Fra:1 Mem:150.68M (Peak 150.72M) | Time:00:00.04 | Mem:0.02M, Peak:0.02M | Scene, ViewLayer | Synchronizing object | Limestone paving.323
Fra:1 Mem:150.71M (Peak 150.72M) | Time:00:00.04 | Mem:0.02M, Peak:0.02M | Scene, ViewLayer | Synchronizing object | Limestone paving.328
Fra:1 Mem:150.70M (Peak 150.72M) | Time:00:00.04 | Mem:0.02M, Peak:0.02M | Scene, ViewLayer | Synchronizing object | Limestone paving.332
Fra:1 Mem:150.73M (Peak 150.73M) | Time:00:00.04 | Mem:0.02M, Peak:0.02M | Scene, ViewLayer | Synchronizing object | Limestone paving.333
Fra:1 Mem:150.89M (Peak 150.89M) | Time:00:00.04 | Mem:0.02M, Peak:0.02M | Scene, ViewLayer | Synchronizing object | Limestone paving.334
Fra:1 Mem:150.86M (Peak 150.89M) | Time:00:00.04 | Mem:0.02M, Peak:0.02M | Scene, ViewLayer | Synchronizing object | North colonnade arch vault.003
Fra:1 Mem:150.90M (Peak 150.90M) | Time:00:00.04 | Mem:0.02M, Peak:0.02M | Scene, ViewLayer | Synchronizing object | Limestone paving.335
Fra:1 Mem:151.07M (Peak 151.07M) | Time:00:00.04 | Mem:0.02M, Peak:0.02M | Scene, ViewLayer | Synchronizing object | Limestone paving.336
Fra:1 Mem:151.06M (Peak 151.07M) | Time:00:00.04 | Mem:0.02M, Peak:0.02M | Scene, ViewLayer | Synchronizing object | Limestone paving.337
Fra:1 Mem:151.12M (Peak 151.12M) | Time:00:00.04 | Mem:0.02M, Peak:0.02M | Scene, ViewLayer | Synchronizing object | Limestone paving.338
Fra:1 Mem:151.17M (Peak 151.17M) | Time:00:00.04 | Mem:0.02M, Peak:0.02M | Scene, ViewLayer | Synchronizing object | Limestone paving.339
Fra:1 Mem:151.26M (Peak 151.25M) | Time:00:00.04 | Mem:0.02M, Peak:0.02M | Scene, ViewLayer | Synchronizing object | Limestone paving.340
Fra:1 Mem:151.26M (Peak 151.26M) | Time:00:00.04 | Mem:0.02M, Peak:0.02M | Scene, ViewLayer | Synchronizing object | Limestone paving.341
Fra:1 Mem:151.35M (Peak 151.35M) | Time:00:00.04 | Mem:0.02M, Peak:0.02M | Scene, ViewLayer | Synchronizing object | Limestone paving.342
Fra:1 Mem:151.39M (Peak 151.39M) | Time:00:00.04 | Mem:0.02M, Peak:0.02M | Scene, ViewLayer | Synchronizing object | Limestone paving.343
Fra:1 Mem:151.49M (Peak 151.49M) | Time:00:00.04 | Mem:0.02M, Peak:0.02M | Scene, ViewLayer | Synchronizing object | Limestone paving.344
Fra:1 Mem:151.47M (Peak 151.49M) | Time:00:00.04 | Mem:0.02M, Peak:0.02M | Scene, ViewLayer | Synchronizing object | Limestone paving.345
Fra:1 Mem:151.49M (Peak 151.49M) | Time:00:00.04 | Mem:0.02M, Peak:0.02M | Scene, ViewLayer | Synchronizing object | Limestone paving.347
Fra:1 Mem:151.53M (Peak 151.53M) | Time:00:00.04 | Mem:0.02M, Peak:0.02M | Scene, ViewLayer | Synchronizing object | Limestone paving.350
Fra:1 Mem:151.58M (Peak 151.58M) | Time:00:00.04 | Mem:0.02M, Peak:0.02M | Scene, ViewLayer | Synchronizing object | Limestone paving.351
Fra:1 Mem:151.61M (Peak 151.61M) | Time:00:00.04 | Mem:0.02M, Peak:0.02M | Scene, ViewLayer | Synchronizing object | Limestone paving.353
Fra:1 Mem:151.76M (Peak 151.76M) | Time:00:00.04 | Mem:0.02M, Peak:0.02M | Scene, ViewLayer | Synchronizing object | Limestone paving.355
Fra:1 Mem:151.72M (Peak 151.76M) | Time:00:00.04 | Mem:0.02M, Peak:0.02M | Scene, ViewLayer | Synchronizing object | Limestone paving.356
Fra:1 Mem:151.64M (Peak 151.76M) | Time:00:00.04 | Mem:0.02M, Peak:0.02M | Scene, ViewLayer | Synchronizing object | Limestone paving.358
Fra:1 Mem:151.65M (Peak 151.76M) | Time:00:00.04 | Mem:0.02M, Peak:0.02M | Scene, ViewLayer | Synchronizing object | North colonnade arch vault.002
Fra:1 Mem:151.63M (Peak 151.76M) | Time:00:00.04 | Mem:0.02M, Peak:0.02M | Scene, ViewLayer | Synchronizing object | Limestone paving.361
Fra:1 Mem:151.68M (Peak 151.76M) | Time:00:00.04 | Mem:0.02M, Peak:0.02M | Scene, ViewLayer | Synchronizing object | Limestone paving.364
Fra:1 Mem:151.84M (Peak 151.84M) | Time:00:00.04 | Mem:0.02M, Peak:0.02M | Scene, ViewLayer | Synchronizing object | Limestone paving.365
Fra:1 Mem:151.90M (Peak 151.90M) | Time:00:00.04 | Mem:0.02M, Peak:0.02M | Scene, ViewLayer | Synchronizing object | Limestone paving.366
Fra:1 Mem:152.00M (Peak 152.00M) | Time:00:00.04 | Mem:0.02M, Peak:0.02M | Scene, ViewLayer | Synchronizing object | Limestone paving.367
Fra:1 Mem:151.96M (Peak 152.00M) | Time:00:00.04 | Mem:0.02M, Peak:0.02M | Scene, ViewLayer | Synchronizing object | Limestone paving.368
Fra:1 Mem:152.00M (Peak 152.00M) | Time:00:00.04 | Mem:0.02M, Peak:0.02M | Scene, ViewLayer | Synchronizing object | Limestone paving.370
Fra:1 Mem:151.99M (Peak 152.00M) | Time:00:00.04 | Mem:0.02M, Peak:0.02M | Scene, ViewLayer | Synchronizing object | Limestone paving.371
Fra:1 Mem:152.03M (Peak 152.03M) | Time:00:00.04 | Mem:0.02M, Peak:0.02M | Scene, ViewLayer | Synchronizing object | Limestone paving.372
Fra:1 Mem:152.07M (Peak 152.07M) | Time:00:00.04 | Mem:0.02M, Peak:0.02M | Scene, ViewLayer | Synchronizing object | Limestone paving.373
Fra:1 Mem:152.08M (Peak 152.08M) | Time:00:00.04 | Mem:0.02M, Peak:0.02M | Scene, ViewLayer | Synchronizing object | Limestone paving.374
Fra:1 Mem:152.14M (Peak 152.14M) | Time:00:00.04 | Mem:0.02M, Peak:0.02M | Scene, ViewLayer | Synchronizing object | Limestone paving.375
Fra:1 Mem:152.24M (Peak 152.24M) | Time:00:00.04 | Mem:0.02M, Peak:0.02M | Scene, ViewLayer | Synchronizing object | Limestone paving.376
Fra:1 Mem:152.22M (Peak 152.24M) | Time:00:00.04 | Mem:0.02M, Peak:0.02M | Scene, ViewLayer | Synchronizing object | Limestone paving.377
Fra:1 Mem:152.31M (Peak 152.31M) | Time:00:00.04 | Mem:0.02M, Peak:0.02M | Scene, ViewLayer | Synchronizing object | Limestone paving.378
Fra:1 Mem:152.35M (Peak 152.35M) | Time:00:00.04 | Mem:0.02M, Peak:0.02M | Scene, ViewLayer | Synchronizing object | Limestone paving.379
Fra:1 Mem:152.40M (Peak 152.40M) | Time:00:00.04 | Mem:0.02M, Peak:0.02M | Scene, ViewLayer | Synchronizing object | Limestone paving.381
Fra:1 Mem:152.42M (Peak 152.42M) | Time:00:00.04 | Mem:0.02M, Peak:0.02M | Scene, ViewLayer | Synchronizing object | Limestone paving.382
Fra:1 Mem:152.42M (Peak 152.42M) | Time:00:00.04 | Mem:0.02M, Peak:0.02M | Scene, ViewLayer | Synchronizing object | Limestone paving.383
Fra:1 Mem:152.46M (Peak 152.46M) | Time:00:00.04 | Mem:0.02M, Peak:0.02M | Scene, ViewLayer | Synchronizing object | Limestone paving.384
Fra:1 Mem:152.46M (Peak 152.46M) | Time:00:00.04 | Mem:0.02M, Peak:0.02M | Scene, ViewLayer | Synchronizing object | Limestone paving.386
Fra:1 Mem:152.50M (Peak 152.50M) | Time:00:00.04 | Mem:0.02M, Peak:0.02M | Scene, ViewLayer | Synchronizing object | Limestone paving.389
Fra:1 Mem:152.51M (Peak 152.51M) | Time:00:00.04 | Mem:0.02M, Peak:0.02M | Scene, ViewLayer | Synchronizing object | Limestone paving.391
Fra:1 Mem:152.53M (Peak 152.53M) | Time:00:00.04 | Mem:0.02M, Peak:0.02M | Scene, ViewLayer | Synchronizing object | Limestone paving.392
Fra:1 Mem:152.60M (Peak 152.60M) | Time:00:00.04 | Mem:0.02M, Peak:0.02M | Scene, ViewLayer | Synchronizing object | Limestone paving.393
Fra:1 Mem:152.71M (Peak 152.71M) | Time:00:00.04 | Mem:0.02M, Peak:0.02M | Scene, ViewLayer | Synchronizing object | Limestone paving.394
Fra:1 Mem:152.73M (Peak 152.73M) | Time:00:00.04 | Mem:0.02M, Peak:0.02M | Scene, ViewLayer | Synchronizing object | Limestone paving.395
Fra:1 Mem:152.76M (Peak 152.76M) | Time:00:00.04 | Mem:0.02M, Peak:0.02M | Scene, ViewLayer | Synchronizing object | Limestone paving.397
Fra:1 Mem:152.80M (Peak 152.80M) | Time:00:00.04 | Mem:0.02M, Peak:0.02M | Scene, ViewLayer | Synchronizing object | Limestone paving.398
Fra:1 Mem:153.02M (Peak 153.02M) | Time:00:00.04 | Mem:0.02M, Peak:0.02M | Scene, ViewLayer | Synchronizing object | Limestone paving.399
Fra:1 Mem:153.05M (Peak 153.05M) | Time:00:00.04 | Mem:0.02M, Peak:0.02M | Scene, ViewLayer | Synchronizing object | Limestone paving.401
Fra:1 Mem:152.85M (Peak 153.05M) | Time:00:00.04 | Mem:0.02M, Peak:0.02M | Scene, ViewLayer | Synchronizing object | Limestone paving.402
Fra:1 Mem:153.00M (Peak 153.05M) | Time:00:00.04 | Mem:0.02M, Peak:0.02M | Scene, ViewLayer | Synchronizing object | Limestone paving.403
Fra:1 Mem:153.03M (Peak 153.05M) | Time:00:00.04 | Mem:0.02M, Peak:0.02M | Scene, ViewLayer | Synchronizing object | Limestone paving.404
Fra:1 Mem:153.07M (Peak 153.07M) | Time:00:00.04 | Mem:0.02M, Peak:0.02M | Scene, ViewLayer | Synchronizing object | Limestone paving.406
Fra:1 Mem:153.05M (Peak 153.07M) | Time:00:00.04 | Mem:0.02M, Peak:0.02M | Scene, ViewLayer | Synchronizing object | Limestone paving.407
Fra:1 Mem:153.11M (Peak 153.11M) | Time:00:00.04 | Mem:0.02M, Peak:0.02M | Scene, ViewLayer | Synchronizing object | Limestone paving.410
Fra:1 Mem:153.14M (Peak 153.14M) | Time:00:00.04 | Mem:0.02M, Peak:0.02M | Scene, ViewLayer | Synchronizing object | Limestone paving.413
Fra:1 Mem:153.16M (Peak 153.16M) | Time:00:00.04 | Mem:0.02M, Peak:0.02M | Scene, ViewLayer | Synchronizing object | Limestone paving.414
Fra:1 Mem:153.15M (Peak 153.16M) | Time:00:00.04 | Mem:0.02M, Peak:0.02M | Scene, ViewLayer | Synchronizing object | Limestone paving.415
Fra:1 Mem:153.14M (Peak 153.16M) | Time:00:00.04 | Mem:0.02M, Peak:0.02M | Scene, ViewLayer | Synchronizing object | Limestone paving.417
Fra:1 Mem:153.20M (Peak 153.20M) | Time:00:00.04 | Mem:0.02M, Peak:0.02M | Scene, ViewLayer | Synchronizing object | Limestone paving.418
Fra:1 Mem:153.26M (Peak 153.26M) | Time:00:00.04 | Mem:0.02M, Peak:0.02M | Scene, ViewLayer | Synchronizing object | North colonnade arch vault
Fra:1 Mem:153.30M (Peak 153.30M) | Time:00:00.04 | Mem:0.02M, Peak:0.02M | Scene, ViewLayer | Synchronizing object | Limestone paving.419
Fra:1 Mem:153.30M (Peak 153.30M) | Time:00:00.04 | Mem:0.02M, Peak:0.02M | Scene, ViewLayer | Synchronizing object | Limestone paving.420
Fra:1 Mem:153.38M (Peak 153.38M) | Time:00:00.04 | Mem:0.02M, Peak:0.02M | Scene, ViewLayer | Synchronizing object | Limestone paving.421
Fra:1 Mem:153.40M (Peak 153.40M) | Time:00:00.04 | Mem:0.02M, Peak:0.02M | Scene, ViewLayer | Synchronizing object | Limestone paving.423
Fra:1 Mem:153.45M (Peak 153.45M) | Time:00:00.04 | Mem:0.02M, Peak:0.02M | Scene, ViewLayer | Synchronizing object | Limestone paving.425
Fra:1 Mem:153.41M (Peak 153.45M) | Time:00:00.04 | Mem:0.02M, Peak:0.02M | Scene, ViewLayer | Synchronizing object | Limestone paving.428
Fra:1 Mem:153.44M (Peak 153.45M) | Time:00:00.04 | Mem:0.02M, Peak:0.02M | Scene, ViewLayer | Synchronizing object | Limestone paving.429
Fra:1 Mem:153.51M (Peak 153.51M) | Time:00:00.04 | Mem:0.02M, Peak:0.02M | Scene, ViewLayer | Synchronizing object | Limestone paving.430
Fra:1 Mem:153.65M (Peak 153.65M) | Time:00:00.04 | Mem:0.02M, Peak:0.02M | Scene, ViewLayer | Synchronizing object | Limestone paving.431
Fra:1 Mem:153.83M (Peak 153.83M) | Time:00:00.04 | Mem:0.02M, Peak:0.02M | Scene, ViewLayer | Synchronizing object | Limestone paving.432
Fra:1 Mem:153.99M (Peak 153.99M) | Time:00:00.04 | Mem:0.02M, Peak:0.02M | Scene, ViewLayer | Synchronizing object | Limestone paving.433
Fra:1 Mem:153.90M (Peak 153.99M) | Time:00:00.04 | Mem:0.02M, Peak:0.02M | Scene, ViewLayer | Synchronizing object | Limestone paving.436
Fra:1 Mem:153.97M (Peak 153.99M) | Time:00:00.04 | Mem:0.02M, Peak:0.02M | Scene, ViewLayer | Synchronizing object | Limestone paving.439
Fra:1 Mem:153.97M (Peak 153.99M) | Time:00:00.04 | Mem:0.02M, Peak:0.02M | Scene, ViewLayer | Synchronizing object | Limestone paving.440
Fra:1 Mem:154.01M (Peak 154.01M) | Time:00:00.04 | Mem:0.02M, Peak:0.02M | Scene, ViewLayer | Synchronizing object | Limestone paving.441
Fra:1 Mem:154.07M (Peak 154.07M) | Time:00:00.04 | Mem:0.02M, Peak:0.02M | Scene, ViewLayer | Synchronizing object | Limestone paving.442
Fra:1 Mem:154.09M (Peak 154.09M) | Time:00:00.04 | Mem:0.02M, Peak:0.02M | Scene, ViewLayer | Synchronizing object | Limestone paving.443
Fra:1 Mem:154.13M (Peak 154.13M) | Time:00:00.04 | Mem:0.02M, Peak:0.02M | Scene, ViewLayer | Synchronizing object | Limestone paving.445
Fra:1 Mem:154.13M (Peak 154.13M) | Time:00:00.04 | Mem:0.02M, Peak:0.02M | Scene, ViewLayer | Synchronizing object | Limestone paving.446
Fra:1 Mem:154.27M (Peak 154.27M) | Time:00:00.04 | Mem:0.02M, Peak:0.02M | Scene, ViewLayer | Synchronizing object | Limestone paving.447
Fra:1 Mem:154.25M (Peak 154.27M) | Time:00:00.04 | Mem:0.02M, Peak:0.02M | Scene, ViewLayer | Synchronizing object | Limestone paving.448
Fra:1 Mem:154.30M (Peak 154.30M) | Time:00:00.04 | Mem:0.02M, Peak:0.02M | Scene, ViewLayer | Synchronizing object | Limestone paving.450
Fra:1 Mem:154.40M (Peak 154.40M) | Time:00:00.04 | Mem:0.02M, Peak:0.02M | Scene, ViewLayer | Synchronizing object | Limestone paving.452
Fra:1 Mem:154.31M (Peak 154.40M) | Time:00:00.04 | Mem:0.02M, Peak:0.02M | Scene, ViewLayer | Synchronizing object | Limestone paving.456
Fra:1 Mem:154.29M (Peak 154.40M) | Time:00:00.04 | Mem:0.02M, Peak:0.02M | Scene, ViewLayer | Synchronizing object | Limestone paving.458
Fra:1 Mem:154.29M (Peak 154.40M) | Time:00:00.04 | Mem:0.02M, Peak:0.02M | Scene, ViewLayer | Synchronizing object | Limestone paving.459
Fra:1 Mem:154.36M (Peak 154.40M) | Time:00:00.04 | Mem:0.02M, Peak:0.02M | Scene, ViewLayer | Synchronizing object | Limestone paving.460
Fra:1 Mem:154.39M (Peak 154.40M) | Time:00:00.04 | Mem:0.02M, Peak:0.02M | Scene, ViewLayer | Synchronizing object | Limestone paving.461
Fra:1 Mem:154.38M (Peak 154.40M) | Time:00:00.04 | Mem:0.02M, Peak:0.02M | Scene, ViewLayer | Synchronizing object | Limestone paving.462
Fra:1 Mem:154.39M (Peak 154.40M) | Time:00:00.04 | Mem:0.02M, Peak:0.02M | Scene, ViewLayer | Synchronizing object | Limestone paving.463
Fra:1 Mem:154.47M (Peak 154.47M) | Time:00:00.04 | Mem:0.02M, Peak:0.02M | Scene, ViewLayer | Synchronizing object | Limestone paving.464
Fra:1 Mem:154.54M (Peak 154.54M) | Time:00:00.04 | Mem:0.02M, Peak:0.02M | Scene, ViewLayer | Synchronizing object | Limestone paving.465
Fra:1 Mem:154.66M (Peak 154.66M) | Time:00:00.04 | Mem:0.02M, Peak:0.02M | Scene, ViewLayer | Synchronizing object | Limestone paving.466
Fra:1 Mem:154.73M (Peak 154.73M) | Time:00:00.04 | Mem:0.02M, Peak:0.02M | Scene, ViewLayer | Synchronizing object | Limestone paving.467
Fra:1 Mem:154.67M (Peak 154.73M) | Time:00:00.04 | Mem:0.02M, Peak:0.02M | Scene, ViewLayer | Synchronizing object | Limestone paving.468
Fra:1 Mem:154.69M (Peak 154.73M) | Time:00:00.04 | Mem:0.02M, Peak:0.02M | Scene, ViewLayer | Synchronizing object | Limestone paving.472
Fra:1 Mem:154.69M (Peak 154.73M) | Time:00:00.04 | Mem:0.02M, Peak:0.02M | Scene, ViewLayer | Synchronizing object | Limestone paving.473
Fra:1 Mem:154.79M (Peak 154.79M) | Time:00:00.04 | Mem:0.02M, Peak:0.02M | Scene, ViewLayer | Synchronizing object | Limestone paving.474
Fra:1 Mem:154.88M (Peak 154.88M) | Time:00:00.04 | Mem:0.02M, Peak:0.02M | Scene, ViewLayer | Synchronizing object | Limestone paving.475
Fra:1 Mem:154.86M (Peak 154.88M) | Time:00:00.04 | Mem:0.02M, Peak:0.02M | Scene, ViewLayer | Synchronizing object | Continuous stair soffit.002
Fra:1 Mem:154.92M (Peak 154.92M) | Time:00:00.04 | Mem:0.02M, Peak:0.02M | Scene, ViewLayer | Synchronizing object | Limestone paving.476
Fra:1 Mem:154.94M (Peak 154.94M) | Time:00:00.04 | Mem:0.02M, Peak:0.02M | Scene, ViewLayer | Synchronizing object | Limestone paving.478
Fra:1 Mem:154.96M (Peak 154.96M) | Time:00:00.04 | Mem:0.02M, Peak:0.02M | Scene, ViewLayer | Synchronizing object | Limestone paving.479
Fra:1 Mem:155.02M (Peak 155.02M) | Time:00:00.04 | Mem:0.02M, Peak:0.02M | Scene, ViewLayer | Synchronizing object | Limestone paving.481
Fra:1 Mem:155.00M (Peak 155.02M) | Time:00:00.04 | Mem:0.02M, Peak:0.02M | Scene, ViewLayer | Synchronizing object | Continuous stair soffit.001
Fra:1 Mem:155.01M (Peak 155.02M) | Time:00:00.04 | Mem:0.02M, Peak:0.02M | Scene, ViewLayer | Synchronizing object | Limestone paving.485
Fra:1 Mem:155.05M (Peak 155.05M) | Time:00:00.04 | Mem:0.02M, Peak:0.02M | Scene, ViewLayer | Synchronizing object | Limestone paving.486
Fra:1 Mem:155.10M (Peak 155.10M) | Time:00:00.04 | Mem:0.02M, Peak:0.02M | Scene, ViewLayer | Synchronizing object | Limestone paving.487
Fra:1 Mem:155.13M (Peak 155.13M) | Time:00:00.04 | Mem:0.02M, Peak:0.02M | Scene, ViewLayer | Synchronizing object | Continuous stair soffit
Fra:1 Mem:155.17M (Peak 155.17M) | Time:00:00.04 | Mem:0.02M, Peak:0.02M | Scene, ViewLayer | Synchronizing object | Limestone paving.488
Fra:1 Mem:155.20M (Peak 155.20M) | Time:00:00.04 | Mem:0.02M, Peak:0.02M | Scene, ViewLayer | Synchronizing object | Limestone paving.489
Fra:1 Mem:155.22M (Peak 155.22M) | Time:00:00.04 | Mem:0.02M, Peak:0.02M | Scene, ViewLayer | Synchronizing object | Pool bed
Fra:1 Mem:155.23M (Peak 155.23M) | Time:00:00.04 | Mem:0.02M, Peak:0.02M | Scene, ViewLayer | Synchronizing object | Pool side
Fra:1 Mem:155.29M (Peak 155.29M) | Time:00:00.04 | Mem:0.02M, Peak:0.02M | Scene, ViewLayer | Synchronizing object | Pool side.001
Fra:1 Mem:155.26M (Peak 155.29M) | Time:00:00.04 | Mem:0.02M, Peak:0.02M | Scene, ViewLayer | Synchronizing object | Reflecting water
Fra:1 Mem:155.30M (Peak 155.30M) | Time:00:00.04 | Mem:0.02M, Peak:0.02M | Scene, ViewLayer | Synchronizing object | North colonnade pier
Fra:1 Mem:155.32M (Peak 155.32M) | Time:00:00.04 | Mem:0.02M, Peak:0.02M | Scene, ViewLayer | Synchronizing object | North colonnade stone base
Fra:1 Mem:155.40M (Peak 155.40M) | Time:00:00.04 | Mem:0.02M, Peak:0.02M | Scene, ViewLayer | Synchronizing object | North colonnade pier.001
Fra:1 Mem:155.39M (Peak 155.40M) | Time:00:00.04 | Mem:0.02M, Peak:0.02M | Scene, ViewLayer | Synchronizing object | North colonnade stone base.001
Fra:1 Mem:155.37M (Peak 155.40M) | Time:00:00.04 | Mem:0.02M, Peak:0.02M | Scene, ViewLayer | Synchronizing object | North colonnade cornice
Fra:1 Mem:155.40M (Peak 155.40M) | Time:00:00.04 | Mem:0.02M, Peak:0.02M | Scene, ViewLayer | Synchronizing object | North colonnade pier.002
Fra:1 Mem:155.42M (Peak 155.42M) | Time:00:00.04 | Mem:0.02M, Peak:0.02M | Scene, ViewLayer | Synchronizing object | North colonnade stone base.002
Fra:1 Mem:155.54M (Peak 155.54M) | Time:00:00.04 | Mem:0.02M, Peak:0.02M | Scene, ViewLayer | Synchronizing object | North colonnade pier.003
Fra:1 Mem:155.57M (Peak 155.57M) | Time:00:00.04 | Mem:0.02M, Peak:0.02M | Scene, ViewLayer | Synchronizing object | North colonnade cornice.001
Fra:1 Mem:155.58M (Peak 155.58M) | Time:00:00.04 | Mem:0.02M, Peak:0.02M | Scene, ViewLayer | Synchronizing object | North colonnade pier.004
Fra:1 Mem:155.59M (Peak 155.59M) | Time:00:00.04 | Mem:0.02M, Peak:0.02M | Scene, ViewLayer | Synchronizing object | North colonnade pier.005
Fra:1 Mem:155.68M (Peak 155.68M) | Time:00:00.04 | Mem:0.02M, Peak:0.02M | Scene, ViewLayer | Synchronizing object | North colonnade cornice.002
Fra:1 Mem:155.70M (Peak 155.70M) | Time:00:00.04 | Mem:0.02M, Peak:0.02M | Scene, ViewLayer | Synchronizing object | North colonnade stone base.006
Fra:1 Mem:155.72M (Peak 155.72M) | Time:00:00.04 | Mem:0.02M, Peak:0.02M | Scene, ViewLayer | Synchronizing object | North colonnade pier.007
Fra:1 Mem:155.74M (Peak 155.74M) | Time:00:00.04 | Mem:0.02M, Peak:0.02M | Scene, ViewLayer | Synchronizing object | North colonnade cornice.003
Fra:1 Mem:155.77M (Peak 155.77M) | Time:00:00.04 | Mem:0.02M, Peak:0.02M | Scene, ViewLayer | Synchronizing object | North colonnade pier.009
Fra:1 Mem:155.80M (Peak 155.80M) | Time:00:00.04 | Mem:0.02M, Peak:0.02M | Scene, ViewLayer | Synchronizing object | North colonnade stone base.009
Fra:1 Mem:155.85M (Peak 155.85M) | Time:00:00.04 | Mem:0.02M, Peak:0.02M | Scene, ViewLayer | Synchronizing object | North colonnade cornice.004
Fra:1 Mem:155.88M (Peak 155.88M) | Time:00:00.04 | Mem:0.02M, Peak:0.02M | Scene, ViewLayer | Synchronizing object | North colonnade pier.010
Fra:1 Mem:155.91M (Peak 155.91M) | Time:00:00.04 | Mem:0.02M, Peak:0.02M | Scene, ViewLayer | Synchronizing object | North colonnade stone base.010
Fra:1 Mem:155.98M (Peak 155.98M) | Time:00:00.04 | Mem:0.02M, Peak:0.02M | Scene, ViewLayer | Synchronizing object | North colonnade pier.011
Fra:1 Mem:156.02M (Peak 156.02M) | Time:00:00.04 | Mem:0.02M, Peak:0.02M | Scene, ViewLayer | Synchronizing object | North colonnade stone base.011
Fra:1 Mem:156.03M (Peak 156.03M) | Time:00:00.04 | Mem:0.02M, Peak:0.02M | Scene, ViewLayer | Synchronizing object | North colonnade cornice.005
Fra:1 Mem:156.08M (Peak 156.08M) | Time:00:00.04 | Mem:0.02M, Peak:0.02M | Scene, ViewLayer | Synchronizing object | West colonnade pier
Fra:1 Mem:156.07M (Peak 156.08M) | Time:00:00.04 | Mem:0.02M, Peak:0.02M | Scene, ViewLayer | Synchronizing object | West colonnade stone base
Fra:1 Mem:156.12M (Peak 156.12M) | Time:00:00.04 | Mem:0.02M, Peak:0.02M | Scene, ViewLayer | Synchronizing object | West colonnade pier.001
Fra:1 Mem:156.13M (Peak 156.13M) | Time:00:00.04 | Mem:0.02M, Peak:0.02M | Scene, ViewLayer | Synchronizing object | West colonnade cornice
Fra:1 Mem:156.16M (Peak 156.16M) | Time:00:00.04 | Mem:0.02M, Peak:0.02M | Scene, ViewLayer | Synchronizing object | West colonnade stone base.002
Fra:1 Mem:156.17M (Peak 156.17M) | Time:00:00.04 | Mem:0.02M, Peak:0.02M | Scene, ViewLayer | Synchronizing object | West colonnade pier.003
Fra:1 Mem:156.20M (Peak 156.20M) | Time:00:00.04 | Mem:0.02M, Peak:0.02M | Scene, ViewLayer | Synchronizing object | West colonnade stone base.003
Fra:1 Mem:156.28M (Peak 156.28M) | Time:00:00.04 | Mem:0.02M, Peak:0.02M | Scene, ViewLayer | Synchronizing object | West colonnade cornice.001
Fra:1 Mem:156.25M (Peak 156.28M) | Time:00:00.04 | Mem:0.02M, Peak:0.02M | Scene, ViewLayer | Synchronizing object | West colonnade pier.004
Fra:1 Mem:156.28M (Peak 156.28M) | Time:00:00.04 | Mem:0.02M, Peak:0.02M | Scene, ViewLayer | Synchronizing object | West colonnade stone base.004
Fra:1 Mem:156.39M (Peak 156.39M) | Time:00:00.04 | Mem:0.02M, Peak:0.02M | Scene, ViewLayer | Synchronizing object | West colonnade pier.005
Fra:1 Mem:156.42M (Peak 156.42M) | Time:00:00.04 | Mem:0.02M, Peak:0.02M | Scene, ViewLayer | Synchronizing object | West colonnade stone base.005
Fra:1 Mem:156.38M (Peak 156.42M) | Time:00:00.04 | Mem:0.02M, Peak:0.02M | Scene, ViewLayer | Synchronizing object | West colonnade cornice.002
Fra:1 Mem:156.43M (Peak 156.42M) | Time:00:00.04 | Mem:0.02M, Peak:0.02M | Scene, ViewLayer | Synchronizing object | potted_plant_01_leaves
Fra:1 Mem:156.46M (Peak 156.46M) | Time:00:00.04 | Mem:0.02M, Peak:0.02M | Scene, ViewLayer | Synchronizing object | West colonnade stone base.006
Fra:1 Mem:156.52M (Peak 156.52M) | Time:00:00.04 | Mem:0.02M, Peak:0.02M | Scene, ViewLayer | Synchronizing object | West colonnade pier.007
Fra:1 Mem:156.53M (Peak 156.53M) | Time:00:00.04 | Mem:0.02M, Peak:0.02M | Scene, ViewLayer | Synchronizing object | West colonnade pier.008
Fra:1 Mem:156.56M (Peak 156.56M) | Time:00:00.04 | Mem:0.02M, Peak:0.02M | Scene, ViewLayer | Synchronizing object | West colonnade pier.009
Fra:1 Mem:156.54M (Peak 156.56M) | Time:00:00.04 | Mem:0.02M, Peak:0.02M | Scene, ViewLayer | Synchronizing object | West colonnade stone base.009
Fra:1 Mem:156.61M (Peak 156.61M) | Time:00:00.04 | Mem:0.02M, Peak:0.02M | Scene, ViewLayer | Synchronizing object | West colonnade cornice.004
Fra:1 Mem:156.59M (Peak 156.61M) | Time:00:00.04 | Mem:0.02M, Peak:0.02M | Scene, ViewLayer | Synchronizing object | North inner wall
Fra:1 Mem:156.61M (Peak 156.61M) | Time:00:00.04 | Mem:0.02M, Peak:0.02M | Scene, ViewLayer | Synchronizing object | North portico ceiling
Fra:1 Mem:156.75M (Peak 156.75M) | Time:00:00.04 | Mem:0.02M, Peak:0.02M | Scene, ViewLayer | Synchronizing object | West portico ceiling
Fra:1 Mem:156.76M (Peak 156.76M) | Time:00:00.04 | Mem:0.02M, Peak:0.02M | Scene, ViewLayer | Synchronizing object | Door bronze mullion
Fra:1 Mem:156.81M (Peak 156.81M) | Time:00:00.04 | Mem:0.02M, Peak:0.02M | Scene, ViewLayer | Synchronizing object | Door bronze transom
Fra:1 Mem:156.82M (Peak 156.82M) | Time:00:00.04 | Mem:0.02M, Peak:0.02M | Scene, ViewLayer | Synchronizing object | Door bronze transom.001
Fra:1 Mem:156.88M (Peak 156.88M) | Time:00:00.04 | Mem:0.02M, Peak:0.02M | Scene, ViewLayer | Synchronizing object | Glass door.001
Fra:1 Mem:156.90M (Peak 156.90M) | Time:00:00.04 | Mem:0.02M, Peak:0.02M | Scene, ViewLayer | Synchronizing object | Door bronze mullion.003
Fra:1 Mem:156.93M (Peak 156.93M) | Time:00:00.04 | Mem:0.02M, Peak:0.02M | Scene, ViewLayer | Synchronizing object | Door bronze mullion.004
Fra:1 Mem:157.03M (Peak 157.03M) | Time:00:00.04 | Mem:0.02M, Peak:0.02M | Scene, ViewLayer | Synchronizing object | Door bronze mullion.005
Fra:1 Mem:157.21M (Peak 157.21M) | Time:00:00.04 | Mem:0.02M, Peak:0.02M | Scene, ViewLayer | Synchronizing object | Door bronze transom.002
Fra:1 Mem:157.27M (Peak 157.27M) | Time:00:00.04 | Mem:0.02M, Peak:0.02M | Scene, ViewLayer | Synchronizing object | Glass door.002
Fra:1 Mem:157.38M (Peak 157.38M) | Time:00:00.04 | Mem:0.02M, Peak:0.02M | Scene, ViewLayer | Synchronizing object | Door bronze mullion.008
Fra:1 Mem:157.36M (Peak 157.38M) | Time:00:00.04 | Mem:0.02M, Peak:0.02M | Scene, ViewLayer | Synchronizing object | Door bronze transom.004
Fra:1 Mem:157.43M (Peak 157.43M) | Time:00:00.04 | Mem:0.02M, Peak:0.02M | Scene, ViewLayer | Synchronizing object | Door bronze transom.005
Fra:1 Mem:157.42M (Peak 157.43M) | Time:00:00.04 | Mem:0.02M, Peak:0.02M | Scene, ViewLayer | Synchronizing object | Door bronze mullion.009
Fra:1 Mem:157.45M (Peak 157.45M) | Time:00:00.04 | Mem:0.02M, Peak:0.02M | Scene, ViewLayer | Synchronizing object | Door bronze mullion.011
Fra:1 Mem:157.57M (Peak 157.57M) | Time:00:00.04 | Mem:0.02M, Peak:0.02M | Scene, ViewLayer | Synchronizing object | Honed stone bench
Fra:1 Mem:158.58M (Peak 158.61M) | Time:00:00.04 | Mem:0.02M, Peak:0.02M | Scene, ViewLayer | Synchronizing object | Bench pedestal.001
Fra:1 Mem:158.61M (Peak 158.61M) | Time:00:00.04 | Mem:0.02M, Peak:0.02M | Scene, ViewLayer | Synchronizing object | Bench pedestal.003
Fra:1 Mem:158.62M (Peak 158.62M) | Time:00:00.04 | Mem:0.02M, Peak:0.02M | Scene, ViewLayer | Synchronizing object | potted_plant_01_stem
Fra:1 Mem:158.66M (Peak 158.66M) | Time:00:00.04 | Mem:0.02M, Peak:0.02M | Scene, ViewLayer | Synchronizing object | potted_plant_01_pot
Fra:1 Mem:178.49M (Peak 180.93M) | Time:00:00.05 | Mem:0.02M, Peak:0.02M | Scene, ViewLayer | Initializing
Fra:1 Mem:153.84M (Peak 180.93M) | Time:00:00.05 | Mem:0.02M, Peak:0.02M | Scene, ViewLayer | Updating Images | Loading potted_plant_01_leaves_nor_gl.png
Fra:1 Mem:153.84M (Peak 180.93M) | Time:00:00.05 | Mem:0.02M, Peak:0.02M | Scene, ViewLayer | Updating Images | Loading plastered_wall_02_disp_2k.jpg
Fra:1 Mem:153.84M (Peak 180.93M) | Time:00:00.05 | Mem:0.02M, Peak:0.02M | Scene, ViewLayer | Updating Images | Loading potted_plant_01_pot_nor_gl
Fra:1 Mem:169.85M (Peak 180.93M) | Time:00:00.05 | Mem:0.02M, Peak:0.02M | Scene, ViewLayer | Updating Images | Loading potted_plant_01_leaves_rough.png
Fra:1 Mem:372.49M (Peak 489.93M) | Time:00:00.10 | Mem:240.02M, Peak:240.02M | Scene, ViewLayer | Waiting for render to start
Fra:1 Mem:372.49M (Peak 489.93M) | Time:00:00.10 | Mem:240.02M, Peak:240.02M | Scene, ViewLayer | Updating Scene
Fra:1 Mem:372.49M (Peak 489.93M) | Time:00:00.10 | Mem:240.02M, Peak:240.02M | Scene, ViewLayer | Updating Shaders
Fra:1 Mem:372.58M (Peak 489.93M) | Time:00:00.10 | Mem:240.02M, Peak:240.02M | Scene, ViewLayer | Loading render kernels (may take a few minutes the first time)
Fra:1 Mem:372.57M (Peak 489.93M) | Time:00:00.13 | Mem:240.03M, Peak:240.03M | Scene, ViewLayer | Updating Procedurals
Fra:1 Mem:372.57M (Peak 489.93M) | Time:00:00.13 | Mem:240.03M, Peak:240.03M | Scene, ViewLayer | Updating Background
Fra:1 Mem:372.57M (Peak 489.93M) | Time:00:00.13 | Mem:240.03M, Peak:240.03M | Scene, ViewLayer | Updating Camera
Fra:1 Mem:372.57M (Peak 489.93M) | Time:00:00.13 | Mem:240.03M, Peak:240.03M | Scene, ViewLayer | Updating Meshes Flags
Fra:1 Mem:372.57M (Peak 489.93M) | Time:00:00.13 | Mem:240.03M, Peak:240.03M | Scene, ViewLayer | Updating Objects
Fra:1 Mem:372.57M (Peak 489.93M) | Time:00:00.13 | Mem:240.03M, Peak:240.03M | Scene, ViewLayer | Updating Objects | Copying Transformations to device
Fra:1 Mem:372.58M (Peak 489.93M) | Time:00:00.13 | Mem:240.22M, Peak:240.22M | Scene, ViewLayer | Updating Particle Systems
Fra:1 Mem:372.58M (Peak 489.93M) | Time:00:00.13 | Mem:240.22M, Peak:240.22M | Scene, ViewLayer | Updating Particle Systems | Copying Particles to device
Fra:1 Mem:372.58M (Peak 489.93M) | Time:00:00.13 | Mem:240.22M, Peak:240.22M | Scene, ViewLayer | Updating Meshes
Fra:1 Mem:382.66M (Peak 489.93M) | Time:00:00.17 | Mem:240.22M, Peak:240.22M | Scene, ViewLayer | Updating Objects | Applying Static Transformations
Fra:1 Mem:382.66M (Peak 489.93M) | Time:00:00.17 | Mem:240.22M, Peak:240.22M | Scene, ViewLayer | Updating Mesh | Computing attributes
Fra:1 Mem:399.75M (Peak 489.93M) | Time:00:00.18 | Mem:240.28M, Peak:240.28M | Scene, ViewLayer | Updating Mesh | Copying Attributes to device
Fra:1 Mem:382.66M (Peak 489.93M) | Time:00:00.23 | Mem:257.32M, Peak:257.32M | Scene, ViewLayer | Updating Geometry BVH Cube.001 2/102 | Building BVH
Fra:1 Mem:382.66M (Peak 489.93M) | Time:00:00.23 | Mem:257.32M, Peak:257.32M | Scene, ViewLayer | Updating Geometry BVH Cube.004 5/486 | Building BVH
Fra:1 Mem:382.66M (Peak 489.93M) | Time:00:00.23 | Mem:257.32M, Peak:257.32M | Scene, ViewLayer | Updating Geometry BVH Cube.013 14/802 | Building BVH
Fra:1 Mem:382.66M (Peak 489.93M) | Time:00:00.23 | Mem:257.32M, Peak:257.32M | Scene, ViewLayer | Updating Geometry BVH Cube.016 17/802 | Building BVH
Fra:1 Mem:382.66M (Peak 489.93M) | Time:00:00.23 | Mem:257.32M, Peak:257.32M | Scene, ViewLayer | Updating Geometry BVH Cube.017 18/802 | Building mesh BLAS |     188 tris | Cube.004
Fra:1 Mem:382.66M (Peak 489.93M) | Time:00:00.23 | Mem:257.32M, Peak:257.32M | Scene, ViewLayer | Updating Geometry BVH Cube.017 18/802 | Building mesh BLAS |     188 tris | Cube.016
Fra:1 Mem:382.66M (Peak 489.93M) | Time:00:00.23 | Mem:257.32M, Peak:257.32M | Scene, ViewLayer | Updating Geometry BVH Cube.017 18/802 | Building mesh BLAS |     188 tris | Cube.007
Fra:1 Mem:382.66M (Peak 489.93M) | Time:00:00.23 | Mem:257.32M, Peak:257.32M | Scene, ViewLayer | Updating Geometry BVH Cube.017 18/802 | Building mesh BLAS |     188 tris | Cube.009
Fra:1 Mem:382.66M (Peak 489.93M) | Time:00:00.23 | Mem:257.32M, Peak:257.32M | Scene, ViewLayer | Updating Geometry BVH Cube.017 18/802 | Building mesh BLAS |     188 tris | Cube.002
Fra:1 Mem:382.66M (Peak 489.93M) | Time:00:00.23 | Mem:257.32M, Peak:257.32M | Scene, ViewLayer | Updating Geometry BVH West colonnade arch vault.004 802/802 | Building BVH
Fra:1 Mem:382.66M (Peak 489.93M) | Time:00:00.23 | Mem:257.32M, Peak:257.32M | Scene, ViewLayer | Updating Geometry BVH West colonnade arch vault.004 802/802 | Building mesh BLAS |     188 tris | Cube.014
Fra:1 Mem:382.66M (Peak 489.93M) | Time:00:00.23 | Mem:257.32M, Peak:257.32M | Scene, ViewLayer | Updating Geometry BVH West colonnade arch vault.004 802/802 | Building mesh BLAS |     188 tris | Cube.012
Fra:1 Mem:382.66M (Peak 489.93M) | Time:00:00.23 | Mem:257.32M, Peak:257.32M | Scene, ViewLayer | Updating Geometry BVH West colonnade arch vault.004 802/802 | Building mesh BLAS |     188 tris | Cube.003
Fra:1 Mem:382.66M (Peak 489.93M) | Time:00:00.23 | Mem:257.32M, Peak:257.32M | Scene, ViewLayer | Updating Geometry BVH West colonnade arch vault.004 802/802 | Building mesh BLAS |     188 tris | Cube.005
Fra:1 Mem:382.66M (Peak 489.93M) | Time:00:00.23 | Mem:257.32M, Peak:257.32M | Scene, ViewLayer | Updating Geometry BVH West colonnade arch vault.004 802/802 | Building mesh BLAS |     188 tris | Cube.017
Fra:1 Mem:382.66M (Peak 489.93M) | Time:00:00.23 | Mem:257.32M, Peak:257.32M | Scene, ViewLayer | Updating Geometry BVH West colonnade arch vault.004 802/802 | Building mesh BLAS |     188 tris | Cube.006
Fra:1 Mem:382.66M (Peak 489.93M) | Time:00:00.23 | Mem:257.32M, Peak:257.32M | Scene, ViewLayer | Updating Geometry BVH West colonnade arch vault.004 802/802 | Building mesh BLAS |     188 tris | Cube.011
Fra:1 Mem:382.66M (Peak 489.93M) | Time:00:00.23 | Mem:257.32M, Peak:257.32M | Scene, ViewLayer | Updating Geometry BVH West colonnade arch vault.004 802/802 | Building mesh BLAS |     188 tris | Cube.015
Fra:1 Mem:382.66M (Peak 489.93M) | Time:00:00.23 | Mem:257.32M, Peak:257.32M | Scene, ViewLayer | Updating Geometry BVH West colonnade arch vault.004 802/802 | Building mesh BLAS |     188 tris | Cube.008
Fra:1 Mem:382.66M (Peak 489.93M) | Time:00:00.23 | Mem:257.32M, Peak:257.32M | Scene, ViewLayer | Updating Geometry BVH West colonnade arch vault.004 802/802 | Building mesh BLAS |    1436 tris | West colonnade arch vault.004
Fra:1 Mem:382.66M (Peak 489.93M) | Time:00:00.24 | Mem:257.32M, Peak:257.32M | Scene, ViewLayer | Updating Geometry BVH Cube.018 19/802 | Building BVH
Fra:1 Mem:382.66M (Peak 489.93M) | Time:00:00.24 | Mem:257.32M, Peak:257.32M | Scene, ViewLayer | Updating Geometry BVH Cube.019 20/802 | Building BVH
Fra:1 Mem:382.66M (Peak 489.93M) | Time:00:00.24 | Mem:257.32M, Peak:257.32M | Scene, ViewLayer | Updating Geometry BVH Cube.022 23/802 | Building BVH
Fra:1 Mem:382.66M (Peak 489.93M) | Time:00:00.24 | Mem:257.32M, Peak:257.32M | Scene, ViewLayer | Updating Geometry BVH West colonnade arch vault.003 801/802 | Building BVH
Fra:1 Mem:382.66M (Peak 489.93M) | Time:00:00.24 | Mem:257.32M, Peak:257.32M | Scene, ViewLayer | Updating Geometry BVH Cube.028 29/802 | Building BVH
Fra:1 Mem:382.66M (Peak 489.93M) | Time:00:00.24 | Mem:257.32M, Peak:257.32M | Scene, ViewLayer | Updating Geometry BVH Cube.029 30/802 | Building BVH
Fra:1 Mem:382.66M (Peak 489.93M) | Time:00:00.24 | Mem:257.32M, Peak:257.32M | Scene, ViewLayer | Updating Geometry BVH Cube.033 34/802 | Building mesh BLAS |    1436 tris | West colonnade arch vault.003
Fra:1 Mem:382.66M (Peak 489.93M) | Time:00:00.24 | Mem:257.32M, Peak:257.32M | Scene, ViewLayer | Updating Geometry BVH Cube.034 35/802 | Building mesh BLAS |     188 tris | Cube.029
Fra:1 Mem:382.66M (Peak 489.93M) | Time:00:00.24 | Mem:257.32M, Peak:257.32M | Scene, ViewLayer | Updating Geometry BVH Cube.034 35/802 | Building mesh BLAS |     188 tris | Cube.023
Fra:1 Mem:382.66M (Peak 489.93M) | Time:00:00.24 | Mem:257.32M, Peak:257.32M | Scene, ViewLayer | Updating Geometry BVH Cube.034 35/802 | Building mesh BLAS |     188 tris | Cube.025
Fra:1 Mem:382.66M (Peak 489.93M) | Time:00:00.24 | Mem:257.32M, Peak:257.32M | Scene, ViewLayer | Updating Geometry BVH Cube.034 35/802 | Building mesh BLAS |     188 tris | Cube.021
Fra:1 Mem:382.66M (Peak 489.93M) | Time:00:00.24 | Mem:257.32M, Peak:257.32M | Scene, ViewLayer | Updating Geometry BVH Cube.034 35/802 | Building mesh BLAS |     188 tris | Cube.026
Fra:1 Mem:382.66M (Peak 489.93M) | Time:00:00.24 | Mem:257.32M, Peak:257.32M | Scene, ViewLayer | Updating Geometry BVH Cube.034 35/802 | Building mesh BLAS |     188 tris | Cube.027
Fra:1 Mem:382.66M (Peak 489.93M) | Time:00:00.24 | Mem:257.32M, Peak:257.32M | Scene, ViewLayer | Updating Geometry BVH Cube.034 35/802 | Building mesh BLAS |     188 tris | Cube.032
Fra:1 Mem:382.66M (Peak 489.93M) | Time:00:00.24 | Mem:257.32M, Peak:257.32M | Scene, ViewLayer | Updating Geometry BVH West colonnade arch vault.002 800/802 | Building BVH
Fra:1 Mem:382.66M (Peak 489.93M) | Time:00:00.24 | Mem:257.32M, Peak:257.32M | Scene, ViewLayer | Updating Geometry BVH West colonnade arch vault.002 800/802 | Building mesh BLAS |     188 tris | Cube.031
Fra:1 Mem:382.66M (Peak 489.93M) | Time:00:00.24 | Mem:257.32M, Peak:257.32M | Scene, ViewLayer | Updating Geometry BVH Cube.035 36/802 | Building BVH
Fra:1 Mem:382.66M (Peak 489.93M) | Time:00:00.24 | Mem:257.32M, Peak:257.32M | Scene, ViewLayer | Updating Geometry BVH Cube.035 36/802 | Building mesh BLAS |     188 tris | Cube.034
Fra:1 Mem:382.66M (Peak 489.93M) | Time:00:00.24 | Mem:257.32M, Peak:257.32M | Scene, ViewLayer | Updating Geometry BVH Cube.035 36/802 | Building mesh BLAS |    1436 tris | West colonnade arch vault.002
Fra:1 Mem:382.66M (Peak 489.93M) | Time:00:00.24 | Mem:257.32M, Peak:257.32M | Scene, ViewLayer | Updating Geometry BVH Cube.035 36/802 | Building mesh BLAS |     188 tris | Cube.020
Fra:1 Mem:382.66M (Peak 489.93M) | Time:00:00.24 | Mem:257.32M, Peak:257.32M | Scene, ViewLayer | Updating Geometry BVH Cube.036 37/802 | Building BVH
Fra:1 Mem:382.66M (Peak 489.93M) | Time:00:00.24 | Mem:257.32M, Peak:257.32M | Scene, ViewLayer | Updating Geometry BVH Cube.036 37/802 | Building mesh BLAS |     188 tris | Cube.033
Fra:1 Mem:382.66M (Peak 489.93M) | Time:00:00.24 | Mem:257.32M, Peak:257.32M | Scene, ViewLayer | Updating Geometry BVH Cube.036 37/802 | Building mesh BLAS |     188 tris | Cube.036
Fra:1 Mem:382.66M (Peak 489.93M) | Time:00:00.24 | Mem:257.32M, Peak:257.32M | Scene, ViewLayer | Updating Geometry BVH Cube.036 37/802 | Building mesh BLAS |     188 tris | Cube.024
Fra:1 Mem:382.66M (Peak 489.93M) | Time:00:00.24 | Mem:257.32M, Peak:257.32M | Scene, ViewLayer | Updating Geometry BVH Cube.036 37/802 | Building mesh BLAS |     188 tris | Cube.035
Fra:1 Mem:382.66M (Peak 489.93M) | Time:00:00.24 | Mem:257.32M, Peak:257.32M | Scene, ViewLayer | Updating Geometry BVH Cube.037 38/802 | Building BVH
Fra:1 Mem:382.66M (Peak 489.93M) | Time:00:00.24 | Mem:257.32M, Peak:257.32M | Scene, ViewLayer | Updating Geometry BVH Cube.037 38/802 | Building mesh BLAS |     188 tris | Cube.037
Fra:1 Mem:382.66M (Peak 489.93M) | Time:00:00.24 | Mem:257.32M, Peak:257.32M | Scene, ViewLayer | Updating Geometry BVH Cube.038 39/802 | Building BVH
Fra:1 Mem:382.66M (Peak 489.93M) | Time:00:00.24 | Mem:257.32M, Peak:257.32M | Scene, ViewLayer | Updating Geometry BVH Cube.039 40/802 | Building BVH
Fra:1 Mem:382.66M (Peak 489.93M) | Time:00:00.24 | Mem:257.32M, Peak:257.32M | Scene, ViewLayer | Updating Geometry BVH Cube.039 40/802 | Building mesh BLAS |     188 tris | Cube.038
Fra:1 Mem:382.66M (Peak 489.93M) | Time:00:00.24 | Mem:257.32M, Peak:257.32M | Scene, ViewLayer | Updating Geometry BVH Cube.040 41/802 | Building BVH
Fra:1 Mem:382.66M (Peak 489.93M) | Time:00:00.24 | Mem:257.32M, Peak:257.32M | Scene, ViewLayer | Updating Geometry BVH Cube.041 42/802 | Building BVH
Fra:1 Mem:382.66M (Peak 489.93M) | Time:00:00.24 | Mem:257.32M, Peak:257.32M | Scene, ViewLayer | Updating Geometry BVH Cube.041 42/802 | Building mesh BLAS |     188 tris | Cube.039
Fra:1 Mem:382.66M (Peak 489.93M) | Time:00:00.24 | Mem:257.32M, Peak:257.32M | Scene, ViewLayer | Updating Geometry BVH Cube.041 42/802 | Building mesh BLAS |     188 tris | Cube.041
Fra:1 Mem:382.66M (Peak 489.93M) | Time:00:00.24 | Mem:257.32M, Peak:257.32M | Scene, ViewLayer | Updating Geometry BVH Cube.042 43/802 | Building mesh BLAS |     188 tris | Cube.040
Fra:1 Mem:382.66M (Peak 489.93M) | Time:00:00.24 | Mem:257.32M, Peak:257.32M | Scene, ViewLayer | Updating Geometry BVH Cube.043 44/802 | Building BVH
Fra:1 Mem:382.66M (Peak 489.93M) | Time:00:00.24 | Mem:257.32M, Peak:257.32M | Scene, ViewLayer | Updating Geometry BVH Cube.043 44/802 | Building mesh BLAS |     188 tris | Cube.043
Fra:1 Mem:382.66M (Peak 489.93M) | Time:00:00.24 | Mem:257.32M, Peak:257.32M | Scene, ViewLayer | Updating Geometry BVH Cube.043 44/802 | Building mesh BLAS |     188 tris | Cube.042
Fra:1 Mem:382.66M (Peak 489.93M) | Time:00:00.24 | Mem:257.32M, Peak:257.32M | Scene, ViewLayer | Updating Geometry BVH Cube.044 45/802 | Building BVH
Fra:1 Mem:382.66M (Peak 489.93M) | Time:00:00.24 | Mem:257.32M, Peak:257.32M | Scene, ViewLayer | Updating Geometry BVH Cube.044 45/802 | Building mesh BLAS |     188 tris | Cube.044
Fra:1 Mem:382.66M (Peak 489.93M) | Time:00:00.24 | Mem:257.32M, Peak:257.32M | Scene, ViewLayer | Updating Geometry BVH Cube.045 46/802 | Building BVH
Fra:1 Mem:382.66M (Peak 489.93M) | Time:00:00.24 | Mem:257.32M, Peak:257.32M | Scene, ViewLayer | Updating Geometry BVH Cube.046 47/802 | Building BVH
Fra:1 Mem:382.66M (Peak 489.93M) | Time:00:00.24 | Mem:257.32M, Peak:257.32M | Scene, ViewLayer | Updating Geometry BVH Cube.046 47/802 | Building mesh BLAS |     188 tris | Cube.045
Fra:1 Mem:382.66M (Peak 489.93M) | Time:00:00.24 | Mem:257.32M, Peak:257.32M | Scene, ViewLayer | Updating Geometry BVH Cube.046 47/802 | Building mesh BLAS |     188 tris | Cube.046
Fra:1 Mem:382.66M (Peak 489.93M) | Time:00:00.24 | Mem:257.32M, Peak:257.32M | Scene, ViewLayer | Updating Geometry BVH Cube.047 48/802 | Building BVH
Fra:1 Mem:382.66M (Peak 489.93M) | Time:00:00.24 | Mem:257.32M, Peak:257.32M | Scene, ViewLayer | Updating Geometry BVH Cube.047 48/802 | Building mesh BLAS |     188 tris | Cube.047
Fra:1 Mem:382.66M (Peak 489.93M) | Time:00:00.24 | Mem:257.32M, Peak:257.32M | Scene, ViewLayer | Updating Geometry BVH Cube.048 49/802 | Building BVH
Fra:1 Mem:382.66M (Peak 489.93M) | Time:00:00.24 | Mem:257.32M, Peak:257.32M | Scene, ViewLayer | Updating Geometry BVH Cube.048 49/802 | Building mesh BLAS |     188 tris | Cube.048
Fra:1 Mem:382.66M (Peak 489.93M) | Time:00:00.24 | Mem:257.32M, Peak:257.32M | Scene, ViewLayer | Updating Geometry BVH Cube.049 50/802 | Building BVH
Fra:1 Mem:382.66M (Peak 489.93M) | Time:00:00.24 | Mem:257.32M, Peak:257.32M | Scene, ViewLayer | Updating Geometry BVH Cube.049 50/802 | Building mesh BLAS |     188 tris | Cube.049
Fra:1 Mem:382.66M (Peak 489.93M) | Time:00:00.24 | Mem:257.32M, Peak:257.32M | Scene, ViewLayer | Updating Geometry BVH Cube.050 51/802 | Building BVH
Fra:1 Mem:382.66M (Peak 489.93M) | Time:00:00.24 | Mem:257.32M, Peak:257.32M | Scene, ViewLayer | Updating Geometry BVH Cube.050 51/802 | Building mesh BLAS |     188 tris | Cube.050
Fra:1 Mem:382.66M (Peak 489.93M) | Time:00:00.24 | Mem:257.32M, Peak:257.32M | Scene, ViewLayer | Updating Geometry BVH Cube.051 52/802 | Building BVH
Fra:1 Mem:382.66M (Peak 489.93M) | Time:00:00.24 | Mem:257.32M, Peak:257.32M | Scene, ViewLayer | Updating Geometry BVH Cube.051 52/802 | Building mesh BLAS |     188 tris | Cube.051
Fra:1 Mem:382.66M (Peak 489.93M) | Time:00:00.24 | Mem:257.32M, Peak:257.32M | Scene, ViewLayer | Updating Geometry BVH Cube.052 53/802 | Building BVH
Fra:1 Mem:382.66M (Peak 489.93M) | Time:00:00.24 | Mem:257.32M, Peak:257.32M | Scene, ViewLayer | Updating Geometry BVH Cube.052 53/802 | Building mesh BLAS |     188 tris | Cube.052
Fra:1 Mem:382.66M (Peak 489.93M) | Time:00:00.24 | Mem:257.32M, Peak:257.32M | Scene, ViewLayer | Updating Geometry BVH Cube.053 54/802 | Building BVH
Fra:1 Mem:382.66M (Peak 489.93M) | Time:00:00.24 | Mem:257.32M, Peak:257.32M | Scene, ViewLayer | Updating Geometry BVH Cube.053 54/802 | Building mesh BLAS |     188 tris | Cube.053
Fra:1 Mem:382.66M (Peak 489.93M) | Time:00:00.24 | Mem:257.32M, Peak:257.32M | Scene, ViewLayer | Updating Geometry BVH Cube.054 55/802 | Building BVH
Fra:1 Mem:382.66M (Peak 489.93M) | Time:00:00.24 | Mem:257.32M, Peak:257.32M | Scene, ViewLayer | Updating Geometry BVH Cube.055 56/802 | Building BVH
Fra:1 Mem:382.66M (Peak 489.93M) | Time:00:00.24 | Mem:257.32M, Peak:257.32M | Scene, ViewLayer | Updating Geometry BVH Cube.056 57/802 | Building BVH
Fra:1 Mem:382.66M (Peak 489.93M) | Time:00:00.24 | Mem:257.32M, Peak:257.32M | Scene, ViewLayer | Updating Geometry BVH Cube.056 57/802 | Building mesh BLAS |     188 tris | Cube.054
Fra:1 Mem:382.66M (Peak 489.93M) | Time:00:00.24 | Mem:257.32M, Peak:257.32M | Scene, ViewLayer | Updating Geometry BVH Cube.056 57/802 | Building mesh BLAS |     188 tris | Cube.055
Fra:1 Mem:382.66M (Peak 489.93M) | Time:00:00.24 | Mem:257.32M, Peak:257.32M | Scene, ViewLayer | Updating Geometry BVH Cube.056 57/802 | Building mesh BLAS |     188 tris | Cube.056
Fra:1 Mem:382.66M (Peak 489.93M) | Time:00:00.24 | Mem:257.32M, Peak:257.32M | Scene, ViewLayer | Updating Geometry BVH Cube.057 58/802 | Building BVH
Fra:1 Mem:382.66M (Peak 489.93M) | Time:00:00.24 | Mem:257.32M, Peak:257.32M | Scene, ViewLayer | Updating Geometry BVH Cube.058 59/802 | Building BVH
Fra:1 Mem:382.66M (Peak 489.93M) | Time:00:00.24 | Mem:257.32M, Peak:257.32M | Scene, ViewLayer | Updating Geometry BVH Cube.058 59/802 | Building mesh BLAS |     188 tris | Cube.057
Fra:1 Mem:382.66M (Peak 489.93M) | Time:00:00.24 | Mem:257.32M, Peak:257.32M | Scene, ViewLayer | Updating Geometry BVH Cube.058 59/802 | Building mesh BLAS |     188 tris | Cube.058
Fra:1 Mem:382.66M (Peak 489.93M) | Time:00:00.24 | Mem:257.32M, Peak:257.32M | Scene, ViewLayer | Updating Geometry BVH Cube.059 60/802 | Building BVH
Fra:1 Mem:382.66M (Peak 489.93M) | Time:00:00.24 | Mem:257.32M, Peak:257.32M | Scene, ViewLayer | Updating Geometry BVH Cube.060 61/802 | Building mesh BLAS |     188 tris | Cube.059
Fra:1 Mem:382.66M (Peak 489.93M) | Time:00:00.24 | Mem:257.32M, Peak:257.32M | Scene, ViewLayer | Updating Geometry BVH Cube.060 61/802 | Building mesh BLAS |     188 tris | Cube.060
Fra:1 Mem:382.66M (Peak 489.93M) | Time:00:00.24 | Mem:257.32M, Peak:257.32M | Scene, ViewLayer | Updating Geometry BVH Cube.061 62/802 | Building BVH
Fra:1 Mem:382.66M (Peak 489.93M) | Time:00:00.24 | Mem:257.32M, Peak:257.32M | Scene, ViewLayer | Updating Geometry BVH Cube.062 63/802 | Building BVH
Fra:1 Mem:382.66M (Peak 489.93M) | Time:00:00.24 | Mem:257.32M, Peak:257.32M | Scene, ViewLayer | Updating Geometry BVH Cube.063 64/802 | Building BVH
Fra:1 Mem:382.66M (Peak 489.93M) | Time:00:00.24 | Mem:257.32M, Peak:257.32M | Scene, ViewLayer | Updating Geometry BVH West colonnade arch vault.001 799/802 | Building BVH
Fra:1 Mem:382.66M (Peak 489.93M) | Time:00:00.24 | Mem:257.32M, Peak:257.32M | Scene, ViewLayer | Updating Geometry BVH West colonnade arch vault.001 799/802 | Building mesh BLAS |     188 tris | Cube.063
Fra:1 Mem:382.66M (Peak 489.93M) | Time:00:00.24 | Mem:257.32M, Peak:257.32M | Scene, ViewLayer | Updating Geometry BVH West colonnade arch vault.001 799/802 | Building mesh BLAS |    1436 tris | West colonnade arch vault.001
Fra:1 Mem:382.66M (Peak 489.93M) | Time:00:00.24 | Mem:257.32M, Peak:257.32M | Scene, ViewLayer | Updating Geometry BVH Cube.064 65/802 | Building BVH
Fra:1 Mem:382.66M (Peak 489.93M) | Time:00:00.24 | Mem:257.32M, Peak:257.32M | Scene, ViewLayer | Updating Geometry BVH Cube.065 66/802 | Building BVH
Fra:1 Mem:382.66M (Peak 489.93M) | Time:00:00.24 | Mem:257.32M, Peak:257.32M | Scene, ViewLayer | Updating Geometry BVH Cube.065 66/802 | Building mesh BLAS |     188 tris | Cube.064
Fra:1 Mem:382.66M (Peak 489.93M) | Time:00:00.24 | Mem:257.32M, Peak:257.32M | Scene, ViewLayer | Updating Geometry BVH Cube.065 66/802 | Building mesh BLAS |     188 tris | Cube.065
Fra:1 Mem:382.66M (Peak 489.93M) | Time:00:00.24 | Mem:257.32M, Peak:257.32M | Scene, ViewLayer | Updating Geometry BVH Cube.066 67/802 | Building BVH
Fra:1 Mem:382.66M (Peak 489.93M) | Time:00:00.24 | Mem:257.32M, Peak:257.32M | Scene, ViewLayer | Updating Geometry BVH Cube.066 67/802 | Building mesh BLAS |     188 tris | Cube.066
Fra:1 Mem:382.66M (Peak 489.93M) | Time:00:00.24 | Mem:257.32M, Peak:257.32M | Scene, ViewLayer | Updating Geometry BVH Cube.067 68/802 | Building BVH
Fra:1 Mem:382.66M (Peak 489.93M) | Time:00:00.24 | Mem:257.32M, Peak:257.32M | Scene, ViewLayer | Updating Geometry BVH Cube.068 69/802 | Building BVH
Fra:1 Mem:382.66M (Peak 489.93M) | Time:00:00.24 | Mem:257.32M, Peak:257.32M | Scene, ViewLayer | Updating Geometry BVH Cube.068 69/802 | Building mesh BLAS |     188 tris | Cube.067
Fra:1 Mem:382.66M (Peak 489.93M) | Time:00:00.24 | Mem:257.32M, Peak:257.32M | Scene, ViewLayer | Updating Geometry BVH Cube.068 69/802 | Building mesh BLAS |     188 tris | Cube.068
Fra:1 Mem:382.66M (Peak 489.93M) | Time:00:00.24 | Mem:257.32M, Peak:257.32M | Scene, ViewLayer | Updating Geometry BVH Cube.069 70/802 | Building BVH
Fra:1 Mem:382.66M (Peak 489.93M) | Time:00:00.24 | Mem:257.32M, Peak:257.32M | Scene, ViewLayer | Updating Geometry BVH Cube.069 70/802 | Building mesh BLAS |     188 tris | Cube.069
Fra:1 Mem:382.66M (Peak 489.93M) | Time:00:00.24 | Mem:257.32M, Peak:257.32M | Scene, ViewLayer | Updating Geometry BVH Cube.070 71/802 | Building BVH
Fra:1 Mem:382.66M (Peak 489.93M) | Time:00:00.24 | Mem:257.32M, Peak:257.32M | Scene, ViewLayer | Updating Geometry BVH Cube.070 71/802 | Building mesh BLAS |     188 tris | Cube.070
Fra:1 Mem:382.66M (Peak 489.93M) | Time:00:00.24 | Mem:257.32M, Peak:257.32M | Scene, ViewLayer | Updating Geometry BVH Cube.071 72/802 | Building BVH
Fra:1 Mem:382.66M (Peak 489.93M) | Time:00:00.24 | Mem:257.32M, Peak:257.32M | Scene, ViewLayer | Updating Geometry BVH Cube.071 72/802 | Building mesh BLAS |     188 tris | Cube.071
Fra:1 Mem:382.66M (Peak 489.93M) | Time:00:00.24 | Mem:257.32M, Peak:257.32M | Scene, ViewLayer | Updating Geometry BVH Cube.072 73/802 | Building BVH
Fra:1 Mem:382.66M (Peak 489.93M) | Time:00:00.24 | Mem:257.32M, Peak:257.32M | Scene, ViewLayer | Updating Geometry BVH Cube.072 73/802 | Building mesh BLAS |     188 tris | Cube.072
Fra:1 Mem:382.66M (Peak 489.93M) | Time:00:00.24 | Mem:257.32M, Peak:257.32M | Scene, ViewLayer | Updating Geometry BVH Cube.073 74/802 | Building BVH
Fra:1 Mem:382.66M (Peak 489.93M) | Time:00:00.24 | Mem:257.32M, Peak:257.32M | Scene, ViewLayer | Updating Geometry BVH Cube.074 75/802 | Building BVH
Fra:1 Mem:382.66M (Peak 489.93M) | Time:00:00.24 | Mem:257.32M, Peak:257.32M | Scene, ViewLayer | Updating Geometry BVH Cube.075 76/802 | Building BVH
Fra:1 Mem:382.66M (Peak 489.93M) | Time:00:00.24 | Mem:257.32M, Peak:257.32M | Scene, ViewLayer | Updating Geometry BVH Cube.076 77/802 | Building BVH
Fra:1 Mem:382.66M (Peak 489.93M) | Time:00:00.24 | Mem:257.32M, Peak:257.32M | Scene, ViewLayer | Updating Geometry BVH Cube.077 78/802 | Building BVH
Fra:1 Mem:382.66M (Peak 489.93M) | Time:00:00.24 | Mem:257.32M, Peak:257.32M | Scene, ViewLayer | Updating Geometry BVH Cube.077 78/802 | Building mesh BLAS |     188 tris | Cube.074
Fra:1 Mem:382.66M (Peak 489.93M) | Time:00:00.24 | Mem:257.32M, Peak:257.32M | Scene, ViewLayer | Updating Geometry BVH Cube.078 79/802 | Building BVH
Fra:1 Mem:382.66M (Peak 489.93M) | Time:00:00.24 | Mem:257.32M, Peak:257.32M | Scene, ViewLayer | Updating Geometry BVH Cube.078 79/802 | Building mesh BLAS |     188 tris | Cube.077
Fra:1 Mem:382.66M (Peak 489.93M) | Time:00:00.24 | Mem:257.32M, Peak:257.32M | Scene, ViewLayer | Updating Geometry BVH Cube.079 80/802 | Building BVH
Fra:1 Mem:382.66M (Peak 489.93M) | Time:00:00.24 | Mem:257.32M, Peak:257.32M | Scene, ViewLayer | Updating Geometry BVH Cube.079 80/802 | Building mesh BLAS |     188 tris | Cube.078
Fra:1 Mem:382.66M (Peak 489.93M) | Time:00:00.24 | Mem:257.32M, Peak:257.32M | Scene, ViewLayer | Updating Geometry BVH Cube.080 81/802 | Building mesh BLAS |     328 tris | Cube.079
Fra:1 Mem:382.66M (Peak 489.93M) | Time:00:00.24 | Mem:257.32M, Peak:257.32M | Scene, ViewLayer | Updating Geometry BVH Cube.080 81/802 | Building mesh BLAS |     188 tris | Cube.080
Fra:1 Mem:382.66M (Peak 489.93M) | Time:00:00.24 | Mem:257.32M, Peak:257.32M | Scene, ViewLayer | Updating Geometry BVH West colonnade arch vault 798/802 | Building BVH
Fra:1 Mem:382.66M (Peak 489.93M) | Time:00:00.24 | Mem:257.32M, Peak:257.32M | Scene, ViewLayer | Updating Geometry BVH West colonnade arch vault 798/802 | Building mesh BLAS |    1436 tris | West colonnade arch vault
Fra:1 Mem:382.66M (Peak 489.93M) | Time:00:00.24 | Mem:257.32M, Peak:257.32M | Scene, ViewLayer | Updating Geometry BVH Cube.081 82/802 | Building BVH
Fra:1 Mem:382.66M (Peak 489.93M) | Time:00:00.24 | Mem:257.32M, Peak:257.32M | Scene, ViewLayer | Updating Geometry BVH Cube.081 82/802 | Building mesh BLAS |     472 tris | Cube.081
Fra:1 Mem:382.66M (Peak 489.93M) | Time:00:00.24 | Mem:257.32M, Peak:257.32M | Scene, ViewLayer | Updating Geometry BVH Cube.082 83/802 | Building BVH
Fra:1 Mem:382.66M (Peak 489.93M) | Time:00:00.24 | Mem:257.32M, Peak:257.32M | Scene, ViewLayer | Updating Geometry BVH Cube.083 84/802 | Building BVH
Fra:1 Mem:382.66M (Peak 489.93M) | Time:00:00.24 | Mem:257.32M, Peak:257.32M | Scene, ViewLayer | Updating Geometry BVH Cube.083 84/802 | Building mesh BLAS |     188 tris | Cube.082
Fra:1 Mem:382.66M (Peak 489.93M) | Time:00:00.24 | Mem:257.32M, Peak:257.32M | Scene, ViewLayer | Updating Geometry BVH Cube.083 84/802 | Building mesh BLAS |     380 tris | Cube.083
Fra:1 Mem:382.66M (Peak 489.93M) | Time:00:00.24 | Mem:257.32M, Peak:257.32M | Scene, ViewLayer | Updating Geometry BVH Cube.084 85/802 | Building BVH
Fra:1 Mem:382.66M (Peak 489.93M) | Time:00:00.24 | Mem:257.32M, Peak:257.32M | Scene, ViewLayer | Updating Geometry BVH Cylinder 86/802 | Building BVH
Fra:1 Mem:382.66M (Peak 489.93M) | Time:00:00.24 | Mem:257.32M, Peak:257.32M | Scene, ViewLayer | Updating Geometry BVH Cylinder 86/802 | Building mesh BLAS |     188 tris | Cube.084
Fra:1 Mem:382.66M (Peak 489.93M) | Time:00:00.24 | Mem:257.32M, Peak:257.32M | Scene, ViewLayer | Updating Geometry BVH Cylinder.001 87/802 | Building BVH
Fra:1 Mem:382.66M (Peak 489.93M) | Time:00:00.24 | Mem:257.32M, Peak:257.32M | Scene, ViewLayer | Updating Geometry BVH Cylinder.001 87/802 | Building mesh BLAS |      60 tris | Cylinder
Fra:1 Mem:382.66M (Peak 489.93M) | Time:00:00.24 | Mem:257.32M, Peak:257.32M | Scene, ViewLayer | Updating Geometry BVH Cylinder.001 87/802 | Building mesh BLAS |      60 tris | Cylinder.001
Fra:1 Mem:382.66M (Peak 489.93M) | Time:00:00.24 | Mem:257.32M, Peak:257.32M | Scene, ViewLayer | Updating Geometry BVH Cylinder.002 88/802 | Building BVH
Fra:1 Mem:382.66M (Peak 489.93M) | Time:00:00.24 | Mem:257.32M, Peak:257.32M | Scene, ViewLayer | Updating Geometry BVH Cylinder.002 88/802 | Building mesh BLAS |      60 tris | Cylinder.002
Fra:1 Mem:382.66M (Peak 489.93M) | Time:00:00.24 | Mem:257.32M, Peak:257.32M | Scene, ViewLayer | Updating Geometry BVH Cylinder.003 89/802 | Building BVH
Fra:1 Mem:382.66M (Peak 489.93M) | Time:00:00.24 | Mem:257.32M, Peak:257.32M | Scene, ViewLayer | Updating Geometry BVH Cylinder.003 89/802 | Building mesh BLAS |      60 tris | Cylinder.003
Fra:1 Mem:382.66M (Peak 489.93M) | Time:00:00.24 | Mem:257.32M, Peak:257.32M | Scene, ViewLayer | Updating Geometry BVH Cylinder.004 90/802 | Building BVH
Fra:1 Mem:382.66M (Peak 489.93M) | Time:00:00.24 | Mem:257.32M, Peak:257.32M | Scene, ViewLayer | Updating Geometry BVH Cylinder.004 90/802 | Building mesh BLAS |      60 tris | Cylinder.004
Fra:1 Mem:382.66M (Peak 489.93M) | Time:00:00.24 | Mem:257.32M, Peak:257.32M | Scene, ViewLayer | Updating Geometry BVH Cylinder.005 91/802 | Building BVH
Fra:1 Mem:382.66M (Peak 489.93M) | Time:00:00.24 | Mem:257.32M, Peak:257.32M | Scene, ViewLayer | Updating Geometry BVH Cylinder.005 91/802 | Building mesh BLAS |      60 tris | Cylinder.005
Fra:1 Mem:382.66M (Peak 489.93M) | Time:00:00.24 | Mem:257.32M, Peak:257.32M | Scene, ViewLayer | Updating Geometry BVH Cylinder.006 92/802 | Building BVH
Fra:1 Mem:382.66M (Peak 489.93M) | Time:00:00.24 | Mem:257.32M, Peak:257.32M | Scene, ViewLayer | Updating Geometry BVH Cylinder.007 93/802 | Building BVH
Fra:1 Mem:382.66M (Peak 489.93M) | Time:00:00.24 | Mem:257.32M, Peak:257.32M | Scene, ViewLayer | Updating Geometry BVH Cylinder.007 93/802 | Building mesh BLAS |      60 tris | Cylinder.006
Fra:1 Mem:382.66M (Peak 489.93M) | Time:00:00.24 | Mem:257.32M, Peak:257.32M | Scene, ViewLayer | Updating Geometry BVH Cylinder.007 93/802 | Building mesh BLAS |      60 tris | Cylinder.007
Fra:1 Mem:382.66M (Peak 489.93M) | Time:00:00.24 | Mem:257.32M, Peak:257.32M | Scene, ViewLayer | Updating Geometry BVH Cylinder.008 94/802 | Building BVH
Fra:1 Mem:382.66M (Peak 489.93M) | Time:00:00.24 | Mem:257.32M, Peak:257.32M | Scene, ViewLayer | Updating Geometry BVH Cylinder.008 94/802 | Building mesh BLAS |      60 tris | Cylinder.008
Fra:1 Mem:382.66M (Peak 489.93M) | Time:00:00.24 | Mem:257.32M, Peak:257.32M | Scene, ViewLayer | Updating Geometry BVH Cylinder.010 96/802 | Building BVH
Fra:1 Mem:382.66M (Peak 489.93M) | Time:00:00.24 | Mem:257.32M, Peak:257.32M | Scene, ViewLayer | Updating Geometry BVH Cylinder.010 96/802 | Building mesh BLAS |      60 tris | Cylinder.009
Fra:1 Mem:382.66M (Peak 489.93M) | Time:00:00.24 | Mem:257.32M, Peak:257.32M | Scene, ViewLayer | Updating Geometry BVH Cylinder.010 96/802 | Building mesh BLAS |      60 tris | Cylinder.010
Fra:1 Mem:382.66M (Peak 489.93M) | Time:00:00.24 | Mem:257.32M, Peak:257.32M | Scene, ViewLayer | Updating Geometry BVH Cylinder.011 97/802 | Building BVH
Fra:1 Mem:382.66M (Peak 489.93M) | Time:00:00.24 | Mem:257.32M, Peak:257.32M | Scene, ViewLayer | Updating Geometry BVH Cylinder.011 97/802 | Building mesh BLAS |      60 tris | Cylinder.011
Fra:1 Mem:382.66M (Peak 489.93M) | Time:00:00.24 | Mem:257.32M, Peak:257.32M | Scene, ViewLayer | Updating Geometry BVH North colonnade arch vault.005 797/802 | Building BVH
Fra:1 Mem:382.66M (Peak 489.93M) | Time:00:00.24 | Mem:257.32M, Peak:257.32M | Scene, ViewLayer | Updating Geometry BVH Cylinder.012 98/802 | Building BVH
Fra:1 Mem:382.66M (Peak 489.93M) | Time:00:00.24 | Mem:257.32M, Peak:257.32M | Scene, ViewLayer | Updating Geometry BVH Cylinder.012 98/802 | Building mesh BLAS |      60 tris | Cylinder.012
Fra:1 Mem:382.66M (Peak 489.93M) | Time:00:00.24 | Mem:257.32M, Peak:257.32M | Scene, ViewLayer | Updating Geometry BVH Cylinder.012 98/802 | Building mesh BLAS |    1436 tris | North colonnade arch vault.005
Fra:1 Mem:382.66M (Peak 489.93M) | Time:00:00.24 | Mem:257.32M, Peak:257.32M | Scene, ViewLayer | Updating Geometry BVH Cylinder.013 99/802 | Building BVH
Fra:1 Mem:382.66M (Peak 489.93M) | Time:00:00.24 | Mem:257.32M, Peak:257.32M | Scene, ViewLayer | Updating Geometry BVH Cylinder.013 99/802 | Building mesh BLAS |      60 tris | Cylinder.013
Fra:1 Mem:382.66M (Peak 489.93M) | Time:00:00.24 | Mem:257.32M, Peak:257.32M | Scene, ViewLayer | Updating Geometry BVH Cylinder.014 100/802 | Building BVH
Fra:1 Mem:382.66M (Peak 489.93M) | Time:00:00.24 | Mem:257.32M, Peak:257.32M | Scene, ViewLayer | Updating Geometry BVH Cylinder.014 100/802 | Building mesh BLAS |      60 tris | Cylinder.014
Fra:1 Mem:382.66M (Peak 489.93M) | Time:00:00.24 | Mem:257.32M, Peak:257.32M | Scene, ViewLayer | Updating Geometry BVH Cylinder.015 101/802 | Building BVH
Fra:1 Mem:382.66M (Peak 489.93M) | Time:00:00.24 | Mem:257.32M, Peak:257.32M | Scene, ViewLayer | Updating Geometry BVH Cylinder.015 101/802 | Building mesh BLAS |      60 tris | Cylinder.015
Fra:1 Mem:382.66M (Peak 489.93M) | Time:00:00.25 | Mem:257.32M, Peak:257.32M | Scene, ViewLayer | Updating Geometry BVH Cylinder.016 102/802 | Building BVH
Fra:1 Mem:382.66M (Peak 489.93M) | Time:00:00.25 | Mem:257.32M, Peak:257.32M | Scene, ViewLayer | Updating Geometry BVH Cylinder.017 103/802 | Building BVH
Fra:1 Mem:382.66M (Peak 489.93M) | Time:00:00.25 | Mem:257.32M, Peak:257.32M | Scene, ViewLayer | Updating Geometry BVH Cylinder.017 103/802 | Building mesh BLAS |      60 tris | Cylinder.017
Fra:1 Mem:382.66M (Peak 489.93M) | Time:00:00.25 | Mem:257.32M, Peak:257.32M | Scene, ViewLayer | Updating Geometry BVH Cylinder.017 103/802 | Building mesh BLAS |      60 tris | Cylinder.016
Fra:1 Mem:382.66M (Peak 489.93M) | Time:00:00.25 | Mem:257.32M, Peak:257.32M | Scene, ViewLayer | Updating Geometry BVH Cylinder.018 104/802 | Building BVH
Fra:1 Mem:382.66M (Peak 489.93M) | Time:00:00.25 | Mem:257.32M, Peak:257.32M | Scene, ViewLayer | Updating Geometry BVH Cylinder.018 104/802 | Building mesh BLAS |      60 tris | Cylinder.018
Fra:1 Mem:382.66M (Peak 489.93M) | Time:00:00.25 | Mem:257.32M, Peak:257.32M | Scene, ViewLayer | Updating Geometry BVH Cylinder.019 105/802 | Building BVH
Fra:1 Mem:382.66M (Peak 489.93M) | Time:00:00.25 | Mem:257.32M, Peak:257.32M | Scene, ViewLayer | Updating Geometry BVH Cylinder.019 105/802 | Building mesh BLAS |      60 tris | Cylinder.019
Fra:1 Mem:382.66M (Peak 489.93M) | Time:00:00.25 | Mem:257.32M, Peak:257.32M | Scene, ViewLayer | Updating Geometry BVH Cylinder.020 106/802 | Building BVH
Fra:1 Mem:382.66M (Peak 489.93M) | Time:00:00.25 | Mem:257.32M, Peak:257.32M | Scene, ViewLayer | Updating Geometry BVH Cylinder.020 106/802 | Building mesh BLAS |      60 tris | Cylinder.020
Fra:1 Mem:382.66M (Peak 489.93M) | Time:00:00.25 | Mem:257.32M, Peak:257.32M | Scene, ViewLayer | Updating Geometry BVH Cylinder.021 107/802 | Building BVH
Fra:1 Mem:382.66M (Peak 489.93M) | Time:00:00.25 | Mem:257.32M, Peak:257.32M | Scene, ViewLayer | Updating Geometry BVH Cylinder.021 107/802 | Building mesh BLAS |      60 tris | Cylinder.021
Fra:1 Mem:382.66M (Peak 489.93M) | Time:00:00.25 | Mem:257.32M, Peak:257.32M | Scene, ViewLayer | Updating Geometry BVH Cylinder.022 108/802 | Building BVH
Fra:1 Mem:382.66M (Peak 489.93M) | Time:00:00.25 | Mem:257.32M, Peak:257.32M | Scene, ViewLayer | Updating Geometry BVH Cylinder.022 108/802 | Building mesh BLAS |      60 tris | Cylinder.022
Fra:1 Mem:382.66M (Peak 489.93M) | Time:00:00.25 | Mem:257.32M, Peak:257.32M | Scene, ViewLayer | Updating Geometry BVH Cylinder.023 109/802 | Building BVH
Fra:1 Mem:382.66M (Peak 489.93M) | Time:00:00.25 | Mem:257.32M, Peak:257.32M | Scene, ViewLayer | Updating Geometry BVH Cylinder.023 109/802 | Building mesh BLAS |      60 tris | Cylinder.023
Fra:1 Mem:382.66M (Peak 489.93M) | Time:00:00.25 | Mem:257.32M, Peak:257.32M | Scene, ViewLayer | Updating Geometry BVH Cylinder.024 110/802 | Building BVH
Fra:1 Mem:382.66M (Peak 489.93M) | Time:00:00.25 | Mem:257.32M, Peak:257.32M | Scene, ViewLayer | Updating Geometry BVH Cylinder.024 110/802 | Building mesh BLAS |      60 tris | Cylinder.024
Fra:1 Mem:382.66M (Peak 489.93M) | Time:00:00.25 | Mem:257.32M, Peak:257.32M | Scene, ViewLayer | Updating Geometry BVH Cylinder.025 111/802 | Building BVH
Fra:1 Mem:382.66M (Peak 489.93M) | Time:00:00.25 | Mem:257.32M, Peak:257.32M | Scene, ViewLayer | Updating Geometry BVH Cylinder.025 111/802 | Building mesh BLAS |      60 tris | Cylinder.025
Fra:1 Mem:382.66M (Peak 489.93M) | Time:00:00.25 | Mem:257.32M, Peak:257.32M | Scene, ViewLayer | Updating Geometry BVH Cylinder.026 112/802 | Building BVH
Fra:1 Mem:382.66M (Peak 489.93M) | Time:00:00.25 | Mem:257.32M, Peak:257.32M | Scene, ViewLayer | Updating Geometry BVH Cylinder.027 113/802 | Building BVH
Fra:1 Mem:382.66M (Peak 489.93M) | Time:00:00.25 | Mem:257.32M, Peak:257.32M | Scene, ViewLayer | Updating Geometry BVH Cylinder.027 113/802 | Building mesh BLAS |      60 tris | Cylinder.027
Fra:1 Mem:382.66M (Peak 489.93M) | Time:00:00.25 | Mem:257.32M, Peak:257.32M | Scene, ViewLayer | Updating Geometry BVH Cylinder.028 114/802 | Building BVH
Fra:1 Mem:382.66M (Peak 489.93M) | Time:00:00.25 | Mem:257.32M, Peak:257.32M | Scene, ViewLayer | Updating Geometry BVH Cylinder.028 114/802 | Building mesh BLAS |      60 tris | Cylinder.028
Fra:1 Mem:382.66M (Peak 489.93M) | Time:00:00.25 | Mem:257.32M, Peak:257.32M | Scene, ViewLayer | Updating Geometry BVH North colonnade arch vault.004 796/802 | Building BVH
Fra:1 Mem:382.66M (Peak 489.93M) | Time:00:00.25 | Mem:257.32M, Peak:257.32M | Scene, ViewLayer | Updating Geometry BVH North colonnade arch vault.004 796/802 | Building mesh BLAS |    1436 tris | North colonnade arch vault.004
Fra:1 Mem:382.66M (Peak 489.93M) | Time:00:00.25 | Mem:257.32M, Peak:257.32M | Scene, ViewLayer | Updating Geometry BVH Cylinder.029 115/802 | Building BVH
Fra:1 Mem:382.66M (Peak 489.93M) | Time:00:00.25 | Mem:257.32M, Peak:257.32M | Scene, ViewLayer | Updating Geometry BVH Cylinder.029 115/802 | Building mesh BLAS |      60 tris | Cylinder.029
Fra:1 Mem:382.66M (Peak 489.93M) | Time:00:00.25 | Mem:257.32M, Peak:257.32M | Scene, ViewLayer | Updating Geometry BVH Cylinder.030 116/802 | Building BVH
Fra:1 Mem:382.66M (Peak 489.93M) | Time:00:00.25 | Mem:257.32M, Peak:257.32M | Scene, ViewLayer | Updating Geometry BVH Cylinder.030 116/802 | Building mesh BLAS |      60 tris | Cylinder.030
Fra:1 Mem:382.66M (Peak 489.93M) | Time:00:00.25 | Mem:257.32M, Peak:257.32M | Scene, ViewLayer | Updating Geometry BVH Cylinder.031 117/802 | Building BVH
Fra:1 Mem:382.66M (Peak 489.93M) | Time:00:00.25 | Mem:257.32M, Peak:257.32M | Scene, ViewLayer | Updating Geometry BVH Cylinder.031 117/802 | Building mesh BLAS |      60 tris | Cylinder.031
Fra:1 Mem:382.66M (Peak 489.93M) | Time:00:00.25 | Mem:257.32M, Peak:257.32M | Scene, ViewLayer | Updating Geometry BVH Cylinder.032 118/802 | Building BVH
Fra:1 Mem:382.66M (Peak 489.93M) | Time:00:00.25 | Mem:257.32M, Peak:257.32M | Scene, ViewLayer | Updating Geometry BVH Cylinder.032 118/802 | Building mesh BLAS |      60 tris | Cylinder.032
Fra:1 Mem:382.66M (Peak 489.93M) | Time:00:00.25 | Mem:257.34M, Peak:257.34M | Scene, ViewLayer | Updating Geometry BVH Cylinder.033 119/802 | Building BVH
Fra:1 Mem:382.66M (Peak 489.93M) | Time:00:00.25 | Mem:257.34M, Peak:257.34M | Scene, ViewLayer | Updating Geometry BVH Cylinder.033 119/802 | Building mesh BLAS |      60 tris | Cylinder.033
Fra:1 Mem:382.66M (Peak 489.93M) | Time:00:00.25 | Mem:257.34M, Peak:257.34M | Scene, ViewLayer | Updating Geometry BVH Cylinder.034 120/802 | Building BVH
Fra:1 Mem:382.66M (Peak 489.93M) | Time:00:00.25 | Mem:257.34M, Peak:257.34M | Scene, ViewLayer | Updating Geometry BVH Cylinder.035 121/802 | Building BVH
Fra:1 Mem:382.66M (Peak 489.93M) | Time:00:00.25 | Mem:257.34M, Peak:257.34M | Scene, ViewLayer | Updating Geometry BVH Cylinder.035 121/802 | Building mesh BLAS |      96 tris | Cylinder.035
Fra:1 Mem:382.66M (Peak 489.93M) | Time:00:00.25 | Mem:257.36M, Peak:257.36M | Scene, ViewLayer | Updating Geometry BVH Cylinder.036 122/802 | Building BVH
Fra:1 Mem:382.66M (Peak 489.93M) | Time:00:00.25 | Mem:257.36M, Peak:257.36M | Scene, ViewLayer | Updating Geometry BVH Cylinder.036 122/802 | Building mesh BLAS |      60 tris | Cylinder.036
Fra:1 Mem:382.66M (Peak 489.93M) | Time:00:00.25 | Mem:257.36M, Peak:257.36M | Scene, ViewLayer | Updating Geometry BVH Cylinder.037 123/802 | Building BVH
Fra:1 Mem:382.66M (Peak 489.93M) | Time:00:00.25 | Mem:257.36M, Peak:257.36M | Scene, ViewLayer | Updating Geometry BVH Cylinder.037 123/802 | Building mesh BLAS |      60 tris | Cylinder.037
Fra:1 Mem:382.66M (Peak 489.93M) | Time:00:00.25 | Mem:257.37M, Peak:257.37M | Scene, ViewLayer | Updating Geometry BVH Cylinder.038 124/802 | Building BVH
Fra:1 Mem:382.66M (Peak 489.93M) | Time:00:00.25 | Mem:257.37M, Peak:257.37M | Scene, ViewLayer | Updating Geometry BVH Cylinder.038 124/802 | Building mesh BLAS |      60 tris | Cylinder.038
Fra:1 Mem:382.66M (Peak 489.93M) | Time:00:00.25 | Mem:257.40M, Peak:257.40M | Scene, ViewLayer | Updating Geometry BVH Cylinder.039 125/802 | Building BVH
Fra:1 Mem:382.66M (Peak 489.93M) | Time:00:00.25 | Mem:257.40M, Peak:257.40M | Scene, ViewLayer | Updating Geometry BVH Cylinder.039 125/802 | Building mesh BLAS |      60 tris | Cylinder.039
Fra:1 Mem:382.66M (Peak 489.93M) | Time:00:00.25 | Mem:257.50M, Peak:257.50M | Scene, ViewLayer | Updating Geometry BVH Cylinder.040 126/802 | Building BVH
Fra:1 Mem:382.66M (Peak 489.93M) | Time:00:00.25 | Mem:257.50M, Peak:257.50M | Scene, ViewLayer | Updating Geometry BVH Cylinder.040 126/802 | Building mesh BLAS |      60 tris | Cylinder.040
Fra:1 Mem:382.66M (Peak 489.93M) | Time:00:00.25 | Mem:257.50M, Peak:257.50M | Scene, ViewLayer | Updating Geometry BVH Cylinder.041 127/802 | Building BVH
Fra:1 Mem:382.66M (Peak 489.93M) | Time:00:00.25 | Mem:257.52M, Peak:257.52M | Scene, ViewLayer | Updating Geometry BVH Cylinder.041 127/802 | Building mesh BLAS |      60 tris | Cylinder.041
Fra:1 Mem:382.66M (Peak 489.93M) | Time:00:00.25 | Mem:257.56M, Peak:257.56M | Scene, ViewLayer | Updating Geometry BVH Cylinder.042 128/802 | Building BVH
Fra:1 Mem:382.66M (Peak 489.93M) | Time:00:00.25 | Mem:257.56M, Peak:257.56M | Scene, ViewLayer | Updating Geometry BVH Cylinder.043 129/802 | Building BVH
Fra:1 Mem:382.66M (Peak 489.93M) | Time:00:00.25 | Mem:257.56M, Peak:257.56M | Scene, ViewLayer | Updating Geometry BVH Cylinder.044 130/802 | Building BVH
Fra:1 Mem:382.66M (Peak 489.93M) | Time:00:00.25 | Mem:257.56M, Peak:257.56M | Scene, ViewLayer | Updating Geometry BVH Cylinder.044 130/802 | Building mesh BLAS |      60 tris | Cylinder.043
Fra:1 Mem:382.66M (Peak 489.93M) | Time:00:00.25 | Mem:257.56M, Peak:257.56M | Scene, ViewLayer | Updating Geometry BVH Cylinder.044 130/802 | Building mesh BLAS |      60 tris | Cylinder.044
Fra:1 Mem:382.66M (Peak 489.93M) | Time:00:00.25 | Mem:257.65M, Peak:257.65M | Scene, ViewLayer | Updating Geometry BVH Cylinder.045 131/802 | Building BVH
Fra:1 Mem:382.66M (Peak 489.93M) | Time:00:00.25 | Mem:257.65M, Peak:257.65M | Scene, ViewLayer | Updating Geometry BVH Cylinder.046 132/802 | Building mesh BLAS |      60 tris | Cylinder.045
Fra:1 Mem:382.66M (Peak 489.93M) | Time:00:00.25 | Mem:257.65M, Peak:257.65M | Scene, ViewLayer | Updating Geometry BVH North colonnade arch vault.003 795/802 | Building BVH
Fra:1 Mem:382.66M (Peak 489.93M) | Time:00:00.25 | Mem:257.65M, Peak:257.65M | Scene, ViewLayer | Updating Geometry BVH North colonnade arch vault.003 795/802 | Building mesh BLAS |      60 tris | Cylinder.046
Fra:1 Mem:382.66M (Peak 489.93M) | Time:00:00.25 | Mem:257.65M, Peak:257.65M | Scene, ViewLayer | Updating Geometry BVH North colonnade arch vault.003 795/802 | Building mesh BLAS |    1436 tris | North colonnade arch vault.003
Fra:1 Mem:382.66M (Peak 489.93M) | Time:00:00.25 | Mem:257.68M, Peak:257.68M | Scene, ViewLayer | Updating Geometry BVH Cylinder.047 133/802 | Building BVH
Fra:1 Mem:382.66M (Peak 489.93M) | Time:00:00.25 | Mem:257.68M, Peak:257.68M | Scene, ViewLayer | Updating Geometry BVH Cylinder.047 133/802 | Building mesh BLAS |      60 tris | Cylinder.047
Fra:1 Mem:382.66M (Peak 489.93M) | Time:00:00.25 | Mem:257.74M, Peak:257.74M | Scene, ViewLayer | Updating Geometry BVH Cylinder.048 134/802 | Building BVH
Fra:1 Mem:382.66M (Peak 489.93M) | Time:00:00.25 | Mem:257.74M, Peak:257.74M | Scene, ViewLayer | Updating Geometry BVH Cylinder.049 135/802 | Building mesh BLAS |      60 tris | Cylinder.048
Fra:1 Mem:382.66M (Peak 489.93M) | Time:00:00.25 | Mem:257.74M, Peak:257.74M | Scene, ViewLayer | Updating Geometry BVH Cylinder.049 135/802 | Building mesh BLAS |      60 tris | Cylinder.049
Fra:1 Mem:382.66M (Peak 489.93M) | Time:00:00.25 | Mem:257.80M, Peak:257.80M | Scene, ViewLayer | Updating Geometry BVH Cylinder.050 136/802 | Building BVH
Fra:1 Mem:382.66M (Peak 489.93M) | Time:00:00.25 | Mem:257.80M, Peak:257.80M | Scene, ViewLayer | Updating Geometry BVH Cylinder.051 137/802 | Building BVH
Fra:1 Mem:382.66M (Peak 489.93M) | Time:00:00.25 | Mem:257.80M, Peak:257.80M | Scene, ViewLayer | Updating Geometry BVH Cylinder.051 137/802 | Building mesh BLAS |      60 tris | Cylinder.051
Fra:1 Mem:382.66M (Peak 489.93M) | Time:00:00.25 | Mem:257.80M, Peak:257.80M | Scene, ViewLayer | Updating Geometry BVH Cylinder.051 137/802 | Building mesh BLAS |      60 tris | Cylinder.050
Fra:1 Mem:382.66M (Peak 489.93M) | Time:00:00.25 | Mem:257.80M, Peak:257.80M | Scene, ViewLayer | Updating Geometry BVH Cylinder.052 138/802 | Building BVH
Fra:1 Mem:382.66M (Peak 489.93M) | Time:00:00.25 | Mem:257.81M, Peak:257.81M | Scene, ViewLayer | Updating Geometry BVH Cylinder.052 138/802 | Building mesh BLAS |      60 tris | Cylinder.052
Fra:1 Mem:382.66M (Peak 489.93M) | Time:00:00.25 | Mem:257.86M, Peak:257.86M | Scene, ViewLayer | Updating Geometry BVH Cylinder.053 139/802 | Building BVH
Fra:1 Mem:382.66M (Peak 489.93M) | Time:00:00.25 | Mem:257.86M, Peak:257.86M | Scene, ViewLayer | Updating Geometry BVH Cylinder.054 140/802 | Building BVH
Fra:1 Mem:382.66M (Peak 489.93M) | Time:00:00.25 | Mem:257.86M, Peak:257.86M | Scene, ViewLayer | Updating Geometry BVH Cylinder.054 140/802 | Building mesh BLAS |      60 tris | Cylinder.053
Fra:1 Mem:382.66M (Peak 489.93M) | Time:00:00.25 | Mem:257.87M, Peak:257.87M | Scene, ViewLayer | Updating Geometry BVH Cylinder.055 141/802 | Building BVH
Fra:1 Mem:382.66M (Peak 489.93M) | Time:00:00.25 | Mem:257.88M, Peak:257.88M | Scene, ViewLayer | Updating Geometry BVH Cylinder.055 141/802 | Building mesh BLAS |      60 tris | Cylinder.055
Fra:1 Mem:382.66M (Peak 489.93M) | Time:00:00.25 | Mem:257.90M, Peak:257.90M | Scene, ViewLayer | Updating Geometry BVH Cylinder.056 142/802 | Building BVH
Fra:1 Mem:382.66M (Peak 489.93M) | Time:00:00.25 | Mem:257.92M, Peak:257.92M | Scene, ViewLayer | Updating Geometry BVH Cylinder.056 142/802 | Building mesh BLAS |      60 tris | Cylinder.056
Fra:1 Mem:382.66M (Peak 489.93M) | Time:00:00.25 | Mem:257.99M, Peak:257.99M | Scene, ViewLayer | Updating Geometry BVH Cylinder.057 143/802 | Building BVH
Fra:1 Mem:382.66M (Peak 489.93M) | Time:00:00.25 | Mem:258.00M, Peak:258.00M | Scene, ViewLayer | Updating Geometry BVH Cylinder.057 143/802 | Building mesh BLAS |      60 tris | Cylinder.057
Fra:1 Mem:382.66M (Peak 489.93M) | Time:00:00.25 | Mem:258.00M, Peak:258.00M | Scene, ViewLayer | Updating Geometry BVH Cylinder.058 144/802 | Building BVH
Fra:1 Mem:382.66M (Peak 489.93M) | Time:00:00.25 | Mem:258.00M, Peak:258.00M | Scene, ViewLayer | Updating Geometry BVH Cylinder.058 144/802 | Building mesh BLAS |      60 tris | Cylinder.058
Fra:1 Mem:382.66M (Peak 489.93M) | Time:00:00.25 | Mem:258.02M, Peak:258.02M | Scene, ViewLayer | Updating Geometry BVH Cylinder.059 145/802 | Building BVH
Fra:1 Mem:382.66M (Peak 489.93M) | Time:00:00.25 | Mem:258.02M, Peak:258.02M | Scene, ViewLayer | Updating Geometry BVH Cylinder.060 146/802 | Building BVH
Fra:1 Mem:382.66M (Peak 489.93M) | Time:00:00.25 | Mem:258.02M, Peak:258.02M | Scene, ViewLayer | Updating Geometry BVH Cylinder.061 147/802 | Building BVH
Fra:1 Mem:382.66M (Peak 489.93M) | Time:00:00.25 | Mem:258.03M, Peak:258.03M | Scene, ViewLayer | Updating Geometry BVH Cylinder.061 147/802 | Building mesh BLAS |      60 tris | Cylinder.060
Fra:1 Mem:382.66M (Peak 489.93M) | Time:00:00.25 | Mem:258.03M, Peak:258.03M | Scene, ViewLayer | Updating Geometry BVH Cylinder.061 147/802 | Building mesh BLAS |      60 tris | Cylinder.061
Fra:1 Mem:382.66M (Peak 489.93M) | Time:00:00.25 | Mem:258.06M, Peak:258.06M | Scene, ViewLayer | Updating Geometry BVH Cylinder.062 148/802 | Building BVH
Fra:1 Mem:382.66M (Peak 489.93M) | Time:00:00.25 | Mem:258.06M, Peak:258.06M | Scene, ViewLayer | Updating Geometry BVH Cylinder.062 148/802 | Building mesh BLAS |      60 tris | Cylinder.062
Fra:1 Mem:382.66M (Peak 489.93M) | Time:00:00.25 | Mem:258.07M, Peak:258.07M | Scene, ViewLayer | Updating Geometry BVH North colonnade arch vault.002 794/802 | Building BVH
Fra:1 Mem:382.66M (Peak 489.93M) | Time:00:00.25 | Mem:258.10M, Peak:258.10M | Scene, ViewLayer | Updating Geometry BVH Cylinder.063 149/802 | Building BVH
Fra:1 Mem:382.66M (Peak 489.93M) | Time:00:00.25 | Mem:258.10M, Peak:258.10M | Scene, ViewLayer | Updating Geometry BVH Cylinder.063 149/802 | Building mesh BLAS |    1436 tris | North colonnade arch vault.002
Fra:1 Mem:382.66M (Peak 489.93M) | Time:00:00.25 | Mem:258.12M, Peak:258.12M | Scene, ViewLayer | Updating Geometry BVH Cylinder.063 149/802 | Building mesh BLAS |      60 tris | Cylinder.063
Fra:1 Mem:382.66M (Peak 489.93M) | Time:00:00.25 | Mem:258.13M, Peak:258.13M | Scene, ViewLayer | Updating Geometry BVH Cylinder.065 151/802 | Building BVH
Fra:1 Mem:382.66M (Peak 489.93M) | Time:00:00.25 | Mem:258.13M, Peak:258.13M | Scene, ViewLayer | Updating Geometry BVH Cylinder.064 150/802 | Building BVH
Fra:1 Mem:382.66M (Peak 489.93M) | Time:00:00.25 | Mem:258.13M, Peak:258.13M | Scene, ViewLayer | Updating Geometry BVH Cylinder.066 152/802 | Building BVH
Fra:1 Mem:382.66M (Peak 489.93M) | Time:00:00.25 | Mem:258.13M, Peak:258.13M | Scene, ViewLayer | Updating Geometry BVH Cylinder.066 152/802 | Building mesh BLAS |      60 tris | Cylinder.066
Fra:1 Mem:382.66M (Peak 489.93M) | Time:00:00.25 | Mem:258.13M, Peak:258.13M | Scene, ViewLayer | Updating Geometry BVH Cylinder.066 152/802 | Building mesh BLAS |      60 tris | Cylinder.065
Fra:1 Mem:382.66M (Peak 489.93M) | Time:00:00.25 | Mem:258.24M, Peak:258.24M | Scene, ViewLayer | Updating Geometry BVH Cylinder.067 153/802 | Building BVH
Fra:1 Mem:382.66M (Peak 489.93M) | Time:00:00.25 | Mem:258.24M, Peak:258.24M | Scene, ViewLayer | Updating Geometry BVH Cylinder.068 154/802 | Building BVH
Fra:1 Mem:382.66M (Peak 489.93M) | Time:00:00.25 | Mem:258.26M, Peak:258.26M | Scene, ViewLayer | Updating Geometry BVH Cylinder.068 154/802 | Building mesh BLAS |      60 tris | Cylinder.068
Fra:1 Mem:382.66M (Peak 489.93M) | Time:00:00.25 | Mem:258.28M, Peak:258.28M | Scene, ViewLayer | Updating Geometry BVH Cylinder.069 155/802 | Building BVH
Fra:1 Mem:382.66M (Peak 489.93M) | Time:00:00.25 | Mem:258.28M, Peak:258.28M | Scene, ViewLayer | Updating Geometry BVH Cylinder.070 156/802 | Building BVH
Fra:1 Mem:382.66M (Peak 489.93M) | Time:00:00.25 | Mem:258.28M, Peak:258.28M | Scene, ViewLayer | Updating Geometry BVH Cylinder.070 156/802 | Building mesh BLAS |      60 tris | Cylinder.070
Fra:1 Mem:382.66M (Peak 489.93M) | Time:00:00.25 | Mem:258.28M, Peak:258.28M | Scene, ViewLayer | Updating Geometry BVH Cylinder.070 156/802 | Building mesh BLAS |     120 tris | Cylinder.069
Fra:1 Mem:382.66M (Peak 489.93M) | Time:00:00.25 | Mem:258.31M, Peak:258.31M | Scene, ViewLayer | Updating Geometry BVH Cylinder.071 157/802 | Building BVH
Fra:1 Mem:382.66M (Peak 489.93M) | Time:00:00.25 | Mem:258.33M, Peak:258.33M | Scene, ViewLayer | Updating Geometry BVH Cube.085 158/802 | Building BVH
Fra:1 Mem:382.66M (Peak 489.93M) | Time:00:00.25 | Mem:258.35M, Peak:258.35M | Scene, ViewLayer | Updating Geometry BVH Cube.087 160/802 | Building BVH
Fra:1 Mem:382.66M (Peak 489.93M) | Time:00:00.25 | Mem:258.35M, Peak:258.35M | Scene, ViewLayer | Updating Geometry BVH Cube.087 160/802 | Building mesh BLAS |     188 tris | Cube.085
Fra:1 Mem:382.66M (Peak 489.93M) | Time:00:00.25 | Mem:258.35M, Peak:258.35M | Scene, ViewLayer | Updating Geometry BVH Cube.088 161/802 | Building BVH
Fra:1 Mem:382.66M (Peak 489.93M) | Time:00:00.25 | Mem:258.35M, Peak:258.35M | Scene, ViewLayer | Updating Geometry BVH Cube.088 161/802 | Building mesh BLAS |     188 tris | Cube.086
Fra:1 Mem:382.66M (Peak 489.93M) | Time:00:00.25 | Mem:258.35M, Peak:258.35M | Scene, ViewLayer | Updating Geometry BVH Cube.089 162/802 | Building BVH
Fra:1 Mem:382.66M (Peak 489.93M) | Time:00:00.25 | Mem:258.37M, Peak:258.37M | Scene, ViewLayer | Updating Geometry BVH Cube.089 162/802 | Building mesh BLAS |     188 tris | Cube.089
Fra:1 Mem:382.66M (Peak 489.93M) | Time:00:00.25 | Mem:258.50M, Peak:258.50M | Scene, ViewLayer | Updating Geometry BVH North colonnade arch vault.001 793/802 | Building BVH
Fra:1 Mem:382.66M (Peak 489.93M) | Time:00:00.25 | Mem:258.50M, Peak:258.50M | Scene, ViewLayer | Updating Geometry BVH Cube.092 165/802 | Building BVH
Fra:1 Mem:382.66M (Peak 489.93M) | Time:00:00.25 | Mem:258.50M, Peak:258.50M | Scene, ViewLayer | Updating Geometry BVH Cube.092 165/802 | Building mesh BLAS |    1436 tris | North colonnade arch vault.001
Fra:1 Mem:382.66M (Peak 489.93M) | Time:00:00.25 | Mem:258.50M, Peak:258.50M | Scene, ViewLayer | Updating Geometry BVH Cube.093 166/802 | Building BVH
Fra:1 Mem:382.66M (Peak 489.93M) | Time:00:00.25 | Mem:258.50M, Peak:258.50M | Scene, ViewLayer | Updating Geometry BVH Cube.093 166/802 | Building mesh BLAS |     188 tris | Cube.091
Fra:1 Mem:382.66M (Peak 489.93M) | Time:00:00.25 | Mem:258.50M, Peak:258.50M | Scene, ViewLayer | Updating Geometry BVH Cube.093 166/802 | Building mesh BLAS |     188 tris | Cube.092
Fra:1 Mem:382.66M (Peak 489.93M) | Time:00:00.25 | Mem:258.54M, Peak:258.54M | Scene, ViewLayer | Updating Geometry BVH Cube.094 167/802 | Building BVH
Fra:1 Mem:382.66M (Peak 489.93M) | Time:00:00.25 | Mem:258.58M, Peak:258.58M | Scene, ViewLayer | Updating Geometry BVH Cube.094 167/802 | Building mesh BLAS |     188 tris | Cube.094
Fra:1 Mem:382.66M (Peak 489.93M) | Time:00:00.25 | Mem:258.58M, Peak:258.58M | Scene, ViewLayer | Updating Geometry BVH Cube.095 168/802 | Building BVH
Fra:1 Mem:382.66M (Peak 489.93M) | Time:00:00.25 | Mem:258.58M, Peak:258.58M | Scene, ViewLayer | Updating Geometry BVH Cube.095 168/802 | Building mesh BLAS |     188 tris | Cube.095
Fra:1 Mem:382.66M (Peak 489.93M) | Time:00:00.25 | Mem:258.59M, Peak:258.59M | Scene, ViewLayer | Updating Geometry BVH Cube.096 169/802 | Building BVH
Fra:1 Mem:382.66M (Peak 489.93M) | Time:00:00.25 | Mem:258.59M, Peak:258.59M | Scene, ViewLayer | Updating Geometry BVH Cube.096 169/802 | Building mesh BLAS |     188 tris | Cube.096
Fra:1 Mem:382.66M (Peak 489.93M) | Time:00:00.25 | Mem:258.59M, Peak:258.59M | Scene, ViewLayer | Updating Geometry BVH Cube.097 170/802 | Building BVH
Fra:1 Mem:382.66M (Peak 489.93M) | Time:00:00.25 | Mem:258.59M, Peak:258.59M | Scene, ViewLayer | Updating Geometry BVH Cube.098 171/802 | Building BVH
Fra:1 Mem:382.66M (Peak 489.93M) | Time:00:00.25 | Mem:258.59M, Peak:258.59M | Scene, ViewLayer | Updating Geometry BVH Cube.098 171/802 | Building mesh BLAS |     188 tris | Cube.097
Fra:1 Mem:382.66M (Peak 489.93M) | Time:00:00.25 | Mem:258.59M, Peak:258.59M | Scene, ViewLayer | Updating Geometry BVH Cube.099 172/802 | Building BVH
Fra:1 Mem:382.66M (Peak 489.93M) | Time:00:00.25 | Mem:258.60M, Peak:258.60M | Scene, ViewLayer | Updating Geometry BVH Cube.100 173/802 | Building BVH
Fra:1 Mem:382.66M (Peak 489.93M) | Time:00:00.25 | Mem:258.60M, Peak:258.60M | Scene, ViewLayer | Updating Geometry BVH Cube.100 173/802 | Building mesh BLAS |     188 tris | Cube.100
Fra:1 Mem:382.66M (Peak 489.93M) | Time:00:00.25 | Mem:258.60M, Peak:258.60M | Scene, ViewLayer | Updating Geometry BVH Cube.100 173/802 | Building mesh BLAS |     188 tris | Cube.099
Fra:1 Mem:382.66M (Peak 489.93M) | Time:00:00.25 | Mem:258.61M, Peak:258.61M | Scene, ViewLayer | Updating Geometry BVH Cube.101 174/802 | Building BVH
Fra:1 Mem:382.66M (Peak 489.93M) | Time:00:00.25 | Mem:258.61M, Peak:258.61M | Scene, ViewLayer | Updating Geometry BVH Cube.101 174/802 | Building mesh BLAS |     188 tris | Cube.101
Fra:1 Mem:382.66M (Peak 489.93M) | Time:00:00.25 | Mem:258.61M, Peak:258.61M | Scene, ViewLayer | Updating Geometry BVH Cube.102 175/802 | Building BVH
Fra:1 Mem:382.66M (Peak 489.93M) | Time:00:00.25 | Mem:258.62M, Peak:258.62M | Scene, ViewLayer | Updating Geometry BVH Cube.103 176/802 | Building BVH
Fra:1 Mem:382.66M (Peak 489.93M) | Time:00:00.25 | Mem:258.62M, Peak:258.62M | Scene, ViewLayer | Updating Geometry BVH Cube.105 178/802 | Building BVH
Fra:1 Mem:382.66M (Peak 489.93M) | Time:00:00.25 | Mem:258.62M, Peak:258.62M | Scene, ViewLayer | Updating Geometry BVH Cube.105 178/802 | Building mesh BLAS |     188 tris | Cube.103
Fra:1 Mem:382.66M (Peak 489.93M) | Time:00:00.25 | Mem:258.62M, Peak:258.62M | Scene, ViewLayer | Updating Geometry BVH Cube.105 178/802 | Building mesh BLAS |     188 tris | Cube.105
Fra:1 Mem:382.66M (Peak 489.93M) | Time:00:00.25 | Mem:258.62M, Peak:258.62M | Scene, ViewLayer | Updating Geometry BVH Cube.105 178/802 | Building mesh BLAS |     188 tris | Cube.104
Fra:1 Mem:382.66M (Peak 489.93M) | Time:00:00.25 | Mem:258.62M, Peak:258.62M | Scene, ViewLayer | Updating Geometry BVH North colonnade arch vault 792/802 | Building BVH
Fra:1 Mem:382.66M (Peak 489.93M) | Time:00:00.25 | Mem:258.62M, Peak:258.62M | Scene, ViewLayer | Updating Geometry BVH Cube.106 179/802 | Building BVH
Fra:1 Mem:382.66M (Peak 489.93M) | Time:00:00.25 | Mem:258.63M, Peak:258.63M | Scene, ViewLayer | Updating Geometry BVH Cube.106 179/802 | Building mesh BLAS |     188 tris | Cube.106
Fra:1 Mem:382.66M (Peak 489.93M) | Time:00:00.25 | Mem:258.63M, Peak:258.63M | Scene, ViewLayer | Updating Geometry BVH Cube.107 180/802 | Building BVH
Fra:1 Mem:382.66M (Peak 489.93M) | Time:00:00.25 | Mem:258.63M, Peak:258.63M | Scene, ViewLayer | Updating Geometry BVH Cube.108 181/802 | Building BVH
Fra:1 Mem:382.66M (Peak 489.93M) | Time:00:00.25 | Mem:258.64M, Peak:258.64M | Scene, ViewLayer | Updating Geometry BVH Cube.109 182/802 | Building BVH
Fra:1 Mem:382.66M (Peak 489.93M) | Time:00:00.25 | Mem:258.64M, Peak:258.64M | Scene, ViewLayer | Updating Geometry BVH Cube.110 183/802 | Building BVH
Fra:1 Mem:382.66M (Peak 489.93M) | Time:00:00.25 | Mem:258.64M, Peak:258.64M | Scene, ViewLayer | Updating Geometry BVH Cube.110 183/802 | Building mesh BLAS |     188 tris | Cube.108
Fra:1 Mem:382.66M (Peak 489.93M) | Time:00:00.25 | Mem:258.72M, Peak:258.72M | Scene, ViewLayer | Updating Geometry BVH Cube.111 184/802 | Building BVH
Fra:1 Mem:382.66M (Peak 489.93M) | Time:00:00.25 | Mem:258.72M, Peak:258.72M | Scene, ViewLayer | Updating Geometry BVH Cube.111 184/802 | Building mesh BLAS |     188 tris | Cube.111
Fra:1 Mem:382.66M (Peak 489.93M) | Time:00:00.25 | Mem:258.73M, Peak:258.73M | Scene, ViewLayer | Updating Geometry BVH Cube.111 184/802 | Building mesh BLAS |     188 tris | Cube.110
Fra:1 Mem:382.66M (Peak 489.93M) | Time:00:00.25 | Mem:258.73M, Peak:258.73M | Scene, ViewLayer | Updating Geometry BVH Cube.112 185/802 | Building BVH
Fra:1 Mem:382.66M (Peak 489.93M) | Time:00:00.25 | Mem:258.73M, Peak:258.73M | Scene, ViewLayer | Updating Geometry BVH Cube.113 186/802 | Building BVH
Fra:1 Mem:382.66M (Peak 489.93M) | Time:00:00.25 | Mem:258.73M, Peak:258.73M | Scene, ViewLayer | Updating Geometry BVH Cube.115 188/802 | Building BVH
Fra:1 Mem:382.66M (Peak 489.93M) | Time:00:00.25 | Mem:258.73M, Peak:258.73M | Scene, ViewLayer | Updating Geometry BVH Cube.116 189/802 | Building BVH
Fra:1 Mem:382.66M (Peak 489.93M) | Time:00:00.25 | Mem:258.73M, Peak:258.73M | Scene, ViewLayer | Updating Geometry BVH Cube.116 189/802 | Building mesh BLAS |     188 tris | Cube.112
Fra:1 Mem:382.66M (Peak 489.93M) | Time:00:00.25 | Mem:258.73M, Peak:258.73M | Scene, ViewLayer | Updating Geometry BVH Cube.117 190/802 | Building mesh BLAS |     836 tris | Cube.113
Fra:1 Mem:382.66M (Peak 489.93M) | Time:00:00.25 | Mem:258.73M, Peak:258.73M | Scene, ViewLayer | Updating Geometry BVH Cube.117 190/802 | Building mesh BLAS |     760 tris | Cube.114
Fra:1 Mem:382.66M (Peak 489.93M) | Time:00:00.25 | Mem:258.74M, Peak:258.74M | Scene, ViewLayer | Updating Geometry BVH Cube.117 190/802 | Building mesh BLAS |     188 tris | Cube.117
Fra:1 Mem:382.66M (Peak 489.93M) | Time:00:00.25 | Mem:258.75M, Peak:258.75M | Scene, ViewLayer | Updating Geometry BVH Cube.118 191/802 | Building BVH
Fra:1 Mem:382.66M (Peak 489.93M) | Time:00:00.25 | Mem:258.75M, Peak:258.75M | Scene, ViewLayer | Updating Geometry BVH Cube.120 193/802 | Building BVH
Fra:1 Mem:382.66M (Peak 489.93M) | Time:00:00.25 | Mem:258.75M, Peak:258.75M | Scene, ViewLayer | Updating Geometry BVH Cube.121 194/802 | Building BVH
Fra:1 Mem:382.66M (Peak 489.93M) | Time:00:00.25 | Mem:258.75M, Peak:258.75M | Scene, ViewLayer | Updating Geometry BVH Cube.121 194/802 | Building mesh BLAS |     188 tris | Cube.120
Fra:1 Mem:382.66M (Peak 489.93M) | Time:00:00.25 | Mem:258.75M, Peak:258.75M | Scene, ViewLayer | Updating Geometry BVH Cube.122 195/802 | Building BVH
Fra:1 Mem:382.66M (Peak 489.93M) | Time:00:00.25 | Mem:258.75M, Peak:258.75M | Scene, ViewLayer | Updating Geometry BVH Cube.122 195/802 | Building mesh BLAS |     188 tris | Cube.119
Fra:1 Mem:382.66M (Peak 489.93M) | Time:00:00.25 | Mem:258.75M, Peak:258.75M | Scene, ViewLayer | Updating Geometry BVH Cube.122 195/802 | Building mesh BLAS |     188 tris | Cube.121
Fra:1 Mem:382.66M (Peak 489.93M) | Time:00:00.25 | Mem:258.75M, Peak:258.75M | Scene, ViewLayer | Updating Geometry BVH Cube.123 196/802 | Building BVH
Fra:1 Mem:382.66M (Peak 489.93M) | Time:00:00.25 | Mem:258.77M, Peak:258.77M | Scene, ViewLayer | Updating Geometry BVH Continuous stair soffit.003 791/802 | Building BVH
Fra:1 Mem:382.66M (Peak 489.93M) | Time:00:00.25 | Mem:258.77M, Peak:258.77M | Scene, ViewLayer | Updating Geometry BVH Continuous stair soffit.003 791/802 | Building mesh BLAS |     188 tris | Cube.123
Fra:1 Mem:382.66M (Peak 489.93M) | Time:00:00.25 | Mem:258.77M, Peak:258.77M | Scene, ViewLayer | Updating Geometry BVH Cube.124 197/802 | Building BVH
Fra:1 Mem:382.66M (Peak 489.93M) | Time:00:00.25 | Mem:258.77M, Peak:258.77M | Scene, ViewLayer | Updating Geometry BVH Cube.124 197/802 | Building mesh BLAS |     744 tris | Continuous stair soffit.003
Fra:1 Mem:382.66M (Peak 489.93M) | Time:00:00.25 | Mem:258.77M, Peak:258.77M | Scene, ViewLayer | Updating Geometry BVH Cube.124 197/802 | Building mesh BLAS |     188 tris | Cube.124
Fra:1 Mem:382.66M (Peak 489.93M) | Time:00:00.25 | Mem:258.77M, Peak:258.77M | Scene, ViewLayer | Updating Geometry BVH Cube.125 198/802 | Building BVH
Fra:1 Mem:382.66M (Peak 489.93M) | Time:00:00.25 | Mem:258.77M, Peak:258.77M | Scene, ViewLayer | Updating Geometry BVH Cube.125 198/802 | Building mesh BLAS |     380 tris | Cube.125
Fra:1 Mem:382.66M (Peak 489.93M) | Time:00:00.25 | Mem:258.77M, Peak:258.77M | Scene, ViewLayer | Updating Geometry BVH Cube.126 199/802 | Building BVH
Fra:1 Mem:382.66M (Peak 489.93M) | Time:00:00.25 | Mem:258.77M, Peak:258.77M | Scene, ViewLayer | Updating Geometry BVH Cube.127 200/802 | Building BVH
Fra:1 Mem:382.66M (Peak 489.93M) | Time:00:00.25 | Mem:258.77M, Peak:258.77M | Scene, ViewLayer | Updating Geometry BVH Cube.127 200/802 | Building mesh BLAS |     188 tris | Cube.126
Fra:1 Mem:382.66M (Peak 489.93M) | Time:00:00.25 | Mem:258.77M, Peak:258.77M | Scene, ViewLayer | Updating Geometry BVH Cube.127 200/802 | Building mesh BLAS |     188 tris | Cube.127
Fra:1 Mem:382.66M (Peak 489.93M) | Time:00:00.25 | Mem:258.86M, Peak:258.86M | Scene, ViewLayer | Updating Geometry BVH Cube.128 201/802 | Building BVH
Fra:1 Mem:382.66M (Peak 489.93M) | Time:00:00.25 | Mem:258.86M, Peak:258.86M | Scene, ViewLayer | Updating Geometry BVH Cube.129 202/802 | Building BVH
Fra:1 Mem:382.66M (Peak 489.93M) | Time:00:00.25 | Mem:258.86M, Peak:258.86M | Scene, ViewLayer | Updating Geometry BVH Cube.131 204/802 | Building mesh BLAS |     188 tris | Cube.128
Fra:1 Mem:382.66M (Peak 489.93M) | Time:00:00.25 | Mem:258.86M, Peak:258.86M | Scene, ViewLayer | Updating Geometry BVH Cube.132 205/802 | Building BVH
Fra:1 Mem:382.66M (Peak 489.93M) | Time:00:00.25 | Mem:258.86M, Peak:258.86M | Scene, ViewLayer | Updating Geometry BVH Cube.132 205/802 | Building mesh BLAS |     188 tris | Cube.132
Fra:1 Mem:382.66M (Peak 489.93M) | Time:00:00.25 | Mem:258.86M, Peak:258.86M | Scene, ViewLayer | Updating Geometry BVH Cube.132 205/802 | Building mesh BLAS |     188 tris | Cube.131
Fra:1 Mem:382.66M (Peak 489.93M) | Time:00:00.25 | Mem:258.86M, Peak:258.86M | Scene, ViewLayer | Updating Geometry BVH Cube.133 206/802 | Building BVH
Fra:1 Mem:382.66M (Peak 489.93M) | Time:00:00.25 | Mem:258.86M, Peak:258.86M | Scene, ViewLayer | Updating Geometry BVH Cube.133 206/802 | Building mesh BLAS |     188 tris | Cube.133
Fra:1 Mem:382.66M (Peak 489.93M) | Time:00:00.25 | Mem:258.87M, Peak:258.87M | Scene, ViewLayer | Updating Geometry BVH Cube.134 207/802 | Building BVH
Fra:1 Mem:382.66M (Peak 489.93M) | Time:00:00.25 | Mem:258.87M, Peak:258.87M | Scene, ViewLayer | Updating Geometry BVH Cube.134 207/802 | Building mesh BLAS |     188 tris | Cube.134
Fra:1 Mem:382.66M (Peak 489.93M) | Time:00:00.25 | Mem:258.88M, Peak:258.88M | Scene, ViewLayer | Updating Geometry BVH Cube.135 208/802 | Building BVH
Fra:1 Mem:382.66M (Peak 489.93M) | Time:00:00.25 | Mem:258.88M, Peak:258.88M | Scene, ViewLayer | Updating Geometry BVH Cube.135 208/802 | Building mesh BLAS |     188 tris | Cube.135
Fra:1 Mem:382.66M (Peak 489.93M) | Time:00:00.25 | Mem:258.88M, Peak:258.88M | Scene, ViewLayer | Updating Geometry BVH Cube.136 209/802 | Building BVH
Fra:1 Mem:382.66M (Peak 489.93M) | Time:00:00.25 | Mem:258.88M, Peak:258.88M | Scene, ViewLayer | Updating Geometry BVH Cube.137 210/802 | Building BVH
Fra:1 Mem:382.66M (Peak 489.93M) | Time:00:00.25 | Mem:258.88M, Peak:258.88M | Scene, ViewLayer | Updating Geometry BVH Cube.137 210/802 | Building mesh BLAS |     188 tris | Cube.136
Fra:1 Mem:382.66M (Peak 489.93M) | Time:00:00.25 | Mem:258.88M, Peak:258.88M | Scene, ViewLayer | Updating Geometry BVH Cube.138 211/802 | Building BVH
Fra:1 Mem:382.67M (Peak 489.93M) | Time:00:00.25 | Mem:258.88M, Peak:258.88M | Scene, ViewLayer | Updating Geometry BVH Cube.138 211/802 | Building mesh BLAS |     188 tris | Cube.138
Fra:1 Mem:382.66M (Peak 489.93M) | Time:00:00.26 | Mem:258.88M, Peak:258.88M | Scene, ViewLayer | Updating Geometry BVH Cube.138 211/802 | Building mesh BLAS |     188 tris | Continuous stair soffit.002
Fra:1 Mem:382.66M (Peak 489.93M) | Time:00:00.26 | Mem:258.88M, Peak:258.88M | Scene, ViewLayer | Updating Geometry BVH Cube.139 212/802 | Building BVH
Fra:1 Mem:382.67M (Peak 489.93M) | Time:00:00.26 | Mem:258.89M, Peak:258.89M | Scene, ViewLayer | Updating Geometry BVH Cube.140 213/802 | Building BVH
Fra:1 Mem:382.67M (Peak 489.93M) | Time:00:00.26 | Mem:258.89M, Peak:258.89M | Scene, ViewLayer | Updating Geometry BVH Cube.140 213/802 | Building mesh BLAS |     188 tris | Cube.139
Fra:1 Mem:382.67M (Peak 489.93M) | Time:00:00.26 | Mem:258.89M, Peak:258.89M | Scene, ViewLayer | Updating Geometry BVH Cube.140 213/802 | Building mesh BLAS |     188 tris | Cube.140
Fra:1 Mem:382.67M (Peak 489.93M) | Time:00:00.26 | Mem:258.89M, Peak:258.89M | Scene, ViewLayer | Updating Geometry BVH Cube.141 214/802 | Building BVH
Fra:1 Mem:382.67M (Peak 489.93M) | Time:00:00.26 | Mem:258.89M, Peak:258.89M | Scene, ViewLayer | Updating Geometry BVH Cube.141 214/802 | Building mesh BLAS |     188 tris | Cube.141
Fra:1 Mem:382.67M (Peak 489.93M) | Time:00:00.26 | Mem:258.89M, Peak:258.89M | Scene, ViewLayer | Updating Geometry BVH Cube.142 215/802 | Building BVH
Fra:1 Mem:382.67M (Peak 489.93M) | Time:00:00.26 | Mem:258.89M, Peak:258.89M | Scene, ViewLayer | Updating Geometry BVH Cube.142 215/802 | Building mesh BLAS |     188 tris | Cube.142
Fra:1 Mem:382.67M (Peak 489.93M) | Time:00:00.26 | Mem:258.89M, Peak:258.89M | Scene, ViewLayer | Updating Geometry BVH Cube.143 216/802 | Building BVH
Fra:1 Mem:382.67M (Peak 489.93M) | Time:00:00.26 | Mem:258.89M, Peak:258.89M | Scene, ViewLayer | Updating Geometry BVH Cube.143 216/802 | Building mesh BLAS |     188 tris | Cube.143
Fra:1 Mem:382.67M (Peak 489.93M) | Time:00:00.26 | Mem:258.89M, Peak:258.89M | Scene, ViewLayer | Updating Geometry BVH Cube.144 217/802 | Building BVH
Fra:1 Mem:382.67M (Peak 489.93M) | Time:00:00.26 | Mem:258.89M, Peak:258.89M | Scene, ViewLayer | Updating Geometry BVH Cube.144 217/802 | Building mesh BLAS |     188 tris | Cube.144
Fra:1 Mem:382.67M (Peak 489.93M) | Time:00:00.26 | Mem:258.90M, Peak:258.90M | Scene, ViewLayer | Updating Geometry BVH Cube.145 218/802 | Building BVH
Fra:1 Mem:382.67M (Peak 489.93M) | Time:00:00.26 | Mem:258.90M, Peak:258.90M | Scene, ViewLayer | Updating Geometry BVH Cube.145 218/802 | Building mesh BLAS |     188 tris | Cube.145
Fra:1 Mem:382.67M (Peak 489.93M) | Time:00:00.26 | Mem:258.90M, Peak:258.90M | Scene, ViewLayer | Updating Geometry BVH Cube.146 219/802 | Building BVH
Fra:1 Mem:382.67M (Peak 489.93M) | Time:00:00.26 | Mem:258.90M, Peak:258.90M | Scene, ViewLayer | Updating Geometry BVH Cube.148 221/802 | Building mesh BLAS |     188 tris | Cube.146
Fra:1 Mem:382.67M (Peak 489.93M) | Time:00:00.26 | Mem:258.90M, Peak:258.90M | Scene, ViewLayer | Updating Geometry BVH Cube.148 221/802 | Building mesh BLAS |     188 tris | Cube.148
Fra:1 Mem:382.67M (Peak 489.93M) | Time:00:00.26 | Mem:258.90M, Peak:258.90M | Scene, ViewLayer | Updating Geometry BVH Cube.148 221/802 | Building mesh BLAS |     188 tris | Cube.147
Fra:1 Mem:382.67M (Peak 489.93M) | Time:00:00.26 | Mem:258.91M, Peak:258.91M | Scene, ViewLayer | Updating Geometry BVH Cube.149 222/802 | Building BVH
Fra:1 Mem:382.67M (Peak 489.93M) | Time:00:00.26 | Mem:258.91M, Peak:258.91M | Scene, ViewLayer | Updating Geometry BVH Cube.149 222/802 | Building mesh BLAS |     188 tris | Cube.149
Fra:1 Mem:382.67M (Peak 489.93M) | Time:00:00.26 | Mem:258.92M, Peak:258.92M | Scene, ViewLayer | Updating Geometry BVH Cube.150 223/802 | Building BVH
Fra:1 Mem:382.67M (Peak 489.93M) | Time:00:00.26 | Mem:258.92M, Peak:258.92M | Scene, ViewLayer | Updating Geometry BVH Cube.150 223/802 | Building mesh BLAS |     188 tris | Cube.150
Fra:1 Mem:382.67M (Peak 489.93M) | Time:00:00.26 | Mem:258.92M, Peak:258.92M | Scene, ViewLayer | Updating Geometry BVH Cube.151 224/802 | Building BVH
Fra:1 Mem:382.67M (Peak 489.93M) | Time:00:00.26 | Mem:258.92M, Peak:258.92M | Scene, ViewLayer | Updating Geometry BVH Cube.151 224/802 | Building mesh BLAS |     188 tris | Cube.151
Fra:1 Mem:382.67M (Peak 489.93M) | Time:00:00.26 | Mem:258.92M, Peak:258.92M | Scene, ViewLayer | Updating Geometry BVH Cube.152 225/802 | Building BVH
Fra:1 Mem:382.67M (Peak 489.93M) | Time:00:00.26 | Mem:258.92M, Peak:258.92M | Scene, ViewLayer | Updating Geometry BVH Cube.152 225/802 | Building mesh BLAS |     188 tris | Cube.152
Fra:1 Mem:382.67M (Peak 489.93M) | Time:00:00.26 | Mem:258.92M, Peak:258.92M | Scene, ViewLayer | Updating Geometry BVH Cube.153 226/802 | Building BVH
Fra:1 Mem:382.67M (Peak 489.93M) | Time:00:00.26 | Mem:258.92M, Peak:258.92M | Scene, ViewLayer | Updating Geometry BVH Cube.154 227/802 | Building mesh BLAS |     188 tris | Cube.153
Fra:1 Mem:382.67M (Peak 489.93M) | Time:00:00.26 | Mem:259.00M, Peak:259.00M | Scene, ViewLayer | Updating Geometry BVH Cube.154 227/802 | Building mesh BLAS |     188 tris | Cube.154
Fra:1 Mem:382.67M (Peak 489.93M) | Time:00:00.26 | Mem:259.01M, Peak:259.01M | Scene, ViewLayer | Updating Geometry BVH Continuous stair soffit.001 789/802 | Building BVH
Fra:1 Mem:382.67M (Peak 489.93M) | Time:00:00.26 | Mem:259.01M, Peak:259.01M | Scene, ViewLayer | Updating Geometry BVH Cube.155 228/802 | Building BVH
Fra:1 Mem:382.67M (Peak 489.93M) | Time:00:00.26 | Mem:259.01M, Peak:259.01M | Scene, ViewLayer | Updating Geometry BVH Cube.155 228/802 | Building mesh BLAS |     188 tris | Cube.155
Fra:1 Mem:382.67M (Peak 489.93M) | Time:00:00.26 | Mem:259.01M, Peak:259.01M | Scene, ViewLayer | Updating Geometry BVH Cube.155 228/802 | Building mesh BLAS |     188 tris | Continuous stair soffit.001
Fra:1 Mem:382.67M (Peak 489.93M) | Time:00:00.26 | Mem:259.01M, Peak:259.01M | Scene, ViewLayer | Updating Geometry BVH Cube.156 229/802 | Building BVH
Fra:1 Mem:382.67M (Peak 489.93M) | Time:00:00.26 | Mem:259.01M, Peak:259.01M | Scene, ViewLayer | Updating Geometry BVH Cube.156 229/802 | Building mesh BLAS |     188 tris | Cube.156
Fra:1 Mem:382.67M (Peak 489.93M) | Time:00:00.26 | Mem:259.01M, Peak:259.01M | Scene, ViewLayer | Updating Geometry BVH Cube.158 231/802 | Building BVH
Fra:1 Mem:382.67M (Peak 489.93M) | Time:00:00.26 | Mem:259.01M, Peak:259.01M | Scene, ViewLayer | Updating Geometry BVH Cube.158 231/802 | Building mesh BLAS |     188 tris | Cube.157
Fra:1 Mem:382.67M (Peak 489.93M) | Time:00:00.26 | Mem:259.01M, Peak:259.01M | Scene, ViewLayer | Updating Geometry BVH Cube.158 231/802 | Building mesh BLAS |     188 tris | Cube.158
Fra:1 Mem:382.67M (Peak 489.93M) | Time:00:00.26 | Mem:259.02M, Peak:259.02M | Scene, ViewLayer | Updating Geometry BVH Cube.159 232/802 | Building BVH
Fra:1 Mem:382.67M (Peak 489.93M) | Time:00:00.26 | Mem:259.02M, Peak:259.02M | Scene, ViewLayer | Updating Geometry BVH Cube.159 232/802 | Building mesh BLAS |     188 tris | Cube.159
Fra:1 Mem:382.67M (Peak 489.93M) | Time:00:00.26 | Mem:259.03M, Peak:259.03M | Scene, ViewLayer | Updating Geometry BVH Cube.160 233/802 | Building BVH
Fra:1 Mem:382.67M (Peak 489.93M) | Time:00:00.26 | Mem:259.03M, Peak:259.03M | Scene, ViewLayer | Updating Geometry BVH Cube.161 234/802 | Building BVH
Fra:1 Mem:382.67M (Peak 489.93M) | Time:00:00.26 | Mem:259.03M, Peak:259.03M | Scene, ViewLayer | Updating Geometry BVH Cube.161 234/802 | Building mesh BLAS |     188 tris | Cube.160
Fra:1 Mem:382.67M (Peak 489.93M) | Time:00:00.26 | Mem:259.03M, Peak:259.03M | Scene, ViewLayer | Updating Geometry BVH Cube.161 234/802 | Building mesh BLAS |     188 tris | Cube.161
Fra:1 Mem:382.67M (Peak 489.93M) | Time:00:00.26 | Mem:259.04M, Peak:259.04M | Scene, ViewLayer | Updating Geometry BVH Cube.162 235/802 | Building BVH
Fra:1 Mem:382.67M (Peak 489.93M) | Time:00:00.26 | Mem:259.04M, Peak:259.04M | Scene, ViewLayer | Updating Geometry BVH Cube.163 236/802 | Building BVH
Fra:1 Mem:382.67M (Peak 489.93M) | Time:00:00.26 | Mem:259.04M, Peak:259.04M | Scene, ViewLayer | Updating Geometry BVH Cube.163 236/802 | Building mesh BLAS |     188 tris | Cube.163
Fra:1 Mem:382.67M (Peak 489.93M) | Time:00:00.26 | Mem:259.04M, Peak:259.04M | Scene, ViewLayer | Updating Geometry BVH Cube.164 237/802 | Building BVH
Fra:1 Mem:382.67M (Peak 489.93M) | Time:00:00.26 | Mem:259.04M, Peak:259.04M | Scene, ViewLayer | Updating Geometry BVH Cube.164 237/802 | Building mesh BLAS |     188 tris | Cube.164
Fra:1 Mem:382.67M (Peak 489.93M) | Time:00:00.26 | Mem:259.04M, Peak:259.04M | Scene, ViewLayer | Updating Geometry BVH Cube.164 237/802 | Building mesh BLAS |     188 tris | Cube.162
Fra:1 Mem:382.67M (Peak 489.93M) | Time:00:00.26 | Mem:259.05M, Peak:259.05M | Scene, ViewLayer | Updating Geometry BVH Cube.165 238/802 | Building BVH
Fra:1 Mem:382.67M (Peak 489.93M) | Time:00:00.26 | Mem:259.05M, Peak:259.05M | Scene, ViewLayer | Updating Geometry BVH Cube.165 238/802 | Building mesh BLAS |     188 tris | Cube.165
Fra:1 Mem:382.67M (Peak 489.93M) | Time:00:00.26 | Mem:259.05M, Peak:259.05M | Scene, ViewLayer | Updating Geometry BVH Cube.166 239/802 | Building BVH
Fra:1 Mem:382.67M (Peak 489.93M) | Time:00:00.26 | Mem:259.05M, Peak:259.05M | Scene, ViewLayer | Updating Geometry BVH Cube.166 239/802 | Building mesh BLAS |     188 tris | Cube.166
Fra:1 Mem:382.67M (Peak 489.93M) | Time:00:00.26 | Mem:259.05M, Peak:259.05M | Scene, ViewLayer | Updating Geometry BVH Cube.167 240/802 | Building BVH
Fra:1 Mem:382.67M (Peak 489.93M) | Time:00:00.26 | Mem:259.06M, Peak:259.06M | Scene, ViewLayer | Updating Geometry BVH Cube.168 241/802 | Building BVH
Fra:1 Mem:382.67M (Peak 489.93M) | Time:00:00.26 | Mem:259.06M, Peak:259.06M | Scene, ViewLayer | Updating Geometry BVH Cube.169 242/802 | Building mesh BLAS |     188 tris | Cube.167
Fra:1 Mem:382.67M (Peak 489.93M) | Time:00:00.26 | Mem:259.06M, Peak:259.06M | Scene, ViewLayer | Updating Geometry BVH Cube.169 242/802 | Building mesh BLAS |     188 tris | Cube.168
Fra:1 Mem:382.67M (Peak 489.93M) | Time:00:00.26 | Mem:259.06M, Peak:259.06M | Scene, ViewLayer | Updating Geometry BVH Cube.169 242/802 | Building mesh BLAS |     188 tris | Cube.169
Fra:1 Mem:382.67M (Peak 489.93M) | Time:00:00.26 | Mem:259.06M, Peak:259.06M | Scene, ViewLayer | Updating Geometry BVH Cube.170 243/802 | Building BVH
Fra:1 Mem:382.67M (Peak 489.93M) | Time:00:00.26 | Mem:259.06M, Peak:259.06M | Scene, ViewLayer | Updating Geometry BVH Cube.171 244/802 | Building BVH
Fra:1 Mem:382.67M (Peak 489.93M) | Time:00:00.26 | Mem:259.06M, Peak:259.06M | Scene, ViewLayer | Updating Geometry BVH Continuous stair soffit 788/802 | Building mesh BLAS |     188 tris | Cube.171
Fra:1 Mem:382.67M (Peak 489.93M) | Time:00:00.26 | Mem:259.06M, Peak:259.06M | Scene, ViewLayer | Updating Geometry BVH Cube.172 245/802 | Building BVH
Fra:1 Mem:382.67M (Peak 489.93M) | Time:00:00.26 | Mem:259.06M, Peak:259.06M | Scene, ViewLayer | Updating Geometry BVH Cube.172 245/802 | Building mesh BLAS |     188 tris | Cube.172
Fra:1 Mem:382.67M (Peak 489.93M) | Time:00:00.26 | Mem:259.06M, Peak:259.06M | Scene, ViewLayer | Updating Geometry BVH Cube.172 245/802 | Building mesh BLAS |     188 tris | Continuous stair soffit
Fra:1 Mem:382.67M (Peak 489.93M) | Time:00:00.26 | Mem:259.16M, Peak:259.16M | Scene, ViewLayer | Updating Geometry BVH Cube.173 246/802 | Building BVH
Fra:1 Mem:382.67M (Peak 489.93M) | Time:00:00.26 | Mem:259.16M, Peak:259.16M | Scene, ViewLayer | Updating Geometry BVH Cube.174 247/802 | Building BVH
Fra:1 Mem:382.67M (Peak 489.93M) | Time:00:00.26 | Mem:259.16M, Peak:259.16M | Scene, ViewLayer | Updating Geometry BVH Cube.174 247/802 | Building mesh BLAS |     188 tris | Cube.173
Fra:1 Mem:382.67M (Peak 489.93M) | Time:00:00.26 | Mem:259.16M, Peak:259.16M | Scene, ViewLayer | Updating Geometry BVH Cube.174 247/802 | Building mesh BLAS |     188 tris | Cube.174
Fra:1 Mem:382.67M (Peak 489.93M) | Time:00:00.26 | Mem:259.16M, Peak:259.16M | Scene, ViewLayer | Updating Geometry BVH Cube.175 248/802 | Building BVH
Fra:1 Mem:382.67M (Peak 489.93M) | Time:00:00.26 | Mem:259.16M, Peak:259.16M | Scene, ViewLayer | Updating Geometry BVH Cube.175 248/802 | Building mesh BLAS |     188 tris | Cube.175
Fra:1 Mem:382.67M (Peak 489.93M) | Time:00:00.26 | Mem:259.16M, Peak:259.16M | Scene, ViewLayer | Updating Geometry BVH Cube.176 249/802 | Building BVH
Fra:1 Mem:382.67M (Peak 489.93M) | Time:00:00.26 | Mem:259.16M, Peak:259.16M | Scene, ViewLayer | Updating Geometry BVH Cube.176 249/802 | Building mesh BLAS |     188 tris | Cube.176
Fra:1 Mem:382.67M (Peak 489.93M) | Time:00:00.26 | Mem:259.16M, Peak:259.16M | Scene, ViewLayer | Updating Geometry BVH Cube.177 250/802 | Building BVH
Fra:1 Mem:382.67M (Peak 489.93M) | Time:00:00.26 | Mem:259.17M, Peak:259.17M | Scene, ViewLayer | Updating Geometry BVH Cube.178 251/802 | Building BVH
Fra:1 Mem:382.67M (Peak 489.93M) | Time:00:00.26 | Mem:259.17M, Peak:259.17M | Scene, ViewLayer | Updating Geometry BVH Cube.178 251/802 | Building mesh BLAS |     188 tris | Cube.177
Fra:1 Mem:382.67M (Peak 489.93M) | Time:00:00.26 | Mem:259.19M, Peak:259.19M | Scene, ViewLayer | Updating Geometry BVH Cube.178 251/802 | Building mesh BLAS |     188 tris | Cube.178
Fra:1 Mem:382.67M (Peak 489.93M) | Time:00:00.26 | Mem:259.19M, Peak:259.19M | Scene, ViewLayer | Updating Geometry BVH Cube.179 252/802 | Building BVH
Fra:1 Mem:382.67M (Peak 489.93M) | Time:00:00.26 | Mem:259.19M, Peak:259.19M | Scene, ViewLayer | Updating Geometry BVH Cube.179 252/802 | Building mesh BLAS |     188 tris | Cube.179
Fra:1 Mem:382.67M (Peak 489.93M) | Time:00:00.26 | Mem:259.19M, Peak:259.19M | Scene, ViewLayer | Updating Geometry BVH Cube.180 253/802 | Building BVH
Fra:1 Mem:382.67M (Peak 489.93M) | Time:00:00.26 | Mem:259.20M, Peak:259.20M | Scene, ViewLayer | Updating Geometry BVH Cube.180 253/802 | Building mesh BLAS |     188 tris | Cube.180
Fra:1 Mem:382.67M (Peak 489.93M) | Time:00:00.26 | Mem:259.20M, Peak:259.20M | Scene, ViewLayer | Updating Geometry BVH Cube.181 254/802 | Building BVH
Fra:1 Mem:382.67M (Peak 489.93M) | Time:00:00.26 | Mem:259.20M, Peak:259.20M | Scene, ViewLayer | Updating Geometry BVH Cube.181 254/802 | Building mesh BLAS |     188 tris | Cube.181
Fra:1 Mem:382.67M (Peak 489.93M) | Time:00:00.26 | Mem:259.20M, Peak:259.20M | Scene, ViewLayer | Updating Geometry BVH Cube.182 255/802 | Building BVH
Fra:1 Mem:382.67M (Peak 489.93M) | Time:00:00.26 | Mem:259.20M, Peak:259.20M | Scene, ViewLayer | Updating Geometry BVH Cube.182 255/802 | Building mesh BLAS |     188 tris | Cube.182
Fra:1 Mem:382.67M (Peak 489.93M) | Time:00:00.26 | Mem:259.23M, Peak:259.23M | Scene, ViewLayer | Updating Geometry BVH Cube.183 256/802 | Building BVH
Fra:1 Mem:382.67M (Peak 489.93M) | Time:00:00.26 | Mem:259.23M, Peak:259.23M | Scene, ViewLayer | Updating Geometry BVH Cube.183 256/802 | Building mesh BLAS |     188 tris | Cube.183
Fra:1 Mem:382.67M (Peak 489.93M) | Time:00:00.26 | Mem:259.23M, Peak:259.23M | Scene, ViewLayer | Updating Geometry BVH Cube.184 257/802 | Building BVH
Fra:1 Mem:382.67M (Peak 489.93M) | Time:00:00.26 | Mem:259.23M, Peak:259.23M | Scene, ViewLayer | Updating Geometry BVH Cube.184 257/802 | Building mesh BLAS |     188 tris | Cube.184
Fra:1 Mem:382.67M (Peak 489.93M) | Time:00:00.26 | Mem:259.32M, Peak:259.32M | Scene, ViewLayer | Updating Geometry BVH Cube.186 259/802 | Building BVH
Fra:1 Mem:382.67M (Peak 489.93M) | Time:00:00.26 | Mem:259.32M, Peak:259.32M | Scene, ViewLayer | Updating Geometry BVH Cube.185 258/802 | Building BVH
Fra:1 Mem:382.67M (Peak 489.93M) | Time:00:00.26 | Mem:259.32M, Peak:259.32M | Scene, ViewLayer | Updating Geometry BVH Cube.185 258/802 | Building mesh BLAS |     188 tris | Cube.185
Fra:1 Mem:382.67M (Peak 489.93M) | Time:00:00.26 | Mem:259.32M, Peak:259.32M | Scene, ViewLayer | Updating Geometry BVH Cube.185 258/802 | Building mesh BLAS |     188 tris | Cube.186
Fra:1 Mem:382.67M (Peak 489.93M) | Time:00:00.26 | Mem:259.33M, Peak:259.33M | Scene, ViewLayer | Updating Geometry BVH Cube.187 260/802 | Building BVH
Fra:1 Mem:382.67M (Peak 489.93M) | Time:00:00.26 | Mem:259.35M, Peak:259.35M | Scene, ViewLayer | Updating Geometry BVH Cube.187 260/802 | Building mesh BLAS |     188 tris | Cube.187
Fra:1 Mem:382.67M (Peak 489.93M) | Time:00:00.26 | Mem:259.36M, Peak:259.36M | Scene, ViewLayer | Updating Geometry BVH Cube.188 261/802 | Building BVH
Fra:1 Mem:382.67M (Peak 489.93M) | Time:00:00.26 | Mem:259.38M, Peak:259.38M | Scene, ViewLayer | Updating Geometry BVH Cube.189 262/802 | Building BVH
Fra:1 Mem:382.67M (Peak 489.93M) | Time:00:00.26 | Mem:259.38M, Peak:259.38M | Scene, ViewLayer | Updating Geometry BVH Cube.189 262/802 | Building mesh BLAS |     188 tris | Cube.188
Fra:1 Mem:382.67M (Peak 489.93M) | Time:00:00.26 | Mem:259.38M, Peak:259.38M | Scene, ViewLayer | Updating Geometry BVH Cube.190 263/802 | Building BVH
Fra:1 Mem:382.67M (Peak 489.93M) | Time:00:00.26 | Mem:259.40M, Peak:259.40M | Scene, ViewLayer | Updating Geometry BVH Cube.191 264/802 | Building BVH
Fra:1 Mem:382.67M (Peak 489.93M) | Time:00:00.26 | Mem:259.40M, Peak:259.40M | Scene, ViewLayer | Updating Geometry BVH Cube.191 264/802 | Building mesh BLAS |     188 tris | Cube.190
Fra:1 Mem:382.67M (Peak 489.93M) | Time:00:00.26 | Mem:259.40M, Peak:259.40M | Scene, ViewLayer | Updating Geometry BVH Cube.192 265/802 | Building mesh BLAS |     188 tris | Cube.191
Fra:1 Mem:382.67M (Peak 489.93M) | Time:00:00.26 | Mem:259.40M, Peak:259.40M | Scene, ViewLayer | Updating Geometry BVH Cube.192 265/802 | Building mesh BLAS |     188 tris | Cube.192
Fra:1 Mem:382.67M (Peak 489.93M) | Time:00:00.26 | Mem:259.40M, Peak:259.40M | Scene, ViewLayer | Updating Geometry BVH Cube.192 265/802 | Building mesh BLAS |     188 tris | Cube.710
Fra:1 Mem:382.67M (Peak 489.93M) | Time:00:00.26 | Mem:259.43M, Peak:259.43M | Scene, ViewLayer | Updating Geometry BVH Cube.193 266/802 | Building BVH
Fra:1 Mem:382.67M (Peak 489.93M) | Time:00:00.26 | Mem:259.43M, Peak:259.43M | Scene, ViewLayer | Updating Geometry BVH Cube.193 266/802 | Building mesh BLAS |     188 tris | Cube.193
Fra:1 Mem:382.67M (Peak 489.93M) | Time:00:00.26 | Mem:259.43M, Peak:259.43M | Scene, ViewLayer | Updating Geometry BVH Cube.194 267/802 | Building BVH
Fra:1 Mem:382.67M (Peak 489.93M) | Time:00:00.26 | Mem:259.43M, Peak:259.43M | Scene, ViewLayer | Updating Geometry BVH Cube.194 267/802 | Building mesh BLAS |     188 tris | Cube.194
Fra:1 Mem:382.67M (Peak 489.93M) | Time:00:00.26 | Mem:259.44M, Peak:259.44M | Scene, ViewLayer | Updating Geometry BVH Cube.195 268/802 | Building BVH
Fra:1 Mem:382.67M (Peak 489.93M) | Time:00:00.26 | Mem:259.47M, Peak:259.47M | Scene, ViewLayer | Updating Geometry BVH Cube.195 268/802 | Building mesh BLAS |     188 tris | Cube.195
Fra:1 Mem:382.67M (Peak 489.93M) | Time:00:00.26 | Mem:259.47M, Peak:259.47M | Scene, ViewLayer | Updating Geometry BVH Cube.196 269/802 | Building BVH
Fra:1 Mem:382.67M (Peak 489.93M) | Time:00:00.26 | Mem:259.47M, Peak:259.47M | Scene, ViewLayer | Updating Geometry BVH Cube.196 269/802 | Building mesh BLAS |     188 tris | Cube.196
Fra:1 Mem:382.67M (Peak 489.93M) | Time:00:00.26 | Mem:259.47M, Peak:259.47M | Scene, ViewLayer | Updating Geometry BVH Cube.197 270/802 | Building BVH
Fra:1 Mem:382.67M (Peak 489.93M) | Time:00:00.26 | Mem:259.47M, Peak:259.47M | Scene, ViewLayer | Updating Geometry BVH Cube.197 270/802 | Building mesh BLAS |     188 tris | Cube.197
Fra:1 Mem:382.67M (Peak 489.93M) | Time:00:00.26 | Mem:259.47M, Peak:259.47M | Scene, ViewLayer | Updating Geometry BVH Cube.198 271/802 | Building BVH
Fra:1 Mem:382.67M (Peak 489.93M) | Time:00:00.26 | Mem:259.47M, Peak:259.47M | Scene, ViewLayer | Updating Geometry BVH Cube.199 272/802 | Building BVH
Fra:1 Mem:382.67M (Peak 489.93M) | Time:00:00.26 | Mem:259.47M, Peak:259.47M | Scene, ViewLayer | Updating Geometry BVH Cube.199 272/802 | Building mesh BLAS |     188 tris | Cube.198
Fra:1 Mem:382.67M (Peak 489.93M) | Time:00:00.26 | Mem:259.47M, Peak:259.47M | Scene, ViewLayer | Updating Geometry BVH Cube.199 272/802 | Building mesh BLAS |     188 tris | Cube.199
Fra:1 Mem:382.67M (Peak 489.93M) | Time:00:00.26 | Mem:259.55M, Peak:259.55M | Scene, ViewLayer | Updating Geometry BVH Cube.200 273/802 | Building BVH
Fra:1 Mem:382.67M (Peak 489.93M) | Time:00:00.26 | Mem:259.55M, Peak:259.55M | Scene, ViewLayer | Updating Geometry BVH Cube.200 273/802 | Building mesh BLAS |     188 tris | Cube.200
Fra:1 Mem:382.67M (Peak 489.93M) | Time:00:00.26 | Mem:259.57M, Peak:259.57M | Scene, ViewLayer | Updating Geometry BVH Cube.201 274/802 | Building BVH
Fra:1 Mem:382.67M (Peak 489.93M) | Time:00:00.26 | Mem:259.57M, Peak:259.57M | Scene, ViewLayer | Updating Geometry BVH Cube.202 275/802 | Building BVH
Fra:1 Mem:382.67M (Peak 489.93M) | Time:00:00.26 | Mem:259.57M, Peak:259.57M | Scene, ViewLayer | Updating Geometry BVH Cube.202 275/802 | Building mesh BLAS |     188 tris | Cube.201
Fra:1 Mem:382.67M (Peak 489.93M) | Time:00:00.26 | Mem:259.58M, Peak:259.58M | Scene, ViewLayer | Updating Geometry BVH Cube.203 276/802 | Building mesh BLAS |     188 tris | Cube.202
Fra:1 Mem:382.67M (Peak 489.93M) | Time:00:00.26 | Mem:259.58M, Peak:259.58M | Scene, ViewLayer | Updating Geometry BVH Cube.203 276/802 | Building mesh BLAS |     188 tris | Cube.203
Fra:1 Mem:382.67M (Peak 489.93M) | Time:00:00.26 | Mem:259.72M, Peak:259.72M | Scene, ViewLayer | Updating Geometry BVH Cube.204 277/802 | Building BVH
Fra:1 Mem:382.67M (Peak 489.93M) | Time:00:00.26 | Mem:259.72M, Peak:259.72M | Scene, ViewLayer | Updating Geometry BVH Cube.205 278/802 | Building BVH
Fra:1 Mem:382.67M (Peak 489.93M) | Time:00:00.26 | Mem:259.72M, Peak:259.72M | Scene, ViewLayer | Updating Geometry BVH Cube.206 279/802 | Building mesh BLAS |     188 tris | Cube.204
Fra:1 Mem:382.67M (Peak 489.93M) | Time:00:00.26 | Mem:259.73M, Peak:259.73M | Scene, ViewLayer | Updating Geometry BVH Cube.206 279/802 | Building mesh BLAS |     188 tris | Cube.205
Fra:1 Mem:382.67M (Peak 489.93M) | Time:00:00.26 | Mem:259.73M, Peak:259.73M | Scene, ViewLayer | Updating Geometry BVH Cube.207 280/802 | Building BVH
Fra:1 Mem:382.67M (Peak 489.93M) | Time:00:00.26 | Mem:259.74M, Peak:259.74M | Scene, ViewLayer | Updating Geometry BVH Cube.209 282/802 | Building BVH
Fra:1 Mem:382.67M (Peak 489.93M) | Time:00:00.26 | Mem:259.81M, Peak:259.81M | Scene, ViewLayer | Updating Geometry BVH Cube.208 281/802 | Building mesh BLAS |     188 tris | Cube.207
Fra:1 Mem:382.67M (Peak 489.93M) | Time:00:00.26 | Mem:259.81M, Peak:259.81M | Scene, ViewLayer | Updating Geometry BVH Plane.070 786/802 | Building mesh BLAS |     188 tris | Cube.209
Fra:1 Mem:382.67M (Peak 489.93M) | Time:00:00.26 | Mem:259.82M, Peak:259.82M | Scene, ViewLayer | Updating Geometry BVH Cube.210 283/802 | Building BVH
Fra:1 Mem:382.67M (Peak 489.93M) | Time:00:00.26 | Mem:259.82M, Peak:259.82M | Scene, ViewLayer | Updating Geometry BVH Cube.210 283/802 | Building mesh BLAS |     188 tris | Cube.210
Fra:1 Mem:382.67M (Peak 489.93M) | Time:00:00.26 | Mem:259.82M, Peak:259.82M | Scene, ViewLayer | Updating Geometry BVH Cube.212 285/802 | Building BVH
Fra:1 Mem:382.67M (Peak 489.93M) | Time:00:00.26 | Mem:259.83M, Peak:259.83M | Scene, ViewLayer | Updating Geometry BVH Cube.211 284/802 | Building BVH
Fra:1 Mem:382.67M (Peak 489.93M) | Time:00:00.26 | Mem:259.84M, Peak:259.84M | Scene, ViewLayer | Updating Geometry BVH Cube.214 287/802 | Building BVH
Fra:1 Mem:382.67M (Peak 489.93M) | Time:00:00.26 | Mem:259.87M, Peak:259.87M | Scene, ViewLayer | Updating Geometry BVH Cube.215 288/802 | Building BVH
Fra:1 Mem:382.67M (Peak 489.93M) | Time:00:00.26 | Mem:259.89M, Peak:259.89M | Scene, ViewLayer | Updating Geometry BVH Cube.215 288/802 | Building mesh BLAS |     188 tris | Cube.215
Fra:1 Mem:382.67M (Peak 489.93M) | Time:00:00.26 | Mem:259.89M, Peak:259.89M | Scene, ViewLayer | Updating Geometry BVH Cube.216 289/802 | Building BVH
Fra:1 Mem:382.67M (Peak 489.93M) | Time:00:00.26 | Mem:259.89M, Peak:259.89M | Scene, ViewLayer | Updating Geometry BVH Cube.216 289/802 | Building mesh BLAS |     188 tris | Cube.214
Fra:1 Mem:382.67M (Peak 489.93M) | Time:00:00.26 | Mem:259.89M, Peak:259.89M | Scene, ViewLayer | Updating Geometry BVH Cube.216 289/802 | Building mesh BLAS |     188 tris | Cube.213
Fra:1 Mem:382.67M (Peak 489.93M) | Time:00:00.26 | Mem:259.89M, Peak:259.89M | Scene, ViewLayer | Updating Geometry BVH Cube.217 290/802 | Building BVH
Fra:1 Mem:382.67M (Peak 489.93M) | Time:00:00.26 | Mem:259.89M, Peak:259.89M | Scene, ViewLayer | Updating Geometry BVH Cube.217 290/802 | Building mesh BLAS |     188 tris | Cube.216
Fra:1 Mem:382.67M (Peak 489.93M) | Time:00:00.26 | Mem:259.89M, Peak:259.89M | Scene, ViewLayer | Updating Geometry BVH Cube.217 290/802 | Building mesh BLAS |     188 tris | Cube.217
Fra:1 Mem:382.67M (Peak 489.93M) | Time:00:00.26 | Mem:259.89M, Peak:259.89M | Scene, ViewLayer | Updating Geometry BVH Cube.217 290/802 | Building mesh BLAS |  106900 tris | Plane.070
Fra:1 Mem:382.67M (Peak 489.93M) | Time:00:00.26 | Mem:259.90M, Peak:259.90M | Scene, ViewLayer | Updating Geometry BVH Cube.218 291/802 | Building BVH
Fra:1 Mem:382.67M (Peak 489.93M) | Time:00:00.26 | Mem:259.90M, Peak:259.90M | Scene, ViewLayer | Updating Geometry BVH Cube.218 291/802 | Building mesh BLAS |     188 tris | Cube.218
Fra:1 Mem:382.67M (Peak 489.93M) | Time:00:00.26 | Mem:259.90M, Peak:259.90M | Scene, ViewLayer | Updating Geometry BVH Cube.219 292/802 | Building BVH
Fra:1 Mem:382.67M (Peak 489.93M) | Time:00:00.26 | Mem:259.90M, Peak:259.90M | Scene, ViewLayer | Updating Geometry BVH Cube.219 292/802 | Building mesh BLAS |     188 tris | Cube.219
Fra:1 Mem:382.67M (Peak 489.93M) | Time:00:00.26 | Mem:259.94M, Peak:259.94M | Scene, ViewLayer | Updating Geometry BVH Cube.220 293/802 | Building BVH
Fra:1 Mem:382.67M (Peak 489.93M) | Time:00:00.26 | Mem:259.95M, Peak:259.95M | Scene, ViewLayer | Updating Geometry BVH Cube.220 293/802 | Building mesh BLAS |     188 tris | Cube.220
Fra:1 Mem:382.67M (Peak 489.93M) | Time:00:00.26 | Mem:259.96M, Peak:259.96M | Scene, ViewLayer | Updating Geometry BVH Cube.221 294/802 | Building BVH
Fra:1 Mem:382.67M (Peak 489.93M) | Time:00:00.26 | Mem:259.97M, Peak:259.97M | Scene, ViewLayer | Updating Geometry BVH Cube.221 294/802 | Building mesh BLAS |     188 tris | Cube.221
Fra:1 Mem:382.67M (Peak 489.93M) | Time:00:00.26 | Mem:259.97M, Peak:259.97M | Scene, ViewLayer | Updating Geometry BVH Cube.222 295/802 | Building BVH
Fra:1 Mem:382.67M (Peak 489.93M) | Time:00:00.26 | Mem:259.97M, Peak:259.97M | Scene, ViewLayer | Updating Geometry BVH Cube.222 295/802 | Building mesh BLAS |     188 tris | Cube.222
Fra:1 Mem:382.67M (Peak 489.93M) | Time:00:00.26 | Mem:259.97M, Peak:259.97M | Scene, ViewLayer | Updating Geometry BVH Cube.223 296/802 | Building BVH
Fra:1 Mem:382.67M (Peak 489.93M) | Time:00:00.26 | Mem:259.97M, Peak:259.97M | Scene, ViewLayer | Updating Geometry BVH Cube.223 296/802 | Building mesh BLAS |     188 tris | Cube.223
Fra:1 Mem:382.67M (Peak 489.93M) | Time:00:00.26 | Mem:259.98M, Peak:259.98M | Scene, ViewLayer | Updating Geometry BVH Cube.224 297/802 | Building BVH
Fra:1 Mem:382.67M (Peak 489.93M) | Time:00:00.26 | Mem:259.98M, Peak:259.98M | Scene, ViewLayer | Updating Geometry BVH Cube.226 299/802 | Building BVH
Fra:1 Mem:382.67M (Peak 489.93M) | Time:00:00.26 | Mem:259.98M, Peak:259.98M | Scene, ViewLayer | Updating Geometry BVH Cube.226 299/802 | Building mesh BLAS |     188 tris | Cube.224
Fra:1 Mem:382.67M (Peak 489.93M) | Time:00:00.26 | Mem:260.00M, Peak:260.00M | Scene, ViewLayer | Updating Geometry BVH Cube.226 299/802 | Building mesh BLAS |     188 tris | Cube.225
Fra:1 Mem:382.67M (Peak 489.93M) | Time:00:00.26 | Mem:260.02M, Peak:260.02M | Scene, ViewLayer | Updating Geometry BVH Cube.226 299/802 | Building mesh BLAS |     188 tris | Cube.226
Fra:1 Mem:382.67M (Peak 489.93M) | Time:00:00.26 | Mem:260.03M, Peak:260.03M | Scene, ViewLayer | Updating Geometry BVH Cube.227 300/802 | Building BVH
Fra:1 Mem:382.67M (Peak 489.93M) | Time:00:00.26 | Mem:260.03M, Peak:260.03M | Scene, ViewLayer | Updating Geometry BVH Cube.228 301/802 | Building BVH
Fra:1 Mem:382.67M (Peak 489.93M) | Time:00:00.26 | Mem:260.06M, Peak:260.06M | Scene, ViewLayer | Updating Geometry BVH Cube.229 302/802 | Building mesh BLAS |     188 tris | Cube.227
Fra:1 Mem:382.67M (Peak 489.93M) | Time:00:00.26 | Mem:260.06M, Peak:260.06M | Scene, ViewLayer | Updating Geometry BVH Cube.231 304/802 | Building BVH
Fra:1 Mem:382.67M (Peak 489.93M) | Time:00:00.26 | Mem:260.06M, Peak:260.06M | Scene, ViewLayer | Updating Geometry BVH Cube.230 303/802 | Building BVH
Fra:1 Mem:382.67M (Peak 489.93M) | Time:00:00.26 | Mem:260.07M, Peak:260.07M | Scene, ViewLayer | Updating Geometry BVH Cube.230 303/802 | Building mesh BLAS |     188 tris | Cube.231
Fra:1 Mem:382.67M (Peak 489.93M) | Time:00:00.26 | Mem:260.07M, Peak:260.07M | Scene, ViewLayer | Updating Geometry BVH Cube.232 305/802 | Building mesh BLAS |     188 tris | Cube.230
Fra:1 Mem:382.67M (Peak 489.93M) | Time:00:00.26 | Mem:260.07M, Peak:260.07M | Scene, ViewLayer | Updating Geometry BVH Cube.232 305/802 | Building mesh BLAS |     188 tris | Cube.229
Fra:1 Mem:382.67M (Peak 489.93M) | Time:00:00.26 | Mem:260.07M, Peak:260.07M | Scene, ViewLayer | Updating Geometry BVH Cube.233 306/802 | Building BVH
Fra:1 Mem:382.67M (Peak 489.93M) | Time:00:00.26 | Mem:260.07M, Peak:260.07M | Scene, ViewLayer | Updating Geometry BVH Cube.234 307/802 | Building BVH
Fra:1 Mem:382.67M (Peak 489.93M) | Time:00:00.26 | Mem:260.07M, Peak:260.07M | Scene, ViewLayer | Updating Geometry BVH Cube.235 308/802 | Building BVH
Fra:1 Mem:382.67M (Peak 489.93M) | Time:00:00.26 | Mem:260.07M, Peak:260.07M | Scene, ViewLayer | Updating Geometry BVH Cube.235 308/802 | Building mesh BLAS |     188 tris | Cube.234
Fra:1 Mem:382.67M (Peak 489.93M) | Time:00:00.26 | Mem:260.07M, Peak:260.07M | Scene, ViewLayer | Updating Geometry BVH Cube.236 309/802 | Building BVH
Fra:1 Mem:382.67M (Peak 489.93M) | Time:00:00.26 | Mem:260.09M, Peak:260.09M | Scene, ViewLayer | Updating Geometry BVH Cube.236 309/802 | Building mesh BLAS |     188 tris | Cube.236
Fra:1 Mem:382.67M (Peak 489.93M) | Time:00:00.26 | Mem:260.11M, Peak:260.11M | Scene, ViewLayer | Updating Geometry BVH Cube.237 310/802 | Building BVH
Fra:1 Mem:382.67M (Peak 489.93M) | Time:00:00.26 | Mem:260.11M, Peak:260.11M | Scene, ViewLayer | Updating Geometry BVH Cube.238 311/802 | Building BVH
Fra:1 Mem:382.67M (Peak 489.93M) | Time:00:00.26 | Mem:260.11M, Peak:260.11M | Scene, ViewLayer | Updating Geometry BVH Cube.238 311/802 | Building mesh BLAS |     188 tris | Cube.238
Fra:1 Mem:382.67M (Peak 489.93M) | Time:00:00.26 | Mem:260.12M, Peak:260.12M | Scene, ViewLayer | Updating Geometry BVH Cube.239 312/802 | Building BVH
Fra:1 Mem:382.67M (Peak 489.93M) | Time:00:00.26 | Mem:260.13M, Peak:260.13M | Scene, ViewLayer | Updating Geometry BVH Cube.239 312/802 | Building mesh BLAS |     188 tris | Cube.239
Fra:1 Mem:382.67M (Peak 489.93M) | Time:00:00.26 | Mem:260.14M, Peak:260.14M | Scene, ViewLayer | Updating Geometry BVH Cube.240 313/802 | Building BVH
Fra:1 Mem:382.67M (Peak 489.93M) | Time:00:00.26 | Mem:260.15M, Peak:260.15M | Scene, ViewLayer | Updating Geometry BVH Cube.240 313/802 | Building mesh BLAS |     188 tris | Cube.240
Fra:1 Mem:382.67M (Peak 489.93M) | Time:00:00.26 | Mem:260.15M, Peak:260.15M | Scene, ViewLayer | Updating Geometry BVH Cube.241 314/802 | Building BVH
Fra:1 Mem:382.67M (Peak 489.93M) | Time:00:00.26 | Mem:260.15M, Peak:260.15M | Scene, ViewLayer | Updating Geometry BVH Cube.241 314/802 | Building mesh BLAS |     188 tris | Cube.241
Fra:1 Mem:382.67M (Peak 489.93M) | Time:00:00.26 | Mem:260.15M, Peak:260.15M | Scene, ViewLayer | Updating Geometry BVH Cube.242 315/802 | Building BVH
Fra:1 Mem:382.67M (Peak 489.93M) | Time:00:00.26 | Mem:260.15M, Peak:260.15M | Scene, ViewLayer | Updating Geometry BVH Cube.243 316/802 | Building BVH
Fra:1 Mem:382.67M (Peak 489.93M) | Time:00:00.26 | Mem:260.15M, Peak:260.15M | Scene, ViewLayer | Updating Geometry BVH Cube.243 316/802 | Building mesh BLAS |     188 tris | Cube.242
Fra:1 Mem:382.67M (Peak 489.93M) | Time:00:00.26 | Mem:260.15M, Peak:260.15M | Scene, ViewLayer | Updating Geometry BVH Cube.243 316/802 | Building mesh BLAS |     188 tris | Cube.243
Fra:1 Mem:382.67M (Peak 489.93M) | Time:00:00.26 | Mem:260.17M, Peak:260.17M | Scene, ViewLayer | Updating Geometry BVH Cube.244 317/802 | Building BVH
Fra:1 Mem:382.67M (Peak 489.93M) | Time:00:00.26 | Mem:260.17M, Peak:260.17M | Scene, ViewLayer | Updating Geometry BVH Cube.244 317/802 | Building mesh BLAS |     188 tris | Cube.244
Fra:1 Mem:382.67M (Peak 489.93M) | Time:00:00.26 | Mem:260.18M, Peak:260.18M | Scene, ViewLayer | Updating Geometry BVH Cube.245 318/802 | Building BVH
Fra:1 Mem:382.67M (Peak 489.93M) | Time:00:00.26 | Mem:260.19M, Peak:260.19M | Scene, ViewLayer | Updating Geometry BVH Cube.246 319/802 | Building BVH
Fra:1 Mem:382.67M (Peak 489.93M) | Time:00:00.26 | Mem:260.20M, Peak:260.20M | Scene, ViewLayer | Updating Geometry BVH Cube.246 319/802 | Building mesh BLAS |     188 tris | Cube.245
Fra:1 Mem:382.67M (Peak 489.93M) | Time:00:00.26 | Mem:260.22M, Peak:260.22M | Scene, ViewLayer | Updating Geometry BVH Cube.248 321/802 | Building BVH
Fra:1 Mem:382.67M (Peak 489.93M) | Time:00:00.26 | Mem:260.24M, Peak:260.24M | Scene, ViewLayer | Updating Geometry BVH Cube.248 321/802 | Building mesh BLAS |     188 tris | Cube.247
Fra:1 Mem:382.67M (Peak 489.93M) | Time:00:00.26 | Mem:260.25M, Peak:260.25M | Scene, ViewLayer | Updating Geometry BVH Cube.249 322/802 | Building BVH
Fra:1 Mem:382.67M (Peak 489.93M) | Time:00:00.26 | Mem:260.27M, Peak:260.27M | Scene, ViewLayer | Updating Geometry BVH Cube.250 323/802 | Building BVH
Fra:1 Mem:382.67M (Peak 489.93M) | Time:00:00.26 | Mem:260.27M, Peak:260.27M | Scene, ViewLayer | Updating Geometry BVH Circle.002 785/802 | Building BVH
Fra:1 Mem:382.67M (Peak 489.93M) | Time:00:00.26 | Mem:260.27M, Peak:260.27M | Scene, ViewLayer | Updating Geometry BVH Cube.252 325/802 | Building mesh BLAS |     188 tris | Cube.249
Fra:1 Mem:382.67M (Peak 489.93M) | Time:00:00.26 | Mem:260.28M, Peak:260.28M | Scene, ViewLayer | Updating Geometry BVH Cube.252 325/802 | Building mesh BLAS |     188 tris | Cube.248
Fra:1 Mem:382.67M (Peak 489.93M) | Time:00:00.26 | Mem:260.28M, Peak:260.28M | Scene, ViewLayer | Updating Geometry BVH Cube.253 326/802 | Building BVH
Fra:1 Mem:382.67M (Peak 489.93M) | Time:00:00.26 | Mem:260.28M, Peak:260.28M | Scene, ViewLayer | Updating Geometry BVH Cube.254 327/802 | Building BVH
Fra:1 Mem:382.67M (Peak 489.93M) | Time:00:00.26 | Mem:260.28M, Peak:260.28M | Scene, ViewLayer | Updating Geometry BVH Cube.254 327/802 | Building mesh BLAS |     188 tris | Cube.253
Fra:1 Mem:382.67M (Peak 489.93M) | Time:00:00.26 | Mem:260.29M, Peak:260.29M | Scene, ViewLayer | Updating Geometry BVH Cube.254 327/802 | Building mesh BLAS |     188 tris | Cube.254
Fra:1 Mem:382.67M (Peak 489.93M) | Time:00:00.26 | Mem:260.29M, Peak:260.29M | Scene, ViewLayer | Updating Geometry BVH Cube.255 328/802 | Building BVH
Fra:1 Mem:382.67M (Peak 489.93M) | Time:00:00.26 | Mem:260.29M, Peak:260.29M | Scene, ViewLayer | Updating Geometry BVH Cube.255 328/802 | Building mesh BLAS |     188 tris | Cube.255
Fra:1 Mem:382.67M (Peak 489.93M) | Time:00:00.26 | Mem:260.30M, Peak:260.30M | Scene, ViewLayer | Updating Geometry BVH Cube.255 328/802 | Building mesh BLAS |     188 tris | Cube.251
Fra:1 Mem:382.67M (Peak 489.93M) | Time:00:00.26 | Mem:260.30M, Peak:260.30M | Scene, ViewLayer | Updating Geometry BVH Cube.256 329/802 | Building BVH
Fra:1 Mem:382.67M (Peak 489.93M) | Time:00:00.26 | Mem:260.30M, Peak:260.30M | Scene, ViewLayer | Updating Geometry BVH Cube.257 330/802 | Building BVH
Fra:1 Mem:382.67M (Peak 489.93M) | Time:00:00.26 | Mem:260.30M, Peak:260.30M | Scene, ViewLayer | Updating Geometry BVH Cube.257 330/802 | Building mesh BLAS |     188 tris | Cube.256
Fra:1 Mem:382.67M (Peak 489.93M) | Time:00:00.26 | Mem:260.30M, Peak:260.30M | Scene, ViewLayer | Updating Geometry BVH Cube.257 330/802 | Building mesh BLAS |     188 tris | Cube.257
Fra:1 Mem:382.67M (Peak 489.93M) | Time:00:00.26 | Mem:260.32M, Peak:260.32M | Scene, ViewLayer | Updating Geometry BVH Cube.258 331/802 | Building BVH
Fra:1 Mem:382.67M (Peak 489.93M) | Time:00:00.26 | Mem:260.32M, Peak:260.32M | Scene, ViewLayer | Updating Geometry BVH Cube.258 331/802 | Building mesh BLAS |     188 tris | Cube.258
Fra:1 Mem:382.67M (Peak 489.93M) | Time:00:00.26 | Mem:260.33M, Peak:260.33M | Scene, ViewLayer | Updating Geometry BVH Cube.259 332/802 | Building BVH
Fra:1 Mem:382.67M (Peak 489.93M) | Time:00:00.26 | Mem:260.33M, Peak:260.33M | Scene, ViewLayer | Updating Geometry BVH Cube.259 332/802 | Building mesh BLAS |     188 tris | Cube.259
Fra:1 Mem:382.67M (Peak 489.93M) | Time:00:00.26 | Mem:260.33M, Peak:260.33M | Scene, ViewLayer | Updating Geometry BVH Cube.260 333/802 | Building BVH
Fra:1 Mem:382.67M (Peak 489.93M) | Time:00:00.26 | Mem:260.35M, Peak:260.35M | Scene, ViewLayer | Updating Geometry BVH Cube.261 334/802 | Building BVH
Fra:1 Mem:382.67M (Peak 489.93M) | Time:00:00.26 | Mem:260.35M, Peak:260.35M | Scene, ViewLayer | Updating Geometry BVH Cube.262 335/802 | Building mesh BLAS |     188 tris | Cube.260
Fra:1 Mem:382.67M (Peak 489.93M) | Time:00:00.26 | Mem:260.35M, Peak:260.35M | Scene, ViewLayer | Updating Geometry BVH Cube.262 335/802 | Building mesh BLAS |     188 tris | Cube.261
Fra:1 Mem:382.67M (Peak 489.93M) | Time:00:00.26 | Mem:260.35M, Peak:260.35M | Scene, ViewLayer | Updating Geometry BVH Cube.262 335/802 | Building mesh BLAS |     188 tris | Cube.262
Fra:1 Mem:382.67M (Peak 489.93M) | Time:00:00.26 | Mem:260.36M, Peak:260.36M | Scene, ViewLayer | Updating Geometry BVH Cube.263 336/802 | Building BVH
Fra:1 Mem:382.67M (Peak 489.93M) | Time:00:00.26 | Mem:260.36M, Peak:260.36M | Scene, ViewLayer | Updating Geometry BVH Cube.263 336/802 | Building mesh BLAS |     188 tris | Cube.263
Fra:1 Mem:382.67M (Peak 489.93M) | Time:00:00.26 | Mem:260.37M, Peak:260.37M | Scene, ViewLayer | Updating Geometry BVH Cube.265 338/802 | Building BVH
Fra:1 Mem:382.67M (Peak 489.93M) | Time:00:00.26 | Mem:260.37M, Peak:260.37M | Scene, ViewLayer | Updating Geometry BVH Cube.265 338/802 | Building mesh BLAS |     188 tris | Cube.264
Fra:1 Mem:382.67M (Peak 489.93M) | Time:00:00.26 | Mem:260.37M, Peak:260.37M | Scene, ViewLayer | Updating Geometry BVH Cube.266 339/802 | Building BVH
Fra:1 Mem:382.67M (Peak 489.93M) | Time:00:00.26 | Mem:260.38M, Peak:260.38M | Scene, ViewLayer | Updating Geometry BVH Cube.266 339/802 | Building mesh BLAS |     188 tris | Cube.265
Fra:1 Mem:382.67M (Peak 489.93M) | Time:00:00.26 | Mem:260.39M, Peak:260.39M | Scene, ViewLayer | Updating Geometry BVH Cube.267 340/802 | Building BVH
Fra:1 Mem:382.67M (Peak 489.93M) | Time:00:00.26 | Mem:260.39M, Peak:260.39M | Scene, ViewLayer | Updating Geometry BVH Cube.267 340/802 | Building mesh BLAS |     188 tris | Cube.266
Fra:1 Mem:382.67M (Peak 489.93M) | Time:00:00.26 | Mem:260.39M, Peak:260.39M | Scene, ViewLayer | Updating Geometry BVH Cube.268 341/802 | Building BVH
Fra:1 Mem:382.67M (Peak 489.93M) | Time:00:00.26 | Mem:260.39M, Peak:260.39M | Scene, ViewLayer | Updating Geometry BVH Cube.268 341/802 | Building mesh BLAS |     188 tris | Cube.267
Fra:1 Mem:382.67M (Peak 489.93M) | Time:00:00.26 | Mem:260.39M, Peak:260.39M | Scene, ViewLayer | Updating Geometry BVH Cube.268 341/802 | Building mesh BLAS |     188 tris | Cube.268
Fra:1 Mem:382.67M (Peak 489.93M) | Time:00:00.26 | Mem:260.42M, Peak:260.42M | Scene, ViewLayer | Updating Geometry BVH Cube.269 342/802 | Building BVH
Fra:1 Mem:382.67M (Peak 489.93M) | Time:00:00.26 | Mem:260.42M, Peak:260.42M | Scene, ViewLayer | Updating Geometry BVH Cube.269 342/802 | Building mesh BLAS |     188 tris | Cube.269
Fra:1 Mem:382.67M (Peak 489.93M) | Time:00:00.26 | Mem:260.42M, Peak:260.42M | Scene, ViewLayer | Updating Geometry BVH Cube.270 343/802 | Building BVH
Fra:1 Mem:382.67M (Peak 489.93M) | Time:00:00.26 | Mem:260.43M, Peak:260.43M | Scene, ViewLayer | Updating Geometry BVH Cube.271 344/802 | Building BVH
Fra:1 Mem:382.67M (Peak 489.93M) | Time:00:00.26 | Mem:260.43M, Peak:260.43M | Scene, ViewLayer | Updating Geometry BVH Cube.271 344/802 | Building mesh BLAS |     188 tris | Cube.271
Fra:1 Mem:382.67M (Peak 489.93M) | Time:00:00.26 | Mem:260.43M, Peak:260.43M | Scene, ViewLayer | Updating Geometry BVH Cube.271 344/802 | Building mesh BLAS |     188 tris | Cube.270
Fra:1 Mem:382.67M (Peak 489.93M) | Time:00:00.26 | Mem:260.44M, Peak:260.44M | Scene, ViewLayer | Updating Geometry BVH Circle.008 784/802 | Building BVH
Fra:1 Mem:382.67M (Peak 489.93M) | Time:00:00.26 | Mem:260.44M, Peak:260.44M | Scene, ViewLayer | Updating Geometry BVH Cube.272 345/802 | Building BVH
Fra:1 Mem:382.67M (Peak 489.93M) | Time:00:00.26 | Mem:260.44M, Peak:260.44M | Scene, ViewLayer | Updating Geometry BVH Cube.272 345/802 | Building mesh BLAS |     188 tris | Cube.272
Fra:1 Mem:382.67M (Peak 489.93M) | Time:00:00.26 | Mem:260.46M, Peak:260.46M | Scene, ViewLayer | Updating Geometry BVH Cube.273 346/802 | Building BVH
Fra:1 Mem:382.67M (Peak 489.93M) | Time:00:00.26 | Mem:260.46M, Peak:260.46M | Scene, ViewLayer | Updating Geometry BVH Cube.273 346/802 | Building mesh BLAS |     188 tris | Cube.273
Fra:1 Mem:382.67M (Peak 489.93M) | Time:00:00.26 | Mem:260.47M, Peak:260.47M | Scene, ViewLayer | Updating Geometry BVH Cube.274 347/802 | Building BVH
Fra:1 Mem:382.67M (Peak 489.93M) | Time:00:00.26 | Mem:260.48M, Peak:260.48M | Scene, ViewLayer | Updating Geometry BVH Cube.274 347/802 | Building mesh BLAS |     188 tris | Cube.274
Fra:1 Mem:382.67M (Peak 489.93M) | Time:00:00.26 | Mem:260.48M, Peak:260.48M | Scene, ViewLayer | Updating Geometry BVH Cube.275 348/802 | Building BVH
Fra:1 Mem:382.67M (Peak 489.93M) | Time:00:00.26 | Mem:260.49M, Peak:260.49M | Scene, ViewLayer | Updating Geometry BVH Cube.276 349/802 | Building BVH
Fra:1 Mem:382.67M (Peak 489.93M) | Time:00:00.26 | Mem:260.49M, Peak:260.49M | Scene, ViewLayer | Updating Geometry BVH Cube.276 349/802 | Building mesh BLAS |     188 tris | Cube.276
Fra:1 Mem:382.67M (Peak 489.93M) | Time:00:00.26 | Mem:260.49M, Peak:260.49M | Scene, ViewLayer | Updating Geometry BVH Cube.276 349/802 | Building mesh BLAS |     188 tris | Cube.275
Fra:1 Mem:382.67M (Peak 489.93M) | Time:00:00.26 | Mem:260.49M, Peak:260.49M | Scene, ViewLayer | Updating Geometry BVH Cube.277 350/802 | Building BVH
Fra:1 Mem:382.67M (Peak 489.93M) | Time:00:00.26 | Mem:260.49M, Peak:260.49M | Scene, ViewLayer | Updating Geometry BVH Cube.277 350/802 | Building mesh BLAS |     188 tris | Cube.277
Fra:1 Mem:382.67M (Peak 489.93M) | Time:00:00.26 | Mem:260.50M, Peak:260.50M | Scene, ViewLayer | Updating Geometry BVH Cube.278 351/802 | Building BVH
Fra:1 Mem:382.67M (Peak 489.93M) | Time:00:00.26 | Mem:260.50M, Peak:260.50M | Scene, ViewLayer | Updating Geometry BVH Cube.279 352/802 | Building BVH
Fra:1 Mem:382.67M (Peak 489.93M) | Time:00:00.26 | Mem:260.50M, Peak:260.50M | Scene, ViewLayer | Updating Geometry BVH Cube.279 352/802 | Building mesh BLAS |     188 tris | Cube.278
Fra:1 Mem:382.67M (Peak 489.93M) | Time:00:00.26 | Mem:260.50M, Peak:260.50M | Scene, ViewLayer | Updating Geometry BVH Cube.279 352/802 | Building mesh BLAS |     188 tris | Cube.279
Fra:1 Mem:382.67M (Peak 489.93M) | Time:00:00.26 | Mem:260.51M, Peak:260.51M | Scene, ViewLayer | Updating Geometry BVH Cube.280 353/802 | Building BVH
Fra:1 Mem:382.67M (Peak 489.93M) | Time:00:00.26 | Mem:260.51M, Peak:260.51M | Scene, ViewLayer | Updating Geometry BVH Cube.280 353/802 | Building mesh BLAS |     188 tris | Cube.280
Fra:1 Mem:382.67M (Peak 489.93M) | Time:00:00.26 | Mem:260.51M, Peak:260.51M | Scene, ViewLayer | Updating Geometry BVH Cube.281 354/802 | Building BVH
Fra:1 Mem:382.67M (Peak 489.93M) | Time:00:00.26 | Mem:260.51M, Peak:260.51M | Scene, ViewLayer | Updating Geometry BVH Cube.281 354/802 | Building mesh BLAS |     188 tris | Cube.281
Fra:1 Mem:382.67M (Peak 489.93M) | Time:00:00.26 | Mem:260.51M, Peak:260.51M | Scene, ViewLayer | Updating Geometry BVH Cube.282 355/802 | Building BVH
Fra:1 Mem:382.67M (Peak 489.93M) | Time:00:00.26 | Mem:260.51M, Peak:260.51M | Scene, ViewLayer | Updating Geometry BVH Cube.282 355/802 | Building mesh BLAS |     188 tris | Cube.282
Fra:1 Mem:382.67M (Peak 489.93M) | Time:00:00.26 | Mem:260.51M, Peak:260.51M | Scene, ViewLayer | Updating Geometry BVH Cube.283 356/802 | Building BVH
Fra:1 Mem:382.67M (Peak 489.93M) | Time:00:00.26 | Mem:260.51M, Peak:260.51M | Scene, ViewLayer | Updating Geometry BVH Cube.283 356/802 | Building mesh BLAS |     188 tris | Cube.283
Fra:1 Mem:382.67M (Peak 489.93M) | Time:00:00.26 | Mem:260.52M, Peak:260.52M | Scene, ViewLayer | Updating Geometry BVH Cube.284 357/802 | Building BVH
Fra:1 Mem:382.67M (Peak 489.93M) | Time:00:00.26 | Mem:260.52M, Peak:260.52M | Scene, ViewLayer | Updating Geometry BVH Cube.284 357/802 | Building mesh BLAS |     188 tris | Cube.284
Fra:1 Mem:382.67M (Peak 489.93M) | Time:00:00.26 | Mem:260.55M, Peak:260.55M | Scene, ViewLayer | Updating Geometry BVH Cube.285 358/802 | Building BVH
Fra:1 Mem:382.67M (Peak 489.93M) | Time:00:00.26 | Mem:260.56M, Peak:260.56M | Scene, ViewLayer | Updating Geometry BVH Cube.286 359/802 | Building BVH
Fra:1 Mem:382.67M (Peak 489.93M) | Time:00:00.26 | Mem:260.56M, Peak:260.56M | Scene, ViewLayer | Updating Geometry BVH Cube.286 359/802 | Building mesh BLAS |     188 tris | Cube.285
Fra:1 Mem:382.67M (Peak 489.93M) | Time:00:00.26 | Mem:260.56M, Peak:260.56M | Scene, ViewLayer | Updating Geometry BVH Cube.286 359/802 | Building mesh BLAS |     188 tris | Cube.286
Fra:1 Mem:382.67M (Peak 489.93M) | Time:00:00.26 | Mem:260.56M, Peak:260.56M | Scene, ViewLayer | Updating Geometry BVH Cube.287 360/802 | Building BVH
Fra:1 Mem:382.67M (Peak 489.93M) | Time:00:00.26 | Mem:260.56M, Peak:260.56M | Scene, ViewLayer | Updating Geometry BVH Cube.287 360/802 | Building mesh BLAS |     188 tris | Cube.287
Fra:1 Mem:382.67M (Peak 489.93M) | Time:00:00.26 | Mem:260.58M, Peak:260.58M | Scene, ViewLayer | Updating Geometry BVH Cube.288 361/802 | Building BVH
Fra:1 Mem:382.67M (Peak 489.93M) | Time:00:00.26 | Mem:260.58M, Peak:260.58M | Scene, ViewLayer | Updating Geometry BVH Cube.288 361/802 | Building mesh BLAS |     188 tris | Cube.288
Fra:1 Mem:382.67M (Peak 489.93M) | Time:00:00.26 | Mem:260.58M, Peak:260.58M | Scene, ViewLayer | Updating Geometry BVH Cube.289 362/802 | Building BVH
Fra:1 Mem:382.67M (Peak 489.93M) | Time:00:00.26 | Mem:260.58M, Peak:260.58M | Scene, ViewLayer | Updating Geometry BVH Cube.289 362/802 | Building mesh BLAS |     188 tris | Cube.289
Fra:1 Mem:382.67M (Peak 489.93M) | Time:00:00.26 | Mem:260.60M, Peak:260.60M | Scene, ViewLayer | Updating Geometry BVH Cube.290 363/802 | Building BVH
Fra:1 Mem:382.67M (Peak 489.93M) | Time:00:00.26 | Mem:260.60M, Peak:260.60M | Scene, ViewLayer | Updating Geometry BVH Cube.290 363/802 | Building mesh BLAS |     188 tris | Cube.290
Fra:1 Mem:382.67M (Peak 489.93M) | Time:00:00.26 | Mem:260.61M, Peak:260.61M | Scene, ViewLayer | Updating Geometry BVH Cube.291 364/802 | Building BVH
Fra:1 Mem:382.67M (Peak 489.93M) | Time:00:00.26 | Mem:260.62M, Peak:260.62M | Scene, ViewLayer | Updating Geometry BVH Cube.292 365/802 | Building BVH
Fra:1 Mem:382.67M (Peak 489.93M) | Time:00:00.26 | Mem:260.62M, Peak:260.62M | Scene, ViewLayer | Updating Geometry BVH potted_plant_01_base_low 783/802 | Building BVH
Fra:1 Mem:382.67M (Peak 489.93M) | Time:00:00.26 | Mem:260.62M, Peak:260.62M | Scene, ViewLayer | Updating Geometry BVH Cube.293 366/802 | Building mesh BLAS |     188 tris | Cube.291
Fra:1 Mem:382.67M (Peak 489.93M) | Time:00:00.26 | Mem:260.62M, Peak:260.62M | Scene, ViewLayer | Updating Geometry BVH Cube.293 366/802 | Building mesh BLAS |     188 tris | Cube.292
Fra:1 Mem:382.67M (Peak 489.93M) | Time:00:00.26 | Mem:260.62M, Peak:260.62M | Scene, ViewLayer | Updating Geometry BVH Cube.293 366/802 | Building mesh BLAS |    7008 tris | potted_plant_01_base_low
Fra:1 Mem:382.67M (Peak 489.93M) | Time:00:00.26 | Mem:260.62M, Peak:260.62M | Scene, ViewLayer | Updating Geometry BVH Cube.293 366/802 | Building mesh BLAS |     188 tris | Cube.294
Fra:1 Mem:382.67M (Peak 489.93M) | Time:00:00.26 | Mem:260.62M, Peak:260.62M | Scene, ViewLayer | Updating Geometry BVH Cube.293 366/802 | Building mesh BLAS |     188 tris | Cube.293
Fra:1 Mem:382.67M (Peak 489.93M) | Time:00:00.26 | Mem:260.66M, Peak:260.66M | Scene, ViewLayer | Updating Geometry BVH Cube.296 369/802 | Building BVH
Fra:1 Mem:382.67M (Peak 489.93M) | Time:00:00.26 | Mem:260.66M, Peak:260.66M | Scene, ViewLayer | Updating Geometry BVH Cube.295 368/802 | Building BVH
Fra:1 Mem:382.67M (Peak 489.93M) | Time:00:00.26 | Mem:260.66M, Peak:260.66M | Scene, ViewLayer | Updating Geometry BVH Cube.295 368/802 | Building mesh BLAS |     188 tris | Cube.296
Fra:1 Mem:382.67M (Peak 489.93M) | Time:00:00.26 | Mem:260.66M, Peak:260.66M | Scene, ViewLayer | Updating Geometry BVH Cube.295 368/802 | Building mesh BLAS |     188 tris | Cube.295
Fra:1 Mem:382.67M (Peak 489.93M) | Time:00:00.26 | Mem:260.66M, Peak:260.66M | Scene, ViewLayer | Updating Geometry BVH Cube.297 370/802 | Building BVH
Fra:1 Mem:382.67M (Peak 489.93M) | Time:00:00.26 | Mem:260.66M, Peak:260.66M | Scene, ViewLayer | Updating Geometry BVH Cube.297 370/802 | Building mesh BLAS |     188 tris | Cube.297
Fra:1 Mem:382.67M (Peak 489.93M) | Time:00:00.26 | Mem:260.68M, Peak:260.68M | Scene, ViewLayer | Updating Geometry BVH Cube.298 371/802 | Building BVH
Fra:1 Mem:382.67M (Peak 489.93M) | Time:00:00.26 | Mem:260.68M, Peak:260.68M | Scene, ViewLayer | Updating Geometry BVH Cube.298 371/802 | Building mesh BLAS |     188 tris | Cube.298
Fra:1 Mem:382.67M (Peak 489.93M) | Time:00:00.26 | Mem:260.69M, Peak:260.69M | Scene, ViewLayer | Updating Geometry BVH Cube.299 372/802 | Building BVH
Fra:1 Mem:382.67M (Peak 489.93M) | Time:00:00.26 | Mem:260.70M, Peak:260.70M | Scene, ViewLayer | Updating Geometry BVH Cube.299 372/802 | Building mesh BLAS |     188 tris | Cube.299
Fra:1 Mem:382.67M (Peak 489.93M) | Time:00:00.26 | Mem:260.70M, Peak:260.70M | Scene, ViewLayer | Updating Geometry BVH Cube.300 373/802 | Building BVH
Fra:1 Mem:382.67M (Peak 489.93M) | Time:00:00.26 | Mem:260.70M, Peak:260.70M | Scene, ViewLayer | Updating Geometry BVH Cube.300 373/802 | Building mesh BLAS |     188 tris | Cube.300
Fra:1 Mem:382.67M (Peak 489.93M) | Time:00:00.26 | Mem:260.70M, Peak:260.70M | Scene, ViewLayer | Updating Geometry BVH Cube.301 374/802 | Building BVH
Fra:1 Mem:382.67M (Peak 489.93M) | Time:00:00.26 | Mem:260.70M, Peak:260.70M | Scene, ViewLayer | Updating Geometry BVH Cube.301 374/802 | Building mesh BLAS |     188 tris | Cube.301
Fra:1 Mem:382.67M (Peak 489.93M) | Time:00:00.26 | Mem:260.70M, Peak:260.70M | Scene, ViewLayer | Updating Geometry BVH Cube.302 375/802 | Building BVH
Fra:1 Mem:382.67M (Peak 489.93M) | Time:00:00.26 | Mem:260.70M, Peak:260.70M | Scene, ViewLayer | Updating Geometry BVH Cube.302 375/802 | Building mesh BLAS |     188 tris | Cube.302
Fra:1 Mem:382.67M (Peak 489.93M) | Time:00:00.26 | Mem:260.71M, Peak:260.71M | Scene, ViewLayer | Updating Geometry BVH Cube.303 376/802 | Building BVH
Fra:1 Mem:382.67M (Peak 489.93M) | Time:00:00.26 | Mem:260.71M, Peak:260.71M | Scene, ViewLayer | Updating Geometry BVH Cube.303 376/802 | Building mesh BLAS |     188 tris | Cube.303
Fra:1 Mem:382.67M (Peak 489.93M) | Time:00:00.26 | Mem:260.72M, Peak:260.72M | Scene, ViewLayer | Updating Geometry BVH Cube.304 377/802 | Building BVH
Fra:1 Mem:382.67M (Peak 489.93M) | Time:00:00.26 | Mem:260.73M, Peak:260.73M | Scene, ViewLayer | Updating Geometry BVH Cube.304 377/802 | Building mesh BLAS |     188 tris | Cube.304
Fra:1 Mem:382.67M (Peak 489.93M) | Time:00:00.26 | Mem:260.73M, Peak:260.73M | Scene, ViewLayer | Updating Geometry BVH Cube.305 378/802 | Building BVH
Fra:1 Mem:382.67M (Peak 489.93M) | Time:00:00.26 | Mem:260.73M, Peak:260.73M | Scene, ViewLayer | Updating Geometry BVH Cube.305 378/802 | Building mesh BLAS |     188 tris | Cube.305
Fra:1 Mem:382.67M (Peak 489.93M) | Time:00:00.27 | Mem:260.74M, Peak:260.74M | Scene, ViewLayer | Updating Geometry BVH Cube.306 379/802 | Building BVH
Fra:1 Mem:382.67M (Peak 489.93M) | Time:00:00.27 | Mem:260.75M, Peak:260.75M | Scene, ViewLayer | Updating Geometry BVH Cube.306 379/802 | Building mesh BLAS |     188 tris | Cube.306
Fra:1 Mem:382.67M (Peak 489.93M) | Time:00:00.27 | Mem:260.77M, Peak:260.77M | Scene, ViewLayer | Updating Geometry BVH Cube.307 380/802 | Building BVH
Fra:1 Mem:382.67M (Peak 489.93M) | Time:00:00.27 | Mem:260.78M, Peak:260.78M | Scene, ViewLayer | Updating Geometry BVH Cube.709 782/802 | Building BVH
Fra:1 Mem:382.67M (Peak 489.93M) | Time:00:00.27 | Mem:260.78M, Peak:260.78M | Scene, ViewLayer | Updating Geometry BVH Cube.709 782/802 | Building mesh BLAS |     188 tris | Cube.307
Fra:1 Mem:382.67M (Peak 489.93M) | Time:00:00.27 | Mem:260.79M, Peak:260.79M | Scene, ViewLayer | Updating Geometry BVH Cube.308 381/802 | Building BVH
Fra:1 Mem:382.67M (Peak 489.93M) | Time:00:00.27 | Mem:260.79M, Peak:260.79M | Scene, ViewLayer | Updating Geometry BVH Cube.309 382/802 | Building BVH
Fra:1 Mem:382.67M (Peak 489.93M) | Time:00:00.27 | Mem:260.79M, Peak:260.79M | Scene, ViewLayer | Updating Geometry BVH Cube.309 382/802 | Building mesh BLAS |     188 tris | Cube.309
Fra:1 Mem:382.67M (Peak 489.93M) | Time:00:00.27 | Mem:260.79M, Peak:260.79M | Scene, ViewLayer | Updating Geometry BVH Cube.310 383/802 | Building BVH
Fra:1 Mem:382.67M (Peak 489.93M) | Time:00:00.27 | Mem:260.79M, Peak:260.79M | Scene, ViewLayer | Updating Geometry BVH Cube.310 383/802 | Building mesh BLAS |     188 tris | Cube.310
Fra:1 Mem:382.67M (Peak 489.93M) | Time:00:00.27 | Mem:260.79M, Peak:260.79M | Scene, ViewLayer | Updating Geometry BVH Cube.311 384/802 | Building BVH
Fra:1 Mem:382.67M (Peak 489.93M) | Time:00:00.27 | Mem:260.80M, Peak:260.80M | Scene, ViewLayer | Updating Geometry BVH Cube.311 384/802 | Building mesh BLAS |     188 tris | Cube.311
Fra:1 Mem:382.67M (Peak 489.93M) | Time:00:00.27 | Mem:260.81M, Peak:260.81M | Scene, ViewLayer | Updating Geometry BVH Cube.312 385/802 | Building BVH
Fra:1 Mem:382.67M (Peak 489.93M) | Time:00:00.27 | Mem:260.81M, Peak:260.81M | Scene, ViewLayer | Updating Geometry BVH Cube.312 385/802 | Building mesh BLAS |     188 tris | Cube.312
Fra:1 Mem:382.67M (Peak 489.93M) | Time:00:00.27 | Mem:260.81M, Peak:260.81M | Scene, ViewLayer | Updating Geometry BVH Cube.313 386/802 | Building BVH
Fra:1 Mem:382.67M (Peak 489.93M) | Time:00:00.27 | Mem:260.83M, Peak:260.83M | Scene, ViewLayer | Updating Geometry BVH Cube.314 387/802 | Building BVH
Fra:1 Mem:382.67M (Peak 489.93M) | Time:00:00.27 | Mem:260.83M, Peak:260.83M | Scene, ViewLayer | Updating Geometry BVH Cube.315 388/802 | Building BVH
Fra:1 Mem:382.67M (Peak 489.93M) | Time:00:00.27 | Mem:260.83M, Peak:260.83M | Scene, ViewLayer | Updating Geometry BVH Cube.315 388/802 | Building mesh BLAS |     188 tris | Cube.314
Fra:1 Mem:382.67M (Peak 489.93M) | Time:00:00.27 | Mem:260.85M, Peak:260.85M | Scene, ViewLayer | Updating Geometry BVH Cube.315 388/802 | Building mesh BLAS |     188 tris | Cube.315
Fra:1 Mem:382.67M (Peak 489.93M) | Time:00:00.27 | Mem:260.85M, Peak:260.85M | Scene, ViewLayer | Updating Geometry BVH Cube.316 389/802 | Building BVH
Fra:1 Mem:382.67M (Peak 489.93M) | Time:00:00.27 | Mem:260.85M, Peak:260.85M | Scene, ViewLayer | Updating Geometry BVH Cube.316 389/802 | Building mesh BLAS |     188 tris | Cube.316
Fra:1 Mem:382.67M (Peak 489.93M) | Time:00:00.27 | Mem:260.86M, Peak:260.86M | Scene, ViewLayer | Updating Geometry BVH Cube.317 390/802 | Building BVH
Fra:1 Mem:382.67M (Peak 489.93M) | Time:00:00.27 | Mem:260.86M, Peak:260.86M | Scene, ViewLayer | Updating Geometry BVH Cube.317 390/802 | Building mesh BLAS |     188 tris | Cube.317
Fra:1 Mem:382.67M (Peak 489.93M) | Time:00:00.27 | Mem:260.86M, Peak:260.86M | Scene, ViewLayer | Updating Geometry BVH Cube.318 391/802 | Building BVH
Fra:1 Mem:382.67M (Peak 489.93M) | Time:00:00.27 | Mem:260.86M, Peak:260.86M | Scene, ViewLayer | Updating Geometry BVH Cube.318 391/802 | Building mesh BLAS |     188 tris | Cube.318
Fra:1 Mem:382.67M (Peak 489.93M) | Time:00:00.27 | Mem:260.88M, Peak:260.88M | Scene, ViewLayer | Updating Geometry BVH Cube.319 392/802 | Building BVH
Fra:1 Mem:382.67M (Peak 489.93M) | Time:00:00.27 | Mem:260.88M, Peak:260.88M | Scene, ViewLayer | Updating Geometry BVH Cube.319 392/802 | Building mesh BLAS |     188 tris | Cube.319
Fra:1 Mem:382.67M (Peak 489.93M) | Time:00:00.27 | Mem:260.88M, Peak:260.88M | Scene, ViewLayer | Updating Geometry BVH Cube.320 393/802 | Building BVH
Fra:1 Mem:382.67M (Peak 489.93M) | Time:00:00.27 | Mem:260.88M, Peak:260.88M | Scene, ViewLayer | Updating Geometry BVH Cube.320 393/802 | Building mesh BLAS |     188 tris | Cube.320
Fra:1 Mem:382.67M (Peak 489.93M) | Time:00:00.27 | Mem:260.88M, Peak:260.88M | Scene, ViewLayer | Updating Geometry BVH Cube.321 394/802 | Building BVH
Fra:1 Mem:382.67M (Peak 489.93M) | Time:00:00.27 | Mem:260.88M, Peak:260.88M | Scene, ViewLayer | Updating Geometry BVH Cube.321 394/802 | Building mesh BLAS |     188 tris | Cube.321
Fra:1 Mem:382.67M (Peak 489.93M) | Time:00:00.27 | Mem:260.88M, Peak:260.88M | Scene, ViewLayer | Updating Geometry BVH Cube.322 395/802 | Building BVH
Fra:1 Mem:382.67M (Peak 489.93M) | Time:00:00.27 | Mem:260.88M, Peak:260.88M | Scene, ViewLayer | Updating Geometry BVH Cube.322 395/802 | Building mesh BLAS |     188 tris | Cube.322
Fra:1 Mem:382.67M (Peak 489.93M) | Time:00:00.27 | Mem:260.90M, Peak:260.90M | Scene, ViewLayer | Updating Geometry BVH Cube.323 396/802 | Building BVH
Fra:1 Mem:382.67M (Peak 489.93M) | Time:00:00.27 | Mem:260.90M, Peak:260.90M | Scene, ViewLayer | Updating Geometry BVH Cube.323 396/802 | Building mesh BLAS |     188 tris | Cube.323
Fra:1 Mem:382.67M (Peak 489.93M) | Time:00:00.27 | Mem:260.92M, Peak:260.92M | Scene, ViewLayer | Updating Geometry BVH Cube.708 781/802 | Building BVH
Fra:1 Mem:382.67M (Peak 489.93M) | Time:00:00.27 | Mem:260.92M, Peak:260.92M | Scene, ViewLayer | Updating Geometry BVH Cube.324 397/802 | Building BVH
Fra:1 Mem:382.67M (Peak 489.93M) | Time:00:00.27 | Mem:260.93M, Peak:260.93M | Scene, ViewLayer | Updating Geometry BVH Cube.324 397/802 | Building mesh BLAS |     188 tris | Cube.708
Fra:1 Mem:382.67M (Peak 489.93M) | Time:00:00.27 | Mem:266.05M, Peak:266.05M | Scene, ViewLayer | Updating Geometry BVH Cube.326 399/802 | Building BVH
Fra:1 Mem:382.67M (Peak 489.93M) | Time:00:00.27 | Mem:266.06M, Peak:266.06M | Scene, ViewLayer | Updating Geometry BVH Cube.327 400/802 | Building BVH
Fra:1 Mem:382.67M (Peak 489.93M) | Time:00:00.27 | Mem:266.06M, Peak:266.06M | Scene, ViewLayer | Updating Geometry BVH Cube.328 401/802 | Building mesh BLAS |     188 tris | Cube.326
Fra:1 Mem:382.67M (Peak 489.93M) | Time:00:00.27 | Mem:266.07M, Peak:266.07M | Scene, ViewLayer | Updating Geometry BVH Cube.328 401/802 | Building mesh BLAS |     188 tris | Cube.327
Fra:1 Mem:382.67M (Peak 489.93M) | Time:00:00.27 | Mem:266.07M, Peak:266.07M | Scene, ViewLayer | Updating Geometry BVH Cube.329 402/802 | Building BVH
Fra:1 Mem:382.67M (Peak 489.93M) | Time:00:00.27 | Mem:266.08M, Peak:266.08M | Scene, ViewLayer | Updating Geometry BVH Cube.329 402/802 | Building mesh BLAS |     188 tris | Cube.325
Fra:1 Mem:382.67M (Peak 489.93M) | Time:00:00.27 | Mem:266.09M, Peak:266.09M | Scene, ViewLayer | Updating Geometry BVH Cube.329 402/802 | Building mesh BLAS |     188 tris | Cube.328
Fra:1 Mem:382.67M (Peak 489.93M) | Time:00:00.27 | Mem:266.10M, Peak:266.10M | Scene, ViewLayer | Updating Geometry BVH Cube.330 403/802 | Building BVH
Fra:1 Mem:382.67M (Peak 489.93M) | Time:00:00.27 | Mem:266.10M, Peak:266.10M | Scene, ViewLayer | Updating Geometry BVH Cube.330 403/802 | Building mesh BLAS |     188 tris | Cube.330
Fra:1 Mem:382.67M (Peak 489.93M) | Time:00:00.27 | Mem:266.10M, Peak:266.10M | Scene, ViewLayer | Updating Geometry BVH Cube.331 404/802 | Building BVH
Fra:1 Mem:382.67M (Peak 489.93M) | Time:00:00.27 | Mem:266.10M, Peak:266.10M | Scene, ViewLayer | Updating Geometry BVH Cube.331 404/802 | Building mesh BLAS |     188 tris | Cube.331
Fra:1 Mem:382.67M (Peak 489.93M) | Time:00:00.27 | Mem:266.10M, Peak:266.10M | Scene, ViewLayer | Updating Geometry BVH Cube.332 405/802 | Building BVH
Fra:1 Mem:382.67M (Peak 489.93M) | Time:00:00.27 | Mem:266.11M, Peak:266.11M | Scene, ViewLayer | Updating Geometry BVH Cube.333 406/802 | Building BVH
Fra:1 Mem:382.67M (Peak 489.93M) | Time:00:00.27 | Mem:266.12M, Peak:266.12M | Scene, ViewLayer | Updating Geometry BVH Cube.333 406/802 | Building mesh BLAS |     188 tris | Cube.332
Fra:1 Mem:382.67M (Peak 489.93M) | Time:00:00.27 | Mem:266.12M, Peak:266.12M | Scene, ViewLayer | Updating Geometry BVH Cube.334 407/802 | Building BVH
Fra:1 Mem:382.67M (Peak 489.93M) | Time:00:00.27 | Mem:266.12M, Peak:266.12M | Scene, ViewLayer | Updating Geometry BVH Cube.334 407/802 | Building mesh BLAS |     188 tris | Cube.334
Fra:1 Mem:382.67M (Peak 489.93M) | Time:00:00.27 | Mem:266.13M, Peak:266.13M | Scene, ViewLayer | Updating Geometry BVH Cube.335 408/802 | Building BVH
Fra:1 Mem:382.67M (Peak 489.93M) | Time:00:00.27 | Mem:266.14M, Peak:266.14M | Scene, ViewLayer | Updating Geometry BVH Cube.336 409/802 | Building BVH
Fra:1 Mem:382.67M (Peak 489.93M) | Time:00:00.27 | Mem:266.14M, Peak:266.14M | Scene, ViewLayer | Updating Geometry BVH Cube.337 410/802 | Building BVH
Fra:1 Mem:382.67M (Peak 489.93M) | Time:00:00.27 | Mem:266.14M, Peak:266.14M | Scene, ViewLayer | Updating Geometry BVH Cube.337 410/802 | Building mesh BLAS |     188 tris | Cube.335
Fra:1 Mem:382.67M (Peak 489.93M) | Time:00:00.27 | Mem:266.14M, Peak:266.14M | Scene, ViewLayer | Updating Geometry BVH Cube.337 410/802 | Building mesh BLAS |     188 tris | Cube.337
Fra:1 Mem:382.67M (Peak 489.93M) | Time:00:00.27 | Mem:266.14M, Peak:266.14M | Scene, ViewLayer | Updating Geometry BVH Cube.338 411/802 | Building BVH
Fra:1 Mem:382.67M (Peak 489.93M) | Time:00:00.27 | Mem:266.14M, Peak:266.14M | Scene, ViewLayer | Updating Geometry BVH Cube.338 411/802 | Building mesh BLAS |     188 tris | Cube.338
Fra:1 Mem:382.67M (Peak 489.93M) | Time:00:00.27 | Mem:266.16M, Peak:266.16M | Scene, ViewLayer | Updating Geometry BVH Cube.339 412/802 | Building BVH
Fra:1 Mem:382.67M (Peak 489.93M) | Time:00:00.27 | Mem:266.16M, Peak:266.16M | Scene, ViewLayer | Updating Geometry BVH Cube.339 412/802 | Building mesh BLAS |     188 tris | Cube.339
Fra:1 Mem:382.67M (Peak 489.93M) | Time:00:00.27 | Mem:266.19M, Peak:266.19M | Scene, ViewLayer | Updating Geometry BVH Cube.340 413/802 | Building BVH
Fra:1 Mem:382.67M (Peak 489.93M) | Time:00:00.27 | Mem:266.21M, Peak:266.21M | Scene, ViewLayer | Updating Geometry BVH Cube.340 413/802 | Building mesh BLAS |     188 tris | Cube.340
Fra:1 Mem:382.67M (Peak 489.93M) | Time:00:00.27 | Mem:266.21M, Peak:266.21M | Scene, ViewLayer | Updating Geometry BVH Cube.707 780/802 | Building BVH
Fra:1 Mem:382.67M (Peak 489.93M) | Time:00:00.27 | Mem:266.24M, Peak:266.24M | Scene, ViewLayer | Updating Geometry BVH Cube.343 416/802 | Building BVH
Fra:1 Mem:382.67M (Peak 489.93M) | Time:00:00.27 | Mem:266.24M, Peak:266.24M | Scene, ViewLayer | Updating Geometry BVH Cube.343 416/802 | Building mesh BLAS |     188 tris | Cube.707
Fra:1 Mem:382.67M (Peak 489.93M) | Time:00:00.27 | Mem:266.24M, Peak:266.24M | Scene, ViewLayer | Updating Geometry BVH Cube.343 416/802 | Building mesh BLAS |     188 tris | Cube.342
Fra:1 Mem:382.67M (Peak 489.93M) | Time:00:00.27 | Mem:266.24M, Peak:266.24M | Scene, ViewLayer | Updating Geometry BVH Cube.344 417/802 | Building BVH
Fra:1 Mem:382.67M (Peak 489.93M) | Time:00:00.27 | Mem:266.24M, Peak:266.24M | Scene, ViewLayer | Updating Geometry BVH Cube.344 417/802 | Building mesh BLAS |     188 tris | Cube.344
Fra:1 Mem:382.67M (Peak 489.93M) | Time:00:00.27 | Mem:266.24M, Peak:266.24M | Scene, ViewLayer | Updating Geometry BVH Cube.345 418/802 | Building BVH
Fra:1 Mem:382.67M (Peak 489.93M) | Time:00:00.27 | Mem:266.24M, Peak:266.24M | Scene, ViewLayer | Updating Geometry BVH Cube.346 419/802 | Building BVH
Fra:1 Mem:382.67M (Peak 489.93M) | Time:00:00.27 | Mem:266.51M, Peak:266.51M | Scene, ViewLayer | Updating Geometry BVH Cube.346 419/802 | Building mesh BLAS |     188 tris | Cube.341
Fra:1 Mem:382.67M (Peak 489.93M) | Time:00:00.27 | Mem:266.52M, Peak:266.52M | Scene, ViewLayer | Updating Geometry BVH Cube.346 419/802 | Building mesh BLAS |     188 tris | Cube.346
Fra:1 Mem:382.67M (Peak 489.93M) | Time:00:00.27 | Mem:266.52M, Peak:266.52M | Scene, ViewLayer | Updating Geometry BVH Cube.347 420/802 | Building BVH
Fra:1 Mem:382.67M (Peak 489.93M) | Time:00:00.27 | Mem:266.52M, Peak:266.52M | Scene, ViewLayer | Updating Geometry BVH Cube.347 420/802 | Building mesh BLAS |     188 tris | Cube.347
Fra:1 Mem:382.67M (Peak 489.93M) | Time:00:00.27 | Mem:266.53M, Peak:266.53M | Scene, ViewLayer | Updating Geometry BVH Cube.348 421/802 | Building BVH
Fra:1 Mem:382.67M (Peak 489.93M) | Time:00:00.27 | Mem:266.54M, Peak:266.54M | Scene, ViewLayer | Updating Geometry BVH Cube.348 421/802 | Building mesh BLAS |     188 tris | Cube.348
Fra:1 Mem:382.67M (Peak 489.93M) | Time:00:00.27 | Mem:266.55M, Peak:266.55M | Scene, ViewLayer | Updating Geometry BVH Cube.349 422/802 | Building BVH
Fra:1 Mem:382.67M (Peak 489.93M) | Time:00:00.27 | Mem:266.56M, Peak:266.56M | Scene, ViewLayer | Updating Geometry BVH Cube.349 422/802 | Building mesh BLAS |     188 tris | Cube.349
Fra:1 Mem:382.67M (Peak 489.93M) | Time:00:00.27 | Mem:266.57M, Peak:266.57M | Scene, ViewLayer | Updating Geometry BVH Cube.350 423/802 | Building BVH
Fra:1 Mem:382.67M (Peak 489.93M) | Time:00:00.27 | Mem:266.58M, Peak:266.58M | Scene, ViewLayer | Updating Geometry BVH Cube.351 424/802 | Building BVH
Fra:1 Mem:382.67M (Peak 489.93M) | Time:00:00.27 | Mem:266.59M, Peak:266.59M | Scene, ViewLayer | Updating Geometry BVH Cube.351 424/802 | Building mesh BLAS |     188 tris | Cube.350
Fra:1 Mem:382.67M (Peak 489.93M) | Time:00:00.27 | Mem:266.59M, Peak:266.59M | Scene, ViewLayer | Updating Geometry BVH Cube.353 426/802 | Building BVH
Fra:1 Mem:382.67M (Peak 489.93M) | Time:00:00.27 | Mem:266.59M, Peak:266.59M | Scene, ViewLayer | Updating Geometry BVH Cube.353 426/802 | Building mesh BLAS |     188 tris | Cube.353
Fra:1 Mem:382.67M (Peak 489.93M) | Time:00:00.27 | Mem:266.59M, Peak:266.59M | Scene, ViewLayer | Updating Geometry BVH Cube.354 427/802 | Building BVH
Fra:1 Mem:382.67M (Peak 489.93M) | Time:00:00.27 | Mem:266.59M, Peak:266.59M | Scene, ViewLayer | Updating Geometry BVH Cube.354 427/802 | Building mesh BLAS |     188 tris | Cube.354
Fra:1 Mem:382.67M (Peak 489.93M) | Time:00:00.27 | Mem:266.59M, Peak:266.59M | Scene, ViewLayer | Updating Geometry BVH Cube.354 427/802 | Building mesh BLAS |     188 tris | Cube.352
Fra:1 Mem:382.67M (Peak 489.93M) | Time:00:00.27 | Mem:266.59M, Peak:266.59M | Scene, ViewLayer | Updating Geometry BVH Cube.355 428/802 | Building BVH
Fra:1 Mem:382.67M (Peak 489.93M) | Time:00:00.27 | Mem:266.59M, Peak:266.59M | Scene, ViewLayer | Updating Geometry BVH Cube.355 428/802 | Building mesh BLAS |     188 tris | Cube.355
Fra:1 Mem:382.67M (Peak 489.93M) | Time:00:00.27 | Mem:266.59M, Peak:266.59M | Scene, ViewLayer | Updating Geometry BVH Cube.356 429/802 | Building BVH
Fra:1 Mem:382.67M (Peak 489.93M) | Time:00:00.27 | Mem:266.59M, Peak:266.59M | Scene, ViewLayer | Updating Geometry BVH Cube.356 429/802 | Building mesh BLAS |     188 tris | Cube.356
Fra:1 Mem:382.67M (Peak 489.93M) | Time:00:00.27 | Mem:266.65M, Peak:266.65M | Scene, ViewLayer | Updating Geometry BVH Cube.357 430/802 | Building BVH
Fra:1 Mem:382.67M (Peak 489.93M) | Time:00:00.27 | Mem:266.65M, Peak:266.65M | Scene, ViewLayer | Updating Geometry BVH Cube.357 430/802 | Building mesh BLAS |     188 tris | Cube.357
Fra:1 Mem:382.67M (Peak 489.93M) | Time:00:00.27 | Mem:266.65M, Peak:266.65M | Scene, ViewLayer | Updating Geometry BVH Cube.358 431/802 | Building BVH
Fra:1 Mem:382.67M (Peak 489.93M) | Time:00:00.27 | Mem:266.65M, Peak:266.65M | Scene, ViewLayer | Updating Geometry BVH Cube.359 432/802 | Building BVH
Fra:1 Mem:382.67M (Peak 489.93M) | Time:00:00.27 | Mem:266.65M, Peak:266.65M | Scene, ViewLayer | Updating Geometry BVH Cube.360 433/802 | Building BVH
Fra:1 Mem:382.67M (Peak 489.93M) | Time:00:00.27 | Mem:266.65M, Peak:266.65M | Scene, ViewLayer | Updating Geometry BVH Cube.360 433/802 | Building mesh BLAS |     188 tris | Cube.359
Fra:1 Mem:382.67M (Peak 489.93M) | Time:00:00.27 | Mem:266.65M, Peak:266.65M | Scene, ViewLayer | Updating Geometry BVH Cube.360 433/802 | Building mesh BLAS |     188 tris | Cube.360
Fra:1 Mem:382.67M (Peak 489.93M) | Time:00:00.27 | Mem:266.67M, Peak:266.67M | Scene, ViewLayer | Updating Geometry BVH Cube.706 779/802 | Building BVH
Fra:1 Mem:382.67M (Peak 489.93M) | Time:00:00.27 | Mem:266.67M, Peak:266.67M | Scene, ViewLayer | Updating Geometry BVH Cube.706 779/802 | Building mesh BLAS |     188 tris | Cube.706
Fra:1 Mem:382.67M (Peak 489.93M) | Time:00:00.27 | Mem:266.68M, Peak:266.68M | Scene, ViewLayer | Updating Geometry BVH Cube.361 434/802 | Building BVH
Fra:1 Mem:382.67M (Peak 489.93M) | Time:00:00.27 | Mem:266.68M, Peak:266.68M | Scene, ViewLayer | Updating Geometry BVH Cube.361 434/802 | Building mesh BLAS |     188 tris | Cube.361
Fra:1 Mem:382.67M (Peak 489.93M) | Time:00:00.27 | Mem:266.69M, Peak:266.69M | Scene, ViewLayer | Updating Geometry BVH Cube.362 435/802 | Building BVH
Fra:1 Mem:382.67M (Peak 489.93M) | Time:00:00.27 | Mem:266.69M, Peak:266.69M | Scene, ViewLayer | Updating Geometry BVH Cube.362 435/802 | Building mesh BLAS |     188 tris | Cube.362
Fra:1 Mem:382.67M (Peak 489.93M) | Time:00:00.27 | Mem:266.69M, Peak:266.69M | Scene, ViewLayer | Updating Geometry BVH Cube.363 436/802 | Building BVH
Fra:1 Mem:382.67M (Peak 489.93M) | Time:00:00.27 | Mem:266.69M, Peak:266.69M | Scene, ViewLayer | Updating Geometry BVH Cube.363 436/802 | Building mesh BLAS |     188 tris | Cube.363
Fra:1 Mem:382.67M (Peak 489.93M) | Time:00:00.27 | Mem:266.69M, Peak:266.69M | Scene, ViewLayer | Updating Geometry BVH Cube.364 437/802 | Building BVH
Fra:1 Mem:382.67M (Peak 489.93M) | Time:00:00.27 | Mem:266.71M, Peak:266.71M | Scene, ViewLayer | Updating Geometry BVH Cube.365 438/802 | Building mesh BLAS |     188 tris | Cube.364
Fra:1 Mem:382.67M (Peak 489.93M) | Time:00:00.27 | Mem:266.72M, Peak:266.72M | Scene, ViewLayer | Updating Geometry BVH Cube.366 439/802 | Building BVH
Fra:1 Mem:382.67M (Peak 489.93M) | Time:00:00.27 | Mem:266.72M, Peak:266.72M | Scene, ViewLayer | Updating Geometry BVH Cube.368 441/802 | Building BVH
Fra:1 Mem:382.67M (Peak 489.93M) | Time:00:00.27 | Mem:266.72M, Peak:266.72M | Scene, ViewLayer | Updating Geometry BVH Cube.368 441/802 | Building mesh BLAS |     188 tris | Cube.366
Fra:1 Mem:382.67M (Peak 489.93M) | Time:00:00.27 | Mem:266.72M, Peak:266.72M | Scene, ViewLayer | Updating Geometry BVH Cube.368 441/802 | Building mesh BLAS |     188 tris | Cube.368
Fra:1 Mem:382.67M (Peak 489.93M) | Time:00:00.27 | Mem:266.72M, Peak:266.72M | Scene, ViewLayer | Updating Geometry BVH Cube.368 441/802 | Building mesh BLAS |     188 tris | Cube.367
Fra:1 Mem:382.67M (Peak 489.93M) | Time:00:00.27 | Mem:266.72M, Peak:266.72M | Scene, ViewLayer | Updating Geometry BVH Cube.368 441/802 | Building mesh BLAS |     188 tris | Cube.365
Fra:1 Mem:382.67M (Peak 489.93M) | Time:00:00.27 | Mem:269.63M, Peak:269.63M | Scene, ViewLayer | Updating Geometry BVH Cube.369 442/802 | Building BVH
Fra:1 Mem:382.67M (Peak 489.93M) | Time:00:00.27 | Mem:269.65M, Peak:269.65M | Scene, ViewLayer | Updating Geometry BVH Cube.370 443/802 | Building BVH
Fra:1 Mem:382.67M (Peak 489.93M) | Time:00:00.27 | Mem:269.65M, Peak:269.65M | Scene, ViewLayer | Updating Geometry BVH Cube.370 443/802 | Building mesh BLAS |     188 tris | Cube.369
Fra:1 Mem:382.67M (Peak 489.93M) | Time:00:00.27 | Mem:269.65M, Peak:269.65M | Scene, ViewLayer | Updating Geometry BVH Cube.371 444/802 | Building BVH
Fra:1 Mem:382.67M (Peak 489.93M) | Time:00:00.27 | Mem:269.66M, Peak:269.66M | Scene, ViewLayer | Updating Geometry BVH Cube.372 445/802 | Building BVH
Fra:1 Mem:382.67M (Peak 489.93M) | Time:00:00.27 | Mem:269.66M, Peak:269.66M | Scene, ViewLayer | Updating Geometry BVH Cube.372 445/802 | Building mesh BLAS |     188 tris | Cube.371
Fra:1 Mem:382.67M (Peak 489.93M) | Time:00:00.27 | Mem:269.67M, Peak:269.67M | Scene, ViewLayer | Updating Geometry BVH Cube.373 446/802 | Building mesh BLAS |     188 tris | Cube.372
Fra:1 Mem:382.67M (Peak 489.93M) | Time:00:00.27 | Mem:269.67M, Peak:269.67M | Scene, ViewLayer | Updating Geometry BVH Cube.373 446/802 | Building mesh BLAS |     188 tris | Cube.373
Fra:1 Mem:382.67M (Peak 489.93M) | Time:00:00.27 | Mem:269.69M, Peak:269.69M | Scene, ViewLayer | Updating Geometry BVH Cube.374 447/802 | Building BVH
Fra:1 Mem:382.67M (Peak 489.93M) | Time:00:00.27 | Mem:269.69M, Peak:269.69M | Scene, ViewLayer | Updating Geometry BVH Cube.374 447/802 | Building mesh BLAS |     188 tris | Cube.374
Fra:1 Mem:382.67M (Peak 489.93M) | Time:00:00.27 | Mem:269.69M, Peak:269.69M | Scene, ViewLayer | Updating Geometry BVH Cube.375 448/802 | Building BVH
Fra:1 Mem:382.67M (Peak 489.93M) | Time:00:00.27 | Mem:269.69M, Peak:269.69M | Scene, ViewLayer | Updating Geometry BVH Cube.376 449/802 | Building BVH
Fra:1 Mem:382.67M (Peak 489.93M) | Time:00:00.27 | Mem:269.69M, Peak:269.69M | Scene, ViewLayer | Updating Geometry BVH Cube.376 449/802 | Building mesh BLAS |     188 tris | Cube.375
Fra:1 Mem:382.67M (Peak 489.93M) | Time:00:00.27 | Mem:269.69M, Peak:269.69M | Scene, ViewLayer | Updating Geometry BVH Cube.376 449/802 | Building mesh BLAS |     188 tris | Cube.376
Fra:1 Mem:382.67M (Peak 489.93M) | Time:00:00.27 | Mem:269.69M, Peak:269.69M | Scene, ViewLayer | Updating Geometry BVH Cube.377 450/802 | Building BVH
Fra:1 Mem:382.67M (Peak 489.93M) | Time:00:00.27 | Mem:269.69M, Peak:269.69M | Scene, ViewLayer | Updating Geometry BVH Cube.377 450/802 | Building mesh BLAS |     188 tris | Cube.377
Fra:1 Mem:382.67M (Peak 489.93M) | Time:00:00.27 | Mem:269.72M, Peak:269.72M | Scene, ViewLayer | Updating Geometry BVH Cube.705 778/802 | Building BVH
Fra:1 Mem:382.67M (Peak 489.93M) | Time:00:00.27 | Mem:269.72M, Peak:269.72M | Scene, ViewLayer | Updating Geometry BVH Cube.378 451/802 | Building BVH
Fra:1 Mem:382.67M (Peak 489.93M) | Time:00:00.27 | Mem:269.72M, Peak:269.72M | Scene, ViewLayer | Updating Geometry BVH Cube.378 451/802 | Building mesh BLAS |     188 tris | Cube.705
Fra:1 Mem:382.67M (Peak 489.93M) | Time:00:00.27 | Mem:269.72M, Peak:269.72M | Scene, ViewLayer | Updating Geometry BVH Cube.378 451/802 | Building mesh BLAS |     188 tris | Cube.378
Fra:1 Mem:382.67M (Peak 489.93M) | Time:00:00.27 | Mem:269.75M, Peak:269.75M | Scene, ViewLayer | Updating Geometry BVH Cube.379 452/802 | Building BVH
Fra:1 Mem:382.67M (Peak 489.93M) | Time:00:00.27 | Mem:269.75M, Peak:269.75M | Scene, ViewLayer | Updating Geometry BVH Cube.380 453/802 | Building BVH
Fra:1 Mem:382.67M (Peak 489.93M) | Time:00:00.27 | Mem:269.75M, Peak:269.75M | Scene, ViewLayer | Updating Geometry BVH Cube.380 453/802 | Building mesh BLAS |     188 tris | Cube.380
Fra:1 Mem:382.67M (Peak 489.93M) | Time:00:00.27 | Mem:269.75M, Peak:269.75M | Scene, ViewLayer | Updating Geometry BVH Cube.381 454/802 | Building BVH
Fra:1 Mem:382.67M (Peak 489.93M) | Time:00:00.27 | Mem:269.75M, Peak:269.75M | Scene, ViewLayer | Updating Geometry BVH Cube.381 454/802 | Building mesh BLAS |     188 tris | Cube.381
Fra:1 Mem:382.67M (Peak 489.93M) | Time:00:00.27 | Mem:269.75M, Peak:269.75M | Scene, ViewLayer | Updating Geometry BVH Cube.382 455/802 | Building BVH
Fra:1 Mem:382.67M (Peak 489.93M) | Time:00:00.27 | Mem:269.75M, Peak:269.75M | Scene, ViewLayer | Updating Geometry BVH Cube.382 455/802 | Building mesh BLAS |     188 tris | Cube.382
Fra:1 Mem:382.67M (Peak 489.93M) | Time:00:00.27 | Mem:269.75M, Peak:269.75M | Scene, ViewLayer | Updating Geometry BVH Cube.383 456/802 | Building BVH
Fra:1 Mem:382.67M (Peak 489.93M) | Time:00:00.27 | Mem:269.75M, Peak:269.75M | Scene, ViewLayer | Updating Geometry BVH Cube.383 456/802 | Building mesh BLAS |     188 tris | Cube.383
Fra:1 Mem:382.67M (Peak 489.93M) | Time:00:00.27 | Mem:270.13M, Peak:270.13M | Scene, ViewLayer | Updating Geometry BVH Cube.384 457/802 | Building BVH
Fra:1 Mem:382.67M (Peak 489.93M) | Time:00:00.27 | Mem:270.13M, Peak:270.13M | Scene, ViewLayer | Updating Geometry BVH Cube.385 458/802 | Building BVH
Fra:1 Mem:382.67M (Peak 489.93M) | Time:00:00.27 | Mem:270.15M, Peak:270.15M | Scene, ViewLayer | Updating Geometry BVH Cube.385 458/802 | Building mesh BLAS |     188 tris | Cube.385
Fra:1 Mem:382.67M (Peak 489.93M) | Time:00:00.27 | Mem:270.18M, Peak:270.18M | Scene, ViewLayer | Updating Geometry BVH Cube.386 459/802 | Building BVH
Fra:1 Mem:382.67M (Peak 489.93M) | Time:00:00.27 | Mem:270.21M, Peak:270.21M | Scene, ViewLayer | Updating Geometry BVH Cube.389 462/802 | Building BVH
Fra:1 Mem:382.67M (Peak 489.93M) | Time:00:00.27 | Mem:270.21M, Peak:270.21M | Scene, ViewLayer | Updating Geometry BVH Cube.390 463/802 | Building BVH
Fra:1 Mem:382.67M (Peak 489.93M) | Time:00:00.27 | Mem:270.21M, Peak:270.21M | Scene, ViewLayer | Updating Geometry BVH Cube.390 463/802 | Building mesh BLAS |     188 tris | Cube.386
Fra:1 Mem:382.67M (Peak 489.93M) | Time:00:00.27 | Mem:270.23M, Peak:270.23M | Scene, ViewLayer | Updating Geometry BVH Cube.393 466/802 | Building BVH
Fra:1 Mem:382.67M (Peak 489.93M) | Time:00:00.27 | Mem:270.23M, Peak:270.23M | Scene, ViewLayer | Updating Geometry BVH Cube.393 466/802 | Building mesh BLAS |     188 tris | Cube.388
Fra:1 Mem:382.67M (Peak 489.93M) | Time:00:00.27 | Mem:270.24M, Peak:270.24M | Scene, ViewLayer | Updating Geometry BVH Cube.394 467/802 | Building mesh BLAS |     188 tris | Cube.393
Fra:1 Mem:382.67M (Peak 489.93M) | Time:00:00.27 | Mem:270.25M, Peak:270.25M | Scene, ViewLayer | Updating Geometry BVH Cube.394 467/802 | Building mesh BLAS |     188 tris | Cube.389
Fra:1 Mem:382.67M (Peak 489.93M) | Time:00:00.27 | Mem:270.26M, Peak:270.26M | Scene, ViewLayer | Updating Geometry BVH Cube.704 777/802 | Building BVH
Fra:1 Mem:382.67M (Peak 489.93M) | Time:00:00.27 | Mem:270.26M, Peak:270.26M | Scene, ViewLayer | Updating Geometry BVH Cube.704 777/802 | Building mesh BLAS |     188 tris | Cube.391
Fra:1 Mem:382.67M (Peak 489.93M) | Time:00:00.27 | Mem:270.26M, Peak:270.26M | Scene, ViewLayer | Updating Geometry BVH Cube.395 468/802 | Building BVH
Fra:1 Mem:382.67M (Peak 489.93M) | Time:00:00.27 | Mem:270.26M, Peak:270.26M | Scene, ViewLayer | Updating Geometry BVH Cube.395 468/802 | Building mesh BLAS |     188 tris | Cube.395
Fra:1 Mem:382.67M (Peak 489.93M) | Time:00:00.27 | Mem:270.26M, Peak:270.26M | Scene, ViewLayer | Updating Geometry BVH Cube.395 468/802 | Building mesh BLAS |     188 tris | Cube.394
Fra:1 Mem:382.67M (Peak 489.93M) | Time:00:00.27 | Mem:270.26M, Peak:270.26M | Scene, ViewLayer | Updating Geometry BVH Cube.395 468/802 | Building mesh BLAS |     188 tris | Cube.387
Fra:1 Mem:382.67M (Peak 489.93M) | Time:00:00.27 | Mem:270.26M, Peak:270.26M | Scene, ViewLayer | Updating Geometry BVH Cube.395 468/802 | Building mesh BLAS |     188 tris | Cube.704
Fra:1 Mem:382.67M (Peak 489.93M) | Time:00:00.27 | Mem:270.27M, Peak:270.27M | Scene, ViewLayer | Updating Geometry BVH Cube.396 469/802 | Building BVH
Fra:1 Mem:382.67M (Peak 489.93M) | Time:00:00.27 | Mem:270.27M, Peak:270.27M | Scene, ViewLayer | Updating Geometry BVH Cube.397 470/802 | Building BVH
Fra:1 Mem:382.67M (Peak 489.93M) | Time:00:00.27 | Mem:270.27M, Peak:270.27M | Scene, ViewLayer | Updating Geometry BVH Cube.398 471/802 | Building BVH
Fra:1 Mem:382.67M (Peak 489.93M) | Time:00:00.27 | Mem:270.27M, Peak:270.27M | Scene, ViewLayer | Updating Geometry BVH Cube.398 471/802 | Building mesh BLAS |     188 tris | Cube.397
Fra:1 Mem:382.67M (Peak 489.93M) | Time:00:00.27 | Mem:270.27M, Peak:270.27M | Scene, ViewLayer | Updating Geometry BVH Cube.398 471/802 | Building mesh BLAS |     188 tris | Cube.398
Fra:1 Mem:382.67M (Peak 489.93M) | Time:00:00.27 | Mem:270.29M, Peak:270.29M | Scene, ViewLayer | Updating Geometry BVH Cube.399 472/802 | Building BVH
Fra:1 Mem:382.67M (Peak 489.93M) | Time:00:00.27 | Mem:270.29M, Peak:270.29M | Scene, ViewLayer | Updating Geometry BVH Cube.399 472/802 | Building mesh BLAS |     188 tris | Cube.399
Fra:1 Mem:382.67M (Peak 489.93M) | Time:00:00.27 | Mem:270.29M, Peak:270.29M | Scene, ViewLayer | Updating Geometry BVH Cube.400 473/802 | Building BVH
Fra:1 Mem:382.67M (Peak 489.93M) | Time:00:00.27 | Mem:270.29M, Peak:270.29M | Scene, ViewLayer | Updating Geometry BVH Cube.400 473/802 | Building mesh BLAS |     188 tris | Cube.400
Fra:1 Mem:382.67M (Peak 489.93M) | Time:00:00.27 | Mem:270.30M, Peak:270.30M | Scene, ViewLayer | Updating Geometry BVH Cube.401 474/802 | Building BVH
Fra:1 Mem:382.67M (Peak 489.93M) | Time:00:00.27 | Mem:270.30M, Peak:270.30M | Scene, ViewLayer | Updating Geometry BVH Cube.401 474/802 | Building mesh BLAS |     188 tris | Cube.401
Fra:1 Mem:382.67M (Peak 489.93M) | Time:00:00.27 | Mem:270.34M, Peak:270.34M | Scene, ViewLayer | Updating Geometry BVH Cube.402 475/802 | Building BVH
Fra:1 Mem:382.67M (Peak 489.93M) | Time:00:00.27 | Mem:270.35M, Peak:270.35M | Scene, ViewLayer | Updating Geometry BVH Cube.402 475/802 | Building mesh BLAS |     188 tris | Cube.402
Fra:1 Mem:382.67M (Peak 489.93M) | Time:00:00.27 | Mem:270.35M, Peak:270.35M | Scene, ViewLayer | Updating Geometry BVH Cube.403 476/802 | Building BVH
Fra:1 Mem:382.67M (Peak 489.93M) | Time:00:00.27 | Mem:270.35M, Peak:270.35M | Scene, ViewLayer | Updating Geometry BVH Cube.403 476/802 | Building mesh BLAS |     188 tris | Cube.403
Fra:1 Mem:382.67M (Peak 489.93M) | Time:00:00.27 | Mem:270.35M, Peak:270.35M | Scene, ViewLayer | Updating Geometry BVH Cube.404 477/802 | Building BVH
Fra:1 Mem:382.67M (Peak 489.93M) | Time:00:00.27 | Mem:270.35M, Peak:270.35M | Scene, ViewLayer | Updating Geometry BVH Cube.404 477/802 | Building mesh BLAS |     188 tris | Cube.404
Fra:1 Mem:382.67M (Peak 489.93M) | Time:00:00.27 | Mem:270.35M, Peak:270.35M | Scene, ViewLayer | Updating Geometry BVH Cube.405 478/802 | Building BVH
Fra:1 Mem:382.67M (Peak 489.93M) | Time:00:00.27 | Mem:270.35M, Peak:270.35M | Scene, ViewLayer | Updating Geometry BVH Cube.405 478/802 | Building mesh BLAS |     188 tris | Cube.405
Fra:1 Mem:382.67M (Peak 489.93M) | Time:00:00.27 | Mem:270.39M, Peak:270.39M | Scene, ViewLayer | Updating Geometry BVH Cube.406 479/802 | Building BVH
Fra:1 Mem:382.67M (Peak 489.93M) | Time:00:00.27 | Mem:270.39M, Peak:270.39M | Scene, ViewLayer | Updating Geometry BVH Cube.407 480/802 | Building mesh BLAS |     188 tris | Cube.406
Fra:1 Mem:382.67M (Peak 489.93M) | Time:00:00.27 | Mem:270.39M, Peak:270.39M | Scene, ViewLayer | Updating Geometry BVH Cube.408 481/802 | Building mesh BLAS |     188 tris | Cube.407
Fra:1 Mem:382.67M (Peak 489.93M) | Time:00:00.27 | Mem:270.39M, Peak:270.39M | Scene, ViewLayer | Updating Geometry BVH Cube.408 481/802 | Building mesh BLAS |     188 tris | Cube.408
Fra:1 Mem:382.67M (Peak 489.93M) | Time:00:00.27 | Mem:270.41M, Peak:270.41M | Scene, ViewLayer | Updating Geometry BVH Cube.409 482/802 | Building BVH
Fra:1 Mem:382.67M (Peak 489.93M) | Time:00:00.27 | Mem:270.42M, Peak:270.42M | Scene, ViewLayer | Updating Geometry BVH Cube.409 482/802 | Building mesh BLAS |     188 tris | Cube.409
Fra:1 Mem:382.67M (Peak 489.93M) | Time:00:00.27 | Mem:270.42M, Peak:270.42M | Scene, ViewLayer | Updating Geometry BVH Cube.411 484/802 | Building BVH
Fra:1 Mem:382.67M (Peak 489.93M) | Time:00:00.27 | Mem:270.42M, Peak:270.42M | Scene, ViewLayer | Updating Geometry BVH Cube.703 776/802 | Building BVH
Fra:1 Mem:382.67M (Peak 489.93M) | Time:00:00.27 | Mem:270.42M, Peak:270.42M | Scene, ViewLayer | Updating Geometry BVH Cube.703 776/802 | Building mesh BLAS |     188 tris | Cube.410
Fra:1 Mem:382.67M (Peak 489.93M) | Time:00:00.27 | Mem:270.42M, Peak:270.42M | Scene, ViewLayer | Updating Geometry BVH Cube.703 776/802 | Building mesh BLAS |     188 tris | Cube.411
Fra:1 Mem:382.67M (Peak 489.93M) | Time:00:00.27 | Mem:270.42M, Peak:270.42M | Scene, ViewLayer | Updating Geometry BVH Cube.703 776/802 | Building mesh BLAS |     188 tris | Cube.703
Fra:1 Mem:382.67M (Peak 489.93M) | Time:00:00.27 | Mem:270.42M, Peak:270.42M | Scene, ViewLayer | Updating Geometry BVH Cube.412 485/802 | Building BVH
Fra:1 Mem:382.67M (Peak 489.93M) | Time:00:00.27 | Mem:270.43M, Peak:270.43M | Scene, ViewLayer | Updating Geometry BVH Cube.413 486/802 | Building BVH
Fra:1 Mem:382.67M (Peak 489.93M) | Time:00:00.27 | Mem:270.43M, Peak:270.43M | Scene, ViewLayer | Updating Geometry BVH Cube.413 486/802 | Building mesh BLAS |     188 tris | Cube.412
Fra:1 Mem:382.67M (Peak 489.93M) | Time:00:00.27 | Mem:270.43M, Peak:270.43M | Scene, ViewLayer | Updating Geometry BVH Cube.413 486/802 | Building mesh BLAS |     188 tris | Cube.413
Fra:1 Mem:382.67M (Peak 489.93M) | Time:00:00.27 | Mem:270.43M, Peak:270.43M | Scene, ViewLayer | Updating Geometry BVH Cube.414 487/802 | Building BVH
Fra:1 Mem:382.67M (Peak 489.93M) | Time:00:00.27 | Mem:270.43M, Peak:270.43M | Scene, ViewLayer | Updating Geometry BVH Cube.414 487/802 | Building mesh BLAS |     188 tris | Cube.414
Fra:1 Mem:382.67M (Peak 489.93M) | Time:00:00.27 | Mem:270.43M, Peak:270.43M | Scene, ViewLayer | Updating Geometry BVH Cube.415 488/802 | Building BVH
Fra:1 Mem:382.67M (Peak 489.93M) | Time:00:00.27 | Mem:270.43M, Peak:270.43M | Scene, ViewLayer | Updating Geometry BVH Cube.415 488/802 | Building mesh BLAS |     188 tris | Cube.415
Fra:1 Mem:382.67M (Peak 489.93M) | Time:00:00.27 | Mem:270.46M, Peak:270.46M | Scene, ViewLayer | Updating Geometry BVH Cube.416 489/802 | Building BVH
Fra:1 Mem:382.67M (Peak 489.93M) | Time:00:00.27 | Mem:270.47M, Peak:270.47M | Scene, ViewLayer | Updating Geometry BVH Cube.416 489/802 | Building mesh BLAS |     188 tris | Cube.416
Fra:1 Mem:382.67M (Peak 489.93M) | Time:00:00.27 | Mem:270.47M, Peak:270.47M | Scene, ViewLayer | Updating Geometry BVH Cube.417 490/802 | Building BVH
Fra:1 Mem:382.67M (Peak 489.93M) | Time:00:00.27 | Mem:270.47M, Peak:270.47M | Scene, ViewLayer | Updating Geometry BVH Cube.418 491/802 | Building BVH
Fra:1 Mem:382.67M (Peak 489.93M) | Time:00:00.27 | Mem:270.47M, Peak:270.47M | Scene, ViewLayer | Updating Geometry BVH Cube.418 491/802 | Building mesh BLAS |     188 tris | Cube.417
Fra:1 Mem:382.67M (Peak 489.93M) | Time:00:00.27 | Mem:270.47M, Peak:270.47M | Scene, ViewLayer | Updating Geometry BVH Cube.418 491/802 | Building mesh BLAS |     188 tris | Cube.418
Fra:1 Mem:382.67M (Peak 489.93M) | Time:00:00.27 | Mem:270.47M, Peak:270.47M | Scene, ViewLayer | Updating Geometry BVH Cube.419 492/802 | Building BVH
Fra:1 Mem:382.67M (Peak 489.93M) | Time:00:00.27 | Mem:270.47M, Peak:270.47M | Scene, ViewLayer | Updating Geometry BVH Cube.419 492/802 | Building mesh BLAS |     188 tris | Cube.419
Fra:1 Mem:382.67M (Peak 489.93M) | Time:00:00.27 | Mem:270.50M, Peak:270.50M | Scene, ViewLayer | Updating Geometry BVH Cube.420 493/802 | Building BVH
Fra:1 Mem:382.67M (Peak 489.93M) | Time:00:00.27 | Mem:270.50M, Peak:270.50M | Scene, ViewLayer | Updating Geometry BVH Cube.421 494/802 | Building BVH
Fra:1 Mem:382.67M (Peak 489.93M) | Time:00:00.27 | Mem:270.50M, Peak:270.50M | Scene, ViewLayer | Updating Geometry BVH Cube.422 495/802 | Building mesh BLAS |     188 tris | Cube.420
Fra:1 Mem:382.67M (Peak 489.93M) | Time:00:00.27 | Mem:270.50M, Peak:270.50M | Scene, ViewLayer | Updating Geometry BVH Cube.422 495/802 | Building mesh BLAS |     188 tris | Cube.421
Fra:1 Mem:382.67M (Peak 489.93M) | Time:00:00.27 | Mem:270.50M, Peak:270.50M | Scene, ViewLayer | Updating Geometry BVH Cube.422 495/802 | Building mesh BLAS |     188 tris | Cube.422
Fra:1 Mem:382.67M (Peak 489.93M) | Time:00:00.27 | Mem:270.53M, Peak:270.53M | Scene, ViewLayer | Updating Geometry BVH Cube.423 496/802 | Building BVH
Fra:1 Mem:382.67M (Peak 489.93M) | Time:00:00.27 | Mem:270.53M, Peak:270.53M | Scene, ViewLayer | Updating Geometry BVH Cube.423 496/802 | Building mesh BLAS |     188 tris | Cube.423
Fra:1 Mem:382.67M (Peak 489.93M) | Time:00:00.27 | Mem:270.53M, Peak:270.53M | Scene, ViewLayer | Updating Geometry BVH Cube.424 497/802 | Building BVH
Fra:1 Mem:382.67M (Peak 489.93M) | Time:00:00.27 | Mem:270.53M, Peak:270.53M | Scene, ViewLayer | Updating Geometry BVH Cube.424 497/802 | Building mesh BLAS |     188 tris | Cube.424
Fra:1 Mem:382.67M (Peak 489.93M) | Time:00:00.27 | Mem:270.53M, Peak:270.53M | Scene, ViewLayer | Updating Geometry BVH Cube.425 498/802 | Building BVH
Fra:1 Mem:382.67M (Peak 489.93M) | Time:00:00.27 | Mem:270.54M, Peak:270.54M | Scene, ViewLayer | Updating Geometry BVH Cube.425 498/802 | Building mesh BLAS |     188 tris | Cube.425
Fra:1 Mem:382.67M (Peak 489.93M) | Time:00:00.27 | Mem:270.55M, Peak:270.55M | Scene, ViewLayer | Updating Geometry BVH Cube.426 499/802 | Building BVH
Fra:1 Mem:382.67M (Peak 489.93M) | Time:00:00.27 | Mem:270.55M, Peak:270.55M | Scene, ViewLayer | Updating Geometry BVH Cube.426 499/802 | Building mesh BLAS |     188 tris | Cube.426
Fra:1 Mem:382.67M (Peak 489.93M) | Time:00:00.27 | Mem:270.55M, Peak:270.55M | Scene, ViewLayer | Updating Geometry BVH Cube.427 500/802 | Building BVH
Fra:1 Mem:382.67M (Peak 489.93M) | Time:00:00.27 | Mem:270.55M, Peak:270.55M | Scene, ViewLayer | Updating Geometry BVH Cube.427 500/802 | Building mesh BLAS |     188 tris | Cube.427
Fra:1 Mem:382.67M (Peak 489.93M) | Time:00:00.27 | Mem:270.56M, Peak:270.56M | Scene, ViewLayer | Updating Geometry BVH Cube.702 775/802 | Building BVH
Fra:1 Mem:382.67M (Peak 489.93M) | Time:00:00.27 | Mem:270.57M, Peak:270.57M | Scene, ViewLayer | Updating Geometry BVH Cube.702 775/802 | Building mesh BLAS |     188 tris | Cube.702
Fra:1 Mem:382.67M (Peak 489.93M) | Time:00:00.27 | Mem:270.58M, Peak:270.58M | Scene, ViewLayer | Updating Geometry BVH Cube.428 501/802 | Building BVH
Fra:1 Mem:382.67M (Peak 489.93M) | Time:00:00.27 | Mem:270.58M, Peak:270.58M | Scene, ViewLayer | Updating Geometry BVH Cube.429 502/802 | Building BVH
Fra:1 Mem:382.67M (Peak 489.93M) | Time:00:00.27 | Mem:270.58M, Peak:270.58M | Scene, ViewLayer | Updating Geometry BVH Cube.430 503/802 | Building BVH
Fra:1 Mem:382.67M (Peak 489.93M) | Time:00:00.27 | Mem:270.58M, Peak:270.58M | Scene, ViewLayer | Updating Geometry BVH Cube.430 503/802 | Building mesh BLAS |     188 tris | Cube.429
Fra:1 Mem:382.67M (Peak 489.93M) | Time:00:00.27 | Mem:270.58M, Peak:270.58M | Scene, ViewLayer | Updating Geometry BVH Cube.430 503/802 | Building mesh BLAS |     188 tris | Cube.430
Fra:1 Mem:382.67M (Peak 489.93M) | Time:00:00.27 | Mem:270.58M, Peak:270.58M | Scene, ViewLayer | Updating Geometry BVH Cube.431 504/802 | Building BVH
Fra:1 Mem:382.67M (Peak 489.93M) | Time:00:00.27 | Mem:270.61M, Peak:270.61M | Scene, ViewLayer | Updating Geometry BVH Cube.431 504/802 | Building mesh BLAS |     188 tris | Cube.431
Fra:1 Mem:382.67M (Peak 489.93M) | Time:00:00.27 | Mem:270.61M, Peak:270.61M | Scene, ViewLayer | Updating Geometry BVH Cube.432 505/802 | Building BVH
Fra:1 Mem:382.67M (Peak 489.93M) | Time:00:00.27 | Mem:270.61M, Peak:270.61M | Scene, ViewLayer | Updating Geometry BVH Cube.432 505/802 | Building mesh BLAS |     188 tris | Cube.432
Fra:1 Mem:382.67M (Peak 489.93M) | Time:00:00.27 | Mem:270.66M, Peak:270.66M | Scene, ViewLayer | Updating Geometry BVH Cube.433 506/802 | Building BVH
Fra:1 Mem:382.67M (Peak 489.93M) | Time:00:00.27 | Mem:270.66M, Peak:270.66M | Scene, ViewLayer | Updating Geometry BVH Cube.434 507/802 | Building BVH
Fra:1 Mem:382.67M (Peak 489.93M) | Time:00:00.27 | Mem:270.66M, Peak:270.66M | Scene, ViewLayer | Updating Geometry BVH Cube.434 507/802 | Building mesh BLAS |     188 tris | Cube.433
Fra:1 Mem:382.67M (Peak 489.93M) | Time:00:00.27 | Mem:270.66M, Peak:270.66M | Scene, ViewLayer | Updating Geometry BVH Cube.434 507/802 | Building mesh BLAS |     188 tris | Cube.434
Fra:1 Mem:382.67M (Peak 489.93M) | Time:00:00.27 | Mem:270.66M, Peak:270.66M | Scene, ViewLayer | Updating Geometry BVH Cube.436 509/802 | Building BVH
Fra:1 Mem:382.67M (Peak 489.93M) | Time:00:00.27 | Mem:270.66M, Peak:270.66M | Scene, ViewLayer | Updating Geometry BVH Cube.436 509/802 | Building mesh BLAS |     188 tris | Cube.435
Fra:1 Mem:382.67M (Peak 489.93M) | Time:00:00.27 | Mem:270.66M, Peak:270.66M | Scene, ViewLayer | Updating Geometry BVH Cube.436 509/802 | Building mesh BLAS |     188 tris | Cube.436
Fra:1 Mem:382.67M (Peak 489.93M) | Time:00:00.27 | Mem:270.68M, Peak:270.68M | Scene, ViewLayer | Updating Geometry BVH Cube.437 510/802 | Building BVH
Fra:1 Mem:382.67M (Peak 489.93M) | Time:00:00.27 | Mem:270.70M, Peak:270.70M | Scene, ViewLayer | Updating Geometry BVH Cube.438 511/802 | Building mesh BLAS |     188 tris | Cube.437
Fra:1 Mem:382.67M (Peak 489.93M) | Time:00:00.27 | Mem:270.70M, Peak:270.70M | Scene, ViewLayer | Updating Geometry BVH Cube.439 512/802 | Building BVH
Fra:1 Mem:382.67M (Peak 489.93M) | Time:00:00.27 | Mem:270.70M, Peak:270.70M | Scene, ViewLayer | Updating Geometry BVH Cube.439 512/802 | Building mesh BLAS |     188 tris | Cube.439
Fra:1 Mem:382.67M (Peak 489.93M) | Time:00:00.27 | Mem:270.70M, Peak:270.70M | Scene, ViewLayer | Updating Geometry BVH Cube.440 513/802 | Building BVH
Fra:1 Mem:382.67M (Peak 489.93M) | Time:00:00.27 | Mem:270.70M, Peak:270.70M | Scene, ViewLayer | Updating Geometry BVH Cube.440 513/802 | Building mesh BLAS |     188 tris | Cube.438
Fra:1 Mem:382.67M (Peak 489.93M) | Time:00:00.27 | Mem:270.70M, Peak:270.70M | Scene, ViewLayer | Updating Geometry BVH Cube.440 513/802 | Building mesh BLAS |     188 tris | Cube.440
Fra:1 Mem:382.67M (Peak 489.93M) | Time:00:00.27 | Mem:270.71M, Peak:270.71M | Scene, ViewLayer | Updating Geometry BVH Cube.441 514/802 | Building BVH
Fra:1 Mem:382.67M (Peak 489.93M) | Time:00:00.27 | Mem:270.71M, Peak:270.71M | Scene, ViewLayer | Updating Geometry BVH Cube.441 514/802 | Building mesh BLAS |     188 tris | Cube.441
Fra:1 Mem:382.67M (Peak 489.93M) | Time:00:00.27 | Mem:270.71M, Peak:270.71M | Scene, ViewLayer | Updating Geometry BVH Cube.442 515/802 | Building BVH
Fra:1 Mem:382.67M (Peak 489.93M) | Time:00:00.27 | Mem:270.71M, Peak:270.71M | Scene, ViewLayer | Updating Geometry BVH Cube.442 515/802 | Building mesh BLAS |     188 tris | Cube.442
Fra:1 Mem:382.67M (Peak 489.93M) | Time:00:00.27 | Mem:270.71M, Peak:270.71M | Scene, ViewLayer | Updating Geometry BVH Cube.443 516/802 | Building BVH
Fra:1 Mem:382.67M (Peak 489.93M) | Time:00:00.27 | Mem:270.71M, Peak:270.71M | Scene, ViewLayer | Updating Geometry BVH Cube.444 517/802 | Building BVH
Fra:1 Mem:382.67M (Peak 489.93M) | Time:00:00.27 | Mem:270.71M, Peak:270.71M | Scene, ViewLayer | Updating Geometry BVH Cube.444 517/802 | Building mesh BLAS |     188 tris | Cube.443
Fra:1 Mem:382.67M (Peak 489.93M) | Time:00:00.27 | Mem:270.72M, Peak:270.72M | Scene, ViewLayer | Updating Geometry BVH Cube.701 774/802 | Building BVH
Fra:1 Mem:382.67M (Peak 489.93M) | Time:00:00.27 | Mem:270.73M, Peak:270.73M | Scene, ViewLayer | Updating Geometry BVH Cube.445 518/802 | Building BVH
Fra:1 Mem:382.67M (Peak 489.93M) | Time:00:00.27 | Mem:270.73M, Peak:270.73M | Scene, ViewLayer | Updating Geometry BVH Cube.446 519/802 | Building BVH
Fra:1 Mem:382.67M (Peak 489.93M) | Time:00:00.27 | Mem:270.73M, Peak:270.73M | Scene, ViewLayer | Updating Geometry BVH Cube.446 519/802 | Building mesh BLAS |     188 tris | Cube.701
Fra:1 Mem:382.67M (Peak 489.93M) | Time:00:00.27 | Mem:270.74M, Peak:270.74M | Scene, ViewLayer | Updating Geometry BVH Cube.446 519/802 | Building mesh BLAS |     188 tris | Cube.446
Fra:1 Mem:382.67M (Peak 489.93M) | Time:00:00.27 | Mem:270.75M, Peak:270.75M | Scene, ViewLayer | Updating Geometry BVH Cube.447 520/802 | Building BVH
Fra:1 Mem:382.67M (Peak 489.93M) | Time:00:00.27 | Mem:270.75M, Peak:270.75M | Scene, ViewLayer | Updating Geometry BVH Cube.447 520/802 | Building mesh BLAS |     188 tris | Cube.447
Fra:1 Mem:382.67M (Peak 489.93M) | Time:00:00.27 | Mem:270.78M, Peak:270.78M | Scene, ViewLayer | Updating Geometry BVH Cube.448 521/802 | Building BVH
Fra:1 Mem:382.67M (Peak 489.93M) | Time:00:00.27 | Mem:270.78M, Peak:270.78M | Scene, ViewLayer | Updating Geometry BVH Cube.449 522/802 | Building BVH
Fra:1 Mem:382.67M (Peak 489.93M) | Time:00:00.27 | Mem:270.78M, Peak:270.78M | Scene, ViewLayer | Updating Geometry BVH Cube.449 522/802 | Building mesh BLAS |     188 tris | Cube.448
Fra:1 Mem:382.67M (Peak 489.93M) | Time:00:00.27 | Mem:270.78M, Peak:270.78M | Scene, ViewLayer | Updating Geometry BVH Cube.449 522/802 | Building mesh BLAS |     188 tris | Cube.449
Fra:1 Mem:382.67M (Peak 489.93M) | Time:00:00.27 | Mem:270.80M, Peak:270.80M | Scene, ViewLayer | Updating Geometry BVH Cube.450 523/802 | Building BVH
Fra:1 Mem:382.67M (Peak 489.93M) | Time:00:00.27 | Mem:270.80M, Peak:270.80M | Scene, ViewLayer | Updating Geometry BVH Cube.451 524/802 | Building BVH
Fra:1 Mem:382.67M (Peak 489.93M) | Time:00:00.27 | Mem:270.80M, Peak:270.80M | Scene, ViewLayer | Updating Geometry BVH Cube.451 524/802 | Building mesh BLAS |     188 tris | Cube.450
Fra:1 Mem:382.67M (Peak 489.93M) | Time:00:00.27 | Mem:270.80M, Peak:270.80M | Scene, ViewLayer | Updating Geometry BVH Cube.451 524/802 | Building mesh BLAS |     188 tris | Cube.451
Fra:1 Mem:382.67M (Peak 489.93M) | Time:00:00.27 | Mem:270.80M, Peak:270.80M | Scene, ViewLayer | Updating Geometry BVH Cube.452 525/802 | Building BVH
Fra:1 Mem:382.67M (Peak 489.93M) | Time:00:00.27 | Mem:270.80M, Peak:270.80M | Scene, ViewLayer | Updating Geometry BVH Cube.452 525/802 | Building mesh BLAS |     188 tris | Cube.452
Fra:1 Mem:382.67M (Peak 489.93M) | Time:00:00.27 | Mem:270.82M, Peak:270.82M | Scene, ViewLayer | Updating Geometry BVH Cube.453 526/802 | Building BVH
Fra:1 Mem:382.67M (Peak 489.93M) | Time:00:00.27 | Mem:270.82M, Peak:270.82M | Scene, ViewLayer | Updating Geometry BVH Cube.453 526/802 | Building mesh BLAS |     188 tris | Cube.453
Fra:1 Mem:382.67M (Peak 489.93M) | Time:00:00.27 | Mem:270.85M, Peak:270.85M | Scene, ViewLayer | Updating Geometry BVH Cube.454 527/802 | Building BVH
Fra:1 Mem:382.67M (Peak 489.93M) | Time:00:00.27 | Mem:270.85M, Peak:270.85M | Scene, ViewLayer | Updating Geometry BVH Cube.454 527/802 | Building mesh BLAS |     188 tris | Cube.454
Fra:1 Mem:382.67M (Peak 489.93M) | Time:00:00.27 | Mem:270.85M, Peak:270.85M | Scene, ViewLayer | Updating Geometry BVH Cube.455 528/802 | Building BVH
Fra:1 Mem:382.67M (Peak 489.93M) | Time:00:00.27 | Mem:270.85M, Peak:270.85M | Scene, ViewLayer | Updating Geometry BVH Cube.455 528/802 | Building mesh BLAS |     188 tris | Cube.455
Fra:1 Mem:382.67M (Peak 489.93M) | Time:00:00.27 | Mem:270.85M, Peak:270.85M | Scene, ViewLayer | Updating Geometry BVH Cube.456 529/802 | Building BVH
Fra:1 Mem:382.67M (Peak 489.93M) | Time:00:00.27 | Mem:270.85M, Peak:270.85M | Scene, ViewLayer | Updating Geometry BVH Cube.456 529/802 | Building mesh BLAS |     188 tris | Cube.456
Fra:1 Mem:382.67M (Peak 489.93M) | Time:00:00.27 | Mem:270.86M, Peak:270.86M | Scene, ViewLayer | Updating Geometry BVH Cube.457 530/802 | Building BVH
Fra:1 Mem:382.67M (Peak 489.93M) | Time:00:00.27 | Mem:270.86M, Peak:270.86M | Scene, ViewLayer | Updating Geometry BVH Cube.457 530/802 | Building mesh BLAS |     188 tris | Cube.457
Fra:1 Mem:382.67M (Peak 489.93M) | Time:00:00.27 | Mem:270.86M, Peak:270.86M | Scene, ViewLayer | Updating Geometry BVH Cube.458 531/802 | Building BVH
Fra:1 Mem:382.67M (Peak 489.93M) | Time:00:00.27 | Mem:270.86M, Peak:270.86M | Scene, ViewLayer | Updating Geometry BVH Cube.459 532/802 | Building BVH
Fra:1 Mem:382.67M (Peak 489.93M) | Time:00:00.27 | Mem:270.86M, Peak:270.86M | Scene, ViewLayer | Updating Geometry BVH Cube.459 532/802 | Building mesh BLAS |     188 tris | Cube.458
Fra:1 Mem:382.67M (Peak 489.93M) | Time:00:00.27 | Mem:270.86M, Peak:270.86M | Scene, ViewLayer | Updating Geometry BVH Cube.459 532/802 | Building mesh BLAS |     188 tris | Cube.459
Fra:1 Mem:382.67M (Peak 489.93M) | Time:00:00.27 | Mem:270.88M, Peak:270.88M | Scene, ViewLayer | Updating Geometry BVH Cube.460 533/802 | Building BVH
Fra:1 Mem:382.67M (Peak 489.93M) | Time:00:00.27 | Mem:270.88M, Peak:270.88M | Scene, ViewLayer | Updating Geometry BVH Cube.460 533/802 | Building mesh BLAS |     188 tris | Cube.460
Fra:1 Mem:382.67M (Peak 489.93M) | Time:00:00.27 | Mem:270.88M, Peak:270.88M | Scene, ViewLayer | Updating Geometry BVH Cube.461 534/802 | Building BVH
Fra:1 Mem:382.67M (Peak 489.93M) | Time:00:00.27 | Mem:270.88M, Peak:270.88M | Scene, ViewLayer | Updating Geometry BVH Cube.461 534/802 | Building mesh BLAS |     188 tris | Cube.461
Fra:1 Mem:382.67M (Peak 489.93M) | Time:00:00.27 | Mem:270.91M, Peak:270.91M | Scene, ViewLayer | Updating Geometry BVH Cube.700 773/802 | Building BVH
Fra:1 Mem:382.67M (Peak 489.93M) | Time:00:00.27 | Mem:270.91M, Peak:270.91M | Scene, ViewLayer | Updating Geometry BVH Cube.462 535/802 | Building BVH
Fra:1 Mem:382.67M (Peak 489.93M) | Time:00:00.27 | Mem:270.92M, Peak:270.92M | Scene, ViewLayer | Updating Geometry BVH Cube.462 535/802 | Building mesh BLAS |     188 tris | Cube.700
Fra:1 Mem:382.67M (Peak 489.93M) | Time:00:00.27 | Mem:270.94M, Peak:270.94M | Scene, ViewLayer | Updating Geometry BVH Cube.463 536/802 | Building mesh BLAS |     188 tris | Cube.462
Fra:1 Mem:382.67M (Peak 489.93M) | Time:00:00.27 | Mem:270.94M, Peak:270.94M | Scene, ViewLayer | Updating Geometry BVH Cube.465 538/802 | Building mesh BLAS |     188 tris | Cube.463
Fra:1 Mem:382.67M (Peak 489.93M) | Time:00:00.27 | Mem:270.94M, Peak:270.94M | Scene, ViewLayer | Updating Geometry BVH Cube.465 538/802 | Building mesh BLAS |     188 tris | Cube.464
Fra:1 Mem:382.67M (Peak 489.93M) | Time:00:00.27 | Mem:270.94M, Peak:270.94M | Scene, ViewLayer | Updating Geometry BVH Cube.465 538/802 | Building mesh BLAS |     188 tris | Cube.465
Fra:1 Mem:382.67M (Peak 489.93M) | Time:00:00.27 | Mem:270.96M, Peak:270.96M | Scene, ViewLayer | Updating Geometry BVH Cube.466 539/802 | Building BVH
Fra:1 Mem:382.67M (Peak 489.93M) | Time:00:00.27 | Mem:270.96M, Peak:270.96M | Scene, ViewLayer | Updating Geometry BVH Cube.467 540/802 | Building BVH
Fra:1 Mem:382.67M (Peak 489.93M) | Time:00:00.27 | Mem:270.96M, Peak:270.96M | Scene, ViewLayer | Updating Geometry BVH Cube.469 542/802 | Building BVH
Fra:1 Mem:382.67M (Peak 489.93M) | Time:00:00.27 | Mem:270.96M, Peak:270.96M | Scene, ViewLayer | Updating Geometry BVH Cube.469 542/802 | Building mesh BLAS |     188 tris | Cube.467
Fra:1 Mem:382.67M (Peak 489.93M) | Time:00:00.27 | Mem:270.96M, Peak:270.96M | Scene, ViewLayer | Updating Geometry BVH Cube.469 542/802 | Building mesh BLAS |     188 tris | Cube.469
Fra:1 Mem:382.67M (Peak 489.93M) | Time:00:00.27 | Mem:270.96M, Peak:270.96M | Scene, ViewLayer | Updating Geometry BVH Cube.469 542/802 | Building mesh BLAS |     188 tris | Cube.468
Fra:1 Mem:382.67M (Peak 489.93M) | Time:00:00.27 | Mem:270.99M, Peak:270.99M | Scene, ViewLayer | Updating Geometry BVH Cube.470 543/802 | Building BVH
Fra:1 Mem:382.67M (Peak 489.93M) | Time:00:00.27 | Mem:271.00M, Peak:271.00M | Scene, ViewLayer | Updating Geometry BVH Cube.470 543/802 | Building mesh BLAS |     188 tris | Cube.470
Fra:1 Mem:382.67M (Peak 489.93M) | Time:00:00.27 | Mem:271.02M, Peak:271.02M | Scene, ViewLayer | Updating Geometry BVH Cube.471 544/802 | Building BVH
Fra:1 Mem:382.67M (Peak 489.93M) | Time:00:00.27 | Mem:271.03M, Peak:271.03M | Scene, ViewLayer | Updating Geometry BVH Cube.473 546/802 | Building BVH
Fra:1 Mem:382.67M (Peak 489.93M) | Time:00:00.27 | Mem:271.03M, Peak:271.03M | Scene, ViewLayer | Updating Geometry BVH Cube.474 547/802 | Building BVH
Fra:1 Mem:382.67M (Peak 489.93M) | Time:00:00.27 | Mem:271.03M, Peak:271.03M | Scene, ViewLayer | Updating Geometry BVH Cube.474 547/802 | Building mesh BLAS |     188 tris | Cube.472
Fra:1 Mem:382.67M (Peak 489.93M) | Time:00:00.27 | Mem:271.03M, Peak:271.03M | Scene, ViewLayer | Updating Geometry BVH Cube.474 547/802 | Building mesh BLAS |     188 tris | Cube.474
Fra:1 Mem:382.67M (Peak 489.93M) | Time:00:00.27 | Mem:271.03M, Peak:271.03M | Scene, ViewLayer | Updating Geometry BVH Cube.474 547/802 | Building mesh BLAS |     188 tris | Cube.473
Fra:1 Mem:382.67M (Peak 489.93M) | Time:00:00.27 | Mem:271.05M, Peak:271.05M | Scene, ViewLayer | Updating Geometry BVH Cube.475 548/802 | Building BVH
Fra:1 Mem:382.67M (Peak 489.93M) | Time:00:00.27 | Mem:271.05M, Peak:271.05M | Scene, ViewLayer | Updating Geometry BVH Cube.476 549/802 | Building BVH
Fra:1 Mem:382.67M (Peak 489.93M) | Time:00:00.27 | Mem:271.05M, Peak:271.05M | Scene, ViewLayer | Updating Geometry BVH Cube.476 549/802 | Building mesh BLAS |     188 tris | Cube.475
Fra:1 Mem:382.67M (Peak 489.93M) | Time:00:00.27 | Mem:271.05M, Peak:271.05M | Scene, ViewLayer | Updating Geometry BVH Cube.476 549/802 | Building mesh BLAS |     188 tris | Cube.476
Fra:1 Mem:382.67M (Peak 489.93M) | Time:00:00.27 | Mem:271.05M, Peak:271.05M | Scene, ViewLayer | Updating Geometry BVH Cube.477 550/802 | Building BVH
Fra:1 Mem:382.67M (Peak 489.93M) | Time:00:00.27 | Mem:271.05M, Peak:271.05M | Scene, ViewLayer | Updating Geometry BVH Cube.477 550/802 | Building mesh BLAS |     188 tris | Cube.477
Fra:1 Mem:382.67M (Peak 489.93M) | Time:00:00.27 | Mem:271.05M, Peak:271.05M | Scene, ViewLayer | Updating Geometry BVH Cube.478 551/802 | Building BVH
Fra:1 Mem:382.67M (Peak 489.93M) | Time:00:00.27 | Mem:271.05M, Peak:271.05M | Scene, ViewLayer | Updating Geometry BVH Cube.478 551/802 | Building mesh BLAS |     188 tris | Cube.478
Fra:1 Mem:382.67M (Peak 489.93M) | Time:00:00.27 | Mem:271.08M, Peak:271.08M | Scene, ViewLayer | Updating Geometry BVH Cube.699 772/802 | Building BVH
Fra:1 Mem:382.67M (Peak 489.93M) | Time:00:00.27 | Mem:271.08M, Peak:271.08M | Scene, ViewLayer | Updating Geometry BVH Cube.699 772/802 | Building mesh BLAS |     188 tris | Cube.699
Fra:1 Mem:382.67M (Peak 489.93M) | Time:00:00.27 | Mem:271.08M, Peak:271.08M | Scene, ViewLayer | Updating Geometry BVH Cube.479 552/802 | Building BVH
Fra:1 Mem:382.67M (Peak 489.93M) | Time:00:00.27 | Mem:271.08M, Peak:271.08M | Scene, ViewLayer | Updating Geometry BVH Cube.480 553/802 | Building BVH
Fra:1 Mem:382.67M (Peak 489.93M) | Time:00:00.27 | Mem:271.08M, Peak:271.08M | Scene, ViewLayer | Updating Geometry BVH Cube.480 553/802 | Building mesh BLAS |     188 tris | Cube.479
Fra:1 Mem:382.67M (Peak 489.93M) | Time:00:00.27 | Mem:271.08M, Peak:271.08M | Scene, ViewLayer | Updating Geometry BVH Cube.480 553/802 | Building mesh BLAS |     188 tris | Cube.480
Fra:1 Mem:382.67M (Peak 489.93M) | Time:00:00.27 | Mem:271.13M, Peak:271.13M | Scene, ViewLayer | Updating Geometry BVH Cube.481 554/802 | Building BVH
Fra:1 Mem:382.67M (Peak 489.93M) | Time:00:00.27 | Mem:271.13M, Peak:271.13M | Scene, ViewLayer | Updating Geometry BVH Cube.481 554/802 | Building mesh BLAS |     188 tris | Cube.481
Fra:1 Mem:382.67M (Peak 489.93M) | Time:00:00.27 | Mem:271.14M, Peak:271.14M | Scene, ViewLayer | Updating Geometry BVH Cube.482 555/802 | Building BVH
Fra:1 Mem:382.67M (Peak 489.93M) | Time:00:00.27 | Mem:271.14M, Peak:271.14M | Scene, ViewLayer | Updating Geometry BVH Cube.484 557/802 | Building BVH
Fra:1 Mem:382.67M (Peak 489.93M) | Time:00:00.27 | Mem:271.15M, Peak:271.15M | Scene, ViewLayer | Updating Geometry BVH Cube.484 557/802 | Building mesh BLAS |     188 tris | Cube.482
Fra:1 Mem:382.67M (Peak 489.93M) | Time:00:00.27 | Mem:271.15M, Peak:271.15M | Scene, ViewLayer | Updating Geometry BVH Cube.484 557/802 | Building mesh BLAS |     188 tris | Cube.484
Fra:1 Mem:382.67M (Peak 489.93M) | Time:00:00.28 | Mem:271.16M, Peak:271.16M | Scene, ViewLayer | Updating Geometry BVH Cube.485 558/802 | Building BVH
Fra:1 Mem:382.67M (Peak 489.93M) | Time:00:00.28 | Mem:271.16M, Peak:271.16M | Scene, ViewLayer | Updating Geometry BVH Cube.486 559/802 | Building BVH
Fra:1 Mem:382.67M (Peak 489.93M) | Time:00:00.28 | Mem:271.18M, Peak:271.18M | Scene, ViewLayer | Updating Geometry BVH Cube.486 559/802 | Building mesh BLAS |     188 tris | Cube.483
Fra:1 Mem:382.67M (Peak 489.93M) | Time:00:00.28 | Mem:271.18M, Peak:271.18M | Scene, ViewLayer | Updating Geometry BVH Cube.487 560/802 | Building BVH
Fra:1 Mem:382.67M (Peak 489.93M) | Time:00:00.28 | Mem:271.18M, Peak:271.18M | Scene, ViewLayer | Updating Geometry BVH Cube.487 560/802 | Building mesh BLAS |     188 tris | Cube.487
Fra:1 Mem:382.67M (Peak 489.93M) | Time:00:00.28 | Mem:271.20M, Peak:271.20M | Scene, ViewLayer | Updating Geometry BVH Cube.488 561/802 | Building BVH
Fra:1 Mem:382.67M (Peak 489.93M) | Time:00:00.28 | Mem:271.20M, Peak:271.20M | Scene, ViewLayer | Updating Geometry BVH Cube.488 561/802 | Building mesh BLAS |     188 tris | Cube.488
Fra:1 Mem:382.67M (Peak 489.93M) | Time:00:00.28 | Mem:271.20M, Peak:271.20M | Scene, ViewLayer | Updating Geometry BVH Cube.489 562/802 | Building BVH
Fra:1 Mem:382.67M (Peak 489.93M) | Time:00:00.28 | Mem:271.20M, Peak:271.20M | Scene, ViewLayer | Updating Geometry BVH Cube.489 562/802 | Building mesh BLAS |     188 tris | Cube.489
Fra:1 Mem:382.67M (Peak 489.93M) | Time:00:00.28 | Mem:271.20M, Peak:271.20M | Scene, ViewLayer | Updating Geometry BVH Cube.490 563/802 | Building BVH
Fra:1 Mem:382.67M (Peak 489.93M) | Time:00:00.28 | Mem:271.20M, Peak:271.20M | Scene, ViewLayer | Updating Geometry BVH Cube.490 563/802 | Building mesh BLAS |     188 tris | Cube.490
Fra:1 Mem:382.67M (Peak 489.93M) | Time:00:00.28 | Mem:271.20M, Peak:271.20M | Scene, ViewLayer | Updating Geometry BVH Cube.491 564/802 | Building BVH
Fra:1 Mem:382.67M (Peak 489.93M) | Time:00:00.28 | Mem:271.20M, Peak:271.20M | Scene, ViewLayer | Updating Geometry BVH Cube.491 564/802 | Building mesh BLAS |     188 tris | Cube.491
Fra:1 Mem:382.67M (Peak 489.93M) | Time:00:00.28 | Mem:271.20M, Peak:271.20M | Scene, ViewLayer | Updating Geometry BVH Cube.492 565/802 | Building BVH
Fra:1 Mem:382.67M (Peak 489.93M) | Time:00:00.28 | Mem:271.20M, Peak:271.20M | Scene, ViewLayer | Updating Geometry BVH Cube.492 565/802 | Building mesh BLAS |     188 tris | Cube.492
Fra:1 Mem:382.67M (Peak 489.93M) | Time:00:00.28 | Mem:271.23M, Peak:271.23M | Scene, ViewLayer | Updating Geometry BVH Cube.493 566/802 | Building BVH
Fra:1 Mem:382.67M (Peak 489.93M) | Time:00:00.28 | Mem:271.23M, Peak:271.23M | Scene, ViewLayer | Updating Geometry BVH Cube.494 567/802 | Building BVH
Fra:1 Mem:382.67M (Peak 489.93M) | Time:00:00.28 | Mem:271.23M, Peak:271.23M | Scene, ViewLayer | Updating Geometry BVH Cube.495 568/802 | Building BVH
Fra:1 Mem:382.67M (Peak 489.93M) | Time:00:00.28 | Mem:271.23M, Peak:271.23M | Scene, ViewLayer | Updating Geometry BVH Cube.495 568/802 | Building mesh BLAS |     188 tris | Cube.495
Fra:1 Mem:382.67M (Peak 489.93M) | Time:00:00.28 | Mem:271.23M, Peak:271.23M | Scene, ViewLayer | Updating Geometry BVH Cube.495 568/802 | Building mesh BLAS |     188 tris | Cube.494
Fra:1 Mem:382.67M (Peak 489.93M) | Time:00:00.28 | Mem:271.24M, Peak:271.24M | Scene, ViewLayer | Updating Geometry BVH Cube.698 771/802 | Building BVH
Fra:1 Mem:382.67M (Peak 489.93M) | Time:00:00.28 | Mem:271.24M, Peak:271.24M | Scene, ViewLayer | Updating Geometry BVH Cube.496 569/802 | Building BVH
Fra:1 Mem:382.67M (Peak 489.93M) | Time:00:00.28 | Mem:271.24M, Peak:271.24M | Scene, ViewLayer | Updating Geometry BVH Cube.496 569/802 | Building mesh BLAS |     188 tris | Cube.698
Fra:1 Mem:382.67M (Peak 489.93M) | Time:00:00.28 | Mem:271.24M, Peak:271.24M | Scene, ViewLayer | Updating Geometry BVH Cube.496 569/802 | Building mesh BLAS |     188 tris | Cube.496
Fra:1 Mem:382.67M (Peak 489.93M) | Time:00:00.28 | Mem:271.24M, Peak:271.24M | Scene, ViewLayer | Updating Geometry BVH Cube.497 570/802 | Building BVH
Fra:1 Mem:382.67M (Peak 489.93M) | Time:00:00.28 | Mem:271.24M, Peak:271.24M | Scene, ViewLayer | Updating Geometry BVH Cube.497 570/802 | Building mesh BLAS |     188 tris | Cube.497
Fra:1 Mem:382.67M (Peak 489.93M) | Time:00:00.28 | Mem:271.31M, Peak:271.31M | Scene, ViewLayer | Updating Geometry BVH Cube.498 571/802 | Building BVH
Fra:1 Mem:382.67M (Peak 489.93M) | Time:00:00.28 | Mem:271.31M, Peak:271.31M | Scene, ViewLayer | Updating Geometry BVH Cube.498 571/802 | Building mesh BLAS |     188 tris | Cube.498
Fra:1 Mem:382.67M (Peak 489.93M) | Time:00:00.28 | Mem:271.31M, Peak:271.31M | Scene, ViewLayer | Updating Geometry BVH Cube.499 572/802 | Building BVH
Fra:1 Mem:382.67M (Peak 489.93M) | Time:00:00.28 | Mem:271.31M, Peak:271.31M | Scene, ViewLayer | Updating Geometry BVH Cube.499 572/802 | Building mesh BLAS |     188 tris | Cube.499
Fra:1 Mem:382.67M (Peak 489.93M) | Time:00:00.28 | Mem:271.31M, Peak:271.31M | Scene, ViewLayer | Updating Geometry BVH Cube.499 572/802 | Building mesh BLAS |     188 tris | Cube.500
Fra:1 Mem:382.67M (Peak 489.93M) | Time:00:00.28 | Mem:271.31M, Peak:271.31M | Scene, ViewLayer | Updating Geometry BVH Cube.501 574/802 | Building BVH
Fra:1 Mem:382.67M (Peak 489.93M) | Time:00:00.28 | Mem:271.31M, Peak:271.31M | Scene, ViewLayer | Updating Geometry BVH Cube.501 574/802 | Building mesh BLAS |     188 tris | Cube.501
Fra:1 Mem:382.67M (Peak 489.93M) | Time:00:00.28 | Mem:271.33M, Peak:271.33M | Scene, ViewLayer | Updating Geometry BVH Cube.502 575/802 | Building BVH
Fra:1 Mem:382.67M (Peak 489.93M) | Time:00:00.28 | Mem:271.33M, Peak:271.33M | Scene, ViewLayer | Updating Geometry BVH Cube.502 575/802 | Building mesh BLAS |     188 tris | Cube.502
Fra:1 Mem:382.67M (Peak 489.93M) | Time:00:00.28 | Mem:271.33M, Peak:271.33M | Scene, ViewLayer | Updating Geometry BVH Cube.503 576/802 | Building BVH
Fra:1 Mem:382.67M (Peak 489.93M) | Time:00:00.28 | Mem:271.35M, Peak:271.35M | Scene, ViewLayer | Updating Geometry BVH Cube.503 576/802 | Building mesh BLAS |     188 tris | Cube.503
Fra:1 Mem:382.67M (Peak 489.93M) | Time:00:00.28 | Mem:271.35M, Peak:271.35M | Scene, ViewLayer | Updating Geometry BVH Cube.504 577/802 | Building BVH
Fra:1 Mem:382.67M (Peak 489.93M) | Time:00:00.28 | Mem:271.35M, Peak:271.35M | Scene, ViewLayer | Updating Geometry BVH Cube.504 577/802 | Building mesh BLAS |     188 tris | Cube.504
Fra:1 Mem:382.67M (Peak 489.93M) | Time:00:00.28 | Mem:271.35M, Peak:271.35M | Scene, ViewLayer | Updating Geometry BVH Cube.505 578/802 | Building BVH
Fra:1 Mem:382.67M (Peak 489.93M) | Time:00:00.28 | Mem:271.35M, Peak:271.35M | Scene, ViewLayer | Updating Geometry BVH Cube.505 578/802 | Building mesh BLAS |     188 tris | Cube.505
Fra:1 Mem:382.67M (Peak 489.93M) | Time:00:00.28 | Mem:271.36M, Peak:271.36M | Scene, ViewLayer | Updating Geometry BVH Cube.506 579/802 | Building BVH
Fra:1 Mem:382.67M (Peak 489.93M) | Time:00:00.28 | Mem:271.36M, Peak:271.36M | Scene, ViewLayer | Updating Geometry BVH Cube.506 579/802 | Building mesh BLAS |     188 tris | Cube.506
Fra:1 Mem:382.67M (Peak 489.93M) | Time:00:00.28 | Mem:271.36M, Peak:271.36M | Scene, ViewLayer | Updating Geometry BVH Cube.507 580/802 | Building BVH
Fra:1 Mem:382.67M (Peak 489.93M) | Time:00:00.28 | Mem:271.36M, Peak:271.36M | Scene, ViewLayer | Updating Geometry BVH Cube.507 580/802 | Building mesh BLAS |     188 tris | Cube.507
Fra:1 Mem:382.67M (Peak 489.93M) | Time:00:00.28 | Mem:271.37M, Peak:271.37M | Scene, ViewLayer | Updating Geometry BVH Cube.508 581/802 | Building BVH
Fra:1 Mem:382.67M (Peak 489.93M) | Time:00:00.28 | Mem:271.37M, Peak:271.37M | Scene, ViewLayer | Updating Geometry BVH Cube.508 581/802 | Building mesh BLAS |     188 tris | Cube.508
Fra:1 Mem:382.67M (Peak 489.93M) | Time:00:00.28 | Mem:271.38M, Peak:271.38M | Scene, ViewLayer | Updating Geometry BVH Cube.509 582/802 | Building BVH
Fra:1 Mem:382.67M (Peak 489.93M) | Time:00:00.28 | Mem:271.38M, Peak:271.38M | Scene, ViewLayer | Updating Geometry BVH Cube.509 582/802 | Building mesh BLAS |     188 tris | Cube.509
Fra:1 Mem:382.67M (Peak 489.93M) | Time:00:00.28 | Mem:271.40M, Peak:271.40M | Scene, ViewLayer | Updating Geometry BVH Cube.510 583/802 | Building BVH
Fra:1 Mem:382.67M (Peak 489.93M) | Time:00:00.28 | Mem:271.40M, Peak:271.40M | Scene, ViewLayer | Updating Geometry BVH Cube.511 584/802 | Building mesh BLAS |     188 tris | Cube.510
Fra:1 Mem:382.67M (Peak 489.93M) | Time:00:00.28 | Mem:271.40M, Peak:271.40M | Scene, ViewLayer | Updating Geometry BVH Cube.511 584/802 | Building mesh BLAS |     188 tris | Cube.511
Fra:1 Mem:382.67M (Peak 489.93M) | Time:00:00.28 | Mem:271.41M, Peak:271.41M | Scene, ViewLayer | Updating Geometry BVH Cube.512 585/802 | Building BVH
Fra:1 Mem:382.67M (Peak 489.93M) | Time:00:00.28 | Mem:271.41M, Peak:271.41M | Scene, ViewLayer | Updating Geometry BVH Cube.512 585/802 | Building mesh BLAS |     188 tris | Cube.512
Fra:1 Mem:382.67M (Peak 489.93M) | Time:00:00.28 | Mem:271.42M, Peak:271.42M | Scene, ViewLayer | Updating Geometry BVH Cube.697 770/802 | Building BVH
Fra:1 Mem:382.67M (Peak 489.93M) | Time:00:00.28 | Mem:271.42M, Peak:271.42M | Scene, ViewLayer | Updating Geometry BVH Cube.697 770/802 | Building mesh BLAS |     188 tris | Cube.697
Fra:1 Mem:382.67M (Peak 489.93M) | Time:00:00.28 | Mem:271.42M, Peak:271.42M | Scene, ViewLayer | Updating Geometry BVH Cube.513 586/802 | Building BVH
Fra:1 Mem:382.67M (Peak 489.93M) | Time:00:00.28 | Mem:271.42M, Peak:271.42M | Scene, ViewLayer | Updating Geometry BVH Cube.513 586/802 | Building mesh BLAS |     188 tris | Cube.513
Fra:1 Mem:382.67M (Peak 489.93M) | Time:00:00.28 | Mem:271.42M, Peak:271.42M | Scene, ViewLayer | Updating Geometry BVH Cube.514 587/802 | Building BVH
Fra:1 Mem:382.67M (Peak 489.93M) | Time:00:00.28 | Mem:271.42M, Peak:271.42M | Scene, ViewLayer | Updating Geometry BVH Cube.514 587/802 | Building mesh BLAS |     188 tris | Cube.514
Fra:1 Mem:382.67M (Peak 489.93M) | Time:00:00.28 | Mem:271.44M, Peak:271.44M | Scene, ViewLayer | Updating Geometry BVH Cube.515 588/802 | Building BVH
Fra:1 Mem:382.67M (Peak 489.93M) | Time:00:00.28 | Mem:271.44M, Peak:271.44M | Scene, ViewLayer | Updating Geometry BVH Cube.515 588/802 | Building mesh BLAS |     188 tris | Cube.515
Fra:1 Mem:382.67M (Peak 489.93M) | Time:00:00.28 | Mem:271.47M, Peak:271.47M | Scene, ViewLayer | Updating Geometry BVH Cube.516 589/802 | Building BVH
Fra:1 Mem:382.67M (Peak 489.93M) | Time:00:00.28 | Mem:271.47M, Peak:271.47M | Scene, ViewLayer | Updating Geometry BVH Cube.516 589/802 | Building mesh BLAS |     188 tris | Cube.516
Fra:1 Mem:382.67M (Peak 489.93M) | Time:00:00.28 | Mem:271.49M, Peak:271.49M | Scene, ViewLayer | Updating Geometry BVH Cube.517 590/802 | Building BVH
Fra:1 Mem:382.67M (Peak 489.93M) | Time:00:00.28 | Mem:271.50M, Peak:271.50M | Scene, ViewLayer | Updating Geometry BVH Cube.518 591/802 | Building BVH
Fra:1 Mem:382.67M (Peak 489.93M) | Time:00:00.28 | Mem:271.50M, Peak:271.50M | Scene, ViewLayer | Updating Geometry BVH Cube.519 592/802 | Building BVH
Fra:1 Mem:382.67M (Peak 489.93M) | Time:00:00.28 | Mem:271.51M, Peak:271.51M | Scene, ViewLayer | Updating Geometry BVH Cube.522 595/802 | Building BVH
Fra:1 Mem:382.67M (Peak 489.93M) | Time:00:00.28 | Mem:271.51M, Peak:271.51M | Scene, ViewLayer | Updating Geometry BVH Cube.522 595/802 | Building mesh BLAS |     188 tris | Cube.519
Fra:1 Mem:382.67M (Peak 489.93M) | Time:00:00.28 | Mem:271.51M, Peak:271.51M | Scene, ViewLayer | Updating Geometry BVH Cube.522 595/802 | Building mesh BLAS |     188 tris | Cube.520
Fra:1 Mem:382.67M (Peak 489.93M) | Time:00:00.28 | Mem:271.51M, Peak:271.51M | Scene, ViewLayer | Updating Geometry BVH Cube.522 595/802 | Building mesh BLAS |     188 tris | Cube.522
Fra:1 Mem:382.67M (Peak 489.93M) | Time:00:00.28 | Mem:271.51M, Peak:271.51M | Scene, ViewLayer | Updating Geometry BVH Cube.522 595/802 | Building mesh BLAS |     188 tris | Cube.521
Fra:1 Mem:382.67M (Peak 489.93M) | Time:00:00.28 | Mem:271.52M, Peak:271.52M | Scene, ViewLayer | Updating Geometry BVH Cube.523 596/802 | Building BVH
Fra:1 Mem:382.67M (Peak 489.93M) | Time:00:00.28 | Mem:271.52M, Peak:271.52M | Scene, ViewLayer | Updating Geometry BVH Cube.524 597/802 | Building BVH
Fra:1 Mem:382.67M (Peak 489.93M) | Time:00:00.28 | Mem:271.52M, Peak:271.52M | Scene, ViewLayer | Updating Geometry BVH Cube.524 597/802 | Building mesh BLAS |     188 tris | Cube.523
Fra:1 Mem:382.67M (Peak 489.93M) | Time:00:00.28 | Mem:271.52M, Peak:271.52M | Scene, ViewLayer | Updating Geometry BVH Cube.524 597/802 | Building mesh BLAS |     188 tris | Cube.524
Fra:1 Mem:382.67M (Peak 489.93M) | Time:00:00.28 | Mem:271.52M, Peak:271.52M | Scene, ViewLayer | Updating Geometry BVH Cube.525 598/802 | Building BVH
Fra:1 Mem:382.67M (Peak 489.93M) | Time:00:00.28 | Mem:271.52M, Peak:271.52M | Scene, ViewLayer | Updating Geometry BVH Cube.525 598/802 | Building mesh BLAS |     188 tris | Cube.525
Fra:1 Mem:382.67M (Peak 489.93M) | Time:00:00.28 | Mem:271.55M, Peak:271.55M | Scene, ViewLayer | Updating Geometry BVH Cube.526 599/802 | Building BVH
Fra:1 Mem:382.67M (Peak 489.93M) | Time:00:00.28 | Mem:271.55M, Peak:271.55M | Scene, ViewLayer | Updating Geometry BVH Cube.527 600/802 | Building BVH
Fra:1 Mem:382.67M (Peak 489.93M) | Time:00:00.28 | Mem:271.55M, Peak:271.55M | Scene, ViewLayer | Updating Geometry BVH Cube.527 600/802 | Building mesh BLAS |     188 tris | Cube.526
Fra:1 Mem:382.67M (Peak 489.93M) | Time:00:00.28 | Mem:271.55M, Peak:271.55M | Scene, ViewLayer | Updating Geometry BVH Cube.528 601/802 | Building BVH
Fra:1 Mem:382.67M (Peak 489.93M) | Time:00:00.28 | Mem:271.55M, Peak:271.55M | Scene, ViewLayer | Updating Geometry BVH Cube.528 601/802 | Building mesh BLAS |     188 tris | Cube.528
Fra:1 Mem:382.67M (Peak 489.93M) | Time:00:00.28 | Mem:271.57M, Peak:271.57M | Scene, ViewLayer | Updating Geometry BVH Cube.529 602/802 | Building BVH
Fra:1 Mem:382.67M (Peak 489.93M) | Time:00:00.28 | Mem:271.57M, Peak:271.57M | Scene, ViewLayer | Updating Geometry BVH Cube.529 602/802 | Building mesh BLAS |     188 tris | Cube.529
Fra:1 Mem:382.67M (Peak 489.93M) | Time:00:00.28 | Mem:271.61M, Peak:271.61M | Scene, ViewLayer | Updating Geometry BVH Cube.696 769/802 | Building BVH
Fra:1 Mem:382.67M (Peak 489.93M) | Time:00:00.28 | Mem:271.61M, Peak:271.61M | Scene, ViewLayer | Updating Geometry BVH Cube.530 603/802 | Building BVH
Fra:1 Mem:382.67M (Peak 489.93M) | Time:00:00.28 | Mem:271.61M, Peak:271.61M | Scene, ViewLayer | Updating Geometry BVH Cube.531 604/802 | Building BVH
Fra:1 Mem:382.67M (Peak 489.93M) | Time:00:00.28 | Mem:271.61M, Peak:271.61M | Scene, ViewLayer | Updating Geometry BVH Cube.531 604/802 | Building mesh BLAS |     188 tris | Cube.530
Fra:1 Mem:382.67M (Peak 489.93M) | Time:00:00.28 | Mem:271.61M, Peak:271.61M | Scene, ViewLayer | Updating Geometry BVH Cube.531 604/802 | Building mesh BLAS |     188 tris | Cube.531
Fra:1 Mem:382.67M (Peak 489.93M) | Time:00:00.28 | Mem:271.61M, Peak:271.61M | Scene, ViewLayer | Updating Geometry BVH Cube.532 605/802 | Building BVH
Fra:1 Mem:382.67M (Peak 489.93M) | Time:00:00.28 | Mem:271.61M, Peak:271.61M | Scene, ViewLayer | Updating Geometry BVH Cube.532 605/802 | Building mesh BLAS |     188 tris | Cube.532
Fra:1 Mem:382.67M (Peak 489.93M) | Time:00:00.28 | Mem:271.62M, Peak:271.62M | Scene, ViewLayer | Updating Geometry BVH Cube.533 606/802 | Building BVH
Fra:1 Mem:382.67M (Peak 489.93M) | Time:00:00.28 | Mem:271.62M, Peak:271.62M | Scene, ViewLayer | Updating Geometry BVH Cube.533 606/802 | Building mesh BLAS |     188 tris | Cube.533
Fra:1 Mem:382.67M (Peak 489.93M) | Time:00:00.28 | Mem:271.65M, Peak:271.65M | Scene, ViewLayer | Updating Geometry BVH Cube.534 607/802 | Building BVH
Fra:1 Mem:382.67M (Peak 489.93M) | Time:00:00.28 | Mem:271.65M, Peak:271.65M | Scene, ViewLayer | Updating Geometry BVH Cube.535 608/802 | Building BVH
Fra:1 Mem:382.67M (Peak 489.93M) | Time:00:00.28 | Mem:271.65M, Peak:271.65M | Scene, ViewLayer | Updating Geometry BVH Cube.536 609/802 | Building BVH
Fra:1 Mem:382.67M (Peak 489.93M) | Time:00:00.28 | Mem:271.65M, Peak:271.65M | Scene, ViewLayer | Updating Geometry BVH Cube.536 609/802 | Building mesh BLAS |     188 tris | Cube.534
Fra:1 Mem:382.67M (Peak 489.93M) | Time:00:00.28 | Mem:271.65M, Peak:271.65M | Scene, ViewLayer | Updating Geometry BVH Cube.537 610/802 | Building BVH
Fra:1 Mem:382.67M (Peak 489.93M) | Time:00:00.28 | Mem:271.68M, Peak:271.68M | Scene, ViewLayer | Updating Geometry BVH Cube.538 611/802 | Building BVH
Fra:1 Mem:382.67M (Peak 489.93M) | Time:00:00.28 | Mem:271.68M, Peak:271.68M | Scene, ViewLayer | Updating Geometry BVH Cube.538 611/802 | Building mesh BLAS |     188 tris | Cube.538
Fra:1 Mem:382.67M (Peak 489.93M) | Time:00:00.28 | Mem:271.69M, Peak:271.69M | Scene, ViewLayer | Updating Geometry BVH Cube.540 613/802 | Building BVH
Fra:1 Mem:382.67M (Peak 489.93M) | Time:00:00.28 | Mem:271.71M, Peak:271.71M | Scene, ViewLayer | Updating Geometry BVH Cube.540 613/802 | Building mesh BLAS |     188 tris | Cube.537
Fra:1 Mem:382.67M (Peak 489.93M) | Time:00:00.28 | Mem:271.71M, Peak:271.71M | Scene, ViewLayer | Updating Geometry BVH Cube.540 613/802 | Building mesh BLAS |     188 tris | Cube.540
Fra:1 Mem:382.67M (Peak 489.93M) | Time:00:00.28 | Mem:271.71M, Peak:271.71M | Scene, ViewLayer | Updating Geometry BVH Cube.542 615/802 | Building BVH
Fra:1 Mem:382.67M (Peak 489.93M) | Time:00:00.28 | Mem:271.73M, Peak:271.73M | Scene, ViewLayer | Updating Geometry BVH Cube.542 615/802 | Building mesh BLAS |     188 tris | Cube.539
Fra:1 Mem:382.67M (Peak 489.93M) | Time:00:00.28 | Mem:271.73M, Peak:271.73M | Scene, ViewLayer | Updating Geometry BVH Cube.542 615/802 | Building mesh BLAS |     188 tris | Cube.542
Fra:1 Mem:382.67M (Peak 489.93M) | Time:00:00.28 | Mem:271.73M, Peak:271.73M | Scene, ViewLayer | Updating Geometry BVH Cube.543 616/802 | Building BVH
Fra:1 Mem:382.67M (Peak 489.93M) | Time:00:00.28 | Mem:271.73M, Peak:271.73M | Scene, ViewLayer | Updating Geometry BVH Cube.544 617/802 | Building BVH
Fra:1 Mem:382.67M (Peak 489.93M) | Time:00:00.28 | Mem:271.73M, Peak:271.73M | Scene, ViewLayer | Updating Geometry BVH Cube.545 618/802 | Building mesh BLAS |     188 tris | Cube.543
Fra:1 Mem:382.67M (Peak 489.93M) | Time:00:00.28 | Mem:271.73M, Peak:271.73M | Scene, ViewLayer | Updating Geometry BVH Cube.545 618/802 | Building mesh BLAS |     188 tris | Cube.545
Fra:1 Mem:382.67M (Peak 489.93M) | Time:00:00.28 | Mem:271.73M, Peak:271.73M | Scene, ViewLayer | Updating Geometry BVH Cube.545 618/802 | Building mesh BLAS |     188 tris | Cube.541
Fra:1 Mem:382.67M (Peak 489.93M) | Time:00:00.28 | Mem:271.73M, Peak:271.73M | Scene, ViewLayer | Updating Geometry BVH Cube.545 618/802 | Building mesh BLAS |     188 tris | Cube.544
Fra:1 Mem:382.67M (Peak 489.93M) | Time:00:00.28 | Mem:271.75M, Peak:271.75M | Scene, ViewLayer | Updating Geometry BVH Cube.546 619/802 | Building BVH
Fra:1 Mem:382.67M (Peak 489.93M) | Time:00:00.28 | Mem:271.75M, Peak:271.75M | Scene, ViewLayer | Updating Geometry BVH Cube.546 619/802 | Building mesh BLAS |     188 tris | Cube.546
Fra:1 Mem:382.67M (Peak 489.93M) | Time:00:00.28 | Mem:271.75M, Peak:271.75M | Scene, ViewLayer | Updating Geometry BVH Cube.547 620/802 | Building BVH
Fra:1 Mem:382.67M (Peak 489.93M) | Time:00:00.28 | Mem:271.76M, Peak:271.76M | Scene, ViewLayer | Updating Geometry BVH Cube.695 768/802 | Building BVH
Fra:1 Mem:382.67M (Peak 489.93M) | Time:00:00.28 | Mem:271.76M, Peak:271.76M | Scene, ViewLayer | Updating Geometry BVH Cube.548 621/802 | Building BVH
Fra:1 Mem:382.67M (Peak 489.93M) | Time:00:00.28 | Mem:271.77M, Peak:271.77M | Scene, ViewLayer | Updating Geometry BVH Cube.548 621/802 | Building mesh BLAS |     188 tris | Cube.548
Fra:1 Mem:382.67M (Peak 489.93M) | Time:00:00.28 | Mem:271.78M, Peak:271.78M | Scene, ViewLayer | Updating Geometry BVH Cube.549 622/802 | Building BVH
Fra:1 Mem:382.67M (Peak 489.93M) | Time:00:00.28 | Mem:271.78M, Peak:271.78M | Scene, ViewLayer | Updating Geometry BVH Cube.550 623/802 | Building BVH
Fra:1 Mem:382.67M (Peak 489.93M) | Time:00:00.28 | Mem:271.79M, Peak:271.79M | Scene, ViewLayer | Updating Geometry BVH Cube.550 623/802 | Building mesh BLAS |     188 tris | Cube.550
Fra:1 Mem:382.67M (Peak 489.93M) | Time:00:00.28 | Mem:271.79M, Peak:271.79M | Scene, ViewLayer | Updating Geometry BVH Cube.551 624/802 | Building BVH
Fra:1 Mem:382.67M (Peak 489.93M) | Time:00:00.28 | Mem:271.79M, Peak:271.79M | Scene, ViewLayer | Updating Geometry BVH Cube.551 624/802 | Building mesh BLAS |     188 tris | Cube.551
Fra:1 Mem:382.67M (Peak 489.93M) | Time:00:00.28 | Mem:271.82M, Peak:271.82M | Scene, ViewLayer | Updating Geometry BVH Cube.552 625/802 | Building BVH
Fra:1 Mem:382.67M (Peak 489.93M) | Time:00:00.28 | Mem:271.84M, Peak:271.84M | Scene, ViewLayer | Updating Geometry BVH Cube.552 625/802 | Building mesh BLAS |     188 tris | Cube.552
Fra:1 Mem:382.67M (Peak 489.93M) | Time:00:00.28 | Mem:271.84M, Peak:271.84M | Scene, ViewLayer | Updating Geometry BVH Cube.553 626/802 | Building BVH
Fra:1 Mem:382.67M (Peak 489.93M) | Time:00:00.28 | Mem:271.85M, Peak:271.85M | Scene, ViewLayer | Updating Geometry BVH Cube.554 627/802 | Building BVH
Fra:1 Mem:382.67M (Peak 489.93M) | Time:00:00.28 | Mem:271.85M, Peak:271.85M | Scene, ViewLayer | Updating Geometry BVH Cube.555 628/802 | Building BVH
Fra:1 Mem:382.67M (Peak 489.93M) | Time:00:00.28 | Mem:271.85M, Peak:271.85M | Scene, ViewLayer | Updating Geometry BVH Cube.555 628/802 | Building mesh BLAS |     188 tris | Cube.554
Fra:1 Mem:382.67M (Peak 489.93M) | Time:00:00.28 | Mem:271.85M, Peak:271.85M | Scene, ViewLayer | Updating Geometry BVH Cube.555 628/802 | Building mesh BLAS |     188 tris | Cube.555
Fra:1 Mem:382.67M (Peak 489.93M) | Time:00:00.28 | Mem:271.88M, Peak:271.88M | Scene, ViewLayer | Updating Geometry BVH Cube.556 629/802 | Building BVH
Fra:1 Mem:382.67M (Peak 489.93M) | Time:00:00.28 | Mem:271.89M, Peak:271.89M | Scene, ViewLayer | Updating Geometry BVH Cube.556 629/802 | Building mesh BLAS |     188 tris | Cube.556
Fra:1 Mem:382.67M (Peak 489.93M) | Time:00:00.28 | Mem:271.89M, Peak:271.89M | Scene, ViewLayer | Updating Geometry BVH Cube.557 630/802 | Building BVH
Fra:1 Mem:382.67M (Peak 489.93M) | Time:00:00.28 | Mem:271.89M, Peak:271.89M | Scene, ViewLayer | Updating Geometry BVH Cube.558 631/802 | Building BVH
Fra:1 Mem:382.67M (Peak 489.93M) | Time:00:00.28 | Mem:271.89M, Peak:271.89M | Scene, ViewLayer | Updating Geometry BVH Cube.559 632/802 | Building BVH
Fra:1 Mem:382.67M (Peak 489.93M) | Time:00:00.28 | Mem:271.90M, Peak:271.90M | Scene, ViewLayer | Updating Geometry BVH Cube.559 632/802 | Building mesh BLAS |     188 tris | Cube.558
Fra:1 Mem:382.67M (Peak 489.93M) | Time:00:00.28 | Mem:271.91M, Peak:271.91M | Scene, ViewLayer | Updating Geometry BVH Cube.560 633/802 | Building mesh BLAS |     188 tris | Cube.559
Fra:1 Mem:382.67M (Peak 489.93M) | Time:00:00.28 | Mem:271.91M, Peak:271.91M | Scene, ViewLayer | Updating Geometry BVH Cube.562 635/802 | Building BVH
Fra:1 Mem:382.67M (Peak 489.93M) | Time:00:00.28 | Mem:271.91M, Peak:271.91M | Scene, ViewLayer | Updating Geometry BVH Cube.563 636/802 | Building BVH
Fra:1 Mem:382.67M (Peak 489.93M) | Time:00:00.28 | Mem:271.92M, Peak:271.92M | Scene, ViewLayer | Updating Geometry BVH Cube.563 636/802 | Building mesh BLAS |     188 tris | Cube.562
Fra:1 Mem:382.67M (Peak 489.93M) | Time:00:00.28 | Mem:271.92M, Peak:271.92M | Scene, ViewLayer | Updating Geometry BVH Cube.563 636/802 | Building mesh BLAS |     188 tris | Cube.561
Fra:1 Mem:382.67M (Peak 489.93M) | Time:00:00.28 | Mem:271.92M, Peak:271.92M | Scene, ViewLayer | Updating Geometry BVH Cube.563 636/802 | Building mesh BLAS |     188 tris | Cube.560
Fra:1 Mem:382.67M (Peak 489.93M) | Time:00:00.28 | Mem:271.94M, Peak:271.94M | Scene, ViewLayer | Updating Geometry BVH Cube.564 637/802 | Building BVH
Fra:1 Mem:382.67M (Peak 489.93M) | Time:00:00.28 | Mem:271.94M, Peak:271.94M | Scene, ViewLayer | Updating Geometry BVH Cube.564 637/802 | Building mesh BLAS |     188 tris | Cube.564
Fra:1 Mem:382.67M (Peak 489.93M) | Time:00:00.28 | Mem:271.94M, Peak:271.94M | Scene, ViewLayer | Updating Geometry BVH Cube.694 767/802 | Building BVH
Fra:1 Mem:382.67M (Peak 489.93M) | Time:00:00.28 | Mem:271.94M, Peak:271.94M | Scene, ViewLayer | Updating Geometry BVH Cube.694 767/802 | Building mesh BLAS |     188 tris | Cube.694
Fra:1 Mem:382.67M (Peak 489.93M) | Time:00:00.28 | Mem:271.94M, Peak:271.94M | Scene, ViewLayer | Updating Geometry BVH Cube.565 638/802 | Building BVH
Fra:1 Mem:382.67M (Peak 489.93M) | Time:00:00.28 | Mem:271.94M, Peak:271.94M | Scene, ViewLayer | Updating Geometry BVH Cube.565 638/802 | Building mesh BLAS |     188 tris | Cube.565
Fra:1 Mem:382.67M (Peak 489.93M) | Time:00:00.28 | Mem:271.96M, Peak:271.96M | Scene, ViewLayer | Updating Geometry BVH Cube.566 639/802 | Building BVH
Fra:1 Mem:382.67M (Peak 489.93M) | Time:00:00.28 | Mem:271.96M, Peak:271.96M | Scene, ViewLayer | Updating Geometry BVH Cube.566 639/802 | Building mesh BLAS |     188 tris | Cube.566
Fra:1 Mem:382.67M (Peak 489.93M) | Time:00:00.28 | Mem:271.96M, Peak:271.96M | Scene, ViewLayer | Updating Geometry BVH Cube.567 640/802 | Building BVH
Fra:1 Mem:382.67M (Peak 489.93M) | Time:00:00.28 | Mem:271.96M, Peak:271.96M | Scene, ViewLayer | Updating Geometry BVH Cube.567 640/802 | Building mesh BLAS |     188 tris | Cube.567
Fra:1 Mem:382.67M (Peak 489.93M) | Time:00:00.28 | Mem:271.97M, Peak:271.97M | Scene, ViewLayer | Updating Geometry BVH Cube.568 641/802 | Building BVH
Fra:1 Mem:382.67M (Peak 489.93M) | Time:00:00.28 | Mem:271.97M, Peak:271.97M | Scene, ViewLayer | Updating Geometry BVH Cube.569 642/802 | Building mesh BLAS |     188 tris | Cube.568
Fra:1 Mem:382.67M (Peak 489.93M) | Time:00:00.28 | Mem:271.97M, Peak:271.97M | Scene, ViewLayer | Updating Geometry BVH Cube.569 642/802 | Building mesh BLAS |     188 tris | Cube.569
Fra:1 Mem:382.67M (Peak 489.93M) | Time:00:00.28 | Mem:272.01M, Peak:272.01M | Scene, ViewLayer | Updating Geometry BVH Cube.570 643/802 | Building BVH
Fra:1 Mem:382.67M (Peak 489.93M) | Time:00:00.28 | Mem:272.01M, Peak:272.01M | Scene, ViewLayer | Updating Geometry BVH Cube.571 644/802 | Building BVH
Fra:1 Mem:382.67M (Peak 489.93M) | Time:00:00.28 | Mem:272.01M, Peak:272.01M | Scene, ViewLayer | Updating Geometry BVH Cube.572 645/802 | Building BVH
Fra:1 Mem:382.67M (Peak 489.93M) | Time:00:00.28 | Mem:272.01M, Peak:272.01M | Scene, ViewLayer | Updating Geometry BVH Cube.572 645/802 | Building mesh BLAS |     188 tris | Cube.571
Fra:1 Mem:382.67M (Peak 489.93M) | Time:00:00.28 | Mem:272.01M, Peak:272.01M | Scene, ViewLayer | Updating Geometry BVH Cube.572 645/802 | Building mesh BLAS |     188 tris | Cube.572
Fra:1 Mem:382.67M (Peak 489.93M) | Time:00:00.28 | Mem:272.04M, Peak:272.04M | Scene, ViewLayer | Updating Geometry BVH Cube.573 646/802 | Building BVH
Fra:1 Mem:382.67M (Peak 489.93M) | Time:00:00.28 | Mem:272.04M, Peak:272.04M | Scene, ViewLayer | Updating Geometry BVH Cube.573 646/802 | Building mesh BLAS |     188 tris | Cube.573
Fra:1 Mem:382.67M (Peak 489.93M) | Time:00:00.28 | Mem:272.04M, Peak:272.04M | Scene, ViewLayer | Updating Geometry BVH Cube.574 647/802 | Building BVH
Fra:1 Mem:382.67M (Peak 489.93M) | Time:00:00.28 | Mem:272.04M, Peak:272.04M | Scene, ViewLayer | Updating Geometry BVH Cube.574 647/802 | Building mesh BLAS |     188 tris | Cube.574
Fra:1 Mem:382.67M (Peak 489.93M) | Time:00:00.28 | Mem:272.04M, Peak:272.04M | Scene, ViewLayer | Updating Geometry BVH Cube.575 648/802 | Building BVH
Fra:1 Mem:382.67M (Peak 489.93M) | Time:00:00.28 | Mem:272.05M, Peak:272.05M | Scene, ViewLayer | Updating Geometry BVH Cube.575 648/802 | Building mesh BLAS |     188 tris | Cube.575
Fra:1 Mem:382.67M (Peak 489.93M) | Time:00:00.28 | Mem:272.07M, Peak:272.07M | Scene, ViewLayer | Updating Geometry BVH Cube.576 649/802 | Building BVH
Fra:1 Mem:382.67M (Peak 489.93M) | Time:00:00.28 | Mem:272.07M, Peak:272.07M | Scene, ViewLayer | Updating Geometry BVH Cube.576 649/802 | Building mesh BLAS |     188 tris | Cube.576
Fra:1 Mem:382.67M (Peak 489.93M) | Time:00:00.28 | Mem:272.07M, Peak:272.07M | Scene, ViewLayer | Updating Geometry BVH Cube.577 650/802 | Building BVH
Fra:1 Mem:382.67M (Peak 489.93M) | Time:00:00.28 | Mem:272.07M, Peak:272.07M | Scene, ViewLayer | Updating Geometry BVH Cube.577 650/802 | Building mesh BLAS |     188 tris | Cube.577
Fra:1 Mem:382.67M (Peak 489.93M) | Time:00:00.28 | Mem:272.09M, Peak:272.09M | Scene, ViewLayer | Updating Geometry BVH Cube.578 651/802 | Building BVH
Fra:1 Mem:382.67M (Peak 489.93M) | Time:00:00.28 | Mem:272.11M, Peak:272.11M | Scene, ViewLayer | Updating Geometry BVH Cube.580 653/802 | Building BVH
Fra:1 Mem:382.67M (Peak 489.93M) | Time:00:00.28 | Mem:272.11M, Peak:272.11M | Scene, ViewLayer | Updating Geometry BVH Cube.581 654/802 | Building BVH
Fra:1 Mem:382.67M (Peak 489.93M) | Time:00:00.28 | Mem:272.12M, Peak:272.12M | Scene, ViewLayer | Updating Geometry BVH Cube.693 766/802 | Building BVH
Fra:1 Mem:382.67M (Peak 489.93M) | Time:00:00.28 | Mem:272.13M, Peak:272.13M | Scene, ViewLayer | Updating Geometry BVH Cube.693 766/802 | Building mesh BLAS |     188 tris | Cube.579
Fra:1 Mem:382.67M (Peak 489.93M) | Time:00:00.28 | Mem:272.13M, Peak:272.13M | Scene, ViewLayer | Updating Geometry BVH Cube.693 766/802 | Building mesh BLAS |     188 tris | Cube.580
Fra:1 Mem:382.67M (Peak 489.93M) | Time:00:00.28 | Mem:272.13M, Peak:272.13M | Scene, ViewLayer | Updating Geometry BVH Cube.582 655/802 | Building BVH
Fra:1 Mem:382.67M (Peak 489.93M) | Time:00:00.28 | Mem:272.13M, Peak:272.13M | Scene, ViewLayer | Updating Geometry BVH Cube.582 655/802 | Building mesh BLAS |     188 tris | Cube.582
Fra:1 Mem:382.67M (Peak 489.93M) | Time:00:00.28 | Mem:272.13M, Peak:272.13M | Scene, ViewLayer | Updating Geometry BVH Cube.582 655/802 | Building mesh BLAS |     188 tris | Cube.581
Fra:1 Mem:382.67M (Peak 489.93M) | Time:00:00.28 | Mem:272.13M, Peak:272.13M | Scene, ViewLayer | Updating Geometry BVH Cube.584 657/802 | Building BVH
Fra:1 Mem:382.67M (Peak 489.93M) | Time:00:00.28 | Mem:272.13M, Peak:272.13M | Scene, ViewLayer | Updating Geometry BVH Cube.584 657/802 | Building mesh BLAS |     188 tris | Cube.584
Fra:1 Mem:382.67M (Peak 489.93M) | Time:00:00.28 | Mem:272.14M, Peak:272.14M | Scene, ViewLayer | Updating Geometry BVH Cube.584 657/802 | Building mesh BLAS |     188 tris | Cube.583
Fra:1 Mem:382.67M (Peak 489.93M) | Time:00:00.28 | Mem:272.16M, Peak:272.16M | Scene, ViewLayer | Updating Geometry BVH Cube.585 658/802 | Building BVH
Fra:1 Mem:382.67M (Peak 489.93M) | Time:00:00.28 | Mem:272.17M, Peak:272.17M | Scene, ViewLayer | Updating Geometry BVH Cube.585 658/802 | Building mesh BLAS |     188 tris | Cube.585
Fra:1 Mem:382.67M (Peak 489.93M) | Time:00:00.28 | Mem:272.17M, Peak:272.17M | Scene, ViewLayer | Updating Geometry BVH Cube.586 659/802 | Building BVH
Fra:1 Mem:382.67M (Peak 489.93M) | Time:00:00.28 | Mem:272.17M, Peak:272.17M | Scene, ViewLayer | Updating Geometry BVH Cube.586 659/802 | Building mesh BLAS |     188 tris | Cube.586
Fra:1 Mem:382.67M (Peak 489.93M) | Time:00:00.28 | Mem:272.18M, Peak:272.18M | Scene, ViewLayer | Updating Geometry BVH Cube.587 660/802 | Building BVH
Fra:1 Mem:382.67M (Peak 489.93M) | Time:00:00.28 | Mem:272.18M, Peak:272.18M | Scene, ViewLayer | Updating Geometry BVH Cube.588 661/802 | Building BVH
Fra:1 Mem:382.67M (Peak 489.93M) | Time:00:00.28 | Mem:272.18M, Peak:272.18M | Scene, ViewLayer | Updating Geometry BVH Cube.589 662/802 | Building mesh BLAS |     188 tris | Cube.587
Fra:1 Mem:382.67M (Peak 489.93M) | Time:00:00.28 | Mem:272.18M, Peak:272.18M | Scene, ViewLayer | Updating Geometry BVH Cube.589 662/802 | Building mesh BLAS |     188 tris | Cube.589
Fra:1 Mem:382.67M (Peak 489.93M) | Time:00:00.28 | Mem:272.19M, Peak:272.19M | Scene, ViewLayer | Updating Geometry BVH Cube.590 663/802 | Building BVH
Fra:1 Mem:382.67M (Peak 489.93M) | Time:00:00.28 | Mem:272.21M, Peak:272.21M | Scene, ViewLayer | Updating Geometry BVH Cube.590 663/802 | Building mesh BLAS |     188 tris | Cube.590
Fra:1 Mem:382.67M (Peak 489.93M) | Time:00:00.28 | Mem:272.21M, Peak:272.21M | Scene, ViewLayer | Updating Geometry BVH Cube.591 664/802 | Building BVH
Fra:1 Mem:382.67M (Peak 489.93M) | Time:00:00.28 | Mem:272.23M, Peak:272.23M | Scene, ViewLayer | Updating Geometry BVH Cube.591 664/802 | Building mesh BLAS |     188 tris | Cube.591
Fra:1 Mem:382.67M (Peak 489.93M) | Time:00:00.28 | Mem:272.25M, Peak:272.25M | Scene, ViewLayer | Updating Geometry BVH Cube.592 665/802 | Building BVH
Fra:1 Mem:382.67M (Peak 489.93M) | Time:00:00.28 | Mem:272.25M, Peak:272.25M | Scene, ViewLayer | Updating Geometry BVH Cube.594 667/802 | Building BVH
Fra:1 Mem:382.67M (Peak 489.93M) | Time:00:00.28 | Mem:272.25M, Peak:272.25M | Scene, ViewLayer | Updating Geometry BVH Cube.594 667/802 | Building mesh BLAS |     188 tris | Cube.593
Fra:1 Mem:382.67M (Peak 489.93M) | Time:00:00.28 | Mem:272.25M, Peak:272.25M | Scene, ViewLayer | Updating Geometry BVH Cube.594 667/802 | Building mesh BLAS |     188 tris | Cube.592
Fra:1 Mem:382.67M (Peak 489.93M) | Time:00:00.28 | Mem:272.26M, Peak:272.26M | Scene, ViewLayer | Updating Geometry BVH Cube.595 668/802 | Building mesh BLAS |     188 tris | Cube.594
Fra:1 Mem:382.67M (Peak 489.93M) | Time:00:00.28 | Mem:272.27M, Peak:272.27M | Scene, ViewLayer | Updating Geometry BVH Cube.595 668/802 | Building mesh BLAS |     188 tris | Cube.595
Fra:1 Mem:382.67M (Peak 489.93M) | Time:00:00.28 | Mem:272.27M, Peak:272.27M | Scene, ViewLayer | Updating Geometry BVH Cube.596 669/802 | Building BVH
Fra:1 Mem:382.67M (Peak 489.93M) | Time:00:00.28 | Mem:272.27M, Peak:272.27M | Scene, ViewLayer | Updating Geometry BVH Cube.596 669/802 | Building mesh BLAS |     188 tris | Cube.596
Fra:1 Mem:382.67M (Peak 489.93M) | Time:00:00.28 | Mem:272.29M, Peak:272.29M | Scene, ViewLayer | Updating Geometry BVH Cube.692 765/802 | Building BVH
Fra:1 Mem:382.67M (Peak 489.93M) | Time:00:00.28 | Mem:272.29M, Peak:272.29M | Scene, ViewLayer | Updating Geometry BVH Cube.597 670/802 | Building BVH
Fra:1 Mem:382.67M (Peak 489.93M) | Time:00:00.28 | Mem:272.29M, Peak:272.29M | Scene, ViewLayer | Updating Geometry BVH Cube.598 671/802 | Building mesh BLAS |     188 tris | Cube.692
Fra:1 Mem:382.67M (Peak 489.93M) | Time:00:00.28 | Mem:272.29M, Peak:272.29M | Scene, ViewLayer | Updating Geometry BVH Cube.598 671/802 | Building mesh BLAS |     188 tris | Cube.597
Fra:1 Mem:382.67M (Peak 489.93M) | Time:00:00.28 | Mem:272.30M, Peak:272.30M | Scene, ViewLayer | Updating Geometry BVH Cube.599 672/802 | Building BVH
Fra:1 Mem:382.67M (Peak 489.93M) | Time:00:00.28 | Mem:272.31M, Peak:272.31M | Scene, ViewLayer | Updating Geometry BVH Cube.599 672/802 | Building mesh BLAS |     188 tris | Cube.598
Fra:1 Mem:382.67M (Peak 489.93M) | Time:00:00.28 | Mem:272.32M, Peak:272.32M | Scene, ViewLayer | Updating Geometry BVH Cube.599 672/802 | Building mesh BLAS |     188 tris | Cube.599
Fra:1 Mem:382.67M (Peak 489.93M) | Time:00:00.28 | Mem:272.32M, Peak:272.32M | Scene, ViewLayer | Updating Geometry BVH Cube.600 673/802 | Building BVH
Fra:1 Mem:382.67M (Peak 489.93M) | Time:00:00.28 | Mem:272.32M, Peak:272.32M | Scene, ViewLayer | Updating Geometry BVH Cube.600 673/802 | Building mesh BLAS |     188 tris | Cube.600
Fra:1 Mem:382.67M (Peak 489.93M) | Time:00:00.28 | Mem:272.33M, Peak:272.33M | Scene, ViewLayer | Updating Geometry BVH Cube.601 674/802 | Building BVH
Fra:1 Mem:382.67M (Peak 489.93M) | Time:00:00.28 | Mem:272.34M, Peak:272.34M | Scene, ViewLayer | Updating Geometry BVH Cube.602 675/802 | Building BVH
Fra:1 Mem:382.67M (Peak 489.93M) | Time:00:00.28 | Mem:272.34M, Peak:272.34M | Scene, ViewLayer | Updating Geometry BVH Cube.603 676/802 | Building BVH
Fra:1 Mem:382.67M (Peak 489.93M) | Time:00:00.28 | Mem:272.35M, Peak:272.35M | Scene, ViewLayer | Updating Geometry BVH Cube.603 676/802 | Building mesh BLAS |     188 tris | Cube.602
Fra:1 Mem:382.67M (Peak 489.93M) | Time:00:00.28 | Mem:272.36M, Peak:272.36M | Scene, ViewLayer | Updating Geometry BVH Cube.605 678/802 | Building BVH
Fra:1 Mem:382.67M (Peak 489.93M) | Time:00:00.28 | Mem:272.36M, Peak:272.36M | Scene, ViewLayer | Updating Geometry BVH Cube.606 679/802 | Building mesh BLAS |     188 tris | Cube.603
Fra:1 Mem:382.67M (Peak 489.93M) | Time:00:00.28 | Mem:272.37M, Peak:272.37M | Scene, ViewLayer | Updating Geometry BVH Cube.606 679/802 | Building mesh BLAS |     188 tris | Cube.605
Fra:1 Mem:382.67M (Peak 489.93M) | Time:00:00.28 | Mem:272.37M, Peak:272.37M | Scene, ViewLayer | Updating Geometry BVH Cube.606 679/802 | Building mesh BLAS |     188 tris | Cube.606
Fra:1 Mem:382.67M (Peak 489.93M) | Time:00:00.28 | Mem:272.37M, Peak:272.37M | Scene, ViewLayer | Updating Geometry BVH Cube.607 680/802 | Building BVH
Fra:1 Mem:382.67M (Peak 489.93M) | Time:00:00.28 | Mem:272.37M, Peak:272.37M | Scene, ViewLayer | Updating Geometry BVH Cube.607 680/802 | Building mesh BLAS |     188 tris | Cube.607
Fra:1 Mem:382.67M (Peak 489.93M) | Time:00:00.28 | Mem:272.40M, Peak:272.40M | Scene, ViewLayer | Updating Geometry BVH Cube.608 681/802 | Building BVH
Fra:1 Mem:382.67M (Peak 489.93M) | Time:00:00.28 | Mem:272.40M, Peak:272.40M | Scene, ViewLayer | Updating Geometry BVH Cube.609 682/802 | Building mesh BLAS |     188 tris | Cube.608
Fra:1 Mem:382.67M (Peak 489.93M) | Time:00:00.28 | Mem:272.40M, Peak:272.40M | Scene, ViewLayer | Updating Geometry BVH Cube.610 683/802 | Building BVH
Fra:1 Mem:382.67M (Peak 489.93M) | Time:00:00.28 | Mem:272.40M, Peak:272.40M | Scene, ViewLayer | Updating Geometry BVH Cube.610 683/802 | Building mesh BLAS |     188 tris | Cube.609
Fra:1 Mem:382.67M (Peak 489.93M) | Time:00:00.28 | Mem:272.41M, Peak:272.41M | Scene, ViewLayer | Updating Geometry BVH Cube.611 684/802 | Building BVH
Fra:1 Mem:382.67M (Peak 489.93M) | Time:00:00.28 | Mem:272.41M, Peak:272.41M | Scene, ViewLayer | Updating Geometry BVH Cube.612 685/802 | Building BVH
Fra:1 Mem:382.67M (Peak 489.93M) | Time:00:00.28 | Mem:272.41M, Peak:272.41M | Scene, ViewLayer | Updating Geometry BVH Cube.612 685/802 | Building mesh BLAS |     188 tris | Cube.612
Fra:1 Mem:382.67M (Peak 489.93M) | Time:00:00.28 | Mem:272.42M, Peak:272.42M | Scene, ViewLayer | Updating Geometry BVH Cube.613 686/802 | Building BVH
Fra:1 Mem:382.67M (Peak 489.93M) | Time:00:00.28 | Mem:272.42M, Peak:272.42M | Scene, ViewLayer | Updating Geometry BVH Cube.613 686/802 | Building mesh BLAS |     188 tris | Cube.613
Fra:1 Mem:382.67M (Peak 489.93M) | Time:00:00.28 | Mem:272.43M, Peak:272.43M | Scene, ViewLayer | Updating Geometry BVH Cube.691 764/802 | Building BVH
Fra:1 Mem:382.67M (Peak 489.93M) | Time:00:00.28 | Mem:272.43M, Peak:272.43M | Scene, ViewLayer | Updating Geometry BVH Cube.691 764/802 | Building mesh BLAS |     188 tris | Cube.691
Fra:1 Mem:382.67M (Peak 489.93M) | Time:00:00.28 | Mem:272.44M, Peak:272.44M | Scene, ViewLayer | Updating Geometry BVH Cube.614 687/802 | Building BVH
Fra:1 Mem:382.67M (Peak 489.93M) | Time:00:00.28 | Mem:272.45M, Peak:272.45M | Scene, ViewLayer | Updating Geometry BVH Cube.614 687/802 | Building mesh BLAS |     188 tris | Cube.614
Fra:1 Mem:382.67M (Peak 489.93M) | Time:00:00.28 | Mem:272.47M, Peak:272.47M | Scene, ViewLayer | Updating Geometry BVH Cube.615 688/802 | Building BVH
Fra:1 Mem:382.67M (Peak 489.93M) | Time:00:00.28 | Mem:272.47M, Peak:272.47M | Scene, ViewLayer | Updating Geometry BVH Cube.616 689/802 | Building BVH
Fra:1 Mem:382.67M (Peak 489.93M) | Time:00:00.28 | Mem:272.47M, Peak:272.47M | Scene, ViewLayer | Updating Geometry BVH Cube.616 689/802 | Building mesh BLAS |     188 tris | Cube.615
Fra:1 Mem:382.67M (Peak 489.93M) | Time:00:00.28 | Mem:272.47M, Peak:272.47M | Scene, ViewLayer | Updating Geometry BVH Cube.616 689/802 | Building mesh BLAS |     188 tris | Cube.616
Fra:1 Mem:382.67M (Peak 489.93M) | Time:00:00.28 | Mem:272.47M, Peak:272.47M | Scene, ViewLayer | Updating Geometry BVH Cube.617 690/802 | Building BVH
Fra:1 Mem:382.67M (Peak 489.93M) | Time:00:00.28 | Mem:272.47M, Peak:272.47M | Scene, ViewLayer | Updating Geometry BVH Cube.617 690/802 | Building mesh BLAS |     188 tris | Cube.617
Fra:1 Mem:382.67M (Peak 489.93M) | Time:00:00.28 | Mem:272.47M, Peak:272.47M | Scene, ViewLayer | Updating Geometry BVH Cube.618 691/802 | Building BVH
Fra:1 Mem:382.67M (Peak 489.93M) | Time:00:00.28 | Mem:272.47M, Peak:272.47M | Scene, ViewLayer | Updating Geometry BVH Cube.618 691/802 | Building mesh BLAS |     188 tris | Cube.618
Fra:1 Mem:382.67M (Peak 489.93M) | Time:00:00.28 | Mem:272.50M, Peak:272.50M | Scene, ViewLayer | Updating Geometry BVH Cube.619 692/802 | Building BVH
Fra:1 Mem:382.67M (Peak 489.93M) | Time:00:00.28 | Mem:272.51M, Peak:272.51M | Scene, ViewLayer | Updating Geometry BVH Cube.619 692/802 | Building mesh BLAS |     188 tris | Cube.619
Fra:1 Mem:382.67M (Peak 489.93M) | Time:00:00.28 | Mem:272.53M, Peak:272.53M | Scene, ViewLayer | Updating Geometry BVH Cube.620 693/802 | Building BVH
Fra:1 Mem:382.67M (Peak 489.93M) | Time:00:00.28 | Mem:272.53M, Peak:272.53M | Scene, ViewLayer | Updating Geometry BVH Cube.621 694/802 | Building BVH
Fra:1 Mem:382.67M (Peak 489.93M) | Time:00:00.28 | Mem:272.53M, Peak:272.53M | Scene, ViewLayer | Updating Geometry BVH Cube.622 695/802 | Building BVH
Fra:1 Mem:382.67M (Peak 489.93M) | Time:00:00.28 | Mem:272.53M, Peak:272.53M | Scene, ViewLayer | Updating Geometry BVH Cube.622 695/802 | Building mesh BLAS |     188 tris | Cube.621
Fra:1 Mem:382.67M (Peak 489.93M) | Time:00:00.28 | Mem:272.53M, Peak:272.53M | Scene, ViewLayer | Updating Geometry BVH Cube.622 695/802 | Building mesh BLAS |     188 tris | Cube.622
Fra:1 Mem:382.67M (Peak 489.93M) | Time:00:00.28 | Mem:272.55M, Peak:272.55M | Scene, ViewLayer | Updating Geometry BVH Cube.623 696/802 | Building BVH
Fra:1 Mem:382.67M (Peak 489.93M) | Time:00:00.28 | Mem:272.55M, Peak:272.55M | Scene, ViewLayer | Updating Geometry BVH Cube.624 697/802 | Building BVH
Fra:1 Mem:382.67M (Peak 489.93M) | Time:00:00.28 | Mem:272.56M, Peak:272.56M | Scene, ViewLayer | Updating Geometry BVH Cube.624 697/802 | Building mesh BLAS |     188 tris | Cube.623
Fra:1 Mem:382.67M (Peak 489.93M) | Time:00:00.28 | Mem:272.56M, Peak:272.56M | Scene, ViewLayer | Updating Geometry BVH Cube.625 698/802 | Building BVH
Fra:1 Mem:382.67M (Peak 489.93M) | Time:00:00.28 | Mem:272.58M, Peak:272.58M | Scene, ViewLayer | Updating Geometry BVH Cube.625 698/802 | Building mesh BLAS |     188 tris | Cube.625
Fra:1 Mem:382.67M (Peak 489.93M) | Time:00:00.28 | Mem:272.58M, Peak:272.58M | Scene, ViewLayer | Updating Geometry BVH Cube.626 699/802 | Building BVH
Fra:1 Mem:382.67M (Peak 489.93M) | Time:00:00.28 | Mem:272.59M, Peak:272.59M | Scene, ViewLayer | Updating Geometry BVH Cube.629 702/802 | Building BVH
Fra:1 Mem:382.67M (Peak 489.93M) | Time:00:00.28 | Mem:272.59M, Peak:272.59M | Scene, ViewLayer | Updating Geometry BVH Cube.629 702/802 | Building mesh BLAS |     188 tris | Cube.629
Fra:1 Mem:382.67M (Peak 489.93M) | Time:00:00.28 | Mem:272.59M, Peak:272.59M | Scene, ViewLayer | Updating Geometry BVH Cube.630 703/802 | Building BVH
Fra:1 Mem:382.67M (Peak 489.93M) | Time:00:00.28 | Mem:272.59M, Peak:272.59M | Scene, ViewLayer | Updating Geometry BVH Cube.690 763/802 | Building BVH
Fra:1 Mem:382.67M (Peak 489.93M) | Time:00:00.28 | Mem:272.59M, Peak:272.59M | Scene, ViewLayer | Updating Geometry BVH Cube.690 763/802 | Building mesh BLAS |     188 tris | Cube.630
Fra:1 Mem:382.67M (Peak 489.93M) | Time:00:00.28 | Mem:272.59M, Peak:272.59M | Scene, ViewLayer | Updating Geometry BVH Cube.690 763/802 | Building mesh BLAS |     188 tris | Cube.690
Fra:1 Mem:382.67M (Peak 489.93M) | Time:00:00.28 | Mem:272.59M, Peak:272.59M | Scene, ViewLayer | Updating Geometry BVH Cube.631 704/802 | Building BVH
Fra:1 Mem:382.67M (Peak 489.93M) | Time:00:00.28 | Mem:272.59M, Peak:272.59M | Scene, ViewLayer | Updating Geometry BVH Cube.631 704/802 | Building mesh BLAS |     188 tris | Cube.631
Fra:1 Mem:382.67M (Peak 489.93M) | Time:00:00.28 | Mem:272.60M, Peak:272.60M | Scene, ViewLayer | Updating Geometry BVH Cube.632 705/802 | Building BVH
Fra:1 Mem:382.67M (Peak 489.93M) | Time:00:00.28 | Mem:272.61M, Peak:272.61M | Scene, ViewLayer | Updating Geometry BVH Cube.633 706/802 | Building BVH
Fra:1 Mem:382.67M (Peak 489.93M) | Time:00:00.28 | Mem:272.62M, Peak:272.62M | Scene, ViewLayer | Updating Geometry BVH Cube.633 706/802 | Building mesh BLAS |     188 tris | Cube.632
Fra:1 Mem:382.67M (Peak 489.93M) | Time:00:00.28 | Mem:272.62M, Peak:272.62M | Scene, ViewLayer | Updating Geometry BVH Cube.633 706/802 | Building mesh BLAS |     188 tris | Cube.633
Fra:1 Mem:382.67M (Peak 489.93M) | Time:00:00.28 | Mem:272.62M, Peak:272.62M | Scene, ViewLayer | Updating Geometry BVH Cube.634 707/802 | Building BVH
Fra:1 Mem:382.67M (Peak 489.93M) | Time:00:00.28 | Mem:272.62M, Peak:272.62M | Scene, ViewLayer | Updating Geometry BVH Cube.634 707/802 | Building mesh BLAS |     188 tris | Cube.634
Fra:1 Mem:382.67M (Peak 489.93M) | Time:00:00.28 | Mem:272.65M, Peak:272.65M | Scene, ViewLayer | Updating Geometry BVH Cube.635 708/802 | Building BVH
Fra:1 Mem:382.67M (Peak 489.93M) | Time:00:00.28 | Mem:272.66M, Peak:272.66M | Scene, ViewLayer | Updating Geometry BVH Cube.635 708/802 | Building mesh BLAS |     188 tris | Cube.635
Fra:1 Mem:382.67M (Peak 489.93M) | Time:00:00.28 | Mem:272.67M, Peak:272.67M | Scene, ViewLayer | Updating Geometry BVH Cube.636 709/802 | Building BVH
Fra:1 Mem:382.67M (Peak 489.93M) | Time:00:00.28 | Mem:272.67M, Peak:272.67M | Scene, ViewLayer | Updating Geometry BVH Cube.637 710/802 | Building BVH
Fra:1 Mem:382.67M (Peak 489.93M) | Time:00:00.28 | Mem:272.67M, Peak:272.67M | Scene, ViewLayer | Updating Geometry BVH Cube.637 710/802 | Building mesh BLAS |     188 tris | Cube.636
Fra:1 Mem:382.67M (Peak 489.93M) | Time:00:00.28 | Mem:272.67M, Peak:272.67M | Scene, ViewLayer | Updating Geometry BVH Cube.637 710/802 | Building mesh BLAS |     188 tris | Cube.637
Fra:1 Mem:382.67M (Peak 489.93M) | Time:00:00.28 | Mem:272.68M, Peak:272.68M | Scene, ViewLayer | Updating Geometry BVH Cube.638 711/802 | Building BVH
Fra:1 Mem:382.67M (Peak 489.93M) | Time:00:00.28 | Mem:272.69M, Peak:272.69M | Scene, ViewLayer | Updating Geometry BVH Cube.638 711/802 | Building mesh BLAS |     188 tris | Cube.638
Fra:1 Mem:382.67M (Peak 489.93M) | Time:00:00.28 | Mem:272.70M, Peak:272.70M | Scene, ViewLayer | Updating Geometry BVH Cube.639 712/802 | Building BVH
Fra:1 Mem:382.67M (Peak 489.93M) | Time:00:00.28 | Mem:272.70M, Peak:272.70M | Scene, ViewLayer | Updating Geometry BVH Cube.639 712/802 | Building mesh BLAS |     188 tris | Cube.639
Fra:1 Mem:382.67M (Peak 489.93M) | Time:00:00.28 | Mem:272.72M, Peak:272.72M | Scene, ViewLayer | Updating Geometry BVH Cube.640 713/802 | Building BVH
Fra:1 Mem:382.67M (Peak 489.93M) | Time:00:00.28 | Mem:272.74M, Peak:272.74M | Scene, ViewLayer | Updating Geometry BVH Cube.641 714/802 | Building BVH
Fra:1 Mem:382.67M (Peak 489.93M) | Time:00:00.28 | Mem:272.74M, Peak:272.74M | Scene, ViewLayer | Updating Geometry BVH Cube.641 714/802 | Building mesh BLAS |     188 tris | Cube.640
Fra:1 Mem:382.67M (Peak 489.93M) | Time:00:00.28 | Mem:272.74M, Peak:272.74M | Scene, ViewLayer | Updating Geometry BVH Cube.643 716/802 | Building BVH
Fra:1 Mem:382.67M (Peak 489.93M) | Time:00:00.28 | Mem:272.74M, Peak:272.74M | Scene, ViewLayer | Updating Geometry BVH Cube.643 716/802 | Building mesh BLAS |     188 tris | Cube.643
Fra:1 Mem:382.67M (Peak 489.93M) | Time:00:00.28 | Mem:272.74M, Peak:272.74M | Scene, ViewLayer | Updating Geometry BVH Cube.643 716/802 | Building mesh BLAS |     188 tris | Cube.642
Fra:1 Mem:382.67M (Peak 489.93M) | Time:00:00.28 | Mem:272.74M, Peak:272.74M | Scene, ViewLayer | Updating Geometry BVH Cube.644 717/802 | Building BVH
Fra:1 Mem:382.67M (Peak 489.93M) | Time:00:00.28 | Mem:272.74M, Peak:272.74M | Scene, ViewLayer | Updating Geometry BVH Cube.645 718/802 | Building BVH
Fra:1 Mem:382.67M (Peak 489.93M) | Time:00:00.28 | Mem:272.74M, Peak:272.74M | Scene, ViewLayer | Updating Geometry BVH Cube.645 718/802 | Building mesh BLAS |     188 tris | Cube.644
Fra:1 Mem:382.67M (Peak 489.93M) | Time:00:00.28 | Mem:272.74M, Peak:272.74M | Scene, ViewLayer | Updating Geometry BVH Cube.645 718/802 | Building mesh BLAS |     188 tris | Cube.645
Fra:1 Mem:382.67M (Peak 489.93M) | Time:00:00.28 | Mem:272.75M, Peak:272.75M | Scene, ViewLayer | Updating Geometry BVH Cube.646 719/802 | Building BVH
Fra:1 Mem:382.67M (Peak 489.93M) | Time:00:00.28 | Mem:272.76M, Peak:272.76M | Scene, ViewLayer | Updating Geometry BVH Cube.646 719/802 | Building mesh BLAS |     188 tris | Cube.646
Fra:1 Mem:382.67M (Peak 489.93M) | Time:00:00.28 | Mem:272.76M, Peak:272.76M | Scene, ViewLayer | Updating Geometry BVH Cube.689 762/802 | Building BVH
Fra:1 Mem:382.67M (Peak 489.93M) | Time:00:00.28 | Mem:272.76M, Peak:272.76M | Scene, ViewLayer | Updating Geometry BVH Cube.689 762/802 | Building mesh BLAS |     188 tris | Cube.689
Fra:1 Mem:382.67M (Peak 489.93M) | Time:00:00.28 | Mem:272.77M, Peak:272.77M | Scene, ViewLayer | Updating Geometry BVH Cube.647 720/802 | Building BVH
Fra:1 Mem:382.67M (Peak 489.93M) | Time:00:00.28 | Mem:272.77M, Peak:272.77M | Scene, ViewLayer | Updating Geometry BVH Cube.647 720/802 | Building mesh BLAS |     188 tris | Cube.647
Fra:1 Mem:382.67M (Peak 489.93M) | Time:00:00.28 | Mem:272.77M, Peak:272.77M | Scene, ViewLayer | Updating Geometry BVH Cube.648 721/802 | Building BVH
Fra:1 Mem:382.67M (Peak 489.93M) | Time:00:00.28 | Mem:272.77M, Peak:272.77M | Scene, ViewLayer | Updating Geometry BVH Cube.648 721/802 | Building mesh BLAS |     188 tris | Cube.648
Fra:1 Mem:382.67M (Peak 489.93M) | Time:00:00.28 | Mem:272.79M, Peak:272.79M | Scene, ViewLayer | Updating Geometry BVH Cube.649 722/802 | Building BVH
Fra:1 Mem:382.67M (Peak 489.93M) | Time:00:00.28 | Mem:272.79M, Peak:272.79M | Scene, ViewLayer | Updating Geometry BVH Cube.649 722/802 | Building mesh BLAS |     188 tris | Cube.649
Fra:1 Mem:382.67M (Peak 489.93M) | Time:00:00.28 | Mem:272.81M, Peak:272.81M | Scene, ViewLayer | Updating Geometry BVH Cube.650 723/802 | Building BVH
Fra:1 Mem:382.67M (Peak 489.93M) | Time:00:00.28 | Mem:272.82M, Peak:272.82M | Scene, ViewLayer | Updating Geometry BVH Cube.651 724/802 | Building BVH
Fra:1 Mem:382.67M (Peak 489.93M) | Time:00:00.28 | Mem:272.82M, Peak:272.82M | Scene, ViewLayer | Updating Geometry BVH Cube.651 724/802 | Building mesh BLAS |     188 tris | Cube.650
Fra:1 Mem:382.67M (Peak 489.93M) | Time:00:00.28 | Mem:272.82M, Peak:272.82M | Scene, ViewLayer | Updating Geometry BVH Cube.651 724/802 | Building mesh BLAS |     188 tris | Cube.651
Fra:1 Mem:382.67M (Peak 489.93M) | Time:00:00.28 | Mem:272.82M, Peak:272.82M | Scene, ViewLayer | Updating Geometry BVH Cube.652 725/802 | Building BVH
Fra:1 Mem:382.67M (Peak 489.93M) | Time:00:00.28 | Mem:272.82M, Peak:272.82M | Scene, ViewLayer | Updating Geometry BVH Cube.652 725/802 | Building mesh BLAS |     188 tris | Cube.652
Fra:1 Mem:382.67M (Peak 489.93M) | Time:00:00.28 | Mem:272.83M, Peak:272.83M | Scene, ViewLayer | Updating Geometry BVH Cube.653 726/802 | Building BVH
Fra:1 Mem:382.67M (Peak 489.93M) | Time:00:00.28 | Mem:272.83M, Peak:272.83M | Scene, ViewLayer | Updating Geometry BVH Cube.653 726/802 | Building mesh BLAS |     188 tris | Cube.653
Fra:1 Mem:382.67M (Peak 489.93M) | Time:00:00.28 | Mem:272.83M, Peak:272.83M | Scene, ViewLayer | Updating Geometry BVH Cube.654 727/802 | Building BVH
Fra:1 Mem:382.67M (Peak 489.93M) | Time:00:00.28 | Mem:272.83M, Peak:272.83M | Scene, ViewLayer | Updating Geometry BVH Cube.654 727/802 | Building mesh BLAS |     188 tris | Cube.654
Fra:1 Mem:382.67M (Peak 489.93M) | Time:00:00.28 | Mem:272.85M, Peak:272.85M | Scene, ViewLayer | Updating Geometry BVH Cube.655 728/802 | Building BVH
Fra:1 Mem:382.67M (Peak 489.93M) | Time:00:00.28 | Mem:272.85M, Peak:272.85M | Scene, ViewLayer | Updating Geometry BVH Cube.655 728/802 | Building mesh BLAS |     188 tris | Cube.655
Fra:1 Mem:382.67M (Peak 489.93M) | Time:00:00.28 | Mem:272.85M, Peak:272.85M | Scene, ViewLayer | Updating Geometry BVH Cube.656 729/802 | Building BVH
Fra:1 Mem:382.67M (Peak 489.93M) | Time:00:00.28 | Mem:272.85M, Peak:272.85M | Scene, ViewLayer | Updating Geometry BVH Cube.656 729/802 | Building mesh BLAS |     188 tris | Cube.656
Fra:1 Mem:382.67M (Peak 489.93M) | Time:00:00.29 | Mem:272.86M, Peak:272.86M | Scene, ViewLayer | Updating Geometry BVH Cube.657 730/802 | Building BVH
Fra:1 Mem:382.67M (Peak 489.93M) | Time:00:00.29 | Mem:272.86M, Peak:272.86M | Scene, ViewLayer | Updating Geometry BVH Cube.657 730/802 | Building mesh BLAS |     188 tris | Cube.657
Fra:1 Mem:382.67M (Peak 489.93M) | Time:00:00.29 | Mem:272.88M, Peak:272.88M | Scene, ViewLayer | Updating Geometry BVH Cube.658 731/802 | Building BVH
Fra:1 Mem:382.67M (Peak 489.93M) | Time:00:00.29 | Mem:272.88M, Peak:272.88M | Scene, ViewLayer | Updating Geometry BVH Cube.658 731/802 | Building mesh BLAS |     188 tris | Cube.658
Fra:1 Mem:382.67M (Peak 489.93M) | Time:00:00.29 | Mem:272.89M, Peak:272.89M | Scene, ViewLayer | Updating Geometry BVH Cube.659 732/802 | Building BVH
Fra:1 Mem:382.67M (Peak 489.93M) | Time:00:00.29 | Mem:272.89M, Peak:272.89M | Scene, ViewLayer | Updating Geometry BVH Cube.660 733/802 | Building BVH
Fra:1 Mem:382.67M (Peak 489.93M) | Time:00:00.29 | Mem:272.90M, Peak:272.90M | Scene, ViewLayer | Updating Geometry BVH Cube.660 733/802 | Building mesh BLAS |     188 tris | Cube.659
Fra:1 Mem:382.67M (Peak 489.93M) | Time:00:00.29 | Mem:272.91M, Peak:272.91M | Scene, ViewLayer | Updating Geometry BVH Cube.661 734/802 | Building BVH
Fra:1 Mem:382.67M (Peak 489.93M) | Time:00:00.29 | Mem:272.91M, Peak:272.91M | Scene, ViewLayer | Updating Geometry BVH Cube.662 735/802 | Building BVH
Fra:1 Mem:382.67M (Peak 489.93M) | Time:00:00.29 | Mem:272.91M, Peak:272.91M | Scene, ViewLayer | Updating Geometry BVH Cube.662 735/802 | Building mesh BLAS |     188 tris | Cube.662
Fra:1 Mem:382.67M (Peak 489.93M) | Time:00:00.29 | Mem:272.91M, Peak:272.91M | Scene, ViewLayer | Updating Geometry BVH Cube.663 736/802 | Building BVH
Fra:1 Mem:382.67M (Peak 489.93M) | Time:00:00.29 | Mem:272.92M, Peak:272.92M | Scene, ViewLayer | Updating Geometry BVH Cube.688 761/802 | Building mesh BLAS |     188 tris | Cube.661
Fra:1 Mem:382.67M (Peak 489.93M) | Time:00:00.29 | Mem:272.92M, Peak:272.92M | Scene, ViewLayer | Updating Geometry BVH Cube.664 737/802 | Building BVH
Fra:1 Mem:382.67M (Peak 489.93M) | Time:00:00.29 | Mem:272.94M, Peak:272.94M | Scene, ViewLayer | Updating Geometry BVH Cube.664 737/802 | Building mesh BLAS |     188 tris | Cube.664
Fra:1 Mem:382.67M (Peak 489.93M) | Time:00:00.29 | Mem:272.95M, Peak:272.95M | Scene, ViewLayer | Updating Geometry BVH Cube.665 738/802 | Building BVH
Fra:1 Mem:382.67M (Peak 489.93M) | Time:00:00.29 | Mem:272.95M, Peak:272.95M | Scene, ViewLayer | Updating Geometry BVH Cube.666 739/802 | Building BVH
Fra:1 Mem:382.67M (Peak 489.93M) | Time:00:00.29 | Mem:272.95M, Peak:272.95M | Scene, ViewLayer | Updating Geometry BVH Cube.666 739/802 | Building mesh BLAS |     188 tris | Cube.666
Fra:1 Mem:382.67M (Peak 489.93M) | Time:00:00.29 | Mem:272.98M, Peak:272.98M | Scene, ViewLayer | Updating Geometry BVH Cube.666 739/802 | Building mesh BLAS |     188 tris | Cube.665
Fra:1 Mem:382.67M (Peak 489.93M) | Time:00:00.29 | Mem:272.99M, Peak:272.99M | Scene, ViewLayer | Updating Geometry BVH Cube.668 741/802 | Building BVH
Fra:1 Mem:382.67M (Peak 489.93M) | Time:00:00.29 | Mem:272.99M, Peak:272.99M | Scene, ViewLayer | Updating Geometry BVH Cube.669 742/802 | Building BVH
Fra:1 Mem:382.67M (Peak 489.93M) | Time:00:00.29 | Mem:273.00M, Peak:273.00M | Scene, ViewLayer | Updating Geometry BVH Cube.669 742/802 | Building mesh BLAS |     188 tris | Cube.669
Fra:1 Mem:382.67M (Peak 489.93M) | Time:00:00.29 | Mem:273.00M, Peak:273.00M | Scene, ViewLayer | Updating Geometry BVH Cube.670 743/802 | Building BVH
Fra:1 Mem:382.67M (Peak 489.93M) | Time:00:00.29 | Mem:273.01M, Peak:273.01M | Scene, ViewLayer | Updating Geometry BVH Cube.671 744/802 | Building BVH
Fra:1 Mem:382.67M (Peak 489.93M) | Time:00:00.29 | Mem:273.01M, Peak:273.01M | Scene, ViewLayer | Updating Geometry BVH Cube.671 744/802 | Building mesh BLAS |     188 tris | Cube.671
Fra:1 Mem:382.67M (Peak 489.93M) | Time:00:00.29 | Mem:273.02M, Peak:273.02M | Scene, ViewLayer | Updating Geometry BVH Cube.672 745/802 | Building BVH
Fra:1 Mem:382.67M (Peak 489.93M) | Time:00:00.29 | Mem:273.02M, Peak:273.02M | Scene, ViewLayer | Updating Geometry BVH Cube.672 745/802 | Building mesh BLAS |     188 tris | Cube.670
Fra:1 Mem:382.67M (Peak 489.93M) | Time:00:00.29 | Mem:273.02M, Peak:273.02M | Scene, ViewLayer | Updating Geometry BVH Cube.672 745/802 | Building mesh BLAS |     188 tris | Cube.672
Fra:1 Mem:382.67M (Peak 489.93M) | Time:00:00.29 | Mem:273.03M, Peak:273.03M | Scene, ViewLayer | Updating Geometry BVH Cube.673 746/802 | Building BVH
Fra:1 Mem:382.67M (Peak 489.93M) | Time:00:00.29 | Mem:273.04M, Peak:273.04M | Scene, ViewLayer | Updating Geometry BVH Cube.673 746/802 | Building mesh BLAS |     188 tris | Cube.673
Fra:1 Mem:382.67M (Peak 489.93M) | Time:00:00.29 | Mem:273.04M, Peak:273.04M | Scene, ViewLayer | Updating Geometry BVH Cube.674 747/802 | Building BVH
Fra:1 Mem:382.67M (Peak 489.93M) | Time:00:00.29 | Mem:273.05M, Peak:273.05M | Scene, ViewLayer | Updating Geometry BVH Cube.674 747/802 | Building mesh BLAS |     188 tris | Cube.674
Fra:1 Mem:382.67M (Peak 489.93M) | Time:00:00.29 | Mem:273.05M, Peak:273.05M | Scene, ViewLayer | Updating Geometry BVH Cube.675 748/802 | Building BVH
Fra:1 Mem:382.67M (Peak 489.93M) | Time:00:00.29 | Mem:273.05M, Peak:273.05M | Scene, ViewLayer | Updating Geometry BVH Cube.675 748/802 | Building mesh BLAS |     188 tris | Cube.675
Fra:1 Mem:382.67M (Peak 489.93M) | Time:00:00.29 | Mem:273.09M, Peak:273.09M | Scene, ViewLayer | Updating Geometry BVH Cube.676 749/802 | Building BVH
Fra:1 Mem:382.67M (Peak 489.93M) | Time:00:00.29 | Mem:273.09M, Peak:273.09M | Scene, ViewLayer | Updating Geometry BVH Cube.676 749/802 | Building mesh BLAS |     188 tris | Cube.676
Fra:1 Mem:382.67M (Peak 489.93M) | Time:00:00.29 | Mem:273.09M, Peak:273.09M | Scene, ViewLayer | Updating Geometry BVH Cube.677 750/802 | Building BVH
Fra:1 Mem:382.67M (Peak 489.93M) | Time:00:00.29 | Mem:273.09M, Peak:273.09M | Scene, ViewLayer | Updating Geometry BVH Cube.678 751/802 | Building BVH
Fra:1 Mem:382.67M (Peak 489.93M) | Time:00:00.29 | Mem:273.09M, Peak:273.09M | Scene, ViewLayer | Updating Geometry BVH Cube.678 751/802 | Building mesh BLAS |     188 tris | Cube.678
Fra:1 Mem:382.67M (Peak 489.93M) | Time:00:00.29 | Mem:273.09M, Peak:273.09M | Scene, ViewLayer | Updating Geometry BVH Cube.679 752/802 | Building BVH
Fra:1 Mem:382.67M (Peak 489.93M) | Time:00:00.29 | Mem:273.11M, Peak:273.11M | Scene, ViewLayer | Updating Geometry BVH Cube.679 752/802 | Building mesh BLAS |     188 tris | Cube.679
Fra:1 Mem:382.67M (Peak 489.93M) | Time:00:00.29 | Mem:273.11M, Peak:273.11M | Scene, ViewLayer | Updating Geometry BVH Cube.680 753/802 | Building BVH
Fra:1 Mem:382.67M (Peak 489.93M) | Time:00:00.29 | Mem:273.11M, Peak:273.11M | Scene, ViewLayer | Updating Geometry BVH Cube.681 754/802 | Building BVH
Fra:1 Mem:382.67M (Peak 489.93M) | Time:00:00.29 | Mem:273.11M, Peak:273.11M | Scene, ViewLayer | Updating Geometry BVH Cube.681 754/802 | Building mesh BLAS |     188 tris | Cube.680
Fra:1 Mem:382.67M (Peak 489.93M) | Time:00:00.29 | Mem:273.11M, Peak:273.11M | Scene, ViewLayer | Updating Geometry BVH Cube.687 760/802 | Building BVH
Fra:1 Mem:382.67M (Peak 489.93M) | Time:00:00.29 | Mem:273.11M, Peak:273.11M | Scene, ViewLayer | Updating Geometry BVH Cube.687 760/802 | Building mesh BLAS |     188 tris | Cube.687
Fra:1 Mem:382.67M (Peak 489.93M) | Time:00:00.29 | Mem:273.12M, Peak:273.12M | Scene, ViewLayer | Updating Geometry BVH Cube.682 755/802 | Building BVH
Fra:1 Mem:382.67M (Peak 489.93M) | Time:00:00.29 | Mem:273.12M, Peak:273.12M | Scene, ViewLayer | Updating Geometry BVH Cube.682 755/802 | Building mesh BLAS |     188 tris | Cube.682
Fra:1 Mem:382.67M (Peak 489.93M) | Time:00:00.29 | Mem:273.15M, Peak:273.15M | Scene, ViewLayer | Updating Geometry BVH Cube.683 756/802 | Building BVH
Fra:1 Mem:382.67M (Peak 489.93M) | Time:00:00.29 | Mem:273.16M, Peak:273.16M | Scene, ViewLayer | Updating Geometry BVH Cube.683 756/802 | Building mesh BLAS |     188 tris | Cube.683
Fra:1 Mem:382.67M (Peak 489.93M) | Time:00:00.29 | Mem:273.16M, Peak:273.16M | Scene, ViewLayer | Updating Geometry BVH Cube.684 757/802 | Building BVH
Fra:1 Mem:382.67M (Peak 489.93M) | Time:00:00.29 | Mem:273.17M, Peak:273.17M | Scene, ViewLayer | Updating Geometry BVH Cube.685 758/802 | Building BVH
Fra:1 Mem:382.67M (Peak 489.93M) | Time:00:00.29 | Mem:273.18M, Peak:273.18M | Scene, ViewLayer | Updating Geometry BVH Cube.685 758/802 | Building mesh BLAS |     188 tris | Cube.684
Fra:1 Mem:382.67M (Peak 489.93M) | Time:00:00.29 | Mem:273.19M, Peak:273.19M | Scene, ViewLayer | Updating Geometry BVH Cube.685 758/802 | Building mesh BLAS |     188 tris | Cube.685
Fra:1 Mem:382.67M (Peak 489.93M) | Time:00:00.29 | Mem:273.19M, Peak:273.19M | Scene, ViewLayer | Updating Geometry BVH Cube.686 759/802 | Building BVH
Fra:1 Mem:382.67M (Peak 489.93M) | Time:00:00.29 | Mem:273.20M, Peak:273.20M | Scene, ViewLayer | Updating Geometry BVH Cube.686 759/802 | Building mesh BLAS |     188 tris | Cube.686
Fra:1 Mem:382.67M (Peak 489.93M) | Time:00:00.29 | Mem:273.37M, Peak:273.37M | Scene, ViewLayer | Updating Scene BVH | Building
Fra:1 Mem:382.69M (Peak 489.93M) | Time:00:00.30 | Mem:274.06M, Peak:274.06M | Scene, ViewLayer | Updating Scene BVH | Building TLAS      |     814 instances
Fra:1 Mem:382.70M (Peak 489.93M) | Time:00:00.30 | Mem:274.24M, Peak:274.24M | Scene, ViewLayer | Updating Scene BVH | Copying BVH to device
Fra:1 Mem:382.70M (Peak 489.93M) | Time:00:00.30 | Mem:274.24M, Peak:274.24M | Scene, ViewLayer | Updating Mesh | Computing normals
Fra:1 Mem:397.57M (Peak 489.93M) | Time:00:00.30 | Mem:274.24M, Peak:274.24M | Scene, ViewLayer | Updating Mesh | Copying Mesh to device
Fra:1 Mem:382.70M (Peak 489.93M) | Time:00:00.31 | Mem:289.11M, Peak:289.11M | Scene, ViewLayer | Updating Objects Flags
Fra:1 Mem:382.70M (Peak 489.93M) | Time:00:00.31 | Mem:289.12M, Peak:289.12M | Scene, ViewLayer | Updating Primitive Offsets
Fra:1 Mem:382.70M (Peak 489.93M) | Time:00:00.31 | Mem:289.12M, Peak:289.12M | Scene, ViewLayer | Updating Images
Fra:1 Mem:382.70M (Peak 489.93M) | Time:00:00.31 | Mem:289.12M, Peak:289.12M | Scene, ViewLayer | Updating Images | Loading sky_nishita
Fra:1 Mem:383.70M (Peak 489.93M) | Time:00:00.31 | Mem:290.12M, Peak:290.12M | Scene, ViewLayer | Updating Camera Volume
Fra:1 Mem:383.70M (Peak 489.93M) | Time:00:00.31 | Mem:290.12M, Peak:290.12M | Scene, ViewLayer | Updating Lookup Tables
Fra:1 Mem:383.62M (Peak 489.93M) | Time:00:00.31 | Mem:290.21M, Peak:290.21M | Scene, ViewLayer | Updating Lights
Fra:1 Mem:383.62M (Peak 489.93M) | Time:00:00.31 | Mem:290.21M, Peak:290.21M | Scene, ViewLayer | Updating Lights | Importance map
Fra:1 Mem:383.61M (Peak 489.93M) | Time:00:00.34 | Mem:291.25M, Peak:293.73M | Scene, ViewLayer | Updating Lights | Computing tree
Fra:1 Mem:383.61M (Peak 489.93M) | Time:00:00.34 | Mem:291.26M, Peak:293.73M | Scene, ViewLayer | Updating Integrator
Fra:1 Mem:383.61M (Peak 489.93M) | Time:00:00.34 | Mem:291.26M, Peak:293.73M | Scene, ViewLayer | Updating Film
Fra:1 Mem:383.69M (Peak 489.93M) | Time:00:00.34 | Mem:291.16M, Peak:293.73M | Scene, ViewLayer | Updating Lookup Tables
Fra:1 Mem:383.61M (Peak 489.93M) | Time:00:00.34 | Mem:291.26M, Peak:293.73M | Scene, ViewLayer | Updating Baking
Fra:1 Mem:383.61M (Peak 489.93M) | Time:00:00.34 | Mem:291.26M, Peak:293.73M | Scene, ViewLayer | Updating Device | Writing constant memory
Fra:1 Mem:383.62M (Peak 489.93M) | Time:00:00.35 | Mem:291.26M, Peak:293.73M | Scene, ViewLayer | Loading denoising kernels (may take a few minutes the first time)
Fra:1 Mem:383.62M (Peak 489.93M) | Time:00:00.36 | Mem:3107.26M, Peak:3107.26M | Scene, ViewLayer | Rendered 0/4 Tiles, Sample 0/512 (Using optimized kernels)
Fra:1 Mem:383.62M (Peak 688.81M) | Time:00:00.73 | Remaining:03:43.23 | Mem:3412.49M, Peak:3412.49M | Scene, ViewLayer | Rendered 0/4 Tiles, Sample 1/512 (6 kernels to optimize)
Fra:1 Mem:383.62M (Peak 688.81M) | Time:00:06.05 | Remaining:00:47.04 | Mem:3412.49M, Peak:3412.49M | Scene, ViewLayer | Rendered 0/4 Tiles, Sample 65/512 (6 kernels to optimize)
Fra:1 Mem:383.62M (Peak 688.81M) | Time:00:07.30 | Remaining:00:45.30 | Mem:3412.49M, Peak:3412.49M | Scene, ViewLayer | Rendered 0/4 Tiles, Sample 80/512 (6 kernels to optimize)
Fra:1 Mem:383.62M (Peak 688.81M) | Time:00:08.63 | Remaining:00:43.63 | Mem:3412.49M, Peak:3412.49M | Scene, ViewLayer | Rendered 0/4 Tiles, Sample 96/512 (5 kernels to optimize)
Fra:1 Mem:383.62M (Peak 688.81M) | Time:00:09.95 | Remaining:00:41.99 | Mem:3412.49M, Peak:3412.49M | Scene, ViewLayer | Rendered 0/4 Tiles, Sample 112/512 (4 kernels to optimize)
Fra:1 Mem:383.62M (Peak 688.81M) | Time:00:11.26 | Remaining:00:40.39 | Mem:3412.49M, Peak:3412.49M | Scene, ViewLayer | Rendered 0/4 Tiles, Sample 128/512 (4 kernels to optimize)
Fra:1 Mem:383.62M (Peak 688.81M) | Time:00:12.53 | Remaining:00:38.73 | Mem:3412.49M, Peak:3412.49M | Scene, ViewLayer | Rendered 0/4 Tiles, Sample 144/512 (2 kernels to optimize)
Fra:1 Mem:383.62M (Peak 688.81M) | Time:00:13.77 | Remaining:00:37.07 | Mem:3412.49M, Peak:3412.49M | Scene, ViewLayer | Rendered 0/4 Tiles, Sample 160/512 (1 kernels to optimize)
Fra:1 Mem:383.62M (Peak 688.81M) | Time:00:14.98 | Remaining:00:35.42 | Mem:3412.49M, Peak:3412.49M | Scene, ViewLayer | Rendered 0/4 Tiles, Sample 176/512 (1 kernels to optimize)
Fra:1 Mem:383.62M (Peak 688.81M) | Time:00:16.20 | Remaining:00:33.84 | Mem:3412.49M, Peak:3412.49M | Scene, ViewLayer | Rendered 0/4 Tiles, Sample 192/512 (1 kernels to optimize)
Fra:1 Mem:383.62M (Peak 688.81M) | Time:00:17.41 | Remaining:00:32.32 | Mem:3412.49M, Peak:3412.49M | Scene, ViewLayer | Rendered 0/4 Tiles, Sample 208/512 (1 kernels to optimize)
Fra:1 Mem:383.62M (Peak 688.81M) | Time:00:18.63 | Remaining:00:30.86 | Mem:3412.49M, Peak:3412.49M | Scene, ViewLayer | Rendered 0/4 Tiles, Sample 224/512 (1 kernels to optimize)
Fra:1 Mem:383.62M (Peak 688.81M) | Time:00:19.86 | Remaining:00:29.44 | Mem:3412.49M, Peak:3412.49M | Scene, ViewLayer | Rendered 0/4 Tiles, Sample 240/512 (1 kernels to optimize)
Fra:1 Mem:383.62M (Peak 688.81M) | Time:00:21.08 | Remaining:00:28.03 | Mem:3412.49M, Peak:3412.49M | Scene, ViewLayer | Rendered 0/4 Tiles, Sample 256/512 (1 kernels to optimize)
Fra:1 Mem:383.62M (Peak 688.81M) | Time:00:22.20 | Remaining:00:26.52 | Mem:3412.49M, Peak:3412.49M | Scene, ViewLayer | Rendered 0/4 Tiles, Sample 272/512 (Using optimized kernels)
Fra:1 Mem:383.62M (Peak 688.81M) | Time:00:23.26 | Remaining:00:24.99 | Mem:3412.49M, Peak:3412.49M | Scene, ViewLayer | Rendered 0/4 Tiles, Sample 288/512 (Using optimized kernels)
Fra:1 Mem:383.62M (Peak 688.81M) | Time:00:24.32 | Remaining:00:23.51 | Mem:3412.49M, Peak:3412.49M | Scene, ViewLayer | Rendered 0/4 Tiles, Sample 304/512 (Using optimized kernels)
Fra:1 Mem:383.62M (Peak 688.81M) | Time:00:25.35 | Remaining:00:22.05 | Mem:3412.49M, Peak:3412.49M | Scene, ViewLayer | Rendered 0/4 Tiles, Sample 320/512 (Using optimized kernels)
Fra:1 Mem:383.62M (Peak 688.81M) | Time:00:26.41 | Remaining:00:20.64 | Mem:3412.49M, Peak:3412.49M | Scene, ViewLayer | Rendered 0/4 Tiles, Sample 336/512 (Using optimized kernels)
Fra:1 Mem:383.62M (Peak 688.81M) | Time:00:27.45 | Remaining:00:19.27 | Mem:3412.49M, Peak:3412.49M | Scene, ViewLayer | Rendered 0/4 Tiles, Sample 352/512 (Using optimized kernels)
Fra:1 Mem:383.62M (Peak 688.81M) | Time:00:28.46 | Remaining:00:17.89 | Mem:3412.49M, Peak:3412.49M | Scene, ViewLayer | Rendered 0/4 Tiles, Sample 368/512 (Using optimized kernels)
Fra:1 Mem:383.62M (Peak 688.81M) | Time:00:29.48 | Remaining:00:16.55 | Mem:3412.49M, Peak:3412.49M | Scene, ViewLayer | Rendered 0/4 Tiles, Sample 384/512 (Using optimized kernels)
Fra:1 Mem:383.62M (Peak 688.81M) | Time:00:30.48 | Remaining:00:15.23 | Mem:3412.49M, Peak:3412.49M | Scene, ViewLayer | Rendered 0/4 Tiles, Sample 400/512 (Using optimized kernels)
Fra:1 Mem:383.62M (Peak 688.81M) | Time:00:31.49 | Remaining:00:13.94 | Mem:3412.49M, Peak:3412.49M | Scene, ViewLayer | Rendered 0/4 Tiles, Sample 416/512 (Using optimized kernels)
Fra:1 Mem:383.62M (Peak 688.81M) | Time:00:32.49 | Remaining:00:12.67 | Mem:3412.49M, Peak:3412.49M | Scene, ViewLayer | Rendered 0/4 Tiles, Sample 432/512 (Using optimized kernels)
Fra:1 Mem:383.62M (Peak 688.81M) | Time:00:33.48 | Remaining:00:11.41 | Mem:3412.49M, Peak:3412.49M | Scene, ViewLayer | Rendered 0/4 Tiles, Sample 448/512 (Using optimized kernels)
Fra:1 Mem:383.62M (Peak 688.81M) | Time:00:34.47 | Remaining:00:10.17 | Mem:3412.49M, Peak:3412.49M | Scene, ViewLayer | Rendered 0/4 Tiles, Sample 464/512 (Using optimized kernels)
Fra:1 Mem:383.62M (Peak 688.81M) | Time:00:35.47 | Remaining:00:08.94 | Mem:3412.49M, Peak:3412.49M | Scene, ViewLayer | Rendered 0/4 Tiles, Sample 480/512 (Using optimized kernels)
Fra:1 Mem:383.62M (Peak 688.81M) | Time:00:36.46 | Remaining:00:07.74 | Mem:3412.49M, Peak:3412.49M | Scene, ViewLayer | Rendered 0/4 Tiles, Sample 496/512 (Using optimized kernels)
Fra:1 Mem:383.62M (Peak 688.81M) | Time:00:37.64 | Remaining:00:06.57 | Mem:3412.49M, Peak:3412.49M | Scene, ViewLayer | Rendered 0/4 Tiles, Sample 512/512 (Using optimized kernels)
Fra:1 Mem:383.62M (Peak 688.81M) | Time:00:37.64 | Remaining:00:06.57 | Mem:3412.49M, Peak:3412.49M | Scene, ViewLayer | Rendered 1/4 Tiles, Sample 512/512 (Using optimized kernels)
Fra:1 Mem:383.62M (Peak 688.81M) | Time:00:37.70 | Remaining:00:06.57 | Mem:3160.24M, Peak:3412.49M | Scene, ViewLayer | Rendered 1/4 Tiles, Sample 1/512 (Using optimized kernels)
Fra:1 Mem:383.62M (Peak 688.81M) | Time:00:38.84 | Remaining:00:05.60 | Mem:3160.25M, Peak:3412.49M | Scene, ViewLayer | Rendered 1/4 Tiles, Sample 80/512 (Using optimized kernels)
Fra:1 Mem:383.62M (Peak 688.81M) | Time:00:39.11 | Remaining:00:05.41 | Mem:3160.25M, Peak:3412.49M | Scene, ViewLayer | Rendered 1/4 Tiles, Sample 96/512 (Using optimized kernels)
Fra:1 Mem:383.62M (Peak 688.81M) | Time:00:39.38 | Remaining:00:05.22 | Mem:3160.25M, Peak:3412.49M | Scene, ViewLayer | Rendered 1/4 Tiles, Sample 112/512 (Using optimized kernels)
Fra:1 Mem:383.62M (Peak 688.81M) | Time:00:39.65 | Remaining:00:05.02 | Mem:3160.25M, Peak:3412.49M | Scene, ViewLayer | Rendered 1/4 Tiles, Sample 128/512 (Using optimized kernels)
Fra:1 Mem:383.62M (Peak 688.81M) | Time:00:39.92 | Remaining:00:04.83 | Mem:3160.25M, Peak:3412.49M | Scene, ViewLayer | Rendered 1/4 Tiles, Sample 144/512 (Using optimized kernels)
Fra:1 Mem:383.62M (Peak 688.81M) | Time:00:40.18 | Remaining:00:04.63 | Mem:3160.25M, Peak:3412.49M | Scene, ViewLayer | Rendered 1/4 Tiles, Sample 160/512 (Using optimized kernels)
Fra:1 Mem:383.62M (Peak 688.81M) | Time:00:40.45 | Remaining:00:04.44 | Mem:3160.25M, Peak:3412.49M | Scene, ViewLayer | Rendered 1/4 Tiles, Sample 176/512 (Using optimized kernels)
Fra:1 Mem:383.62M (Peak 688.81M) | Time:00:40.71 | Remaining:00:04.24 | Mem:3160.25M, Peak:3412.49M | Scene, ViewLayer | Rendered 1/4 Tiles, Sample 192/512 (Using optimized kernels)
Fra:1 Mem:383.62M (Peak 688.81M) | Time:00:40.97 | Remaining:00:04.04 | Mem:3160.25M, Peak:3412.49M | Scene, ViewLayer | Rendered 1/4 Tiles, Sample 208/512 (Using optimized kernels)
Fra:1 Mem:383.62M (Peak 688.81M) | Time:00:41.22 | Remaining:00:03.84 | Mem:3160.25M, Peak:3412.49M | Scene, ViewLayer | Rendered 1/4 Tiles, Sample 224/512 (Using optimized kernels)
Fra:1 Mem:383.62M (Peak 688.81M) | Time:00:41.50 | Remaining:00:03.65 | Mem:3160.25M, Peak:3412.49M | Scene, ViewLayer | Rendered 1/4 Tiles, Sample 240/512 (Using optimized kernels)
Fra:1 Mem:383.62M (Peak 688.81M) | Time:00:41.75 | Remaining:00:03.44 | Mem:3160.25M, Peak:3412.49M | Scene, ViewLayer | Rendered 1/4 Tiles, Sample 256/512 (Using optimized kernels)
Fra:1 Mem:383.62M (Peak 688.81M) | Time:00:42.00 | Remaining:00:03.24 | Mem:3160.25M, Peak:3412.49M | Scene, ViewLayer | Rendered 1/4 Tiles, Sample 272/512 (Using optimized kernels)
Fra:1 Mem:383.62M (Peak 688.81M) | Time:00:42.25 | Remaining:00:03.04 | Mem:3160.25M, Peak:3412.49M | Scene, ViewLayer | Rendered 1/4 Tiles, Sample 288/512 (Using optimized kernels)
Fra:1 Mem:383.62M (Peak 688.81M) | Time:00:42.50 | Remaining:00:02.84 | Mem:3160.25M, Peak:3412.49M | Scene, ViewLayer | Rendered 1/4 Tiles, Sample 304/512 (Using optimized kernels)
Fra:1 Mem:383.62M (Peak 688.81M) | Time:00:42.75 | Remaining:00:02.64 | Mem:3160.25M, Peak:3412.49M | Scene, ViewLayer | Rendered 1/4 Tiles, Sample 320/512 (Using optimized kernels)
Fra:1 Mem:383.62M (Peak 688.81M) | Time:00:43.00 | Remaining:00:02.43 | Mem:3160.25M, Peak:3412.49M | Scene, ViewLayer | Rendered 1/4 Tiles, Sample 336/512 (Using optimized kernels)
Fra:1 Mem:383.62M (Peak 688.81M) | Time:00:43.24 | Remaining:00:02.23 | Mem:3160.25M, Peak:3412.49M | Scene, ViewLayer | Rendered 1/4 Tiles, Sample 352/512 (Using optimized kernels)
Fra:1 Mem:383.62M (Peak 688.81M) | Time:00:43.48 | Remaining:00:02.03 | Mem:3160.25M, Peak:3412.49M | Scene, ViewLayer | Rendered 1/4 Tiles, Sample 368/512 (Using optimized kernels)
Fra:1 Mem:383.62M (Peak 688.81M) | Time:00:43.73 | Remaining:00:01.82 | Mem:3160.25M, Peak:3412.49M | Scene, ViewLayer | Rendered 1/4 Tiles, Sample 384/512 (Using optimized kernels)
Fra:1 Mem:383.62M (Peak 688.81M) | Time:00:43.96 | Remaining:00:01.62 | Mem:3160.25M, Peak:3412.49M | Scene, ViewLayer | Rendered 1/4 Tiles, Sample 400/512 (Using optimized kernels)
Fra:1 Mem:383.62M (Peak 688.81M) | Time:00:44.20 | Remaining:00:01.41 | Mem:3160.25M, Peak:3412.49M | Scene, ViewLayer | Rendered 1/4 Tiles, Sample 416/512 (Using optimized kernels)
Fra:1 Mem:383.62M (Peak 688.81M) | Time:00:44.43 | Remaining:00:01.20 | Mem:3160.25M, Peak:3412.49M | Scene, ViewLayer | Rendered 1/4 Tiles, Sample 432/512 (Using optimized kernels)
Fra:1 Mem:383.62M (Peak 688.81M) | Time:00:44.67 | Remaining:00:01.00 | Mem:3160.25M, Peak:3412.49M | Scene, ViewLayer | Rendered 1/4 Tiles, Sample 448/512 (Using optimized kernels)
Fra:1 Mem:383.62M (Peak 688.81M) | Time:00:44.91 | Remaining:00:00.79 | Mem:3160.25M, Peak:3412.49M | Scene, ViewLayer | Rendered 1/4 Tiles, Sample 464/512 (Using optimized kernels)
Fra:1 Mem:383.62M (Peak 688.81M) | Time:00:45.16 | Remaining:00:00.59 | Mem:3160.25M, Peak:3412.49M | Scene, ViewLayer | Rendered 1/4 Tiles, Sample 480/512 (Using optimized kernels)
Fra:1 Mem:383.62M (Peak 688.81M) | Time:00:45.39 | Remaining:00:00.38 | Mem:3160.25M, Peak:3412.49M | Scene, ViewLayer | Rendered 1/4 Tiles, Sample 496/512 (Using optimized kernels)
Fra:1 Mem:383.62M (Peak 688.81M) | Time:00:45.72 | Remaining:00:00.17 | Mem:3160.25M, Peak:3412.49M | Scene, ViewLayer | Rendered 1/4 Tiles, Sample 512/512 (Using optimized kernels)
Fra:1 Mem:383.62M (Peak 688.81M) | Time:00:45.72 | Remaining:00:00.17 | Mem:3160.25M, Peak:3412.49M | Scene, ViewLayer | Rendered 2/4 Tiles, Sample 512/512 (Using optimized kernels)
Fra:1 Mem:383.62M (Peak 688.81M) | Time:00:45.74 | Remaining:00:00.17 | Mem:3109.09M, Peak:3412.49M | Scene, ViewLayer | Rendered 2/4 Tiles, Sample 1/512 (Using optimized kernels)
Fra:1 Mem:383.62M (Peak 688.81M) | Time:00:45.78 | Remaining:00:00.15 | Mem:3109.09M, Peak:3412.49M | Scene, ViewLayer | Rendered 2/4 Tiles, Sample 80/512 (Using optimized kernels)
Fra:1 Mem:383.62M (Peak 688.81M) | Time:00:45.80 | Remaining:00:00.14 | Mem:3109.09M, Peak:3412.49M | Scene, ViewLayer | Rendered 2/4 Tiles, Sample 96/512 (Using optimized kernels)
Fra:1 Mem:383.62M (Peak 688.81M) | Time:00:45.82 | Remaining:00:00.14 | Mem:3109.09M, Peak:3412.49M | Scene, ViewLayer | Rendered 2/4 Tiles, Sample 112/512 (Using optimized kernels)
Fra:1 Mem:383.62M (Peak 688.81M) | Time:00:45.85 | Remaining:00:00.13 | Mem:3109.09M, Peak:3412.49M | Scene, ViewLayer | Rendered 2/4 Tiles, Sample 128/512 (Using optimized kernels)
Fra:1 Mem:383.62M (Peak 688.81M) | Time:00:45.87 | Remaining:00:00.13 | Mem:3109.09M, Peak:3412.49M | Scene, ViewLayer | Rendered 2/4 Tiles, Sample 144/512 (Using optimized kernels)
Fra:1 Mem:383.62M (Peak 688.81M) | Time:00:45.89 | Remaining:00:00.13 | Mem:3109.09M, Peak:3412.49M | Scene, ViewLayer | Rendered 2/4 Tiles, Sample 160/512 (Using optimized kernels)
Fra:1 Mem:383.62M (Peak 688.81M) | Time:00:45.91 | Remaining:00:00.12 | Mem:3109.09M, Peak:3412.49M | Scene, ViewLayer | Rendered 2/4 Tiles, Sample 176/512 (Using optimized kernels)
Fra:1 Mem:383.62M (Peak 688.81M) | Time:00:45.93 | Remaining:00:00.12 | Mem:3109.09M, Peak:3412.49M | Scene, ViewLayer | Rendered 2/4 Tiles, Sample 192/512 (Using optimized kernels)
Fra:1 Mem:383.62M (Peak 688.81M) | Time:00:45.96 | Remaining:00:00.11 | Mem:3109.09M, Peak:3412.49M | Scene, ViewLayer | Rendered 2/4 Tiles, Sample 208/512 (Using optimized kernels)
Fra:1 Mem:383.62M (Peak 688.81M) | Time:00:45.98 | Remaining:00:00.11 | Mem:3109.09M, Peak:3412.49M | Scene, ViewLayer | Rendered 2/4 Tiles, Sample 224/512 (Using optimized kernels)
Fra:1 Mem:383.62M (Peak 688.81M) | Time:00:46.00 | Remaining:00:00.10 | Mem:3109.09M, Peak:3412.49M | Scene, ViewLayer | Rendered 2/4 Tiles, Sample 240/512 (Using optimized kernels)
Fra:1 Mem:383.62M (Peak 688.81M) | Time:00:46.02 | Remaining:00:00.10 | Mem:3109.09M, Peak:3412.49M | Scene, ViewLayer | Rendered 2/4 Tiles, Sample 256/512 (Using optimized kernels)
Fra:1 Mem:383.62M (Peak 688.81M) | Time:00:46.04 | Remaining:00:00.09 | Mem:3109.09M, Peak:3412.49M | Scene, ViewLayer | Rendered 2/4 Tiles, Sample 272/512 (Using optimized kernels)
Fra:1 Mem:383.62M (Peak 688.81M) | Time:00:46.06 | Remaining:00:00.09 | Mem:3109.09M, Peak:3412.49M | Scene, ViewLayer | Rendered 2/4 Tiles, Sample 288/512 (Using optimized kernels)
Fra:1 Mem:383.62M (Peak 688.81M) | Time:00:46.08 | Remaining:00:00.08 | Mem:3109.09M, Peak:3412.49M | Scene, ViewLayer | Rendered 2/4 Tiles, Sample 304/512 (Using optimized kernels)
Fra:1 Mem:383.62M (Peak 688.81M) | Time:00:46.10 | Remaining:00:00.08 | Mem:3109.09M, Peak:3412.49M | Scene, ViewLayer | Rendered 2/4 Tiles, Sample 320/512 (Using optimized kernels)
Fra:1 Mem:383.62M (Peak 688.81M) | Time:00:46.12 | Remaining:00:00.07 | Mem:3109.09M, Peak:3412.49M | Scene, ViewLayer | Rendered 2/4 Tiles, Sample 336/512 (Using optimized kernels)
Fra:1 Mem:383.62M (Peak 688.81M) | Time:00:46.14 | Remaining:00:00.07 | Mem:3109.09M, Peak:3412.49M | Scene, ViewLayer | Rendered 2/4 Tiles, Sample 352/512 (Using optimized kernels)
Fra:1 Mem:383.62M (Peak 688.81M) | Time:00:46.16 | Remaining:00:00.06 | Mem:3109.09M, Peak:3412.49M | Scene, ViewLayer | Rendered 2/4 Tiles, Sample 368/512 (Using optimized kernels)
Fra:1 Mem:383.62M (Peak 688.81M) | Time:00:46.18 | Remaining:00:00.06 | Mem:3109.09M, Peak:3412.49M | Scene, ViewLayer | Rendered 2/4 Tiles, Sample 384/512 (Using optimized kernels)
Fra:1 Mem:383.62M (Peak 688.81M) | Time:00:46.20 | Remaining:00:00.05 | Mem:3109.09M, Peak:3412.49M | Scene, ViewLayer | Rendered 2/4 Tiles, Sample 400/512 (Using optimized kernels)
Fra:1 Mem:383.62M (Peak 688.81M) | Time:00:46.22 | Remaining:00:00.05 | Mem:3109.09M, Peak:3412.49M | Scene, ViewLayer | Rendered 2/4 Tiles, Sample 416/512 (Using optimized kernels)
Fra:1 Mem:383.62M (Peak 688.81M) | Time:00:46.24 | Remaining:00:00.05 | Mem:3109.09M, Peak:3412.49M | Scene, ViewLayer | Rendered 2/4 Tiles, Sample 432/512 (Using optimized kernels)
Fra:1 Mem:383.62M (Peak 688.81M) | Time:00:46.26 | Remaining:00:00.04 | Mem:3109.09M, Peak:3412.49M | Scene, ViewLayer | Rendered 2/4 Tiles, Sample 448/512 (Using optimized kernels)
Fra:1 Mem:383.62M (Peak 688.81M) | Time:00:46.28 | Remaining:00:00.04 | Mem:3109.09M, Peak:3412.49M | Scene, ViewLayer | Rendered 2/4 Tiles, Sample 464/512 (Using optimized kernels)
Fra:1 Mem:383.62M (Peak 688.81M) | Time:00:46.30 | Remaining:00:00.03 | Mem:3109.09M, Peak:3412.49M | Scene, ViewLayer | Rendered 2/4 Tiles, Sample 480/512 (Using optimized kernels)
Fra:1 Mem:383.62M (Peak 688.81M) | Time:00:46.32 | Remaining:00:00.03 | Mem:3109.09M, Peak:3412.49M | Scene, ViewLayer | Rendered 2/4 Tiles, Sample 496/512 (Using optimized kernels)
Fra:1 Mem:383.62M (Peak 688.81M) | Time:00:46.34 | Remaining:00:00.02 | Mem:3109.09M, Peak:3412.49M | Scene, ViewLayer | Rendered 2/4 Tiles, Sample 512/512 (Using optimized kernels)
Fra:1 Mem:383.62M (Peak 688.81M) | Time:00:46.34 | Remaining:00:00.02 | Mem:3109.09M, Peak:3412.49M | Scene, ViewLayer | Rendered 3/4 Tiles, Sample 512/512 (Using optimized kernels)
Fra:1 Mem:383.62M (Peak 688.81M) | Time:00:46.35 | Remaining:00:00.02 | Mem:3107.61M, Peak:3412.49M | Scene, ViewLayer | Rendered 3/4 Tiles, Sample 1/512 (Using optimized kernels)
Fra:1 Mem:383.62M (Peak 688.81M) | Time:00:46.36 | Remaining:00:00.02 | Mem:3107.61M, Peak:3412.49M | Scene, ViewLayer | Rendered 3/4 Tiles, Sample 80/512 (Using optimized kernels)
Fra:1 Mem:383.62M (Peak 688.81M) | Time:00:46.37 | Remaining:00:00.02 | Mem:3107.61M, Peak:3412.49M | Scene, ViewLayer | Rendered 3/4 Tiles, Sample 96/512 (Using optimized kernels)
Fra:1 Mem:383.62M (Peak 688.81M) | Time:00:46.38 | Remaining:00:00.02 | Mem:3107.61M, Peak:3412.49M | Scene, ViewLayer | Rendered 3/4 Tiles, Sample 112/512 (Using optimized kernels)
Fra:1 Mem:383.62M (Peak 688.81M) | Time:00:46.40 | Remaining:00:00.01 | Mem:3107.61M, Peak:3412.49M | Scene, ViewLayer | Rendered 3/4 Tiles, Sample 128/512 (Using optimized kernels)
Fra:1 Mem:383.62M (Peak 688.81M) | Time:00:46.41 | Remaining:00:00.01 | Mem:3107.61M, Peak:3412.49M | Scene, ViewLayer | Rendered 3/4 Tiles, Sample 144/512 (Using optimized kernels)
Fra:1 Mem:383.62M (Peak 688.81M) | Time:00:46.41 | Remaining:00:00.01 | Mem:3107.61M, Peak:3412.49M | Scene, ViewLayer | Rendered 3/4 Tiles, Sample 160/512 (Using optimized kernels)
Fra:1 Mem:383.62M (Peak 688.81M) | Time:00:46.42 | Remaining:00:00.01 | Mem:3107.61M, Peak:3412.49M | Scene, ViewLayer | Rendered 3/4 Tiles, Sample 176/512 (Using optimized kernels)
Fra:1 Mem:383.62M (Peak 688.81M) | Time:00:46.43 | Remaining:00:00.01 | Mem:3107.61M, Peak:3412.49M | Scene, ViewLayer | Rendered 3/4 Tiles, Sample 192/512 (Using optimized kernels)
Fra:1 Mem:383.62M (Peak 688.81M) | Time:00:46.44 | Remaining:00:00.01 | Mem:3107.61M, Peak:3412.49M | Scene, ViewLayer | Rendered 3/4 Tiles, Sample 208/512 (Using optimized kernels)
Fra:1 Mem:383.62M (Peak 688.81M) | Time:00:46.45 | Remaining:00:00.01 | Mem:3107.61M, Peak:3412.49M | Scene, ViewLayer | Rendered 3/4 Tiles, Sample 224/512 (Using optimized kernels)
Fra:1 Mem:383.62M (Peak 688.81M) | Time:00:46.46 | Remaining:00:00.01 | Mem:3107.61M, Peak:3412.49M | Scene, ViewLayer | Rendered 3/4 Tiles, Sample 240/512 (Using optimized kernels)
Fra:1 Mem:383.62M (Peak 688.81M) | Time:00:46.47 | Remaining:00:00.01 | Mem:3107.61M, Peak:3412.49M | Scene, ViewLayer | Rendered 3/4 Tiles, Sample 256/512 (Using optimized kernels)
Fra:1 Mem:383.62M (Peak 688.81M) | Time:00:46.48 | Remaining:00:00.01 | Mem:3107.61M, Peak:3412.49M | Scene, ViewLayer | Rendered 3/4 Tiles, Sample 272/512 (Using optimized kernels)
Fra:1 Mem:383.62M (Peak 688.81M) | Time:00:46.49 | Remaining:00:00.01 | Mem:3107.61M, Peak:3412.49M | Scene, ViewLayer | Rendered 3/4 Tiles, Sample 288/512 (Using optimized kernels)
Fra:1 Mem:383.62M (Peak 688.81M) | Time:00:46.49 | Remaining:00:00.01 | Mem:3107.61M, Peak:3412.49M | Scene, ViewLayer | Rendered 3/4 Tiles, Sample 304/512 (Using optimized kernels)
Fra:1 Mem:383.62M (Peak 688.81M) | Time:00:46.50 | Remaining:00:00.00 | Mem:3107.61M, Peak:3412.49M | Scene, ViewLayer | Rendered 3/4 Tiles, Sample 320/512 (Using optimized kernels)
Fra:1 Mem:383.62M (Peak 688.81M) | Time:00:46.51 | Remaining:00:00.00 | Mem:3107.61M, Peak:3412.49M | Scene, ViewLayer | Rendered 3/4 Tiles, Sample 336/512 (Using optimized kernels)
Fra:1 Mem:383.62M (Peak 688.81M) | Time:00:46.52 | Remaining:00:00.00 | Mem:3107.61M, Peak:3412.49M | Scene, ViewLayer | Rendered 3/4 Tiles, Sample 352/512 (Using optimized kernels)
Fra:1 Mem:383.62M (Peak 688.81M) | Time:00:46.53 | Remaining:00:00.00 | Mem:3107.61M, Peak:3412.49M | Scene, ViewLayer | Rendered 3/4 Tiles, Sample 368/512 (Using optimized kernels)
Fra:1 Mem:383.62M (Peak 688.81M) | Time:00:46.54 | Remaining:00:00.00 | Mem:3107.61M, Peak:3412.49M | Scene, ViewLayer | Rendered 3/4 Tiles, Sample 384/512 (Using optimized kernels)
Fra:1 Mem:383.62M (Peak 688.81M) | Time:00:46.54 | Remaining:00:00.00 | Mem:3107.61M, Peak:3412.49M | Scene, ViewLayer | Rendered 3/4 Tiles, Sample 400/512 (Using optimized kernels)
Fra:1 Mem:383.62M (Peak 688.81M) | Time:00:46.55 | Remaining:00:00.00 | Mem:3107.61M, Peak:3412.49M | Scene, ViewLayer | Rendered 3/4 Tiles, Sample 416/512 (Using optimized kernels)
Fra:1 Mem:383.62M (Peak 688.81M) | Time:00:46.56 | Remaining:00:00.00 | Mem:3107.61M, Peak:3412.49M | Scene, ViewLayer | Rendered 3/4 Tiles, Sample 432/512 (Using optimized kernels)
Fra:1 Mem:383.62M (Peak 688.81M) | Time:00:46.56 | Remaining:00:00.00 | Mem:3107.61M, Peak:3412.49M | Scene, ViewLayer | Rendered 3/4 Tiles, Sample 448/512 (Using optimized kernels)
Fra:1 Mem:383.62M (Peak 688.81M) | Time:00:46.57 | Remaining:00:00.00 | Mem:3107.61M, Peak:3412.49M | Scene, ViewLayer | Rendered 3/4 Tiles, Sample 464/512 (Using optimized kernels)
Fra:1 Mem:383.62M (Peak 688.81M) | Time:00:46.58 | Remaining:00:00.00 | Mem:3107.61M, Peak:3412.49M | Scene, ViewLayer | Rendered 3/4 Tiles, Sample 480/512 (Using optimized kernels)
Fra:1 Mem:383.62M (Peak 688.81M) | Time:00:46.59 | Remaining:00:00.00 | Mem:3107.61M, Peak:3412.49M | Scene, ViewLayer | Rendered 3/4 Tiles, Sample 496/512 (Using optimized kernels)
Fra:1 Mem:383.62M (Peak 688.81M) | Time:00:46.60 | Mem:3107.61M, Peak:3412.49M | Scene, ViewLayer | Rendered 3/4 Tiles, Sample 512/512 (Using optimized kernels)
Fra:1 Mem:383.62M (Peak 688.81M) | Time:00:46.60 | Mem:3107.61M, Peak:3412.49M | Scene, ViewLayer | Rendered 3/4 Tiles, Sample 0/512 (Using optimized kernels)
Fra:1 Mem:383.62M (Peak 688.81M) | Time:00:46.60 | Mem:3107.61M, Peak:3412.49M | Scene, ViewLayer | Finished
Fra:1 Mem:103.49M (Peak 688.81M) | Time:00:46.60 | Mem:2816.09M, Peak:3412.49M | Scene | Reading full buffer from disk
Fra:1 Mem:461.14M (Peak 688.81M) | Time:00:46.71 | Mem:2816.09M, Peak:3412.49M | Scene | ViewLayer | Denoising
Fra:1 Mem:461.14M (Peak 688.81M) | Time:00:53.35 | Mem:3173.73M, Peak:3412.49M | Scene | ViewLayer | Finishing
Saved: '/Users/xuanji/gits/mv-astra/output/cycles/daylight.png'
Time: 00:54.06 (Saving: 00:00.63)

Imported plant height: 1.350163996219635
Info: Packed 9 file(s)
Info: Saved as "daylight.blend"
FINISHED daylight

Blender quit
