Render device: Apple M5 Max CPU False
Render device: Apple M5 Max (GPU - 40 cores) METAL True
Projection closure residual (m): 8.259061849445711e-07
Info: Applied modifier was not first, result may not be as expected
Info: Applied modifier was not first, result may not be as expected
Info: Applied modifier was not first, result may not be as expected
Info: Applied modifier was not first, result may not be as expected
Info: Applied modifier was not first, result may not be as expected
Info: Applied modifier was not first, result may not be as expected
Info: Applied modifier was not first, result may not be as expected
Info: Applied modifier was not first, result may not be as expected
Info: Applied modifier was not first, result may not be as expected
Info: Applied modifier was not first, result may not be as expected
Info: Applied modifier was not first, result may not be as expected
Info: Applied modifier was not first, result may not be as expected
Info: Applied modifier was not first, result may not be as expected
Info: Applied modifier was not first, result may not be as expected
Info: Applied modifier was not first, result may not be as expected
Info: Applied modifier was not first, result may not be as expected
Info: Applied modifier was not first, result may not be as expected
Info: Applied modifier was not first, result may not be as expected
Info: Applied modifier was not first, result may not be as expected
Info: Applied modifier was not first, result may not be as expected
Info: Applied modifier was not first, result may not be as expected
Info: Applied modifier was not first, result may not be as expected
Info: Applied modifier was not first, result may not be as expected
Info: Applied modifier was not first, result may not be as expected
Info: Applied modifier was not first, result may not be as expected
Info: Applied modifier was not first, result may not be as expected
Info: Applied modifier was not first, result may not be as expected
Info: Applied modifier was not first, result may not be as expected
Info: Applied modifier was not first, result may not be as expected
Info: Applied modifier was not first, result may not be as expected
Info: Applied modifier was not first, result may not be as expected
Info: Applied modifier was not first, result may not be as expected
Info: Applied modifier was not first, result may not be as expected
Info: Applied modifier was not first, result may not be as expected
Info: Applied modifier was not first, result may not be as expected
Info: Applied modifier was not first, result may not be as expected
Info: Applied modifier was not first, result may not be as expected
Info: Applied modifier was not first, result may not be as expected
Info: Applied modifier was not first, result may not be as expected
Info: Applied modifier was not first, result may not be as expected
Info: Applied modifier was not first, result may not be as expected
Info: Applied modifier was not first, result may not be as expected
Info: Applied modifier was not first, result may not be as expected
Info: Applied modifier was not first, result may not be as expected
Info: Applied modifier was not first, result may not be as expected
Info: Applied modifier was not first, result may not be as expected
Info: Applied modifier was not first, result may not be as expected
Info: Applied modifier was not first, result may not be as expected
Info: Applied modifier was not first, result may not be as expected
Info: Applied modifier was not first, result may not be as expected
Info: Applied modifier was not first, result may not be as expected
Info: Applied modifier was not first, result may not be as expected
Info: Applied modifier was not first, result may not be as expected
Info: Applied modifier was not first, result may not be as expected
10:43:38 | INFO: Data are loaded, start creating Blender stuff
10:43:38 | INFO: Blender create Mesh node potted_plant_01_base_low
10:43:38 | INFO: Blender create Mesh node Circle.008
10:43:38 | INFO: Blender create Mesh node Circle.002
10:43:38 | INFO: Blender create Mesh node Plane.070
10:43:38 | INFO: glTF import finished in 0.12s
Blender 4.5.0 (hash 8cb6b388974a built 2025-07-15 01:35:28)
Fra:1 Mem:126.13M (Peak 126.75M) | Time:00:00.03 | Mem:0.02M, Peak:0.02M | Scene, ViewLayer | Synchronizing object | Marble tread
Fra:1 Mem:126.14M (Peak 126.75M) | Time:00:00.03 | Mem:0.02M, Peak:0.02M | Scene, ViewLayer | Synchronizing object | Inlaid bronze nosing
Fra:1 Mem:128.14M (Peak 128.14M) | Time:00:00.03 | Mem:0.02M, Peak:0.02M | Scene, ViewLayer | Synchronizing object | Marble tread.004
Fra:1 Mem:128.16M (Peak 128.16M) | Time:00:00.03 | Mem:0.02M, Peak:0.02M | Scene, ViewLayer | Synchronizing object | Inlaid bronze nosing.004
Fra:1 Mem:128.16M (Peak 128.16M) | Time:00:00.03 | Mem:0.02M, Peak:0.02M | Scene, ViewLayer | Synchronizing object | Inlaid bronze nosing.007
Fra:1 Mem:128.17M (Peak 128.17M) | Time:00:00.03 | Mem:0.02M, Peak:0.02M | Scene, ViewLayer | Synchronizing object | Marble tread.008
Fra:1 Mem:128.59M (Peak 128.59M) | Time:00:00.03 | Mem:0.02M, Peak:0.02M | Scene, ViewLayer | Synchronizing object | Inlaid bronze nosing.008
Fra:1 Mem:128.55M (Peak 128.59M) | Time:00:00.03 | Mem:0.02M, Peak:0.02M | Scene, ViewLayer | Synchronizing object | Inlaid bronze nosing.015
Fra:1 Mem:128.58M (Peak 128.59M) | Time:00:00.03 | Mem:0.02M, Peak:0.02M | Scene, ViewLayer | Synchronizing object | Marble tread.016
Fra:1 Mem:128.70M (Peak 128.70M) | Time:00:00.03 | Mem:0.02M, Peak:0.02M | Scene, ViewLayer | Synchronizing object | Inlaid bronze nosing.016
Fra:1 Mem:128.75M (Peak 128.75M) | Time:00:00.03 | Mem:0.02M, Peak:0.02M | Scene, ViewLayer | Synchronizing object | Inlaid bronze nosing.017
Fra:1 Mem:128.71M (Peak 128.75M) | Time:00:00.03 | Mem:0.02M, Peak:0.02M | Scene, ViewLayer | Synchronizing object | Marble tread.018
Fra:1 Mem:128.74M (Peak 128.75M) | Time:00:00.03 | Mem:0.02M, Peak:0.02M | Scene, ViewLayer | Synchronizing object | Marble tread.019
Fra:1 Mem:128.94M (Peak 128.94M) | Time:00:00.03 | Mem:0.02M, Peak:0.02M | Scene, ViewLayer | Synchronizing object | Inlaid bronze nosing.019
Fra:1 Mem:128.96M (Peak 128.96M) | Time:00:00.03 | Mem:0.02M, Peak:0.02M | Scene, ViewLayer | Synchronizing object | Marble tread.021
Fra:1 Mem:128.96M (Peak 128.96M) | Time:00:00.03 | Mem:0.02M, Peak:0.02M | Scene, ViewLayer | Synchronizing object | Inlaid bronze nosing.021
Fra:1 Mem:129.01M (Peak 129.01M) | Time:00:00.03 | Mem:0.02M, Peak:0.02M | Scene, ViewLayer | Synchronizing object | Marble tread.022
Fra:1 Mem:129.05M (Peak 129.05M) | Time:00:00.03 | Mem:0.02M, Peak:0.02M | Scene, ViewLayer | Synchronizing object | Inlaid bronze nosing.022
Fra:1 Mem:129.06M (Peak 129.06M) | Time:00:00.03 | Mem:0.02M, Peak:0.02M | Scene, ViewLayer | Synchronizing object | Marble tread.024
Fra:1 Mem:129.07M (Peak 129.07M) | Time:00:00.03 | Mem:0.02M, Peak:0.02M | Scene, ViewLayer | Synchronizing object | Inlaid bronze nosing.025
Fra:1 Mem:129.23M (Peak 129.23M) | Time:00:00.03 | Mem:0.02M, Peak:0.02M | Scene, ViewLayer | Synchronizing object | Marble tread.026
Fra:1 Mem:129.26M (Peak 129.26M) | Time:00:00.03 | Mem:0.02M, Peak:0.02M | Scene, ViewLayer | Synchronizing object | Inlaid bronze nosing.026
Fra:1 Mem:129.25M (Peak 129.26M) | Time:00:00.03 | Mem:0.02M, Peak:0.02M | Scene, ViewLayer | Synchronizing object | Marble tread.027
Fra:1 Mem:129.29M (Peak 129.29M) | Time:00:00.03 | Mem:0.02M, Peak:0.02M | Scene, ViewLayer | Synchronizing object | Inlaid bronze nosing.027
Fra:1 Mem:129.34M (Peak 129.34M) | Time:00:00.03 | Mem:0.02M, Peak:0.02M | Scene, ViewLayer | Synchronizing object | Inlaid bronze nosing.028
Fra:1 Mem:129.34M (Peak 129.34M) | Time:00:00.03 | Mem:0.02M, Peak:0.02M | Scene, ViewLayer | Synchronizing object | Inlaid bronze nosing.029
Fra:1 Mem:129.34M (Peak 129.34M) | Time:00:00.03 | Mem:0.02M, Peak:0.02M | Scene, ViewLayer | Synchronizing object | Marble tread.031
Fra:1 Mem:129.39M (Peak 129.39M) | Time:00:00.03 | Mem:0.02M, Peak:0.02M | Scene, ViewLayer | Synchronizing object | Marble tread.032
Fra:1 Mem:129.38M (Peak 129.39M) | Time:00:00.03 | Mem:0.02M, Peak:0.02M | Scene, ViewLayer | Synchronizing object | Inlaid bronze nosing.032
Fra:1 Mem:129.46M (Peak 129.46M) | Time:00:00.03 | Mem:0.02M, Peak:0.02M | Scene, ViewLayer | Synchronizing object | Marble tread.033
Fra:1 Mem:129.47M (Peak 129.47M) | Time:00:00.03 | Mem:0.02M, Peak:0.02M | Scene, ViewLayer | Synchronizing object | Marble tread.034
Fra:1 Mem:129.49M (Peak 129.49M) | Time:00:00.03 | Mem:0.02M, Peak:0.02M | Scene, ViewLayer | Synchronizing object | Inlaid bronze nosing.034
Fra:1 Mem:129.58M (Peak 129.58M) | Time:00:00.03 | Mem:0.02M, Peak:0.02M | Scene, ViewLayer | Synchronizing object | Inlaid bronze nosing.035
Fra:1 Mem:129.73M (Peak 129.73M) | Time:00:00.03 | Mem:0.02M, Peak:0.02M | Scene, ViewLayer | Synchronizing object | Marble tread.036
Fra:1 Mem:129.74M (Peak 129.74M) | Time:00:00.03 | Mem:0.02M, Peak:0.02M | Scene, ViewLayer | Synchronizing object | Inlaid bronze nosing.036
Fra:1 Mem:129.77M (Peak 129.77M) | Time:00:00.03 | Mem:0.02M, Peak:0.02M | Scene, ViewLayer | Synchronizing object | Inlaid bronze nosing.037
Fra:1 Mem:129.76M (Peak 129.77M) | Time:00:00.03 | Mem:0.02M, Peak:0.02M | Scene, ViewLayer | Synchronizing object | Marble tread.038
Fra:1 Mem:129.78M (Peak 129.78M) | Time:00:00.03 | Mem:0.02M, Peak:0.02M | Scene, ViewLayer | Synchronizing object | Inlaid bronze nosing.038
Fra:1 Mem:129.83M (Peak 129.83M) | Time:00:00.03 | Mem:0.02M, Peak:0.02M | Scene, ViewLayer | Synchronizing object | Marble tread.040
Fra:1 Mem:129.85M (Peak 129.85M) | Time:00:00.03 | Mem:0.02M, Peak:0.02M | Scene, ViewLayer | Synchronizing object | Inlaid bronze nosing.040
Fra:1 Mem:129.91M (Peak 129.91M) | Time:00:00.03 | Mem:0.02M, Peak:0.02M | Scene, ViewLayer | Synchronizing object | Bronze sloping handrail
Fra:1 Mem:129.94M (Peak 129.94M) | Time:00:00.03 | Mem:0.02M, Peak:0.02M | Scene, ViewLayer | Synchronizing object | Slender bronze baluster
Fra:1 Mem:129.97M (Peak 129.97M) | Time:00:00.03 | Mem:0.02M, Peak:0.02M | Scene, ViewLayer | Synchronizing object | Slender bronze baluster.002
Fra:1 Mem:129.95M (Peak 129.97M) | Time:00:00.03 | Mem:0.02M, Peak:0.02M | Scene, ViewLayer | Synchronizing object | Landing handrail
Fra:1 Mem:129.98M (Peak 129.98M) | Time:00:00.03 | Mem:0.02M, Peak:0.02M | Scene, ViewLayer | Synchronizing object | Bronze railing elbow.001
Fra:1 Mem:129.99M (Peak 129.99M) | Time:00:00.03 | Mem:0.02M, Peak:0.02M | Scene, ViewLayer | Synchronizing object | Bronze sloping handrail.001
Fra:1 Mem:130.02M (Peak 130.02M) | Time:00:00.03 | Mem:0.02M, Peak:0.02M | Scene, ViewLayer | Synchronizing object | Slender bronze baluster.005
Fra:1 Mem:130.00M (Peak 130.02M) | Time:00:00.03 | Mem:0.02M, Peak:0.02M | Scene, ViewLayer | Synchronizing object | Slender bronze baluster.006
Fra:1 Mem:130.00M (Peak 130.02M) | Time:00:00.03 | Mem:0.02M, Peak:0.02M | Scene, ViewLayer | Synchronizing object | Slender bronze baluster.007
Fra:1 Mem:130.01M (Peak 130.02M) | Time:00:00.03 | Mem:0.02M, Peak:0.02M | Scene, ViewLayer | Synchronizing object | Landing handrail.002
Fra:1 Mem:130.01M (Peak 130.02M) | Time:00:00.03 | Mem:0.02M, Peak:0.02M | Scene, ViewLayer | Synchronizing object | Landing handrail.003
Fra:1 Mem:130.03M (Peak 130.03M) | Time:00:00.03 | Mem:0.02M, Peak:0.02M | Scene, ViewLayer | Synchronizing object | Bronze railing elbow.003
Fra:1 Mem:130.02M (Peak 130.03M) | Time:00:00.03 | Mem:0.02M, Peak:0.02M | Scene, ViewLayer | Synchronizing object | Slender bronze baluster.008
Fra:1 Mem:130.03M (Peak 130.03M) | Time:00:00.03 | Mem:0.02M, Peak:0.02M | Scene, ViewLayer | Synchronizing object | Slender bronze baluster.009
Fra:1 Mem:130.04M (Peak 130.04M) | Time:00:00.03 | Mem:0.02M, Peak:0.02M | Scene, ViewLayer | Synchronizing object | Slender bronze baluster.010
Fra:1 Mem:130.04M (Peak 130.04M) | Time:00:00.03 | Mem:0.02M, Peak:0.02M | Scene, ViewLayer | Synchronizing object | Landing handrail.005
Fra:1 Mem:130.05M (Peak 130.05M) | Time:00:00.03 | Mem:0.02M, Peak:0.02M | Scene, ViewLayer | Synchronizing object | Bronze railing elbow.004
Fra:1 Mem:130.07M (Peak 130.07M) | Time:00:00.03 | Mem:0.02M, Peak:0.02M | Scene, ViewLayer | Synchronizing object | Bronze railing elbow.005
Fra:1 Mem:130.15M (Peak 130.15M) | Time:00:00.03 | Mem:0.02M, Peak:0.02M | Scene, ViewLayer | Synchronizing object | Bronze sloping handrail.003
Fra:1 Mem:130.17M (Peak 130.17M) | Time:00:00.03 | Mem:0.02M, Peak:0.02M | Scene, ViewLayer | Synchronizing object | Slender bronze baluster.011
Fra:1 Mem:130.19M (Peak 130.19M) | Time:00:00.03 | Mem:0.02M, Peak:0.02M | Scene, ViewLayer | Synchronizing object | Slender bronze baluster.012
Fra:1 Mem:130.19M (Peak 130.19M) | Time:00:00.03 | Mem:0.02M, Peak:0.02M | Scene, ViewLayer | Synchronizing object | Slender bronze baluster.013
Fra:1 Mem:130.19M (Peak 130.19M) | Time:00:00.03 | Mem:0.02M, Peak:0.02M | Scene, ViewLayer | Synchronizing object | Bronze railing elbow.007
Fra:1 Mem:130.21M (Peak 130.21M) | Time:00:00.03 | Mem:0.02M, Peak:0.02M | Scene, ViewLayer | Synchronizing object | Slender bronze baluster.016
Fra:1 Mem:130.32M (Peak 130.32M) | Time:00:00.03 | Mem:0.02M, Peak:0.02M | Scene, ViewLayer | Synchronizing object | Slender bronze baluster.017
Fra:1 Mem:130.28M (Peak 130.32M) | Time:00:00.03 | Mem:0.02M, Peak:0.02M | Scene, ViewLayer | Synchronizing object | Slender bronze baluster.018
Fra:1 Mem:130.32M (Peak 130.32M) | Time:00:00.04 | Mem:0.02M, Peak:0.02M | Scene, ViewLayer | Synchronizing object | Slender bronze baluster.019
Fra:1 Mem:130.35M (Peak 130.35M) | Time:00:00.04 | Mem:0.02M, Peak:0.02M | Scene, ViewLayer | Synchronizing object | Landing handrail.008
Fra:1 Mem:130.38M (Peak 130.38M) | Time:00:00.04 | Mem:0.02M, Peak:0.02M | Scene, ViewLayer | Synchronizing object | Landing handrail.009
Fra:1 Mem:130.36M (Peak 130.38M) | Time:00:00.04 | Mem:0.02M, Peak:0.02M | Scene, ViewLayer | Synchronizing object | Bronze railing elbow.008
Fra:1 Mem:130.40M (Peak 130.40M) | Time:00:00.04 | Mem:0.02M, Peak:0.02M | Scene, ViewLayer | Synchronizing object | Bronze railing elbow.009
Fra:1 Mem:130.36M (Peak 130.40M) | Time:00:00.04 | Mem:0.02M, Peak:0.02M | Scene, ViewLayer | Synchronizing object | Bronze sloping handrail.005
Fra:1 Mem:130.37M (Peak 130.40M) | Time:00:00.04 | Mem:0.02M, Peak:0.02M | Scene, ViewLayer | Synchronizing object | Slender bronze baluster.021
Fra:1 Mem:130.38M (Peak 130.40M) | Time:00:00.04 | Mem:0.02M, Peak:0.02M | Scene, ViewLayer | Synchronizing object | Slender bronze baluster.022
Fra:1 Mem:130.38M (Peak 130.40M) | Time:00:00.04 | Mem:0.02M, Peak:0.02M | Scene, ViewLayer | Synchronizing object | Bronze railing elbow.010
Fra:1 Mem:130.38M (Peak 130.40M) | Time:00:00.04 | Mem:0.02M, Peak:0.02M | Scene, ViewLayer | Synchronizing object | Bronze railing elbow.011
Fra:1 Mem:130.39M (Peak 130.40M) | Time:00:00.04 | Mem:0.02M, Peak:0.02M | Scene, ViewLayer | Synchronizing object | Bronze sloping handrail.006
Fra:1 Mem:130.39M (Peak 130.40M) | Time:00:00.04 | Mem:0.02M, Peak:0.02M | Scene, ViewLayer | Synchronizing object | Slender bronze baluster.024
Fra:1 Mem:130.40M (Peak 130.40M) | Time:00:00.04 | Mem:0.02M, Peak:0.02M | Scene, ViewLayer | Synchronizing object | Slender bronze baluster.025
Fra:1 Mem:130.41M (Peak 130.41M) | Time:00:00.04 | Mem:0.02M, Peak:0.02M | Scene, ViewLayer | Synchronizing object | Slender bronze baluster.026
Fra:1 Mem:130.41M (Peak 130.41M) | Time:00:00.04 | Mem:0.02M, Peak:0.02M | Scene, ViewLayer | Synchronizing object | Landing handrail.012
Fra:1 Mem:130.42M (Peak 130.42M) | Time:00:00.04 | Mem:0.02M, Peak:0.02M | Scene, ViewLayer | Synchronizing object | Landing handrail.013
Fra:1 Mem:130.42M (Peak 130.42M) | Time:00:00.04 | Mem:0.02M, Peak:0.02M | Scene, ViewLayer | Synchronizing object | Bronze railing elbow.012
Fra:1 Mem:130.43M (Peak 130.43M) | Time:00:00.04 | Mem:0.02M, Peak:0.02M | Scene, ViewLayer | Synchronizing object | Bronze railing elbow.013
Fra:1 Mem:130.43M (Peak 130.43M) | Time:00:00.04 | Mem:0.02M, Peak:0.02M | Scene, ViewLayer | Synchronizing object | Bronze sloping handrail.007
Fra:1 Mem:130.44M (Peak 130.44M) | Time:00:00.04 | Mem:0.02M, Peak:0.02M | Scene, ViewLayer | Synchronizing object | Slender bronze baluster.027
Fra:1 Mem:130.45M (Peak 130.45M) | Time:00:00.04 | Mem:0.02M, Peak:0.02M | Scene, ViewLayer | Synchronizing object | Slender bronze baluster.030
Fra:1 Mem:130.46M (Peak 130.46M) | Time:00:00.04 | Mem:0.02M, Peak:0.02M | Scene, ViewLayer | Synchronizing object | Slender bronze baluster.031
Fra:1 Mem:130.46M (Peak 130.46M) | Time:00:00.04 | Mem:0.02M, Peak:0.02M | Scene, ViewLayer | Synchronizing object | Landing handrail.014
Fra:1 Mem:130.47M (Peak 130.47M) | Time:00:00.04 | Mem:0.02M, Peak:0.02M | Scene, ViewLayer | Synchronizing object | Landing handrail.015
Fra:1 Mem:130.47M (Peak 130.47M) | Time:00:00.04 | Mem:0.02M, Peak:0.02M | Scene, ViewLayer | Synchronizing object | Bronze railing elbow.014
Fra:1 Mem:130.48M (Peak 130.48M) | Time:00:00.04 | Mem:0.02M, Peak:0.02M | Scene, ViewLayer | Synchronizing object | Bronze railing elbow.015
Fra:1 Mem:130.48M (Peak 130.48M) | Time:00:00.04 | Mem:0.02M, Peak:0.02M | Scene, ViewLayer | Synchronizing object | Corner landing 1
Fra:1 Mem:130.49M (Peak 130.49M) | Time:00:00.04 | Mem:0.02M, Peak:0.02M | Scene, ViewLayer | Synchronizing object | Landing pier 1
Fra:1 Mem:130.53M (Peak 130.53M) | Time:00:00.04 | Mem:0.02M, Peak:0.02M | Scene, ViewLayer | Synchronizing object | Pier foot 1
Fra:1 Mem:130.53M (Peak 130.53M) | Time:00:00.04 | Mem:0.02M, Peak:0.02M | Scene, ViewLayer | Synchronizing object | Pier horizontal joint
Fra:1 Mem:130.56M (Peak 130.56M) | Time:00:00.04 | Mem:0.02M, Peak:0.02M | Scene, ViewLayer | Synchronizing object | Pier horizontal joint.002
Fra:1 Mem:130.63M (Peak 130.63M) | Time:00:00.04 | Mem:0.02M, Peak:0.02M | Scene, ViewLayer | Synchronizing object | Pier horizontal joint.003
Fra:1 Mem:130.61M (Peak 130.63M) | Time:00:00.04 | Mem:0.02M, Peak:0.02M | Scene, ViewLayer | Synchronizing object | Pier horizontal joint.004
Fra:1 Mem:130.65M (Peak 130.65M) | Time:00:00.04 | Mem:0.02M, Peak:0.02M | Scene, ViewLayer | Synchronizing object | Corner landing 2
Fra:1 Mem:130.66M (Peak 130.66M) | Time:00:00.04 | Mem:0.02M, Peak:0.02M | Scene, ViewLayer | Synchronizing object | Landing pier 2
Fra:1 Mem:130.72M (Peak 130.72M) | Time:00:00.04 | Mem:0.02M, Peak:0.02M | Scene, ViewLayer | Synchronizing object | Pier foot 2
Fra:1 Mem:130.74M (Peak 130.74M) | Time:00:00.04 | Mem:0.02M, Peak:0.02M | Scene, ViewLayer | Synchronizing object | Pier horizontal joint.006
Fra:1 Mem:130.74M (Peak 130.74M) | Time:00:00.04 | Mem:0.02M, Peak:0.02M | Scene, ViewLayer | Synchronizing object | Pier horizontal joint.008
Fra:1 Mem:130.83M (Peak 130.83M) | Time:00:00.04 | Mem:0.02M, Peak:0.02M | Scene, ViewLayer | Synchronizing object | Pier horizontal joint.009
Fra:1 Mem:130.81M (Peak 130.83M) | Time:00:00.04 | Mem:0.02M, Peak:0.02M | Scene, ViewLayer | Synchronizing object | Pier foot 3
Fra:1 Mem:130.81M (Peak 130.83M) | Time:00:00.04 | Mem:0.02M, Peak:0.02M | Scene, ViewLayer | Synchronizing object | Pier horizontal joint.012
Fra:1 Mem:130.83M (Peak 130.83M) | Time:00:00.04 | Mem:0.02M, Peak:0.02M | Scene, ViewLayer | Synchronizing object | Pier horizontal joint.014
Fra:1 Mem:131.01M (Peak 131.01M) | Time:00:00.04 | Mem:0.02M, Peak:0.02M | Scene, ViewLayer | Synchronizing object | Pier horizontal joint.015
Fra:1 Mem:131.03M (Peak 131.03M) | Time:00:00.04 | Mem:0.02M, Peak:0.02M | Scene, ViewLayer | Synchronizing object | Pier horizontal joint.017
Fra:1 Mem:131.02M (Peak 131.03M) | Time:00:00.04 | Mem:0.02M, Peak:0.02M | Scene, ViewLayer | Synchronizing object | Landing pier 4
Fra:1 Mem:131.06M (Peak 131.06M) | Time:00:00.04 | Mem:0.02M, Peak:0.02M | Scene, ViewLayer | Synchronizing object | Pier foot 4
Fra:1 Mem:131.26M (Peak 131.26M) | Time:00:00.04 | Mem:0.02M, Peak:0.02M | Scene, ViewLayer | Synchronizing object | Pier horizontal joint.018
Fra:1 Mem:131.35M (Peak 131.35M) | Time:00:00.04 | Mem:0.02M, Peak:0.02M | Scene, ViewLayer | Synchronizing object | Pier horizontal joint.020
Fra:1 Mem:131.37M (Peak 131.36M) | Time:00:00.04 | Mem:0.02M, Peak:0.02M | Scene, ViewLayer | Synchronizing object | Pier horizontal joint.021
Fra:1 Mem:131.28M (Peak 131.36M) | Time:00:00.04 | Mem:0.02M, Peak:0.02M | Scene, ViewLayer | Synchronizing object | Pier horizontal joint.022
Fra:1 Mem:131.37M (Peak 131.37M) | Time:00:00.04 | Mem:0.02M, Peak:0.02M | Scene, ViewLayer | Synchronizing object | Pier horizontal joint.024
Fra:1 Mem:131.35M (Peak 131.37M) | Time:00:00.04 | Mem:0.02M, Peak:0.02M | Scene, ViewLayer | Synchronizing object | Pier horizontal joint.025
Fra:1 Mem:131.41M (Peak 131.41M) | Time:00:00.04 | Mem:0.02M, Peak:0.02M | Scene, ViewLayer | Synchronizing object | Pier horizontal joint.027
Fra:1 Mem:131.44M (Peak 131.44M) | Time:00:00.04 | Mem:0.02M, Peak:0.02M | Scene, ViewLayer | Synchronizing object | Courtyard foundation
Fra:1 Mem:131.58M (Peak 131.58M) | Time:00:00.04 | Mem:0.02M, Peak:0.02M | Scene, ViewLayer | Synchronizing object | Limestone paving
Fra:1 Mem:131.56M (Peak 131.58M) | Time:00:00.04 | Mem:0.02M, Peak:0.02M | Scene, ViewLayer | Synchronizing object | Limestone paving.002
Fra:1 Mem:131.51M (Peak 131.58M) | Time:00:00.04 | Mem:0.02M, Peak:0.02M | Scene, ViewLayer | Synchronizing object | Limestone paving.003
Fra:1 Mem:131.57M (Peak 131.58M) | Time:00:00.04 | Mem:0.02M, Peak:0.02M | Scene, ViewLayer | Synchronizing object | Limestone paving.004
Fra:1 Mem:131.58M (Peak 131.58M) | Time:00:00.04 | Mem:0.02M, Peak:0.02M | Scene, ViewLayer | Synchronizing object | Limestone paving.005
Fra:1 Mem:131.59M (Peak 131.59M) | Time:00:00.04 | Mem:0.02M, Peak:0.02M | Scene, ViewLayer | Synchronizing object | Limestone paving.006
Fra:1 Mem:131.61M (Peak 131.61M) | Time:00:00.04 | Mem:0.02M, Peak:0.02M | Scene, ViewLayer | Synchronizing object | Limestone paving.008
Fra:1 Mem:131.63M (Peak 131.63M) | Time:00:00.04 | Mem:0.02M, Peak:0.02M | Scene, ViewLayer | Synchronizing object | Limestone paving.012
Fra:1 Mem:131.69M (Peak 131.69M) | Time:00:00.04 | Mem:0.02M, Peak:0.02M | Scene, ViewLayer | Synchronizing object | Limestone paving.013
Fra:1 Mem:131.70M (Peak 131.70M) | Time:00:00.04 | Mem:0.02M, Peak:0.02M | Scene, ViewLayer | Synchronizing object | Limestone paving.014
Fra:1 Mem:131.81M (Peak 131.81M) | Time:00:00.04 | Mem:0.02M, Peak:0.02M | Scene, ViewLayer | Synchronizing object | Limestone paving.016
Fra:1 Mem:131.89M (Peak 131.89M) | Time:00:00.04 | Mem:0.02M, Peak:0.02M | Scene, ViewLayer | Synchronizing object | Limestone paving.015
Fra:1 Mem:131.91M (Peak 131.91M) | Time:00:00.04 | Mem:0.02M, Peak:0.02M | Scene, ViewLayer | Synchronizing object | Limestone paving.018
Fra:1 Mem:131.91M (Peak 131.91M) | Time:00:00.04 | Mem:0.02M, Peak:0.02M | Scene, ViewLayer | Synchronizing object | Limestone paving.019
Fra:1 Mem:131.97M (Peak 131.97M) | Time:00:00.04 | Mem:0.02M, Peak:0.02M | Scene, ViewLayer | Synchronizing object | Limestone paving.020
Fra:1 Mem:131.97M (Peak 131.97M) | Time:00:00.04 | Mem:0.02M, Peak:0.02M | Scene, ViewLayer | Synchronizing object | Limestone paving.021
Fra:1 Mem:131.98M (Peak 131.98M) | Time:00:00.04 | Mem:0.02M, Peak:0.02M | Scene, ViewLayer | Synchronizing object | Limestone paving.022
Fra:1 Mem:132.04M (Peak 132.04M) | Time:00:00.04 | Mem:0.02M, Peak:0.02M | Scene, ViewLayer | Synchronizing object | Limestone paving.024
Fra:1 Mem:132.02M (Peak 132.04M) | Time:00:00.04 | Mem:0.02M, Peak:0.02M | Scene, ViewLayer | Synchronizing object | Limestone paving.026
Fra:1 Mem:132.03M (Peak 132.04M) | Time:00:00.04 | Mem:0.02M, Peak:0.02M | Scene, ViewLayer | Synchronizing object | Limestone paving.027
Fra:1 Mem:132.11M (Peak 132.11M) | Time:00:00.04 | Mem:0.02M, Peak:0.02M | Scene, ViewLayer | Synchronizing object | Limestone paving.028
Fra:1 Mem:132.11M (Peak 132.11M) | Time:00:00.04 | Mem:0.02M, Peak:0.02M | Scene, ViewLayer | Synchronizing object | Limestone paving.029
Fra:1 Mem:132.22M (Peak 132.22M) | Time:00:00.04 | Mem:0.02M, Peak:0.02M | Scene, ViewLayer | Synchronizing object | Limestone paving.030
Fra:1 Mem:132.28M (Peak 132.28M) | Time:00:00.04 | Mem:0.02M, Peak:0.02M | Scene, ViewLayer | Synchronizing object | Limestone paving.032
Fra:1 Mem:132.30M (Peak 132.30M) | Time:00:00.04 | Mem:0.02M, Peak:0.02M | Scene, ViewLayer | Synchronizing object | Limestone paving.033
Fra:1 Mem:132.31M (Peak 132.31M) | Time:00:00.04 | Mem:0.02M, Peak:0.02M | Scene, ViewLayer | Synchronizing object | Limestone paving.034
Fra:1 Mem:132.38M (Peak 132.38M) | Time:00:00.04 | Mem:0.02M, Peak:0.02M | Scene, ViewLayer | Synchronizing object | Limestone paving.035
Fra:1 Mem:132.37M (Peak 132.38M) | Time:00:00.04 | Mem:0.02M, Peak:0.02M | Scene, ViewLayer | Synchronizing object | Limestone paving.037
Fra:1 Mem:132.42M (Peak 132.42M) | Time:00:00.04 | Mem:0.02M, Peak:0.02M | Scene, ViewLayer | Synchronizing object | Limestone paving.038
Fra:1 Mem:132.53M (Peak 132.53M) | Time:00:00.04 | Mem:0.02M, Peak:0.02M | Scene, ViewLayer | Synchronizing object | Limestone paving.039
Fra:1 Mem:132.53M (Peak 132.53M) | Time:00:00.04 | Mem:0.02M, Peak:0.02M | Scene, ViewLayer | Synchronizing object | Limestone paving.042
Fra:1 Mem:132.63M (Peak 132.63M) | Time:00:00.04 | Mem:0.02M, Peak:0.02M | Scene, ViewLayer | Synchronizing object | Limestone paving.043
Fra:1 Mem:132.66M (Peak 132.66M) | Time:00:00.04 | Mem:0.02M, Peak:0.02M | Scene, ViewLayer | Synchronizing object | Limestone paving.045
Fra:1 Mem:132.69M (Peak 132.69M) | Time:00:00.04 | Mem:0.02M, Peak:0.02M | Scene, ViewLayer | Synchronizing object | Limestone paving.046
Fra:1 Mem:132.68M (Peak 132.69M) | Time:00:00.04 | Mem:0.02M, Peak:0.02M | Scene, ViewLayer | Synchronizing object | Limestone paving.047
Fra:1 Mem:132.70M (Peak 132.70M) | Time:00:00.04 | Mem:0.02M, Peak:0.02M | Scene, ViewLayer | Synchronizing object | Limestone paving.049
Fra:1 Mem:132.75M (Peak 132.75M) | Time:00:00.04 | Mem:0.02M, Peak:0.02M | Scene, ViewLayer | Synchronizing object | Limestone paving.050
Fra:1 Mem:132.73M (Peak 132.75M) | Time:00:00.04 | Mem:0.02M, Peak:0.02M | Scene, ViewLayer | Synchronizing object | Limestone paving.053
Fra:1 Mem:132.85M (Peak 132.85M) | Time:00:00.04 | Mem:0.02M, Peak:0.02M | Scene, ViewLayer | Synchronizing object | Limestone paving.055
Fra:1 Mem:132.81M (Peak 132.85M) | Time:00:00.04 | Mem:0.02M, Peak:0.02M | Scene, ViewLayer | Synchronizing object | Limestone paving.056
Fra:1 Mem:132.85M (Peak 132.85M) | Time:00:00.04 | Mem:0.02M, Peak:0.02M | Scene, ViewLayer | Synchronizing object | Limestone paving.058
Fra:1 Mem:132.92M (Peak 132.92M) | Time:00:00.04 | Mem:0.02M, Peak:0.02M | Scene, ViewLayer | Synchronizing object | Limestone paving.057
Fra:1 Mem:132.94M (Peak 132.94M) | Time:00:00.04 | Mem:0.02M, Peak:0.02M | Scene, ViewLayer | Synchronizing object | Limestone paving.061
Fra:1 Mem:133.02M (Peak 133.02M) | Time:00:00.04 | Mem:0.02M, Peak:0.02M | Scene, ViewLayer | Synchronizing object | Limestone paving.062
Fra:1 Mem:132.99M (Peak 133.02M) | Time:00:00.04 | Mem:0.02M, Peak:0.02M | Scene, ViewLayer | Synchronizing object | Limestone paving.064
Fra:1 Mem:133.09M (Peak 133.09M) | Time:00:00.04 | Mem:0.02M, Peak:0.02M | Scene, ViewLayer | Synchronizing object | Limestone paving.065
Fra:1 Mem:133.10M (Peak 133.10M) | Time:00:00.04 | Mem:0.02M, Peak:0.02M | Scene, ViewLayer | Synchronizing object | Limestone paving.066
Fra:1 Mem:133.09M (Peak 133.10M) | Time:00:00.04 | Mem:0.02M, Peak:0.02M | Scene, ViewLayer | Synchronizing object | Limestone paving.067
Fra:1 Mem:133.14M (Peak 133.14M) | Time:00:00.04 | Mem:0.02M, Peak:0.02M | Scene, ViewLayer | Synchronizing object | Limestone paving.068
Fra:1 Mem:133.13M (Peak 133.14M) | Time:00:00.04 | Mem:0.02M, Peak:0.02M | Scene, ViewLayer | Synchronizing object | Limestone paving.069
Fra:1 Mem:133.15M (Peak 133.15M) | Time:00:00.04 | Mem:0.02M, Peak:0.02M | Scene, ViewLayer | Synchronizing object | Limestone paving.070
Fra:1 Mem:133.28M (Peak 133.28M) | Time:00:00.04 | Mem:0.02M, Peak:0.02M | Scene, ViewLayer | Synchronizing object | Limestone paving.072
Fra:1 Mem:133.24M (Peak 133.28M) | Time:00:00.04 | Mem:0.02M, Peak:0.02M | Scene, ViewLayer | Synchronizing object | Limestone paving.073
Fra:1 Mem:133.29M (Peak 133.29M) | Time:00:00.04 | Mem:0.02M, Peak:0.02M | Scene, ViewLayer | Synchronizing object | Limestone paving.075
Fra:1 Mem:133.32M (Peak 133.32M) | Time:00:00.04 | Mem:0.02M, Peak:0.02M | Scene, ViewLayer | Synchronizing object | Limestone paving.076
Fra:1 Mem:133.39M (Peak 133.39M) | Time:00:00.04 | Mem:0.02M, Peak:0.02M | Scene, ViewLayer | Synchronizing object | Limestone paving.078
Fra:1 Mem:133.41M (Peak 133.41M) | Time:00:00.04 | Mem:0.02M, Peak:0.02M | Scene, ViewLayer | Synchronizing object | Limestone paving.080
Fra:1 Mem:133.46M (Peak 133.46M) | Time:00:00.04 | Mem:0.02M, Peak:0.02M | Scene, ViewLayer | Synchronizing object | Limestone paving.081
Fra:1 Mem:133.52M (Peak 133.52M) | Time:00:00.04 | Mem:0.02M, Peak:0.02M | Scene, ViewLayer | Synchronizing object | Limestone paving.082
Fra:1 Mem:133.54M (Peak 133.54M) | Time:00:00.04 | Mem:0.02M, Peak:0.02M | Scene, ViewLayer | Synchronizing object | Limestone paving.083
Fra:1 Mem:133.59M (Peak 133.59M) | Time:00:00.04 | Mem:0.02M, Peak:0.02M | Scene, ViewLayer | Synchronizing object | Limestone paving.085
Fra:1 Mem:133.57M (Peak 133.59M) | Time:00:00.04 | Mem:0.02M, Peak:0.02M | Scene, ViewLayer | Synchronizing object | Limestone paving.086
Fra:1 Mem:133.60M (Peak 133.60M) | Time:00:00.04 | Mem:0.02M, Peak:0.02M | Scene, ViewLayer | Synchronizing object | Limestone paving.087
Fra:1 Mem:133.67M (Peak 133.67M) | Time:00:00.04 | Mem:0.02M, Peak:0.02M | Scene, ViewLayer | Synchronizing object | Limestone paving.088
Fra:1 Mem:133.66M (Peak 133.67M) | Time:00:00.04 | Mem:0.02M, Peak:0.02M | Scene, ViewLayer | Synchronizing object | Limestone paving.089
Fra:1 Mem:133.72M (Peak 133.72M) | Time:00:00.04 | Mem:0.02M, Peak:0.02M | Scene, ViewLayer | Synchronizing object | Limestone paving.092
Fra:1 Mem:133.74M (Peak 133.74M) | Time:00:00.04 | Mem:0.02M, Peak:0.02M | Scene, ViewLayer | Synchronizing object | Limestone paving.093
Fra:1 Mem:133.77M (Peak 133.77M) | Time:00:00.04 | Mem:0.02M, Peak:0.02M | Scene, ViewLayer | Synchronizing object | Limestone paving.095
Fra:1 Mem:133.85M (Peak 133.85M) | Time:00:00.04 | Mem:0.02M, Peak:0.02M | Scene, ViewLayer | Synchronizing object | Limestone paving.096
Fra:1 Mem:133.87M (Peak 133.87M) | Time:00:00.04 | Mem:0.02M, Peak:0.02M | Scene, ViewLayer | Synchronizing object | Limestone paving.097
Fra:1 Mem:133.89M (Peak 133.89M) | Time:00:00.04 | Mem:0.02M, Peak:0.02M | Scene, ViewLayer | Synchronizing object | Limestone paving.098
Fra:1 Mem:133.97M (Peak 133.95M) | Time:00:00.04 | Mem:0.02M, Peak:0.02M | Scene, ViewLayer | Synchronizing object | Limestone paving.100
Fra:1 Mem:133.94M (Peak 133.95M) | Time:00:00.04 | Mem:0.02M, Peak:0.02M | Scene, ViewLayer | Synchronizing object | Limestone paving.102
Fra:1 Mem:133.98M (Peak 133.98M) | Time:00:00.04 | Mem:0.02M, Peak:0.02M | Scene, ViewLayer | Synchronizing object | Limestone paving.103
Fra:1 Mem:134.08M (Peak 134.08M) | Time:00:00.04 | Mem:0.02M, Peak:0.02M | Scene, ViewLayer | Synchronizing object | Limestone paving.104
Fra:1 Mem:134.07M (Peak 134.08M) | Time:00:00.04 | Mem:0.02M, Peak:0.02M | Scene, ViewLayer | Synchronizing object | Limestone paving.105
Fra:1 Mem:134.11M (Peak 134.11M) | Time:00:00.04 | Mem:0.02M, Peak:0.02M | Scene, ViewLayer | Synchronizing object | Limestone paving.108
Fra:1 Mem:134.13M (Peak 134.13M) | Time:00:00.04 | Mem:0.02M, Peak:0.02M | Scene, ViewLayer | Synchronizing object | Limestone paving.111
Fra:1 Mem:134.15M (Peak 134.15M) | Time:00:00.04 | Mem:0.02M, Peak:0.02M | Scene, ViewLayer | Synchronizing object | Limestone paving.112
Fra:1 Mem:134.15M (Peak 134.15M) | Time:00:00.04 | Mem:0.02M, Peak:0.02M | Scene, ViewLayer | Synchronizing object | Limestone paving.114
Fra:1 Mem:134.20M (Peak 134.20M) | Time:00:00.04 | Mem:0.02M, Peak:0.02M | Scene, ViewLayer | Synchronizing object | Limestone paving.115
Fra:1 Mem:134.23M (Peak 134.23M) | Time:00:00.04 | Mem:0.02M, Peak:0.02M | Scene, ViewLayer | Synchronizing object | Limestone paving.116
Fra:1 Mem:134.31M (Peak 134.31M) | Time:00:00.04 | Mem:0.02M, Peak:0.02M | Scene, ViewLayer | Synchronizing object | Limestone paving.117
Fra:1 Mem:134.41M (Peak 134.41M) | Time:00:00.04 | Mem:0.02M, Peak:0.02M | Scene, ViewLayer | Synchronizing object | Limestone paving.118
Fra:1 Mem:134.43M (Peak 134.43M) | Time:00:00.04 | Mem:0.02M, Peak:0.02M | Scene, ViewLayer | Synchronizing object | Limestone paving.119
Fra:1 Mem:134.45M (Peak 134.45M) | Time:00:00.04 | Mem:0.02M, Peak:0.02M | Scene, ViewLayer | Synchronizing object | Limestone paving.122
Fra:1 Mem:134.52M (Peak 134.52M) | Time:00:00.04 | Mem:0.02M, Peak:0.02M | Scene, ViewLayer | Synchronizing object | Limestone paving.123
Fra:1 Mem:134.67M (Peak 134.67M) | Time:00:00.04 | Mem:0.02M, Peak:0.02M | Scene, ViewLayer | Synchronizing object | Limestone paving.124
Fra:1 Mem:134.68M (Peak 134.68M) | Time:00:00.04 | Mem:0.02M, Peak:0.02M | Scene, ViewLayer | Synchronizing object | Limestone paving.127
Fra:1 Mem:134.72M (Peak 134.72M) | Time:00:00.04 | Mem:0.02M, Peak:0.02M | Scene, ViewLayer | Synchronizing object | Limestone paving.129
Fra:1 Mem:134.88M (Peak 134.88M) | Time:00:00.04 | Mem:0.02M, Peak:0.02M | Scene, ViewLayer | Synchronizing object | Limestone paving.130
Fra:1 Mem:134.88M (Peak 134.88M) | Time:00:00.04 | Mem:0.02M, Peak:0.02M | Scene, ViewLayer | Synchronizing object | Limestone paving.132
Fra:1 Mem:134.91M (Peak 134.91M) | Time:00:00.04 | Mem:0.02M, Peak:0.02M | Scene, ViewLayer | Synchronizing object | Limestone paving.133
Fra:1 Mem:134.92M (Peak 134.92M) | Time:00:00.04 | Mem:0.02M, Peak:0.02M | Scene, ViewLayer | Synchronizing object | Limestone paving.135
Fra:1 Mem:134.93M (Peak 134.93M) | Time:00:00.04 | Mem:0.02M, Peak:0.02M | Scene, ViewLayer | Synchronizing object | Limestone paving.139
Fra:1 Mem:134.94M (Peak 134.94M) | Time:00:00.04 | Mem:0.02M, Peak:0.02M | Scene, ViewLayer | Synchronizing object | Limestone paving.140
Fra:1 Mem:134.98M (Peak 134.98M) | Time:00:00.04 | Mem:0.02M, Peak:0.02M | Scene, ViewLayer | Synchronizing object | Limestone paving.142
Fra:1 Mem:135.03M (Peak 135.03M) | Time:00:00.04 | Mem:0.02M, Peak:0.02M | Scene, ViewLayer | Synchronizing object | Limestone paving.143
Fra:1 Mem:135.10M (Peak 135.10M) | Time:00:00.04 | Mem:0.02M, Peak:0.02M | Scene, ViewLayer | Synchronizing object | Limestone paving.144
Fra:1 Mem:135.12M (Peak 135.12M) | Time:00:00.04 | Mem:0.02M, Peak:0.02M | Scene, ViewLayer | Synchronizing object | Limestone paving.145
Fra:1 Mem:135.14M (Peak 135.14M) | Time:00:00.04 | Mem:0.02M, Peak:0.02M | Scene, ViewLayer | Synchronizing object | Limestone paving.146
Fra:1 Mem:135.19M (Peak 135.19M) | Time:00:00.04 | Mem:0.02M, Peak:0.02M | Scene, ViewLayer | Synchronizing object | Limestone paving.147
Fra:1 Mem:135.21M (Peak 135.21M) | Time:00:00.04 | Mem:0.02M, Peak:0.02M | Scene, ViewLayer | Synchronizing object | Limestone paving.149
Fra:1 Mem:135.25M (Peak 135.25M) | Time:00:00.04 | Mem:0.02M, Peak:0.02M | Scene, ViewLayer | Synchronizing object | Limestone paving.150
Fra:1 Mem:135.44M (Peak 135.44M) | Time:00:00.04 | Mem:0.02M, Peak:0.02M | Scene, ViewLayer | Synchronizing object | Limestone paving.151
Fra:1 Mem:135.36M (Peak 135.44M) | Time:00:00.04 | Mem:0.02M, Peak:0.02M | Scene, ViewLayer | Synchronizing object | Limestone paving.152
Fra:1 Mem:135.31M (Peak 135.44M) | Time:00:00.04 | Mem:0.02M, Peak:0.02M | Scene, ViewLayer | Synchronizing object | West colonnade arch vault.003
Fra:1 Mem:135.33M (Peak 135.44M) | Time:00:00.04 | Mem:0.02M, Peak:0.02M | Scene, ViewLayer | Synchronizing object | Limestone paving.153
Fra:1 Mem:135.35M (Peak 135.44M) | Time:00:00.04 | Mem:0.02M, Peak:0.02M | Scene, ViewLayer | Synchronizing object | Limestone paving.156
Fra:1 Mem:135.36M (Peak 135.44M) | Time:00:00.04 | Mem:0.02M, Peak:0.02M | Scene, ViewLayer | Synchronizing object | Limestone paving.157
Fra:1 Mem:135.38M (Peak 135.44M) | Time:00:00.04 | Mem:0.02M, Peak:0.02M | Scene, ViewLayer | Synchronizing object | Limestone paving.159
Fra:1 Mem:135.55M (Peak 135.55M) | Time:00:00.04 | Mem:0.02M, Peak:0.02M | Scene, ViewLayer | Synchronizing object | Limestone paving.160
Fra:1 Mem:135.53M (Peak 135.55M) | Time:00:00.04 | Mem:0.02M, Peak:0.02M | Scene, ViewLayer | Synchronizing object | Limestone paving.161
Fra:1 Mem:135.69M (Peak 135.69M) | Time:00:00.04 | Mem:0.02M, Peak:0.02M | Scene, ViewLayer | Synchronizing object | Limestone paving.165
Fra:1 Mem:135.80M (Peak 135.80M) | Time:00:00.04 | Mem:0.02M, Peak:0.02M | Scene, ViewLayer | Synchronizing object | Limestone paving.167
Fra:1 Mem:135.85M (Peak 135.85M) | Time:00:00.04 | Mem:0.02M, Peak:0.02M | Scene, ViewLayer | Synchronizing object | Limestone paving.168
Fra:1 Mem:135.69M (Peak 135.85M) | Time:00:00.04 | Mem:0.02M, Peak:0.02M | Scene, ViewLayer | Synchronizing object | Limestone paving.169
Fra:1 Mem:135.81M (Peak 135.85M) | Time:00:00.04 | Mem:0.02M, Peak:0.02M | Scene, ViewLayer | Synchronizing object | Limestone paving.170
Fra:1 Mem:135.95M (Peak 135.95M) | Time:00:00.04 | Mem:0.02M, Peak:0.02M | Scene, ViewLayer | Synchronizing object | Limestone paving.171
Fra:1 Mem:136.03M (Peak 136.03M) | Time:00:00.04 | Mem:0.02M, Peak:0.02M | Scene, ViewLayer | Synchronizing object | Limestone paving.172
Fra:1 Mem:136.08M (Peak 136.08M) | Time:00:00.04 | Mem:0.02M, Peak:0.02M | Scene, ViewLayer | Synchronizing object | Limestone paving.173
Fra:1 Mem:136.07M (Peak 136.08M) | Time:00:00.04 | Mem:0.02M, Peak:0.02M | Scene, ViewLayer | Synchronizing object | Limestone paving.175
Fra:1 Mem:136.14M (Peak 136.14M) | Time:00:00.04 | Mem:0.02M, Peak:0.02M | Scene, ViewLayer | Synchronizing object | Limestone paving.176
Fra:1 Mem:136.13M (Peak 136.14M) | Time:00:00.04 | Mem:0.02M, Peak:0.02M | Scene, ViewLayer | Synchronizing object | Limestone paving.181
Fra:1 Mem:136.10M (Peak 136.14M) | Time:00:00.04 | Mem:0.02M, Peak:0.02M | Scene, ViewLayer | Synchronizing object | Limestone paving.184
Fra:1 Mem:136.12M (Peak 136.14M) | Time:00:00.04 | Mem:0.02M, Peak:0.02M | Scene, ViewLayer | Synchronizing object | Limestone paving.185
Fra:1 Mem:136.19M (Peak 136.19M) | Time:00:00.04 | Mem:0.02M, Peak:0.02M | Scene, ViewLayer | Synchronizing object | Limestone paving.186
Fra:1 Mem:136.36M (Peak 136.36M) | Time:00:00.04 | Mem:0.02M, Peak:0.02M | Scene, ViewLayer | Synchronizing object | Limestone paving.187
Fra:1 Mem:136.29M (Peak 136.36M) | Time:00:00.04 | Mem:0.02M, Peak:0.02M | Scene, ViewLayer | Synchronizing object | West colonnade arch vault.002
Fra:1 Mem:136.34M (Peak 136.36M) | Time:00:00.04 | Mem:0.02M, Peak:0.02M | Scene, ViewLayer | Synchronizing object | Limestone paving.188
Fra:1 Mem:136.36M (Peak 136.36M) | Time:00:00.04 | Mem:0.02M, Peak:0.02M | Scene, ViewLayer | Synchronizing object | Limestone paving.189
Fra:1 Mem:136.51M (Peak 136.51M) | Time:00:00.04 | Mem:0.02M, Peak:0.02M | Scene, ViewLayer | Synchronizing object | Limestone paving.191
Fra:1 Mem:136.62M (Peak 136.62M) | Time:00:00.04 | Mem:0.02M, Peak:0.02M | Scene, ViewLayer | Synchronizing object | Limestone paving.192
Fra:1 Mem:136.72M (Peak 136.72M) | Time:00:00.04 | Mem:0.02M, Peak:0.02M | Scene, ViewLayer | Synchronizing object | Limestone paving.193
Fra:1 Mem:136.71M (Peak 136.72M) | Time:00:00.04 | Mem:0.02M, Peak:0.02M | Scene, ViewLayer | Synchronizing object | Limestone paving.195
Fra:1 Mem:136.74M (Peak 136.74M) | Time:00:00.04 | Mem:0.02M, Peak:0.02M | Scene, ViewLayer | Synchronizing object | Limestone paving.196
Fra:1 Mem:136.72M (Peak 136.74M) | Time:00:00.04 | Mem:0.02M, Peak:0.02M | Scene, ViewLayer | Synchronizing object | Limestone paving.198
Fra:1 Mem:136.74M (Peak 136.74M) | Time:00:00.04 | Mem:0.02M, Peak:0.02M | Scene, ViewLayer | Synchronizing object | Limestone paving.202
Fra:1 Mem:136.79M (Peak 136.79M) | Time:00:00.04 | Mem:0.02M, Peak:0.02M | Scene, ViewLayer | Synchronizing object | Limestone paving.203
Fra:1 Mem:136.82M (Peak 136.82M) | Time:00:00.04 | Mem:0.02M, Peak:0.02M | Scene, ViewLayer | Synchronizing object | Limestone paving.204
Fra:1 Mem:136.83M (Peak 136.83M) | Time:00:00.04 | Mem:0.02M, Peak:0.02M | Scene, ViewLayer | Synchronizing object | Limestone paving.205
Fra:1 Mem:136.90M (Peak 136.90M) | Time:00:00.04 | Mem:0.02M, Peak:0.02M | Scene, ViewLayer | Synchronizing object | Limestone paving.206
Fra:1 Mem:136.90M (Peak 136.90M) | Time:00:00.04 | Mem:0.02M, Peak:0.02M | Scene, ViewLayer | Synchronizing object | Limestone paving.208
Fra:1 Mem:136.93M (Peak 136.93M) | Time:00:00.04 | Mem:0.02M, Peak:0.02M | Scene, ViewLayer | Synchronizing object | Limestone paving.210
Fra:1 Mem:136.94M (Peak 136.94M) | Time:00:00.04 | Mem:0.02M, Peak:0.02M | Scene, ViewLayer | Synchronizing object | Limestone paving.211
Fra:1 Mem:136.95M (Peak 136.95M) | Time:00:00.04 | Mem:0.02M, Peak:0.02M | Scene, ViewLayer | Synchronizing object | Limestone paving.213
Fra:1 Mem:137.15M (Peak 137.15M) | Time:00:00.04 | Mem:0.02M, Peak:0.02M | Scene, ViewLayer | Synchronizing object | Limestone paving.214
Fra:1 Mem:136.99M (Peak 137.15M) | Time:00:00.04 | Mem:0.02M, Peak:0.02M | Scene, ViewLayer | Synchronizing object | West colonnade arch vault.001
Fra:1 Mem:137.02M (Peak 137.15M) | Time:00:00.04 | Mem:0.02M, Peak:0.02M | Scene, ViewLayer | Synchronizing object | Limestone paving.216
Fra:1 Mem:137.02M (Peak 137.15M) | Time:00:00.04 | Mem:0.02M, Peak:0.02M | Scene, ViewLayer | Synchronizing object | Limestone paving.217
Fra:1 Mem:137.08M (Peak 137.15M) | Time:00:00.04 | Mem:0.02M, Peak:0.02M | Scene, ViewLayer | Synchronizing object | Limestone paving.219
Fra:1 Mem:137.23M (Peak 137.23M) | Time:00:00.04 | Mem:0.02M, Peak:0.02M | Scene, ViewLayer | Synchronizing object | Limestone paving.220
Fra:1 Mem:137.37M (Peak 137.37M) | Time:00:00.04 | Mem:0.02M, Peak:0.02M | Scene, ViewLayer | Synchronizing object | Limestone paving.221
Fra:1 Mem:137.47M (Peak 137.47M) | Time:00:00.04 | Mem:0.02M, Peak:0.02M | Scene, ViewLayer | Synchronizing object | Limestone paving.222
Fra:1 Mem:137.43M (Peak 137.47M) | Time:00:00.04 | Mem:0.02M, Peak:0.02M | Scene, ViewLayer | Synchronizing object | Limestone paving.223
Fra:1 Mem:137.53M (Peak 137.53M) | Time:00:00.04 | Mem:0.02M, Peak:0.02M | Scene, ViewLayer | Synchronizing object | Limestone paving.224
Fra:1 Mem:137.58M (Peak 137.58M) | Time:00:00.04 | Mem:0.02M, Peak:0.02M | Scene, ViewLayer | Synchronizing object | Limestone paving.225
Fra:1 Mem:137.62M (Peak 137.62M) | Time:00:00.04 | Mem:0.02M, Peak:0.02M | Scene, ViewLayer | Synchronizing object | Limestone paving.226
Fra:1 Mem:137.61M (Peak 137.62M) | Time:00:00.04 | Mem:0.02M, Peak:0.02M | Scene, ViewLayer | Synchronizing object | Limestone paving.229
Fra:1 Mem:137.66M (Peak 137.67M) | Time:00:00.04 | Mem:0.02M, Peak:0.02M | Scene, ViewLayer | Synchronizing object | Limestone paving.230
Fra:1 Mem:137.70M (Peak 137.70M) | Time:00:00.04 | Mem:0.02M, Peak:0.02M | Scene, ViewLayer | Synchronizing object | Limestone paving.231
Fra:1 Mem:137.70M (Peak 137.70M) | Time:00:00.04 | Mem:0.02M, Peak:0.02M | Scene, ViewLayer | Synchronizing object | Limestone paving.233
Fra:1 Mem:137.84M (Peak 137.84M) | Time:00:00.04 | Mem:0.02M, Peak:0.02M | Scene, ViewLayer | Synchronizing object | Limestone paving.235
Fra:1 Mem:137.75M (Peak 137.84M) | Time:00:00.04 | Mem:0.02M, Peak:0.02M | Scene, ViewLayer | Synchronizing object | Limestone paving.238
Fra:1 Mem:137.72M (Peak 137.84M) | Time:00:00.04 | Mem:0.02M, Peak:0.02M | Scene, ViewLayer | Synchronizing object | West colonnade arch vault
Fra:1 Mem:137.74M (Peak 137.84M) | Time:00:00.04 | Mem:0.02M, Peak:0.02M | Scene, ViewLayer | Synchronizing object | Limestone paving.239
Fra:1 Mem:137.78M (Peak 137.84M) | Time:00:00.04 | Mem:0.02M, Peak:0.02M | Scene, ViewLayer | Synchronizing object | Limestone paving.242
Fra:1 Mem:137.97M (Peak 137.97M) | Time:00:00.04 | Mem:0.02M, Peak:0.02M | Scene, ViewLayer | Synchronizing object | Limestone paving.243
Fra:1 Mem:138.13M (Peak 138.13M) | Time:00:00.04 | Mem:0.02M, Peak:0.02M | Scene, ViewLayer | Synchronizing object | Limestone paving.244
Fra:1 Mem:138.16M (Peak 138.16M) | Time:00:00.04 | Mem:0.02M, Peak:0.02M | Scene, ViewLayer | Synchronizing object | Limestone paving.245
Fra:1 Mem:138.23M (Peak 138.23M) | Time:00:00.04 | Mem:0.02M, Peak:0.02M | Scene, ViewLayer | Synchronizing object | Limestone paving.246
Fra:1 Mem:138.20M (Peak 138.23M) | Time:00:00.04 | Mem:0.02M, Peak:0.02M | Scene, ViewLayer | Synchronizing object | Limestone paving.247
Fra:1 Mem:138.26M (Peak 138.26M) | Time:00:00.04 | Mem:0.02M, Peak:0.02M | Scene, ViewLayer | Synchronizing object | Limestone paving.248
Fra:1 Mem:138.32M (Peak 138.33M) | Time:00:00.04 | Mem:0.02M, Peak:0.02M | Scene, ViewLayer | Synchronizing object | Limestone paving.249
Fra:1 Mem:138.29M (Peak 138.33M) | Time:00:00.04 | Mem:0.02M, Peak:0.02M | Scene, ViewLayer | Synchronizing object | Limestone paving.253
Fra:1 Mem:138.31M (Peak 138.33M) | Time:00:00.04 | Mem:0.02M, Peak:0.02M | Scene, ViewLayer | Synchronizing object | Limestone paving.255
Fra:1 Mem:138.36M (Peak 138.36M) | Time:00:00.04 | Mem:0.02M, Peak:0.02M | Scene, ViewLayer | Synchronizing object | Limestone paving.256
Fra:1 Mem:138.37M (Peak 138.37M) | Time:00:00.04 | Mem:0.02M, Peak:0.02M | Scene, ViewLayer | Synchronizing object | Limestone paving.257
Fra:1 Mem:138.36M (Peak 138.37M) | Time:00:00.04 | Mem:0.02M, Peak:0.02M | Scene, ViewLayer | Synchronizing object | Limestone paving.259
Fra:1 Mem:138.41M (Peak 138.41M) | Time:00:00.04 | Mem:0.02M, Peak:0.02M | Scene, ViewLayer | Synchronizing object | Limestone paving.260
Fra:1 Mem:138.49M (Peak 138.49M) | Time:00:00.04 | Mem:0.02M, Peak:0.02M | Scene, ViewLayer | Synchronizing object | Limestone paving.261
Fra:1 Mem:138.55M (Peak 138.55M) | Time:00:00.04 | Mem:0.02M, Peak:0.02M | Scene, ViewLayer | Synchronizing object | Limestone paving.263
Fra:1 Mem:138.53M (Peak 138.55M) | Time:00:00.04 | Mem:0.02M, Peak:0.02M | Scene, ViewLayer | Synchronizing object | Limestone paving.266
Fra:1 Mem:138.63M (Peak 138.63M) | Time:00:00.04 | Mem:0.02M, Peak:0.02M | Scene, ViewLayer | Synchronizing object | North colonnade arch vault.005
Fra:1 Mem:138.68M (Peak 138.68M) | Time:00:00.04 | Mem:0.02M, Peak:0.02M | Scene, ViewLayer | Synchronizing object | Limestone paving.267
Fra:1 Mem:138.70M (Peak 138.70M) | Time:00:00.04 | Mem:0.02M, Peak:0.02M | Scene, ViewLayer | Synchronizing object | Limestone paving.268
Fra:1 Mem:138.82M (Peak 138.82M) | Time:00:00.04 | Mem:0.02M, Peak:0.02M | Scene, ViewLayer | Synchronizing object | Limestone paving.271
Fra:1 Mem:138.89M (Peak 138.89M) | Time:00:00.04 | Mem:0.02M, Peak:0.02M | Scene, ViewLayer | Synchronizing object | Limestone paving.275
Fra:1 Mem:138.99M (Peak 138.99M) | Time:00:00.04 | Mem:0.02M, Peak:0.02M | Scene, ViewLayer | Synchronizing object | Limestone paving.277
Fra:1 Mem:139.06M (Peak 139.06M) | Time:00:00.04 | Mem:0.02M, Peak:0.02M | Scene, ViewLayer | Synchronizing object | Limestone paving.278
Fra:1 Mem:139.09M (Peak 139.09M) | Time:00:00.04 | Mem:0.02M, Peak:0.02M | Scene, ViewLayer | Synchronizing object | Limestone paving.280
Fra:1 Mem:139.01M (Peak 139.09M) | Time:00:00.04 | Mem:0.02M, Peak:0.02M | Scene, ViewLayer | Synchronizing object | Limestone paving.281
Fra:1 Mem:139.07M (Peak 139.09M) | Time:00:00.04 | Mem:0.02M, Peak:0.02M | Scene, ViewLayer | Synchronizing object | Limestone paving.282
Fra:1 Mem:139.06M (Peak 139.09M) | Time:00:00.04 | Mem:0.02M, Peak:0.02M | Scene, ViewLayer | Synchronizing object | Limestone paving.284
Fra:1 Mem:139.12M (Peak 139.12M) | Time:00:00.04 | Mem:0.02M, Peak:0.02M | Scene, ViewLayer | Synchronizing object | Limestone paving.286
Fra:1 Mem:139.16M (Peak 139.16M) | Time:00:00.04 | Mem:0.02M, Peak:0.02M | Scene, ViewLayer | Synchronizing object | Limestone paving.287
Fra:1 Mem:139.27M (Peak 139.27M) | Time:00:00.04 | Mem:0.02M, Peak:0.02M | Scene, ViewLayer | Synchronizing object | Limestone paving.288
Fra:1 Mem:139.31M (Peak 139.31M) | Time:00:00.04 | Mem:0.02M, Peak:0.02M | Scene, ViewLayer | Synchronizing object | Limestone paving.289
Fra:1 Mem:139.39M (Peak 139.39M) | Time:00:00.04 | Mem:0.02M, Peak:0.02M | Scene, ViewLayer | Synchronizing object | Limestone paving.291
Fra:1 Mem:139.44M (Peak 139.44M) | Time:00:00.04 | Mem:0.02M, Peak:0.02M | Scene, ViewLayer | Synchronizing object | Limestone paving.292
Fra:1 Mem:139.46M (Peak 139.46M) | Time:00:00.04 | Mem:0.02M, Peak:0.02M | Scene, ViewLayer | Synchronizing object | Limestone paving.293
Fra:1 Mem:139.43M (Peak 139.46M) | Time:00:00.04 | Mem:0.02M, Peak:0.02M | Scene, ViewLayer | Synchronizing object | North colonnade arch vault.004
Fra:1 Mem:139.43M (Peak 139.46M) | Time:00:00.04 | Mem:0.02M, Peak:0.02M | Scene, ViewLayer | Synchronizing object | Limestone paving.294
Fra:1 Mem:139.47M (Peak 139.47M) | Time:00:00.04 | Mem:0.02M, Peak:0.02M | Scene, ViewLayer | Synchronizing object | Limestone paving.295
Fra:1 Mem:139.49M (Peak 139.49M) | Time:00:00.04 | Mem:0.02M, Peak:0.02M | Scene, ViewLayer | Synchronizing object | Limestone paving.297
Fra:1 Mem:139.51M (Peak 139.51M) | Time:00:00.04 | Mem:0.02M, Peak:0.02M | Scene, ViewLayer | Synchronizing object | Limestone paving.298
Fra:1 Mem:139.54M (Peak 139.54M) | Time:00:00.04 | Mem:0.02M, Peak:0.02M | Scene, ViewLayer | Synchronizing object | Limestone paving.300
Fra:1 Mem:139.53M (Peak 139.54M) | Time:00:00.04 | Mem:0.02M, Peak:0.02M | Scene, ViewLayer | Synchronizing object | Limestone paving.302
Fra:1 Mem:139.63M (Peak 139.63M) | Time:00:00.04 | Mem:0.02M, Peak:0.02M | Scene, ViewLayer | Synchronizing object | Limestone paving.303
Fra:1 Mem:139.78M (Peak 139.78M) | Time:00:00.04 | Mem:0.02M, Peak:0.02M | Scene, ViewLayer | Synchronizing object | Limestone paving.305
Fra:1 Mem:139.92M (Peak 139.92M) | Time:00:00.04 | Mem:0.02M, Peak:0.02M | Scene, ViewLayer | Synchronizing object | Limestone paving.308
Fra:1 Mem:139.93M (Peak 139.93M) | Time:00:00.04 | Mem:0.02M, Peak:0.02M | Scene, ViewLayer | Synchronizing object | Limestone paving.309
Fra:1 Mem:139.98M (Peak 139.98M) | Time:00:00.04 | Mem:0.02M, Peak:0.02M | Scene, ViewLayer | Synchronizing object | Limestone paving.310
Fra:1 Mem:140.06M (Peak 140.06M) | Time:00:00.04 | Mem:0.02M, Peak:0.02M | Scene, ViewLayer | Synchronizing object | Limestone paving.311
Fra:1 Mem:140.12M (Peak 140.12M) | Time:00:00.04 | Mem:0.02M, Peak:0.02M | Scene, ViewLayer | Synchronizing object | Limestone paving.312
Fra:1 Mem:140.18M (Peak 140.18M) | Time:00:00.04 | Mem:0.02M, Peak:0.02M | Scene, ViewLayer | Synchronizing object | Limestone paving.313
Fra:1 Mem:140.11M (Peak 140.18M) | Time:00:00.04 | Mem:0.02M, Peak:0.02M | Scene, ViewLayer | Synchronizing object | Limestone paving.314
Fra:1 Mem:140.18M (Peak 140.18M) | Time:00:00.04 | Mem:0.02M, Peak:0.02M | Scene, ViewLayer | Synchronizing object | Limestone paving.317
Fra:1 Mem:140.17M (Peak 140.18M) | Time:00:00.04 | Mem:0.02M, Peak:0.02M | Scene, ViewLayer | Synchronizing object | Limestone paving.318
Fra:1 Mem:140.17M (Peak 140.18M) | Time:00:00.04 | Mem:0.02M, Peak:0.02M | Scene, ViewLayer | Synchronizing object | Limestone paving.320
Fra:1 Mem:140.26M (Peak 140.26M) | Time:00:00.04 | Mem:0.02M, Peak:0.02M | Scene, ViewLayer | Synchronizing object | Limestone paving.321
Fra:1 Mem:140.47M (Peak 140.47M) | Time:00:00.04 | Mem:0.02M, Peak:0.02M | Scene, ViewLayer | Synchronizing object | Limestone paving.322
Fra:1 Mem:140.26M (Peak 140.47M) | Time:00:00.04 | Mem:0.02M, Peak:0.02M | Scene, ViewLayer | Synchronizing object | North colonnade arch vault.003
Fra:1 Mem:140.31M (Peak 140.47M) | Time:00:00.04 | Mem:0.02M, Peak:0.02M | Scene, ViewLayer | Synchronizing object | Limestone paving.324
Fra:1 Mem:140.33M (Peak 140.47M) | Time:00:00.04 | Mem:0.02M, Peak:0.02M | Scene, ViewLayer | Synchronizing object | Limestone paving.326
Fra:1 Mem:140.52M (Peak 140.52M) | Time:00:00.04 | Mem:0.02M, Peak:0.02M | Scene, ViewLayer | Synchronizing object | Limestone paving.327
Fra:1 Mem:140.59M (Peak 140.59M) | Time:00:00.04 | Mem:0.02M, Peak:0.02M | Scene, ViewLayer | Synchronizing object | Limestone paving.329
Fra:1 Mem:140.67M (Peak 140.67M) | Time:00:00.04 | Mem:0.02M, Peak:0.02M | Scene, ViewLayer | Synchronizing object | Limestone paving.332
Fra:1 Mem:140.59M (Peak 140.67M) | Time:00:00.04 | Mem:0.02M, Peak:0.02M | Scene, ViewLayer | Synchronizing object | Limestone paving.335
Fra:1 Mem:140.66M (Peak 140.67M) | Time:00:00.04 | Mem:0.02M, Peak:0.02M | Scene, ViewLayer | Synchronizing object | Limestone paving.336
Fra:1 Mem:140.74M (Peak 140.74M) | Time:00:00.04 | Mem:0.02M, Peak:0.02M | Scene, ViewLayer | Synchronizing object | Limestone paving.337
Fra:1 Mem:140.72M (Peak 140.74M) | Time:00:00.04 | Mem:0.02M, Peak:0.02M | Scene, ViewLayer | Synchronizing object | Limestone paving.339
Fra:1 Mem:140.73M (Peak 140.74M) | Time:00:00.04 | Mem:0.02M, Peak:0.02M | Scene, ViewLayer | Synchronizing object | Limestone paving.340
Fra:1 Mem:140.80M (Peak 140.83M) | Time:00:00.04 | Mem:0.02M, Peak:0.02M | Scene, ViewLayer | Synchronizing object | Limestone paving.341
Fra:1 Mem:140.78M (Peak 140.83M) | Time:00:00.04 | Mem:0.02M, Peak:0.02M | Scene, ViewLayer | Synchronizing object | Limestone paving.342
Fra:1 Mem:140.95M (Peak 140.95M) | Time:00:00.04 | Mem:0.02M, Peak:0.02M | Scene, ViewLayer | Synchronizing object | Limestone paving.344
Fra:1 Mem:140.82M (Peak 140.95M) | Time:00:00.04 | Mem:0.02M, Peak:0.02M | Scene, ViewLayer | Synchronizing object | North colonnade arch vault.002
Fra:1 Mem:140.85M (Peak 140.95M) | Time:00:00.04 | Mem:0.02M, Peak:0.02M | Scene, ViewLayer | Synchronizing object | Limestone paving.347
Fra:1 Mem:140.92M (Peak 140.95M) | Time:00:00.04 | Mem:0.02M, Peak:0.02M | Scene, ViewLayer | Synchronizing object | Limestone paving.348
Fra:1 Mem:141.25M (Peak 141.25M) | Time:00:00.04 | Mem:0.02M, Peak:0.02M | Scene, ViewLayer | Synchronizing object | Limestone paving.349
Fra:1 Mem:141.14M (Peak 141.25M) | Time:00:00.04 | Mem:0.02M, Peak:0.02M | Scene, ViewLayer | Synchronizing object | Limestone paving.350
Fra:1 Mem:141.20M (Peak 141.25M) | Time:00:00.04 | Mem:0.02M, Peak:0.02M | Scene, ViewLayer | Synchronizing object | Limestone paving.353
Fra:1 Mem:141.18M (Peak 141.25M) | Time:00:00.04 | Mem:0.02M, Peak:0.02M | Scene, ViewLayer | Synchronizing object | Limestone paving.354
Fra:1 Mem:141.18M (Peak 141.25M) | Time:00:00.04 | Mem:0.02M, Peak:0.02M | Scene, ViewLayer | Synchronizing object | Limestone paving.355
Fra:1 Mem:141.50M (Peak 141.50M) | Time:00:00.04 | Mem:0.02M, Peak:0.02M | Scene, ViewLayer | Synchronizing object | Limestone paving.356
Fra:1 Mem:141.46M (Peak 141.50M) | Time:00:00.04 | Mem:0.02M, Peak:0.02M | Scene, ViewLayer | Synchronizing object | Limestone paving.357
Fra:1 Mem:141.49M (Peak 141.50M) | Time:00:00.04 | Mem:0.02M, Peak:0.02M | Scene, ViewLayer | Synchronizing object | Limestone paving.358
Fra:1 Mem:141.55M (Peak 141.55M) | Time:00:00.04 | Mem:0.02M, Peak:0.02M | Scene, ViewLayer | Synchronizing object | Limestone paving.360
Fra:1 Mem:141.56M (Peak 141.56M) | Time:00:00.04 | Mem:0.02M, Peak:0.02M | Scene, ViewLayer | Synchronizing object | Limestone paving.361
Fra:1 Mem:141.64M (Peak 141.64M) | Time:00:00.04 | Mem:0.02M, Peak:0.02M | Scene, ViewLayer | Synchronizing object | Limestone paving.362
Fra:1 Mem:141.75M (Peak 141.75M) | Time:00:00.04 | Mem:0.02M, Peak:0.02M | Scene, ViewLayer | Synchronizing object | Limestone paving.365
Fra:1 Mem:141.59M (Peak 141.75M) | Time:00:00.04 | Mem:0.02M, Peak:0.02M | Scene, ViewLayer | Synchronizing object | Limestone paving.366
Fra:1 Mem:141.61M (Peak 141.75M) | Time:00:00.04 | Mem:0.02M, Peak:0.02M | Scene, ViewLayer | Synchronizing object | Limestone paving.369
Fra:1 Mem:141.61M (Peak 141.75M) | Time:00:00.04 | Mem:0.02M, Peak:0.02M | Scene, ViewLayer | Synchronizing object | Limestone paving.372
Fra:1 Mem:141.64M (Peak 141.75M) | Time:00:00.04 | Mem:0.02M, Peak:0.02M | Scene, ViewLayer | Synchronizing object | Limestone paving.373
Fra:1 Mem:141.73M (Peak 141.75M) | Time:00:00.04 | Mem:0.02M, Peak:0.02M | Scene, ViewLayer | Synchronizing object | Limestone paving.374
Fra:1 Mem:141.80M (Peak 141.80M) | Time:00:00.04 | Mem:0.02M, Peak:0.02M | Scene, ViewLayer | Synchronizing object | Limestone paving.376
Fra:1 Mem:141.85M (Peak 141.85M) | Time:00:00.04 | Mem:0.02M, Peak:0.02M | Scene, ViewLayer | Synchronizing object | Limestone paving.378
Fra:1 Mem:141.84M (Peak 141.85M) | Time:00:00.04 | Mem:0.02M, Peak:0.02M | Scene, ViewLayer | Synchronizing object | Limestone paving.379
Fra:1 Mem:141.90M (Peak 141.90M) | Time:00:00.04 | Mem:0.02M, Peak:0.02M | Scene, ViewLayer | Synchronizing object | Limestone paving.380
Fra:1 Mem:141.93M (Peak 141.93M) | Time:00:00.04 | Mem:0.02M, Peak:0.02M | Scene, ViewLayer | Synchronizing object | Limestone paving.381
Fra:1 Mem:142.07M (Peak 142.07M) | Time:00:00.04 | Mem:0.02M, Peak:0.02M | Scene, ViewLayer | Synchronizing object | Limestone paving.383
Fra:1 Mem:142.01M (Peak 142.07M) | Time:00:00.04 | Mem:0.02M, Peak:0.02M | Scene, ViewLayer | Synchronizing object | Limestone paving.385
Fra:1 Mem:142.21M (Peak 142.21M) | Time:00:00.04 | Mem:0.02M, Peak:0.02M | Scene, ViewLayer | Synchronizing object | Limestone paving.391
Fra:1 Mem:142.20M (Peak 142.21M) | Time:00:00.04 | Mem:0.02M, Peak:0.02M | Scene, ViewLayer | Synchronizing object | Limestone paving.392
Fra:1 Mem:142.21M (Peak 142.21M) | Time:00:00.04 | Mem:0.02M, Peak:0.02M | Scene, ViewLayer | Synchronizing object | Limestone paving.393
Fra:1 Mem:142.36M (Peak 142.36M) | Time:00:00.04 | Mem:0.02M, Peak:0.02M | Scene, ViewLayer | Synchronizing object | Limestone paving.394
Fra:1 Mem:142.39M (Peak 142.39M) | Time:00:00.04 | Mem:0.02M, Peak:0.02M | Scene, ViewLayer | Synchronizing object | Limestone paving.395
Fra:1 Mem:142.39M (Peak 142.39M) | Time:00:00.04 | Mem:0.02M, Peak:0.02M | Scene, ViewLayer | Synchronizing object | Limestone paving.397
Fra:1 Mem:142.42M (Peak 142.42M) | Time:00:00.04 | Mem:0.02M, Peak:0.02M | Scene, ViewLayer | Synchronizing object | Limestone paving.398
Fra:1 Mem:142.51M (Peak 142.51M) | Time:00:00.04 | Mem:0.02M, Peak:0.02M | Scene, ViewLayer | Synchronizing object | Limestone paving.399
Fra:1 Mem:142.58M (Peak 142.58M) | Time:00:00.04 | Mem:0.02M, Peak:0.02M | Scene, ViewLayer | Synchronizing object | Limestone paving.400
Fra:1 Mem:142.60M (Peak 142.60M) | Time:00:00.04 | Mem:0.02M, Peak:0.02M | Scene, ViewLayer | Synchronizing object | Limestone paving.401
Fra:1 Mem:142.66M (Peak 142.66M) | Time:00:00.04 | Mem:0.02M, Peak:0.02M | Scene, ViewLayer | Synchronizing object | Limestone paving.403
Fra:1 Mem:142.63M (Peak 142.66M) | Time:00:00.04 | Mem:0.02M, Peak:0.02M | Scene, ViewLayer | Synchronizing object | Limestone paving.405
Fra:1 Mem:142.69M (Peak 142.69M) | Time:00:00.04 | Mem:0.02M, Peak:0.02M | Scene, ViewLayer | Synchronizing object | Limestone paving.406
Fra:1 Mem:142.77M (Peak 142.77M) | Time:00:00.04 | Mem:0.02M, Peak:0.02M | Scene, ViewLayer | Synchronizing object | Limestone paving.408
Fra:1 Mem:142.75M (Peak 142.77M) | Time:00:00.04 | Mem:0.02M, Peak:0.02M | Scene, ViewLayer | Synchronizing object | Limestone paving.409
Fra:1 Mem:142.77M (Peak 142.77M) | Time:00:00.04 | Mem:0.02M, Peak:0.02M | Scene, ViewLayer | Synchronizing object | North colonnade arch vault
Fra:1 Mem:142.78M (Peak 142.78M) | Time:00:00.04 | Mem:0.02M, Peak:0.02M | Scene, ViewLayer | Synchronizing object | Limestone paving.412
Fra:1 Mem:142.78M (Peak 142.78M) | Time:00:00.04 | Mem:0.02M, Peak:0.02M | Scene, ViewLayer | Synchronizing object | Limestone paving.414
Fra:1 Mem:142.84M (Peak 142.84M) | Time:00:00.04 | Mem:0.02M, Peak:0.02M | Scene, ViewLayer | Synchronizing object | Limestone paving.417
Fra:1 Mem:142.80M (Peak 142.84M) | Time:00:00.04 | Mem:0.02M, Peak:0.02M | Scene, ViewLayer | Synchronizing object | Limestone paving.418
Fra:1 Mem:142.84M (Peak 142.84M) | Time:00:00.04 | Mem:0.02M, Peak:0.02M | Scene, ViewLayer | Synchronizing object | Limestone paving.420
Fra:1 Mem:142.90M (Peak 142.90M) | Time:00:00.04 | Mem:0.02M, Peak:0.02M | Scene, ViewLayer | Synchronizing object | Limestone paving.421
Fra:1 Mem:142.92M (Peak 142.92M) | Time:00:00.04 | Mem:0.02M, Peak:0.02M | Scene, ViewLayer | Synchronizing object | Limestone paving.422
Fra:1 Mem:142.94M (Peak 142.94M) | Time:00:00.04 | Mem:0.02M, Peak:0.02M | Scene, ViewLayer | Synchronizing object | Limestone paving.424
Fra:1 Mem:142.93M (Peak 142.94M) | Time:00:00.04 | Mem:0.02M, Peak:0.02M | Scene, ViewLayer | Synchronizing object | Limestone paving.425
Fra:1 Mem:142.99M (Peak 142.99M) | Time:00:00.04 | Mem:0.02M, Peak:0.02M | Scene, ViewLayer | Synchronizing object | Limestone paving.426
Fra:1 Mem:143.04M (Peak 143.04M) | Time:00:00.04 | Mem:0.02M, Peak:0.02M | Scene, ViewLayer | Synchronizing object | Limestone paving.427
Fra:1 Mem:143.08M (Peak 143.08M) | Time:00:00.04 | Mem:0.02M, Peak:0.02M | Scene, ViewLayer | Synchronizing object | Limestone paving.428
Fra:1 Mem:143.10M (Peak 143.10M) | Time:00:00.04 | Mem:0.02M, Peak:0.02M | Scene, ViewLayer | Synchronizing object | Limestone paving.429
Fra:1 Mem:143.12M (Peak 143.12M) | Time:00:00.04 | Mem:0.02M, Peak:0.02M | Scene, ViewLayer | Synchronizing object | Limestone paving.431
Fra:1 Mem:143.17M (Peak 143.17M) | Time:00:00.04 | Mem:0.02M, Peak:0.02M | Scene, ViewLayer | Synchronizing object | Limestone paving.432
Fra:1 Mem:143.20M (Peak 143.20M) | Time:00:00.04 | Mem:0.02M, Peak:0.02M | Scene, ViewLayer | Synchronizing object | Limestone paving.433
Fra:1 Mem:143.24M (Peak 143.24M) | Time:00:00.04 | Mem:0.02M, Peak:0.02M | Scene, ViewLayer | Synchronizing object | Limestone paving.435
Fra:1 Mem:143.28M (Peak 143.28M) | Time:00:00.04 | Mem:0.02M, Peak:0.02M | Scene, ViewLayer | Synchronizing object | Limestone paving.436
Fra:1 Mem:143.45M (Peak 143.45M) | Time:00:00.04 | Mem:0.02M, Peak:0.02M | Scene, ViewLayer | Synchronizing object | Limestone paving.437
Fra:1 Mem:143.54M (Peak 143.54M) | Time:00:00.04 | Mem:0.02M, Peak:0.02M | Scene, ViewLayer | Synchronizing object | Limestone paving.438
Fra:1 Mem:143.54M (Peak 143.54M) | Time:00:00.04 | Mem:0.02M, Peak:0.02M | Scene, ViewLayer | Synchronizing object | Limestone paving.439
Fra:1 Mem:143.56M (Peak 143.56M) | Time:00:00.04 | Mem:0.02M, Peak:0.02M | Scene, ViewLayer | Synchronizing object | Limestone paving.440
Fra:1 Mem:143.59M (Peak 143.59M) | Time:00:00.04 | Mem:0.02M, Peak:0.02M | Scene, ViewLayer | Synchronizing object | Limestone paving.441
Fra:1 Mem:143.75M (Peak 143.75M) | Time:00:00.04 | Mem:0.02M, Peak:0.02M | Scene, ViewLayer | Synchronizing object | Limestone paving.442
Fra:1 Mem:143.75M (Peak 143.75M) | Time:00:00.04 | Mem:0.02M, Peak:0.02M | Scene, ViewLayer | Synchronizing object | Limestone paving.443
Fra:1 Mem:143.79M (Peak 143.79M) | Time:00:00.04 | Mem:0.02M, Peak:0.02M | Scene, ViewLayer | Synchronizing object | Limestone paving.445
Fra:1 Mem:143.74M (Peak 143.79M) | Time:00:00.04 | Mem:0.02M, Peak:0.02M | Scene, ViewLayer | Synchronizing object | Limestone paving.447
Fra:1 Mem:143.77M (Peak 143.79M) | Time:00:00.04 | Mem:0.02M, Peak:0.02M | Scene, ViewLayer | Synchronizing object | Limestone paving.448
Fra:1 Mem:143.80M (Peak 143.80M) | Time:00:00.04 | Mem:0.02M, Peak:0.02M | Scene, ViewLayer | Synchronizing object | Limestone paving.449
Fra:1 Mem:143.91M (Peak 143.91M) | Time:00:00.04 | Mem:0.02M, Peak:0.02M | Scene, ViewLayer | Synchronizing object | Limestone paving.451
Fra:1 Mem:143.86M (Peak 143.91M) | Time:00:00.04 | Mem:0.02M, Peak:0.02M | Scene, ViewLayer | Synchronizing object | Continuous stair soffit.003
Fra:1 Mem:143.89M (Peak 143.91M) | Time:00:00.04 | Mem:0.02M, Peak:0.02M | Scene, ViewLayer | Synchronizing object | Limestone paving.454
Fra:1 Mem:143.91M (Peak 143.91M) | Time:00:00.04 | Mem:0.02M, Peak:0.02M | Scene, ViewLayer | Synchronizing object | Limestone paving.455
Fra:1 Mem:143.99M (Peak 143.99M) | Time:00:00.04 | Mem:0.02M, Peak:0.02M | Scene, ViewLayer | Synchronizing object | Limestone paving.456
Fra:1 Mem:144.03M (Peak 144.03M) | Time:00:00.04 | Mem:0.02M, Peak:0.02M | Scene, ViewLayer | Synchronizing object | Limestone paving.459
Fra:1 Mem:144.11M (Peak 144.11M) | Time:00:00.04 | Mem:0.02M, Peak:0.02M | Scene, ViewLayer | Synchronizing object | Limestone paving.460
Fra:1 Mem:144.12M (Peak 144.12M) | Time:00:00.04 | Mem:0.02M, Peak:0.02M | Scene, ViewLayer | Synchronizing object | Limestone paving.462
Fra:1 Mem:144.20M (Peak 144.20M) | Time:00:00.04 | Mem:0.02M, Peak:0.02M | Scene, ViewLayer | Synchronizing object | Limestone paving.463
Fra:1 Mem:144.28M (Peak 144.28M) | Time:00:00.04 | Mem:0.02M, Peak:0.02M | Scene, ViewLayer | Synchronizing object | Limestone paving.464
Fra:1 Mem:144.35M (Peak 144.35M) | Time:00:00.04 | Mem:0.02M, Peak:0.02M | Scene, ViewLayer | Synchronizing object | Limestone paving.466
Fra:1 Mem:144.31M (Peak 144.35M) | Time:00:00.04 | Mem:0.02M, Peak:0.02M | Scene, ViewLayer | Synchronizing object | Continuous stair soffit.002
Fra:1 Mem:144.35M (Peak 144.35M) | Time:00:00.04 | Mem:0.02M, Peak:0.02M | Scene, ViewLayer | Synchronizing object | Limestone paving.469
Fra:1 Mem:144.32M (Peak 144.35M) | Time:00:00.04 | Mem:0.02M, Peak:0.02M | Scene, ViewLayer | Synchronizing object | Limestone paving.470
Fra:1 Mem:144.36M (Peak 144.36M) | Time:00:00.04 | Mem:0.02M, Peak:0.02M | Scene, ViewLayer | Synchronizing object | Limestone paving.475
Fra:1 Mem:144.40M (Peak 144.40M) | Time:00:00.04 | Mem:0.02M, Peak:0.02M | Scene, ViewLayer | Synchronizing object | Limestone paving.476
Fra:1 Mem:144.43M (Peak 144.42M) | Time:00:00.04 | Mem:0.02M, Peak:0.02M | Scene, ViewLayer | Synchronizing object | Continuous stair soffit.001
Fra:1 Mem:144.44M (Peak 144.44M) | Time:00:00.04 | Mem:0.02M, Peak:0.02M | Scene, ViewLayer | Synchronizing object | Limestone paving.478
Fra:1 Mem:144.53M (Peak 144.53M) | Time:00:00.04 | Mem:0.02M, Peak:0.02M | Scene, ViewLayer | Synchronizing object | Limestone paving.479
Fra:1 Mem:144.55M (Peak 144.55M) | Time:00:00.04 | Mem:0.02M, Peak:0.02M | Scene, ViewLayer | Synchronizing object | Limestone paving.480
Fra:1 Mem:144.61M (Peak 144.61M) | Time:00:00.04 | Mem:0.02M, Peak:0.02M | Scene, ViewLayer | Synchronizing object | Limestone paving.482
Fra:1 Mem:144.60M (Peak 144.61M) | Time:00:00.04 | Mem:0.02M, Peak:0.02M | Scene, ViewLayer | Synchronizing object | Limestone paving.483
Fra:1 Mem:144.61M (Peak 144.61M) | Time:00:00.04 | Mem:0.02M, Peak:0.02M | Scene, ViewLayer | Synchronizing object | Limestone paving.484
Fra:1 Mem:144.71M (Peak 144.71M) | Time:00:00.04 | Mem:0.02M, Peak:0.02M | Scene, ViewLayer | Synchronizing object | Limestone paving.485
Fra:1 Mem:144.79M (Peak 144.79M) | Time:00:00.04 | Mem:0.02M, Peak:0.02M | Scene, ViewLayer | Synchronizing object | Limestone paving.486
Fra:1 Mem:144.83M (Peak 144.84M) | Time:00:00.04 | Mem:0.02M, Peak:0.02M | Scene, ViewLayer | Synchronizing object | Limestone paving.487
Fra:1 Mem:144.86M (Peak 144.86M) | Time:00:00.04 | Mem:0.02M, Peak:0.02M | Scene, ViewLayer | Synchronizing object | Limestone paving.488
Fra:1 Mem:144.91M (Peak 144.91M) | Time:00:00.04 | Mem:0.02M, Peak:0.02M | Scene, ViewLayer | Synchronizing object | Limestone paving.489
Fra:1 Mem:144.91M (Peak 144.91M) | Time:00:00.04 | Mem:0.02M, Peak:0.02M | Scene, ViewLayer | Synchronizing object | Pool side
Fra:1 Mem:144.91M (Peak 144.91M) | Time:00:00.04 | Mem:0.02M, Peak:0.02M | Scene, ViewLayer | Synchronizing object | North colonnade pier
Fra:1 Mem:144.93M (Peak 144.93M) | Time:00:00.04 | Mem:0.02M, Peak:0.02M | Scene, ViewLayer | Synchronizing object | North colonnade stone base.001
Fra:1 Mem:144.98M (Peak 144.98M) | Time:00:00.04 | Mem:0.02M, Peak:0.02M | Scene, ViewLayer | Synchronizing object | North colonnade pier.002
Fra:1 Mem:145.03M (Peak 145.03M) | Time:00:00.04 | Mem:0.02M, Peak:0.02M | Scene, ViewLayer | Synchronizing object | North colonnade stone base.002
Fra:1 Mem:145.08M (Peak 145.08M) | Time:00:00.04 | Mem:0.02M, Peak:0.02M | Scene, ViewLayer | Synchronizing object | North colonnade cornice.001
Fra:1 Mem:145.17M (Peak 145.17M) | Time:00:00.04 | Mem:0.02M, Peak:0.02M | Scene, ViewLayer | Synchronizing object | North colonnade pier.004
Fra:1 Mem:145.27M (Peak 145.27M) | Time:00:00.04 | Mem:0.02M, Peak:0.02M | Scene, ViewLayer | Synchronizing object | North colonnade pier.005
Fra:1 Mem:145.23M (Peak 145.27M) | Time:00:00.04 | Mem:0.02M, Peak:0.02M | Scene, ViewLayer | Synchronizing object | North colonnade cornice.002
Fra:1 Mem:145.24M (Peak 145.27M) | Time:00:00.04 | Mem:0.02M, Peak:0.02M | Scene, ViewLayer | Synchronizing object | North colonnade stone base.007
Fra:1 Mem:145.28M (Peak 145.28M) | Time:00:00.04 | Mem:0.02M, Peak:0.02M | Scene, ViewLayer | Synchronizing object | North colonnade cornice.003
Fra:1 Mem:145.27M (Peak 145.28M) | Time:00:00.04 | Mem:0.02M, Peak:0.02M | Scene, ViewLayer | Synchronizing object | North colonnade pier.008
Fra:1 Mem:145.37M (Peak 145.37M) | Time:00:00.04 | Mem:0.02M, Peak:0.02M | Scene, ViewLayer | Synchronizing object | North colonnade stone base.008
Fra:1 Mem:145.42M (Peak 145.42M) | Time:00:00.04 | Mem:0.02M, Peak:0.02M | Scene, ViewLayer | Synchronizing object | North colonnade pier.009
Fra:1 Mem:145.44M (Peak 145.44M) | Time:00:00.04 | Mem:0.02M, Peak:0.02M | Scene, ViewLayer | Synchronizing object | North colonnade stone base.009
Fra:1 Mem:145.48M (Peak 145.48M) | Time:00:00.04 | Mem:0.02M, Peak:0.02M | Scene, ViewLayer | Synchronizing object | North colonnade cornice.004
Fra:1 Mem:145.50M (Peak 145.50M) | Time:00:00.04 | Mem:0.02M, Peak:0.02M | Scene, ViewLayer | Synchronizing object | North colonnade pier.010
Fra:1 Mem:145.53M (Peak 145.53M) | Time:00:00.04 | Mem:0.02M, Peak:0.02M | Scene, ViewLayer | Synchronizing object | North colonnade stone base.010
Fra:1 Mem:145.58M (Peak 145.58M) | Time:00:00.04 | Mem:0.02M, Peak:0.02M | Scene, ViewLayer | Synchronizing object | North colonnade stone base.011
Fra:1 Mem:145.60M (Peak 145.60M) | Time:00:00.04 | Mem:0.02M, Peak:0.02M | Scene, ViewLayer | Synchronizing object | North colonnade cornice.005
Fra:1 Mem:145.56M (Peak 145.60M) | Time:00:00.04 | Mem:0.02M, Peak:0.02M | Scene, ViewLayer | Synchronizing object | West colonnade pier.001
Fra:1 Mem:145.61M (Peak 145.61M) | Time:00:00.04 | Mem:0.02M, Peak:0.02M | Scene, ViewLayer | Synchronizing object | West colonnade stone base.001
Fra:1 Mem:145.64M (Peak 145.64M) | Time:00:00.04 | Mem:0.02M, Peak:0.02M | Scene, ViewLayer | Synchronizing object | West colonnade cornice
Fra:1 Mem:145.70M (Peak 145.70M) | Time:00:00.04 | Mem:0.02M, Peak:0.02M | Scene, ViewLayer | Synchronizing object | West colonnade pier.002
Fra:1 Mem:145.74M (Peak 145.74M) | Time:00:00.04 | Mem:0.02M, Peak:0.02M | Scene, ViewLayer | Synchronizing object | West colonnade pier.003
Fra:1 Mem:145.76M (Peak 145.76M) | Time:00:00.04 | Mem:0.02M, Peak:0.02M | Scene, ViewLayer | Synchronizing object | West colonnade cornice.001
Fra:1 Mem:145.80M (Peak 145.80M) | Time:00:00.04 | Mem:0.02M, Peak:0.02M | Scene, ViewLayer | Synchronizing object | West colonnade stone base.004
Fra:1 Mem:145.92M (Peak 145.92M) | Time:00:00.04 | Mem:0.02M, Peak:0.02M | Scene, ViewLayer | Synchronizing object | West colonnade stone base.005
Fra:1 Mem:145.95M (Peak 145.95M) | Time:00:00.04 | Mem:0.02M, Peak:0.02M | Scene, ViewLayer | Synchronizing object | West colonnade cornice.002
Fra:1 Mem:145.99M (Peak 145.99M) | Time:00:00.04 | Mem:0.02M, Peak:0.02M | Scene, ViewLayer | Synchronizing object | West colonnade pier.006
Fra:1 Mem:146.07M (Peak 146.07M) | Time:00:00.04 | Mem:0.02M, Peak:0.02M | Scene, ViewLayer | Synchronizing object | West colonnade stone base.006
Fra:1 Mem:146.13M (Peak 146.13M) | Time:00:00.04 | Mem:0.02M, Peak:0.02M | Scene, ViewLayer | Synchronizing object | West colonnade pier.007
Fra:1 Mem:146.09M (Peak 146.13M) | Time:00:00.04 | Mem:0.02M, Peak:0.02M | Scene, ViewLayer | Synchronizing object | West colonnade stone base.007
Fra:1 Mem:146.14M (Peak 146.14M) | Time:00:00.04 | Mem:0.02M, Peak:0.02M | Scene, ViewLayer | Synchronizing object | West colonnade pier.008
Fra:1 Mem:146.12M (Peak 146.14M) | Time:00:00.04 | Mem:0.02M, Peak:0.02M | Scene, ViewLayer | Synchronizing object | West colonnade pier.009
Fra:1 Mem:146.19M (Peak 146.19M) | Time:00:00.04 | Mem:0.02M, Peak:0.02M | Scene, ViewLayer | Synchronizing object | West colonnade cornice.004
Fra:1 Mem:146.18M (Peak 146.19M) | Time:00:00.04 | Mem:0.02M, Peak:0.02M | Scene, ViewLayer | Synchronizing object | West inner wall
Fra:1 Mem:146.19M (Peak 146.19M) | Time:00:00.04 | Mem:0.02M, Peak:0.02M | Scene, ViewLayer | Synchronizing object | North portico ceiling
Fra:1 Mem:146.24M (Peak 146.24M) | Time:00:00.04 | Mem:0.02M, Peak:0.02M | Scene, ViewLayer | Synchronizing object | West portico ceiling
Fra:1 Mem:146.26M (Peak 146.26M) | Time:00:00.04 | Mem:0.02M, Peak:0.02M | Scene, ViewLayer | Synchronizing object | Door bronze mullion
Fra:1 Mem:146.28M (Peak 146.28M) | Time:00:00.04 | Mem:0.02M, Peak:0.02M | Scene, ViewLayer | Synchronizing object | Door bronze transom
Fra:1 Mem:146.33M (Peak 146.33M) | Time:00:00.04 | Mem:0.02M, Peak:0.02M | Scene, ViewLayer | Synchronizing object | Door bronze transom.001
Fra:1 Mem:146.36M (Peak 146.36M) | Time:00:00.04 | Mem:0.02M, Peak:0.02M | Scene, ViewLayer | Synchronizing object | Glass door.001
Fra:1 Mem:146.55M (Peak 146.55M) | Time:00:00.04 | Mem:0.02M, Peak:0.02M | Scene, ViewLayer | Synchronizing object | Door bronze mullion.003
Fra:1 Mem:146.65M (Peak 146.65M) | Time:00:00.04 | Mem:0.02M, Peak:0.02M | Scene, ViewLayer | Synchronizing object | Door bronze mullion.004
Fra:1 Mem:146.66M (Peak 146.66M) | Time:00:00.04 | Mem:0.02M, Peak:0.02M | Scene, ViewLayer | Synchronizing object | Door bronze mullion.005
Fra:1 Mem:146.74M (Peak 146.74M) | Time:00:00.04 | Mem:0.02M, Peak:0.02M | Scene, ViewLayer | Synchronizing object | Door bronze transom.002
Fra:1 Mem:146.74M (Peak 146.74M) | Time:00:00.04 | Mem:0.02M, Peak:0.02M | Scene, ViewLayer | Synchronizing object | Door bronze transom.003
Fra:1 Mem:146.75M (Peak 146.75M) | Time:00:00.04 | Mem:0.02M, Peak:0.02M | Scene, ViewLayer | Synchronizing object | Glass door.002
Fra:1 Mem:146.84M (Peak 146.84M) | Time:00:00.04 | Mem:0.02M, Peak:0.02M | Scene, ViewLayer | Synchronizing object | Door bronze mullion.006
Fra:1 Mem:146.83M (Peak 146.84M) | Time:00:00.04 | Mem:0.02M, Peak:0.02M | Scene, ViewLayer | Synchronizing object | Door bronze mullion.007
Fra:1 Mem:147.91M (Peak 147.91M) | Time:00:00.04 | Mem:0.02M, Peak:0.02M | Scene, ViewLayer | Synchronizing object | Door bronze transom.004
Fra:1 Mem:147.94M (Peak 147.94M) | Time:00:00.04 | Mem:0.02M, Peak:0.02M | Scene, ViewLayer | Synchronizing object | Door bronze transom.005
Fra:1 Mem:147.96M (Peak 147.96M) | Time:00:00.04 | Mem:0.02M, Peak:0.02M | Scene, ViewLayer | Synchronizing object | Glass door.003
Fra:1 Mem:147.98M (Peak 147.98M) | Time:00:00.04 | Mem:0.02M, Peak:0.02M | Scene, ViewLayer | Synchronizing object | Door bronze transom.006
Fra:1 Mem:148.06M (Peak 148.06M) | Time:00:00.04 | Mem:0.02M, Peak:0.02M | Scene, ViewLayer | Synchronizing object | Door bronze transom.007
Fra:1 Mem:148.04M (Peak 148.06M) | Time:00:00.04 | Mem:0.02M, Peak:0.02M | Scene, ViewLayer | Synchronizing object | Honed stone bench
Fra:1 Mem:148.07M (Peak 148.07M) | Time:00:00.04 | Mem:0.02M, Peak:0.02M | Scene, ViewLayer | Synchronizing object | Bench pedestal
Fra:1 Mem:152.98M (Peak 152.98M) | Time:00:00.04 | Mem:0.02M, Peak:0.02M | Scene, ViewLayer | Synchronizing object | Bench pedestal.001
Fra:1 Mem:153.01M (Peak 153.01M) | Time:00:00.04 | Mem:0.02M, Peak:0.02M | Scene, ViewLayer | Synchronizing object | Bench pedestal.002
Fra:1 Mem:153.06M (Peak 153.06M) | Time:00:00.04 | Mem:0.02M, Peak:0.02M | Scene, ViewLayer | Synchronizing object | Bench pedestal.003
Fra:1 Mem:153.11M (Peak 153.11M) | Time:00:00.04 | Mem:0.02M, Peak:0.02M | Scene, ViewLayer | Synchronizing object | potted_plant_01_stem
Fra:1 Mem:153.15M (Peak 153.15M) | Time:00:00.04 | Mem:0.02M, Peak:0.02M | Scene, ViewLayer | Synchronizing object | potted_plant_01_pebbles
Fra:1 Mem:153.71M (Peak 153.71M) | Time:00:00.04 | Mem:0.02M, Peak:0.02M | Scene, ViewLayer | Synchronizing object | potted_plant_01_pot
Fra:1 Mem:168.08M (Peak 170.52M) | Time:00:00.05 | Mem:0.02M, Peak:0.02M | Scene, ViewLayer | Initializing
Fra:1 Mem:143.43M (Peak 170.52M) | Time:00:00.05 | Mem:0.02M, Peak:0.02M | Scene, ViewLayer | Updating Images | Loading potted_plant_01_leaves_nor_gl.png
Fra:1 Mem:143.43M (Peak 170.52M) | Time:00:00.05 | Mem:0.02M, Peak:0.02M | Scene, ViewLayer | Updating Images | Loading potted_plant_01_leaves_rough.png
Fra:1 Mem:218.08M (Peak 319.49M) | Time:00:00.08 | Mem:96.02M, Peak:96.02M | Scene, ViewLayer | Waiting for render to start
Fra:1 Mem:218.08M (Peak 319.49M) | Time:00:00.08 | Mem:96.02M, Peak:96.02M | Scene, ViewLayer | Updating Scene
Fra:1 Mem:218.08M (Peak 319.49M) | Time:00:00.08 | Mem:96.02M, Peak:96.02M | Scene, ViewLayer | Updating Shaders
Fra:1 Mem:218.17M (Peak 319.49M) | Time:00:00.09 | Mem:96.02M, Peak:96.02M | Scene, ViewLayer | Loading render kernels (may take a few minutes the first time)
Fra:1 Mem:218.16M (Peak 319.49M) | Time:00:00.15 | Mem:96.03M, Peak:96.03M | Scene, ViewLayer | Updating Procedurals
Fra:1 Mem:218.16M (Peak 319.49M) | Time:00:00.15 | Mem:96.03M, Peak:96.03M | Scene, ViewLayer | Updating Background
Fra:1 Mem:218.16M (Peak 319.49M) | Time:00:00.15 | Mem:96.03M, Peak:96.03M | Scene, ViewLayer | Updating Camera
Fra:1 Mem:218.16M (Peak 319.49M) | Time:00:00.15 | Mem:96.03M, Peak:96.03M | Scene, ViewLayer | Updating Meshes Flags
Fra:1 Mem:218.16M (Peak 319.49M) | Time:00:00.15 | Mem:96.03M, Peak:96.03M | Scene, ViewLayer | Updating Objects
Fra:1 Mem:218.16M (Peak 319.49M) | Time:00:00.15 | Mem:96.03M, Peak:96.03M | Scene, ViewLayer | Updating Objects | Copying Transformations to device
Fra:1 Mem:218.17M (Peak 319.49M) | Time:00:00.15 | Mem:96.22M, Peak:96.22M | Scene, ViewLayer | Updating Particle Systems
Fra:1 Mem:218.17M (Peak 319.49M) | Time:00:00.15 | Mem:96.22M, Peak:96.22M | Scene, ViewLayer | Updating Particle Systems | Copying Particles to device
Fra:1 Mem:218.17M (Peak 319.49M) | Time:00:00.15 | Mem:96.22M, Peak:96.22M | Scene, ViewLayer | Updating Meshes
Fra:1 Mem:228.25M (Peak 319.49M) | Time:00:00.19 | Mem:96.22M, Peak:96.22M | Scene, ViewLayer | Updating Objects | Applying Static Transformations
Fra:1 Mem:228.25M (Peak 319.49M) | Time:00:00.19 | Mem:96.22M, Peak:96.22M | Scene, ViewLayer | Updating Mesh | Computing attributes
Fra:1 Mem:245.34M (Peak 319.49M) | Time:00:00.20 | Mem:96.28M, Peak:96.28M | Scene, ViewLayer | Updating Mesh | Copying Attributes to device
Fra:1 Mem:228.25M (Peak 319.49M) | Time:00:00.25 | Mem:113.32M, Peak:113.32M | Scene, ViewLayer | Updating Geometry BVH Cube.001 2/79 | Building BVH
Fra:1 Mem:228.25M (Peak 319.49M) | Time:00:00.25 | Mem:113.32M, Peak:113.32M | Scene, ViewLayer | Updating Geometry BVH Cube.003 4/498 | Building BVH
Fra:1 Mem:228.25M (Peak 319.49M) | Time:00:00.25 | Mem:113.32M, Peak:113.32M | Scene, ViewLayer | Updating Geometry BVH Cube.006 7/558 | Building BVH
Fra:1 Mem:228.25M (Peak 319.49M) | Time:00:00.25 | Mem:113.32M, Peak:113.32M | Scene, ViewLayer | Updating Geometry BVH Cube.016 17/802 | Building BVH
Fra:1 Mem:228.25M (Peak 319.49M) | Time:00:00.25 | Mem:113.32M, Peak:113.32M | Scene, ViewLayer | Updating Geometry BVH Cube.017 18/802 | Building BVH
Fra:1 Mem:228.25M (Peak 319.49M) | Time:00:00.25 | Mem:113.32M, Peak:113.32M | Scene, ViewLayer | Updating Geometry BVH Cube.017 18/802 | Building mesh BLAS |     188 tris | Cube.016
Fra:1 Mem:228.25M (Peak 319.49M) | Time:00:00.25 | Mem:113.32M, Peak:113.32M | Scene, ViewLayer | Updating Geometry BVH Cube.017 18/802 | Building mesh BLAS |     188 tris | Cube.004
Fra:1 Mem:228.25M (Peak 319.49M) | Time:00:00.25 | Mem:113.32M, Peak:113.32M | Scene, ViewLayer | Updating Geometry BVH Cube.017 18/802 | Building mesh BLAS |     188 tris | Cube.008
Fra:1 Mem:228.25M (Peak 319.49M) | Time:00:00.25 | Mem:113.32M, Peak:113.32M | Scene, ViewLayer | Updating Geometry BVH Cube.017 18/802 | Building mesh BLAS |     188 tris | Cube.007
Fra:1 Mem:228.25M (Peak 319.49M) | Time:00:00.25 | Mem:113.32M, Peak:113.32M | Scene, ViewLayer | Updating Geometry BVH Cube.017 18/802 | Building mesh BLAS |     188 tris | Cube.009
Fra:1 Mem:228.25M (Peak 319.49M) | Time:00:00.25 | Mem:113.32M, Peak:113.32M | Scene, ViewLayer | Updating Geometry BVH West colonnade arch vault.004 802/802 | Building mesh BLAS |     188 tris | Cube.011
Fra:1 Mem:228.25M (Peak 319.49M) | Time:00:00.25 | Mem:113.32M, Peak:113.32M | Scene, ViewLayer | Updating Geometry BVH West colonnade arch vault.004 802/802 | Building mesh BLAS |     188 tris | Cube.012
Fra:1 Mem:228.25M (Peak 319.49M) | Time:00:00.25 | Mem:113.32M, Peak:113.32M | Scene, ViewLayer | Updating Geometry BVH West colonnade arch vault.004 802/802 | Building mesh BLAS |     188 tris | Cube.015
Fra:1 Mem:228.25M (Peak 319.49M) | Time:00:00.25 | Mem:113.32M, Peak:113.32M | Scene, ViewLayer | Updating Geometry BVH West colonnade arch vault.004 802/802 | Building mesh BLAS |     188 tris | Cube.005
Fra:1 Mem:228.25M (Peak 319.49M) | Time:00:00.25 | Mem:113.32M, Peak:113.32M | Scene, ViewLayer | Updating Geometry BVH West colonnade arch vault.004 802/802 | Building mesh BLAS |     188 tris | Cube.017
Fra:1 Mem:228.25M (Peak 319.49M) | Time:00:00.25 | Mem:113.32M, Peak:113.32M | Scene, ViewLayer | Updating Geometry BVH West colonnade arch vault.004 802/802 | Building mesh BLAS |     188 tris | Cube.010
Fra:1 Mem:228.25M (Peak 319.49M) | Time:00:00.26 | Mem:113.32M, Peak:113.32M | Scene, ViewLayer | Updating Geometry BVH West colonnade arch vault.004 802/802 | Building mesh BLAS |    1436 tris | West colonnade arch vault.004
Fra:1 Mem:228.25M (Peak 319.49M) | Time:00:00.26 | Mem:113.32M, Peak:113.32M | Scene, ViewLayer | Updating Geometry BVH Cube.018 19/802 | Building BVH
Fra:1 Mem:228.25M (Peak 319.49M) | Time:00:00.26 | Mem:113.32M, Peak:113.32M | Scene, ViewLayer | Updating Geometry BVH Cube.022 23/802 | Building BVH
Fra:1 Mem:228.25M (Peak 319.49M) | Time:00:00.26 | Mem:113.32M, Peak:113.32M | Scene, ViewLayer | Updating Geometry BVH Cube.024 25/802 | Building mesh BLAS |     188 tris | Cube.018
Fra:1 Mem:228.25M (Peak 319.49M) | Time:00:00.26 | Mem:113.32M, Peak:113.32M | Scene, ViewLayer | Updating Geometry BVH Cube.024 25/802 | Building mesh BLAS |     188 tris | Cube.022
Fra:1 Mem:228.25M (Peak 319.49M) | Time:00:00.26 | Mem:113.32M, Peak:113.32M | Scene, ViewLayer | Updating Geometry BVH Cube.026 27/802 | Building BVH
Fra:1 Mem:228.25M (Peak 319.49M) | Time:00:00.26 | Mem:113.32M, Peak:113.32M | Scene, ViewLayer | Updating Geometry BVH Cube.030 31/802 | Building BVH
Fra:1 Mem:228.25M (Peak 319.49M) | Time:00:00.26 | Mem:113.32M, Peak:113.32M | Scene, ViewLayer | Updating Geometry BVH Cube.032 33/802 | Building mesh BLAS |     188 tris | Cube.021
Fra:1 Mem:228.25M (Peak 319.49M) | Time:00:00.26 | Mem:113.32M, Peak:113.32M | Scene, ViewLayer | Updating Geometry BVH Cube.034 35/802 | Building BVH
Fra:1 Mem:228.25M (Peak 319.49M) | Time:00:00.26 | Mem:113.32M, Peak:113.32M | Scene, ViewLayer | Updating Geometry BVH Cube.033 34/802 | Building BVH
Fra:1 Mem:228.25M (Peak 319.49M) | Time:00:00.26 | Mem:113.32M, Peak:113.32M | Scene, ViewLayer | Updating Geometry BVH Cube.033 34/802 | Building mesh BLAS |     188 tris | Cube.034
Fra:1 Mem:228.25M (Peak 319.49M) | Time:00:00.26 | Mem:113.32M, Peak:113.32M | Scene, ViewLayer | Updating Geometry BVH Cube.033 34/802 | Building mesh BLAS |     188 tris | Cube.025
Fra:1 Mem:228.25M (Peak 319.49M) | Time:00:00.26 | Mem:113.32M, Peak:113.32M | Scene, ViewLayer | Updating Geometry BVH Cube.033 34/802 | Building mesh BLAS |     188 tris | Cube.026
Fra:1 Mem:228.25M (Peak 319.49M) | Time:00:00.26 | Mem:113.32M, Peak:113.32M | Scene, ViewLayer | Updating Geometry BVH Cube.033 34/802 | Building mesh BLAS |     188 tris | Cube.019
Fra:1 Mem:228.25M (Peak 319.49M) | Time:00:00.26 | Mem:113.32M, Peak:113.32M | Scene, ViewLayer | Updating Geometry BVH Cube.033 34/802 | Building mesh BLAS |     188 tris | Cube.027
Fra:1 Mem:228.25M (Peak 319.49M) | Time:00:00.26 | Mem:113.32M, Peak:113.32M | Scene, ViewLayer | Updating Geometry BVH Cube.033 34/802 | Building mesh BLAS |     188 tris | Cube.029
Fra:1 Mem:228.25M (Peak 319.49M) | Time:00:00.26 | Mem:113.32M, Peak:113.32M | Scene, ViewLayer | Updating Geometry BVH Cube.033 34/802 | Building mesh BLAS |     188 tris | Cube.030
Fra:1 Mem:228.25M (Peak 319.49M) | Time:00:00.26 | Mem:113.32M, Peak:113.32M | Scene, ViewLayer | Updating Geometry BVH Cube.035 36/802 | Building mesh BLAS |     188 tris | Cube.020
Fra:1 Mem:228.25M (Peak 319.49M) | Time:00:00.26 | Mem:113.32M, Peak:113.32M | Scene, ViewLayer | Updating Geometry BVH Cube.036 37/802 | Building BVH
Fra:1 Mem:228.25M (Peak 319.49M) | Time:00:00.26 | Mem:113.32M, Peak:113.32M | Scene, ViewLayer | Updating Geometry BVH Cube.036 37/802 | Building mesh BLAS |     188 tris | Cube.036
Fra:1 Mem:228.25M (Peak 319.49M) | Time:00:00.26 | Mem:113.32M, Peak:113.32M | Scene, ViewLayer | Updating Geometry BVH Cube.036 37/802 | Building mesh BLAS |     188 tris | Cube.033
Fra:1 Mem:228.25M (Peak 319.49M) | Time:00:00.26 | Mem:113.32M, Peak:113.32M | Scene, ViewLayer | Updating Geometry BVH Cube.037 38/802 | Building BVH
Fra:1 Mem:228.25M (Peak 319.49M) | Time:00:00.26 | Mem:113.32M, Peak:113.32M | Scene, ViewLayer | Updating Geometry BVH Cube.037 38/802 | Building mesh BLAS |     188 tris | Cube.028
Fra:1 Mem:228.25M (Peak 319.49M) | Time:00:00.26 | Mem:113.32M, Peak:113.32M | Scene, ViewLayer | Updating Geometry BVH Cube.037 38/802 | Building mesh BLAS |     188 tris | Cube.024
Fra:1 Mem:228.25M (Peak 319.49M) | Time:00:00.26 | Mem:113.32M, Peak:113.32M | Scene, ViewLayer | Updating Geometry BVH Cube.037 38/802 | Building mesh BLAS |     188 tris | Cube.035
Fra:1 Mem:228.25M (Peak 319.49M) | Time:00:00.26 | Mem:113.32M, Peak:113.32M | Scene, ViewLayer | Updating Geometry BVH Cube.038 39/802 | Building BVH
Fra:1 Mem:228.25M (Peak 319.49M) | Time:00:00.26 | Mem:113.32M, Peak:113.32M | Scene, ViewLayer | Updating Geometry BVH Cube.038 39/802 | Building mesh BLAS |     188 tris | Cube.038
Fra:1 Mem:228.25M (Peak 319.49M) | Time:00:00.26 | Mem:113.32M, Peak:113.32M | Scene, ViewLayer | Updating Geometry BVH Cube.038 39/802 | Building mesh BLAS |    1436 tris | West colonnade arch vault.003
Fra:1 Mem:228.25M (Peak 319.49M) | Time:00:00.26 | Mem:113.32M, Peak:113.32M | Scene, ViewLayer | Updating Geometry BVH Cube.039 40/802 | Building BVH
Fra:1 Mem:228.25M (Peak 319.49M) | Time:00:00.26 | Mem:113.32M, Peak:113.32M | Scene, ViewLayer | Updating Geometry BVH Cube.040 41/802 | Building BVH
Fra:1 Mem:228.25M (Peak 319.49M) | Time:00:00.26 | Mem:113.32M, Peak:113.32M | Scene, ViewLayer | Updating Geometry BVH Cube.040 41/802 | Building mesh BLAS |     188 tris | Cube.039
Fra:1 Mem:228.25M (Peak 319.49M) | Time:00:00.26 | Mem:113.32M, Peak:113.32M | Scene, ViewLayer | Updating Geometry BVH Cube.040 41/802 | Building mesh BLAS |     188 tris | Cube.040
Fra:1 Mem:228.25M (Peak 319.49M) | Time:00:00.26 | Mem:113.32M, Peak:113.32M | Scene, ViewLayer | Updating Geometry BVH Cube.041 42/802 | Building BVH
Fra:1 Mem:228.25M (Peak 319.49M) | Time:00:00.26 | Mem:113.32M, Peak:113.32M | Scene, ViewLayer | Updating Geometry BVH Cube.041 42/802 | Building mesh BLAS |     188 tris | Cube.041
Fra:1 Mem:228.25M (Peak 319.49M) | Time:00:00.26 | Mem:113.32M, Peak:113.32M | Scene, ViewLayer | Updating Geometry BVH Cube.042 43/802 | Building BVH
Fra:1 Mem:228.25M (Peak 319.49M) | Time:00:00.26 | Mem:113.32M, Peak:113.32M | Scene, ViewLayer | Updating Geometry BVH Cube.042 43/802 | Building mesh BLAS |     188 tris | Cube.042
Fra:1 Mem:228.25M (Peak 319.49M) | Time:00:00.26 | Mem:113.32M, Peak:113.32M | Scene, ViewLayer | Updating Geometry BVH Cube.043 44/802 | Building BVH
Fra:1 Mem:228.25M (Peak 319.49M) | Time:00:00.26 | Mem:113.32M, Peak:113.32M | Scene, ViewLayer | Updating Geometry BVH Cube.044 45/802 | Building BVH
Fra:1 Mem:228.25M (Peak 319.49M) | Time:00:00.26 | Mem:113.32M, Peak:113.32M | Scene, ViewLayer | Updating Geometry BVH Cube.044 45/802 | Building mesh BLAS |     188 tris | Cube.043
Fra:1 Mem:228.25M (Peak 319.49M) | Time:00:00.26 | Mem:113.32M, Peak:113.32M | Scene, ViewLayer | Updating Geometry BVH Cube.044 45/802 | Building mesh BLAS |     188 tris | Cube.044
Fra:1 Mem:228.25M (Peak 319.49M) | Time:00:00.26 | Mem:113.32M, Peak:113.32M | Scene, ViewLayer | Updating Geometry BVH Cube.045 46/802 | Building BVH
Fra:1 Mem:228.25M (Peak 319.49M) | Time:00:00.26 | Mem:113.32M, Peak:113.32M | Scene, ViewLayer | Updating Geometry BVH Cube.046 47/802 | Building BVH
Fra:1 Mem:228.25M (Peak 319.49M) | Time:00:00.26 | Mem:113.32M, Peak:113.32M | Scene, ViewLayer | Updating Geometry BVH Cube.046 47/802 | Building mesh BLAS |     188 tris | Cube.045
Fra:1 Mem:228.25M (Peak 319.49M) | Time:00:00.26 | Mem:113.32M, Peak:113.32M | Scene, ViewLayer | Updating Geometry BVH Cube.047 48/802 | Building BVH
Fra:1 Mem:228.25M (Peak 319.49M) | Time:00:00.26 | Mem:113.32M, Peak:113.32M | Scene, ViewLayer | Updating Geometry BVH Cube.047 48/802 | Building mesh BLAS |     188 tris | Cube.047
Fra:1 Mem:228.25M (Peak 319.49M) | Time:00:00.26 | Mem:113.32M, Peak:113.32M | Scene, ViewLayer | Updating Geometry BVH Cube.048 49/802 | Building BVH
Fra:1 Mem:228.25M (Peak 319.49M) | Time:00:00.26 | Mem:113.32M, Peak:113.32M | Scene, ViewLayer | Updating Geometry BVH Cube.048 49/802 | Building mesh BLAS |     188 tris | Cube.048
Fra:1 Mem:228.25M (Peak 319.49M) | Time:00:00.26 | Mem:113.32M, Peak:113.32M | Scene, ViewLayer | Updating Geometry BVH Cube.049 50/802 | Building BVH
Fra:1 Mem:228.25M (Peak 319.49M) | Time:00:00.26 | Mem:113.32M, Peak:113.32M | Scene, ViewLayer | Updating Geometry BVH Cube.050 51/802 | Building BVH
Fra:1 Mem:228.25M (Peak 319.49M) | Time:00:00.26 | Mem:113.32M, Peak:113.32M | Scene, ViewLayer | Updating Geometry BVH Cube.051 52/802 | Building BVH
Fra:1 Mem:228.25M (Peak 319.49M) | Time:00:00.26 | Mem:113.32M, Peak:113.32M | Scene, ViewLayer | Updating Geometry BVH Cube.051 52/802 | Building mesh BLAS |     188 tris | Cube.050
Fra:1 Mem:228.25M (Peak 319.49M) | Time:00:00.26 | Mem:113.32M, Peak:113.32M | Scene, ViewLayer | Updating Geometry BVH West colonnade arch vault.002 800/802 | Building BVH
Fra:1 Mem:228.25M (Peak 319.49M) | Time:00:00.26 | Mem:113.32M, Peak:113.32M | Scene, ViewLayer | Updating Geometry BVH Cube.052 53/802 | Building BVH
Fra:1 Mem:228.25M (Peak 319.49M) | Time:00:00.26 | Mem:113.32M, Peak:113.32M | Scene, ViewLayer | Updating Geometry BVH Cube.052 53/802 | Building mesh BLAS |     188 tris | Cube.051
Fra:1 Mem:228.25M (Peak 319.49M) | Time:00:00.26 | Mem:113.32M, Peak:113.32M | Scene, ViewLayer | Updating Geometry BVH Cube.052 53/802 | Building mesh BLAS |     188 tris | Cube.052
Fra:1 Mem:228.25M (Peak 319.49M) | Time:00:00.26 | Mem:113.32M, Peak:113.32M | Scene, ViewLayer | Updating Geometry BVH Cube.052 53/802 | Building mesh BLAS |    1436 tris | West colonnade arch vault.002
Fra:1 Mem:228.25M (Peak 319.49M) | Time:00:00.26 | Mem:113.32M, Peak:113.32M | Scene, ViewLayer | Updating Geometry BVH Cube.053 54/802 | Building BVH
Fra:1 Mem:228.25M (Peak 319.49M) | Time:00:00.26 | Mem:113.32M, Peak:113.32M | Scene, ViewLayer | Updating Geometry BVH Cube.054 55/802 | Building BVH
Fra:1 Mem:228.25M (Peak 319.49M) | Time:00:00.26 | Mem:113.32M, Peak:113.32M | Scene, ViewLayer | Updating Geometry BVH Cube.054 55/802 | Building mesh BLAS |     188 tris | Cube.053
Fra:1 Mem:228.25M (Peak 319.49M) | Time:00:00.26 | Mem:113.32M, Peak:113.32M | Scene, ViewLayer | Updating Geometry BVH Cube.054 55/802 | Building mesh BLAS |     188 tris | Cube.054
Fra:1 Mem:228.25M (Peak 319.49M) | Time:00:00.26 | Mem:113.32M, Peak:113.32M | Scene, ViewLayer | Updating Geometry BVH Cube.055 56/802 | Building BVH
Fra:1 Mem:228.25M (Peak 319.49M) | Time:00:00.26 | Mem:113.32M, Peak:113.32M | Scene, ViewLayer | Updating Geometry BVH Cube.055 56/802 | Building mesh BLAS |     188 tris | Cube.055
Fra:1 Mem:228.25M (Peak 319.49M) | Time:00:00.26 | Mem:113.32M, Peak:113.32M | Scene, ViewLayer | Updating Geometry BVH Cube.056 57/802 | Building BVH
Fra:1 Mem:228.25M (Peak 319.49M) | Time:00:00.26 | Mem:113.32M, Peak:113.32M | Scene, ViewLayer | Updating Geometry BVH Cube.056 57/802 | Building mesh BLAS |     188 tris | Cube.056
Fra:1 Mem:228.25M (Peak 319.49M) | Time:00:00.26 | Mem:113.32M, Peak:113.32M | Scene, ViewLayer | Updating Geometry BVH Cube.057 58/802 | Building BVH
Fra:1 Mem:228.25M (Peak 319.49M) | Time:00:00.26 | Mem:113.32M, Peak:113.32M | Scene, ViewLayer | Updating Geometry BVH Cube.057 58/802 | Building mesh BLAS |     188 tris | Cube.057
Fra:1 Mem:228.25M (Peak 319.49M) | Time:00:00.26 | Mem:113.32M, Peak:113.32M | Scene, ViewLayer | Updating Geometry BVH Cube.058 59/802 | Building BVH
Fra:1 Mem:228.25M (Peak 319.49M) | Time:00:00.26 | Mem:113.32M, Peak:113.32M | Scene, ViewLayer | Updating Geometry BVH Cube.058 59/802 | Building mesh BLAS |     188 tris | Cube.058
Fra:1 Mem:228.25M (Peak 319.49M) | Time:00:00.26 | Mem:113.32M, Peak:113.32M | Scene, ViewLayer | Updating Geometry BVH Cube.059 60/802 | Building BVH
Fra:1 Mem:228.25M (Peak 319.49M) | Time:00:00.26 | Mem:113.32M, Peak:113.32M | Scene, ViewLayer | Updating Geometry BVH Cube.059 60/802 | Building mesh BLAS |     188 tris | Cube.059
Fra:1 Mem:228.25M (Peak 319.49M) | Time:00:00.26 | Mem:113.32M, Peak:113.32M | Scene, ViewLayer | Updating Geometry BVH Cube.060 61/802 | Building BVH
Fra:1 Mem:228.25M (Peak 319.49M) | Time:00:00.26 | Mem:113.32M, Peak:113.32M | Scene, ViewLayer | Updating Geometry BVH Cube.060 61/802 | Building mesh BLAS |     188 tris | Cube.060
Fra:1 Mem:228.25M (Peak 319.49M) | Time:00:00.26 | Mem:113.32M, Peak:113.32M | Scene, ViewLayer | Updating Geometry BVH Cube.061 62/802 | Building BVH
Fra:1 Mem:228.25M (Peak 319.49M) | Time:00:00.26 | Mem:113.32M, Peak:113.32M | Scene, ViewLayer | Updating Geometry BVH Cube.061 62/802 | Building mesh BLAS |     188 tris | Cube.061
Fra:1 Mem:228.25M (Peak 319.49M) | Time:00:00.26 | Mem:113.32M, Peak:113.32M | Scene, ViewLayer | Updating Geometry BVH Cube.062 63/802 | Building BVH
Fra:1 Mem:228.25M (Peak 319.49M) | Time:00:00.26 | Mem:113.32M, Peak:113.32M | Scene, ViewLayer | Updating Geometry BVH Cube.063 64/802 | Building BVH
Fra:1 Mem:228.25M (Peak 319.49M) | Time:00:00.26 | Mem:113.32M, Peak:113.32M | Scene, ViewLayer | Updating Geometry BVH Cube.063 64/802 | Building mesh BLAS |     188 tris | Cube.062
Fra:1 Mem:228.25M (Peak 319.49M) | Time:00:00.26 | Mem:113.32M, Peak:113.32M | Scene, ViewLayer | Updating Geometry BVH Cube.063 64/802 | Building mesh BLAS |     188 tris | Cube.063
Fra:1 Mem:228.25M (Peak 319.49M) | Time:00:00.26 | Mem:113.32M, Peak:113.32M | Scene, ViewLayer | Updating Geometry BVH Cube.064 65/802 | Building BVH
Fra:1 Mem:228.25M (Peak 319.49M) | Time:00:00.26 | Mem:113.32M, Peak:113.32M | Scene, ViewLayer | Updating Geometry BVH Cube.065 66/802 | Building BVH
Fra:1 Mem:228.25M (Peak 319.49M) | Time:00:00.26 | Mem:113.32M, Peak:113.32M | Scene, ViewLayer | Updating Geometry BVH Cube.065 66/802 | Building mesh BLAS |     188 tris | Cube.064
Fra:1 Mem:228.25M (Peak 319.49M) | Time:00:00.26 | Mem:113.32M, Peak:113.32M | Scene, ViewLayer | Updating Geometry BVH Cube.066 67/802 | Building BVH
Fra:1 Mem:228.25M (Peak 319.49M) | Time:00:00.26 | Mem:113.32M, Peak:113.32M | Scene, ViewLayer | Updating Geometry BVH Cube.067 68/802 | Building BVH
Fra:1 Mem:228.25M (Peak 319.49M) | Time:00:00.26 | Mem:113.32M, Peak:113.32M | Scene, ViewLayer | Updating Geometry BVH Cube.068 69/802 | Building BVH
Fra:1 Mem:228.25M (Peak 319.49M) | Time:00:00.26 | Mem:113.32M, Peak:113.32M | Scene, ViewLayer | Updating Geometry BVH Cube.068 69/802 | Building mesh BLAS |     188 tris | Cube.067
Fra:1 Mem:228.25M (Peak 319.49M) | Time:00:00.26 | Mem:113.32M, Peak:113.32M | Scene, ViewLayer | Updating Geometry BVH Cube.069 70/802 | Building BVH
Fra:1 Mem:228.25M (Peak 319.49M) | Time:00:00.26 | Mem:113.32M, Peak:113.32M | Scene, ViewLayer | Updating Geometry BVH Cube.069 70/802 | Building mesh BLAS |     188 tris | Cube.068
Fra:1 Mem:228.25M (Peak 319.49M) | Time:00:00.26 | Mem:113.32M, Peak:113.32M | Scene, ViewLayer | Updating Geometry BVH Cube.070 71/802 | Building BVH
Fra:1 Mem:228.25M (Peak 319.49M) | Time:00:00.26 | Mem:113.32M, Peak:113.32M | Scene, ViewLayer | Updating Geometry BVH Cube.071 72/802 | Building BVH
Fra:1 Mem:228.25M (Peak 319.49M) | Time:00:00.26 | Mem:113.32M, Peak:113.32M | Scene, ViewLayer | Updating Geometry BVH Cube.071 72/802 | Building mesh BLAS |     188 tris | Cube.069
Fra:1 Mem:228.25M (Peak 319.49M) | Time:00:00.26 | Mem:113.32M, Peak:113.32M | Scene, ViewLayer | Updating Geometry BVH Cube.072 73/802 | Building BVH
Fra:1 Mem:228.25M (Peak 319.49M) | Time:00:00.26 | Mem:113.32M, Peak:113.32M | Scene, ViewLayer | Updating Geometry BVH Cube.072 73/802 | Building mesh BLAS |     188 tris | Cube.070
Fra:1 Mem:228.25M (Peak 319.49M) | Time:00:00.26 | Mem:113.32M, Peak:113.32M | Scene, ViewLayer | Updating Geometry BVH Cube.072 73/802 | Building mesh BLAS |     188 tris | Cube.072
Fra:1 Mem:228.25M (Peak 319.49M) | Time:00:00.26 | Mem:113.32M, Peak:113.32M | Scene, ViewLayer | Updating Geometry BVH West colonnade arch vault.001 799/802 | Building BVH
Fra:1 Mem:228.25M (Peak 319.49M) | Time:00:00.26 | Mem:113.32M, Peak:113.32M | Scene, ViewLayer | Updating Geometry BVH Cube.075 76/802 | Building BVH
Fra:1 Mem:228.25M (Peak 319.49M) | Time:00:00.26 | Mem:113.32M, Peak:113.32M | Scene, ViewLayer | Updating Geometry BVH Cube.075 76/802 | Building mesh BLAS |    1436 tris | West colonnade arch vault.001
Fra:1 Mem:228.25M (Peak 319.49M) | Time:00:00.26 | Mem:113.32M, Peak:113.32M | Scene, ViewLayer | Updating Geometry BVH Cube.076 77/802 | Building mesh BLAS |     188 tris | Cube.075
Fra:1 Mem:228.25M (Peak 319.49M) | Time:00:00.26 | Mem:113.32M, Peak:113.32M | Scene, ViewLayer | Updating Geometry BVH Cube.078 79/802 | Building BVH
Fra:1 Mem:228.25M (Peak 319.49M) | Time:00:00.26 | Mem:113.32M, Peak:113.32M | Scene, ViewLayer | Updating Geometry BVH Cube.078 79/802 | Building mesh BLAS |     188 tris | Cube.076
Fra:1 Mem:228.25M (Peak 319.49M) | Time:00:00.26 | Mem:113.32M, Peak:113.32M | Scene, ViewLayer | Updating Geometry BVH Cube.078 79/802 | Building mesh BLAS |     188 tris | Cube.077
Fra:1 Mem:228.25M (Peak 319.49M) | Time:00:00.26 | Mem:113.32M, Peak:113.32M | Scene, ViewLayer | Updating Geometry BVH Cube.078 79/802 | Building mesh BLAS |     188 tris | Cube.078
Fra:1 Mem:228.25M (Peak 319.49M) | Time:00:00.26 | Mem:113.32M, Peak:113.32M | Scene, ViewLayer | Updating Geometry BVH Cube.079 80/802 | Building BVH
Fra:1 Mem:228.25M (Peak 319.49M) | Time:00:00.26 | Mem:113.32M, Peak:113.32M | Scene, ViewLayer | Updating Geometry BVH Cube.080 81/802 | Building mesh BLAS |     328 tris | Cube.079
Fra:1 Mem:228.25M (Peak 319.49M) | Time:00:00.26 | Mem:113.32M, Peak:113.32M | Scene, ViewLayer | Updating Geometry BVH Cube.080 81/802 | Building mesh BLAS |     188 tris | Cube.080
Fra:1 Mem:228.25M (Peak 319.49M) | Time:00:00.26 | Mem:113.32M, Peak:113.32M | Scene, ViewLayer | Updating Geometry BVH Cube.081 82/802 | Building BVH
Fra:1 Mem:228.25M (Peak 319.49M) | Time:00:00.26 | Mem:113.32M, Peak:113.32M | Scene, ViewLayer | Updating Geometry BVH Cube.081 82/802 | Building mesh BLAS |     472 tris | Cube.081
Fra:1 Mem:228.25M (Peak 319.49M) | Time:00:00.26 | Mem:113.32M, Peak:113.32M | Scene, ViewLayer | Updating Geometry BVH Cube.082 83/802 | Building BVH
Fra:1 Mem:228.25M (Peak 319.49M) | Time:00:00.26 | Mem:113.32M, Peak:113.32M | Scene, ViewLayer | Updating Geometry BVH Cube.083 84/802 | Building BVH
Fra:1 Mem:228.25M (Peak 319.49M) | Time:00:00.26 | Mem:113.32M, Peak:113.32M | Scene, ViewLayer | Updating Geometry BVH Cube.083 84/802 | Building mesh BLAS |     188 tris | Cube.082
Fra:1 Mem:228.25M (Peak 319.49M) | Time:00:00.26 | Mem:113.32M, Peak:113.32M | Scene, ViewLayer | Updating Geometry BVH Cube.083 84/802 | Building mesh BLAS |     380 tris | Cube.083
Fra:1 Mem:228.25M (Peak 319.49M) | Time:00:00.26 | Mem:113.32M, Peak:113.32M | Scene, ViewLayer | Updating Geometry BVH Cube.084 85/802 | Building BVH
Fra:1 Mem:228.25M (Peak 319.49M) | Time:00:00.26 | Mem:113.32M, Peak:113.32M | Scene, ViewLayer | Updating Geometry BVH Cube.084 85/802 | Building mesh BLAS |     188 tris | Cube.084
Fra:1 Mem:228.25M (Peak 319.49M) | Time:00:00.26 | Mem:113.32M, Peak:113.32M | Scene, ViewLayer | Updating Geometry BVH Cylinder 86/802 | Building BVH
Fra:1 Mem:228.25M (Peak 319.49M) | Time:00:00.26 | Mem:113.32M, Peak:113.32M | Scene, ViewLayer | Updating Geometry BVH Cylinder 86/802 | Building mesh BLAS |      60 tris | Cylinder
Fra:1 Mem:228.25M (Peak 319.49M) | Time:00:00.26 | Mem:113.32M, Peak:113.32M | Scene, ViewLayer | Updating Geometry BVH Cylinder.001 87/802 | Building BVH
Fra:1 Mem:228.25M (Peak 319.49M) | Time:00:00.26 | Mem:113.32M, Peak:113.32M | Scene, ViewLayer | Updating Geometry BVH Cylinder.001 87/802 | Building mesh BLAS |      60 tris | Cylinder.001
Fra:1 Mem:228.25M (Peak 319.49M) | Time:00:00.26 | Mem:113.32M, Peak:113.32M | Scene, ViewLayer | Updating Geometry BVH Cylinder.002 88/802 | Building BVH
Fra:1 Mem:228.25M (Peak 319.49M) | Time:00:00.26 | Mem:113.32M, Peak:113.32M | Scene, ViewLayer | Updating Geometry BVH Cylinder.002 88/802 | Building mesh BLAS |      60 tris | Cylinder.002
Fra:1 Mem:228.25M (Peak 319.49M) | Time:00:00.26 | Mem:113.32M, Peak:113.32M | Scene, ViewLayer | Updating Geometry BVH Cylinder.003 89/802 | Building BVH
Fra:1 Mem:228.25M (Peak 319.49M) | Time:00:00.26 | Mem:113.32M, Peak:113.32M | Scene, ViewLayer | Updating Geometry BVH Cylinder.003 89/802 | Building mesh BLAS |      60 tris | Cylinder.003
Fra:1 Mem:228.25M (Peak 319.49M) | Time:00:00.26 | Mem:113.32M, Peak:113.32M | Scene, ViewLayer | Updating Geometry BVH Cylinder.004 90/802 | Building BVH
Fra:1 Mem:228.25M (Peak 319.49M) | Time:00:00.26 | Mem:113.32M, Peak:113.32M | Scene, ViewLayer | Updating Geometry BVH Cylinder.004 90/802 | Building mesh BLAS |      60 tris | Cylinder.004
Fra:1 Mem:228.25M (Peak 319.49M) | Time:00:00.26 | Mem:113.32M, Peak:113.32M | Scene, ViewLayer | Updating Geometry BVH West colonnade arch vault 798/802 | Building BVH
Fra:1 Mem:228.25M (Peak 319.49M) | Time:00:00.26 | Mem:113.32M, Peak:113.32M | Scene, ViewLayer | Updating Geometry BVH West colonnade arch vault 798/802 | Building mesh BLAS |    1436 tris | West colonnade arch vault
Fra:1 Mem:228.25M (Peak 319.49M) | Time:00:00.26 | Mem:113.32M, Peak:113.32M | Scene, ViewLayer | Updating Geometry BVH Cylinder.005 91/802 | Building BVH
Fra:1 Mem:228.25M (Peak 319.49M) | Time:00:00.26 | Mem:113.32M, Peak:113.32M | Scene, ViewLayer | Updating Geometry BVH Cylinder.005 91/802 | Building mesh BLAS |      60 tris | Cylinder.005
Fra:1 Mem:228.25M (Peak 319.49M) | Time:00:00.26 | Mem:113.32M, Peak:113.32M | Scene, ViewLayer | Updating Geometry BVH Cylinder.006 92/802 | Building BVH
Fra:1 Mem:228.25M (Peak 319.49M) | Time:00:00.26 | Mem:113.32M, Peak:113.32M | Scene, ViewLayer | Updating Geometry BVH Cylinder.006 92/802 | Building mesh BLAS |      60 tris | Cylinder.006
Fra:1 Mem:228.25M (Peak 319.49M) | Time:00:00.26 | Mem:113.32M, Peak:113.32M | Scene, ViewLayer | Updating Geometry BVH Cylinder.007 93/802 | Building BVH
Fra:1 Mem:228.25M (Peak 319.49M) | Time:00:00.26 | Mem:113.32M, Peak:113.32M | Scene, ViewLayer | Updating Geometry BVH Cylinder.007 93/802 | Building mesh BLAS |      60 tris | Cylinder.007
Fra:1 Mem:228.25M (Peak 319.49M) | Time:00:00.26 | Mem:113.32M, Peak:113.32M | Scene, ViewLayer | Updating Geometry BVH Cylinder.008 94/802 | Building BVH
Fra:1 Mem:228.25M (Peak 319.49M) | Time:00:00.26 | Mem:113.32M, Peak:113.32M | Scene, ViewLayer | Updating Geometry BVH Cylinder.009 95/802 | Building mesh BLAS |      60 tris | Cylinder.008
Fra:1 Mem:228.25M (Peak 319.49M) | Time:00:00.26 | Mem:113.32M, Peak:113.32M | Scene, ViewLayer | Updating Geometry BVH Cylinder.009 95/802 | Building mesh BLAS |      60 tris | Cylinder.009
Fra:1 Mem:228.25M (Peak 319.49M) | Time:00:00.26 | Mem:113.32M, Peak:113.32M | Scene, ViewLayer | Updating Geometry BVH Cylinder.010 96/802 | Building BVH
Fra:1 Mem:228.25M (Peak 319.49M) | Time:00:00.26 | Mem:113.32M, Peak:113.32M | Scene, ViewLayer | Updating Geometry BVH Cylinder.010 96/802 | Building mesh BLAS |      60 tris | Cylinder.010
Fra:1 Mem:228.25M (Peak 319.49M) | Time:00:00.26 | Mem:113.32M, Peak:113.32M | Scene, ViewLayer | Updating Geometry BVH Cylinder.011 97/802 | Building BVH
Fra:1 Mem:228.25M (Peak 319.49M) | Time:00:00.26 | Mem:113.32M, Peak:113.32M | Scene, ViewLayer | Updating Geometry BVH Cylinder.011 97/802 | Building mesh BLAS |      60 tris | Cylinder.011
Fra:1 Mem:228.25M (Peak 319.49M) | Time:00:00.26 | Mem:113.32M, Peak:113.32M | Scene, ViewLayer | Updating Geometry BVH Cylinder.012 98/802 | Building BVH
Fra:1 Mem:228.25M (Peak 319.49M) | Time:00:00.26 | Mem:113.32M, Peak:113.32M | Scene, ViewLayer | Updating Geometry BVH Cylinder.012 98/802 | Building mesh BLAS |      60 tris | Cylinder.012
Fra:1 Mem:228.25M (Peak 319.49M) | Time:00:00.26 | Mem:113.32M, Peak:113.32M | Scene, ViewLayer | Updating Geometry BVH Cylinder.013 99/802 | Building BVH
Fra:1 Mem:228.25M (Peak 319.49M) | Time:00:00.26 | Mem:113.32M, Peak:113.32M | Scene, ViewLayer | Updating Geometry BVH Cylinder.013 99/802 | Building mesh BLAS |      60 tris | Cylinder.013
Fra:1 Mem:228.25M (Peak 319.49M) | Time:00:00.26 | Mem:113.32M, Peak:113.32M | Scene, ViewLayer | Updating Geometry BVH Cylinder.014 100/802 | Building BVH
Fra:1 Mem:228.25M (Peak 319.49M) | Time:00:00.26 | Mem:113.32M, Peak:113.32M | Scene, ViewLayer | Updating Geometry BVH Cylinder.014 100/802 | Building mesh BLAS |      60 tris | Cylinder.014
Fra:1 Mem:228.25M (Peak 319.49M) | Time:00:00.26 | Mem:113.32M, Peak:113.32M | Scene, ViewLayer | Updating Geometry BVH Cylinder.015 101/802 | Building BVH
Fra:1 Mem:228.25M (Peak 319.49M) | Time:00:00.26 | Mem:113.32M, Peak:113.32M | Scene, ViewLayer | Updating Geometry BVH Cylinder.015 101/802 | Building mesh BLAS |      60 tris | Cylinder.015
Fra:1 Mem:228.25M (Peak 319.49M) | Time:00:00.27 | Mem:113.32M, Peak:113.32M | Scene, ViewLayer | Updating Geometry BVH Cylinder.016 102/802 | Building BVH
Fra:1 Mem:228.25M (Peak 319.49M) | Time:00:00.27 | Mem:113.32M, Peak:113.32M | Scene, ViewLayer | Updating Geometry BVH Cylinder.016 102/802 | Building mesh BLAS |      60 tris | Cylinder.016
Fra:1 Mem:228.25M (Peak 319.49M) | Time:00:00.27 | Mem:113.32M, Peak:113.32M | Scene, ViewLayer | Updating Geometry BVH Cylinder.017 103/802 | Building BVH
Fra:1 Mem:228.25M (Peak 319.49M) | Time:00:00.27 | Mem:113.32M, Peak:113.32M | Scene, ViewLayer | Updating Geometry BVH Cylinder.017 103/802 | Building mesh BLAS |      60 tris | Cylinder.017
Fra:1 Mem:228.25M (Peak 319.49M) | Time:00:00.27 | Mem:113.32M, Peak:113.32M | Scene, ViewLayer | Updating Geometry BVH Cylinder.018 104/802 | Building BVH
Fra:1 Mem:228.25M (Peak 319.49M) | Time:00:00.27 | Mem:113.32M, Peak:113.32M | Scene, ViewLayer | Updating Geometry BVH Cylinder.018 104/802 | Building mesh BLAS |      60 tris | Cylinder.018
Fra:1 Mem:228.25M (Peak 319.49M) | Time:00:00.27 | Mem:113.32M, Peak:113.32M | Scene, ViewLayer | Updating Geometry BVH Cylinder.019 105/802 | Building BVH
Fra:1 Mem:228.25M (Peak 319.49M) | Time:00:00.27 | Mem:113.32M, Peak:113.32M | Scene, ViewLayer | Updating Geometry BVH Cylinder.019 105/802 | Building mesh BLAS |      60 tris | Cylinder.019
Fra:1 Mem:228.25M (Peak 319.49M) | Time:00:00.27 | Mem:113.32M, Peak:113.32M | Scene, ViewLayer | Updating Geometry BVH Cylinder.020 106/802 | Building BVH
Fra:1 Mem:228.25M (Peak 319.49M) | Time:00:00.27 | Mem:113.32M, Peak:113.32M | Scene, ViewLayer | Updating Geometry BVH Cylinder.020 106/802 | Building mesh BLAS |      60 tris | Cylinder.020
Fra:1 Mem:228.25M (Peak 319.49M) | Time:00:00.27 | Mem:113.32M, Peak:113.32M | Scene, ViewLayer | Updating Geometry BVH Cylinder.021 107/802 | Building BVH
Fra:1 Mem:228.25M (Peak 319.49M) | Time:00:00.27 | Mem:113.32M, Peak:113.32M | Scene, ViewLayer | Updating Geometry BVH Cylinder.021 107/802 | Building mesh BLAS |      60 tris | Cylinder.021
Fra:1 Mem:228.25M (Peak 319.49M) | Time:00:00.27 | Mem:113.32M, Peak:113.32M | Scene, ViewLayer | Updating Geometry BVH North colonnade arch vault.005 797/802 | Building BVH
Fra:1 Mem:228.25M (Peak 319.49M) | Time:00:00.27 | Mem:113.32M, Peak:113.32M | Scene, ViewLayer | Updating Geometry BVH North colonnade arch vault.005 797/802 | Building mesh BLAS |    1436 tris | North colonnade arch vault.005
Fra:1 Mem:228.25M (Peak 319.49M) | Time:00:00.27 | Mem:113.32M, Peak:113.32M | Scene, ViewLayer | Updating Geometry BVH Cylinder.022 108/802 | Building BVH
Fra:1 Mem:228.25M (Peak 319.49M) | Time:00:00.27 | Mem:113.32M, Peak:113.32M | Scene, ViewLayer | Updating Geometry BVH Cylinder.022 108/802 | Building mesh BLAS |      60 tris | Cylinder.022
Fra:1 Mem:228.25M (Peak 319.49M) | Time:00:00.27 | Mem:113.32M, Peak:113.32M | Scene, ViewLayer | Updating Geometry BVH Cylinder.023 109/802 | Building BVH
Fra:1 Mem:228.25M (Peak 319.49M) | Time:00:00.27 | Mem:113.32M, Peak:113.32M | Scene, ViewLayer | Updating Geometry BVH Cylinder.023 109/802 | Building mesh BLAS |      60 tris | Cylinder.023
Fra:1 Mem:228.25M (Peak 319.49M) | Time:00:00.27 | Mem:113.32M, Peak:113.32M | Scene, ViewLayer | Updating Geometry BVH Cylinder.024 110/802 | Building BVH
Fra:1 Mem:228.25M (Peak 319.49M) | Time:00:00.27 | Mem:113.32M, Peak:113.32M | Scene, ViewLayer | Updating Geometry BVH Cylinder.024 110/802 | Building mesh BLAS |      60 tris | Cylinder.024
Fra:1 Mem:228.25M (Peak 319.49M) | Time:00:00.27 | Mem:113.32M, Peak:113.32M | Scene, ViewLayer | Updating Geometry BVH Cylinder.025 111/802 | Building BVH
Fra:1 Mem:228.25M (Peak 319.49M) | Time:00:00.27 | Mem:113.32M, Peak:113.32M | Scene, ViewLayer | Updating Geometry BVH Cylinder.025 111/802 | Building mesh BLAS |      60 tris | Cylinder.025
Fra:1 Mem:228.25M (Peak 319.49M) | Time:00:00.27 | Mem:113.32M, Peak:113.32M | Scene, ViewLayer | Updating Geometry BVH Cylinder.026 112/802 | Building BVH
Fra:1 Mem:228.25M (Peak 319.49M) | Time:00:00.27 | Mem:113.32M, Peak:113.32M | Scene, ViewLayer | Updating Geometry BVH Cylinder.026 112/802 | Building mesh BLAS |      60 tris | Cylinder.026
Fra:1 Mem:228.25M (Peak 319.49M) | Time:00:00.27 | Mem:113.32M, Peak:113.32M | Scene, ViewLayer | Updating Geometry BVH Cylinder.027 113/802 | Building BVH
Fra:1 Mem:228.25M (Peak 319.49M) | Time:00:00.27 | Mem:113.32M, Peak:113.32M | Scene, ViewLayer | Updating Geometry BVH Cylinder.027 113/802 | Building mesh BLAS |      60 tris | Cylinder.027
Fra:1 Mem:228.25M (Peak 319.49M) | Time:00:00.27 | Mem:113.32M, Peak:113.32M | Scene, ViewLayer | Updating Geometry BVH Cylinder.028 114/802 | Building BVH
Fra:1 Mem:228.25M (Peak 319.49M) | Time:00:00.27 | Mem:113.32M, Peak:113.32M | Scene, ViewLayer | Updating Geometry BVH Cylinder.028 114/802 | Building mesh BLAS |      60 tris | Cylinder.028
Fra:1 Mem:228.25M (Peak 319.49M) | Time:00:00.27 | Mem:113.32M, Peak:113.32M | Scene, ViewLayer | Updating Geometry BVH Cylinder.029 115/802 | Building BVH
Fra:1 Mem:228.25M (Peak 319.49M) | Time:00:00.27 | Mem:113.32M, Peak:113.32M | Scene, ViewLayer | Updating Geometry BVH Cylinder.029 115/802 | Building mesh BLAS |      60 tris | Cylinder.029
Fra:1 Mem:228.25M (Peak 319.49M) | Time:00:00.27 | Mem:113.32M, Peak:113.32M | Scene, ViewLayer | Updating Geometry BVH Cylinder.030 116/802 | Building BVH
Fra:1 Mem:228.25M (Peak 319.49M) | Time:00:00.27 | Mem:113.32M, Peak:113.32M | Scene, ViewLayer | Updating Geometry BVH Cylinder.030 116/802 | Building mesh BLAS |      60 tris | Cylinder.030
Fra:1 Mem:228.25M (Peak 319.49M) | Time:00:00.27 | Mem:113.32M, Peak:113.32M | Scene, ViewLayer | Updating Geometry BVH Cylinder.031 117/802 | Building BVH
Fra:1 Mem:228.25M (Peak 319.49M) | Time:00:00.27 | Mem:113.32M, Peak:113.32M | Scene, ViewLayer | Updating Geometry BVH Cylinder.031 117/802 | Building mesh BLAS |      60 tris | Cylinder.031
Fra:1 Mem:228.25M (Peak 319.49M) | Time:00:00.27 | Mem:113.32M, Peak:113.32M | Scene, ViewLayer | Updating Geometry BVH Cylinder.032 118/802 | Building BVH
Fra:1 Mem:228.25M (Peak 319.49M) | Time:00:00.27 | Mem:113.32M, Peak:113.32M | Scene, ViewLayer | Updating Geometry BVH Cylinder.032 118/802 | Building mesh BLAS |      60 tris | Cylinder.032
Fra:1 Mem:228.25M (Peak 319.49M) | Time:00:00.27 | Mem:113.32M, Peak:113.32M | Scene, ViewLayer | Updating Geometry BVH Cylinder.033 119/802 | Building BVH
Fra:1 Mem:228.25M (Peak 319.49M) | Time:00:00.27 | Mem:113.32M, Peak:113.32M | Scene, ViewLayer | Updating Geometry BVH Cylinder.033 119/802 | Building mesh BLAS |      60 tris | Cylinder.033
Fra:1 Mem:228.25M (Peak 319.49M) | Time:00:00.27 | Mem:113.32M, Peak:113.32M | Scene, ViewLayer | Updating Geometry BVH Cylinder.034 120/802 | Building BVH
Fra:1 Mem:228.25M (Peak 319.49M) | Time:00:00.27 | Mem:113.32M, Peak:113.32M | Scene, ViewLayer | Updating Geometry BVH Cylinder.034 120/802 | Building mesh BLAS |      60 tris | Cylinder.034
Fra:1 Mem:228.25M (Peak 319.49M) | Time:00:00.27 | Mem:113.32M, Peak:113.32M | Scene, ViewLayer | Updating Geometry BVH Cylinder.035 121/802 | Building BVH
Fra:1 Mem:228.25M (Peak 319.49M) | Time:00:00.27 | Mem:113.32M, Peak:113.32M | Scene, ViewLayer | Updating Geometry BVH Cylinder.035 121/802 | Building mesh BLAS |      96 tris | Cylinder.035
Fra:1 Mem:228.25M (Peak 319.49M) | Time:00:00.27 | Mem:113.33M, Peak:113.33M | Scene, ViewLayer | Updating Geometry BVH Cylinder.036 122/802 | Building BVH
Fra:1 Mem:228.25M (Peak 319.49M) | Time:00:00.27 | Mem:113.33M, Peak:113.33M | Scene, ViewLayer | Updating Geometry BVH Cylinder.037 123/802 | Building BVH
Fra:1 Mem:228.25M (Peak 319.49M) | Time:00:00.27 | Mem:113.33M, Peak:113.33M | Scene, ViewLayer | Updating Geometry BVH Cylinder.037 123/802 | Building mesh BLAS |      60 tris | Cylinder.036
Fra:1 Mem:228.25M (Peak 319.49M) | Time:00:00.27 | Mem:113.33M, Peak:113.33M | Scene, ViewLayer | Updating Geometry BVH Cylinder.037 123/802 | Building mesh BLAS |      60 tris | Cylinder.037
Fra:1 Mem:228.25M (Peak 319.49M) | Time:00:00.27 | Mem:113.36M, Peak:113.36M | Scene, ViewLayer | Updating Geometry BVH Cylinder.038 124/802 | Building BVH
Fra:1 Mem:228.25M (Peak 319.49M) | Time:00:00.27 | Mem:113.36M, Peak:113.36M | Scene, ViewLayer | Updating Geometry BVH Cylinder.038 124/802 | Building mesh BLAS |      60 tris | Cylinder.038
Fra:1 Mem:228.25M (Peak 319.49M) | Time:00:00.27 | Mem:113.37M, Peak:113.37M | Scene, ViewLayer | Updating Geometry BVH North colonnade arch vault.004 796/802 | Building BVH
Fra:1 Mem:228.25M (Peak 319.49M) | Time:00:00.27 | Mem:113.37M, Peak:113.37M | Scene, ViewLayer | Updating Geometry BVH Cylinder.039 125/802 | Building BVH
Fra:1 Mem:228.25M (Peak 319.49M) | Time:00:00.27 | Mem:113.37M, Peak:113.37M | Scene, ViewLayer | Updating Geometry BVH Cylinder.039 125/802 | Building mesh BLAS |      60 tris | Cylinder.039
Fra:1 Mem:228.25M (Peak 319.49M) | Time:00:00.27 | Mem:113.37M, Peak:113.37M | Scene, ViewLayer | Updating Geometry BVH Cylinder.039 125/802 | Building mesh BLAS |    1436 tris | North colonnade arch vault.004
Fra:1 Mem:228.25M (Peak 319.49M) | Time:00:00.27 | Mem:113.40M, Peak:113.40M | Scene, ViewLayer | Updating Geometry BVH Cylinder.040 126/802 | Building BVH
Fra:1 Mem:228.25M (Peak 319.49M) | Time:00:00.27 | Mem:113.40M, Peak:113.40M | Scene, ViewLayer | Updating Geometry BVH Cylinder.040 126/802 | Building mesh BLAS |      60 tris | Cylinder.040
Fra:1 Mem:228.25M (Peak 319.49M) | Time:00:00.27 | Mem:113.40M, Peak:113.40M | Scene, ViewLayer | Updating Geometry BVH Cylinder.041 127/802 | Building BVH
Fra:1 Mem:228.25M (Peak 319.49M) | Time:00:00.27 | Mem:113.40M, Peak:113.40M | Scene, ViewLayer | Updating Geometry BVH Cylinder.041 127/802 | Building mesh BLAS |      60 tris | Cylinder.041
Fra:1 Mem:228.25M (Peak 319.49M) | Time:00:00.27 | Mem:113.50M, Peak:113.50M | Scene, ViewLayer | Updating Geometry BVH Cylinder.042 128/802 | Building BVH
Fra:1 Mem:228.25M (Peak 319.49M) | Time:00:00.27 | Mem:113.50M, Peak:113.50M | Scene, ViewLayer | Updating Geometry BVH Cylinder.042 128/802 | Building mesh BLAS |      60 tris | Cylinder.042
Fra:1 Mem:228.25M (Peak 319.49M) | Time:00:00.27 | Mem:113.50M, Peak:113.50M | Scene, ViewLayer | Updating Geometry BVH Cylinder.043 129/802 | Building BVH
Fra:1 Mem:228.25M (Peak 319.49M) | Time:00:00.27 | Mem:113.50M, Peak:113.50M | Scene, ViewLayer | Updating Geometry BVH Cylinder.043 129/802 | Building mesh BLAS |      60 tris | Cylinder.043
Fra:1 Mem:228.25M (Peak 319.49M) | Time:00:00.27 | Mem:113.52M, Peak:113.52M | Scene, ViewLayer | Updating Geometry BVH Cylinder.044 130/802 | Building BVH
Fra:1 Mem:228.25M (Peak 319.49M) | Time:00:00.27 | Mem:113.52M, Peak:113.52M | Scene, ViewLayer | Updating Geometry BVH Cylinder.044 130/802 | Building mesh BLAS |      60 tris | Cylinder.044
Fra:1 Mem:228.25M (Peak 319.49M) | Time:00:00.27 | Mem:113.54M, Peak:113.54M | Scene, ViewLayer | Updating Geometry BVH Cylinder.045 131/802 | Building BVH
Fra:1 Mem:228.25M (Peak 319.49M) | Time:00:00.27 | Mem:113.54M, Peak:113.54M | Scene, ViewLayer | Updating Geometry BVH Cylinder.045 131/802 | Building mesh BLAS |      60 tris | Cylinder.045
Fra:1 Mem:228.25M (Peak 319.49M) | Time:00:00.27 | Mem:113.58M, Peak:113.58M | Scene, ViewLayer | Updating Geometry BVH Cylinder.046 132/802 | Building BVH
Fra:1 Mem:228.25M (Peak 319.49M) | Time:00:00.27 | Mem:113.58M, Peak:113.58M | Scene, ViewLayer | Updating Geometry BVH Cylinder.046 132/802 | Building mesh BLAS |      60 tris | Cylinder.046
Fra:1 Mem:228.25M (Peak 319.49M) | Time:00:00.27 | Mem:113.62M, Peak:113.62M | Scene, ViewLayer | Updating Geometry BVH Cylinder.048 134/802 | Building BVH
Fra:1 Mem:228.25M (Peak 319.49M) | Time:00:00.27 | Mem:113.62M, Peak:113.62M | Scene, ViewLayer | Updating Geometry BVH Cylinder.047 133/802 | Building BVH
Fra:1 Mem:228.25M (Peak 319.49M) | Time:00:00.27 | Mem:113.63M, Peak:113.63M | Scene, ViewLayer | Updating Geometry BVH Cylinder.049 135/802 | Building BVH
Fra:1 Mem:228.25M (Peak 319.49M) | Time:00:00.27 | Mem:113.63M, Peak:113.63M | Scene, ViewLayer | Updating Geometry BVH Cylinder.049 135/802 | Building mesh BLAS |      60 tris | Cylinder.047
Fra:1 Mem:228.25M (Peak 319.49M) | Time:00:00.27 | Mem:113.64M, Peak:113.64M | Scene, ViewLayer | Updating Geometry BVH Cylinder.049 135/802 | Building mesh BLAS |      60 tris | Cylinder.049
Fra:1 Mem:228.25M (Peak 319.49M) | Time:00:00.27 | Mem:113.66M, Peak:113.66M | Scene, ViewLayer | Updating Geometry BVH Cylinder.050 136/802 | Building BVH
Fra:1 Mem:228.25M (Peak 319.49M) | Time:00:00.27 | Mem:113.66M, Peak:113.66M | Scene, ViewLayer | Updating Geometry BVH Cylinder.050 136/802 | Building mesh BLAS |      60 tris | Cylinder.050
Fra:1 Mem:228.25M (Peak 319.49M) | Time:00:00.27 | Mem:113.69M, Peak:113.69M | Scene, ViewLayer | Updating Geometry BVH Cylinder.051 137/802 | Building BVH
Fra:1 Mem:228.25M (Peak 319.49M) | Time:00:00.27 | Mem:113.69M, Peak:113.69M | Scene, ViewLayer | Updating Geometry BVH Cylinder.051 137/802 | Building mesh BLAS |      60 tris | Cylinder.051
Fra:1 Mem:228.25M (Peak 319.49M) | Time:00:00.27 | Mem:113.80M, Peak:113.80M | Scene, ViewLayer | Updating Geometry BVH Cylinder.052 138/802 | Building BVH
Fra:1 Mem:228.25M (Peak 319.49M) | Time:00:00.27 | Mem:113.81M, Peak:113.81M | Scene, ViewLayer | Updating Geometry BVH Cylinder.052 138/802 | Building mesh BLAS |      60 tris | Cylinder.052
Fra:1 Mem:228.25M (Peak 319.49M) | Time:00:00.27 | Mem:113.81M, Peak:113.81M | Scene, ViewLayer | Updating Geometry BVH Cylinder.053 139/802 | Building BVH
Fra:1 Mem:228.25M (Peak 319.49M) | Time:00:00.27 | Mem:113.82M, Peak:113.82M | Scene, ViewLayer | Updating Geometry BVH Cylinder.054 140/802 | Building mesh BLAS |      60 tris | Cylinder.053
Fra:1 Mem:228.25M (Peak 319.49M) | Time:00:00.27 | Mem:113.85M, Peak:113.85M | Scene, ViewLayer | Updating Geometry BVH Cylinder.055 141/802 | Building mesh BLAS |      60 tris | Cylinder.054
Fra:1 Mem:228.25M (Peak 319.49M) | Time:00:00.27 | Mem:113.86M, Peak:113.86M | Scene, ViewLayer | Updating Geometry BVH Cylinder.056 142/802 | Building BVH
Fra:1 Mem:228.25M (Peak 319.49M) | Time:00:00.27 | Mem:113.86M, Peak:113.86M | Scene, ViewLayer | Updating Geometry BVH North colonnade arch vault.003 795/802 | Building BVH
Fra:1 Mem:228.25M (Peak 319.49M) | Time:00:00.27 | Mem:113.87M, Peak:113.87M | Scene, ViewLayer | Updating Geometry BVH North colonnade arch vault.003 795/802 | Building mesh BLAS |      60 tris | Cylinder.055
Fra:1 Mem:228.25M (Peak 319.49M) | Time:00:00.27 | Mem:113.89M, Peak:113.89M | Scene, ViewLayer | Updating Geometry BVH Cylinder.058 144/802 | Building BVH
Fra:1 Mem:228.25M (Peak 319.49M) | Time:00:00.27 | Mem:113.90M, Peak:113.90M | Scene, ViewLayer | Updating Geometry BVH Cylinder.057 143/802 | Building BVH
Fra:1 Mem:228.25M (Peak 319.49M) | Time:00:00.27 | Mem:113.90M, Peak:113.90M | Scene, ViewLayer | Updating Geometry BVH Cylinder.057 143/802 | Building mesh BLAS |    1436 tris | North colonnade arch vault.003
Fra:1 Mem:228.25M (Peak 319.49M) | Time:00:00.27 | Mem:113.91M, Peak:113.91M | Scene, ViewLayer | Updating Geometry BVH Cylinder.057 143/802 | Building mesh BLAS |      60 tris | Cylinder.057
Fra:1 Mem:228.25M (Peak 319.49M) | Time:00:00.27 | Mem:113.95M, Peak:113.95M | Scene, ViewLayer | Updating Geometry BVH Cylinder.059 145/802 | Building BVH
Fra:1 Mem:228.25M (Peak 319.49M) | Time:00:00.27 | Mem:113.95M, Peak:113.95M | Scene, ViewLayer | Updating Geometry BVH Cylinder.060 146/802 | Building BVH
Fra:1 Mem:228.25M (Peak 319.49M) | Time:00:00.27 | Mem:113.95M, Peak:113.95M | Scene, ViewLayer | Updating Geometry BVH Cylinder.061 147/802 | Building BVH
Fra:1 Mem:228.25M (Peak 319.49M) | Time:00:00.27 | Mem:113.95M, Peak:113.95M | Scene, ViewLayer | Updating Geometry BVH Cylinder.061 147/802 | Building mesh BLAS |      60 tris | Cylinder.060
Fra:1 Mem:228.25M (Peak 319.49M) | Time:00:00.27 | Mem:113.95M, Peak:113.95M | Scene, ViewLayer | Updating Geometry BVH Cylinder.061 147/802 | Building mesh BLAS |      60 tris | Cylinder.061
Fra:1 Mem:228.25M (Peak 319.49M) | Time:00:00.27 | Mem:113.95M, Peak:113.95M | Scene, ViewLayer | Updating Geometry BVH Cylinder.062 148/802 | Building BVH
Fra:1 Mem:228.25M (Peak 319.49M) | Time:00:00.27 | Mem:113.96M, Peak:113.96M | Scene, ViewLayer | Updating Geometry BVH Cylinder.062 148/802 | Building mesh BLAS |      60 tris | Cylinder.062
Fra:1 Mem:228.25M (Peak 319.49M) | Time:00:00.27 | Mem:114.00M, Peak:114.00M | Scene, ViewLayer | Updating Geometry BVH Cylinder.063 149/802 | Building BVH
Fra:1 Mem:228.25M (Peak 319.49M) | Time:00:00.27 | Mem:114.00M, Peak:114.00M | Scene, ViewLayer | Updating Geometry BVH Cylinder.063 149/802 | Building mesh BLAS |      60 tris | Cylinder.063
Fra:1 Mem:228.25M (Peak 319.49M) | Time:00:00.27 | Mem:114.10M, Peak:114.10M | Scene, ViewLayer | Updating Geometry BVH Cylinder.064 150/802 | Building BVH
Fra:1 Mem:228.25M (Peak 319.49M) | Time:00:00.27 | Mem:114.13M, Peak:114.13M | Scene, ViewLayer | Updating Geometry BVH Cylinder.066 152/802 | Building mesh BLAS |      60 tris | Cylinder.064
Fra:1 Mem:228.25M (Peak 319.49M) | Time:00:00.27 | Mem:114.14M, Peak:114.14M | Scene, ViewLayer | Updating Geometry BVH Cylinder.067 153/802 | Building BVH
Fra:1 Mem:228.25M (Peak 319.49M) | Time:00:00.27 | Mem:114.15M, Peak:114.15M | Scene, ViewLayer | Updating Geometry BVH Cylinder.068 154/802 | Building BVH
Fra:1 Mem:228.25M (Peak 319.49M) | Time:00:00.27 | Mem:114.15M, Peak:114.15M | Scene, ViewLayer | Updating Geometry BVH Cylinder.068 154/802 | Building mesh BLAS |      60 tris | Cylinder.066
Fra:1 Mem:228.25M (Peak 319.49M) | Time:00:00.27 | Mem:114.15M, Peak:114.15M | Scene, ViewLayer | Updating Geometry BVH Cylinder.068 154/802 | Building mesh BLAS |      64 tris | Cylinder.067
Fra:1 Mem:228.25M (Peak 319.49M) | Time:00:00.27 | Mem:114.15M, Peak:114.15M | Scene, ViewLayer | Updating Geometry BVH Cylinder.068 154/802 | Building mesh BLAS |      60 tris | Cylinder.068
Fra:1 Mem:228.25M (Peak 319.49M) | Time:00:00.27 | Mem:114.16M, Peak:114.16M | Scene, ViewLayer | Updating Geometry BVH Cylinder.069 155/802 | Building BVH
Fra:1 Mem:228.25M (Peak 319.49M) | Time:00:00.27 | Mem:114.18M, Peak:114.18M | Scene, ViewLayer | Updating Geometry BVH Cylinder.070 156/802 | Building BVH
Fra:1 Mem:228.25M (Peak 319.49M) | Time:00:00.27 | Mem:114.19M, Peak:114.19M | Scene, ViewLayer | Updating Geometry BVH Cylinder.070 156/802 | Building mesh BLAS |      60 tris | Cylinder.070
Fra:1 Mem:228.25M (Peak 319.49M) | Time:00:00.27 | Mem:114.21M, Peak:114.21M | Scene, ViewLayer | Updating Geometry BVH Cylinder.071 157/802 | Building BVH
Fra:1 Mem:228.25M (Peak 319.49M) | Time:00:00.27 | Mem:114.21M, Peak:114.21M | Scene, ViewLayer | Updating Geometry BVH Cube.085 158/802 | Building BVH
Fra:1 Mem:228.25M (Peak 319.49M) | Time:00:00.27 | Mem:114.21M, Peak:114.21M | Scene, ViewLayer | Updating Geometry BVH Cube.085 158/802 | Building mesh BLAS |      44 tris | Cylinder.071
Fra:1 Mem:228.25M (Peak 319.49M) | Time:00:00.27 | Mem:114.22M, Peak:114.22M | Scene, ViewLayer | Updating Geometry BVH Cube.085 158/802 | Building mesh BLAS |     188 tris | Cube.085
Fra:1 Mem:228.25M (Peak 319.49M) | Time:00:00.27 | Mem:114.31M, Peak:114.31M | Scene, ViewLayer | Updating Geometry BVH North colonnade arch vault.002 794/802 | Building BVH
Fra:1 Mem:228.25M (Peak 319.49M) | Time:00:00.27 | Mem:114.32M, Peak:114.32M | Scene, ViewLayer | Updating Geometry BVH Cube.086 159/802 | Building BVH
Fra:1 Mem:228.25M (Peak 319.49M) | Time:00:00.27 | Mem:114.33M, Peak:114.33M | Scene, ViewLayer | Updating Geometry BVH Cube.086 159/802 | Building mesh BLAS |     188 tris | Cube.086
Fra:1 Mem:228.25M (Peak 319.49M) | Time:00:00.27 | Mem:114.35M, Peak:114.35M | Scene, ViewLayer | Updating Geometry BVH Cube.086 159/802 | Building mesh BLAS |    1436 tris | North colonnade arch vault.002
Fra:1 Mem:228.25M (Peak 319.49M) | Time:00:00.27 | Mem:114.35M, Peak:114.35M | Scene, ViewLayer | Updating Geometry BVH Cube.087 160/802 | Building BVH
Fra:1 Mem:228.25M (Peak 319.49M) | Time:00:00.27 | Mem:114.35M, Peak:114.35M | Scene, ViewLayer | Updating Geometry BVH Cube.090 163/802 | Building BVH
Fra:1 Mem:228.25M (Peak 319.49M) | Time:00:00.27 | Mem:114.35M, Peak:114.35M | Scene, ViewLayer | Updating Geometry BVH Cube.091 164/802 | Building BVH
Fra:1 Mem:228.25M (Peak 319.49M) | Time:00:00.27 | Mem:114.35M, Peak:114.35M | Scene, ViewLayer | Updating Geometry BVH Cube.091 164/802 | Building mesh BLAS |     188 tris | Cube.087
Fra:1 Mem:228.25M (Peak 319.49M) | Time:00:00.27 | Mem:114.36M, Peak:114.36M | Scene, ViewLayer | Updating Geometry BVH Cube.093 166/802 | Building BVH
Fra:1 Mem:228.25M (Peak 319.49M) | Time:00:00.27 | Mem:114.39M, Peak:114.39M | Scene, ViewLayer | Updating Geometry BVH Cube.092 165/802 | Building BVH
Fra:1 Mem:228.25M (Peak 319.49M) | Time:00:00.27 | Mem:114.42M, Peak:114.42M | Scene, ViewLayer | Updating Geometry BVH Cube.094 167/802 | Building BVH
Fra:1 Mem:228.25M (Peak 319.49M) | Time:00:00.27 | Mem:114.42M, Peak:114.42M | Scene, ViewLayer | Updating Geometry BVH Cube.094 167/802 | Building mesh BLAS |     188 tris | Cube.092
Fra:1 Mem:228.25M (Peak 319.49M) | Time:00:00.27 | Mem:114.42M, Peak:114.42M | Scene, ViewLayer | Updating Geometry BVH Cube.094 167/802 | Building mesh BLAS |     188 tris | Cube.094
Fra:1 Mem:228.25M (Peak 319.49M) | Time:00:00.27 | Mem:114.46M, Peak:114.46M | Scene, ViewLayer | Updating Geometry BVH Cube.095 168/802 | Building BVH
Fra:1 Mem:228.25M (Peak 319.49M) | Time:00:00.27 | Mem:114.48M, Peak:114.48M | Scene, ViewLayer | Updating Geometry BVH Cube.096 169/802 | Building BVH
Fra:1 Mem:228.25M (Peak 319.49M) | Time:00:00.27 | Mem:114.48M, Peak:114.48M | Scene, ViewLayer | Updating Geometry BVH Cube.097 170/802 | Building BVH
Fra:1 Mem:228.25M (Peak 319.49M) | Time:00:00.27 | Mem:114.48M, Peak:114.48M | Scene, ViewLayer | Updating Geometry BVH Cube.097 170/802 | Building mesh BLAS |     188 tris | Cube.096
Fra:1 Mem:228.25M (Peak 319.49M) | Time:00:00.27 | Mem:114.48M, Peak:114.48M | Scene, ViewLayer | Updating Geometry BVH Cube.097 170/802 | Building mesh BLAS |     188 tris | Cube.097
Fra:1 Mem:228.25M (Peak 319.49M) | Time:00:00.27 | Mem:114.48M, Peak:114.48M | Scene, ViewLayer | Updating Geometry BVH Cube.098 171/802 | Building BVH
Fra:1 Mem:228.25M (Peak 319.49M) | Time:00:00.27 | Mem:114.48M, Peak:114.48M | Scene, ViewLayer | Updating Geometry BVH Cube.098 171/802 | Building mesh BLAS |     188 tris | Cube.091
Fra:1 Mem:228.25M (Peak 319.49M) | Time:00:00.27 | Mem:114.48M, Peak:114.48M | Scene, ViewLayer | Updating Geometry BVH Cube.099 172/802 | Building BVH
Fra:1 Mem:228.25M (Peak 319.49M) | Time:00:00.27 | Mem:114.57M, Peak:114.57M | Scene, ViewLayer | Updating Geometry BVH Cube.102 175/802 | Building BVH
Fra:1 Mem:228.25M (Peak 319.49M) | Time:00:00.27 | Mem:114.57M, Peak:114.57M | Scene, ViewLayer | Updating Geometry BVH Cube.102 175/802 | Building mesh BLAS |     188 tris | Cube.098
Fra:1 Mem:228.25M (Peak 319.49M) | Time:00:00.27 | Mem:114.57M, Peak:114.57M | Scene, ViewLayer | Updating Geometry BVH Cube.102 175/802 | Building mesh BLAS |     188 tris | Cube.099
Fra:1 Mem:228.25M (Peak 319.49M) | Time:00:00.27 | Mem:114.57M, Peak:114.57M | Scene, ViewLayer | Updating Geometry BVH Cube.103 176/802 | Building mesh BLAS |     188 tris | Cube.102
Fra:1 Mem:228.25M (Peak 319.49M) | Time:00:00.27 | Mem:114.57M, Peak:114.57M | Scene, ViewLayer | Updating Geometry BVH Cube.103 176/802 | Building mesh BLAS |     188 tris | Cube.101
Fra:1 Mem:228.25M (Peak 319.49M) | Time:00:00.27 | Mem:114.58M, Peak:114.58M | Scene, ViewLayer | Updating Geometry BVH North colonnade arch vault.001 793/802 | Building BVH
Fra:1 Mem:228.25M (Peak 319.49M) | Time:00:00.27 | Mem:114.58M, Peak:114.58M | Scene, ViewLayer | Updating Geometry BVH North colonnade arch vault.001 793/802 | Building mesh BLAS |     188 tris | Cube.103
Fra:1 Mem:228.25M (Peak 319.49M) | Time:00:00.27 | Mem:114.58M, Peak:114.58M | Scene, ViewLayer | Updating Geometry BVH North colonnade arch vault.001 793/802 | Building mesh BLAS |    1436 tris | North colonnade arch vault.001
Fra:1 Mem:228.25M (Peak 319.49M) | Time:00:00.27 | Mem:114.59M, Peak:114.59M | Scene, ViewLayer | Updating Geometry BVH Cube.104 177/802 | Building BVH
Fra:1 Mem:228.25M (Peak 319.49M) | Time:00:00.27 | Mem:114.60M, Peak:114.60M | Scene, ViewLayer | Updating Geometry BVH Cube.104 177/802 | Building mesh BLAS |     188 tris | Cube.104
Fra:1 Mem:228.25M (Peak 319.49M) | Time:00:00.27 | Mem:114.61M, Peak:114.61M | Scene, ViewLayer | Updating Geometry BVH Cube.106 179/802 | Building BVH
Fra:1 Mem:228.25M (Peak 319.49M) | Time:00:00.27 | Mem:114.61M, Peak:114.61M | Scene, ViewLayer | Updating Geometry BVH Cube.107 180/802 | Building mesh BLAS |     188 tris | Cube.106
Fra:1 Mem:228.25M (Peak 319.49M) | Time:00:00.27 | Mem:114.61M, Peak:114.61M | Scene, ViewLayer | Updating Geometry BVH Cube.108 181/802 | Building BVH
Fra:1 Mem:228.25M (Peak 319.49M) | Time:00:00.27 | Mem:114.61M, Peak:114.61M | Scene, ViewLayer | Updating Geometry BVH Cube.109 182/802 | Building mesh BLAS |     188 tris | Cube.105
Fra:1 Mem:228.25M (Peak 319.49M) | Time:00:00.27 | Mem:114.61M, Peak:114.61M | Scene, ViewLayer | Updating Geometry BVH Cube.109 182/802 | Building mesh BLAS |     188 tris | Cube.109
Fra:1 Mem:228.25M (Peak 319.49M) | Time:00:00.27 | Mem:114.61M, Peak:114.61M | Scene, ViewLayer | Updating Geometry BVH Cube.109 182/802 | Building mesh BLAS |     188 tris | Cube.108
Fra:1 Mem:228.25M (Peak 319.49M) | Time:00:00.27 | Mem:114.62M, Peak:114.62M | Scene, ViewLayer | Updating Geometry BVH Cube.110 183/802 | Building BVH
Fra:1 Mem:228.25M (Peak 319.49M) | Time:00:00.27 | Mem:114.62M, Peak:114.62M | Scene, ViewLayer | Updating Geometry BVH Cube.111 184/802 | Building BVH
Fra:1 Mem:228.25M (Peak 319.49M) | Time:00:00.27 | Mem:114.62M, Peak:114.62M | Scene, ViewLayer | Updating Geometry BVH Cube.111 184/802 | Building mesh BLAS |     188 tris | Cube.110
Fra:1 Mem:228.25M (Peak 319.49M) | Time:00:00.27 | Mem:114.62M, Peak:114.62M | Scene, ViewLayer | Updating Geometry BVH Cube.113 186/802 | Building BVH
Fra:1 Mem:228.25M (Peak 319.49M) | Time:00:00.27 | Mem:114.63M, Peak:114.63M | Scene, ViewLayer | Updating Geometry BVH Cube.114 187/802 | Building BVH
Fra:1 Mem:228.25M (Peak 319.49M) | Time:00:00.27 | Mem:114.63M, Peak:114.63M | Scene, ViewLayer | Updating Geometry BVH Cube.114 187/802 | Building mesh BLAS |     760 tris | Cube.114
Fra:1 Mem:228.25M (Peak 319.49M) | Time:00:00.27 | Mem:114.64M, Peak:114.64M | Scene, ViewLayer | Updating Geometry BVH Cube.114 187/802 | Building mesh BLAS |     836 tris | Cube.113
Fra:1 Mem:228.25M (Peak 319.49M) | Time:00:00.27 | Mem:114.64M, Peak:114.64M | Scene, ViewLayer | Updating Geometry BVH Cube.116 189/802 | Building BVH
Fra:1 Mem:228.25M (Peak 319.49M) | Time:00:00.27 | Mem:114.71M, Peak:114.71M | Scene, ViewLayer | Updating Geometry BVH Cube.117 190/802 | Building BVH
Fra:1 Mem:228.25M (Peak 319.49M) | Time:00:00.27 | Mem:114.71M, Peak:114.71M | Scene, ViewLayer | Updating Geometry BVH Cube.118 191/802 | Building mesh BLAS |     188 tris | Cube.116
Fra:1 Mem:228.25M (Peak 319.49M) | Time:00:00.27 | Mem:114.71M, Peak:114.71M | Scene, ViewLayer | Updating Geometry BVH Cube.118 191/802 | Building mesh BLAS |     188 tris | Cube.115
Fra:1 Mem:228.25M (Peak 319.49M) | Time:00:00.27 | Mem:114.71M, Peak:114.71M | Scene, ViewLayer | Updating Geometry BVH North colonnade arch vault 792/802 | Building BVH
Fra:1 Mem:228.25M (Peak 319.49M) | Time:00:00.27 | Mem:114.72M, Peak:114.72M | Scene, ViewLayer | Updating Geometry BVH Cube.120 193/802 | Building BVH
Fra:1 Mem:228.26M (Peak 319.49M) | Time:00:00.27 | Mem:114.72M, Peak:114.72M | Scene, ViewLayer | Updating Geometry BVH Cube.119 192/802 | Building BVH
Fra:1 Mem:228.26M (Peak 319.49M) | Time:00:00.28 | Mem:114.72M, Peak:114.72M | Scene, ViewLayer | Updating Geometry BVH Cube.119 192/802 | Building mesh BLAS |     188 tris | Cube.120
Fra:1 Mem:228.26M (Peak 319.49M) | Time:00:00.28 | Mem:114.72M, Peak:114.72M | Scene, ViewLayer | Updating Geometry BVH Cube.119 192/802 | Building mesh BLAS |    1436 tris | North colonnade arch vault
Fra:1 Mem:228.26M (Peak 319.49M) | Time:00:00.28 | Mem:114.72M, Peak:114.72M | Scene, ViewLayer | Updating Geometry BVH Cube.121 194/802 | Building BVH
Fra:1 Mem:228.26M (Peak 319.49M) | Time:00:00.28 | Mem:114.72M, Peak:114.72M | Scene, ViewLayer | Updating Geometry BVH Cube.121 194/802 | Building mesh BLAS |     188 tris | Cube.119
Fra:1 Mem:228.26M (Peak 319.49M) | Time:00:00.28 | Mem:114.72M, Peak:114.72M | Scene, ViewLayer | Updating Geometry BVH Cube.121 194/802 | Building mesh BLAS |     188 tris | Cube.118
Fra:1 Mem:228.26M (Peak 319.49M) | Time:00:00.28 | Mem:114.72M, Peak:114.72M | Scene, ViewLayer | Updating Geometry BVH Cube.123 196/802 | Building BVH
Fra:1 Mem:228.26M (Peak 319.49M) | Time:00:00.28 | Mem:114.72M, Peak:114.72M | Scene, ViewLayer | Updating Geometry BVH Cube.123 196/802 | Building mesh BLAS |     188 tris | Cube.123
Fra:1 Mem:228.26M (Peak 319.49M) | Time:00:00.28 | Mem:114.72M, Peak:114.72M | Scene, ViewLayer | Updating Geometry BVH Cube.122 195/802 | Building BVH
Fra:1 Mem:228.26M (Peak 319.49M) | Time:00:00.28 | Mem:114.72M, Peak:114.72M | Scene, ViewLayer | Updating Geometry BVH Cube.124 197/802 | Building mesh BLAS |     188 tris | Cube.122
Fra:1 Mem:228.26M (Peak 319.49M) | Time:00:00.28 | Mem:114.72M, Peak:114.72M | Scene, ViewLayer | Updating Geometry BVH Cube.124 197/802 | Building mesh BLAS |     188 tris | Cube.124
Fra:1 Mem:228.26M (Peak 319.49M) | Time:00:00.28 | Mem:114.72M, Peak:114.72M | Scene, ViewLayer | Updating Geometry BVH Cube.125 198/802 | Building BVH
Fra:1 Mem:228.26M (Peak 319.49M) | Time:00:00.28 | Mem:114.72M, Peak:114.72M | Scene, ViewLayer | Updating Geometry BVH Cube.126 199/802 | Building BVH
Fra:1 Mem:228.26M (Peak 319.49M) | Time:00:00.28 | Mem:114.72M, Peak:114.72M | Scene, ViewLayer | Updating Geometry BVH Cube.126 199/802 | Building mesh BLAS |     188 tris | Cube.126
Fra:1 Mem:228.26M (Peak 319.49M) | Time:00:00.28 | Mem:114.74M, Peak:114.74M | Scene, ViewLayer | Updating Geometry BVH Cube.127 200/802 | Building BVH
Fra:1 Mem:228.26M (Peak 319.49M) | Time:00:00.28 | Mem:114.75M, Peak:114.75M | Scene, ViewLayer | Updating Geometry BVH Cube.127 200/802 | Building mesh BLAS |     188 tris | Cube.127
Fra:1 Mem:228.26M (Peak 319.49M) | Time:00:00.28 | Mem:114.75M, Peak:114.75M | Scene, ViewLayer | Updating Geometry BVH Cube.128 201/802 | Building BVH
Fra:1 Mem:228.26M (Peak 319.49M) | Time:00:00.28 | Mem:114.75M, Peak:114.75M | Scene, ViewLayer | Updating Geometry BVH Cube.128 201/802 | Building mesh BLAS |     188 tris | Cube.128
Fra:1 Mem:228.26M (Peak 319.49M) | Time:00:00.28 | Mem:114.75M, Peak:114.75M | Scene, ViewLayer | Updating Geometry BVH Cube.129 202/802 | Building BVH
Fra:1 Mem:228.26M (Peak 319.49M) | Time:00:00.28 | Mem:114.75M, Peak:114.75M | Scene, ViewLayer | Updating Geometry BVH Cube.131 204/802 | Building BVH
Fra:1 Mem:228.26M (Peak 319.49M) | Time:00:00.28 | Mem:114.75M, Peak:114.75M | Scene, ViewLayer | Updating Geometry BVH Cube.131 204/802 | Building mesh BLAS |     188 tris | Cube.129
Fra:1 Mem:228.26M (Peak 319.49M) | Time:00:00.28 | Mem:114.75M, Peak:114.75M | Scene, ViewLayer | Updating Geometry BVH Cube.131 204/802 | Building mesh BLAS |     188 tris | Cube.130
Fra:1 Mem:228.26M (Peak 319.49M) | Time:00:00.28 | Mem:114.75M, Peak:114.75M | Scene, ViewLayer | Updating Geometry BVH Cube.131 204/802 | Building mesh BLAS |     188 tris | Cube.132
Fra:1 Mem:228.26M (Peak 319.49M) | Time:00:00.28 | Mem:114.75M, Peak:114.75M | Scene, ViewLayer | Updating Geometry BVH Cube.131 204/802 | Building mesh BLAS |     188 tris | Cube.131
Fra:1 Mem:228.26M (Peak 319.49M) | Time:00:00.28 | Mem:114.76M, Peak:114.76M | Scene, ViewLayer | Updating Geometry BVH Cube.133 206/802 | Building BVH
Fra:1 Mem:228.26M (Peak 319.49M) | Time:00:00.28 | Mem:114.76M, Peak:114.76M | Scene, ViewLayer | Updating Geometry BVH Cube.134 207/802 | Building BVH
Fra:1 Mem:228.26M (Peak 319.49M) | Time:00:00.28 | Mem:114.76M, Peak:114.76M | Scene, ViewLayer | Updating Geometry BVH Cube.135 208/802 | Building mesh BLAS |     188 tris | Cube.133
Fra:1 Mem:228.26M (Peak 319.49M) | Time:00:00.28 | Mem:114.76M, Peak:114.76M | Scene, ViewLayer | Updating Geometry BVH Cube.135 208/802 | Building mesh BLAS |     188 tris | Cube.134
Fra:1 Mem:228.26M (Peak 319.49M) | Time:00:00.28 | Mem:114.76M, Peak:114.76M | Scene, ViewLayer | Updating Geometry BVH Cube.135 208/802 | Building mesh BLAS |     188 tris | Cube.135
Fra:1 Mem:228.26M (Peak 319.49M) | Time:00:00.28 | Mem:114.76M, Peak:114.76M | Scene, ViewLayer | Updating Geometry BVH Continuous stair soffit.003 791/802 | Building BVH
Fra:1 Mem:228.26M (Peak 319.49M) | Time:00:00.28 | Mem:114.76M, Peak:114.76M | Scene, ViewLayer | Updating Geometry BVH Cube.136 209/802 | Building BVH
Fra:1 Mem:228.26M (Peak 319.49M) | Time:00:00.28 | Mem:114.76M, Peak:114.76M | Scene, ViewLayer | Updating Geometry BVH Cube.136 209/802 | Building mesh BLAS |     760 tris | Continuous stair soffit.003
Fra:1 Mem:228.26M (Peak 319.49M) | Time:00:00.28 | Mem:114.76M, Peak:114.76M | Scene, ViewLayer | Updating Geometry BVH Cube.137 210/802 | Building BVH
Fra:1 Mem:228.26M (Peak 319.49M) | Time:00:00.28 | Mem:114.77M, Peak:114.77M | Scene, ViewLayer | Updating Geometry BVH Cube.137 210/802 | Building mesh BLAS |     188 tris | Cube.137
Fra:1 Mem:228.26M (Peak 319.49M) | Time:00:00.28 | Mem:114.77M, Peak:114.77M | Scene, ViewLayer | Updating Geometry BVH Cube.138 211/802 | Building BVH
Fra:1 Mem:228.26M (Peak 319.49M) | Time:00:00.28 | Mem:114.77M, Peak:114.77M | Scene, ViewLayer | Updating Geometry BVH Cube.138 211/802 | Building mesh BLAS |     188 tris | Cube.138
Fra:1 Mem:228.26M (Peak 319.49M) | Time:00:00.28 | Mem:114.77M, Peak:114.77M | Scene, ViewLayer | Updating Geometry BVH Cube.139 212/802 | Building BVH
Fra:1 Mem:228.26M (Peak 319.49M) | Time:00:00.28 | Mem:114.77M, Peak:114.77M | Scene, ViewLayer | Updating Geometry BVH Cube.139 212/802 | Building mesh BLAS |     188 tris | Cube.139
Fra:1 Mem:228.26M (Peak 319.49M) | Time:00:00.28 | Mem:114.78M, Peak:114.78M | Scene, ViewLayer | Updating Geometry BVH Cube.140 213/802 | Building BVH
Fra:1 Mem:228.26M (Peak 319.49M) | Time:00:00.28 | Mem:114.78M, Peak:114.78M | Scene, ViewLayer | Updating Geometry BVH Cube.140 213/802 | Building mesh BLAS |     188 tris | Cube.140
Fra:1 Mem:228.26M (Peak 319.49M) | Time:00:00.28 | Mem:114.78M, Peak:114.78M | Scene, ViewLayer | Updating Geometry BVH Cube.141 214/802 | Building BVH
Fra:1 Mem:228.26M (Peak 319.49M) | Time:00:00.28 | Mem:114.78M, Peak:114.78M | Scene, ViewLayer | Updating Geometry BVH Cube.141 214/802 | Building mesh BLAS |     188 tris | Cube.141
Fra:1 Mem:228.26M (Peak 319.49M) | Time:00:00.28 | Mem:114.78M, Peak:114.78M | Scene, ViewLayer | Updating Geometry BVH Cube.142 215/802 | Building BVH
Fra:1 Mem:228.26M (Peak 319.49M) | Time:00:00.28 | Mem:114.78M, Peak:114.78M | Scene, ViewLayer | Updating Geometry BVH Cube.142 215/802 | Building mesh BLAS |     188 tris | Cube.142
Fra:1 Mem:228.26M (Peak 319.49M) | Time:00:00.28 | Mem:114.86M, Peak:114.86M | Scene, ViewLayer | Updating Geometry BVH Cube.143 216/802 | Building BVH
Fra:1 Mem:228.26M (Peak 319.49M) | Time:00:00.28 | Mem:114.86M, Peak:114.86M | Scene, ViewLayer | Updating Geometry BVH Cube.143 216/802 | Building mesh BLAS |     188 tris | Cube.143
Fra:1 Mem:228.26M (Peak 319.49M) | Time:00:00.28 | Mem:114.87M, Peak:114.87M | Scene, ViewLayer | Updating Geometry BVH Cube.144 217/802 | Building BVH
Fra:1 Mem:228.26M (Peak 319.49M) | Time:00:00.28 | Mem:114.87M, Peak:114.87M | Scene, ViewLayer | Updating Geometry BVH Cube.144 217/802 | Building mesh BLAS |     188 tris | Cube.144
Fra:1 Mem:228.26M (Peak 319.49M) | Time:00:00.28 | Mem:114.87M, Peak:114.87M | Scene, ViewLayer | Updating Geometry BVH Cube.145 218/802 | Building BVH
Fra:1 Mem:228.26M (Peak 319.49M) | Time:00:00.28 | Mem:114.87M, Peak:114.87M | Scene, ViewLayer | Updating Geometry BVH Cube.145 218/802 | Building mesh BLAS |     188 tris | Cube.145
Fra:1 Mem:228.26M (Peak 319.49M) | Time:00:00.28 | Mem:114.87M, Peak:114.87M | Scene, ViewLayer | Updating Geometry BVH Cube.146 219/802 | Building BVH
Fra:1 Mem:228.26M (Peak 319.49M) | Time:00:00.28 | Mem:114.87M, Peak:114.87M | Scene, ViewLayer | Updating Geometry BVH Cube.146 219/802 | Building mesh BLAS |     188 tris | Cube.146
Fra:1 Mem:228.26M (Peak 319.49M) | Time:00:00.28 | Mem:114.87M, Peak:114.87M | Scene, ViewLayer | Updating Geometry BVH Cube.147 220/802 | Building BVH
Fra:1 Mem:228.26M (Peak 319.49M) | Time:00:00.28 | Mem:114.87M, Peak:114.87M | Scene, ViewLayer | Updating Geometry BVH Cube.147 220/802 | Building mesh BLAS |     188 tris | Cube.147
Fra:1 Mem:228.26M (Peak 319.49M) | Time:00:00.28 | Mem:114.87M, Peak:114.87M | Scene, ViewLayer | Updating Geometry BVH Cube.148 221/802 | Building BVH
Fra:1 Mem:228.26M (Peak 319.49M) | Time:00:00.28 | Mem:114.87M, Peak:114.87M | Scene, ViewLayer | Updating Geometry BVH Cube.148 221/802 | Building mesh BLAS |     188 tris | Cube.148
Fra:1 Mem:228.26M (Peak 319.49M) | Time:00:00.28 | Mem:114.88M, Peak:114.88M | Scene, ViewLayer | Updating Geometry BVH Cube.149 222/802 | Building BVH
Fra:1 Mem:228.26M (Peak 319.49M) | Time:00:00.28 | Mem:114.88M, Peak:114.88M | Scene, ViewLayer | Updating Geometry BVH Cube.149 222/802 | Building mesh BLAS |     188 tris | Cube.149
Fra:1 Mem:228.26M (Peak 319.49M) | Time:00:00.28 | Mem:114.88M, Peak:114.88M | Scene, ViewLayer | Updating Geometry BVH Cube.150 223/802 | Building BVH
Fra:1 Mem:228.26M (Peak 319.49M) | Time:00:00.28 | Mem:114.88M, Peak:114.88M | Scene, ViewLayer | Updating Geometry BVH Cube.151 224/802 | Building BVH
Fra:1 Mem:228.26M (Peak 319.49M) | Time:00:00.28 | Mem:114.88M, Peak:114.88M | Scene, ViewLayer | Updating Geometry BVH Cube.151 224/802 | Building mesh BLAS |     188 tris | Cube.151
Fra:1 Mem:228.26M (Peak 319.49M) | Time:00:00.28 | Mem:114.88M, Peak:114.88M | Scene, ViewLayer | Updating Geometry BVH Cube.152 225/802 | Building BVH
Fra:1 Mem:228.26M (Peak 319.49M) | Time:00:00.28 | Mem:114.88M, Peak:114.88M | Scene, ViewLayer | Updating Geometry BVH Cube.152 225/802 | Building mesh BLAS |     188 tris | Cube.152
Fra:1 Mem:228.26M (Peak 319.49M) | Time:00:00.28 | Mem:114.89M, Peak:114.89M | Scene, ViewLayer | Updating Geometry BVH Continuous stair soffit.002 790/802 | Building BVH
Fra:1 Mem:228.26M (Peak 319.49M) | Time:00:00.28 | Mem:114.89M, Peak:114.89M | Scene, ViewLayer | Updating Geometry BVH Continuous stair soffit.002 790/802 | Building mesh BLAS |     188 tris | Continuous stair soffit.002
Fra:1 Mem:228.26M (Peak 319.49M) | Time:00:00.28 | Mem:114.89M, Peak:114.89M | Scene, ViewLayer | Updating Geometry BVH Cube.153 226/802 | Building BVH
Fra:1 Mem:228.26M (Peak 319.49M) | Time:00:00.28 | Mem:114.90M, Peak:114.90M | Scene, ViewLayer | Updating Geometry BVH Cube.154 227/802 | Building BVH
Fra:1 Mem:228.26M (Peak 319.49M) | Time:00:00.28 | Mem:114.90M, Peak:114.90M | Scene, ViewLayer | Updating Geometry BVH Cube.154 227/802 | Building mesh BLAS |     188 tris | Cube.154
Fra:1 Mem:228.26M (Peak 319.49M) | Time:00:00.28 | Mem:114.90M, Peak:114.90M | Scene, ViewLayer | Updating Geometry BVH Cube.155 228/802 | Building BVH
Fra:1 Mem:228.26M (Peak 319.49M) | Time:00:00.28 | Mem:114.90M, Peak:114.90M | Scene, ViewLayer | Updating Geometry BVH Cube.156 229/802 | Building BVH
Fra:1 Mem:228.26M (Peak 319.49M) | Time:00:00.28 | Mem:114.90M, Peak:114.90M | Scene, ViewLayer | Updating Geometry BVH Cube.156 229/802 | Building mesh BLAS |     188 tris | Cube.156
Fra:1 Mem:228.26M (Peak 319.49M) | Time:00:00.28 | Mem:114.90M, Peak:114.90M | Scene, ViewLayer | Updating Geometry BVH Cube.156 229/802 | Building mesh BLAS |     188 tris | Cube.155
Fra:1 Mem:228.26M (Peak 319.49M) | Time:00:00.28 | Mem:114.90M, Peak:114.90M | Scene, ViewLayer | Updating Geometry BVH Cube.157 230/802 | Building BVH
Fra:1 Mem:228.26M (Peak 319.49M) | Time:00:00.28 | Mem:114.90M, Peak:114.90M | Scene, ViewLayer | Updating Geometry BVH Cube.157 230/802 | Building mesh BLAS |     188 tris | Cube.157
Fra:1 Mem:228.26M (Peak 319.49M) | Time:00:00.28 | Mem:114.90M, Peak:114.90M | Scene, ViewLayer | Updating Geometry BVH Cube.158 231/802 | Building BVH
Fra:1 Mem:228.26M (Peak 319.49M) | Time:00:00.28 | Mem:114.90M, Peak:114.90M | Scene, ViewLayer | Updating Geometry BVH Cube.158 231/802 | Building mesh BLAS |     188 tris | Cube.158
Fra:1 Mem:228.26M (Peak 319.49M) | Time:00:00.28 | Mem:114.90M, Peak:114.90M | Scene, ViewLayer | Updating Geometry BVH Cube.159 232/802 | Building BVH
Fra:1 Mem:228.26M (Peak 319.49M) | Time:00:00.28 | Mem:114.90M, Peak:114.90M | Scene, ViewLayer | Updating Geometry BVH Cube.159 232/802 | Building mesh BLAS |     188 tris | Cube.159
Fra:1 Mem:228.26M (Peak 319.49M) | Time:00:00.28 | Mem:114.91M, Peak:114.91M | Scene, ViewLayer | Updating Geometry BVH Cube.160 233/802 | Building BVH
Fra:1 Mem:228.26M (Peak 319.49M) | Time:00:00.28 | Mem:114.91M, Peak:114.91M | Scene, ViewLayer | Updating Geometry BVH Cube.160 233/802 | Building mesh BLAS |     188 tris | Cube.160
Fra:1 Mem:228.26M (Peak 319.49M) | Time:00:00.28 | Mem:114.91M, Peak:114.91M | Scene, ViewLayer | Updating Geometry BVH Cube.161 234/802 | Building BVH
Fra:1 Mem:228.26M (Peak 319.49M) | Time:00:00.28 | Mem:114.91M, Peak:114.91M | Scene, ViewLayer | Updating Geometry BVH Cube.161 234/802 | Building mesh BLAS |     188 tris | Cube.161
Fra:1 Mem:228.26M (Peak 319.49M) | Time:00:00.28 | Mem:114.92M, Peak:114.92M | Scene, ViewLayer | Updating Geometry BVH Cube.162 235/802 | Building BVH
Fra:1 Mem:228.26M (Peak 319.49M) | Time:00:00.28 | Mem:114.92M, Peak:114.92M | Scene, ViewLayer | Updating Geometry BVH Cube.162 235/802 | Building mesh BLAS |     188 tris | Cube.162
Fra:1 Mem:228.26M (Peak 319.49M) | Time:00:00.28 | Mem:114.92M, Peak:114.92M | Scene, ViewLayer | Updating Geometry BVH Cube.163 236/802 | Building BVH
Fra:1 Mem:228.26M (Peak 319.49M) | Time:00:00.28 | Mem:114.92M, Peak:114.92M | Scene, ViewLayer | Updating Geometry BVH Cube.163 236/802 | Building mesh BLAS |     188 tris | Cube.163
Fra:1 Mem:228.26M (Peak 319.49M) | Time:00:00.28 | Mem:114.92M, Peak:114.92M | Scene, ViewLayer | Updating Geometry BVH Cube.164 237/802 | Building BVH
Fra:1 Mem:228.26M (Peak 319.49M) | Time:00:00.28 | Mem:114.92M, Peak:114.92M | Scene, ViewLayer | Updating Geometry BVH Cube.165 238/802 | Building mesh BLAS |     188 tris | Cube.164
Fra:1 Mem:228.26M (Peak 319.49M) | Time:00:00.28 | Mem:114.92M, Peak:114.92M | Scene, ViewLayer | Updating Geometry BVH Cube.165 238/802 | Building mesh BLAS |     188 tris | Cube.165
Fra:1 Mem:228.26M (Peak 319.49M) | Time:00:00.28 | Mem:114.92M, Peak:114.92M | Scene, ViewLayer | Updating Geometry BVH Cube.166 239/802 | Building BVH
Fra:1 Mem:228.26M (Peak 319.49M) | Time:00:00.28 | Mem:114.92M, Peak:114.92M | Scene, ViewLayer | Updating Geometry BVH Cube.166 239/802 | Building mesh BLAS |     188 tris | Cube.166
Fra:1 Mem:228.26M (Peak 319.49M) | Time:00:00.28 | Mem:114.93M, Peak:114.93M | Scene, ViewLayer | Updating Geometry BVH Cube.167 240/802 | Building BVH
Fra:1 Mem:228.26M (Peak 319.49M) | Time:00:00.28 | Mem:114.93M, Peak:114.93M | Scene, ViewLayer | Updating Geometry BVH Cube.167 240/802 | Building mesh BLAS |     188 tris | Cube.167
Fra:1 Mem:228.26M (Peak 319.49M) | Time:00:00.28 | Mem:115.01M, Peak:115.01M | Scene, ViewLayer | Updating Geometry BVH Cube.168 241/802 | Building BVH
Fra:1 Mem:228.26M (Peak 319.49M) | Time:00:00.28 | Mem:115.01M, Peak:115.01M | Scene, ViewLayer | Updating Geometry BVH Cube.168 241/802 | Building mesh BLAS |     188 tris | Cube.168
Fra:1 Mem:228.26M (Peak 319.49M) | Time:00:00.28 | Mem:115.01M, Peak:115.01M | Scene, ViewLayer | Updating Geometry BVH Cube.169 242/802 | Building BVH
Fra:1 Mem:228.26M (Peak 319.49M) | Time:00:00.28 | Mem:115.01M, Peak:115.01M | Scene, ViewLayer | Updating Geometry BVH Cube.169 242/802 | Building mesh BLAS |     188 tris | Cube.169
Fra:1 Mem:228.26M (Peak 319.49M) | Time:00:00.28 | Mem:115.02M, Peak:115.02M | Scene, ViewLayer | Updating Geometry BVH Continuous stair soffit.001 789/802 | Building BVH
Fra:1 Mem:228.26M (Peak 319.49M) | Time:00:00.28 | Mem:115.02M, Peak:115.02M | Scene, ViewLayer | Updating Geometry BVH Continuous stair soffit.001 789/802 | Building mesh BLAS |     188 tris | Continuous stair soffit.001
Fra:1 Mem:228.26M (Peak 319.49M) | Time:00:00.28 | Mem:115.03M, Peak:115.03M | Scene, ViewLayer | Updating Geometry BVH Cube.170 243/802 | Building BVH
Fra:1 Mem:228.26M (Peak 319.49M) | Time:00:00.28 | Mem:115.03M, Peak:115.03M | Scene, ViewLayer | Updating Geometry BVH Cube.171 244/802 | Building BVH
Fra:1 Mem:228.26M (Peak 319.49M) | Time:00:00.28 | Mem:115.03M, Peak:115.03M | Scene, ViewLayer | Updating Geometry BVH Cube.172 245/802 | Building BVH
Fra:1 Mem:228.26M (Peak 319.49M) | Time:00:00.28 | Mem:115.03M, Peak:115.03M | Scene, ViewLayer | Updating Geometry BVH Cube.172 245/802 | Building mesh BLAS |     188 tris | Cube.171
Fra:1 Mem:228.26M (Peak 319.49M) | Time:00:00.28 | Mem:115.04M, Peak:115.04M | Scene, ViewLayer | Updating Geometry BVH Cube.172 245/802 | Building mesh BLAS |     188 tris | Cube.172
Fra:1 Mem:228.26M (Peak 319.49M) | Time:00:00.28 | Mem:115.04M, Peak:115.04M | Scene, ViewLayer | Updating Geometry BVH Cube.173 246/802 | Building BVH
Fra:1 Mem:228.26M (Peak 319.49M) | Time:00:00.28 | Mem:115.04M, Peak:115.04M | Scene, ViewLayer | Updating Geometry BVH Cube.174 247/802 | Building BVH
Fra:1 Mem:228.26M (Peak 319.49M) | Time:00:00.28 | Mem:115.04M, Peak:115.04M | Scene, ViewLayer | Updating Geometry BVH Cube.174 247/802 | Building mesh BLAS |     188 tris | Cube.173
Fra:1 Mem:228.26M (Peak 319.49M) | Time:00:00.28 | Mem:115.04M, Peak:115.04M | Scene, ViewLayer | Updating Geometry BVH Cube.174 247/802 | Building mesh BLAS |     188 tris | Cube.174
Fra:1 Mem:228.26M (Peak 319.49M) | Time:00:00.28 | Mem:115.04M, Peak:115.04M | Scene, ViewLayer | Updating Geometry BVH Cube.175 248/802 | Building BVH
Fra:1 Mem:228.26M (Peak 319.49M) | Time:00:00.28 | Mem:115.04M, Peak:115.04M | Scene, ViewLayer | Updating Geometry BVH Cube.175 248/802 | Building mesh BLAS |     188 tris | Cube.175
Fra:1 Mem:228.26M (Peak 319.49M) | Time:00:00.28 | Mem:115.04M, Peak:115.04M | Scene, ViewLayer | Updating Geometry BVH Cube.176 249/802 | Building BVH
Fra:1 Mem:228.26M (Peak 319.49M) | Time:00:00.28 | Mem:115.04M, Peak:115.04M | Scene, ViewLayer | Updating Geometry BVH Cube.176 249/802 | Building mesh BLAS |     188 tris | Cube.176
Fra:1 Mem:228.26M (Peak 319.49M) | Time:00:00.28 | Mem:115.04M, Peak:115.04M | Scene, ViewLayer | Updating Geometry BVH Cube.177 250/802 | Building BVH
Fra:1 Mem:228.26M (Peak 319.49M) | Time:00:00.28 | Mem:115.04M, Peak:115.04M | Scene, ViewLayer | Updating Geometry BVH Cube.177 250/802 | Building mesh BLAS |     188 tris | Cube.177
Fra:1 Mem:228.26M (Peak 319.49M) | Time:00:00.28 | Mem:115.05M, Peak:115.05M | Scene, ViewLayer | Updating Geometry BVH Cube.178 251/802 | Building BVH
Fra:1 Mem:228.26M (Peak 319.49M) | Time:00:00.28 | Mem:115.05M, Peak:115.05M | Scene, ViewLayer | Updating Geometry BVH Cube.178 251/802 | Building mesh BLAS |     188 tris | Cube.178
Fra:1 Mem:228.26M (Peak 319.49M) | Time:00:00.28 | Mem:115.06M, Peak:115.06M | Scene, ViewLayer | Updating Geometry BVH Cube.179 252/802 | Building BVH
Fra:1 Mem:228.26M (Peak 319.49M) | Time:00:00.28 | Mem:115.06M, Peak:115.06M | Scene, ViewLayer | Updating Geometry BVH Cube.179 252/802 | Building mesh BLAS |     188 tris | Cube.179
Fra:1 Mem:228.26M (Peak 319.49M) | Time:00:00.28 | Mem:115.07M, Peak:115.07M | Scene, ViewLayer | Updating Geometry BVH Cube.180 253/802 | Building BVH
Fra:1 Mem:228.26M (Peak 319.49M) | Time:00:00.28 | Mem:115.07M, Peak:115.07M | Scene, ViewLayer | Updating Geometry BVH Cube.180 253/802 | Building mesh BLAS |     188 tris | Cube.180
Fra:1 Mem:228.26M (Peak 319.49M) | Time:00:00.28 | Mem:115.07M, Peak:115.07M | Scene, ViewLayer | Updating Geometry BVH Cube.181 254/802 | Building BVH
Fra:1 Mem:228.26M (Peak 319.49M) | Time:00:00.28 | Mem:115.07M, Peak:115.07M | Scene, ViewLayer | Updating Geometry BVH Cube.181 254/802 | Building mesh BLAS |     188 tris | Cube.181
Fra:1 Mem:228.26M (Peak 319.49M) | Time:00:00.28 | Mem:115.07M, Peak:115.07M | Scene, ViewLayer | Updating Geometry BVH Cube.182 255/802 | Building BVH
Fra:1 Mem:228.26M (Peak 319.49M) | Time:00:00.28 | Mem:115.07M, Peak:115.07M | Scene, ViewLayer | Updating Geometry BVH Cube.182 255/802 | Building mesh BLAS |     188 tris | Cube.182
Fra:1 Mem:228.26M (Peak 319.49M) | Time:00:00.28 | Mem:115.08M, Peak:115.08M | Scene, ViewLayer | Updating Geometry BVH Cube.183 256/802 | Building BVH
Fra:1 Mem:228.26M (Peak 319.49M) | Time:00:00.28 | Mem:115.08M, Peak:115.08M | Scene, ViewLayer | Updating Geometry BVH Cube.183 256/802 | Building mesh BLAS |     188 tris | Cube.183
Fra:1 Mem:228.26M (Peak 319.49M) | Time:00:00.28 | Mem:115.19M, Peak:115.19M | Scene, ViewLayer | Updating Geometry BVH Cube.184 257/802 | Building BVH
Fra:1 Mem:228.26M (Peak 319.49M) | Time:00:00.28 | Mem:115.22M, Peak:115.22M | Scene, ViewLayer | Updating Geometry BVH Cube.184 257/802 | Building mesh BLAS |     188 tris | Cube.184
Fra:1 Mem:228.26M (Peak 319.49M) | Time:00:00.28 | Mem:115.22M, Peak:115.22M | Scene, ViewLayer | Updating Geometry BVH Cube.185 258/802 | Building BVH
Fra:1 Mem:228.26M (Peak 319.49M) | Time:00:00.28 | Mem:115.22M, Peak:115.22M | Scene, ViewLayer | Updating Geometry BVH Cube.185 258/802 | Building mesh BLAS |     188 tris | Cube.185
Fra:1 Mem:228.26M (Peak 319.49M) | Time:00:00.28 | Mem:115.22M, Peak:115.22M | Scene, ViewLayer | Updating Geometry BVH Continuous stair soffit 788/802 | Building BVH
Fra:1 Mem:228.26M (Peak 319.49M) | Time:00:00.28 | Mem:115.22M, Peak:115.22M | Scene, ViewLayer | Updating Geometry BVH Continuous stair soffit 788/802 | Building mesh BLAS |     188 tris | Continuous stair soffit
Fra:1 Mem:228.26M (Peak 319.49M) | Time:00:00.28 | Mem:115.22M, Peak:115.22M | Scene, ViewLayer | Updating Geometry BVH Cube.186 259/802 | Building BVH
Fra:1 Mem:228.26M (Peak 319.49M) | Time:00:00.28 | Mem:115.22M, Peak:115.22M | Scene, ViewLayer | Updating Geometry BVH Cube.186 259/802 | Building mesh BLAS |     188 tris | Cube.186
Fra:1 Mem:228.26M (Peak 319.49M) | Time:00:00.28 | Mem:115.22M, Peak:115.22M | Scene, ViewLayer | Updating Geometry BVH Cube.187 260/802 | Building BVH
Fra:1 Mem:228.26M (Peak 319.49M) | Time:00:00.28 | Mem:115.24M, Peak:115.24M | Scene, ViewLayer | Updating Geometry BVH Cube.188 261/802 | Building BVH
Fra:1 Mem:228.26M (Peak 319.49M) | Time:00:00.28 | Mem:115.24M, Peak:115.24M | Scene, ViewLayer | Updating Geometry BVH Cube.188 261/802 | Building mesh BLAS |     188 tris | Cube.188
Fra:1 Mem:228.26M (Peak 319.49M) | Time:00:00.28 | Mem:115.24M, Peak:115.24M | Scene, ViewLayer | Updating Geometry BVH Cube.189 262/802 | Building BVH
Fra:1 Mem:228.26M (Peak 319.49M) | Time:00:00.28 | Mem:115.24M, Peak:115.24M | Scene, ViewLayer | Updating Geometry BVH Cube.190 263/802 | Building BVH
Fra:1 Mem:228.26M (Peak 319.49M) | Time:00:00.28 | Mem:115.24M, Peak:115.24M | Scene, ViewLayer | Updating Geometry BVH Cube.190 263/802 | Building mesh BLAS |     188 tris | Cube.190
Fra:1 Mem:228.26M (Peak 319.49M) | Time:00:00.28 | Mem:115.26M, Peak:115.26M | Scene, ViewLayer | Updating Geometry BVH Cube.191 264/802 | Building BVH
Fra:1 Mem:228.26M (Peak 319.49M) | Time:00:00.28 | Mem:115.27M, Peak:115.27M | Scene, ViewLayer | Updating Geometry BVH Cube.191 264/802 | Building mesh BLAS |     188 tris | Cube.191
Fra:1 Mem:228.26M (Peak 319.49M) | Time:00:00.28 | Mem:115.27M, Peak:115.27M | Scene, ViewLayer | Updating Geometry BVH Cube.192 265/802 | Building BVH
Fra:1 Mem:228.26M (Peak 319.49M) | Time:00:00.28 | Mem:115.27M, Peak:115.27M | Scene, ViewLayer | Updating Geometry BVH Cube.192 265/802 | Building mesh BLAS |     188 tris | Cube.192
Fra:1 Mem:228.26M (Peak 319.49M) | Time:00:00.28 | Mem:115.27M, Peak:115.27M | Scene, ViewLayer | Updating Geometry BVH Cube.193 266/802 | Building BVH
Fra:1 Mem:228.26M (Peak 319.49M) | Time:00:00.28 | Mem:115.27M, Peak:115.27M | Scene, ViewLayer | Updating Geometry BVH Cube.193 266/802 | Building mesh BLAS |     188 tris | Cube.193
Fra:1 Mem:228.26M (Peak 319.49M) | Time:00:00.28 | Mem:115.27M, Peak:115.27M | Scene, ViewLayer | Updating Geometry BVH Cube.194 267/802 | Building BVH
Fra:1 Mem:228.26M (Peak 319.49M) | Time:00:00.28 | Mem:115.28M, Peak:115.28M | Scene, ViewLayer | Updating Geometry BVH Cube.194 267/802 | Building mesh BLAS |     188 tris | Cube.194
Fra:1 Mem:228.26M (Peak 319.49M) | Time:00:00.28 | Mem:115.40M, Peak:115.40M | Scene, ViewLayer | Updating Geometry BVH Cube.195 268/802 | Building BVH
Fra:1 Mem:228.26M (Peak 319.49M) | Time:00:00.28 | Mem:115.40M, Peak:115.40M | Scene, ViewLayer | Updating Geometry BVH Cube.195 268/802 | Building mesh BLAS |     188 tris | Cube.195
Fra:1 Mem:228.26M (Peak 319.49M) | Time:00:00.28 | Mem:115.40M, Peak:115.40M | Scene, ViewLayer | Updating Geometry BVH Cube.196 269/802 | Building BVH
Fra:1 Mem:228.26M (Peak 319.49M) | Time:00:00.28 | Mem:115.40M, Peak:115.40M | Scene, ViewLayer | Updating Geometry BVH Cube.196 269/802 | Building mesh BLAS |     188 tris | Cube.196
Fra:1 Mem:228.26M (Peak 319.49M) | Time:00:00.28 | Mem:115.40M, Peak:115.40M | Scene, ViewLayer | Updating Geometry BVH Cube.197 270/802 | Building BVH
Fra:1 Mem:228.26M (Peak 319.49M) | Time:00:00.28 | Mem:115.40M, Peak:115.40M | Scene, ViewLayer | Updating Geometry BVH Cube.197 270/802 | Building mesh BLAS |     188 tris | Cube.197
Fra:1 Mem:228.26M (Peak 319.49M) | Time:00:00.28 | Mem:115.42M, Peak:115.42M | Scene, ViewLayer | Updating Geometry BVH Cube.198 271/802 | Building BVH
Fra:1 Mem:228.26M (Peak 319.49M) | Time:00:00.28 | Mem:115.42M, Peak:115.42M | Scene, ViewLayer | Updating Geometry BVH Cube.199 272/802 | Building BVH
Fra:1 Mem:228.26M (Peak 319.49M) | Time:00:00.28 | Mem:115.42M, Peak:115.42M | Scene, ViewLayer | Updating Geometry BVH Cube.199 272/802 | Building mesh BLAS |     188 tris | Cube.198
Fra:1 Mem:228.26M (Peak 319.49M) | Time:00:00.28 | Mem:115.42M, Peak:115.42M | Scene, ViewLayer | Updating Geometry BVH Cube.199 272/802 | Building mesh BLAS |     188 tris | Cube.199
Fra:1 Mem:228.26M (Peak 319.49M) | Time:00:00.28 | Mem:115.42M, Peak:115.42M | Scene, ViewLayer | Updating Geometry BVH Cube.200 273/802 | Building BVH
Fra:1 Mem:228.26M (Peak 319.49M) | Time:00:00.28 | Mem:115.42M, Peak:115.42M | Scene, ViewLayer | Updating Geometry BVH Cube.200 273/802 | Building mesh BLAS |     188 tris | Cube.200
Fra:1 Mem:228.26M (Peak 319.49M) | Time:00:00.28 | Mem:115.45M, Peak:115.45M | Scene, ViewLayer | Updating Geometry BVH Cube.201 274/802 | Building BVH
Fra:1 Mem:228.26M (Peak 319.49M) | Time:00:00.28 | Mem:115.45M, Peak:115.45M | Scene, ViewLayer | Updating Geometry BVH Cube.201 274/802 | Building mesh BLAS |     188 tris | Cube.201
Fra:1 Mem:228.26M (Peak 319.49M) | Time:00:00.28 | Mem:115.47M, Peak:115.47M | Scene, ViewLayer | Updating Geometry BVH Cube.710 787/802 | Building BVH
Fra:1 Mem:228.26M (Peak 319.49M) | Time:00:00.28 | Mem:115.47M, Peak:115.47M | Scene, ViewLayer | Updating Geometry BVH Cube.202 275/802 | Building BVH
Fra:1 Mem:228.26M (Peak 319.49M) | Time:00:00.28 | Mem:115.57M, Peak:115.57M | Scene, ViewLayer | Updating Geometry BVH Cube.202 275/802 | Building mesh BLAS |     188 tris | Cube.202
Fra:1 Mem:228.26M (Peak 319.49M) | Time:00:00.28 | Mem:115.58M, Peak:115.58M | Scene, ViewLayer | Updating Geometry BVH Cube.203 276/802 | Building BVH
Fra:1 Mem:228.26M (Peak 319.49M) | Time:00:00.28 | Mem:115.58M, Peak:115.58M | Scene, ViewLayer | Updating Geometry BVH Cube.203 276/802 | Building mesh BLAS |     188 tris | Cube.203
Fra:1 Mem:228.26M (Peak 319.49M) | Time:00:00.28 | Mem:115.59M, Peak:115.59M | Scene, ViewLayer | Updating Geometry BVH Cube.204 277/802 | Building BVH
Fra:1 Mem:228.26M (Peak 319.49M) | Time:00:00.28 | Mem:115.59M, Peak:115.59M | Scene, ViewLayer | Updating Geometry BVH Cube.205 278/802 | Building BVH
Fra:1 Mem:228.26M (Peak 319.49M) | Time:00:00.28 | Mem:115.59M, Peak:115.59M | Scene, ViewLayer | Updating Geometry BVH Cube.207 280/802 | Building BVH
Fra:1 Mem:228.26M (Peak 319.49M) | Time:00:00.28 | Mem:115.59M, Peak:115.59M | Scene, ViewLayer | Updating Geometry BVH Cube.207 280/802 | Building mesh BLAS |     188 tris | Cube.205
Fra:1 Mem:228.26M (Peak 319.49M) | Time:00:00.28 | Mem:115.59M, Peak:115.59M | Scene, ViewLayer | Updating Geometry BVH Cube.207 280/802 | Building mesh BLAS |     188 tris | Cube.206
Fra:1 Mem:228.26M (Peak 319.49M) | Time:00:00.28 | Mem:115.60M, Peak:115.60M | Scene, ViewLayer | Updating Geometry BVH Cube.207 280/802 | Building mesh BLAS |     188 tris | Cube.207
Fra:1 Mem:228.26M (Peak 319.49M) | Time:00:00.28 | Mem:115.62M, Peak:115.62M | Scene, ViewLayer | Updating Geometry BVH Cube.208 281/802 | Building BVH
Fra:1 Mem:228.26M (Peak 319.49M) | Time:00:00.28 | Mem:115.70M, Peak:115.70M | Scene, ViewLayer | Updating Geometry BVH Cube.210 283/802 | Building BVH
Fra:1 Mem:228.26M (Peak 319.49M) | Time:00:00.28 | Mem:115.70M, Peak:115.70M | Scene, ViewLayer | Updating Geometry BVH Cube.210 283/802 | Building mesh BLAS |     188 tris | Cube.210
Fra:1 Mem:228.26M (Peak 319.49M) | Time:00:00.28 | Mem:115.70M, Peak:115.70M | Scene, ViewLayer | Updating Geometry BVH Cube.210 283/802 | Building mesh BLAS |     188 tris | Cube.209
Fra:1 Mem:228.26M (Peak 319.49M) | Time:00:00.28 | Mem:115.70M, Peak:115.70M | Scene, ViewLayer | Updating Geometry BVH Cube.210 283/802 | Building mesh BLAS |     188 tris | Cube.208
Fra:1 Mem:228.26M (Peak 319.49M) | Time:00:00.28 | Mem:115.72M, Peak:115.72M | Scene, ViewLayer | Updating Geometry BVH Cube.211 284/802 | Building BVH
Fra:1 Mem:228.26M (Peak 319.49M) | Time:00:00.28 | Mem:115.72M, Peak:115.72M | Scene, ViewLayer | Updating Geometry BVH Cube.211 284/802 | Building mesh BLAS |     188 tris | Cube.211
Fra:1 Mem:228.26M (Peak 319.49M) | Time:00:00.28 | Mem:115.72M, Peak:115.72M | Scene, ViewLayer | Updating Geometry BVH Cube.212 285/802 | Building BVH
Fra:1 Mem:228.26M (Peak 319.49M) | Time:00:00.28 | Mem:115.72M, Peak:115.72M | Scene, ViewLayer | Updating Geometry BVH Cube.214 287/802 | Building BVH
Fra:1 Mem:228.26M (Peak 319.49M) | Time:00:00.28 | Mem:115.72M, Peak:115.72M | Scene, ViewLayer | Updating Geometry BVH Cube.214 287/802 | Building mesh BLAS |     188 tris | Cube.212
Fra:1 Mem:228.26M (Peak 319.49M) | Time:00:00.28 | Mem:115.72M, Peak:115.72M | Scene, ViewLayer | Updating Geometry BVH Cube.214 287/802 | Building mesh BLAS |     188 tris | Cube.214
Fra:1 Mem:228.26M (Peak 319.49M) | Time:00:00.28 | Mem:115.72M, Peak:115.72M | Scene, ViewLayer | Updating Geometry BVH Cube.214 287/802 | Building mesh BLAS |     188 tris | Cube.213
Fra:1 Mem:228.26M (Peak 319.49M) | Time:00:00.28 | Mem:115.75M, Peak:115.75M | Scene, ViewLayer | Updating Geometry BVH Cube.215 288/802 | Building BVH
Fra:1 Mem:228.26M (Peak 319.49M) | Time:00:00.28 | Mem:115.79M, Peak:115.79M | Scene, ViewLayer | Updating Geometry BVH Cube.215 288/802 | Building mesh BLAS |     188 tris | Cube.215
Fra:1 Mem:228.26M (Peak 319.49M) | Time:00:00.28 | Mem:115.79M, Peak:115.79M | Scene, ViewLayer | Updating Geometry BVH Cube.216 289/802 | Building BVH
Fra:1 Mem:228.26M (Peak 319.49M) | Time:00:00.28 | Mem:115.79M, Peak:115.79M | Scene, ViewLayer | Updating Geometry BVH Cube.216 289/802 | Building mesh BLAS |     188 tris | Cube.216
Fra:1 Mem:228.26M (Peak 319.49M) | Time:00:00.28 | Mem:115.79M, Peak:115.79M | Scene, ViewLayer | Updating Geometry BVH Cube.217 290/802 | Building BVH
Fra:1 Mem:228.26M (Peak 319.49M) | Time:00:00.28 | Mem:115.79M, Peak:115.79M | Scene, ViewLayer | Updating Geometry BVH Cube.217 290/802 | Building mesh BLAS |     188 tris | Cube.217
Fra:1 Mem:228.26M (Peak 319.49M) | Time:00:00.28 | Mem:115.80M, Peak:115.80M | Scene, ViewLayer | Updating Geometry BVH Cube.218 291/802 | Building BVH
Fra:1 Mem:228.26M (Peak 319.49M) | Time:00:00.28 | Mem:115.80M, Peak:115.80M | Scene, ViewLayer | Updating Geometry BVH Cube.218 291/802 | Building mesh BLAS |     188 tris | Cube.218
Fra:1 Mem:228.26M (Peak 319.49M) | Time:00:00.28 | Mem:115.82M, Peak:115.82M | Scene, ViewLayer | Updating Geometry BVH Cube.219 292/802 | Building BVH
Fra:1 Mem:228.26M (Peak 319.49M) | Time:00:00.28 | Mem:115.82M, Peak:115.82M | Scene, ViewLayer | Updating Geometry BVH Cube.219 292/802 | Building mesh BLAS |     188 tris | Cube.219
Fra:1 Mem:228.26M (Peak 319.49M) | Time:00:00.28 | Mem:115.84M, Peak:115.84M | Scene, ViewLayer | Updating Geometry BVH Cube.220 293/802 | Building BVH
Fra:1 Mem:228.26M (Peak 319.49M) | Time:00:00.28 | Mem:115.85M, Peak:115.85M | Scene, ViewLayer | Updating Geometry BVH Cube.220 293/802 | Building mesh BLAS |     188 tris | Cube.220
Fra:1 Mem:228.26M (Peak 319.49M) | Time:00:00.28 | Mem:115.87M, Peak:115.87M | Scene, ViewLayer | Updating Geometry BVH Cube.221 294/802 | Building BVH
Fra:1 Mem:228.26M (Peak 319.49M) | Time:00:00.28 | Mem:115.88M, Peak:115.88M | Scene, ViewLayer | Updating Geometry BVH Cube.222 295/802 | Building BVH
Fra:1 Mem:228.26M (Peak 319.49M) | Time:00:00.28 | Mem:115.88M, Peak:115.88M | Scene, ViewLayer | Updating Geometry BVH Cube.223 296/802 | Building BVH
Fra:1 Mem:228.26M (Peak 319.49M) | Time:00:00.28 | Mem:115.92M, Peak:115.92M | Scene, ViewLayer | Updating Geometry BVH Cube.224 297/802 | Building mesh BLAS |     188 tris | Cube.222
Fra:1 Mem:228.26M (Peak 319.49M) | Time:00:00.28 | Mem:115.92M, Peak:115.92M | Scene, ViewLayer | Updating Geometry BVH Plane.070 786/802 | Building BVH
Fra:1 Mem:228.26M (Peak 319.49M) | Time:00:00.28 | Mem:115.92M, Peak:115.92M | Scene, ViewLayer | Updating Geometry BVH Cube.225 298/802 | Building BVH
Fra:1 Mem:228.26M (Peak 319.49M) | Time:00:00.28 | Mem:115.93M, Peak:115.93M | Scene, ViewLayer | Updating Geometry BVH Cube.226 299/802 | Building BVH
Fra:1 Mem:228.26M (Peak 319.49M) | Time:00:00.28 | Mem:115.93M, Peak:115.93M | Scene, ViewLayer | Updating Geometry BVH Cube.226 299/802 | Building mesh BLAS |     188 tris | Cube.225
Fra:1 Mem:228.26M (Peak 319.49M) | Time:00:00.28 | Mem:115.93M, Peak:115.93M | Scene, ViewLayer | Updating Geometry BVH Cube.227 300/802 | Building BVH
Fra:1 Mem:228.26M (Peak 319.49M) | Time:00:00.28 | Mem:115.93M, Peak:115.93M | Scene, ViewLayer | Updating Geometry BVH Cube.228 301/802 | Building BVH
Fra:1 Mem:228.26M (Peak 319.49M) | Time:00:00.28 | Mem:115.94M, Peak:115.94M | Scene, ViewLayer | Updating Geometry BVH Cube.228 301/802 | Building mesh BLAS |     188 tris | Cube.224
Fra:1 Mem:228.26M (Peak 319.49M) | Time:00:00.28 | Mem:115.95M, Peak:115.95M | Scene, ViewLayer | Updating Geometry BVH Cube.228 301/802 | Building mesh BLAS |     188 tris | Cube.227
Fra:1 Mem:228.26M (Peak 319.49M) | Time:00:00.28 | Mem:115.97M, Peak:115.97M | Scene, ViewLayer | Updating Geometry BVH Cube.229 302/802 | Building BVH
Fra:1 Mem:228.26M (Peak 319.49M) | Time:00:00.28 | Mem:115.98M, Peak:115.98M | Scene, ViewLayer | Updating Geometry BVH Cube.230 303/802 | Building BVH
Fra:1 Mem:228.26M (Peak 319.49M) | Time:00:00.28 | Mem:116.00M, Peak:116.00M | Scene, ViewLayer | Updating Geometry BVH Cube.230 303/802 | Building mesh BLAS |     188 tris | Cube.229
Fra:1 Mem:228.26M (Peak 319.49M) | Time:00:00.28 | Mem:116.00M, Peak:116.00M | Scene, ViewLayer | Updating Geometry BVH Cube.230 303/802 | Building mesh BLAS |     188 tris | Cube.230
Fra:1 Mem:228.26M (Peak 319.49M) | Time:00:00.28 | Mem:116.00M, Peak:116.00M | Scene, ViewLayer | Updating Geometry BVH Cube.233 306/802 | Building BVH
Fra:1 Mem:228.26M (Peak 319.49M) | Time:00:00.28 | Mem:116.00M, Peak:116.00M | Scene, ViewLayer | Updating Geometry BVH Cube.234 307/802 | Building BVH
Fra:1 Mem:228.26M (Peak 319.49M) | Time:00:00.28 | Mem:116.00M, Peak:116.00M | Scene, ViewLayer | Updating Geometry BVH Cube.234 307/802 | Building mesh BLAS |     188 tris | Cube.233
Fra:1 Mem:228.26M (Peak 319.49M) | Time:00:00.28 | Mem:116.00M, Peak:116.00M | Scene, ViewLayer | Updating Geometry BVH Cube.234 307/802 | Building mesh BLAS |     188 tris | Cube.234
Fra:1 Mem:228.26M (Peak 319.49M) | Time:00:00.28 | Mem:116.00M, Peak:116.00M | Scene, ViewLayer | Updating Geometry BVH Cube.234 307/802 | Building mesh BLAS |     188 tris | Cube.231
Fra:1 Mem:228.26M (Peak 319.49M) | Time:00:00.28 | Mem:116.02M, Peak:116.02M | Scene, ViewLayer | Updating Geometry BVH Cube.234 307/802 | Building mesh BLAS |  106900 tris | Plane.070
Fra:1 Mem:228.26M (Peak 319.49M) | Time:00:00.28 | Mem:116.03M, Peak:116.03M | Scene, ViewLayer | Updating Geometry BVH Cube.235 308/802 | Building BVH
Fra:1 Mem:228.26M (Peak 319.49M) | Time:00:00.28 | Mem:116.03M, Peak:116.03M | Scene, ViewLayer | Updating Geometry BVH Cube.235 308/802 | Building mesh BLAS |     188 tris | Cube.235
Fra:1 Mem:228.26M (Peak 319.49M) | Time:00:00.28 | Mem:116.04M, Peak:116.04M | Scene, ViewLayer | Updating Geometry BVH Cube.236 309/802 | Building BVH
Fra:1 Mem:228.26M (Peak 319.49M) | Time:00:00.28 | Mem:116.04M, Peak:116.04M | Scene, ViewLayer | Updating Geometry BVH Cube.236 309/802 | Building mesh BLAS |     188 tris | Cube.236
Fra:1 Mem:228.26M (Peak 319.49M) | Time:00:00.28 | Mem:116.06M, Peak:116.06M | Scene, ViewLayer | Updating Geometry BVH Cube.237 310/802 | Building BVH
Fra:1 Mem:228.26M (Peak 319.49M) | Time:00:00.28 | Mem:116.06M, Peak:116.06M | Scene, ViewLayer | Updating Geometry BVH Cube.237 310/802 | Building mesh BLAS |     188 tris | Cube.237
Fra:1 Mem:228.26M (Peak 319.49M) | Time:00:00.28 | Mem:116.06M, Peak:116.06M | Scene, ViewLayer | Updating Geometry BVH Cube.238 311/802 | Building BVH
Fra:1 Mem:228.26M (Peak 319.49M) | Time:00:00.28 | Mem:116.06M, Peak:116.06M | Scene, ViewLayer | Updating Geometry BVH Cube.238 311/802 | Building mesh BLAS |     188 tris | Cube.238
Fra:1 Mem:228.26M (Peak 319.49M) | Time:00:00.28 | Mem:116.08M, Peak:116.08M | Scene, ViewLayer | Updating Geometry BVH Cube.239 312/802 | Building BVH
Fra:1 Mem:228.26M (Peak 319.49M) | Time:00:00.28 | Mem:116.08M, Peak:116.08M | Scene, ViewLayer | Updating Geometry BVH Cube.240 313/802 | Building BVH
Fra:1 Mem:228.26M (Peak 319.49M) | Time:00:00.28 | Mem:116.08M, Peak:116.08M | Scene, ViewLayer | Updating Geometry BVH Cube.240 313/802 | Building mesh BLAS |     188 tris | Cube.239
Fra:1 Mem:228.26M (Peak 319.49M) | Time:00:00.28 | Mem:116.08M, Peak:116.08M | Scene, ViewLayer | Updating Geometry BVH Cube.240 313/802 | Building mesh BLAS |     188 tris | Cube.240
Fra:1 Mem:228.26M (Peak 319.49M) | Time:00:00.28 | Mem:116.08M, Peak:116.08M | Scene, ViewLayer | Updating Geometry BVH Cube.241 314/802 | Building BVH
Fra:1 Mem:228.26M (Peak 319.49M) | Time:00:00.28 | Mem:116.08M, Peak:116.08M | Scene, ViewLayer | Updating Geometry BVH Cube.241 314/802 | Building mesh BLAS |     188 tris | Cube.241
Fra:1 Mem:228.26M (Peak 319.49M) | Time:00:00.28 | Mem:116.08M, Peak:116.08M | Scene, ViewLayer | Updating Geometry BVH Cube.242 315/802 | Building BVH
Fra:1 Mem:228.26M (Peak 319.49M) | Time:00:00.28 | Mem:116.08M, Peak:116.08M | Scene, ViewLayer | Updating Geometry BVH Cube.242 315/802 | Building mesh BLAS |     188 tris | Cube.242
Fra:1 Mem:228.26M (Peak 319.49M) | Time:00:00.28 | Mem:116.08M, Peak:116.08M | Scene, ViewLayer | Updating Geometry BVH Cube.243 316/802 | Building BVH
Fra:1 Mem:228.26M (Peak 319.49M) | Time:00:00.28 | Mem:116.08M, Peak:116.08M | Scene, ViewLayer | Updating Geometry BVH Cube.243 316/802 | Building mesh BLAS |     188 tris | Cube.243
Fra:1 Mem:228.26M (Peak 319.49M) | Time:00:00.28 | Mem:116.09M, Peak:116.09M | Scene, ViewLayer | Updating Geometry BVH Cube.244 317/802 | Building BVH
Fra:1 Mem:228.26M (Peak 319.49M) | Time:00:00.28 | Mem:116.09M, Peak:116.09M | Scene, ViewLayer | Updating Geometry BVH Cube.244 317/802 | Building mesh BLAS |     188 tris | Cube.244
Fra:1 Mem:228.26M (Peak 319.49M) | Time:00:00.28 | Mem:116.12M, Peak:116.12M | Scene, ViewLayer | Updating Geometry BVH Cube.246 319/802 | Building BVH
Fra:1 Mem:228.26M (Peak 319.49M) | Time:00:00.28 | Mem:116.12M, Peak:116.12M | Scene, ViewLayer | Updating Geometry BVH Cube.247 320/802 | Building BVH
Fra:1 Mem:228.26M (Peak 319.49M) | Time:00:00.28 | Mem:116.14M, Peak:116.14M | Scene, ViewLayer | Updating Geometry BVH Cube.248 321/802 | Building BVH
Fra:1 Mem:228.26M (Peak 319.49M) | Time:00:00.28 | Mem:116.14M, Peak:116.14M | Scene, ViewLayer | Updating Geometry BVH Cube.248 321/802 | Building mesh BLAS |     188 tris | Cube.247
Fra:1 Mem:228.26M (Peak 319.49M) | Time:00:00.28 | Mem:116.15M, Peak:116.15M | Scene, ViewLayer | Updating Geometry BVH Cube.249 322/802 | Building BVH
Fra:1 Mem:228.26M (Peak 319.49M) | Time:00:00.28 | Mem:116.15M, Peak:116.15M | Scene, ViewLayer | Updating Geometry BVH Cube.249 322/802 | Building mesh BLAS |     188 tris | Cube.245
Fra:1 Mem:228.26M (Peak 319.49M) | Time:00:00.28 | Mem:116.15M, Peak:116.15M | Scene, ViewLayer | Updating Geometry BVH Cube.250 323/802 | Building BVH
Fra:1 Mem:228.26M (Peak 319.49M) | Time:00:00.28 | Mem:116.15M, Peak:116.15M | Scene, ViewLayer | Updating Geometry BVH Cube.250 323/802 | Building mesh BLAS |     188 tris | Cube.250
Fra:1 Mem:228.26M (Peak 319.49M) | Time:00:00.28 | Mem:116.15M, Peak:116.15M | Scene, ViewLayer | Updating Geometry BVH Cube.250 323/802 | Building mesh BLAS |     188 tris | Cube.249
Fra:1 Mem:228.26M (Peak 319.49M) | Time:00:00.28 | Mem:116.15M, Peak:116.15M | Scene, ViewLayer | Updating Geometry BVH Cube.251 324/802 | Building mesh BLAS |     188 tris | Cube.248
Fra:1 Mem:228.26M (Peak 319.49M) | Time:00:00.28 | Mem:116.16M, Peak:116.16M | Scene, ViewLayer | Updating Geometry BVH Cube.251 324/802 | Building mesh BLAS |     188 tris | Cube.251
Fra:1 Mem:228.26M (Peak 319.49M) | Time:00:00.28 | Mem:116.18M, Peak:116.18M | Scene, ViewLayer | Updating Geometry BVH Cube.252 325/802 | Building BVH
Fra:1 Mem:228.26M (Peak 319.49M) | Time:00:00.28 | Mem:116.19M, Peak:116.19M | Scene, ViewLayer | Updating Geometry BVH Cube.252 325/802 | Building mesh BLAS |     188 tris | Cube.252
Fra:1 Mem:228.26M (Peak 319.49M) | Time:00:00.28 | Mem:116.20M, Peak:116.20M | Scene, ViewLayer | Updating Geometry BVH Cube.253 326/802 | Building BVH
Fra:1 Mem:228.26M (Peak 319.49M) | Time:00:00.28 | Mem:116.21M, Peak:116.21M | Scene, ViewLayer | Updating Geometry BVH Cube.253 326/802 | Building mesh BLAS |     188 tris | Cube.253
Fra:1 Mem:228.26M (Peak 319.49M) | Time:00:00.28 | Mem:116.22M, Peak:116.22M | Scene, ViewLayer | Updating Geometry BVH Cube.254 327/802 | Building BVH
Fra:1 Mem:228.26M (Peak 319.49M) | Time:00:00.28 | Mem:116.22M, Peak:116.22M | Scene, ViewLayer | Updating Geometry BVH Cube.255 328/802 | Building BVH
Fra:1 Mem:228.26M (Peak 319.49M) | Time:00:00.28 | Mem:116.22M, Peak:116.22M | Scene, ViewLayer | Updating Geometry BVH Cube.255 328/802 | Building mesh BLAS |     188 tris | Cube.254
Fra:1 Mem:228.26M (Peak 319.49M) | Time:00:00.28 | Mem:116.22M, Peak:116.22M | Scene, ViewLayer | Updating Geometry BVH Cube.255 328/802 | Building mesh BLAS |     188 tris | Cube.255
Fra:1 Mem:228.26M (Peak 319.49M) | Time:00:00.28 | Mem:116.22M, Peak:116.22M | Scene, ViewLayer | Updating Geometry BVH Cube.256 329/802 | Building BVH
Fra:1 Mem:228.26M (Peak 319.49M) | Time:00:00.28 | Mem:116.22M, Peak:116.22M | Scene, ViewLayer | Updating Geometry BVH Cube.256 329/802 | Building mesh BLAS |     188 tris | Cube.256
Fra:1 Mem:228.26M (Peak 319.49M) | Time:00:00.28 | Mem:116.24M, Peak:116.24M | Scene, ViewLayer | Updating Geometry BVH Cube.257 330/802 | Building BVH
Fra:1 Mem:228.26M (Peak 319.49M) | Time:00:00.28 | Mem:116.24M, Peak:116.24M | Scene, ViewLayer | Updating Geometry BVH Cube.257 330/802 | Building mesh BLAS |     188 tris | Cube.257
Fra:1 Mem:228.26M (Peak 319.49M) | Time:00:00.28 | Mem:116.24M, Peak:116.24M | Scene, ViewLayer | Updating Geometry BVH Cube.258 331/802 | Building BVH
Fra:1 Mem:228.26M (Peak 319.49M) | Time:00:00.28 | Mem:116.24M, Peak:116.24M | Scene, ViewLayer | Updating Geometry BVH Cube.259 332/802 | Building BVH
Fra:1 Mem:228.26M (Peak 319.49M) | Time:00:00.28 | Mem:116.24M, Peak:116.24M | Scene, ViewLayer | Updating Geometry BVH Cube.259 332/802 | Building mesh BLAS |     188 tris | Cube.259
Fra:1 Mem:228.26M (Peak 319.49M) | Time:00:00.28 | Mem:116.25M, Peak:116.25M | Scene, ViewLayer | Updating Geometry BVH Circle.002 785/802 | Building BVH
Fra:1 Mem:228.26M (Peak 319.49M) | Time:00:00.28 | Mem:116.25M, Peak:116.25M | Scene, ViewLayer | Updating Geometry BVH Cube.260 333/802 | Building BVH
Fra:1 Mem:228.26M (Peak 319.49M) | Time:00:00.28 | Mem:116.25M, Peak:116.25M | Scene, ViewLayer | Updating Geometry BVH Cube.260 333/802 | Building mesh BLAS |     188 tris | Cube.260
Fra:1 Mem:228.26M (Peak 319.49M) | Time:00:00.28 | Mem:116.25M, Peak:116.25M | Scene, ViewLayer | Updating Geometry BVH Cube.260 333/802 | Building mesh BLAS |    5440 tris | Circle.002
Fra:1 Mem:228.26M (Peak 319.49M) | Time:00:00.28 | Mem:116.25M, Peak:116.25M | Scene, ViewLayer | Updating Geometry BVH Cube.261 334/802 | Building BVH
Fra:1 Mem:228.26M (Peak 319.49M) | Time:00:00.28 | Mem:116.25M, Peak:116.25M | Scene, ViewLayer | Updating Geometry BVH Cube.261 334/802 | Building mesh BLAS |     188 tris | Cube.261
Fra:1 Mem:228.26M (Peak 319.49M) | Time:00:00.28 | Mem:116.25M, Peak:116.25M | Scene, ViewLayer | Updating Geometry BVH Cube.262 335/802 | Building BVH
Fra:1 Mem:228.26M (Peak 319.49M) | Time:00:00.28 | Mem:116.25M, Peak:116.25M | Scene, ViewLayer | Updating Geometry BVH Cube.262 335/802 | Building mesh BLAS |     188 tris | Cube.262
Fra:1 Mem:228.26M (Peak 319.49M) | Time:00:00.28 | Mem:116.25M, Peak:116.25M | Scene, ViewLayer | Updating Geometry BVH Cube.263 336/802 | Building BVH
Fra:1 Mem:228.26M (Peak 319.49M) | Time:00:00.28 | Mem:116.25M, Peak:116.25M | Scene, ViewLayer | Updating Geometry BVH Cube.263 336/802 | Building mesh BLAS |     188 tris | Cube.263
Fra:1 Mem:228.26M (Peak 319.49M) | Time:00:00.28 | Mem:116.27M, Peak:116.27M | Scene, ViewLayer | Updating Geometry BVH Cube.264 337/802 | Building BVH
Fra:1 Mem:228.26M (Peak 319.49M) | Time:00:00.28 | Mem:116.29M, Peak:116.29M | Scene, ViewLayer | Updating Geometry BVH Cube.265 338/802 | Building BVH
Fra:1 Mem:228.26M (Peak 319.49M) | Time:00:00.28 | Mem:116.29M, Peak:116.29M | Scene, ViewLayer | Updating Geometry BVH Cube.265 338/802 | Building mesh BLAS |     188 tris | Cube.265
Fra:1 Mem:228.26M (Peak 319.49M) | Time:00:00.28 | Mem:116.31M, Peak:116.31M | Scene, ViewLayer | Updating Geometry BVH Cube.267 340/802 | Building BVH
Fra:1 Mem:228.26M (Peak 319.49M) | Time:00:00.28 | Mem:116.32M, Peak:116.32M | Scene, ViewLayer | Updating Geometry BVH Cube.268 341/802 | Building BVH
Fra:1 Mem:228.26M (Peak 319.49M) | Time:00:00.28 | Mem:116.34M, Peak:116.34M | Scene, ViewLayer | Updating Geometry BVH Cube.269 342/802 | Building mesh BLAS |     188 tris | Cube.266
Fra:1 Mem:228.26M (Peak 319.49M) | Time:00:00.28 | Mem:116.35M, Peak:116.35M | Scene, ViewLayer | Updating Geometry BVH Cube.269 342/802 | Building mesh BLAS |     188 tris | Cube.267
Fra:1 Mem:228.26M (Peak 319.49M) | Time:00:00.28 | Mem:116.36M, Peak:116.36M | Scene, ViewLayer | Updating Geometry BVH Cube.270 343/802 | Building BVH
Fra:1 Mem:228.26M (Peak 319.49M) | Time:00:00.28 | Mem:116.36M, Peak:116.36M | Scene, ViewLayer | Updating Geometry BVH Cube.270 343/802 | Building mesh BLAS |     188 tris | Cube.268
Fra:1 Mem:228.26M (Peak 319.49M) | Time:00:00.28 | Mem:116.36M, Peak:116.36M | Scene, ViewLayer | Updating Geometry BVH Cube.270 343/802 | Building mesh BLAS |     188 tris | Cube.270
Fra:1 Mem:228.26M (Peak 319.49M) | Time:00:00.28 | Mem:116.36M, Peak:116.36M | Scene, ViewLayer | Updating Geometry BVH Cube.271 344/802 | Building BVH
Fra:1 Mem:228.26M (Peak 319.49M) | Time:00:00.28 | Mem:116.36M, Peak:116.36M | Scene, ViewLayer | Updating Geometry BVH Cube.271 344/802 | Building mesh BLAS |     188 tris | Cube.271
Fra:1 Mem:228.26M (Peak 319.49M) | Time:00:00.28 | Mem:116.36M, Peak:116.36M | Scene, ViewLayer | Updating Geometry BVH Cube.271 344/802 | Building mesh BLAS |     188 tris | Cube.269
Fra:1 Mem:228.26M (Peak 319.49M) | Time:00:00.28 | Mem:116.38M, Peak:116.38M | Scene, ViewLayer | Updating Geometry BVH Cube.272 345/802 | Building BVH
Fra:1 Mem:228.26M (Peak 319.49M) | Time:00:00.28 | Mem:116.38M, Peak:116.38M | Scene, ViewLayer | Updating Geometry BVH Cube.272 345/802 | Building mesh BLAS |     188 tris | Cube.272
Fra:1 Mem:228.26M (Peak 319.49M) | Time:00:00.28 | Mem:116.38M, Peak:116.38M | Scene, ViewLayer | Updating Geometry BVH Cube.273 346/802 | Building BVH
Fra:1 Mem:228.26M (Peak 319.49M) | Time:00:00.28 | Mem:116.39M, Peak:116.39M | Scene, ViewLayer | Updating Geometry BVH Cube.273 346/802 | Building mesh BLAS |     188 tris | Cube.273
Fra:1 Mem:228.26M (Peak 319.49M) | Time:00:00.28 | Mem:116.39M, Peak:116.39M | Scene, ViewLayer | Updating Geometry BVH Cube.274 347/802 | Building BVH
Fra:1 Mem:228.26M (Peak 319.49M) | Time:00:00.28 | Mem:116.40M, Peak:116.40M | Scene, ViewLayer | Updating Geometry BVH Cube.274 347/802 | Building mesh BLAS |     188 tris | Cube.274
Fra:1 Mem:228.26M (Peak 319.49M) | Time:00:00.28 | Mem:116.41M, Peak:116.41M | Scene, ViewLayer | Updating Geometry BVH Cube.275 348/802 | Building BVH
Fra:1 Mem:228.26M (Peak 319.49M) | Time:00:00.28 | Mem:116.41M, Peak:116.41M | Scene, ViewLayer | Updating Geometry BVH Cube.276 349/802 | Building BVH
Fra:1 Mem:228.26M (Peak 319.49M) | Time:00:00.28 | Mem:116.41M, Peak:116.41M | Scene, ViewLayer | Updating Geometry BVH Cube.277 350/802 | Building BVH
Fra:1 Mem:228.26M (Peak 319.49M) | Time:00:00.28 | Mem:116.41M, Peak:116.41M | Scene, ViewLayer | Updating Geometry BVH Cube.277 350/802 | Building mesh BLAS |     188 tris | Cube.276
Fra:1 Mem:228.26M (Peak 319.49M) | Time:00:00.28 | Mem:116.41M, Peak:116.41M | Scene, ViewLayer | Updating Geometry BVH Cube.277 350/802 | Building mesh BLAS |     188 tris | Cube.277
Fra:1 Mem:228.26M (Peak 319.49M) | Time:00:00.28 | Mem:116.41M, Peak:116.41M | Scene, ViewLayer | Updating Geometry BVH Circle.008 784/802 | Building BVH
Fra:1 Mem:228.26M (Peak 319.49M) | Time:00:00.28 | Mem:116.43M, Peak:116.43M | Scene, ViewLayer | Updating Geometry BVH Cube.278 351/802 | Building BVH
Fra:1 Mem:228.26M (Peak 319.49M) | Time:00:00.28 | Mem:116.43M, Peak:116.43M | Scene, ViewLayer | Updating Geometry BVH Cube.278 351/802 | Building mesh BLAS |     188 tris | Cube.278
Fra:1 Mem:228.26M (Peak 319.49M) | Time:00:00.28 | Mem:116.44M, Peak:116.44M | Scene, ViewLayer | Updating Geometry BVH Cube.279 352/802 | Building BVH
Fra:1 Mem:228.26M (Peak 319.49M) | Time:00:00.28 | Mem:116.46M, Peak:116.46M | Scene, ViewLayer | Updating Geometry BVH Cube.282 355/802 | Building BVH
Fra:1 Mem:228.26M (Peak 319.49M) | Time:00:00.28 | Mem:116.48M, Peak:116.48M | Scene, ViewLayer | Updating Geometry BVH Cube.283 356/802 | Building BVH
Fra:1 Mem:228.26M (Peak 319.49M) | Time:00:00.28 | Mem:116.49M, Peak:116.49M | Scene, ViewLayer | Updating Geometry BVH Cube.283 356/802 | Building mesh BLAS |     188 tris | Cube.280
Fra:1 Mem:228.26M (Peak 319.49M) | Time:00:00.28 | Mem:116.49M, Peak:116.49M | Scene, ViewLayer | Updating Geometry BVH Cube.284 357/802 | Building BVH
Fra:1 Mem:228.26M (Peak 319.49M) | Time:00:00.28 | Mem:116.49M, Peak:116.49M | Scene, ViewLayer | Updating Geometry BVH Cube.284 357/802 | Building mesh BLAS |     188 tris | Cube.283
Fra:1 Mem:228.26M (Peak 319.49M) | Time:00:00.28 | Mem:116.49M, Peak:116.49M | Scene, ViewLayer | Updating Geometry BVH Cube.284 357/802 | Building mesh BLAS |   56878 tris | Circle.008
Fra:1 Mem:228.26M (Peak 319.49M) | Time:00:00.28 | Mem:116.49M, Peak:116.49M | Scene, ViewLayer | Updating Geometry BVH Cube.285 358/802 | Building mesh BLAS |     188 tris | Cube.281
Fra:1 Mem:228.26M (Peak 319.49M) | Time:00:00.28 | Mem:116.50M, Peak:116.50M | Scene, ViewLayer | Updating Geometry BVH Cube.286 359/802 | Building BVH
Fra:1 Mem:228.26M (Peak 319.49M) | Time:00:00.28 | Mem:116.50M, Peak:116.50M | Scene, ViewLayer | Updating Geometry BVH Cube.287 360/802 | Building mesh BLAS |     188 tris | Cube.284
Fra:1 Mem:228.26M (Peak 319.49M) | Time:00:00.28 | Mem:116.51M, Peak:116.51M | Scene, ViewLayer | Updating Geometry BVH Cube.288 361/802 | Building BVH
Fra:1 Mem:228.26M (Peak 319.49M) | Time:00:00.28 | Mem:116.51M, Peak:116.51M | Scene, ViewLayer | Updating Geometry BVH Cube.288 361/802 | Building mesh BLAS |     188 tris | Cube.285
Fra:1 Mem:228.26M (Peak 319.49M) | Time:00:00.28 | Mem:116.52M, Peak:116.52M | Scene, ViewLayer | Updating Geometry BVH Cube.288 361/802 | Building mesh BLAS |     188 tris | Cube.286
Fra:1 Mem:228.26M (Peak 319.49M) | Time:00:00.28 | Mem:116.52M, Peak:116.52M | Scene, ViewLayer | Updating Geometry BVH Cube.289 362/802 | Building BVH
Fra:1 Mem:228.26M (Peak 319.49M) | Time:00:00.28 | Mem:116.52M, Peak:116.52M | Scene, ViewLayer | Updating Geometry BVH Cube.289 362/802 | Building mesh BLAS |     188 tris | Cube.288
Fra:1 Mem:228.26M (Peak 319.49M) | Time:00:00.28 | Mem:116.52M, Peak:116.52M | Scene, ViewLayer | Updating Geometry BVH Cube.289 362/802 | Building mesh BLAS |     188 tris | Cube.287
Fra:1 Mem:228.26M (Peak 319.49M) | Time:00:00.28 | Mem:116.52M, Peak:116.52M | Scene, ViewLayer | Updating Geometry BVH Cube.290 363/802 | Building BVH
Fra:1 Mem:228.26M (Peak 319.49M) | Time:00:00.28 | Mem:116.52M, Peak:116.52M | Scene, ViewLayer | Updating Geometry BVH Cube.290 363/802 | Building mesh BLAS |     188 tris | Cube.290
Fra:1 Mem:228.26M (Peak 319.49M) | Time:00:00.29 | Mem:116.54M, Peak:116.54M | Scene, ViewLayer | Updating Geometry BVH Cube.291 364/802 | Building BVH
Fra:1 Mem:228.26M (Peak 319.49M) | Time:00:00.29 | Mem:116.54M, Peak:116.54M | Scene, ViewLayer | Updating Geometry BVH Cube.291 364/802 | Building mesh BLAS |     188 tris | Cube.291
Fra:1 Mem:228.26M (Peak 319.49M) | Time:00:00.29 | Mem:116.57M, Peak:116.57M | Scene, ViewLayer | Updating Geometry BVH Cube.292 365/802 | Building BVH
Fra:1 Mem:228.26M (Peak 319.49M) | Time:00:00.29 | Mem:116.57M, Peak:116.57M | Scene, ViewLayer | Updating Geometry BVH Cube.292 365/802 | Building mesh BLAS |     188 tris | Cube.292
Fra:1 Mem:228.26M (Peak 319.49M) | Time:00:00.29 | Mem:116.57M, Peak:116.57M | Scene, ViewLayer | Updating Geometry BVH Cube.293 366/802 | Building BVH
Fra:1 Mem:228.26M (Peak 319.49M) | Time:00:00.29 | Mem:116.57M, Peak:116.57M | Scene, ViewLayer | Updating Geometry BVH Cube.294 367/802 | Building BVH
Fra:1 Mem:228.26M (Peak 319.49M) | Time:00:00.29 | Mem:116.57M, Peak:116.57M | Scene, ViewLayer | Updating Geometry BVH Cube.294 367/802 | Building mesh BLAS |     188 tris | Cube.293
Fra:1 Mem:228.26M (Peak 319.49M) | Time:00:00.29 | Mem:116.57M, Peak:116.57M | Scene, ViewLayer | Updating Geometry BVH Cube.294 367/802 | Building mesh BLAS |     188 tris | Cube.294
Fra:1 Mem:228.26M (Peak 319.49M) | Time:00:00.29 | Mem:116.57M, Peak:116.57M | Scene, ViewLayer | Updating Geometry BVH Cube.295 368/802 | Building BVH
Fra:1 Mem:228.26M (Peak 319.49M) | Time:00:00.29 | Mem:116.57M, Peak:116.57M | Scene, ViewLayer | Updating Geometry BVH Cube.295 368/802 | Building mesh BLAS |     188 tris | Cube.295
Fra:1 Mem:228.26M (Peak 319.49M) | Time:00:00.29 | Mem:116.61M, Peak:116.61M | Scene, ViewLayer | Updating Geometry BVH potted_plant_01_base_low 783/802 | Building BVH
Fra:1 Mem:228.26M (Peak 319.49M) | Time:00:00.29 | Mem:116.61M, Peak:116.61M | Scene, ViewLayer | Updating Geometry BVH Cube.297 370/802 | Building BVH
Fra:1 Mem:228.26M (Peak 319.49M) | Time:00:00.29 | Mem:116.61M, Peak:116.61M | Scene, ViewLayer | Updating Geometry BVH Cube.297 370/802 | Building mesh BLAS |     188 tris | Cube.296
Fra:1 Mem:228.26M (Peak 319.49M) | Time:00:00.29 | Mem:116.61M, Peak:116.61M | Scene, ViewLayer | Updating Geometry BVH Cube.298 371/802 | Building mesh BLAS |    7008 tris | potted_plant_01_base_low
Fra:1 Mem:228.26M (Peak 319.49M) | Time:00:00.29 | Mem:116.61M, Peak:116.61M | Scene, ViewLayer | Updating Geometry BVH Cube.298 371/802 | Building mesh BLAS |     188 tris | Cube.297
Fra:1 Mem:228.26M (Peak 319.49M) | Time:00:00.29 | Mem:116.62M, Peak:116.62M | Scene, ViewLayer | Updating Geometry BVH Cube.298 371/802 | Building mesh BLAS |     188 tris | Cube.298
Fra:1 Mem:228.26M (Peak 319.49M) | Time:00:00.29 | Mem:116.63M, Peak:116.63M | Scene, ViewLayer | Updating Geometry BVH Cube.299 372/802 | Building BVH
Fra:1 Mem:228.26M (Peak 319.49M) | Time:00:00.29 | Mem:116.63M, Peak:116.63M | Scene, ViewLayer | Updating Geometry BVH Cube.300 373/802 | Building BVH
Fra:1 Mem:228.26M (Peak 319.49M) | Time:00:00.29 | Mem:116.63M, Peak:116.63M | Scene, ViewLayer | Updating Geometry BVH Cube.300 373/802 | Building mesh BLAS |     188 tris | Cube.299
Fra:1 Mem:228.26M (Peak 319.49M) | Time:00:00.29 | Mem:116.63M, Peak:116.63M | Scene, ViewLayer | Updating Geometry BVH Cube.300 373/802 | Building mesh BLAS |     188 tris | Cube.300
Fra:1 Mem:228.26M (Peak 319.49M) | Time:00:00.29 | Mem:116.65M, Peak:116.65M | Scene, ViewLayer | Updating Geometry BVH Cube.301 374/802 | Building BVH
Fra:1 Mem:228.26M (Peak 319.49M) | Time:00:00.29 | Mem:116.65M, Peak:116.65M | Scene, ViewLayer | Updating Geometry BVH Cube.301 374/802 | Building mesh BLAS |     188 tris | Cube.301
Fra:1 Mem:228.26M (Peak 319.49M) | Time:00:00.29 | Mem:116.66M, Peak:116.66M | Scene, ViewLayer | Updating Geometry BVH Cube.302 375/802 | Building BVH
Fra:1 Mem:228.26M (Peak 319.49M) | Time:00:00.29 | Mem:116.66M, Peak:116.66M | Scene, ViewLayer | Updating Geometry BVH Cube.302 375/802 | Building mesh BLAS |     188 tris | Cube.302
Fra:1 Mem:228.26M (Peak 319.49M) | Time:00:00.29 | Mem:116.67M, Peak:116.67M | Scene, ViewLayer | Updating Geometry BVH Cube.303 376/802 | Building BVH
Fra:1 Mem:228.26M (Peak 319.49M) | Time:00:00.29 | Mem:116.67M, Peak:116.67M | Scene, ViewLayer | Updating Geometry BVH Cube.304 377/802 | Building BVH
Fra:1 Mem:228.26M (Peak 319.49M) | Time:00:00.29 | Mem:116.67M, Peak:116.67M | Scene, ViewLayer | Updating Geometry BVH Cube.304 377/802 | Building mesh BLAS |     188 tris | Cube.303
Fra:1 Mem:228.26M (Peak 319.49M) | Time:00:00.29 | Mem:116.67M, Peak:116.67M | Scene, ViewLayer | Updating Geometry BVH Cube.306 379/802 | Building BVH
Fra:1 Mem:228.26M (Peak 319.49M) | Time:00:00.29 | Mem:116.67M, Peak:116.67M | Scene, ViewLayer | Updating Geometry BVH Cube.306 379/802 | Building mesh BLAS |     188 tris | Cube.306
Fra:1 Mem:228.26M (Peak 319.49M) | Time:00:00.29 | Mem:116.67M, Peak:116.67M | Scene, ViewLayer | Updating Geometry BVH Cube.306 379/802 | Building mesh BLAS |     188 tris | Cube.305
Fra:1 Mem:228.26M (Peak 319.49M) | Time:00:00.29 | Mem:116.68M, Peak:116.68M | Scene, ViewLayer | Updating Geometry BVH Cube.307 380/802 | Building BVH
Fra:1 Mem:228.26M (Peak 319.49M) | Time:00:00.29 | Mem:116.70M, Peak:116.70M | Scene, ViewLayer | Updating Geometry BVH Cube.307 380/802 | Building mesh BLAS |     188 tris | Cube.307
Fra:1 Mem:228.26M (Peak 319.49M) | Time:00:00.29 | Mem:116.71M, Peak:116.71M | Scene, ViewLayer | Updating Geometry BVH Cube.308 381/802 | Building BVH
Fra:1 Mem:228.26M (Peak 319.49M) | Time:00:00.29 | Mem:116.73M, Peak:116.73M | Scene, ViewLayer | Updating Geometry BVH Cube.308 381/802 | Building mesh BLAS |     188 tris | Cube.308
Fra:1 Mem:228.26M (Peak 319.49M) | Time:00:00.29 | Mem:116.73M, Peak:116.73M | Scene, ViewLayer | Updating Geometry BVH Cube.309 382/802 | Building BVH
Fra:1 Mem:228.26M (Peak 319.49M) | Time:00:00.29 | Mem:116.73M, Peak:116.73M | Scene, ViewLayer | Updating Geometry BVH Cube.310 383/802 | Building BVH
Fra:1 Mem:228.26M (Peak 319.49M) | Time:00:00.29 | Mem:116.73M, Peak:116.73M | Scene, ViewLayer | Updating Geometry BVH Cube.310 383/802 | Building mesh BLAS |     188 tris | Cube.309
Fra:1 Mem:228.26M (Peak 319.49M) | Time:00:00.29 | Mem:116.74M, Peak:116.74M | Scene, ViewLayer | Updating Geometry BVH Cube.310 383/802 | Building mesh BLAS |     188 tris | Cube.310
Fra:1 Mem:228.26M (Peak 319.49M) | Time:00:00.29 | Mem:116.74M, Peak:116.74M | Scene, ViewLayer | Updating Geometry BVH Cube.311 384/802 | Building BVH
Fra:1 Mem:228.26M (Peak 319.49M) | Time:00:00.29 | Mem:116.74M, Peak:116.74M | Scene, ViewLayer | Updating Geometry BVH Cube.311 384/802 | Building mesh BLAS |     188 tris | Cube.311
Fra:1 Mem:228.26M (Peak 319.49M) | Time:00:00.29 | Mem:116.77M, Peak:116.77M | Scene, ViewLayer | Updating Geometry BVH Cube.312 385/802 | Building BVH
Fra:1 Mem:228.26M (Peak 319.49M) | Time:00:00.29 | Mem:116.77M, Peak:116.77M | Scene, ViewLayer | Updating Geometry BVH Cube.312 385/802 | Building mesh BLAS |     188 tris | Cube.312
Fra:1 Mem:228.26M (Peak 319.49M) | Time:00:00.29 | Mem:116.77M, Peak:116.77M | Scene, ViewLayer | Updating Geometry BVH Cube.313 386/802 | Building BVH
Fra:1 Mem:228.26M (Peak 319.49M) | Time:00:00.29 | Mem:116.77M, Peak:116.77M | Scene, ViewLayer | Updating Geometry BVH Cube.313 386/802 | Building mesh BLAS |     188 tris | Cube.313
Fra:1 Mem:228.26M (Peak 319.49M) | Time:00:00.29 | Mem:116.77M, Peak:116.77M | Scene, ViewLayer | Updating Geometry BVH Cube.314 387/802 | Building BVH
Fra:1 Mem:228.26M (Peak 319.49M) | Time:00:00.29 | Mem:116.77M, Peak:116.77M | Scene, ViewLayer | Updating Geometry BVH Cube.314 387/802 | Building mesh BLAS |     188 tris | Cube.314
Fra:1 Mem:228.26M (Peak 319.49M) | Time:00:00.29 | Mem:116.77M, Peak:116.77M | Scene, ViewLayer | Updating Geometry BVH Cube.709 782/802 | Building BVH
Fra:1 Mem:228.26M (Peak 319.49M) | Time:00:00.29 | Mem:116.77M, Peak:116.77M | Scene, ViewLayer | Updating Geometry BVH Cube.709 782/802 | Building mesh BLAS |     188 tris | Cube.709
Fra:1 Mem:228.26M (Peak 319.49M) | Time:00:00.29 | Mem:116.77M, Peak:116.77M | Scene, ViewLayer | Updating Geometry BVH Cube.315 388/802 | Building BVH
Fra:1 Mem:228.26M (Peak 319.49M) | Time:00:00.29 | Mem:116.77M, Peak:116.77M | Scene, ViewLayer | Updating Geometry BVH Cube.316 389/802 | Building BVH
Fra:1 Mem:228.26M (Peak 319.49M) | Time:00:00.29 | Mem:116.77M, Peak:116.77M | Scene, ViewLayer | Updating Geometry BVH Cube.316 389/802 | Building mesh BLAS |     188 tris | Cube.315
Fra:1 Mem:228.26M (Peak 319.49M) | Time:00:00.29 | Mem:116.77M, Peak:116.77M | Scene, ViewLayer | Updating Geometry BVH Cube.316 389/802 | Building mesh BLAS |     188 tris | Cube.316
Fra:1 Mem:228.26M (Peak 319.49M) | Time:00:00.29 | Mem:116.80M, Peak:116.80M | Scene, ViewLayer | Updating Geometry BVH Cube.317 390/802 | Building BVH
Fra:1 Mem:228.26M (Peak 319.49M) | Time:00:00.29 | Mem:116.80M, Peak:116.80M | Scene, ViewLayer | Updating Geometry BVH Cube.318 391/802 | Building BVH
Fra:1 Mem:228.26M (Peak 319.49M) | Time:00:00.29 | Mem:116.80M, Peak:116.80M | Scene, ViewLayer | Updating Geometry BVH Cube.318 391/802 | Building mesh BLAS |     188 tris | Cube.317
Fra:1 Mem:228.26M (Peak 319.49M) | Time:00:00.29 | Mem:116.80M, Peak:116.80M | Scene, ViewLayer | Updating Geometry BVH Cube.318 391/802 | Building mesh BLAS |     188 tris | Cube.318
Fra:1 Mem:228.26M (Peak 319.49M) | Time:00:00.29 | Mem:116.83M, Peak:116.83M | Scene, ViewLayer | Updating Geometry BVH Cube.319 392/802 | Building BVH
Fra:1 Mem:228.26M (Peak 319.49M) | Time:00:00.29 | Mem:116.85M, Peak:116.85M | Scene, ViewLayer | Updating Geometry BVH Cube.319 392/802 | Building mesh BLAS |     188 tris | Cube.319
Fra:1 Mem:228.26M (Peak 319.49M) | Time:00:00.29 | Mem:116.86M, Peak:116.86M | Scene, ViewLayer | Updating Geometry BVH Cube.321 394/802 | Building BVH
Fra:1 Mem:228.26M (Peak 319.49M) | Time:00:00.29 | Mem:116.86M, Peak:116.86M | Scene, ViewLayer | Updating Geometry BVH Cube.321 394/802 | Building mesh BLAS |     188 tris | Cube.321
Fra:1 Mem:228.26M (Peak 319.49M) | Time:00:00.29 | Mem:116.86M, Peak:116.86M | Scene, ViewLayer | Updating Geometry BVH Cube.322 395/802 | Building BVH
Fra:1 Mem:228.26M (Peak 319.49M) | Time:00:00.29 | Mem:116.86M, Peak:116.86M | Scene, ViewLayer | Updating Geometry BVH Cube.322 395/802 | Building mesh BLAS |     188 tris | Cube.322
Fra:1 Mem:228.26M (Peak 319.49M) | Time:00:00.29 | Mem:116.86M, Peak:116.86M | Scene, ViewLayer | Updating Geometry BVH Cube.322 395/802 | Building mesh BLAS |     188 tris | Cube.320
Fra:1 Mem:228.26M (Peak 319.49M) | Time:00:00.29 | Mem:116.86M, Peak:116.86M | Scene, ViewLayer | Updating Geometry BVH Cube.323 396/802 | Building BVH
Fra:1 Mem:228.26M (Peak 319.49M) | Time:00:00.29 | Mem:116.87M, Peak:116.87M | Scene, ViewLayer | Updating Geometry BVH Cube.323 396/802 | Building mesh BLAS |     188 tris | Cube.323
Fra:1 Mem:228.26M (Peak 319.49M) | Time:00:00.29 | Mem:116.89M, Peak:116.89M | Scene, ViewLayer | Updating Geometry BVH Cube.324 397/802 | Building BVH
Fra:1 Mem:228.26M (Peak 319.49M) | Time:00:00.29 | Mem:116.91M, Peak:116.91M | Scene, ViewLayer | Updating Geometry BVH Cube.324 397/802 | Building mesh BLAS |     188 tris | Cube.324
Fra:1 Mem:228.26M (Peak 319.49M) | Time:00:00.29 | Mem:116.91M, Peak:116.91M | Scene, ViewLayer | Updating Geometry BVH Cube.325 398/802 | Building BVH
Fra:1 Mem:228.26M (Peak 319.49M) | Time:00:00.29 | Mem:116.91M, Peak:116.91M | Scene, ViewLayer | Updating Geometry BVH Cube.325 398/802 | Building mesh BLAS |     188 tris | Cube.325
Fra:1 Mem:228.26M (Peak 319.49M) | Time:00:00.29 | Mem:116.91M, Peak:116.91M | Scene, ViewLayer | Updating Geometry BVH Cube.326 399/802 | Building BVH
Fra:1 Mem:228.26M (Peak 319.49M) | Time:00:00.29 | Mem:116.91M, Peak:116.91M | Scene, ViewLayer | Updating Geometry BVH Cube.326 399/802 | Building mesh BLAS |     188 tris | Cube.326
Fra:1 Mem:228.26M (Peak 319.49M) | Time:00:00.29 | Mem:116.93M, Peak:116.93M | Scene, ViewLayer | Updating Geometry BVH Cube.327 400/802 | Building BVH
Fra:1 Mem:228.26M (Peak 319.49M) | Time:00:00.29 | Mem:116.94M, Peak:116.94M | Scene, ViewLayer | Updating Geometry BVH Cube.328 401/802 | Building mesh BLAS |     188 tris | Cube.327
Fra:1 Mem:228.26M (Peak 319.49M) | Time:00:00.29 | Mem:116.94M, Peak:116.94M | Scene, ViewLayer | Updating Geometry BVH Cube.329 402/802 | Building BVH
Fra:1 Mem:228.26M (Peak 319.49M) | Time:00:00.29 | Mem:116.94M, Peak:116.94M | Scene, ViewLayer | Updating Geometry BVH Cube.329 402/802 | Building mesh BLAS |     188 tris | Cube.329
Fra:1 Mem:228.26M (Peak 319.49M) | Time:00:00.29 | Mem:116.94M, Peak:116.94M | Scene, ViewLayer | Updating Geometry BVH Cube.329 402/802 | Building mesh BLAS |     188 tris | Cube.328
Fra:1 Mem:228.26M (Peak 319.49M) | Time:00:00.29 | Mem:116.95M, Peak:116.95M | Scene, ViewLayer | Updating Geometry BVH Cube.330 403/802 | Building BVH
Fra:1 Mem:228.26M (Peak 319.49M) | Time:00:00.29 | Mem:116.95M, Peak:116.95M | Scene, ViewLayer | Updating Geometry BVH Cube.330 403/802 | Building mesh BLAS |     188 tris | Cube.330
Fra:1 Mem:228.26M (Peak 319.49M) | Time:00:00.29 | Mem:116.95M, Peak:116.95M | Scene, ViewLayer | Updating Geometry BVH Cube.331 404/802 | Building BVH
Fra:1 Mem:228.26M (Peak 319.49M) | Time:00:00.29 | Mem:116.95M, Peak:116.95M | Scene, ViewLayer | Updating Geometry BVH Cube.331 404/802 | Building mesh BLAS |     188 tris | Cube.331
Fra:1 Mem:228.26M (Peak 319.49M) | Time:00:00.29 | Mem:116.97M, Peak:116.97M | Scene, ViewLayer | Updating Geometry BVH Cube.708 781/802 | Building BVH
Fra:1 Mem:228.26M (Peak 319.49M) | Time:00:00.29 | Mem:116.97M, Peak:116.97M | Scene, ViewLayer | Updating Geometry BVH Cube.332 405/802 | Building BVH
Fra:1 Mem:228.26M (Peak 319.49M) | Time:00:00.29 | Mem:116.97M, Peak:116.97M | Scene, ViewLayer | Updating Geometry BVH Cube.332 405/802 | Building mesh BLAS |     188 tris | Cube.708
Fra:1 Mem:228.26M (Peak 319.49M) | Time:00:00.29 | Mem:116.97M, Peak:116.97M | Scene, ViewLayer | Updating Geometry BVH Cube.332 405/802 | Building mesh BLAS |     188 tris | Cube.332
Fra:1 Mem:228.26M (Peak 319.49M) | Time:00:00.29 | Mem:116.97M, Peak:116.97M | Scene, ViewLayer | Updating Geometry BVH Cube.333 406/802 | Building BVH
Fra:1 Mem:228.26M (Peak 319.49M) | Time:00:00.29 | Mem:116.97M, Peak:116.97M | Scene, ViewLayer | Updating Geometry BVH Cube.333 406/802 | Building mesh BLAS |     188 tris | Cube.333
Fra:1 Mem:228.26M (Peak 319.49M) | Time:00:00.29 | Mem:116.97M, Peak:116.97M | Scene, ViewLayer | Updating Geometry BVH Cube.334 407/802 | Building BVH
Fra:1 Mem:228.26M (Peak 319.49M) | Time:00:00.29 | Mem:116.97M, Peak:116.97M | Scene, ViewLayer | Updating Geometry BVH Cube.334 407/802 | Building mesh BLAS |     188 tris | Cube.334
Fra:1 Mem:228.26M (Peak 319.49M) | Time:00:00.29 | Mem:116.97M, Peak:116.97M | Scene, ViewLayer | Updating Geometry BVH Cube.335 408/802 | Building BVH
Fra:1 Mem:228.26M (Peak 319.49M) | Time:00:00.29 | Mem:116.97M, Peak:116.97M | Scene, ViewLayer | Updating Geometry BVH Cube.335 408/802 | Building mesh BLAS |     188 tris | Cube.335
Fra:1 Mem:228.26M (Peak 319.49M) | Time:00:00.29 | Mem:122.09M, Peak:122.09M | Scene, ViewLayer | Updating Geometry BVH Cube.336 409/802 | Building BVH
Fra:1 Mem:228.26M (Peak 319.49M) | Time:00:00.29 | Mem:122.09M, Peak:122.09M | Scene, ViewLayer | Updating Geometry BVH Cube.336 409/802 | Building mesh BLAS |     188 tris | Cube.336
Fra:1 Mem:228.26M (Peak 319.49M) | Time:00:00.29 | Mem:122.12M, Peak:122.12M | Scene, ViewLayer | Updating Geometry BVH Cube.337 410/802 | Building BVH
Fra:1 Mem:228.26M (Peak 319.49M) | Time:00:00.29 | Mem:122.12M, Peak:122.12M | Scene, ViewLayer | Updating Geometry BVH Cube.337 410/802 | Building mesh BLAS |     188 tris | Cube.337
Fra:1 Mem:228.26M (Peak 319.49M) | Time:00:00.29 | Mem:122.13M, Peak:122.13M | Scene, ViewLayer | Updating Geometry BVH Cube.338 411/802 | Building BVH
Fra:1 Mem:228.26M (Peak 319.49M) | Time:00:00.29 | Mem:122.13M, Peak:122.13M | Scene, ViewLayer | Updating Geometry BVH Cube.339 412/802 | Building BVH
Fra:1 Mem:228.26M (Peak 319.49M) | Time:00:00.29 | Mem:122.13M, Peak:122.13M | Scene, ViewLayer | Updating Geometry BVH Cube.339 412/802 | Building mesh BLAS |     188 tris | Cube.338
Fra:1 Mem:228.26M (Peak 319.49M) | Time:00:00.29 | Mem:122.13M, Peak:122.13M | Scene, ViewLayer | Updating Geometry BVH Cube.340 413/802 | Building BVH
Fra:1 Mem:228.26M (Peak 319.49M) | Time:00:00.29 | Mem:122.13M, Peak:122.13M | Scene, ViewLayer | Updating Geometry BVH Cube.341 414/802 | Building BVH
Fra:1 Mem:228.26M (Peak 319.49M) | Time:00:00.29 | Mem:122.13M, Peak:122.13M | Scene, ViewLayer | Updating Geometry BVH Cube.341 414/802 | Building mesh BLAS |     188 tris | Cube.341
Fra:1 Mem:228.26M (Peak 319.49M) | Time:00:00.29 | Mem:122.15M, Peak:122.15M | Scene, ViewLayer | Updating Geometry BVH Cube.342 415/802 | Building BVH
Fra:1 Mem:228.26M (Peak 319.49M) | Time:00:00.29 | Mem:122.17M, Peak:122.17M | Scene, ViewLayer | Updating Geometry BVH Cube.342 415/802 | Building mesh BLAS |     188 tris | Cube.342
Fra:1 Mem:228.26M (Peak 319.49M) | Time:00:00.29 | Mem:122.18M, Peak:122.18M | Scene, ViewLayer | Updating Geometry BVH Cube.342 415/802 | Building mesh BLAS |     188 tris | Cube.340
Fra:1 Mem:228.26M (Peak 319.49M) | Time:00:00.29 | Mem:122.19M, Peak:122.19M | Scene, ViewLayer | Updating Geometry BVH Cube.343 416/802 | Building BVH
Fra:1 Mem:228.26M (Peak 319.49M) | Time:00:00.29 | Mem:122.19M, Peak:122.19M | Scene, ViewLayer | Updating Geometry BVH Cube.343 416/802 | Building mesh BLAS |     188 tris | Cube.343
Fra:1 Mem:228.26M (Peak 319.49M) | Time:00:00.29 | Mem:122.19M, Peak:122.19M | Scene, ViewLayer | Updating Geometry BVH Cube.344 417/802 | Building BVH
Fra:1 Mem:228.26M (Peak 319.49M) | Time:00:00.29 | Mem:122.19M, Peak:122.19M | Scene, ViewLayer | Updating Geometry BVH Cube.344 417/802 | Building mesh BLAS |     188 tris | Cube.344
Fra:1 Mem:228.26M (Peak 319.49M) | Time:00:00.29 | Mem:122.20M, Peak:122.20M | Scene, ViewLayer | Updating Geometry BVH Cube.345 418/802 | Building BVH
Fra:1 Mem:228.26M (Peak 319.49M) | Time:00:00.29 | Mem:122.20M, Peak:122.20M | Scene, ViewLayer | Updating Geometry BVH Cube.345 418/802 | Building mesh BLAS |     188 tris | Cube.345
Fra:1 Mem:228.26M (Peak 319.49M) | Time:00:00.29 | Mem:122.20M, Peak:122.20M | Scene, ViewLayer | Updating Geometry BVH Cube.346 419/802 | Building BVH
Fra:1 Mem:228.26M (Peak 319.49M) | Time:00:00.29 | Mem:122.20M, Peak:122.20M | Scene, ViewLayer | Updating Geometry BVH Cube.346 419/802 | Building mesh BLAS |     188 tris | Cube.346
Fra:1 Mem:228.26M (Peak 319.49M) | Time:00:00.29 | Mem:122.21M, Peak:122.21M | Scene, ViewLayer | Updating Geometry BVH Cube.347 420/802 | Building BVH
Fra:1 Mem:228.26M (Peak 319.49M) | Time:00:00.29 | Mem:122.21M, Peak:122.21M | Scene, ViewLayer | Updating Geometry BVH Cube.348 421/802 | Building BVH
Fra:1 Mem:228.26M (Peak 319.49M) | Time:00:00.29 | Mem:122.23M, Peak:122.23M | Scene, ViewLayer | Updating Geometry BVH Cube.348 421/802 | Building mesh BLAS |     188 tris | Cube.347
Fra:1 Mem:228.26M (Peak 319.49M) | Time:00:00.29 | Mem:122.23M, Peak:122.23M | Scene, ViewLayer | Updating Geometry BVH Cube.707 780/802 | Building BVH
Fra:1 Mem:228.26M (Peak 319.49M) | Time:00:00.29 | Mem:122.24M, Peak:122.24M | Scene, ViewLayer | Updating Geometry BVH Cube.707 780/802 | Building mesh BLAS |     188 tris | Cube.707
Fra:1 Mem:228.26M (Peak 319.49M) | Time:00:00.29 | Mem:122.24M, Peak:122.24M | Scene, ViewLayer | Updating Geometry BVH Cube.350 423/802 | Building BVH
Fra:1 Mem:228.26M (Peak 319.49M) | Time:00:00.29 | Mem:122.24M, Peak:122.24M | Scene, ViewLayer | Updating Geometry BVH Cube.350 423/802 | Building mesh BLAS |     188 tris | Cube.349
Fra:1 Mem:228.26M (Peak 319.49M) | Time:00:00.29 | Mem:122.24M, Peak:122.24M | Scene, ViewLayer | Updating Geometry BVH Cube.350 423/802 | Building mesh BLAS |     188 tris | Cube.350
Fra:1 Mem:228.26M (Peak 319.49M) | Time:00:00.29 | Mem:122.24M, Peak:122.24M | Scene, ViewLayer | Updating Geometry BVH Cube.351 424/802 | Building BVH
Fra:1 Mem:228.26M (Peak 319.49M) | Time:00:00.29 | Mem:122.24M, Peak:122.24M | Scene, ViewLayer | Updating Geometry BVH Cube.351 424/802 | Building mesh BLAS |     188 tris | Cube.351
Fra:1 Mem:228.26M (Peak 319.49M) | Time:00:00.29 | Mem:122.52M, Peak:122.52M | Scene, ViewLayer | Updating Geometry BVH Cube.352 425/802 | Building BVH
Fra:1 Mem:228.26M (Peak 319.49M) | Time:00:00.29 | Mem:122.52M, Peak:122.52M | Scene, ViewLayer | Updating Geometry BVH Cube.353 426/802 | Building BVH
Fra:1 Mem:228.26M (Peak 319.49M) | Time:00:00.29 | Mem:122.52M, Peak:122.52M | Scene, ViewLayer | Updating Geometry BVH Cube.353 426/802 | Building mesh BLAS |     188 tris | Cube.352
Fra:1 Mem:228.26M (Peak 319.49M) | Time:00:00.29 | Mem:122.52M, Peak:122.52M | Scene, ViewLayer | Updating Geometry BVH Cube.353 426/802 | Building mesh BLAS |     188 tris | Cube.353
Fra:1 Mem:228.26M (Peak 319.49M) | Time:00:00.29 | Mem:122.54M, Peak:122.54M | Scene, ViewLayer | Updating Geometry BVH Cube.354 427/802 | Building BVH
Fra:1 Mem:228.26M (Peak 319.49M) | Time:00:00.29 | Mem:122.55M, Peak:122.55M | Scene, ViewLayer | Updating Geometry BVH Cube.354 427/802 | Building mesh BLAS |     188 tris | Cube.354
Fra:1 Mem:228.26M (Peak 319.49M) | Time:00:00.29 | Mem:122.55M, Peak:122.55M | Scene, ViewLayer | Updating Geometry BVH Cube.356 429/802 | Building BVH
Fra:1 Mem:228.26M (Peak 319.49M) | Time:00:00.29 | Mem:122.55M, Peak:122.55M | Scene, ViewLayer | Updating Geometry BVH Cube.356 429/802 | Building mesh BLAS |     188 tris | Cube.356
Fra:1 Mem:228.26M (Peak 319.49M) | Time:00:00.29 | Mem:122.57M, Peak:122.57M | Scene, ViewLayer | Updating Geometry BVH Cube.357 430/802 | Building BVH
Fra:1 Mem:228.26M (Peak 319.49M) | Time:00:00.29 | Mem:122.57M, Peak:122.57M | Scene, ViewLayer | Updating Geometry BVH Cube.358 431/802 | Building BVH
Fra:1 Mem:228.26M (Peak 319.49M) | Time:00:00.29 | Mem:122.58M, Peak:122.58M | Scene, ViewLayer | Updating Geometry BVH Cube.358 431/802 | Building mesh BLAS |     188 tris | Cube.357
Fra:1 Mem:228.26M (Peak 319.49M) | Time:00:00.29 | Mem:122.59M, Peak:122.59M | Scene, ViewLayer | Updating Geometry BVH Cube.358 431/802 | Building mesh BLAS |     188 tris | Cube.355
Fra:1 Mem:228.26M (Peak 319.49M) | Time:00:00.29 | Mem:122.60M, Peak:122.60M | Scene, ViewLayer | Updating Geometry BVH Cube.359 432/802 | Building BVH
Fra:1 Mem:228.26M (Peak 319.49M) | Time:00:00.29 | Mem:122.60M, Peak:122.60M | Scene, ViewLayer | Updating Geometry BVH Cube.361 434/802 | Building BVH
Fra:1 Mem:228.26M (Peak 319.49M) | Time:00:00.29 | Mem:122.60M, Peak:122.60M | Scene, ViewLayer | Updating Geometry BVH Cube.362 435/802 | Building mesh BLAS |     188 tris | Cube.359
Fra:1 Mem:228.26M (Peak 319.49M) | Time:00:00.29 | Mem:122.61M, Peak:122.61M | Scene, ViewLayer | Updating Geometry BVH Cube.363 436/802 | Building BVH
Fra:1 Mem:228.26M (Peak 319.49M) | Time:00:00.29 | Mem:122.61M, Peak:122.61M | Scene, ViewLayer | Updating Geometry BVH Cube.363 436/802 | Building mesh BLAS |     188 tris | Cube.361
Fra:1 Mem:228.26M (Peak 319.49M) | Time:00:00.29 | Mem:122.61M, Peak:122.61M | Scene, ViewLayer | Updating Geometry BVH Cube.363 436/802 | Building mesh BLAS |     188 tris | Cube.363
Fra:1 Mem:228.26M (Peak 319.49M) | Time:00:00.29 | Mem:122.62M, Peak:122.62M | Scene, ViewLayer | Updating Geometry BVH Cube.363 436/802 | Building mesh BLAS |     188 tris | Cube.360
Fra:1 Mem:228.26M (Peak 319.49M) | Time:00:00.29 | Mem:122.64M, Peak:122.64M | Scene, ViewLayer | Updating Geometry BVH Cube.706 779/802 | Building BVH
Fra:1 Mem:228.26M (Peak 319.49M) | Time:00:00.29 | Mem:122.65M, Peak:122.65M | Scene, ViewLayer | Updating Geometry BVH Cube.364 437/802 | Building BVH
Fra:1 Mem:228.26M (Peak 319.49M) | Time:00:00.29 | Mem:122.66M, Peak:122.66M | Scene, ViewLayer | Updating Geometry BVH Cube.364 437/802 | Building mesh BLAS |     188 tris | Cube.364
Fra:1 Mem:228.26M (Peak 319.49M) | Time:00:00.29 | Mem:122.67M, Peak:122.67M | Scene, ViewLayer | Updating Geometry BVH Cube.365 438/802 | Building BVH
Fra:1 Mem:228.26M (Peak 319.49M) | Time:00:00.29 | Mem:122.67M, Peak:122.67M | Scene, ViewLayer | Updating Geometry BVH Cube.366 439/802 | Building BVH
Fra:1 Mem:228.26M (Peak 319.49M) | Time:00:00.29 | Mem:122.67M, Peak:122.67M | Scene, ViewLayer | Updating Geometry BVH Cube.366 439/802 | Building mesh BLAS |     188 tris | Cube.365
Fra:1 Mem:228.26M (Peak 319.49M) | Time:00:00.29 | Mem:122.67M, Peak:122.67M | Scene, ViewLayer | Updating Geometry BVH Cube.367 440/802 | Building BVH
Fra:1 Mem:228.26M (Peak 319.49M) | Time:00:00.29 | Mem:122.67M, Peak:122.67M | Scene, ViewLayer | Updating Geometry BVH Cube.367 440/802 | Building mesh BLAS |     188 tris | Cube.366
Fra:1 Mem:228.26M (Peak 319.49M) | Time:00:00.29 | Mem:122.67M, Peak:122.67M | Scene, ViewLayer | Updating Geometry BVH Cube.367 440/802 | Building mesh BLAS |     188 tris | Cube.367
Fra:1 Mem:228.26M (Peak 319.49M) | Time:00:00.29 | Mem:122.67M, Peak:122.67M | Scene, ViewLayer | Updating Geometry BVH Cube.369 442/802 | Building BVH
Fra:1 Mem:228.26M (Peak 319.49M) | Time:00:00.29 | Mem:122.67M, Peak:122.67M | Scene, ViewLayer | Updating Geometry BVH Cube.368 441/802 | Building BVH
Fra:1 Mem:228.26M (Peak 319.49M) | Time:00:00.29 | Mem:122.67M, Peak:122.67M | Scene, ViewLayer | Updating Geometry BVH Cube.368 441/802 | Building mesh BLAS |     188 tris | Cube.369
Fra:1 Mem:228.26M (Peak 319.49M) | Time:00:00.29 | Mem:122.68M, Peak:122.68M | Scene, ViewLayer | Updating Geometry BVH Cube.368 441/802 | Building mesh BLAS |     188 tris | Cube.368
Fra:1 Mem:228.26M (Peak 319.49M) | Time:00:00.29 | Mem:122.68M, Peak:122.68M | Scene, ViewLayer | Updating Geometry BVH Cube.370 443/802 | Building BVH
Fra:1 Mem:228.26M (Peak 319.49M) | Time:00:00.29 | Mem:122.68M, Peak:122.68M | Scene, ViewLayer | Updating Geometry BVH Cube.370 443/802 | Building mesh BLAS |     188 tris | Cube.370
Fra:1 Mem:228.26M (Peak 319.49M) | Time:00:00.29 | Mem:122.70M, Peak:122.70M | Scene, ViewLayer | Updating Geometry BVH Cube.371 444/802 | Building BVH
Fra:1 Mem:228.26M (Peak 319.49M) | Time:00:00.29 | Mem:122.70M, Peak:122.70M | Scene, ViewLayer | Updating Geometry BVH Cube.371 444/802 | Building mesh BLAS |     188 tris | Cube.371
Fra:1 Mem:228.26M (Peak 319.49M) | Time:00:00.29 | Mem:125.60M, Peak:125.60M | Scene, ViewLayer | Updating Geometry BVH Cube.372 445/802 | Building BVH
Fra:1 Mem:228.26M (Peak 319.49M) | Time:00:00.29 | Mem:125.60M, Peak:125.60M | Scene, ViewLayer | Updating Geometry BVH Cube.372 445/802 | Building mesh BLAS |     188 tris | Cube.372
Fra:1 Mem:228.26M (Peak 319.49M) | Time:00:00.29 | Mem:125.61M, Peak:125.61M | Scene, ViewLayer | Updating Geometry BVH Cube.373 446/802 | Building BVH
Fra:1 Mem:228.26M (Peak 319.49M) | Time:00:00.29 | Mem:125.61M, Peak:125.61M | Scene, ViewLayer | Updating Geometry BVH Cube.373 446/802 | Building mesh BLAS |     188 tris | Cube.373
Fra:1 Mem:228.26M (Peak 319.49M) | Time:00:00.29 | Mem:125.63M, Peak:125.63M | Scene, ViewLayer | Updating Geometry BVH Cube.374 447/802 | Building BVH
Fra:1 Mem:228.26M (Peak 319.49M) | Time:00:00.29 | Mem:125.63M, Peak:125.63M | Scene, ViewLayer | Updating Geometry BVH Cube.374 447/802 | Building mesh BLAS |     188 tris | Cube.374
Fra:1 Mem:228.26M (Peak 319.49M) | Time:00:00.29 | Mem:125.63M, Peak:125.63M | Scene, ViewLayer | Updating Geometry BVH Cube.375 448/802 | Building BVH
Fra:1 Mem:228.26M (Peak 319.49M) | Time:00:00.29 | Mem:125.63M, Peak:125.63M | Scene, ViewLayer | Updating Geometry BVH Cube.375 448/802 | Building mesh BLAS |     188 tris | Cube.375
Fra:1 Mem:228.26M (Peak 319.49M) | Time:00:00.29 | Mem:125.63M, Peak:125.63M | Scene, ViewLayer | Updating Geometry BVH Cube.376 449/802 | Building BVH
Fra:1 Mem:228.26M (Peak 319.49M) | Time:00:00.29 | Mem:125.63M, Peak:125.63M | Scene, ViewLayer | Updating Geometry BVH Cube.376 449/802 | Building mesh BLAS |     188 tris | Cube.376
Fra:1 Mem:228.26M (Peak 319.49M) | Time:00:00.29 | Mem:125.65M, Peak:125.65M | Scene, ViewLayer | Updating Geometry BVH Cube.377 450/802 | Building BVH
Fra:1 Mem:228.26M (Peak 319.49M) | Time:00:00.29 | Mem:125.65M, Peak:125.65M | Scene, ViewLayer | Updating Geometry BVH Cube.377 450/802 | Building mesh BLAS |     188 tris | Cube.377
Fra:1 Mem:228.26M (Peak 319.49M) | Time:00:00.29 | Mem:125.65M, Peak:125.65M | Scene, ViewLayer | Updating Geometry BVH Cube.378 451/802 | Building BVH
Fra:1 Mem:228.26M (Peak 319.49M) | Time:00:00.29 | Mem:125.65M, Peak:125.65M | Scene, ViewLayer | Updating Geometry BVH Cube.378 451/802 | Building mesh BLAS |     188 tris | Cube.378
Fra:1 Mem:228.26M (Peak 319.49M) | Time:00:00.29 | Mem:125.67M, Peak:125.67M | Scene, ViewLayer | Updating Geometry BVH Cube.379 452/802 | Building BVH
Fra:1 Mem:228.26M (Peak 319.49M) | Time:00:00.29 | Mem:125.67M, Peak:125.67M | Scene, ViewLayer | Updating Geometry BVH Cube.380 453/802 | Building BVH
Fra:1 Mem:228.26M (Peak 319.49M) | Time:00:00.29 | Mem:125.68M, Peak:125.68M | Scene, ViewLayer | Updating Geometry BVH Cube.380 453/802 | Building mesh BLAS |     188 tris | Cube.380
Fra:1 Mem:228.26M (Peak 319.49M) | Time:00:00.29 | Mem:125.69M, Peak:125.69M | Scene, ViewLayer | Updating Geometry BVH Cube.381 454/802 | Building BVH
Fra:1 Mem:228.26M (Peak 319.49M) | Time:00:00.29 | Mem:125.69M, Peak:125.69M | Scene, ViewLayer | Updating Geometry BVH Cube.381 454/802 | Building mesh BLAS |     188 tris | Cube.381
Fra:1 Mem:228.26M (Peak 319.49M) | Time:00:00.29 | Mem:125.69M, Peak:125.69M | Scene, ViewLayer | Updating Geometry BVH Cube.705 778/802 | Building BVH
Fra:1 Mem:228.26M (Peak 319.49M) | Time:00:00.29 | Mem:125.70M, Peak:125.70M | Scene, ViewLayer | Updating Geometry BVH Cube.705 778/802 | Building mesh BLAS |     188 tris | Cube.705
Fra:1 Mem:228.26M (Peak 319.49M) | Time:00:00.29 | Mem:125.72M, Peak:125.72M | Scene, ViewLayer | Updating Geometry BVH Cube.382 455/802 | Building BVH
Fra:1 Mem:228.26M (Peak 319.49M) | Time:00:00.29 | Mem:125.72M, Peak:125.72M | Scene, ViewLayer | Updating Geometry BVH Cube.382 455/802 | Building mesh BLAS |     188 tris | Cube.382
Fra:1 Mem:228.26M (Peak 319.49M) | Time:00:00.29 | Mem:125.72M, Peak:125.72M | Scene, ViewLayer | Updating Geometry BVH Cube.384 457/802 | Building BVH
Fra:1 Mem:228.26M (Peak 319.49M) | Time:00:00.29 | Mem:125.72M, Peak:125.72M | Scene, ViewLayer | Updating Geometry BVH Cube.383 456/802 | Building BVH
Fra:1 Mem:228.26M (Peak 319.49M) | Time:00:00.29 | Mem:125.73M, Peak:125.73M | Scene, ViewLayer | Updating Geometry BVH Cube.383 456/802 | Building mesh BLAS |     188 tris | Cube.384
Fra:1 Mem:228.26M (Peak 319.49M) | Time:00:00.29 | Mem:125.73M, Peak:125.73M | Scene, ViewLayer | Updating Geometry BVH Cube.385 458/802 | Building BVH
Fra:1 Mem:228.26M (Peak 319.49M) | Time:00:00.29 | Mem:125.74M, Peak:125.74M | Scene, ViewLayer | Updating Geometry BVH Cube.386 459/802 | Building BVH
Fra:1 Mem:228.26M (Peak 319.49M) | Time:00:00.29 | Mem:125.74M, Peak:125.74M | Scene, ViewLayer | Updating Geometry BVH Cube.386 459/802 | Building mesh BLAS |     188 tris | Cube.385
Fra:1 Mem:228.26M (Peak 319.49M) | Time:00:00.29 | Mem:125.74M, Peak:125.74M | Scene, ViewLayer | Updating Geometry BVH Cube.386 459/802 | Building mesh BLAS |     188 tris | Cube.386
Fra:1 Mem:228.26M (Peak 319.49M) | Time:00:00.29 | Mem:125.74M, Peak:125.74M | Scene, ViewLayer | Updating Geometry BVH Cube.387 460/802 | Building BVH
Fra:1 Mem:228.26M (Peak 319.49M) | Time:00:00.29 | Mem:125.74M, Peak:125.74M | Scene, ViewLayer | Updating Geometry BVH Cube.388 461/802 | Building BVH
Fra:1 Mem:228.26M (Peak 319.49M) | Time:00:00.29 | Mem:125.74M, Peak:125.74M | Scene, ViewLayer | Updating Geometry BVH Cube.388 461/802 | Building mesh BLAS |     188 tris | Cube.387
Fra:1 Mem:228.26M (Peak 319.49M) | Time:00:00.29 | Mem:125.74M, Peak:125.74M | Scene, ViewLayer | Updating Geometry BVH Cube.388 461/802 | Building mesh BLAS |     188 tris | Cube.388
Fra:1 Mem:228.26M (Peak 319.49M) | Time:00:00.29 | Mem:126.12M, Peak:126.12M | Scene, ViewLayer | Updating Geometry BVH Cube.389 462/802 | Building BVH
Fra:1 Mem:228.26M (Peak 319.49M) | Time:00:00.29 | Mem:126.15M, Peak:126.15M | Scene, ViewLayer | Updating Geometry BVH Cube.390 463/802 | Building BVH
Fra:1 Mem:228.26M (Peak 319.49M) | Time:00:00.29 | Mem:126.17M, Peak:126.17M | Scene, ViewLayer | Updating Geometry BVH Cube.391 464/802 | Building BVH
Fra:1 Mem:228.26M (Peak 319.49M) | Time:00:00.29 | Mem:126.17M, Peak:126.17M | Scene, ViewLayer | Updating Geometry BVH Cube.391 464/802 | Building mesh BLAS |     188 tris | Cube.390
Fra:1 Mem:228.26M (Peak 319.49M) | Time:00:00.29 | Mem:126.17M, Peak:126.17M | Scene, ViewLayer | Updating Geometry BVH Cube.393 466/802 | Building BVH
Fra:1 Mem:228.26M (Peak 319.49M) | Time:00:00.29 | Mem:126.17M, Peak:126.17M | Scene, ViewLayer | Updating Geometry BVH Cube.393 466/802 | Building mesh BLAS |     188 tris | Cube.392
Fra:1 Mem:228.26M (Peak 319.49M) | Time:00:00.29 | Mem:126.20M, Peak:126.20M | Scene, ViewLayer | Updating Geometry BVH Cube.394 467/802 | Building BVH
Fra:1 Mem:228.26M (Peak 319.49M) | Time:00:00.29 | Mem:126.20M, Peak:126.20M | Scene, ViewLayer | Updating Geometry BVH Cube.396 469/802 | Building BVH
Fra:1 Mem:228.26M (Peak 319.49M) | Time:00:00.29 | Mem:126.20M, Peak:126.20M | Scene, ViewLayer | Updating Geometry BVH Cube.396 469/802 | Building mesh BLAS |     188 tris | Cube.394
Fra:1 Mem:228.26M (Peak 319.49M) | Time:00:00.29 | Mem:126.20M, Peak:126.20M | Scene, ViewLayer | Updating Geometry BVH Cube.396 469/802 | Building mesh BLAS |     188 tris | Cube.396
Fra:1 Mem:228.26M (Peak 319.49M) | Time:00:00.29 | Mem:126.20M, Peak:126.20M | Scene, ViewLayer | Updating Geometry BVH Cube.396 469/802 | Building mesh BLAS |     188 tris | Cube.395
Fra:1 Mem:228.26M (Peak 319.49M) | Time:00:00.29 | Mem:126.21M, Peak:126.21M | Scene, ViewLayer | Updating Geometry BVH Cube.397 470/802 | Building BVH
Fra:1 Mem:228.26M (Peak 319.49M) | Time:00:00.29 | Mem:126.21M, Peak:126.21M | Scene, ViewLayer | Updating Geometry BVH Cube.398 471/802 | Building BVH
Fra:1 Mem:228.26M (Peak 319.49M) | Time:00:00.29 | Mem:126.21M, Peak:126.21M | Scene, ViewLayer | Updating Geometry BVH Cube.704 777/802 | Building BVH
Fra:1 Mem:228.26M (Peak 319.49M) | Time:00:00.29 | Mem:126.21M, Peak:126.21M | Scene, ViewLayer | Updating Geometry BVH Cube.704 777/802 | Building mesh BLAS |     188 tris | Cube.398
Fra:1 Mem:228.26M (Peak 319.49M) | Time:00:00.29 | Mem:126.21M, Peak:126.21M | Scene, ViewLayer | Updating Geometry BVH Cube.704 777/802 | Building mesh BLAS |     188 tris | Cube.704
Fra:1 Mem:228.26M (Peak 319.49M) | Time:00:00.29 | Mem:126.25M, Peak:126.25M | Scene, ViewLayer | Updating Geometry BVH Cube.399 472/802 | Building BVH
Fra:1 Mem:228.26M (Peak 319.49M) | Time:00:00.29 | Mem:126.25M, Peak:126.25M | Scene, ViewLayer | Updating Geometry BVH Cube.399 472/802 | Building mesh BLAS |     188 tris | Cube.399
Fra:1 Mem:228.26M (Peak 319.49M) | Time:00:00.29 | Mem:126.25M, Peak:126.25M | Scene, ViewLayer | Updating Geometry BVH Cube.400 473/802 | Building BVH
Fra:1 Mem:228.26M (Peak 319.49M) | Time:00:00.29 | Mem:126.25M, Peak:126.25M | Scene, ViewLayer | Updating Geometry BVH Cube.400 473/802 | Building mesh BLAS |     188 tris | Cube.400
Fra:1 Mem:228.26M (Peak 319.49M) | Time:00:00.29 | Mem:126.27M, Peak:126.27M | Scene, ViewLayer | Updating Geometry BVH Cube.401 474/802 | Building BVH
Fra:1 Mem:228.26M (Peak 319.49M) | Time:00:00.29 | Mem:126.28M, Peak:126.28M | Scene, ViewLayer | Updating Geometry BVH Cube.401 474/802 | Building mesh BLAS |     188 tris | Cube.401
Fra:1 Mem:228.26M (Peak 319.49M) | Time:00:00.29 | Mem:126.29M, Peak:126.29M | Scene, ViewLayer | Updating Geometry BVH Cube.402 475/802 | Building BVH
Fra:1 Mem:228.26M (Peak 319.49M) | Time:00:00.29 | Mem:126.29M, Peak:126.29M | Scene, ViewLayer | Updating Geometry BVH Cube.402 475/802 | Building mesh BLAS |     188 tris | Cube.402
Fra:1 Mem:228.26M (Peak 319.49M) | Time:00:00.29 | Mem:126.29M, Peak:126.29M | Scene, ViewLayer | Updating Geometry BVH Cube.403 476/802 | Building BVH
Fra:1 Mem:228.26M (Peak 319.49M) | Time:00:00.29 | Mem:126.29M, Peak:126.29M | Scene, ViewLayer | Updating Geometry BVH Cube.403 476/802 | Building mesh BLAS |     188 tris | Cube.403
Fra:1 Mem:228.26M (Peak 319.49M) | Time:00:00.29 | Mem:126.31M, Peak:126.31M | Scene, ViewLayer | Updating Geometry BVH Cube.404 477/802 | Building BVH
Fra:1 Mem:228.26M (Peak 319.49M) | Time:00:00.29 | Mem:126.31M, Peak:126.31M | Scene, ViewLayer | Updating Geometry BVH Cube.404 477/802 | Building mesh BLAS |     188 tris | Cube.404
Fra:1 Mem:228.26M (Peak 319.49M) | Time:00:00.29 | Mem:126.31M, Peak:126.31M | Scene, ViewLayer | Updating Geometry BVH Cube.405 478/802 | Building BVH
Fra:1 Mem:228.26M (Peak 319.49M) | Time:00:00.29 | Mem:126.31M, Peak:126.31M | Scene, ViewLayer | Updating Geometry BVH Cube.405 478/802 | Building mesh BLAS |     188 tris | Cube.405
Fra:1 Mem:228.26M (Peak 319.49M) | Time:00:00.29 | Mem:126.31M, Peak:126.31M | Scene, ViewLayer | Updating Geometry BVH Cube.405 478/802 | Building mesh BLAS |     188 tris | Cube.406
Fra:1 Mem:228.26M (Peak 319.49M) | Time:00:00.29 | Mem:126.33M, Peak:126.33M | Scene, ViewLayer | Updating Geometry BVH Cube.407 480/802 | Building BVH
Fra:1 Mem:228.26M (Peak 319.49M) | Time:00:00.29 | Mem:126.34M, Peak:126.34M | Scene, ViewLayer | Updating Geometry BVH Cube.407 480/802 | Building mesh BLAS |     188 tris | Cube.407
Fra:1 Mem:228.26M (Peak 319.49M) | Time:00:00.29 | Mem:126.35M, Peak:126.35M | Scene, ViewLayer | Updating Geometry BVH Cube.408 481/802 | Building BVH
Fra:1 Mem:228.26M (Peak 319.49M) | Time:00:00.29 | Mem:126.36M, Peak:126.36M | Scene, ViewLayer | Updating Geometry BVH Cube.408 481/802 | Building mesh BLAS |     188 tris | Cube.408
Fra:1 Mem:228.26M (Peak 319.49M) | Time:00:00.29 | Mem:126.38M, Peak:126.38M | Scene, ViewLayer | Updating Geometry BVH Cube.409 482/802 | Building BVH
Fra:1 Mem:228.26M (Peak 319.49M) | Time:00:00.29 | Mem:126.38M, Peak:126.38M | Scene, ViewLayer | Updating Geometry BVH Cube.410 483/802 | Building BVH
Fra:1 Mem:228.26M (Peak 319.49M) | Time:00:00.29 | Mem:126.38M, Peak:126.38M | Scene, ViewLayer | Updating Geometry BVH Cube.410 483/802 | Building mesh BLAS |     188 tris | Cube.409
Fra:1 Mem:228.26M (Peak 319.49M) | Time:00:00.29 | Mem:126.38M, Peak:126.38M | Scene, ViewLayer | Updating Geometry BVH Cube.410 483/802 | Building mesh BLAS |     188 tris | Cube.410
Fra:1 Mem:228.26M (Peak 319.49M) | Time:00:00.29 | Mem:126.38M, Peak:126.38M | Scene, ViewLayer | Updating Geometry BVH Cube.411 484/802 | Building BVH
Fra:1 Mem:228.26M (Peak 319.49M) | Time:00:00.29 | Mem:126.38M, Peak:126.38M | Scene, ViewLayer | Updating Geometry BVH Cube.411 484/802 | Building mesh BLAS |     188 tris | Cube.411
Fra:1 Mem:228.26M (Peak 319.49M) | Time:00:00.29 | Mem:126.38M, Peak:126.38M | Scene, ViewLayer | Updating Geometry BVH Cube.412 485/802 | Building BVH
Fra:1 Mem:228.26M (Peak 319.49M) | Time:00:00.29 | Mem:126.38M, Peak:126.38M | Scene, ViewLayer | Updating Geometry BVH Cube.413 486/802 | Building BVH
Fra:1 Mem:228.26M (Peak 319.49M) | Time:00:00.29 | Mem:126.38M, Peak:126.38M | Scene, ViewLayer | Updating Geometry BVH Cube.413 486/802 | Building mesh BLAS |     188 tris | Cube.412
Fra:1 Mem:228.26M (Peak 319.49M) | Time:00:00.29 | Mem:126.38M, Peak:126.38M | Scene, ViewLayer | Updating Geometry BVH Cube.413 486/802 | Building mesh BLAS |     188 tris | Cube.413
Fra:1 Mem:228.26M (Peak 319.49M) | Time:00:00.29 | Mem:126.39M, Peak:126.39M | Scene, ViewLayer | Updating Geometry BVH Cube.414 487/802 | Building BVH
Fra:1 Mem:228.26M (Peak 319.49M) | Time:00:00.29 | Mem:126.39M, Peak:126.39M | Scene, ViewLayer | Updating Geometry BVH Cube.414 487/802 | Building mesh BLAS |     188 tris | Cube.414
Fra:1 Mem:228.26M (Peak 319.49M) | Time:00:00.29 | Mem:126.40M, Peak:126.40M | Scene, ViewLayer | Updating Geometry BVH Cube.415 488/802 | Building BVH
Fra:1 Mem:228.26M (Peak 319.49M) | Time:00:00.29 | Mem:126.40M, Peak:126.40M | Scene, ViewLayer | Updating Geometry BVH Cube.703 776/802 | Building BVH
Fra:1 Mem:228.26M (Peak 319.49M) | Time:00:00.29 | Mem:126.40M, Peak:126.40M | Scene, ViewLayer | Updating Geometry BVH Cube.703 776/802 | Building mesh BLAS |     188 tris | Cube.703
Fra:1 Mem:228.26M (Peak 319.49M) | Time:00:00.29 | Mem:126.40M, Peak:126.40M | Scene, ViewLayer | Updating Geometry BVH Cube.416 489/802 | Building BVH
Fra:1 Mem:228.26M (Peak 319.49M) | Time:00:00.29 | Mem:126.40M, Peak:126.40M | Scene, ViewLayer | Updating Geometry BVH Cube.417 490/802 | Building BVH
Fra:1 Mem:228.26M (Peak 319.49M) | Time:00:00.29 | Mem:126.40M, Peak:126.40M | Scene, ViewLayer | Updating Geometry BVH Cube.417 490/802 | Building mesh BLAS |     188 tris | Cube.417
Fra:1 Mem:228.26M (Peak 319.49M) | Time:00:00.29 | Mem:126.41M, Peak:126.41M | Scene, ViewLayer | Updating Geometry BVH Cube.417 490/802 | Building mesh BLAS |     188 tris | Cube.416
Fra:1 Mem:228.26M (Peak 319.49M) | Time:00:00.29 | Mem:126.43M, Peak:126.43M | Scene, ViewLayer | Updating Geometry BVH Cube.418 491/802 | Building BVH
Fra:1 Mem:228.26M (Peak 319.49M) | Time:00:00.29 | Mem:126.43M, Peak:126.43M | Scene, ViewLayer | Updating Geometry BVH Cube.418 491/802 | Building mesh BLAS |     188 tris | Cube.418
Fra:1 Mem:228.26M (Peak 319.49M) | Time:00:00.29 | Mem:126.43M, Peak:126.43M | Scene, ViewLayer | Updating Geometry BVH Cube.419 492/802 | Building BVH
Fra:1 Mem:228.26M (Peak 319.49M) | Time:00:00.29 | Mem:126.43M, Peak:126.43M | Scene, ViewLayer | Updating Geometry BVH Cube.419 492/802 | Building mesh BLAS |     188 tris | Cube.419
Fra:1 Mem:228.26M (Peak 319.49M) | Time:00:00.29 | Mem:126.44M, Peak:126.44M | Scene, ViewLayer | Updating Geometry BVH Cube.420 493/802 | Building BVH
Fra:1 Mem:228.26M (Peak 319.49M) | Time:00:00.29 | Mem:126.44M, Peak:126.44M | Scene, ViewLayer | Updating Geometry BVH Cube.420 493/802 | Building mesh BLAS |     188 tris | Cube.420
Fra:1 Mem:228.26M (Peak 319.49M) | Time:00:00.29 | Mem:126.44M, Peak:126.44M | Scene, ViewLayer | Updating Geometry BVH Cube.421 494/802 | Building BVH
Fra:1 Mem:228.26M (Peak 319.49M) | Time:00:00.29 | Mem:126.44M, Peak:126.44M | Scene, ViewLayer | Updating Geometry BVH Cube.421 494/802 | Building mesh BLAS |     188 tris | Cube.421
Fra:1 Mem:228.26M (Peak 319.49M) | Time:00:00.29 | Mem:126.45M, Peak:126.45M | Scene, ViewLayer | Updating Geometry BVH Cube.422 495/802 | Building BVH
Fra:1 Mem:228.26M (Peak 319.49M) | Time:00:00.29 | Mem:126.46M, Peak:126.46M | Scene, ViewLayer | Updating Geometry BVH Cube.423 496/802 | Building BVH
Fra:1 Mem:228.26M (Peak 319.49M) | Time:00:00.29 | Mem:126.46M, Peak:126.46M | Scene, ViewLayer | Updating Geometry BVH Cube.423 496/802 | Building mesh BLAS |     188 tris | Cube.422
Fra:1 Mem:228.26M (Peak 319.49M) | Time:00:00.29 | Mem:126.49M, Peak:126.49M | Scene, ViewLayer | Updating Geometry BVH Cube.424 497/802 | Building BVH
Fra:1 Mem:228.26M (Peak 319.49M) | Time:00:00.29 | Mem:126.50M, Peak:126.50M | Scene, ViewLayer | Updating Geometry BVH Cube.424 497/802 | Building mesh BLAS |     188 tris | Cube.424
Fra:1 Mem:228.26M (Peak 319.49M) | Time:00:00.29 | Mem:126.50M, Peak:126.50M | Scene, ViewLayer | Updating Geometry BVH Cube.425 498/802 | Building BVH
Fra:1 Mem:228.26M (Peak 319.49M) | Time:00:00.29 | Mem:126.51M, Peak:126.51M | Scene, ViewLayer | Updating Geometry BVH Cube.425 498/802 | Building mesh BLAS |     188 tris | Cube.425
Fra:1 Mem:228.26M (Peak 319.49M) | Time:00:00.29 | Mem:126.51M, Peak:126.51M | Scene, ViewLayer | Updating Geometry BVH Cube.426 499/802 | Building BVH
Fra:1 Mem:228.26M (Peak 319.49M) | Time:00:00.29 | Mem:126.52M, Peak:126.52M | Scene, ViewLayer | Updating Geometry BVH Cube.426 499/802 | Building mesh BLAS |     188 tris | Cube.426
Fra:1 Mem:228.26M (Peak 319.49M) | Time:00:00.29 | Mem:126.52M, Peak:126.52M | Scene, ViewLayer | Updating Geometry BVH Cube.427 500/802 | Building BVH
Fra:1 Mem:228.26M (Peak 319.49M) | Time:00:00.29 | Mem:126.52M, Peak:126.52M | Scene, ViewLayer | Updating Geometry BVH Cube.427 500/802 | Building mesh BLAS |     188 tris | Cube.427
Fra:1 Mem:228.26M (Peak 319.49M) | Time:00:00.29 | Mem:126.55M, Peak:126.55M | Scene, ViewLayer | Updating Geometry BVH Cube.428 501/802 | Building BVH
Fra:1 Mem:228.26M (Peak 319.49M) | Time:00:00.29 | Mem:126.56M, Peak:126.56M | Scene, ViewLayer | Updating Geometry BVH Cube.430 503/802 | Building BVH
Fra:1 Mem:228.26M (Peak 319.49M) | Time:00:00.29 | Mem:126.56M, Peak:126.56M | Scene, ViewLayer | Updating Geometry BVH Cube.431 504/802 | Building BVH
Fra:1 Mem:228.26M (Peak 319.49M) | Time:00:00.29 | Mem:126.56M, Peak:126.56M | Scene, ViewLayer | Updating Geometry BVH Cube.431 504/802 | Building mesh BLAS |     188 tris | Cube.430
Fra:1 Mem:228.26M (Peak 319.49M) | Time:00:00.29 | Mem:126.56M, Peak:126.56M | Scene, ViewLayer | Updating Geometry BVH Cube.431 504/802 | Building mesh BLAS |     188 tris | Cube.429
Fra:1 Mem:228.26M (Peak 319.49M) | Time:00:00.29 | Mem:126.57M, Peak:126.57M | Scene, ViewLayer | Updating Geometry BVH Cube.431 504/802 | Building mesh BLAS |     188 tris | Cube.431
Fra:1 Mem:228.26M (Peak 319.49M) | Time:00:00.29 | Mem:126.58M, Peak:126.58M | Scene, ViewLayer | Updating Geometry BVH Cube.702 775/802 | Building BVH
Fra:1 Mem:228.26M (Peak 319.49M) | Time:00:00.29 | Mem:126.58M, Peak:126.58M | Scene, ViewLayer | Updating Geometry BVH Cube.432 505/802 | Building BVH
Fra:1 Mem:228.26M (Peak 319.49M) | Time:00:00.29 | Mem:126.58M, Peak:126.58M | Scene, ViewLayer | Updating Geometry BVH Cube.432 505/802 | Building mesh BLAS |     188 tris | Cube.702
Fra:1 Mem:228.26M (Peak 319.49M) | Time:00:00.29 | Mem:126.58M, Peak:126.58M | Scene, ViewLayer | Updating Geometry BVH Cube.432 505/802 | Building mesh BLAS |     188 tris | Cube.432
Fra:1 Mem:228.26M (Peak 319.49M) | Time:00:00.29 | Mem:126.58M, Peak:126.58M | Scene, ViewLayer | Updating Geometry BVH Cube.433 506/802 | Building BVH
Fra:1 Mem:228.26M (Peak 319.49M) | Time:00:00.29 | Mem:126.60M, Peak:126.60M | Scene, ViewLayer | Updating Geometry BVH Cube.434 507/802 | Building BVH
Fra:1 Mem:228.26M (Peak 319.49M) | Time:00:00.29 | Mem:126.61M, Peak:126.61M | Scene, ViewLayer | Updating Geometry BVH Cube.434 507/802 | Building mesh BLAS |     188 tris | Cube.434
Fra:1 Mem:228.26M (Peak 319.49M) | Time:00:00.29 | Mem:126.61M, Peak:126.61M | Scene, ViewLayer | Updating Geometry BVH Cube.435 508/802 | Building BVH
Fra:1 Mem:228.26M (Peak 319.49M) | Time:00:00.29 | Mem:126.61M, Peak:126.61M | Scene, ViewLayer | Updating Geometry BVH Cube.437 510/802 | Building BVH
Fra:1 Mem:228.26M (Peak 319.49M) | Time:00:00.29 | Mem:126.61M, Peak:126.61M | Scene, ViewLayer | Updating Geometry BVH Cube.437 510/802 | Building mesh BLAS |     188 tris | Cube.437
Fra:1 Mem:228.26M (Peak 319.49M) | Time:00:00.29 | Mem:126.63M, Peak:126.63M | Scene, ViewLayer | Updating Geometry BVH Cube.437 510/802 | Building mesh BLAS |     188 tris | Cube.436
Fra:1 Mem:228.26M (Peak 319.49M) | Time:00:00.29 | Mem:126.64M, Peak:126.64M | Scene, ViewLayer | Updating Geometry BVH Cube.438 511/802 | Building BVH
Fra:1 Mem:228.26M (Peak 319.49M) | Time:00:00.29 | Mem:126.64M, Peak:126.64M | Scene, ViewLayer | Updating Geometry BVH Cube.438 511/802 | Building mesh BLAS |     188 tris | Cube.438
Fra:1 Mem:228.26M (Peak 319.49M) | Time:00:00.29 | Mem:126.66M, Peak:126.66M | Scene, ViewLayer | Updating Geometry BVH Cube.439 512/802 | Building BVH
Fra:1 Mem:228.26M (Peak 319.49M) | Time:00:00.29 | Mem:126.66M, Peak:126.66M | Scene, ViewLayer | Updating Geometry BVH Cube.440 513/802 | Building BVH
Fra:1 Mem:228.26M (Peak 319.49M) | Time:00:00.29 | Mem:126.66M, Peak:126.66M | Scene, ViewLayer | Updating Geometry BVH Cube.440 513/802 | Building mesh BLAS |     188 tris | Cube.439
Fra:1 Mem:228.26M (Peak 319.49M) | Time:00:00.29 | Mem:126.66M, Peak:126.66M | Scene, ViewLayer | Updating Geometry BVH Cube.440 513/802 | Building mesh BLAS |     188 tris | Cube.440
Fra:1 Mem:228.26M (Peak 319.49M) | Time:00:00.29 | Mem:126.67M, Peak:126.67M | Scene, ViewLayer | Updating Geometry BVH Cube.441 514/802 | Building BVH
Fra:1 Mem:228.26M (Peak 319.49M) | Time:00:00.29 | Mem:126.67M, Peak:126.67M | Scene, ViewLayer | Updating Geometry BVH Cube.441 514/802 | Building mesh BLAS |     188 tris | Cube.441
Fra:1 Mem:228.26M (Peak 319.49M) | Time:00:00.29 | Mem:126.67M, Peak:126.67M | Scene, ViewLayer | Updating Geometry BVH Cube.442 515/802 | Building BVH
Fra:1 Mem:228.26M (Peak 319.49M) | Time:00:00.29 | Mem:126.67M, Peak:126.67M | Scene, ViewLayer | Updating Geometry BVH Cube.442 515/802 | Building mesh BLAS |     188 tris | Cube.442
Fra:1 Mem:228.26M (Peak 319.49M) | Time:00:00.29 | Mem:126.68M, Peak:126.68M | Scene, ViewLayer | Updating Geometry BVH Cube.443 516/802 | Building BVH
Fra:1 Mem:228.26M (Peak 319.49M) | Time:00:00.29 | Mem:126.68M, Peak:126.68M | Scene, ViewLayer | Updating Geometry BVH Cube.444 517/802 | Building BVH
Fra:1 Mem:228.26M (Peak 319.49M) | Time:00:00.29 | Mem:126.68M, Peak:126.68M | Scene, ViewLayer | Updating Geometry BVH Cube.444 517/802 | Building mesh BLAS |     188 tris | Cube.443
Fra:1 Mem:228.26M (Peak 319.49M) | Time:00:00.29 | Mem:126.68M, Peak:126.68M | Scene, ViewLayer | Updating Geometry BVH Cube.444 517/802 | Building mesh BLAS |     188 tris | Cube.444
Fra:1 Mem:228.26M (Peak 319.49M) | Time:00:00.29 | Mem:126.69M, Peak:126.69M | Scene, ViewLayer | Updating Geometry BVH Cube.445 518/802 | Building BVH
Fra:1 Mem:228.26M (Peak 319.49M) | Time:00:00.29 | Mem:126.69M, Peak:126.69M | Scene, ViewLayer | Updating Geometry BVH Cube.445 518/802 | Building mesh BLAS |     188 tris | Cube.445
Fra:1 Mem:228.26M (Peak 319.49M) | Time:00:00.29 | Mem:126.69M, Peak:126.69M | Scene, ViewLayer | Updating Geometry BVH Cube.446 519/802 | Building BVH
Fra:1 Mem:228.26M (Peak 319.49M) | Time:00:00.29 | Mem:126.69M, Peak:126.69M | Scene, ViewLayer | Updating Geometry BVH Cube.446 519/802 | Building mesh BLAS |     188 tris | Cube.446
Fra:1 Mem:228.26M (Peak 319.49M) | Time:00:00.29 | Mem:126.70M, Peak:126.70M | Scene, ViewLayer | Updating Geometry BVH Cube.447 520/802 | Building BVH
Fra:1 Mem:228.26M (Peak 319.49M) | Time:00:00.29 | Mem:126.71M, Peak:126.71M | Scene, ViewLayer | Updating Geometry BVH Cube.447 520/802 | Building mesh BLAS |     188 tris | Cube.447
Fra:1 Mem:228.26M (Peak 319.49M) | Time:00:00.29 | Mem:126.72M, Peak:126.72M | Scene, ViewLayer | Updating Geometry BVH Cube.448 521/802 | Building BVH
Fra:1 Mem:228.26M (Peak 319.49M) | Time:00:00.29 | Mem:126.72M, Peak:126.72M | Scene, ViewLayer | Updating Geometry BVH Cube.448 521/802 | Building mesh BLAS |     188 tris | Cube.448
Fra:1 Mem:228.26M (Peak 319.49M) | Time:00:00.29 | Mem:126.72M, Peak:126.72M | Scene, ViewLayer | Updating Geometry BVH Cube.449 522/802 | Building BVH
Fra:1 Mem:228.26M (Peak 319.49M) | Time:00:00.29 | Mem:126.72M, Peak:126.72M | Scene, ViewLayer | Updating Geometry BVH Cube.449 522/802 | Building mesh BLAS |     188 tris | Cube.701
Fra:1 Mem:228.26M (Peak 319.49M) | Time:00:00.29 | Mem:126.72M, Peak:126.72M | Scene, ViewLayer | Updating Geometry BVH Cube.449 522/802 | Building mesh BLAS |     188 tris | Cube.449
Fra:1 Mem:228.26M (Peak 319.49M) | Time:00:00.29 | Mem:126.75M, Peak:126.75M | Scene, ViewLayer | Updating Geometry BVH Cube.450 523/802 | Building BVH
Fra:1 Mem:228.26M (Peak 319.49M) | Time:00:00.29 | Mem:126.75M, Peak:126.75M | Scene, ViewLayer | Updating Geometry BVH Cube.450 523/802 | Building mesh BLAS |     188 tris | Cube.450
Fra:1 Mem:228.26M (Peak 319.49M) | Time:00:00.29 | Mem:126.75M, Peak:126.75M | Scene, ViewLayer | Updating Geometry BVH Cube.451 524/802 | Building BVH
Fra:1 Mem:228.26M (Peak 319.49M) | Time:00:00.29 | Mem:126.75M, Peak:126.75M | Scene, ViewLayer | Updating Geometry BVH Cube.451 524/802 | Building mesh BLAS |     188 tris | Cube.451
Fra:1 Mem:228.26M (Peak 319.49M) | Time:00:00.29 | Mem:126.80M, Peak:126.80M | Scene, ViewLayer | Updating Geometry BVH Cube.453 526/802 | Building BVH
Fra:1 Mem:228.26M (Peak 319.49M) | Time:00:00.29 | Mem:126.80M, Peak:126.80M | Scene, ViewLayer | Updating Geometry BVH Cube.454 527/802 | Building BVH
Fra:1 Mem:228.26M (Peak 319.49M) | Time:00:00.29 | Mem:126.80M, Peak:126.80M | Scene, ViewLayer | Updating Geometry BVH Cube.455 528/802 | Building BVH
Fra:1 Mem:228.26M (Peak 319.49M) | Time:00:00.29 | Mem:126.81M, Peak:126.81M | Scene, ViewLayer | Updating Geometry BVH Cube.456 529/802 | Building mesh BLAS |     188 tris | Cube.452
Fra:1 Mem:228.26M (Peak 319.49M) | Time:00:00.29 | Mem:126.81M, Peak:126.81M | Scene, ViewLayer | Updating Geometry BVH Cube.458 531/802 | Building BVH
Fra:1 Mem:228.26M (Peak 319.49M) | Time:00:00.29 | Mem:126.81M, Peak:126.81M | Scene, ViewLayer | Updating Geometry BVH Cube.459 532/802 | Building BVH
Fra:1 Mem:228.26M (Peak 319.49M) | Time:00:00.30 | Mem:126.82M, Peak:126.82M | Scene, ViewLayer | Updating Geometry BVH Cube.457 530/802 | Building BVH
Fra:1 Mem:228.26M (Peak 319.49M) | Time:00:00.30 | Mem:126.83M, Peak:126.83M | Scene, ViewLayer | Updating Geometry BVH Cube.457 530/802 | Building mesh BLAS |     188 tris | Cube.459
Fra:1 Mem:228.26M (Peak 319.49M) | Time:00:00.30 | Mem:126.83M, Peak:126.83M | Scene, ViewLayer | Updating Geometry BVH Cube.457 530/802 | Building mesh BLAS |     188 tris | Cube.456
Fra:1 Mem:228.26M (Peak 319.49M) | Time:00:00.30 | Mem:126.83M, Peak:126.83M | Scene, ViewLayer | Updating Geometry BVH Cube.460 533/802 | Building BVH
Fra:1 Mem:228.26M (Peak 319.49M) | Time:00:00.30 | Mem:126.83M, Peak:126.83M | Scene, ViewLayer | Updating Geometry BVH Cube.461 534/802 | Building BVH
Fra:1 Mem:228.26M (Peak 319.49M) | Time:00:00.30 | Mem:126.84M, Peak:126.84M | Scene, ViewLayer | Updating Geometry BVH Cube.461 534/802 | Building mesh BLAS |     188 tris | Cube.460
Fra:1 Mem:228.26M (Peak 319.49M) | Time:00:00.30 | Mem:126.85M, Peak:126.85M | Scene, ViewLayer | Updating Geometry BVH Cube.461 534/802 | Building mesh BLAS |     188 tris | Cube.461
Fra:1 Mem:228.26M (Peak 319.49M) | Time:00:00.30 | Mem:126.85M, Peak:126.85M | Scene, ViewLayer | Updating Geometry BVH Cube.462 535/802 | Building BVH
Fra:1 Mem:228.26M (Peak 319.49M) | Time:00:00.30 | Mem:126.86M, Peak:126.86M | Scene, ViewLayer | Updating Geometry BVH Cube.462 535/802 | Building mesh BLAS |     188 tris | Cube.457
Fra:1 Mem:228.26M (Peak 319.49M) | Time:00:00.30 | Mem:126.86M, Peak:126.86M | Scene, ViewLayer | Updating Geometry BVH Cube.462 535/802 | Building mesh BLAS |     188 tris | Cube.462
Fra:1 Mem:228.26M (Peak 319.49M) | Time:00:00.30 | Mem:126.87M, Peak:126.87M | Scene, ViewLayer | Updating Geometry BVH Cube.463 536/802 | Building BVH
Fra:1 Mem:228.26M (Peak 319.49M) | Time:00:00.30 | Mem:126.87M, Peak:126.87M | Scene, ViewLayer | Updating Geometry BVH Cube.463 536/802 | Building mesh BLAS |     188 tris | Cube.463
Fra:1 Mem:228.26M (Peak 319.49M) | Time:00:00.30 | Mem:126.87M, Peak:126.87M | Scene, ViewLayer | Updating Geometry BVH Cube.464 537/802 | Building BVH
Fra:1 Mem:228.26M (Peak 319.49M) | Time:00:00.30 | Mem:126.87M, Peak:126.87M | Scene, ViewLayer | Updating Geometry BVH Cube.464 537/802 | Building mesh BLAS |     188 tris | Cube.464
Fra:1 Mem:228.26M (Peak 319.49M) | Time:00:00.30 | Mem:126.88M, Peak:126.88M | Scene, ViewLayer | Updating Geometry BVH Cube.465 538/802 | Building BVH
Fra:1 Mem:228.26M (Peak 319.49M) | Time:00:00.30 | Mem:126.88M, Peak:126.88M | Scene, ViewLayer | Updating Geometry BVH Cube.700 773/802 | Building BVH
Fra:1 Mem:228.26M (Peak 319.49M) | Time:00:00.30 | Mem:126.88M, Peak:126.88M | Scene, ViewLayer | Updating Geometry BVH Cube.466 539/802 | Building mesh BLAS |     188 tris | Cube.465
Fra:1 Mem:228.26M (Peak 319.49M) | Time:00:00.30 | Mem:126.88M, Peak:126.88M | Scene, ViewLayer | Updating Geometry BVH Cube.466 539/802 | Building mesh BLAS |     188 tris | Cube.700
Fra:1 Mem:228.26M (Peak 319.49M) | Time:00:00.30 | Mem:126.88M, Peak:126.88M | Scene, ViewLayer | Updating Geometry BVH Cube.466 539/802 | Building mesh BLAS |     188 tris | Cube.466
Fra:1 Mem:228.26M (Peak 319.49M) | Time:00:00.30 | Mem:126.90M, Peak:126.90M | Scene, ViewLayer | Updating Geometry BVH Cube.467 540/802 | Building BVH
Fra:1 Mem:228.26M (Peak 319.49M) | Time:00:00.30 | Mem:126.91M, Peak:126.91M | Scene, ViewLayer | Updating Geometry BVH Cube.468 541/802 | Building BVH
Fra:1 Mem:228.26M (Peak 319.49M) | Time:00:00.30 | Mem:126.92M, Peak:126.92M | Scene, ViewLayer | Updating Geometry BVH Cube.468 541/802 | Building mesh BLAS |     188 tris | Cube.468
Fra:1 Mem:228.26M (Peak 319.49M) | Time:00:00.30 | Mem:126.94M, Peak:126.94M | Scene, ViewLayer | Updating Geometry BVH Cube.468 541/802 | Building mesh BLAS |     188 tris | Cube.467
Fra:1 Mem:228.26M (Peak 319.49M) | Time:00:00.30 | Mem:126.95M, Peak:126.95M | Scene, ViewLayer | Updating Geometry BVH Cube.469 542/802 | Building BVH
Fra:1 Mem:228.26M (Peak 319.49M) | Time:00:00.30 | Mem:126.95M, Peak:126.95M | Scene, ViewLayer | Updating Geometry BVH Cube.469 542/802 | Building mesh BLAS |     188 tris | Cube.469
Fra:1 Mem:228.26M (Peak 319.49M) | Time:00:00.30 | Mem:126.98M, Peak:126.98M | Scene, ViewLayer | Updating Geometry BVH Cube.470 543/802 | Building BVH
Fra:1 Mem:228.26M (Peak 319.49M) | Time:00:00.30 | Mem:126.98M, Peak:126.98M | Scene, ViewLayer | Updating Geometry BVH Cube.473 546/802 | Building BVH
Fra:1 Mem:228.26M (Peak 319.49M) | Time:00:00.30 | Mem:126.98M, Peak:126.98M | Scene, ViewLayer | Updating Geometry BVH Cube.473 546/802 | Building mesh BLAS |     188 tris | Cube.470
Fra:1 Mem:228.26M (Peak 319.49M) | Time:00:00.30 | Mem:126.98M, Peak:126.98M | Scene, ViewLayer | Updating Geometry BVH Cube.473 546/802 | Building mesh BLAS |     188 tris | Cube.473
Fra:1 Mem:228.26M (Peak 319.49M) | Time:00:00.30 | Mem:126.98M, Peak:126.98M | Scene, ViewLayer | Updating Geometry BVH Cube.473 546/802 | Building mesh BLAS |     188 tris | Cube.472
Fra:1 Mem:228.26M (Peak 319.49M) | Time:00:00.30 | Mem:126.98M, Peak:126.98M | Scene, ViewLayer | Updating Geometry BVH Cube.473 546/802 | Building mesh BLAS |     188 tris | Cube.471
Fra:1 Mem:228.26M (Peak 319.49M) | Time:00:00.30 | Mem:126.99M, Peak:126.99M | Scene, ViewLayer | Updating Geometry BVH Cube.474 547/802 | Building BVH
Fra:1 Mem:228.26M (Peak 319.49M) | Time:00:00.30 | Mem:126.99M, Peak:126.99M | Scene, ViewLayer | Updating Geometry BVH Cube.474 547/802 | Building mesh BLAS |     188 tris | Cube.474
Fra:1 Mem:228.26M (Peak 319.49M) | Time:00:00.30 | Mem:126.99M, Peak:126.99M | Scene, ViewLayer | Updating Geometry BVH Cube.475 548/802 | Building BVH
Fra:1 Mem:228.26M (Peak 319.49M) | Time:00:00.30 | Mem:126.99M, Peak:126.99M | Scene, ViewLayer | Updating Geometry BVH Cube.475 548/802 | Building mesh BLAS |     188 tris | Cube.475
Fra:1 Mem:228.26M (Peak 319.49M) | Time:00:00.30 | Mem:126.99M, Peak:126.99M | Scene, ViewLayer | Updating Geometry BVH Cube.476 549/802 | Building BVH
Fra:1 Mem:228.26M (Peak 319.49M) | Time:00:00.30 | Mem:126.99M, Peak:126.99M | Scene, ViewLayer | Updating Geometry BVH Cube.476 549/802 | Building mesh BLAS |     188 tris | Cube.476
Fra:1 Mem:228.26M (Peak 319.49M) | Time:00:00.30 | Mem:127.01M, Peak:127.01M | Scene, ViewLayer | Updating Geometry BVH Cube.477 550/802 | Building BVH
Fra:1 Mem:228.26M (Peak 319.49M) | Time:00:00.30 | Mem:127.02M, Peak:127.02M | Scene, ViewLayer | Updating Geometry BVH Cube.478 551/802 | Building BVH
Fra:1 Mem:228.26M (Peak 319.49M) | Time:00:00.30 | Mem:127.03M, Peak:127.03M | Scene, ViewLayer | Updating Geometry BVH Cube.478 551/802 | Building mesh BLAS |     188 tris | Cube.477
Fra:1 Mem:228.26M (Peak 319.49M) | Time:00:00.30 | Mem:127.04M, Peak:127.04M | Scene, ViewLayer | Updating Geometry BVH Cube.478 551/802 | Building mesh BLAS |     188 tris | Cube.478
Fra:1 Mem:228.26M (Peak 319.49M) | Time:00:00.30 | Mem:127.04M, Peak:127.04M | Scene, ViewLayer | Updating Geometry BVH Cube.479 552/802 | Building BVH
Fra:1 Mem:228.26M (Peak 319.49M) | Time:00:00.30 | Mem:127.04M, Peak:127.04M | Scene, ViewLayer | Updating Geometry BVH Cube.480 553/802 | Building mesh BLAS |     188 tris | Cube.479
Fra:1 Mem:228.26M (Peak 319.49M) | Time:00:00.30 | Mem:127.04M, Peak:127.04M | Scene, ViewLayer | Updating Geometry BVH Cube.481 554/802 | Building BVH
Fra:1 Mem:228.26M (Peak 319.49M) | Time:00:00.30 | Mem:127.04M, Peak:127.04M | Scene, ViewLayer | Updating Geometry BVH Cube.481 554/802 | Building mesh BLAS |     188 tris | Cube.481
Fra:1 Mem:228.26M (Peak 319.49M) | Time:00:00.30 | Mem:127.04M, Peak:127.04M | Scene, ViewLayer | Updating Geometry BVH Cube.481 554/802 | Building mesh BLAS |     188 tris | Cube.480
Fra:1 Mem:228.26M (Peak 319.49M) | Time:00:00.30 | Mem:127.05M, Peak:127.05M | Scene, ViewLayer | Updating Geometry BVH Cube.699 772/802 | Building BVH
Fra:1 Mem:228.26M (Peak 319.49M) | Time:00:00.30 | Mem:127.05M, Peak:127.05M | Scene, ViewLayer | Updating Geometry BVH Cube.482 555/802 | Building BVH
Fra:1 Mem:228.26M (Peak 319.49M) | Time:00:00.30 | Mem:127.05M, Peak:127.05M | Scene, ViewLayer | Updating Geometry BVH Cube.482 555/802 | Building mesh BLAS |     188 tris | Cube.699
Fra:1 Mem:228.26M (Peak 319.49M) | Time:00:00.30 | Mem:127.05M, Peak:127.05M | Scene, ViewLayer | Updating Geometry BVH Cube.482 555/802 | Building mesh BLAS |     188 tris | Cube.482
Fra:1 Mem:228.26M (Peak 319.49M) | Time:00:00.30 | Mem:127.05M, Peak:127.05M | Scene, ViewLayer | Updating Geometry BVH Cube.483 556/802 | Building BVH
Fra:1 Mem:228.26M (Peak 319.49M) | Time:00:00.30 | Mem:127.05M, Peak:127.05M | Scene, ViewLayer | Updating Geometry BVH Cube.483 556/802 | Building mesh BLAS |     188 tris | Cube.483
Fra:1 Mem:228.26M (Peak 319.49M) | Time:00:00.30 | Mem:127.07M, Peak:127.07M | Scene, ViewLayer | Updating Geometry BVH Cube.484 557/802 | Building BVH
Fra:1 Mem:228.26M (Peak 319.49M) | Time:00:00.30 | Mem:127.08M, Peak:127.08M | Scene, ViewLayer | Updating Geometry BVH Cube.485 558/802 | Building BVH
Fra:1 Mem:228.26M (Peak 319.49M) | Time:00:00.30 | Mem:127.08M, Peak:127.08M | Scene, ViewLayer | Updating Geometry BVH Cube.485 558/802 | Building mesh BLAS |     188 tris | Cube.485
Fra:1 Mem:228.26M (Peak 319.49M) | Time:00:00.30 | Mem:127.12M, Peak:127.12M | Scene, ViewLayer | Updating Geometry BVH Cube.486 559/802 | Building BVH
Fra:1 Mem:228.26M (Peak 319.49M) | Time:00:00.30 | Mem:127.12M, Peak:127.12M | Scene, ViewLayer | Updating Geometry BVH Cube.487 560/802 | Building mesh BLAS |     188 tris | Cube.486
Fra:1 Mem:228.26M (Peak 319.49M) | Time:00:00.30 | Mem:127.12M, Peak:127.12M | Scene, ViewLayer | Updating Geometry BVH Cube.488 561/802 | Building BVH
Fra:1 Mem:228.26M (Peak 319.49M) | Time:00:00.30 | Mem:127.13M, Peak:127.13M | Scene, ViewLayer | Updating Geometry BVH Cube.489 562/802 | Building mesh BLAS |     188 tris | Cube.488
Fra:1 Mem:228.26M (Peak 319.49M) | Time:00:00.30 | Mem:127.16M, Peak:127.16M | Scene, ViewLayer | Updating Geometry BVH Cube.490 563/802 | Building BVH
Fra:1 Mem:228.26M (Peak 319.49M) | Time:00:00.30 | Mem:127.16M, Peak:127.16M | Scene, ViewLayer | Updating Geometry BVH Cube.491 564/802 | Building BVH
Fra:1 Mem:228.26M (Peak 319.49M) | Time:00:00.30 | Mem:127.16M, Peak:127.16M | Scene, ViewLayer | Updating Geometry BVH Cube.491 564/802 | Building mesh BLAS |     188 tris | Cube.489
Fra:1 Mem:228.26M (Peak 319.49M) | Time:00:00.30 | Mem:127.16M, Peak:127.16M | Scene, ViewLayer | Updating Geometry BVH Cube.491 564/802 | Building mesh BLAS |     188 tris | Cube.491
Fra:1 Mem:228.26M (Peak 319.49M) | Time:00:00.30 | Mem:127.16M, Peak:127.16M | Scene, ViewLayer | Updating Geometry BVH Cube.491 564/802 | Building mesh BLAS |     188 tris | Cube.492
Fra:1 Mem:228.26M (Peak 319.49M) | Time:00:00.30 | Mem:127.16M, Peak:127.16M | Scene, ViewLayer | Updating Geometry BVH Cube.493 566/802 | Building BVH
Fra:1 Mem:228.26M (Peak 319.49M) | Time:00:00.30 | Mem:127.16M, Peak:127.16M | Scene, ViewLayer | Updating Geometry BVH Cube.493 566/802 | Building mesh BLAS |     188 tris | Cube.493
Fra:1 Mem:228.26M (Peak 319.49M) | Time:00:00.30 | Mem:127.16M, Peak:127.16M | Scene, ViewLayer | Updating Geometry BVH Cube.494 567/802 | Building BVH
Fra:1 Mem:228.26M (Peak 319.49M) | Time:00:00.30 | Mem:127.16M, Peak:127.16M | Scene, ViewLayer | Updating Geometry BVH Cube.494 567/802 | Building mesh BLAS |     188 tris | Cube.494
Fra:1 Mem:228.26M (Peak 319.49M) | Time:00:00.30 | Mem:127.18M, Peak:127.18M | Scene, ViewLayer | Updating Geometry BVH Cube.495 568/802 | Building BVH
Fra:1 Mem:228.26M (Peak 319.49M) | Time:00:00.30 | Mem:127.18M, Peak:127.18M | Scene, ViewLayer | Updating Geometry BVH Cube.496 569/802 | Building BVH
Fra:1 Mem:228.26M (Peak 319.49M) | Time:00:00.30 | Mem:127.18M, Peak:127.18M | Scene, ViewLayer | Updating Geometry BVH Cube.497 570/802 | Building mesh BLAS |     188 tris | Cube.495
Fra:1 Mem:228.26M (Peak 319.49M) | Time:00:00.30 | Mem:127.18M, Peak:127.18M | Scene, ViewLayer | Updating Geometry BVH Cube.497 570/802 | Building mesh BLAS |     188 tris | Cube.496
Fra:1 Mem:228.26M (Peak 319.49M) | Time:00:00.30 | Mem:127.18M, Peak:127.18M | Scene, ViewLayer | Updating Geometry BVH Cube.497 570/802 | Building mesh BLAS |     188 tris | Cube.497
Fra:1 Mem:228.26M (Peak 319.49M) | Time:00:00.30 | Mem:127.19M, Peak:127.19M | Scene, ViewLayer | Updating Geometry BVH Cube.498 571/802 | Building BVH
Fra:1 Mem:228.26M (Peak 319.49M) | Time:00:00.30 | Mem:127.21M, Peak:127.21M | Scene, ViewLayer | Updating Geometry BVH Cube.498 571/802 | Building mesh BLAS |     188 tris | Cube.498
Fra:1 Mem:228.26M (Peak 319.49M) | Time:00:00.30 | Mem:127.24M, Peak:127.24M | Scene, ViewLayer | Updating Geometry BVH Cube.698 771/802 | Building BVH
Fra:1 Mem:228.26M (Peak 319.49M) | Time:00:00.30 | Mem:127.26M, Peak:127.26M | Scene, ViewLayer | Updating Geometry BVH Cube.698 771/802 | Building mesh BLAS |     188 tris | Cube.698
Fra:1 Mem:228.26M (Peak 319.49M) | Time:00:00.30 | Mem:127.26M, Peak:127.26M | Scene, ViewLayer | Updating Geometry BVH Cube.499 572/802 | Building BVH
Fra:1 Mem:228.26M (Peak 319.49M) | Time:00:00.30 | Mem:127.26M, Peak:127.26M | Scene, ViewLayer | Updating Geometry BVH Cube.499 572/802 | Building mesh BLAS |     188 tris | Cube.499
Fra:1 Mem:228.26M (Peak 319.49M) | Time:00:00.30 | Mem:127.26M, Peak:127.26M | Scene, ViewLayer | Updating Geometry BVH Cube.500 573/802 | Building BVH
Fra:1 Mem:228.26M (Peak 319.49M) | Time:00:00.30 | Mem:127.26M, Peak:127.26M | Scene, ViewLayer | Updating Geometry BVH Cube.500 573/802 | Building mesh BLAS |     188 tris | Cube.500
Fra:1 Mem:228.26M (Peak 319.49M) | Time:00:00.30 | Mem:127.29M, Peak:127.29M | Scene, ViewLayer | Updating Geometry BVH Cube.501 574/802 | Building BVH
Fra:1 Mem:228.26M (Peak 319.49M) | Time:00:00.30 | Mem:127.29M, Peak:127.29M | Scene, ViewLayer | Updating Geometry BVH Cube.501 574/802 | Building mesh BLAS |     188 tris | Cube.501
Fra:1 Mem:228.26M (Peak 319.49M) | Time:00:00.30 | Mem:127.29M, Peak:127.29M | Scene, ViewLayer | Updating Geometry BVH Cube.502 575/802 | Building BVH
Fra:1 Mem:228.26M (Peak 319.49M) | Time:00:00.30 | Mem:127.29M, Peak:127.29M | Scene, ViewLayer | Updating Geometry BVH Cube.502 575/802 | Building mesh BLAS |     188 tris | Cube.502
Fra:1 Mem:228.26M (Peak 319.49M) | Time:00:00.30 | Mem:127.30M, Peak:127.30M | Scene, ViewLayer | Updating Geometry BVH Cube.503 576/802 | Building BVH
Fra:1 Mem:228.26M (Peak 319.49M) | Time:00:00.30 | Mem:127.30M, Peak:127.30M | Scene, ViewLayer | Updating Geometry BVH Cube.503 576/802 | Building mesh BLAS |     188 tris | Cube.503
Fra:1 Mem:228.26M (Peak 319.49M) | Time:00:00.30 | Mem:127.31M, Peak:127.31M | Scene, ViewLayer | Updating Geometry BVH Cube.504 577/802 | Building BVH
Fra:1 Mem:228.26M (Peak 319.49M) | Time:00:00.30 | Mem:127.31M, Peak:127.31M | Scene, ViewLayer | Updating Geometry BVH Cube.505 578/802 | Building BVH
Fra:1 Mem:228.26M (Peak 319.49M) | Time:00:00.30 | Mem:127.31M, Peak:127.31M | Scene, ViewLayer | Updating Geometry BVH Cube.505 578/802 | Building mesh BLAS |     188 tris | Cube.504
Fra:1 Mem:228.26M (Peak 319.49M) | Time:00:00.30 | Mem:127.31M, Peak:127.31M | Scene, ViewLayer | Updating Geometry BVH Cube.505 578/802 | Building mesh BLAS |     188 tris | Cube.505
Fra:1 Mem:228.26M (Peak 319.49M) | Time:00:00.30 | Mem:127.32M, Peak:127.32M | Scene, ViewLayer | Updating Geometry BVH Cube.506 579/802 | Building BVH
Fra:1 Mem:228.26M (Peak 319.49M) | Time:00:00.30 | Mem:127.32M, Peak:127.32M | Scene, ViewLayer | Updating Geometry BVH Cube.507 580/802 | Building BVH
Fra:1 Mem:228.26M (Peak 319.49M) | Time:00:00.30 | Mem:127.32M, Peak:127.32M | Scene, ViewLayer | Updating Geometry BVH Cube.507 580/802 | Building mesh BLAS |     188 tris | Cube.506
Fra:1 Mem:228.26M (Peak 319.49M) | Time:00:00.30 | Mem:127.32M, Peak:127.32M | Scene, ViewLayer | Updating Geometry BVH Cube.507 580/802 | Building mesh BLAS |     188 tris | Cube.507
Fra:1 Mem:228.26M (Peak 319.49M) | Time:00:00.30 | Mem:127.32M, Peak:127.32M | Scene, ViewLayer | Updating Geometry BVH Cube.508 581/802 | Building BVH
Fra:1 Mem:228.26M (Peak 319.49M) | Time:00:00.30 | Mem:127.32M, Peak:127.32M | Scene, ViewLayer | Updating Geometry BVH Cube.508 581/802 | Building mesh BLAS |     188 tris | Cube.508
Fra:1 Mem:228.26M (Peak 319.49M) | Time:00:00.30 | Mem:127.32M, Peak:127.32M | Scene, ViewLayer | Updating Geometry BVH Cube.509 582/802 | Building BVH
Fra:1 Mem:228.26M (Peak 319.49M) | Time:00:00.30 | Mem:127.32M, Peak:127.32M | Scene, ViewLayer | Updating Geometry BVH Cube.509 582/802 | Building mesh BLAS |     188 tris | Cube.509
Fra:1 Mem:228.26M (Peak 319.49M) | Time:00:00.30 | Mem:127.34M, Peak:127.34M | Scene, ViewLayer | Updating Geometry BVH Cube.510 583/802 | Building BVH
Fra:1 Mem:228.26M (Peak 319.49M) | Time:00:00.30 | Mem:127.34M, Peak:127.34M | Scene, ViewLayer | Updating Geometry BVH Cube.511 584/802 | Building BVH
Fra:1 Mem:228.26M (Peak 319.49M) | Time:00:00.30 | Mem:127.34M, Peak:127.34M | Scene, ViewLayer | Updating Geometry BVH Cube.511 584/802 | Building mesh BLAS |     188 tris | Cube.510
Fra:1 Mem:228.26M (Peak 319.49M) | Time:00:00.30 | Mem:127.34M, Peak:127.34M | Scene, ViewLayer | Updating Geometry BVH Cube.511 584/802 | Building mesh BLAS |     188 tris | Cube.511
Fra:1 Mem:228.26M (Peak 319.49M) | Time:00:00.30 | Mem:127.36M, Peak:127.36M | Scene, ViewLayer | Updating Geometry BVH Cube.512 585/802 | Building BVH
Fra:1 Mem:228.26M (Peak 319.49M) | Time:00:00.30 | Mem:127.37M, Peak:127.37M | Scene, ViewLayer | Updating Geometry BVH Cube.512 585/802 | Building mesh BLAS |     188 tris | Cube.512
Fra:1 Mem:228.26M (Peak 319.49M) | Time:00:00.30 | Mem:127.37M, Peak:127.37M | Scene, ViewLayer | Updating Geometry BVH Cube.513 586/802 | Building BVH
Fra:1 Mem:228.26M (Peak 319.49M) | Time:00:00.30 | Mem:127.37M, Peak:127.37M | Scene, ViewLayer | Updating Geometry BVH Cube.513 586/802 | Building mesh BLAS |     188 tris | Cube.513
Fra:1 Mem:228.26M (Peak 319.49M) | Time:00:00.30 | Mem:127.40M, Peak:127.40M | Scene, ViewLayer | Updating Geometry BVH Cube.514 587/802 | Building BVH
Fra:1 Mem:228.26M (Peak 319.49M) | Time:00:00.30 | Mem:127.40M, Peak:127.40M | Scene, ViewLayer | Updating Geometry BVH Cube.514 587/802 | Building mesh BLAS |     188 tris | Cube.514
Fra:1 Mem:228.26M (Peak 319.49M) | Time:00:00.30 | Mem:127.40M, Peak:127.40M | Scene, ViewLayer | Updating Geometry BVH Cube.697 770/802 | Building BVH
Fra:1 Mem:228.26M (Peak 319.49M) | Time:00:00.30 | Mem:127.40M, Peak:127.40M | Scene, ViewLayer | Updating Geometry BVH Cube.697 770/802 | Building mesh BLAS |     188 tris | Cube.697
Fra:1 Mem:228.26M (Peak 319.49M) | Time:00:00.30 | Mem:127.40M, Peak:127.40M | Scene, ViewLayer | Updating Geometry BVH Cube.515 588/802 | Building BVH
Fra:1 Mem:228.26M (Peak 319.49M) | Time:00:00.30 | Mem:127.40M, Peak:127.40M | Scene, ViewLayer | Updating Geometry BVH Cube.516 589/802 | Building BVH
Fra:1 Mem:228.26M (Peak 319.49M) | Time:00:00.30 | Mem:127.41M, Peak:127.41M | Scene, ViewLayer | Updating Geometry BVH Cube.516 589/802 | Building mesh BLAS |     188 tris | Cube.515
Fra:1 Mem:228.26M (Peak 319.49M) | Time:00:00.30 | Mem:127.42M, Peak:127.42M | Scene, ViewLayer | Updating Geometry BVH Cube.517 590/802 | Building BVH
Fra:1 Mem:228.26M (Peak 319.49M) | Time:00:00.30 | Mem:127.42M, Peak:127.42M | Scene, ViewLayer | Updating Geometry BVH Cube.518 591/802 | Building BVH
Fra:1 Mem:228.26M (Peak 319.49M) | Time:00:00.30 | Mem:127.43M, Peak:127.43M | Scene, ViewLayer | Updating Geometry BVH Cube.518 591/802 | Building mesh BLAS |     188 tris | Cube.516
Fra:1 Mem:228.26M (Peak 319.49M) | Time:00:00.30 | Mem:127.43M, Peak:127.43M | Scene, ViewLayer | Updating Geometry BVH Cube.518 591/802 | Building mesh BLAS |     188 tris | Cube.518
Fra:1 Mem:228.26M (Peak 319.49M) | Time:00:00.30 | Mem:127.43M, Peak:127.43M | Scene, ViewLayer | Updating Geometry BVH Cube.518 591/802 | Building mesh BLAS |     188 tris | Cube.517
Fra:1 Mem:228.26M (Peak 319.49M) | Time:00:00.30 | Mem:127.44M, Peak:127.44M | Scene, ViewLayer | Updating Geometry BVH Cube.519 592/802 | Building BVH
Fra:1 Mem:228.26M (Peak 319.49M) | Time:00:00.30 | Mem:127.44M, Peak:127.44M | Scene, ViewLayer | Updating Geometry BVH Cube.519 592/802 | Building mesh BLAS |     188 tris | Cube.519
Fra:1 Mem:228.26M (Peak 319.49M) | Time:00:00.30 | Mem:127.45M, Peak:127.45M | Scene, ViewLayer | Updating Geometry BVH Cube.520 593/802 | Building BVH
Fra:1 Mem:228.26M (Peak 319.49M) | Time:00:00.30 | Mem:127.46M, Peak:127.46M | Scene, ViewLayer | Updating Geometry BVH Cube.521 594/802 | Building BVH
Fra:1 Mem:228.26M (Peak 319.49M) | Time:00:00.30 | Mem:127.47M, Peak:127.47M | Scene, ViewLayer | Updating Geometry BVH Cube.521 594/802 | Building mesh BLAS |     188 tris | Cube.520
Fra:1 Mem:228.26M (Peak 319.49M) | Time:00:00.30 | Mem:127.48M, Peak:127.48M | Scene, ViewLayer | Updating Geometry BVH Cube.522 595/802 | Building BVH
Fra:1 Mem:228.26M (Peak 319.49M) | Time:00:00.30 | Mem:127.48M, Peak:127.48M | Scene, ViewLayer | Updating Geometry BVH Cube.523 596/802 | Building BVH
Fra:1 Mem:228.26M (Peak 319.49M) | Time:00:00.30 | Mem:127.48M, Peak:127.48M | Scene, ViewLayer | Updating Geometry BVH Cube.524 597/802 | Building BVH
Fra:1 Mem:228.26M (Peak 319.49M) | Time:00:00.30 | Mem:127.48M, Peak:127.48M | Scene, ViewLayer | Updating Geometry BVH Cube.524 597/802 | Building mesh BLAS |     188 tris | Cube.524
Fra:1 Mem:228.26M (Peak 319.49M) | Time:00:00.30 | Mem:127.48M, Peak:127.48M | Scene, ViewLayer | Updating Geometry BVH Cube.524 597/802 | Building mesh BLAS |     188 tris | Cube.523
Fra:1 Mem:228.26M (Peak 319.49M) | Time:00:00.30 | Mem:127.48M, Peak:127.48M | Scene, ViewLayer | Updating Geometry BVH Cube.524 597/802 | Building mesh BLAS |     188 tris | Cube.522
Fra:1 Mem:228.26M (Peak 319.49M) | Time:00:00.30 | Mem:127.50M, Peak:127.50M | Scene, ViewLayer | Updating Geometry BVH Cube.525 598/802 | Building BVH
Fra:1 Mem:228.26M (Peak 319.49M) | Time:00:00.30 | Mem:127.50M, Peak:127.50M | Scene, ViewLayer | Updating Geometry BVH Cube.526 599/802 | Building BVH
Fra:1 Mem:228.26M (Peak 319.49M) | Time:00:00.30 | Mem:127.51M, Peak:127.51M | Scene, ViewLayer | Updating Geometry BVH Cube.526 599/802 | Building mesh BLAS |     188 tris | Cube.526
Fra:1 Mem:228.26M (Peak 319.49M) | Time:00:00.30 | Mem:127.52M, Peak:127.52M | Scene, ViewLayer | Updating Geometry BVH Cube.527 600/802 | Building BVH
Fra:1 Mem:228.26M (Peak 319.49M) | Time:00:00.30 | Mem:127.55M, Peak:127.55M | Scene, ViewLayer | Updating Geometry BVH Cube.527 600/802 | Building mesh BLAS |     188 tris | Cube.527
Fra:1 Mem:228.26M (Peak 319.49M) | Time:00:00.30 | Mem:127.55M, Peak:127.55M | Scene, ViewLayer | Updating Geometry BVH Cube.529 602/802 | Building BVH
Fra:1 Mem:228.26M (Peak 319.49M) | Time:00:00.30 | Mem:127.56M, Peak:127.56M | Scene, ViewLayer | Updating Geometry BVH Cube.529 602/802 | Building mesh BLAS |     188 tris | Cube.529
Fra:1 Mem:228.26M (Peak 319.49M) | Time:00:00.30 | Mem:127.57M, Peak:127.57M | Scene, ViewLayer | Updating Geometry BVH Cube.529 602/802 | Building mesh BLAS |     188 tris | Cube.528
Fra:1 Mem:228.26M (Peak 319.49M) | Time:00:00.30 | Mem:127.58M, Peak:127.58M | Scene, ViewLayer | Updating Geometry BVH Cube.530 603/802 | Building BVH
Fra:1 Mem:228.26M (Peak 319.49M) | Time:00:00.30 | Mem:127.58M, Peak:127.58M | Scene, ViewLayer | Updating Geometry BVH Cube.530 603/802 | Building mesh BLAS |     188 tris | Cube.530
Fra:1 Mem:228.26M (Peak 319.49M) | Time:00:00.30 | Mem:127.59M, Peak:127.59M | Scene, ViewLayer | Updating Geometry BVH Cube.696 769/802 | Building BVH
Fra:1 Mem:228.26M (Peak 319.49M) | Time:00:00.30 | Mem:127.59M, Peak:127.59M | Scene, ViewLayer | Updating Geometry BVH Cube.531 604/802 | Building BVH
Fra:1 Mem:228.26M (Peak 319.49M) | Time:00:00.30 | Mem:127.61M, Peak:127.61M | Scene, ViewLayer | Updating Geometry BVH Cube.531 604/802 | Building mesh BLAS |     188 tris | Cube.531
Fra:1 Mem:228.26M (Peak 319.49M) | Time:00:00.30 | Mem:127.61M, Peak:127.61M | Scene, ViewLayer | Updating Geometry BVH Cube.531 604/802 | Building mesh BLAS |     188 tris | Cube.696
Fra:1 Mem:228.26M (Peak 319.49M) | Time:00:00.30 | Mem:127.62M, Peak:127.62M | Scene, ViewLayer | Updating Geometry BVH Cube.533 606/802 | Building BVH
Fra:1 Mem:228.26M (Peak 319.49M) | Time:00:00.30 | Mem:127.62M, Peak:127.62M | Scene, ViewLayer | Updating Geometry BVH Cube.533 606/802 | Building mesh BLAS |     188 tris | Cube.533
Fra:1 Mem:228.26M (Peak 319.49M) | Time:00:00.30 | Mem:127.62M, Peak:127.62M | Scene, ViewLayer | Updating Geometry BVH Cube.535 608/802 | Building BVH
Fra:1 Mem:228.26M (Peak 319.49M) | Time:00:00.30 | Mem:127.62M, Peak:127.62M | Scene, ViewLayer | Updating Geometry BVH Cube.536 609/802 | Building mesh BLAS |     188 tris | Cube.534
Fra:1 Mem:228.26M (Peak 319.49M) | Time:00:00.30 | Mem:127.62M, Peak:127.62M | Scene, ViewLayer | Updating Geometry BVH Cube.536 609/802 | Building mesh BLAS |     188 tris | Cube.536
Fra:1 Mem:228.26M (Peak 319.49M) | Time:00:00.30 | Mem:127.62M, Peak:127.62M | Scene, ViewLayer | Updating Geometry BVH Cube.536 609/802 | Building mesh BLAS |     188 tris | Cube.535
Fra:1 Mem:228.26M (Peak 319.49M) | Time:00:00.30 | Mem:127.64M, Peak:127.64M | Scene, ViewLayer | Updating Geometry BVH Cube.537 610/802 | Building BVH
Fra:1 Mem:228.26M (Peak 319.49M) | Time:00:00.30 | Mem:127.64M, Peak:127.64M | Scene, ViewLayer | Updating Geometry BVH Cube.538 611/802 | Building BVH
Fra:1 Mem:228.26M (Peak 319.49M) | Time:00:00.30 | Mem:127.64M, Peak:127.64M | Scene, ViewLayer | Updating Geometry BVH Cube.538 611/802 | Building mesh BLAS |     188 tris | Cube.538
Fra:1 Mem:228.26M (Peak 319.49M) | Time:00:00.30 | Mem:127.64M, Peak:127.64M | Scene, ViewLayer | Updating Geometry BVH Cube.539 612/802 | Building BVH
Fra:1 Mem:228.26M (Peak 319.49M) | Time:00:00.30 | Mem:127.64M, Peak:127.64M | Scene, ViewLayer | Updating Geometry BVH Cube.539 612/802 | Building mesh BLAS |     188 tris | Cube.537
Fra:1 Mem:228.26M (Peak 319.49M) | Time:00:00.30 | Mem:127.64M, Peak:127.64M | Scene, ViewLayer | Updating Geometry BVH Cube.540 613/802 | Building BVH
Fra:1 Mem:228.26M (Peak 319.49M) | Time:00:00.30 | Mem:127.64M, Peak:127.64M | Scene, ViewLayer | Updating Geometry BVH Cube.540 613/802 | Building mesh BLAS |     188 tris | Cube.540
Fra:1 Mem:228.26M (Peak 319.49M) | Time:00:00.30 | Mem:127.65M, Peak:127.65M | Scene, ViewLayer | Updating Geometry BVH Cube.541 614/802 | Building BVH
Fra:1 Mem:228.26M (Peak 319.49M) | Time:00:00.30 | Mem:127.65M, Peak:127.65M | Scene, ViewLayer | Updating Geometry BVH Cube.541 614/802 | Building mesh BLAS |     188 tris | Cube.541
Fra:1 Mem:228.26M (Peak 319.49M) | Time:00:00.30 | Mem:127.67M, Peak:127.67M | Scene, ViewLayer | Updating Geometry BVH Cube.542 615/802 | Building BVH
Fra:1 Mem:228.26M (Peak 319.49M) | Time:00:00.30 | Mem:127.68M, Peak:127.68M | Scene, ViewLayer | Updating Geometry BVH Cube.542 615/802 | Building mesh BLAS |     188 tris | Cube.542
Fra:1 Mem:228.26M (Peak 319.49M) | Time:00:00.30 | Mem:127.68M, Peak:127.68M | Scene, ViewLayer | Updating Geometry BVH Cube.545 618/802 | Building BVH
Fra:1 Mem:228.26M (Peak 319.49M) | Time:00:00.30 | Mem:127.68M, Peak:127.68M | Scene, ViewLayer | Updating Geometry BVH Cube.545 618/802 | Building mesh BLAS |     188 tris | Cube.545
Fra:1 Mem:228.26M (Peak 319.49M) | Time:00:00.30 | Mem:127.68M, Peak:127.68M | Scene, ViewLayer | Updating Geometry BVH Cube.545 618/802 | Building mesh BLAS |     188 tris | Cube.544
Fra:1 Mem:228.26M (Peak 319.49M) | Time:00:00.30 | Mem:127.68M, Peak:127.68M | Scene, ViewLayer | Updating Geometry BVH Cube.546 619/802 | Building BVH
Fra:1 Mem:228.26M (Peak 319.49M) | Time:00:00.30 | Mem:127.68M, Peak:127.68M | Scene, ViewLayer | Updating Geometry BVH Cube.546 619/802 | Building mesh BLAS |     188 tris | Cube.543
Fra:1 Mem:228.26M (Peak 319.49M) | Time:00:00.30 | Mem:127.68M, Peak:127.68M | Scene, ViewLayer | Updating Geometry BVH Cube.546 619/802 | Building mesh BLAS |     188 tris | Cube.546
Fra:1 Mem:228.26M (Peak 319.49M) | Time:00:00.30 | Mem:127.70M, Peak:127.70M | Scene, ViewLayer | Updating Geometry BVH Cube.547 620/802 | Building BVH
Fra:1 Mem:228.26M (Peak 319.49M) | Time:00:00.30 | Mem:127.70M, Peak:127.70M | Scene, ViewLayer | Updating Geometry BVH Cube.547 620/802 | Building mesh BLAS |     188 tris | Cube.547
Fra:1 Mem:228.26M (Peak 319.49M) | Time:00:00.30 | Mem:127.71M, Peak:127.71M | Scene, ViewLayer | Updating Geometry BVH Cube.548 621/802 | Building BVH
Fra:1 Mem:228.26M (Peak 319.49M) | Time:00:00.30 | Mem:127.72M, Peak:127.72M | Scene, ViewLayer | Updating Geometry BVH Cube.548 621/802 | Building mesh BLAS |     188 tris | Cube.548
Fra:1 Mem:228.26M (Peak 319.49M) | Time:00:00.30 | Mem:127.74M, Peak:127.74M | Scene, ViewLayer | Updating Geometry BVH Cube.695 768/802 | Building BVH
Fra:1 Mem:228.26M (Peak 319.49M) | Time:00:00.30 | Mem:127.74M, Peak:127.74M | Scene, ViewLayer | Updating Geometry BVH Cube.695 768/802 | Building mesh BLAS |     188 tris | Cube.695
Fra:1 Mem:228.26M (Peak 319.49M) | Time:00:00.30 | Mem:127.75M, Peak:127.75M | Scene, ViewLayer | Updating Geometry BVH Cube.549 622/802 | Building BVH
Fra:1 Mem:228.26M (Peak 319.49M) | Time:00:00.30 | Mem:127.76M, Peak:127.76M | Scene, ViewLayer | Updating Geometry BVH Cube.549 622/802 | Building mesh BLAS |     188 tris | Cube.549
Fra:1 Mem:228.26M (Peak 319.49M) | Time:00:00.30 | Mem:127.76M, Peak:127.76M | Scene, ViewLayer | Updating Geometry BVH Cube.550 623/802 | Building BVH
Fra:1 Mem:228.26M (Peak 319.49M) | Time:00:00.30 | Mem:127.76M, Peak:127.76M | Scene, ViewLayer | Updating Geometry BVH Cube.552 625/802 | Building BVH
Fra:1 Mem:228.26M (Peak 319.49M) | Time:00:00.30 | Mem:127.76M, Peak:127.76M | Scene, ViewLayer | Updating Geometry BVH Cube.552 625/802 | Building mesh BLAS |     188 tris | Cube.550
Fra:1 Mem:228.26M (Peak 319.49M) | Time:00:00.30 | Mem:127.76M, Peak:127.76M | Scene, ViewLayer | Updating Geometry BVH Cube.553 626/802 | Building mesh BLAS |     188 tris | Cube.551
Fra:1 Mem:228.26M (Peak 319.49M) | Time:00:00.30 | Mem:127.78M, Peak:127.78M | Scene, ViewLayer | Updating Geometry BVH Cube.553 626/802 | Building mesh BLAS |     188 tris | Cube.552
Fra:1 Mem:228.26M (Peak 319.49M) | Time:00:00.30 | Mem:127.78M, Peak:127.78M | Scene, ViewLayer | Updating Geometry BVH Cube.553 626/802 | Building mesh BLAS |     188 tris | Cube.553
Fra:1 Mem:228.26M (Peak 319.49M) | Time:00:00.30 | Mem:127.79M, Peak:127.79M | Scene, ViewLayer | Updating Geometry BVH Cube.555 628/802 | Building BVH
Fra:1 Mem:228.26M (Peak 319.49M) | Time:00:00.30 | Mem:127.79M, Peak:127.79M | Scene, ViewLayer | Updating Geometry BVH Cube.554 627/802 | Building mesh BLAS |     188 tris | Cube.555
Fra:1 Mem:228.26M (Peak 319.49M) | Time:00:00.30 | Mem:127.79M, Peak:127.79M | Scene, ViewLayer | Updating Geometry BVH Cube.554 627/802 | Building mesh BLAS |     188 tris | Cube.554
Fra:1 Mem:228.26M (Peak 319.49M) | Time:00:00.30 | Mem:127.79M, Peak:127.79M | Scene, ViewLayer | Updating Geometry BVH Cube.556 629/802 | Building BVH
Fra:1 Mem:228.26M (Peak 319.49M) | Time:00:00.30 | Mem:127.79M, Peak:127.79M | Scene, ViewLayer | Updating Geometry BVH Cube.556 629/802 | Building mesh BLAS |     188 tris | Cube.556
Fra:1 Mem:228.26M (Peak 319.49M) | Time:00:00.30 | Mem:127.81M, Peak:127.81M | Scene, ViewLayer | Updating Geometry BVH Cube.557 630/802 | Building BVH
Fra:1 Mem:228.26M (Peak 319.49M) | Time:00:00.30 | Mem:127.81M, Peak:127.81M | Scene, ViewLayer | Updating Geometry BVH Cube.557 630/802 | Building mesh BLAS |     188 tris | Cube.557
Fra:1 Mem:228.26M (Peak 319.49M) | Time:00:00.30 | Mem:127.82M, Peak:127.82M | Scene, ViewLayer | Updating Geometry BVH Cube.558 631/802 | Building BVH
Fra:1 Mem:228.26M (Peak 319.49M) | Time:00:00.30 | Mem:127.84M, Peak:127.84M | Scene, ViewLayer | Updating Geometry BVH Cube.558 631/802 | Building mesh BLAS |     188 tris | Cube.558
Fra:1 Mem:228.26M (Peak 319.49M) | Time:00:00.30 | Mem:127.86M, Peak:127.86M | Scene, ViewLayer | Updating Geometry BVH Cube.559 632/802 | Building BVH
Fra:1 Mem:228.26M (Peak 319.49M) | Time:00:00.30 | Mem:127.87M, Peak:127.87M | Scene, ViewLayer | Updating Geometry BVH Cube.561 634/802 | Building BVH
Fra:1 Mem:228.26M (Peak 319.49M) | Time:00:00.30 | Mem:127.87M, Peak:127.87M | Scene, ViewLayer | Updating Geometry BVH Cube.561 634/802 | Building mesh BLAS |     188 tris | Cube.559
Fra:1 Mem:228.26M (Peak 319.49M) | Time:00:00.30 | Mem:127.87M, Peak:127.87M | Scene, ViewLayer | Updating Geometry BVH Cube.561 634/802 | Building mesh BLAS |     188 tris | Cube.561
Fra:1 Mem:228.26M (Peak 319.49M) | Time:00:00.30 | Mem:127.87M, Peak:127.87M | Scene, ViewLayer | Updating Geometry BVH Cube.561 634/802 | Building mesh BLAS |     188 tris | Cube.560
Fra:1 Mem:228.26M (Peak 319.49M) | Time:00:00.30 | Mem:127.87M, Peak:127.87M | Scene, ViewLayer | Updating Geometry BVH Cube.562 635/802 | Building BVH
Fra:1 Mem:228.26M (Peak 319.49M) | Time:00:00.30 | Mem:127.87M, Peak:127.87M | Scene, ViewLayer | Updating Geometry BVH Cube.562 635/802 | Building mesh BLAS |     188 tris | Cube.562
Fra:1 Mem:228.26M (Peak 319.49M) | Time:00:00.30 | Mem:127.87M, Peak:127.87M | Scene, ViewLayer | Updating Geometry BVH Cube.563 636/802 | Building BVH
Fra:1 Mem:228.26M (Peak 319.49M) | Time:00:00.30 | Mem:127.88M, Peak:127.88M | Scene, ViewLayer | Updating Geometry BVH Cube.564 637/802 | Building BVH
Fra:1 Mem:228.26M (Peak 319.49M) | Time:00:00.30 | Mem:127.88M, Peak:127.88M | Scene, ViewLayer | Updating Geometry BVH Cube.564 637/802 | Building mesh BLAS |     188 tris | Cube.563
Fra:1 Mem:228.26M (Peak 319.49M) | Time:00:00.30 | Mem:127.88M, Peak:127.88M | Scene, ViewLayer | Updating Geometry BVH Cube.564 637/802 | Building mesh BLAS |     188 tris | Cube.564
Fra:1 Mem:228.26M (Peak 319.49M) | Time:00:00.30 | Mem:127.89M, Peak:127.89M | Scene, ViewLayer | Updating Geometry BVH Cube.565 638/802 | Building BVH
Fra:1 Mem:228.26M (Peak 319.49M) | Time:00:00.30 | Mem:127.89M, Peak:127.89M | Scene, ViewLayer | Updating Geometry BVH Cube.565 638/802 | Building mesh BLAS |     188 tris | Cube.565
Fra:1 Mem:228.26M (Peak 319.49M) | Time:00:00.30 | Mem:127.91M, Peak:127.91M | Scene, ViewLayer | Updating Geometry BVH Cube.694 767/802 | Building BVH
Fra:1 Mem:228.26M (Peak 319.49M) | Time:00:00.30 | Mem:127.94M, Peak:127.94M | Scene, ViewLayer | Updating Geometry BVH Cube.694 767/802 | Building mesh BLAS |     188 tris | Cube.694
Fra:1 Mem:228.26M (Peak 319.49M) | Time:00:00.30 | Mem:127.94M, Peak:127.94M | Scene, ViewLayer | Updating Geometry BVH Cube.566 639/802 | Building BVH
Fra:1 Mem:228.26M (Peak 319.49M) | Time:00:00.30 | Mem:127.94M, Peak:127.94M | Scene, ViewLayer | Updating Geometry BVH Cube.566 639/802 | Building mesh BLAS |     188 tris | Cube.566
Fra:1 Mem:228.26M (Peak 319.49M) | Time:00:00.30 | Mem:127.94M, Peak:127.94M | Scene, ViewLayer | Updating Geometry BVH Cube.567 640/802 | Building BVH
Fra:1 Mem:228.26M (Peak 319.49M) | Time:00:00.30 | Mem:127.94M, Peak:127.94M | Scene, ViewLayer | Updating Geometry BVH Cube.570 643/802 | Building BVH
Fra:1 Mem:228.26M (Peak 319.49M) | Time:00:00.30 | Mem:127.94M, Peak:127.94M | Scene, ViewLayer | Updating Geometry BVH Cube.569 642/802 | Building BVH
Fra:1 Mem:228.26M (Peak 319.49M) | Time:00:00.30 | Mem:127.94M, Peak:127.94M | Scene, ViewLayer | Updating Geometry BVH Cube.569 642/802 | Building mesh BLAS |     188 tris | Cube.568
Fra:1 Mem:228.26M (Peak 319.49M) | Time:00:00.30 | Mem:127.94M, Peak:127.94M | Scene, ViewLayer | Updating Geometry BVH Cube.569 642/802 | Building mesh BLAS |     188 tris | Cube.569
Fra:1 Mem:228.26M (Peak 319.49M) | Time:00:00.30 | Mem:127.96M, Peak:127.96M | Scene, ViewLayer | Updating Geometry BVH Cube.571 644/802 | Building BVH
Fra:1 Mem:228.26M (Peak 319.49M) | Time:00:00.30 | Mem:127.96M, Peak:127.96M | Scene, ViewLayer | Updating Geometry BVH Cube.571 644/802 | Building mesh BLAS |     188 tris | Cube.571
Fra:1 Mem:228.26M (Peak 319.49M) | Time:00:00.30 | Mem:127.98M, Peak:127.98M | Scene, ViewLayer | Updating Geometry BVH Cube.572 645/802 | Building BVH
Fra:1 Mem:228.26M (Peak 319.49M) | Time:00:00.30 | Mem:128.00M, Peak:128.00M | Scene, ViewLayer | Updating Geometry BVH Cube.572 645/802 | Building mesh BLAS |     188 tris | Cube.572
Fra:1 Mem:228.26M (Peak 319.49M) | Time:00:00.30 | Mem:128.00M, Peak:128.00M | Scene, ViewLayer | Updating Geometry BVH Cube.573 646/802 | Building BVH
Fra:1 Mem:228.26M (Peak 319.49M) | Time:00:00.30 | Mem:128.00M, Peak:128.00M | Scene, ViewLayer | Updating Geometry BVH Cube.573 646/802 | Building mesh BLAS |     188 tris | Cube.573
Fra:1 Mem:228.26M (Peak 319.49M) | Time:00:00.30 | Mem:128.00M, Peak:128.00M | Scene, ViewLayer | Updating Geometry BVH Cube.574 647/802 | Building BVH
Fra:1 Mem:228.26M (Peak 319.49M) | Time:00:00.30 | Mem:128.00M, Peak:128.00M | Scene, ViewLayer | Updating Geometry BVH Cube.574 647/802 | Building mesh BLAS |     188 tris | Cube.574
Fra:1 Mem:228.26M (Peak 319.49M) | Time:00:00.30 | Mem:128.00M, Peak:128.00M | Scene, ViewLayer | Updating Geometry BVH Cube.575 648/802 | Building BVH
Fra:1 Mem:228.26M (Peak 319.49M) | Time:00:00.30 | Mem:128.00M, Peak:128.00M | Scene, ViewLayer | Updating Geometry BVH Cube.575 648/802 | Building mesh BLAS |     188 tris | Cube.575
Fra:1 Mem:228.26M (Peak 319.49M) | Time:00:00.30 | Mem:128.01M, Peak:128.01M | Scene, ViewLayer | Updating Geometry BVH Cube.576 649/802 | Building BVH
Fra:1 Mem:228.26M (Peak 319.49M) | Time:00:00.30 | Mem:128.01M, Peak:128.01M | Scene, ViewLayer | Updating Geometry BVH Cube.576 649/802 | Building mesh BLAS |     188 tris | Cube.576
Fra:1 Mem:228.26M (Peak 319.49M) | Time:00:00.30 | Mem:128.02M, Peak:128.02M | Scene, ViewLayer | Updating Geometry BVH Cube.577 650/802 | Building BVH
Fra:1 Mem:228.26M (Peak 319.49M) | Time:00:00.30 | Mem:128.03M, Peak:128.03M | Scene, ViewLayer | Updating Geometry BVH Cube.578 651/802 | Building BVH
Fra:1 Mem:228.26M (Peak 319.49M) | Time:00:00.30 | Mem:128.04M, Peak:128.04M | Scene, ViewLayer | Updating Geometry BVH Cube.578 651/802 | Building mesh BLAS |     188 tris | Cube.578
Fra:1 Mem:228.26M (Peak 319.49M) | Time:00:00.30 | Mem:128.04M, Peak:128.04M | Scene, ViewLayer | Updating Geometry BVH Cube.579 652/802 | Building BVH
Fra:1 Mem:228.26M (Peak 319.49M) | Time:00:00.30 | Mem:128.05M, Peak:128.05M | Scene, ViewLayer | Updating Geometry BVH Cube.581 654/802 | Building BVH
Fra:1 Mem:228.26M (Peak 319.49M) | Time:00:00.30 | Mem:128.05M, Peak:128.05M | Scene, ViewLayer | Updating Geometry BVH Cube.581 654/802 | Building mesh BLAS |     188 tris | Cube.579
Fra:1 Mem:228.26M (Peak 319.49M) | Time:00:00.30 | Mem:128.05M, Peak:128.05M | Scene, ViewLayer | Updating Geometry BVH Cube.581 654/802 | Building mesh BLAS |     188 tris | Cube.581
Fra:1 Mem:228.26M (Peak 319.49M) | Time:00:00.30 | Mem:128.05M, Peak:128.05M | Scene, ViewLayer | Updating Geometry BVH Cube.582 655/802 | Building mesh BLAS |     188 tris | Cube.580
Fra:1 Mem:228.26M (Peak 319.49M) | Time:00:00.30 | Mem:128.07M, Peak:128.07M | Scene, ViewLayer | Updating Geometry BVH Cube.583 656/802 | Building mesh BLAS |     188 tris | Cube.582
Fra:1 Mem:228.26M (Peak 319.49M) | Time:00:00.30 | Mem:128.08M, Peak:128.08M | Scene, ViewLayer | Updating Geometry BVH Cube.583 656/802 | Building mesh BLAS |     188 tris | Cube.693
Fra:1 Mem:228.26M (Peak 319.49M) | Time:00:00.30 | Mem:128.08M, Peak:128.08M | Scene, ViewLayer | Updating Geometry BVH Cube.584 657/802 | Building BVH
Fra:1 Mem:228.26M (Peak 319.49M) | Time:00:00.30 | Mem:128.08M, Peak:128.08M | Scene, ViewLayer | Updating Geometry BVH Cube.584 657/802 | Building mesh BLAS |     188 tris | Cube.583
Fra:1 Mem:228.26M (Peak 319.49M) | Time:00:00.30 | Mem:128.08M, Peak:128.08M | Scene, ViewLayer | Updating Geometry BVH Cube.585 658/802 | Building BVH
Fra:1 Mem:228.26M (Peak 319.49M) | Time:00:00.30 | Mem:128.08M, Peak:128.08M | Scene, ViewLayer | Updating Geometry BVH Cube.585 658/802 | Building mesh BLAS |     188 tris | Cube.584
Fra:1 Mem:228.26M (Peak 319.49M) | Time:00:00.30 | Mem:128.09M, Peak:128.09M | Scene, ViewLayer | Updating Geometry BVH Cube.585 658/802 | Building mesh BLAS |     188 tris | Cube.585
Fra:1 Mem:228.26M (Peak 319.49M) | Time:00:00.30 | Mem:128.09M, Peak:128.09M | Scene, ViewLayer | Updating Geometry BVH Cube.586 659/802 | Building BVH
Fra:1 Mem:228.26M (Peak 319.49M) | Time:00:00.30 | Mem:128.10M, Peak:128.10M | Scene, ViewLayer | Updating Geometry BVH Cube.587 660/802 | Building BVH
Fra:1 Mem:228.26M (Peak 319.49M) | Time:00:00.30 | Mem:128.10M, Peak:128.10M | Scene, ViewLayer | Updating Geometry BVH Cube.587 660/802 | Building mesh BLAS |     188 tris | Cube.587
Fra:1 Mem:228.26M (Peak 319.49M) | Time:00:00.30 | Mem:128.10M, Peak:128.10M | Scene, ViewLayer | Updating Geometry BVH Cube.588 661/802 | Building BVH
Fra:1 Mem:228.26M (Peak 319.49M) | Time:00:00.30 | Mem:128.12M, Peak:128.12M | Scene, ViewLayer | Updating Geometry BVH Cube.588 661/802 | Building mesh BLAS |     188 tris | Cube.588
Fra:1 Mem:228.26M (Peak 319.49M) | Time:00:00.30 | Mem:128.15M, Peak:128.15M | Scene, ViewLayer | Updating Geometry BVH Cube.589 662/802 | Building BVH
Fra:1 Mem:228.26M (Peak 319.49M) | Time:00:00.30 | Mem:128.16M, Peak:128.16M | Scene, ViewLayer | Updating Geometry BVH Cube.589 662/802 | Building mesh BLAS |     188 tris | Cube.589
Fra:1 Mem:228.26M (Peak 319.49M) | Time:00:00.30 | Mem:128.16M, Peak:128.16M | Scene, ViewLayer | Updating Geometry BVH Cube.590 663/802 | Building BVH
Fra:1 Mem:228.26M (Peak 319.49M) | Time:00:00.30 | Mem:128.16M, Peak:128.16M | Scene, ViewLayer | Updating Geometry BVH Cube.590 663/802 | Building mesh BLAS |     188 tris | Cube.590
Fra:1 Mem:228.26M (Peak 319.49M) | Time:00:00.30 | Mem:128.16M, Peak:128.16M | Scene, ViewLayer | Updating Geometry BVH Cube.591 664/802 | Building BVH
Fra:1 Mem:228.26M (Peak 319.49M) | Time:00:00.30 | Mem:128.16M, Peak:128.16M | Scene, ViewLayer | Updating Geometry BVH Cube.591 664/802 | Building mesh BLAS |     188 tris | Cube.591
Fra:1 Mem:228.26M (Peak 319.49M) | Time:00:00.30 | Mem:128.17M, Peak:128.17M | Scene, ViewLayer | Updating Geometry BVH Cube.592 665/802 | Building BVH
Fra:1 Mem:228.26M (Peak 319.49M) | Time:00:00.30 | Mem:128.17M, Peak:128.17M | Scene, ViewLayer | Updating Geometry BVH Cube.592 665/802 | Building mesh BLAS |     188 tris | Cube.592
Fra:1 Mem:228.26M (Peak 319.49M) | Time:00:00.30 | Mem:128.18M, Peak:128.18M | Scene, ViewLayer | Updating Geometry BVH Cube.593 666/802 | Building BVH
Fra:1 Mem:228.26M (Peak 319.49M) | Time:00:00.30 | Mem:128.18M, Peak:128.18M | Scene, ViewLayer | Updating Geometry BVH Cube.593 666/802 | Building mesh BLAS |     188 tris | Cube.593
Fra:1 Mem:228.26M (Peak 319.49M) | Time:00:00.30 | Mem:128.20M, Peak:128.20M | Scene, ViewLayer | Updating Geometry BVH Cube.594 667/802 | Building BVH
Fra:1 Mem:228.26M (Peak 319.49M) | Time:00:00.30 | Mem:128.21M, Peak:128.21M | Scene, ViewLayer | Updating Geometry BVH Cube.594 667/802 | Building mesh BLAS |     188 tris | Cube.594
Fra:1 Mem:228.26M (Peak 319.49M) | Time:00:00.30 | Mem:128.21M, Peak:128.21M | Scene, ViewLayer | Updating Geometry BVH Cube.595 668/802 | Building BVH
Fra:1 Mem:228.26M (Peak 319.49M) | Time:00:00.30 | Mem:128.21M, Peak:128.21M | Scene, ViewLayer | Updating Geometry BVH Cube.596 669/802 | Building BVH
Fra:1 Mem:228.26M (Peak 319.49M) | Time:00:00.30 | Mem:128.21M, Peak:128.21M | Scene, ViewLayer | Updating Geometry BVH Cube.596 669/802 | Building mesh BLAS |     188 tris | Cube.595
Fra:1 Mem:228.26M (Peak 319.49M) | Time:00:00.30 | Mem:128.21M, Peak:128.21M | Scene, ViewLayer | Updating Geometry BVH Cube.596 669/802 | Building mesh BLAS |     188 tris | Cube.596
Fra:1 Mem:228.26M (Peak 319.49M) | Time:00:00.30 | Mem:128.23M, Peak:128.23M | Scene, ViewLayer | Updating Geometry BVH Cube.597 670/802 | Building BVH
Fra:1 Mem:228.26M (Peak 319.49M) | Time:00:00.30 | Mem:128.23M, Peak:128.23M | Scene, ViewLayer | Updating Geometry BVH Cube.692 765/802 | Building BVH
Fra:1 Mem:228.26M (Peak 319.49M) | Time:00:00.30 | Mem:128.23M, Peak:128.23M | Scene, ViewLayer | Updating Geometry BVH Cube.692 765/802 | Building mesh BLAS |     188 tris | Cube.597
Fra:1 Mem:228.26M (Peak 319.49M) | Time:00:00.30 | Mem:128.23M, Peak:128.23M | Scene, ViewLayer | Updating Geometry BVH Cube.692 765/802 | Building mesh BLAS |     188 tris | Cube.692
Fra:1 Mem:228.26M (Peak 319.49M) | Time:00:00.30 | Mem:128.24M, Peak:128.24M | Scene, ViewLayer | Updating Geometry BVH Cube.598 671/802 | Building BVH
Fra:1 Mem:228.26M (Peak 319.49M) | Time:00:00.30 | Mem:128.25M, Peak:128.25M | Scene, ViewLayer | Updating Geometry BVH Cube.599 672/802 | Building BVH
Fra:1 Mem:228.26M (Peak 319.49M) | Time:00:00.30 | Mem:128.25M, Peak:128.25M | Scene, ViewLayer | Updating Geometry BVH Cube.600 673/802 | Building BVH
Fra:1 Mem:228.26M (Peak 319.49M) | Time:00:00.30 | Mem:128.25M, Peak:128.25M | Scene, ViewLayer | Updating Geometry BVH Cube.600 673/802 | Building mesh BLAS |     188 tris | Cube.599
Fra:1 Mem:228.26M (Peak 319.49M) | Time:00:00.30 | Mem:128.25M, Peak:128.25M | Scene, ViewLayer | Updating Geometry BVH Cube.600 673/802 | Building mesh BLAS |     188 tris | Cube.600
Fra:1 Mem:228.26M (Peak 319.49M) | Time:00:00.30 | Mem:128.28M, Peak:128.28M | Scene, ViewLayer | Updating Geometry BVH Cube.601 674/802 | Building BVH
Fra:1 Mem:228.26M (Peak 319.49M) | Time:00:00.30 | Mem:128.28M, Peak:128.28M | Scene, ViewLayer | Updating Geometry BVH Cube.602 675/802 | Building mesh BLAS |     188 tris | Cube.601
Fra:1 Mem:228.26M (Peak 319.49M) | Time:00:00.30 | Mem:128.31M, Peak:128.31M | Scene, ViewLayer | Updating Geometry BVH Cube.602 675/802 | Building mesh BLAS |     188 tris | Cube.602
Fra:1 Mem:228.26M (Peak 319.49M) | Time:00:00.30 | Mem:128.31M, Peak:128.31M | Scene, ViewLayer | Updating Geometry BVH Cube.603 676/802 | Building BVH
Fra:1 Mem:228.26M (Peak 319.49M) | Time:00:00.30 | Mem:128.32M, Peak:128.32M | Scene, ViewLayer | Updating Geometry BVH Cube.603 676/802 | Building mesh BLAS |     188 tris | Cube.603
Fra:1 Mem:228.26M (Peak 319.49M) | Time:00:00.30 | Mem:128.32M, Peak:128.32M | Scene, ViewLayer | Updating Geometry BVH Cube.604 677/802 | Building BVH
Fra:1 Mem:228.26M (Peak 319.49M) | Time:00:00.30 | Mem:128.32M, Peak:128.32M | Scene, ViewLayer | Updating Geometry BVH Cube.606 679/802 | Building BVH
Fra:1 Mem:228.26M (Peak 319.49M) | Time:00:00.30 | Mem:128.32M, Peak:128.32M | Scene, ViewLayer | Updating Geometry BVH Cube.606 679/802 | Building mesh BLAS |     188 tris | Cube.604
Fra:1 Mem:228.26M (Peak 319.49M) | Time:00:00.30 | Mem:128.32M, Peak:128.32M | Scene, ViewLayer | Updating Geometry BVH Cube.606 679/802 | Building mesh BLAS |     188 tris | Cube.606
Fra:1 Mem:228.26M (Peak 319.49M) | Time:00:00.30 | Mem:128.32M, Peak:128.32M | Scene, ViewLayer | Updating Geometry BVH Cube.607 680/802 | Building BVH
Fra:1 Mem:228.26M (Peak 319.49M) | Time:00:00.30 | Mem:128.32M, Peak:128.32M | Scene, ViewLayer | Updating Geometry BVH Cube.607 680/802 | Building mesh BLAS |     188 tris | Cube.607
Fra:1 Mem:228.26M (Peak 319.49M) | Time:00:00.30 | Mem:128.32M, Peak:128.32M | Scene, ViewLayer | Updating Geometry BVH Cube.608 681/802 | Building BVH
Fra:1 Mem:228.26M (Peak 319.49M) | Time:00:00.30 | Mem:128.32M, Peak:128.32M | Scene, ViewLayer | Updating Geometry BVH Cube.608 681/802 | Building mesh BLAS |     188 tris | Cube.608
Fra:1 Mem:228.26M (Peak 319.49M) | Time:00:00.30 | Mem:128.32M, Peak:128.32M | Scene, ViewLayer | Updating Geometry BVH Cube.609 682/802 | Building BVH
Fra:1 Mem:228.26M (Peak 319.49M) | Time:00:00.30 | Mem:128.32M, Peak:128.32M | Scene, ViewLayer | Updating Geometry BVH Cube.609 682/802 | Building mesh BLAS |     188 tris | Cube.609
Fra:1 Mem:228.26M (Peak 319.49M) | Time:00:00.30 | Mem:128.34M, Peak:128.34M | Scene, ViewLayer | Updating Geometry BVH Cube.610 683/802 | Building BVH
Fra:1 Mem:228.26M (Peak 319.49M) | Time:00:00.30 | Mem:128.34M, Peak:128.34M | Scene, ViewLayer | Updating Geometry BVH Cube.610 683/802 | Building mesh BLAS |     188 tris | Cube.610
Fra:1 Mem:228.26M (Peak 319.49M) | Time:00:00.30 | Mem:128.36M, Peak:128.36M | Scene, ViewLayer | Updating Geometry BVH Cube.612 685/802 | Building BVH
Fra:1 Mem:228.26M (Peak 319.49M) | Time:00:00.30 | Mem:128.37M, Peak:128.37M | Scene, ViewLayer | Updating Geometry BVH Cube.613 686/802 | Building BVH
Fra:1 Mem:228.26M (Peak 319.49M) | Time:00:00.30 | Mem:128.38M, Peak:128.38M | Scene, ViewLayer | Updating Geometry BVH Cube.691 764/802 | Building BVH
Fra:1 Mem:228.26M (Peak 319.49M) | Time:00:00.30 | Mem:128.38M, Peak:128.38M | Scene, ViewLayer | Updating Geometry BVH Cube.614 687/802 | Building mesh BLAS |     188 tris | Cube.611
Fra:1 Mem:228.26M (Peak 319.49M) | Time:00:00.30 | Mem:128.38M, Peak:128.38M | Scene, ViewLayer | Updating Geometry BVH Cube.614 687/802 | Building mesh BLAS |     188 tris | Cube.691
Fra:1 Mem:228.26M (Peak 319.49M) | Time:00:00.30 | Mem:128.38M, Peak:128.38M | Scene, ViewLayer | Updating Geometry BVH Cube.614 687/802 | Building mesh BLAS |     188 tris | Cube.613
Fra:1 Mem:228.26M (Peak 319.49M) | Time:00:00.30 | Mem:128.38M, Peak:128.38M | Scene, ViewLayer | Updating Geometry BVH Cube.614 687/802 | Building mesh BLAS |     188 tris | Cube.614
Fra:1 Mem:228.26M (Peak 319.49M) | Time:00:00.30 | Mem:128.40M, Peak:128.40M | Scene, ViewLayer | Updating Geometry BVH Cube.615 688/802 | Building BVH
Fra:1 Mem:228.26M (Peak 319.49M) | Time:00:00.30 | Mem:128.40M, Peak:128.40M | Scene, ViewLayer | Updating Geometry BVH Cube.616 689/802 | Building BVH
Fra:1 Mem:228.26M (Peak 319.49M) | Time:00:00.30 | Mem:128.41M, Peak:128.41M | Scene, ViewLayer | Updating Geometry BVH Cube.617 690/802 | Building BVH
Fra:1 Mem:228.26M (Peak 319.49M) | Time:00:00.30 | Mem:128.41M, Peak:128.41M | Scene, ViewLayer | Updating Geometry BVH Cube.617 690/802 | Building mesh BLAS |     188 tris | Cube.616
Fra:1 Mem:228.26M (Peak 319.49M) | Time:00:00.30 | Mem:128.41M, Peak:128.41M | Scene, ViewLayer | Updating Geometry BVH Cube.617 690/802 | Building mesh BLAS |     188 tris | Cube.617
Fra:1 Mem:228.26M (Peak 319.49M) | Time:00:00.30 | Mem:128.43M, Peak:128.43M | Scene, ViewLayer | Updating Geometry BVH Cube.618 691/802 | Building BVH
Fra:1 Mem:228.26M (Peak 319.49M) | Time:00:00.30 | Mem:128.43M, Peak:128.43M | Scene, ViewLayer | Updating Geometry BVH Cube.618 691/802 | Building mesh BLAS |     188 tris | Cube.618
Fra:1 Mem:228.26M (Peak 319.49M) | Time:00:00.30 | Mem:128.43M, Peak:128.43M | Scene, ViewLayer | Updating Geometry BVH Cube.619 692/802 | Building BVH
Fra:1 Mem:228.26M (Peak 319.49M) | Time:00:00.30 | Mem:128.45M, Peak:128.45M | Scene, ViewLayer | Updating Geometry BVH Cube.619 692/802 | Building mesh BLAS |     188 tris | Cube.619
Fra:1 Mem:228.26M (Peak 319.49M) | Time:00:00.30 | Mem:128.45M, Peak:128.45M | Scene, ViewLayer | Updating Geometry BVH Cube.620 693/802 | Building BVH
Fra:1 Mem:228.26M (Peak 319.49M) | Time:00:00.30 | Mem:128.47M, Peak:128.47M | Scene, ViewLayer | Updating Geometry BVH Cube.621 694/802 | Building BVH
Fra:1 Mem:228.26M (Peak 319.49M) | Time:00:00.30 | Mem:128.49M, Peak:128.49M | Scene, ViewLayer | Updating Geometry BVH Cube.621 694/802 | Building mesh BLAS |     188 tris | Cube.621
Fra:1 Mem:228.26M (Peak 319.49M) | Time:00:00.30 | Mem:128.50M, Peak:128.50M | Scene, ViewLayer | Updating Geometry BVH Cube.622 695/802 | Building BVH
Fra:1 Mem:228.26M (Peak 319.49M) | Time:00:00.30 | Mem:128.50M, Peak:128.50M | Scene, ViewLayer | Updating Geometry BVH Cube.623 696/802 | Building BVH
Fra:1 Mem:228.26M (Peak 319.49M) | Time:00:00.30 | Mem:128.51M, Peak:128.51M | Scene, ViewLayer | Updating Geometry BVH Cube.623 696/802 | Building mesh BLAS |     188 tris | Cube.622
Fra:1 Mem:228.26M (Peak 319.49M) | Time:00:00.30 | Mem:128.52M, Peak:128.52M | Scene, ViewLayer | Updating Geometry BVH Cube.627 700/802 | Building BVH
Fra:1 Mem:228.26M (Peak 319.49M) | Time:00:00.30 | Mem:128.52M, Peak:128.52M | Scene, ViewLayer | Updating Geometry BVH Cube.627 700/802 | Building mesh BLAS |     188 tris | Cube.627
Fra:1 Mem:228.26M (Peak 319.49M) | Time:00:00.30 | Mem:128.53M, Peak:128.53M | Scene, ViewLayer | Updating Geometry BVH Cube.627 700/802 | Building mesh BLAS |     188 tris | Cube.624
Fra:1 Mem:228.26M (Peak 319.49M) | Time:00:00.30 | Mem:128.54M, Peak:128.54M | Scene, ViewLayer | Updating Geometry BVH Cube.628 701/802 | Building BVH
Fra:1 Mem:228.26M (Peak 319.49M) | Time:00:00.30 | Mem:128.55M, Peak:128.55M | Scene, ViewLayer | Updating Geometry BVH Cube.628 701/802 | Building mesh BLAS |     188 tris | Cube.625
Fra:1 Mem:228.26M (Peak 319.49M) | Time:00:00.30 | Mem:128.55M, Peak:128.55M | Scene, ViewLayer | Updating Geometry BVH Cube.629 702/802 | Building BVH
Fra:1 Mem:228.26M (Peak 319.49M) | Time:00:00.30 | Mem:128.55M, Peak:128.55M | Scene, ViewLayer | Updating Geometry BVH Cube.629 702/802 | Building mesh BLAS |     188 tris | Cube.629
Fra:1 Mem:228.26M (Peak 319.49M) | Time:00:00.30 | Mem:128.56M, Peak:128.56M | Scene, ViewLayer | Updating Geometry BVH Cube.630 703/802 | Building BVH
Fra:1 Mem:228.26M (Peak 319.49M) | Time:00:00.30 | Mem:128.56M, Peak:128.56M | Scene, ViewLayer | Updating Geometry BVH Cube.690 763/802 | Building BVH
Fra:1 Mem:228.26M (Peak 319.49M) | Time:00:00.30 | Mem:128.56M, Peak:128.56M | Scene, ViewLayer | Updating Geometry BVH Cube.690 763/802 | Building mesh BLAS |     188 tris | Cube.630
Fra:1 Mem:228.26M (Peak 319.49M) | Time:00:00.30 | Mem:128.56M, Peak:128.56M | Scene, ViewLayer | Updating Geometry BVH Cube.690 763/802 | Building mesh BLAS |     188 tris | Cube.690
Fra:1 Mem:228.26M (Peak 319.49M) | Time:00:00.30 | Mem:128.56M, Peak:128.56M | Scene, ViewLayer | Updating Geometry BVH Cube.631 704/802 | Building BVH
Fra:1 Mem:228.26M (Peak 319.49M) | Time:00:00.30 | Mem:128.56M, Peak:128.56M | Scene, ViewLayer | Updating Geometry BVH Cube.631 704/802 | Building mesh BLAS |     188 tris | Cube.631
Fra:1 Mem:228.26M (Peak 319.49M) | Time:00:00.30 | Mem:128.57M, Peak:128.57M | Scene, ViewLayer | Updating Geometry BVH Cube.632 705/802 | Building BVH
Fra:1 Mem:228.26M (Peak 319.49M) | Time:00:00.30 | Mem:128.57M, Peak:128.57M | Scene, ViewLayer | Updating Geometry BVH Cube.632 705/802 | Building mesh BLAS |     188 tris | Cube.632
Fra:1 Mem:228.26M (Peak 319.49M) | Time:00:00.30 | Mem:128.58M, Peak:128.58M | Scene, ViewLayer | Updating Geometry BVH Cube.633 706/802 | Building BVH
Fra:1 Mem:228.26M (Peak 319.49M) | Time:00:00.30 | Mem:128.58M, Peak:128.58M | Scene, ViewLayer | Updating Geometry BVH Cube.634 707/802 | Building BVH
Fra:1 Mem:228.26M (Peak 319.49M) | Time:00:00.30 | Mem:128.60M, Peak:128.60M | Scene, ViewLayer | Updating Geometry BVH Cube.635 708/802 | Building BVH
Fra:1 Mem:228.26M (Peak 319.49M) | Time:00:00.30 | Mem:128.61M, Peak:128.61M | Scene, ViewLayer | Updating Geometry BVH Cube.635 708/802 | Building mesh BLAS |     188 tris | Cube.634
Fra:1 Mem:228.26M (Peak 319.49M) | Time:00:00.30 | Mem:128.61M, Peak:128.61M | Scene, ViewLayer | Updating Geometry BVH Cube.635 708/802 | Building mesh BLAS |     188 tris | Cube.635
Fra:1 Mem:228.26M (Peak 319.49M) | Time:00:00.30 | Mem:128.61M, Peak:128.61M | Scene, ViewLayer | Updating Geometry BVH Cube.636 709/802 | Building BVH
Fra:1 Mem:228.26M (Peak 319.49M) | Time:00:00.31 | Mem:128.62M, Peak:128.62M | Scene, ViewLayer | Updating Geometry BVH Cube.637 710/802 | Building BVH
Fra:1 Mem:228.26M (Peak 319.49M) | Time:00:00.31 | Mem:128.62M, Peak:128.62M | Scene, ViewLayer | Updating Geometry BVH Cube.637 710/802 | Building mesh BLAS |     188 tris | Cube.636
Fra:1 Mem:228.26M (Peak 319.49M) | Time:00:00.31 | Mem:128.63M, Peak:128.63M | Scene, ViewLayer | Updating Geometry BVH Cube.637 710/802 | Building mesh BLAS |     188 tris | Cube.637
Fra:1 Mem:228.26M (Peak 319.49M) | Time:00:00.31 | Mem:128.64M, Peak:128.64M | Scene, ViewLayer | Updating Geometry BVH Cube.638 711/802 | Building BVH
Fra:1 Mem:228.26M (Peak 319.49M) | Time:00:00.31 | Mem:128.65M, Peak:128.65M | Scene, ViewLayer | Updating Geometry BVH Cube.638 711/802 | Building mesh BLAS |     188 tris | Cube.638
Fra:1 Mem:228.26M (Peak 319.49M) | Time:00:00.31 | Mem:128.65M, Peak:128.65M | Scene, ViewLayer | Updating Geometry BVH Cube.639 712/802 | Building BVH
Fra:1 Mem:228.26M (Peak 319.49M) | Time:00:00.31 | Mem:128.65M, Peak:128.65M | Scene, ViewLayer | Updating Geometry BVH Cube.639 712/802 | Building mesh BLAS |     188 tris | Cube.639
Fra:1 Mem:228.26M (Peak 319.49M) | Time:00:00.31 | Mem:128.66M, Peak:128.66M | Scene, ViewLayer | Updating Geometry BVH Cube.640 713/802 | Building BVH
Fra:1 Mem:228.26M (Peak 319.49M) | Time:00:00.31 | Mem:128.66M, Peak:128.66M | Scene, ViewLayer | Updating Geometry BVH Cube.640 713/802 | Building mesh BLAS |     188 tris | Cube.640
Fra:1 Mem:228.26M (Peak 319.49M) | Time:00:00.31 | Mem:128.67M, Peak:128.67M | Scene, ViewLayer | Updating Geometry BVH Cube.641 714/802 | Building BVH
Fra:1 Mem:228.26M (Peak 319.49M) | Time:00:00.31 | Mem:128.67M, Peak:128.67M | Scene, ViewLayer | Updating Geometry BVH Cube.642 715/802 | Building mesh BLAS |     188 tris | Cube.641
Fra:1 Mem:228.26M (Peak 319.49M) | Time:00:00.31 | Mem:128.67M, Peak:128.67M | Scene, ViewLayer | Updating Geometry BVH Cube.642 715/802 | Building mesh BLAS |     188 tris | Cube.642
Fra:1 Mem:228.26M (Peak 319.49M) | Time:00:00.31 | Mem:128.70M, Peak:128.70M | Scene, ViewLayer | Updating Geometry BVH Cube.643 716/802 | Building BVH
Fra:1 Mem:228.26M (Peak 319.49M) | Time:00:00.31 | Mem:128.70M, Peak:128.70M | Scene, ViewLayer | Updating Geometry BVH Cube.644 717/802 | Building BVH
Fra:1 Mem:228.26M (Peak 319.49M) | Time:00:00.31 | Mem:128.70M, Peak:128.70M | Scene, ViewLayer | Updating Geometry BVH Cube.645 718/802 | Building BVH
Fra:1 Mem:228.26M (Peak 319.49M) | Time:00:00.31 | Mem:128.70M, Peak:128.70M | Scene, ViewLayer | Updating Geometry BVH Cube.645 718/802 | Building mesh BLAS |     188 tris | Cube.645
Fra:1 Mem:228.26M (Peak 319.49M) | Time:00:00.31 | Mem:128.70M, Peak:128.70M | Scene, ViewLayer | Updating Geometry BVH Cube.646 719/802 | Building BVH
Fra:1 Mem:228.26M (Peak 319.49M) | Time:00:00.31 | Mem:128.70M, Peak:128.70M | Scene, ViewLayer | Updating Geometry BVH Cube.646 719/802 | Building mesh BLAS |     188 tris | Cube.646
Fra:1 Mem:228.26M (Peak 319.49M) | Time:00:00.31 | Mem:128.71M, Peak:128.71M | Scene, ViewLayer | Updating Geometry BVH Cube.689 762/802 | Building BVH
Fra:1 Mem:228.26M (Peak 319.49M) | Time:00:00.31 | Mem:128.73M, Peak:128.73M | Scene, ViewLayer | Updating Geometry BVH Cube.689 762/802 | Building mesh BLAS |     188 tris | Cube.689
Fra:1 Mem:228.26M (Peak 319.49M) | Time:00:00.31 | Mem:128.74M, Peak:128.74M | Scene, ViewLayer | Updating Geometry BVH Cube.648 721/802 | Building BVH
Fra:1 Mem:228.26M (Peak 319.49M) | Time:00:00.31 | Mem:128.75M, Peak:128.75M | Scene, ViewLayer | Updating Geometry BVH Cube.647 720/802 | Building BVH
Fra:1 Mem:228.26M (Peak 319.49M) | Time:00:00.31 | Mem:128.75M, Peak:128.75M | Scene, ViewLayer | Updating Geometry BVH Cube.647 720/802 | Building mesh BLAS |     188 tris | Cube.648
Fra:1 Mem:228.26M (Peak 319.49M) | Time:00:00.31 | Mem:128.75M, Peak:128.75M | Scene, ViewLayer | Updating Geometry BVH Cube.649 722/802 | Building BVH
Fra:1 Mem:228.26M (Peak 319.49M) | Time:00:00.31 | Mem:128.75M, Peak:128.75M | Scene, ViewLayer | Updating Geometry BVH Cube.649 722/802 | Building mesh BLAS |     188 tris | Cube.649
Fra:1 Mem:228.26M (Peak 319.49M) | Time:00:00.31 | Mem:128.78M, Peak:128.78M | Scene, ViewLayer | Updating Geometry BVH Cube.650 723/802 | Building BVH
Fra:1 Mem:228.26M (Peak 319.49M) | Time:00:00.31 | Mem:128.78M, Peak:128.78M | Scene, ViewLayer | Updating Geometry BVH Cube.651 724/802 | Building BVH
Fra:1 Mem:228.26M (Peak 319.49M) | Time:00:00.31 | Mem:128.78M, Peak:128.78M | Scene, ViewLayer | Updating Geometry BVH Cube.652 725/802 | Building mesh BLAS |     188 tris | Cube.651
Fra:1 Mem:228.26M (Peak 319.49M) | Time:00:00.31 | Mem:128.78M, Peak:128.78M | Scene, ViewLayer | Updating Geometry BVH Cube.652 725/802 | Building mesh BLAS |     188 tris | Cube.652
Fra:1 Mem:228.26M (Peak 319.49M) | Time:00:00.31 | Mem:128.78M, Peak:128.78M | Scene, ViewLayer | Updating Geometry BVH Cube.653 726/802 | Building BVH
Fra:1 Mem:228.26M (Peak 319.49M) | Time:00:00.31 | Mem:128.78M, Peak:128.78M | Scene, ViewLayer | Updating Geometry BVH Cube.653 726/802 | Building mesh BLAS |     188 tris | Cube.653
Fra:1 Mem:228.26M (Peak 319.49M) | Time:00:00.31 | Mem:128.78M, Peak:128.78M | Scene, ViewLayer | Updating Geometry BVH Cube.654 727/802 | Building BVH
Fra:1 Mem:228.26M (Peak 319.49M) | Time:00:00.31 | Mem:128.78M, Peak:128.78M | Scene, ViewLayer | Updating Geometry BVH Cube.654 727/802 | Building mesh BLAS |     188 tris | Cube.654
Fra:1 Mem:228.26M (Peak 319.49M) | Time:00:00.31 | Mem:128.79M, Peak:128.79M | Scene, ViewLayer | Updating Geometry BVH Cube.655 728/802 | Building BVH
Fra:1 Mem:228.26M (Peak 319.49M) | Time:00:00.31 | Mem:128.81M, Peak:128.81M | Scene, ViewLayer | Updating Geometry BVH Cube.656 729/802 | Building BVH
Fra:1 Mem:228.26M (Peak 319.49M) | Time:00:00.31 | Mem:128.82M, Peak:128.82M | Scene, ViewLayer | Updating Geometry BVH Cube.656 729/802 | Building mesh BLAS |     188 tris | Cube.656
Fra:1 Mem:228.26M (Peak 319.49M) | Time:00:00.31 | Mem:128.82M, Peak:128.82M | Scene, ViewLayer | Updating Geometry BVH Cube.657 730/802 | Building BVH
Fra:1 Mem:228.26M (Peak 319.49M) | Time:00:00.31 | Mem:128.84M, Peak:128.84M | Scene, ViewLayer | Updating Geometry BVH Cube.657 730/802 | Building mesh BLAS |     188 tris | Cube.657
Fra:1 Mem:228.26M (Peak 319.49M) | Time:00:00.31 | Mem:128.84M, Peak:128.84M | Scene, ViewLayer | Updating Geometry BVH Cube.658 731/802 | Building BVH
Fra:1 Mem:228.26M (Peak 319.49M) | Time:00:00.31 | Mem:128.84M, Peak:128.84M | Scene, ViewLayer | Updating Geometry BVH Cube.659 732/802 | Building BVH
Fra:1 Mem:228.26M (Peak 319.49M) | Time:00:00.31 | Mem:128.84M, Peak:128.84M | Scene, ViewLayer | Updating Geometry BVH Cube.659 732/802 | Building mesh BLAS |     188 tris | Cube.659
Fra:1 Mem:228.26M (Peak 319.49M) | Time:00:00.31 | Mem:128.84M, Peak:128.84M | Scene, ViewLayer | Updating Geometry BVH Cube.659 732/802 | Building mesh BLAS |     188 tris | Cube.658
Fra:1 Mem:228.26M (Peak 319.49M) | Time:00:00.31 | Mem:128.85M, Peak:128.85M | Scene, ViewLayer | Updating Geometry BVH Cube.660 733/802 | Building BVH
Fra:1 Mem:228.26M (Peak 319.49M) | Time:00:00.31 | Mem:128.85M, Peak:128.85M | Scene, ViewLayer | Updating Geometry BVH Cube.660 733/802 | Building mesh BLAS |     188 tris | Cube.660
Fra:1 Mem:228.26M (Peak 319.49M) | Time:00:00.31 | Mem:128.85M, Peak:128.85M | Scene, ViewLayer | Updating Geometry BVH Cube.661 734/802 | Building BVH
Fra:1 Mem:228.26M (Peak 319.49M) | Time:00:00.31 | Mem:128.85M, Peak:128.85M | Scene, ViewLayer | Updating Geometry BVH Cube.661 734/802 | Building mesh BLAS |     188 tris | Cube.661
Fra:1 Mem:228.26M (Peak 319.49M) | Time:00:00.31 | Mem:128.87M, Peak:128.87M | Scene, ViewLayer | Updating Geometry BVH Cube.662 735/802 | Building BVH
Fra:1 Mem:228.26M (Peak 319.49M) | Time:00:00.31 | Mem:128.88M, Peak:128.88M | Scene, ViewLayer | Updating Geometry BVH Cube.662 735/802 | Building mesh BLAS |     188 tris | Cube.662
Fra:1 Mem:228.26M (Peak 319.49M) | Time:00:00.31 | Mem:128.88M, Peak:128.88M | Scene, ViewLayer | Updating Geometry BVH Cube.663 736/802 | Building BVH
Fra:1 Mem:228.26M (Peak 319.49M) | Time:00:00.31 | Mem:128.88M, Peak:128.88M | Scene, ViewLayer | Updating Geometry BVH Cube.663 736/802 | Building mesh BLAS |     188 tris | Cube.663
Fra:1 Mem:228.26M (Peak 319.49M) | Time:00:00.31 | Mem:128.88M, Peak:128.88M | Scene, ViewLayer | Updating Geometry BVH Cube.688 761/802 | Building BVH
Fra:1 Mem:228.26M (Peak 319.49M) | Time:00:00.31 | Mem:128.88M, Peak:128.88M | Scene, ViewLayer | Updating Geometry BVH Cube.688 761/802 | Building mesh BLAS |     188 tris | Cube.688
Fra:1 Mem:228.26M (Peak 319.49M) | Time:00:00.31 | Mem:128.89M, Peak:128.89M | Scene, ViewLayer | Updating Geometry BVH Cube.664 737/802 | Building BVH
Fra:1 Mem:228.26M (Peak 319.49M) | Time:00:00.31 | Mem:128.89M, Peak:128.89M | Scene, ViewLayer | Updating Geometry BVH Cube.665 738/802 | Building BVH
Fra:1 Mem:228.26M (Peak 319.49M) | Time:00:00.31 | Mem:128.89M, Peak:128.89M | Scene, ViewLayer | Updating Geometry BVH Cube.665 738/802 | Building mesh BLAS |     188 tris | Cube.664
Fra:1 Mem:228.26M (Peak 319.49M) | Time:00:00.31 | Mem:128.89M, Peak:128.89M | Scene, ViewLayer | Updating Geometry BVH Cube.665 738/802 | Building mesh BLAS |     188 tris | Cube.665
Fra:1 Mem:228.26M (Peak 319.49M) | Time:00:00.31 | Mem:128.92M, Peak:128.92M | Scene, ViewLayer | Updating Geometry BVH Cube.666 739/802 | Building BVH
Fra:1 Mem:228.26M (Peak 319.49M) | Time:00:00.31 | Mem:128.92M, Peak:128.92M | Scene, ViewLayer | Updating Geometry BVH Cube.667 740/802 | Building BVH
Fra:1 Mem:228.26M (Peak 319.49M) | Time:00:00.31 | Mem:128.92M, Peak:128.92M | Scene, ViewLayer | Updating Geometry BVH Cube.667 740/802 | Building mesh BLAS |     188 tris | Cube.667
Fra:1 Mem:228.26M (Peak 319.49M) | Time:00:00.31 | Mem:128.92M, Peak:128.92M | Scene, ViewLayer | Updating Geometry BVH Cube.668 741/802 | Building BVH
Fra:1 Mem:228.26M (Peak 319.49M) | Time:00:00.31 | Mem:128.92M, Peak:128.92M | Scene, ViewLayer | Updating Geometry BVH Cube.668 741/802 | Building mesh BLAS |     188 tris | Cube.668
Fra:1 Mem:228.26M (Peak 319.49M) | Time:00:00.31 | Mem:128.98M, Peak:128.98M | Scene, ViewLayer | Updating Geometry BVH Cube.669 742/802 | Building BVH
Fra:1 Mem:228.26M (Peak 319.49M) | Time:00:00.31 | Mem:128.98M, Peak:128.98M | Scene, ViewLayer | Updating Geometry BVH Cube.670 743/802 | Building BVH
Fra:1 Mem:228.26M (Peak 319.49M) | Time:00:00.31 | Mem:128.98M, Peak:128.98M | Scene, ViewLayer | Updating Geometry BVH Cube.670 743/802 | Building mesh BLAS |     188 tris | Cube.669
Fra:1 Mem:228.26M (Peak 319.49M) | Time:00:00.31 | Mem:128.98M, Peak:128.98M | Scene, ViewLayer | Updating Geometry BVH Cube.670 743/802 | Building mesh BLAS |     188 tris | Cube.670
Fra:1 Mem:228.26M (Peak 319.49M) | Time:00:00.31 | Mem:128.98M, Peak:128.98M | Scene, ViewLayer | Updating Geometry BVH Cube.671 744/802 | Building BVH
Fra:1 Mem:228.26M (Peak 319.49M) | Time:00:00.31 | Mem:128.98M, Peak:128.98M | Scene, ViewLayer | Updating Geometry BVH Cube.672 745/802 | Building BVH
Fra:1 Mem:228.26M (Peak 319.49M) | Time:00:00.31 | Mem:128.98M, Peak:128.98M | Scene, ViewLayer | Updating Geometry BVH Cube.672 745/802 | Building mesh BLAS |     188 tris | Cube.671
Fra:1 Mem:228.26M (Peak 319.49M) | Time:00:00.31 | Mem:128.99M, Peak:128.99M | Scene, ViewLayer | Updating Geometry BVH Cube.672 745/802 | Building mesh BLAS |     188 tris | Cube.672
Fra:1 Mem:228.26M (Peak 319.49M) | Time:00:00.31 | Mem:128.99M, Peak:128.99M | Scene, ViewLayer | Updating Geometry BVH Cube.673 746/802 | Building BVH
Fra:1 Mem:228.26M (Peak 319.49M) | Time:00:00.31 | Mem:128.99M, Peak:128.99M | Scene, ViewLayer | Updating Geometry BVH Cube.673 746/802 | Building mesh BLAS |     188 tris | Cube.673
Fra:1 Mem:228.26M (Peak 319.49M) | Time:00:00.31 | Mem:128.99M, Peak:128.99M | Scene, ViewLayer | Updating Geometry BVH Cube.674 747/802 | Building BVH
Fra:1 Mem:228.26M (Peak 319.49M) | Time:00:00.31 | Mem:128.99M, Peak:128.99M | Scene, ViewLayer | Updating Geometry BVH Cube.674 747/802 | Building mesh BLAS |     188 tris | Cube.674
Fra:1 Mem:228.26M (Peak 319.49M) | Time:00:00.31 | Mem:129.00M, Peak:129.00M | Scene, ViewLayer | Updating Geometry BVH Cube.675 748/802 | Building BVH
Fra:1 Mem:228.26M (Peak 319.49M) | Time:00:00.31 | Mem:129.00M, Peak:129.00M | Scene, ViewLayer | Updating Geometry BVH Cube.676 749/802 | Building BVH
Fra:1 Mem:228.26M (Peak 319.49M) | Time:00:00.31 | Mem:129.00M, Peak:129.00M | Scene, ViewLayer | Updating Geometry BVH Cube.676 749/802 | Building mesh BLAS |     188 tris | Cube.676
Fra:1 Mem:228.26M (Peak 319.49M) | Time:00:00.31 | Mem:129.00M, Peak:129.00M | Scene, ViewLayer | Updating Geometry BVH Cube.677 750/802 | Building BVH
Fra:1 Mem:228.26M (Peak 319.49M) | Time:00:00.31 | Mem:129.00M, Peak:129.00M | Scene, ViewLayer | Updating Geometry BVH Cube.678 751/802 | Building BVH
Fra:1 Mem:228.26M (Peak 319.49M) | Time:00:00.31 | Mem:129.00M, Peak:129.00M | Scene, ViewLayer | Updating Geometry BVH Cube.678 751/802 | Building mesh BLAS |     188 tris | Cube.677
Fra:1 Mem:228.26M (Peak 319.49M) | Time:00:00.31 | Mem:129.00M, Peak:129.00M | Scene, ViewLayer | Updating Geometry BVH Cube.678 751/802 | Building mesh BLAS |     188 tris | Cube.678
Fra:1 Mem:228.26M (Peak 319.49M) | Time:00:00.31 | Mem:129.05M, Peak:129.05M | Scene, ViewLayer | Updating Geometry BVH Cube.679 752/802 | Building BVH
Fra:1 Mem:228.26M (Peak 319.49M) | Time:00:00.31 | Mem:129.07M, Peak:129.07M | Scene, ViewLayer | Updating Geometry BVH Cube.681 754/802 | Building BVH
Fra:1 Mem:228.26M (Peak 319.49M) | Time:00:00.31 | Mem:129.07M, Peak:129.07M | Scene, ViewLayer | Updating Geometry BVH Cube.682 755/802 | Building mesh BLAS |     188 tris | Cube.679
Fra:1 Mem:228.26M (Peak 319.49M) | Time:00:00.31 | Mem:129.07M, Peak:129.07M | Scene, ViewLayer | Updating Geometry BVH Cube.682 755/802 | Building mesh BLAS |     188 tris | Cube.681
Fra:1 Mem:228.26M (Peak 319.49M) | Time:00:00.31 | Mem:129.07M, Peak:129.07M | Scene, ViewLayer | Updating Geometry BVH Cube.682 755/802 | Building mesh BLAS |     188 tris | Cube.680
Fra:1 Mem:228.26M (Peak 319.49M) | Time:00:00.31 | Mem:129.07M, Peak:129.07M | Scene, ViewLayer | Updating Geometry BVH Cube.682 755/802 | Building mesh BLAS |     188 tris | Cube.682
Fra:1 Mem:228.26M (Peak 319.49M) | Time:00:00.31 | Mem:129.08M, Peak:129.08M | Scene, ViewLayer | Updating Geometry BVH Cube.682 755/802 | Building mesh BLAS |     188 tris | Cube.687
Fra:1 Mem:228.26M (Peak 319.49M) | Time:00:00.31 | Mem:129.08M, Peak:129.08M | Scene, ViewLayer | Updating Geometry BVH Cube.683 756/802 | Building BVH
Fra:1 Mem:228.26M (Peak 319.49M) | Time:00:00.31 | Mem:129.08M, Peak:129.08M | Scene, ViewLayer | Updating Geometry BVH Cube.684 757/802 | Building BVH
Fra:1 Mem:228.26M (Peak 319.49M) | Time:00:00.31 | Mem:129.08M, Peak:129.08M | Scene, ViewLayer | Updating Geometry BVH Cube.684 757/802 | Building mesh BLAS |     188 tris | Cube.683
Fra:1 Mem:228.26M (Peak 319.49M) | Time:00:00.31 | Mem:129.08M, Peak:129.08M | Scene, ViewLayer | Updating Geometry BVH Cube.684 757/802 | Building mesh BLAS |     188 tris | Cube.684
Fra:1 Mem:228.26M (Peak 319.49M) | Time:00:00.31 | Mem:129.09M, Peak:129.09M | Scene, ViewLayer | Updating Geometry BVH Cube.685 758/802 | Building BVH
Fra:1 Mem:228.26M (Peak 319.49M) | Time:00:00.31 | Mem:129.09M, Peak:129.09M | Scene, ViewLayer | Updating Geometry BVH Cube.685 758/802 | Building mesh BLAS |     188 tris | Cube.685
Fra:1 Mem:228.26M (Peak 319.49M) | Time:00:00.31 | Mem:129.10M, Peak:129.10M | Scene, ViewLayer | Updating Geometry BVH Cube.686 759/802 | Building BVH
Fra:1 Mem:228.26M (Peak 319.49M) | Time:00:00.31 | Mem:129.11M, Peak:129.11M | Scene, ViewLayer | Updating Geometry BVH Cube.686 759/802 | Building mesh BLAS |     188 tris | Cube.686
Fra:1 Mem:228.26M (Peak 319.49M) | Time:00:00.31 | Mem:129.26M, Peak:129.26M | Scene, ViewLayer | Updating Scene BVH | Building
Fra:1 Mem:228.28M (Peak 319.49M) | Time:00:00.32 | Mem:130.01M, Peak:130.01M | Scene, ViewLayer | Updating Scene BVH | Building TLAS      |     814 instances
Fra:1 Mem:228.29M (Peak 319.49M) | Time:00:00.32 | Mem:130.18M, Peak:130.18M | Scene, ViewLayer | Updating Scene BVH | Copying BVH to device
Fra:1 Mem:228.29M (Peak 319.49M) | Time:00:00.32 | Mem:130.18M, Peak:130.18M | Scene, ViewLayer | Updating Mesh | Computing normals
Fra:1 Mem:243.16M (Peak 319.49M) | Time:00:00.33 | Mem:130.18M, Peak:130.18M | Scene, ViewLayer | Updating Mesh | Copying Mesh to device
Fra:1 Mem:228.29M (Peak 319.49M) | Time:00:00.33 | Mem:145.06M, Peak:145.06M | Scene, ViewLayer | Updating Objects Flags
Fra:1 Mem:228.29M (Peak 319.49M) | Time:00:00.33 | Mem:145.07M, Peak:145.07M | Scene, ViewLayer | Updating Primitive Offsets
Fra:1 Mem:228.29M (Peak 319.49M) | Time:00:00.33 | Mem:145.07M, Peak:145.07M | Scene, ViewLayer | Updating Images
Fra:1 Mem:228.29M (Peak 319.49M) | Time:00:00.33 | Mem:145.07M, Peak:145.07M | Scene, ViewLayer | Updating Images | Loading marble_01_disp_2k.jpg
Fra:1 Mem:232.29M (Peak 319.49M) | Time:00:00.33 | Mem:145.07M, Peak:145.07M | Scene, ViewLayer | Updating Images | Loading plastered_wall_02_diff_2k.jpg
Fra:1 Mem:232.29M (Peak 319.49M) | Time:00:00.33 | Mem:145.07M, Peak:145.07M | Scene, ViewLayer | Updating Images | Loading marble_01_rough_2k.jpg
Fra:1 Mem:252.29M (Peak 319.49M) | Time:00:00.33 | Mem:145.07M, Peak:145.07M | Scene, ViewLayer | Updating Images | Loading concrete_floor_02_disp_2k.jpg
Fra:1 Mem:256.29M (Peak 319.49M) | Time:00:00.33 | Mem:145.07M, Peak:145.07M | Scene, ViewLayer | Updating Images | Loading plastered_wall_02_disp_2k.jpg
Fra:1 Mem:313.29M (Peak 319.49M) | Time:00:00.37 | Mem:230.07M, Peak:230.07M | Scene, ViewLayer | Updating Camera Volume
Fra:1 Mem:313.29M (Peak 319.49M) | Time:00:00.37 | Mem:230.07M, Peak:230.07M | Scene, ViewLayer | Updating Lookup Tables
Fra:1 Mem:313.21M (Peak 319.49M) | Time:00:00.37 | Mem:230.16M, Peak:230.16M | Scene, ViewLayer | Updating Lights
Fra:1 Mem:313.21M (Peak 319.49M) | Time:00:00.37 | Mem:230.16M, Peak:230.16M | Scene, ViewLayer | Updating Lights | Importance map
Fra:1 Mem:313.20M (Peak 319.49M) | Time:00:00.50 | Mem:231.20M, Peak:233.68M | Scene, ViewLayer | Updating Lights | Computing tree
Fra:1 Mem:313.20M (Peak 319.49M) | Time:00:00.50 | Mem:231.20M, Peak:233.68M | Scene, ViewLayer | Updating Integrator
Fra:1 Mem:313.20M (Peak 319.49M) | Time:00:00.50 | Mem:231.20M, Peak:233.68M | Scene, ViewLayer | Updating Film
Fra:1 Mem:313.28M (Peak 319.49M) | Time:00:00.50 | Mem:231.11M, Peak:233.68M | Scene, ViewLayer | Updating Lookup Tables
Fra:1 Mem:313.20M (Peak 319.49M) | Time:00:00.50 | Mem:231.20M, Peak:233.68M | Scene, ViewLayer | Updating Baking
Fra:1 Mem:313.20M (Peak 319.49M) | Time:00:00.50 | Mem:231.20M, Peak:233.68M | Scene, ViewLayer | Updating Device | Writing constant memory
Fra:1 Mem:313.21M (Peak 319.49M) | Time:00:00.51 | Mem:231.20M, Peak:233.68M | Scene, ViewLayer | Loading denoising kernels (may take a few minutes the first time)
Fra:1 Mem:313.21M (Peak 345.21M) | Time:00:00.52 | Mem:3047.21M, Peak:3047.21M | Scene, ViewLayer | Sample 0/48 (Using optimized kernels)
Fra:1 Mem:313.21M (Peak 381.70M) | Time:00:01.26 | Remaining:00:34.87 | Mem:3115.73M, Peak:3115.73M | Scene, ViewLayer | Sample 1/48 (Using optimized kernels)
Fra:1 Mem:313.21M (Peak 381.70M) | Time:00:01.82 | Remaining:00:00.18 | Mem:3115.74M, Peak:3115.74M | Scene, ViewLayer | Sample 42/48 (Using optimized kernels)
Fra:1 Mem:342.06M (Peak 385.32M) | Time:00:03.25 | Mem:3115.74M, Peak:3115.74M | Scene, ViewLayer | Sample 48/48 (Using optimized kernels)
Fra:1 Mem:342.06M (Peak 385.32M) | Time:00:03.25 | Mem:3115.74M, Peak:3115.74M | Scene, ViewLayer | Finished
Saved: '/Users/xuanji/gits/mv-astra/output/cycles/previews/daylight-orthographic-preview.png'
Time: 00:03.50 (Saving: 00:00.18)

Imported plant height: 1.350163996219635
Camera projection: ORTHO Perspective geometry correction: False
Closing corner alignment error (pixels): 8.242915085517962e-05
FINISHED daylight-orthographic-preview

Blender quit
