Render device: Apple M5 Max CPU False
Render device: Apple M5 Max (GPU - 40 cores) METAL True
Projection closure residual (m): 8.259061849445711e-07
Info: Applied modifier was not first, result may not be as expected
Info: Applied modifier was not first, result may not be as expected
Info: Applied modifier was not first, result may not be as expected
Info: Applied modifier was not first, result may not be as expected
Info: Applied modifier was not first, result may not be as expected
Info: Applied modifier was not first, result may not be as expected
Info: Applied modifier was not first, result may not be as expected
Info: Applied modifier was not first, result may not be as expected
Info: Applied modifier was not first, result may not be as expected
Info: Applied modifier was not first, result may not be as expected
Info: Applied modifier was not first, result may not be as expected
Info: Applied modifier was not first, result may not be as expected
Info: Applied modifier was not first, result may not be as expected
Info: Applied modifier was not first, result may not be as expected
Info: Applied modifier was not first, result may not be as expected
Info: Applied modifier was not first, result may not be as expected
Info: Applied modifier was not first, result may not be as expected
Info: Applied modifier was not first, result may not be as expected
Info: Applied modifier was not first, result may not be as expected
Info: Applied modifier was not first, result may not be as expected
Info: Applied modifier was not first, result may not be as expected
Info: Applied modifier was not first, result may not be as expected
Info: Applied modifier was not first, result may not be as expected
Info: Applied modifier was not first, result may not be as expected
Info: Applied modifier was not first, result may not be as expected
Info: Applied modifier was not first, result may not be as expected
Info: Applied modifier was not first, result may not be as expected
Info: Applied modifier was not first, result may not be as expected
Info: Applied modifier was not first, result may not be as expected
Info: Applied modifier was not first, result may not be as expected
Info: Applied modifier was not first, result may not be as expected
Info: Applied modifier was not first, result may not be as expected
Info: Applied modifier was not first, result may not be as expected
Info: Applied modifier was not first, result may not be as expected
Info: Applied modifier was not first, result may not be as expected
Info: Applied modifier was not first, result may not be as expected
Info: Applied modifier was not first, result may not be as expected
Info: Applied modifier was not first, result may not be as expected
Info: Applied modifier was not first, result may not be as expected
Info: Applied modifier was not first, result may not be as expected
Info: Applied modifier was not first, result may not be as expected
Info: Applied modifier was not first, result may not be as expected
Info: Applied modifier was not first, result may not be as expected
Info: Applied modifier was not first, result may not be as expected
Info: Applied modifier was not first, result may not be as expected
Info: Applied modifier was not first, result may not be as expected
Info: Applied modifier was not first, result may not be as expected
Info: Applied modifier was not first, result may not be as expected
Info: Applied modifier was not first, result may not be as expected
Info: Applied modifier was not first, result may not be as expected
Info: Applied modifier was not first, result may not be as expected
Info: Applied modifier was not first, result may not be as expected
Info: Applied modifier was not first, result may not be as expected
Info: Applied modifier was not first, result may not be as expected
10:46:34 | INFO: Data are loaded, start creating Blender stuff
10:46:34 | INFO: Blender create Mesh node potted_plant_01_base_low
10:46:34 | INFO: Blender create Mesh node Circle.008
10:46:34 | INFO: Blender create Mesh node Circle.002
10:46:34 | INFO: Blender create Mesh node Plane.070
10:46:34 | INFO: glTF import finished in 0.10s
Blender 4.5.0 (hash 8cb6b388974a built 2025-07-15 01:35:28)
Fra:1 Mem:136.76M (Peak 139.56M) | Time:00:00.02 | Mem:0.02M, Peak:0.02M | Scene, ViewLayer | Synchronizing object | Marble tread
Fra:1 Mem:136.76M (Peak 139.56M) | Time:00:00.02 | Mem:0.02M, Peak:0.02M | Scene, ViewLayer | Synchronizing object | Inlaid bronze nosing.001
Fra:1 Mem:136.76M (Peak 139.56M) | Time:00:00.02 | Mem:0.02M, Peak:0.02M | Scene, ViewLayer | Synchronizing object | Marble tread.003
Fra:1 Mem:138.78M (Peak 139.56M) | Time:00:00.02 | Mem:0.02M, Peak:0.02M | Scene, ViewLayer | Synchronizing object | Inlaid bronze nosing.003
Fra:1 Mem:138.78M (Peak 139.56M) | Time:00:00.02 | Mem:0.02M, Peak:0.02M | Scene, ViewLayer | Synchronizing object | Inlaid bronze nosing.005
Fra:1 Mem:138.79M (Peak 139.56M) | Time:00:00.02 | Mem:0.02M, Peak:0.02M | Scene, ViewLayer | Synchronizing object | Inlaid bronze nosing.007
Fra:1 Mem:138.92M (Peak 139.56M) | Time:00:00.02 | Mem:0.02M, Peak:0.02M | Scene, ViewLayer | Synchronizing object | Marble tread.008
Fra:1 Mem:139.16M (Peak 139.56M) | Time:00:00.03 | Mem:0.02M, Peak:0.02M | Scene, ViewLayer | Synchronizing object | Inlaid bronze nosing.008
Fra:1 Mem:139.19M (Peak 139.56M) | Time:00:00.03 | Mem:0.02M, Peak:0.02M | Scene, ViewLayer | Synchronizing object | Marble tread.011
Fra:1 Mem:139.19M (Peak 139.56M) | Time:00:00.03 | Mem:0.02M, Peak:0.02M | Scene, ViewLayer | Synchronizing object | Inlaid bronze nosing.012
Fra:1 Mem:139.25M (Peak 139.56M) | Time:00:00.03 | Mem:0.02M, Peak:0.02M | Scene, ViewLayer | Synchronizing object | Marble tread.014
Fra:1 Mem:139.28M (Peak 139.56M) | Time:00:00.03 | Mem:0.02M, Peak:0.02M | Scene, ViewLayer | Synchronizing object | Inlaid bronze nosing.014
Fra:1 Mem:139.32M (Peak 139.56M) | Time:00:00.03 | Mem:0.02M, Peak:0.02M | Scene, ViewLayer | Synchronizing object | Marble tread.015
Fra:1 Mem:139.39M (Peak 139.56M) | Time:00:00.03 | Mem:0.02M, Peak:0.02M | Scene, ViewLayer | Synchronizing object | Inlaid bronze nosing.015
Fra:1 Mem:139.40M (Peak 139.56M) | Time:00:00.03 | Mem:0.02M, Peak:0.02M | Scene, ViewLayer | Synchronizing object | Marble tread.016
Fra:1 Mem:139.39M (Peak 139.56M) | Time:00:00.03 | Mem:0.02M, Peak:0.02M | Scene, ViewLayer | Synchronizing object | Marble tread.017
Fra:1 Mem:139.38M (Peak 139.56M) | Time:00:00.03 | Mem:0.02M, Peak:0.02M | Scene, ViewLayer | Synchronizing object | Marble tread.018
Fra:1 Mem:139.45M (Peak 139.56M) | Time:00:00.03 | Mem:0.02M, Peak:0.02M | Scene, ViewLayer | Synchronizing object | Inlaid bronze nosing.018
Fra:1 Mem:139.44M (Peak 139.56M) | Time:00:00.03 | Mem:0.02M, Peak:0.02M | Scene, ViewLayer | Synchronizing object | Inlaid bronze nosing.020
Fra:1 Mem:139.46M (Peak 139.56M) | Time:00:00.03 | Mem:0.02M, Peak:0.02M | Scene, ViewLayer | Synchronizing object | Marble tread.021
Fra:1 Mem:139.50M (Peak 139.56M) | Time:00:00.03 | Mem:0.02M, Peak:0.02M | Scene, ViewLayer | Synchronizing object | Inlaid bronze nosing.021
Fra:1 Mem:139.54M (Peak 139.56M) | Time:00:00.03 | Mem:0.02M, Peak:0.02M | Scene, ViewLayer | Synchronizing object | Marble tread.022
Fra:1 Mem:139.60M (Peak 139.60M) | Time:00:00.03 | Mem:0.02M, Peak:0.02M | Scene, ViewLayer | Synchronizing object | Marble tread.023
Fra:1 Mem:139.62M (Peak 139.62M) | Time:00:00.03 | Mem:0.02M, Peak:0.02M | Scene, ViewLayer | Synchronizing object | Inlaid bronze nosing.023
Fra:1 Mem:139.77M (Peak 139.77M) | Time:00:00.03 | Mem:0.02M, Peak:0.02M | Scene, ViewLayer | Synchronizing object | Marble tread.024
Fra:1 Mem:139.80M (Peak 139.80M) | Time:00:00.03 | Mem:0.02M, Peak:0.02M | Scene, ViewLayer | Synchronizing object | Inlaid bronze nosing.024
Fra:1 Mem:139.88M (Peak 139.88M) | Time:00:00.03 | Mem:0.02M, Peak:0.02M | Scene, ViewLayer | Synchronizing object | Inlaid bronze nosing.025
Fra:1 Mem:139.88M (Peak 139.88M) | Time:00:00.03 | Mem:0.02M, Peak:0.02M | Scene, ViewLayer | Synchronizing object | Marble tread.026
Fra:1 Mem:139.93M (Peak 139.93M) | Time:00:00.03 | Mem:0.02M, Peak:0.02M | Scene, ViewLayer | Synchronizing object | Marble tread.027
Fra:1 Mem:139.96M (Peak 139.96M) | Time:00:00.03 | Mem:0.02M, Peak:0.02M | Scene, ViewLayer | Synchronizing object | Inlaid bronze nosing.028
Fra:1 Mem:139.98M (Peak 139.98M) | Time:00:00.03 | Mem:0.02M, Peak:0.02M | Scene, ViewLayer | Synchronizing object | Marble tread.029
Fra:1 Mem:139.97M (Peak 139.98M) | Time:00:00.03 | Mem:0.02M, Peak:0.02M | Scene, ViewLayer | Synchronizing object | Marble tread.030
Fra:1 Mem:139.98M (Peak 139.98M) | Time:00:00.03 | Mem:0.02M, Peak:0.02M | Scene, ViewLayer | Synchronizing object | Marble tread.031
Fra:1 Mem:140.17M (Peak 140.17M) | Time:00:00.03 | Mem:0.02M, Peak:0.02M | Scene, ViewLayer | Synchronizing object | Inlaid bronze nosing.031
Fra:1 Mem:140.23M (Peak 140.23M) | Time:00:00.03 | Mem:0.02M, Peak:0.02M | Scene, ViewLayer | Synchronizing object | Marble tread.032
Fra:1 Mem:140.25M (Peak 140.25M) | Time:00:00.03 | Mem:0.02M, Peak:0.02M | Scene, ViewLayer | Synchronizing object | Marble tread.033
Fra:1 Mem:140.30M (Peak 140.30M) | Time:00:00.03 | Mem:0.02M, Peak:0.02M | Scene, ViewLayer | Synchronizing object | Marble tread.034
Fra:1 Mem:140.31M (Peak 140.31M) | Time:00:00.03 | Mem:0.02M, Peak:0.02M | Scene, ViewLayer | Synchronizing object | Inlaid bronze nosing.034
Fra:1 Mem:140.37M (Peak 140.37M) | Time:00:00.03 | Mem:0.02M, Peak:0.02M | Scene, ViewLayer | Synchronizing object | Marble tread.035
Fra:1 Mem:140.32M (Peak 140.37M) | Time:00:00.03 | Mem:0.02M, Peak:0.02M | Scene, ViewLayer | Synchronizing object | Inlaid bronze nosing.035
Fra:1 Mem:140.40M (Peak 140.40M) | Time:00:00.03 | Mem:0.02M, Peak:0.02M | Scene, ViewLayer | Synchronizing object | Marble tread.036
Fra:1 Mem:140.39M (Peak 140.40M) | Time:00:00.03 | Mem:0.02M, Peak:0.02M | Scene, ViewLayer | Synchronizing object | Marble tread.038
Fra:1 Mem:140.36M (Peak 140.40M) | Time:00:00.03 | Mem:0.02M, Peak:0.02M | Scene, ViewLayer | Synchronizing object | Marble tread.040
Fra:1 Mem:140.50M (Peak 140.50M) | Time:00:00.03 | Mem:0.02M, Peak:0.02M | Scene, ViewLayer | Synchronizing object | Inlaid bronze nosing.040
Fra:1 Mem:140.55M (Peak 140.55M) | Time:00:00.03 | Mem:0.02M, Peak:0.02M | Scene, ViewLayer | Synchronizing object | Marble tread.041
Fra:1 Mem:140.57M (Peak 140.57M) | Time:00:00.03 | Mem:0.02M, Peak:0.02M | Scene, ViewLayer | Synchronizing object | Inlaid bronze nosing.041
Fra:1 Mem:140.63M (Peak 140.63M) | Time:00:00.03 | Mem:0.02M, Peak:0.02M | Scene, ViewLayer | Synchronizing object | Bronze sloping handrail
Fra:1 Mem:140.67M (Peak 140.67M) | Time:00:00.03 | Mem:0.02M, Peak:0.02M | Scene, ViewLayer | Synchronizing object | Slender bronze baluster
Fra:1 Mem:140.73M (Peak 140.73M) | Time:00:00.03 | Mem:0.02M, Peak:0.02M | Scene, ViewLayer | Synchronizing object | Slender bronze baluster.001
Fra:1 Mem:140.69M (Peak 140.73M) | Time:00:00.03 | Mem:0.02M, Peak:0.02M | Scene, ViewLayer | Synchronizing object | Slender bronze baluster.003
Fra:1 Mem:140.82M (Peak 140.82M) | Time:00:00.03 | Mem:0.02M, Peak:0.02M | Scene, ViewLayer | Synchronizing object | Landing handrail
Fra:1 Mem:140.75M (Peak 140.82M) | Time:00:00.03 | Mem:0.02M, Peak:0.02M | Scene, ViewLayer | Synchronizing object | Bronze railing elbow.001
Fra:1 Mem:140.75M (Peak 140.82M) | Time:00:00.03 | Mem:0.02M, Peak:0.02M | Scene, ViewLayer | Synchronizing object | Bronze sloping handrail.001
Fra:1 Mem:140.82M (Peak 140.82M) | Time:00:00.03 | Mem:0.02M, Peak:0.02M | Scene, ViewLayer | Synchronizing object | Slender bronze baluster.007
Fra:1 Mem:140.78M (Peak 140.82M) | Time:00:00.03 | Mem:0.02M, Peak:0.02M | Scene, ViewLayer | Synchronizing object | Landing handrail.002
Fra:1 Mem:140.79M (Peak 140.82M) | Time:00:00.03 | Mem:0.02M, Peak:0.02M | Scene, ViewLayer | Synchronizing object | Bronze railing elbow.002
Fra:1 Mem:140.78M (Peak 140.82M) | Time:00:00.03 | Mem:0.02M, Peak:0.02M | Scene, ViewLayer | Synchronizing object | Bronze railing elbow.003
Fra:1 Mem:140.79M (Peak 140.82M) | Time:00:00.03 | Mem:0.02M, Peak:0.02M | Scene, ViewLayer | Synchronizing object | Slender bronze baluster.008
Fra:1 Mem:140.80M (Peak 140.82M) | Time:00:00.03 | Mem:0.02M, Peak:0.02M | Scene, ViewLayer | Synchronizing object | Slender bronze baluster.010
Fra:1 Mem:140.81M (Peak 140.82M) | Time:00:00.03 | Mem:0.02M, Peak:0.02M | Scene, ViewLayer | Synchronizing object | Landing handrail.005
Fra:1 Mem:140.81M (Peak 140.82M) | Time:00:00.03 | Mem:0.02M, Peak:0.02M | Scene, ViewLayer | Synchronizing object | Bronze railing elbow.004
Fra:1 Mem:140.84M (Peak 140.84M) | Time:00:00.03 | Mem:0.02M, Peak:0.02M | Scene, ViewLayer | Synchronizing object | Bronze railing elbow.005
Fra:1 Mem:140.85M (Peak 140.85M) | Time:00:00.03 | Mem:0.02M, Peak:0.02M | Scene, ViewLayer | Synchronizing object | Bronze sloping handrail.003
Fra:1 Mem:140.85M (Peak 140.85M) | Time:00:00.03 | Mem:0.02M, Peak:0.02M | Scene, ViewLayer | Synchronizing object | Slender bronze baluster.011
Fra:1 Mem:140.86M (Peak 140.86M) | Time:00:00.03 | Mem:0.02M, Peak:0.02M | Scene, ViewLayer | Synchronizing object | Slender bronze baluster.012
Fra:1 Mem:140.87M (Peak 140.87M) | Time:00:00.03 | Mem:0.02M, Peak:0.02M | Scene, ViewLayer | Synchronizing object | Slender bronze baluster.014
Fra:1 Mem:140.87M (Peak 140.87M) | Time:00:00.03 | Mem:0.02M, Peak:0.02M | Scene, ViewLayer | Synchronizing object | Slender bronze baluster.015
Fra:1 Mem:140.88M (Peak 140.88M) | Time:00:00.03 | Mem:0.02M, Peak:0.02M | Scene, ViewLayer | Synchronizing object | Landing handrail.006
Fra:1 Mem:140.89M (Peak 140.89M) | Time:00:00.03 | Mem:0.02M, Peak:0.02M | Scene, ViewLayer | Synchronizing object | Bronze railing elbow.006
Fra:1 Mem:140.90M (Peak 140.90M) | Time:00:00.03 | Mem:0.02M, Peak:0.02M | Scene, ViewLayer | Synchronizing object | Bronze railing elbow.007
Fra:1 Mem:140.92M (Peak 140.92M) | Time:00:00.03 | Mem:0.02M, Peak:0.02M | Scene, ViewLayer | Synchronizing object | Bronze sloping handrail.004
Fra:1 Mem:140.91M (Peak 140.92M) | Time:00:00.03 | Mem:0.02M, Peak:0.02M | Scene, ViewLayer | Synchronizing object | Slender bronze baluster.018
Fra:1 Mem:140.91M (Peak 140.92M) | Time:00:00.03 | Mem:0.02M, Peak:0.02M | Scene, ViewLayer | Synchronizing object | Slender bronze baluster.020
Fra:1 Mem:140.95M (Peak 140.95M) | Time:00:00.03 | Mem:0.02M, Peak:0.02M | Scene, ViewLayer | Synchronizing object | Landing handrail.008
Fra:1 Mem:140.95M (Peak 140.95M) | Time:00:00.03 | Mem:0.02M, Peak:0.02M | Scene, ViewLayer | Synchronizing object | Landing handrail.009
Fra:1 Mem:140.95M (Peak 140.95M) | Time:00:00.03 | Mem:0.02M, Peak:0.02M | Scene, ViewLayer | Synchronizing object | Bronze railing elbow.008
Fra:1 Mem:140.96M (Peak 140.96M) | Time:00:00.03 | Mem:0.02M, Peak:0.02M | Scene, ViewLayer | Synchronizing object | Bronze railing elbow.009
Fra:1 Mem:140.97M (Peak 140.97M) | Time:00:00.03 | Mem:0.02M, Peak:0.02M | Scene, ViewLayer | Synchronizing object | Bronze sloping handrail.005
Fra:1 Mem:140.97M (Peak 140.97M) | Time:00:00.03 | Mem:0.02M, Peak:0.02M | Scene, ViewLayer | Synchronizing object | Slender bronze baluster.022
Fra:1 Mem:140.97M (Peak 140.97M) | Time:00:00.03 | Mem:0.02M, Peak:0.02M | Scene, ViewLayer | Synchronizing object | Slender bronze baluster.023
Fra:1 Mem:140.98M (Peak 140.98M) | Time:00:00.03 | Mem:0.02M, Peak:0.02M | Scene, ViewLayer | Synchronizing object | Landing handrail.011
Fra:1 Mem:140.99M (Peak 140.99M) | Time:00:00.03 | Mem:0.02M, Peak:0.02M | Scene, ViewLayer | Synchronizing object | Bronze railing elbow.011
Fra:1 Mem:141.00M (Peak 141.00M) | Time:00:00.03 | Mem:0.02M, Peak:0.02M | Scene, ViewLayer | Synchronizing object | Bronze sloping handrail.006
Fra:1 Mem:141.00M (Peak 141.00M) | Time:00:00.03 | Mem:0.02M, Peak:0.02M | Scene, ViewLayer | Synchronizing object | Slender bronze baluster.025
Fra:1 Mem:141.01M (Peak 141.01M) | Time:00:00.03 | Mem:0.02M, Peak:0.02M | Scene, ViewLayer | Synchronizing object | Slender bronze baluster.026
Fra:1 Mem:141.02M (Peak 141.02M) | Time:00:00.03 | Mem:0.02M, Peak:0.02M | Scene, ViewLayer | Synchronizing object | Landing handrail.012
Fra:1 Mem:141.03M (Peak 141.03M) | Time:00:00.03 | Mem:0.02M, Peak:0.02M | Scene, ViewLayer | Synchronizing object | Landing handrail.013
Fra:1 Mem:141.03M (Peak 141.03M) | Time:00:00.03 | Mem:0.02M, Peak:0.02M | Scene, ViewLayer | Synchronizing object | Bronze railing elbow.013
Fra:1 Mem:141.07M (Peak 141.07M) | Time:00:00.03 | Mem:0.02M, Peak:0.02M | Scene, ViewLayer | Synchronizing object | Bronze sloping handrail.007
Fra:1 Mem:141.09M (Peak 141.09M) | Time:00:00.03 | Mem:0.02M, Peak:0.02M | Scene, ViewLayer | Synchronizing object | Slender bronze baluster.028
Fra:1 Mem:141.08M (Peak 141.09M) | Time:00:00.03 | Mem:0.02M, Peak:0.02M | Scene, ViewLayer | Synchronizing object | Slender bronze baluster.030
Fra:1 Mem:141.10M (Peak 141.10M) | Time:00:00.03 | Mem:0.02M, Peak:0.02M | Scene, ViewLayer | Synchronizing object | Landing handrail.014
Fra:1 Mem:141.10M (Peak 141.10M) | Time:00:00.03 | Mem:0.02M, Peak:0.02M | Scene, ViewLayer | Synchronizing object | Landing handrail.015
Fra:1 Mem:141.11M (Peak 141.11M) | Time:00:00.03 | Mem:0.02M, Peak:0.02M | Scene, ViewLayer | Synchronizing object | Bronze railing elbow.014
Fra:1 Mem:141.12M (Peak 141.12M) | Time:00:00.03 | Mem:0.02M, Peak:0.02M | Scene, ViewLayer | Synchronizing object | Corner landing 0
Fra:1 Mem:141.12M (Peak 141.12M) | Time:00:00.03 | Mem:0.02M, Peak:0.02M | Scene, ViewLayer | Synchronizing object | Landing pier 1
Fra:1 Mem:141.14M (Peak 141.14M) | Time:00:00.03 | Mem:0.02M, Peak:0.02M | Scene, ViewLayer | Synchronizing object | Pier horizontal joint
Fra:1 Mem:141.17M (Peak 141.17M) | Time:00:00.03 | Mem:0.02M, Peak:0.02M | Scene, ViewLayer | Synchronizing object | Pier horizontal joint.001
Fra:1 Mem:141.24M (Peak 141.24M) | Time:00:00.03 | Mem:0.02M, Peak:0.02M | Scene, ViewLayer | Synchronizing object | Pier horizontal joint.003
Fra:1 Mem:141.22M (Peak 141.24M) | Time:00:00.03 | Mem:0.02M, Peak:0.02M | Scene, ViewLayer | Synchronizing object | Pier horizontal joint.004
Fra:1 Mem:141.26M (Peak 141.26M) | Time:00:00.03 | Mem:0.02M, Peak:0.02M | Scene, ViewLayer | Synchronizing object | Corner landing 2
Fra:1 Mem:141.25M (Peak 141.26M) | Time:00:00.03 | Mem:0.02M, Peak:0.02M | Scene, ViewLayer | Synchronizing object | Pier foot 2
Fra:1 Mem:141.32M (Peak 141.32M) | Time:00:00.03 | Mem:0.02M, Peak:0.02M | Scene, ViewLayer | Synchronizing object | Pier horizontal joint.005
Fra:1 Mem:141.40M (Peak 141.40M) | Time:00:00.03 | Mem:0.02M, Peak:0.02M | Scene, ViewLayer | Synchronizing object | Pier horizontal joint.006
Fra:1 Mem:141.42M (Peak 141.42M) | Time:00:00.03 | Mem:0.02M, Peak:0.02M | Scene, ViewLayer | Synchronizing object | Pier horizontal joint.008
Fra:1 Mem:141.44M (Peak 141.44M) | Time:00:00.03 | Mem:0.02M, Peak:0.02M | Scene, ViewLayer | Synchronizing object | Corner landing 3
Fra:1 Mem:141.43M (Peak 141.44M) | Time:00:00.03 | Mem:0.02M, Peak:0.02M | Scene, ViewLayer | Synchronizing object | Landing pier 3
Fra:1 Mem:141.48M (Peak 141.48M) | Time:00:00.03 | Mem:0.02M, Peak:0.02M | Scene, ViewLayer | Synchronizing object | Pier horizontal joint.011
Fra:1 Mem:141.50M (Peak 141.50M) | Time:00:00.03 | Mem:0.02M, Peak:0.02M | Scene, ViewLayer | Synchronizing object | Pier horizontal joint.012
Fra:1 Mem:141.50M (Peak 141.50M) | Time:00:00.03 | Mem:0.02M, Peak:0.02M | Scene, ViewLayer | Synchronizing object | Pier horizontal joint.014
Fra:1 Mem:141.49M (Peak 141.50M) | Time:00:00.03 | Mem:0.02M, Peak:0.02M | Scene, ViewLayer | Synchronizing object | Pier horizontal joint.015
Fra:1 Mem:141.53M (Peak 141.53M) | Time:00:00.03 | Mem:0.02M, Peak:0.02M | Scene, ViewLayer | Synchronizing object | Pier horizontal joint.017
Fra:1 Mem:141.64M (Peak 141.64M) | Time:00:00.03 | Mem:0.02M, Peak:0.02M | Scene, ViewLayer | Synchronizing object | Corner landing 4
Fra:1 Mem:141.76M (Peak 141.76M) | Time:00:00.03 | Mem:0.02M, Peak:0.02M | Scene, ViewLayer | Synchronizing object | Landing pier 4
Fra:1 Mem:141.82M (Peak 141.82M) | Time:00:00.03 | Mem:0.02M, Peak:0.02M | Scene, ViewLayer | Synchronizing object | Pier foot 4
Fra:1 Mem:142.04M (Peak 142.04M) | Time:00:00.03 | Mem:0.02M, Peak:0.02M | Scene, ViewLayer | Synchronizing object | Pier horizontal joint.021
Fra:1 Mem:142.07M (Peak 142.07M) | Time:00:00.03 | Mem:0.02M, Peak:0.02M | Scene, ViewLayer | Synchronizing object | Pier horizontal joint.022
Fra:1 Mem:141.98M (Peak 142.07M) | Time:00:00.03 | Mem:0.02M, Peak:0.02M | Scene, ViewLayer | Synchronizing object | Pier horizontal joint.026
Fra:1 Mem:142.03M (Peak 142.07M) | Time:00:00.03 | Mem:0.02M, Peak:0.02M | Scene, ViewLayer | Synchronizing object | Pier horizontal joint.027
Fra:1 Mem:142.14M (Peak 142.14M) | Time:00:00.03 | Mem:0.02M, Peak:0.02M | Scene, ViewLayer | Synchronizing object | Courtyard foundation
Fra:1 Mem:142.33M (Peak 142.33M) | Time:00:00.03 | Mem:0.02M, Peak:0.02M | Scene, ViewLayer | Synchronizing object | Limestone paving
Fra:1 Mem:142.28M (Peak 142.33M) | Time:00:00.03 | Mem:0.02M, Peak:0.02M | Scene, ViewLayer | Synchronizing object | Limestone paving.001
Fra:1 Mem:142.26M (Peak 142.33M) | Time:00:00.03 | Mem:0.02M, Peak:0.02M | Scene, ViewLayer | Synchronizing object | Limestone paving.002
Fra:1 Mem:142.33M (Peak 142.33M) | Time:00:00.03 | Mem:0.02M, Peak:0.02M | Scene, ViewLayer | Synchronizing object | Limestone paving.003
Fra:1 Mem:142.41M (Peak 142.41M) | Time:00:00.03 | Mem:0.02M, Peak:0.02M | Scene, ViewLayer | Synchronizing object | Limestone paving.005
Fra:1 Mem:142.39M (Peak 142.41M) | Time:00:00.03 | Mem:0.02M, Peak:0.02M | Scene, ViewLayer | Synchronizing object | Limestone paving.006
Fra:1 Mem:142.41M (Peak 142.41M) | Time:00:00.03 | Mem:0.02M, Peak:0.02M | Scene, ViewLayer | Synchronizing object | Limestone paving.007
Fra:1 Mem:142.46M (Peak 142.46M) | Time:00:00.03 | Mem:0.02M, Peak:0.02M | Scene, ViewLayer | Synchronizing object | Limestone paving.009
Fra:1 Mem:142.50M (Peak 142.50M) | Time:00:00.03 | Mem:0.02M, Peak:0.02M | Scene, ViewLayer | Synchronizing object | Limestone paving.011
Fra:1 Mem:142.50M (Peak 142.50M) | Time:00:00.03 | Mem:0.02M, Peak:0.02M | Scene, ViewLayer | Synchronizing object | Limestone paving.012
Fra:1 Mem:142.55M (Peak 142.55M) | Time:00:00.03 | Mem:0.02M, Peak:0.02M | Scene, ViewLayer | Synchronizing object | Limestone paving.014
Fra:1 Mem:142.54M (Peak 142.55M) | Time:00:00.03 | Mem:0.02M, Peak:0.02M | Scene, ViewLayer | Synchronizing object | Limestone paving.017
Fra:1 Mem:142.56M (Peak 142.56M) | Time:00:00.03 | Mem:0.02M, Peak:0.02M | Scene, ViewLayer | Synchronizing object | Limestone paving.020
Fra:1 Mem:142.60M (Peak 142.60M) | Time:00:00.03 | Mem:0.02M, Peak:0.02M | Scene, ViewLayer | Synchronizing object | Limestone paving.021
Fra:1 Mem:142.61M (Peak 142.61M) | Time:00:00.03 | Mem:0.02M, Peak:0.02M | Scene, ViewLayer | Synchronizing object | Limestone paving.023
Fra:1 Mem:142.71M (Peak 142.71M) | Time:00:00.03 | Mem:0.02M, Peak:0.02M | Scene, ViewLayer | Synchronizing object | Limestone paving.024
Fra:1 Mem:142.73M (Peak 142.73M) | Time:00:00.03 | Mem:0.02M, Peak:0.02M | Scene, ViewLayer | Synchronizing object | Limestone paving.025
Fra:1 Mem:142.79M (Peak 142.79M) | Time:00:00.03 | Mem:0.02M, Peak:0.02M | Scene, ViewLayer | Synchronizing object | Limestone paving.027
Fra:1 Mem:142.96M (Peak 142.96M) | Time:00:00.03 | Mem:0.02M, Peak:0.02M | Scene, ViewLayer | Synchronizing object | Limestone paving.028
Fra:1 Mem:142.99M (Peak 142.99M) | Time:00:00.03 | Mem:0.02M, Peak:0.02M | Scene, ViewLayer | Synchronizing object | Limestone paving.032
Fra:1 Mem:143.07M (Peak 143.07M) | Time:00:00.03 | Mem:0.02M, Peak:0.02M | Scene, ViewLayer | Synchronizing object | Limestone paving.033
Fra:1 Mem:143.07M (Peak 143.07M) | Time:00:00.03 | Mem:0.02M, Peak:0.02M | Scene, ViewLayer | Synchronizing object | Limestone paving.035
Fra:1 Mem:143.13M (Peak 143.13M) | Time:00:00.03 | Mem:0.02M, Peak:0.02M | Scene, ViewLayer | Synchronizing object | Limestone paving.037
Fra:1 Mem:143.07M (Peak 143.13M) | Time:00:00.03 | Mem:0.02M, Peak:0.02M | Scene, ViewLayer | Synchronizing object | Limestone paving.038
Fra:1 Mem:143.10M (Peak 143.13M) | Time:00:00.03 | Mem:0.02M, Peak:0.02M | Scene, ViewLayer | Synchronizing object | Limestone paving.040
Fra:1 Mem:143.17M (Peak 143.17M) | Time:00:00.03 | Mem:0.02M, Peak:0.02M | Scene, ViewLayer | Synchronizing object | Limestone paving.041
Fra:1 Mem:143.20M (Peak 143.20M) | Time:00:00.03 | Mem:0.02M, Peak:0.02M | Scene, ViewLayer | Synchronizing object | Limestone paving.042
Fra:1 Mem:143.21M (Peak 143.21M) | Time:00:00.03 | Mem:0.02M, Peak:0.02M | Scene, ViewLayer | Synchronizing object | Limestone paving.045
Fra:1 Mem:143.20M (Peak 143.21M) | Time:00:00.03 | Mem:0.02M, Peak:0.02M | Scene, ViewLayer | Synchronizing object | Limestone paving.046
Fra:1 Mem:143.19M (Peak 143.21M) | Time:00:00.03 | Mem:0.02M, Peak:0.02M | Scene, ViewLayer | Synchronizing object | Limestone paving.047
Fra:1 Mem:143.33M (Peak 143.33M) | Time:00:00.03 | Mem:0.02M, Peak:0.02M | Scene, ViewLayer | Synchronizing object | Limestone paving.051
Fra:1 Mem:143.41M (Peak 143.41M) | Time:00:00.03 | Mem:0.02M, Peak:0.02M | Scene, ViewLayer | Synchronizing object | Limestone paving.052
Fra:1 Mem:143.46M (Peak 143.46M) | Time:00:00.03 | Mem:0.02M, Peak:0.02M | Scene, ViewLayer | Synchronizing object | Limestone paving.054
Fra:1 Mem:143.57M (Peak 143.57M) | Time:00:00.03 | Mem:0.02M, Peak:0.02M | Scene, ViewLayer | Synchronizing object | Limestone paving.055
Fra:1 Mem:143.69M (Peak 143.69M) | Time:00:00.03 | Mem:0.02M, Peak:0.02M | Scene, ViewLayer | Synchronizing object | Limestone paving.057
Fra:1 Mem:143.70M (Peak 143.70M) | Time:00:00.03 | Mem:0.02M, Peak:0.02M | Scene, ViewLayer | Synchronizing object | Limestone paving.061
Fra:1 Mem:143.75M (Peak 143.75M) | Time:00:00.03 | Mem:0.02M, Peak:0.02M | Scene, ViewLayer | Synchronizing object | Limestone paving.063
Fra:1 Mem:143.75M (Peak 143.75M) | Time:00:00.03 | Mem:0.02M, Peak:0.02M | Scene, ViewLayer | Synchronizing object | Limestone paving.065
Fra:1 Mem:143.80M (Peak 143.80M) | Time:00:00.03 | Mem:0.02M, Peak:0.02M | Scene, ViewLayer | Synchronizing object | Limestone paving.066
Fra:1 Mem:143.80M (Peak 143.80M) | Time:00:00.03 | Mem:0.02M, Peak:0.02M | Scene, ViewLayer | Synchronizing object | Limestone paving.069
Fra:1 Mem:143.79M (Peak 143.80M) | Time:00:00.03 | Mem:0.02M, Peak:0.02M | Scene, ViewLayer | Synchronizing object | Limestone paving.070
Fra:1 Mem:143.88M (Peak 143.88M) | Time:00:00.03 | Mem:0.02M, Peak:0.02M | Scene, ViewLayer | Synchronizing object | Limestone paving.072
Fra:1 Mem:143.87M (Peak 143.88M) | Time:00:00.03 | Mem:0.02M, Peak:0.02M | Scene, ViewLayer | Synchronizing object | Limestone paving.073
Fra:1 Mem:143.89M (Peak 143.89M) | Time:00:00.03 | Mem:0.02M, Peak:0.02M | Scene, ViewLayer | Synchronizing object | Limestone paving.074
Fra:1 Mem:143.98M (Peak 143.98M) | Time:00:00.03 | Mem:0.02M, Peak:0.02M | Scene, ViewLayer | Synchronizing object | Limestone paving.075
Fra:1 Mem:144.05M (Peak 144.05M) | Time:00:00.03 | Mem:0.02M, Peak:0.02M | Scene, ViewLayer | Synchronizing object | Limestone paving.076
Fra:1 Mem:144.08M (Peak 144.08M) | Time:00:00.03 | Mem:0.02M, Peak:0.02M | Scene, ViewLayer | Synchronizing object | Limestone paving.077
Fra:1 Mem:144.13M (Peak 144.13M) | Time:00:00.03 | Mem:0.02M, Peak:0.02M | Scene, ViewLayer | Synchronizing object | Limestone paving.079
Fra:1 Mem:144.19M (Peak 144.19M) | Time:00:00.03 | Mem:0.02M, Peak:0.02M | Scene, ViewLayer | Synchronizing object | Limestone paving.080
Fra:1 Mem:144.18M (Peak 144.19M) | Time:00:00.03 | Mem:0.02M, Peak:0.02M | Scene, ViewLayer | Synchronizing object | Limestone paving.082
Fra:1 Mem:144.27M (Peak 144.27M) | Time:00:00.03 | Mem:0.02M, Peak:0.02M | Scene, ViewLayer | Synchronizing object | Limestone paving.083
Fra:1 Mem:144.28M (Peak 144.28M) | Time:00:00.03 | Mem:0.02M, Peak:0.02M | Scene, ViewLayer | Synchronizing object | Limestone paving.084
Fra:1 Mem:144.27M (Peak 144.28M) | Time:00:00.03 | Mem:0.02M, Peak:0.02M | Scene, ViewLayer | Synchronizing object | Limestone paving.089
Fra:1 Mem:144.26M (Peak 144.28M) | Time:00:00.03 | Mem:0.02M, Peak:0.02M | Scene, ViewLayer | Synchronizing object | Limestone paving.091
Fra:1 Mem:144.35M (Peak 144.35M) | Time:00:00.03 | Mem:0.02M, Peak:0.02M | Scene, ViewLayer | Synchronizing object | Limestone paving.092
Fra:1 Mem:144.42M (Peak 144.42M) | Time:00:00.03 | Mem:0.02M, Peak:0.02M | Scene, ViewLayer | Synchronizing object | Limestone paving.095
Fra:1 Mem:144.45M (Peak 144.45M) | Time:00:00.03 | Mem:0.02M, Peak:0.02M | Scene, ViewLayer | Synchronizing object | Limestone paving.096
Fra:1 Mem:144.47M (Peak 144.47M) | Time:00:00.03 | Mem:0.02M, Peak:0.02M | Scene, ViewLayer | Synchronizing object | Limestone paving.097
Fra:1 Mem:144.49M (Peak 144.49M) | Time:00:00.03 | Mem:0.02M, Peak:0.02M | Scene, ViewLayer | Synchronizing object | Limestone paving.100
Fra:1 Mem:144.48M (Peak 144.49M) | Time:00:00.03 | Mem:0.02M, Peak:0.02M | Scene, ViewLayer | Synchronizing object | Limestone paving.102
Fra:1 Mem:144.50M (Peak 144.50M) | Time:00:00.03 | Mem:0.02M, Peak:0.02M | Scene, ViewLayer | Synchronizing object | Limestone paving.104
Fra:1 Mem:144.64M (Peak 144.64M) | Time:00:00.03 | Mem:0.02M, Peak:0.02M | Scene, ViewLayer | Synchronizing object | Limestone paving.105
Fra:1 Mem:144.71M (Peak 144.71M) | Time:00:00.03 | Mem:0.02M, Peak:0.02M | Scene, ViewLayer | Synchronizing object | Limestone paving.107
Fra:1 Mem:144.74M (Peak 144.74M) | Time:00:00.03 | Mem:0.02M, Peak:0.02M | Scene, ViewLayer | Synchronizing object | Limestone paving.108
Fra:1 Mem:144.74M (Peak 144.74M) | Time:00:00.03 | Mem:0.02M, Peak:0.02M | Scene, ViewLayer | Synchronizing object | Limestone paving.110
Fra:1 Mem:144.84M (Peak 144.84M) | Time:00:00.03 | Mem:0.02M, Peak:0.02M | Scene, ViewLayer | Synchronizing object | Limestone paving.111
Fra:1 Mem:144.86M (Peak 144.86M) | Time:00:00.03 | Mem:0.02M, Peak:0.02M | Scene, ViewLayer | Synchronizing object | Limestone paving.113
Fra:1 Mem:144.94M (Peak 144.94M) | Time:00:00.03 | Mem:0.02M, Peak:0.02M | Scene, ViewLayer | Synchronizing object | Large warm courtyard fill
Fra:1 Mem:144.94M (Peak 144.94M) | Time:00:00.03 | Mem:0.02M, Peak:0.02M | Scene, ViewLayer | Synchronizing object | Limestone paving.116
Fra:1 Mem:144.94M (Peak 144.94M) | Time:00:00.03 | Mem:0.02M, Peak:0.02M | Scene, ViewLayer | Synchronizing object | Limestone paving.120
Fra:1 Mem:144.93M (Peak 144.94M) | Time:00:00.03 | Mem:0.02M, Peak:0.02M | Scene, ViewLayer | Synchronizing object | Limestone paving.121
Fra:1 Mem:144.99M (Peak 144.99M) | Time:00:00.03 | Mem:0.02M, Peak:0.02M | Scene, ViewLayer | Synchronizing object | Limestone paving.122
Fra:1 Mem:144.99M (Peak 144.99M) | Time:00:00.03 | Mem:0.02M, Peak:0.02M | Scene, ViewLayer | Synchronizing object | Limestone paving.123
Fra:1 Mem:145.01M (Peak 145.01M) | Time:00:00.03 | Mem:0.02M, Peak:0.02M | Scene, ViewLayer | Synchronizing object | Limestone paving.124
Fra:1 Mem:145.05M (Peak 145.05M) | Time:00:00.03 | Mem:0.02M, Peak:0.02M | Scene, ViewLayer | Synchronizing object | Limestone paving.125
Fra:1 Mem:145.05M (Peak 145.05M) | Time:00:00.03 | Mem:0.02M, Peak:0.02M | Scene, ViewLayer | Synchronizing object | Limestone paving.126
Fra:1 Mem:145.14M (Peak 145.14M) | Time:00:00.03 | Mem:0.02M, Peak:0.02M | Scene, ViewLayer | Synchronizing object | Limestone paving.127
Fra:1 Mem:145.15M (Peak 145.15M) | Time:00:00.03 | Mem:0.02M, Peak:0.02M | Scene, ViewLayer | Synchronizing object | Limestone paving.128
Fra:1 Mem:145.19M (Peak 145.19M) | Time:00:00.03 | Mem:0.02M, Peak:0.02M | Scene, ViewLayer | Synchronizing object | Limestone paving.129
Fra:1 Mem:145.25M (Peak 145.25M) | Time:00:00.03 | Mem:0.02M, Peak:0.02M | Scene, ViewLayer | Synchronizing object | Limestone paving.130
Fra:1 Mem:145.29M (Peak 145.29M) | Time:00:00.03 | Mem:0.02M, Peak:0.02M | Scene, ViewLayer | Synchronizing object | Limestone paving.131
Fra:1 Mem:145.33M (Peak 145.33M) | Time:00:00.03 | Mem:0.02M, Peak:0.02M | Scene, ViewLayer | Synchronizing object | Limestone paving.133
Fra:1 Mem:145.36M (Peak 145.36M) | Time:00:00.03 | Mem:0.02M, Peak:0.02M | Scene, ViewLayer | Synchronizing object | Limestone paving.135
Fra:1 Mem:145.37M (Peak 145.37M) | Time:00:00.03 | Mem:0.02M, Peak:0.02M | Scene, ViewLayer | Synchronizing object | Limestone paving.138
Fra:1 Mem:145.35M (Peak 145.37M) | Time:00:00.03 | Mem:0.02M, Peak:0.02M | Scene, ViewLayer | Synchronizing object | Warm portico uplight.003
Fra:1 Mem:145.36M (Peak 145.37M) | Time:00:00.03 | Mem:0.02M, Peak:0.02M | Scene, ViewLayer | Synchronizing object | Limestone paving.142
Fra:1 Mem:145.39M (Peak 145.39M) | Time:00:00.03 | Mem:0.02M, Peak:0.02M | Scene, ViewLayer | Synchronizing object | Limestone paving.143
Fra:1 Mem:145.46M (Peak 145.46M) | Time:00:00.03 | Mem:0.02M, Peak:0.02M | Scene, ViewLayer | Synchronizing object | Limestone paving.144
Fra:1 Mem:145.56M (Peak 145.56M) | Time:00:00.03 | Mem:0.02M, Peak:0.02M | Scene, ViewLayer | Synchronizing object | Limestone paving.145
Fra:1 Mem:145.61M (Peak 145.61M) | Time:00:00.03 | Mem:0.02M, Peak:0.02M | Scene, ViewLayer | Synchronizing object | Limestone paving.146
Fra:1 Mem:145.72M (Peak 145.72M) | Time:00:00.03 | Mem:0.02M, Peak:0.02M | Scene, ViewLayer | Synchronizing object | Limestone paving.147
Fra:1 Mem:145.73M (Peak 145.73M) | Time:00:00.03 | Mem:0.02M, Peak:0.02M | Scene, ViewLayer | Synchronizing object | Limestone paving.148
Fra:1 Mem:145.72M (Peak 145.73M) | Time:00:00.03 | Mem:0.02M, Peak:0.02M | Scene, ViewLayer | Synchronizing object | Limestone paving.149
Fra:1 Mem:145.79M (Peak 145.79M) | Time:00:00.03 | Mem:0.02M, Peak:0.02M | Scene, ViewLayer | Synchronizing object | Limestone paving.150
Fra:1 Mem:145.87M (Peak 145.87M) | Time:00:00.03 | Mem:0.02M, Peak:0.02M | Scene, ViewLayer | Synchronizing object | Limestone paving.151
Fra:1 Mem:145.90M (Peak 145.90M) | Time:00:00.03 | Mem:0.02M, Peak:0.02M | Scene, ViewLayer | Synchronizing object | Limestone paving.153
Fra:1 Mem:145.86M (Peak 145.90M) | Time:00:00.03 | Mem:0.02M, Peak:0.02M | Scene, ViewLayer | Synchronizing object | Limestone paving.156
Fra:1 Mem:145.89M (Peak 145.90M) | Time:00:00.03 | Mem:0.02M, Peak:0.02M | Scene, ViewLayer | Synchronizing object | Limestone paving.158
Fra:1 Mem:145.91M (Peak 145.91M) | Time:00:00.03 | Mem:0.02M, Peak:0.02M | Scene, ViewLayer | Synchronizing object | Limestone paving.160
Fra:1 Mem:145.95M (Peak 145.95M) | Time:00:00.03 | Mem:0.02M, Peak:0.02M | Scene, ViewLayer | Synchronizing object | Limestone paving.162
Fra:1 Mem:145.95M (Peak 145.95M) | Time:00:00.03 | Mem:0.02M, Peak:0.02M | Scene, ViewLayer | Synchronizing object | Limestone paving.163
Fra:1 Mem:146.05M (Peak 146.05M) | Time:00:00.03 | Mem:0.02M, Peak:0.02M | Scene, ViewLayer | Synchronizing object | Limestone paving.164
Fra:1 Mem:146.10M (Peak 146.10M) | Time:00:00.03 | Mem:0.02M, Peak:0.02M | Scene, ViewLayer | Synchronizing object | Limestone paving.167
Fra:1 Mem:146.08M (Peak 146.10M) | Time:00:00.03 | Mem:0.02M, Peak:0.02M | Scene, ViewLayer | Synchronizing object | Limestone paving.169
Fra:1 Mem:146.17M (Peak 146.18M) | Time:00:00.03 | Mem:0.02M, Peak:0.02M | Scene, ViewLayer | Synchronizing object | Warm portico uplight.001
Fra:1 Mem:146.16M (Peak 146.18M) | Time:00:00.03 | Mem:0.02M, Peak:0.02M | Scene, ViewLayer | Synchronizing object | Warm portico uplight
Fra:1 Mem:146.16M (Peak 146.18M) | Time:00:00.03 | Mem:0.02M, Peak:0.02M | Scene, ViewLayer | Synchronizing object | Limestone paving.171
Fra:1 Mem:146.14M (Peak 146.18M) | Time:00:00.03 | Mem:0.02M, Peak:0.02M | Scene, ViewLayer | Synchronizing object | West colonnade arch vault.004
Fra:1 Mem:146.14M (Peak 146.18M) | Time:00:00.03 | Mem:0.02M, Peak:0.02M | Scene, ViewLayer | Synchronizing object | Limestone paving.175
Fra:1 Mem:146.20M (Peak 146.20M) | Time:00:00.03 | Mem:0.02M, Peak:0.02M | Scene, ViewLayer | Synchronizing object | Limestone paving.177
Fra:1 Mem:146.19M (Peak 146.20M) | Time:00:00.03 | Mem:0.02M, Peak:0.02M | Scene, ViewLayer | Synchronizing object | Limestone paving.178
Fra:1 Mem:146.31M (Peak 146.31M) | Time:00:00.03 | Mem:0.02M, Peak:0.02M | Scene, ViewLayer | Synchronizing object | Limestone paving.179
Fra:1 Mem:146.37M (Peak 146.37M) | Time:00:00.03 | Mem:0.02M, Peak:0.02M | Scene, ViewLayer | Synchronizing object | Limestone paving.180
Fra:1 Mem:146.39M (Peak 146.39M) | Time:00:00.03 | Mem:0.02M, Peak:0.02M | Scene, ViewLayer | Synchronizing object | Limestone paving.182
Fra:1 Mem:146.40M (Peak 146.40M) | Time:00:00.03 | Mem:0.02M, Peak:0.02M | Scene, ViewLayer | Synchronizing object | Limestone paving.183
Fra:1 Mem:146.44M (Peak 146.44M) | Time:00:00.03 | Mem:0.02M, Peak:0.02M | Scene, ViewLayer | Synchronizing object | Limestone paving.184
Fra:1 Mem:146.66M (Peak 146.66M) | Time:00:00.03 | Mem:0.02M, Peak:0.02M | Scene, ViewLayer | Synchronizing object | Limestone paving.186
Fra:1 Mem:146.73M (Peak 146.73M) | Time:00:00.03 | Mem:0.02M, Peak:0.02M | Scene, ViewLayer | Synchronizing object | Limestone paving.187
Fra:1 Mem:146.75M (Peak 146.75M) | Time:00:00.03 | Mem:0.02M, Peak:0.02M | Scene, ViewLayer | Synchronizing object | Limestone paving.189
Fra:1 Mem:146.69M (Peak 146.75M) | Time:00:00.03 | Mem:0.02M, Peak:0.02M | Scene, ViewLayer | Synchronizing object | Limestone paving.190
Fra:1 Mem:146.82M (Peak 146.82M) | Time:00:00.03 | Mem:0.02M, Peak:0.02M | Scene, ViewLayer | Synchronizing object | Limestone paving.191
Fra:1 Mem:146.82M (Peak 146.82M) | Time:00:00.03 | Mem:0.02M, Peak:0.02M | Scene, ViewLayer | Synchronizing object | Limestone paving.192
Fra:1 Mem:146.89M (Peak 146.89M) | Time:00:00.03 | Mem:0.02M, Peak:0.02M | Scene, ViewLayer | Synchronizing object | Limestone paving.193
Fra:1 Mem:146.86M (Peak 146.89M) | Time:00:00.03 | Mem:0.02M, Peak:0.02M | Scene, ViewLayer | Synchronizing object | Limestone paving.195
Fra:1 Mem:146.92M (Peak 146.92M) | Time:00:00.03 | Mem:0.02M, Peak:0.02M | Scene, ViewLayer | Synchronizing object | Limestone paving.196
Fra:1 Mem:146.99M (Peak 146.99M) | Time:00:00.03 | Mem:0.02M, Peak:0.02M | Scene, ViewLayer | Synchronizing object | Limestone paving.198
Fra:1 Mem:147.00M (Peak 147.00M) | Time:00:00.03 | Mem:0.02M, Peak:0.02M | Scene, ViewLayer | Synchronizing object | Limestone paving.199
Fra:1 Mem:147.01M (Peak 147.01M) | Time:00:00.03 | Mem:0.02M, Peak:0.02M | Scene, ViewLayer | Synchronizing object | Limestone paving.200
Fra:1 Mem:147.11M (Peak 147.11M) | Time:00:00.03 | Mem:0.02M, Peak:0.02M | Scene, ViewLayer | Synchronizing object | Limestone paving.203
Fra:1 Mem:147.01M (Peak 147.11M) | Time:00:00.03 | Mem:0.02M, Peak:0.02M | Scene, ViewLayer | Synchronizing object | Limestone paving.205
Fra:1 Mem:147.06M (Peak 147.11M) | Time:00:00.03 | Mem:0.02M, Peak:0.02M | Scene, ViewLayer | Synchronizing object | Limestone paving.207
Fra:1 Mem:147.10M (Peak 147.11M) | Time:00:00.03 | Mem:0.02M, Peak:0.02M | Scene, ViewLayer | Synchronizing object | Limestone paving.208
Fra:1 Mem:147.12M (Peak 147.12M) | Time:00:00.03 | Mem:0.02M, Peak:0.02M | Scene, ViewLayer | Synchronizing object | Limestone paving.209
Fra:1 Mem:147.13M (Peak 147.13M) | Time:00:00.03 | Mem:0.02M, Peak:0.02M | Scene, ViewLayer | Synchronizing object | Limestone paving.210
Fra:1 Mem:147.18M (Peak 147.18M) | Time:00:00.03 | Mem:0.02M, Peak:0.02M | Scene, ViewLayer | Synchronizing object | Limestone paving.211
Fra:1 Mem:147.22M (Peak 147.22M) | Time:00:00.03 | Mem:0.02M, Peak:0.02M | Scene, ViewLayer | Synchronizing object | Limestone paving.212
Fra:1 Mem:147.24M (Peak 147.24M) | Time:00:00.03 | Mem:0.02M, Peak:0.02M | Scene, ViewLayer | Synchronizing object | Limestone paving.213
Fra:1 Mem:147.24M (Peak 147.24M) | Time:00:00.03 | Mem:0.02M, Peak:0.02M | Scene, ViewLayer | Synchronizing object | Limestone paving.214
Fra:1 Mem:147.34M (Peak 147.34M) | Time:00:00.03 | Mem:0.02M, Peak:0.02M | Scene, ViewLayer | Synchronizing object | Limestone paving.216
Fra:1 Mem:147.64M (Peak 147.64M) | Time:00:00.03 | Mem:0.02M, Peak:0.02M | Scene, ViewLayer | Synchronizing object | Limestone paving.218
Fra:1 Mem:147.62M (Peak 147.64M) | Time:00:00.03 | Mem:0.02M, Peak:0.02M | Scene, ViewLayer | Synchronizing object | Limestone paving.219
Fra:1 Mem:147.62M (Peak 147.64M) | Time:00:00.03 | Mem:0.02M, Peak:0.02M | Scene, ViewLayer | Synchronizing object | Limestone paving.220
Fra:1 Mem:147.59M (Peak 147.64M) | Time:00:00.03 | Mem:0.02M, Peak:0.02M | Scene, ViewLayer | Synchronizing object | Limestone paving.221
Fra:1 Mem:147.62M (Peak 147.64M) | Time:00:00.03 | Mem:0.02M, Peak:0.02M | Scene, ViewLayer | Synchronizing object | Limestone paving.222
Fra:1 Mem:147.67M (Peak 147.67M) | Time:00:00.03 | Mem:0.02M, Peak:0.02M | Scene, ViewLayer | Synchronizing object | Limestone paving.224
Fra:1 Mem:147.69M (Peak 147.69M) | Time:00:00.03 | Mem:0.02M, Peak:0.02M | Scene, ViewLayer | Synchronizing object | Limestone paving.226
Fra:1 Mem:147.68M (Peak 147.69M) | Time:00:00.03 | Mem:0.02M, Peak:0.02M | Scene, ViewLayer | Synchronizing object | Limestone paving.227
Fra:1 Mem:147.80M (Peak 147.80M) | Time:00:00.03 | Mem:0.02M, Peak:0.02M | Scene, ViewLayer | Synchronizing object | Limestone paving.228
Fra:1 Mem:148.01M (Peak 148.01M) | Time:00:00.03 | Mem:0.02M, Peak:0.02M | Scene, ViewLayer | Synchronizing object | Limestone paving.229
Fra:1 Mem:147.89M (Peak 148.01M) | Time:00:00.03 | Mem:0.02M, Peak:0.02M | Scene, ViewLayer | Synchronizing object | West colonnade arch vault.002
Fra:1 Mem:147.88M (Peak 148.01M) | Time:00:00.03 | Mem:0.02M, Peak:0.02M | Scene, ViewLayer | Synchronizing object | Limestone paving.230
Fra:1 Mem:148.05M (Peak 148.05M) | Time:00:00.03 | Mem:0.02M, Peak:0.02M | Scene, ViewLayer | Synchronizing object | Limestone paving.232
Fra:1 Mem:148.18M (Peak 148.18M) | Time:00:00.03 | Mem:0.02M, Peak:0.02M | Scene, ViewLayer | Synchronizing object | Limestone paving.233
Fra:1 Mem:148.16M (Peak 148.18M) | Time:00:00.03 | Mem:0.02M, Peak:0.02M | Scene, ViewLayer | Synchronizing object | Limestone paving.234
Fra:1 Mem:148.20M (Peak 148.20M) | Time:00:00.03 | Mem:0.02M, Peak:0.02M | Scene, ViewLayer | Synchronizing object | Limestone paving.235
Fra:1 Mem:148.22M (Peak 148.22M) | Time:00:00.03 | Mem:0.02M, Peak:0.02M | Scene, ViewLayer | Synchronizing object | Limestone paving.238
Fra:1 Mem:148.30M (Peak 148.30M) | Time:00:00.03 | Mem:0.02M, Peak:0.02M | Scene, ViewLayer | Synchronizing object | Limestone paving.240
Fra:1 Mem:148.19M (Peak 148.30M) | Time:00:00.03 | Mem:0.02M, Peak:0.02M | Scene, ViewLayer | Synchronizing object | Limestone paving.241
Fra:1 Mem:148.28M (Peak 148.30M) | Time:00:00.03 | Mem:0.02M, Peak:0.02M | Scene, ViewLayer | Synchronizing object | Limestone paving.242
Fra:1 Mem:148.38M (Peak 148.38M) | Time:00:00.03 | Mem:0.02M, Peak:0.02M | Scene, ViewLayer | Synchronizing object | Limestone paving.243
Fra:1 Mem:148.41M (Peak 148.41M) | Time:00:00.03 | Mem:0.02M, Peak:0.02M | Scene, ViewLayer | Synchronizing object | Limestone paving.244
Fra:1 Mem:148.44M (Peak 148.44M) | Time:00:00.03 | Mem:0.02M, Peak:0.02M | Scene, ViewLayer | Synchronizing object | Limestone paving.245
Fra:1 Mem:148.52M (Peak 148.52M) | Time:00:00.03 | Mem:0.02M, Peak:0.02M | Scene, ViewLayer | Synchronizing object | Limestone paving.247
Fra:1 Mem:148.57M (Peak 148.57M) | Time:00:00.03 | Mem:0.02M, Peak:0.02M | Scene, ViewLayer | Synchronizing object | Limestone paving.250
Fra:1 Mem:148.58M (Peak 148.58M) | Time:00:00.03 | Mem:0.02M, Peak:0.02M | Scene, ViewLayer | Synchronizing object | Limestone paving.254
Fra:1 Mem:148.56M (Peak 148.58M) | Time:00:00.03 | Mem:0.02M, Peak:0.02M | Scene, ViewLayer | Synchronizing object | Limestone paving.255
Fra:1 Mem:148.60M (Peak 148.60M) | Time:00:00.03 | Mem:0.02M, Peak:0.02M | Scene, ViewLayer | Synchronizing object | Limestone paving.257
Fra:1 Mem:148.74M (Peak 148.74M) | Time:00:00.03 | Mem:0.02M, Peak:0.02M | Scene, ViewLayer | Synchronizing object | Limestone paving.258
Fra:1 Mem:148.70M (Peak 148.74M) | Time:00:00.03 | Mem:0.02M, Peak:0.02M | Scene, ViewLayer | Synchronizing object | Limestone paving.259
Fra:1 Mem:148.78M (Peak 148.78M) | Time:00:00.03 | Mem:0.02M, Peak:0.02M | Scene, ViewLayer | Synchronizing object | Limestone paving.261
Fra:1 Mem:148.90M (Peak 148.90M) | Time:00:00.03 | Mem:0.02M, Peak:0.02M | Scene, ViewLayer | Synchronizing object | Limestone paving.262
Fra:1 Mem:149.06M (Peak 149.06M) | Time:00:00.03 | Mem:0.02M, Peak:0.02M | Scene, ViewLayer | Synchronizing object | Limestone paving.264
Fra:1 Mem:149.20M (Peak 149.20M) | Time:00:00.03 | Mem:0.02M, Peak:0.02M | Scene, ViewLayer | Synchronizing object | Limestone paving.267
Fra:1 Mem:149.13M (Peak 149.20M) | Time:00:00.03 | Mem:0.02M, Peak:0.02M | Scene, ViewLayer | Synchronizing object | Limestone paving.268
Fra:1 Mem:149.14M (Peak 149.20M) | Time:00:00.03 | Mem:0.02M, Peak:0.02M | Scene, ViewLayer | Synchronizing object | Limestone paving.271
Fra:1 Mem:149.28M (Peak 149.28M) | Time:00:00.03 | Mem:0.02M, Peak:0.02M | Scene, ViewLayer | Synchronizing object | Limestone paving.272
Fra:1 Mem:149.27M (Peak 149.28M) | Time:00:00.03 | Mem:0.02M, Peak:0.02M | Scene, ViewLayer | Synchronizing object | Limestone paving.273
Fra:1 Mem:149.30M (Peak 149.30M) | Time:00:00.03 | Mem:0.02M, Peak:0.02M | Scene, ViewLayer | Synchronizing object | Limestone paving.276
Fra:1 Mem:149.30M (Peak 149.30M) | Time:00:00.03 | Mem:0.02M, Peak:0.02M | Scene, ViewLayer | Synchronizing object | Limestone paving.278
Fra:1 Mem:149.32M (Peak 149.32M) | Time:00:00.03 | Mem:0.02M, Peak:0.02M | Scene, ViewLayer | Synchronizing object | Limestone paving.280
Fra:1 Mem:149.37M (Peak 149.37M) | Time:00:00.03 | Mem:0.02M, Peak:0.02M | Scene, ViewLayer | Synchronizing object | Limestone paving.281
Fra:1 Mem:149.37M (Peak 149.37M) | Time:00:00.03 | Mem:0.02M, Peak:0.02M | Scene, ViewLayer | Synchronizing object | Limestone paving.283
Fra:1 Mem:149.47M (Peak 149.47M) | Time:00:00.03 | Mem:0.02M, Peak:0.02M | Scene, ViewLayer | Synchronizing object | Limestone paving.284
Fra:1 Mem:149.41M (Peak 149.47M) | Time:00:00.03 | Mem:0.02M, Peak:0.02M | Scene, ViewLayer | Synchronizing object | West colonnade arch vault
Fra:1 Mem:149.44M (Peak 149.47M) | Time:00:00.03 | Mem:0.02M, Peak:0.02M | Scene, ViewLayer | Synchronizing object | Limestone paving.288
Fra:1 Mem:149.64M (Peak 149.64M) | Time:00:00.03 | Mem:0.02M, Peak:0.02M | Scene, ViewLayer | Synchronizing object | Limestone paving.289
Fra:1 Mem:149.65M (Peak 149.65M) | Time:00:00.03 | Mem:0.02M, Peak:0.02M | Scene, ViewLayer | Synchronizing object | Limestone paving.290
Fra:1 Mem:149.71M (Peak 149.71M) | Time:00:00.03 | Mem:0.02M, Peak:0.02M | Scene, ViewLayer | Synchronizing object | Limestone paving.292
Fra:1 Mem:149.77M (Peak 149.77M) | Time:00:00.03 | Mem:0.02M, Peak:0.02M | Scene, ViewLayer | Synchronizing object | Limestone paving.293
Fra:1 Mem:149.88M (Peak 149.88M) | Time:00:00.03 | Mem:0.02M, Peak:0.02M | Scene, ViewLayer | Synchronizing object | Limestone paving.294
Fra:1 Mem:149.86M (Peak 149.88M) | Time:00:00.03 | Mem:0.02M, Peak:0.02M | Scene, ViewLayer | Synchronizing object | Limestone paving.295
Fra:1 Mem:149.91M (Peak 149.91M) | Time:00:00.03 | Mem:0.02M, Peak:0.02M | Scene, ViewLayer | Synchronizing object | Limestone paving.296
Fra:1 Mem:149.94M (Peak 149.94M) | Time:00:00.03 | Mem:0.02M, Peak:0.02M | Scene, ViewLayer | Synchronizing object | Limestone paving.298
Fra:1 Mem:149.97M (Peak 149.97M) | Time:00:00.03 | Mem:0.02M, Peak:0.02M | Scene, ViewLayer | Synchronizing object | Limestone paving.300
Fra:1 Mem:150.00M (Peak 150.00M) | Time:00:00.03 | Mem:0.02M, Peak:0.02M | Scene, ViewLayer | Synchronizing object | Limestone paving.301
Fra:1 Mem:150.08M (Peak 150.08M) | Time:00:00.03 | Mem:0.02M, Peak:0.02M | Scene, ViewLayer | Synchronizing object | Limestone paving.305
Fra:1 Mem:150.01M (Peak 150.08M) | Time:00:00.03 | Mem:0.02M, Peak:0.02M | Scene, ViewLayer | Synchronizing object | North colonnade arch vault.005
Fra:1 Mem:150.06M (Peak 150.08M) | Time:00:00.03 | Mem:0.02M, Peak:0.02M | Scene, ViewLayer | Synchronizing object | Limestone paving.307
Fra:1 Mem:150.10M (Peak 150.10M) | Time:00:00.03 | Mem:0.02M, Peak:0.02M | Scene, ViewLayer | Synchronizing object | Limestone paving.308
Fra:1 Mem:150.16M (Peak 150.16M) | Time:00:00.03 | Mem:0.02M, Peak:0.02M | Scene, ViewLayer | Synchronizing object | Limestone paving.310
Fra:1 Mem:150.14M (Peak 150.16M) | Time:00:00.03 | Mem:0.02M, Peak:0.02M | Scene, ViewLayer | Synchronizing object | Limestone paving.311
Fra:1 Mem:150.14M (Peak 150.16M) | Time:00:00.03 | Mem:0.02M, Peak:0.02M | Scene, ViewLayer | Synchronizing object | Limestone paving.312
Fra:1 Mem:150.16M (Peak 150.16M) | Time:00:00.03 | Mem:0.02M, Peak:0.02M | Scene, ViewLayer | Synchronizing object | Limestone paving.313
Fra:1 Mem:150.30M (Peak 150.30M) | Time:00:00.03 | Mem:0.02M, Peak:0.02M | Scene, ViewLayer | Synchronizing object | Limestone paving.314
Fra:1 Mem:150.40M (Peak 150.40M) | Time:00:00.03 | Mem:0.02M, Peak:0.02M | Scene, ViewLayer | Synchronizing object | Limestone paving.316
Fra:1 Mem:150.36M (Peak 150.40M) | Time:00:00.03 | Mem:0.02M, Peak:0.02M | Scene, ViewLayer | Synchronizing object | Limestone paving.317
Fra:1 Mem:150.45M (Peak 150.45M) | Time:00:00.03 | Mem:0.02M, Peak:0.02M | Scene, ViewLayer | Synchronizing object | Limestone paving.318
Fra:1 Mem:150.56M (Peak 150.56M) | Time:00:00.03 | Mem:0.02M, Peak:0.02M | Scene, ViewLayer | Synchronizing object | Limestone paving.319
Fra:1 Mem:150.62M (Peak 150.62M) | Time:00:00.03 | Mem:0.02M, Peak:0.02M | Scene, ViewLayer | Synchronizing object | Limestone paving.323
Fra:1 Mem:150.73M (Peak 150.73M) | Time:00:00.03 | Mem:0.02M, Peak:0.02M | Scene, ViewLayer | Synchronizing object | Limestone paving.326
Fra:1 Mem:150.74M (Peak 150.74M) | Time:00:00.03 | Mem:0.02M, Peak:0.02M | Scene, ViewLayer | Synchronizing object | Limestone paving.327
Fra:1 Mem:150.82M (Peak 150.82M) | Time:00:00.03 | Mem:0.02M, Peak:0.02M | Scene, ViewLayer | Synchronizing object | Limestone paving.328
Fra:1 Mem:150.86M (Peak 150.86M) | Time:00:00.03 | Mem:0.02M, Peak:0.02M | Scene, ViewLayer | Synchronizing object | Limestone paving.329
Fra:1 Mem:150.88M (Peak 150.88M) | Time:00:00.03 | Mem:0.02M, Peak:0.02M | Scene, ViewLayer | Synchronizing object | Limestone paving.331
Fra:1 Mem:150.88M (Peak 150.88M) | Time:00:00.03 | Mem:0.02M, Peak:0.02M | Scene, ViewLayer | Synchronizing object | Limestone paving.332
Fra:1 Mem:151.01M (Peak 151.01M) | Time:00:00.03 | Mem:0.02M, Peak:0.02M | Scene, ViewLayer | Synchronizing object | Limestone paving.333
Fra:1 Mem:151.06M (Peak 151.06M) | Time:00:00.03 | Mem:0.02M, Peak:0.02M | Scene, ViewLayer | Synchronizing object | Limestone paving.334
Fra:1 Mem:151.06M (Peak 151.06M) | Time:00:00.03 | Mem:0.02M, Peak:0.02M | Scene, ViewLayer | Synchronizing object | Limestone paving.336
Fra:1 Mem:151.07M (Peak 151.07M) | Time:00:00.03 | Mem:0.02M, Peak:0.02M | Scene, ViewLayer | Synchronizing object | Limestone paving.338
Fra:1 Mem:151.07M (Peak 151.07M) | Time:00:00.03 | Mem:0.02M, Peak:0.02M | Scene, ViewLayer | Synchronizing object | Limestone paving.340
Fra:1 Mem:151.14M (Peak 151.14M) | Time:00:00.03 | Mem:0.02M, Peak:0.02M | Scene, ViewLayer | Synchronizing object | Limestone paving.341
Fra:1 Mem:151.35M (Peak 151.35M) | Time:00:00.03 | Mem:0.02M, Peak:0.02M | Scene, ViewLayer | Synchronizing object | Limestone paving.342
Fra:1 Mem:151.22M (Peak 151.35M) | Time:00:00.03 | Mem:0.02M, Peak:0.02M | Scene, ViewLayer | Synchronizing object | North colonnade arch vault.004
Fra:1 Mem:151.23M (Peak 151.35M) | Time:00:00.03 | Mem:0.02M, Peak:0.02M | Scene, ViewLayer | Synchronizing object | Limestone paving.344
Fra:1 Mem:151.20M (Peak 151.35M) | Time:00:00.03 | Mem:0.02M, Peak:0.02M | Scene, ViewLayer | Synchronizing object | Limestone paving.346
Fra:1 Mem:151.28M (Peak 151.35M) | Time:00:00.03 | Mem:0.02M, Peak:0.02M | Scene, ViewLayer | Synchronizing object | Limestone paving.351
Fra:1 Mem:151.44M (Peak 151.44M) | Time:00:00.03 | Mem:0.02M, Peak:0.02M | Scene, ViewLayer | Synchronizing object | Limestone paving.352
Fra:1 Mem:151.56M (Peak 151.56M) | Time:00:00.03 | Mem:0.02M, Peak:0.02M | Scene, ViewLayer | Synchronizing object | Limestone paving.353
Fra:1 Mem:151.57M (Peak 151.57M) | Time:00:00.03 | Mem:0.02M, Peak:0.02M | Scene, ViewLayer | Synchronizing object | Limestone paving.354
Fra:1 Mem:151.48M (Peak 151.57M) | Time:00:00.03 | Mem:0.02M, Peak:0.02M | Scene, ViewLayer | Synchronizing object | Limestone paving.355
Fra:1 Mem:151.57M (Peak 151.57M) | Time:00:00.03 | Mem:0.02M, Peak:0.02M | Scene, ViewLayer | Synchronizing object | Limestone paving.356
Fra:1 Mem:151.67M (Peak 151.67M) | Time:00:00.03 | Mem:0.02M, Peak:0.02M | Scene, ViewLayer | Synchronizing object | Limestone paving.357
Fra:1 Mem:151.73M (Peak 151.73M) | Time:00:00.03 | Mem:0.02M, Peak:0.02M | Scene, ViewLayer | Synchronizing object | Limestone paving.358
Fra:1 Mem:151.91M (Peak 151.91M) | Time:00:00.03 | Mem:0.02M, Peak:0.02M | Scene, ViewLayer | Synchronizing object | Limestone paving.359
Fra:1 Mem:151.93M (Peak 151.93M) | Time:00:00.03 | Mem:0.02M, Peak:0.02M | Scene, ViewLayer | Synchronizing object | Limestone paving.360
Fra:1 Mem:151.94M (Peak 151.94M) | Time:00:00.03 | Mem:0.02M, Peak:0.02M | Scene, ViewLayer | Synchronizing object | Limestone paving.361
Fra:1 Mem:151.95M (Peak 151.95M) | Time:00:00.03 | Mem:0.02M, Peak:0.02M | Scene, ViewLayer | Synchronizing object | Limestone paving.362
Fra:1 Mem:151.96M (Peak 151.96M) | Time:00:00.03 | Mem:0.02M, Peak:0.02M | Scene, ViewLayer | Synchronizing object | Limestone paving.365
Fra:1 Mem:152.01M (Peak 152.01M) | Time:00:00.03 | Mem:0.02M, Peak:0.02M | Scene, ViewLayer | Synchronizing object | Limestone paving.366
Fra:1 Mem:152.03M (Peak 152.03M) | Time:00:00.03 | Mem:0.02M, Peak:0.02M | Scene, ViewLayer | Synchronizing object | Limestone paving.370
Fra:1 Mem:152.13M (Peak 152.13M) | Time:00:00.03 | Mem:0.02M, Peak:0.02M | Scene, ViewLayer | Synchronizing object | Limestone paving.372
Fra:1 Mem:152.01M (Peak 152.13M) | Time:00:00.03 | Mem:0.02M, Peak:0.02M | Scene, ViewLayer | Synchronizing object | Limestone paving.377
Fra:1 Mem:152.04M (Peak 152.13M) | Time:00:00.03 | Mem:0.02M, Peak:0.02M | Scene, ViewLayer | Synchronizing object | Limestone paving.379
Fra:1 Mem:152.04M (Peak 152.13M) | Time:00:00.03 | Mem:0.02M, Peak:0.02M | Scene, ViewLayer | Synchronizing object | Limestone paving.380
Fra:1 Mem:152.08M (Peak 152.13M) | Time:00:00.03 | Mem:0.02M, Peak:0.02M | Scene, ViewLayer | Synchronizing object | Limestone paving.381
Fra:1 Mem:152.14M (Peak 152.14M) | Time:00:00.03 | Mem:0.02M, Peak:0.02M | Scene, ViewLayer | Synchronizing object | Limestone paving.382
Fra:1 Mem:152.17M (Peak 152.17M) | Time:00:00.03 | Mem:0.02M, Peak:0.02M | Scene, ViewLayer | Synchronizing object | Limestone paving.384
Fra:1 Mem:152.22M (Peak 152.22M) | Time:00:00.03 | Mem:0.02M, Peak:0.02M | Scene, ViewLayer | Synchronizing object | Limestone paving.385
Fra:1 Mem:152.25M (Peak 152.25M) | Time:00:00.03 | Mem:0.02M, Peak:0.02M | Scene, ViewLayer | Synchronizing object | Limestone paving.386
Fra:1 Mem:152.22M (Peak 152.25M) | Time:00:00.03 | Mem:0.02M, Peak:0.02M | Scene, ViewLayer | Synchronizing object | Limestone paving.389
Fra:1 Mem:152.25M (Peak 152.25M) | Time:00:00.03 | Mem:0.02M, Peak:0.02M | Scene, ViewLayer | Synchronizing object | Limestone paving.390
Fra:1 Mem:152.30M (Peak 152.30M) | Time:00:00.03 | Mem:0.02M, Peak:0.02M | Scene, ViewLayer | Synchronizing object | Limestone paving.391
Fra:1 Mem:152.33M (Peak 152.33M) | Time:00:00.03 | Mem:0.02M, Peak:0.02M | Scene, ViewLayer | Synchronizing object | Limestone paving.392
Fra:1 Mem:152.38M (Peak 152.38M) | Time:00:00.03 | Mem:0.02M, Peak:0.02M | Scene, ViewLayer | Synchronizing object | Limestone paving.393
Fra:1 Mem:152.43M (Peak 152.43M) | Time:00:00.03 | Mem:0.02M, Peak:0.02M | Scene, ViewLayer | Synchronizing object | Limestone paving.395
Fra:1 Mem:152.46M (Peak 152.46M) | Time:00:00.03 | Mem:0.02M, Peak:0.02M | Scene, ViewLayer | Synchronizing object | Limestone paving.396
Fra:1 Mem:152.57M (Peak 152.57M) | Time:00:00.03 | Mem:0.02M, Peak:0.02M | Scene, ViewLayer | Synchronizing object | Limestone paving.398
Fra:1 Mem:152.69M (Peak 152.69M) | Time:00:00.03 | Mem:0.02M, Peak:0.02M | Scene, ViewLayer | Synchronizing object | Limestone paving.399
Fra:1 Mem:152.68M (Peak 152.69M) | Time:00:00.03 | Mem:0.02M, Peak:0.02M | Scene, ViewLayer | Synchronizing object | Limestone paving.400
Fra:1 Mem:152.83M (Peak 152.83M) | Time:00:00.03 | Mem:0.02M, Peak:0.02M | Scene, ViewLayer | Synchronizing object | Limestone paving.401
Fra:1 Mem:152.83M (Peak 152.83M) | Time:00:00.03 | Mem:0.02M, Peak:0.02M | Scene, ViewLayer | Synchronizing object | Limestone paving.405
Fra:1 Mem:152.92M (Peak 152.92M) | Time:00:00.03 | Mem:0.02M, Peak:0.02M | Scene, ViewLayer | Synchronizing object | Limestone paving.406
Fra:1 Mem:152.97M (Peak 152.97M) | Time:00:00.03 | Mem:0.02M, Peak:0.02M | Scene, ViewLayer | Synchronizing object | Limestone paving.407
Fra:1 Mem:153.06M (Peak 153.06M) | Time:00:00.03 | Mem:0.02M, Peak:0.02M | Scene, ViewLayer | Synchronizing object | Limestone paving.408
Fra:1 Mem:153.00M (Peak 153.06M) | Time:00:00.03 | Mem:0.02M, Peak:0.02M | Scene, ViewLayer | Synchronizing object | Limestone paving.410
Fra:1 Mem:152.99M (Peak 153.06M) | Time:00:00.03 | Mem:0.02M, Peak:0.02M | Scene, ViewLayer | Synchronizing object | Limestone paving.412
Fra:1 Mem:153.00M (Peak 153.06M) | Time:00:00.03 | Mem:0.02M, Peak:0.02M | Scene, ViewLayer | Synchronizing object | Limestone paving.414
Fra:1 Mem:153.06M (Peak 153.06M) | Time:00:00.03 | Mem:0.02M, Peak:0.02M | Scene, ViewLayer | Synchronizing object | Limestone paving.415
Fra:1 Mem:153.08M (Peak 153.08M) | Time:00:00.03 | Mem:0.02M, Peak:0.02M | Scene, ViewLayer | Synchronizing object | Limestone paving.416
Fra:1 Mem:153.11M (Peak 153.11M) | Time:00:00.03 | Mem:0.02M, Peak:0.02M | Scene, ViewLayer | Synchronizing object | Limestone paving.417
Fra:1 Mem:153.14M (Peak 153.14M) | Time:00:00.03 | Mem:0.02M, Peak:0.02M | Scene, ViewLayer | Synchronizing object | Limestone paving.419
Fra:1 Mem:153.26M (Peak 153.26M) | Time:00:00.03 | Mem:0.02M, Peak:0.02M | Scene, ViewLayer | Synchronizing object | Limestone paving.420
Fra:1 Mem:153.35M (Peak 153.35M) | Time:00:00.03 | Mem:0.02M, Peak:0.02M | Scene, ViewLayer | Synchronizing object | Limestone paving.421
Fra:1 Mem:153.23M (Peak 153.35M) | Time:00:00.03 | Mem:0.02M, Peak:0.02M | Scene, ViewLayer | Synchronizing object | North colonnade arch vault.002
Fra:1 Mem:153.29M (Peak 153.35M) | Time:00:00.03 | Mem:0.02M, Peak:0.02M | Scene, ViewLayer | Synchronizing object | Limestone paving.422
Fra:1 Mem:153.31M (Peak 153.35M) | Time:00:00.03 | Mem:0.02M, Peak:0.02M | Scene, ViewLayer | Synchronizing object | Limestone paving.424
Fra:1 Mem:153.35M (Peak 153.35M) | Time:00:00.03 | Mem:0.02M, Peak:0.02M | Scene, ViewLayer | Synchronizing object | Limestone paving.426
Fra:1 Mem:153.40M (Peak 153.40M) | Time:00:00.03 | Mem:0.02M, Peak:0.02M | Scene, ViewLayer | Synchronizing object | Limestone paving.429
Fra:1 Mem:153.38M (Peak 153.40M) | Time:00:00.03 | Mem:0.02M, Peak:0.02M | Scene, ViewLayer | Synchronizing object | Limestone paving.431
Fra:1 Mem:153.40M (Peak 153.40M) | Time:00:00.03 | Mem:0.02M, Peak:0.02M | Scene, ViewLayer | Synchronizing object | Limestone paving.432
Fra:1 Mem:153.46M (Peak 153.46M) | Time:00:00.03 | Mem:0.02M, Peak:0.02M | Scene, ViewLayer | Synchronizing object | Limestone paving.433
Fra:1 Mem:153.65M (Peak 153.65M) | Time:00:00.03 | Mem:0.02M, Peak:0.02M | Scene, ViewLayer | Synchronizing object | Limestone paving.434
Fra:1 Mem:153.70M (Peak 153.70M) | Time:00:00.03 | Mem:0.02M, Peak:0.02M | Scene, ViewLayer | Synchronizing object | Limestone paving.435
Fra:1 Mem:153.77M (Peak 153.77M) | Time:00:00.03 | Mem:0.02M, Peak:0.02M | Scene, ViewLayer | Synchronizing object | Limestone paving.436
Fra:1 Mem:153.91M (Peak 153.91M) | Time:00:00.03 | Mem:0.02M, Peak:0.02M | Scene, ViewLayer | Synchronizing object | Limestone paving.439
Fra:1 Mem:153.92M (Peak 153.92M) | Time:00:00.03 | Mem:0.02M, Peak:0.02M | Scene, ViewLayer | Synchronizing object | Limestone paving.440
Fra:1 Mem:153.94M (Peak 153.94M) | Time:00:00.03 | Mem:0.02M, Peak:0.02M | Scene, ViewLayer | Synchronizing object | Limestone paving.443
Fra:1 Mem:154.03M (Peak 154.04M) | Time:00:00.03 | Mem:0.02M, Peak:0.02M | Scene, ViewLayer | Synchronizing object | Limestone paving.444
Fra:1 Mem:154.06M (Peak 154.06M) | Time:00:00.03 | Mem:0.02M, Peak:0.02M | Scene, ViewLayer | Synchronizing object | Limestone paving.445
Fra:1 Mem:154.04M (Peak 154.06M) | Time:00:00.03 | Mem:0.02M, Peak:0.02M | Scene, ViewLayer | Synchronizing object | Limestone paving.446
Fra:1 Mem:154.10M (Peak 154.10M) | Time:00:00.03 | Mem:0.02M, Peak:0.02M | Scene, ViewLayer | Synchronizing object | Limestone paving.448
Fra:1 Mem:154.12M (Peak 154.12M) | Time:00:00.03 | Mem:0.02M, Peak:0.02M | Scene, ViewLayer | Synchronizing object | Limestone paving.451
Fra:1 Mem:154.12M (Peak 154.12M) | Time:00:00.03 | Mem:0.02M, Peak:0.02M | Scene, ViewLayer | Synchronizing object | Limestone paving.453
Fra:1 Mem:154.16M (Peak 154.16M) | Time:00:00.03 | Mem:0.02M, Peak:0.02M | Scene, ViewLayer | Synchronizing object | Limestone paving.454
Fra:1 Mem:154.14M (Peak 154.16M) | Time:00:00.03 | Mem:0.02M, Peak:0.02M | Scene, ViewLayer | Synchronizing object | Limestone paving.457
Fra:1 Mem:154.15M (Peak 154.16M) | Time:00:00.03 | Mem:0.02M, Peak:0.02M | Scene, ViewLayer | Synchronizing object | Limestone paving.459
Fra:1 Mem:154.26M (Peak 154.26M) | Time:00:00.03 | Mem:0.02M, Peak:0.02M | Scene, ViewLayer | Synchronizing object | Limestone paving.460
Fra:1 Mem:154.34M (Peak 154.34M) | Time:00:00.03 | Mem:0.02M, Peak:0.02M | Scene, ViewLayer | Synchronizing object | Limestone paving.461
Fra:1 Mem:154.35M (Peak 154.35M) | Time:00:00.03 | Mem:0.02M, Peak:0.02M | Scene, ViewLayer | Synchronizing object | Limestone paving.463
Fra:1 Mem:154.40M (Peak 154.40M) | Time:00:00.03 | Mem:0.02M, Peak:0.02M | Scene, ViewLayer | Synchronizing object | Limestone paving.464
Fra:1 Mem:154.57M (Peak 154.57M) | Time:00:00.03 | Mem:0.02M, Peak:0.02M | Scene, ViewLayer | Synchronizing object | Limestone paving.465
Fra:1 Mem:154.66M (Peak 154.66M) | Time:00:00.03 | Mem:0.02M, Peak:0.02M | Scene, ViewLayer | Synchronizing object | Limestone paving.466
Fra:1 Mem:154.73M (Peak 154.73M) | Time:00:00.03 | Mem:0.02M, Peak:0.02M | Scene, ViewLayer | Synchronizing object | Limestone paving.467
Fra:1 Mem:154.73M (Peak 154.73M) | Time:00:00.03 | Mem:0.02M, Peak:0.02M | Scene, ViewLayer | Synchronizing object | Limestone paving.470
Fra:1 Mem:154.70M (Peak 154.73M) | Time:00:00.03 | Mem:0.02M, Peak:0.02M | Scene, ViewLayer | Synchronizing object | Limestone paving.474
Fra:1 Mem:154.75M (Peak 154.75M) | Time:00:00.03 | Mem:0.02M, Peak:0.02M | Scene, ViewLayer | Synchronizing object | Limestone paving.473
Fra:1 Mem:154.87M (Peak 154.87M) | Time:00:00.03 | Mem:0.02M, Peak:0.02M | Scene, ViewLayer | Synchronizing object | Limestone paving.475
Fra:1 Mem:154.94M (Peak 154.94M) | Time:00:00.03 | Mem:0.02M, Peak:0.02M | Scene, ViewLayer | Synchronizing object | Limestone paving.476
Fra:1 Mem:154.96M (Peak 154.96M) | Time:00:00.03 | Mem:0.02M, Peak:0.02M | Scene, ViewLayer | Synchronizing object | Limestone paving.477
Fra:1 Mem:154.99M (Peak 154.99M) | Time:00:00.03 | Mem:0.02M, Peak:0.02M | Scene, ViewLayer | Synchronizing object | Limestone paving.479
Fra:1 Mem:155.05M (Peak 155.05M) | Time:00:00.03 | Mem:0.02M, Peak:0.02M | Scene, ViewLayer | Synchronizing object | Limestone paving.481
Fra:1 Mem:155.21M (Peak 155.21M) | Time:00:00.03 | Mem:0.02M, Peak:0.02M | Scene, ViewLayer | Synchronizing object | Limestone paving.482
Fra:1 Mem:155.11M (Peak 155.21M) | Time:00:00.03 | Mem:0.02M, Peak:0.02M | Scene, ViewLayer | Synchronizing object | Limestone paving.483
Fra:1 Mem:155.09M (Peak 155.21M) | Time:00:00.03 | Mem:0.02M, Peak:0.02M | Scene, ViewLayer | Synchronizing object | Limestone paving.486
Fra:1 Mem:155.11M (Peak 155.21M) | Time:00:00.03 | Mem:0.02M, Peak:0.02M | Scene, ViewLayer | Synchronizing object | Limestone paving.489
Fra:1 Mem:155.19M (Peak 155.21M) | Time:00:00.03 | Mem:0.02M, Peak:0.02M | Scene, ViewLayer | Synchronizing object | Pool bed
Fra:1 Mem:155.27M (Peak 155.27M) | Time:00:00.03 | Mem:0.02M, Peak:0.02M | Scene, ViewLayer | Synchronizing object | Pool side
Fra:1 Mem:155.28M (Peak 155.28M) | Time:00:00.03 | Mem:0.02M, Peak:0.02M | Scene, ViewLayer | Synchronizing object | Pool side.001
Fra:1 Mem:155.33M (Peak 155.33M) | Time:00:00.03 | Mem:0.02M, Peak:0.02M | Scene, ViewLayer | Synchronizing object | Reflecting water
Fra:1 Mem:155.39M (Peak 155.39M) | Time:00:00.03 | Mem:0.02M, Peak:0.02M | Scene, ViewLayer | Synchronizing object | North colonnade pier
Fra:1 Mem:155.36M (Peak 155.39M) | Time:00:00.03 | Mem:0.02M, Peak:0.02M | Scene, ViewLayer | Synchronizing object | North colonnade pier.001
Fra:1 Mem:155.40M (Peak 155.40M) | Time:00:00.03 | Mem:0.02M, Peak:0.02M | Scene, ViewLayer | Synchronizing object | North colonnade stone base.002
Fra:1 Mem:155.44M (Peak 155.44M) | Time:00:00.03 | Mem:0.02M, Peak:0.02M | Scene, ViewLayer | Synchronizing object | North colonnade pier.003
Fra:1 Mem:155.60M (Peak 155.60M) | Time:00:00.03 | Mem:0.02M, Peak:0.02M | Scene, ViewLayer | Synchronizing object | North colonnade cornice.001
Fra:1 Mem:155.67M (Peak 155.67M) | Time:00:00.03 | Mem:0.02M, Peak:0.02M | Scene, ViewLayer | Synchronizing object | North colonnade stone base.004
Fra:1 Mem:155.69M (Peak 155.69M) | Time:00:00.03 | Mem:0.02M, Peak:0.02M | Scene, ViewLayer | Synchronizing object | North colonnade pier.005
Fra:1 Mem:155.76M (Peak 155.76M) | Time:00:00.03 | Mem:0.02M, Peak:0.02M | Scene, ViewLayer | Synchronizing object | North colonnade stone base.005
Fra:1 Mem:155.67M (Peak 155.76M) | Time:00:00.03 | Mem:0.02M, Peak:0.02M | Scene, ViewLayer | Synchronizing object | North colonnade cornice.002
Fra:1 Mem:155.70M (Peak 155.76M) | Time:00:00.03 | Mem:0.02M, Peak:0.02M | Scene, ViewLayer | Synchronizing object | North colonnade pier.006
Fra:1 Mem:155.81M (Peak 155.81M) | Time:00:00.03 | Mem:0.02M, Peak:0.02M | Scene, ViewLayer | Synchronizing object | North colonnade cornice.003
Fra:1 Mem:155.81M (Peak 155.81M) | Time:00:00.03 | Mem:0.02M, Peak:0.02M | Scene, ViewLayer | Synchronizing object | North colonnade stone base.008
Fra:1 Mem:155.86M (Peak 155.86M) | Time:00:00.03 | Mem:0.02M, Peak:0.02M | Scene, ViewLayer | Synchronizing object | North colonnade pier.009
Fra:1 Mem:155.89M (Peak 155.89M) | Time:00:00.03 | Mem:0.02M, Peak:0.02M | Scene, ViewLayer | Synchronizing object | North colonnade stone base.009
Fra:1 Mem:156.10M (Peak 156.10M) | Time:00:00.03 | Mem:0.02M, Peak:0.02M | Scene, ViewLayer | Synchronizing object | North colonnade pier.010
Fra:1 Mem:155.95M (Peak 156.10M) | Time:00:00.03 | Mem:0.02M, Peak:0.02M | Scene, ViewLayer | Synchronizing object | Continuous stair soffit.003
Fra:1 Mem:155.97M (Peak 156.10M) | Time:00:00.03 | Mem:0.02M, Peak:0.02M | Scene, ViewLayer | Synchronizing object | North colonnade pier.011
Fra:1 Mem:156.15M (Peak 156.15M) | Time:00:00.03 | Mem:0.02M, Peak:0.02M | Scene, ViewLayer | Synchronizing object | North colonnade stone base.011
Fra:1 Mem:156.20M (Peak 156.20M) | Time:00:00.03 | Mem:0.02M, Peak:0.02M | Scene, ViewLayer | Synchronizing object | North colonnade cornice.005
Fra:1 Mem:156.22M (Peak 156.22M) | Time:00:00.03 | Mem:0.02M, Peak:0.02M | Scene, ViewLayer | Synchronizing object | West colonnade stone base
Fra:1 Mem:156.26M (Peak 156.26M) | Time:00:00.03 | Mem:0.02M, Peak:0.02M | Scene, ViewLayer | Synchronizing object | West colonnade pier.001
Fra:1 Mem:156.29M (Peak 156.29M) | Time:00:00.03 | Mem:0.02M, Peak:0.02M | Scene, ViewLayer | Synchronizing object | West colonnade stone base.001
Fra:1 Mem:156.35M (Peak 156.35M) | Time:00:00.03 | Mem:0.02M, Peak:0.02M | Scene, ViewLayer | Synchronizing object | West colonnade cornice
Fra:1 Mem:156.38M (Peak 156.38M) | Time:00:00.03 | Mem:0.02M, Peak:0.02M | Scene, ViewLayer | Synchronizing object | West colonnade stone base.002
Fra:1 Mem:156.40M (Peak 156.40M) | Time:00:00.03 | Mem:0.02M, Peak:0.02M | Scene, ViewLayer | Synchronizing object | West colonnade pier.003
Fra:1 Mem:156.50M (Peak 156.50M) | Time:00:00.03 | Mem:0.02M, Peak:0.02M | Scene, ViewLayer | Synchronizing object | West colonnade cornice.001
Fra:1 Mem:156.42M (Peak 156.50M) | Time:00:00.03 | Mem:0.02M, Peak:0.02M | Scene, ViewLayer | Synchronizing object | Continuous stair soffit.002
Fra:1 Mem:156.41M (Peak 156.50M) | Time:00:00.03 | Mem:0.02M, Peak:0.02M | Scene, ViewLayer | Synchronizing object | West colonnade pier.005
Fra:1 Mem:156.53M (Peak 156.53M) | Time:00:00.03 | Mem:0.02M, Peak:0.02M | Scene, ViewLayer | Synchronizing object | West colonnade stone base.005
Fra:1 Mem:156.49M (Peak 156.53M) | Time:00:00.03 | Mem:0.02M, Peak:0.02M | Scene, ViewLayer | Synchronizing object | West colonnade cornice.002
Fra:1 Mem:156.48M (Peak 156.53M) | Time:00:00.03 | Mem:0.02M, Peak:0.02M | Scene, ViewLayer | Synchronizing object | Continuous stair soffit.001
Fra:1 Mem:156.56M (Peak 156.56M) | Time:00:00.03 | Mem:0.02M, Peak:0.02M | Scene, ViewLayer | Synchronizing object | West colonnade pier.007
Fra:1 Mem:156.54M (Peak 156.56M) | Time:00:00.03 | Mem:0.02M, Peak:0.02M | Scene, ViewLayer | Synchronizing object | West colonnade stone base.007
Fra:1 Mem:156.62M (Peak 156.62M) | Time:00:00.03 | Mem:0.02M, Peak:0.02M | Scene, ViewLayer | Synchronizing object | West colonnade cornice.003
Fra:1 Mem:156.64M (Peak 156.64M) | Time:00:00.03 | Mem:0.02M, Peak:0.02M | Scene, ViewLayer | Synchronizing object | Continuous stair soffit
Fra:1 Mem:156.67M (Peak 156.67M) | Time:00:00.03 | Mem:0.02M, Peak:0.02M | Scene, ViewLayer | Synchronizing object | West colonnade stone base.009
Fra:1 Mem:156.74M (Peak 156.74M) | Time:00:00.03 | Mem:0.02M, Peak:0.02M | Scene, ViewLayer | Synchronizing object | West colonnade cornice.004
Fra:1 Mem:156.75M (Peak 156.75M) | Time:00:00.03 | Mem:0.02M, Peak:0.02M | Scene, ViewLayer | Synchronizing object | North inner wall
Fra:1 Mem:156.80M (Peak 156.80M) | Time:00:00.03 | Mem:0.02M, Peak:0.02M | Scene, ViewLayer | Synchronizing object | West inner wall
Fra:1 Mem:156.80M (Peak 156.80M) | Time:00:00.03 | Mem:0.02M, Peak:0.02M | Scene, ViewLayer | Synchronizing object | North portico ceiling
Fra:1 Mem:156.85M (Peak 156.85M) | Time:00:00.03 | Mem:0.02M, Peak:0.02M | Scene, ViewLayer | Synchronizing object | Glass door
Fra:1 Mem:156.91M (Peak 156.91M) | Time:00:00.03 | Mem:0.02M, Peak:0.02M | Scene, ViewLayer | Synchronizing object | Door bronze mullion
Fra:1 Mem:156.96M (Peak 156.96M) | Time:00:00.03 | Mem:0.02M, Peak:0.02M | Scene, ViewLayer | Synchronizing object | Door bronze mullion.002
Fra:1 Mem:156.98M (Peak 156.98M) | Time:00:00.03 | Mem:0.02M, Peak:0.02M | Scene, ViewLayer | Synchronizing object | Door bronze transom
Fra:1 Mem:156.97M (Peak 156.98M) | Time:00:00.03 | Mem:0.02M, Peak:0.02M | Scene, ViewLayer | Synchronizing object | Door bronze transom.001
Fra:1 Mem:157.01M (Peak 157.01M) | Time:00:00.03 | Mem:0.02M, Peak:0.02M | Scene, ViewLayer | Synchronizing object | Glass door.001
Fra:1 Mem:157.12M (Peak 157.12M) | Time:00:00.03 | Mem:0.02M, Peak:0.02M | Scene, ViewLayer | Synchronizing object | Door bronze mullion.003
Fra:1 Mem:157.16M (Peak 157.16M) | Time:00:00.03 | Mem:0.02M, Peak:0.02M | Scene, ViewLayer | Synchronizing object | Door bronze mullion.005
Fra:1 Mem:157.16M (Peak 157.16M) | Time:00:00.03 | Mem:0.02M, Peak:0.02M | Scene, ViewLayer | Synchronizing object | Door bronze transom.003
Fra:1 Mem:157.23M (Peak 157.23M) | Time:00:00.03 | Mem:0.02M, Peak:0.02M | Scene, ViewLayer | Synchronizing object | Glass door.002
Fra:1 Mem:157.25M (Peak 157.25M) | Time:00:00.03 | Mem:0.02M, Peak:0.02M | Scene, ViewLayer | Synchronizing object | Door bronze mullion.006
Fra:1 Mem:157.29M (Peak 157.29M) | Time:00:00.03 | Mem:0.02M, Peak:0.02M | Scene, ViewLayer | Synchronizing object | Door bronze mullion.008
Fra:1 Mem:157.30M (Peak 157.30M) | Time:00:00.03 | Mem:0.02M, Peak:0.02M | Scene, ViewLayer | Synchronizing object | Door bronze transom.004
Fra:1 Mem:157.31M (Peak 157.31M) | Time:00:00.03 | Mem:0.02M, Peak:0.02M | Scene, ViewLayer | Synchronizing object | Glass door.003
Fra:1 Mem:157.33M (Peak 157.33M) | Time:00:00.03 | Mem:0.02M, Peak:0.02M | Scene, ViewLayer | Synchronizing object | Door bronze mullion.009
Fra:1 Mem:157.37M (Peak 157.37M) | Time:00:00.03 | Mem:0.02M, Peak:0.02M | Scene, ViewLayer | Synchronizing object | Door bronze mullion.010
Fra:1 Mem:157.43M (Peak 157.43M) | Time:00:00.03 | Mem:0.02M, Peak:0.02M | Scene, ViewLayer | Synchronizing object | Door bronze mullion.011
Fra:1 Mem:157.43M (Peak 157.43M) | Time:00:00.03 | Mem:0.02M, Peak:0.02M | Scene, ViewLayer | Synchronizing object | Door bronze transom.006
Fra:1 Mem:157.46M (Peak 157.46M) | Time:00:00.03 | Mem:0.02M, Peak:0.02M | Scene, ViewLayer | Synchronizing object | Honed stone bench
Fra:1 Mem:157.45M (Peak 157.46M) | Time:00:00.03 | Mem:0.02M, Peak:0.02M | Scene, ViewLayer | Synchronizing object | Bench pedestal
Fra:1 Mem:157.45M (Peak 157.46M) | Time:00:00.03 | Mem:0.02M, Peak:0.02M | Scene, ViewLayer | Synchronizing object | Bench pedestal.002
Fra:1 Mem:157.52M (Peak 157.52M) | Time:00:00.03 | Mem:0.02M, Peak:0.02M | Scene, ViewLayer | Synchronizing object | Bench pedestal.003
Fra:1 Mem:157.60M (Peak 157.60M) | Time:00:00.03 | Mem:0.02M, Peak:0.02M | Scene, ViewLayer | Synchronizing object | potted_plant_01_stem
Fra:1 Mem:157.62M (Peak 157.62M) | Time:00:00.03 | Mem:0.02M, Peak:0.02M | Scene, ViewLayer | Synchronizing object | potted_plant_01_pot
Fra:1 Mem:178.71M (Peak 181.15M) | Time:00:00.04 | Mem:0.02M, Peak:0.02M | Scene, ViewLayer | Initializing
Fra:1 Mem:154.06M (Peak 181.15M) | Time:00:00.04 | Mem:0.02M, Peak:0.02M | Scene, ViewLayer | Updating Images | Loading potted_plant_01_leaves_nor_gl.png
Fra:1 Mem:154.06M (Peak 181.15M) | Time:00:00.04 | Mem:0.02M, Peak:0.02M | Scene, ViewLayer | Updating Images | Loading marble_01_diff_2k.jpg
Fra:1 Mem:154.06M (Peak 181.15M) | Time:00:00.04 | Mem:0.02M, Peak:0.02M | Scene, ViewLayer | Updating Images | Loading marble_01_rough_2k.jpg
Fra:1 Mem:186.07M (Peak 186.07M) | Time:00:00.04 | Mem:0.02M, Peak:0.02M | Scene, ViewLayer | Updating Images | Loading potted_plant_01_pot_rough
Fra:1 Mem:202.07M (Peak 202.07M) | Time:00:00.04 | Mem:0.02M, Peak:0.02M | Scene, ViewLayer | Updating Images | Loading potted_plant_01_leaves_rough.png
Fra:1 Mem:372.62M (Peak 474.15M) | Time:00:00.08 | Mem:240.02M, Peak:240.02M | Scene, ViewLayer | Waiting for render to start
Fra:1 Mem:372.62M (Peak 474.15M) | Time:00:00.08 | Mem:240.02M, Peak:240.02M | Scene, ViewLayer | Updating Scene
Fra:1 Mem:372.62M (Peak 474.15M) | Time:00:00.08 | Mem:240.02M, Peak:240.02M | Scene, ViewLayer | Updating Shaders
Fra:1 Mem:372.71M (Peak 474.15M) | Time:00:00.08 | Mem:240.02M, Peak:240.02M | Scene, ViewLayer | Loading render kernels (may take a few minutes the first time)
Fra:1 Mem:372.70M (Peak 474.15M) | Time:00:00.13 | Mem:240.03M, Peak:240.03M | Scene, ViewLayer | Updating Procedurals
Fra:1 Mem:372.70M (Peak 474.15M) | Time:00:00.13 | Mem:240.03M, Peak:240.03M | Scene, ViewLayer | Updating Background
Fra:1 Mem:372.70M (Peak 474.15M) | Time:00:00.13 | Mem:240.03M, Peak:240.03M | Scene, ViewLayer | Updating Camera
Fra:1 Mem:372.70M (Peak 474.15M) | Time:00:00.13 | Mem:240.03M, Peak:240.03M | Scene, ViewLayer | Updating Meshes Flags
Fra:1 Mem:372.70M (Peak 474.15M) | Time:00:00.13 | Mem:240.03M, Peak:240.03M | Scene, ViewLayer | Updating Objects
Fra:1 Mem:372.70M (Peak 474.15M) | Time:00:00.13 | Mem:240.03M, Peak:240.03M | Scene, ViewLayer | Updating Objects | Copying Transformations to device
Fra:1 Mem:372.70M (Peak 474.15M) | Time:00:00.13 | Mem:240.24M, Peak:240.24M | Scene, ViewLayer | Updating Particle Systems
Fra:1 Mem:372.70M (Peak 474.15M) | Time:00:00.13 | Mem:240.24M, Peak:240.24M | Scene, ViewLayer | Updating Particle Systems | Copying Particles to device
Fra:1 Mem:372.70M (Peak 474.15M) | Time:00:00.13 | Mem:240.24M, Peak:240.24M | Scene, ViewLayer | Updating Meshes
Fra:1 Mem:382.79M (Peak 474.15M) | Time:00:00.17 | Mem:240.24M, Peak:240.24M | Scene, ViewLayer | Updating Objects | Applying Static Transformations
Fra:1 Mem:382.79M (Peak 474.15M) | Time:00:00.17 | Mem:240.24M, Peak:240.24M | Scene, ViewLayer | Updating Mesh | Computing attributes
Fra:1 Mem:399.88M (Peak 474.15M) | Time:00:00.17 | Mem:240.30M, Peak:240.30M | Scene, ViewLayer | Updating Mesh | Copying Attributes to device
Fra:1 Mem:382.79M (Peak 474.15M) | Time:00:00.22 | Mem:257.33M, Peak:257.33M | Scene, ViewLayer | Updating Geometry BVH Cube.001 2/157 | Building BVH
Fra:1 Mem:382.79M (Peak 474.15M) | Time:00:00.22 | Mem:257.33M, Peak:257.33M | Scene, ViewLayer | Updating Geometry BVH Cube.005 6/599 | Building BVH
Fra:1 Mem:382.79M (Peak 474.15M) | Time:00:00.22 | Mem:257.33M, Peak:257.33M | Scene, ViewLayer | Updating Geometry BVH light 809/808 | Building BVH
Fra:1 Mem:382.79M (Peak 474.15M) | Time:00:00.22 | Mem:257.33M, Peak:257.33M | Scene, ViewLayer | Updating Geometry BVH Cube.012 13/808 | Building BVH
Fra:1 Mem:382.79M (Peak 474.15M) | Time:00:00.22 | Mem:257.33M, Peak:257.33M | Scene, ViewLayer | Updating Geometry BVH Cube.016 17/808 | Building BVH
Fra:1 Mem:382.79M (Peak 474.15M) | Time:00:00.22 | Mem:257.33M, Peak:257.33M | Scene, ViewLayer | Updating Geometry BVH Cube.016 17/808 | Building mesh BLAS |     188 tris | Cube.012
Fra:1 Mem:382.79M (Peak 474.15M) | Time:00:00.22 | Mem:257.33M, Peak:257.33M | Scene, ViewLayer | Updating Geometry BVH Cube.016 17/808 | Building mesh BLAS |     188 tris | Cube.006
Fra:1 Mem:382.79M (Peak 474.15M) | Time:00:00.22 | Mem:257.33M, Peak:257.33M | Scene, ViewLayer | Updating Geometry BVH Cube.016 17/808 | Building mesh BLAS |     188 tris | Cube.009
Fra:1 Mem:382.79M (Peak 474.15M) | Time:00:00.22 | Mem:257.33M, Peak:257.33M | Scene, ViewLayer | Updating Geometry BVH Cube.016 17/808 | Building mesh BLAS |     188 tris | Cube.002
Fra:1 Mem:382.79M (Peak 474.15M) | Time:00:00.22 | Mem:257.33M, Peak:257.33M | Scene, ViewLayer | Updating Geometry BVH Cube.016 17/808 | Building mesh BLAS |     188 tris | Cube.007
Fra:1 Mem:382.79M (Peak 474.15M) | Time:00:00.22 | Mem:257.33M, Peak:257.33M | Scene, ViewLayer | Updating Geometry BVH Cube.017 18/808 | Building BVH
Fra:1 Mem:382.79M (Peak 474.15M) | Time:00:00.22 | Mem:257.33M, Peak:257.33M | Scene, ViewLayer | Updating Geometry BVH Warm portico uplight.004 807/808 | Building BVH
Fra:1 Mem:382.79M (Peak 474.15M) | Time:00:00.22 | Mem:257.33M, Peak:257.33M | Scene, ViewLayer | Updating Geometry BVH Warm portico uplight.003 806/808 | Building BVH
Fra:1 Mem:382.79M (Peak 474.15M) | Time:00:00.22 | Mem:257.33M, Peak:257.33M | Scene, ViewLayer | Updating Geometry BVH Warm portico uplight.002 805/808 | Building BVH
Fra:1 Mem:382.79M (Peak 474.15M) | Time:00:00.22 | Mem:257.33M, Peak:257.33M | Scene, ViewLayer | Updating Geometry BVH Warm portico uplight.001 804/808 | Building BVH
Fra:1 Mem:382.79M (Peak 474.15M) | Time:00:00.22 | Mem:257.33M, Peak:257.33M | Scene, ViewLayer | Updating Geometry BVH Warm portico uplight 803/808 | Building BVH
Fra:1 Mem:382.79M (Peak 474.15M) | Time:00:00.22 | Mem:257.33M, Peak:257.33M | Scene, ViewLayer | Updating Geometry BVH West colonnade arch vault.004 802/808 | Building BVH
Fra:1 Mem:382.79M (Peak 474.15M) | Time:00:00.22 | Mem:257.33M, Peak:257.33M | Scene, ViewLayer | Updating Geometry BVH West colonnade arch vault.004 802/808 | Building mesh BLAS |    1436 tris | West colonnade arch vault.004
Fra:1 Mem:382.79M (Peak 474.15M) | Time:00:00.22 | Mem:257.33M, Peak:257.33M | Scene, ViewLayer | Updating Geometry BVH West colonnade arch vault.004 802/808 | Building mesh BLAS |     188 tris | Cube.003
Fra:1 Mem:382.79M (Peak 474.15M) | Time:00:00.22 | Mem:257.33M, Peak:257.33M | Scene, ViewLayer | Updating Geometry BVH West colonnade arch vault.004 802/808 | Building mesh BLAS |     188 tris | Cube.013
Fra:1 Mem:382.79M (Peak 474.15M) | Time:00:00.22 | Mem:257.33M, Peak:257.33M | Scene, ViewLayer | Updating Geometry BVH West colonnade arch vault.004 802/808 | Building mesh BLAS |     188 tris | Cube.016
Fra:1 Mem:382.79M (Peak 474.15M) | Time:00:00.22 | Mem:257.33M, Peak:257.33M | Scene, ViewLayer | Updating Geometry BVH West colonnade arch vault.004 802/808 | Building mesh BLAS |     188 tris | Cube.015
Fra:1 Mem:382.79M (Peak 474.15M) | Time:00:00.22 | Mem:257.33M, Peak:257.33M | Scene, ViewLayer | Updating Geometry BVH West colonnade arch vault.004 802/808 | Building mesh BLAS |     188 tris | Cube.008
Fra:1 Mem:382.79M (Peak 474.15M) | Time:00:00.22 | Mem:257.33M, Peak:257.33M | Scene, ViewLayer | Updating Geometry BVH West colonnade arch vault.004 802/808 | Building mesh BLAS |     188 tris | Cube.017
Fra:1 Mem:382.79M (Peak 474.15M) | Time:00:00.22 | Mem:257.33M, Peak:257.33M | Scene, ViewLayer | Updating Geometry BVH West colonnade arch vault.004 802/808 | Building mesh BLAS |     188 tris | Cube.014
Fra:1 Mem:382.79M (Peak 474.15M) | Time:00:00.22 | Mem:257.33M, Peak:257.33M | Scene, ViewLayer | Updating Geometry BVH West colonnade arch vault.004 802/808 | Building mesh BLAS |     188 tris | Cube.004
Fra:1 Mem:382.79M (Peak 474.15M) | Time:00:00.22 | Mem:257.33M, Peak:257.33M | Scene, ViewLayer | Updating Geometry BVH West colonnade arch vault.003 801/808 | Building BVH
Fra:1 Mem:382.79M (Peak 474.15M) | Time:00:00.22 | Mem:257.33M, Peak:257.33M | Scene, ViewLayer | Updating Geometry BVH Cube.019 20/808 | Building BVH
Fra:1 Mem:382.79M (Peak 474.15M) | Time:00:00.22 | Mem:257.33M, Peak:257.33M | Scene, ViewLayer | Updating Geometry BVH Cube.021 22/808 | Building BVH
Fra:1 Mem:382.79M (Peak 474.15M) | Time:00:00.22 | Mem:257.33M, Peak:257.33M | Scene, ViewLayer | Updating Geometry BVH Cube.022 23/808 | Building mesh BLAS |     188 tris | Cube.019
Fra:1 Mem:382.79M (Peak 474.15M) | Time:00:00.22 | Mem:257.33M, Peak:257.33M | Scene, ViewLayer | Updating Geometry BVH Cube.022 23/808 | Building mesh BLAS |    1436 tris | West colonnade arch vault.003
Fra:1 Mem:382.79M (Peak 474.15M) | Time:00:00.22 | Mem:257.33M, Peak:257.33M | Scene, ViewLayer | Updating Geometry BVH Cube.022 23/808 | Building mesh BLAS |     188 tris | Cube.021
Fra:1 Mem:382.79M (Peak 474.15M) | Time:00:00.22 | Mem:257.33M, Peak:257.33M | Scene, ViewLayer | Updating Geometry BVH Cube.026 27/808 | Building BVH
Fra:1 Mem:382.79M (Peak 474.15M) | Time:00:00.22 | Mem:257.33M, Peak:257.33M | Scene, ViewLayer | Updating Geometry BVH Cube.032 33/808 | Building BVH
Fra:1 Mem:382.79M (Peak 474.15M) | Time:00:00.22 | Mem:257.33M, Peak:257.33M | Scene, ViewLayer | Updating Geometry BVH Cube.034 35/808 | Building BVH
Fra:1 Mem:382.79M (Peak 474.15M) | Time:00:00.22 | Mem:257.33M, Peak:257.33M | Scene, ViewLayer | Updating Geometry BVH Cube.035 36/808 | Building BVH
Fra:1 Mem:382.79M (Peak 474.15M) | Time:00:00.22 | Mem:257.33M, Peak:257.33M | Scene, ViewLayer | Updating Geometry BVH Cube.035 36/808 | Building mesh BLAS |     188 tris | Cube.034
Fra:1 Mem:382.79M (Peak 474.15M) | Time:00:00.22 | Mem:257.33M, Peak:257.33M | Scene, ViewLayer | Updating Geometry BVH Cube.035 36/808 | Building mesh BLAS |     188 tris | Cube.035
Fra:1 Mem:382.79M (Peak 474.15M) | Time:00:00.22 | Mem:257.33M, Peak:257.33M | Scene, ViewLayer | Updating Geometry BVH Cube.035 36/808 | Building mesh BLAS |     188 tris | Cube.024
Fra:1 Mem:382.79M (Peak 474.15M) | Time:00:00.22 | Mem:257.33M, Peak:257.33M | Scene, ViewLayer | Updating Geometry BVH Cube.035 36/808 | Building mesh BLAS |     188 tris | Cube.025
Fra:1 Mem:382.79M (Peak 474.15M) | Time:00:00.22 | Mem:257.33M, Peak:257.33M | Scene, ViewLayer | Updating Geometry BVH Cube.035 36/808 | Building mesh BLAS |     188 tris | Cube.028
Fra:1 Mem:382.79M (Peak 474.15M) | Time:00:00.22 | Mem:257.33M, Peak:257.33M | Scene, ViewLayer | Updating Geometry BVH Cube.035 36/808 | Building mesh BLAS |     188 tris | Cube.029
Fra:1 Mem:382.79M (Peak 474.15M) | Time:00:00.22 | Mem:257.33M, Peak:257.33M | Scene, ViewLayer | Updating Geometry BVH Cube.036 37/808 | Building mesh BLAS |     188 tris | Cube.031
Fra:1 Mem:382.79M (Peak 474.15M) | Time:00:00.22 | Mem:257.33M, Peak:257.33M | Scene, ViewLayer | Updating Geometry BVH Cube.037 38/808 | Building BVH
Fra:1 Mem:382.79M (Peak 474.15M) | Time:00:00.22 | Mem:257.33M, Peak:257.33M | Scene, ViewLayer | Updating Geometry BVH Cube.037 38/808 | Building mesh BLAS |     188 tris | Cube.037
Fra:1 Mem:382.79M (Peak 474.15M) | Time:00:00.22 | Mem:257.33M, Peak:257.33M | Scene, ViewLayer | Updating Geometry BVH Cube.038 39/808 | Building BVH
Fra:1 Mem:382.79M (Peak 474.15M) | Time:00:00.23 | Mem:257.33M, Peak:257.33M | Scene, ViewLayer | Updating Geometry BVH Cube.039 40/808 | Building mesh BLAS |     188 tris | Cube.038
Fra:1 Mem:382.79M (Peak 474.15M) | Time:00:00.23 | Mem:257.33M, Peak:257.33M | Scene, ViewLayer | Updating Geometry BVH Cube.040 41/808 | Building mesh BLAS |     188 tris | Cube.033
Fra:1 Mem:382.79M (Peak 474.15M) | Time:00:00.23 | Mem:257.33M, Peak:257.33M | Scene, ViewLayer | Updating Geometry BVH Cube.041 42/808 | Building BVH
Fra:1 Mem:382.79M (Peak 474.15M) | Time:00:00.23 | Mem:257.33M, Peak:257.33M | Scene, ViewLayer | Updating Geometry BVH Cube.041 42/808 | Building mesh BLAS |     188 tris | Cube.027
Fra:1 Mem:382.79M (Peak 474.15M) | Time:00:00.23 | Mem:257.33M, Peak:257.33M | Scene, ViewLayer | Updating Geometry BVH Cube.041 42/808 | Building mesh BLAS |     188 tris | Cube.030
Fra:1 Mem:382.79M (Peak 474.15M) | Time:00:00.23 | Mem:257.33M, Peak:257.33M | Scene, ViewLayer | Updating Geometry BVH Cube.041 42/808 | Building mesh BLAS |     188 tris | Cube.039
Fra:1 Mem:382.79M (Peak 474.15M) | Time:00:00.23 | Mem:257.33M, Peak:257.33M | Scene, ViewLayer | Updating Geometry BVH Cube.041 42/808 | Building mesh BLAS |     188 tris | Cube.040
Fra:1 Mem:382.79M (Peak 474.15M) | Time:00:00.23 | Mem:257.33M, Peak:257.33M | Scene, ViewLayer | Updating Geometry BVH Cube.042 43/808 | Building BVH
Fra:1 Mem:382.79M (Peak 474.15M) | Time:00:00.23 | Mem:257.33M, Peak:257.33M | Scene, ViewLayer | Updating Geometry BVH Cube.043 44/808 | Building BVH
Fra:1 Mem:382.79M (Peak 474.15M) | Time:00:00.23 | Mem:257.33M, Peak:257.33M | Scene, ViewLayer | Updating Geometry BVH Cube.043 44/808 | Building mesh BLAS |     188 tris | Cube.043
Fra:1 Mem:382.79M (Peak 474.15M) | Time:00:00.23 | Mem:257.33M, Peak:257.33M | Scene, ViewLayer | Updating Geometry BVH Cube.043 44/808 | Building mesh BLAS |     188 tris | Cube.042
Fra:1 Mem:382.79M (Peak 474.15M) | Time:00:00.23 | Mem:257.33M, Peak:257.33M | Scene, ViewLayer | Updating Geometry BVH Cube.044 45/808 | Building BVH
Fra:1 Mem:382.79M (Peak 474.15M) | Time:00:00.23 | Mem:257.33M, Peak:257.33M | Scene, ViewLayer | Updating Geometry BVH Cube.045 46/808 | Building BVH
Fra:1 Mem:382.79M (Peak 474.15M) | Time:00:00.23 | Mem:257.33M, Peak:257.33M | Scene, ViewLayer | Updating Geometry BVH Cube.045 46/808 | Building mesh BLAS |     188 tris | Cube.044
Fra:1 Mem:382.79M (Peak 474.15M) | Time:00:00.23 | Mem:257.33M, Peak:257.33M | Scene, ViewLayer | Updating Geometry BVH Cube.045 46/808 | Building mesh BLAS |     188 tris | Cube.045
Fra:1 Mem:382.79M (Peak 474.15M) | Time:00:00.23 | Mem:257.33M, Peak:257.33M | Scene, ViewLayer | Updating Geometry BVH Cube.046 47/808 | Building BVH
Fra:1 Mem:382.79M (Peak 474.15M) | Time:00:00.23 | Mem:257.33M, Peak:257.33M | Scene, ViewLayer | Updating Geometry BVH Cube.047 48/808 | Building BVH
Fra:1 Mem:382.79M (Peak 474.15M) | Time:00:00.23 | Mem:257.33M, Peak:257.33M | Scene, ViewLayer | Updating Geometry BVH Cube.047 48/808 | Building mesh BLAS |     188 tris | Cube.046
Fra:1 Mem:382.79M (Peak 474.15M) | Time:00:00.23 | Mem:257.33M, Peak:257.33M | Scene, ViewLayer | Updating Geometry BVH Cube.047 48/808 | Building mesh BLAS |     188 tris | Cube.047
Fra:1 Mem:382.79M (Peak 474.15M) | Time:00:00.23 | Mem:257.33M, Peak:257.33M | Scene, ViewLayer | Updating Geometry BVH West colonnade arch vault.002 800/808 | Building BVH
Fra:1 Mem:382.79M (Peak 474.15M) | Time:00:00.23 | Mem:257.33M, Peak:257.33M | Scene, ViewLayer | Updating Geometry BVH Cube.048 49/808 | Building BVH
Fra:1 Mem:382.79M (Peak 474.15M) | Time:00:00.23 | Mem:257.33M, Peak:257.33M | Scene, ViewLayer | Updating Geometry BVH Cube.048 49/808 | Building mesh BLAS |     188 tris | Cube.048
Fra:1 Mem:382.79M (Peak 474.15M) | Time:00:00.23 | Mem:257.33M, Peak:257.33M | Scene, ViewLayer | Updating Geometry BVH Cube.048 49/808 | Building mesh BLAS |    1436 tris | West colonnade arch vault.002
Fra:1 Mem:382.79M (Peak 474.15M) | Time:00:00.23 | Mem:257.33M, Peak:257.33M | Scene, ViewLayer | Updating Geometry BVH Cube.049 50/808 | Building BVH
Fra:1 Mem:382.79M (Peak 474.15M) | Time:00:00.23 | Mem:257.33M, Peak:257.33M | Scene, ViewLayer | Updating Geometry BVH Cube.049 50/808 | Building mesh BLAS |     188 tris | Cube.049
Fra:1 Mem:382.79M (Peak 474.15M) | Time:00:00.23 | Mem:257.33M, Peak:257.33M | Scene, ViewLayer | Updating Geometry BVH Cube.050 51/808 | Building BVH
Fra:1 Mem:382.79M (Peak 474.15M) | Time:00:00.23 | Mem:257.33M, Peak:257.33M | Scene, ViewLayer | Updating Geometry BVH Cube.050 51/808 | Building mesh BLAS |     188 tris | Cube.050
Fra:1 Mem:382.79M (Peak 474.15M) | Time:00:00.23 | Mem:257.33M, Peak:257.33M | Scene, ViewLayer | Updating Geometry BVH Cube.051 52/808 | Building BVH
Fra:1 Mem:382.79M (Peak 474.15M) | Time:00:00.23 | Mem:257.33M, Peak:257.33M | Scene, ViewLayer | Updating Geometry BVH Cube.052 53/808 | Building BVH
Fra:1 Mem:382.79M (Peak 474.15M) | Time:00:00.23 | Mem:257.33M, Peak:257.33M | Scene, ViewLayer | Updating Geometry BVH Cube.052 53/808 | Building mesh BLAS |     188 tris | Cube.051
Fra:1 Mem:382.79M (Peak 474.15M) | Time:00:00.23 | Mem:257.33M, Peak:257.33M | Scene, ViewLayer | Updating Geometry BVH Cube.053 54/808 | Building BVH
Fra:1 Mem:382.79M (Peak 474.15M) | Time:00:00.23 | Mem:257.33M, Peak:257.33M | Scene, ViewLayer | Updating Geometry BVH Cube.053 54/808 | Building mesh BLAS |     188 tris | Cube.052
Fra:1 Mem:382.79M (Peak 474.15M) | Time:00:00.23 | Mem:257.33M, Peak:257.33M | Scene, ViewLayer | Updating Geometry BVH Cube.054 55/808 | Building mesh BLAS |     188 tris | Cube.053
Fra:1 Mem:382.79M (Peak 474.15M) | Time:00:00.23 | Mem:257.33M, Peak:257.33M | Scene, ViewLayer | Updating Geometry BVH Cube.054 55/808 | Building mesh BLAS |     188 tris | Cube.054
Fra:1 Mem:382.79M (Peak 474.15M) | Time:00:00.23 | Mem:257.33M, Peak:257.33M | Scene, ViewLayer | Updating Geometry BVH Cube.055 56/808 | Building BVH
Fra:1 Mem:382.79M (Peak 474.15M) | Time:00:00.23 | Mem:257.33M, Peak:257.33M | Scene, ViewLayer | Updating Geometry BVH Cube.056 57/808 | Building BVH
Fra:1 Mem:382.79M (Peak 474.15M) | Time:00:00.23 | Mem:257.33M, Peak:257.33M | Scene, ViewLayer | Updating Geometry BVH Cube.057 58/808 | Building BVH
Fra:1 Mem:382.79M (Peak 474.15M) | Time:00:00.23 | Mem:257.33M, Peak:257.33M | Scene, ViewLayer | Updating Geometry BVH Cube.057 58/808 | Building mesh BLAS |     188 tris | Cube.055
Fra:1 Mem:382.79M (Peak 474.15M) | Time:00:00.23 | Mem:257.33M, Peak:257.33M | Scene, ViewLayer | Updating Geometry BVH Cube.057 58/808 | Building mesh BLAS |     188 tris | Cube.056
Fra:1 Mem:382.79M (Peak 474.15M) | Time:00:00.23 | Mem:257.33M, Peak:257.33M | Scene, ViewLayer | Updating Geometry BVH Cube.058 59/808 | Building BVH
Fra:1 Mem:382.79M (Peak 474.15M) | Time:00:00.23 | Mem:257.33M, Peak:257.33M | Scene, ViewLayer | Updating Geometry BVH Cube.058 59/808 | Building mesh BLAS |     188 tris | Cube.058
Fra:1 Mem:382.79M (Peak 474.15M) | Time:00:00.23 | Mem:257.33M, Peak:257.33M | Scene, ViewLayer | Updating Geometry BVH Cube.059 60/808 | Building BVH
Fra:1 Mem:382.79M (Peak 474.15M) | Time:00:00.23 | Mem:257.33M, Peak:257.33M | Scene, ViewLayer | Updating Geometry BVH Cube.059 60/808 | Building mesh BLAS |     188 tris | Cube.059
Fra:1 Mem:382.79M (Peak 474.15M) | Time:00:00.23 | Mem:257.33M, Peak:257.33M | Scene, ViewLayer | Updating Geometry BVH West colonnade arch vault.001 799/808 | Building BVH
Fra:1 Mem:382.79M (Peak 474.15M) | Time:00:00.23 | Mem:257.33M, Peak:257.33M | Scene, ViewLayer | Updating Geometry BVH Cube.060 61/808 | Building BVH
Fra:1 Mem:382.79M (Peak 474.15M) | Time:00:00.23 | Mem:257.33M, Peak:257.33M | Scene, ViewLayer | Updating Geometry BVH Cube.060 61/808 | Building mesh BLAS |     188 tris | Cube.060
Fra:1 Mem:382.79M (Peak 474.15M) | Time:00:00.23 | Mem:257.33M, Peak:257.33M | Scene, ViewLayer | Updating Geometry BVH Cube.060 61/808 | Building mesh BLAS |    1436 tris | West colonnade arch vault.001
Fra:1 Mem:382.79M (Peak 474.15M) | Time:00:00.23 | Mem:257.33M, Peak:257.33M | Scene, ViewLayer | Updating Geometry BVH Cube.061 62/808 | Building BVH
Fra:1 Mem:382.79M (Peak 474.15M) | Time:00:00.23 | Mem:257.33M, Peak:257.33M | Scene, ViewLayer | Updating Geometry BVH Cube.061 62/808 | Building mesh BLAS |     188 tris | Cube.061
Fra:1 Mem:382.79M (Peak 474.15M) | Time:00:00.23 | Mem:257.33M, Peak:257.33M | Scene, ViewLayer | Updating Geometry BVH Cube.062 63/808 | Building BVH
Fra:1 Mem:382.79M (Peak 474.15M) | Time:00:00.23 | Mem:257.33M, Peak:257.33M | Scene, ViewLayer | Updating Geometry BVH Cube.062 63/808 | Building mesh BLAS |     188 tris | Cube.062
Fra:1 Mem:382.79M (Peak 474.15M) | Time:00:00.23 | Mem:257.33M, Peak:257.33M | Scene, ViewLayer | Updating Geometry BVH Cube.063 64/808 | Building BVH
Fra:1 Mem:382.79M (Peak 474.15M) | Time:00:00.23 | Mem:257.33M, Peak:257.33M | Scene, ViewLayer | Updating Geometry BVH Cube.063 64/808 | Building mesh BLAS |     188 tris | Cube.063
Fra:1 Mem:382.79M (Peak 474.15M) | Time:00:00.23 | Mem:257.33M, Peak:257.33M | Scene, ViewLayer | Updating Geometry BVH Cube.064 65/808 | Building BVH
Fra:1 Mem:382.79M (Peak 474.15M) | Time:00:00.23 | Mem:257.33M, Peak:257.33M | Scene, ViewLayer | Updating Geometry BVH Cube.064 65/808 | Building mesh BLAS |     188 tris | Cube.064
Fra:1 Mem:382.79M (Peak 474.15M) | Time:00:00.23 | Mem:257.33M, Peak:257.33M | Scene, ViewLayer | Updating Geometry BVH Cube.065 66/808 | Building BVH
Fra:1 Mem:382.79M (Peak 474.15M) | Time:00:00.23 | Mem:257.33M, Peak:257.33M | Scene, ViewLayer | Updating Geometry BVH Cube.065 66/808 | Building mesh BLAS |     188 tris | Cube.065
Fra:1 Mem:382.79M (Peak 474.15M) | Time:00:00.23 | Mem:257.33M, Peak:257.33M | Scene, ViewLayer | Updating Geometry BVH Cube.066 67/808 | Building BVH
Fra:1 Mem:382.79M (Peak 474.15M) | Time:00:00.23 | Mem:257.33M, Peak:257.33M | Scene, ViewLayer | Updating Geometry BVH Cube.066 67/808 | Building mesh BLAS |     188 tris | Cube.066
Fra:1 Mem:382.79M (Peak 474.15M) | Time:00:00.23 | Mem:257.33M, Peak:257.33M | Scene, ViewLayer | Updating Geometry BVH Cube.067 68/808 | Building BVH
Fra:1 Mem:382.79M (Peak 474.15M) | Time:00:00.23 | Mem:257.33M, Peak:257.33M | Scene, ViewLayer | Updating Geometry BVH Cube.067 68/808 | Building mesh BLAS |     188 tris | Cube.067
Fra:1 Mem:382.79M (Peak 474.15M) | Time:00:00.23 | Mem:257.33M, Peak:257.33M | Scene, ViewLayer | Updating Geometry BVH Cube.068 69/808 | Building BVH
Fra:1 Mem:382.79M (Peak 474.15M) | Time:00:00.23 | Mem:257.33M, Peak:257.33M | Scene, ViewLayer | Updating Geometry BVH Cube.068 69/808 | Building mesh BLAS |     188 tris | Cube.068
Fra:1 Mem:382.79M (Peak 474.15M) | Time:00:00.23 | Mem:257.33M, Peak:257.33M | Scene, ViewLayer | Updating Geometry BVH Cube.069 70/808 | Building BVH
Fra:1 Mem:382.79M (Peak 474.15M) | Time:00:00.23 | Mem:257.33M, Peak:257.33M | Scene, ViewLayer | Updating Geometry BVH Cube.070 71/808 | Building BVH
Fra:1 Mem:382.79M (Peak 474.15M) | Time:00:00.23 | Mem:257.33M, Peak:257.33M | Scene, ViewLayer | Updating Geometry BVH Cube.071 72/808 | Building BVH
Fra:1 Mem:382.79M (Peak 474.15M) | Time:00:00.23 | Mem:257.33M, Peak:257.33M | Scene, ViewLayer | Updating Geometry BVH Cube.071 72/808 | Building mesh BLAS |     188 tris | Cube.069
Fra:1 Mem:382.79M (Peak 474.15M) | Time:00:00.23 | Mem:257.33M, Peak:257.33M | Scene, ViewLayer | Updating Geometry BVH Cube.072 73/808 | Building mesh BLAS |     188 tris | Cube.071
Fra:1 Mem:382.79M (Peak 474.15M) | Time:00:00.23 | Mem:257.33M, Peak:257.33M | Scene, ViewLayer | Updating Geometry BVH Cube.072 73/808 | Building mesh BLAS |     188 tris | Cube.070
Fra:1 Mem:382.79M (Peak 474.15M) | Time:00:00.23 | Mem:257.33M, Peak:257.33M | Scene, ViewLayer | Updating Geometry BVH West colonnade arch vault 798/808 | Building BVH
Fra:1 Mem:382.79M (Peak 474.15M) | Time:00:00.23 | Mem:257.33M, Peak:257.33M | Scene, ViewLayer | Updating Geometry BVH Cube.073 74/808 | Building BVH
Fra:1 Mem:382.79M (Peak 474.15M) | Time:00:00.23 | Mem:257.33M, Peak:257.33M | Scene, ViewLayer | Updating Geometry BVH Cube.075 76/808 | Building BVH
Fra:1 Mem:382.79M (Peak 474.15M) | Time:00:00.23 | Mem:257.33M, Peak:257.33M | Scene, ViewLayer | Updating Geometry BVH Cube.075 76/808 | Building mesh BLAS |     188 tris | Cube.073
Fra:1 Mem:382.79M (Peak 474.15M) | Time:00:00.23 | Mem:257.33M, Peak:257.33M | Scene, ViewLayer | Updating Geometry BVH Cube.076 77/808 | Building BVH
Fra:1 Mem:382.79M (Peak 474.15M) | Time:00:00.23 | Mem:257.33M, Peak:257.33M | Scene, ViewLayer | Updating Geometry BVH Cube.077 78/808 | Building BVH
Fra:1 Mem:382.79M (Peak 474.15M) | Time:00:00.23 | Mem:257.33M, Peak:257.33M | Scene, ViewLayer | Updating Geometry BVH Cube.077 78/808 | Building mesh BLAS |    1436 tris | West colonnade arch vault
Fra:1 Mem:382.79M (Peak 474.15M) | Time:00:00.23 | Mem:257.33M, Peak:257.33M | Scene, ViewLayer | Updating Geometry BVH Cube.077 78/808 | Building mesh BLAS |     188 tris | Cube.075
Fra:1 Mem:382.79M (Peak 474.15M) | Time:00:00.23 | Mem:257.33M, Peak:257.33M | Scene, ViewLayer | Updating Geometry BVH Cube.078 79/808 | Building BVH
Fra:1 Mem:382.79M (Peak 474.15M) | Time:00:00.23 | Mem:257.33M, Peak:257.33M | Scene, ViewLayer | Updating Geometry BVH Cube.079 80/808 | Building BVH
Fra:1 Mem:382.79M (Peak 474.15M) | Time:00:00.23 | Mem:257.33M, Peak:257.33M | Scene, ViewLayer | Updating Geometry BVH Cube.079 80/808 | Building mesh BLAS |     188 tris | Cube.077
Fra:1 Mem:382.79M (Peak 474.15M) | Time:00:00.23 | Mem:257.33M, Peak:257.33M | Scene, ViewLayer | Updating Geometry BVH Cube.079 80/808 | Building mesh BLAS |     188 tris | Cube.078
Fra:1 Mem:382.79M (Peak 474.15M) | Time:00:00.23 | Mem:257.33M, Peak:257.33M | Scene, ViewLayer | Updating Geometry BVH Cube.079 80/808 | Building mesh BLAS |     188 tris | Cube.076
Fra:1 Mem:382.79M (Peak 474.15M) | Time:00:00.23 | Mem:257.33M, Peak:257.33M | Scene, ViewLayer | Updating Geometry BVH Cube.079 80/808 | Building mesh BLAS |     328 tris | Cube.079
Fra:1 Mem:382.79M (Peak 474.15M) | Time:00:00.23 | Mem:257.33M, Peak:257.33M | Scene, ViewLayer | Updating Geometry BVH Cube.080 81/808 | Building BVH
Fra:1 Mem:382.79M (Peak 474.15M) | Time:00:00.23 | Mem:257.33M, Peak:257.33M | Scene, ViewLayer | Updating Geometry BVH Cube.080 81/808 | Building mesh BLAS |     188 tris | Cube.080
Fra:1 Mem:382.79M (Peak 474.15M) | Time:00:00.23 | Mem:257.33M, Peak:257.33M | Scene, ViewLayer | Updating Geometry BVH Cube.081 82/808 | Building BVH
Fra:1 Mem:382.79M (Peak 474.15M) | Time:00:00.23 | Mem:257.33M, Peak:257.33M | Scene, ViewLayer | Updating Geometry BVH Cube.081 82/808 | Building mesh BLAS |     472 tris | Cube.081
Fra:1 Mem:382.79M (Peak 474.15M) | Time:00:00.23 | Mem:257.33M, Peak:257.33M | Scene, ViewLayer | Updating Geometry BVH Cube.082 83/808 | Building BVH
Fra:1 Mem:382.79M (Peak 474.15M) | Time:00:00.23 | Mem:257.33M, Peak:257.33M | Scene, ViewLayer | Updating Geometry BVH Cube.082 83/808 | Building mesh BLAS |     188 tris | Cube.082
Fra:1 Mem:382.79M (Peak 474.15M) | Time:00:00.23 | Mem:257.33M, Peak:257.33M | Scene, ViewLayer | Updating Geometry BVH Cube.083 84/808 | Building BVH
Fra:1 Mem:382.79M (Peak 474.15M) | Time:00:00.23 | Mem:257.33M, Peak:257.33M | Scene, ViewLayer | Updating Geometry BVH Cube.083 84/808 | Building mesh BLAS |     380 tris | Cube.083
Fra:1 Mem:382.79M (Peak 474.15M) | Time:00:00.23 | Mem:257.33M, Peak:257.33M | Scene, ViewLayer | Updating Geometry BVH Cube.084 85/808 | Building BVH
Fra:1 Mem:382.79M (Peak 474.15M) | Time:00:00.23 | Mem:257.33M, Peak:257.33M | Scene, ViewLayer | Updating Geometry BVH Cube.084 85/808 | Building mesh BLAS |     188 tris | Cube.084
Fra:1 Mem:382.79M (Peak 474.15M) | Time:00:00.23 | Mem:257.33M, Peak:257.33M | Scene, ViewLayer | Updating Geometry BVH Cylinder 86/808 | Building BVH
Fra:1 Mem:382.79M (Peak 474.15M) | Time:00:00.23 | Mem:257.33M, Peak:257.33M | Scene, ViewLayer | Updating Geometry BVH Cylinder 86/808 | Building mesh BLAS |      60 tris | Cylinder
Fra:1 Mem:382.79M (Peak 474.15M) | Time:00:00.23 | Mem:257.33M, Peak:257.33M | Scene, ViewLayer | Updating Geometry BVH Cylinder.001 87/808 | Building BVH
Fra:1 Mem:382.79M (Peak 474.15M) | Time:00:00.23 | Mem:257.33M, Peak:257.33M | Scene, ViewLayer | Updating Geometry BVH Cylinder.001 87/808 | Building mesh BLAS |      60 tris | Cylinder.001
Fra:1 Mem:382.79M (Peak 474.15M) | Time:00:00.23 | Mem:257.33M, Peak:257.33M | Scene, ViewLayer | Updating Geometry BVH Cylinder.002 88/808 | Building BVH
Fra:1 Mem:382.79M (Peak 474.15M) | Time:00:00.23 | Mem:257.33M, Peak:257.33M | Scene, ViewLayer | Updating Geometry BVH Cylinder.002 88/808 | Building mesh BLAS |      60 tris | Cylinder.002
Fra:1 Mem:382.79M (Peak 474.15M) | Time:00:00.23 | Mem:257.33M, Peak:257.33M | Scene, ViewLayer | Updating Geometry BVH Cylinder.003 89/808 | Building BVH
Fra:1 Mem:382.79M (Peak 474.15M) | Time:00:00.23 | Mem:257.33M, Peak:257.33M | Scene, ViewLayer | Updating Geometry BVH Cylinder.003 89/808 | Building mesh BLAS |      60 tris | Cylinder.003
Fra:1 Mem:382.79M (Peak 474.15M) | Time:00:00.23 | Mem:257.33M, Peak:257.33M | Scene, ViewLayer | Updating Geometry BVH Cylinder.004 90/808 | Building BVH
Fra:1 Mem:382.79M (Peak 474.15M) | Time:00:00.23 | Mem:257.33M, Peak:257.33M | Scene, ViewLayer | Updating Geometry BVH Cylinder.004 90/808 | Building mesh BLAS |      60 tris | Cylinder.004
Fra:1 Mem:382.79M (Peak 474.15M) | Time:00:00.23 | Mem:257.33M, Peak:257.33M | Scene, ViewLayer | Updating Geometry BVH North colonnade arch vault.005 797/808 | Building BVH
Fra:1 Mem:382.79M (Peak 474.15M) | Time:00:00.23 | Mem:257.33M, Peak:257.33M | Scene, ViewLayer | Updating Geometry BVH North colonnade arch vault.005 797/808 | Building mesh BLAS |    1436 tris | North colonnade arch vault.005
Fra:1 Mem:382.79M (Peak 474.15M) | Time:00:00.23 | Mem:257.33M, Peak:257.33M | Scene, ViewLayer | Updating Geometry BVH Cylinder.005 91/808 | Building BVH
Fra:1 Mem:382.79M (Peak 474.15M) | Time:00:00.23 | Mem:257.33M, Peak:257.33M | Scene, ViewLayer | Updating Geometry BVH Cylinder.005 91/808 | Building mesh BLAS |      60 tris | Cylinder.005
Fra:1 Mem:382.79M (Peak 474.15M) | Time:00:00.23 | Mem:257.33M, Peak:257.33M | Scene, ViewLayer | Updating Geometry BVH Cylinder.006 92/808 | Building BVH
Fra:1 Mem:382.79M (Peak 474.15M) | Time:00:00.23 | Mem:257.33M, Peak:257.33M | Scene, ViewLayer | Updating Geometry BVH Cylinder.006 92/808 | Building mesh BLAS |      60 tris | Cylinder.006
Fra:1 Mem:382.79M (Peak 474.15M) | Time:00:00.23 | Mem:257.33M, Peak:257.33M | Scene, ViewLayer | Updating Geometry BVH Cylinder.007 93/808 | Building BVH
Fra:1 Mem:382.79M (Peak 474.15M) | Time:00:00.23 | Mem:257.33M, Peak:257.33M | Scene, ViewLayer | Updating Geometry BVH Cylinder.007 93/808 | Building mesh BLAS |      60 tris | Cylinder.007
Fra:1 Mem:382.79M (Peak 474.15M) | Time:00:00.23 | Mem:257.33M, Peak:257.33M | Scene, ViewLayer | Updating Geometry BVH Cylinder.008 94/808 | Building BVH
Fra:1 Mem:382.79M (Peak 474.15M) | Time:00:00.23 | Mem:257.33M, Peak:257.33M | Scene, ViewLayer | Updating Geometry BVH Cylinder.008 94/808 | Building mesh BLAS |      60 tris | Cylinder.008
Fra:1 Mem:382.79M (Peak 474.15M) | Time:00:00.23 | Mem:257.33M, Peak:257.33M | Scene, ViewLayer | Updating Geometry BVH Cylinder.009 95/808 | Building BVH
Fra:1 Mem:382.79M (Peak 474.15M) | Time:00:00.23 | Mem:257.33M, Peak:257.33M | Scene, ViewLayer | Updating Geometry BVH Cylinder.009 95/808 | Building mesh BLAS |      60 tris | Cylinder.009
Fra:1 Mem:382.79M (Peak 474.15M) | Time:00:00.23 | Mem:257.33M, Peak:257.33M | Scene, ViewLayer | Updating Geometry BVH Cylinder.010 96/808 | Building BVH
Fra:1 Mem:382.79M (Peak 474.15M) | Time:00:00.23 | Mem:257.33M, Peak:257.33M | Scene, ViewLayer | Updating Geometry BVH Cylinder.010 96/808 | Building mesh BLAS |      60 tris | Cylinder.010
Fra:1 Mem:382.79M (Peak 474.15M) | Time:00:00.23 | Mem:257.33M, Peak:257.33M | Scene, ViewLayer | Updating Geometry BVH Cylinder.011 97/808 | Building BVH
Fra:1 Mem:382.79M (Peak 474.15M) | Time:00:00.23 | Mem:257.33M, Peak:257.33M | Scene, ViewLayer | Updating Geometry BVH Cylinder.011 97/808 | Building mesh BLAS |      60 tris | Cylinder.011
Fra:1 Mem:382.79M (Peak 474.15M) | Time:00:00.23 | Mem:257.33M, Peak:257.33M | Scene, ViewLayer | Updating Geometry BVH Cylinder.012 98/808 | Building BVH
Fra:1 Mem:382.79M (Peak 474.15M) | Time:00:00.23 | Mem:257.33M, Peak:257.33M | Scene, ViewLayer | Updating Geometry BVH Cylinder.012 98/808 | Building mesh BLAS |      60 tris | Cylinder.012
Fra:1 Mem:382.79M (Peak 474.15M) | Time:00:00.23 | Mem:257.33M, Peak:257.33M | Scene, ViewLayer | Updating Geometry BVH Cylinder.013 99/808 | Building BVH
Fra:1 Mem:382.79M (Peak 474.15M) | Time:00:00.23 | Mem:257.33M, Peak:257.33M | Scene, ViewLayer | Updating Geometry BVH Cylinder.013 99/808 | Building mesh BLAS |      60 tris | Cylinder.013
Fra:1 Mem:382.79M (Peak 474.15M) | Time:00:00.23 | Mem:257.33M, Peak:257.33M | Scene, ViewLayer | Updating Geometry BVH Cylinder.014 100/808 | Building BVH
Fra:1 Mem:382.79M (Peak 474.15M) | Time:00:00.23 | Mem:257.33M, Peak:257.33M | Scene, ViewLayer | Updating Geometry BVH Cylinder.014 100/808 | Building mesh BLAS |      60 tris | Cylinder.014
Fra:1 Mem:382.79M (Peak 474.15M) | Time:00:00.23 | Mem:257.33M, Peak:257.33M | Scene, ViewLayer | Updating Geometry BVH Cylinder.015 101/808 | Building BVH
Fra:1 Mem:382.79M (Peak 474.15M) | Time:00:00.23 | Mem:257.33M, Peak:257.33M | Scene, ViewLayer | Updating Geometry BVH Cylinder.015 101/808 | Building mesh BLAS |      60 tris | Cylinder.015
Fra:1 Mem:382.79M (Peak 474.15M) | Time:00:00.23 | Mem:257.33M, Peak:257.33M | Scene, ViewLayer | Updating Geometry BVH Cylinder.016 102/808 | Building BVH
Fra:1 Mem:382.79M (Peak 474.15M) | Time:00:00.23 | Mem:257.33M, Peak:257.33M | Scene, ViewLayer | Updating Geometry BVH Cylinder.016 102/808 | Building mesh BLAS |      60 tris | Cylinder.016
Fra:1 Mem:382.79M (Peak 474.15M) | Time:00:00.23 | Mem:257.33M, Peak:257.33M | Scene, ViewLayer | Updating Geometry BVH Cylinder.017 103/808 | Building BVH
Fra:1 Mem:382.79M (Peak 474.15M) | Time:00:00.23 | Mem:257.33M, Peak:257.33M | Scene, ViewLayer | Updating Geometry BVH Cylinder.017 103/808 | Building mesh BLAS |      60 tris | Cylinder.017
Fra:1 Mem:382.79M (Peak 474.15M) | Time:00:00.23 | Mem:257.33M, Peak:257.33M | Scene, ViewLayer | Updating Geometry BVH Cylinder.018 104/808 | Building BVH
Fra:1 Mem:382.79M (Peak 474.15M) | Time:00:00.23 | Mem:257.33M, Peak:257.33M | Scene, ViewLayer | Updating Geometry BVH Cylinder.018 104/808 | Building mesh BLAS |      60 tris | Cylinder.018
Fra:1 Mem:382.79M (Peak 474.15M) | Time:00:00.23 | Mem:257.33M, Peak:257.33M | Scene, ViewLayer | Updating Geometry BVH Cylinder.019 105/808 | Building BVH
Fra:1 Mem:382.79M (Peak 474.15M) | Time:00:00.23 | Mem:257.33M, Peak:257.33M | Scene, ViewLayer | Updating Geometry BVH Cylinder.019 105/808 | Building mesh BLAS |      60 tris | Cylinder.019
Fra:1 Mem:382.79M (Peak 474.15M) | Time:00:00.23 | Mem:257.33M, Peak:257.33M | Scene, ViewLayer | Updating Geometry BVH Cylinder.020 106/808 | Building BVH
Fra:1 Mem:382.79M (Peak 474.15M) | Time:00:00.23 | Mem:257.33M, Peak:257.33M | Scene, ViewLayer | Updating Geometry BVH Cylinder.020 106/808 | Building mesh BLAS |      60 tris | Cylinder.020
Fra:1 Mem:382.79M (Peak 474.15M) | Time:00:00.24 | Mem:257.33M, Peak:257.33M | Scene, ViewLayer | Updating Geometry BVH Cylinder.021 107/808 | Building BVH
Fra:1 Mem:382.79M (Peak 474.15M) | Time:00:00.24 | Mem:257.33M, Peak:257.33M | Scene, ViewLayer | Updating Geometry BVH Cylinder.021 107/808 | Building mesh BLAS |      60 tris | Cylinder.021
Fra:1 Mem:382.79M (Peak 474.15M) | Time:00:00.24 | Mem:257.33M, Peak:257.33M | Scene, ViewLayer | Updating Geometry BVH North colonnade arch vault.004 796/808 | Building BVH
Fra:1 Mem:382.79M (Peak 474.15M) | Time:00:00.24 | Mem:257.33M, Peak:257.33M | Scene, ViewLayer | Updating Geometry BVH North colonnade arch vault.004 796/808 | Building mesh BLAS |    1436 tris | North colonnade arch vault.004
Fra:1 Mem:382.79M (Peak 474.15M) | Time:00:00.24 | Mem:257.33M, Peak:257.33M | Scene, ViewLayer | Updating Geometry BVH Cylinder.022 108/808 | Building BVH
Fra:1 Mem:382.79M (Peak 474.15M) | Time:00:00.24 | Mem:257.33M, Peak:257.33M | Scene, ViewLayer | Updating Geometry BVH Cylinder.022 108/808 | Building mesh BLAS |      60 tris | Cylinder.022
Fra:1 Mem:382.79M (Peak 474.15M) | Time:00:00.24 | Mem:257.33M, Peak:257.33M | Scene, ViewLayer | Updating Geometry BVH Cylinder.023 109/808 | Building BVH
Fra:1 Mem:382.79M (Peak 474.15M) | Time:00:00.24 | Mem:257.33M, Peak:257.33M | Scene, ViewLayer | Updating Geometry BVH Cylinder.023 109/808 | Building mesh BLAS |      60 tris | Cylinder.023
Fra:1 Mem:382.79M (Peak 474.15M) | Time:00:00.24 | Mem:257.33M, Peak:257.33M | Scene, ViewLayer | Updating Geometry BVH Cylinder.024 110/808 | Building BVH
Fra:1 Mem:382.79M (Peak 474.15M) | Time:00:00.24 | Mem:257.33M, Peak:257.33M | Scene, ViewLayer | Updating Geometry BVH Cylinder.024 110/808 | Building mesh BLAS |      60 tris | Cylinder.024
Fra:1 Mem:382.79M (Peak 474.15M) | Time:00:00.24 | Mem:257.33M, Peak:257.33M | Scene, ViewLayer | Updating Geometry BVH Cylinder.025 111/808 | Building BVH
Fra:1 Mem:382.79M (Peak 474.15M) | Time:00:00.24 | Mem:257.33M, Peak:257.33M | Scene, ViewLayer | Updating Geometry BVH Cylinder.025 111/808 | Building mesh BLAS |      60 tris | Cylinder.025
Fra:1 Mem:382.79M (Peak 474.15M) | Time:00:00.24 | Mem:257.33M, Peak:257.33M | Scene, ViewLayer | Updating Geometry BVH Cylinder.026 112/808 | Building BVH
Fra:1 Mem:382.79M (Peak 474.15M) | Time:00:00.24 | Mem:257.33M, Peak:257.33M | Scene, ViewLayer | Updating Geometry BVH Cylinder.026 112/808 | Building mesh BLAS |      60 tris | Cylinder.026
Fra:1 Mem:382.79M (Peak 474.15M) | Time:00:00.24 | Mem:257.33M, Peak:257.33M | Scene, ViewLayer | Updating Geometry BVH Cylinder.027 113/808 | Building BVH
Fra:1 Mem:382.79M (Peak 474.15M) | Time:00:00.24 | Mem:257.33M, Peak:257.33M | Scene, ViewLayer | Updating Geometry BVH Cylinder.027 113/808 | Building mesh BLAS |      60 tris | Cylinder.027
Fra:1 Mem:382.79M (Peak 474.15M) | Time:00:00.24 | Mem:257.33M, Peak:257.33M | Scene, ViewLayer | Updating Geometry BVH Cylinder.028 114/808 | Building BVH
Fra:1 Mem:382.79M (Peak 474.15M) | Time:00:00.24 | Mem:257.33M, Peak:257.33M | Scene, ViewLayer | Updating Geometry BVH Cylinder.028 114/808 | Building mesh BLAS |      60 tris | Cylinder.028
Fra:1 Mem:382.79M (Peak 474.15M) | Time:00:00.24 | Mem:257.33M, Peak:257.33M | Scene, ViewLayer | Updating Geometry BVH Cylinder.029 115/808 | Building BVH
Fra:1 Mem:382.79M (Peak 474.15M) | Time:00:00.24 | Mem:257.33M, Peak:257.33M | Scene, ViewLayer | Updating Geometry BVH Cylinder.029 115/808 | Building mesh BLAS |      60 tris | Cylinder.029
Fra:1 Mem:382.79M (Peak 474.15M) | Time:00:00.24 | Mem:257.34M, Peak:257.34M | Scene, ViewLayer | Updating Geometry BVH Cylinder.030 116/808 | Building BVH
Fra:1 Mem:382.79M (Peak 474.15M) | Time:00:00.24 | Mem:257.34M, Peak:257.34M | Scene, ViewLayer | Updating Geometry BVH Cylinder.030 116/808 | Building mesh BLAS |      60 tris | Cylinder.030
Fra:1 Mem:382.79M (Peak 474.15M) | Time:00:00.24 | Mem:257.34M, Peak:257.34M | Scene, ViewLayer | Updating Geometry BVH Cylinder.031 117/808 | Building BVH
Fra:1 Mem:382.79M (Peak 474.15M) | Time:00:00.24 | Mem:257.34M, Peak:257.34M | Scene, ViewLayer | Updating Geometry BVH Cylinder.031 117/808 | Building mesh BLAS |      60 tris | Cylinder.031
Fra:1 Mem:382.79M (Peak 474.15M) | Time:00:00.24 | Mem:257.34M, Peak:257.34M | Scene, ViewLayer | Updating Geometry BVH Cylinder.032 118/808 | Building BVH
Fra:1 Mem:382.79M (Peak 474.15M) | Time:00:00.24 | Mem:257.34M, Peak:257.34M | Scene, ViewLayer | Updating Geometry BVH Cylinder.032 118/808 | Building mesh BLAS |      60 tris | Cylinder.032
Fra:1 Mem:382.79M (Peak 474.15M) | Time:00:00.24 | Mem:257.43M, Peak:257.43M | Scene, ViewLayer | Updating Geometry BVH Cylinder.033 119/808 | Building BVH
Fra:1 Mem:382.79M (Peak 474.15M) | Time:00:00.24 | Mem:257.43M, Peak:257.43M | Scene, ViewLayer | Updating Geometry BVH Cylinder.033 119/808 | Building mesh BLAS |      60 tris | Cylinder.033
Fra:1 Mem:382.79M (Peak 474.15M) | Time:00:00.24 | Mem:257.43M, Peak:257.43M | Scene, ViewLayer | Updating Geometry BVH Cylinder.034 120/808 | Building BVH
Fra:1 Mem:382.79M (Peak 474.15M) | Time:00:00.24 | Mem:257.43M, Peak:257.43M | Scene, ViewLayer | Updating Geometry BVH Cylinder.034 120/808 | Building mesh BLAS |      60 tris | Cylinder.034
Fra:1 Mem:382.79M (Peak 474.15M) | Time:00:00.24 | Mem:257.43M, Peak:257.43M | Scene, ViewLayer | Updating Geometry BVH Cylinder.035 121/808 | Building BVH
Fra:1 Mem:382.79M (Peak 474.15M) | Time:00:00.24 | Mem:257.43M, Peak:257.43M | Scene, ViewLayer | Updating Geometry BVH Cylinder.035 121/808 | Building mesh BLAS |      96 tris | Cylinder.035
Fra:1 Mem:382.79M (Peak 474.15M) | Time:00:00.24 | Mem:257.43M, Peak:257.43M | Scene, ViewLayer | Updating Geometry BVH Cylinder.036 122/808 | Building BVH
Fra:1 Mem:382.79M (Peak 474.15M) | Time:00:00.24 | Mem:257.43M, Peak:257.43M | Scene, ViewLayer | Updating Geometry BVH Cylinder.036 122/808 | Building mesh BLAS |      60 tris | Cylinder.036
Fra:1 Mem:382.79M (Peak 474.15M) | Time:00:00.24 | Mem:257.45M, Peak:257.45M | Scene, ViewLayer | Updating Geometry BVH Cylinder.037 123/808 | Building BVH
Fra:1 Mem:382.79M (Peak 474.15M) | Time:00:00.24 | Mem:257.46M, Peak:257.46M | Scene, ViewLayer | Updating Geometry BVH Cylinder.037 123/808 | Building mesh BLAS |      60 tris | Cylinder.037
Fra:1 Mem:382.79M (Peak 474.15M) | Time:00:00.24 | Mem:257.48M, Peak:257.48M | Scene, ViewLayer | Updating Geometry BVH North colonnade arch vault.003 795/808 | Building BVH
Fra:1 Mem:382.79M (Peak 474.15M) | Time:00:00.24 | Mem:257.48M, Peak:257.48M | Scene, ViewLayer | Updating Geometry BVH Cylinder.038 124/808 | Building BVH
Fra:1 Mem:382.79M (Peak 474.15M) | Time:00:00.24 | Mem:257.48M, Peak:257.48M | Scene, ViewLayer | Updating Geometry BVH Cylinder.038 124/808 | Building mesh BLAS |    1436 tris | North colonnade arch vault.003
Fra:1 Mem:382.79M (Peak 474.15M) | Time:00:00.24 | Mem:257.48M, Peak:257.48M | Scene, ViewLayer | Updating Geometry BVH Cylinder.038 124/808 | Building mesh BLAS |      60 tris | Cylinder.038
Fra:1 Mem:382.79M (Peak 474.15M) | Time:00:00.24 | Mem:257.49M, Peak:257.49M | Scene, ViewLayer | Updating Geometry BVH Cylinder.039 125/808 | Building BVH
Fra:1 Mem:382.79M (Peak 474.15M) | Time:00:00.24 | Mem:257.50M, Peak:257.50M | Scene, ViewLayer | Updating Geometry BVH Cylinder.039 125/808 | Building mesh BLAS |      60 tris | Cylinder.039
Fra:1 Mem:382.79M (Peak 474.15M) | Time:00:00.24 | Mem:257.51M, Peak:257.51M | Scene, ViewLayer | Updating Geometry BVH Cylinder.040 126/808 | Building BVH
Fra:1 Mem:382.79M (Peak 474.15M) | Time:00:00.24 | Mem:257.51M, Peak:257.51M | Scene, ViewLayer | Updating Geometry BVH Cylinder.040 126/808 | Building mesh BLAS |      60 tris | Cylinder.040
Fra:1 Mem:382.79M (Peak 474.15M) | Time:00:00.24 | Mem:257.54M, Peak:257.54M | Scene, ViewLayer | Updating Geometry BVH Cylinder.041 127/808 | Building BVH
Fra:1 Mem:382.79M (Peak 474.15M) | Time:00:00.24 | Mem:257.54M, Peak:257.54M | Scene, ViewLayer | Updating Geometry BVH Cylinder.041 127/808 | Building mesh BLAS |      60 tris | Cylinder.041
Fra:1 Mem:382.79M (Peak 474.15M) | Time:00:00.24 | Mem:257.55M, Peak:257.55M | Scene, ViewLayer | Updating Geometry BVH Cylinder.042 128/808 | Building BVH
Fra:1 Mem:382.79M (Peak 474.15M) | Time:00:00.24 | Mem:257.55M, Peak:257.55M | Scene, ViewLayer | Updating Geometry BVH Cylinder.042 128/808 | Building mesh BLAS |      60 tris | Cylinder.042
Fra:1 Mem:382.79M (Peak 474.15M) | Time:00:00.24 | Mem:257.58M, Peak:257.58M | Scene, ViewLayer | Updating Geometry BVH Cylinder.043 129/808 | Building BVH
Fra:1 Mem:382.79M (Peak 474.15M) | Time:00:00.24 | Mem:257.58M, Peak:257.58M | Scene, ViewLayer | Updating Geometry BVH Cylinder.044 130/808 | Building mesh BLAS |      60 tris | Cylinder.043
Fra:1 Mem:382.79M (Peak 474.15M) | Time:00:00.24 | Mem:257.58M, Peak:257.58M | Scene, ViewLayer | Updating Geometry BVH Cylinder.044 130/808 | Building mesh BLAS |      60 tris | Cylinder.044
Fra:1 Mem:382.79M (Peak 474.15M) | Time:00:00.24 | Mem:257.59M, Peak:257.59M | Scene, ViewLayer | Updating Geometry BVH Cylinder.045 131/808 | Building BVH
Fra:1 Mem:382.79M (Peak 474.15M) | Time:00:00.24 | Mem:257.59M, Peak:257.59M | Scene, ViewLayer | Updating Geometry BVH Cylinder.045 131/808 | Building mesh BLAS |      60 tris | Cylinder.045
Fra:1 Mem:382.79M (Peak 474.15M) | Time:00:00.24 | Mem:257.60M, Peak:257.60M | Scene, ViewLayer | Updating Geometry BVH Cylinder.046 132/808 | Building BVH
Fra:1 Mem:382.79M (Peak 474.15M) | Time:00:00.24 | Mem:257.60M, Peak:257.60M | Scene, ViewLayer | Updating Geometry BVH Cylinder.046 132/808 | Building mesh BLAS |      60 tris | Cylinder.046
Fra:1 Mem:382.79M (Peak 474.15M) | Time:00:00.24 | Mem:257.64M, Peak:257.64M | Scene, ViewLayer | Updating Geometry BVH Cylinder.047 133/808 | Building BVH
Fra:1 Mem:382.79M (Peak 474.15M) | Time:00:00.24 | Mem:257.64M, Peak:257.64M | Scene, ViewLayer | Updating Geometry BVH Cylinder.047 133/808 | Building mesh BLAS |      60 tris | Cylinder.047
Fra:1 Mem:382.79M (Peak 474.15M) | Time:00:00.24 | Mem:257.67M, Peak:257.67M | Scene, ViewLayer | Updating Geometry BVH Cylinder.048 134/808 | Building BVH
Fra:1 Mem:382.79M (Peak 474.15M) | Time:00:00.24 | Mem:257.67M, Peak:257.67M | Scene, ViewLayer | Updating Geometry BVH Cylinder.048 134/808 | Building mesh BLAS |      60 tris | Cylinder.048
Fra:1 Mem:382.79M (Peak 474.15M) | Time:00:00.24 | Mem:257.70M, Peak:257.70M | Scene, ViewLayer | Updating Geometry BVH Cylinder.049 135/808 | Building BVH
Fra:1 Mem:382.79M (Peak 474.15M) | Time:00:00.24 | Mem:257.70M, Peak:257.70M | Scene, ViewLayer | Updating Geometry BVH Cylinder.049 135/808 | Building mesh BLAS |      60 tris | Cylinder.049
Fra:1 Mem:382.79M (Peak 474.15M) | Time:00:00.24 | Mem:257.70M, Peak:257.70M | Scene, ViewLayer | Updating Geometry BVH Cylinder.050 136/808 | Building BVH
Fra:1 Mem:382.79M (Peak 474.15M) | Time:00:00.24 | Mem:257.70M, Peak:257.70M | Scene, ViewLayer | Updating Geometry BVH Cylinder.050 136/808 | Building mesh BLAS |      60 tris | Cylinder.050
Fra:1 Mem:382.79M (Peak 474.15M) | Time:00:00.24 | Mem:257.79M, Peak:257.79M | Scene, ViewLayer | Updating Geometry BVH Cylinder.051 137/808 | Building BVH
Fra:1 Mem:382.79M (Peak 474.15M) | Time:00:00.24 | Mem:257.79M, Peak:257.79M | Scene, ViewLayer | Updating Geometry BVH Cylinder.051 137/808 | Building mesh BLAS |      60 tris | Cylinder.051
Fra:1 Mem:382.79M (Peak 474.15M) | Time:00:00.24 | Mem:257.82M, Peak:257.82M | Scene, ViewLayer | Updating Geometry BVH Cylinder.052 138/808 | Building BVH
Fra:1 Mem:382.79M (Peak 474.15M) | Time:00:00.24 | Mem:257.82M, Peak:257.82M | Scene, ViewLayer | Updating Geometry BVH Cylinder.052 138/808 | Building mesh BLAS |      60 tris | Cylinder.052
Fra:1 Mem:382.79M (Peak 474.15M) | Time:00:00.24 | Mem:257.85M, Peak:257.85M | Scene, ViewLayer | Updating Geometry BVH Cylinder.053 139/808 | Building BVH
Fra:1 Mem:382.79M (Peak 474.15M) | Time:00:00.24 | Mem:257.85M, Peak:257.85M | Scene, ViewLayer | Updating Geometry BVH Cylinder.053 139/808 | Building mesh BLAS |      60 tris | Cylinder.053
Fra:1 Mem:382.79M (Peak 474.15M) | Time:00:00.24 | Mem:257.85M, Peak:257.85M | Scene, ViewLayer | Updating Geometry BVH Cylinder.054 140/808 | Building BVH
Fra:1 Mem:382.79M (Peak 474.15M) | Time:00:00.24 | Mem:257.87M, Peak:257.87M | Scene, ViewLayer | Updating Geometry BVH Cylinder.054 140/808 | Building mesh BLAS |      60 tris | Cylinder.054
Fra:1 Mem:382.79M (Peak 474.15M) | Time:00:00.24 | Mem:257.97M, Peak:257.97M | Scene, ViewLayer | Updating Geometry BVH North colonnade arch vault.002 794/808 | Building BVH
Fra:1 Mem:382.79M (Peak 474.15M) | Time:00:00.24 | Mem:257.97M, Peak:257.97M | Scene, ViewLayer | Updating Geometry BVH Cylinder.055 141/808 | Building BVH
Fra:1 Mem:382.79M (Peak 474.15M) | Time:00:00.24 | Mem:257.97M, Peak:257.97M | Scene, ViewLayer | Updating Geometry BVH Cylinder.055 141/808 | Building mesh BLAS |      60 tris | Cylinder.055
Fra:1 Mem:382.79M (Peak 474.15M) | Time:00:00.24 | Mem:257.97M, Peak:257.97M | Scene, ViewLayer | Updating Geometry BVH Cylinder.055 141/808 | Building mesh BLAS |    1436 tris | North colonnade arch vault.002
Fra:1 Mem:382.79M (Peak 474.15M) | Time:00:00.24 | Mem:258.00M, Peak:258.00M | Scene, ViewLayer | Updating Geometry BVH Cylinder.056 142/808 | Building BVH
Fra:1 Mem:382.79M (Peak 474.15M) | Time:00:00.24 | Mem:258.00M, Peak:258.00M | Scene, ViewLayer | Updating Geometry BVH Cylinder.056 142/808 | Building mesh BLAS |      60 tris | Cylinder.056
Fra:1 Mem:382.79M (Peak 474.15M) | Time:00:00.24 | Mem:258.00M, Peak:258.00M | Scene, ViewLayer | Updating Geometry BVH Cylinder.057 143/808 | Building BVH
Fra:1 Mem:382.79M (Peak 474.15M) | Time:00:00.24 | Mem:258.00M, Peak:258.00M | Scene, ViewLayer | Updating Geometry BVH Cylinder.058 144/808 | Building BVH
Fra:1 Mem:382.79M (Peak 474.15M) | Time:00:00.24 | Mem:258.00M, Peak:258.00M | Scene, ViewLayer | Updating Geometry BVH Cylinder.058 144/808 | Building mesh BLAS |      60 tris | Cylinder.057
Fra:1 Mem:382.79M (Peak 474.15M) | Time:00:00.24 | Mem:258.00M, Peak:258.00M | Scene, ViewLayer | Updating Geometry BVH Cylinder.058 144/808 | Building mesh BLAS |      60 tris | Cylinder.058
Fra:1 Mem:382.79M (Peak 474.15M) | Time:00:00.24 | Mem:258.02M, Peak:258.02M | Scene, ViewLayer | Updating Geometry BVH Cylinder.059 145/808 | Building BVH
Fra:1 Mem:382.79M (Peak 474.15M) | Time:00:00.24 | Mem:258.03M, Peak:258.03M | Scene, ViewLayer | Updating Geometry BVH Cylinder.059 145/808 | Building mesh BLAS |      60 tris | Cylinder.059
Fra:1 Mem:382.79M (Peak 474.15M) | Time:00:00.24 | Mem:258.04M, Peak:258.04M | Scene, ViewLayer | Updating Geometry BVH Cylinder.060 146/808 | Building BVH
Fra:1 Mem:382.79M (Peak 474.15M) | Time:00:00.24 | Mem:258.05M, Peak:258.05M | Scene, ViewLayer | Updating Geometry BVH Cylinder.060 146/808 | Building mesh BLAS |      60 tris | Cylinder.060
Fra:1 Mem:382.79M (Peak 474.15M) | Time:00:00.24 | Mem:258.06M, Peak:258.06M | Scene, ViewLayer | Updating Geometry BVH Cylinder.061 147/808 | Building BVH
Fra:1 Mem:382.79M (Peak 474.15M) | Time:00:00.24 | Mem:258.08M, Peak:258.08M | Scene, ViewLayer | Updating Geometry BVH Cylinder.061 147/808 | Building mesh BLAS |      60 tris | Cylinder.061
Fra:1 Mem:382.79M (Peak 474.15M) | Time:00:00.24 | Mem:258.09M, Peak:258.09M | Scene, ViewLayer | Updating Geometry BVH Cylinder.062 148/808 | Building BVH
Fra:1 Mem:382.79M (Peak 474.15M) | Time:00:00.24 | Mem:258.16M, Peak:258.16M | Scene, ViewLayer | Updating Geometry BVH Cylinder.063 149/808 | Building BVH
Fra:1 Mem:382.79M (Peak 474.15M) | Time:00:00.24 | Mem:258.17M, Peak:258.17M | Scene, ViewLayer | Updating Geometry BVH Cylinder.063 149/808 | Building mesh BLAS |      60 tris | Cylinder.063
Fra:1 Mem:382.79M (Peak 474.15M) | Time:00:00.24 | Mem:258.17M, Peak:258.17M | Scene, ViewLayer | Updating Geometry BVH Cylinder.064 150/808 | Building BVH
Fra:1 Mem:382.79M (Peak 474.15M) | Time:00:00.24 | Mem:258.17M, Peak:258.17M | Scene, ViewLayer | Updating Geometry BVH Cylinder.064 150/808 | Building mesh BLAS |      60 tris | Cylinder.064
Fra:1 Mem:382.79M (Peak 474.15M) | Time:00:00.24 | Mem:258.20M, Peak:258.20M | Scene, ViewLayer | Updating Geometry BVH Cylinder.065 151/808 | Building BVH
Fra:1 Mem:382.79M (Peak 474.15M) | Time:00:00.24 | Mem:258.21M, Peak:258.21M | Scene, ViewLayer | Updating Geometry BVH Cylinder.065 151/808 | Building mesh BLAS |      60 tris | Cylinder.065
Fra:1 Mem:382.79M (Peak 474.15M) | Time:00:00.24 | Mem:258.21M, Peak:258.21M | Scene, ViewLayer | Updating Geometry BVH Cylinder.066 152/808 | Building BVH
Fra:1 Mem:382.79M (Peak 474.15M) | Time:00:00.24 | Mem:258.23M, Peak:258.23M | Scene, ViewLayer | Updating Geometry BVH Cylinder.067 153/808 | Building mesh BLAS |      60 tris | Cylinder.066
Fra:1 Mem:382.79M (Peak 474.15M) | Time:00:00.24 | Mem:258.24M, Peak:258.24M | Scene, ViewLayer | Updating Geometry BVH Cylinder.067 153/808 | Building mesh BLAS |      64 tris | Cylinder.067
Fra:1 Mem:382.79M (Peak 474.15M) | Time:00:00.24 | Mem:258.24M, Peak:258.24M | Scene, ViewLayer | Updating Geometry BVH Cylinder.068 154/808 | Building BVH
Fra:1 Mem:382.79M (Peak 474.15M) | Time:00:00.24 | Mem:258.24M, Peak:258.24M | Scene, ViewLayer | Updating Geometry BVH Cylinder.068 154/808 | Building mesh BLAS |      60 tris | Cylinder.068
Fra:1 Mem:382.79M (Peak 474.15M) | Time:00:00.24 | Mem:258.24M, Peak:258.24M | Scene, ViewLayer | Updating Geometry BVH Cylinder.069 155/808 | Building BVH
Fra:1 Mem:382.79M (Peak 474.15M) | Time:00:00.24 | Mem:258.24M, Peak:258.24M | Scene, ViewLayer | Updating Geometry BVH Cylinder.069 155/808 | Building mesh BLAS |     120 tris | Cylinder.069
Fra:1 Mem:382.79M (Peak 474.15M) | Time:00:00.24 | Mem:258.26M, Peak:258.26M | Scene, ViewLayer | Updating Geometry BVH Cylinder.070 156/808 | Building BVH
Fra:1 Mem:382.79M (Peak 474.15M) | Time:00:00.24 | Mem:258.26M, Peak:258.26M | Scene, ViewLayer | Updating Geometry BVH Cylinder.070 156/808 | Building mesh BLAS |      60 tris | Cylinder.070
Fra:1 Mem:382.79M (Peak 474.15M) | Time:00:00.24 | Mem:258.28M, Peak:258.28M | Scene, ViewLayer | Updating Geometry BVH Cylinder.071 157/808 | Building BVH
Fra:1 Mem:382.79M (Peak 474.15M) | Time:00:00.24 | Mem:258.28M, Peak:258.28M | Scene, ViewLayer | Updating Geometry BVH Cylinder.071 157/808 | Building mesh BLAS |      44 tris | Cylinder.071
Fra:1 Mem:382.79M (Peak 474.15M) | Time:00:00.24 | Mem:258.28M, Peak:258.28M | Scene, ViewLayer | Updating Geometry BVH Cube.085 158/808 | Building BVH
Fra:1 Mem:382.79M (Peak 474.15M) | Time:00:00.24 | Mem:258.28M, Peak:258.28M | Scene, ViewLayer | Updating Geometry BVH Cube.085 158/808 | Building mesh BLAS |     188 tris | Cube.085
Fra:1 Mem:382.79M (Peak 474.15M) | Time:00:00.24 | Mem:258.29M, Peak:258.29M | Scene, ViewLayer | Updating Geometry BVH North colonnade arch vault.001 793/808 | Building BVH
Fra:1 Mem:382.79M (Peak 474.15M) | Time:00:00.24 | Mem:258.39M, Peak:258.39M | Scene, ViewLayer | Updating Geometry BVH Cube.086 159/808 | Building BVH
Fra:1 Mem:382.79M (Peak 474.15M) | Time:00:00.24 | Mem:258.39M, Peak:258.39M | Scene, ViewLayer | Updating Geometry BVH Cube.087 160/808 | Building mesh BLAS |     188 tris | Cube.086
Fra:1 Mem:382.79M (Peak 474.15M) | Time:00:00.24 | Mem:258.41M, Peak:258.41M | Scene, ViewLayer | Updating Geometry BVH Cube.088 161/808 | Building BVH
Fra:1 Mem:382.79M (Peak 474.15M) | Time:00:00.24 | Mem:258.44M, Peak:258.44M | Scene, ViewLayer | Updating Geometry BVH Cube.088 161/808 | Building mesh BLAS |     188 tris | Cube.088
Fra:1 Mem:382.79M (Peak 474.15M) | Time:00:00.24 | Mem:258.45M, Peak:258.45M | Scene, ViewLayer | Updating Geometry BVH Cube.088 161/808 | Building mesh BLAS |     188 tris | Cube.087
Fra:1 Mem:382.79M (Peak 474.15M) | Time:00:00.24 | Mem:258.48M, Peak:258.48M | Scene, ViewLayer | Updating Geometry BVH Cube.092 165/808 | Building BVH
Fra:1 Mem:382.79M (Peak 474.15M) | Time:00:00.24 | Mem:258.52M, Peak:258.52M | Scene, ViewLayer | Updating Geometry BVH Cube.092 165/808 | Building mesh BLAS |     188 tris | Cube.092
Fra:1 Mem:382.79M (Peak 474.15M) | Time:00:00.24 | Mem:258.52M, Peak:258.52M | Scene, ViewLayer | Updating Geometry BVH Cube.092 165/808 | Building mesh BLAS |     188 tris | Cube.090
Fra:1 Mem:382.79M (Peak 474.15M) | Time:00:00.24 | Mem:258.57M, Peak:258.57M | Scene, ViewLayer | Updating Geometry BVH Cube.092 165/808 | Building mesh BLAS |     188 tris | Cube.089
Fra:1 Mem:382.79M (Peak 474.15M) | Time:00:00.24 | Mem:258.57M, Peak:258.57M | Scene, ViewLayer | Updating Geometry BVH Cube.093 166/808 | Building BVH
Fra:1 Mem:382.79M (Peak 474.15M) | Time:00:00.24 | Mem:258.57M, Peak:258.57M | Scene, ViewLayer | Updating Geometry BVH Cube.094 167/808 | Building BVH
Fra:1 Mem:382.79M (Peak 474.15M) | Time:00:00.24 | Mem:258.57M, Peak:258.57M | Scene, ViewLayer | Updating Geometry BVH Cube.096 169/808 | Building mesh BLAS |     188 tris | Cube.093
Fra:1 Mem:382.79M (Peak 474.15M) | Time:00:00.24 | Mem:258.57M, Peak:258.57M | Scene, ViewLayer | Updating Geometry BVH Cube.096 169/808 | Building mesh BLAS |     188 tris | Cube.094
Fra:1 Mem:382.79M (Peak 474.15M) | Time:00:00.24 | Mem:258.57M, Peak:258.57M | Scene, ViewLayer | Updating Geometry BVH Cube.096 169/808 | Building mesh BLAS |     188 tris | Cube.091
Fra:1 Mem:382.79M (Peak 474.15M) | Time:00:00.24 | Mem:258.57M, Peak:258.57M | Scene, ViewLayer | Updating Geometry BVH Cube.096 169/808 | Building mesh BLAS |     188 tris | Cube.095
Fra:1 Mem:382.79M (Peak 474.15M) | Time:00:00.24 | Mem:258.57M, Peak:258.57M | Scene, ViewLayer | Updating Geometry BVH Cube.097 170/808 | Building mesh BLAS |     188 tris | Cube.096
Fra:1 Mem:382.79M (Peak 474.15M) | Time:00:00.24 | Mem:258.58M, Peak:258.58M | Scene, ViewLayer | Updating Geometry BVH Cube.098 171/808 | Building BVH
Fra:1 Mem:382.79M (Peak 474.15M) | Time:00:00.24 | Mem:258.58M, Peak:258.58M | Scene, ViewLayer | Updating Geometry BVH Cube.099 172/808 | Building BVH
Fra:1 Mem:382.79M (Peak 474.15M) | Time:00:00.24 | Mem:258.58M, Peak:258.58M | Scene, ViewLayer | Updating Geometry BVH Cube.099 172/808 | Building mesh BLAS |     188 tris | Cube.098
Fra:1 Mem:382.79M (Peak 474.15M) | Time:00:00.24 | Mem:258.58M, Peak:258.58M | Scene, ViewLayer | Updating Geometry BVH Cube.100 173/808 | Building BVH
Fra:1 Mem:382.79M (Peak 474.15M) | Time:00:00.24 | Mem:258.58M, Peak:258.58M | Scene, ViewLayer | Updating Geometry BVH Cube.100 173/808 | Building mesh BLAS |     188 tris | Cube.099
Fra:1 Mem:382.79M (Peak 474.15M) | Time:00:00.24 | Mem:258.58M, Peak:258.58M | Scene, ViewLayer | Updating Geometry BVH Cube.101 174/808 | Building BVH
Fra:1 Mem:382.79M (Peak 474.15M) | Time:00:00.24 | Mem:258.58M, Peak:258.58M | Scene, ViewLayer | Updating Geometry BVH Cube.102 175/808 | Building mesh BLAS |     188 tris | Cube.101
Fra:1 Mem:382.79M (Peak 474.15M) | Time:00:00.24 | Mem:258.59M, Peak:258.59M | Scene, ViewLayer | Updating Geometry BVH Cube.102 175/808 | Building mesh BLAS |     188 tris | Cube.102
Fra:1 Mem:382.79M (Peak 474.15M) | Time:00:00.24 | Mem:258.67M, Peak:258.67M | Scene, ViewLayer | Updating Geometry BVH North colonnade arch vault 792/808 | Building BVH
Fra:1 Mem:382.79M (Peak 474.15M) | Time:00:00.24 | Mem:258.67M, Peak:258.67M | Scene, ViewLayer | Updating Geometry BVH Cube.103 176/808 | Building BVH
Fra:1 Mem:382.79M (Peak 474.15M) | Time:00:00.24 | Mem:258.68M, Peak:258.68M | Scene, ViewLayer | Updating Geometry BVH Cube.103 176/808 | Building mesh BLAS |    1436 tris | North colonnade arch vault
Fra:1 Mem:382.79M (Peak 474.15M) | Time:00:00.24 | Mem:258.68M, Peak:258.68M | Scene, ViewLayer | Updating Geometry BVH Cube.104 177/808 | Building BVH
Fra:1 Mem:382.79M (Peak 474.15M) | Time:00:00.24 | Mem:258.68M, Peak:258.68M | Scene, ViewLayer | Updating Geometry BVH Cube.105 178/808 | Building BVH
Fra:1 Mem:382.79M (Peak 474.15M) | Time:00:00.24 | Mem:258.68M, Peak:258.68M | Scene, ViewLayer | Updating Geometry BVH Cube.106 179/808 | Building BVH
Fra:1 Mem:382.79M (Peak 474.15M) | Time:00:00.24 | Mem:258.68M, Peak:258.68M | Scene, ViewLayer | Updating Geometry BVH Cube.106 179/808 | Building mesh BLAS |     188 tris | Cube.105
Fra:1 Mem:382.79M (Peak 474.15M) | Time:00:00.24 | Mem:258.68M, Peak:258.68M | Scene, ViewLayer | Updating Geometry BVH Cube.106 179/808 | Building mesh BLAS |     188 tris | Cube.106
Fra:1 Mem:382.79M (Peak 474.15M) | Time:00:00.24 | Mem:258.69M, Peak:258.69M | Scene, ViewLayer | Updating Geometry BVH Cube.107 180/808 | Building BVH
Fra:1 Mem:382.79M (Peak 474.15M) | Time:00:00.24 | Mem:258.69M, Peak:258.69M | Scene, ViewLayer | Updating Geometry BVH Cube.108 181/808 | Building BVH
Fra:1 Mem:382.79M (Peak 474.15M) | Time:00:00.24 | Mem:258.70M, Peak:258.70M | Scene, ViewLayer | Updating Geometry BVH Cube.109 182/808 | Building mesh BLAS |     188 tris | Cube.108
Fra:1 Mem:382.79M (Peak 474.15M) | Time:00:00.24 | Mem:258.70M, Peak:258.70M | Scene, ViewLayer | Updating Geometry BVH Cube.110 183/808 | Building BVH
Fra:1 Mem:382.79M (Peak 474.15M) | Time:00:00.24 | Mem:258.70M, Peak:258.70M | Scene, ViewLayer | Updating Geometry BVH Cube.110 183/808 | Building mesh BLAS |     188 tris | Cube.110
Fra:1 Mem:382.79M (Peak 474.15M) | Time:00:00.24 | Mem:258.70M, Peak:258.70M | Scene, ViewLayer | Updating Geometry BVH Cube.111 184/808 | Building mesh BLAS |     188 tris | Cube.109
Fra:1 Mem:382.79M (Peak 474.15M) | Time:00:00.24 | Mem:258.70M, Peak:258.70M | Scene, ViewLayer | Updating Geometry BVH Cube.112 185/808 | Building mesh BLAS |     188 tris | Cube.107
Fra:1 Mem:382.79M (Peak 474.15M) | Time:00:00.24 | Mem:258.70M, Peak:258.70M | Scene, ViewLayer | Updating Geometry BVH Cube.113 186/808 | Building BVH
Fra:1 Mem:382.79M (Peak 474.15M) | Time:00:00.24 | Mem:258.70M, Peak:258.70M | Scene, ViewLayer | Updating Geometry BVH Cube.114 187/808 | Building BVH
Fra:1 Mem:382.79M (Peak 474.15M) | Time:00:00.24 | Mem:258.70M, Peak:258.70M | Scene, ViewLayer | Updating Geometry BVH Cube.115 188/808 | Building BVH
Fra:1 Mem:382.79M (Peak 474.15M) | Time:00:00.24 | Mem:258.70M, Peak:258.70M | Scene, ViewLayer | Updating Geometry BVH Cube.115 188/808 | Building mesh BLAS |     188 tris | Cube.112
Fra:1 Mem:382.79M (Peak 474.15M) | Time:00:00.24 | Mem:258.71M, Peak:258.71M | Scene, ViewLayer | Updating Geometry BVH Cube.115 188/808 | Building mesh BLAS |     188 tris | Cube.115
Fra:1 Mem:382.79M (Peak 474.15M) | Time:00:00.24 | Mem:258.71M, Peak:258.71M | Scene, ViewLayer | Updating Geometry BVH Cube.115 188/808 | Building mesh BLAS |     760 tris | Cube.114
Fra:1 Mem:382.79M (Peak 474.15M) | Time:00:00.24 | Mem:258.71M, Peak:258.71M | Scene, ViewLayer | Updating Geometry BVH Cube.115 188/808 | Building mesh BLAS |     836 tris | Cube.113
Fra:1 Mem:382.79M (Peak 474.15M) | Time:00:00.24 | Mem:258.71M, Peak:258.71M | Scene, ViewLayer | Updating Geometry BVH Cube.115 188/808 | Building mesh BLAS |     188 tris | Cube.111
Fra:1 Mem:382.79M (Peak 474.15M) | Time:00:00.24 | Mem:258.71M, Peak:258.71M | Scene, ViewLayer | Updating Geometry BVH Cube.116 189/808 | Building BVH
Fra:1 Mem:382.79M (Peak 474.15M) | Time:00:00.24 | Mem:258.71M, Peak:258.71M | Scene, ViewLayer | Updating Geometry BVH Cube.117 190/808 | Building BVH
Fra:1 Mem:382.79M (Peak 474.15M) | Time:00:00.24 | Mem:258.71M, Peak:258.71M | Scene, ViewLayer | Updating Geometry BVH Cube.117 190/808 | Building mesh BLAS |     188 tris | Cube.116
Fra:1 Mem:382.79M (Peak 474.15M) | Time:00:00.24 | Mem:258.71M, Peak:258.71M | Scene, ViewLayer | Updating Geometry BVH Cube.117 190/808 | Building mesh BLAS |     188 tris | Cube.117
Fra:1 Mem:382.79M (Peak 474.15M) | Time:00:00.24 | Mem:258.72M, Peak:258.72M | Scene, ViewLayer | Updating Geometry BVH Cube.118 191/808 | Building BVH
Fra:1 Mem:382.79M (Peak 474.15M) | Time:00:00.24 | Mem:258.73M, Peak:258.73M | Scene, ViewLayer | Updating Geometry BVH Cube.118 191/808 | Building mesh BLAS |     188 tris | Cube.118
Fra:1 Mem:382.79M (Peak 474.15M) | Time:00:00.24 | Mem:258.73M, Peak:258.73M | Scene, ViewLayer | Updating Geometry BVH Cube.119 192/808 | Building BVH
Fra:1 Mem:382.79M (Peak 474.15M) | Time:00:00.24 | Mem:258.73M, Peak:258.73M | Scene, ViewLayer | Updating Geometry BVH Continuous stair soffit.003 791/808 | Building mesh BLAS |     188 tris | Cube.119
Fra:1 Mem:382.79M (Peak 474.15M) | Time:00:00.24 | Mem:258.81M, Peak:258.81M | Scene, ViewLayer | Updating Geometry BVH Cube.120 193/808 | Building BVH
Fra:1 Mem:382.79M (Peak 474.15M) | Time:00:00.24 | Mem:258.81M, Peak:258.81M | Scene, ViewLayer | Updating Geometry BVH Cube.120 193/808 | Building mesh BLAS |     188 tris | Cube.120
Fra:1 Mem:382.79M (Peak 474.15M) | Time:00:00.24 | Mem:258.81M, Peak:258.81M | Scene, ViewLayer | Updating Geometry BVH Cube.120 193/808 | Building mesh BLAS |     760 tris | Continuous stair soffit.003
Fra:1 Mem:382.79M (Peak 474.15M) | Time:00:00.24 | Mem:258.81M, Peak:258.81M | Scene, ViewLayer | Updating Geometry BVH Cube.121 194/808 | Building BVH
Fra:1 Mem:382.79M (Peak 474.15M) | Time:00:00.24 | Mem:258.81M, Peak:258.81M | Scene, ViewLayer | Updating Geometry BVH Cube.123 196/808 | Building BVH
Fra:1 Mem:382.79M (Peak 474.15M) | Time:00:00.24 | Mem:258.82M, Peak:258.82M | Scene, ViewLayer | Updating Geometry BVH Cube.123 196/808 | Building mesh BLAS |     188 tris | Cube.121
Fra:1 Mem:382.79M (Peak 474.15M) | Time:00:00.24 | Mem:258.82M, Peak:258.82M | Scene, ViewLayer | Updating Geometry BVH Cube.123 196/808 | Building mesh BLAS |     188 tris | Cube.123
Fra:1 Mem:382.79M (Peak 474.15M) | Time:00:00.24 | Mem:258.82M, Peak:258.82M | Scene, ViewLayer | Updating Geometry BVH Cube.124 197/808 | Building BVH
Fra:1 Mem:382.79M (Peak 474.15M) | Time:00:00.24 | Mem:258.82M, Peak:258.82M | Scene, ViewLayer | Updating Geometry BVH Cube.124 197/808 | Building mesh BLAS |     188 tris | Cube.124
Fra:1 Mem:382.79M (Peak 474.15M) | Time:00:00.24 | Mem:258.82M, Peak:258.82M | Scene, ViewLayer | Updating Geometry BVH Cube.124 197/808 | Building mesh BLAS |     188 tris | Cube.122
Fra:1 Mem:382.79M (Peak 474.15M) | Time:00:00.24 | Mem:258.82M, Peak:258.82M | Scene, ViewLayer | Updating Geometry BVH Cube.125 198/808 | Building BVH
Fra:1 Mem:382.79M (Peak 474.15M) | Time:00:00.24 | Mem:258.83M, Peak:258.83M | Scene, ViewLayer | Updating Geometry BVH Cube.125 198/808 | Building mesh BLAS |     380 tris | Cube.125
Fra:1 Mem:382.79M (Peak 474.15M) | Time:00:00.24 | Mem:258.83M, Peak:258.83M | Scene, ViewLayer | Updating Geometry BVH Cube.126 199/808 | Building BVH
Fra:1 Mem:382.79M (Peak 474.15M) | Time:00:00.24 | Mem:258.83M, Peak:258.83M | Scene, ViewLayer | Updating Geometry BVH Cube.127 200/808 | Building BVH
Fra:1 Mem:382.79M (Peak 474.15M) | Time:00:00.24 | Mem:258.83M, Peak:258.83M | Scene, ViewLayer | Updating Geometry BVH Cube.127 200/808 | Building mesh BLAS |     188 tris | Cube.127
Fra:1 Mem:382.79M (Peak 474.15M) | Time:00:00.24 | Mem:258.83M, Peak:258.83M | Scene, ViewLayer | Updating Geometry BVH Cube.128 201/808 | Building BVH
Fra:1 Mem:382.79M (Peak 474.15M) | Time:00:00.24 | Mem:258.83M, Peak:258.83M | Scene, ViewLayer | Updating Geometry BVH Cube.128 201/808 | Building mesh BLAS |     188 tris | Cube.128
Fra:1 Mem:382.79M (Peak 474.15M) | Time:00:00.24 | Mem:258.83M, Peak:258.83M | Scene, ViewLayer | Updating Geometry BVH Cube.129 202/808 | Building BVH
Fra:1 Mem:382.79M (Peak 474.15M) | Time:00:00.24 | Mem:258.84M, Peak:258.84M | Scene, ViewLayer | Updating Geometry BVH Cube.129 202/808 | Building mesh BLAS |     188 tris | Cube.129
Fra:1 Mem:382.79M (Peak 474.15M) | Time:00:00.24 | Mem:258.84M, Peak:258.84M | Scene, ViewLayer | Updating Geometry BVH Cube.131 204/808 | Building BVH
Fra:1 Mem:382.79M (Peak 474.15M) | Time:00:00.24 | Mem:258.84M, Peak:258.84M | Scene, ViewLayer | Updating Geometry BVH Cube.131 204/808 | Building mesh BLAS |     188 tris | Cube.131
Fra:1 Mem:382.79M (Peak 474.15M) | Time:00:00.24 | Mem:258.84M, Peak:258.84M | Scene, ViewLayer | Updating Geometry BVH Cube.131 204/808 | Building mesh BLAS |     188 tris | Cube.130
Fra:1 Mem:382.79M (Peak 474.15M) | Time:00:00.24 | Mem:258.84M, Peak:258.84M | Scene, ViewLayer | Updating Geometry BVH Cube.132 205/808 | Building BVH
Fra:1 Mem:382.79M (Peak 474.15M) | Time:00:00.24 | Mem:258.84M, Peak:258.84M | Scene, ViewLayer | Updating Geometry BVH Cube.132 205/808 | Building mesh BLAS |     188 tris | Cube.132
Fra:1 Mem:382.79M (Peak 474.15M) | Time:00:00.24 | Mem:258.84M, Peak:258.84M | Scene, ViewLayer | Updating Geometry BVH Cube.133 206/808 | Building BVH
Fra:1 Mem:382.79M (Peak 474.15M) | Time:00:00.24 | Mem:258.85M, Peak:258.85M | Scene, ViewLayer | Updating Geometry BVH Cube.134 207/808 | Building BVH
Fra:1 Mem:382.79M (Peak 474.15M) | Time:00:00.24 | Mem:258.85M, Peak:258.85M | Scene, ViewLayer | Updating Geometry BVH Cube.136 209/808 | Building BVH
Fra:1 Mem:382.79M (Peak 474.15M) | Time:00:00.24 | Mem:258.85M, Peak:258.85M | Scene, ViewLayer | Updating Geometry BVH Cube.136 209/808 | Building mesh BLAS |     188 tris | Cube.134
Fra:1 Mem:382.79M (Peak 474.15M) | Time:00:00.24 | Mem:258.85M, Peak:258.85M | Scene, ViewLayer | Updating Geometry BVH Cube.136 209/808 | Building mesh BLAS |     188 tris | Cube.136
Fra:1 Mem:382.79M (Peak 474.15M) | Time:00:00.24 | Mem:258.85M, Peak:258.85M | Scene, ViewLayer | Updating Geometry BVH Cube.137 210/808 | Building BVH
Fra:1 Mem:382.79M (Peak 474.15M) | Time:00:00.24 | Mem:258.85M, Peak:258.85M | Scene, ViewLayer | Updating Geometry BVH Cube.137 210/808 | Building mesh BLAS |     188 tris | Cube.135
Fra:1 Mem:382.79M (Peak 474.15M) | Time:00:00.24 | Mem:258.85M, Peak:258.85M | Scene, ViewLayer | Updating Geometry BVH Cube.137 210/808 | Building mesh BLAS |     188 tris | Cube.137
Fra:1 Mem:382.79M (Peak 474.15M) | Time:00:00.24 | Mem:258.86M, Peak:258.86M | Scene, ViewLayer | Updating Geometry BVH Continuous stair soffit.002 790/808 | Building BVH
Fra:1 Mem:382.79M (Peak 474.15M) | Time:00:00.24 | Mem:258.86M, Peak:258.86M | Scene, ViewLayer | Updating Geometry BVH Continuous stair soffit.002 790/808 | Building mesh BLAS |     188 tris | Continuous stair soffit.002
Fra:1 Mem:382.79M (Peak 474.15M) | Time:00:00.24 | Mem:258.87M, Peak:258.87M | Scene, ViewLayer | Updating Geometry BVH Cube.138 211/808 | Building BVH
Fra:1 Mem:382.79M (Peak 474.15M) | Time:00:00.24 | Mem:258.87M, Peak:258.87M | Scene, ViewLayer | Updating Geometry BVH Cube.139 212/808 | Building BVH
Fra:1 Mem:382.79M (Peak 474.15M) | Time:00:00.24 | Mem:258.87M, Peak:258.87M | Scene, ViewLayer | Updating Geometry BVH Cube.139 212/808 | Building mesh BLAS |     188 tris | Cube.138
Fra:1 Mem:382.79M (Peak 474.15M) | Time:00:00.24 | Mem:258.87M, Peak:258.87M | Scene, ViewLayer | Updating Geometry BVH Cube.139 212/808 | Building mesh BLAS |     188 tris | Cube.139
Fra:1 Mem:382.79M (Peak 474.15M) | Time:00:00.24 | Mem:258.87M, Peak:258.87M | Scene, ViewLayer | Updating Geometry BVH Cube.140 213/808 | Building BVH
Fra:1 Mem:382.79M (Peak 474.15M) | Time:00:00.24 | Mem:258.87M, Peak:258.87M | Scene, ViewLayer | Updating Geometry BVH Cube.141 214/808 | Building BVH
Fra:1 Mem:382.79M (Peak 474.15M) | Time:00:00.24 | Mem:258.87M, Peak:258.87M | Scene, ViewLayer | Updating Geometry BVH Cube.142 215/808 | Building BVH
Fra:1 Mem:382.79M (Peak 474.15M) | Time:00:00.24 | Mem:258.87M, Peak:258.87M | Scene, ViewLayer | Updating Geometry BVH Cube.142 215/808 | Building mesh BLAS |     188 tris | Cube.141
Fra:1 Mem:382.79M (Peak 474.15M) | Time:00:00.24 | Mem:258.87M, Peak:258.87M | Scene, ViewLayer | Updating Geometry BVH Cube.142 215/808 | Building mesh BLAS |     188 tris | Cube.142
Fra:1 Mem:382.79M (Peak 474.15M) | Time:00:00.24 | Mem:258.95M, Peak:258.95M | Scene, ViewLayer | Updating Geometry BVH Cube.143 216/808 | Building BVH
Fra:1 Mem:382.79M (Peak 474.15M) | Time:00:00.24 | Mem:258.95M, Peak:258.95M | Scene, ViewLayer | Updating Geometry BVH Cube.144 217/808 | Building BVH
Fra:1 Mem:382.79M (Peak 474.15M) | Time:00:00.24 | Mem:258.95M, Peak:258.95M | Scene, ViewLayer | Updating Geometry BVH Cube.144 217/808 | Building mesh BLAS |     188 tris | Cube.143
Fra:1 Mem:382.79M (Peak 474.15M) | Time:00:00.24 | Mem:258.95M, Peak:258.95M | Scene, ViewLayer | Updating Geometry BVH Cube.144 217/808 | Building mesh BLAS |     188 tris | Cube.144
Fra:1 Mem:382.79M (Peak 474.15M) | Time:00:00.24 | Mem:258.95M, Peak:258.95M | Scene, ViewLayer | Updating Geometry BVH Cube.145 218/808 | Building BVH
Fra:1 Mem:382.79M (Peak 474.15M) | Time:00:00.24 | Mem:258.95M, Peak:258.95M | Scene, ViewLayer | Updating Geometry BVH Cube.145 218/808 | Building mesh BLAS |     188 tris | Cube.145
Fra:1 Mem:382.79M (Peak 474.15M) | Time:00:00.24 | Mem:258.96M, Peak:258.96M | Scene, ViewLayer | Updating Geometry BVH Cube.146 219/808 | Building BVH
Fra:1 Mem:382.79M (Peak 474.15M) | Time:00:00.24 | Mem:258.96M, Peak:258.96M | Scene, ViewLayer | Updating Geometry BVH Cube.146 219/808 | Building mesh BLAS |     188 tris | Cube.146
Fra:1 Mem:382.79M (Peak 474.15M) | Time:00:00.24 | Mem:258.96M, Peak:258.96M | Scene, ViewLayer | Updating Geometry BVH Cube.147 220/808 | Building BVH
Fra:1 Mem:382.79M (Peak 474.15M) | Time:00:00.24 | Mem:258.96M, Peak:258.96M | Scene, ViewLayer | Updating Geometry BVH Cube.147 220/808 | Building mesh BLAS |     188 tris | Cube.147
Fra:1 Mem:382.79M (Peak 474.15M) | Time:00:00.24 | Mem:258.96M, Peak:258.96M | Scene, ViewLayer | Updating Geometry BVH Cube.148 221/808 | Building BVH
Fra:1 Mem:382.79M (Peak 474.15M) | Time:00:00.24 | Mem:258.96M, Peak:258.96M | Scene, ViewLayer | Updating Geometry BVH Cube.148 221/808 | Building mesh BLAS |     188 tris | Cube.148
Fra:1 Mem:382.79M (Peak 474.15M) | Time:00:00.24 | Mem:258.97M, Peak:258.97M | Scene, ViewLayer | Updating Geometry BVH Cube.149 222/808 | Building BVH
Fra:1 Mem:382.79M (Peak 474.15M) | Time:00:00.24 | Mem:258.97M, Peak:258.97M | Scene, ViewLayer | Updating Geometry BVH Cube.149 222/808 | Building mesh BLAS |     188 tris | Cube.149
Fra:1 Mem:382.79M (Peak 474.15M) | Time:00:00.24 | Mem:258.97M, Peak:258.97M | Scene, ViewLayer | Updating Geometry BVH Cube.150 223/808 | Building BVH
Fra:1 Mem:382.79M (Peak 474.15M) | Time:00:00.24 | Mem:258.97M, Peak:258.97M | Scene, ViewLayer | Updating Geometry BVH Cube.150 223/808 | Building mesh BLAS |     188 tris | Cube.150
Fra:1 Mem:382.79M (Peak 474.15M) | Time:00:00.24 | Mem:258.97M, Peak:258.97M | Scene, ViewLayer | Updating Geometry BVH Cube.151 224/808 | Building BVH
Fra:1 Mem:382.79M (Peak 474.15M) | Time:00:00.24 | Mem:258.97M, Peak:258.97M | Scene, ViewLayer | Updating Geometry BVH Cube.151 224/808 | Building mesh BLAS |     188 tris | Cube.151
Fra:1 Mem:382.79M (Peak 474.15M) | Time:00:00.24 | Mem:258.98M, Peak:258.98M | Scene, ViewLayer | Updating Geometry BVH Cube.152 225/808 | Building BVH
Fra:1 Mem:382.79M (Peak 474.15M) | Time:00:00.24 | Mem:258.98M, Peak:258.98M | Scene, ViewLayer | Updating Geometry BVH Cube.152 225/808 | Building mesh BLAS |     188 tris | Cube.152
Fra:1 Mem:382.79M (Peak 474.15M) | Time:00:00.24 | Mem:258.98M, Peak:258.98M | Scene, ViewLayer | Updating Geometry BVH Cube.153 226/808 | Building BVH
Fra:1 Mem:382.79M (Peak 474.15M) | Time:00:00.24 | Mem:258.98M, Peak:258.98M | Scene, ViewLayer | Updating Geometry BVH Cube.154 227/808 | Building BVH
Fra:1 Mem:382.79M (Peak 474.15M) | Time:00:00.24 | Mem:258.98M, Peak:258.98M | Scene, ViewLayer | Updating Geometry BVH Cube.154 227/808 | Building mesh BLAS |     188 tris | Cube.153
Fra:1 Mem:382.79M (Peak 474.15M) | Time:00:00.24 | Mem:258.98M, Peak:258.98M | Scene, ViewLayer | Updating Geometry BVH Cube.154 227/808 | Building mesh BLAS |     188 tris | Cube.154
Fra:1 Mem:382.79M (Peak 474.15M) | Time:00:00.24 | Mem:258.98M, Peak:258.98M | Scene, ViewLayer | Updating Geometry BVH Continuous stair soffit.001 789/808 | Building BVH
Fra:1 Mem:382.79M (Peak 474.15M) | Time:00:00.24 | Mem:258.98M, Peak:258.98M | Scene, ViewLayer | Updating Geometry BVH Continuous stair soffit.001 789/808 | Building mesh BLAS |     188 tris | Continuous stair soffit.001
Fra:1 Mem:382.79M (Peak 474.15M) | Time:00:00.24 | Mem:258.99M, Peak:258.99M | Scene, ViewLayer | Updating Geometry BVH Cube.155 228/808 | Building BVH
Fra:1 Mem:382.79M (Peak 474.15M) | Time:00:00.24 | Mem:258.99M, Peak:258.99M | Scene, ViewLayer | Updating Geometry BVH Cube.156 229/808 | Building mesh BLAS |     188 tris | Cube.155
Fra:1 Mem:382.79M (Peak 474.15M) | Time:00:00.24 | Mem:259.00M, Peak:259.00M | Scene, ViewLayer | Updating Geometry BVH Cube.156 229/808 | Building mesh BLAS |     188 tris | Cube.156
Fra:1 Mem:382.79M (Peak 474.15M) | Time:00:00.24 | Mem:259.00M, Peak:259.00M | Scene, ViewLayer | Updating Geometry BVH Cube.157 230/808 | Building BVH
Fra:1 Mem:382.79M (Peak 474.15M) | Time:00:00.24 | Mem:259.00M, Peak:259.00M | Scene, ViewLayer | Updating Geometry BVH Cube.157 230/808 | Building mesh BLAS |     188 tris | Cube.157
Fra:1 Mem:382.79M (Peak 474.15M) | Time:00:00.24 | Mem:259.00M, Peak:259.00M | Scene, ViewLayer | Updating Geometry BVH Cube.158 231/808 | Building BVH
Fra:1 Mem:382.79M (Peak 474.15M) | Time:00:00.24 | Mem:259.00M, Peak:259.00M | Scene, ViewLayer | Updating Geometry BVH Cube.158 231/808 | Building mesh BLAS |     188 tris | Cube.158
Fra:1 Mem:382.79M (Peak 474.15M) | Time:00:00.24 | Mem:259.00M, Peak:259.00M | Scene, ViewLayer | Updating Geometry BVH Cube.159 232/808 | Building BVH
Fra:1 Mem:382.79M (Peak 474.15M) | Time:00:00.24 | Mem:259.00M, Peak:259.00M | Scene, ViewLayer | Updating Geometry BVH Cube.159 232/808 | Building mesh BLAS |     188 tris | Cube.159
Fra:1 Mem:382.79M (Peak 474.15M) | Time:00:00.24 | Mem:259.00M, Peak:259.00M | Scene, ViewLayer | Updating Geometry BVH Cube.160 233/808 | Building BVH
Fra:1 Mem:382.79M (Peak 474.15M) | Time:00:00.24 | Mem:259.00M, Peak:259.00M | Scene, ViewLayer | Updating Geometry BVH Cube.160 233/808 | Building mesh BLAS |     188 tris | Cube.160
Fra:1 Mem:382.79M (Peak 474.15M) | Time:00:00.24 | Mem:259.00M, Peak:259.00M | Scene, ViewLayer | Updating Geometry BVH Cube.161 234/808 | Building BVH
Fra:1 Mem:382.79M (Peak 474.15M) | Time:00:00.24 | Mem:259.00M, Peak:259.00M | Scene, ViewLayer | Updating Geometry BVH Cube.161 234/808 | Building mesh BLAS |     188 tris | Cube.161
Fra:1 Mem:382.79M (Peak 474.15M) | Time:00:00.25 | Mem:259.01M, Peak:259.01M | Scene, ViewLayer | Updating Geometry BVH Cube.162 235/808 | Building BVH
Fra:1 Mem:382.79M (Peak 474.15M) | Time:00:00.25 | Mem:259.01M, Peak:259.01M | Scene, ViewLayer | Updating Geometry BVH Cube.162 235/808 | Building mesh BLAS |     188 tris | Cube.162
Fra:1 Mem:382.79M (Peak 474.15M) | Time:00:00.25 | Mem:259.10M, Peak:259.10M | Scene, ViewLayer | Updating Geometry BVH Cube.163 236/808 | Building BVH
Fra:1 Mem:382.79M (Peak 474.15M) | Time:00:00.25 | Mem:259.10M, Peak:259.10M | Scene, ViewLayer | Updating Geometry BVH Cube.163 236/808 | Building mesh BLAS |     188 tris | Cube.163
Fra:1 Mem:382.79M (Peak 474.15M) | Time:00:00.25 | Mem:259.10M, Peak:259.10M | Scene, ViewLayer | Updating Geometry BVH Cube.164 237/808 | Building BVH
Fra:1 Mem:382.79M (Peak 474.15M) | Time:00:00.25 | Mem:259.11M, Peak:259.11M | Scene, ViewLayer | Updating Geometry BVH Cube.165 238/808 | Building BVH
Fra:1 Mem:382.79M (Peak 474.15M) | Time:00:00.25 | Mem:259.11M, Peak:259.11M | Scene, ViewLayer | Updating Geometry BVH Cube.165 238/808 | Building mesh BLAS |     188 tris | Cube.164
Fra:1 Mem:382.79M (Peak 474.15M) | Time:00:00.25 | Mem:259.11M, Peak:259.11M | Scene, ViewLayer | Updating Geometry BVH Cube.165 238/808 | Building mesh BLAS |     188 tris | Cube.165
Fra:1 Mem:382.79M (Peak 474.15M) | Time:00:00.25 | Mem:259.11M, Peak:259.11M | Scene, ViewLayer | Updating Geometry BVH Cube.167 240/808 | Building BVH
Fra:1 Mem:382.79M (Peak 474.15M) | Time:00:00.25 | Mem:259.11M, Peak:259.11M | Scene, ViewLayer | Updating Geometry BVH Cube.167 240/808 | Building mesh BLAS |     188 tris | Cube.166
Fra:1 Mem:382.79M (Peak 474.15M) | Time:00:00.25 | Mem:259.11M, Peak:259.11M | Scene, ViewLayer | Updating Geometry BVH Cube.167 240/808 | Building mesh BLAS |     188 tris | Cube.167
Fra:1 Mem:382.79M (Peak 474.15M) | Time:00:00.25 | Mem:259.11M, Peak:259.11M | Scene, ViewLayer | Updating Geometry BVH Cube.168 241/808 | Building BVH
Fra:1 Mem:382.79M (Peak 474.15M) | Time:00:00.25 | Mem:259.11M, Peak:259.11M | Scene, ViewLayer | Updating Geometry BVH Cube.168 241/808 | Building mesh BLAS |     188 tris | Cube.168
Fra:1 Mem:382.79M (Peak 474.15M) | Time:00:00.25 | Mem:259.11M, Peak:259.11M | Scene, ViewLayer | Updating Geometry BVH Cube.169 242/808 | Building BVH
Fra:1 Mem:382.79M (Peak 474.15M) | Time:00:00.25 | Mem:259.12M, Peak:259.12M | Scene, ViewLayer | Updating Geometry BVH Cube.169 242/808 | Building mesh BLAS |     188 tris | Cube.169
Fra:1 Mem:382.79M (Peak 474.15M) | Time:00:00.25 | Mem:259.12M, Peak:259.12M | Scene, ViewLayer | Updating Geometry BVH Cube.170 243/808 | Building BVH
Fra:1 Mem:382.79M (Peak 474.15M) | Time:00:00.25 | Mem:259.12M, Peak:259.12M | Scene, ViewLayer | Updating Geometry BVH Cube.171 244/808 | Building BVH
Fra:1 Mem:382.79M (Peak 474.15M) | Time:00:00.25 | Mem:259.12M, Peak:259.12M | Scene, ViewLayer | Updating Geometry BVH Cube.171 244/808 | Building mesh BLAS |     188 tris | Cube.170
Fra:1 Mem:382.79M (Peak 474.15M) | Time:00:00.25 | Mem:259.12M, Peak:259.12M | Scene, ViewLayer | Updating Geometry BVH Cube.171 244/808 | Building mesh BLAS |     188 tris | Cube.171
Fra:1 Mem:382.79M (Peak 474.15M) | Time:00:00.25 | Mem:259.12M, Peak:259.12M | Scene, ViewLayer | Updating Geometry BVH Continuous stair soffit 788/808 | Building BVH
Fra:1 Mem:382.79M (Peak 474.15M) | Time:00:00.25 | Mem:259.12M, Peak:259.12M | Scene, ViewLayer | Updating Geometry BVH Continuous stair soffit 788/808 | Building mesh BLAS |     188 tris | Continuous stair soffit
Fra:1 Mem:382.79M (Peak 474.15M) | Time:00:00.25 | Mem:259.13M, Peak:259.13M | Scene, ViewLayer | Updating Geometry BVH Cube.172 245/808 | Building BVH
Fra:1 Mem:382.79M (Peak 474.15M) | Time:00:00.25 | Mem:259.13M, Peak:259.13M | Scene, ViewLayer | Updating Geometry BVH Cube.172 245/808 | Building mesh BLAS |     188 tris | Cube.172
Fra:1 Mem:382.79M (Peak 474.15M) | Time:00:00.25 | Mem:259.13M, Peak:259.13M | Scene, ViewLayer | Updating Geometry BVH Cube.173 246/808 | Building BVH
Fra:1 Mem:382.79M (Peak 474.15M) | Time:00:00.25 | Mem:259.13M, Peak:259.13M | Scene, ViewLayer | Updating Geometry BVH Cube.174 247/808 | Building BVH
Fra:1 Mem:382.79M (Peak 474.15M) | Time:00:00.25 | Mem:259.13M, Peak:259.13M | Scene, ViewLayer | Updating Geometry BVH Cube.174 247/808 | Building mesh BLAS |     188 tris | Cube.173
Fra:1 Mem:382.79M (Peak 474.15M) | Time:00:00.25 | Mem:259.13M, Peak:259.13M | Scene, ViewLayer | Updating Geometry BVH Cube.174 247/808 | Building mesh BLAS |     188 tris | Cube.174
Fra:1 Mem:382.79M (Peak 474.15M) | Time:00:00.25 | Mem:259.14M, Peak:259.14M | Scene, ViewLayer | Updating Geometry BVH Cube.175 248/808 | Building BVH
Fra:1 Mem:382.79M (Peak 474.15M) | Time:00:00.25 | Mem:259.14M, Peak:259.14M | Scene, ViewLayer | Updating Geometry BVH Cube.175 248/808 | Building mesh BLAS |     188 tris | Cube.175
Fra:1 Mem:382.79M (Peak 474.15M) | Time:00:00.25 | Mem:259.15M, Peak:259.15M | Scene, ViewLayer | Updating Geometry BVH Cube.176 249/808 | Building BVH
Fra:1 Mem:382.79M (Peak 474.15M) | Time:00:00.25 | Mem:259.15M, Peak:259.15M | Scene, ViewLayer | Updating Geometry BVH Cube.176 249/808 | Building mesh BLAS |     188 tris | Cube.176
Fra:1 Mem:382.79M (Peak 474.15M) | Time:00:00.25 | Mem:259.16M, Peak:259.16M | Scene, ViewLayer | Updating Geometry BVH Cube.177 250/808 | Building BVH
Fra:1 Mem:382.79M (Peak 474.15M) | Time:00:00.25 | Mem:259.17M, Peak:259.17M | Scene, ViewLayer | Updating Geometry BVH Cube.178 251/808 | Building mesh BLAS |     188 tris | Cube.177
Fra:1 Mem:382.79M (Peak 474.15M) | Time:00:00.25 | Mem:259.17M, Peak:259.17M | Scene, ViewLayer | Updating Geometry BVH Cube.178 251/808 | Building mesh BLAS |     188 tris | Cube.178
Fra:1 Mem:382.79M (Peak 474.15M) | Time:00:00.25 | Mem:259.17M, Peak:259.17M | Scene, ViewLayer | Updating Geometry BVH Cube.179 252/808 | Building BVH
Fra:1 Mem:382.79M (Peak 474.15M) | Time:00:00.25 | Mem:259.17M, Peak:259.17M | Scene, ViewLayer | Updating Geometry BVH Cube.179 252/808 | Building mesh BLAS |     188 tris | Cube.179
Fra:1 Mem:382.79M (Peak 474.15M) | Time:00:00.25 | Mem:259.26M, Peak:259.26M | Scene, ViewLayer | Updating Geometry BVH Cube.180 253/808 | Building BVH
Fra:1 Mem:382.79M (Peak 474.15M) | Time:00:00.25 | Mem:259.26M, Peak:259.26M | Scene, ViewLayer | Updating Geometry BVH Cube.180 253/808 | Building mesh BLAS |     188 tris | Cube.180
Fra:1 Mem:382.79M (Peak 474.15M) | Time:00:00.25 | Mem:259.27M, Peak:259.27M | Scene, ViewLayer | Updating Geometry BVH Cube.181 254/808 | Building BVH
Fra:1 Mem:382.79M (Peak 474.15M) | Time:00:00.25 | Mem:259.27M, Peak:259.27M | Scene, ViewLayer | Updating Geometry BVH Cube.182 255/808 | Building BVH
Fra:1 Mem:382.79M (Peak 474.15M) | Time:00:00.25 | Mem:259.27M, Peak:259.27M | Scene, ViewLayer | Updating Geometry BVH Cube.182 255/808 | Building mesh BLAS |     188 tris | Cube.181
Fra:1 Mem:382.79M (Peak 474.15M) | Time:00:00.25 | Mem:259.27M, Peak:259.27M | Scene, ViewLayer | Updating Geometry BVH Cube.182 255/808 | Building mesh BLAS |     188 tris | Cube.182
Fra:1 Mem:382.79M (Peak 474.15M) | Time:00:00.25 | Mem:259.28M, Peak:259.28M | Scene, ViewLayer | Updating Geometry BVH Cube.183 256/808 | Building BVH
Fra:1 Mem:382.79M (Peak 474.15M) | Time:00:00.25 | Mem:259.28M, Peak:259.28M | Scene, ViewLayer | Updating Geometry BVH Cube.184 257/808 | Building BVH
Fra:1 Mem:382.79M (Peak 474.15M) | Time:00:00.25 | Mem:259.28M, Peak:259.28M | Scene, ViewLayer | Updating Geometry BVH Cube.185 258/808 | Building BVH
Fra:1 Mem:382.79M (Peak 474.15M) | Time:00:00.25 | Mem:259.28M, Peak:259.28M | Scene, ViewLayer | Updating Geometry BVH Cube.185 258/808 | Building mesh BLAS |     188 tris | Cube.184
Fra:1 Mem:382.79M (Peak 474.15M) | Time:00:00.25 | Mem:259.28M, Peak:259.28M | Scene, ViewLayer | Updating Geometry BVH Cube.185 258/808 | Building mesh BLAS |     188 tris | Cube.185
Fra:1 Mem:382.79M (Peak 474.15M) | Time:00:00.25 | Mem:259.30M, Peak:259.30M | Scene, ViewLayer | Updating Geometry BVH Cube.186 259/808 | Building BVH
Fra:1 Mem:382.79M (Peak 474.15M) | Time:00:00.25 | Mem:259.30M, Peak:259.30M | Scene, ViewLayer | Updating Geometry BVH Cube.186 259/808 | Building mesh BLAS |     188 tris | Cube.186
Fra:1 Mem:382.79M (Peak 474.15M) | Time:00:00.25 | Mem:259.30M, Peak:259.30M | Scene, ViewLayer | Updating Geometry BVH Cube.187 260/808 | Building BVH
Fra:1 Mem:382.79M (Peak 474.15M) | Time:00:00.25 | Mem:259.30M, Peak:259.30M | Scene, ViewLayer | Updating Geometry BVH Cube.187 260/808 | Building mesh BLAS |     188 tris | Cube.187
Fra:1 Mem:382.79M (Peak 474.15M) | Time:00:00.25 | Mem:259.31M, Peak:259.31M | Scene, ViewLayer | Updating Geometry BVH Cube.188 261/808 | Building BVH
Fra:1 Mem:382.79M (Peak 474.15M) | Time:00:00.25 | Mem:259.32M, Peak:259.32M | Scene, ViewLayer | Updating Geometry BVH Cube.710 787/808 | Building BVH
Fra:1 Mem:382.79M (Peak 474.15M) | Time:00:00.25 | Mem:259.34M, Peak:259.34M | Scene, ViewLayer | Updating Geometry BVH Cube.710 787/808 | Building mesh BLAS |     188 tris | Cube.188
Fra:1 Mem:382.79M (Peak 474.15M) | Time:00:00.25 | Mem:259.34M, Peak:259.34M | Scene, ViewLayer | Updating Geometry BVH Cube.710 787/808 | Building mesh BLAS |     188 tris | Cube.710
Fra:1 Mem:382.79M (Peak 474.15M) | Time:00:00.25 | Mem:259.35M, Peak:259.35M | Scene, ViewLayer | Updating Geometry BVH Cube.189 262/808 | Building BVH
Fra:1 Mem:382.79M (Peak 474.15M) | Time:00:00.25 | Mem:259.36M, Peak:259.36M | Scene, ViewLayer | Updating Geometry BVH Cube.190 263/808 | Building BVH
Fra:1 Mem:382.79M (Peak 474.15M) | Time:00:00.25 | Mem:259.36M, Peak:259.36M | Scene, ViewLayer | Updating Geometry BVH Cube.190 263/808 | Building mesh BLAS |     188 tris | Cube.189
Fra:1 Mem:382.79M (Peak 474.15M) | Time:00:00.25 | Mem:259.36M, Peak:259.36M | Scene, ViewLayer | Updating Geometry BVH Cube.190 263/808 | Building mesh BLAS |     188 tris | Cube.190
Fra:1 Mem:382.79M (Peak 474.15M) | Time:00:00.25 | Mem:259.36M, Peak:259.36M | Scene, ViewLayer | Updating Geometry BVH Cube.191 264/808 | Building BVH
Fra:1 Mem:382.79M (Peak 474.15M) | Time:00:00.25 | Mem:259.36M, Peak:259.36M | Scene, ViewLayer | Updating Geometry BVH Cube.191 264/808 | Building mesh BLAS |     188 tris | Cube.191
Fra:1 Mem:382.79M (Peak 474.15M) | Time:00:00.25 | Mem:259.38M, Peak:259.38M | Scene, ViewLayer | Updating Geometry BVH Cube.192 265/808 | Building BVH
Fra:1 Mem:382.79M (Peak 474.15M) | Time:00:00.25 | Mem:259.38M, Peak:259.38M | Scene, ViewLayer | Updating Geometry BVH Cube.192 265/808 | Building mesh BLAS |     188 tris | Cube.192
Fra:1 Mem:382.79M (Peak 474.15M) | Time:00:00.25 | Mem:259.38M, Peak:259.38M | Scene, ViewLayer | Updating Geometry BVH Cube.193 266/808 | Building BVH
Fra:1 Mem:382.79M (Peak 474.15M) | Time:00:00.25 | Mem:259.38M, Peak:259.38M | Scene, ViewLayer | Updating Geometry BVH Cube.193 266/808 | Building mesh BLAS |     188 tris | Cube.193
Fra:1 Mem:382.79M (Peak 474.15M) | Time:00:00.25 | Mem:259.41M, Peak:259.41M | Scene, ViewLayer | Updating Geometry BVH Cube.194 267/808 | Building BVH
Fra:1 Mem:382.79M (Peak 474.15M) | Time:00:00.25 | Mem:259.41M, Peak:259.41M | Scene, ViewLayer | Updating Geometry BVH Cube.194 267/808 | Building mesh BLAS |     188 tris | Cube.194
Fra:1 Mem:382.79M (Peak 474.15M) | Time:00:00.25 | Mem:259.49M, Peak:259.49M | Scene, ViewLayer | Updating Geometry BVH Cube.195 268/808 | Building BVH
Fra:1 Mem:382.79M (Peak 474.15M) | Time:00:00.25 | Mem:259.49M, Peak:259.49M | Scene, ViewLayer | Updating Geometry BVH Cube.195 268/808 | Building mesh BLAS |     188 tris | Cube.195
Fra:1 Mem:382.79M (Peak 474.15M) | Time:00:00.25 | Mem:259.49M, Peak:259.49M | Scene, ViewLayer | Updating Geometry BVH Cube.196 269/808 | Building BVH
Fra:1 Mem:382.79M (Peak 474.15M) | Time:00:00.25 | Mem:259.49M, Peak:259.49M | Scene, ViewLayer | Updating Geometry BVH Cube.196 269/808 | Building mesh BLAS |     188 tris | Cube.196
Fra:1 Mem:382.79M (Peak 474.15M) | Time:00:00.25 | Mem:259.53M, Peak:259.53M | Scene, ViewLayer | Updating Geometry BVH Cube.197 270/808 | Building BVH
Fra:1 Mem:382.79M (Peak 474.15M) | Time:00:00.25 | Mem:259.53M, Peak:259.53M | Scene, ViewLayer | Updating Geometry BVH Cube.197 270/808 | Building mesh BLAS |     188 tris | Cube.197
Fra:1 Mem:382.79M (Peak 474.15M) | Time:00:00.25 | Mem:259.53M, Peak:259.53M | Scene, ViewLayer | Updating Geometry BVH Cube.198 271/808 | Building BVH
Fra:1 Mem:382.79M (Peak 474.15M) | Time:00:00.25 | Mem:259.53M, Peak:259.53M | Scene, ViewLayer | Updating Geometry BVH Cube.198 271/808 | Building mesh BLAS |     188 tris | Cube.198
Fra:1 Mem:382.79M (Peak 474.15M) | Time:00:00.25 | Mem:259.53M, Peak:259.53M | Scene, ViewLayer | Updating Geometry BVH Cube.199 272/808 | Building BVH
Fra:1 Mem:382.79M (Peak 474.15M) | Time:00:00.25 | Mem:259.53M, Peak:259.53M | Scene, ViewLayer | Updating Geometry BVH Cube.199 272/808 | Building mesh BLAS |     188 tris | Cube.199
Fra:1 Mem:382.79M (Peak 474.15M) | Time:00:00.25 | Mem:259.53M, Peak:259.53M | Scene, ViewLayer | Updating Geometry BVH Cube.200 273/808 | Building BVH
Fra:1 Mem:382.79M (Peak 474.15M) | Time:00:00.25 | Mem:259.53M, Peak:259.53M | Scene, ViewLayer | Updating Geometry BVH Cube.201 274/808 | Building BVH
Fra:1 Mem:382.79M (Peak 474.15M) | Time:00:00.25 | Mem:259.53M, Peak:259.53M | Scene, ViewLayer | Updating Geometry BVH Cube.201 274/808 | Building mesh BLAS |     188 tris | Cube.200
Fra:1 Mem:382.79M (Peak 474.15M) | Time:00:00.25 | Mem:259.53M, Peak:259.53M | Scene, ViewLayer | Updating Geometry BVH Cube.201 274/808 | Building mesh BLAS |     188 tris | Cube.201
Fra:1 Mem:382.79M (Peak 474.15M) | Time:00:00.25 | Mem:259.55M, Peak:259.55M | Scene, ViewLayer | Updating Geometry BVH Cube.202 275/808 | Building BVH
Fra:1 Mem:382.79M (Peak 474.15M) | Time:00:00.25 | Mem:259.55M, Peak:259.55M | Scene, ViewLayer | Updating Geometry BVH Cube.202 275/808 | Building mesh BLAS |     188 tris | Cube.202
Fra:1 Mem:382.79M (Peak 474.15M) | Time:00:00.25 | Mem:259.55M, Peak:259.55M | Scene, ViewLayer | Updating Geometry BVH Cube.203 276/808 | Building BVH
Fra:1 Mem:382.79M (Peak 474.15M) | Time:00:00.25 | Mem:259.55M, Peak:259.55M | Scene, ViewLayer | Updating Geometry BVH Cube.203 276/808 | Building mesh BLAS |     188 tris | Cube.203
Fra:1 Mem:382.79M (Peak 474.15M) | Time:00:00.25 | Mem:259.58M, Peak:259.58M | Scene, ViewLayer | Updating Geometry BVH Cube.204 277/808 | Building BVH
Fra:1 Mem:382.79M (Peak 474.15M) | Time:00:00.25 | Mem:259.63M, Peak:259.63M | Scene, ViewLayer | Updating Geometry BVH Cube.204 277/808 | Building mesh BLAS |     188 tris | Cube.204
Fra:1 Mem:382.79M (Peak 474.15M) | Time:00:00.25 | Mem:259.69M, Peak:259.69M | Scene, ViewLayer | Updating Geometry BVH Cube.205 278/808 | Building BVH
Fra:1 Mem:382.79M (Peak 474.15M) | Time:00:00.25 | Mem:259.69M, Peak:259.69M | Scene, ViewLayer | Updating Geometry BVH Cube.206 279/808 | Building BVH
Fra:1 Mem:382.79M (Peak 474.15M) | Time:00:00.25 | Mem:259.69M, Peak:259.69M | Scene, ViewLayer | Updating Geometry BVH Cube.206 279/808 | Building mesh BLAS |     188 tris | Cube.205
Fra:1 Mem:382.79M (Peak 474.15M) | Time:00:00.25 | Mem:259.70M, Peak:259.70M | Scene, ViewLayer | Updating Geometry BVH Cube.206 279/808 | Building mesh BLAS |     188 tris | Cube.206
Fra:1 Mem:382.79M (Peak 474.15M) | Time:00:00.25 | Mem:259.73M, Peak:259.73M | Scene, ViewLayer | Updating Geometry BVH Cube.209 282/808 | Building BVH
Fra:1 Mem:382.79M (Peak 474.15M) | Time:00:00.25 | Mem:259.78M, Peak:259.78M | Scene, ViewLayer | Updating Geometry BVH Cube.209 282/808 | Building mesh BLAS |     188 tris | Cube.209
Fra:1 Mem:382.79M (Peak 474.15M) | Time:00:00.25 | Mem:259.78M, Peak:259.78M | Scene, ViewLayer | Updating Geometry BVH Cube.210 283/808 | Building BVH
Fra:1 Mem:382.79M (Peak 474.15M) | Time:00:00.25 | Mem:259.78M, Peak:259.78M | Scene, ViewLayer | Updating Geometry BVH Cube.210 283/808 | Building mesh BLAS |     188 tris | Cube.207
Fra:1 Mem:382.79M (Peak 474.15M) | Time:00:00.25 | Mem:259.78M, Peak:259.78M | Scene, ViewLayer | Updating Geometry BVH Cube.210 283/808 | Building mesh BLAS |     188 tris | Cube.208
Fra:1 Mem:382.79M (Peak 474.15M) | Time:00:00.25 | Mem:259.78M, Peak:259.78M | Scene, ViewLayer | Updating Geometry BVH Cube.211 284/808 | Building BVH
Fra:1 Mem:382.79M (Peak 474.15M) | Time:00:00.25 | Mem:259.78M, Peak:259.78M | Scene, ViewLayer | Updating Geometry BVH Cube.211 284/808 | Building mesh BLAS |     188 tris | Cube.211
Fra:1 Mem:382.79M (Peak 474.15M) | Time:00:00.25 | Mem:259.80M, Peak:259.80M | Scene, ViewLayer | Updating Geometry BVH Cube.212 285/808 | Building BVH
Fra:1 Mem:382.79M (Peak 474.15M) | Time:00:00.25 | Mem:259.80M, Peak:259.80M | Scene, ViewLayer | Updating Geometry BVH Cube.212 285/808 | Building mesh BLAS |     188 tris | Cube.212
Fra:1 Mem:382.79M (Peak 474.15M) | Time:00:00.25 | Mem:259.80M, Peak:259.80M | Scene, ViewLayer | Updating Geometry BVH Cube.212 285/808 | Building mesh BLAS |  106900 tris | Plane.070
Fra:1 Mem:382.79M (Peak 474.15M) | Time:00:00.25 | Mem:259.80M, Peak:259.80M | Scene, ViewLayer | Updating Geometry BVH Cube.213 286/808 | Building BVH
Fra:1 Mem:382.79M (Peak 474.15M) | Time:00:00.25 | Mem:259.80M, Peak:259.80M | Scene, ViewLayer | Updating Geometry BVH Cube.213 286/808 | Building mesh BLAS |     188 tris | Cube.213
Fra:1 Mem:382.79M (Peak 474.15M) | Time:00:00.25 | Mem:259.81M, Peak:259.81M | Scene, ViewLayer | Updating Geometry BVH Cube.214 287/808 | Building BVH
Fra:1 Mem:382.79M (Peak 474.15M) | Time:00:00.25 | Mem:259.81M, Peak:259.81M | Scene, ViewLayer | Updating Geometry BVH Cube.214 287/808 | Building mesh BLAS |     188 tris | Cube.214
Fra:1 Mem:382.79M (Peak 474.15M) | Time:00:00.25 | Mem:259.82M, Peak:259.82M | Scene, ViewLayer | Updating Geometry BVH Cube.215 288/808 | Building BVH
Fra:1 Mem:382.79M (Peak 474.15M) | Time:00:00.25 | Mem:259.82M, Peak:259.82M | Scene, ViewLayer | Updating Geometry BVH Cube.215 288/808 | Building mesh BLAS |     188 tris | Cube.215
Fra:1 Mem:382.79M (Peak 474.15M) | Time:00:00.25 | Mem:259.82M, Peak:259.82M | Scene, ViewLayer | Updating Geometry BVH Cube.216 289/808 | Building BVH
Fra:1 Mem:382.79M (Peak 474.15M) | Time:00:00.25 | Mem:259.82M, Peak:259.82M | Scene, ViewLayer | Updating Geometry BVH Cube.216 289/808 | Building mesh BLAS |     188 tris | Cube.216
Fra:1 Mem:382.79M (Peak 474.15M) | Time:00:00.25 | Mem:259.87M, Peak:259.87M | Scene, ViewLayer | Updating Geometry BVH Cube.217 290/808 | Building BVH
Fra:1 Mem:382.79M (Peak 474.15M) | Time:00:00.25 | Mem:259.87M, Peak:259.87M | Scene, ViewLayer | Updating Geometry BVH Cube.218 291/808 | Building BVH
Fra:1 Mem:382.79M (Peak 474.15M) | Time:00:00.25 | Mem:259.87M, Peak:259.87M | Scene, ViewLayer | Updating Geometry BVH Cube.219 292/808 | Building BVH
Fra:1 Mem:382.79M (Peak 474.15M) | Time:00:00.25 | Mem:259.87M, Peak:259.87M | Scene, ViewLayer | Updating Geometry BVH Cube.219 292/808 | Building mesh BLAS |     188 tris | Cube.218
Fra:1 Mem:382.79M (Peak 474.15M) | Time:00:00.25 | Mem:259.87M, Peak:259.87M | Scene, ViewLayer | Updating Geometry BVH Cube.219 292/808 | Building mesh BLAS |     188 tris | Cube.219
Fra:1 Mem:382.79M (Peak 474.15M) | Time:00:00.25 | Mem:259.87M, Peak:259.87M | Scene, ViewLayer | Updating Geometry BVH Cube.220 293/808 | Building BVH
Fra:1 Mem:382.79M (Peak 474.15M) | Time:00:00.25 | Mem:259.88M, Peak:259.88M | Scene, ViewLayer | Updating Geometry BVH Cube.220 293/808 | Building mesh BLAS |     188 tris | Cube.220
Fra:1 Mem:382.79M (Peak 474.15M) | Time:00:00.25 | Mem:259.88M, Peak:259.88M | Scene, ViewLayer | Updating Geometry BVH Cube.221 294/808 | Building BVH
Fra:1 Mem:382.79M (Peak 474.15M) | Time:00:00.25 | Mem:259.88M, Peak:259.88M | Scene, ViewLayer | Updating Geometry BVH Cube.221 294/808 | Building mesh BLAS |     188 tris | Cube.221
Fra:1 Mem:382.79M (Peak 474.15M) | Time:00:00.25 | Mem:259.91M, Peak:259.91M | Scene, ViewLayer | Updating Geometry BVH Cube.222 295/808 | Building BVH
Fra:1 Mem:382.79M (Peak 474.15M) | Time:00:00.25 | Mem:259.92M, Peak:259.92M | Scene, ViewLayer | Updating Geometry BVH Cube.222 295/808 | Building mesh BLAS |     188 tris | Cube.222
Fra:1 Mem:382.79M (Peak 474.15M) | Time:00:00.25 | Mem:259.92M, Peak:259.92M | Scene, ViewLayer | Updating Geometry BVH Cube.223 296/808 | Building BVH
Fra:1 Mem:382.79M (Peak 474.15M) | Time:00:00.25 | Mem:259.93M, Peak:259.93M | Scene, ViewLayer | Updating Geometry BVH Cube.223 296/808 | Building mesh BLAS |     188 tris | Cube.223
Fra:1 Mem:382.79M (Peak 474.15M) | Time:00:00.25 | Mem:259.93M, Peak:259.93M | Scene, ViewLayer | Updating Geometry BVH Cube.224 297/808 | Building BVH
Fra:1 Mem:382.79M (Peak 474.15M) | Time:00:00.25 | Mem:259.93M, Peak:259.93M | Scene, ViewLayer | Updating Geometry BVH Cube.225 298/808 | Building BVH
Fra:1 Mem:382.79M (Peak 474.15M) | Time:00:00.25 | Mem:259.93M, Peak:259.93M | Scene, ViewLayer | Updating Geometry BVH Cube.225 298/808 | Building mesh BLAS |     188 tris | Cube.224
Fra:1 Mem:382.79M (Peak 474.15M) | Time:00:00.25 | Mem:259.93M, Peak:259.93M | Scene, ViewLayer | Updating Geometry BVH Cube.225 298/808 | Building mesh BLAS |     188 tris | Cube.225
Fra:1 Mem:382.79M (Peak 474.15M) | Time:00:00.25 | Mem:259.94M, Peak:259.94M | Scene, ViewLayer | Updating Geometry BVH Cube.226 299/808 | Building BVH
Fra:1 Mem:382.79M (Peak 474.15M) | Time:00:00.25 | Mem:259.96M, Peak:259.96M | Scene, ViewLayer | Updating Geometry BVH Cube.226 299/808 | Building mesh BLAS |     188 tris | Cube.226
Fra:1 Mem:382.79M (Peak 474.15M) | Time:00:00.25 | Mem:259.97M, Peak:259.97M | Scene, ViewLayer | Updating Geometry BVH Cube.227 300/808 | Building BVH
Fra:1 Mem:382.79M (Peak 474.15M) | Time:00:00.25 | Mem:259.97M, Peak:259.97M | Scene, ViewLayer | Updating Geometry BVH Cube.227 300/808 | Building mesh BLAS |     188 tris | Cube.227
Fra:1 Mem:382.79M (Peak 474.15M) | Time:00:00.25 | Mem:259.97M, Peak:259.97M | Scene, ViewLayer | Updating Geometry BVH Cube.228 301/808 | Building BVH
Fra:1 Mem:382.79M (Peak 474.15M) | Time:00:00.25 | Mem:259.98M, Peak:259.98M | Scene, ViewLayer | Updating Geometry BVH Cube.228 301/808 | Building mesh BLAS |     188 tris | Cube.228
Fra:1 Mem:382.79M (Peak 474.15M) | Time:00:00.25 | Mem:259.99M, Peak:259.99M | Scene, ViewLayer | Updating Geometry BVH Cube.229 302/808 | Building BVH
Fra:1 Mem:382.79M (Peak 474.15M) | Time:00:00.25 | Mem:259.99M, Peak:259.99M | Scene, ViewLayer | Updating Geometry BVH Cube.230 303/808 | Building BVH
Fra:1 Mem:382.79M (Peak 474.15M) | Time:00:00.25 | Mem:259.99M, Peak:259.99M | Scene, ViewLayer | Updating Geometry BVH Cube.230 303/808 | Building mesh BLAS |     188 tris | Cube.229
Fra:1 Mem:382.79M (Peak 474.15M) | Time:00:00.25 | Mem:259.99M, Peak:259.99M | Scene, ViewLayer | Updating Geometry BVH Cube.230 303/808 | Building mesh BLAS |     188 tris | Cube.230
Fra:1 Mem:382.79M (Peak 474.15M) | Time:00:00.25 | Mem:260.01M, Peak:260.01M | Scene, ViewLayer | Updating Geometry BVH Cube.231 304/808 | Building BVH
Fra:1 Mem:382.79M (Peak 474.15M) | Time:00:00.25 | Mem:260.01M, Peak:260.01M | Scene, ViewLayer | Updating Geometry BVH Cube.231 304/808 | Building mesh BLAS |     188 tris | Cube.231
Fra:1 Mem:382.79M (Peak 474.15M) | Time:00:00.25 | Mem:260.01M, Peak:260.01M | Scene, ViewLayer | Updating Geometry BVH Cube.232 305/808 | Building BVH
Fra:1 Mem:382.79M (Peak 474.15M) | Time:00:00.25 | Mem:260.01M, Peak:260.01M | Scene, ViewLayer | Updating Geometry BVH Cube.233 306/808 | Building BVH
Fra:1 Mem:382.79M (Peak 474.15M) | Time:00:00.25 | Mem:260.01M, Peak:260.01M | Scene, ViewLayer | Updating Geometry BVH Cube.233 306/808 | Building mesh BLAS |     188 tris | Cube.232
Fra:1 Mem:382.79M (Peak 474.15M) | Time:00:00.25 | Mem:260.01M, Peak:260.01M | Scene, ViewLayer | Updating Geometry BVH Cube.233 306/808 | Building mesh BLAS |     188 tris | Cube.233
Fra:1 Mem:382.79M (Peak 474.15M) | Time:00:00.25 | Mem:260.01M, Peak:260.01M | Scene, ViewLayer | Updating Geometry BVH Circle.002 785/808 | Building BVH
Fra:1 Mem:382.79M (Peak 474.15M) | Time:00:00.25 | Mem:260.03M, Peak:260.03M | Scene, ViewLayer | Updating Geometry BVH Circle.002 785/808 | Building mesh BLAS |    5440 tris | Circle.002
Fra:1 Mem:382.79M (Peak 474.15M) | Time:00:00.25 | Mem:260.04M, Peak:260.04M | Scene, ViewLayer | Updating Geometry BVH Cube.234 307/808 | Building BVH
Fra:1 Mem:382.79M (Peak 474.15M) | Time:00:00.25 | Mem:260.04M, Peak:260.04M | Scene, ViewLayer | Updating Geometry BVH Cube.234 307/808 | Building mesh BLAS |     188 tris | Cube.234
Fra:1 Mem:382.79M (Peak 474.15M) | Time:00:00.25 | Mem:260.04M, Peak:260.04M | Scene, ViewLayer | Updating Geometry BVH Cube.235 308/808 | Building BVH
Fra:1 Mem:382.79M (Peak 474.15M) | Time:00:00.25 | Mem:260.04M, Peak:260.04M | Scene, ViewLayer | Updating Geometry BVH Cube.236 309/808 | Building BVH
Fra:1 Mem:382.79M (Peak 474.15M) | Time:00:00.25 | Mem:260.04M, Peak:260.04M | Scene, ViewLayer | Updating Geometry BVH Cube.236 309/808 | Building mesh BLAS |     188 tris | Cube.236
Fra:1 Mem:382.79M (Peak 474.15M) | Time:00:00.25 | Mem:260.04M, Peak:260.04M | Scene, ViewLayer | Updating Geometry BVH Cube.237 310/808 | Building BVH
Fra:1 Mem:382.79M (Peak 474.15M) | Time:00:00.25 | Mem:260.04M, Peak:260.04M | Scene, ViewLayer | Updating Geometry BVH Cube.237 310/808 | Building mesh BLAS |     188 tris | Cube.237
Fra:1 Mem:382.79M (Peak 474.15M) | Time:00:00.25 | Mem:260.05M, Peak:260.05M | Scene, ViewLayer | Updating Geometry BVH Cube.238 311/808 | Building BVH
Fra:1 Mem:382.79M (Peak 474.15M) | Time:00:00.25 | Mem:260.05M, Peak:260.05M | Scene, ViewLayer | Updating Geometry BVH Cube.238 311/808 | Building mesh BLAS |     188 tris | Cube.238
Fra:1 Mem:382.79M (Peak 474.15M) | Time:00:00.25 | Mem:260.08M, Peak:260.08M | Scene, ViewLayer | Updating Geometry BVH Cube.239 312/808 | Building BVH
Fra:1 Mem:382.79M (Peak 474.15M) | Time:00:00.25 | Mem:260.08M, Peak:260.08M | Scene, ViewLayer | Updating Geometry BVH Cube.240 313/808 | Building BVH
Fra:1 Mem:382.79M (Peak 474.15M) | Time:00:00.25 | Mem:260.08M, Peak:260.08M | Scene, ViewLayer | Updating Geometry BVH Cube.241 314/808 | Building BVH
Fra:1 Mem:382.79M (Peak 474.15M) | Time:00:00.25 | Mem:260.10M, Peak:260.10M | Scene, ViewLayer | Updating Geometry BVH Cube.241 314/808 | Building mesh BLAS |     188 tris | Cube.240
Fra:1 Mem:382.79M (Peak 474.15M) | Time:00:00.25 | Mem:260.10M, Peak:260.10M | Scene, ViewLayer | Updating Geometry BVH Cube.242 315/808 | Building mesh BLAS |     188 tris | Cube.241
Fra:1 Mem:382.79M (Peak 474.15M) | Time:00:00.25 | Mem:260.10M, Peak:260.10M | Scene, ViewLayer | Updating Geometry BVH Cube.243 316/808 | Building BVH
Fra:1 Mem:382.79M (Peak 474.15M) | Time:00:00.25 | Mem:260.10M, Peak:260.10M | Scene, ViewLayer | Updating Geometry BVH Cube.244 317/808 | Building mesh BLAS |     188 tris | Cube.242
Fra:1 Mem:382.79M (Peak 474.15M) | Time:00:00.25 | Mem:260.10M, Peak:260.10M | Scene, ViewLayer | Updating Geometry BVH Cube.244 317/808 | Building mesh BLAS |     188 tris | Cube.243
Fra:1 Mem:382.79M (Peak 474.15M) | Time:00:00.25 | Mem:260.10M, Peak:260.10M | Scene, ViewLayer | Updating Geometry BVH Cube.244 317/808 | Building mesh BLAS |     188 tris | Cube.244
Fra:1 Mem:382.79M (Peak 474.15M) | Time:00:00.25 | Mem:260.13M, Peak:260.13M | Scene, ViewLayer | Updating Geometry BVH Cube.245 318/808 | Building BVH
Fra:1 Mem:382.79M (Peak 474.15M) | Time:00:00.25 | Mem:260.14M, Peak:260.14M | Scene, ViewLayer | Updating Geometry BVH Cube.246 319/808 | Building BVH
Fra:1 Mem:382.79M (Peak 474.15M) | Time:00:00.25 | Mem:260.14M, Peak:260.14M | Scene, ViewLayer | Updating Geometry BVH Cube.247 320/808 | Building mesh BLAS |     188 tris | Cube.245
Fra:1 Mem:382.79M (Peak 474.15M) | Time:00:00.25 | Mem:260.14M, Peak:260.14M | Scene, ViewLayer | Updating Geometry BVH Cube.247 320/808 | Building mesh BLAS |     188 tris | Cube.246
Fra:1 Mem:382.79M (Peak 474.15M) | Time:00:00.25 | Mem:260.14M, Peak:260.14M | Scene, ViewLayer | Updating Geometry BVH Cube.247 320/808 | Building mesh BLAS |     188 tris | Cube.247
Fra:1 Mem:382.79M (Peak 474.15M) | Time:00:00.25 | Mem:260.17M, Peak:260.17M | Scene, ViewLayer | Updating Geometry BVH Cube.248 321/808 | Building BVH
Fra:1 Mem:382.79M (Peak 474.15M) | Time:00:00.25 | Mem:260.17M, Peak:260.17M | Scene, ViewLayer | Updating Geometry BVH Cube.248 321/808 | Building mesh BLAS |     188 tris | Cube.248
Fra:1 Mem:382.79M (Peak 474.15M) | Time:00:00.25 | Mem:260.17M, Peak:260.17M | Scene, ViewLayer | Updating Geometry BVH Cube.249 322/808 | Building BVH
Fra:1 Mem:382.79M (Peak 474.15M) | Time:00:00.25 | Mem:260.17M, Peak:260.17M | Scene, ViewLayer | Updating Geometry BVH Cube.250 323/808 | Building BVH
Fra:1 Mem:382.79M (Peak 474.15M) | Time:00:00.25 | Mem:260.17M, Peak:260.17M | Scene, ViewLayer | Updating Geometry BVH Cube.250 323/808 | Building mesh BLAS |     188 tris | Cube.250
Fra:1 Mem:382.79M (Peak 474.15M) | Time:00:00.25 | Mem:260.18M, Peak:260.18M | Scene, ViewLayer | Updating Geometry BVH Circle.008 784/808 | Building BVH
Fra:1 Mem:382.79M (Peak 474.15M) | Time:00:00.25 | Mem:260.19M, Peak:260.19M | Scene, ViewLayer | Updating Geometry BVH Circle.008 784/808 | Building mesh BLAS |   56878 tris | Circle.008
Fra:1 Mem:382.79M (Peak 474.15M) | Time:00:00.25 | Mem:260.20M, Peak:260.20M | Scene, ViewLayer | Updating Geometry BVH Cube.251 324/808 | Building BVH
Fra:1 Mem:382.79M (Peak 474.15M) | Time:00:00.25 | Mem:260.20M, Peak:260.20M | Scene, ViewLayer | Updating Geometry BVH Cube.252 325/808 | Building BVH
Fra:1 Mem:382.79M (Peak 474.15M) | Time:00:00.25 | Mem:260.20M, Peak:260.20M | Scene, ViewLayer | Updating Geometry BVH Cube.253 326/808 | Building BVH
Fra:1 Mem:382.79M (Peak 474.15M) | Time:00:00.25 | Mem:260.20M, Peak:260.20M | Scene, ViewLayer | Updating Geometry BVH Cube.253 326/808 | Building mesh BLAS |     188 tris | Cube.252
Fra:1 Mem:382.79M (Peak 474.15M) | Time:00:00.25 | Mem:260.20M, Peak:260.20M | Scene, ViewLayer | Updating Geometry BVH Cube.253 326/808 | Building mesh BLAS |     188 tris | Cube.253
Fra:1 Mem:382.79M (Peak 474.15M) | Time:00:00.25 | Mem:260.22M, Peak:260.22M | Scene, ViewLayer | Updating Geometry BVH Cube.254 327/808 | Building BVH
Fra:1 Mem:382.79M (Peak 474.15M) | Time:00:00.25 | Mem:260.22M, Peak:260.22M | Scene, ViewLayer | Updating Geometry BVH Cube.254 327/808 | Building mesh BLAS |     188 tris | Cube.254
Fra:1 Mem:382.79M (Peak 474.15M) | Time:00:00.25 | Mem:260.23M, Peak:260.23M | Scene, ViewLayer | Updating Geometry BVH Cube.255 328/808 | Building BVH
Fra:1 Mem:382.79M (Peak 474.15M) | Time:00:00.25 | Mem:260.23M, Peak:260.23M | Scene, ViewLayer | Updating Geometry BVH Cube.255 328/808 | Building mesh BLAS |     188 tris | Cube.255
Fra:1 Mem:382.79M (Peak 474.15M) | Time:00:00.25 | Mem:260.23M, Peak:260.23M | Scene, ViewLayer | Updating Geometry BVH Cube.256 329/808 | Building BVH
Fra:1 Mem:382.79M (Peak 474.15M) | Time:00:00.25 | Mem:260.23M, Peak:260.23M | Scene, ViewLayer | Updating Geometry BVH Cube.256 329/808 | Building mesh BLAS |     188 tris | Cube.256
Fra:1 Mem:382.79M (Peak 474.15M) | Time:00:00.25 | Mem:260.24M, Peak:260.24M | Scene, ViewLayer | Updating Geometry BVH Cube.257 330/808 | Building BVH
Fra:1 Mem:382.79M (Peak 474.15M) | Time:00:00.25 | Mem:260.26M, Peak:260.26M | Scene, ViewLayer | Updating Geometry BVH Cube.258 331/808 | Building BVH
Fra:1 Mem:382.79M (Peak 474.15M) | Time:00:00.25 | Mem:260.26M, Peak:260.26M | Scene, ViewLayer | Updating Geometry BVH Cube.258 331/808 | Building mesh BLAS |     188 tris | Cube.257
Fra:1 Mem:382.79M (Peak 474.15M) | Time:00:00.25 | Mem:260.26M, Peak:260.26M | Scene, ViewLayer | Updating Geometry BVH Cube.258 331/808 | Building mesh BLAS |     188 tris | Cube.258
Fra:1 Mem:382.79M (Peak 474.15M) | Time:00:00.25 | Mem:260.27M, Peak:260.27M | Scene, ViewLayer | Updating Geometry BVH Cube.259 332/808 | Building BVH
Fra:1 Mem:382.79M (Peak 474.15M) | Time:00:00.25 | Mem:260.28M, Peak:260.28M | Scene, ViewLayer | Updating Geometry BVH Cube.260 333/808 | Building mesh BLAS |     188 tris | Cube.259
Fra:1 Mem:382.79M (Peak 474.15M) | Time:00:00.25 | Mem:260.29M, Peak:260.29M | Scene, ViewLayer | Updating Geometry BVH Cube.261 334/808 | Building BVH
Fra:1 Mem:382.79M (Peak 474.15M) | Time:00:00.25 | Mem:260.29M, Peak:260.29M | Scene, ViewLayer | Updating Geometry BVH Cube.262 335/808 | Building BVH
Fra:1 Mem:382.79M (Peak 474.15M) | Time:00:00.25 | Mem:260.29M, Peak:260.29M | Scene, ViewLayer | Updating Geometry BVH Cube.262 335/808 | Building mesh BLAS |     188 tris | Cube.261
Fra:1 Mem:382.79M (Peak 474.15M) | Time:00:00.25 | Mem:260.29M, Peak:260.29M | Scene, ViewLayer | Updating Geometry BVH Cube.264 337/808 | Building BVH
Fra:1 Mem:382.79M (Peak 474.15M) | Time:00:00.25 | Mem:260.29M, Peak:260.29M | Scene, ViewLayer | Updating Geometry BVH Cube.264 337/808 | Building mesh BLAS |     188 tris | Cube.260
Fra:1 Mem:382.79M (Peak 474.15M) | Time:00:00.25 | Mem:260.29M, Peak:260.29M | Scene, ViewLayer | Updating Geometry BVH Cube.264 337/808 | Building mesh BLAS |     188 tris | Cube.264
Fra:1 Mem:382.79M (Peak 474.15M) | Time:00:00.25 | Mem:260.29M, Peak:260.29M | Scene, ViewLayer | Updating Geometry BVH Cube.264 337/808 | Building mesh BLAS |     188 tris | Cube.263
Fra:1 Mem:382.79M (Peak 474.15M) | Time:00:00.25 | Mem:260.31M, Peak:260.31M | Scene, ViewLayer | Updating Geometry BVH Cube.265 338/808 | Building BVH
Fra:1 Mem:382.79M (Peak 474.15M) | Time:00:00.25 | Mem:260.32M, Peak:260.32M | Scene, ViewLayer | Updating Geometry BVH Cube.265 338/808 | Building mesh BLAS |     188 tris | Cube.265
Fra:1 Mem:382.79M (Peak 474.15M) | Time:00:00.25 | Mem:260.32M, Peak:260.32M | Scene, ViewLayer | Updating Geometry BVH Cube.266 339/808 | Building BVH
Fra:1 Mem:382.79M (Peak 474.15M) | Time:00:00.25 | Mem:260.32M, Peak:260.32M | Scene, ViewLayer | Updating Geometry BVH Cube.267 340/808 | Building BVH
Fra:1 Mem:382.79M (Peak 474.15M) | Time:00:00.25 | Mem:260.32M, Peak:260.32M | Scene, ViewLayer | Updating Geometry BVH Cube.267 340/808 | Building mesh BLAS |     188 tris | Cube.266
Fra:1 Mem:382.79M (Peak 474.15M) | Time:00:00.25 | Mem:260.32M, Peak:260.32M | Scene, ViewLayer | Updating Geometry BVH Cube.267 340/808 | Building mesh BLAS |     188 tris | Cube.267
Fra:1 Mem:382.79M (Peak 474.15M) | Time:00:00.25 | Mem:260.34M, Peak:260.34M | Scene, ViewLayer | Updating Geometry BVH potted_plant_01_base_low 783/808 | Building BVH
Fra:1 Mem:382.79M (Peak 474.15M) | Time:00:00.25 | Mem:260.34M, Peak:260.34M | Scene, ViewLayer | Updating Geometry BVH potted_plant_01_base_low 783/808 | Building mesh BLAS |    7008 tris | potted_plant_01_base_low
Fra:1 Mem:382.79M (Peak 474.15M) | Time:00:00.25 | Mem:260.35M, Peak:260.35M | Scene, ViewLayer | Updating Geometry BVH Cube.268 341/808 | Building BVH
Fra:1 Mem:382.79M (Peak 474.15M) | Time:00:00.25 | Mem:260.36M, Peak:260.36M | Scene, ViewLayer | Updating Geometry BVH Cube.268 341/808 | Building mesh BLAS |     188 tris | Cube.268
Fra:1 Mem:382.79M (Peak 474.15M) | Time:00:00.25 | Mem:260.36M, Peak:260.36M | Scene, ViewLayer | Updating Geometry BVH Cube.269 342/808 | Building BVH
Fra:1 Mem:382.79M (Peak 474.15M) | Time:00:00.25 | Mem:260.37M, Peak:260.37M | Scene, ViewLayer | Updating Geometry BVH Cube.271 344/808 | Building BVH
Fra:1 Mem:382.79M (Peak 474.15M) | Time:00:00.25 | Mem:260.37M, Peak:260.37M | Scene, ViewLayer | Updating Geometry BVH Cube.271 344/808 | Building mesh BLAS |     188 tris | Cube.269
Fra:1 Mem:382.79M (Peak 474.15M) | Time:00:00.25 | Mem:260.37M, Peak:260.37M | Scene, ViewLayer | Updating Geometry BVH Cube.271 344/808 | Building mesh BLAS |     188 tris | Cube.271
Fra:1 Mem:382.79M (Peak 474.15M) | Time:00:00.25 | Mem:260.37M, Peak:260.37M | Scene, ViewLayer | Updating Geometry BVH Cube.271 344/808 | Building mesh BLAS |     188 tris | Cube.270
Fra:1 Mem:382.79M (Peak 474.15M) | Time:00:00.25 | Mem:260.39M, Peak:260.39M | Scene, ViewLayer | Updating Geometry BVH Cube.272 345/808 | Building BVH
Fra:1 Mem:382.79M (Peak 474.15M) | Time:00:00.25 | Mem:260.39M, Peak:260.39M | Scene, ViewLayer | Updating Geometry BVH Cube.273 346/808 | Building BVH
Fra:1 Mem:382.79M (Peak 474.15M) | Time:00:00.25 | Mem:260.39M, Peak:260.39M | Scene, ViewLayer | Updating Geometry BVH Cube.273 346/808 | Building mesh BLAS |     188 tris | Cube.272
Fra:1 Mem:382.79M (Peak 474.15M) | Time:00:00.25 | Mem:260.39M, Peak:260.39M | Scene, ViewLayer | Updating Geometry BVH Cube.273 346/808 | Building mesh BLAS |     188 tris | Cube.273
Fra:1 Mem:382.79M (Peak 474.15M) | Time:00:00.25 | Mem:260.39M, Peak:260.39M | Scene, ViewLayer | Updating Geometry BVH Cube.274 347/808 | Building BVH
Fra:1 Mem:382.79M (Peak 474.15M) | Time:00:00.25 | Mem:260.39M, Peak:260.39M | Scene, ViewLayer | Updating Geometry BVH Cube.274 347/808 | Building mesh BLAS |     188 tris | Cube.274
Fra:1 Mem:382.79M (Peak 474.15M) | Time:00:00.25 | Mem:260.41M, Peak:260.41M | Scene, ViewLayer | Updating Geometry BVH Cube.275 348/808 | Building BVH
Fra:1 Mem:382.79M (Peak 474.15M) | Time:00:00.25 | Mem:260.43M, Peak:260.43M | Scene, ViewLayer | Updating Geometry BVH Cube.275 348/808 | Building mesh BLAS |     188 tris | Cube.275
Fra:1 Mem:382.79M (Peak 474.15M) | Time:00:00.25 | Mem:260.43M, Peak:260.43M | Scene, ViewLayer | Updating Geometry BVH Cube.276 349/808 | Building BVH
Fra:1 Mem:382.79M (Peak 474.15M) | Time:00:00.25 | Mem:260.43M, Peak:260.43M | Scene, ViewLayer | Updating Geometry BVH Cube.276 349/808 | Building mesh BLAS |     188 tris | Cube.276
Fra:1 Mem:382.79M (Peak 474.15M) | Time:00:00.25 | Mem:260.44M, Peak:260.44M | Scene, ViewLayer | Updating Geometry BVH Cube.277 350/808 | Building BVH
Fra:1 Mem:382.79M (Peak 474.15M) | Time:00:00.25 | Mem:260.46M, Peak:260.46M | Scene, ViewLayer | Updating Geometry BVH Cube.279 352/808 | Building BVH
Fra:1 Mem:382.79M (Peak 474.15M) | Time:00:00.25 | Mem:260.46M, Peak:260.46M | Scene, ViewLayer | Updating Geometry BVH Cube.280 353/808 | Building BVH
Fra:1 Mem:382.79M (Peak 474.15M) | Time:00:00.25 | Mem:260.46M, Peak:260.46M | Scene, ViewLayer | Updating Geometry BVH Cube.280 353/808 | Building mesh BLAS |     188 tris | Cube.279
Fra:1 Mem:382.79M (Peak 474.15M) | Time:00:00.25 | Mem:260.47M, Peak:260.47M | Scene, ViewLayer | Updating Geometry BVH Cube.280 353/808 | Building mesh BLAS |     188 tris | Cube.278
Fra:1 Mem:382.79M (Peak 474.15M) | Time:00:00.25 | Mem:260.47M, Peak:260.47M | Scene, ViewLayer | Updating Geometry BVH Cube.281 354/808 | Building BVH
Fra:1 Mem:382.79M (Peak 474.15M) | Time:00:00.25 | Mem:260.47M, Peak:260.47M | Scene, ViewLayer | Updating Geometry BVH Cube.282 355/808 | Building BVH
Fra:1 Mem:382.79M (Peak 474.15M) | Time:00:00.25 | Mem:260.47M, Peak:260.47M | Scene, ViewLayer | Updating Geometry BVH Cube.282 355/808 | Building mesh BLAS |     188 tris | Cube.282
Fra:1 Mem:382.79M (Peak 474.15M) | Time:00:00.25 | Mem:260.47M, Peak:260.47M | Scene, ViewLayer | Updating Geometry BVH Cube.282 355/808 | Building mesh BLAS |     188 tris | Cube.281
Fra:1 Mem:382.79M (Peak 474.15M) | Time:00:00.25 | Mem:260.47M, Peak:260.47M | Scene, ViewLayer | Updating Geometry BVH Cube.282 355/808 | Building mesh BLAS |     188 tris | Cube.280
Fra:1 Mem:382.79M (Peak 474.15M) | Time:00:00.25 | Mem:260.49M, Peak:260.49M | Scene, ViewLayer | Updating Geometry BVH Cube.283 356/808 | Building BVH
Fra:1 Mem:382.79M (Peak 474.15M) | Time:00:00.25 | Mem:260.49M, Peak:260.49M | Scene, ViewLayer | Updating Geometry BVH Cube.284 357/808 | Building BVH
Fra:1 Mem:382.79M (Peak 474.15M) | Time:00:00.25 | Mem:260.50M, Peak:260.50M | Scene, ViewLayer | Updating Geometry BVH Cube.709 782/808 | Building BVH
Fra:1 Mem:382.79M (Peak 474.15M) | Time:00:00.25 | Mem:260.51M, Peak:260.51M | Scene, ViewLayer | Updating Geometry BVH Cube.709 782/808 | Building mesh BLAS |     188 tris | Cube.284
Fra:1 Mem:382.79M (Peak 474.15M) | Time:00:00.25 | Mem:260.51M, Peak:260.51M | Scene, ViewLayer | Updating Geometry BVH Cube.709 782/808 | Building mesh BLAS |     188 tris | Cube.709
Fra:1 Mem:382.79M (Peak 474.15M) | Time:00:00.25 | Mem:260.52M, Peak:260.52M | Scene, ViewLayer | Updating Geometry BVH Cube.285 358/808 | Building BVH
Fra:1 Mem:382.79M (Peak 474.15M) | Time:00:00.25 | Mem:260.54M, Peak:260.54M | Scene, ViewLayer | Updating Geometry BVH Cube.285 358/808 | Building mesh BLAS |     188 tris | Cube.285
Fra:1 Mem:382.79M (Peak 474.15M) | Time:00:00.25 | Mem:260.54M, Peak:260.54M | Scene, ViewLayer | Updating Geometry BVH Cube.286 359/808 | Building BVH
Fra:1 Mem:382.79M (Peak 474.15M) | Time:00:00.25 | Mem:260.54M, Peak:260.54M | Scene, ViewLayer | Updating Geometry BVH Cube.286 359/808 | Building mesh BLAS |     188 tris | Cube.286
Fra:1 Mem:382.79M (Peak 474.15M) | Time:00:00.25 | Mem:260.55M, Peak:260.55M | Scene, ViewLayer | Updating Geometry BVH Cube.287 360/808 | Building BVH
Fra:1 Mem:382.79M (Peak 474.15M) | Time:00:00.25 | Mem:260.55M, Peak:260.55M | Scene, ViewLayer | Updating Geometry BVH Cube.287 360/808 | Building mesh BLAS |     188 tris | Cube.287
Fra:1 Mem:382.79M (Peak 474.15M) | Time:00:00.25 | Mem:260.55M, Peak:260.55M | Scene, ViewLayer | Updating Geometry BVH Cube.288 361/808 | Building BVH
Fra:1 Mem:382.79M (Peak 474.15M) | Time:00:00.25 | Mem:260.55M, Peak:260.55M | Scene, ViewLayer | Updating Geometry BVH Cube.288 361/808 | Building mesh BLAS |     188 tris | Cube.288
Fra:1 Mem:382.79M (Peak 474.15M) | Time:00:00.25 | Mem:260.56M, Peak:260.56M | Scene, ViewLayer | Updating Geometry BVH Cube.289 362/808 | Building BVH
Fra:1 Mem:382.79M (Peak 474.15M) | Time:00:00.25 | Mem:260.56M, Peak:260.56M | Scene, ViewLayer | Updating Geometry BVH Cube.290 363/808 | Building BVH
Fra:1 Mem:382.79M (Peak 474.15M) | Time:00:00.25 | Mem:260.56M, Peak:260.56M | Scene, ViewLayer | Updating Geometry BVH Cube.290 363/808 | Building mesh BLAS |     188 tris | Cube.290
Fra:1 Mem:382.79M (Peak 474.15M) | Time:00:00.25 | Mem:260.57M, Peak:260.57M | Scene, ViewLayer | Updating Geometry BVH Cube.291 364/808 | Building BVH
Fra:1 Mem:382.79M (Peak 474.15M) | Time:00:00.25 | Mem:260.57M, Peak:260.57M | Scene, ViewLayer | Updating Geometry BVH Cube.291 364/808 | Building mesh BLAS |     188 tris | Cube.291
Fra:1 Mem:382.79M (Peak 474.15M) | Time:00:00.25 | Mem:260.57M, Peak:260.57M | Scene, ViewLayer | Updating Geometry BVH Cube.292 365/808 | Building BVH
Fra:1 Mem:382.79M (Peak 474.15M) | Time:00:00.25 | Mem:260.57M, Peak:260.57M | Scene, ViewLayer | Updating Geometry BVH Cube.292 365/808 | Building mesh BLAS |     188 tris | Cube.292
Fra:1 Mem:382.79M (Peak 474.15M) | Time:00:00.25 | Mem:260.58M, Peak:260.58M | Scene, ViewLayer | Updating Geometry BVH Cube.293 366/808 | Building BVH
Fra:1 Mem:382.79M (Peak 474.15M) | Time:00:00.25 | Mem:260.58M, Peak:260.58M | Scene, ViewLayer | Updating Geometry BVH Cube.293 366/808 | Building mesh BLAS |     188 tris | Cube.293
Fra:1 Mem:382.79M (Peak 474.15M) | Time:00:00.25 | Mem:260.63M, Peak:260.63M | Scene, ViewLayer | Updating Geometry BVH Cube.294 367/808 | Building BVH
Fra:1 Mem:382.79M (Peak 474.15M) | Time:00:00.25 | Mem:260.63M, Peak:260.63M | Scene, ViewLayer | Updating Geometry BVH Cube.295 368/808 | Building BVH
Fra:1 Mem:382.79M (Peak 474.15M) | Time:00:00.25 | Mem:260.63M, Peak:260.63M | Scene, ViewLayer | Updating Geometry BVH Cube.296 369/808 | Building mesh BLAS |     188 tris | Cube.294
Fra:1 Mem:382.79M (Peak 474.15M) | Time:00:00.25 | Mem:260.63M, Peak:260.63M | Scene, ViewLayer | Updating Geometry BVH Cube.297 370/808 | Building mesh BLAS |     188 tris | Cube.295
Fra:1 Mem:382.79M (Peak 474.15M) | Time:00:00.25 | Mem:260.63M, Peak:260.63M | Scene, ViewLayer | Updating Geometry BVH Cube.298 371/808 | Building BVH
Fra:1 Mem:382.79M (Peak 474.15M) | Time:00:00.25 | Mem:260.63M, Peak:260.63M | Scene, ViewLayer | Updating Geometry BVH Cube.298 371/808 | Building mesh BLAS |     188 tris | Cube.298
Fra:1 Mem:382.79M (Peak 474.15M) | Time:00:00.25 | Mem:260.63M, Peak:260.63M | Scene, ViewLayer | Updating Geometry BVH Cube.299 372/808 | Building mesh BLAS |     188 tris | Cube.296
Fra:1 Mem:382.79M (Peak 474.15M) | Time:00:00.25 | Mem:260.63M, Peak:260.63M | Scene, ViewLayer | Updating Geometry BVH Cube.299 372/808 | Building mesh BLAS |     188 tris | Cube.299
Fra:1 Mem:382.79M (Peak 474.15M) | Time:00:00.25 | Mem:260.63M, Peak:260.63M | Scene, ViewLayer | Updating Geometry BVH Cube.299 372/808 | Building mesh BLAS |     188 tris | Cube.297
Fra:1 Mem:382.79M (Peak 474.15M) | Time:00:00.25 | Mem:260.68M, Peak:260.68M | Scene, ViewLayer | Updating Geometry BVH Cube.708 781/808 | Building BVH
Fra:1 Mem:382.79M (Peak 474.15M) | Time:00:00.25 | Mem:260.69M, Peak:260.69M | Scene, ViewLayer | Updating Geometry BVH Cube.300 373/808 | Building BVH
Fra:1 Mem:382.79M (Peak 474.15M) | Time:00:00.25 | Mem:260.69M, Peak:260.69M | Scene, ViewLayer | Updating Geometry BVH Cube.301 374/808 | Building BVH
Fra:1 Mem:382.79M (Peak 474.15M) | Time:00:00.25 | Mem:260.69M, Peak:260.69M | Scene, ViewLayer | Updating Geometry BVH Cube.303 376/808 | Building mesh BLAS |     188 tris | Cube.300
Fra:1 Mem:382.79M (Peak 474.15M) | Time:00:00.25 | Mem:260.69M, Peak:260.69M | Scene, ViewLayer | Updating Geometry BVH Cube.303 376/808 | Building mesh BLAS |     188 tris | Cube.301
Fra:1 Mem:382.79M (Peak 474.15M) | Time:00:00.25 | Mem:260.69M, Peak:260.69M | Scene, ViewLayer | Updating Geometry BVH Cube.303 376/808 | Building mesh BLAS |     188 tris | Cube.302
Fra:1 Mem:382.79M (Peak 474.15M) | Time:00:00.25 | Mem:260.69M, Peak:260.69M | Scene, ViewLayer | Updating Geometry BVH Cube.303 376/808 | Building mesh BLAS |     188 tris | Cube.303
Fra:1 Mem:382.79M (Peak 474.15M) | Time:00:00.25 | Mem:260.70M, Peak:260.70M | Scene, ViewLayer | Updating Geometry BVH Cube.304 377/808 | Building BVH
Fra:1 Mem:382.79M (Peak 474.15M) | Time:00:00.25 | Mem:260.70M, Peak:260.70M | Scene, ViewLayer | Updating Geometry BVH Cube.304 377/808 | Building mesh BLAS |     188 tris | Cube.304
Fra:1 Mem:382.79M (Peak 474.15M) | Time:00:00.25 | Mem:260.72M, Peak:260.72M | Scene, ViewLayer | Updating Geometry BVH Cube.305 378/808 | Building BVH
Fra:1 Mem:382.79M (Peak 474.15M) | Time:00:00.25 | Mem:260.72M, Peak:260.72M | Scene, ViewLayer | Updating Geometry BVH Cube.305 378/808 | Building mesh BLAS |     188 tris | Cube.305
Fra:1 Mem:382.79M (Peak 474.15M) | Time:00:00.25 | Mem:260.74M, Peak:260.74M | Scene, ViewLayer | Updating Geometry BVH Cube.306 379/808 | Building BVH
Fra:1 Mem:382.79M (Peak 474.15M) | Time:00:00.25 | Mem:260.74M, Peak:260.74M | Scene, ViewLayer | Updating Geometry BVH Cube.306 379/808 | Building mesh BLAS |     188 tris | Cube.306
Fra:1 Mem:382.79M (Peak 474.15M) | Time:00:00.25 | Mem:260.74M, Peak:260.74M | Scene, ViewLayer | Updating Geometry BVH Cube.307 380/808 | Building BVH
Fra:1 Mem:382.79M (Peak 474.15M) | Time:00:00.25 | Mem:260.74M, Peak:260.74M | Scene, ViewLayer | Updating Geometry BVH Cube.307 380/808 | Building mesh BLAS |     188 tris | Cube.307
Fra:1 Mem:382.79M (Peak 474.15M) | Time:00:00.25 | Mem:260.74M, Peak:260.74M | Scene, ViewLayer | Updating Geometry BVH Cube.308 381/808 | Building BVH
Fra:1 Mem:382.79M (Peak 474.15M) | Time:00:00.25 | Mem:260.74M, Peak:260.74M | Scene, ViewLayer | Updating Geometry BVH Cube.308 381/808 | Building mesh BLAS |     188 tris | Cube.308
Fra:1 Mem:382.79M (Peak 474.15M) | Time:00:00.25 | Mem:260.74M, Peak:260.74M | Scene, ViewLayer | Updating Geometry BVH Cube.309 382/808 | Building BVH
Fra:1 Mem:382.79M (Peak 474.15M) | Time:00:00.25 | Mem:260.74M, Peak:260.74M | Scene, ViewLayer | Updating Geometry BVH Cube.309 382/808 | Building mesh BLAS |     188 tris | Cube.309
Fra:1 Mem:382.79M (Peak 474.15M) | Time:00:00.25 | Mem:265.85M, Peak:265.85M | Scene, ViewLayer | Updating Geometry BVH Cube.310 383/808 | Building BVH
Fra:1 Mem:382.79M (Peak 474.15M) | Time:00:00.25 | Mem:265.86M, Peak:265.86M | Scene, ViewLayer | Updating Geometry BVH Cube.310 383/808 | Building mesh BLAS |     188 tris | Cube.310
Fra:1 Mem:382.79M (Peak 474.15M) | Time:00:00.25 | Mem:265.87M, Peak:265.87M | Scene, ViewLayer | Updating Geometry BVH Cube.311 384/808 | Building BVH
Fra:1 Mem:382.79M (Peak 474.15M) | Time:00:00.25 | Mem:265.87M, Peak:265.87M | Scene, ViewLayer | Updating Geometry BVH Cube.311 384/808 | Building mesh BLAS |     188 tris | Cube.311
Fra:1 Mem:382.79M (Peak 474.15M) | Time:00:00.25 | Mem:265.88M, Peak:265.88M | Scene, ViewLayer | Updating Geometry BVH Cube.312 385/808 | Building BVH
Fra:1 Mem:382.79M (Peak 474.15M) | Time:00:00.25 | Mem:265.90M, Peak:265.90M | Scene, ViewLayer | Updating Geometry BVH Cube.312 385/808 | Building mesh BLAS |     188 tris | Cube.312
Fra:1 Mem:382.79M (Peak 474.15M) | Time:00:00.25 | Mem:265.90M, Peak:265.90M | Scene, ViewLayer | Updating Geometry BVH Cube.313 386/808 | Building BVH
Fra:1 Mem:382.79M (Peak 474.15M) | Time:00:00.25 | Mem:265.91M, Peak:265.91M | Scene, ViewLayer | Updating Geometry BVH Cube.314 387/808 | Building BVH
Fra:1 Mem:382.79M (Peak 474.15M) | Time:00:00.25 | Mem:265.92M, Peak:265.92M | Scene, ViewLayer | Updating Geometry BVH Cube.314 387/808 | Building mesh BLAS |     188 tris | Cube.314
Fra:1 Mem:382.79M (Peak 474.15M) | Time:00:00.25 | Mem:265.93M, Peak:265.93M | Scene, ViewLayer | Updating Geometry BVH Cube.315 388/808 | Building BVH
Fra:1 Mem:382.79M (Peak 474.15M) | Time:00:00.25 | Mem:265.94M, Peak:265.94M | Scene, ViewLayer | Updating Geometry BVH Cube.316 389/808 | Building BVH
Fra:1 Mem:382.79M (Peak 474.15M) | Time:00:00.25 | Mem:265.94M, Peak:265.94M | Scene, ViewLayer | Updating Geometry BVH Cube.707 780/808 | Building BVH
Fra:1 Mem:382.79M (Peak 474.15M) | Time:00:00.25 | Mem:265.94M, Peak:265.94M | Scene, ViewLayer | Updating Geometry BVH Cube.707 780/808 | Building mesh BLAS |     188 tris | Cube.315
Fra:1 Mem:382.79M (Peak 474.15M) | Time:00:00.25 | Mem:265.94M, Peak:265.94M | Scene, ViewLayer | Updating Geometry BVH Cube.707 780/808 | Building mesh BLAS |     188 tris | Cube.707
Fra:1 Mem:382.79M (Peak 474.15M) | Time:00:00.25 | Mem:265.94M, Peak:265.94M | Scene, ViewLayer | Updating Geometry BVH Cube.317 390/808 | Building BVH
Fra:1 Mem:382.79M (Peak 474.15M) | Time:00:00.25 | Mem:265.94M, Peak:265.94M | Scene, ViewLayer | Updating Geometry BVH Cube.318 391/808 | Building BVH
Fra:1 Mem:382.79M (Peak 474.15M) | Time:00:00.25 | Mem:265.94M, Peak:265.94M | Scene, ViewLayer | Updating Geometry BVH Cube.318 391/808 | Building mesh BLAS |     188 tris | Cube.317
Fra:1 Mem:382.79M (Peak 474.15M) | Time:00:00.25 | Mem:265.94M, Peak:265.94M | Scene, ViewLayer | Updating Geometry BVH Cube.318 391/808 | Building mesh BLAS |     188 tris | Cube.318
Fra:1 Mem:382.79M (Peak 474.15M) | Time:00:00.25 | Mem:265.97M, Peak:265.97M | Scene, ViewLayer | Updating Geometry BVH Cube.319 392/808 | Building BVH
Fra:1 Mem:382.79M (Peak 474.15M) | Time:00:00.25 | Mem:265.97M, Peak:265.97M | Scene, ViewLayer | Updating Geometry BVH Cube.320 393/808 | Building BVH
Fra:1 Mem:382.79M (Peak 474.15M) | Time:00:00.25 | Mem:265.97M, Peak:265.97M | Scene, ViewLayer | Updating Geometry BVH Cube.321 394/808 | Building BVH
Fra:1 Mem:382.79M (Peak 474.15M) | Time:00:00.25 | Mem:265.97M, Peak:265.97M | Scene, ViewLayer | Updating Geometry BVH Cube.321 394/808 | Building mesh BLAS |     188 tris | Cube.320
Fra:1 Mem:382.79M (Peak 474.15M) | Time:00:00.25 | Mem:265.97M, Peak:265.97M | Scene, ViewLayer | Updating Geometry BVH Cube.321 394/808 | Building mesh BLAS |     188 tris | Cube.321
Fra:1 Mem:382.79M (Peak 474.15M) | Time:00:00.25 | Mem:265.99M, Peak:265.99M | Scene, ViewLayer | Updating Geometry BVH Cube.322 395/808 | Building BVH
Fra:1 Mem:382.79M (Peak 474.15M) | Time:00:00.25 | Mem:266.00M, Peak:266.00M | Scene, ViewLayer | Updating Geometry BVH Cube.322 395/808 | Building mesh BLAS |     188 tris | Cube.322
Fra:1 Mem:382.79M (Peak 474.15M) | Time:00:00.25 | Mem:266.28M, Peak:266.28M | Scene, ViewLayer | Updating Geometry BVH Cube.323 396/808 | Building BVH
Fra:1 Mem:382.79M (Peak 474.15M) | Time:00:00.26 | Mem:266.28M, Peak:266.28M | Scene, ViewLayer | Updating Geometry BVH Cube.324 397/808 | Building BVH
Fra:1 Mem:382.79M (Peak 474.15M) | Time:00:00.26 | Mem:266.28M, Peak:266.28M | Scene, ViewLayer | Updating Geometry BVH Cube.324 397/808 | Building mesh BLAS |     188 tris | Cube.323
Fra:1 Mem:382.79M (Peak 474.15M) | Time:00:00.26 | Mem:266.28M, Peak:266.28M | Scene, ViewLayer | Updating Geometry BVH Cube.324 397/808 | Building mesh BLAS |     188 tris | Cube.324
Fra:1 Mem:382.79M (Peak 474.15M) | Time:00:00.26 | Mem:266.28M, Peak:266.28M | Scene, ViewLayer | Updating Geometry BVH Cube.325 398/808 | Building BVH
Fra:1 Mem:382.79M (Peak 474.15M) | Time:00:00.26 | Mem:266.28M, Peak:266.28M | Scene, ViewLayer | Updating Geometry BVH Cube.326 399/808 | Building BVH
Fra:1 Mem:382.79M (Peak 474.15M) | Time:00:00.26 | Mem:266.28M, Peak:266.28M | Scene, ViewLayer | Updating Geometry BVH Cube.326 399/808 | Building mesh BLAS |     188 tris | Cube.325
Fra:1 Mem:382.79M (Peak 474.15M) | Time:00:00.26 | Mem:266.28M, Peak:266.28M | Scene, ViewLayer | Updating Geometry BVH Cube.326 399/808 | Building mesh BLAS |     188 tris | Cube.326
Fra:1 Mem:382.79M (Peak 474.15M) | Time:00:00.26 | Mem:266.29M, Peak:266.29M | Scene, ViewLayer | Updating Geometry BVH Cube.327 400/808 | Building BVH
Fra:1 Mem:382.79M (Peak 474.15M) | Time:00:00.26 | Mem:266.30M, Peak:266.30M | Scene, ViewLayer | Updating Geometry BVH Cube.327 400/808 | Building mesh BLAS |     188 tris | Cube.327
Fra:1 Mem:382.79M (Peak 474.15M) | Time:00:00.26 | Mem:266.32M, Peak:266.32M | Scene, ViewLayer | Updating Geometry BVH Cube.328 401/808 | Building BVH
Fra:1 Mem:382.79M (Peak 474.15M) | Time:00:00.26 | Mem:266.33M, Peak:266.33M | Scene, ViewLayer | Updating Geometry BVH Cube.329 402/808 | Building BVH
Fra:1 Mem:382.79M (Peak 474.15M) | Time:00:00.26 | Mem:266.33M, Peak:266.33M | Scene, ViewLayer | Updating Geometry BVH Cube.329 402/808 | Building mesh BLAS |     188 tris | Cube.328
Fra:1 Mem:382.79M (Peak 474.15M) | Time:00:00.26 | Mem:266.33M, Peak:266.33M | Scene, ViewLayer | Updating Geometry BVH Cube.329 402/808 | Building mesh BLAS |     188 tris | Cube.329
Fra:1 Mem:382.79M (Peak 474.15M) | Time:00:00.26 | Mem:266.33M, Peak:266.33M | Scene, ViewLayer | Updating Geometry BVH Cube.330 403/808 | Building BVH
Fra:1 Mem:382.79M (Peak 474.15M) | Time:00:00.26 | Mem:266.33M, Peak:266.33M | Scene, ViewLayer | Updating Geometry BVH Cube.331 404/808 | Building BVH
Fra:1 Mem:382.79M (Peak 474.15M) | Time:00:00.26 | Mem:266.33M, Peak:266.33M | Scene, ViewLayer | Updating Geometry BVH Cube.331 404/808 | Building mesh BLAS |     188 tris | Cube.330
Fra:1 Mem:382.79M (Peak 474.15M) | Time:00:00.26 | Mem:266.33M, Peak:266.33M | Scene, ViewLayer | Updating Geometry BVH Cube.331 404/808 | Building mesh BLAS |     188 tris | Cube.331
Fra:1 Mem:382.79M (Peak 474.15M) | Time:00:00.26 | Mem:266.35M, Peak:266.35M | Scene, ViewLayer | Updating Geometry BVH Cube.706 779/808 | Building BVH
Fra:1 Mem:382.79M (Peak 474.15M) | Time:00:00.26 | Mem:266.35M, Peak:266.35M | Scene, ViewLayer | Updating Geometry BVH Cube.706 779/808 | Building mesh BLAS |     188 tris | Cube.706
Fra:1 Mem:382.79M (Peak 474.15M) | Time:00:00.26 | Mem:266.35M, Peak:266.35M | Scene, ViewLayer | Updating Geometry BVH Cube.332 405/808 | Building BVH
Fra:1 Mem:382.79M (Peak 474.15M) | Time:00:00.26 | Mem:266.35M, Peak:266.35M | Scene, ViewLayer | Updating Geometry BVH Cube.332 405/808 | Building mesh BLAS |     188 tris | Cube.332
Fra:1 Mem:382.79M (Peak 474.15M) | Time:00:00.26 | Mem:266.36M, Peak:266.36M | Scene, ViewLayer | Updating Geometry BVH Cube.333 406/808 | Building BVH
Fra:1 Mem:382.79M (Peak 474.15M) | Time:00:00.26 | Mem:266.37M, Peak:266.37M | Scene, ViewLayer | Updating Geometry BVH Cube.334 407/808 | Building BVH
Fra:1 Mem:382.79M (Peak 474.15M) | Time:00:00.26 | Mem:266.39M, Peak:266.39M | Scene, ViewLayer | Updating Geometry BVH Cube.335 408/808 | Building BVH
Fra:1 Mem:382.79M (Peak 474.15M) | Time:00:00.26 | Mem:266.39M, Peak:266.39M | Scene, ViewLayer | Updating Geometry BVH Cube.335 408/808 | Building mesh BLAS |     188 tris | Cube.334
Fra:1 Mem:382.79M (Peak 474.15M) | Time:00:00.26 | Mem:266.39M, Peak:266.39M | Scene, ViewLayer | Updating Geometry BVH Cube.335 408/808 | Building mesh BLAS |     188 tris | Cube.335
Fra:1 Mem:382.79M (Peak 474.15M) | Time:00:00.26 | Mem:266.39M, Peak:266.39M | Scene, ViewLayer | Updating Geometry BVH Cube.337 410/808 | Building BVH
Fra:1 Mem:382.79M (Peak 474.15M) | Time:00:00.26 | Mem:266.41M, Peak:266.41M | Scene, ViewLayer | Updating Geometry BVH Cube.337 410/808 | Building mesh BLAS |     188 tris | Cube.337
Fra:1 Mem:382.79M (Peak 474.15M) | Time:00:00.26 | Mem:266.41M, Peak:266.41M | Scene, ViewLayer | Updating Geometry BVH Cube.337 410/808 | Building mesh BLAS |     188 tris | Cube.336
Fra:1 Mem:382.79M (Peak 474.15M) | Time:00:00.26 | Mem:266.41M, Peak:266.41M | Scene, ViewLayer | Updating Geometry BVH Cube.338 411/808 | Building BVH
Fra:1 Mem:382.79M (Peak 474.15M) | Time:00:00.26 | Mem:266.41M, Peak:266.41M | Scene, ViewLayer | Updating Geometry BVH Cube.338 411/808 | Building mesh BLAS |     188 tris | Cube.338
Fra:1 Mem:382.79M (Peak 474.15M) | Time:00:00.26 | Mem:266.41M, Peak:266.41M | Scene, ViewLayer | Updating Geometry BVH Cube.339 412/808 | Building BVH
Fra:1 Mem:382.79M (Peak 474.15M) | Time:00:00.26 | Mem:266.41M, Peak:266.41M | Scene, ViewLayer | Updating Geometry BVH Cube.339 412/808 | Building mesh BLAS |     188 tris | Cube.339
Fra:1 Mem:382.79M (Peak 474.15M) | Time:00:00.26 | Mem:266.41M, Peak:266.41M | Scene, ViewLayer | Updating Geometry BVH Cube.340 413/808 | Building BVH
Fra:1 Mem:382.79M (Peak 474.15M) | Time:00:00.26 | Mem:266.43M, Peak:266.43M | Scene, ViewLayer | Updating Geometry BVH Cube.340 413/808 | Building mesh BLAS |     188 tris | Cube.340
Fra:1 Mem:382.79M (Peak 474.15M) | Time:00:00.26 | Mem:266.44M, Peak:266.44M | Scene, ViewLayer | Updating Geometry BVH Cube.341 414/808 | Building BVH
Fra:1 Mem:382.79M (Peak 474.15M) | Time:00:00.26 | Mem:269.33M, Peak:269.33M | Scene, ViewLayer | Updating Geometry BVH Cube.341 414/808 | Building mesh BLAS |     188 tris | Cube.341
Fra:1 Mem:382.79M (Peak 474.15M) | Time:00:00.26 | Mem:269.33M, Peak:269.33M | Scene, ViewLayer | Updating Geometry BVH Cube.342 415/808 | Building BVH
Fra:1 Mem:382.79M (Peak 474.15M) | Time:00:00.26 | Mem:269.33M, Peak:269.33M | Scene, ViewLayer | Updating Geometry BVH Cube.342 415/808 | Building mesh BLAS |     188 tris | Cube.342
Fra:1 Mem:382.79M (Peak 474.15M) | Time:00:00.26 | Mem:269.34M, Peak:269.34M | Scene, ViewLayer | Updating Geometry BVH Cube.343 416/808 | Building BVH
Fra:1 Mem:382.79M (Peak 474.15M) | Time:00:00.26 | Mem:269.34M, Peak:269.34M | Scene, ViewLayer | Updating Geometry BVH Cube.343 416/808 | Building mesh BLAS |     188 tris | Cube.343
Fra:1 Mem:382.79M (Peak 474.15M) | Time:00:00.26 | Mem:269.34M, Peak:269.34M | Scene, ViewLayer | Updating Geometry BVH Cube.344 417/808 | Building BVH
Fra:1 Mem:382.79M (Peak 474.15M) | Time:00:00.26 | Mem:269.34M, Peak:269.34M | Scene, ViewLayer | Updating Geometry BVH Cube.344 417/808 | Building mesh BLAS |     188 tris | Cube.344
Fra:1 Mem:382.79M (Peak 474.15M) | Time:00:00.26 | Mem:269.36M, Peak:269.36M | Scene, ViewLayer | Updating Geometry BVH Cube.345 418/808 | Building BVH
Fra:1 Mem:382.79M (Peak 474.15M) | Time:00:00.26 | Mem:269.36M, Peak:269.36M | Scene, ViewLayer | Updating Geometry BVH Cube.346 419/808 | Building BVH
Fra:1 Mem:382.79M (Peak 474.15M) | Time:00:00.26 | Mem:269.36M, Peak:269.36M | Scene, ViewLayer | Updating Geometry BVH Cube.346 419/808 | Building mesh BLAS |     188 tris | Cube.345
Fra:1 Mem:382.79M (Peak 474.15M) | Time:00:00.26 | Mem:269.36M, Peak:269.36M | Scene, ViewLayer | Updating Geometry BVH Cube.346 419/808 | Building mesh BLAS |     188 tris | Cube.346
Fra:1 Mem:382.79M (Peak 474.15M) | Time:00:00.26 | Mem:269.37M, Peak:269.37M | Scene, ViewLayer | Updating Geometry BVH Cube.347 420/808 | Building BVH
Fra:1 Mem:382.79M (Peak 474.15M) | Time:00:00.26 | Mem:269.37M, Peak:269.37M | Scene, ViewLayer | Updating Geometry BVH Cube.347 420/808 | Building mesh BLAS |     188 tris | Cube.347
Fra:1 Mem:382.79M (Peak 474.15M) | Time:00:00.26 | Mem:269.37M, Peak:269.37M | Scene, ViewLayer | Updating Geometry BVH Cube.348 421/808 | Building BVH
Fra:1 Mem:382.79M (Peak 474.15M) | Time:00:00.26 | Mem:269.37M, Peak:269.37M | Scene, ViewLayer | Updating Geometry BVH Cube.348 421/808 | Building mesh BLAS |     188 tris | Cube.348
Fra:1 Mem:382.79M (Peak 474.15M) | Time:00:00.26 | Mem:269.38M, Peak:269.38M | Scene, ViewLayer | Updating Geometry BVH Cube.705 778/808 | Building BVH
Fra:1 Mem:382.79M (Peak 474.15M) | Time:00:00.26 | Mem:269.38M, Peak:269.38M | Scene, ViewLayer | Updating Geometry BVH Cube.705 778/808 | Building mesh BLAS |     188 tris | Cube.705
Fra:1 Mem:382.79M (Peak 474.15M) | Time:00:00.26 | Mem:269.39M, Peak:269.39M | Scene, ViewLayer | Updating Geometry BVH Cube.349 422/808 | Building BVH
Fra:1 Mem:382.79M (Peak 474.15M) | Time:00:00.26 | Mem:269.40M, Peak:269.40M | Scene, ViewLayer | Updating Geometry BVH Cube.349 422/808 | Building mesh BLAS |     188 tris | Cube.349
Fra:1 Mem:382.79M (Peak 474.15M) | Time:00:00.26 | Mem:269.42M, Peak:269.42M | Scene, ViewLayer | Updating Geometry BVH Cube.350 423/808 | Building BVH
Fra:1 Mem:382.79M (Peak 474.15M) | Time:00:00.26 | Mem:269.42M, Peak:269.42M | Scene, ViewLayer | Updating Geometry BVH Cube.350 423/808 | Building mesh BLAS |     188 tris | Cube.350
Fra:1 Mem:382.79M (Peak 474.15M) | Time:00:00.26 | Mem:269.42M, Peak:269.42M | Scene, ViewLayer | Updating Geometry BVH Cube.351 424/808 | Building BVH
Fra:1 Mem:382.79M (Peak 474.15M) | Time:00:00.26 | Mem:269.42M, Peak:269.42M | Scene, ViewLayer | Updating Geometry BVH Cube.351 424/808 | Building mesh BLAS |     188 tris | Cube.351
Fra:1 Mem:382.79M (Peak 474.15M) | Time:00:00.26 | Mem:269.42M, Peak:269.42M | Scene, ViewLayer | Updating Geometry BVH Cube.352 425/808 | Building BVH
Fra:1 Mem:382.79M (Peak 474.15M) | Time:00:00.26 | Mem:269.42M, Peak:269.42M | Scene, ViewLayer | Updating Geometry BVH Cube.352 425/808 | Building mesh BLAS |     188 tris | Cube.352
Fra:1 Mem:382.79M (Peak 474.15M) | Time:00:00.26 | Mem:269.45M, Peak:269.45M | Scene, ViewLayer | Updating Geometry BVH Cube.353 426/808 | Building BVH
Fra:1 Mem:382.79M (Peak 474.15M) | Time:00:00.26 | Mem:269.45M, Peak:269.45M | Scene, ViewLayer | Updating Geometry BVH Cube.353 426/808 | Building mesh BLAS |     188 tris | Cube.353
Fra:1 Mem:382.79M (Peak 474.15M) | Time:00:00.26 | Mem:269.45M, Peak:269.45M | Scene, ViewLayer | Updating Geometry BVH Cube.354 427/808 | Building BVH
Fra:1 Mem:382.79M (Peak 474.15M) | Time:00:00.26 | Mem:269.47M, Peak:269.47M | Scene, ViewLayer | Updating Geometry BVH Cube.356 429/808 | Building BVH
Fra:1 Mem:382.79M (Peak 474.15M) | Time:00:00.26 | Mem:269.48M, Peak:269.48M | Scene, ViewLayer | Updating Geometry BVH Cube.357 430/808 | Building BVH
Fra:1 Mem:382.79M (Peak 474.15M) | Time:00:00.26 | Mem:269.48M, Peak:269.48M | Scene, ViewLayer | Updating Geometry BVH Cube.359 432/808 | Building BVH
Fra:1 Mem:382.79M (Peak 474.15M) | Time:00:00.26 | Mem:269.49M, Peak:269.49M | Scene, ViewLayer | Updating Geometry BVH Cube.359 432/808 | Building mesh BLAS |     188 tris | Cube.357
Fra:1 Mem:382.79M (Peak 474.15M) | Time:00:00.26 | Mem:269.87M, Peak:269.87M | Scene, ViewLayer | Updating Geometry BVH Cube.359 432/808 | Building mesh BLAS |     188 tris | Cube.359
Fra:1 Mem:382.79M (Peak 474.15M) | Time:00:00.26 | Mem:269.87M, Peak:269.87M | Scene, ViewLayer | Updating Geometry BVH Cube.360 433/808 | Building BVH
Fra:1 Mem:382.79M (Peak 474.15M) | Time:00:00.26 | Mem:269.88M, Peak:269.88M | Scene, ViewLayer | Updating Geometry BVH Cube.360 433/808 | Building mesh BLAS |     188 tris | Cube.356
Fra:1 Mem:382.79M (Peak 474.15M) | Time:00:00.26 | Mem:269.88M, Peak:269.88M | Scene, ViewLayer | Updating Geometry BVH Cube.360 433/808 | Building mesh BLAS |     188 tris | Cube.360
Fra:1 Mem:382.79M (Peak 474.15M) | Time:00:00.26 | Mem:269.88M, Peak:269.88M | Scene, ViewLayer | Updating Geometry BVH Cube.360 433/808 | Building mesh BLAS |     188 tris | Cube.358
Fra:1 Mem:382.79M (Peak 474.15M) | Time:00:00.26 | Mem:269.89M, Peak:269.89M | Scene, ViewLayer | Updating Geometry BVH Cube.361 434/808 | Building BVH
Fra:1 Mem:382.79M (Peak 474.15M) | Time:00:00.26 | Mem:269.89M, Peak:269.89M | Scene, ViewLayer | Updating Geometry BVH Cube.361 434/808 | Building mesh BLAS |     188 tris | Cube.361
Fra:1 Mem:382.79M (Peak 474.15M) | Time:00:00.26 | Mem:269.89M, Peak:269.89M | Scene, ViewLayer | Updating Geometry BVH Cube.362 435/808 | Building BVH
Fra:1 Mem:382.79M (Peak 474.15M) | Time:00:00.26 | Mem:269.90M, Peak:269.90M | Scene, ViewLayer | Updating Geometry BVH Cube.362 435/808 | Building mesh BLAS |     188 tris | Cube.362
Fra:1 Mem:382.79M (Peak 474.15M) | Time:00:00.26 | Mem:269.90M, Peak:269.90M | Scene, ViewLayer | Updating Geometry BVH Cube.363 436/808 | Building BVH
Fra:1 Mem:382.79M (Peak 474.15M) | Time:00:00.26 | Mem:269.90M, Peak:269.90M | Scene, ViewLayer | Updating Geometry BVH Cube.364 437/808 | Building BVH
Fra:1 Mem:382.80M (Peak 474.15M) | Time:00:00.26 | Mem:269.90M, Peak:269.90M | Scene, ViewLayer | Updating Geometry BVH Cube.364 437/808 | Building mesh BLAS |     188 tris | Cube.363
Fra:1 Mem:382.79M (Peak 474.15M) | Time:00:00.26 | Mem:269.90M, Peak:269.90M | Scene, ViewLayer | Updating Geometry BVH Cube.364 437/808 | Building mesh BLAS |     188 tris | Cube.364
Fra:1 Mem:382.80M (Peak 474.15M) | Time:00:00.26 | Mem:269.91M, Peak:269.91M | Scene, ViewLayer | Updating Geometry BVH Cube.365 438/808 | Building BVH
Fra:1 Mem:382.80M (Peak 474.15M) | Time:00:00.26 | Mem:269.91M, Peak:269.91M | Scene, ViewLayer | Updating Geometry BVH Cube.704 777/808 | Building BVH
Fra:1 Mem:382.80M (Peak 474.15M) | Time:00:00.26 | Mem:269.91M, Peak:269.91M | Scene, ViewLayer | Updating Geometry BVH Cube.704 777/808 | Building mesh BLAS |     188 tris | Cube.365
Fra:1 Mem:382.80M (Peak 474.15M) | Time:00:00.26 | Mem:269.91M, Peak:269.91M | Scene, ViewLayer | Updating Geometry BVH Cube.704 777/808 | Building mesh BLAS |     188 tris | Cube.704
Fra:1 Mem:382.80M (Peak 474.15M) | Time:00:00.26 | Mem:269.94M, Peak:269.94M | Scene, ViewLayer | Updating Geometry BVH Cube.366 439/808 | Building BVH
Fra:1 Mem:382.80M (Peak 474.15M) | Time:00:00.26 | Mem:269.94M, Peak:269.94M | Scene, ViewLayer | Updating Geometry BVH Cube.366 439/808 | Building mesh BLAS |     188 tris | Cube.366
Fra:1 Mem:382.80M (Peak 474.15M) | Time:00:00.26 | Mem:269.94M, Peak:269.94M | Scene, ViewLayer | Updating Geometry BVH Cube.367 440/808 | Building BVH
Fra:1 Mem:382.80M (Peak 474.15M) | Time:00:00.26 | Mem:269.94M, Peak:269.94M | Scene, ViewLayer | Updating Geometry BVH Cube.367 440/808 | Building mesh BLAS |     188 tris | Cube.367
Fra:1 Mem:382.80M (Peak 474.15M) | Time:00:00.26 | Mem:269.95M, Peak:269.95M | Scene, ViewLayer | Updating Geometry BVH Cube.368 441/808 | Building BVH
Fra:1 Mem:382.80M (Peak 474.15M) | Time:00:00.26 | Mem:269.95M, Peak:269.95M | Scene, ViewLayer | Updating Geometry BVH Cube.368 441/808 | Building mesh BLAS |     188 tris | Cube.368
Fra:1 Mem:382.80M (Peak 474.15M) | Time:00:00.26 | Mem:269.95M, Peak:269.95M | Scene, ViewLayer | Updating Geometry BVH Cube.369 442/808 | Building BVH
Fra:1 Mem:382.80M (Peak 474.15M) | Time:00:00.26 | Mem:269.95M, Peak:269.95M | Scene, ViewLayer | Updating Geometry BVH Cube.369 442/808 | Building mesh BLAS |     188 tris | Cube.369
Fra:1 Mem:382.80M (Peak 474.15M) | Time:00:00.26 | Mem:269.98M, Peak:269.98M | Scene, ViewLayer | Updating Geometry BVH Cube.370 443/808 | Building BVH
Fra:1 Mem:382.80M (Peak 474.15M) | Time:00:00.26 | Mem:269.98M, Peak:269.98M | Scene, ViewLayer | Updating Geometry BVH Cube.370 443/808 | Building mesh BLAS |     188 tris | Cube.370
Fra:1 Mem:382.80M (Peak 474.15M) | Time:00:00.26 | Mem:270.01M, Peak:270.01M | Scene, ViewLayer | Updating Geometry BVH Cube.371 444/808 | Building BVH
Fra:1 Mem:382.80M (Peak 474.15M) | Time:00:00.26 | Mem:270.01M, Peak:270.01M | Scene, ViewLayer | Updating Geometry BVH Cube.371 444/808 | Building mesh BLAS |     188 tris | Cube.371
Fra:1 Mem:382.80M (Peak 474.15M) | Time:00:00.26 | Mem:270.01M, Peak:270.01M | Scene, ViewLayer | Updating Geometry BVH Cube.372 445/808 | Building BVH
Fra:1 Mem:382.80M (Peak 474.15M) | Time:00:00.26 | Mem:270.01M, Peak:270.01M | Scene, ViewLayer | Updating Geometry BVH Cube.372 445/808 | Building mesh BLAS |     188 tris | Cube.372
Fra:1 Mem:382.80M (Peak 474.15M) | Time:00:00.26 | Mem:270.02M, Peak:270.02M | Scene, ViewLayer | Updating Geometry BVH Cube.373 446/808 | Building BVH
Fra:1 Mem:382.80M (Peak 474.15M) | Time:00:00.26 | Mem:270.02M, Peak:270.02M | Scene, ViewLayer | Updating Geometry BVH Cube.373 446/808 | Building mesh BLAS |     188 tris | Cube.373
Fra:1 Mem:382.80M (Peak 474.15M) | Time:00:00.26 | Mem:270.02M, Peak:270.02M | Scene, ViewLayer | Updating Geometry BVH Cube.374 447/808 | Building BVH
Fra:1 Mem:382.80M (Peak 474.15M) | Time:00:00.26 | Mem:270.02M, Peak:270.02M | Scene, ViewLayer | Updating Geometry BVH Cube.374 447/808 | Building mesh BLAS |     188 tris | Cube.374
Fra:1 Mem:382.80M (Peak 474.15M) | Time:00:00.26 | Mem:270.04M, Peak:270.04M | Scene, ViewLayer | Updating Geometry BVH Cube.375 448/808 | Building BVH
Fra:1 Mem:382.80M (Peak 474.15M) | Time:00:00.26 | Mem:270.04M, Peak:270.04M | Scene, ViewLayer | Updating Geometry BVH Cube.376 449/808 | Building BVH
Fra:1 Mem:382.80M (Peak 474.15M) | Time:00:00.26 | Mem:270.04M, Peak:270.04M | Scene, ViewLayer | Updating Geometry BVH Cube.376 449/808 | Building mesh BLAS |     188 tris | Cube.375
Fra:1 Mem:382.80M (Peak 474.15M) | Time:00:00.26 | Mem:270.04M, Peak:270.04M | Scene, ViewLayer | Updating Geometry BVH Cube.376 449/808 | Building mesh BLAS |     188 tris | Cube.376
Fra:1 Mem:382.80M (Peak 474.15M) | Time:00:00.26 | Mem:270.05M, Peak:270.05M | Scene, ViewLayer | Updating Geometry BVH Cube.377 450/808 | Building BVH
Fra:1 Mem:382.80M (Peak 474.15M) | Time:00:00.26 | Mem:270.05M, Peak:270.05M | Scene, ViewLayer | Updating Geometry BVH Cube.378 451/808 | Building BVH
Fra:1 Mem:382.80M (Peak 474.15M) | Time:00:00.26 | Mem:270.07M, Peak:270.07M | Scene, ViewLayer | Updating Geometry BVH Cube.379 452/808 | Building mesh BLAS |     188 tris | Cube.377
Fra:1 Mem:382.80M (Peak 474.15M) | Time:00:00.26 | Mem:270.07M, Peak:270.07M | Scene, ViewLayer | Updating Geometry BVH Cube.380 453/808 | Building BVH
Fra:1 Mem:382.80M (Peak 474.15M) | Time:00:00.26 | Mem:270.07M, Peak:270.07M | Scene, ViewLayer | Updating Geometry BVH Cube.380 453/808 | Building mesh BLAS |     188 tris | Cube.379
Fra:1 Mem:382.80M (Peak 474.15M) | Time:00:00.26 | Mem:270.07M, Peak:270.07M | Scene, ViewLayer | Updating Geometry BVH Cube.380 453/808 | Building mesh BLAS |     188 tris | Cube.380
Fra:1 Mem:382.80M (Peak 474.15M) | Time:00:00.26 | Mem:270.07M, Peak:270.07M | Scene, ViewLayer | Updating Geometry BVH Cube.381 454/808 | Building BVH
Fra:1 Mem:382.80M (Peak 474.15M) | Time:00:00.26 | Mem:270.07M, Peak:270.07M | Scene, ViewLayer | Updating Geometry BVH Cube.381 454/808 | Building mesh BLAS |     188 tris | Cube.381
Fra:1 Mem:382.80M (Peak 474.15M) | Time:00:00.26 | Mem:270.10M, Peak:270.10M | Scene, ViewLayer | Updating Geometry BVH Cube.703 776/808 | Building BVH
Fra:1 Mem:382.80M (Peak 474.15M) | Time:00:00.26 | Mem:270.10M, Peak:270.10M | Scene, ViewLayer | Updating Geometry BVH Cube.382 455/808 | Building BVH
Fra:1 Mem:382.80M (Peak 474.15M) | Time:00:00.26 | Mem:270.10M, Peak:270.10M | Scene, ViewLayer | Updating Geometry BVH Cube.382 455/808 | Building mesh BLAS |     188 tris | Cube.703
Fra:1 Mem:382.80M (Peak 474.15M) | Time:00:00.26 | Mem:270.10M, Peak:270.10M | Scene, ViewLayer | Updating Geometry BVH Cube.382 455/808 | Building mesh BLAS |     188 tris | Cube.382
Fra:1 Mem:382.80M (Peak 474.15M) | Time:00:00.26 | Mem:270.10M, Peak:270.10M | Scene, ViewLayer | Updating Geometry BVH Cube.383 456/808 | Building BVH
Fra:1 Mem:382.80M (Peak 474.15M) | Time:00:00.26 | Mem:270.10M, Peak:270.10M | Scene, ViewLayer | Updating Geometry BVH Cube.383 456/808 | Building mesh BLAS |     188 tris | Cube.383
Fra:1 Mem:382.80M (Peak 474.15M) | Time:00:00.26 | Mem:270.11M, Peak:270.11M | Scene, ViewLayer | Updating Geometry BVH Cube.384 457/808 | Building BVH
Fra:1 Mem:382.80M (Peak 474.15M) | Time:00:00.26 | Mem:270.12M, Peak:270.12M | Scene, ViewLayer | Updating Geometry BVH Cube.384 457/808 | Building mesh BLAS |     188 tris | Cube.384
Fra:1 Mem:382.80M (Peak 474.15M) | Time:00:00.26 | Mem:270.12M, Peak:270.12M | Scene, ViewLayer | Updating Geometry BVH Cube.385 458/808 | Building BVH
Fra:1 Mem:382.80M (Peak 474.15M) | Time:00:00.26 | Mem:270.12M, Peak:270.12M | Scene, ViewLayer | Updating Geometry BVH Cube.386 459/808 | Building BVH
Fra:1 Mem:382.80M (Peak 474.15M) | Time:00:00.26 | Mem:270.12M, Peak:270.12M | Scene, ViewLayer | Updating Geometry BVH Cube.386 459/808 | Building mesh BLAS |     188 tris | Cube.386
Fra:1 Mem:382.80M (Peak 474.15M) | Time:00:00.26 | Mem:270.15M, Peak:270.15M | Scene, ViewLayer | Updating Geometry BVH Cube.387 460/808 | Building BVH
Fra:1 Mem:382.80M (Peak 474.15M) | Time:00:00.26 | Mem:270.16M, Peak:270.16M | Scene, ViewLayer | Updating Geometry BVH Cube.387 460/808 | Building mesh BLAS |     188 tris | Cube.387
Fra:1 Mem:382.80M (Peak 474.15M) | Time:00:00.26 | Mem:270.17M, Peak:270.17M | Scene, ViewLayer | Updating Geometry BVH Cube.389 462/808 | Building BVH
Fra:1 Mem:382.80M (Peak 474.15M) | Time:00:00.26 | Mem:270.17M, Peak:270.17M | Scene, ViewLayer | Updating Geometry BVH Cube.389 462/808 | Building mesh BLAS |     188 tris | Cube.389
Fra:1 Mem:382.80M (Peak 474.15M) | Time:00:00.26 | Mem:270.17M, Peak:270.17M | Scene, ViewLayer | Updating Geometry BVH Cube.390 463/808 | Building BVH
Fra:1 Mem:382.80M (Peak 474.15M) | Time:00:00.26 | Mem:270.17M, Peak:270.17M | Scene, ViewLayer | Updating Geometry BVH Cube.390 463/808 | Building mesh BLAS |     188 tris | Cube.388
Fra:1 Mem:382.80M (Peak 474.15M) | Time:00:00.26 | Mem:270.17M, Peak:270.17M | Scene, ViewLayer | Updating Geometry BVH Cube.391 464/808 | Building BVH
Fra:1 Mem:382.80M (Peak 474.15M) | Time:00:00.26 | Mem:270.17M, Peak:270.17M | Scene, ViewLayer | Updating Geometry BVH Cube.391 464/808 | Building mesh BLAS |     188 tris | Cube.391
Fra:1 Mem:382.80M (Peak 474.15M) | Time:00:00.26 | Mem:270.19M, Peak:270.19M | Scene, ViewLayer | Updating Geometry BVH Cube.392 465/808 | Building BVH
Fra:1 Mem:382.80M (Peak 474.15M) | Time:00:00.26 | Mem:270.19M, Peak:270.19M | Scene, ViewLayer | Updating Geometry BVH Cube.392 465/808 | Building mesh BLAS |     188 tris | Cube.392
Fra:1 Mem:382.80M (Peak 474.15M) | Time:00:00.26 | Mem:270.19M, Peak:270.19M | Scene, ViewLayer | Updating Geometry BVH Cube.393 466/808 | Building BVH
Fra:1 Mem:382.80M (Peak 474.15M) | Time:00:00.26 | Mem:270.19M, Peak:270.19M | Scene, ViewLayer | Updating Geometry BVH Cube.393 466/808 | Building mesh BLAS |     188 tris | Cube.393
Fra:1 Mem:382.80M (Peak 474.15M) | Time:00:00.26 | Mem:270.21M, Peak:270.21M | Scene, ViewLayer | Updating Geometry BVH Cube.394 467/808 | Building BVH
Fra:1 Mem:382.80M (Peak 474.15M) | Time:00:00.26 | Mem:270.23M, Peak:270.23M | Scene, ViewLayer | Updating Geometry BVH Cube.395 468/808 | Building BVH
Fra:1 Mem:382.80M (Peak 474.15M) | Time:00:00.26 | Mem:270.24M, Peak:270.24M | Scene, ViewLayer | Updating Geometry BVH Cube.395 468/808 | Building mesh BLAS |     188 tris | Cube.395
Fra:1 Mem:382.80M (Peak 474.15M) | Time:00:00.26 | Mem:270.24M, Peak:270.24M | Scene, ViewLayer | Updating Geometry BVH Cube.397 470/808 | Building BVH
Fra:1 Mem:382.80M (Peak 474.15M) | Time:00:00.26 | Mem:270.25M, Peak:270.25M | Scene, ViewLayer | Updating Geometry BVH Cube.398 471/808 | Building BVH
Fra:1 Mem:382.80M (Peak 474.15M) | Time:00:00.26 | Mem:270.25M, Peak:270.25M | Scene, ViewLayer | Updating Geometry BVH Cube.398 471/808 | Building mesh BLAS |     188 tris | Cube.397
Fra:1 Mem:382.80M (Peak 474.15M) | Time:00:00.26 | Mem:270.25M, Peak:270.25M | Scene, ViewLayer | Updating Geometry BVH Cube.398 471/808 | Building mesh BLAS |     188 tris | Cube.398
Fra:1 Mem:382.80M (Peak 474.15M) | Time:00:00.26 | Mem:270.25M, Peak:270.25M | Scene, ViewLayer | Updating Geometry BVH Cube.398 471/808 | Building mesh BLAS |     188 tris | Cube.396
Fra:1 Mem:382.80M (Peak 474.15M) | Time:00:00.26 | Mem:270.25M, Peak:270.25M | Scene, ViewLayer | Updating Geometry BVH Cube.702 775/808 | Building BVH
Fra:1 Mem:382.80M (Peak 474.15M) | Time:00:00.26 | Mem:270.26M, Peak:270.26M | Scene, ViewLayer | Updating Geometry BVH Cube.702 775/808 | Building mesh BLAS |     188 tris | Cube.702
Fra:1 Mem:382.80M (Peak 474.15M) | Time:00:00.26 | Mem:270.27M, Peak:270.27M | Scene, ViewLayer | Updating Geometry BVH Cube.399 472/808 | Building BVH
Fra:1 Mem:382.80M (Peak 474.15M) | Time:00:00.26 | Mem:270.28M, Peak:270.28M | Scene, ViewLayer | Updating Geometry BVH Cube.399 472/808 | Building mesh BLAS |     188 tris | Cube.399
Fra:1 Mem:382.80M (Peak 474.15M) | Time:00:00.26 | Mem:270.28M, Peak:270.28M | Scene, ViewLayer | Updating Geometry BVH Cube.400 473/808 | Building BVH
Fra:1 Mem:382.80M (Peak 474.15M) | Time:00:00.26 | Mem:270.28M, Peak:270.28M | Scene, ViewLayer | Updating Geometry BVH Cube.400 473/808 | Building mesh BLAS |     188 tris | Cube.400
Fra:1 Mem:382.80M (Peak 474.15M) | Time:00:00.26 | Mem:270.31M, Peak:270.31M | Scene, ViewLayer | Updating Geometry BVH Cube.401 474/808 | Building BVH
Fra:1 Mem:382.80M (Peak 474.15M) | Time:00:00.26 | Mem:270.32M, Peak:270.32M | Scene, ViewLayer | Updating Geometry BVH Cube.401 474/808 | Building mesh BLAS |     188 tris | Cube.401
Fra:1 Mem:382.80M (Peak 474.15M) | Time:00:00.26 | Mem:270.32M, Peak:270.32M | Scene, ViewLayer | Updating Geometry BVH Cube.402 475/808 | Building BVH
Fra:1 Mem:382.80M (Peak 474.15M) | Time:00:00.26 | Mem:270.32M, Peak:270.32M | Scene, ViewLayer | Updating Geometry BVH Cube.403 476/808 | Building BVH
Fra:1 Mem:382.80M (Peak 474.15M) | Time:00:00.26 | Mem:270.32M, Peak:270.32M | Scene, ViewLayer | Updating Geometry BVH Cube.403 476/808 | Building mesh BLAS |     188 tris | Cube.402
Fra:1 Mem:382.80M (Peak 474.15M) | Time:00:00.26 | Mem:270.32M, Peak:270.32M | Scene, ViewLayer | Updating Geometry BVH Cube.403 476/808 | Building mesh BLAS |     188 tris | Cube.403
Fra:1 Mem:382.80M (Peak 474.15M) | Time:00:00.26 | Mem:270.33M, Peak:270.33M | Scene, ViewLayer | Updating Geometry BVH Cube.404 477/808 | Building BVH
Fra:1 Mem:382.80M (Peak 474.15M) | Time:00:00.26 | Mem:270.33M, Peak:270.33M | Scene, ViewLayer | Updating Geometry BVH Cube.404 477/808 | Building mesh BLAS |     188 tris | Cube.404
Fra:1 Mem:382.80M (Peak 474.15M) | Time:00:00.26 | Mem:270.34M, Peak:270.34M | Scene, ViewLayer | Updating Geometry BVH Cube.405 478/808 | Building BVH
Fra:1 Mem:382.80M (Peak 474.15M) | Time:00:00.26 | Mem:270.34M, Peak:270.34M | Scene, ViewLayer | Updating Geometry BVH Cube.406 479/808 | Building BVH
Fra:1 Mem:382.80M (Peak 474.15M) | Time:00:00.26 | Mem:270.34M, Peak:270.34M | Scene, ViewLayer | Updating Geometry BVH Cube.406 479/808 | Building mesh BLAS |     188 tris | Cube.405
Fra:1 Mem:382.80M (Peak 474.15M) | Time:00:00.26 | Mem:270.34M, Peak:270.34M | Scene, ViewLayer | Updating Geometry BVH Cube.406 479/808 | Building mesh BLAS |     188 tris | Cube.406
Fra:1 Mem:382.80M (Peak 474.15M) | Time:00:00.26 | Mem:270.35M, Peak:270.35M | Scene, ViewLayer | Updating Geometry BVH Cube.407 480/808 | Building BVH
Fra:1 Mem:382.80M (Peak 474.15M) | Time:00:00.26 | Mem:270.35M, Peak:270.35M | Scene, ViewLayer | Updating Geometry BVH Cube.408 481/808 | Building BVH
Fra:1 Mem:382.80M (Peak 474.15M) | Time:00:00.26 | Mem:270.35M, Peak:270.35M | Scene, ViewLayer | Updating Geometry BVH Cube.408 481/808 | Building mesh BLAS |     188 tris | Cube.407
Fra:1 Mem:382.80M (Peak 474.15M) | Time:00:00.26 | Mem:270.35M, Peak:270.35M | Scene, ViewLayer | Updating Geometry BVH Cube.408 481/808 | Building mesh BLAS |     188 tris | Cube.408
Fra:1 Mem:382.80M (Peak 474.15M) | Time:00:00.26 | Mem:270.37M, Peak:270.37M | Scene, ViewLayer | Updating Geometry BVH Cube.409 482/808 | Building BVH
Fra:1 Mem:382.80M (Peak 474.15M) | Time:00:00.26 | Mem:270.37M, Peak:270.37M | Scene, ViewLayer | Updating Geometry BVH Cube.409 482/808 | Building mesh BLAS |     188 tris | Cube.409
Fra:1 Mem:382.80M (Peak 474.15M) | Time:00:00.26 | Mem:270.37M, Peak:270.37M | Scene, ViewLayer | Updating Geometry BVH Cube.410 483/808 | Building BVH
Fra:1 Mem:382.80M (Peak 474.15M) | Time:00:00.26 | Mem:270.37M, Peak:270.37M | Scene, ViewLayer | Updating Geometry BVH Cube.410 483/808 | Building mesh BLAS |     188 tris | Cube.410
Fra:1 Mem:382.80M (Peak 474.15M) | Time:00:00.26 | Mem:270.39M, Peak:270.39M | Scene, ViewLayer | Updating Geometry BVH Cube.411 484/808 | Building BVH
Fra:1 Mem:382.80M (Peak 474.15M) | Time:00:00.26 | Mem:270.40M, Peak:270.40M | Scene, ViewLayer | Updating Geometry BVH Cube.411 484/808 | Building mesh BLAS |     188 tris | Cube.411
Fra:1 Mem:382.80M (Peak 474.15M) | Time:00:00.26 | Mem:270.40M, Peak:270.40M | Scene, ViewLayer | Updating Geometry BVH Cube.412 485/808 | Building BVH
Fra:1 Mem:382.80M (Peak 474.15M) | Time:00:00.26 | Mem:270.40M, Peak:270.40M | Scene, ViewLayer | Updating Geometry BVH Cube.413 486/808 | Building BVH
Fra:1 Mem:382.80M (Peak 474.15M) | Time:00:00.26 | Mem:270.40M, Peak:270.40M | Scene, ViewLayer | Updating Geometry BVH Cube.415 488/808 | Building BVH
Fra:1 Mem:382.80M (Peak 474.15M) | Time:00:00.26 | Mem:270.40M, Peak:270.40M | Scene, ViewLayer | Updating Geometry BVH Cube.415 488/808 | Building mesh BLAS |     188 tris | Cube.413
Fra:1 Mem:382.80M (Peak 474.15M) | Time:00:00.26 | Mem:270.40M, Peak:270.40M | Scene, ViewLayer | Updating Geometry BVH Cube.415 488/808 | Building mesh BLAS |     188 tris | Cube.414
Fra:1 Mem:382.80M (Peak 474.15M) | Time:00:00.26 | Mem:270.40M, Peak:270.40M | Scene, ViewLayer | Updating Geometry BVH Cube.415 488/808 | Building mesh BLAS |     188 tris | Cube.415
Fra:1 Mem:382.80M (Peak 474.15M) | Time:00:00.26 | Mem:270.42M, Peak:270.42M | Scene, ViewLayer | Updating Geometry BVH Cube.701 774/808 | Building BVH
Fra:1 Mem:382.80M (Peak 474.15M) | Time:00:00.26 | Mem:270.44M, Peak:270.44M | Scene, ViewLayer | Updating Geometry BVH Cube.701 774/808 | Building mesh BLAS |     188 tris | Cube.701
Fra:1 Mem:382.80M (Peak 474.15M) | Time:00:00.26 | Mem:270.45M, Peak:270.45M | Scene, ViewLayer | Updating Geometry BVH Cube.416 489/808 | Building BVH
Fra:1 Mem:382.80M (Peak 474.15M) | Time:00:00.26 | Mem:270.45M, Peak:270.45M | Scene, ViewLayer | Updating Geometry BVH Cube.417 490/808 | Building BVH
Fra:1 Mem:382.80M (Peak 474.15M) | Time:00:00.26 | Mem:270.45M, Peak:270.45M | Scene, ViewLayer | Updating Geometry BVH Cube.417 490/808 | Building mesh BLAS |     188 tris | Cube.416
Fra:1 Mem:382.80M (Peak 474.15M) | Time:00:00.26 | Mem:270.45M, Peak:270.45M | Scene, ViewLayer | Updating Geometry BVH Cube.418 491/808 | Building BVH
Fra:1 Mem:382.80M (Peak 474.15M) | Time:00:00.26 | Mem:270.45M, Peak:270.45M | Scene, ViewLayer | Updating Geometry BVH Cube.418 491/808 | Building mesh BLAS |     188 tris | Cube.418
Fra:1 Mem:382.80M (Peak 474.15M) | Time:00:00.26 | Mem:270.46M, Peak:270.46M | Scene, ViewLayer | Updating Geometry BVH Cube.419 492/808 | Building BVH
Fra:1 Mem:382.80M (Peak 474.15M) | Time:00:00.26 | Mem:270.47M, Peak:270.47M | Scene, ViewLayer | Updating Geometry BVH Cube.419 492/808 | Building mesh BLAS |     188 tris | Cube.419
Fra:1 Mem:382.80M (Peak 474.15M) | Time:00:00.26 | Mem:270.47M, Peak:270.47M | Scene, ViewLayer | Updating Geometry BVH Cube.420 493/808 | Building BVH
Fra:1 Mem:382.80M (Peak 474.15M) | Time:00:00.26 | Mem:270.47M, Peak:270.47M | Scene, ViewLayer | Updating Geometry BVH Cube.421 494/808 | Building BVH
Fra:1 Mem:382.80M (Peak 474.15M) | Time:00:00.26 | Mem:270.47M, Peak:270.47M | Scene, ViewLayer | Updating Geometry BVH Cube.421 494/808 | Building mesh BLAS |     188 tris | Cube.420
Fra:1 Mem:382.80M (Peak 474.15M) | Time:00:00.26 | Mem:270.47M, Peak:270.47M | Scene, ViewLayer | Updating Geometry BVH Cube.421 494/808 | Building mesh BLAS |     188 tris | Cube.421
Fra:1 Mem:382.80M (Peak 474.15M) | Time:00:00.26 | Mem:270.48M, Peak:270.48M | Scene, ViewLayer | Updating Geometry BVH Cube.422 495/808 | Building BVH
Fra:1 Mem:382.80M (Peak 474.15M) | Time:00:00.26 | Mem:270.48M, Peak:270.48M | Scene, ViewLayer | Updating Geometry BVH Cube.422 495/808 | Building mesh BLAS |     188 tris | Cube.422
Fra:1 Mem:382.80M (Peak 474.15M) | Time:00:00.26 | Mem:270.48M, Peak:270.48M | Scene, ViewLayer | Updating Geometry BVH Cube.423 496/808 | Building BVH
Fra:1 Mem:382.80M (Peak 474.15M) | Time:00:00.26 | Mem:270.48M, Peak:270.48M | Scene, ViewLayer | Updating Geometry BVH Cube.423 496/808 | Building mesh BLAS |     188 tris | Cube.423
Fra:1 Mem:382.80M (Peak 474.15M) | Time:00:00.26 | Mem:270.53M, Peak:270.53M | Scene, ViewLayer | Updating Geometry BVH Cube.424 497/808 | Building BVH
Fra:1 Mem:382.80M (Peak 474.15M) | Time:00:00.26 | Mem:270.53M, Peak:270.53M | Scene, ViewLayer | Updating Geometry BVH Cube.425 498/808 | Building BVH
Fra:1 Mem:382.80M (Peak 474.15M) | Time:00:00.26 | Mem:270.53M, Peak:270.53M | Scene, ViewLayer | Updating Geometry BVH Cube.425 498/808 | Building mesh BLAS |     188 tris | Cube.424
Fra:1 Mem:382.80M (Peak 474.15M) | Time:00:00.26 | Mem:270.53M, Peak:270.53M | Scene, ViewLayer | Updating Geometry BVH Cube.425 498/808 | Building mesh BLAS |     188 tris | Cube.425
Fra:1 Mem:382.80M (Peak 474.15M) | Time:00:00.26 | Mem:270.53M, Peak:270.53M | Scene, ViewLayer | Updating Geometry BVH Cube.426 499/808 | Building BVH
Fra:1 Mem:382.80M (Peak 474.15M) | Time:00:00.26 | Mem:270.53M, Peak:270.53M | Scene, ViewLayer | Updating Geometry BVH Cube.426 499/808 | Building mesh BLAS |     188 tris | Cube.426
Fra:1 Mem:382.80M (Peak 474.15M) | Time:00:00.26 | Mem:270.53M, Peak:270.53M | Scene, ViewLayer | Updating Geometry BVH Cube.427 500/808 | Building BVH
Fra:1 Mem:382.80M (Peak 474.15M) | Time:00:00.26 | Mem:270.53M, Peak:270.53M | Scene, ViewLayer | Updating Geometry BVH Cube.427 500/808 | Building mesh BLAS |     188 tris | Cube.427
Fra:1 Mem:382.80M (Peak 474.15M) | Time:00:00.26 | Mem:270.55M, Peak:270.55M | Scene, ViewLayer | Updating Geometry BVH Cube.428 501/808 | Building BVH
Fra:1 Mem:382.80M (Peak 474.15M) | Time:00:00.26 | Mem:270.55M, Peak:270.55M | Scene, ViewLayer | Updating Geometry BVH Cube.428 501/808 | Building mesh BLAS |     188 tris | Cube.428
Fra:1 Mem:382.80M (Peak 474.15M) | Time:00:00.26 | Mem:270.55M, Peak:270.55M | Scene, ViewLayer | Updating Geometry BVH Cube.429 502/808 | Building BVH
Fra:1 Mem:382.80M (Peak 474.15M) | Time:00:00.26 | Mem:270.55M, Peak:270.55M | Scene, ViewLayer | Updating Geometry BVH Cube.430 503/808 | Building BVH
Fra:1 Mem:382.80M (Peak 474.15M) | Time:00:00.26 | Mem:270.55M, Peak:270.55M | Scene, ViewLayer | Updating Geometry BVH Cube.430 503/808 | Building mesh BLAS |     188 tris | Cube.429
Fra:1 Mem:382.80M (Peak 474.15M) | Time:00:00.26 | Mem:270.55M, Peak:270.55M | Scene, ViewLayer | Updating Geometry BVH Cube.430 503/808 | Building mesh BLAS |     188 tris | Cube.430
Fra:1 Mem:382.80M (Peak 474.15M) | Time:00:00.26 | Mem:270.55M, Peak:270.55M | Scene, ViewLayer | Updating Geometry BVH Cube.431 504/808 | Building BVH
Fra:1 Mem:382.80M (Peak 474.15M) | Time:00:00.26 | Mem:270.55M, Peak:270.55M | Scene, ViewLayer | Updating Geometry BVH Cube.431 504/808 | Building mesh BLAS |     188 tris | Cube.431
Fra:1 Mem:382.80M (Peak 474.15M) | Time:00:00.26 | Mem:270.59M, Peak:270.59M | Scene, ViewLayer | Updating Geometry BVH Cube.700 773/808 | Building BVH
Fra:1 Mem:382.80M (Peak 474.15M) | Time:00:00.26 | Mem:270.59M, Peak:270.59M | Scene, ViewLayer | Updating Geometry BVH Cube.700 773/808 | Building mesh BLAS |     188 tris | Cube.700
Fra:1 Mem:382.80M (Peak 474.15M) | Time:00:00.26 | Mem:270.59M, Peak:270.59M | Scene, ViewLayer | Updating Geometry BVH Cube.432 505/808 | Building BVH
Fra:1 Mem:382.80M (Peak 474.15M) | Time:00:00.26 | Mem:270.59M, Peak:270.59M | Scene, ViewLayer | Updating Geometry BVH Cube.432 505/808 | Building mesh BLAS |     188 tris | Cube.432
Fra:1 Mem:382.80M (Peak 474.15M) | Time:00:00.26 | Mem:270.60M, Peak:270.60M | Scene, ViewLayer | Updating Geometry BVH Cube.433 506/808 | Building BVH
Fra:1 Mem:382.80M (Peak 474.15M) | Time:00:00.26 | Mem:270.62M, Peak:270.62M | Scene, ViewLayer | Updating Geometry BVH Cube.433 506/808 | Building mesh BLAS |     188 tris | Cube.433
Fra:1 Mem:382.80M (Peak 474.15M) | Time:00:00.26 | Mem:270.62M, Peak:270.62M | Scene, ViewLayer | Updating Geometry BVH Cube.434 507/808 | Building BVH
Fra:1 Mem:382.80M (Peak 474.15M) | Time:00:00.26 | Mem:270.62M, Peak:270.62M | Scene, ViewLayer | Updating Geometry BVH Cube.434 507/808 | Building mesh BLAS |     188 tris | Cube.434
Fra:1 Mem:382.80M (Peak 474.15M) | Time:00:00.26 | Mem:270.62M, Peak:270.62M | Scene, ViewLayer | Updating Geometry BVH Cube.435 508/808 | Building BVH
Fra:1 Mem:382.80M (Peak 474.15M) | Time:00:00.26 | Mem:270.62M, Peak:270.62M | Scene, ViewLayer | Updating Geometry BVH Cube.435 508/808 | Building mesh BLAS |     188 tris | Cube.435
Fra:1 Mem:382.80M (Peak 474.15M) | Time:00:00.26 | Mem:270.63M, Peak:270.63M | Scene, ViewLayer | Updating Geometry BVH Cube.436 509/808 | Building BVH
Fra:1 Mem:382.80M (Peak 474.15M) | Time:00:00.26 | Mem:270.63M, Peak:270.63M | Scene, ViewLayer | Updating Geometry BVH Cube.436 509/808 | Building mesh BLAS |     188 tris | Cube.436
Fra:1 Mem:382.80M (Peak 474.15M) | Time:00:00.26 | Mem:270.64M, Peak:270.64M | Scene, ViewLayer | Updating Geometry BVH Cube.437 510/808 | Building BVH
Fra:1 Mem:382.80M (Peak 474.15M) | Time:00:00.26 | Mem:270.64M, Peak:270.64M | Scene, ViewLayer | Updating Geometry BVH Cube.437 510/808 | Building mesh BLAS |     188 tris | Cube.437
Fra:1 Mem:382.80M (Peak 474.15M) | Time:00:00.26 | Mem:270.65M, Peak:270.65M | Scene, ViewLayer | Updating Geometry BVH Cube.438 511/808 | Building BVH
Fra:1 Mem:382.80M (Peak 474.15M) | Time:00:00.26 | Mem:270.67M, Peak:270.67M | Scene, ViewLayer | Updating Geometry BVH Cube.440 513/808 | Building BVH
Fra:1 Mem:382.80M (Peak 474.15M) | Time:00:00.26 | Mem:270.68M, Peak:270.68M | Scene, ViewLayer | Updating Geometry BVH Cube.440 513/808 | Building mesh BLAS |     188 tris | Cube.438
Fra:1 Mem:382.80M (Peak 474.15M) | Time:00:00.26 | Mem:270.69M, Peak:270.69M | Scene, ViewLayer | Updating Geometry BVH Cube.440 513/808 | Building mesh BLAS |     188 tris | Cube.439
Fra:1 Mem:382.80M (Peak 474.15M) | Time:00:00.26 | Mem:270.69M, Peak:270.69M | Scene, ViewLayer | Updating Geometry BVH Cube.442 515/808 | Building BVH
Fra:1 Mem:382.80M (Peak 474.15M) | Time:00:00.26 | Mem:270.69M, Peak:270.69M | Scene, ViewLayer | Updating Geometry BVH Cube.442 515/808 | Building mesh BLAS |     188 tris | Cube.441
Fra:1 Mem:382.80M (Peak 474.15M) | Time:00:00.26 | Mem:270.69M, Peak:270.69M | Scene, ViewLayer | Updating Geometry BVH Cube.442 515/808 | Building mesh BLAS |     188 tris | Cube.442
Fra:1 Mem:382.80M (Peak 474.15M) | Time:00:00.26 | Mem:270.69M, Peak:270.69M | Scene, ViewLayer | Updating Geometry BVH Cube.443 516/808 | Building BVH
Fra:1 Mem:382.80M (Peak 474.15M) | Time:00:00.26 | Mem:270.69M, Peak:270.69M | Scene, ViewLayer | Updating Geometry BVH Cube.444 517/808 | Building BVH
Fra:1 Mem:382.80M (Peak 474.15M) | Time:00:00.26 | Mem:270.69M, Peak:270.69M | Scene, ViewLayer | Updating Geometry BVH Cube.444 517/808 | Building mesh BLAS |     188 tris | Cube.443
Fra:1 Mem:382.80M (Peak 474.15M) | Time:00:00.26 | Mem:270.69M, Peak:270.69M | Scene, ViewLayer | Updating Geometry BVH Cube.444 517/808 | Building mesh BLAS |     188 tris | Cube.444
Fra:1 Mem:382.80M (Peak 474.15M) | Time:00:00.26 | Mem:270.72M, Peak:270.72M | Scene, ViewLayer | Updating Geometry BVH Cube.445 518/808 | Building BVH
Fra:1 Mem:382.80M (Peak 474.15M) | Time:00:00.26 | Mem:270.72M, Peak:270.72M | Scene, ViewLayer | Updating Geometry BVH Cube.445 518/808 | Building mesh BLAS |     188 tris | Cube.445
Fra:1 Mem:382.80M (Peak 474.15M) | Time:00:00.26 | Mem:270.72M, Peak:270.72M | Scene, ViewLayer | Updating Geometry BVH Cube.446 519/808 | Building BVH
Fra:1 Mem:382.80M (Peak 474.15M) | Time:00:00.26 | Mem:270.72M, Peak:270.72M | Scene, ViewLayer | Updating Geometry BVH Cube.446 519/808 | Building mesh BLAS |     188 tris | Cube.446
Fra:1 Mem:382.80M (Peak 474.15M) | Time:00:00.26 | Mem:270.72M, Peak:270.72M | Scene, ViewLayer | Updating Geometry BVH Cube.447 520/808 | Building BVH
Fra:1 Mem:382.80M (Peak 474.15M) | Time:00:00.26 | Mem:270.72M, Peak:270.72M | Scene, ViewLayer | Updating Geometry BVH Cube.447 520/808 | Building mesh BLAS |     188 tris | Cube.447
Fra:1 Mem:382.80M (Peak 474.15M) | Time:00:00.26 | Mem:270.72M, Peak:270.72M | Scene, ViewLayer | Updating Geometry BVH Cube.448 521/808 | Building BVH
Fra:1 Mem:382.80M (Peak 474.15M) | Time:00:00.26 | Mem:270.73M, Peak:270.73M | Scene, ViewLayer | Updating Geometry BVH Cube.448 521/808 | Building mesh BLAS |     188 tris | Cube.448
Fra:1 Mem:382.80M (Peak 474.15M) | Time:00:00.26 | Mem:270.73M, Peak:270.73M | Scene, ViewLayer | Updating Geometry BVH Cube.699 772/808 | Building BVH
Fra:1 Mem:382.80M (Peak 474.15M) | Time:00:00.26 | Mem:270.73M, Peak:270.73M | Scene, ViewLayer | Updating Geometry BVH Cube.449 522/808 | Building BVH
Fra:1 Mem:382.80M (Peak 474.15M) | Time:00:00.26 | Mem:270.74M, Peak:270.74M | Scene, ViewLayer | Updating Geometry BVH Cube.449 522/808 | Building mesh BLAS |     188 tris | Cube.699
Fra:1 Mem:382.80M (Peak 474.15M) | Time:00:00.26 | Mem:270.75M, Peak:270.75M | Scene, ViewLayer | Updating Geometry BVH Cube.449 522/808 | Building mesh BLAS |     188 tris | Cube.449
Fra:1 Mem:382.80M (Peak 474.15M) | Time:00:00.26 | Mem:270.75M, Peak:270.75M | Scene, ViewLayer | Updating Geometry BVH Cube.450 523/808 | Building BVH
Fra:1 Mem:382.80M (Peak 474.15M) | Time:00:00.26 | Mem:270.76M, Peak:270.76M | Scene, ViewLayer | Updating Geometry BVH Cube.450 523/808 | Building mesh BLAS |     188 tris | Cube.450
Fra:1 Mem:382.80M (Peak 474.15M) | Time:00:00.26 | Mem:270.76M, Peak:270.76M | Scene, ViewLayer | Updating Geometry BVH Cube.452 525/808 | Building BVH
Fra:1 Mem:382.80M (Peak 474.15M) | Time:00:00.26 | Mem:270.77M, Peak:270.77M | Scene, ViewLayer | Updating Geometry BVH Cube.452 525/808 | Building mesh BLAS |     188 tris | Cube.452
Fra:1 Mem:382.80M (Peak 474.15M) | Time:00:00.26 | Mem:270.77M, Peak:270.77M | Scene, ViewLayer | Updating Geometry BVH Cube.452 525/808 | Building mesh BLAS |     188 tris | Cube.451
Fra:1 Mem:382.80M (Peak 474.15M) | Time:00:00.26 | Mem:270.79M, Peak:270.79M | Scene, ViewLayer | Updating Geometry BVH Cube.453 526/808 | Building BVH
Fra:1 Mem:382.80M (Peak 474.15M) | Time:00:00.26 | Mem:270.79M, Peak:270.79M | Scene, ViewLayer | Updating Geometry BVH Cube.453 526/808 | Building mesh BLAS |     188 tris | Cube.453
Fra:1 Mem:382.80M (Peak 474.15M) | Time:00:00.26 | Mem:270.84M, Peak:270.84M | Scene, ViewLayer | Updating Geometry BVH Cube.454 527/808 | Building BVH
Fra:1 Mem:382.80M (Peak 474.15M) | Time:00:00.26 | Mem:270.85M, Peak:270.85M | Scene, ViewLayer | Updating Geometry BVH Cube.456 529/808 | Building BVH
Fra:1 Mem:382.80M (Peak 474.15M) | Time:00:00.26 | Mem:270.85M, Peak:270.85M | Scene, ViewLayer | Updating Geometry BVH Cube.457 530/808 | Building BVH
Fra:1 Mem:382.80M (Peak 474.15M) | Time:00:00.26 | Mem:270.85M, Peak:270.85M | Scene, ViewLayer | Updating Geometry BVH Cube.457 530/808 | Building mesh BLAS |     188 tris | Cube.456
Fra:1 Mem:382.80M (Peak 474.15M) | Time:00:00.26 | Mem:270.85M, Peak:270.85M | Scene, ViewLayer | Updating Geometry BVH Cube.459 532/808 | Building BVH
Fra:1 Mem:382.80M (Peak 474.15M) | Time:00:00.26 | Mem:270.85M, Peak:270.85M | Scene, ViewLayer | Updating Geometry BVH Cube.459 532/808 | Building mesh BLAS |     188 tris | Cube.459
Fra:1 Mem:382.80M (Peak 474.15M) | Time:00:00.26 | Mem:270.85M, Peak:270.85M | Scene, ViewLayer | Updating Geometry BVH Cube.459 532/808 | Building mesh BLAS |     188 tris | Cube.458
Fra:1 Mem:382.80M (Peak 474.15M) | Time:00:00.26 | Mem:270.85M, Peak:270.85M | Scene, ViewLayer | Updating Geometry BVH Cube.459 532/808 | Building mesh BLAS |     188 tris | Cube.455
Fra:1 Mem:382.80M (Peak 474.15M) | Time:00:00.26 | Mem:270.87M, Peak:270.87M | Scene, ViewLayer | Updating Geometry BVH Cube.460 533/808 | Building BVH
Fra:1 Mem:382.80M (Peak 474.15M) | Time:00:00.26 | Mem:270.88M, Peak:270.88M | Scene, ViewLayer | Updating Geometry BVH Cube.461 534/808 | Building BVH
Fra:1 Mem:382.80M (Peak 474.15M) | Time:00:00.26 | Mem:270.89M, Peak:270.89M | Scene, ViewLayer | Updating Geometry BVH Cube.461 534/808 | Building mesh BLAS |     188 tris | Cube.460
Fra:1 Mem:382.80M (Peak 474.15M) | Time:00:00.26 | Mem:270.89M, Peak:270.89M | Scene, ViewLayer | Updating Geometry BVH Cube.461 534/808 | Building mesh BLAS |     188 tris | Cube.461
Fra:1 Mem:382.80M (Peak 474.15M) | Time:00:00.26 | Mem:270.89M, Peak:270.89M | Scene, ViewLayer | Updating Geometry BVH Cube.462 535/808 | Building BVH
Fra:1 Mem:382.80M (Peak 474.15M) | Time:00:00.26 | Mem:270.89M, Peak:270.89M | Scene, ViewLayer | Updating Geometry BVH Cube.462 535/808 | Building mesh BLAS |     188 tris | Cube.462
Fra:1 Mem:382.80M (Peak 474.15M) | Time:00:00.26 | Mem:270.89M, Peak:270.89M | Scene, ViewLayer | Updating Geometry BVH Cube.463 536/808 | Building BVH
Fra:1 Mem:382.80M (Peak 474.15M) | Time:00:00.26 | Mem:270.89M, Peak:270.89M | Scene, ViewLayer | Updating Geometry BVH Cube.463 536/808 | Building mesh BLAS |     188 tris | Cube.463
Fra:1 Mem:382.80M (Peak 474.15M) | Time:00:00.26 | Mem:270.89M, Peak:270.89M | Scene, ViewLayer | Updating Geometry BVH Cube.464 537/808 | Building BVH
Fra:1 Mem:382.80M (Peak 474.15M) | Time:00:00.26 | Mem:270.89M, Peak:270.89M | Scene, ViewLayer | Updating Geometry BVH Cube.464 537/808 | Building mesh BLAS |     188 tris | Cube.464
Fra:1 Mem:382.80M (Peak 474.15M) | Time:00:00.26 | Mem:270.92M, Peak:270.92M | Scene, ViewLayer | Updating Geometry BVH Cube.465 538/808 | Building BVH
Fra:1 Mem:382.80M (Peak 474.15M) | Time:00:00.26 | Mem:270.92M, Peak:270.92M | Scene, ViewLayer | Updating Geometry BVH Cube.465 538/808 | Building mesh BLAS |     188 tris | Cube.465
Fra:1 Mem:382.80M (Peak 474.15M) | Time:00:00.26 | Mem:270.92M, Peak:270.92M | Scene, ViewLayer | Updating Geometry BVH Cube.466 539/808 | Building BVH
Fra:1 Mem:382.80M (Peak 474.15M) | Time:00:00.26 | Mem:270.92M, Peak:270.92M | Scene, ViewLayer | Updating Geometry BVH Cube.466 539/808 | Building mesh BLAS |     188 tris | Cube.466
Fra:1 Mem:382.80M (Peak 474.15M) | Time:00:00.26 | Mem:270.93M, Peak:270.93M | Scene, ViewLayer | Updating Geometry BVH Cube.698 771/808 | Building BVH
Fra:1 Mem:382.80M (Peak 474.15M) | Time:00:00.26 | Mem:270.94M, Peak:270.94M | Scene, ViewLayer | Updating Geometry BVH Cube.698 771/808 | Building mesh BLAS |     188 tris | Cube.698
Fra:1 Mem:382.80M (Peak 474.15M) | Time:00:00.26 | Mem:270.94M, Peak:270.94M | Scene, ViewLayer | Updating Geometry BVH Cube.467 540/808 | Building BVH
Fra:1 Mem:382.80M (Peak 474.15M) | Time:00:00.26 | Mem:270.94M, Peak:270.94M | Scene, ViewLayer | Updating Geometry BVH Cube.467 540/808 | Building mesh BLAS |     188 tris | Cube.467
Fra:1 Mem:382.80M (Peak 474.15M) | Time:00:00.26 | Mem:270.96M, Peak:270.96M | Scene, ViewLayer | Updating Geometry BVH Cube.469 542/808 | Building BVH
Fra:1 Mem:382.80M (Peak 474.15M) | Time:00:00.26 | Mem:270.96M, Peak:270.96M | Scene, ViewLayer | Updating Geometry BVH Cube.469 542/808 | Building mesh BLAS |     188 tris | Cube.469
Fra:1 Mem:382.80M (Peak 474.15M) | Time:00:00.26 | Mem:270.96M, Peak:270.96M | Scene, ViewLayer | Updating Geometry BVH Cube.469 542/808 | Building mesh BLAS |     188 tris | Cube.468
Fra:1 Mem:382.80M (Peak 474.15M) | Time:00:00.26 | Mem:270.96M, Peak:270.96M | Scene, ViewLayer | Updating Geometry BVH Cube.470 543/808 | Building BVH
Fra:1 Mem:382.80M (Peak 474.15M) | Time:00:00.26 | Mem:270.96M, Peak:270.96M | Scene, ViewLayer | Updating Geometry BVH Cube.470 543/808 | Building mesh BLAS |     188 tris | Cube.470
Fra:1 Mem:382.80M (Peak 474.15M) | Time:00:00.26 | Mem:270.99M, Peak:270.99M | Scene, ViewLayer | Updating Geometry BVH Cube.471 544/808 | Building BVH
Fra:1 Mem:382.80M (Peak 474.15M) | Time:00:00.26 | Mem:270.99M, Peak:270.99M | Scene, ViewLayer | Updating Geometry BVH Cube.472 545/808 | Building mesh BLAS |     188 tris | Cube.471
Fra:1 Mem:382.80M (Peak 474.15M) | Time:00:00.26 | Mem:271.01M, Peak:271.01M | Scene, ViewLayer | Updating Geometry BVH Cube.473 546/808 | Building BVH
Fra:1 Mem:382.80M (Peak 474.15M) | Time:00:00.26 | Mem:271.02M, Peak:271.02M | Scene, ViewLayer | Updating Geometry BVH Cube.474 547/808 | Building BVH
Fra:1 Mem:382.80M (Peak 474.15M) | Time:00:00.26 | Mem:271.02M, Peak:271.02M | Scene, ViewLayer | Updating Geometry BVH Cube.474 547/808 | Building mesh BLAS |     188 tris | Cube.474
Fra:1 Mem:382.80M (Peak 474.15M) | Time:00:00.26 | Mem:271.02M, Peak:271.02M | Scene, ViewLayer | Updating Geometry BVH Cube.474 547/808 | Building mesh BLAS |     188 tris | Cube.472
Fra:1 Mem:382.80M (Peak 474.15M) | Time:00:00.26 | Mem:271.02M, Peak:271.02M | Scene, ViewLayer | Updating Geometry BVH Cube.475 548/808 | Building BVH
Fra:1 Mem:382.80M (Peak 474.15M) | Time:00:00.26 | Mem:271.02M, Peak:271.02M | Scene, ViewLayer | Updating Geometry BVH Cube.475 548/808 | Building mesh BLAS |     188 tris | Cube.475
Fra:1 Mem:382.80M (Peak 474.15M) | Time:00:00.26 | Mem:271.02M, Peak:271.02M | Scene, ViewLayer | Updating Geometry BVH Cube.476 549/808 | Building BVH
Fra:1 Mem:382.80M (Peak 474.15M) | Time:00:00.26 | Mem:271.02M, Peak:271.02M | Scene, ViewLayer | Updating Geometry BVH Cube.476 549/808 | Building mesh BLAS |     188 tris | Cube.476
Fra:1 Mem:382.80M (Peak 474.15M) | Time:00:00.26 | Mem:271.04M, Peak:271.04M | Scene, ViewLayer | Updating Geometry BVH Cube.477 550/808 | Building BVH
Fra:1 Mem:382.80M (Peak 474.15M) | Time:00:00.26 | Mem:271.04M, Peak:271.04M | Scene, ViewLayer | Updating Geometry BVH Cube.478 551/808 | Building BVH
Fra:1 Mem:382.80M (Peak 474.15M) | Time:00:00.26 | Mem:271.04M, Peak:271.04M | Scene, ViewLayer | Updating Geometry BVH Cube.478 551/808 | Building mesh BLAS |     188 tris | Cube.478
Fra:1 Mem:382.80M (Peak 474.15M) | Time:00:00.26 | Mem:271.06M, Peak:271.06M | Scene, ViewLayer | Updating Geometry BVH Cube.479 552/808 | Building BVH
Fra:1 Mem:382.80M (Peak 474.15M) | Time:00:00.26 | Mem:271.06M, Peak:271.06M | Scene, ViewLayer | Updating Geometry BVH Cube.479 552/808 | Building mesh BLAS |     188 tris | Cube.479
Fra:1 Mem:382.80M (Peak 474.15M) | Time:00:00.26 | Mem:271.06M, Peak:271.06M | Scene, ViewLayer | Updating Geometry BVH Cube.480 553/808 | Building BVH
Fra:1 Mem:382.80M (Peak 474.15M) | Time:00:00.26 | Mem:271.06M, Peak:271.06M | Scene, ViewLayer | Updating Geometry BVH Cube.481 554/808 | Building BVH
Fra:1 Mem:382.80M (Peak 474.15M) | Time:00:00.26 | Mem:271.06M, Peak:271.06M | Scene, ViewLayer | Updating Geometry BVH Cube.481 554/808 | Building mesh BLAS |     188 tris | Cube.481
Fra:1 Mem:382.80M (Peak 474.15M) | Time:00:00.26 | Mem:271.07M, Peak:271.07M | Scene, ViewLayer | Updating Geometry BVH Cube.482 555/808 | Building BVH
Fra:1 Mem:382.80M (Peak 474.15M) | Time:00:00.26 | Mem:271.07M, Peak:271.07M | Scene, ViewLayer | Updating Geometry BVH Cube.482 555/808 | Building mesh BLAS |     188 tris | Cube.482
Fra:1 Mem:382.80M (Peak 474.15M) | Time:00:00.26 | Mem:271.10M, Peak:271.10M | Scene, ViewLayer | Updating Geometry BVH Cube.483 556/808 | Building BVH
Fra:1 Mem:382.80M (Peak 474.15M) | Time:00:00.26 | Mem:271.12M, Peak:271.12M | Scene, ViewLayer | Updating Geometry BVH Cube.483 556/808 | Building mesh BLAS |     188 tris | Cube.483
Fra:1 Mem:382.80M (Peak 474.15M) | Time:00:00.26 | Mem:271.12M, Peak:271.12M | Scene, ViewLayer | Updating Geometry BVH Cube.697 770/808 | Building BVH
Fra:1 Mem:382.80M (Peak 474.15M) | Time:00:00.26 | Mem:271.12M, Peak:271.12M | Scene, ViewLayer | Updating Geometry BVH Cube.697 770/808 | Building mesh BLAS |     188 tris | Cube.697
Fra:1 Mem:382.80M (Peak 474.15M) | Time:00:00.26 | Mem:271.13M, Peak:271.13M | Scene, ViewLayer | Updating Geometry BVH Cube.484 557/808 | Building BVH
Fra:1 Mem:382.80M (Peak 474.15M) | Time:00:00.26 | Mem:271.13M, Peak:271.13M | Scene, ViewLayer | Updating Geometry BVH Cube.484 557/808 | Building mesh BLAS |     188 tris | Cube.484
Fra:1 Mem:382.80M (Peak 474.15M) | Time:00:00.26 | Mem:271.13M, Peak:271.13M | Scene, ViewLayer | Updating Geometry BVH Cube.485 558/808 | Building BVH
Fra:1 Mem:382.80M (Peak 474.15M) | Time:00:00.26 | Mem:271.13M, Peak:271.13M | Scene, ViewLayer | Updating Geometry BVH Cube.485 558/808 | Building mesh BLAS |     188 tris | Cube.485
Fra:1 Mem:382.80M (Peak 474.15M) | Time:00:00.26 | Mem:271.13M, Peak:271.13M | Scene, ViewLayer | Updating Geometry BVH Cube.486 559/808 | Building BVH
Fra:1 Mem:382.80M (Peak 474.15M) | Time:00:00.26 | Mem:271.13M, Peak:271.13M | Scene, ViewLayer | Updating Geometry BVH Cube.486 559/808 | Building mesh BLAS |     188 tris | Cube.486
Fra:1 Mem:382.80M (Peak 474.15M) | Time:00:00.26 | Mem:271.13M, Peak:271.13M | Scene, ViewLayer | Updating Geometry BVH Cube.487 560/808 | Building BVH
Fra:1 Mem:382.80M (Peak 474.15M) | Time:00:00.26 | Mem:271.13M, Peak:271.13M | Scene, ViewLayer | Updating Geometry BVH Cube.487 560/808 | Building mesh BLAS |     188 tris | Cube.487
Fra:1 Mem:382.80M (Peak 474.15M) | Time:00:00.26 | Mem:271.16M, Peak:271.16M | Scene, ViewLayer | Updating Geometry BVH Cube.488 561/808 | Building BVH
Fra:1 Mem:382.80M (Peak 474.15M) | Time:00:00.26 | Mem:271.18M, Peak:271.18M | Scene, ViewLayer | Updating Geometry BVH Cube.490 563/808 | Building mesh BLAS |     188 tris | Cube.488
Fra:1 Mem:382.80M (Peak 474.15M) | Time:00:00.26 | Mem:271.19M, Peak:271.19M | Scene, ViewLayer | Updating Geometry BVH Cube.491 564/808 | Building BVH
Fra:1 Mem:382.80M (Peak 474.15M) | Time:00:00.26 | Mem:271.19M, Peak:271.19M | Scene, ViewLayer | Updating Geometry BVH Cube.491 564/808 | Building mesh BLAS |     188 tris | Cube.492
Fra:1 Mem:382.80M (Peak 474.15M) | Time:00:00.26 | Mem:271.19M, Peak:271.19M | Scene, ViewLayer | Updating Geometry BVH Cube.491 564/808 | Building mesh BLAS |     188 tris | Cube.491
Fra:1 Mem:382.80M (Peak 474.15M) | Time:00:00.26 | Mem:271.19M, Peak:271.19M | Scene, ViewLayer | Updating Geometry BVH Cube.491 564/808 | Building mesh BLAS |     188 tris | Cube.489
Fra:1 Mem:382.80M (Peak 474.15M) | Time:00:00.26 | Mem:271.19M, Peak:271.19M | Scene, ViewLayer | Updating Geometry BVH Cube.491 564/808 | Building mesh BLAS |     188 tris | Cube.490
Fra:1 Mem:382.80M (Peak 474.15M) | Time:00:00.26 | Mem:271.22M, Peak:271.22M | Scene, ViewLayer | Updating Geometry BVH Cube.493 566/808 | Building BVH
Fra:1 Mem:382.80M (Peak 474.15M) | Time:00:00.26 | Mem:271.22M, Peak:271.22M | Scene, ViewLayer | Updating Geometry BVH Cube.494 567/808 | Building BVH
Fra:1 Mem:382.80M (Peak 474.15M) | Time:00:00.26 | Mem:271.22M, Peak:271.22M | Scene, ViewLayer | Updating Geometry BVH Cube.494 567/808 | Building mesh BLAS |     188 tris | Cube.493
Fra:1 Mem:382.80M (Peak 474.15M) | Time:00:00.26 | Mem:271.22M, Peak:271.22M | Scene, ViewLayer | Updating Geometry BVH Cube.494 567/808 | Building mesh BLAS |     188 tris | Cube.494
Fra:1 Mem:382.80M (Peak 474.15M) | Time:00:00.26 | Mem:271.22M, Peak:271.22M | Scene, ViewLayer | Updating Geometry BVH Cube.495 568/808 | Building BVH
Fra:1 Mem:382.80M (Peak 474.15M) | Time:00:00.26 | Mem:271.22M, Peak:271.22M | Scene, ViewLayer | Updating Geometry BVH Cube.495 568/808 | Building mesh BLAS |     188 tris | Cube.495
Fra:1 Mem:382.80M (Peak 474.15M) | Time:00:00.26 | Mem:271.24M, Peak:271.24M | Scene, ViewLayer | Updating Geometry BVH Cube.496 569/808 | Building BVH
Fra:1 Mem:382.80M (Peak 474.15M) | Time:00:00.26 | Mem:271.24M, Peak:271.24M | Scene, ViewLayer | Updating Geometry BVH Cube.496 569/808 | Building mesh BLAS |     188 tris | Cube.496
Fra:1 Mem:382.80M (Peak 474.15M) | Time:00:00.26 | Mem:271.24M, Peak:271.24M | Scene, ViewLayer | Updating Geometry BVH Cube.498 571/808 | Building BVH
Fra:1 Mem:382.80M (Peak 474.15M) | Time:00:00.26 | Mem:271.24M, Peak:271.24M | Scene, ViewLayer | Updating Geometry BVH Cube.498 571/808 | Building mesh BLAS |     188 tris | Cube.497
Fra:1 Mem:382.80M (Peak 474.15M) | Time:00:00.26 | Mem:271.24M, Peak:271.24M | Scene, ViewLayer | Updating Geometry BVH Cube.498 571/808 | Building mesh BLAS |     188 tris | Cube.498
Fra:1 Mem:382.80M (Peak 474.15M) | Time:00:00.27 | Mem:271.26M, Peak:271.26M | Scene, ViewLayer | Updating Geometry BVH Cube.499 572/808 | Building BVH
Fra:1 Mem:382.80M (Peak 474.15M) | Time:00:00.27 | Mem:271.27M, Peak:271.27M | Scene, ViewLayer | Updating Geometry BVH Cube.499 572/808 | Building mesh BLAS |     188 tris | Cube.499
Fra:1 Mem:382.80M (Peak 474.15M) | Time:00:00.27 | Mem:271.27M, Peak:271.27M | Scene, ViewLayer | Updating Geometry BVH Cube.696 769/808 | Building BVH
Fra:1 Mem:382.80M (Peak 474.15M) | Time:00:00.27 | Mem:271.27M, Peak:271.27M | Scene, ViewLayer | Updating Geometry BVH Cube.696 769/808 | Building mesh BLAS |     188 tris | Cube.696
Fra:1 Mem:382.80M (Peak 474.15M) | Time:00:00.27 | Mem:271.27M, Peak:271.27M | Scene, ViewLayer | Updating Geometry BVH Cube.500 573/808 | Building BVH
Fra:1 Mem:382.80M (Peak 474.15M) | Time:00:00.27 | Mem:271.27M, Peak:271.27M | Scene, ViewLayer | Updating Geometry BVH Cube.500 573/808 | Building mesh BLAS |     188 tris | Cube.500
Fra:1 Mem:382.80M (Peak 474.15M) | Time:00:00.27 | Mem:271.29M, Peak:271.29M | Scene, ViewLayer | Updating Geometry BVH Cube.501 574/808 | Building BVH
Fra:1 Mem:382.80M (Peak 474.15M) | Time:00:00.27 | Mem:271.29M, Peak:271.29M | Scene, ViewLayer | Updating Geometry BVH Cube.502 575/808 | Building BVH
Fra:1 Mem:382.80M (Peak 474.15M) | Time:00:00.27 | Mem:271.29M, Peak:271.29M | Scene, ViewLayer | Updating Geometry BVH Cube.502 575/808 | Building mesh BLAS |     188 tris | Cube.501
Fra:1 Mem:382.80M (Peak 474.15M) | Time:00:00.27 | Mem:271.29M, Peak:271.29M | Scene, ViewLayer | Updating Geometry BVH Cube.502 575/808 | Building mesh BLAS |     188 tris | Cube.502
Fra:1 Mem:382.80M (Peak 474.15M) | Time:00:00.27 | Mem:271.31M, Peak:271.31M | Scene, ViewLayer | Updating Geometry BVH Cube.503 576/808 | Building BVH
Fra:1 Mem:382.80M (Peak 474.15M) | Time:00:00.27 | Mem:271.32M, Peak:271.32M | Scene, ViewLayer | Updating Geometry BVH Cube.503 576/808 | Building mesh BLAS |     188 tris | Cube.503
Fra:1 Mem:382.80M (Peak 474.15M) | Time:00:00.27 | Mem:271.32M, Peak:271.32M | Scene, ViewLayer | Updating Geometry BVH Cube.504 577/808 | Building BVH
Fra:1 Mem:382.80M (Peak 474.15M) | Time:00:00.27 | Mem:271.32M, Peak:271.32M | Scene, ViewLayer | Updating Geometry BVH Cube.504 577/808 | Building mesh BLAS |     188 tris | Cube.504
Fra:1 Mem:382.80M (Peak 474.15M) | Time:00:00.27 | Mem:271.34M, Peak:271.34M | Scene, ViewLayer | Updating Geometry BVH Cube.505 578/808 | Building BVH
Fra:1 Mem:382.80M (Peak 474.15M) | Time:00:00.27 | Mem:271.34M, Peak:271.34M | Scene, ViewLayer | Updating Geometry BVH Cube.506 579/808 | Building mesh BLAS |     188 tris | Cube.505
Fra:1 Mem:382.80M (Peak 474.15M) | Time:00:00.27 | Mem:271.34M, Peak:271.34M | Scene, ViewLayer | Updating Geometry BVH Cube.507 580/808 | Building BVH
Fra:1 Mem:382.80M (Peak 474.15M) | Time:00:00.27 | Mem:271.34M, Peak:271.34M | Scene, ViewLayer | Updating Geometry BVH Cube.508 581/808 | Building BVH
Fra:1 Mem:382.80M (Peak 474.15M) | Time:00:00.27 | Mem:271.34M, Peak:271.34M | Scene, ViewLayer | Updating Geometry BVH Cube.508 581/808 | Building mesh BLAS |     188 tris | Cube.506
Fra:1 Mem:382.80M (Peak 474.15M) | Time:00:00.27 | Mem:271.34M, Peak:271.34M | Scene, ViewLayer | Updating Geometry BVH Cube.509 582/808 | Building BVH
Fra:1 Mem:382.80M (Peak 474.15M) | Time:00:00.27 | Mem:271.34M, Peak:271.34M | Scene, ViewLayer | Updating Geometry BVH Cube.509 582/808 | Building mesh BLAS |     188 tris | Cube.508
Fra:1 Mem:382.80M (Peak 474.15M) | Time:00:00.27 | Mem:271.34M, Peak:271.34M | Scene, ViewLayer | Updating Geometry BVH Cube.509 582/808 | Building mesh BLAS |     188 tris | Cube.509
Fra:1 Mem:382.80M (Peak 474.15M) | Time:00:00.27 | Mem:271.37M, Peak:271.37M | Scene, ViewLayer | Updating Geometry BVH Cube.510 583/808 | Building BVH
Fra:1 Mem:382.80M (Peak 474.15M) | Time:00:00.27 | Mem:271.39M, Peak:271.39M | Scene, ViewLayer | Updating Geometry BVH Cube.510 583/808 | Building mesh BLAS |     188 tris | Cube.510
Fra:1 Mem:382.80M (Peak 474.15M) | Time:00:00.27 | Mem:271.39M, Peak:271.39M | Scene, ViewLayer | Updating Geometry BVH Cube.511 584/808 | Building BVH
Fra:1 Mem:382.80M (Peak 474.15M) | Time:00:00.27 | Mem:271.39M, Peak:271.39M | Scene, ViewLayer | Updating Geometry BVH Cube.511 584/808 | Building mesh BLAS |     188 tris | Cube.511
Fra:1 Mem:382.80M (Peak 474.15M) | Time:00:00.27 | Mem:271.39M, Peak:271.39M | Scene, ViewLayer | Updating Geometry BVH Cube.512 585/808 | Building BVH
Fra:1 Mem:382.80M (Peak 474.15M) | Time:00:00.27 | Mem:271.39M, Peak:271.39M | Scene, ViewLayer | Updating Geometry BVH Cube.512 585/808 | Building mesh BLAS |     188 tris | Cube.512
Fra:1 Mem:382.80M (Peak 474.15M) | Time:00:00.27 | Mem:271.40M, Peak:271.40M | Scene, ViewLayer | Updating Geometry BVH Cube.513 586/808 | Building BVH
Fra:1 Mem:382.80M (Peak 474.15M) | Time:00:00.27 | Mem:271.40M, Peak:271.40M | Scene, ViewLayer | Updating Geometry BVH Cube.514 587/808 | Building BVH
Fra:1 Mem:382.80M (Peak 474.15M) | Time:00:00.27 | Mem:271.40M, Peak:271.40M | Scene, ViewLayer | Updating Geometry BVH Cube.515 588/808 | Building BVH
Fra:1 Mem:382.80M (Peak 474.15M) | Time:00:00.27 | Mem:271.40M, Peak:271.40M | Scene, ViewLayer | Updating Geometry BVH Cube.515 588/808 | Building mesh BLAS |     188 tris | Cube.514
Fra:1 Mem:382.80M (Peak 474.15M) | Time:00:00.27 | Mem:271.40M, Peak:271.40M | Scene, ViewLayer | Updating Geometry BVH Cube.515 588/808 | Building mesh BLAS |     188 tris | Cube.515
Fra:1 Mem:382.80M (Peak 474.15M) | Time:00:00.27 | Mem:271.43M, Peak:271.43M | Scene, ViewLayer | Updating Geometry BVH Cube.695 768/808 | Building BVH
Fra:1 Mem:382.80M (Peak 474.15M) | Time:00:00.27 | Mem:271.43M, Peak:271.43M | Scene, ViewLayer | Updating Geometry BVH Cube.516 589/808 | Building BVH
Fra:1 Mem:382.80M (Peak 474.15M) | Time:00:00.27 | Mem:271.43M, Peak:271.43M | Scene, ViewLayer | Updating Geometry BVH Cube.516 589/808 | Building mesh BLAS |     188 tris | Cube.695
Fra:1 Mem:382.80M (Peak 474.15M) | Time:00:00.27 | Mem:271.43M, Peak:271.43M | Scene, ViewLayer | Updating Geometry BVH Cube.516 589/808 | Building mesh BLAS |     188 tris | Cube.516
Fra:1 Mem:382.80M (Peak 474.15M) | Time:00:00.27 | Mem:271.43M, Peak:271.43M | Scene, ViewLayer | Updating Geometry BVH Cube.517 590/808 | Building BVH
Fra:1 Mem:382.80M (Peak 474.15M) | Time:00:00.27 | Mem:271.43M, Peak:271.43M | Scene, ViewLayer | Updating Geometry BVH Cube.517 590/808 | Building mesh BLAS |     188 tris | Cube.517
Fra:1 Mem:382.80M (Peak 474.15M) | Time:00:00.27 | Mem:271.46M, Peak:271.46M | Scene, ViewLayer | Updating Geometry BVH Cube.518 591/808 | Building BVH
Fra:1 Mem:382.80M (Peak 474.15M) | Time:00:00.27 | Mem:271.46M, Peak:271.46M | Scene, ViewLayer | Updating Geometry BVH Cube.519 592/808 | Building BVH
Fra:1 Mem:382.80M (Peak 474.15M) | Time:00:00.27 | Mem:271.46M, Peak:271.46M | Scene, ViewLayer | Updating Geometry BVH Cube.519 592/808 | Building mesh BLAS |     188 tris | Cube.518
Fra:1 Mem:382.80M (Peak 474.15M) | Time:00:00.27 | Mem:271.46M, Peak:271.46M | Scene, ViewLayer | Updating Geometry BVH Cube.519 592/808 | Building mesh BLAS |     188 tris | Cube.519
Fra:1 Mem:382.80M (Peak 474.15M) | Time:00:00.27 | Mem:271.48M, Peak:271.48M | Scene, ViewLayer | Updating Geometry BVH Cube.520 593/808 | Building BVH
Fra:1 Mem:382.80M (Peak 474.15M) | Time:00:00.27 | Mem:271.48M, Peak:271.48M | Scene, ViewLayer | Updating Geometry BVH Cube.521 594/808 | Building mesh BLAS |     188 tris | Cube.520
Fra:1 Mem:382.80M (Peak 474.15M) | Time:00:00.27 | Mem:271.50M, Peak:271.50M | Scene, ViewLayer | Updating Geometry BVH Cube.521 594/808 | Building mesh BLAS |     188 tris | Cube.521
Fra:1 Mem:382.80M (Peak 474.15M) | Time:00:00.27 | Mem:271.50M, Peak:271.50M | Scene, ViewLayer | Updating Geometry BVH Cube.522 595/808 | Building BVH
Fra:1 Mem:382.80M (Peak 474.15M) | Time:00:00.27 | Mem:271.50M, Peak:271.50M | Scene, ViewLayer | Updating Geometry BVH Cube.523 596/808 | Building BVH
Fra:1 Mem:382.80M (Peak 474.15M) | Time:00:00.27 | Mem:271.50M, Peak:271.50M | Scene, ViewLayer | Updating Geometry BVH Cube.524 597/808 | Building BVH
Fra:1 Mem:382.80M (Peak 474.15M) | Time:00:00.27 | Mem:271.50M, Peak:271.50M | Scene, ViewLayer | Updating Geometry BVH Cube.524 597/808 | Building mesh BLAS |     188 tris | Cube.523
Fra:1 Mem:382.80M (Peak 474.15M) | Time:00:00.27 | Mem:271.50M, Peak:271.50M | Scene, ViewLayer | Updating Geometry BVH Cube.524 597/808 | Building mesh BLAS |     188 tris | Cube.524
Fra:1 Mem:382.80M (Peak 474.15M) | Time:00:00.27 | Mem:271.53M, Peak:271.53M | Scene, ViewLayer | Updating Geometry BVH Cube.525 598/808 | Building BVH
Fra:1 Mem:382.80M (Peak 474.15M) | Time:00:00.27 | Mem:271.54M, Peak:271.54M | Scene, ViewLayer | Updating Geometry BVH Cube.526 599/808 | Building BVH
Fra:1 Mem:382.80M (Peak 474.15M) | Time:00:00.27 | Mem:271.54M, Peak:271.54M | Scene, ViewLayer | Updating Geometry BVH Cube.526 599/808 | Building mesh BLAS |     188 tris | Cube.525
Fra:1 Mem:382.80M (Peak 474.15M) | Time:00:00.27 | Mem:271.54M, Peak:271.54M | Scene, ViewLayer | Updating Geometry BVH Cube.526 599/808 | Building mesh BLAS |     188 tris | Cube.526
Fra:1 Mem:382.80M (Peak 474.15M) | Time:00:00.27 | Mem:271.54M, Peak:271.54M | Scene, ViewLayer | Updating Geometry BVH Cube.527 600/808 | Building BVH
Fra:1 Mem:382.80M (Peak 474.15M) | Time:00:00.27 | Mem:271.55M, Peak:271.55M | Scene, ViewLayer | Updating Geometry BVH Cube.527 600/808 | Building mesh BLAS |     188 tris | Cube.527
Fra:1 Mem:382.80M (Peak 474.15M) | Time:00:00.27 | Mem:271.55M, Peak:271.55M | Scene, ViewLayer | Updating Geometry BVH Cube.528 601/808 | Building BVH
Fra:1 Mem:382.80M (Peak 474.15M) | Time:00:00.27 | Mem:271.56M, Peak:271.56M | Scene, ViewLayer | Updating Geometry BVH Cube.529 602/808 | Building BVH
Fra:1 Mem:382.80M (Peak 474.15M) | Time:00:00.27 | Mem:271.56M, Peak:271.56M | Scene, ViewLayer | Updating Geometry BVH Cube.529 602/808 | Building mesh BLAS |     188 tris | Cube.528
Fra:1 Mem:382.80M (Peak 474.15M) | Time:00:00.27 | Mem:271.56M, Peak:271.56M | Scene, ViewLayer | Updating Geometry BVH Cube.530 603/808 | Building BVH
Fra:1 Mem:382.80M (Peak 474.15M) | Time:00:00.27 | Mem:271.56M, Peak:271.56M | Scene, ViewLayer | Updating Geometry BVH Cube.530 603/808 | Building mesh BLAS |     188 tris | Cube.530
Fra:1 Mem:382.80M (Peak 474.15M) | Time:00:00.27 | Mem:271.57M, Peak:271.57M | Scene, ViewLayer | Updating Geometry BVH Cube.531 604/808 | Building BVH
Fra:1 Mem:382.80M (Peak 474.15M) | Time:00:00.27 | Mem:271.57M, Peak:271.57M | Scene, ViewLayer | Updating Geometry BVH Cube.531 604/808 | Building mesh BLAS |     188 tris | Cube.531
Fra:1 Mem:382.80M (Peak 474.15M) | Time:00:00.27 | Mem:271.57M, Peak:271.57M | Scene, ViewLayer | Updating Geometry BVH Cube.532 605/808 | Building BVH
Fra:1 Mem:382.80M (Peak 474.15M) | Time:00:00.27 | Mem:271.57M, Peak:271.57M | Scene, ViewLayer | Updating Geometry BVH Cube.532 605/808 | Building mesh BLAS |     188 tris | Cube.532
Fra:1 Mem:382.80M (Peak 474.15M) | Time:00:00.27 | Mem:271.60M, Peak:271.60M | Scene, ViewLayer | Updating Geometry BVH Cube.694 767/808 | Building BVH
Fra:1 Mem:382.80M (Peak 474.15M) | Time:00:00.27 | Mem:271.60M, Peak:271.60M | Scene, ViewLayer | Updating Geometry BVH Cube.694 767/808 | Building mesh BLAS |     188 tris | Cube.694
Fra:1 Mem:382.80M (Peak 474.15M) | Time:00:00.27 | Mem:271.60M, Peak:271.60M | Scene, ViewLayer | Updating Geometry BVH Cube.533 606/808 | Building BVH
Fra:1 Mem:382.80M (Peak 474.15M) | Time:00:00.27 | Mem:271.60M, Peak:271.60M | Scene, ViewLayer | Updating Geometry BVH Cube.534 607/808 | Building BVH
Fra:1 Mem:382.80M (Peak 474.15M) | Time:00:00.27 | Mem:271.60M, Peak:271.60M | Scene, ViewLayer | Updating Geometry BVH Cube.534 607/808 | Building mesh BLAS |     188 tris | Cube.533
Fra:1 Mem:382.80M (Peak 474.15M) | Time:00:00.27 | Mem:271.60M, Peak:271.60M | Scene, ViewLayer | Updating Geometry BVH Cube.534 607/808 | Building mesh BLAS |     188 tris | Cube.534
Fra:1 Mem:382.80M (Peak 474.15M) | Time:00:00.27 | Mem:271.63M, Peak:271.63M | Scene, ViewLayer | Updating Geometry BVH Cube.535 608/808 | Building BVH
Fra:1 Mem:382.80M (Peak 474.15M) | Time:00:00.27 | Mem:271.63M, Peak:271.63M | Scene, ViewLayer | Updating Geometry BVH Cube.536 609/808 | Building BVH
Fra:1 Mem:382.80M (Peak 474.15M) | Time:00:00.27 | Mem:271.63M, Peak:271.63M | Scene, ViewLayer | Updating Geometry BVH Cube.536 609/808 | Building mesh BLAS |     188 tris | Cube.536
Fra:1 Mem:382.80M (Peak 474.15M) | Time:00:00.27 | Mem:271.66M, Peak:271.66M | Scene, ViewLayer | Updating Geometry BVH Cube.537 610/808 | Building BVH
Fra:1 Mem:382.80M (Peak 474.15M) | Time:00:00.27 | Mem:271.67M, Peak:271.67M | Scene, ViewLayer | Updating Geometry BVH Cube.537 610/808 | Building mesh BLAS |     188 tris | Cube.537
Fra:1 Mem:382.80M (Peak 474.15M) | Time:00:00.27 | Mem:271.69M, Peak:271.69M | Scene, ViewLayer | Updating Geometry BVH Cube.538 611/808 | Building BVH
Fra:1 Mem:382.80M (Peak 474.15M) | Time:00:00.27 | Mem:271.69M, Peak:271.69M | Scene, ViewLayer | Updating Geometry BVH Cube.539 612/808 | Building BVH
Fra:1 Mem:382.80M (Peak 474.15M) | Time:00:00.27 | Mem:271.69M, Peak:271.69M | Scene, ViewLayer | Updating Geometry BVH Cube.539 612/808 | Building mesh BLAS |     188 tris | Cube.538
Fra:1 Mem:382.80M (Peak 474.15M) | Time:00:00.27 | Mem:271.69M, Peak:271.69M | Scene, ViewLayer | Updating Geometry BVH Cube.539 612/808 | Building mesh BLAS |     188 tris | Cube.539
Fra:1 Mem:382.80M (Peak 474.15M) | Time:00:00.27 | Mem:271.69M, Peak:271.69M | Scene, ViewLayer | Updating Geometry BVH Cube.540 613/808 | Building BVH
Fra:1 Mem:382.80M (Peak 474.15M) | Time:00:00.27 | Mem:271.69M, Peak:271.69M | Scene, ViewLayer | Updating Geometry BVH Cube.541 614/808 | Building BVH
Fra:1 Mem:382.80M (Peak 474.15M) | Time:00:00.27 | Mem:271.69M, Peak:271.69M | Scene, ViewLayer | Updating Geometry BVH Cube.541 614/808 | Building mesh BLAS |     188 tris | Cube.540
Fra:1 Mem:382.80M (Peak 474.15M) | Time:00:00.27 | Mem:271.69M, Peak:271.69M | Scene, ViewLayer | Updating Geometry BVH Cube.541 614/808 | Building mesh BLAS |     188 tris | Cube.541
Fra:1 Mem:382.80M (Peak 474.15M) | Time:00:00.27 | Mem:271.69M, Peak:271.69M | Scene, ViewLayer | Updating Geometry BVH Cube.542 615/808 | Building BVH
Fra:1 Mem:382.80M (Peak 474.15M) | Time:00:00.27 | Mem:271.69M, Peak:271.69M | Scene, ViewLayer | Updating Geometry BVH Cube.542 615/808 | Building mesh BLAS |     188 tris | Cube.542
Fra:1 Mem:382.80M (Peak 474.15M) | Time:00:00.27 | Mem:271.69M, Peak:271.69M | Scene, ViewLayer | Updating Geometry BVH Cube.543 616/808 | Building BVH
Fra:1 Mem:382.80M (Peak 474.15M) | Time:00:00.27 | Mem:271.69M, Peak:271.69M | Scene, ViewLayer | Updating Geometry BVH Cube.543 616/808 | Building mesh BLAS |     188 tris | Cube.543
Fra:1 Mem:382.80M (Peak 474.15M) | Time:00:00.27 | Mem:271.71M, Peak:271.71M | Scene, ViewLayer | Updating Geometry BVH Cube.544 617/808 | Building BVH
Fra:1 Mem:382.80M (Peak 474.15M) | Time:00:00.27 | Mem:271.71M, Peak:271.71M | Scene, ViewLayer | Updating Geometry BVH Cube.545 618/808 | Building BVH
Fra:1 Mem:382.80M (Peak 474.15M) | Time:00:00.27 | Mem:271.71M, Peak:271.71M | Scene, ViewLayer | Updating Geometry BVH Cube.545 618/808 | Building mesh BLAS |     188 tris | Cube.544
Fra:1 Mem:382.80M (Peak 474.15M) | Time:00:00.27 | Mem:271.71M, Peak:271.71M | Scene, ViewLayer | Updating Geometry BVH Cube.545 618/808 | Building mesh BLAS |     188 tris | Cube.545
Fra:1 Mem:382.80M (Peak 474.15M) | Time:00:00.27 | Mem:271.72M, Peak:271.72M | Scene, ViewLayer | Updating Geometry BVH Cube.546 619/808 | Building BVH
Fra:1 Mem:382.80M (Peak 474.15M) | Time:00:00.27 | Mem:271.72M, Peak:271.72M | Scene, ViewLayer | Updating Geometry BVH Cube.546 619/808 | Building mesh BLAS |     188 tris | Cube.546
Fra:1 Mem:382.80M (Peak 474.15M) | Time:00:00.27 | Mem:271.72M, Peak:271.72M | Scene, ViewLayer | Updating Geometry BVH Cube.547 620/808 | Building BVH
Fra:1 Mem:382.80M (Peak 474.15M) | Time:00:00.27 | Mem:271.72M, Peak:271.72M | Scene, ViewLayer | Updating Geometry BVH Cube.547 620/808 | Building mesh BLAS |     188 tris | Cube.547
Fra:1 Mem:382.80M (Peak 474.15M) | Time:00:00.27 | Mem:271.78M, Peak:271.78M | Scene, ViewLayer | Updating Geometry BVH Cube.548 621/808 | Building BVH
Fra:1 Mem:382.80M (Peak 474.15M) | Time:00:00.27 | Mem:271.78M, Peak:271.78M | Scene, ViewLayer | Updating Geometry BVH Cube.549 622/808 | Building mesh BLAS |     188 tris | Cube.548
Fra:1 Mem:382.80M (Peak 474.15M) | Time:00:00.27 | Mem:271.78M, Peak:271.78M | Scene, ViewLayer | Updating Geometry BVH Cube.693 766/808 | Building BVH
Fra:1 Mem:382.80M (Peak 474.15M) | Time:00:00.27 | Mem:271.78M, Peak:271.78M | Scene, ViewLayer | Updating Geometry BVH Cube.550 623/808 | Building BVH
Fra:1 Mem:382.80M (Peak 474.15M) | Time:00:00.27 | Mem:271.78M, Peak:271.78M | Scene, ViewLayer | Updating Geometry BVH Cube.550 623/808 | Building mesh BLAS |     188 tris | Cube.549
Fra:1 Mem:382.80M (Peak 474.15M) | Time:00:00.27 | Mem:271.78M, Peak:271.78M | Scene, ViewLayer | Updating Geometry BVH Cube.550 623/808 | Building mesh BLAS |     188 tris | Cube.693
Fra:1 Mem:382.80M (Peak 474.15M) | Time:00:00.27 | Mem:271.78M, Peak:271.78M | Scene, ViewLayer | Updating Geometry BVH Cube.551 624/808 | Building BVH
Fra:1 Mem:382.80M (Peak 474.15M) | Time:00:00.27 | Mem:271.80M, Peak:271.80M | Scene, ViewLayer | Updating Geometry BVH Cube.551 624/808 | Building mesh BLAS |     188 tris | Cube.551
Fra:1 Mem:382.80M (Peak 474.15M) | Time:00:00.27 | Mem:271.80M, Peak:271.80M | Scene, ViewLayer | Updating Geometry BVH Cube.552 625/808 | Building BVH
Fra:1 Mem:382.80M (Peak 474.15M) | Time:00:00.27 | Mem:271.80M, Peak:271.80M | Scene, ViewLayer | Updating Geometry BVH Cube.553 626/808 | Building mesh BLAS |     188 tris | Cube.552
Fra:1 Mem:382.80M (Peak 474.15M) | Time:00:00.27 | Mem:271.80M, Peak:271.80M | Scene, ViewLayer | Updating Geometry BVH Cube.553 626/808 | Building mesh BLAS |     188 tris | Cube.553
Fra:1 Mem:382.80M (Peak 474.15M) | Time:00:00.27 | Mem:271.84M, Peak:271.84M | Scene, ViewLayer | Updating Geometry BVH Cube.554 627/808 | Building BVH
Fra:1 Mem:382.80M (Peak 474.15M) | Time:00:00.27 | Mem:271.84M, Peak:271.84M | Scene, ViewLayer | Updating Geometry BVH Cube.554 627/808 | Building mesh BLAS |     188 tris | Cube.554
Fra:1 Mem:382.80M (Peak 474.15M) | Time:00:00.27 | Mem:271.84M, Peak:271.84M | Scene, ViewLayer | Updating Geometry BVH Cube.555 628/808 | Building BVH
Fra:1 Mem:382.80M (Peak 474.15M) | Time:00:00.27 | Mem:271.84M, Peak:271.84M | Scene, ViewLayer | Updating Geometry BVH Cube.555 628/808 | Building mesh BLAS |     188 tris | Cube.555
Fra:1 Mem:382.80M (Peak 474.15M) | Time:00:00.27 | Mem:271.84M, Peak:271.84M | Scene, ViewLayer | Updating Geometry BVH Cube.556 629/808 | Building BVH
Fra:1 Mem:382.80M (Peak 474.15M) | Time:00:00.27 | Mem:271.84M, Peak:271.84M | Scene, ViewLayer | Updating Geometry BVH Cube.556 629/808 | Building mesh BLAS |     188 tris | Cube.556
Fra:1 Mem:382.80M (Peak 474.15M) | Time:00:00.27 | Mem:271.84M, Peak:271.84M | Scene, ViewLayer | Updating Geometry BVH Cube.557 630/808 | Building BVH
Fra:1 Mem:382.80M (Peak 474.15M) | Time:00:00.27 | Mem:271.84M, Peak:271.84M | Scene, ViewLayer | Updating Geometry BVH Cube.558 631/808 | Building mesh BLAS |     188 tris | Cube.557
Fra:1 Mem:382.80M (Peak 474.15M) | Time:00:00.27 | Mem:271.84M, Peak:271.84M | Scene, ViewLayer | Updating Geometry BVH Cube.558 631/808 | Building mesh BLAS |     188 tris | Cube.558
Fra:1 Mem:382.80M (Peak 474.15M) | Time:00:00.27 | Mem:271.87M, Peak:271.87M | Scene, ViewLayer | Updating Geometry BVH Cube.559 632/808 | Building BVH
Fra:1 Mem:382.80M (Peak 474.15M) | Time:00:00.27 | Mem:271.88M, Peak:271.88M | Scene, ViewLayer | Updating Geometry BVH Cube.560 633/808 | Building mesh BLAS |     188 tris | Cube.559
Fra:1 Mem:382.80M (Peak 474.15M) | Time:00:00.27 | Mem:271.88M, Peak:271.88M | Scene, ViewLayer | Updating Geometry BVH Cube.561 634/808 | Building BVH
Fra:1 Mem:382.80M (Peak 474.15M) | Time:00:00.27 | Mem:271.88M, Peak:271.88M | Scene, ViewLayer | Updating Geometry BVH Cube.561 634/808 | Building mesh BLAS |     188 tris | Cube.560
Fra:1 Mem:382.80M (Peak 474.15M) | Time:00:00.27 | Mem:271.88M, Peak:271.88M | Scene, ViewLayer | Updating Geometry BVH Cube.561 634/808 | Building mesh BLAS |     188 tris | Cube.561
Fra:1 Mem:382.80M (Peak 474.15M) | Time:00:00.27 | Mem:271.88M, Peak:271.88M | Scene, ViewLayer | Updating Geometry BVH Cube.562 635/808 | Building BVH
Fra:1 Mem:382.80M (Peak 474.15M) | Time:00:00.27 | Mem:271.88M, Peak:271.88M | Scene, ViewLayer | Updating Geometry BVH Cube.562 635/808 | Building mesh BLAS |     188 tris | Cube.562
Fra:1 Mem:382.80M (Peak 474.15M) | Time:00:00.27 | Mem:271.89M, Peak:271.89M | Scene, ViewLayer | Updating Geometry BVH Cube.563 636/808 | Building BVH
Fra:1 Mem:382.80M (Peak 474.15M) | Time:00:00.27 | Mem:271.89M, Peak:271.89M | Scene, ViewLayer | Updating Geometry BVH Cube.564 637/808 | Building mesh BLAS |     188 tris | Cube.563
Fra:1 Mem:382.80M (Peak 474.15M) | Time:00:00.27 | Mem:271.89M, Peak:271.89M | Scene, ViewLayer | Updating Geometry BVH Cube.564 637/808 | Building mesh BLAS |     188 tris | Cube.564
Fra:1 Mem:382.80M (Peak 474.15M) | Time:00:00.27 | Mem:271.96M, Peak:271.96M | Scene, ViewLayer | Updating Geometry BVH Cube.565 638/808 | Building BVH
Fra:1 Mem:382.80M (Peak 474.15M) | Time:00:00.27 | Mem:271.96M, Peak:271.96M | Scene, ViewLayer | Updating Geometry BVH Cube.565 638/808 | Building mesh BLAS |     188 tris | Cube.565
Fra:1 Mem:382.80M (Peak 474.15M) | Time:00:00.27 | Mem:271.96M, Peak:271.96M | Scene, ViewLayer | Updating Geometry BVH Cube.566 639/808 | Building BVH
Fra:1 Mem:382.80M (Peak 474.15M) | Time:00:00.27 | Mem:271.96M, Peak:271.96M | Scene, ViewLayer | Updating Geometry BVH Cube.692 765/808 | Building mesh BLAS |     188 tris | Cube.566
Fra:1 Mem:382.80M (Peak 474.15M) | Time:00:00.27 | Mem:271.96M, Peak:271.96M | Scene, ViewLayer | Updating Geometry BVH Cube.692 765/808 | Building mesh BLAS |     188 tris | Cube.692
Fra:1 Mem:382.80M (Peak 474.15M) | Time:00:00.27 | Mem:271.96M, Peak:271.96M | Scene, ViewLayer | Updating Geometry BVH Cube.567 640/808 | Building BVH
Fra:1 Mem:382.80M (Peak 474.15M) | Time:00:00.27 | Mem:271.96M, Peak:271.96M | Scene, ViewLayer | Updating Geometry BVH Cube.568 641/808 | Building BVH
Fra:1 Mem:382.80M (Peak 474.15M) | Time:00:00.27 | Mem:271.96M, Peak:271.96M | Scene, ViewLayer | Updating Geometry BVH Cube.569 642/808 | Building BVH
Fra:1 Mem:382.80M (Peak 474.15M) | Time:00:00.27 | Mem:271.96M, Peak:271.96M | Scene, ViewLayer | Updating Geometry BVH Cube.569 642/808 | Building mesh BLAS |     188 tris | Cube.568
Fra:1 Mem:382.80M (Peak 474.15M) | Time:00:00.27 | Mem:271.96M, Peak:271.96M | Scene, ViewLayer | Updating Geometry BVH Cube.569 642/808 | Building mesh BLAS |     188 tris | Cube.569
Fra:1 Mem:382.80M (Peak 474.15M) | Time:00:00.27 | Mem:271.96M, Peak:271.96M | Scene, ViewLayer | Updating Geometry BVH Cube.570 643/808 | Building BVH
Fra:1 Mem:382.80M (Peak 474.15M) | Time:00:00.27 | Mem:271.96M, Peak:271.96M | Scene, ViewLayer | Updating Geometry BVH Cube.570 643/808 | Building mesh BLAS |     188 tris | Cube.570
Fra:1 Mem:382.80M (Peak 474.15M) | Time:00:00.27 | Mem:272.00M, Peak:272.00M | Scene, ViewLayer | Updating Geometry BVH Cube.571 644/808 | Building BVH
Fra:1 Mem:382.80M (Peak 474.15M) | Time:00:00.27 | Mem:272.00M, Peak:272.00M | Scene, ViewLayer | Updating Geometry BVH Cube.572 645/808 | Building BVH
Fra:1 Mem:382.80M (Peak 474.15M) | Time:00:00.27 | Mem:272.00M, Peak:272.00M | Scene, ViewLayer | Updating Geometry BVH Cube.572 645/808 | Building mesh BLAS |     188 tris | Cube.571
Fra:1 Mem:382.80M (Peak 474.15M) | Time:00:00.27 | Mem:272.00M, Peak:272.00M | Scene, ViewLayer | Updating Geometry BVH Cube.573 646/808 | Building BVH
Fra:1 Mem:382.80M (Peak 474.15M) | Time:00:00.27 | Mem:272.00M, Peak:272.00M | Scene, ViewLayer | Updating Geometry BVH Cube.573 646/808 | Building mesh BLAS |     188 tris | Cube.573
Fra:1 Mem:382.80M (Peak 474.15M) | Time:00:00.27 | Mem:272.01M, Peak:272.01M | Scene, ViewLayer | Updating Geometry BVH Cube.574 647/808 | Building BVH
Fra:1 Mem:382.80M (Peak 474.15M) | Time:00:00.27 | Mem:272.01M, Peak:272.01M | Scene, ViewLayer | Updating Geometry BVH Cube.574 647/808 | Building mesh BLAS |     188 tris | Cube.574
Fra:1 Mem:382.80M (Peak 474.15M) | Time:00:00.27 | Mem:272.03M, Peak:272.03M | Scene, ViewLayer | Updating Geometry BVH Cube.575 648/808 | Building BVH
Fra:1 Mem:382.80M (Peak 474.15M) | Time:00:00.27 | Mem:272.03M, Peak:272.03M | Scene, ViewLayer | Updating Geometry BVH Cube.575 648/808 | Building mesh BLAS |     188 tris | Cube.575
Fra:1 Mem:382.80M (Peak 474.15M) | Time:00:00.27 | Mem:272.03M, Peak:272.03M | Scene, ViewLayer | Updating Geometry BVH Cube.576 649/808 | Building BVH
Fra:1 Mem:382.80M (Peak 474.15M) | Time:00:00.27 | Mem:272.03M, Peak:272.03M | Scene, ViewLayer | Updating Geometry BVH Cube.577 650/808 | Building mesh BLAS |     188 tris | Cube.576
Fra:1 Mem:382.80M (Peak 474.15M) | Time:00:00.27 | Mem:272.03M, Peak:272.03M | Scene, ViewLayer | Updating Geometry BVH Cube.577 650/808 | Building mesh BLAS |     188 tris | Cube.577
Fra:1 Mem:382.80M (Peak 474.15M) | Time:00:00.27 | Mem:272.04M, Peak:272.04M | Scene, ViewLayer | Updating Geometry BVH Cube.578 651/808 | Building BVH
Fra:1 Mem:382.80M (Peak 474.15M) | Time:00:00.27 | Mem:272.04M, Peak:272.04M | Scene, ViewLayer | Updating Geometry BVH Cube.578 651/808 | Building mesh BLAS |     188 tris | Cube.578
Fra:1 Mem:382.80M (Peak 474.15M) | Time:00:00.27 | Mem:272.05M, Peak:272.05M | Scene, ViewLayer | Updating Geometry BVH Cube.579 652/808 | Building BVH
Fra:1 Mem:382.80M (Peak 474.15M) | Time:00:00.27 | Mem:272.05M, Peak:272.05M | Scene, ViewLayer | Updating Geometry BVH Cube.579 652/808 | Building mesh BLAS |     188 tris | Cube.579
Fra:1 Mem:382.80M (Peak 474.15M) | Time:00:00.27 | Mem:272.05M, Peak:272.05M | Scene, ViewLayer | Updating Geometry BVH Cube.580 653/808 | Building BVH
Fra:1 Mem:382.80M (Peak 474.15M) | Time:00:00.27 | Mem:272.05M, Peak:272.05M | Scene, ViewLayer | Updating Geometry BVH Cube.580 653/808 | Building mesh BLAS |     188 tris | Cube.580
Fra:1 Mem:382.80M (Peak 474.15M) | Time:00:00.27 | Mem:272.08M, Peak:272.08M | Scene, ViewLayer | Updating Geometry BVH Cube.581 654/808 | Building BVH
Fra:1 Mem:382.80M (Peak 474.15M) | Time:00:00.27 | Mem:272.08M, Peak:272.08M | Scene, ViewLayer | Updating Geometry BVH Cube.581 654/808 | Building mesh BLAS |     188 tris | Cube.581
Fra:1 Mem:382.80M (Peak 474.15M) | Time:00:00.27 | Mem:272.12M, Peak:272.12M | Scene, ViewLayer | Updating Geometry BVH Cube.691 764/808 | Building BVH
Fra:1 Mem:382.80M (Peak 474.15M) | Time:00:00.27 | Mem:272.12M, Peak:272.12M | Scene, ViewLayer | Updating Geometry BVH Cube.582 655/808 | Building BVH
Fra:1 Mem:382.80M (Peak 474.15M) | Time:00:00.27 | Mem:272.12M, Peak:272.12M | Scene, ViewLayer | Updating Geometry BVH Cube.582 655/808 | Building mesh BLAS |     188 tris | Cube.691
Fra:1 Mem:382.80M (Peak 474.15M) | Time:00:00.27 | Mem:272.12M, Peak:272.12M | Scene, ViewLayer | Updating Geometry BVH Cube.583 656/808 | Building BVH
Fra:1 Mem:382.80M (Peak 474.15M) | Time:00:00.27 | Mem:272.12M, Peak:272.12M | Scene, ViewLayer | Updating Geometry BVH Cube.585 658/808 | Building BVH
Fra:1 Mem:382.80M (Peak 474.15M) | Time:00:00.27 | Mem:272.12M, Peak:272.12M | Scene, ViewLayer | Updating Geometry BVH Cube.585 658/808 | Building mesh BLAS |     188 tris | Cube.583
Fra:1 Mem:382.80M (Peak 474.15M) | Time:00:00.27 | Mem:272.12M, Peak:272.12M | Scene, ViewLayer | Updating Geometry BVH Cube.585 658/808 | Building mesh BLAS |     188 tris | Cube.585
Fra:1 Mem:382.80M (Peak 474.15M) | Time:00:00.27 | Mem:272.13M, Peak:272.13M | Scene, ViewLayer | Updating Geometry BVH Cube.586 659/808 | Building BVH
Fra:1 Mem:382.80M (Peak 474.15M) | Time:00:00.27 | Mem:272.13M, Peak:272.13M | Scene, ViewLayer | Updating Geometry BVH Cube.586 659/808 | Building mesh BLAS |     188 tris | Cube.586
Fra:1 Mem:382.80M (Peak 474.15M) | Time:00:00.27 | Mem:272.13M, Peak:272.13M | Scene, ViewLayer | Updating Geometry BVH Cube.587 660/808 | Building BVH
Fra:1 Mem:382.80M (Peak 474.15M) | Time:00:00.27 | Mem:272.13M, Peak:272.13M | Scene, ViewLayer | Updating Geometry BVH Cube.587 660/808 | Building mesh BLAS |     188 tris | Cube.587
Fra:1 Mem:382.80M (Peak 474.15M) | Time:00:00.27 | Mem:272.16M, Peak:272.16M | Scene, ViewLayer | Updating Geometry BVH Cube.588 661/808 | Building BVH
Fra:1 Mem:382.80M (Peak 474.15M) | Time:00:00.27 | Mem:272.16M, Peak:272.16M | Scene, ViewLayer | Updating Geometry BVH Cube.589 662/808 | Building BVH
Fra:1 Mem:382.80M (Peak 474.15M) | Time:00:00.27 | Mem:272.16M, Peak:272.16M | Scene, ViewLayer | Updating Geometry BVH Cube.590 663/808 | Building BVH
Fra:1 Mem:382.80M (Peak 474.15M) | Time:00:00.27 | Mem:272.16M, Peak:272.16M | Scene, ViewLayer | Updating Geometry BVH Cube.590 663/808 | Building mesh BLAS |     188 tris | Cube.589
Fra:1 Mem:382.80M (Peak 474.15M) | Time:00:00.27 | Mem:272.16M, Peak:272.16M | Scene, ViewLayer | Updating Geometry BVH Cube.590 663/808 | Building mesh BLAS |     188 tris | Cube.590
Fra:1 Mem:382.80M (Peak 474.15M) | Time:00:00.27 | Mem:272.18M, Peak:272.18M | Scene, ViewLayer | Updating Geometry BVH Cube.591 664/808 | Building BVH
Fra:1 Mem:382.80M (Peak 474.15M) | Time:00:00.27 | Mem:272.19M, Peak:272.19M | Scene, ViewLayer | Updating Geometry BVH Cube.591 664/808 | Building mesh BLAS |     188 tris | Cube.591
Fra:1 Mem:382.80M (Peak 474.15M) | Time:00:00.27 | Mem:272.22M, Peak:272.22M | Scene, ViewLayer | Updating Geometry BVH Cube.592 665/808 | Building BVH
Fra:1 Mem:382.80M (Peak 474.15M) | Time:00:00.27 | Mem:272.22M, Peak:272.22M | Scene, ViewLayer | Updating Geometry BVH Cube.593 666/808 | Building BVH
Fra:1 Mem:382.80M (Peak 474.15M) | Time:00:00.27 | Mem:272.22M, Peak:272.22M | Scene, ViewLayer | Updating Geometry BVH Cube.594 667/808 | Building mesh BLAS |     188 tris | Cube.593
Fra:1 Mem:382.80M (Peak 474.15M) | Time:00:00.27 | Mem:272.22M, Peak:272.22M | Scene, ViewLayer | Updating Geometry BVH Cube.594 667/808 | Building mesh BLAS |     188 tris | Cube.594
Fra:1 Mem:382.80M (Peak 474.15M) | Time:00:00.27 | Mem:272.23M, Peak:272.23M | Scene, ViewLayer | Updating Geometry BVH Cube.595 668/808 | Building BVH
Fra:1 Mem:382.80M (Peak 474.15M) | Time:00:00.27 | Mem:272.23M, Peak:272.23M | Scene, ViewLayer | Updating Geometry BVH Cube.595 668/808 | Building mesh BLAS |     188 tris | Cube.595
Fra:1 Mem:382.80M (Peak 474.15M) | Time:00:00.27 | Mem:272.23M, Peak:272.23M | Scene, ViewLayer | Updating Geometry BVH Cube.596 669/808 | Building BVH
Fra:1 Mem:382.80M (Peak 474.15M) | Time:00:00.27 | Mem:272.23M, Peak:272.23M | Scene, ViewLayer | Updating Geometry BVH Cube.596 669/808 | Building mesh BLAS |     188 tris | Cube.596
Fra:1 Mem:382.80M (Peak 474.15M) | Time:00:00.27 | Mem:272.23M, Peak:272.23M | Scene, ViewLayer | Updating Geometry BVH Cube.597 670/808 | Building BVH
Fra:1 Mem:382.80M (Peak 474.15M) | Time:00:00.27 | Mem:272.23M, Peak:272.23M | Scene, ViewLayer | Updating Geometry BVH Cube.597 670/808 | Building mesh BLAS |     188 tris | Cube.597
Fra:1 Mem:382.80M (Peak 474.15M) | Time:00:00.27 | Mem:272.26M, Peak:272.26M | Scene, ViewLayer | Updating Geometry BVH Cube.598 671/808 | Building BVH
Fra:1 Mem:382.80M (Peak 474.15M) | Time:00:00.27 | Mem:272.28M, Peak:272.28M | Scene, ViewLayer | Updating Geometry BVH Cube.690 763/808 | Building BVH
Fra:1 Mem:382.80M (Peak 474.15M) | Time:00:00.27 | Mem:272.29M, Peak:272.29M | Scene, ViewLayer | Updating Geometry BVH Cube.690 763/808 | Building mesh BLAS |     188 tris | Cube.598
Fra:1 Mem:382.80M (Peak 474.15M) | Time:00:00.27 | Mem:272.29M, Peak:272.29M | Scene, ViewLayer | Updating Geometry BVH Cube.599 672/808 | Building BVH
Fra:1 Mem:382.80M (Peak 474.15M) | Time:00:00.27 | Mem:272.29M, Peak:272.29M | Scene, ViewLayer | Updating Geometry BVH Cube.599 672/808 | Building mesh BLAS |     188 tris | Cube.599
Fra:1 Mem:382.80M (Peak 474.15M) | Time:00:00.27 | Mem:272.29M, Peak:272.29M | Scene, ViewLayer | Updating Geometry BVH Cube.600 673/808 | Building BVH
Fra:1 Mem:382.80M (Peak 474.15M) | Time:00:00.27 | Mem:272.29M, Peak:272.29M | Scene, ViewLayer | Updating Geometry BVH Cube.601 674/808 | Building BVH
Fra:1 Mem:382.80M (Peak 474.15M) | Time:00:00.27 | Mem:272.29M, Peak:272.29M | Scene, ViewLayer | Updating Geometry BVH Cube.601 674/808 | Building mesh BLAS |     188 tris | Cube.601
Fra:1 Mem:382.80M (Peak 474.15M) | Time:00:00.27 | Mem:272.29M, Peak:272.29M | Scene, ViewLayer | Updating Geometry BVH Cube.602 675/808 | Building BVH
Fra:1 Mem:382.80M (Peak 474.15M) | Time:00:00.27 | Mem:272.30M, Peak:272.30M | Scene, ViewLayer | Updating Geometry BVH Cube.602 675/808 | Building mesh BLAS |     188 tris | Cube.602
Fra:1 Mem:382.80M (Peak 474.15M) | Time:00:00.27 | Mem:272.33M, Peak:272.33M | Scene, ViewLayer | Updating Geometry BVH Cube.603 676/808 | Building BVH
Fra:1 Mem:382.80M (Peak 474.15M) | Time:00:00.27 | Mem:272.34M, Peak:272.34M | Scene, ViewLayer | Updating Geometry BVH Cube.603 676/808 | Building mesh BLAS |     188 tris | Cube.603
Fra:1 Mem:382.80M (Peak 474.15M) | Time:00:00.27 | Mem:272.34M, Peak:272.34M | Scene, ViewLayer | Updating Geometry BVH Cube.604 677/808 | Building BVH
Fra:1 Mem:382.80M (Peak 474.15M) | Time:00:00.27 | Mem:272.34M, Peak:272.34M | Scene, ViewLayer | Updating Geometry BVH Cube.604 677/808 | Building mesh BLAS |     188 tris | Cube.604
Fra:1 Mem:382.80M (Peak 474.15M) | Time:00:00.27 | Mem:272.34M, Peak:272.34M | Scene, ViewLayer | Updating Geometry BVH Cube.605 678/808 | Building BVH
Fra:1 Mem:382.80M (Peak 474.15M) | Time:00:00.27 | Mem:272.34M, Peak:272.34M | Scene, ViewLayer | Updating Geometry BVH Cube.605 678/808 | Building mesh BLAS |     188 tris | Cube.605
Fra:1 Mem:382.80M (Peak 474.15M) | Time:00:00.27 | Mem:272.34M, Peak:272.34M | Scene, ViewLayer | Updating Geometry BVH Cube.606 679/808 | Building BVH
Fra:1 Mem:382.80M (Peak 474.15M) | Time:00:00.27 | Mem:272.34M, Peak:272.34M | Scene, ViewLayer | Updating Geometry BVH Cube.607 680/808 | Building BVH
Fra:1 Mem:382.80M (Peak 474.15M) | Time:00:00.27 | Mem:272.34M, Peak:272.34M | Scene, ViewLayer | Updating Geometry BVH Cube.607 680/808 | Building mesh BLAS |     188 tris | Cube.606
Fra:1 Mem:382.80M (Peak 474.15M) | Time:00:00.27 | Mem:272.34M, Peak:272.34M | Scene, ViewLayer | Updating Geometry BVH Cube.607 680/808 | Building mesh BLAS |     188 tris | Cube.607
Fra:1 Mem:382.80M (Peak 474.15M) | Time:00:00.27 | Mem:272.34M, Peak:272.34M | Scene, ViewLayer | Updating Geometry BVH Cube.608 681/808 | Building BVH
Fra:1 Mem:382.80M (Peak 474.15M) | Time:00:00.27 | Mem:272.34M, Peak:272.34M | Scene, ViewLayer | Updating Geometry BVH Cube.608 681/808 | Building mesh BLAS |     188 tris | Cube.608
Fra:1 Mem:382.80M (Peak 474.15M) | Time:00:00.27 | Mem:272.39M, Peak:272.39M | Scene, ViewLayer | Updating Geometry BVH Cube.609 682/808 | Building BVH
Fra:1 Mem:382.80M (Peak 474.15M) | Time:00:00.27 | Mem:272.40M, Peak:272.40M | Scene, ViewLayer | Updating Geometry BVH Cube.611 684/808 | Building BVH
Fra:1 Mem:382.80M (Peak 474.15M) | Time:00:00.27 | Mem:272.40M, Peak:272.40M | Scene, ViewLayer | Updating Geometry BVH Cube.611 684/808 | Building mesh BLAS |     188 tris | Cube.611
Fra:1 Mem:382.80M (Peak 474.15M) | Time:00:00.27 | Mem:272.40M, Peak:272.40M | Scene, ViewLayer | Updating Geometry BVH Cube.612 685/808 | Building BVH
Fra:1 Mem:382.80M (Peak 474.15M) | Time:00:00.27 | Mem:272.40M, Peak:272.40M | Scene, ViewLayer | Updating Geometry BVH Cube.612 685/808 | Building mesh BLAS |     188 tris | Cube.610
Fra:1 Mem:382.80M (Peak 474.15M) | Time:00:00.27 | Mem:272.40M, Peak:272.40M | Scene, ViewLayer | Updating Geometry BVH Cube.612 685/808 | Building mesh BLAS |     188 tris | Cube.612
Fra:1 Mem:382.80M (Peak 474.15M) | Time:00:00.27 | Mem:272.41M, Peak:272.41M | Scene, ViewLayer | Updating Geometry BVH Cube.613 686/808 | Building BVH
Fra:1 Mem:382.80M (Peak 474.15M) | Time:00:00.27 | Mem:272.42M, Peak:272.42M | Scene, ViewLayer | Updating Geometry BVH Cube.613 686/808 | Building mesh BLAS |     188 tris | Cube.613
Fra:1 Mem:382.80M (Peak 474.15M) | Time:00:00.27 | Mem:272.44M, Peak:272.44M | Scene, ViewLayer | Updating Geometry BVH Cube.689 762/808 | Building BVH
Fra:1 Mem:382.80M (Peak 474.15M) | Time:00:00.27 | Mem:272.45M, Peak:272.45M | Scene, ViewLayer | Updating Geometry BVH Cube.689 762/808 | Building mesh BLAS |     188 tris | Cube.689
Fra:1 Mem:382.80M (Peak 474.15M) | Time:00:00.27 | Mem:272.45M, Peak:272.45M | Scene, ViewLayer | Updating Geometry BVH Cube.614 687/808 | Building BVH
Fra:1 Mem:382.80M (Peak 474.15M) | Time:00:00.27 | Mem:272.45M, Peak:272.45M | Scene, ViewLayer | Updating Geometry BVH Cube.614 687/808 | Building mesh BLAS |     188 tris | Cube.614
Fra:1 Mem:382.80M (Peak 474.15M) | Time:00:00.27 | Mem:272.45M, Peak:272.45M | Scene, ViewLayer | Updating Geometry BVH Cube.615 688/808 | Building BVH
Fra:1 Mem:382.80M (Peak 474.15M) | Time:00:00.27 | Mem:272.45M, Peak:272.45M | Scene, ViewLayer | Updating Geometry BVH Cube.616 689/808 | Building BVH
Fra:1 Mem:382.80M (Peak 474.15M) | Time:00:00.27 | Mem:272.45M, Peak:272.45M | Scene, ViewLayer | Updating Geometry BVH Cube.616 689/808 | Building mesh BLAS |     188 tris | Cube.616
Fra:1 Mem:382.80M (Peak 474.15M) | Time:00:00.27 | Mem:272.50M, Peak:272.50M | Scene, ViewLayer | Updating Geometry BVH Cube.617 690/808 | Building BVH
Fra:1 Mem:382.80M (Peak 474.15M) | Time:00:00.27 | Mem:272.50M, Peak:272.50M | Scene, ViewLayer | Updating Geometry BVH Cube.619 692/808 | Building BVH
Fra:1 Mem:382.80M (Peak 474.15M) | Time:00:00.27 | Mem:272.50M, Peak:272.50M | Scene, ViewLayer | Updating Geometry BVH Cube.619 692/808 | Building mesh BLAS |     188 tris | Cube.619
Fra:1 Mem:382.80M (Peak 474.15M) | Time:00:00.27 | Mem:272.50M, Peak:272.50M | Scene, ViewLayer | Updating Geometry BVH Cube.620 693/808 | Building BVH
Fra:1 Mem:382.80M (Peak 474.15M) | Time:00:00.27 | Mem:272.50M, Peak:272.50M | Scene, ViewLayer | Updating Geometry BVH Cube.624 697/808 | Building BVH
Fra:1 Mem:382.80M (Peak 474.15M) | Time:00:00.27 | Mem:272.50M, Peak:272.50M | Scene, ViewLayer | Updating Geometry BVH Cube.624 697/808 | Building mesh BLAS |      12 tris | Cube.620
Fra:1 Mem:382.80M (Peak 474.15M) | Time:00:00.27 | Mem:272.50M, Peak:272.50M | Scene, ViewLayer | Updating Geometry BVH Cube.624 697/808 | Building mesh BLAS |     188 tris | Cube.624
Fra:1 Mem:382.80M (Peak 474.15M) | Time:00:00.27 | Mem:272.50M, Peak:272.50M | Scene, ViewLayer | Updating Geometry BVH Cube.624 697/808 | Building mesh BLAS |     188 tris | Cube.621
Fra:1 Mem:382.80M (Peak 474.15M) | Time:00:00.27 | Mem:272.53M, Peak:272.53M | Scene, ViewLayer | Updating Geometry BVH Cube.624 697/808 | Building mesh BLAS |     188 tris | Cube.623
Fra:1 Mem:382.80M (Peak 474.15M) | Time:00:00.27 | Mem:272.53M, Peak:272.53M | Scene, ViewLayer | Updating Geometry BVH Cube.625 698/808 | Building BVH
Fra:1 Mem:382.80M (Peak 474.15M) | Time:00:00.27 | Mem:272.53M, Peak:272.53M | Scene, ViewLayer | Updating Geometry BVH Cube.625 698/808 | Building mesh BLAS |     188 tris | Cube.622
Fra:1 Mem:382.80M (Peak 474.15M) | Time:00:00.27 | Mem:272.53M, Peak:272.53M | Scene, ViewLayer | Updating Geometry BVH Cube.625 698/808 | Building mesh BLAS |     188 tris | Cube.625
Fra:1 Mem:382.80M (Peak 474.15M) | Time:00:00.27 | Mem:272.53M, Peak:272.53M | Scene, ViewLayer | Updating Geometry BVH Cube.626 699/808 | Building BVH
Fra:1 Mem:382.80M (Peak 474.15M) | Time:00:00.27 | Mem:272.53M, Peak:272.53M | Scene, ViewLayer | Updating Geometry BVH Cube.626 699/808 | Building mesh BLAS |     188 tris | Cube.626
Fra:1 Mem:382.80M (Peak 474.15M) | Time:00:00.27 | Mem:272.56M, Peak:272.56M | Scene, ViewLayer | Updating Geometry BVH Cube.627 700/808 | Building BVH
Fra:1 Mem:382.80M (Peak 474.15M) | Time:00:00.27 | Mem:272.56M, Peak:272.56M | Scene, ViewLayer | Updating Geometry BVH Cube.627 700/808 | Building mesh BLAS |     188 tris | Cube.627
Fra:1 Mem:382.80M (Peak 474.15M) | Time:00:00.27 | Mem:272.57M, Peak:272.57M | Scene, ViewLayer | Updating Geometry BVH Cube.629 702/808 | Building BVH
Fra:1 Mem:382.80M (Peak 474.15M) | Time:00:00.27 | Mem:272.57M, Peak:272.57M | Scene, ViewLayer | Updating Geometry BVH Cube.629 702/808 | Building mesh BLAS |     188 tris | Cube.629
Fra:1 Mem:382.80M (Peak 474.15M) | Time:00:00.27 | Mem:272.57M, Peak:272.57M | Scene, ViewLayer | Updating Geometry BVH Cube.629 702/808 | Building mesh BLAS |     188 tris | Cube.628
Fra:1 Mem:382.80M (Peak 474.15M) | Time:00:00.27 | Mem:272.57M, Peak:272.57M | Scene, ViewLayer | Updating Geometry BVH Cube.630 703/808 | Building BVH
Fra:1 Mem:382.80M (Peak 474.15M) | Time:00:00.27 | Mem:272.57M, Peak:272.57M | Scene, ViewLayer | Updating Geometry BVH Cube.630 703/808 | Building mesh BLAS |     188 tris | Cube.630
Fra:1 Mem:382.80M (Peak 474.15M) | Time:00:00.27 | Mem:272.58M, Peak:272.58M | Scene, ViewLayer | Updating Geometry BVH Cube.688 761/808 | Building BVH
Fra:1 Mem:382.80M (Peak 474.15M) | Time:00:00.27 | Mem:272.59M, Peak:272.59M | Scene, ViewLayer | Updating Geometry BVH Cube.688 761/808 | Building mesh BLAS |     188 tris | Cube.688
Fra:1 Mem:382.80M (Peak 474.15M) | Time:00:00.27 | Mem:272.59M, Peak:272.59M | Scene, ViewLayer | Updating Geometry BVH Cube.631 704/808 | Building BVH
Fra:1 Mem:382.80M (Peak 474.15M) | Time:00:00.27 | Mem:272.59M, Peak:272.59M | Scene, ViewLayer | Updating Geometry BVH Cube.631 704/808 | Building mesh BLAS |     188 tris | Cube.631
Fra:1 Mem:382.80M (Peak 474.15M) | Time:00:00.27 | Mem:272.62M, Peak:272.62M | Scene, ViewLayer | Updating Geometry BVH Cube.632 705/808 | Building BVH
Fra:1 Mem:382.80M (Peak 474.15M) | Time:00:00.27 | Mem:272.62M, Peak:272.62M | Scene, ViewLayer | Updating Geometry BVH Cube.633 706/808 | Building BVH
Fra:1 Mem:382.80M (Peak 474.15M) | Time:00:00.27 | Mem:272.62M, Peak:272.62M | Scene, ViewLayer | Updating Geometry BVH Cube.633 706/808 | Building mesh BLAS |     188 tris | Cube.632
Fra:1 Mem:382.80M (Peak 474.15M) | Time:00:00.27 | Mem:272.62M, Peak:272.62M | Scene, ViewLayer | Updating Geometry BVH Cube.633 706/808 | Building mesh BLAS |     188 tris | Cube.633
Fra:1 Mem:382.80M (Peak 474.15M) | Time:00:00.27 | Mem:272.64M, Peak:272.64M | Scene, ViewLayer | Updating Geometry BVH Cube.634 707/808 | Building BVH
Fra:1 Mem:382.80M (Peak 474.15M) | Time:00:00.27 | Mem:272.64M, Peak:272.64M | Scene, ViewLayer | Updating Geometry BVH Cube.635 708/808 | Building BVH
Fra:1 Mem:382.80M (Peak 474.15M) | Time:00:00.27 | Mem:272.66M, Peak:272.66M | Scene, ViewLayer | Updating Geometry BVH Cube.636 709/808 | Building BVH
Fra:1 Mem:382.80M (Peak 474.15M) | Time:00:00.27 | Mem:272.67M, Peak:272.67M | Scene, ViewLayer | Updating Geometry BVH Cube.636 709/808 | Building mesh BLAS |     188 tris | Cube.635
Fra:1 Mem:382.80M (Peak 474.15M) | Time:00:00.27 | Mem:272.67M, Peak:272.67M | Scene, ViewLayer | Updating Geometry BVH Cube.638 711/808 | Building BVH
Fra:1 Mem:382.80M (Peak 474.15M) | Time:00:00.27 | Mem:272.67M, Peak:272.67M | Scene, ViewLayer | Updating Geometry BVH Cube.638 711/808 | Building mesh BLAS |     188 tris | Cube.637
Fra:1 Mem:382.80M (Peak 474.15M) | Time:00:00.27 | Mem:272.67M, Peak:272.67M | Scene, ViewLayer | Updating Geometry BVH Cube.638 711/808 | Building mesh BLAS |     188 tris | Cube.638
Fra:1 Mem:382.80M (Peak 474.15M) | Time:00:00.27 | Mem:272.69M, Peak:272.69M | Scene, ViewLayer | Updating Geometry BVH Cube.639 712/808 | Building BVH
Fra:1 Mem:382.80M (Peak 474.15M) | Time:00:00.27 | Mem:272.69M, Peak:272.69M | Scene, ViewLayer | Updating Geometry BVH Cube.639 712/808 | Building mesh BLAS |     188 tris | Cube.639
Fra:1 Mem:382.80M (Peak 474.15M) | Time:00:00.27 | Mem:272.69M, Peak:272.69M | Scene, ViewLayer | Updating Geometry BVH Cube.640 713/808 | Building BVH
Fra:1 Mem:382.80M (Peak 474.15M) | Time:00:00.27 | Mem:272.69M, Peak:272.69M | Scene, ViewLayer | Updating Geometry BVH Cube.642 715/808 | Building BVH
Fra:1 Mem:382.80M (Peak 474.15M) | Time:00:00.27 | Mem:272.69M, Peak:272.69M | Scene, ViewLayer | Updating Geometry BVH Cube.642 715/808 | Building mesh BLAS |     188 tris | Cube.641
Fra:1 Mem:382.80M (Peak 474.15M) | Time:00:00.27 | Mem:272.69M, Peak:272.69M | Scene, ViewLayer | Updating Geometry BVH Cube.642 715/808 | Building mesh BLAS |     188 tris | Cube.642
Fra:1 Mem:382.80M (Peak 474.15M) | Time:00:00.27 | Mem:272.69M, Peak:272.69M | Scene, ViewLayer | Updating Geometry BVH Cube.643 716/808 | Building BVH
Fra:1 Mem:382.80M (Peak 474.15M) | Time:00:00.27 | Mem:272.70M, Peak:272.70M | Scene, ViewLayer | Updating Geometry BVH Cube.643 716/808 | Building mesh BLAS |     188 tris | Cube.643
Fra:1 Mem:382.80M (Peak 474.15M) | Time:00:00.27 | Mem:272.70M, Peak:272.70M | Scene, ViewLayer | Updating Geometry BVH Cube.644 717/808 | Building BVH
Fra:1 Mem:382.80M (Peak 474.15M) | Time:00:00.27 | Mem:272.70M, Peak:272.70M | Scene, ViewLayer | Updating Geometry BVH Cube.644 717/808 | Building mesh BLAS |     188 tris | Cube.644
Fra:1 Mem:382.80M (Peak 474.15M) | Time:00:00.27 | Mem:272.72M, Peak:272.72M | Scene, ViewLayer | Updating Geometry BVH Cube.645 718/808 | Building BVH
Fra:1 Mem:382.80M (Peak 474.15M) | Time:00:00.27 | Mem:272.72M, Peak:272.72M | Scene, ViewLayer | Updating Geometry BVH Cube.645 718/808 | Building mesh BLAS |     188 tris | Cube.645
Fra:1 Mem:382.80M (Peak 474.15M) | Time:00:00.27 | Mem:272.72M, Peak:272.72M | Scene, ViewLayer | Updating Geometry BVH Cube.646 719/808 | Building BVH
Fra:1 Mem:382.80M (Peak 474.15M) | Time:00:00.27 | Mem:272.72M, Peak:272.72M | Scene, ViewLayer | Updating Geometry BVH Cube.646 719/808 | Building mesh BLAS |     188 tris | Cube.646
Fra:1 Mem:382.80M (Peak 474.15M) | Time:00:00.27 | Mem:272.72M, Peak:272.72M | Scene, ViewLayer | Updating Geometry BVH Cube.647 720/808 | Building BVH
Fra:1 Mem:382.80M (Peak 474.15M) | Time:00:00.27 | Mem:272.72M, Peak:272.72M | Scene, ViewLayer | Updating Geometry BVH Cube.647 720/808 | Building mesh BLAS |     188 tris | Cube.647
Fra:1 Mem:382.80M (Peak 474.15M) | Time:00:00.27 | Mem:272.76M, Peak:272.76M | Scene, ViewLayer | Updating Geometry BVH Cube.687 760/808 | Building BVH
Fra:1 Mem:382.80M (Peak 474.15M) | Time:00:00.27 | Mem:272.77M, Peak:272.77M | Scene, ViewLayer | Updating Geometry BVH Cube.648 721/808 | Building mesh BLAS |     188 tris | Cube.687
Fra:1 Mem:382.80M (Peak 474.15M) | Time:00:00.27 | Mem:272.78M, Peak:272.78M | Scene, ViewLayer | Updating Geometry BVH Cube.648 721/808 | Building mesh BLAS |     188 tris | Cube.648
Fra:1 Mem:382.80M (Peak 474.15M) | Time:00:00.27 | Mem:272.78M, Peak:272.78M | Scene, ViewLayer | Updating Geometry BVH Cube.649 722/808 | Building BVH
Fra:1 Mem:382.80M (Peak 474.15M) | Time:00:00.27 | Mem:272.78M, Peak:272.78M | Scene, ViewLayer | Updating Geometry BVH Cube.650 723/808 | Building BVH
Fra:1 Mem:382.80M (Peak 474.15M) | Time:00:00.27 | Mem:272.78M, Peak:272.78M | Scene, ViewLayer | Updating Geometry BVH Cube.650 723/808 | Building mesh BLAS |     188 tris | Cube.650
Fra:1 Mem:382.80M (Peak 474.15M) | Time:00:00.27 | Mem:272.80M, Peak:272.80M | Scene, ViewLayer | Updating Geometry BVH Cube.651 724/808 | Building BVH
Fra:1 Mem:382.80M (Peak 474.15M) | Time:00:00.27 | Mem:272.80M, Peak:272.80M | Scene, ViewLayer | Updating Geometry BVH Cube.652 725/808 | Building BVH
Fra:1 Mem:382.80M (Peak 474.15M) | Time:00:00.27 | Mem:272.80M, Peak:272.80M | Scene, ViewLayer | Updating Geometry BVH Cube.652 725/808 | Building mesh BLAS |     188 tris | Cube.651
Fra:1 Mem:382.80M (Peak 474.15M) | Time:00:00.27 | Mem:272.80M, Peak:272.80M | Scene, ViewLayer | Updating Geometry BVH Cube.652 725/808 | Building mesh BLAS |     188 tris | Cube.652
Fra:1 Mem:382.80M (Peak 474.15M) | Time:00:00.27 | Mem:272.80M, Peak:272.80M | Scene, ViewLayer | Updating Geometry BVH Cube.653 726/808 | Building BVH
Fra:1 Mem:382.80M (Peak 474.15M) | Time:00:00.27 | Mem:272.80M, Peak:272.80M | Scene, ViewLayer | Updating Geometry BVH Cube.653 726/808 | Building mesh BLAS |     188 tris | Cube.653
Fra:1 Mem:382.80M (Peak 474.15M) | Time:00:00.27 | Mem:272.82M, Peak:272.82M | Scene, ViewLayer | Updating Geometry BVH Cube.654 727/808 | Building BVH
Fra:1 Mem:382.80M (Peak 474.15M) | Time:00:00.27 | Mem:272.83M, Peak:272.83M | Scene, ViewLayer | Updating Geometry BVH Cube.655 728/808 | Building BVH
Fra:1 Mem:382.80M (Peak 474.15M) | Time:00:00.27 | Mem:272.83M, Peak:272.83M | Scene, ViewLayer | Updating Geometry BVH Cube.655 728/808 | Building mesh BLAS |     188 tris | Cube.655
Fra:1 Mem:382.80M (Peak 474.15M) | Time:00:00.27 | Mem:272.83M, Peak:272.83M | Scene, ViewLayer | Updating Geometry BVH Cube.656 729/808 | Building BVH
Fra:1 Mem:382.80M (Peak 474.15M) | Time:00:00.27 | Mem:272.83M, Peak:272.83M | Scene, ViewLayer | Updating Geometry BVH Cube.657 730/808 | Building BVH
Fra:1 Mem:382.80M (Peak 474.15M) | Time:00:00.27 | Mem:272.83M, Peak:272.83M | Scene, ViewLayer | Updating Geometry BVH Cube.657 730/808 | Building mesh BLAS |     188 tris | Cube.656
Fra:1 Mem:382.80M (Peak 474.15M) | Time:00:00.27 | Mem:272.83M, Peak:272.83M | Scene, ViewLayer | Updating Geometry BVH Cube.658 731/808 | Building mesh BLAS |     188 tris | Cube.657
Fra:1 Mem:382.80M (Peak 474.15M) | Time:00:00.27 | Mem:272.83M, Peak:272.83M | Scene, ViewLayer | Updating Geometry BVH Cube.658 731/808 | Building mesh BLAS |     188 tris | Cube.658
Fra:1 Mem:382.80M (Peak 474.15M) | Time:00:00.27 | Mem:272.86M, Peak:272.86M | Scene, ViewLayer | Updating Geometry BVH Cube.659 732/808 | Building BVH
Fra:1 Mem:382.80M (Peak 474.15M) | Time:00:00.27 | Mem:272.87M, Peak:272.87M | Scene, ViewLayer | Updating Geometry BVH Cube.659 732/808 | Building mesh BLAS |     188 tris | Cube.659
Fra:1 Mem:382.80M (Peak 474.15M) | Time:00:00.27 | Mem:272.87M, Peak:272.87M | Scene, ViewLayer | Updating Geometry BVH Cube.660 733/808 | Building BVH
Fra:1 Mem:382.80M (Peak 474.15M) | Time:00:00.27 | Mem:272.87M, Peak:272.87M | Scene, ViewLayer | Updating Geometry BVH Cube.660 733/808 | Building mesh BLAS |     188 tris | Cube.660
Fra:1 Mem:382.80M (Peak 474.15M) | Time:00:00.27 | Mem:272.87M, Peak:272.87M | Scene, ViewLayer | Updating Geometry BVH Cube.661 734/808 | Building BVH
Fra:1 Mem:382.80M (Peak 474.15M) | Time:00:00.27 | Mem:272.87M, Peak:272.87M | Scene, ViewLayer | Updating Geometry BVH Cube.661 734/808 | Building mesh BLAS |     188 tris | Cube.661
Fra:1 Mem:382.80M (Peak 474.15M) | Time:00:00.27 | Mem:272.90M, Peak:272.90M | Scene, ViewLayer | Updating Geometry BVH Cube.662 735/808 | Building BVH
Fra:1 Mem:382.80M (Peak 474.15M) | Time:00:00.27 | Mem:272.90M, Peak:272.90M | Scene, ViewLayer | Updating Geometry BVH Cube.663 736/808 | Building mesh BLAS |     188 tris | Cube.662
Fra:1 Mem:382.80M (Peak 474.15M) | Time:00:00.27 | Mem:272.93M, Peak:272.93M | Scene, ViewLayer | Updating Geometry BVH Cube.664 737/808 | Building BVH
Fra:1 Mem:382.80M (Peak 474.15M) | Time:00:00.27 | Mem:272.94M, Peak:272.94M | Scene, ViewLayer | Updating Geometry BVH Cube.664 737/808 | Building mesh BLAS |     188 tris | Cube.664
Fra:1 Mem:382.80M (Peak 474.15M) | Time:00:00.27 | Mem:272.94M, Peak:272.94M | Scene, ViewLayer | Updating Geometry BVH Cube.664 737/808 | Building mesh BLAS |     188 tris | Cube.663
Fra:1 Mem:382.80M (Peak 474.15M) | Time:00:00.27 | Mem:272.96M, Peak:272.96M | Scene, ViewLayer | Updating Geometry BVH Cube.686 759/808 | Building BVH
Fra:1 Mem:382.80M (Peak 474.15M) | Time:00:00.27 | Mem:272.96M, Peak:272.96M | Scene, ViewLayer | Updating Geometry BVH Cube.686 759/808 | Building mesh BLAS |     188 tris | Cube.686
Fra:1 Mem:382.80M (Peak 474.15M) | Time:00:00.27 | Mem:272.96M, Peak:272.96M | Scene, ViewLayer | Updating Geometry BVH Cube.665 738/808 | Building BVH
Fra:1 Mem:382.80M (Peak 474.15M) | Time:00:00.27 | Mem:272.96M, Peak:272.96M | Scene, ViewLayer | Updating Geometry BVH Cube.665 738/808 | Building mesh BLAS |     188 tris | Cube.665
Fra:1 Mem:382.80M (Peak 474.15M) | Time:00:00.27 | Mem:272.96M, Peak:272.96M | Scene, ViewLayer | Updating Geometry BVH Cube.666 739/808 | Building BVH
Fra:1 Mem:382.80M (Peak 474.15M) | Time:00:00.27 | Mem:272.96M, Peak:272.96M | Scene, ViewLayer | Updating Geometry BVH Cube.666 739/808 | Building mesh BLAS |     188 tris | Cube.666
Fra:1 Mem:382.80M (Peak 474.15M) | Time:00:00.27 | Mem:272.96M, Peak:272.96M | Scene, ViewLayer | Updating Geometry BVH Cube.667 740/808 | Building BVH
Fra:1 Mem:382.80M (Peak 474.15M) | Time:00:00.27 | Mem:272.96M, Peak:272.96M | Scene, ViewLayer | Updating Geometry BVH Cube.667 740/808 | Building mesh BLAS |     188 tris | Cube.667
Fra:1 Mem:382.80M (Peak 474.15M) | Time:00:00.27 | Mem:272.98M, Peak:272.98M | Scene, ViewLayer | Updating Geometry BVH Cube.668 741/808 | Building BVH
Fra:1 Mem:382.80M (Peak 474.15M) | Time:00:00.27 | Mem:272.98M, Peak:272.98M | Scene, ViewLayer | Updating Geometry BVH Cube.668 741/808 | Building mesh BLAS |     188 tris | Cube.668
Fra:1 Mem:382.80M (Peak 474.15M) | Time:00:00.27 | Mem:272.98M, Peak:272.98M | Scene, ViewLayer | Updating Geometry BVH Cube.669 742/808 | Building BVH
Fra:1 Mem:382.80M (Peak 474.15M) | Time:00:00.27 | Mem:272.98M, Peak:272.98M | Scene, ViewLayer | Updating Geometry BVH Cube.669 742/808 | Building mesh BLAS |     188 tris | Cube.669
Fra:1 Mem:382.80M (Peak 474.15M) | Time:00:00.27 | Mem:272.98M, Peak:272.98M | Scene, ViewLayer | Updating Geometry BVH Cube.670 743/808 | Building BVH
Fra:1 Mem:382.80M (Peak 474.15M) | Time:00:00.27 | Mem:272.98M, Peak:272.98M | Scene, ViewLayer | Updating Geometry BVH Cube.670 743/808 | Building mesh BLAS |     188 tris | Cube.670
Fra:1 Mem:382.80M (Peak 474.15M) | Time:00:00.27 | Mem:272.98M, Peak:272.98M | Scene, ViewLayer | Updating Geometry BVH Cube.671 744/808 | Building BVH
Fra:1 Mem:382.80M (Peak 474.15M) | Time:00:00.27 | Mem:272.98M, Peak:272.98M | Scene, ViewLayer | Updating Geometry BVH Cube.672 745/808 | Building BVH
Fra:1 Mem:382.80M (Peak 474.15M) | Time:00:00.27 | Mem:272.98M, Peak:272.98M | Scene, ViewLayer | Updating Geometry BVH Cube.672 745/808 | Building mesh BLAS |     188 tris | Cube.671
Fra:1 Mem:382.80M (Peak 474.15M) | Time:00:00.27 | Mem:272.98M, Peak:272.98M | Scene, ViewLayer | Updating Geometry BVH Cube.672 745/808 | Building mesh BLAS |     188 tris | Cube.672
Fra:1 Mem:382.80M (Peak 474.15M) | Time:00:00.27 | Mem:273.00M, Peak:273.00M | Scene, ViewLayer | Updating Geometry BVH Cube.673 746/808 | Building BVH
Fra:1 Mem:382.80M (Peak 474.15M) | Time:00:00.27 | Mem:273.00M, Peak:273.00M | Scene, ViewLayer | Updating Geometry BVH Cube.673 746/808 | Building mesh BLAS |     188 tris | Cube.673
Fra:1 Mem:382.80M (Peak 474.15M) | Time:00:00.27 | Mem:273.00M, Peak:273.00M | Scene, ViewLayer | Updating Geometry BVH Cube.675 748/808 | Building BVH
Fra:1 Mem:382.80M (Peak 474.15M) | Time:00:00.27 | Mem:273.00M, Peak:273.00M | Scene, ViewLayer | Updating Geometry BVH Cube.674 747/808 | Building BVH
Fra:1 Mem:382.80M (Peak 474.15M) | Time:00:00.27 | Mem:273.00M, Peak:273.00M | Scene, ViewLayer | Updating Geometry BVH Cube.674 747/808 | Building mesh BLAS |     188 tris | Cube.675
Fra:1 Mem:382.80M (Peak 474.15M) | Time:00:00.27 | Mem:273.00M, Peak:273.00M | Scene, ViewLayer | Updating Geometry BVH Cube.674 747/808 | Building mesh BLAS |     188 tris | Cube.674
Fra:1 Mem:382.80M (Peak 474.15M) | Time:00:00.27 | Mem:273.03M, Peak:273.03M | Scene, ViewLayer | Updating Geometry BVH Cube.676 749/808 | Building BVH
Fra:1 Mem:382.80M (Peak 474.15M) | Time:00:00.27 | Mem:273.05M, Peak:273.05M | Scene, ViewLayer | Updating Geometry BVH Cube.677 750/808 | Building BVH
Fra:1 Mem:382.80M (Peak 474.15M) | Time:00:00.27 | Mem:273.05M, Peak:273.05M | Scene, ViewLayer | Updating Geometry BVH Cube.677 750/808 | Building mesh BLAS |     188 tris | Cube.676
Fra:1 Mem:382.80M (Peak 474.15M) | Time:00:00.27 | Mem:273.05M, Peak:273.05M | Scene, ViewLayer | Updating Geometry BVH Cube.678 751/808 | Building BVH
Fra:1 Mem:382.80M (Peak 474.15M) | Time:00:00.27 | Mem:273.05M, Peak:273.05M | Scene, ViewLayer | Updating Geometry BVH Cube.678 751/808 | Building mesh BLAS |     188 tris | Cube.678
Fra:1 Mem:382.80M (Peak 474.15M) | Time:00:00.27 | Mem:273.07M, Peak:273.07M | Scene, ViewLayer | Updating Geometry BVH Cube.679 752/808 | Building BVH
Fra:1 Mem:382.80M (Peak 474.15M) | Time:00:00.27 | Mem:273.08M, Peak:273.08M | Scene, ViewLayer | Updating Geometry BVH Cube.679 752/808 | Building mesh BLAS |     188 tris | Cube.679
Fra:1 Mem:382.80M (Peak 474.15M) | Time:00:00.27 | Mem:273.11M, Peak:273.11M | Scene, ViewLayer | Updating Geometry BVH Cube.685 758/808 | Building BVH
Fra:1 Mem:382.80M (Peak 474.15M) | Time:00:00.27 | Mem:273.11M, Peak:273.11M | Scene, ViewLayer | Updating Geometry BVH Cube.681 754/808 | Building BVH
Fra:1 Mem:382.80M (Peak 474.15M) | Time:00:00.27 | Mem:273.11M, Peak:273.11M | Scene, ViewLayer | Updating Geometry BVH Cube.681 754/808 | Building mesh BLAS |     188 tris | Cube.685
Fra:1 Mem:382.80M (Peak 474.15M) | Time:00:00.27 | Mem:273.11M, Peak:273.11M | Scene, ViewLayer | Updating Geometry BVH Cube.681 754/808 | Building mesh BLAS |     188 tris | Cube.680
Fra:1 Mem:382.80M (Peak 474.15M) | Time:00:00.27 | Mem:273.11M, Peak:273.11M | Scene, ViewLayer | Updating Geometry BVH Cube.682 755/808 | Building BVH
Fra:1 Mem:382.80M (Peak 474.15M) | Time:00:00.27 | Mem:273.11M, Peak:273.11M | Scene, ViewLayer | Updating Geometry BVH Cube.682 755/808 | Building mesh BLAS |     188 tris | Cube.681
Fra:1 Mem:382.80M (Peak 474.15M) | Time:00:00.27 | Mem:273.11M, Peak:273.11M | Scene, ViewLayer | Updating Geometry BVH Cube.683 756/808 | Building BVH
Fra:1 Mem:382.80M (Peak 474.15M) | Time:00:00.27 | Mem:273.12M, Peak:273.12M | Scene, ViewLayer | Updating Geometry BVH Cube.683 756/808 | Building mesh BLAS |     188 tris | Cube.682
Fra:1 Mem:382.80M (Peak 474.15M) | Time:00:00.27 | Mem:273.12M, Peak:273.12M | Scene, ViewLayer | Updating Geometry BVH Cube.683 756/808 | Building mesh BLAS |     188 tris | Cube.683
Fra:1 Mem:382.80M (Peak 474.15M) | Time:00:00.27 | Mem:273.12M, Peak:273.12M | Scene, ViewLayer | Updating Geometry BVH Cube.684 757/808 | Building BVH
Fra:1 Mem:382.80M (Peak 474.15M) | Time:00:00.27 | Mem:273.12M, Peak:273.12M | Scene, ViewLayer | Updating Geometry BVH Cube.684 757/808 | Building mesh BLAS |     188 tris | Cube.684
Fra:1 Mem:382.80M (Peak 474.15M) | Time:00:00.28 | Mem:273.28M, Peak:273.28M | Scene, ViewLayer | Updating Scene BVH | Building
Fra:1 Mem:382.82M (Peak 474.15M) | Time:00:00.29 | Mem:274.02M, Peak:274.02M | Scene, ViewLayer | Updating Scene BVH | Building TLAS      |     820 instances
Fra:1 Mem:382.83M (Peak 474.15M) | Time:00:00.29 | Mem:274.20M, Peak:274.20M | Scene, ViewLayer | Updating Scene BVH | Copying BVH to device
Fra:1 Mem:382.83M (Peak 474.15M) | Time:00:00.29 | Mem:274.20M, Peak:274.20M | Scene, ViewLayer | Updating Mesh | Computing normals
Fra:1 Mem:397.69M (Peak 474.15M) | Time:00:00.29 | Mem:274.20M, Peak:274.20M | Scene, ViewLayer | Updating Mesh | Copying Mesh to device
Fra:1 Mem:382.83M (Peak 474.15M) | Time:00:00.29 | Mem:289.08M, Peak:289.08M | Scene, ViewLayer | Updating Objects Flags
Fra:1 Mem:382.82M (Peak 474.15M) | Time:00:00.29 | Mem:289.08M, Peak:289.08M | Scene, ViewLayer | Updating Primitive Offsets
Fra:1 Mem:382.82M (Peak 474.15M) | Time:00:00.29 | Mem:289.09M, Peak:289.09M | Scene, ViewLayer | Updating Images
Fra:1 Mem:366.82M (Peak 474.15M) | Time:00:00.29 | Mem:273.09M, Peak:289.09M | Scene, ViewLayer | Updating Images | Loading sky_nishita
Fra:1 Mem:367.82M (Peak 474.15M) | Time:00:00.30 | Mem:274.09M, Peak:289.09M | Scene, ViewLayer | Updating Camera Volume
Fra:1 Mem:367.82M (Peak 474.15M) | Time:00:00.30 | Mem:274.09M, Peak:289.09M | Scene, ViewLayer | Updating Lookup Tables
Fra:1 Mem:367.74M (Peak 474.15M) | Time:00:00.30 | Mem:274.18M, Peak:289.09M | Scene, ViewLayer | Updating Lights
Fra:1 Mem:367.74M (Peak 474.15M) | Time:00:00.30 | Mem:274.18M, Peak:289.09M | Scene, ViewLayer | Updating Lights | Importance map
Fra:1 Mem:367.73M (Peak 474.15M) | Time:00:00.32 | Mem:275.21M, Peak:289.09M | Scene, ViewLayer | Updating Lights | Computing tree
Fra:1 Mem:367.73M (Peak 474.15M) | Time:00:00.32 | Mem:275.22M, Peak:289.09M | Scene, ViewLayer | Updating Integrator
Fra:1 Mem:367.73M (Peak 474.15M) | Time:00:00.32 | Mem:275.22M, Peak:289.09M | Scene, ViewLayer | Updating Film
Fra:1 Mem:367.82M (Peak 474.15M) | Time:00:00.32 | Mem:275.13M, Peak:289.09M | Scene, ViewLayer | Updating Lookup Tables
Fra:1 Mem:367.73M (Peak 474.15M) | Time:00:00.32 | Mem:275.22M, Peak:289.09M | Scene, ViewLayer | Updating Baking
Fra:1 Mem:367.73M (Peak 474.15M) | Time:00:00.32 | Mem:275.22M, Peak:289.09M | Scene, ViewLayer | Updating Device | Writing constant memory
Fra:1 Mem:367.75M (Peak 474.15M) | Time:00:00.34 | Mem:275.22M, Peak:289.09M | Scene, ViewLayer | Loading denoising kernels (may take a few minutes the first time)
Fra:1 Mem:367.75M (Peak 474.15M) | Time:00:00.34 | Mem:3091.23M, Peak:3091.23M | Scene, ViewLayer | Rendered 0/4 Tiles, Sample 0/512 (Using optimized kernels)
Fra:1 Mem:367.75M (Peak 672.94M) | Time:00:00.57 | Remaining:02:16.39 | Mem:3396.46M, Peak:3396.46M | Scene, ViewLayer | Rendered 0/4 Tiles, Sample 1/512 (Using optimized kernels)
Fra:1 Mem:367.75M (Peak 672.94M) | Time:00:09.08 | Remaining:00:57.07 | Mem:3396.49M, Peak:3396.49M | Scene, ViewLayer | Rendered 0/4 Tiles, Sample 80/512 (Using optimized kernels)
Fra:1 Mem:367.75M (Peak 672.94M) | Time:00:10.67 | Remaining:00:54.49 | Mem:3396.49M, Peak:3396.49M | Scene, ViewLayer | Rendered 0/4 Tiles, Sample 96/512 (Using optimized kernels)
Fra:1 Mem:367.75M (Peak 672.94M) | Time:00:12.27 | Remaining:00:52.20 | Mem:3396.49M, Peak:3396.49M | Scene, ViewLayer | Rendered 0/4 Tiles, Sample 112/512 (Using optimized kernels)
Fra:1 Mem:367.75M (Peak 672.94M) | Time:00:13.96 | Remaining:00:50.45 | Mem:3396.49M, Peak:3396.49M | Scene, ViewLayer | Rendered 0/4 Tiles, Sample 128/512 (Using optimized kernels)
Fra:1 Mem:367.75M (Peak 672.94M) | Time:00:15.69 | Remaining:00:48.84 | Mem:3396.49M, Peak:3396.49M | Scene, ViewLayer | Rendered 0/4 Tiles, Sample 144/512 (Using optimized kernels)
Fra:1 Mem:367.75M (Peak 672.94M) | Time:00:17.23 | Remaining:00:46.68 | Mem:3396.49M, Peak:3396.49M | Scene, ViewLayer | Rendered 0/4 Tiles, Sample 160/512 (Using optimized kernels)
Fra:1 Mem:367.75M (Peak 672.94M) | Time:00:18.78 | Remaining:00:44.65 | Mem:3396.49M, Peak:3396.49M | Scene, ViewLayer | Rendered 0/4 Tiles, Sample 176/512 (Using optimized kernels)
Fra:1 Mem:367.75M (Peak 672.94M) | Time:00:20.39 | Remaining:00:42.85 | Mem:3396.49M, Peak:3396.49M | Scene, ViewLayer | Rendered 0/4 Tiles, Sample 192/512 (Using optimized kernels)
Fra:1 Mem:367.75M (Peak 672.94M) | Time:00:21.95 | Remaining:00:40.97 | Mem:3396.49M, Peak:3396.49M | Scene, ViewLayer | Rendered 0/4 Tiles, Sample 208/512 (Using optimized kernels)
Fra:1 Mem:367.75M (Peak 672.94M) | Time:00:23.46 | Remaining:00:39.05 | Mem:3396.49M, Peak:3396.49M | Scene, ViewLayer | Rendered 0/4 Tiles, Sample 224/512 (Using optimized kernels)
Fra:1 Mem:367.75M (Peak 672.94M) | Time:00:24.93 | Remaining:00:37.12 | Mem:3396.49M, Peak:3396.49M | Scene, ViewLayer | Rendered 0/4 Tiles, Sample 240/512 (Using optimized kernels)
Fra:1 Mem:367.75M (Peak 672.94M) | Time:00:26.32 | Remaining:00:35.14 | Mem:3396.49M, Peak:3396.49M | Scene, ViewLayer | Rendered 0/4 Tiles, Sample 256/512 (Using optimized kernels)
Fra:1 Mem:367.75M (Peak 672.94M) | Time:00:27.77 | Remaining:00:33.31 | Mem:3396.49M, Peak:3396.49M | Scene, ViewLayer | Rendered 0/4 Tiles, Sample 272/512 (Using optimized kernels)
Fra:1 Mem:367.75M (Peak 672.94M) | Time:00:29.17 | Remaining:00:31.46 | Mem:3396.49M, Peak:3396.49M | Scene, ViewLayer | Rendered 0/4 Tiles, Sample 288/512 (Using optimized kernels)
Fra:1 Mem:367.75M (Peak 672.94M) | Time:00:30.53 | Remaining:00:29.62 | Mem:3396.49M, Peak:3396.49M | Scene, ViewLayer | Rendered 0/4 Tiles, Sample 304/512 (Using optimized kernels)
Fra:1 Mem:367.75M (Peak 672.94M) | Time:00:31.91 | Remaining:00:27.84 | Mem:3396.49M, Peak:3396.49M | Scene, ViewLayer | Rendered 0/4 Tiles, Sample 320/512 (Using optimized kernels)
Fra:1 Mem:367.75M (Peak 672.94M) | Time:00:33.26 | Remaining:00:26.09 | Mem:3396.49M, Peak:3396.49M | Scene, ViewLayer | Rendered 0/4 Tiles, Sample 336/512 (Using optimized kernels)
Fra:1 Mem:367.75M (Peak 672.94M) | Time:00:34.56 | Remaining:00:24.33 | Mem:3396.49M, Peak:3396.49M | Scene, ViewLayer | Rendered 0/4 Tiles, Sample 352/512 (Using optimized kernels)
Fra:1 Mem:367.75M (Peak 672.94M) | Time:00:35.82 | Remaining:00:22.59 | Mem:3396.49M, Peak:3396.49M | Scene, ViewLayer | Rendered 0/4 Tiles, Sample 368/512 (Using optimized kernels)
Fra:1 Mem:367.75M (Peak 672.94M) | Time:00:37.06 | Remaining:00:20.87 | Mem:3396.49M, Peak:3396.49M | Scene, ViewLayer | Rendered 0/4 Tiles, Sample 384/512 (Using optimized kernels)
Fra:1 Mem:367.75M (Peak 672.94M) | Time:00:38.36 | Remaining:00:19.23 | Mem:3396.49M, Peak:3396.49M | Scene, ViewLayer | Rendered 0/4 Tiles, Sample 400/512 (Using optimized kernels)
Fra:1 Mem:367.75M (Peak 672.94M) | Time:00:39.62 | Remaining:00:17.59 | Mem:3396.49M, Peak:3396.49M | Scene, ViewLayer | Rendered 0/4 Tiles, Sample 416/512 (Using optimized kernels)
Fra:1 Mem:367.75M (Peak 672.94M) | Time:00:40.81 | Remaining:00:15.95 | Mem:3396.49M, Peak:3396.49M | Scene, ViewLayer | Rendered 0/4 Tiles, Sample 432/512 (Using optimized kernels)
Fra:1 Mem:367.75M (Peak 672.94M) | Time:00:42.06 | Remaining:00:14.37 | Mem:3396.49M, Peak:3396.49M | Scene, ViewLayer | Rendered 0/4 Tiles, Sample 448/512 (Using optimized kernels)
Fra:1 Mem:367.75M (Peak 672.94M) | Time:00:43.23 | Remaining:00:12.78 | Mem:3396.49M, Peak:3396.49M | Scene, ViewLayer | Rendered 0/4 Tiles, Sample 464/512 (Using optimized kernels)
Fra:1 Mem:367.75M (Peak 672.94M) | Time:00:44.31 | Remaining:00:11.20 | Mem:3396.49M, Peak:3396.49M | Scene, ViewLayer | Rendered 0/4 Tiles, Sample 480/512 (Using optimized kernels)
Fra:1 Mem:367.75M (Peak 672.94M) | Time:00:45.42 | Remaining:00:09.66 | Mem:3396.49M, Peak:3396.49M | Scene, ViewLayer | Rendered 0/4 Tiles, Sample 496/512 (Using optimized kernels)
Fra:1 Mem:367.75M (Peak 672.94M) | Time:00:46.72 | Remaining:00:08.18 | Mem:3396.49M, Peak:3396.49M | Scene, ViewLayer | Rendered 0/4 Tiles, Sample 512/512 (Using optimized kernels)
Fra:1 Mem:367.75M (Peak 672.94M) | Time:00:46.72 | Remaining:00:08.18 | Mem:3396.49M, Peak:3396.49M | Scene, ViewLayer | Rendered 1/4 Tiles, Sample 512/512 (Using optimized kernels)
Fra:1 Mem:367.75M (Peak 672.94M) | Time:00:46.79 | Remaining:00:08.17 | Mem:3144.24M, Peak:3396.49M | Scene, ViewLayer | Rendered 1/4 Tiles, Sample 1/512 (Using optimized kernels)
Fra:1 Mem:367.75M (Peak 672.94M) | Time:00:48.43 | Remaining:00:07.00 | Mem:3144.24M, Peak:3396.49M | Scene, ViewLayer | Rendered 1/4 Tiles, Sample 80/512 (Using optimized kernels)
Fra:1 Mem:367.75M (Peak 672.94M) | Time:00:48.75 | Remaining:00:06.76 | Mem:3144.24M, Peak:3396.49M | Scene, ViewLayer | Rendered 1/4 Tiles, Sample 96/512 (Using optimized kernels)
Fra:1 Mem:367.75M (Peak 672.94M) | Time:00:49.08 | Remaining:00:06.52 | Mem:3144.24M, Peak:3396.49M | Scene, ViewLayer | Rendered 1/4 Tiles, Sample 112/512 (Using optimized kernels)
Fra:1 Mem:367.75M (Peak 672.94M) | Time:00:49.42 | Remaining:00:06.28 | Mem:3144.24M, Peak:3396.49M | Scene, ViewLayer | Rendered 1/4 Tiles, Sample 128/512 (Using optimized kernels)
Fra:1 Mem:367.75M (Peak 672.94M) | Time:00:49.73 | Remaining:00:06.03 | Mem:3144.24M, Peak:3396.49M | Scene, ViewLayer | Rendered 1/4 Tiles, Sample 144/512 (Using optimized kernels)
Fra:1 Mem:367.75M (Peak 672.94M) | Time:00:50.05 | Remaining:00:05.79 | Mem:3144.24M, Peak:3396.49M | Scene, ViewLayer | Rendered 1/4 Tiles, Sample 160/512 (Using optimized kernels)
Fra:1 Mem:367.75M (Peak 672.94M) | Time:00:50.36 | Remaining:00:05.54 | Mem:3144.24M, Peak:3396.49M | Scene, ViewLayer | Rendered 1/4 Tiles, Sample 176/512 (Using optimized kernels)
Fra:1 Mem:367.75M (Peak 672.94M) | Time:00:50.68 | Remaining:00:05.29 | Mem:3144.24M, Peak:3396.49M | Scene, ViewLayer | Rendered 1/4 Tiles, Sample 192/512 (Using optimized kernels)
Fra:1 Mem:367.75M (Peak 672.94M) | Time:00:50.98 | Remaining:00:05.04 | Mem:3144.24M, Peak:3396.49M | Scene, ViewLayer | Rendered 1/4 Tiles, Sample 208/512 (Using optimized kernels)
Fra:1 Mem:367.75M (Peak 672.94M) | Time:00:51.28 | Remaining:00:04.79 | Mem:3144.24M, Peak:3396.49M | Scene, ViewLayer | Rendered 1/4 Tiles, Sample 224/512 (Using optimized kernels)
Fra:1 Mem:367.75M (Peak 672.94M) | Time:00:51.58 | Remaining:00:04.54 | Mem:3144.24M, Peak:3396.49M | Scene, ViewLayer | Rendered 1/4 Tiles, Sample 240/512 (Using optimized kernels)
Fra:1 Mem:367.75M (Peak 672.94M) | Time:00:51.92 | Remaining:00:04.29 | Mem:3144.24M, Peak:3396.49M | Scene, ViewLayer | Rendered 1/4 Tiles, Sample 256/512 (Using optimized kernels)
Fra:1 Mem:367.75M (Peak 672.94M) | Time:00:52.29 | Remaining:00:04.05 | Mem:3144.24M, Peak:3396.49M | Scene, ViewLayer | Rendered 1/4 Tiles, Sample 272/512 (Using optimized kernels)
Fra:1 Mem:367.75M (Peak 672.94M) | Time:00:52.64 | Remaining:00:03.80 | Mem:3144.24M, Peak:3396.49M | Scene, ViewLayer | Rendered 1/4 Tiles, Sample 288/512 (Using optimized kernels)
Fra:1 Mem:367.75M (Peak 672.94M) | Time:00:53.01 | Remaining:00:03.55 | Mem:3144.24M, Peak:3396.49M | Scene, ViewLayer | Rendered 1/4 Tiles, Sample 304/512 (Using optimized kernels)
Fra:1 Mem:367.75M (Peak 672.94M) | Time:00:53.36 | Remaining:00:03.30 | Mem:3144.24M, Peak:3396.49M | Scene, ViewLayer | Rendered 1/4 Tiles, Sample 320/512 (Using optimized kernels)
Fra:1 Mem:367.75M (Peak 672.94M) | Time:00:53.69 | Remaining:00:03.05 | Mem:3144.24M, Peak:3396.49M | Scene, ViewLayer | Rendered 1/4 Tiles, Sample 336/512 (Using optimized kernels)
Fra:1 Mem:367.75M (Peak 672.94M) | Time:00:54.00 | Remaining:00:02.79 | Mem:3144.24M, Peak:3396.49M | Scene, ViewLayer | Rendered 1/4 Tiles, Sample 352/512 (Using optimized kernels)
Fra:1 Mem:367.75M (Peak 672.94M) | Time:00:54.30 | Remaining:00:02.54 | Mem:3144.24M, Peak:3396.49M | Scene, ViewLayer | Rendered 1/4 Tiles, Sample 368/512 (Using optimized kernels)
Fra:1 Mem:367.75M (Peak 672.94M) | Time:00:54.62 | Remaining:00:02.28 | Mem:3144.24M, Peak:3396.49M | Scene, ViewLayer | Rendered 1/4 Tiles, Sample 384/512 (Using optimized kernels)
Fra:1 Mem:367.75M (Peak 672.94M) | Time:00:54.93 | Remaining:00:02.02 | Mem:3144.24M, Peak:3396.49M | Scene, ViewLayer | Rendered 1/4 Tiles, Sample 400/512 (Using optimized kernels)
Fra:1 Mem:367.75M (Peak 672.94M) | Time:00:55.22 | Remaining:00:01.77 | Mem:3144.24M, Peak:3396.49M | Scene, ViewLayer | Rendered 1/4 Tiles, Sample 416/512 (Using optimized kernels)
Fra:1 Mem:367.75M (Peak 672.94M) | Time:00:55.53 | Remaining:00:01.51 | Mem:3144.24M, Peak:3396.49M | Scene, ViewLayer | Rendered 1/4 Tiles, Sample 432/512 (Using optimized kernels)
Fra:1 Mem:367.75M (Peak 672.94M) | Time:00:55.86 | Remaining:00:01.25 | Mem:3144.24M, Peak:3396.49M | Scene, ViewLayer | Rendered 1/4 Tiles, Sample 448/512 (Using optimized kernels)
Fra:1 Mem:367.75M (Peak 672.94M) | Time:00:56.15 | Remaining:00:00.99 | Mem:3144.24M, Peak:3396.49M | Scene, ViewLayer | Rendered 1/4 Tiles, Sample 464/512 (Using optimized kernels)
Fra:1 Mem:367.75M (Peak 672.94M) | Time:00:56.45 | Remaining:00:00.74 | Mem:3144.24M, Peak:3396.49M | Scene, ViewLayer | Rendered 1/4 Tiles, Sample 480/512 (Using optimized kernels)
Fra:1 Mem:367.75M (Peak 672.94M) | Time:00:56.73 | Remaining:00:00.48 | Mem:3144.24M, Peak:3396.49M | Scene, ViewLayer | Rendered 1/4 Tiles, Sample 496/512 (Using optimized kernels)
Fra:1 Mem:367.75M (Peak 672.94M) | Time:00:57.16 | Remaining:00:00.22 | Mem:3144.24M, Peak:3396.49M | Scene, ViewLayer | Rendered 1/4 Tiles, Sample 512/512 (Using optimized kernels)
Fra:1 Mem:367.75M (Peak 672.94M) | Time:00:57.16 | Remaining:00:00.22 | Mem:3144.24M, Peak:3396.49M | Scene, ViewLayer | Rendered 2/4 Tiles, Sample 512/512 (Using optimized kernels)
Fra:1 Mem:367.75M (Peak 672.94M) | Time:00:57.19 | Remaining:00:00.22 | Mem:3093.08M, Peak:3396.49M | Scene, ViewLayer | Rendered 2/4 Tiles, Sample 1/512 (Using optimized kernels)
Fra:1 Mem:367.75M (Peak 672.94M) | Time:00:57.25 | Remaining:00:00.19 | Mem:3093.08M, Peak:3396.49M | Scene, ViewLayer | Rendered 2/4 Tiles, Sample 80/512 (Using optimized kernels)
Fra:1 Mem:367.75M (Peak 672.94M) | Time:00:57.29 | Remaining:00:00.18 | Mem:3093.08M, Peak:3396.49M | Scene, ViewLayer | Rendered 2/4 Tiles, Sample 96/512 (Using optimized kernels)
Fra:1 Mem:367.75M (Peak 672.94M) | Time:00:57.33 | Remaining:00:00.18 | Mem:3093.08M, Peak:3396.49M | Scene, ViewLayer | Rendered 2/4 Tiles, Sample 112/512 (Using optimized kernels)
Fra:1 Mem:367.75M (Peak 672.94M) | Time:00:57.37 | Remaining:00:00.17 | Mem:3093.08M, Peak:3396.49M | Scene, ViewLayer | Rendered 2/4 Tiles, Sample 128/512 (Using optimized kernels)
Fra:1 Mem:367.75M (Peak 672.94M) | Time:00:57.41 | Remaining:00:00.16 | Mem:3093.08M, Peak:3396.49M | Scene, ViewLayer | Rendered 2/4 Tiles, Sample 144/512 (Using optimized kernels)
Fra:1 Mem:367.75M (Peak 672.94M) | Time:00:57.44 | Remaining:00:00.16 | Mem:3093.08M, Peak:3396.49M | Scene, ViewLayer | Rendered 2/4 Tiles, Sample 160/512 (Using optimized kernels)
Fra:1 Mem:367.75M (Peak 672.94M) | Time:00:57.48 | Remaining:00:00.15 | Mem:3093.08M, Peak:3396.49M | Scene, ViewLayer | Rendered 2/4 Tiles, Sample 176/512 (Using optimized kernels)
Fra:1 Mem:367.75M (Peak 672.94M) | Time:00:57.52 | Remaining:00:00.15 | Mem:3093.08M, Peak:3396.49M | Scene, ViewLayer | Rendered 2/4 Tiles, Sample 192/512 (Using optimized kernels)
Fra:1 Mem:367.75M (Peak 672.94M) | Time:00:57.56 | Remaining:00:00.14 | Mem:3093.08M, Peak:3396.49M | Scene, ViewLayer | Rendered 2/4 Tiles, Sample 208/512 (Using optimized kernels)
Fra:1 Mem:367.75M (Peak 672.94M) | Time:00:57.60 | Remaining:00:00.13 | Mem:3093.08M, Peak:3396.49M | Scene, ViewLayer | Rendered 2/4 Tiles, Sample 224/512 (Using optimized kernels)
Fra:1 Mem:367.75M (Peak 672.94M) | Time:00:57.63 | Remaining:00:00.13 | Mem:3093.08M, Peak:3396.49M | Scene, ViewLayer | Rendered 2/4 Tiles, Sample 240/512 (Using optimized kernels)
Fra:1 Mem:367.75M (Peak 672.94M) | Time:00:57.67 | Remaining:00:00.12 | Mem:3093.08M, Peak:3396.49M | Scene, ViewLayer | Rendered 2/4 Tiles, Sample 256/512 (Using optimized kernels)
Fra:1 Mem:367.75M (Peak 672.94M) | Time:00:57.70 | Remaining:00:00.12 | Mem:3093.08M, Peak:3396.49M | Scene, ViewLayer | Rendered 2/4 Tiles, Sample 272/512 (Using optimized kernels)
Fra:1 Mem:367.75M (Peak 672.94M) | Time:00:57.73 | Remaining:00:00.11 | Mem:3093.08M, Peak:3396.49M | Scene, ViewLayer | Rendered 2/4 Tiles, Sample 288/512 (Using optimized kernels)
Fra:1 Mem:367.75M (Peak 672.94M) | Time:00:57.76 | Remaining:00:00.11 | Mem:3093.08M, Peak:3396.49M | Scene, ViewLayer | Rendered 2/4 Tiles, Sample 304/512 (Using optimized kernels)
Fra:1 Mem:367.75M (Peak 672.94M) | Time:00:57.79 | Remaining:00:00.10 | Mem:3093.08M, Peak:3396.49M | Scene, ViewLayer | Rendered 2/4 Tiles, Sample 320/512 (Using optimized kernels)
Fra:1 Mem:367.75M (Peak 672.94M) | Time:00:57.83 | Remaining:00:00.09 | Mem:3093.08M, Peak:3396.49M | Scene, ViewLayer | Rendered 2/4 Tiles, Sample 336/512 (Using optimized kernels)
Fra:1 Mem:367.75M (Peak 672.94M) | Time:00:57.86 | Remaining:00:00.09 | Mem:3093.08M, Peak:3396.49M | Scene, ViewLayer | Rendered 2/4 Tiles, Sample 352/512 (Using optimized kernels)
Fra:1 Mem:367.75M (Peak 672.94M) | Time:00:57.89 | Remaining:00:00.08 | Mem:3093.08M, Peak:3396.49M | Scene, ViewLayer | Rendered 2/4 Tiles, Sample 368/512 (Using optimized kernels)
Fra:1 Mem:367.75M (Peak 672.94M) | Time:00:57.92 | Remaining:00:00.08 | Mem:3093.08M, Peak:3396.49M | Scene, ViewLayer | Rendered 2/4 Tiles, Sample 384/512 (Using optimized kernels)
Fra:1 Mem:367.75M (Peak 672.94M) | Time:00:57.96 | Remaining:00:00.07 | Mem:3093.08M, Peak:3396.49M | Scene, ViewLayer | Rendered 2/4 Tiles, Sample 400/512 (Using optimized kernels)
Fra:1 Mem:367.75M (Peak 672.94M) | Time:00:57.99 | Remaining:00:00.06 | Mem:3093.08M, Peak:3396.49M | Scene, ViewLayer | Rendered 2/4 Tiles, Sample 416/512 (Using optimized kernels)
Fra:1 Mem:367.75M (Peak 672.94M) | Time:00:58.02 | Remaining:00:00.06 | Mem:3093.08M, Peak:3396.49M | Scene, ViewLayer | Rendered 2/4 Tiles, Sample 432/512 (Using optimized kernels)
Fra:1 Mem:367.75M (Peak 672.94M) | Time:00:58.05 | Remaining:00:00.05 | Mem:3093.08M, Peak:3396.49M | Scene, ViewLayer | Rendered 2/4 Tiles, Sample 448/512 (Using optimized kernels)
Fra:1 Mem:367.75M (Peak 672.94M) | Time:00:58.09 | Remaining:00:00.05 | Mem:3093.08M, Peak:3396.49M | Scene, ViewLayer | Rendered 2/4 Tiles, Sample 464/512 (Using optimized kernels)
Fra:1 Mem:367.75M (Peak 672.94M) | Time:00:58.12 | Remaining:00:00.04 | Mem:3093.08M, Peak:3396.49M | Scene, ViewLayer | Rendered 2/4 Tiles, Sample 480/512 (Using optimized kernels)
Fra:1 Mem:367.75M (Peak 672.94M) | Time:00:58.16 | Remaining:00:00.03 | Mem:3093.08M, Peak:3396.49M | Scene, ViewLayer | Rendered 2/4 Tiles, Sample 496/512 (Using optimized kernels)
Fra:1 Mem:367.75M (Peak 672.94M) | Time:00:58.19 | Remaining:00:00.03 | Mem:3093.08M, Peak:3396.49M | Scene, ViewLayer | Rendered 2/4 Tiles, Sample 512/512 (Using optimized kernels)
Fra:1 Mem:367.75M (Peak 672.94M) | Time:00:58.19 | Remaining:00:00.03 | Mem:3093.08M, Peak:3396.49M | Scene, ViewLayer | Rendered 3/4 Tiles, Sample 512/512 (Using optimized kernels)
Fra:1 Mem:367.75M (Peak 672.94M) | Time:00:58.20 | Remaining:00:00.03 | Mem:3091.60M, Peak:3396.49M | Scene, ViewLayer | Rendered 3/4 Tiles, Sample 1/512 (Using optimized kernels)
Fra:1 Mem:367.75M (Peak 672.94M) | Time:00:58.23 | Remaining:00:00.02 | Mem:3091.60M, Peak:3396.49M | Scene, ViewLayer | Rendered 3/4 Tiles, Sample 80/512 (Using optimized kernels)
Fra:1 Mem:367.75M (Peak 672.94M) | Time:00:58.24 | Remaining:00:00.02 | Mem:3091.60M, Peak:3396.49M | Scene, ViewLayer | Rendered 3/4 Tiles, Sample 96/512 (Using optimized kernels)
Fra:1 Mem:367.75M (Peak 672.94M) | Time:00:58.26 | Remaining:00:00.02 | Mem:3091.60M, Peak:3396.49M | Scene, ViewLayer | Rendered 3/4 Tiles, Sample 112/512 (Using optimized kernels)
Fra:1 Mem:367.75M (Peak 672.94M) | Time:00:58.28 | Remaining:00:00.02 | Mem:3091.60M, Peak:3396.49M | Scene, ViewLayer | Rendered 3/4 Tiles, Sample 128/512 (Using optimized kernels)
Fra:1 Mem:367.75M (Peak 672.94M) | Time:00:58.30 | Remaining:00:00.02 | Mem:3091.60M, Peak:3396.49M | Scene, ViewLayer | Rendered 3/4 Tiles, Sample 144/512 (Using optimized kernels)
Fra:1 Mem:367.75M (Peak 672.94M) | Time:00:58.32 | Remaining:00:00.02 | Mem:3091.60M, Peak:3396.49M | Scene, ViewLayer | Rendered 3/4 Tiles, Sample 160/512 (Using optimized kernels)
Fra:1 Mem:367.75M (Peak 672.94M) | Time:00:58.34 | Remaining:00:00.02 | Mem:3091.60M, Peak:3396.49M | Scene, ViewLayer | Rendered 3/4 Tiles, Sample 176/512 (Using optimized kernels)
Fra:1 Mem:367.75M (Peak 672.94M) | Time:00:58.36 | Remaining:00:00.02 | Mem:3091.60M, Peak:3396.49M | Scene, ViewLayer | Rendered 3/4 Tiles, Sample 192/512 (Using optimized kernels)
Fra:1 Mem:367.75M (Peak 672.94M) | Time:00:58.38 | Remaining:00:00.01 | Mem:3091.60M, Peak:3396.49M | Scene, ViewLayer | Rendered 3/4 Tiles, Sample 208/512 (Using optimized kernels)
Fra:1 Mem:367.75M (Peak 672.94M) | Time:00:58.39 | Remaining:00:00.01 | Mem:3091.60M, Peak:3396.49M | Scene, ViewLayer | Rendered 3/4 Tiles, Sample 224/512 (Using optimized kernels)
Fra:1 Mem:367.75M (Peak 672.94M) | Time:00:58.41 | Remaining:00:00.01 | Mem:3091.60M, Peak:3396.49M | Scene, ViewLayer | Rendered 3/4 Tiles, Sample 240/512 (Using optimized kernels)
Fra:1 Mem:367.75M (Peak 672.94M) | Time:00:58.43 | Remaining:00:00.01 | Mem:3091.60M, Peak:3396.49M | Scene, ViewLayer | Rendered 3/4 Tiles, Sample 256/512 (Using optimized kernels)
Fra:1 Mem:367.75M (Peak 672.94M) | Time:00:58.44 | Remaining:00:00.01 | Mem:3091.60M, Peak:3396.49M | Scene, ViewLayer | Rendered 3/4 Tiles, Sample 272/512 (Using optimized kernels)
Fra:1 Mem:367.75M (Peak 672.94M) | Time:00:58.46 | Remaining:00:00.01 | Mem:3091.60M, Peak:3396.49M | Scene, ViewLayer | Rendered 3/4 Tiles, Sample 288/512 (Using optimized kernels)
Fra:1 Mem:367.75M (Peak 672.94M) | Time:00:58.48 | Remaining:00:00.01 | Mem:3091.60M, Peak:3396.49M | Scene, ViewLayer | Rendered 3/4 Tiles, Sample 304/512 (Using optimized kernels)
Fra:1 Mem:367.75M (Peak 672.94M) | Time:00:58.49 | Remaining:00:00.01 | Mem:3091.60M, Peak:3396.49M | Scene, ViewLayer | Rendered 3/4 Tiles, Sample 320/512 (Using optimized kernels)
Fra:1 Mem:367.75M (Peak 672.94M) | Time:00:58.51 | Remaining:00:00.01 | Mem:3091.60M, Peak:3396.49M | Scene, ViewLayer | Rendered 3/4 Tiles, Sample 336/512 (Using optimized kernels)
Fra:1 Mem:367.75M (Peak 672.94M) | Time:00:58.53 | Remaining:00:00.01 | Mem:3091.60M, Peak:3396.49M | Scene, ViewLayer | Rendered 3/4 Tiles, Sample 352/512 (Using optimized kernels)
Fra:1 Mem:367.75M (Peak 672.94M) | Time:00:58.54 | Remaining:00:00.00 | Mem:3091.60M, Peak:3396.49M | Scene, ViewLayer | Rendered 3/4 Tiles, Sample 368/512 (Using optimized kernels)
Fra:1 Mem:367.75M (Peak 672.94M) | Time:00:58.56 | Remaining:00:00.00 | Mem:3091.60M, Peak:3396.49M | Scene, ViewLayer | Rendered 3/4 Tiles, Sample 384/512 (Using optimized kernels)
Fra:1 Mem:367.75M (Peak 672.94M) | Time:00:58.57 | Remaining:00:00.00 | Mem:3091.60M, Peak:3396.49M | Scene, ViewLayer | Rendered 3/4 Tiles, Sample 400/512 (Using optimized kernels)
Fra:1 Mem:367.75M (Peak 672.94M) | Time:00:58.59 | Remaining:00:00.00 | Mem:3091.60M, Peak:3396.49M | Scene, ViewLayer | Rendered 3/4 Tiles, Sample 416/512 (Using optimized kernels)
Fra:1 Mem:367.75M (Peak 672.94M) | Time:00:58.60 | Remaining:00:00.00 | Mem:3091.60M, Peak:3396.49M | Scene, ViewLayer | Rendered 3/4 Tiles, Sample 432/512 (Using optimized kernels)
Fra:1 Mem:367.75M (Peak 672.94M) | Time:00:58.62 | Remaining:00:00.00 | Mem:3091.60M, Peak:3396.49M | Scene, ViewLayer | Rendered 3/4 Tiles, Sample 448/512 (Using optimized kernels)
Fra:1 Mem:367.75M (Peak 672.94M) | Time:00:58.64 | Remaining:00:00.00 | Mem:3091.60M, Peak:3396.49M | Scene, ViewLayer | Rendered 3/4 Tiles, Sample 464/512 (Using optimized kernels)
Fra:1 Mem:367.75M (Peak 672.94M) | Time:00:58.66 | Remaining:00:00.00 | Mem:3091.60M, Peak:3396.49M | Scene, ViewLayer | Rendered 3/4 Tiles, Sample 480/512 (Using optimized kernels)
Fra:1 Mem:367.75M (Peak 672.94M) | Time:00:58.67 | Remaining:00:00.00 | Mem:3091.60M, Peak:3396.49M | Scene, ViewLayer | Rendered 3/4 Tiles, Sample 496/512 (Using optimized kernels)
Fra:1 Mem:367.75M (Peak 672.94M) | Time:00:58.69 | Mem:3091.60M, Peak:3396.49M | Scene, ViewLayer | Rendered 3/4 Tiles, Sample 512/512 (Using optimized kernels)
Fra:1 Mem:367.75M (Peak 672.94M) | Time:00:58.69 | Mem:3091.60M, Peak:3396.49M | Scene, ViewLayer | Rendered 3/4 Tiles, Sample 0/512 (Using optimized kernels)
Fra:1 Mem:367.75M (Peak 672.94M) | Time:00:58.69 | Mem:3091.60M, Peak:3396.49M | Scene, ViewLayer | Finished
Fra:1 Mem:103.62M (Peak 672.94M) | Time:00:58.70 | Mem:2816.11M, Peak:3396.49M | Scene | Reading full buffer from disk
Fra:1 Mem:461.26M (Peak 672.94M) | Time:00:58.85 | Mem:2816.11M, Peak:3396.49M | Scene | ViewLayer | Denoising
Fra:1 Mem:461.26M (Peak 672.94M) | Time:01:05.31 | Mem:3173.75M, Peak:3396.49M | Scene | ViewLayer | Finishing
Saved: '/Users/xuanji/gits/mv-astra/output/cycles/evening-orthographic.png'
Time: 01:05.99 (Saving: 00:00.61)

Imported plant height: 1.350163996219635
Camera projection: ORTHO Perspective geometry correction: False
Closing corner alignment error (pixels): 0.0001883651631253532
Info: Packed 9 file(s)
Info: Saved as "evening-orthographic.blend"
FINISHED evening-orthographic

Blender quit
