Render device: Apple M5 Max CPU False
Render device: Apple M5 Max (GPU - 40 cores) METAL True
Projection closure residual (m): 8.259061849445711e-07
Info: Applied modifier was not first, result may not be as expected
Info: Applied modifier was not first, result may not be as expected
Info: Applied modifier was not first, result may not be as expected
Info: Applied modifier was not first, result may not be as expected
Info: Applied modifier was not first, result may not be as expected
Info: Applied modifier was not first, result may not be as expected
Info: Applied modifier was not first, result may not be as expected
Info: Applied modifier was not first, result may not be as expected
Info: Applied modifier was not first, result may not be as expected
Info: Applied modifier was not first, result may not be as expected
Info: Applied modifier was not first, result may not be as expected
Info: Applied modifier was not first, result may not be as expected
Info: Applied modifier was not first, result may not be as expected
Info: Applied modifier was not first, result may not be as expected
Info: Applied modifier was not first, result may not be as expected
Info: Applied modifier was not first, result may not be as expected
Info: Applied modifier was not first, result may not be as expected
Info: Applied modifier was not first, result may not be as expected
Info: Applied modifier was not first, result may not be as expected
Info: Applied modifier was not first, result may not be as expected
Info: Applied modifier was not first, result may not be as expected
Info: Applied modifier was not first, result may not be as expected
Info: Applied modifier was not first, result may not be as expected
Info: Applied modifier was not first, result may not be as expected
Info: Applied modifier was not first, result may not be as expected
Info: Applied modifier was not first, result may not be as expected
Info: Applied modifier was not first, result may not be as expected
Info: Applied modifier was not first, result may not be as expected
Info: Applied modifier was not first, result may not be as expected
Info: Applied modifier was not first, result may not be as expected
Info: Applied modifier was not first, result may not be as expected
Info: Applied modifier was not first, result may not be as expected
Info: Applied modifier was not first, result may not be as expected
Info: Applied modifier was not first, result may not be as expected
Info: Applied modifier was not first, result may not be as expected
Info: Applied modifier was not first, result may not be as expected
Info: Applied modifier was not first, result may not be as expected
Info: Applied modifier was not first, result may not be as expected
Info: Applied modifier was not first, result may not be as expected
Info: Applied modifier was not first, result may not be as expected
Info: Applied modifier was not first, result may not be as expected
Info: Applied modifier was not first, result may not be as expected
Info: Applied modifier was not first, result may not be as expected
Info: Applied modifier was not first, result may not be as expected
Info: Applied modifier was not first, result may not be as expected
Info: Applied modifier was not first, result may not be as expected
Info: Applied modifier was not first, result may not be as expected
Info: Applied modifier was not first, result may not be as expected
Info: Applied modifier was not first, result may not be as expected
Info: Applied modifier was not first, result may not be as expected
Info: Applied modifier was not first, result may not be as expected
Info: Applied modifier was not first, result may not be as expected
10:18:07 | INFO: Data are loaded, start creating Blender stuff
10:18:07 | INFO: Blender create Mesh node potted_plant_01_base_low
10:18:07 | INFO: Blender create Mesh node Circle.008
10:18:07 | INFO: Blender create Mesh node Circle.002
10:18:07 | INFO: Blender create Mesh node Plane.070
10:18:07 | INFO: glTF import finished in 0.11s
Blender 4.5.0 (hash 8cb6b388974a built 2025-07-15 01:35:28)
Fra:1 Mem:125.92M (Peak 129.12M) | Time:00:00.03 | Mem:0.02M, Peak:0.02M | Scene, ViewLayer | Synchronizing object | Marble tread
Fra:1 Mem:125.92M (Peak 129.12M) | Time:00:00.03 | Mem:0.02M, Peak:0.02M | Scene, ViewLayer | Synchronizing object | Inlaid bronze nosing.003
Fra:1 Mem:127.93M (Peak 129.12M) | Time:00:00.03 | Mem:0.02M, Peak:0.02M | Scene, ViewLayer | Synchronizing object | Inlaid bronze nosing.005
Fra:1 Mem:127.93M (Peak 129.12M) | Time:00:00.03 | Mem:0.02M, Peak:0.02M | Scene, ViewLayer | Synchronizing object | Marble tread.007
Fra:1 Mem:127.98M (Peak 129.12M) | Time:00:00.03 | Mem:0.02M, Peak:0.02M | Scene, ViewLayer | Synchronizing object | Marble tread.008
Fra:1 Mem:128.20M (Peak 129.12M) | Time:00:00.03 | Mem:0.02M, Peak:0.02M | Scene, ViewLayer | Synchronizing object | Inlaid bronze nosing.008
Fra:1 Mem:128.18M (Peak 129.12M) | Time:00:00.03 | Mem:0.02M, Peak:0.02M | Scene, ViewLayer | Synchronizing object | Inlaid bronze nosing.009
Fra:1 Mem:128.23M (Peak 129.12M) | Time:00:00.03 | Mem:0.02M, Peak:0.02M | Scene, ViewLayer | Synchronizing object | Inlaid bronze nosing.012
Fra:1 Mem:128.38M (Peak 129.12M) | Time:00:00.03 | Mem:0.02M, Peak:0.02M | Scene, ViewLayer | Synchronizing object | Marble tread.013
Fra:1 Mem:128.39M (Peak 129.12M) | Time:00:00.03 | Mem:0.02M, Peak:0.02M | Scene, ViewLayer | Synchronizing object | Inlaid bronze nosing.013
Fra:1 Mem:128.44M (Peak 129.12M) | Time:00:00.03 | Mem:0.02M, Peak:0.02M | Scene, ViewLayer | Synchronizing object | Marble tread.014
Fra:1 Mem:128.44M (Peak 129.12M) | Time:00:00.03 | Mem:0.02M, Peak:0.02M | Scene, ViewLayer | Synchronizing object | Marble tread.015
Fra:1 Mem:128.42M (Peak 129.12M) | Time:00:00.03 | Mem:0.02M, Peak:0.02M | Scene, ViewLayer | Synchronizing object | Inlaid bronze nosing.015
Fra:1 Mem:128.45M (Peak 129.12M) | Time:00:00.03 | Mem:0.02M, Peak:0.02M | Scene, ViewLayer | Synchronizing object | Inlaid bronze nosing.016
Fra:1 Mem:128.51M (Peak 129.12M) | Time:00:00.03 | Mem:0.02M, Peak:0.02M | Scene, ViewLayer | Synchronizing object | Marble tread.017
Fra:1 Mem:128.53M (Peak 129.12M) | Time:00:00.03 | Mem:0.02M, Peak:0.02M | Scene, ViewLayer | Synchronizing object | Inlaid bronze nosing.017
Fra:1 Mem:128.56M (Peak 129.12M) | Time:00:00.03 | Mem:0.02M, Peak:0.02M | Scene, ViewLayer | Synchronizing object | Marble tread.018
Fra:1 Mem:128.61M (Peak 129.12M) | Time:00:00.03 | Mem:0.02M, Peak:0.02M | Scene, ViewLayer | Synchronizing object | Marble tread.019
Fra:1 Mem:128.71M (Peak 129.12M) | Time:00:00.03 | Mem:0.02M, Peak:0.02M | Scene, ViewLayer | Synchronizing object | Inlaid bronze nosing.019
Fra:1 Mem:128.74M (Peak 129.12M) | Time:00:00.03 | Mem:0.02M, Peak:0.02M | Scene, ViewLayer | Synchronizing object | Inlaid bronze nosing.020
Fra:1 Mem:128.81M (Peak 129.12M) | Time:00:00.03 | Mem:0.02M, Peak:0.02M | Scene, ViewLayer | Synchronizing object | Inlaid bronze nosing.021
Fra:1 Mem:128.81M (Peak 129.12M) | Time:00:00.03 | Mem:0.02M, Peak:0.02M | Scene, ViewLayer | Synchronizing object | Marble tread.022
Fra:1 Mem:128.80M (Peak 129.12M) | Time:00:00.03 | Mem:0.02M, Peak:0.02M | Scene, ViewLayer | Synchronizing object | Marble tread.024
Fra:1 Mem:128.87M (Peak 129.12M) | Time:00:00.03 | Mem:0.02M, Peak:0.02M | Scene, ViewLayer | Synchronizing object | Inlaid bronze nosing.024
Fra:1 Mem:128.90M (Peak 129.12M) | Time:00:00.03 | Mem:0.02M, Peak:0.02M | Scene, ViewLayer | Synchronizing object | Inlaid bronze nosing.025
Fra:1 Mem:128.92M (Peak 129.12M) | Time:00:00.03 | Mem:0.02M, Peak:0.02M | Scene, ViewLayer | Synchronizing object | Marble tread.026
Fra:1 Mem:129.08M (Peak 129.12M) | Time:00:00.03 | Mem:0.02M, Peak:0.02M | Scene, ViewLayer | Synchronizing object | Inlaid bronze nosing.026
Fra:1 Mem:129.08M (Peak 129.12M) | Time:00:00.03 | Mem:0.02M, Peak:0.02M | Scene, ViewLayer | Synchronizing object | Marble tread.027
Fra:1 Mem:129.14M (Peak 129.14M) | Time:00:00.03 | Mem:0.02M, Peak:0.02M | Scene, ViewLayer | Synchronizing object | Marble tread.028
Fra:1 Mem:129.14M (Peak 129.14M) | Time:00:00.03 | Mem:0.02M, Peak:0.02M | Scene, ViewLayer | Synchronizing object | Marble tread.029
Fra:1 Mem:129.14M (Peak 129.14M) | Time:00:00.03 | Mem:0.02M, Peak:0.02M | Scene, ViewLayer | Synchronizing object | Marble tread.032
Fra:1 Mem:129.15M (Peak 129.15M) | Time:00:00.03 | Mem:0.02M, Peak:0.02M | Scene, ViewLayer | Synchronizing object | Inlaid bronze nosing.032
Fra:1 Mem:129.30M (Peak 129.30M) | Time:00:00.03 | Mem:0.02M, Peak:0.02M | Scene, ViewLayer | Synchronizing object | Marble tread.033
Fra:1 Mem:129.33M (Peak 129.32M) | Time:00:00.03 | Mem:0.02M, Peak:0.02M | Scene, ViewLayer | Synchronizing object | Inlaid bronze nosing.033
Fra:1 Mem:129.40M (Peak 129.39M) | Time:00:00.03 | Mem:0.02M, Peak:0.02M | Scene, ViewLayer | Synchronizing object | Marble tread.034
Fra:1 Mem:129.39M (Peak 129.39M) | Time:00:00.03 | Mem:0.02M, Peak:0.02M | Scene, ViewLayer | Synchronizing object | Marble tread.036
Fra:1 Mem:129.41M (Peak 129.41M) | Time:00:00.03 | Mem:0.02M, Peak:0.02M | Scene, ViewLayer | Synchronizing object | Marble tread.037
Fra:1 Mem:129.47M (Peak 129.47M) | Time:00:00.03 | Mem:0.02M, Peak:0.02M | Scene, ViewLayer | Synchronizing object | Inlaid bronze nosing.037
Fra:1 Mem:129.48M (Peak 129.48M) | Time:00:00.03 | Mem:0.02M, Peak:0.02M | Scene, ViewLayer | Synchronizing object | Marble tread.038
Fra:1 Mem:129.49M (Peak 129.49M) | Time:00:00.03 | Mem:0.02M, Peak:0.02M | Scene, ViewLayer | Synchronizing object | Inlaid bronze nosing.038
Fra:1 Mem:129.54M (Peak 129.54M) | Time:00:00.03 | Mem:0.02M, Peak:0.02M | Scene, ViewLayer | Synchronizing object | Marble tread.039
Fra:1 Mem:129.60M (Peak 129.60M) | Time:00:00.03 | Mem:0.02M, Peak:0.02M | Scene, ViewLayer | Synchronizing object | Inlaid bronze nosing.039
Fra:1 Mem:129.64M (Peak 129.64M) | Time:00:00.03 | Mem:0.02M, Peak:0.02M | Scene, ViewLayer | Synchronizing object | Marble tread.040
Fra:1 Mem:129.63M (Peak 129.64M) | Time:00:00.03 | Mem:0.02M, Peak:0.02M | Scene, ViewLayer | Synchronizing object | Inlaid bronze nosing.040
Fra:1 Mem:129.67M (Peak 129.67M) | Time:00:00.03 | Mem:0.02M, Peak:0.02M | Scene, ViewLayer | Synchronizing object | Marble tread.041
Fra:1 Mem:129.82M (Peak 129.82M) | Time:00:00.03 | Mem:0.02M, Peak:0.02M | Scene, ViewLayer | Synchronizing object | Inlaid bronze nosing.041
Fra:1 Mem:129.90M (Peak 129.90M) | Time:00:00.03 | Mem:0.02M, Peak:0.02M | Scene, ViewLayer | Synchronizing object | Slender bronze baluster
Fra:1 Mem:129.93M (Peak 129.93M) | Time:00:00.03 | Mem:0.02M, Peak:0.02M | Scene, ViewLayer | Synchronizing object | Slender bronze baluster.002
Fra:1 Mem:129.87M (Peak 129.93M) | Time:00:00.03 | Mem:0.02M, Peak:0.02M | Scene, ViewLayer | Synchronizing object | Landing handrail.001
Fra:1 Mem:129.87M (Peak 129.93M) | Time:00:00.03 | Mem:0.02M, Peak:0.02M | Scene, ViewLayer | Synchronizing object | Bronze railing elbow
Fra:1 Mem:129.91M (Peak 129.93M) | Time:00:00.03 | Mem:0.02M, Peak:0.02M | Scene, ViewLayer | Synchronizing object | Bronze railing elbow.001
Fra:1 Mem:129.93M (Peak 129.93M) | Time:00:00.03 | Mem:0.02M, Peak:0.02M | Scene, ViewLayer | Synchronizing object | Bronze sloping handrail.001
Fra:1 Mem:129.91M (Peak 129.93M) | Time:00:00.03 | Mem:0.02M, Peak:0.02M | Scene, ViewLayer | Synchronizing object | Slender bronze baluster.007
Fra:1 Mem:129.88M (Peak 129.93M) | Time:00:00.03 | Mem:0.02M, Peak:0.02M | Scene, ViewLayer | Synchronizing object | Bronze sloping handrail.002
Fra:1 Mem:129.91M (Peak 129.93M) | Time:00:00.03 | Mem:0.02M, Peak:0.02M | Scene, ViewLayer | Synchronizing object | Slender bronze baluster.008
Fra:1 Mem:129.93M (Peak 129.93M) | Time:00:00.03 | Mem:0.02M, Peak:0.02M | Scene, ViewLayer | Synchronizing object | Slender bronze baluster.009
Fra:1 Mem:129.95M (Peak 129.95M) | Time:00:00.03 | Mem:0.02M, Peak:0.02M | Scene, ViewLayer | Synchronizing object | Slender bronze baluster.010
Fra:1 Mem:129.95M (Peak 129.95M) | Time:00:00.03 | Mem:0.02M, Peak:0.02M | Scene, ViewLayer | Synchronizing object | Landing handrail.005
Fra:1 Mem:129.95M (Peak 129.95M) | Time:00:00.03 | Mem:0.02M, Peak:0.02M | Scene, ViewLayer | Synchronizing object | Bronze railing elbow.005
Fra:1 Mem:129.96M (Peak 129.96M) | Time:00:00.03 | Mem:0.02M, Peak:0.02M | Scene, ViewLayer | Synchronizing object | Bronze sloping handrail.003
Fra:1 Mem:129.96M (Peak 129.96M) | Time:00:00.03 | Mem:0.02M, Peak:0.02M | Scene, ViewLayer | Synchronizing object | Slender bronze baluster.012
Fra:1 Mem:129.97M (Peak 129.97M) | Time:00:00.03 | Mem:0.02M, Peak:0.02M | Scene, ViewLayer | Synchronizing object | Slender bronze baluster.013
Fra:1 Mem:129.98M (Peak 129.98M) | Time:00:00.03 | Mem:0.02M, Peak:0.02M | Scene, ViewLayer | Synchronizing object | Slender bronze baluster.014
Fra:1 Mem:130.01M (Peak 130.01M) | Time:00:00.03 | Mem:0.02M, Peak:0.02M | Scene, ViewLayer | Synchronizing object | Slender bronze baluster.015
Fra:1 Mem:130.01M (Peak 130.01M) | Time:00:00.03 | Mem:0.02M, Peak:0.02M | Scene, ViewLayer | Synchronizing object | Landing handrail.007
Fra:1 Mem:130.01M (Peak 130.01M) | Time:00:00.03 | Mem:0.02M, Peak:0.02M | Scene, ViewLayer | Synchronizing object | Bronze railing elbow.006
Fra:1 Mem:130.02M (Peak 130.02M) | Time:00:00.03 | Mem:0.02M, Peak:0.02M | Scene, ViewLayer | Synchronizing object | Bronze railing elbow.007
Fra:1 Mem:130.03M (Peak 130.03M) | Time:00:00.03 | Mem:0.02M, Peak:0.02M | Scene, ViewLayer | Synchronizing object | Bronze sloping handrail.004
Fra:1 Mem:130.04M (Peak 130.04M) | Time:00:00.03 | Mem:0.02M, Peak:0.02M | Scene, ViewLayer | Synchronizing object | Slender bronze baluster.017
Fra:1 Mem:130.04M (Peak 130.04M) | Time:00:00.03 | Mem:0.02M, Peak:0.02M | Scene, ViewLayer | Synchronizing object | Slender bronze baluster.018
Fra:1 Mem:130.05M (Peak 130.05M) | Time:00:00.03 | Mem:0.02M, Peak:0.02M | Scene, ViewLayer | Synchronizing object | Slender bronze baluster.019
Fra:1 Mem:130.05M (Peak 130.05M) | Time:00:00.03 | Mem:0.02M, Peak:0.02M | Scene, ViewLayer | Synchronizing object | Slender bronze baluster.020
Fra:1 Mem:130.06M (Peak 130.06M) | Time:00:00.03 | Mem:0.02M, Peak:0.02M | Scene, ViewLayer | Synchronizing object | Landing handrail.008
Fra:1 Mem:130.06M (Peak 130.06M) | Time:00:00.03 | Mem:0.02M, Peak:0.02M | Scene, ViewLayer | Synchronizing object | Landing handrail.009
Fra:1 Mem:130.07M (Peak 130.07M) | Time:00:00.03 | Mem:0.02M, Peak:0.02M | Scene, ViewLayer | Synchronizing object | Bronze railing elbow.009
Fra:1 Mem:130.07M (Peak 130.07M) | Time:00:00.03 | Mem:0.02M, Peak:0.02M | Scene, ViewLayer | Synchronizing object | Bronze sloping handrail.005
Fra:1 Mem:130.09M (Peak 130.09M) | Time:00:00.03 | Mem:0.02M, Peak:0.02M | Scene, ViewLayer | Synchronizing object | Slender bronze baluster.021
Fra:1 Mem:130.09M (Peak 130.09M) | Time:00:00.03 | Mem:0.02M, Peak:0.02M | Scene, ViewLayer | Synchronizing object | Slender bronze baluster.022
Fra:1 Mem:130.10M (Peak 130.10M) | Time:00:00.03 | Mem:0.02M, Peak:0.02M | Scene, ViewLayer | Synchronizing object | Slender bronze baluster.023
Fra:1 Mem:130.13M (Peak 130.13M) | Time:00:00.03 | Mem:0.02M, Peak:0.02M | Scene, ViewLayer | Synchronizing object | Landing handrail.010
Fra:1 Mem:130.12M (Peak 130.13M) | Time:00:00.03 | Mem:0.02M, Peak:0.02M | Scene, ViewLayer | Synchronizing object | Landing handrail.011
Fra:1 Mem:130.13M (Peak 130.13M) | Time:00:00.03 | Mem:0.02M, Peak:0.02M | Scene, ViewLayer | Synchronizing object | Bronze sloping handrail.006
Fra:1 Mem:130.13M (Peak 130.13M) | Time:00:00.03 | Mem:0.02M, Peak:0.02M | Scene, ViewLayer | Synchronizing object | Slender bronze baluster.024
Fra:1 Mem:130.14M (Peak 130.14M) | Time:00:00.03 | Mem:0.02M, Peak:0.02M | Scene, ViewLayer | Synchronizing object | Slender bronze baluster.025
Fra:1 Mem:130.14M (Peak 130.14M) | Time:00:00.03 | Mem:0.02M, Peak:0.02M | Scene, ViewLayer | Synchronizing object | Slender bronze baluster.026
Fra:1 Mem:130.15M (Peak 130.15M) | Time:00:00.03 | Mem:0.02M, Peak:0.02M | Scene, ViewLayer | Synchronizing object | Landing handrail.013
Fra:1 Mem:130.15M (Peak 130.15M) | Time:00:00.03 | Mem:0.02M, Peak:0.02M | Scene, ViewLayer | Synchronizing object | Bronze railing elbow.012
Fra:1 Mem:130.16M (Peak 130.16M) | Time:00:00.03 | Mem:0.02M, Peak:0.02M | Scene, ViewLayer | Synchronizing object | Bronze railing elbow.013
Fra:1 Mem:130.16M (Peak 130.16M) | Time:00:00.03 | Mem:0.02M, Peak:0.02M | Scene, ViewLayer | Synchronizing object | Bronze sloping handrail.007
Fra:1 Mem:130.17M (Peak 130.17M) | Time:00:00.03 | Mem:0.02M, Peak:0.02M | Scene, ViewLayer | Synchronizing object | Slender bronze baluster.027
Fra:1 Mem:130.18M (Peak 130.18M) | Time:00:00.03 | Mem:0.02M, Peak:0.02M | Scene, ViewLayer | Synchronizing object | Slender bronze baluster.028
Fra:1 Mem:130.18M (Peak 130.18M) | Time:00:00.03 | Mem:0.02M, Peak:0.02M | Scene, ViewLayer | Synchronizing object | Slender bronze baluster.029
Fra:1 Mem:130.19M (Peak 130.19M) | Time:00:00.03 | Mem:0.02M, Peak:0.02M | Scene, ViewLayer | Synchronizing object | Slender bronze baluster.030
Fra:1 Mem:130.20M (Peak 130.20M) | Time:00:00.03 | Mem:0.02M, Peak:0.02M | Scene, ViewLayer | Synchronizing object | Slender bronze baluster.031
Fra:1 Mem:130.21M (Peak 130.21M) | Time:00:00.03 | Mem:0.02M, Peak:0.02M | Scene, ViewLayer | Synchronizing object | Landing handrail.015
Fra:1 Mem:130.21M (Peak 130.21M) | Time:00:00.03 | Mem:0.02M, Peak:0.02M | Scene, ViewLayer | Synchronizing object | Bronze railing elbow.014
Fra:1 Mem:130.22M (Peak 130.22M) | Time:00:00.03 | Mem:0.02M, Peak:0.02M | Scene, ViewLayer | Synchronizing object | Bronze railing elbow.015
Fra:1 Mem:130.22M (Peak 130.22M) | Time:00:00.03 | Mem:0.02M, Peak:0.02M | Scene, ViewLayer | Synchronizing object | Corner landing 1
Fra:1 Mem:130.23M (Peak 130.23M) | Time:00:00.03 | Mem:0.02M, Peak:0.02M | Scene, ViewLayer | Synchronizing object | Landing pier 1
Fra:1 Mem:130.23M (Peak 130.23M) | Time:00:00.03 | Mem:0.02M, Peak:0.02M | Scene, ViewLayer | Synchronizing object | Pier foot 1
Fra:1 Mem:130.27M (Peak 130.27M) | Time:00:00.03 | Mem:0.02M, Peak:0.02M | Scene, ViewLayer | Synchronizing object | Pier horizontal joint
Fra:1 Mem:130.27M (Peak 130.27M) | Time:00:00.03 | Mem:0.02M, Peak:0.02M | Scene, ViewLayer | Synchronizing object | Pier horizontal joint.002
Fra:1 Mem:130.32M (Peak 130.32M) | Time:00:00.03 | Mem:0.02M, Peak:0.02M | Scene, ViewLayer | Synchronizing object | Pier horizontal joint.003
Fra:1 Mem:130.37M (Peak 130.37M) | Time:00:00.03 | Mem:0.02M, Peak:0.02M | Scene, ViewLayer | Synchronizing object | Corner landing 2
Fra:1 Mem:130.40M (Peak 130.40M) | Time:00:00.03 | Mem:0.02M, Peak:0.02M | Scene, ViewLayer | Synchronizing object | Pier foot 2
Fra:1 Mem:130.40M (Peak 130.40M) | Time:00:00.03 | Mem:0.02M, Peak:0.02M | Scene, ViewLayer | Synchronizing object | Pier horizontal joint.007
Fra:1 Mem:130.47M (Peak 130.47M) | Time:00:00.03 | Mem:0.02M, Peak:0.02M | Scene, ViewLayer | Synchronizing object | Pier horizontal joint.008
Fra:1 Mem:130.52M (Peak 130.52M) | Time:00:00.03 | Mem:0.02M, Peak:0.02M | Scene, ViewLayer | Synchronizing object | Pier horizontal joint.009
Fra:1 Mem:130.53M (Peak 130.53M) | Time:00:00.03 | Mem:0.02M, Peak:0.02M | Scene, ViewLayer | Synchronizing object | Corner landing 3
Fra:1 Mem:130.50M (Peak 130.53M) | Time:00:00.03 | Mem:0.02M, Peak:0.02M | Scene, ViewLayer | Synchronizing object | Landing pier 3
Fra:1 Mem:130.51M (Peak 130.53M) | Time:00:00.03 | Mem:0.02M, Peak:0.02M | Scene, ViewLayer | Synchronizing object | Pier horizontal joint.011
Fra:1 Mem:130.53M (Peak 130.53M) | Time:00:00.03 | Mem:0.02M, Peak:0.02M | Scene, ViewLayer | Synchronizing object | Pier horizontal joint.012
Fra:1 Mem:130.58M (Peak 130.58M) | Time:00:00.03 | Mem:0.02M, Peak:0.02M | Scene, ViewLayer | Synchronizing object | Pier horizontal joint.013
Fra:1 Mem:130.61M (Peak 130.61M) | Time:00:00.03 | Mem:0.02M, Peak:0.02M | Scene, ViewLayer | Synchronizing object | Pier horizontal joint.014
Fra:1 Mem:130.69M (Peak 130.69M) | Time:00:00.03 | Mem:0.02M, Peak:0.02M | Scene, ViewLayer | Synchronizing object | Pier horizontal joint.015
Fra:1 Mem:130.73M (Peak 130.73M) | Time:00:00.03 | Mem:0.02M, Peak:0.02M | Scene, ViewLayer | Synchronizing object | Pier horizontal joint.017
Fra:1 Mem:130.75M (Peak 130.75M) | Time:00:00.03 | Mem:0.02M, Peak:0.02M | Scene, ViewLayer | Synchronizing object | Corner landing 4
Fra:1 Mem:130.76M (Peak 130.76M) | Time:00:00.03 | Mem:0.02M, Peak:0.02M | Scene, ViewLayer | Synchronizing object | Landing pier 4
Fra:1 Mem:130.88M (Peak 130.88M) | Time:00:00.03 | Mem:0.02M, Peak:0.02M | Scene, ViewLayer | Synchronizing object | Pier foot 4
Fra:1 Mem:130.90M (Peak 130.90M) | Time:00:00.03 | Mem:0.02M, Peak:0.02M | Scene, ViewLayer | Synchronizing object | Pier horizontal joint.021
Fra:1 Mem:131.05M (Peak 131.05M) | Time:00:00.03 | Mem:0.02M, Peak:0.02M | Scene, ViewLayer | Synchronizing object | Pier horizontal joint.022
Fra:1 Mem:131.04M (Peak 131.05M) | Time:00:00.03 | Mem:0.02M, Peak:0.02M | Scene, ViewLayer | Synchronizing object | Pier horizontal joint.023
Fra:1 Mem:131.15M (Peak 131.15M) | Time:00:00.03 | Mem:0.02M, Peak:0.02M | Scene, ViewLayer | Synchronizing object | Pier horizontal joint.024
Fra:1 Mem:131.17M (Peak 131.17M) | Time:00:00.03 | Mem:0.02M, Peak:0.02M | Scene, ViewLayer | Synchronizing object | Pier horizontal joint.025
Fra:1 Mem:131.15M (Peak 131.17M) | Time:00:00.03 | Mem:0.02M, Peak:0.02M | Scene, ViewLayer | Synchronizing object | Courtyard foundation
Fra:1 Mem:131.15M (Peak 131.17M) | Time:00:00.03 | Mem:0.02M, Peak:0.02M | Scene, ViewLayer | Synchronizing object | Limestone paving
Fra:1 Mem:131.25M (Peak 131.25M) | Time:00:00.03 | Mem:0.02M, Peak:0.02M | Scene, ViewLayer | Synchronizing object | Limestone paving.001
Fra:1 Mem:131.21M (Peak 131.25M) | Time:00:00.03 | Mem:0.02M, Peak:0.02M | Scene, ViewLayer | Synchronizing object | Limestone paving.003
Fra:1 Mem:131.28M (Peak 131.28M) | Time:00:00.03 | Mem:0.02M, Peak:0.02M | Scene, ViewLayer | Synchronizing object | Limestone paving.005
Fra:1 Mem:131.28M (Peak 131.28M) | Time:00:00.03 | Mem:0.02M, Peak:0.02M | Scene, ViewLayer | Synchronizing object | Limestone paving.006
Fra:1 Mem:131.31M (Peak 131.31M) | Time:00:00.03 | Mem:0.02M, Peak:0.02M | Scene, ViewLayer | Synchronizing object | Limestone paving.008
Fra:1 Mem:131.33M (Peak 131.33M) | Time:00:00.03 | Mem:0.02M, Peak:0.02M | Scene, ViewLayer | Synchronizing object | Limestone paving.009
Fra:1 Mem:131.33M (Peak 131.33M) | Time:00:00.03 | Mem:0.02M, Peak:0.02M | Scene, ViewLayer | Synchronizing object | Limestone paving.010
Fra:1 Mem:131.53M (Peak 131.53M) | Time:00:00.03 | Mem:0.02M, Peak:0.02M | Scene, ViewLayer | Synchronizing object | Limestone paving.011
Fra:1 Mem:131.51M (Peak 131.53M) | Time:00:00.03 | Mem:0.02M, Peak:0.02M | Scene, ViewLayer | Synchronizing object | Limestone paving.012
Fra:1 Mem:131.49M (Peak 131.53M) | Time:00:00.03 | Mem:0.02M, Peak:0.02M | Scene, ViewLayer | Synchronizing object | Limestone paving.013
Fra:1 Mem:131.55M (Peak 131.55M) | Time:00:00.03 | Mem:0.02M, Peak:0.02M | Scene, ViewLayer | Synchronizing object | Limestone paving.014
Fra:1 Mem:131.57M (Peak 131.57M) | Time:00:00.03 | Mem:0.02M, Peak:0.02M | Scene, ViewLayer | Synchronizing object | Limestone paving.015
Fra:1 Mem:131.63M (Peak 131.63M) | Time:00:00.03 | Mem:0.02M, Peak:0.02M | Scene, ViewLayer | Synchronizing object | Limestone paving.017
Fra:1 Mem:131.62M (Peak 131.63M) | Time:00:00.03 | Mem:0.02M, Peak:0.02M | Scene, ViewLayer | Synchronizing object | Limestone paving.018
Fra:1 Mem:131.69M (Peak 131.69M) | Time:00:00.03 | Mem:0.02M, Peak:0.02M | Scene, ViewLayer | Synchronizing object | Limestone paving.019
Fra:1 Mem:131.71M (Peak 131.71M) | Time:00:00.03 | Mem:0.02M, Peak:0.02M | Scene, ViewLayer | Synchronizing object | Limestone paving.021
Fra:1 Mem:131.78M (Peak 131.78M) | Time:00:00.03 | Mem:0.02M, Peak:0.02M | Scene, ViewLayer | Synchronizing object | Limestone paving.022
Fra:1 Mem:131.82M (Peak 131.82M) | Time:00:00.03 | Mem:0.02M, Peak:0.02M | Scene, ViewLayer | Synchronizing object | Limestone paving.023
Fra:1 Mem:131.89M (Peak 131.89M) | Time:00:00.03 | Mem:0.02M, Peak:0.02M | Scene, ViewLayer | Synchronizing object | Limestone paving.024
Fra:1 Mem:131.85M (Peak 131.89M) | Time:00:00.03 | Mem:0.02M, Peak:0.02M | Scene, ViewLayer | Synchronizing object | Limestone paving.027
Fra:1 Mem:131.88M (Peak 131.89M) | Time:00:00.03 | Mem:0.02M, Peak:0.02M | Scene, ViewLayer | Synchronizing object | Limestone paving.029
Fra:1 Mem:131.88M (Peak 131.89M) | Time:00:00.03 | Mem:0.02M, Peak:0.02M | Scene, ViewLayer | Synchronizing object | Limestone paving.031
Fra:1 Mem:131.88M (Peak 131.89M) | Time:00:00.03 | Mem:0.02M, Peak:0.02M | Scene, ViewLayer | Synchronizing object | Limestone paving.033
Fra:1 Mem:131.96M (Peak 131.96M) | Time:00:00.03 | Mem:0.02M, Peak:0.02M | Scene, ViewLayer | Synchronizing object | Limestone paving.034
Fra:1 Mem:131.99M (Peak 131.99M) | Time:00:00.03 | Mem:0.02M, Peak:0.02M | Scene, ViewLayer | Synchronizing object | Limestone paving.035
Fra:1 Mem:132.07M (Peak 132.07M) | Time:00:00.03 | Mem:0.02M, Peak:0.02M | Scene, ViewLayer | Synchronizing object | Limestone paving.036
Fra:1 Mem:132.05M (Peak 132.07M) | Time:00:00.03 | Mem:0.02M, Peak:0.02M | Scene, ViewLayer | Synchronizing object | Limestone paving.037
Fra:1 Mem:132.08M (Peak 132.08M) | Time:00:00.03 | Mem:0.02M, Peak:0.02M | Scene, ViewLayer | Synchronizing object | Limestone paving.038
Fra:1 Mem:132.10M (Peak 132.10M) | Time:00:00.03 | Mem:0.02M, Peak:0.02M | Scene, ViewLayer | Synchronizing object | Limestone paving.039
Fra:1 Mem:132.12M (Peak 132.12M) | Time:00:00.03 | Mem:0.02M, Peak:0.02M | Scene, ViewLayer | Synchronizing object | Limestone paving.041
Fra:1 Mem:132.16M (Peak 132.16M) | Time:00:00.03 | Mem:0.02M, Peak:0.02M | Scene, ViewLayer | Synchronizing object | Limestone paving.042
Fra:1 Mem:132.27M (Peak 132.27M) | Time:00:00.03 | Mem:0.02M, Peak:0.02M | Scene, ViewLayer | Synchronizing object | Limestone paving.043
Fra:1 Mem:132.24M (Peak 132.27M) | Time:00:00.03 | Mem:0.02M, Peak:0.02M | Scene, ViewLayer | Synchronizing object | Limestone paving.045
Fra:1 Mem:132.31M (Peak 132.31M) | Time:00:00.03 | Mem:0.02M, Peak:0.02M | Scene, ViewLayer | Synchronizing object | Limestone paving.046
Fra:1 Mem:132.28M (Peak 132.31M) | Time:00:00.03 | Mem:0.02M, Peak:0.02M | Scene, ViewLayer | Synchronizing object | Limestone paving.047
Fra:1 Mem:132.31M (Peak 132.31M) | Time:00:00.03 | Mem:0.02M, Peak:0.02M | Scene, ViewLayer | Synchronizing object | Limestone paving.050
Fra:1 Mem:132.42M (Peak 132.42M) | Time:00:00.03 | Mem:0.02M, Peak:0.02M | Scene, ViewLayer | Synchronizing object | Limestone paving.051
Fra:1 Mem:132.50M (Peak 132.50M) | Time:00:00.03 | Mem:0.02M, Peak:0.02M | Scene, ViewLayer | Synchronizing object | Limestone paving.052
Fra:1 Mem:132.59M (Peak 132.59M) | Time:00:00.03 | Mem:0.02M, Peak:0.02M | Scene, ViewLayer | Synchronizing object | Limestone paving.053
Fra:1 Mem:132.56M (Peak 132.59M) | Time:00:00.03 | Mem:0.02M, Peak:0.02M | Scene, ViewLayer | Synchronizing object | Limestone paving.054
Fra:1 Mem:132.57M (Peak 132.59M) | Time:00:00.03 | Mem:0.02M, Peak:0.02M | Scene, ViewLayer | Synchronizing object | Limestone paving.056
Fra:1 Mem:132.62M (Peak 132.62M) | Time:00:00.03 | Mem:0.02M, Peak:0.02M | Scene, ViewLayer | Synchronizing object | Limestone paving.058
Fra:1 Mem:132.72M (Peak 132.72M) | Time:00:00.03 | Mem:0.02M, Peak:0.02M | Scene, ViewLayer | Synchronizing object | Limestone paving.059
Fra:1 Mem:132.76M (Peak 132.76M) | Time:00:00.03 | Mem:0.02M, Peak:0.02M | Scene, ViewLayer | Synchronizing object | Limestone paving.063
Fra:1 Mem:132.81M (Peak 132.81M) | Time:00:00.03 | Mem:0.02M, Peak:0.02M | Scene, ViewLayer | Synchronizing object | Limestone paving.065
Fra:1 Mem:132.78M (Peak 132.81M) | Time:00:00.03 | Mem:0.02M, Peak:0.02M | Scene, ViewLayer | Synchronizing object | Limestone paving.067
Fra:1 Mem:132.83M (Peak 132.83M) | Time:00:00.03 | Mem:0.02M, Peak:0.02M | Scene, ViewLayer | Synchronizing object | Limestone paving.068
Fra:1 Mem:132.90M (Peak 132.90M) | Time:00:00.03 | Mem:0.02M, Peak:0.02M | Scene, ViewLayer | Synchronizing object | Limestone paving.069
Fra:1 Mem:132.94M (Peak 132.94M) | Time:00:00.03 | Mem:0.02M, Peak:0.02M | Scene, ViewLayer | Synchronizing object | Limestone paving.070
Fra:1 Mem:132.98M (Peak 132.98M) | Time:00:00.03 | Mem:0.02M, Peak:0.02M | Scene, ViewLayer | Synchronizing object | Limestone paving.071
Fra:1 Mem:132.97M (Peak 132.98M) | Time:00:00.03 | Mem:0.02M, Peak:0.02M | Scene, ViewLayer | Synchronizing object | Limestone paving.073
Fra:1 Mem:133.01M (Peak 133.01M) | Time:00:00.03 | Mem:0.02M, Peak:0.02M | Scene, ViewLayer | Synchronizing object | Limestone paving.076
Fra:1 Mem:133.03M (Peak 133.03M) | Time:00:00.03 | Mem:0.02M, Peak:0.02M | Scene, ViewLayer | Synchronizing object | Limestone paving.081
Fra:1 Mem:133.04M (Peak 133.04M) | Time:00:00.03 | Mem:0.02M, Peak:0.02M | Scene, ViewLayer | Synchronizing object | Limestone paving.083
Fra:1 Mem:133.08M (Peak 133.08M) | Time:00:00.03 | Mem:0.02M, Peak:0.02M | Scene, ViewLayer | Synchronizing object | Limestone paving.084
Fra:1 Mem:133.16M (Peak 133.16M) | Time:00:00.03 | Mem:0.02M, Peak:0.02M | Scene, ViewLayer | Synchronizing object | Limestone paving.085
Fra:1 Mem:133.27M (Peak 133.27M) | Time:00:00.03 | Mem:0.02M, Peak:0.02M | Scene, ViewLayer | Synchronizing object | Limestone paving.086
Fra:1 Mem:133.24M (Peak 133.27M) | Time:00:00.03 | Mem:0.02M, Peak:0.02M | Scene, ViewLayer | Synchronizing object | Limestone paving.087
Fra:1 Mem:133.27M (Peak 133.27M) | Time:00:00.03 | Mem:0.02M, Peak:0.02M | Scene, ViewLayer | Synchronizing object | Limestone paving.090
Fra:1 Mem:133.33M (Peak 133.33M) | Time:00:00.03 | Mem:0.02M, Peak:0.02M | Scene, ViewLayer | Synchronizing object | Limestone paving.091
Fra:1 Mem:133.29M (Peak 133.33M) | Time:00:00.03 | Mem:0.02M, Peak:0.02M | Scene, ViewLayer | Synchronizing object | Limestone paving.093
Fra:1 Mem:133.29M (Peak 133.33M) | Time:00:00.03 | Mem:0.02M, Peak:0.02M | Scene, ViewLayer | Synchronizing object | Limestone paving.094
Fra:1 Mem:133.35M (Peak 133.35M) | Time:00:00.03 | Mem:0.02M, Peak:0.02M | Scene, ViewLayer | Synchronizing object | Limestone paving.095
Fra:1 Mem:133.47M (Peak 133.47M) | Time:00:00.03 | Mem:0.02M, Peak:0.02M | Scene, ViewLayer | Synchronizing object | Limestone paving.096
Fra:1 Mem:133.55M (Peak 133.55M) | Time:00:00.03 | Mem:0.02M, Peak:0.02M | Scene, ViewLayer | Synchronizing object | Limestone paving.097
Fra:1 Mem:133.56M (Peak 133.56M) | Time:00:00.03 | Mem:0.02M, Peak:0.02M | Scene, ViewLayer | Synchronizing object | Warm portico uplight.004
Fra:1 Mem:133.57M (Peak 133.57M) | Time:00:00.03 | Mem:0.02M, Peak:0.02M | Scene, ViewLayer | Synchronizing object | Limestone paving.100
Fra:1 Mem:133.59M (Peak 133.59M) | Time:00:00.03 | Mem:0.02M, Peak:0.02M | Scene, ViewLayer | Synchronizing object | Limestone paving.103
Fra:1 Mem:133.61M (Peak 133.61M) | Time:00:00.03 | Mem:0.02M, Peak:0.02M | Scene, ViewLayer | Synchronizing object | Limestone paving.104
Fra:1 Mem:133.65M (Peak 133.65M) | Time:00:00.03 | Mem:0.02M, Peak:0.02M | Scene, ViewLayer | Synchronizing object | Limestone paving.106
Fra:1 Mem:133.62M (Peak 133.65M) | Time:00:00.03 | Mem:0.02M, Peak:0.02M | Scene, ViewLayer | Synchronizing object | Limestone paving.107
Fra:1 Mem:133.73M (Peak 133.73M) | Time:00:00.03 | Mem:0.02M, Peak:0.02M | Scene, ViewLayer | Synchronizing object | Limestone paving.108
Fra:1 Mem:133.78M (Peak 133.78M) | Time:00:00.03 | Mem:0.02M, Peak:0.02M | Scene, ViewLayer | Synchronizing object | Limestone paving.109
Fra:1 Mem:133.74M (Peak 133.78M) | Time:00:00.03 | Mem:0.02M, Peak:0.02M | Scene, ViewLayer | Synchronizing object | Limestone paving.111
Fra:1 Mem:133.77M (Peak 133.78M) | Time:00:00.03 | Mem:0.02M, Peak:0.02M | Scene, ViewLayer | Synchronizing object | Limestone paving.112
Fra:1 Mem:133.80M (Peak 133.80M) | Time:00:00.03 | Mem:0.02M, Peak:0.02M | Scene, ViewLayer | Synchronizing object | Limestone paving.115
Fra:1 Mem:133.90M (Peak 133.90M) | Time:00:00.03 | Mem:0.02M, Peak:0.02M | Scene, ViewLayer | Synchronizing object | Limestone paving.116
Fra:1 Mem:133.92M (Peak 133.92M) | Time:00:00.03 | Mem:0.02M, Peak:0.02M | Scene, ViewLayer | Synchronizing object | Limestone paving.118
Fra:1 Mem:133.98M (Peak 133.98M) | Time:00:00.03 | Mem:0.02M, Peak:0.02M | Scene, ViewLayer | Synchronizing object | Limestone paving.119
Fra:1 Mem:134.02M (Peak 134.02M) | Time:00:00.03 | Mem:0.02M, Peak:0.02M | Scene, ViewLayer | Synchronizing object | Limestone paving.122
Fra:1 Mem:134.05M (Peak 134.06M) | Time:00:00.03 | Mem:0.02M, Peak:0.02M | Scene, ViewLayer | Synchronizing object | Limestone paving.123
Fra:1 Mem:134.09M (Peak 134.09M) | Time:00:00.03 | Mem:0.02M, Peak:0.02M | Scene, ViewLayer | Synchronizing object | Limestone paving.124
Fra:1 Mem:134.09M (Peak 134.09M) | Time:00:00.03 | Mem:0.02M, Peak:0.02M | Scene, ViewLayer | Synchronizing object | Limestone paving.126
Fra:1 Mem:134.09M (Peak 134.09M) | Time:00:00.03 | Mem:0.02M, Peak:0.02M | Scene, ViewLayer | Synchronizing object | Limestone paving.127
Fra:1 Mem:134.11M (Peak 134.11M) | Time:00:00.03 | Mem:0.02M, Peak:0.02M | Scene, ViewLayer | Synchronizing object | Limestone paving.128
Fra:1 Mem:134.12M (Peak 134.12M) | Time:00:00.03 | Mem:0.02M, Peak:0.02M | Scene, ViewLayer | Synchronizing object | Limestone paving.129
Fra:1 Mem:134.14M (Peak 134.14M) | Time:00:00.03 | Mem:0.02M, Peak:0.02M | Scene, ViewLayer | Synchronizing object | Limestone paving.130
Fra:1 Mem:134.16M (Peak 134.16M) | Time:00:00.03 | Mem:0.02M, Peak:0.02M | Scene, ViewLayer | Synchronizing object | Warm portico uplight.003
Fra:1 Mem:134.22M (Peak 134.22M) | Time:00:00.03 | Mem:0.02M, Peak:0.02M | Scene, ViewLayer | Synchronizing object | Limestone paving.131
Fra:1 Mem:134.34M (Peak 134.34M) | Time:00:00.03 | Mem:0.02M, Peak:0.02M | Scene, ViewLayer | Synchronizing object | Limestone paving.132
Fra:1 Mem:134.43M (Peak 134.43M) | Time:00:00.03 | Mem:0.02M, Peak:0.02M | Scene, ViewLayer | Synchronizing object | Limestone paving.133
Fra:1 Mem:134.49M (Peak 134.49M) | Time:00:00.03 | Mem:0.02M, Peak:0.02M | Scene, ViewLayer | Synchronizing object | Limestone paving.134
Fra:1 Mem:134.46M (Peak 134.49M) | Time:00:00.03 | Mem:0.02M, Peak:0.02M | Scene, ViewLayer | Synchronizing object | Limestone paving.141
Fra:1 Mem:134.52M (Peak 134.52M) | Time:00:00.03 | Mem:0.02M, Peak:0.02M | Scene, ViewLayer | Synchronizing object | Limestone paving.138
Fra:1 Mem:134.50M (Peak 134.52M) | Time:00:00.03 | Mem:0.02M, Peak:0.02M | Scene, ViewLayer | Synchronizing object | Limestone paving.143
Fra:1 Mem:134.56M (Peak 134.56M) | Time:00:00.03 | Mem:0.02M, Peak:0.02M | Scene, ViewLayer | Synchronizing object | Limestone paving.144
Fra:1 Mem:134.57M (Peak 134.57M) | Time:00:00.03 | Mem:0.02M, Peak:0.02M | Scene, ViewLayer | Synchronizing object | Limestone paving.145
Fra:1 Mem:134.57M (Peak 134.57M) | Time:00:00.03 | Mem:0.02M, Peak:0.02M | Scene, ViewLayer | Synchronizing object | Limestone paving.146
Fra:1 Mem:134.66M (Peak 134.66M) | Time:00:00.03 | Mem:0.02M, Peak:0.02M | Scene, ViewLayer | Synchronizing object | Limestone paving.147
Fra:1 Mem:134.65M (Peak 134.66M) | Time:00:00.03 | Mem:0.02M, Peak:0.02M | Scene, ViewLayer | Synchronizing object | Limestone paving.148
Fra:1 Mem:134.64M (Peak 134.66M) | Time:00:00.03 | Mem:0.02M, Peak:0.02M | Scene, ViewLayer | Synchronizing object | Limestone paving.149
Fra:1 Mem:134.68M (Peak 134.68M) | Time:00:00.03 | Mem:0.02M, Peak:0.02M | Scene, ViewLayer | Synchronizing object | Limestone paving.151
Fra:1 Mem:134.74M (Peak 134.74M) | Time:00:00.03 | Mem:0.02M, Peak:0.02M | Scene, ViewLayer | Synchronizing object | Limestone paving.152
Fra:1 Mem:134.77M (Peak 134.77M) | Time:00:00.03 | Mem:0.02M, Peak:0.02M | Scene, ViewLayer | Synchronizing object | Limestone paving.153
Fra:1 Mem:134.79M (Peak 134.79M) | Time:00:00.03 | Mem:0.02M, Peak:0.02M | Scene, ViewLayer | Synchronizing object | Warm portico uplight.001
Fra:1 Mem:134.76M (Peak 134.79M) | Time:00:00.03 | Mem:0.02M, Peak:0.02M | Scene, ViewLayer | Synchronizing object | Limestone paving.154
Fra:1 Mem:134.78M (Peak 134.79M) | Time:00:00.03 | Mem:0.02M, Peak:0.02M | Scene, ViewLayer | Synchronizing object | Limestone paving.155
Fra:1 Mem:134.82M (Peak 134.82M) | Time:00:00.03 | Mem:0.02M, Peak:0.02M | Scene, ViewLayer | Synchronizing object | Limestone paving.156
Fra:1 Mem:134.80M (Peak 134.82M) | Time:00:00.03 | Mem:0.02M, Peak:0.02M | Scene, ViewLayer | Synchronizing object | Limestone paving.158
Fra:1 Mem:134.85M (Peak 134.85M) | Time:00:00.03 | Mem:0.02M, Peak:0.02M | Scene, ViewLayer | Synchronizing object | Limestone paving.159
Fra:1 Mem:134.88M (Peak 134.88M) | Time:00:00.03 | Mem:0.02M, Peak:0.02M | Scene, ViewLayer | Synchronizing object | Limestone paving.161
Fra:1 Mem:134.88M (Peak 134.88M) | Time:00:00.03 | Mem:0.02M, Peak:0.02M | Scene, ViewLayer | Synchronizing object | Limestone paving.162
Fra:1 Mem:134.95M (Peak 134.95M) | Time:00:00.03 | Mem:0.02M, Peak:0.02M | Scene, ViewLayer | Synchronizing object | Limestone paving.163
Fra:1 Mem:134.94M (Peak 134.95M) | Time:00:00.03 | Mem:0.02M, Peak:0.02M | Scene, ViewLayer | Synchronizing object | Limestone paving.165
Fra:1 Mem:134.96M (Peak 134.96M) | Time:00:00.03 | Mem:0.02M, Peak:0.02M | Scene, ViewLayer | Synchronizing object | Limestone paving.166
Fra:1 Mem:134.98M (Peak 134.98M) | Time:00:00.03 | Mem:0.02M, Peak:0.02M | Scene, ViewLayer | Synchronizing object | Limestone paving.167
Fra:1 Mem:135.07M (Peak 135.07M) | Time:00:00.03 | Mem:0.02M, Peak:0.02M | Scene, ViewLayer | Synchronizing object | Limestone paving.168
Fra:1 Mem:135.08M (Peak 135.08M) | Time:00:00.03 | Mem:0.02M, Peak:0.02M | Scene, ViewLayer | Synchronizing object | Limestone paving.169
Fra:1 Mem:135.16M (Peak 135.16M) | Time:00:00.03 | Mem:0.02M, Peak:0.02M | Scene, ViewLayer | Synchronizing object | Limestone paving.170
Fra:1 Mem:135.15M (Peak 135.16M) | Time:00:00.03 | Mem:0.02M, Peak:0.02M | Scene, ViewLayer | Synchronizing object | Limestone paving.172
Fra:1 Mem:135.28M (Peak 135.28M) | Time:00:00.03 | Mem:0.02M, Peak:0.02M | Scene, ViewLayer | Synchronizing object | Limestone paving.173
Fra:1 Mem:135.35M (Peak 135.35M) | Time:00:00.03 | Mem:0.02M, Peak:0.02M | Scene, ViewLayer | Synchronizing object | Limestone paving.174
Fra:1 Mem:135.37M (Peak 135.37M) | Time:00:00.03 | Mem:0.02M, Peak:0.02M | Scene, ViewLayer | Synchronizing object | Limestone paving.176
Fra:1 Mem:135.42M (Peak 135.42M) | Time:00:00.03 | Mem:0.02M, Peak:0.02M | Scene, ViewLayer | Synchronizing object | Limestone paving.177
Fra:1 Mem:135.39M (Peak 135.42M) | Time:00:00.03 | Mem:0.02M, Peak:0.02M | Scene, ViewLayer | Synchronizing object | Limestone paving.178
Fra:1 Mem:135.60M (Peak 135.60M) | Time:00:00.03 | Mem:0.02M, Peak:0.02M | Scene, ViewLayer | Synchronizing object | Limestone paving.182
Fra:1 Mem:135.69M (Peak 135.69M) | Time:00:00.03 | Mem:0.02M, Peak:0.02M | Scene, ViewLayer | Synchronizing object | Limestone paving.183
Fra:1 Mem:135.79M (Peak 135.79M) | Time:00:00.03 | Mem:0.02M, Peak:0.02M | Scene, ViewLayer | Synchronizing object | Limestone paving.185
Fra:1 Mem:135.85M (Peak 135.85M) | Time:00:00.03 | Mem:0.02M, Peak:0.02M | Scene, ViewLayer | Synchronizing object | Limestone paving.186
Fra:1 Mem:135.79M (Peak 135.85M) | Time:00:00.03 | Mem:0.02M, Peak:0.02M | Scene, ViewLayer | Synchronizing object | Limestone paving.187
Fra:1 Mem:135.79M (Peak 135.85M) | Time:00:00.03 | Mem:0.02M, Peak:0.02M | Scene, ViewLayer | Synchronizing object | Limestone paving.188
Fra:1 Mem:135.83M (Peak 135.85M) | Time:00:00.03 | Mem:0.02M, Peak:0.02M | Scene, ViewLayer | Synchronizing object | Limestone paving.190
Fra:1 Mem:135.85M (Peak 135.85M) | Time:00:00.03 | Mem:0.02M, Peak:0.02M | Scene, ViewLayer | Synchronizing object | Limestone paving.191
Fra:1 Mem:135.88M (Peak 135.88M) | Time:00:00.03 | Mem:0.02M, Peak:0.02M | Scene, ViewLayer | Synchronizing object | Limestone paving.193
Fra:1 Mem:135.85M (Peak 135.88M) | Time:00:00.03 | Mem:0.02M, Peak:0.02M | Scene, ViewLayer | Synchronizing object | Limestone paving.196
Fra:1 Mem:135.94M (Peak 135.94M) | Time:00:00.03 | Mem:0.02M, Peak:0.02M | Scene, ViewLayer | Synchronizing object | Limestone paving.197
Fra:1 Mem:135.91M (Peak 135.94M) | Time:00:00.03 | Mem:0.02M, Peak:0.02M | Scene, ViewLayer | Synchronizing object | Limestone paving.198
Fra:1 Mem:135.93M (Peak 135.94M) | Time:00:00.03 | Mem:0.02M, Peak:0.02M | Scene, ViewLayer | Synchronizing object | Limestone paving.200
Fra:1 Mem:135.98M (Peak 135.98M) | Time:00:00.03 | Mem:0.02M, Peak:0.02M | Scene, ViewLayer | Synchronizing object | Limestone paving.201
Fra:1 Mem:135.98M (Peak 135.98M) | Time:00:00.03 | Mem:0.02M, Peak:0.02M | Scene, ViewLayer | Synchronizing object | Limestone paving.202
Fra:1 Mem:136.04M (Peak 136.04M) | Time:00:00.03 | Mem:0.02M, Peak:0.02M | Scene, ViewLayer | Synchronizing object | Limestone paving.203
Fra:1 Mem:136.07M (Peak 136.07M) | Time:00:00.03 | Mem:0.02M, Peak:0.02M | Scene, ViewLayer | Synchronizing object | Limestone paving.204
Fra:1 Mem:136.12M (Peak 136.12M) | Time:00:00.03 | Mem:0.02M, Peak:0.02M | Scene, ViewLayer | Synchronizing object | Limestone paving.205
Fra:1 Mem:136.14M (Peak 136.14M) | Time:00:00.03 | Mem:0.02M, Peak:0.02M | Scene, ViewLayer | Synchronizing object | Limestone paving.206
Fra:1 Mem:136.12M (Peak 136.14M) | Time:00:00.03 | Mem:0.02M, Peak:0.02M | Scene, ViewLayer | Synchronizing object | Limestone paving.208
Fra:1 Mem:136.25M (Peak 136.25M) | Time:00:00.03 | Mem:0.02M, Peak:0.02M | Scene, ViewLayer | Synchronizing object | Limestone paving.209
Fra:1 Mem:136.19M (Peak 136.25M) | Time:00:00.03 | Mem:0.02M, Peak:0.02M | Scene, ViewLayer | Synchronizing object | Limestone paving.210
Fra:1 Mem:136.18M (Peak 136.25M) | Time:00:00.03 | Mem:0.02M, Peak:0.02M | Scene, ViewLayer | Synchronizing object | Limestone paving.211
Fra:1 Mem:136.23M (Peak 136.25M) | Time:00:00.03 | Mem:0.02M, Peak:0.02M | Scene, ViewLayer | Synchronizing object | Limestone paving.212
Fra:1 Mem:136.27M (Peak 136.27M) | Time:00:00.03 | Mem:0.02M, Peak:0.02M | Scene, ViewLayer | Synchronizing object | Limestone paving.214
Fra:1 Mem:136.26M (Peak 136.27M) | Time:00:00.03 | Mem:0.02M, Peak:0.02M | Scene, ViewLayer | Synchronizing object | Limestone paving.217
Fra:1 Mem:136.46M (Peak 136.46M) | Time:00:00.03 | Mem:0.02M, Peak:0.02M | Scene, ViewLayer | Synchronizing object | Limestone paving.218
Fra:1 Mem:136.59M (Peak 136.59M) | Time:00:00.03 | Mem:0.02M, Peak:0.02M | Scene, ViewLayer | Synchronizing object | Limestone paving.219
Fra:1 Mem:136.57M (Peak 136.59M) | Time:00:00.03 | Mem:0.02M, Peak:0.02M | Scene, ViewLayer | Synchronizing object | Limestone paving.220
Fra:1 Mem:136.66M (Peak 136.66M) | Time:00:00.03 | Mem:0.02M, Peak:0.02M | Scene, ViewLayer | Synchronizing object | Limestone paving.221
Fra:1 Mem:136.59M (Peak 136.66M) | Time:00:00.03 | Mem:0.02M, Peak:0.02M | Scene, ViewLayer | Synchronizing object | Limestone paving.224
Fra:1 Mem:136.63M (Peak 136.66M) | Time:00:00.03 | Mem:0.02M, Peak:0.02M | Scene, ViewLayer | Synchronizing object | Limestone paving.226
Fra:1 Mem:136.64M (Peak 136.66M) | Time:00:00.03 | Mem:0.02M, Peak:0.02M | Scene, ViewLayer | Synchronizing object | Limestone paving.227
Fra:1 Mem:136.69M (Peak 136.69M) | Time:00:00.03 | Mem:0.02M, Peak:0.02M | Scene, ViewLayer | Synchronizing object | Limestone paving.230
Fra:1 Mem:136.72M (Peak 136.72M) | Time:00:00.03 | Mem:0.02M, Peak:0.02M | Scene, ViewLayer | Synchronizing object | Limestone paving.231
Fra:1 Mem:136.74M (Peak 136.74M) | Time:00:00.03 | Mem:0.02M, Peak:0.02M | Scene, ViewLayer | Synchronizing object | Limestone paving.232
Fra:1 Mem:136.74M (Peak 136.74M) | Time:00:00.03 | Mem:0.02M, Peak:0.02M | Scene, ViewLayer | Synchronizing object | Limestone paving.233
Fra:1 Mem:136.72M (Peak 136.74M) | Time:00:00.03 | Mem:0.02M, Peak:0.02M | Scene, ViewLayer | Synchronizing object | Limestone paving.235
Fra:1 Mem:136.81M (Peak 136.81M) | Time:00:00.03 | Mem:0.02M, Peak:0.02M | Scene, ViewLayer | Synchronizing object | Limestone paving.236
Fra:1 Mem:136.83M (Peak 136.83M) | Time:00:00.03 | Mem:0.02M, Peak:0.02M | Scene, ViewLayer | Synchronizing object | Limestone paving.239
Fra:1 Mem:136.87M (Peak 136.87M) | Time:00:00.03 | Mem:0.02M, Peak:0.02M | Scene, ViewLayer | Synchronizing object | Limestone paving.240
Fra:1 Mem:136.86M (Peak 136.87M) | Time:00:00.03 | Mem:0.02M, Peak:0.02M | Scene, ViewLayer | Synchronizing object | Limestone paving.241
Fra:1 Mem:136.88M (Peak 136.88M) | Time:00:00.03 | Mem:0.02M, Peak:0.02M | Scene, ViewLayer | Synchronizing object | Limestone paving.242
Fra:1 Mem:136.95M (Peak 136.95M) | Time:00:00.03 | Mem:0.02M, Peak:0.02M | Scene, ViewLayer | Synchronizing object | Limestone paving.244
Fra:1 Mem:137.04M (Peak 137.04M) | Time:00:00.03 | Mem:0.02M, Peak:0.02M | Scene, ViewLayer | Synchronizing object | Limestone paving.245
Fra:1 Mem:137.05M (Peak 137.05M) | Time:00:00.03 | Mem:0.02M, Peak:0.02M | Scene, ViewLayer | Synchronizing object | Limestone paving.247
Fra:1 Mem:137.06M (Peak 137.06M) | Time:00:00.03 | Mem:0.02M, Peak:0.02M | Scene, ViewLayer | Synchronizing object | Limestone paving.248
Fra:1 Mem:137.08M (Peak 137.08M) | Time:00:00.03 | Mem:0.02M, Peak:0.02M | Scene, ViewLayer | Synchronizing object | Limestone paving.249
Fra:1 Mem:137.18M (Peak 137.18M) | Time:00:00.03 | Mem:0.02M, Peak:0.02M | Scene, ViewLayer | Synchronizing object | Limestone paving.250
Fra:1 Mem:137.24M (Peak 137.24M) | Time:00:00.03 | Mem:0.02M, Peak:0.02M | Scene, ViewLayer | Synchronizing object | Limestone paving.251
Fra:1 Mem:137.21M (Peak 137.24M) | Time:00:00.03 | Mem:0.02M, Peak:0.02M | Scene, ViewLayer | Synchronizing object | Limestone paving.253
Fra:1 Mem:137.26M (Peak 137.26M) | Time:00:00.03 | Mem:0.02M, Peak:0.02M | Scene, ViewLayer | Synchronizing object | Limestone paving.254
Fra:1 Mem:137.29M (Peak 137.29M) | Time:00:00.03 | Mem:0.02M, Peak:0.02M | Scene, ViewLayer | Synchronizing object | Limestone paving.255
Fra:1 Mem:137.43M (Peak 137.44M) | Time:00:00.03 | Mem:0.02M, Peak:0.02M | Scene, ViewLayer | Synchronizing object | Limestone paving.257
Fra:1 Mem:137.55M (Peak 137.55M) | Time:00:00.03 | Mem:0.02M, Peak:0.02M | Scene, ViewLayer | Synchronizing object | Limestone paving.258
Fra:1 Mem:137.58M (Peak 137.58M) | Time:00:00.03 | Mem:0.02M, Peak:0.02M | Scene, ViewLayer | Synchronizing object | Limestone paving.261
Fra:1 Mem:137.63M (Peak 137.63M) | Time:00:00.03 | Mem:0.02M, Peak:0.02M | Scene, ViewLayer | Synchronizing object | Limestone paving.262
Fra:1 Mem:137.62M (Peak 137.63M) | Time:00:00.03 | Mem:0.02M, Peak:0.02M | Scene, ViewLayer | Synchronizing object | Limestone paving.263
Fra:1 Mem:137.71M (Peak 137.71M) | Time:00:00.03 | Mem:0.02M, Peak:0.02M | Scene, ViewLayer | Synchronizing object | Limestone paving.264
Fra:1 Mem:137.70M (Peak 137.71M) | Time:00:00.03 | Mem:0.02M, Peak:0.02M | Scene, ViewLayer | Synchronizing object | Limestone paving.266
Fra:1 Mem:137.71M (Peak 137.71M) | Time:00:00.03 | Mem:0.02M, Peak:0.02M | Scene, ViewLayer | Synchronizing object | Limestone paving.268
Fra:1 Mem:137.78M (Peak 137.78M) | Time:00:00.03 | Mem:0.02M, Peak:0.02M | Scene, ViewLayer | Synchronizing object | Limestone paving.270
Fra:1 Mem:137.78M (Peak 137.79M) | Time:00:00.03 | Mem:0.02M, Peak:0.02M | Scene, ViewLayer | Synchronizing object | Limestone paving.271
Fra:1 Mem:137.89M (Peak 137.89M) | Time:00:00.03 | Mem:0.02M, Peak:0.02M | Scene, ViewLayer | Synchronizing object | Limestone paving.272
Fra:1 Mem:137.87M (Peak 137.89M) | Time:00:00.03 | Mem:0.02M, Peak:0.02M | Scene, ViewLayer | Synchronizing object | Limestone paving.273
Fra:1 Mem:137.90M (Peak 137.90M) | Time:00:00.03 | Mem:0.02M, Peak:0.02M | Scene, ViewLayer | Synchronizing object | Limestone paving.274
Fra:1 Mem:138.07M (Peak 138.07M) | Time:00:00.03 | Mem:0.02M, Peak:0.02M | Scene, ViewLayer | Synchronizing object | Limestone paving.275
Fra:1 Mem:137.95M (Peak 138.07M) | Time:00:00.03 | Mem:0.02M, Peak:0.02M | Scene, ViewLayer | Synchronizing object | West colonnade arch vault.002
Fra:1 Mem:137.96M (Peak 138.07M) | Time:00:00.03 | Mem:0.02M, Peak:0.02M | Scene, ViewLayer | Synchronizing object | Limestone paving.278
Fra:1 Mem:138.14M (Peak 138.14M) | Time:00:00.03 | Mem:0.02M, Peak:0.02M | Scene, ViewLayer | Synchronizing object | Limestone paving.280
Fra:1 Mem:138.17M (Peak 138.17M) | Time:00:00.03 | Mem:0.02M, Peak:0.02M | Scene, ViewLayer | Synchronizing object | Limestone paving.281
Fra:1 Mem:138.18M (Peak 138.18M) | Time:00:00.03 | Mem:0.02M, Peak:0.02M | Scene, ViewLayer | Synchronizing object | Limestone paving.282
Fra:1 Mem:138.26M (Peak 138.26M) | Time:00:00.03 | Mem:0.02M, Peak:0.02M | Scene, ViewLayer | Synchronizing object | Limestone paving.283
Fra:1 Mem:138.23M (Peak 138.26M) | Time:00:00.03 | Mem:0.02M, Peak:0.02M | Scene, ViewLayer | Synchronizing object | Limestone paving.284
Fra:1 Mem:138.28M (Peak 138.28M) | Time:00:00.03 | Mem:0.02M, Peak:0.02M | Scene, ViewLayer | Synchronizing object | Limestone paving.286
Fra:1 Mem:138.35M (Peak 138.35M) | Time:00:00.03 | Mem:0.02M, Peak:0.02M | Scene, ViewLayer | Synchronizing object | Limestone paving.287
Fra:1 Mem:138.40M (Peak 138.40M) | Time:00:00.03 | Mem:0.02M, Peak:0.02M | Scene, ViewLayer | Synchronizing object | Limestone paving.288
Fra:1 Mem:138.41M (Peak 138.41M) | Time:00:00.03 | Mem:0.02M, Peak:0.02M | Scene, ViewLayer | Synchronizing object | Limestone paving.289
Fra:1 Mem:138.46M (Peak 138.46M) | Time:00:00.03 | Mem:0.02M, Peak:0.02M | Scene, ViewLayer | Synchronizing object | Limestone paving.292
Fra:1 Mem:138.47M (Peak 138.47M) | Time:00:00.03 | Mem:0.02M, Peak:0.02M | Scene, ViewLayer | Synchronizing object | Limestone paving.293
Fra:1 Mem:138.50M (Peak 138.50M) | Time:00:00.03 | Mem:0.02M, Peak:0.02M | Scene, ViewLayer | Synchronizing object | Limestone paving.294
Fra:1 Mem:138.48M (Peak 138.50M) | Time:00:00.03 | Mem:0.02M, Peak:0.02M | Scene, ViewLayer | Synchronizing object | Limestone paving.295
Fra:1 Mem:138.65M (Peak 138.65M) | Time:00:00.03 | Mem:0.02M, Peak:0.02M | Scene, ViewLayer | Synchronizing object | Limestone paving.296
Fra:1 Mem:138.56M (Peak 138.65M) | Time:00:00.03 | Mem:0.02M, Peak:0.02M | Scene, ViewLayer | Synchronizing object | West colonnade arch vault.001
Fra:1 Mem:138.60M (Peak 138.65M) | Time:00:00.03 | Mem:0.02M, Peak:0.02M | Scene, ViewLayer | Synchronizing object | Limestone paving.298
Fra:1 Mem:138.84M (Peak 138.84M) | Time:00:00.03 | Mem:0.02M, Peak:0.02M | Scene, ViewLayer | Synchronizing object | Limestone paving.299
Fra:1 Mem:138.82M (Peak 138.84M) | Time:00:00.03 | Mem:0.02M, Peak:0.02M | Scene, ViewLayer | Synchronizing object | Limestone paving.301
Fra:1 Mem:138.86M (Peak 138.86M) | Time:00:00.03 | Mem:0.02M, Peak:0.02M | Scene, ViewLayer | Synchronizing object | Limestone paving.302
Fra:1 Mem:138.96M (Peak 138.96M) | Time:00:00.03 | Mem:0.02M, Peak:0.02M | Scene, ViewLayer | Synchronizing object | Limestone paving.303
Fra:1 Mem:138.96M (Peak 138.96M) | Time:00:00.03 | Mem:0.02M, Peak:0.02M | Scene, ViewLayer | Synchronizing object | Limestone paving.304
Fra:1 Mem:139.05M (Peak 139.05M) | Time:00:00.03 | Mem:0.02M, Peak:0.02M | Scene, ViewLayer | Synchronizing object | Limestone paving.305
Fra:1 Mem:139.09M (Peak 139.09M) | Time:00:00.03 | Mem:0.02M, Peak:0.02M | Scene, ViewLayer | Synchronizing object | Limestone paving.307
Fra:1 Mem:139.05M (Peak 139.09M) | Time:00:00.03 | Mem:0.02M, Peak:0.02M | Scene, ViewLayer | Synchronizing object | Limestone paving.308
Fra:1 Mem:139.07M (Peak 139.09M) | Time:00:00.03 | Mem:0.02M, Peak:0.02M | Scene, ViewLayer | Synchronizing object | Limestone paving.310
Fra:1 Mem:139.10M (Peak 139.10M) | Time:00:00.03 | Mem:0.02M, Peak:0.02M | Scene, ViewLayer | Synchronizing object | Limestone paving.313
Fra:1 Mem:139.10M (Peak 139.10M) | Time:00:00.03 | Mem:0.02M, Peak:0.02M | Scene, ViewLayer | Synchronizing object | Limestone paving.315
Fra:1 Mem:139.16M (Peak 139.16M) | Time:00:00.03 | Mem:0.02M, Peak:0.02M | Scene, ViewLayer | Synchronizing object | Limestone paving.316
Fra:1 Mem:139.17M (Peak 139.17M) | Time:00:00.03 | Mem:0.02M, Peak:0.02M | Scene, ViewLayer | Synchronizing object | Limestone paving.317
Fra:1 Mem:139.20M (Peak 139.20M) | Time:00:00.03 | Mem:0.02M, Peak:0.02M | Scene, ViewLayer | Synchronizing object | Limestone paving.318
Fra:1 Mem:139.27M (Peak 139.27M) | Time:00:00.03 | Mem:0.02M, Peak:0.02M | Scene, ViewLayer | Synchronizing object | Limestone paving.319
Fra:1 Mem:139.33M (Peak 139.33M) | Time:00:00.03 | Mem:0.02M, Peak:0.02M | Scene, ViewLayer | Synchronizing object | Limestone paving.320
Fra:1 Mem:139.50M (Peak 139.50M) | Time:00:00.03 | Mem:0.02M, Peak:0.02M | Scene, ViewLayer | Synchronizing object | Limestone paving.322
Fra:1 Mem:139.34M (Peak 139.50M) | Time:00:00.03 | Mem:0.02M, Peak:0.02M | Scene, ViewLayer | Synchronizing object | West colonnade arch vault
Fra:1 Mem:139.39M (Peak 139.50M) | Time:00:00.03 | Mem:0.02M, Peak:0.02M | Scene, ViewLayer | Synchronizing object | Limestone paving.324
Fra:1 Mem:139.42M (Peak 139.50M) | Time:00:00.03 | Mem:0.02M, Peak:0.02M | Scene, ViewLayer | Synchronizing object | Limestone paving.326
Fra:1 Mem:139.57M (Peak 139.57M) | Time:00:00.03 | Mem:0.02M, Peak:0.02M | Scene, ViewLayer | Synchronizing object | Limestone paving.327
Fra:1 Mem:139.63M (Peak 139.63M) | Time:00:00.03 | Mem:0.02M, Peak:0.02M | Scene, ViewLayer | Synchronizing object | Limestone paving.328
Fra:1 Mem:139.62M (Peak 139.63M) | Time:00:00.03 | Mem:0.02M, Peak:0.02M | Scene, ViewLayer | Synchronizing object | Limestone paving.331
Fra:1 Mem:139.70M (Peak 139.70M) | Time:00:00.03 | Mem:0.02M, Peak:0.02M | Scene, ViewLayer | Synchronizing object | Limestone paving.332
Fra:1 Mem:139.71M (Peak 139.71M) | Time:00:00.03 | Mem:0.02M, Peak:0.02M | Scene, ViewLayer | Synchronizing object | Limestone paving.333
Fra:1 Mem:139.77M (Peak 139.77M) | Time:00:00.03 | Mem:0.02M, Peak:0.02M | Scene, ViewLayer | Synchronizing object | Limestone paving.334
Fra:1 Mem:139.81M (Peak 139.81M) | Time:00:00.03 | Mem:0.02M, Peak:0.02M | Scene, ViewLayer | Synchronizing object | Limestone paving.335
Fra:1 Mem:139.85M (Peak 139.85M) | Time:00:00.03 | Mem:0.02M, Peak:0.02M | Scene, ViewLayer | Synchronizing object | Limestone paving.337
Fra:1 Mem:139.89M (Peak 139.89M) | Time:00:00.03 | Mem:0.02M, Peak:0.02M | Scene, ViewLayer | Synchronizing object | Limestone paving.338
Fra:1 Mem:139.89M (Peak 139.89M) | Time:00:00.03 | Mem:0.02M, Peak:0.02M | Scene, ViewLayer | Synchronizing object | Limestone paving.340
Fra:1 Mem:139.92M (Peak 139.92M) | Time:00:00.03 | Mem:0.02M, Peak:0.02M | Scene, ViewLayer | Synchronizing object | Limestone paving.342
Fra:1 Mem:139.99M (Peak 139.99M) | Time:00:00.03 | Mem:0.02M, Peak:0.02M | Scene, ViewLayer | Synchronizing object | Limestone paving.343
Fra:1 Mem:139.99M (Peak 139.99M) | Time:00:00.03 | Mem:0.02M, Peak:0.02M | Scene, ViewLayer | Synchronizing object | North colonnade arch vault.005
Fra:1 Mem:140.05M (Peak 140.05M) | Time:00:00.03 | Mem:0.02M, Peak:0.02M | Scene, ViewLayer | Synchronizing object | Limestone paving.345
Fra:1 Mem:140.19M (Peak 140.19M) | Time:00:00.03 | Mem:0.02M, Peak:0.02M | Scene, ViewLayer | Synchronizing object | Limestone paving.349
Fra:1 Mem:140.24M (Peak 140.24M) | Time:00:00.03 | Mem:0.02M, Peak:0.02M | Scene, ViewLayer | Synchronizing object | Limestone paving.350
Fra:1 Mem:140.29M (Peak 140.30M) | Time:00:00.03 | Mem:0.02M, Peak:0.02M | Scene, ViewLayer | Synchronizing object | Limestone paving.351
Fra:1 Mem:140.34M (Peak 140.34M) | Time:00:00.03 | Mem:0.02M, Peak:0.02M | Scene, ViewLayer | Synchronizing object | Limestone paving.352
Fra:1 Mem:140.29M (Peak 140.34M) | Time:00:00.03 | Mem:0.02M, Peak:0.02M | Scene, ViewLayer | Synchronizing object | Limestone paving.353
Fra:1 Mem:140.37M (Peak 140.37M) | Time:00:00.03 | Mem:0.02M, Peak:0.02M | Scene, ViewLayer | Synchronizing object | Limestone paving.354
Fra:1 Mem:140.42M (Peak 140.42M) | Time:00:00.03 | Mem:0.02M, Peak:0.02M | Scene, ViewLayer | Synchronizing object | Limestone paving.355
Fra:1 Mem:140.40M (Peak 140.42M) | Time:00:00.03 | Mem:0.02M, Peak:0.02M | Scene, ViewLayer | Synchronizing object | Limestone paving.356
Fra:1 Mem:140.48M (Peak 140.48M) | Time:00:00.03 | Mem:0.02M, Peak:0.02M | Scene, ViewLayer | Synchronizing object | Limestone paving.357
Fra:1 Mem:140.48M (Peak 140.48M) | Time:00:00.03 | Mem:0.02M, Peak:0.02M | Scene, ViewLayer | Synchronizing object | Limestone paving.358
Fra:1 Mem:140.51M (Peak 140.51M) | Time:00:00.03 | Mem:0.02M, Peak:0.02M | Scene, ViewLayer | Synchronizing object | Limestone paving.360
Fra:1 Mem:140.51M (Peak 140.51M) | Time:00:00.03 | Mem:0.02M, Peak:0.02M | Scene, ViewLayer | Synchronizing object | Limestone paving.362
Fra:1 Mem:140.52M (Peak 140.52M) | Time:00:00.03 | Mem:0.02M, Peak:0.02M | Scene, ViewLayer | Synchronizing object | Limestone paving.364
Fra:1 Mem:140.60M (Peak 140.60M) | Time:00:00.03 | Mem:0.02M, Peak:0.02M | Scene, ViewLayer | Synchronizing object | North colonnade arch vault.004
Fra:1 Mem:140.64M (Peak 140.64M) | Time:00:00.03 | Mem:0.02M, Peak:0.02M | Scene, ViewLayer | Synchronizing object | Limestone paving.365
Fra:1 Mem:140.79M (Peak 140.79M) | Time:00:00.03 | Mem:0.02M, Peak:0.02M | Scene, ViewLayer | Synchronizing object | Limestone paving.370
Fra:1 Mem:140.89M (Peak 140.89M) | Time:00:00.03 | Mem:0.02M, Peak:0.02M | Scene, ViewLayer | Synchronizing object | Limestone paving.371
Fra:1 Mem:140.90M (Peak 140.90M) | Time:00:00.03 | Mem:0.02M, Peak:0.02M | Scene, ViewLayer | Synchronizing object | Limestone paving.372
Fra:1 Mem:140.93M (Peak 140.93M) | Time:00:00.03 | Mem:0.02M, Peak:0.02M | Scene, ViewLayer | Synchronizing object | Limestone paving.373
Fra:1 Mem:140.98M (Peak 140.98M) | Time:00:00.03 | Mem:0.02M, Peak:0.02M | Scene, ViewLayer | Synchronizing object | Limestone paving.374
Fra:1 Mem:141.03M (Peak 141.03M) | Time:00:00.03 | Mem:0.02M, Peak:0.02M | Scene, ViewLayer | Synchronizing object | Limestone paving.375
Fra:1 Mem:141.04M (Peak 141.04M) | Time:00:00.03 | Mem:0.02M, Peak:0.02M | Scene, ViewLayer | Synchronizing object | Limestone paving.377
Fra:1 Mem:141.18M (Peak 141.18M) | Time:00:00.03 | Mem:0.02M, Peak:0.02M | Scene, ViewLayer | Synchronizing object | Limestone paving.378
Fra:1 Mem:141.20M (Peak 141.20M) | Time:00:00.03 | Mem:0.02M, Peak:0.02M | Scene, ViewLayer | Synchronizing object | Limestone paving.380
Fra:1 Mem:141.41M (Peak 141.41M) | Time:00:00.03 | Mem:0.02M, Peak:0.02M | Scene, ViewLayer | Synchronizing object | Limestone paving.381
Fra:1 Mem:141.23M (Peak 141.41M) | Time:00:00.03 | Mem:0.02M, Peak:0.02M | Scene, ViewLayer | Synchronizing object | North colonnade arch vault.003
Fra:1 Mem:141.22M (Peak 141.41M) | Time:00:00.04 | Mem:0.02M, Peak:0.02M | Scene, ViewLayer | Synchronizing object | Limestone paving.386
Fra:1 Mem:141.24M (Peak 141.41M) | Time:00:00.04 | Mem:0.02M, Peak:0.02M | Scene, ViewLayer | Synchronizing object | Limestone paving.387
Fra:1 Mem:141.28M (Peak 141.41M) | Time:00:00.04 | Mem:0.02M, Peak:0.02M | Scene, ViewLayer | Synchronizing object | Limestone paving.390
Fra:1 Mem:141.30M (Peak 141.41M) | Time:00:00.04 | Mem:0.02M, Peak:0.02M | Scene, ViewLayer | Synchronizing object | Limestone paving.391
Fra:1 Mem:141.31M (Peak 141.41M) | Time:00:00.04 | Mem:0.02M, Peak:0.02M | Scene, ViewLayer | Synchronizing object | Limestone paving.392
Fra:1 Mem:141.32M (Peak 141.41M) | Time:00:00.04 | Mem:0.02M, Peak:0.02M | Scene, ViewLayer | Synchronizing object | Limestone paving.393
Fra:1 Mem:141.55M (Peak 141.55M) | Time:00:00.04 | Mem:0.02M, Peak:0.02M | Scene, ViewLayer | Synchronizing object | Limestone paving.394
Fra:1 Mem:141.64M (Peak 141.64M) | Time:00:00.04 | Mem:0.02M, Peak:0.02M | Scene, ViewLayer | Synchronizing object | Limestone paving.395
Fra:1 Mem:141.60M (Peak 141.64M) | Time:00:00.04 | Mem:0.02M, Peak:0.02M | Scene, ViewLayer | Synchronizing object | Limestone paving.396
Fra:1 Mem:141.63M (Peak 141.64M) | Time:00:00.04 | Mem:0.02M, Peak:0.02M | Scene, ViewLayer | Synchronizing object | Limestone paving.397
Fra:1 Mem:141.62M (Peak 141.64M) | Time:00:00.04 | Mem:0.02M, Peak:0.02M | Scene, ViewLayer | Synchronizing object | Limestone paving.398
Fra:1 Mem:141.70M (Peak 141.70M) | Time:00:00.04 | Mem:0.02M, Peak:0.02M | Scene, ViewLayer | Synchronizing object | Limestone paving.399
Fra:1 Mem:141.71M (Peak 141.71M) | Time:00:00.04 | Mem:0.02M, Peak:0.02M | Scene, ViewLayer | Synchronizing object | Limestone paving.400
Fra:1 Mem:141.92M (Peak 141.92M) | Time:00:00.04 | Mem:0.02M, Peak:0.02M | Scene, ViewLayer | Synchronizing object | Limestone paving.401
Fra:1 Mem:141.80M (Peak 141.92M) | Time:00:00.04 | Mem:0.02M, Peak:0.02M | Scene, ViewLayer | Synchronizing object | North colonnade arch vault.002
Fra:1 Mem:141.86M (Peak 141.92M) | Time:00:00.04 | Mem:0.02M, Peak:0.02M | Scene, ViewLayer | Synchronizing object | Limestone paving.404
Fra:1 Mem:141.89M (Peak 141.92M) | Time:00:00.04 | Mem:0.02M, Peak:0.02M | Scene, ViewLayer | Synchronizing object | Limestone paving.406
Fra:1 Mem:142.07M (Peak 142.07M) | Time:00:00.04 | Mem:0.02M, Peak:0.02M | Scene, ViewLayer | Synchronizing object | Limestone paving.407
Fra:1 Mem:142.11M (Peak 142.11M) | Time:00:00.04 | Mem:0.02M, Peak:0.02M | Scene, ViewLayer | Synchronizing object | Limestone paving.408
Fra:1 Mem:142.17M (Peak 142.17M) | Time:00:00.04 | Mem:0.02M, Peak:0.02M | Scene, ViewLayer | Synchronizing object | Limestone paving.409
Fra:1 Mem:142.10M (Peak 142.17M) | Time:00:00.04 | Mem:0.02M, Peak:0.02M | Scene, ViewLayer | Synchronizing object | Limestone paving.410
Fra:1 Mem:142.18M (Peak 142.18M) | Time:00:00.04 | Mem:0.02M, Peak:0.02M | Scene, ViewLayer | Synchronizing object | Limestone paving.411
Fra:1 Mem:142.25M (Peak 142.25M) | Time:00:00.04 | Mem:0.02M, Peak:0.02M | Scene, ViewLayer | Synchronizing object | Limestone paving.412
Fra:1 Mem:142.29M (Peak 142.29M) | Time:00:00.04 | Mem:0.02M, Peak:0.02M | Scene, ViewLayer | Synchronizing object | Limestone paving.413
Fra:1 Mem:142.35M (Peak 142.35M) | Time:00:00.04 | Mem:0.02M, Peak:0.02M | Scene, ViewLayer | Synchronizing object | Limestone paving.414
Fra:1 Mem:142.36M (Peak 142.36M) | Time:00:00.04 | Mem:0.02M, Peak:0.02M | Scene, ViewLayer | Synchronizing object | Limestone paving.415
Fra:1 Mem:142.40M (Peak 142.40M) | Time:00:00.04 | Mem:0.02M, Peak:0.02M | Scene, ViewLayer | Synchronizing object | Limestone paving.416
Fra:1 Mem:142.39M (Peak 142.40M) | Time:00:00.04 | Mem:0.02M, Peak:0.02M | Scene, ViewLayer | Synchronizing object | Limestone paving.417
Fra:1 Mem:142.41M (Peak 142.41M) | Time:00:00.04 | Mem:0.02M, Peak:0.02M | Scene, ViewLayer | Synchronizing object | Limestone paving.419
Fra:1 Mem:142.41M (Peak 142.41M) | Time:00:00.04 | Mem:0.02M, Peak:0.02M | Scene, ViewLayer | Synchronizing object | Limestone paving.421
Fra:1 Mem:142.63M (Peak 142.63M) | Time:00:00.04 | Mem:0.02M, Peak:0.02M | Scene, ViewLayer | Synchronizing object | Limestone paving.424
Fra:1 Mem:142.46M (Peak 142.63M) | Time:00:00.04 | Mem:0.02M, Peak:0.02M | Scene, ViewLayer | Synchronizing object | Limestone paving.425
Fra:1 Mem:142.51M (Peak 142.63M) | Time:00:00.04 | Mem:0.02M, Peak:0.02M | Scene, ViewLayer | Synchronizing object | Limestone paving.426
Fra:1 Mem:142.57M (Peak 142.63M) | Time:00:00.04 | Mem:0.02M, Peak:0.02M | Scene, ViewLayer | Synchronizing object | Limestone paving.427
Fra:1 Mem:142.54M (Peak 142.63M) | Time:00:00.04 | Mem:0.02M, Peak:0.02M | Scene, ViewLayer | Synchronizing object | Limestone paving.428
Fra:1 Mem:142.53M (Peak 142.63M) | Time:00:00.04 | Mem:0.02M, Peak:0.02M | Scene, ViewLayer | Synchronizing object | Limestone paving.430
Fra:1 Mem:142.59M (Peak 142.63M) | Time:00:00.04 | Mem:0.02M, Peak:0.02M | Scene, ViewLayer | Synchronizing object | Limestone paving.431
Fra:1 Mem:142.64M (Peak 142.64M) | Time:00:00.04 | Mem:0.02M, Peak:0.02M | Scene, ViewLayer | Synchronizing object | Limestone paving.432
Fra:1 Mem:142.62M (Peak 142.64M) | Time:00:00.04 | Mem:0.02M, Peak:0.02M | Scene, ViewLayer | Synchronizing object | Limestone paving.435
Fra:1 Mem:142.73M (Peak 142.73M) | Time:00:00.04 | Mem:0.02M, Peak:0.02M | Scene, ViewLayer | Synchronizing object | Limestone paving.436
Fra:1 Mem:142.80M (Peak 142.80M) | Time:00:00.04 | Mem:0.02M, Peak:0.02M | Scene, ViewLayer | Synchronizing object | Limestone paving.437
Fra:1 Mem:142.77M (Peak 142.80M) | Time:00:00.04 | Mem:0.02M, Peak:0.02M | Scene, ViewLayer | Synchronizing object | Limestone paving.438
Fra:1 Mem:142.78M (Peak 142.80M) | Time:00:00.04 | Mem:0.02M, Peak:0.02M | Scene, ViewLayer | Synchronizing object | Limestone paving.440
Fra:1 Mem:142.86M (Peak 142.86M) | Time:00:00.04 | Mem:0.02M, Peak:0.02M | Scene, ViewLayer | Synchronizing object | Limestone paving.441
Fra:1 Mem:142.89M (Peak 142.89M) | Time:00:00.04 | Mem:0.02M, Peak:0.02M | Scene, ViewLayer | Synchronizing object | Limestone paving.442
Fra:1 Mem:142.95M (Peak 142.95M) | Time:00:00.04 | Mem:0.02M, Peak:0.02M | Scene, ViewLayer | Synchronizing object | Limestone paving.444
Fra:1 Mem:143.00M (Peak 143.00M) | Time:00:00.04 | Mem:0.02M, Peak:0.02M | Scene, ViewLayer | Synchronizing object | Limestone paving.445
Fra:1 Mem:142.97M (Peak 143.00M) | Time:00:00.04 | Mem:0.02M, Peak:0.02M | Scene, ViewLayer | Synchronizing object | Limestone paving.446
Fra:1 Mem:143.00M (Peak 143.00M) | Time:00:00.04 | Mem:0.02M, Peak:0.02M | Scene, ViewLayer | Synchronizing object | Limestone paving.448
Fra:1 Mem:143.02M (Peak 143.02M) | Time:00:00.04 | Mem:0.02M, Peak:0.02M | Scene, ViewLayer | Synchronizing object | Limestone paving.450
Fra:1 Mem:143.23M (Peak 143.23M) | Time:00:00.04 | Mem:0.02M, Peak:0.02M | Scene, ViewLayer | Synchronizing object | Limestone paving.451
Fra:1 Mem:143.29M (Peak 143.29M) | Time:00:00.04 | Mem:0.02M, Peak:0.02M | Scene, ViewLayer | Synchronizing object | Limestone paving.452
Fra:1 Mem:143.31M (Peak 143.31M) | Time:00:00.04 | Mem:0.02M, Peak:0.02M | Scene, ViewLayer | Synchronizing object | Limestone paving.453
Fra:1 Mem:143.38M (Peak 143.38M) | Time:00:00.04 | Mem:0.02M, Peak:0.02M | Scene, ViewLayer | Synchronizing object | Limestone paving.455
Fra:1 Mem:143.44M (Peak 143.44M) | Time:00:00.04 | Mem:0.02M, Peak:0.02M | Scene, ViewLayer | Synchronizing object | Limestone paving.456
Fra:1 Mem:143.45M (Peak 143.45M) | Time:00:00.04 | Mem:0.02M, Peak:0.02M | Scene, ViewLayer | Synchronizing object | Limestone paving.457
Fra:1 Mem:143.49M (Peak 143.49M) | Time:00:00.04 | Mem:0.02M, Peak:0.02M | Scene, ViewLayer | Synchronizing object | Limestone paving.458
Fra:1 Mem:143.52M (Peak 143.52M) | Time:00:00.04 | Mem:0.02M, Peak:0.02M | Scene, ViewLayer | Synchronizing object | Limestone paving.459
Fra:1 Mem:143.54M (Peak 143.54M) | Time:00:00.04 | Mem:0.02M, Peak:0.02M | Scene, ViewLayer | Synchronizing object | Limestone paving.460
Fra:1 Mem:143.54M (Peak 143.54M) | Time:00:00.04 | Mem:0.02M, Peak:0.02M | Scene, ViewLayer | Synchronizing object | Limestone paving.461
Fra:1 Mem:143.62M (Peak 143.62M) | Time:00:00.04 | Mem:0.02M, Peak:0.02M | Scene, ViewLayer | Synchronizing object | Limestone paving.462
Fra:1 Mem:143.68M (Peak 143.68M) | Time:00:00.04 | Mem:0.02M, Peak:0.02M | Scene, ViewLayer | Synchronizing object | Limestone paving.463
Fra:1 Mem:143.69M (Peak 143.69M) | Time:00:00.04 | Mem:0.02M, Peak:0.02M | Scene, ViewLayer | Synchronizing object | Limestone paving.464
Fra:1 Mem:143.67M (Peak 143.69M) | Time:00:00.04 | Mem:0.02M, Peak:0.02M | Scene, ViewLayer | Synchronizing object | Limestone paving.466
Fra:1 Mem:143.72M (Peak 143.72M) | Time:00:00.04 | Mem:0.02M, Peak:0.02M | Scene, ViewLayer | Synchronizing object | Limestone paving.469
Fra:1 Mem:143.81M (Peak 143.81M) | Time:00:00.04 | Mem:0.02M, Peak:0.02M | Scene, ViewLayer | Synchronizing object | Limestone paving.470
Fra:1 Mem:143.73M (Peak 143.81M) | Time:00:00.04 | Mem:0.02M, Peak:0.02M | Scene, ViewLayer | Synchronizing object | Limestone paving.471
Fra:1 Mem:143.75M (Peak 143.81M) | Time:00:00.04 | Mem:0.02M, Peak:0.02M | Scene, ViewLayer | Synchronizing object | Limestone paving.473
Fra:1 Mem:143.88M (Peak 143.88M) | Time:00:00.04 | Mem:0.02M, Peak:0.02M | Scene, ViewLayer | Synchronizing object | Limestone paving.474
Fra:1 Mem:143.88M (Peak 143.88M) | Time:00:00.04 | Mem:0.02M, Peak:0.02M | Scene, ViewLayer | Synchronizing object | Limestone paving.477
Fra:1 Mem:143.92M (Peak 143.92M) | Time:00:00.04 | Mem:0.02M, Peak:0.02M | Scene, ViewLayer | Synchronizing object | Limestone paving.478
Fra:1 Mem:143.92M (Peak 143.92M) | Time:00:00.04 | Mem:0.02M, Peak:0.02M | Scene, ViewLayer | Synchronizing object | Limestone paving.479
Fra:1 Mem:144.00M (Peak 144.00M) | Time:00:00.04 | Mem:0.02M, Peak:0.02M | Scene, ViewLayer | Synchronizing object | Limestone paving.480
Fra:1 Mem:144.00M (Peak 144.00M) | Time:00:00.04 | Mem:0.02M, Peak:0.02M | Scene, ViewLayer | Synchronizing object | Limestone paving.482
Fra:1 Mem:144.01M (Peak 144.01M) | Time:00:00.04 | Mem:0.02M, Peak:0.02M | Scene, ViewLayer | Synchronizing object | Limestone paving.483
Fra:1 Mem:144.08M (Peak 144.07M) | Time:00:00.04 | Mem:0.02M, Peak:0.02M | Scene, ViewLayer | Synchronizing object | Limestone paving.485
Fra:1 Mem:144.11M (Peak 144.11M) | Time:00:00.04 | Mem:0.02M, Peak:0.02M | Scene, ViewLayer | Synchronizing object | Limestone paving.486
Fra:1 Mem:144.13M (Peak 144.13M) | Time:00:00.04 | Mem:0.02M, Peak:0.02M | Scene, ViewLayer | Synchronizing object | Limestone paving.488
Fra:1 Mem:144.21M (Peak 144.21M) | Time:00:00.04 | Mem:0.02M, Peak:0.02M | Scene, ViewLayer | Synchronizing object | Limestone paving.489
Fra:1 Mem:144.24M (Peak 144.24M) | Time:00:00.04 | Mem:0.02M, Peak:0.02M | Scene, ViewLayer | Synchronizing object | Pool side
Fra:1 Mem:144.26M (Peak 144.26M) | Time:00:00.04 | Mem:0.02M, Peak:0.02M | Scene, ViewLayer | Synchronizing object | Pool side.001
Fra:1 Mem:144.30M (Peak 144.30M) | Time:00:00.04 | Mem:0.02M, Peak:0.02M | Scene, ViewLayer | Synchronizing object | North colonnade pier
Fra:1 Mem:144.33M (Peak 144.33M) | Time:00:00.04 | Mem:0.02M, Peak:0.02M | Scene, ViewLayer | Synchronizing object | North colonnade stone base.001
Fra:1 Mem:144.37M (Peak 144.37M) | Time:00:00.04 | Mem:0.02M, Peak:0.02M | Scene, ViewLayer | Synchronizing object | North colonnade cornice
Fra:1 Mem:144.35M (Peak 144.37M) | Time:00:00.04 | Mem:0.02M, Peak:0.02M | Scene, ViewLayer | Synchronizing object | North colonnade pier.002
Fra:1 Mem:144.37M (Peak 144.37M) | Time:00:00.04 | Mem:0.02M, Peak:0.02M | Scene, ViewLayer | Synchronizing object | North colonnade pier.003
Fra:1 Mem:144.42M (Peak 144.42M) | Time:00:00.04 | Mem:0.02M, Peak:0.02M | Scene, ViewLayer | Synchronizing object | North colonnade stone base.003
Fra:1 Mem:144.50M (Peak 144.50M) | Time:00:00.04 | Mem:0.02M, Peak:0.02M | Scene, ViewLayer | Synchronizing object | North colonnade cornice.001
Fra:1 Mem:144.57M (Peak 144.57M) | Time:00:00.04 | Mem:0.02M, Peak:0.02M | Scene, ViewLayer | Synchronizing object | North colonnade stone base.004
Fra:1 Mem:144.62M (Peak 144.62M) | Time:00:00.04 | Mem:0.02M, Peak:0.02M | Scene, ViewLayer | Synchronizing object | North colonnade pier.005
Fra:1 Mem:144.63M (Peak 144.63M) | Time:00:00.04 | Mem:0.02M, Peak:0.02M | Scene, ViewLayer | Synchronizing object | North colonnade pier.006
Fra:1 Mem:144.62M (Peak 144.63M) | Time:00:00.04 | Mem:0.02M, Peak:0.02M | Scene, ViewLayer | Synchronizing object | North colonnade stone base.006
Fra:1 Mem:144.69M (Peak 144.69M) | Time:00:00.04 | Mem:0.02M, Peak:0.02M | Scene, ViewLayer | Synchronizing object | North colonnade stone base.007
Fra:1 Mem:144.67M (Peak 144.69M) | Time:00:00.04 | Mem:0.02M, Peak:0.02M | Scene, ViewLayer | Synchronizing object | North colonnade cornice.003
Fra:1 Mem:144.68M (Peak 144.69M) | Time:00:00.04 | Mem:0.02M, Peak:0.02M | Scene, ViewLayer | Synchronizing object | North colonnade pier.008
Fra:1 Mem:144.75M (Peak 144.75M) | Time:00:00.04 | Mem:0.02M, Peak:0.02M | Scene, ViewLayer | Synchronizing object | North colonnade stone base.008
Fra:1 Mem:144.77M (Peak 144.77M) | Time:00:00.04 | Mem:0.02M, Peak:0.02M | Scene, ViewLayer | Synchronizing object | North colonnade pier.009
Fra:1 Mem:144.88M (Peak 144.88M) | Time:00:00.04 | Mem:0.02M, Peak:0.02M | Scene, ViewLayer | Synchronizing object | North colonnade stone base.009
Fra:1 Mem:144.90M (Peak 144.90M) | Time:00:00.04 | Mem:0.02M, Peak:0.02M | Scene, ViewLayer | Synchronizing object | North colonnade pier.010
Fra:1 Mem:144.89M (Peak 144.90M) | Time:00:00.04 | Mem:0.02M, Peak:0.02M | Scene, ViewLayer | Synchronizing object | North colonnade stone base.010
Fra:1 Mem:144.90M (Peak 144.90M) | Time:00:00.04 | Mem:0.02M, Peak:0.02M | Scene, ViewLayer | Synchronizing object | North colonnade pier.011
Fra:1 Mem:145.08M (Peak 145.08M) | Time:00:00.04 | Mem:0.02M, Peak:0.02M | Scene, ViewLayer | Synchronizing object | North colonnade stone base.011
Fra:1 Mem:145.14M (Peak 145.14M) | Time:00:00.04 | Mem:0.02M, Peak:0.02M | Scene, ViewLayer | Synchronizing object | North colonnade cornice.005
Fra:1 Mem:145.18M (Peak 145.18M) | Time:00:00.04 | Mem:0.02M, Peak:0.02M | Scene, ViewLayer | Synchronizing object | West colonnade pier
Fra:1 Mem:145.15M (Peak 145.18M) | Time:00:00.04 | Mem:0.02M, Peak:0.02M | Scene, ViewLayer | Synchronizing object | West colonnade cornice
Fra:1 Mem:145.14M (Peak 145.18M) | Time:00:00.04 | Mem:0.02M, Peak:0.02M | Scene, ViewLayer | Synchronizing object | West colonnade stone base.002
Fra:1 Mem:145.21M (Peak 145.21M) | Time:00:00.04 | Mem:0.02M, Peak:0.02M | Scene, ViewLayer | Synchronizing object | West colonnade pier.003
Fra:1 Mem:145.24M (Peak 145.24M) | Time:00:00.04 | Mem:0.02M, Peak:0.02M | Scene, ViewLayer | Synchronizing object | West colonnade stone base.003
Fra:1 Mem:145.28M (Peak 145.28M) | Time:00:00.04 | Mem:0.02M, Peak:0.02M | Scene, ViewLayer | Synchronizing object | West colonnade cornice.001
Fra:1 Mem:145.35M (Peak 145.35M) | Time:00:00.04 | Mem:0.02M, Peak:0.02M | Scene, ViewLayer | Synchronizing object | West colonnade pier.004
Fra:1 Mem:145.40M (Peak 145.40M) | Time:00:00.04 | Mem:0.02M, Peak:0.02M | Scene, ViewLayer | Synchronizing object | West colonnade stone base.004
Fra:1 Mem:145.45M (Peak 145.45M) | Time:00:00.04 | Mem:0.02M, Peak:0.02M | Scene, ViewLayer | Synchronizing object | West colonnade pier.005
Fra:1 Mem:145.46M (Peak 145.46M) | Time:00:00.04 | Mem:0.02M, Peak:0.02M | Scene, ViewLayer | Synchronizing object | West colonnade stone base.005
Fra:1 Mem:145.51M (Peak 145.51M) | Time:00:00.04 | Mem:0.02M, Peak:0.02M | Scene, ViewLayer | Synchronizing object | West colonnade pier.006
Fra:1 Mem:145.57M (Peak 145.57M) | Time:00:00.04 | Mem:0.02M, Peak:0.02M | Scene, ViewLayer | Synchronizing object | West colonnade stone base.007
Fra:1 Mem:145.60M (Peak 145.60M) | Time:00:00.04 | Mem:0.02M, Peak:0.02M | Scene, ViewLayer | Synchronizing object | West colonnade cornice.003
Fra:1 Mem:145.54M (Peak 145.60M) | Time:00:00.04 | Mem:0.02M, Peak:0.02M | Scene, ViewLayer | Synchronizing object | West colonnade stone base.008
Fra:1 Mem:145.59M (Peak 145.60M) | Time:00:00.04 | Mem:0.02M, Peak:0.02M | Scene, ViewLayer | Synchronizing object | West colonnade stone base.009
Fra:1 Mem:145.61M (Peak 145.61M) | Time:00:00.04 | Mem:0.02M, Peak:0.02M | Scene, ViewLayer | Synchronizing object | West colonnade cornice.004
Fra:1 Mem:145.62M (Peak 145.62M) | Time:00:00.04 | Mem:0.02M, Peak:0.02M | Scene, ViewLayer | Synchronizing object | North inner wall
Fra:1 Mem:145.69M (Peak 145.69M) | Time:00:00.04 | Mem:0.02M, Peak:0.02M | Scene, ViewLayer | Synchronizing object | West inner wall
Fra:1 Mem:145.69M (Peak 145.69M) | Time:00:00.04 | Mem:0.02M, Peak:0.02M | Scene, ViewLayer | Synchronizing object | North portico ceiling
Fra:1 Mem:145.73M (Peak 145.73M) | Time:00:00.04 | Mem:0.02M, Peak:0.02M | Scene, ViewLayer | Synchronizing object | West portico ceiling
Fra:1 Mem:145.83M (Peak 145.81M) | Time:00:00.04 | Mem:0.02M, Peak:0.02M | Scene, ViewLayer | Synchronizing object | Glass door
Fra:1 Mem:145.80M (Peak 145.81M) | Time:00:00.04 | Mem:0.02M, Peak:0.02M | Scene, ViewLayer | Synchronizing object | Door bronze mullion
Fra:1 Mem:145.85M (Peak 145.85M) | Time:00:00.04 | Mem:0.02M, Peak:0.02M | Scene, ViewLayer | Synchronizing object | Door bronze mullion.001
Fra:1 Mem:145.91M (Peak 145.91M) | Time:00:00.04 | Mem:0.02M, Peak:0.02M | Scene, ViewLayer | Synchronizing object | Door bronze transom
Fra:1 Mem:145.87M (Peak 145.91M) | Time:00:00.04 | Mem:0.02M, Peak:0.02M | Scene, ViewLayer | Synchronizing object | Door bronze transom.001
Fra:1 Mem:145.92M (Peak 145.92M) | Time:00:00.04 | Mem:0.02M, Peak:0.02M | Scene, ViewLayer | Synchronizing object | Door bronze mullion.003
Fra:1 Mem:145.99M (Peak 145.99M) | Time:00:00.04 | Mem:0.02M, Peak:0.02M | Scene, ViewLayer | Synchronizing object | Door bronze mullion.004
Fra:1 Mem:145.97M (Peak 145.99M) | Time:00:00.04 | Mem:0.02M, Peak:0.02M | Scene, ViewLayer | Synchronizing object | Door bronze mullion.005
Fra:1 Mem:146.00M (Peak 146.00M) | Time:00:00.04 | Mem:0.02M, Peak:0.02M | Scene, ViewLayer | Synchronizing object | Door bronze transom.002
Fra:1 Mem:146.04M (Peak 146.04M) | Time:00:00.04 | Mem:0.02M, Peak:0.02M | Scene, ViewLayer | Synchronizing object | Door bronze transom.003
Fra:1 Mem:146.11M (Peak 146.11M) | Time:00:00.04 | Mem:0.02M, Peak:0.02M | Scene, ViewLayer | Synchronizing object | Glass door.002
Fra:1 Mem:146.11M (Peak 146.11M) | Time:00:00.04 | Mem:0.02M, Peak:0.02M | Scene, ViewLayer | Synchronizing object | Door bronze mullion.006
Fra:1 Mem:146.14M (Peak 146.14M) | Time:00:00.04 | Mem:0.02M, Peak:0.02M | Scene, ViewLayer | Synchronizing object | Door bronze mullion.007
Fra:1 Mem:146.20M (Peak 146.20M) | Time:00:00.04 | Mem:0.02M, Peak:0.02M | Scene, ViewLayer | Synchronizing object | Door bronze mullion.008
Fra:1 Mem:146.19M (Peak 146.20M) | Time:00:00.04 | Mem:0.02M, Peak:0.02M | Scene, ViewLayer | Synchronizing object | Glass door.003
Fra:1 Mem:146.28M (Peak 146.28M) | Time:00:00.04 | Mem:0.02M, Peak:0.02M | Scene, ViewLayer | Synchronizing object | Door bronze mullion.009
Fra:1 Mem:146.27M (Peak 146.28M) | Time:00:00.04 | Mem:0.02M, Peak:0.02M | Scene, ViewLayer | Synchronizing object | Door bronze mullion.010
Fra:1 Mem:146.24M (Peak 146.28M) | Time:00:00.04 | Mem:0.02M, Peak:0.02M | Scene, ViewLayer | Synchronizing object | Door bronze mullion.011
Fra:1 Mem:146.24M (Peak 146.28M) | Time:00:00.04 | Mem:0.02M, Peak:0.02M | Scene, ViewLayer | Synchronizing object | Honed stone bench
Fra:1 Mem:146.31M (Peak 146.31M) | Time:00:00.04 | Mem:0.02M, Peak:0.02M | Scene, ViewLayer | Synchronizing object | Bench pedestal
Fra:1 Mem:146.33M (Peak 146.33M) | Time:00:00.04 | Mem:0.02M, Peak:0.02M | Scene, ViewLayer | Synchronizing object | Continuous stair soffit.001
Fra:1 Mem:146.36M (Peak 146.36M) | Time:00:00.04 | Mem:0.02M, Peak:0.02M | Scene, ViewLayer | Synchronizing object | Honed stone bench.001
Fra:1 Mem:146.38M (Peak 146.38M) | Time:00:00.04 | Mem:0.02M, Peak:0.02M | Scene, ViewLayer | Synchronizing object | Bench pedestal.003
Fra:1 Mem:146.54M (Peak 146.54M) | Time:00:00.04 | Mem:0.02M, Peak:0.02M | Scene, ViewLayer | Synchronizing object | potted_plant_01_stem
Fra:1 Mem:146.54M (Peak 146.54M) | Time:00:00.04 | Mem:0.02M, Peak:0.02M | Scene, ViewLayer | Synchronizing object | potted_plant_01_pebbles
Fra:1 Mem:146.53M (Peak 146.54M) | Time:00:00.04 | Mem:0.02M, Peak:0.02M | Scene, ViewLayer | Synchronizing object | potted_plant_01_pot
Fra:1 Mem:146.98M (Peak 146.98M) | Time:00:00.04 | Mem:0.02M, Peak:0.02M | Scene, ViewLayer | Synchronizing object | potted_plant_01_leaves
Fra:1 Mem:147.02M (Peak 147.02M) | Time:00:00.04 | Mem:0.02M, Peak:0.02M | Scene, ViewLayer | Synchronizing object | Distant ground
Fra:1 Mem:147.44M (Peak 147.44M) | Time:00:00.04 | Mem:0.02M, Peak:0.02M | Scene, ViewLayer | Synchronizing object | Continuous stair soffit
Fra:1 Mem:167.65M (Peak 170.10M) | Time:00:00.04 | Mem:0.02M, Peak:0.02M | Scene, ViewLayer | Initializing
Fra:1 Mem:143.20M (Peak 170.10M) | Time:00:00.05 | Mem:0.02M, Peak:0.02M | Scene, ViewLayer | Updating Images | Loading potted_plant_01_leaves_nor_gl.png
Fra:1 Mem:143.20M (Peak 170.10M) | Time:00:00.05 | Mem:0.02M, Peak:0.02M | Scene, ViewLayer | Updating Images | Loading potted_plant_01_leaves_rough.png
Fra:1 Mem:217.76M (Peak 303.25M) | Time:00:00.07 | Mem:96.02M, Peak:96.02M | Scene, ViewLayer | Waiting for render to start
Fra:1 Mem:217.76M (Peak 303.25M) | Time:00:00.07 | Mem:96.02M, Peak:96.02M | Scene, ViewLayer | Updating Scene
Fra:1 Mem:217.76M (Peak 303.25M) | Time:00:00.07 | Mem:96.02M, Peak:96.02M | Scene, ViewLayer | Updating Shaders
Fra:1 Mem:217.85M (Peak 303.25M) | Time:00:00.08 | Mem:96.02M, Peak:96.02M | Scene, ViewLayer | Loading render kernels (may take a few minutes the first time)
Fra:1 Mem:217.84M (Peak 303.25M) | Time:00:00.11 | Mem:96.03M, Peak:96.03M | Scene, ViewLayer | Updating Procedurals
Fra:1 Mem:217.84M (Peak 303.25M) | Time:00:00.11 | Mem:96.03M, Peak:96.03M | Scene, ViewLayer | Updating Background
Fra:1 Mem:217.84M (Peak 303.25M) | Time:00:00.11 | Mem:96.03M, Peak:96.03M | Scene, ViewLayer | Updating Camera
Fra:1 Mem:217.84M (Peak 303.25M) | Time:00:00.11 | Mem:96.03M, Peak:96.03M | Scene, ViewLayer | Updating Meshes Flags
Fra:1 Mem:217.84M (Peak 303.25M) | Time:00:00.11 | Mem:96.03M, Peak:96.03M | Scene, ViewLayer | Updating Objects
Fra:1 Mem:217.84M (Peak 303.25M) | Time:00:00.11 | Mem:96.03M, Peak:96.03M | Scene, ViewLayer | Updating Objects | Copying Transformations to device
Fra:1 Mem:217.85M (Peak 303.25M) | Time:00:00.11 | Mem:96.24M, Peak:96.24M | Scene, ViewLayer | Updating Particle Systems
Fra:1 Mem:217.85M (Peak 303.25M) | Time:00:00.11 | Mem:96.24M, Peak:96.24M | Scene, ViewLayer | Updating Particle Systems | Copying Particles to device
Fra:1 Mem:217.85M (Peak 303.25M) | Time:00:00.11 | Mem:96.24M, Peak:96.24M | Scene, ViewLayer | Updating Meshes
Fra:1 Mem:227.93M (Peak 303.25M) | Time:00:00.15 | Mem:96.24M, Peak:96.24M | Scene, ViewLayer | Updating Objects | Applying Static Transformations
Fra:1 Mem:227.93M (Peak 303.25M) | Time:00:00.15 | Mem:96.24M, Peak:96.24M | Scene, ViewLayer | Updating Mesh | Computing attributes
Fra:1 Mem:244.98M (Peak 303.25M) | Time:00:00.15 | Mem:96.30M, Peak:96.30M | Scene, ViewLayer | Updating Mesh | Copying Attributes to device
Fra:1 Mem:227.93M (Peak 303.25M) | Time:00:00.21 | Mem:113.28M, Peak:113.28M | Scene, ViewLayer | Updating Geometry BVH Cube.001 2/250 | Building BVH
Fra:1 Mem:227.93M (Peak 303.25M) | Time:00:00.21 | Mem:113.28M, Peak:113.28M | Scene, ViewLayer | Updating Geometry BVH Cube.008 9/570 | Building BVH
Fra:1 Mem:227.93M (Peak 303.25M) | Time:00:00.21 | Mem:113.28M, Peak:113.28M | Scene, ViewLayer | Updating Geometry BVH Cube.013 14/808 | Building BVH
Fra:1 Mem:227.93M (Peak 303.25M) | Time:00:00.21 | Mem:113.28M, Peak:113.28M | Scene, ViewLayer | Updating Geometry BVH Cube.015 16/808 | Building mesh BLAS |     188 tris | Cube.001
Fra:1 Mem:227.93M (Peak 303.25M) | Time:00:00.21 | Mem:113.28M, Peak:113.28M | Scene, ViewLayer | Updating Geometry BVH Cube.016 17/808 | Building mesh BLAS |     188 tris | Cube.012
Fra:1 Mem:227.93M (Peak 303.25M) | Time:00:00.21 | Mem:113.28M, Peak:113.28M | Scene, ViewLayer | Updating Geometry BVH Cube.016 17/808 | Building mesh BLAS |     188 tris | Cube.003
Fra:1 Mem:227.93M (Peak 303.25M) | Time:00:00.21 | Mem:113.28M, Peak:113.28M | Scene, ViewLayer | Updating Geometry BVH Cube.016 17/808 | Building mesh BLAS |     188 tris | Cube.005
Fra:1 Mem:227.93M (Peak 303.25M) | Time:00:00.21 | Mem:113.28M, Peak:113.28M | Scene, ViewLayer | Updating Geometry BVH Cube.017 18/808 | Building BVH
Fra:1 Mem:227.93M (Peak 303.25M) | Time:00:00.21 | Mem:113.28M, Peak:113.28M | Scene, ViewLayer | Updating Geometry BVH Cube.017 18/808 | Building mesh BLAS |     188 tris | Cube.002
Fra:1 Mem:227.93M (Peak 303.25M) | Time:00:00.21 | Mem:113.28M, Peak:113.28M | Scene, ViewLayer | Updating Geometry BVH Cube.017 18/808 | Building mesh BLAS |     188 tris | Cube.017
Fra:1 Mem:227.93M (Peak 303.25M) | Time:00:00.21 | Mem:113.28M, Peak:113.28M | Scene, ViewLayer | Updating Geometry BVH Cube.017 18/808 | Building mesh BLAS |     188 tris | Cube.009
Fra:1 Mem:227.93M (Peak 303.25M) | Time:00:00.21 | Mem:113.28M, Peak:113.28M | Scene, ViewLayer | Updating Geometry BVH Large warm courtyard fill 808/808 | Building BVH
Fra:1 Mem:227.93M (Peak 303.25M) | Time:00:00.21 | Mem:113.28M, Peak:113.28M | Scene, ViewLayer | Updating Geometry BVH Warm portico uplight.004 807/808 | Building BVH
Fra:1 Mem:227.93M (Peak 303.25M) | Time:00:00.21 | Mem:113.28M, Peak:113.28M | Scene, ViewLayer | Updating Geometry BVH Warm portico uplight.003 806/808 | Building BVH
Fra:1 Mem:227.93M (Peak 303.25M) | Time:00:00.21 | Mem:113.28M, Peak:113.28M | Scene, ViewLayer | Updating Geometry BVH Warm portico uplight.002 805/808 | Building BVH
Fra:1 Mem:227.93M (Peak 303.25M) | Time:00:00.21 | Mem:113.28M, Peak:113.28M | Scene, ViewLayer | Updating Geometry BVH Warm portico uplight.001 804/808 | Building BVH
Fra:1 Mem:227.93M (Peak 303.25M) | Time:00:00.21 | Mem:113.28M, Peak:113.28M | Scene, ViewLayer | Updating Geometry BVH Warm portico uplight.001 804/808 | Building mesh BLAS |     188 tris | Cube.006
Fra:1 Mem:227.93M (Peak 303.25M) | Time:00:00.21 | Mem:113.28M, Peak:113.28M | Scene, ViewLayer | Updating Geometry BVH Warm portico uplight.001 804/808 | Building mesh BLAS |     188 tris | Cube.010
Fra:1 Mem:227.93M (Peak 303.25M) | Time:00:00.21 | Mem:113.28M, Peak:113.28M | Scene, ViewLayer | Updating Geometry BVH Warm portico uplight 803/808 | Building BVH
Fra:1 Mem:227.93M (Peak 303.25M) | Time:00:00.21 | Mem:113.28M, Peak:113.28M | Scene, ViewLayer | Updating Geometry BVH West colonnade arch vault.004 802/808 | Building BVH
Fra:1 Mem:227.93M (Peak 303.25M) | Time:00:00.21 | Mem:113.28M, Peak:113.28M | Scene, ViewLayer | Updating Geometry BVH West colonnade arch vault.004 802/808 | Building mesh BLAS |     188 tris | Cube.013
Fra:1 Mem:227.93M (Peak 303.25M) | Time:00:00.21 | Mem:113.28M, Peak:113.28M | Scene, ViewLayer | Updating Geometry BVH West colonnade arch vault.004 802/808 | Building mesh BLAS |     188 tris | Cube.016
Fra:1 Mem:227.93M (Peak 303.25M) | Time:00:00.21 | Mem:113.28M, Peak:113.28M | Scene, ViewLayer | Updating Geometry BVH West colonnade arch vault.004 802/808 | Building mesh BLAS |    1436 tris | West colonnade arch vault.004
Fra:1 Mem:227.93M (Peak 303.25M) | Time:00:00.21 | Mem:113.28M, Peak:113.28M | Scene, ViewLayer | Updating Geometry BVH Cube.018 19/808 | Building BVH
Fra:1 Mem:227.93M (Peak 303.25M) | Time:00:00.21 | Mem:113.28M, Peak:113.28M | Scene, ViewLayer | Updating Geometry BVH Cube.024 25/808 | Building BVH
Fra:1 Mem:227.93M (Peak 303.25M) | Time:00:00.21 | Mem:113.28M, Peak:113.28M | Scene, ViewLayer | Updating Geometry BVH Cube.027 28/808 | Building BVH
Fra:1 Mem:227.93M (Peak 303.25M) | Time:00:00.21 | Mem:113.28M, Peak:113.28M | Scene, ViewLayer | Updating Geometry BVH Cube.029 30/808 | Building BVH
Fra:1 Mem:227.93M (Peak 303.25M) | Time:00:00.21 | Mem:113.28M, Peak:113.28M | Scene, ViewLayer | Updating Geometry BVH Cube.032 33/808 | Building BVH
Fra:1 Mem:227.93M (Peak 303.25M) | Time:00:00.21 | Mem:113.28M, Peak:113.28M | Scene, ViewLayer | Updating Geometry BVH Cube.032 33/808 | Building mesh BLAS |     188 tris | Cube.029
Fra:1 Mem:227.93M (Peak 303.25M) | Time:00:00.21 | Mem:113.28M, Peak:113.28M | Scene, ViewLayer | Updating Geometry BVH Cube.033 34/808 | Building BVH
Fra:1 Mem:227.93M (Peak 303.25M) | Time:00:00.21 | Mem:113.28M, Peak:113.28M | Scene, ViewLayer | Updating Geometry BVH Cube.033 34/808 | Building mesh BLAS |     188 tris | Cube.022
Fra:1 Mem:227.93M (Peak 303.25M) | Time:00:00.21 | Mem:113.28M, Peak:113.28M | Scene, ViewLayer | Updating Geometry BVH Cube.034 35/808 | Building BVH
Fra:1 Mem:227.93M (Peak 303.25M) | Time:00:00.21 | Mem:113.28M, Peak:113.28M | Scene, ViewLayer | Updating Geometry BVH Cube.034 35/808 | Building mesh BLAS |     188 tris | Cube.033
Fra:1 Mem:227.93M (Peak 303.25M) | Time:00:00.21 | Mem:113.28M, Peak:113.28M | Scene, ViewLayer | Updating Geometry BVH Cube.034 35/808 | Building mesh BLAS |     188 tris | Cube.034
Fra:1 Mem:227.93M (Peak 303.25M) | Time:00:00.21 | Mem:113.28M, Peak:113.28M | Scene, ViewLayer | Updating Geometry BVH Cube.034 35/808 | Building mesh BLAS |     188 tris | Cube.028
Fra:1 Mem:227.93M (Peak 303.25M) | Time:00:00.21 | Mem:113.28M, Peak:113.28M | Scene, ViewLayer | Updating Geometry BVH Cube.034 35/808 | Building mesh BLAS |     188 tris | Cube.019
Fra:1 Mem:227.93M (Peak 303.25M) | Time:00:00.21 | Mem:113.28M, Peak:113.28M | Scene, ViewLayer | Updating Geometry BVH Cube.034 35/808 | Building mesh BLAS |     188 tris | Cube.030
Fra:1 Mem:227.93M (Peak 303.25M) | Time:00:00.21 | Mem:113.28M, Peak:113.28M | Scene, ViewLayer | Updating Geometry BVH Cube.034 35/808 | Building mesh BLAS |     188 tris | Cube.021
Fra:1 Mem:227.93M (Peak 303.25M) | Time:00:00.21 | Mem:113.28M, Peak:113.28M | Scene, ViewLayer | Updating Geometry BVH Cube.034 35/808 | Building mesh BLAS |     188 tris | Cube.032
Fra:1 Mem:227.93M (Peak 303.25M) | Time:00:00.21 | Mem:113.28M, Peak:113.28M | Scene, ViewLayer | Updating Geometry BVH Cube.034 35/808 | Building mesh BLAS |    1436 tris | West colonnade arch vault.003
Fra:1 Mem:227.93M (Peak 303.25M) | Time:00:00.21 | Mem:113.28M, Peak:113.28M | Scene, ViewLayer | Updating Geometry BVH Cube.034 35/808 | Building mesh BLAS |     188 tris | Cube.024
Fra:1 Mem:227.93M (Peak 303.25M) | Time:00:00.21 | Mem:113.28M, Peak:113.28M | Scene, ViewLayer | Updating Geometry BVH Cube.034 35/808 | Building mesh BLAS |     188 tris | Cube.025
Fra:1 Mem:227.93M (Peak 303.25M) | Time:00:00.21 | Mem:113.28M, Peak:113.28M | Scene, ViewLayer | Updating Geometry BVH Cube.034 35/808 | Building mesh BLAS |     188 tris | Cube.026
Fra:1 Mem:227.93M (Peak 303.25M) | Time:00:00.21 | Mem:113.28M, Peak:113.28M | Scene, ViewLayer | Updating Geometry BVH Cube.035 36/808 | Building BVH
Fra:1 Mem:227.93M (Peak 303.25M) | Time:00:00.21 | Mem:113.28M, Peak:113.28M | Scene, ViewLayer | Updating Geometry BVH Cube.035 36/808 | Building mesh BLAS |     188 tris | Cube.035
Fra:1 Mem:227.93M (Peak 303.25M) | Time:00:00.21 | Mem:113.28M, Peak:113.28M | Scene, ViewLayer | Updating Geometry BVH Cube.036 37/808 | Building BVH
Fra:1 Mem:227.93M (Peak 303.25M) | Time:00:00.21 | Mem:113.28M, Peak:113.28M | Scene, ViewLayer | Updating Geometry BVH Cube.037 38/808 | Building BVH
Fra:1 Mem:227.93M (Peak 303.25M) | Time:00:00.21 | Mem:113.28M, Peak:113.28M | Scene, ViewLayer | Updating Geometry BVH Cube.038 39/808 | Building mesh BLAS |     188 tris | Cube.036
Fra:1 Mem:227.93M (Peak 303.25M) | Time:00:00.21 | Mem:113.28M, Peak:113.28M | Scene, ViewLayer | Updating Geometry BVH Cube.039 40/808 | Building BVH
Fra:1 Mem:227.93M (Peak 303.25M) | Time:00:00.21 | Mem:113.28M, Peak:113.28M | Scene, ViewLayer | Updating Geometry BVH Cube.039 40/808 | Building mesh BLAS |     188 tris | Cube.039
Fra:1 Mem:227.93M (Peak 303.25M) | Time:00:00.21 | Mem:113.28M, Peak:113.28M | Scene, ViewLayer | Updating Geometry BVH Cube.040 41/808 | Building BVH
Fra:1 Mem:227.93M (Peak 303.25M) | Time:00:00.21 | Mem:113.28M, Peak:113.28M | Scene, ViewLayer | Updating Geometry BVH Cube.040 41/808 | Building mesh BLAS |     188 tris | Cube.038
Fra:1 Mem:227.93M (Peak 303.25M) | Time:00:00.21 | Mem:113.28M, Peak:113.28M | Scene, ViewLayer | Updating Geometry BVH Cube.041 42/808 | Building mesh BLAS |     188 tris | Cube.040
Fra:1 Mem:227.93M (Peak 303.25M) | Time:00:00.21 | Mem:113.28M, Peak:113.28M | Scene, ViewLayer | Updating Geometry BVH Cube.041 42/808 | Building mesh BLAS |     188 tris | Cube.041
Fra:1 Mem:227.93M (Peak 303.25M) | Time:00:00.21 | Mem:113.28M, Peak:113.28M | Scene, ViewLayer | Updating Geometry BVH Cube.042 43/808 | Building BVH
Fra:1 Mem:227.93M (Peak 303.25M) | Time:00:00.21 | Mem:113.28M, Peak:113.28M | Scene, ViewLayer | Updating Geometry BVH Cube.043 44/808 | Building BVH
Fra:1 Mem:227.93M (Peak 303.25M) | Time:00:00.21 | Mem:113.28M, Peak:113.28M | Scene, ViewLayer | Updating Geometry BVH Cube.043 44/808 | Building mesh BLAS |     188 tris | Cube.042
Fra:1 Mem:227.93M (Peak 303.25M) | Time:00:00.21 | Mem:113.28M, Peak:113.28M | Scene, ViewLayer | Updating Geometry BVH Cube.043 44/808 | Building mesh BLAS |     188 tris | Cube.043
Fra:1 Mem:227.93M (Peak 303.25M) | Time:00:00.21 | Mem:113.28M, Peak:113.28M | Scene, ViewLayer | Updating Geometry BVH Cube.044 45/808 | Building BVH
Fra:1 Mem:227.93M (Peak 303.25M) | Time:00:00.21 | Mem:113.28M, Peak:113.28M | Scene, ViewLayer | Updating Geometry BVH Cube.044 45/808 | Building mesh BLAS |     188 tris | Cube.044
Fra:1 Mem:227.93M (Peak 303.25M) | Time:00:00.21 | Mem:113.28M, Peak:113.28M | Scene, ViewLayer | Updating Geometry BVH Cube.045 46/808 | Building BVH
Fra:1 Mem:227.93M (Peak 303.25M) | Time:00:00.21 | Mem:113.28M, Peak:113.28M | Scene, ViewLayer | Updating Geometry BVH Cube.045 46/808 | Building mesh BLAS |     188 tris | Cube.045
Fra:1 Mem:227.93M (Peak 303.25M) | Time:00:00.21 | Mem:113.28M, Peak:113.28M | Scene, ViewLayer | Updating Geometry BVH Cube.046 47/808 | Building BVH
Fra:1 Mem:227.93M (Peak 303.25M) | Time:00:00.21 | Mem:113.28M, Peak:113.28M | Scene, ViewLayer | Updating Geometry BVH Cube.046 47/808 | Building mesh BLAS |     188 tris | Cube.046
Fra:1 Mem:227.93M (Peak 303.25M) | Time:00:00.21 | Mem:113.28M, Peak:113.28M | Scene, ViewLayer | Updating Geometry BVH Cube.047 48/808 | Building BVH
Fra:1 Mem:227.93M (Peak 303.25M) | Time:00:00.21 | Mem:113.28M, Peak:113.28M | Scene, ViewLayer | Updating Geometry BVH Cube.047 48/808 | Building mesh BLAS |     188 tris | Cube.047
Fra:1 Mem:227.93M (Peak 303.25M) | Time:00:00.21 | Mem:113.28M, Peak:113.28M | Scene, ViewLayer | Updating Geometry BVH Cube.048 49/808 | Building BVH
Fra:1 Mem:227.93M (Peak 303.25M) | Time:00:00.21 | Mem:113.28M, Peak:113.28M | Scene, ViewLayer | Updating Geometry BVH Cube.048 49/808 | Building mesh BLAS |     188 tris | Cube.048
Fra:1 Mem:227.93M (Peak 303.25M) | Time:00:00.21 | Mem:113.28M, Peak:113.28M | Scene, ViewLayer | Updating Geometry BVH West colonnade arch vault.002 800/808 | Building BVH
Fra:1 Mem:227.93M (Peak 303.25M) | Time:00:00.21 | Mem:113.28M, Peak:113.28M | Scene, ViewLayer | Updating Geometry BVH Cube.049 50/808 | Building BVH
Fra:1 Mem:227.93M (Peak 303.25M) | Time:00:00.21 | Mem:113.28M, Peak:113.28M | Scene, ViewLayer | Updating Geometry BVH Cube.049 50/808 | Building mesh BLAS |     188 tris | Cube.049
Fra:1 Mem:227.93M (Peak 303.25M) | Time:00:00.21 | Mem:113.28M, Peak:113.28M | Scene, ViewLayer | Updating Geometry BVH Cube.049 50/808 | Building mesh BLAS |    1436 tris | West colonnade arch vault.002
Fra:1 Mem:227.93M (Peak 303.25M) | Time:00:00.21 | Mem:113.28M, Peak:113.28M | Scene, ViewLayer | Updating Geometry BVH Cube.050 51/808 | Building BVH
Fra:1 Mem:227.93M (Peak 303.25M) | Time:00:00.21 | Mem:113.28M, Peak:113.28M | Scene, ViewLayer | Updating Geometry BVH Cube.051 52/808 | Building BVH
Fra:1 Mem:227.93M (Peak 303.25M) | Time:00:00.21 | Mem:113.28M, Peak:113.28M | Scene, ViewLayer | Updating Geometry BVH Cube.051 52/808 | Building mesh BLAS |     188 tris | Cube.050
Fra:1 Mem:227.93M (Peak 303.25M) | Time:00:00.21 | Mem:113.28M, Peak:113.28M | Scene, ViewLayer | Updating Geometry BVH Cube.051 52/808 | Building mesh BLAS |     188 tris | Cube.051
Fra:1 Mem:227.93M (Peak 303.25M) | Time:00:00.21 | Mem:113.28M, Peak:113.28M | Scene, ViewLayer | Updating Geometry BVH Cube.052 53/808 | Building BVH
Fra:1 Mem:227.93M (Peak 303.25M) | Time:00:00.21 | Mem:113.28M, Peak:113.28M | Scene, ViewLayer | Updating Geometry BVH Cube.053 54/808 | Building BVH
Fra:1 Mem:227.93M (Peak 303.25M) | Time:00:00.21 | Mem:113.28M, Peak:113.28M | Scene, ViewLayer | Updating Geometry BVH Cube.053 54/808 | Building mesh BLAS |     188 tris | Cube.052
Fra:1 Mem:227.93M (Peak 303.25M) | Time:00:00.21 | Mem:113.28M, Peak:113.28M | Scene, ViewLayer | Updating Geometry BVH Cube.053 54/808 | Building mesh BLAS |     188 tris | Cube.053
Fra:1 Mem:227.93M (Peak 303.25M) | Time:00:00.21 | Mem:113.28M, Peak:113.28M | Scene, ViewLayer | Updating Geometry BVH Cube.054 55/808 | Building BVH
Fra:1 Mem:227.93M (Peak 303.25M) | Time:00:00.21 | Mem:113.28M, Peak:113.28M | Scene, ViewLayer | Updating Geometry BVH Cube.055 56/808 | Building BVH
Fra:1 Mem:227.93M (Peak 303.25M) | Time:00:00.21 | Mem:113.28M, Peak:113.28M | Scene, ViewLayer | Updating Geometry BVH Cube.056 57/808 | Building BVH
Fra:1 Mem:227.93M (Peak 303.25M) | Time:00:00.21 | Mem:113.28M, Peak:113.28M | Scene, ViewLayer | Updating Geometry BVH Cube.056 57/808 | Building mesh BLAS |     188 tris | Cube.054
Fra:1 Mem:227.93M (Peak 303.25M) | Time:00:00.21 | Mem:113.28M, Peak:113.28M | Scene, ViewLayer | Updating Geometry BVH Cube.056 57/808 | Building mesh BLAS |     188 tris | Cube.056
Fra:1 Mem:227.93M (Peak 303.25M) | Time:00:00.21 | Mem:113.28M, Peak:113.28M | Scene, ViewLayer | Updating Geometry BVH Cube.057 58/808 | Building mesh BLAS |     188 tris | Cube.055
Fra:1 Mem:227.93M (Peak 303.25M) | Time:00:00.21 | Mem:113.28M, Peak:113.28M | Scene, ViewLayer | Updating Geometry BVH Cube.057 58/808 | Building mesh BLAS |     188 tris | Cube.057
Fra:1 Mem:227.93M (Peak 303.25M) | Time:00:00.21 | Mem:113.28M, Peak:113.28M | Scene, ViewLayer | Updating Geometry BVH Cube.058 59/808 | Building BVH
Fra:1 Mem:227.93M (Peak 303.25M) | Time:00:00.21 | Mem:113.28M, Peak:113.28M | Scene, ViewLayer | Updating Geometry BVH Cube.058 59/808 | Building mesh BLAS |     188 tris | Cube.058
Fra:1 Mem:227.93M (Peak 303.25M) | Time:00:00.21 | Mem:113.28M, Peak:113.28M | Scene, ViewLayer | Updating Geometry BVH Cube.059 60/808 | Building BVH
Fra:1 Mem:227.93M (Peak 303.25M) | Time:00:00.21 | Mem:113.28M, Peak:113.28M | Scene, ViewLayer | Updating Geometry BVH Cube.059 60/808 | Building mesh BLAS |     188 tris | Cube.059
Fra:1 Mem:227.93M (Peak 303.25M) | Time:00:00.21 | Mem:113.28M, Peak:113.28M | Scene, ViewLayer | Updating Geometry BVH Cube.060 61/808 | Building BVH
Fra:1 Mem:227.93M (Peak 303.25M) | Time:00:00.21 | Mem:113.28M, Peak:113.28M | Scene, ViewLayer | Updating Geometry BVH Cube.060 61/808 | Building mesh BLAS |     188 tris | Cube.060
Fra:1 Mem:227.93M (Peak 303.25M) | Time:00:00.21 | Mem:113.28M, Peak:113.28M | Scene, ViewLayer | Updating Geometry BVH Cube.061 62/808 | Building BVH
Fra:1 Mem:227.93M (Peak 303.25M) | Time:00:00.21 | Mem:113.28M, Peak:113.28M | Scene, ViewLayer | Updating Geometry BVH Cube.062 63/808 | Building BVH
Fra:1 Mem:227.93M (Peak 303.25M) | Time:00:00.21 | Mem:113.28M, Peak:113.28M | Scene, ViewLayer | Updating Geometry BVH Cube.063 64/808 | Building mesh BLAS |     188 tris | Cube.061
Fra:1 Mem:227.93M (Peak 303.25M) | Time:00:00.21 | Mem:113.28M, Peak:113.28M | Scene, ViewLayer | Updating Geometry BVH West colonnade arch vault.001 799/808 | Building mesh BLAS |     188 tris | Cube.062
Fra:1 Mem:227.93M (Peak 303.25M) | Time:00:00.21 | Mem:113.28M, Peak:113.28M | Scene, ViewLayer | Updating Geometry BVH West colonnade arch vault.001 799/808 | Building mesh BLAS |     188 tris | Cube.063
Fra:1 Mem:227.93M (Peak 303.25M) | Time:00:00.21 | Mem:113.28M, Peak:113.28M | Scene, ViewLayer | Updating Geometry BVH Cube.064 65/808 | Building BVH
Fra:1 Mem:227.93M (Peak 303.25M) | Time:00:00.21 | Mem:113.28M, Peak:113.28M | Scene, ViewLayer | Updating Geometry BVH Cube.064 65/808 | Building mesh BLAS |     188 tris | Cube.064
Fra:1 Mem:227.93M (Peak 303.25M) | Time:00:00.21 | Mem:113.28M, Peak:113.28M | Scene, ViewLayer | Updating Geometry BVH Cube.064 65/808 | Building mesh BLAS |    1436 tris | West colonnade arch vault.001
Fra:1 Mem:227.93M (Peak 303.25M) | Time:00:00.21 | Mem:113.28M, Peak:113.28M | Scene, ViewLayer | Updating Geometry BVH Cube.065 66/808 | Building BVH
Fra:1 Mem:227.93M (Peak 303.25M) | Time:00:00.21 | Mem:113.28M, Peak:113.28M | Scene, ViewLayer | Updating Geometry BVH Cube.065 66/808 | Building mesh BLAS |     188 tris | Cube.065
Fra:1 Mem:227.93M (Peak 303.25M) | Time:00:00.21 | Mem:113.28M, Peak:113.28M | Scene, ViewLayer | Updating Geometry BVH Cube.066 67/808 | Building BVH
Fra:1 Mem:227.93M (Peak 303.25M) | Time:00:00.21 | Mem:113.28M, Peak:113.28M | Scene, ViewLayer | Updating Geometry BVH Cube.066 67/808 | Building mesh BLAS |     188 tris | Cube.066
Fra:1 Mem:227.93M (Peak 303.25M) | Time:00:00.21 | Mem:113.28M, Peak:113.28M | Scene, ViewLayer | Updating Geometry BVH Cube.067 68/808 | Building BVH
Fra:1 Mem:227.93M (Peak 303.25M) | Time:00:00.21 | Mem:113.28M, Peak:113.28M | Scene, ViewLayer | Updating Geometry BVH Cube.068 69/808 | Building BVH
Fra:1 Mem:227.93M (Peak 303.25M) | Time:00:00.21 | Mem:113.28M, Peak:113.28M | Scene, ViewLayer | Updating Geometry BVH Cube.068 69/808 | Building mesh BLAS |     188 tris | Cube.067
Fra:1 Mem:227.93M (Peak 303.25M) | Time:00:00.21 | Mem:113.28M, Peak:113.28M | Scene, ViewLayer | Updating Geometry BVH Cube.069 70/808 | Building BVH
Fra:1 Mem:227.93M (Peak 303.25M) | Time:00:00.21 | Mem:113.28M, Peak:113.28M | Scene, ViewLayer | Updating Geometry BVH Cube.069 70/808 | Building mesh BLAS |     188 tris | Cube.068
Fra:1 Mem:227.93M (Peak 303.25M) | Time:00:00.21 | Mem:113.28M, Peak:113.28M | Scene, ViewLayer | Updating Geometry BVH Cube.069 70/808 | Building mesh BLAS |     188 tris | Cube.069
Fra:1 Mem:227.93M (Peak 303.25M) | Time:00:00.21 | Mem:113.28M, Peak:113.28M | Scene, ViewLayer | Updating Geometry BVH Cube.070 71/808 | Building BVH
Fra:1 Mem:227.93M (Peak 303.25M) | Time:00:00.21 | Mem:113.28M, Peak:113.28M | Scene, ViewLayer | Updating Geometry BVH Cube.071 72/808 | Building BVH
Fra:1 Mem:227.93M (Peak 303.25M) | Time:00:00.21 | Mem:113.28M, Peak:113.28M | Scene, ViewLayer | Updating Geometry BVH Cube.071 72/808 | Building mesh BLAS |     188 tris | Cube.070
Fra:1 Mem:227.93M (Peak 303.25M) | Time:00:00.21 | Mem:113.28M, Peak:113.28M | Scene, ViewLayer | Updating Geometry BVH Cube.072 73/808 | Building BVH
Fra:1 Mem:227.93M (Peak 303.25M) | Time:00:00.21 | Mem:113.28M, Peak:113.28M | Scene, ViewLayer | Updating Geometry BVH Cube.072 73/808 | Building mesh BLAS |     188 tris | Cube.071
Fra:1 Mem:227.93M (Peak 303.25M) | Time:00:00.21 | Mem:113.28M, Peak:113.28M | Scene, ViewLayer | Updating Geometry BVH Cube.072 73/808 | Building mesh BLAS |     188 tris | Cube.072
Fra:1 Mem:227.93M (Peak 303.25M) | Time:00:00.21 | Mem:113.28M, Peak:113.28M | Scene, ViewLayer | Updating Geometry BVH Cube.073 74/808 | Building BVH
Fra:1 Mem:227.93M (Peak 303.25M) | Time:00:00.21 | Mem:113.28M, Peak:113.28M | Scene, ViewLayer | Updating Geometry BVH Cube.073 74/808 | Building mesh BLAS |     188 tris | Cube.073
Fra:1 Mem:227.93M (Peak 303.25M) | Time:00:00.21 | Mem:113.28M, Peak:113.28M | Scene, ViewLayer | Updating Geometry BVH Cube.074 75/808 | Building BVH
Fra:1 Mem:227.93M (Peak 303.25M) | Time:00:00.21 | Mem:113.28M, Peak:113.28M | Scene, ViewLayer | Updating Geometry BVH Cube.074 75/808 | Building mesh BLAS |     188 tris | Cube.074
Fra:1 Mem:227.93M (Peak 303.25M) | Time:00:00.21 | Mem:113.28M, Peak:113.28M | Scene, ViewLayer | Updating Geometry BVH Cube.075 76/808 | Building BVH
Fra:1 Mem:227.93M (Peak 303.25M) | Time:00:00.21 | Mem:113.28M, Peak:113.28M | Scene, ViewLayer | Updating Geometry BVH Cube.075 76/808 | Building mesh BLAS |     188 tris | Cube.075
Fra:1 Mem:227.93M (Peak 303.25M) | Time:00:00.21 | Mem:113.28M, Peak:113.28M | Scene, ViewLayer | Updating Geometry BVH Cube.077 78/808 | Building BVH
Fra:1 Mem:227.93M (Peak 303.25M) | Time:00:00.21 | Mem:113.28M, Peak:113.28M | Scene, ViewLayer | Updating Geometry BVH Cube.076 77/808 | Building BVH
Fra:1 Mem:227.93M (Peak 303.25M) | Time:00:00.21 | Mem:113.28M, Peak:113.28M | Scene, ViewLayer | Updating Geometry BVH Cube.076 77/808 | Building mesh BLAS |     188 tris | Cube.077
Fra:1 Mem:227.93M (Peak 303.25M) | Time:00:00.21 | Mem:113.28M, Peak:113.28M | Scene, ViewLayer | Updating Geometry BVH Cube.076 77/808 | Building mesh BLAS |     188 tris | Cube.076
Fra:1 Mem:227.93M (Peak 303.25M) | Time:00:00.21 | Mem:113.28M, Peak:113.28M | Scene, ViewLayer | Updating Geometry BVH Cube.078 79/808 | Building BVH
Fra:1 Mem:227.93M (Peak 303.25M) | Time:00:00.21 | Mem:113.28M, Peak:113.28M | Scene, ViewLayer | Updating Geometry BVH Cube.080 81/808 | Building BVH
Fra:1 Mem:227.93M (Peak 303.25M) | Time:00:00.21 | Mem:113.28M, Peak:113.28M | Scene, ViewLayer | Updating Geometry BVH Cube.079 80/808 | Building BVH
Fra:1 Mem:227.93M (Peak 303.25M) | Time:00:00.21 | Mem:113.28M, Peak:113.28M | Scene, ViewLayer | Updating Geometry BVH Cube.079 80/808 | Building mesh BLAS |     188 tris | Cube.078
Fra:1 Mem:227.93M (Peak 303.25M) | Time:00:00.21 | Mem:113.28M, Peak:113.28M | Scene, ViewLayer | Updating Geometry BVH Cube.079 80/808 | Building mesh BLAS |     188 tris | Cube.079
Fra:1 Mem:227.93M (Peak 303.25M) | Time:00:00.21 | Mem:113.28M, Peak:113.28M | Scene, ViewLayer | Updating Geometry BVH Cube.081 82/808 | Building BVH
Fra:1 Mem:227.93M (Peak 303.25M) | Time:00:00.21 | Mem:113.28M, Peak:113.28M | Scene, ViewLayer | Updating Geometry BVH West colonnade arch vault 798/808 | Building mesh BLAS |     188 tris | Cube.081
Fra:1 Mem:227.93M (Peak 303.25M) | Time:00:00.21 | Mem:113.28M, Peak:113.28M | Scene, ViewLayer | Updating Geometry BVH West colonnade arch vault 798/808 | Building mesh BLAS |    1436 tris | West colonnade arch vault
Fra:1 Mem:227.93M (Peak 303.25M) | Time:00:00.21 | Mem:113.28M, Peak:113.28M | Scene, ViewLayer | Updating Geometry BVH Cube.082 83/808 | Building BVH
Fra:1 Mem:227.93M (Peak 303.25M) | Time:00:00.21 | Mem:113.28M, Peak:113.28M | Scene, ViewLayer | Updating Geometry BVH Cube.082 83/808 | Building mesh BLAS |     188 tris | Cube.082
Fra:1 Mem:227.93M (Peak 303.25M) | Time:00:00.21 | Mem:113.28M, Peak:113.28M | Scene, ViewLayer | Updating Geometry BVH Cube.083 84/808 | Building BVH
Fra:1 Mem:227.93M (Peak 303.25M) | Time:00:00.21 | Mem:113.28M, Peak:113.28M | Scene, ViewLayer | Updating Geometry BVH Cube.084 85/808 | Building mesh BLAS |     188 tris | Cube.083
Fra:1 Mem:227.93M (Peak 303.25M) | Time:00:00.21 | Mem:113.28M, Peak:113.28M | Scene, ViewLayer | Updating Geometry BVH Cube.084 85/808 | Building mesh BLAS |     188 tris | Cube.084
Fra:1 Mem:227.93M (Peak 303.25M) | Time:00:00.21 | Mem:113.28M, Peak:113.28M | Scene, ViewLayer | Updating Geometry BVH Cylinder 86/808 | Building BVH
Fra:1 Mem:227.93M (Peak 303.25M) | Time:00:00.21 | Mem:113.28M, Peak:113.28M | Scene, ViewLayer | Updating Geometry BVH Cylinder 86/808 | Building mesh BLAS |      60 tris | Cylinder
Fra:1 Mem:227.93M (Peak 303.25M) | Time:00:00.21 | Mem:113.28M, Peak:113.28M | Scene, ViewLayer | Updating Geometry BVH Cylinder.001 87/808 | Building BVH
Fra:1 Mem:227.93M (Peak 303.25M) | Time:00:00.21 | Mem:113.28M, Peak:113.28M | Scene, ViewLayer | Updating Geometry BVH Cylinder.002 88/808 | Building BVH
Fra:1 Mem:227.93M (Peak 303.25M) | Time:00:00.21 | Mem:113.28M, Peak:113.28M | Scene, ViewLayer | Updating Geometry BVH Cylinder.002 88/808 | Building mesh BLAS |      60 tris | Cylinder.001
Fra:1 Mem:227.93M (Peak 303.25M) | Time:00:00.21 | Mem:113.28M, Peak:113.28M | Scene, ViewLayer | Updating Geometry BVH Cylinder.002 88/808 | Building mesh BLAS |      60 tris | Cylinder.002
Fra:1 Mem:227.93M (Peak 303.25M) | Time:00:00.21 | Mem:113.28M, Peak:113.28M | Scene, ViewLayer | Updating Geometry BVH Cylinder.003 89/808 | Building BVH
Fra:1 Mem:227.93M (Peak 303.25M) | Time:00:00.21 | Mem:113.28M, Peak:113.28M | Scene, ViewLayer | Updating Geometry BVH Cylinder.003 89/808 | Building mesh BLAS |      60 tris | Cylinder.003
Fra:1 Mem:227.93M (Peak 303.25M) | Time:00:00.21 | Mem:113.28M, Peak:113.28M | Scene, ViewLayer | Updating Geometry BVH Cylinder.004 90/808 | Building BVH
Fra:1 Mem:227.93M (Peak 303.25M) | Time:00:00.21 | Mem:113.28M, Peak:113.28M | Scene, ViewLayer | Updating Geometry BVH Cylinder.004 90/808 | Building mesh BLAS |      60 tris | Cylinder.004
Fra:1 Mem:227.93M (Peak 303.25M) | Time:00:00.21 | Mem:113.28M, Peak:113.28M | Scene, ViewLayer | Updating Geometry BVH Cylinder.005 91/808 | Building BVH
Fra:1 Mem:227.93M (Peak 303.25M) | Time:00:00.21 | Mem:113.28M, Peak:113.28M | Scene, ViewLayer | Updating Geometry BVH Cylinder.005 91/808 | Building mesh BLAS |      60 tris | Cylinder.005
Fra:1 Mem:227.93M (Peak 303.25M) | Time:00:00.22 | Mem:113.28M, Peak:113.28M | Scene, ViewLayer | Updating Geometry BVH Cylinder.006 92/808 | Building BVH
Fra:1 Mem:227.93M (Peak 303.25M) | Time:00:00.22 | Mem:113.28M, Peak:113.28M | Scene, ViewLayer | Updating Geometry BVH Cylinder.006 92/808 | Building mesh BLAS |      60 tris | Cylinder.006
Fra:1 Mem:227.93M (Peak 303.25M) | Time:00:00.22 | Mem:113.28M, Peak:113.28M | Scene, ViewLayer | Updating Geometry BVH Cylinder.007 93/808 | Building BVH
Fra:1 Mem:227.93M (Peak 303.25M) | Time:00:00.22 | Mem:113.28M, Peak:113.28M | Scene, ViewLayer | Updating Geometry BVH Cylinder.007 93/808 | Building mesh BLAS |      60 tris | Cylinder.007
Fra:1 Mem:227.93M (Peak 303.25M) | Time:00:00.22 | Mem:113.28M, Peak:113.28M | Scene, ViewLayer | Updating Geometry BVH Cylinder.008 94/808 | Building BVH
Fra:1 Mem:227.93M (Peak 303.25M) | Time:00:00.22 | Mem:113.28M, Peak:113.28M | Scene, ViewLayer | Updating Geometry BVH Cylinder.008 94/808 | Building mesh BLAS |      60 tris | Cylinder.008
Fra:1 Mem:227.93M (Peak 303.25M) | Time:00:00.22 | Mem:113.28M, Peak:113.28M | Scene, ViewLayer | Updating Geometry BVH Cylinder.009 95/808 | Building BVH
Fra:1 Mem:227.93M (Peak 303.25M) | Time:00:00.22 | Mem:113.28M, Peak:113.28M | Scene, ViewLayer | Updating Geometry BVH Cylinder.009 95/808 | Building mesh BLAS |      60 tris | Cylinder.009
Fra:1 Mem:227.93M (Peak 303.25M) | Time:00:00.22 | Mem:113.28M, Peak:113.28M | Scene, ViewLayer | Updating Geometry BVH Cylinder.010 96/808 | Building BVH
Fra:1 Mem:227.93M (Peak 303.25M) | Time:00:00.22 | Mem:113.28M, Peak:113.28M | Scene, ViewLayer | Updating Geometry BVH Cylinder.010 96/808 | Building mesh BLAS |      60 tris | Cylinder.010
Fra:1 Mem:227.93M (Peak 303.25M) | Time:00:00.22 | Mem:113.28M, Peak:113.28M | Scene, ViewLayer | Updating Geometry BVH Cylinder.011 97/808 | Building BVH
Fra:1 Mem:227.93M (Peak 303.25M) | Time:00:00.22 | Mem:113.28M, Peak:113.28M | Scene, ViewLayer | Updating Geometry BVH Cylinder.011 97/808 | Building mesh BLAS |      60 tris | Cylinder.011
Fra:1 Mem:227.93M (Peak 303.25M) | Time:00:00.22 | Mem:113.28M, Peak:113.28M | Scene, ViewLayer | Updating Geometry BVH Cylinder.012 98/808 | Building BVH
Fra:1 Mem:227.93M (Peak 303.25M) | Time:00:00.22 | Mem:113.28M, Peak:113.28M | Scene, ViewLayer | Updating Geometry BVH Cylinder.012 98/808 | Building mesh BLAS |      60 tris | Cylinder.012
Fra:1 Mem:227.93M (Peak 303.25M) | Time:00:00.22 | Mem:113.28M, Peak:113.28M | Scene, ViewLayer | Updating Geometry BVH Cylinder.013 99/808 | Building BVH
Fra:1 Mem:227.93M (Peak 303.25M) | Time:00:00.22 | Mem:113.28M, Peak:113.28M | Scene, ViewLayer | Updating Geometry BVH Cylinder.013 99/808 | Building mesh BLAS |      60 tris | Cylinder.013
Fra:1 Mem:227.93M (Peak 303.25M) | Time:00:00.22 | Mem:113.28M, Peak:113.28M | Scene, ViewLayer | Updating Geometry BVH North colonnade arch vault.005 797/808 | Building BVH
Fra:1 Mem:227.93M (Peak 303.25M) | Time:00:00.22 | Mem:113.28M, Peak:113.28M | Scene, ViewLayer | Updating Geometry BVH Cylinder.014 100/808 | Building BVH
Fra:1 Mem:227.93M (Peak 303.25M) | Time:00:00.22 | Mem:113.28M, Peak:113.28M | Scene, ViewLayer | Updating Geometry BVH Cylinder.014 100/808 | Building mesh BLAS |    1436 tris | North colonnade arch vault.005
Fra:1 Mem:227.93M (Peak 303.25M) | Time:00:00.22 | Mem:113.28M, Peak:113.28M | Scene, ViewLayer | Updating Geometry BVH Cylinder.014 100/808 | Building mesh BLAS |      60 tris | Cylinder.014
Fra:1 Mem:227.93M (Peak 303.25M) | Time:00:00.22 | Mem:113.28M, Peak:113.28M | Scene, ViewLayer | Updating Geometry BVH Cylinder.015 101/808 | Building BVH
Fra:1 Mem:227.93M (Peak 303.25M) | Time:00:00.22 | Mem:113.28M, Peak:113.28M | Scene, ViewLayer | Updating Geometry BVH Cylinder.015 101/808 | Building mesh BLAS |      60 tris | Cylinder.015
Fra:1 Mem:227.93M (Peak 303.25M) | Time:00:00.22 | Mem:113.28M, Peak:113.28M | Scene, ViewLayer | Updating Geometry BVH Cylinder.016 102/808 | Building BVH
Fra:1 Mem:227.93M (Peak 303.25M) | Time:00:00.22 | Mem:113.28M, Peak:113.28M | Scene, ViewLayer | Updating Geometry BVH Cylinder.016 102/808 | Building mesh BLAS |      60 tris | Cylinder.016
Fra:1 Mem:227.93M (Peak 303.25M) | Time:00:00.22 | Mem:113.28M, Peak:113.28M | Scene, ViewLayer | Updating Geometry BVH Cylinder.017 103/808 | Building BVH
Fra:1 Mem:227.93M (Peak 303.25M) | Time:00:00.22 | Mem:113.28M, Peak:113.28M | Scene, ViewLayer | Updating Geometry BVH Cylinder.017 103/808 | Building mesh BLAS |      60 tris | Cylinder.017
Fra:1 Mem:227.93M (Peak 303.25M) | Time:00:00.22 | Mem:113.28M, Peak:113.28M | Scene, ViewLayer | Updating Geometry BVH Cylinder.018 104/808 | Building BVH
Fra:1 Mem:227.93M (Peak 303.25M) | Time:00:00.22 | Mem:113.28M, Peak:113.28M | Scene, ViewLayer | Updating Geometry BVH Cylinder.018 104/808 | Building mesh BLAS |      60 tris | Cylinder.018
Fra:1 Mem:227.93M (Peak 303.25M) | Time:00:00.22 | Mem:113.28M, Peak:113.28M | Scene, ViewLayer | Updating Geometry BVH Cylinder.019 105/808 | Building BVH
Fra:1 Mem:227.93M (Peak 303.25M) | Time:00:00.22 | Mem:113.28M, Peak:113.28M | Scene, ViewLayer | Updating Geometry BVH Cylinder.019 105/808 | Building mesh BLAS |      60 tris | Cylinder.019
Fra:1 Mem:227.93M (Peak 303.25M) | Time:00:00.22 | Mem:113.28M, Peak:113.28M | Scene, ViewLayer | Updating Geometry BVH Cylinder.020 106/808 | Building BVH
Fra:1 Mem:227.93M (Peak 303.25M) | Time:00:00.22 | Mem:113.28M, Peak:113.28M | Scene, ViewLayer | Updating Geometry BVH Cylinder.020 106/808 | Building mesh BLAS |      60 tris | Cylinder.020
Fra:1 Mem:227.93M (Peak 303.25M) | Time:00:00.22 | Mem:113.28M, Peak:113.28M | Scene, ViewLayer | Updating Geometry BVH Cylinder.021 107/808 | Building BVH
Fra:1 Mem:227.93M (Peak 303.25M) | Time:00:00.22 | Mem:113.28M, Peak:113.28M | Scene, ViewLayer | Updating Geometry BVH Cylinder.021 107/808 | Building mesh BLAS |      60 tris | Cylinder.021
Fra:1 Mem:227.93M (Peak 303.25M) | Time:00:00.22 | Mem:113.28M, Peak:113.28M | Scene, ViewLayer | Updating Geometry BVH Cylinder.022 108/808 | Building BVH
Fra:1 Mem:227.93M (Peak 303.25M) | Time:00:00.22 | Mem:113.28M, Peak:113.28M | Scene, ViewLayer | Updating Geometry BVH Cylinder.022 108/808 | Building mesh BLAS |      60 tris | Cylinder.022
Fra:1 Mem:227.93M (Peak 303.25M) | Time:00:00.22 | Mem:113.28M, Peak:113.28M | Scene, ViewLayer | Updating Geometry BVH Cylinder.023 109/808 | Building BVH
Fra:1 Mem:227.93M (Peak 303.25M) | Time:00:00.22 | Mem:113.28M, Peak:113.28M | Scene, ViewLayer | Updating Geometry BVH Cylinder.023 109/808 | Building mesh BLAS |      60 tris | Cylinder.023
Fra:1 Mem:227.93M (Peak 303.25M) | Time:00:00.22 | Mem:113.28M, Peak:113.28M | Scene, ViewLayer | Updating Geometry BVH Cylinder.024 110/808 | Building BVH
Fra:1 Mem:227.93M (Peak 303.25M) | Time:00:00.22 | Mem:113.28M, Peak:113.28M | Scene, ViewLayer | Updating Geometry BVH Cylinder.024 110/808 | Building mesh BLAS |      60 tris | Cylinder.024
Fra:1 Mem:227.93M (Peak 303.25M) | Time:00:00.22 | Mem:113.28M, Peak:113.28M | Scene, ViewLayer | Updating Geometry BVH Cylinder.025 111/808 | Building BVH
Fra:1 Mem:227.93M (Peak 303.25M) | Time:00:00.22 | Mem:113.28M, Peak:113.28M | Scene, ViewLayer | Updating Geometry BVH Cylinder.025 111/808 | Building mesh BLAS |      60 tris | Cylinder.025
Fra:1 Mem:227.93M (Peak 303.25M) | Time:00:00.22 | Mem:113.28M, Peak:113.28M | Scene, ViewLayer | Updating Geometry BVH Cylinder.026 112/808 | Building BVH
Fra:1 Mem:227.93M (Peak 303.25M) | Time:00:00.22 | Mem:113.28M, Peak:113.28M | Scene, ViewLayer | Updating Geometry BVH Cylinder.026 112/808 | Building mesh BLAS |      60 tris | Cylinder.026
Fra:1 Mem:227.93M (Peak 303.25M) | Time:00:00.22 | Mem:113.28M, Peak:113.28M | Scene, ViewLayer | Updating Geometry BVH Cylinder.027 113/808 | Building BVH
Fra:1 Mem:227.93M (Peak 303.25M) | Time:00:00.22 | Mem:113.28M, Peak:113.28M | Scene, ViewLayer | Updating Geometry BVH Cylinder.027 113/808 | Building mesh BLAS |      60 tris | Cylinder.027
Fra:1 Mem:227.93M (Peak 303.25M) | Time:00:00.22 | Mem:113.28M, Peak:113.28M | Scene, ViewLayer | Updating Geometry BVH Cylinder.028 114/808 | Building BVH
Fra:1 Mem:227.93M (Peak 303.25M) | Time:00:00.22 | Mem:113.28M, Peak:113.28M | Scene, ViewLayer | Updating Geometry BVH Cylinder.028 114/808 | Building mesh BLAS |      60 tris | Cylinder.028
Fra:1 Mem:227.93M (Peak 303.25M) | Time:00:00.22 | Mem:113.29M, Peak:113.29M | Scene, ViewLayer | Updating Geometry BVH Cylinder.029 115/808 | Building BVH
Fra:1 Mem:227.93M (Peak 303.25M) | Time:00:00.22 | Mem:113.29M, Peak:113.29M | Scene, ViewLayer | Updating Geometry BVH Cylinder.029 115/808 | Building mesh BLAS |      60 tris | Cylinder.029
Fra:1 Mem:227.93M (Peak 303.25M) | Time:00:00.22 | Mem:113.29M, Peak:113.29M | Scene, ViewLayer | Updating Geometry BVH Cylinder.030 116/808 | Building BVH
Fra:1 Mem:227.93M (Peak 303.25M) | Time:00:00.22 | Mem:113.29M, Peak:113.29M | Scene, ViewLayer | Updating Geometry BVH Cylinder.030 116/808 | Building mesh BLAS |      60 tris | Cylinder.030
Fra:1 Mem:227.93M (Peak 303.25M) | Time:00:00.22 | Mem:113.29M, Peak:113.29M | Scene, ViewLayer | Updating Geometry BVH North colonnade arch vault.004 796/808 | Building BVH
Fra:1 Mem:227.93M (Peak 303.25M) | Time:00:00.22 | Mem:113.29M, Peak:113.29M | Scene, ViewLayer | Updating Geometry BVH Cylinder.031 117/808 | Building BVH
Fra:1 Mem:227.93M (Peak 303.25M) | Time:00:00.22 | Mem:113.29M, Peak:113.29M | Scene, ViewLayer | Updating Geometry BVH Cylinder.031 117/808 | Building mesh BLAS |      60 tris | Cylinder.031
Fra:1 Mem:227.93M (Peak 303.25M) | Time:00:00.22 | Mem:113.29M, Peak:113.29M | Scene, ViewLayer | Updating Geometry BVH Cylinder.031 117/808 | Building mesh BLAS |    1436 tris | North colonnade arch vault.004
Fra:1 Mem:227.93M (Peak 303.25M) | Time:00:00.22 | Mem:113.29M, Peak:113.29M | Scene, ViewLayer | Updating Geometry BVH Cylinder.032 118/808 | Building BVH
Fra:1 Mem:227.93M (Peak 303.25M) | Time:00:00.22 | Mem:113.29M, Peak:113.29M | Scene, ViewLayer | Updating Geometry BVH Cylinder.032 118/808 | Building mesh BLAS |      60 tris | Cylinder.032
Fra:1 Mem:227.93M (Peak 303.25M) | Time:00:00.22 | Mem:113.30M, Peak:113.30M | Scene, ViewLayer | Updating Geometry BVH Cylinder.033 119/808 | Building BVH
Fra:1 Mem:227.93M (Peak 303.25M) | Time:00:00.22 | Mem:113.30M, Peak:113.30M | Scene, ViewLayer | Updating Geometry BVH Cylinder.033 119/808 | Building mesh BLAS |      60 tris | Cylinder.033
Fra:1 Mem:227.93M (Peak 303.25M) | Time:00:00.22 | Mem:113.31M, Peak:113.31M | Scene, ViewLayer | Updating Geometry BVH Cylinder.034 120/808 | Building BVH
Fra:1 Mem:227.93M (Peak 303.25M) | Time:00:00.22 | Mem:113.31M, Peak:113.31M | Scene, ViewLayer | Updating Geometry BVH Cylinder.034 120/808 | Building mesh BLAS |      60 tris | Cylinder.034
Fra:1 Mem:227.93M (Peak 303.25M) | Time:00:00.22 | Mem:113.33M, Peak:113.33M | Scene, ViewLayer | Updating Geometry BVH Cylinder.035 121/808 | Building BVH
Fra:1 Mem:227.93M (Peak 303.25M) | Time:00:00.22 | Mem:113.33M, Peak:113.33M | Scene, ViewLayer | Updating Geometry BVH Cylinder.035 121/808 | Building mesh BLAS |      60 tris | Cylinder.035
Fra:1 Mem:227.93M (Peak 303.25M) | Time:00:00.22 | Mem:113.33M, Peak:113.33M | Scene, ViewLayer | Updating Geometry BVH Cylinder.036 122/808 | Building BVH
Fra:1 Mem:227.93M (Peak 303.25M) | Time:00:00.22 | Mem:113.33M, Peak:113.33M | Scene, ViewLayer | Updating Geometry BVH Cylinder.036 122/808 | Building mesh BLAS |      60 tris | Cylinder.036
Fra:1 Mem:227.93M (Peak 303.25M) | Time:00:00.22 | Mem:113.34M, Peak:113.34M | Scene, ViewLayer | Updating Geometry BVH Cylinder.037 123/808 | Building BVH
Fra:1 Mem:227.93M (Peak 303.25M) | Time:00:00.22 | Mem:113.34M, Peak:113.34M | Scene, ViewLayer | Updating Geometry BVH Cylinder.037 123/808 | Building mesh BLAS |      60 tris | Cylinder.037
Fra:1 Mem:227.93M (Peak 303.25M) | Time:00:00.22 | Mem:113.35M, Peak:113.35M | Scene, ViewLayer | Updating Geometry BVH Cylinder.038 124/808 | Building BVH
Fra:1 Mem:227.93M (Peak 303.25M) | Time:00:00.22 | Mem:113.36M, Peak:113.36M | Scene, ViewLayer | Updating Geometry BVH Cylinder.038 124/808 | Building mesh BLAS |      60 tris | Cylinder.038
Fra:1 Mem:227.93M (Peak 303.25M) | Time:00:00.22 | Mem:113.37M, Peak:113.37M | Scene, ViewLayer | Updating Geometry BVH Cylinder.039 125/808 | Building BVH
Fra:1 Mem:227.93M (Peak 303.25M) | Time:00:00.22 | Mem:113.37M, Peak:113.37M | Scene, ViewLayer | Updating Geometry BVH Cylinder.039 125/808 | Building mesh BLAS |      60 tris | Cylinder.039
Fra:1 Mem:227.93M (Peak 303.25M) | Time:00:00.22 | Mem:113.40M, Peak:113.40M | Scene, ViewLayer | Updating Geometry BVH Cylinder.041 127/808 | Building BVH
Fra:1 Mem:227.93M (Peak 303.25M) | Time:00:00.22 | Mem:113.40M, Peak:113.40M | Scene, ViewLayer | Updating Geometry BVH Cylinder.041 127/808 | Building mesh BLAS |      60 tris | Cylinder.041
Fra:1 Mem:227.93M (Peak 303.25M) | Time:00:00.22 | Mem:113.40M, Peak:113.40M | Scene, ViewLayer | Updating Geometry BVH Cylinder.040 126/808 | Building BVH
Fra:1 Mem:227.93M (Peak 303.25M) | Time:00:00.22 | Mem:113.40M, Peak:113.40M | Scene, ViewLayer | Updating Geometry BVH Cylinder.040 126/808 | Building mesh BLAS |      60 tris | Cylinder.040
Fra:1 Mem:227.93M (Peak 303.25M) | Time:00:00.22 | Mem:113.50M, Peak:113.50M | Scene, ViewLayer | Updating Geometry BVH Cylinder.042 128/808 | Building BVH
Fra:1 Mem:227.93M (Peak 303.25M) | Time:00:00.22 | Mem:113.50M, Peak:113.50M | Scene, ViewLayer | Updating Geometry BVH Cylinder.042 128/808 | Building mesh BLAS |      60 tris | Cylinder.042
Fra:1 Mem:227.93M (Peak 303.25M) | Time:00:00.22 | Mem:113.53M, Peak:113.53M | Scene, ViewLayer | Updating Geometry BVH Cylinder.043 129/808 | Building BVH
Fra:1 Mem:227.93M (Peak 303.25M) | Time:00:00.22 | Mem:113.53M, Peak:113.53M | Scene, ViewLayer | Updating Geometry BVH Cylinder.043 129/808 | Building mesh BLAS |      60 tris | Cylinder.043
Fra:1 Mem:227.93M (Peak 303.25M) | Time:00:00.22 | Mem:113.53M, Peak:113.53M | Scene, ViewLayer | Updating Geometry BVH Cylinder.044 130/808 | Building BVH
Fra:1 Mem:227.93M (Peak 303.25M) | Time:00:00.22 | Mem:113.53M, Peak:113.53M | Scene, ViewLayer | Updating Geometry BVH Cylinder.044 130/808 | Building mesh BLAS |      60 tris | Cylinder.044
Fra:1 Mem:227.93M (Peak 303.25M) | Time:00:00.22 | Mem:113.55M, Peak:113.55M | Scene, ViewLayer | Updating Geometry BVH Cylinder.045 131/808 | Building BVH
Fra:1 Mem:227.93M (Peak 303.25M) | Time:00:00.22 | Mem:113.55M, Peak:113.55M | Scene, ViewLayer | Updating Geometry BVH Cylinder.045 131/808 | Building mesh BLAS |      60 tris | Cylinder.045
Fra:1 Mem:227.93M (Peak 303.25M) | Time:00:00.22 | Mem:113.58M, Peak:113.58M | Scene, ViewLayer | Updating Geometry BVH Cylinder.046 132/808 | Building BVH
Fra:1 Mem:227.93M (Peak 303.25M) | Time:00:00.22 | Mem:113.59M, Peak:113.59M | Scene, ViewLayer | Updating Geometry BVH Cylinder.046 132/808 | Building mesh BLAS |      60 tris | Cylinder.046
Fra:1 Mem:227.93M (Peak 303.25M) | Time:00:00.22 | Mem:113.60M, Peak:113.60M | Scene, ViewLayer | Updating Geometry BVH Cylinder.047 133/808 | Building BVH
Fra:1 Mem:227.93M (Peak 303.25M) | Time:00:00.22 | Mem:113.61M, Peak:113.61M | Scene, ViewLayer | Updating Geometry BVH Cylinder.047 133/808 | Building mesh BLAS |      60 tris | Cylinder.047
Fra:1 Mem:227.93M (Peak 303.25M) | Time:00:00.22 | Mem:113.61M, Peak:113.61M | Scene, ViewLayer | Updating Geometry BVH North colonnade arch vault.003 795/808 | Building BVH
Fra:1 Mem:227.93M (Peak 303.25M) | Time:00:00.22 | Mem:113.61M, Peak:113.61M | Scene, ViewLayer | Updating Geometry BVH Cylinder.048 134/808 | Building BVH
Fra:1 Mem:227.93M (Peak 303.25M) | Time:00:00.22 | Mem:113.61M, Peak:113.61M | Scene, ViewLayer | Updating Geometry BVH Cylinder.048 134/808 | Building mesh BLAS |    1436 tris | North colonnade arch vault.003
Fra:1 Mem:227.93M (Peak 303.25M) | Time:00:00.22 | Mem:113.61M, Peak:113.61M | Scene, ViewLayer | Updating Geometry BVH Cylinder.048 134/808 | Building mesh BLAS |      60 tris | Cylinder.048
Fra:1 Mem:227.93M (Peak 303.25M) | Time:00:00.22 | Mem:113.74M, Peak:113.74M | Scene, ViewLayer | Updating Geometry BVH Cylinder.049 135/808 | Building BVH
Fra:1 Mem:227.93M (Peak 303.25M) | Time:00:00.22 | Mem:113.74M, Peak:113.74M | Scene, ViewLayer | Updating Geometry BVH Cylinder.050 136/808 | Building BVH
Fra:1 Mem:227.93M (Peak 303.25M) | Time:00:00.23 | Mem:113.74M, Peak:113.74M | Scene, ViewLayer | Updating Geometry BVH Cylinder.050 136/808 | Building mesh BLAS |      60 tris | Cylinder.049
Fra:1 Mem:227.93M (Peak 303.25M) | Time:00:00.23 | Mem:113.74M, Peak:113.74M | Scene, ViewLayer | Updating Geometry BVH Cylinder.050 136/808 | Building mesh BLAS |      60 tris | Cylinder.050
Fra:1 Mem:227.93M (Peak 303.25M) | Time:00:00.23 | Mem:113.76M, Peak:113.76M | Scene, ViewLayer | Updating Geometry BVH Cylinder.051 137/808 | Building BVH
Fra:1 Mem:227.93M (Peak 303.25M) | Time:00:00.23 | Mem:113.77M, Peak:113.77M | Scene, ViewLayer | Updating Geometry BVH Cylinder.051 137/808 | Building mesh BLAS |      60 tris | Cylinder.051
Fra:1 Mem:227.93M (Peak 303.25M) | Time:00:00.23 | Mem:113.82M, Peak:113.82M | Scene, ViewLayer | Updating Geometry BVH Cylinder.052 138/808 | Building BVH
Fra:1 Mem:227.93M (Peak 303.25M) | Time:00:00.23 | Mem:113.82M, Peak:113.82M | Scene, ViewLayer | Updating Geometry BVH Cylinder.054 140/808 | Building BVH
Fra:1 Mem:227.93M (Peak 303.25M) | Time:00:00.23 | Mem:113.82M, Peak:113.82M | Scene, ViewLayer | Updating Geometry BVH Cylinder.054 140/808 | Building mesh BLAS |      60 tris | Cylinder.054
Fra:1 Mem:227.93M (Peak 303.25M) | Time:00:00.23 | Mem:113.82M, Peak:113.82M | Scene, ViewLayer | Updating Geometry BVH Cylinder.054 140/808 | Building mesh BLAS |      60 tris | Cylinder.053
Fra:1 Mem:227.93M (Peak 303.25M) | Time:00:00.23 | Mem:113.85M, Peak:113.85M | Scene, ViewLayer | Updating Geometry BVH Cylinder.055 141/808 | Building BVH
Fra:1 Mem:227.93M (Peak 303.25M) | Time:00:00.23 | Mem:113.86M, Peak:113.86M | Scene, ViewLayer | Updating Geometry BVH Cylinder.055 141/808 | Building mesh BLAS |      60 tris | Cylinder.055
Fra:1 Mem:227.93M (Peak 303.25M) | Time:00:00.23 | Mem:113.86M, Peak:113.86M | Scene, ViewLayer | Updating Geometry BVH Cylinder.056 142/808 | Building BVH
Fra:1 Mem:227.93M (Peak 303.25M) | Time:00:00.23 | Mem:113.86M, Peak:113.86M | Scene, ViewLayer | Updating Geometry BVH Cylinder.056 142/808 | Building mesh BLAS |      60 tris | Cylinder.056
Fra:1 Mem:227.93M (Peak 303.25M) | Time:00:00.23 | Mem:113.96M, Peak:113.96M | Scene, ViewLayer | Updating Geometry BVH Cylinder.057 143/808 | Building BVH
Fra:1 Mem:227.93M (Peak 303.25M) | Time:00:00.23 | Mem:113.97M, Peak:113.97M | Scene, ViewLayer | Updating Geometry BVH Cylinder.058 144/808 | Building BVH
Fra:1 Mem:227.93M (Peak 303.25M) | Time:00:00.23 | Mem:113.97M, Peak:113.97M | Scene, ViewLayer | Updating Geometry BVH Cylinder.058 144/808 | Building mesh BLAS |      60 tris | Cylinder.057
Fra:1 Mem:227.93M (Peak 303.25M) | Time:00:00.23 | Mem:113.97M, Peak:113.97M | Scene, ViewLayer | Updating Geometry BVH Cylinder.058 144/808 | Building mesh BLAS |      60 tris | Cylinder.058
Fra:1 Mem:227.93M (Peak 303.25M) | Time:00:00.23 | Mem:113.99M, Peak:113.99M | Scene, ViewLayer | Updating Geometry BVH Cylinder.059 145/808 | Building BVH
Fra:1 Mem:227.93M (Peak 303.25M) | Time:00:00.23 | Mem:113.99M, Peak:113.99M | Scene, ViewLayer | Updating Geometry BVH Cylinder.059 145/808 | Building mesh BLAS |      60 tris | Cylinder.059
Fra:1 Mem:227.93M (Peak 303.25M) | Time:00:00.23 | Mem:114.00M, Peak:114.00M | Scene, ViewLayer | Updating Geometry BVH Cylinder.060 146/808 | Building BVH
Fra:1 Mem:227.93M (Peak 303.25M) | Time:00:00.23 | Mem:114.00M, Peak:114.00M | Scene, ViewLayer | Updating Geometry BVH Cylinder.060 146/808 | Building mesh BLAS |      60 tris | Cylinder.060
Fra:1 Mem:227.93M (Peak 303.25M) | Time:00:00.23 | Mem:114.01M, Peak:114.01M | Scene, ViewLayer | Updating Geometry BVH Cylinder.061 147/808 | Building BVH
Fra:1 Mem:227.93M (Peak 303.25M) | Time:00:00.23 | Mem:114.02M, Peak:114.02M | Scene, ViewLayer | Updating Geometry BVH Cylinder.061 147/808 | Building mesh BLAS |      60 tris | Cylinder.061
Fra:1 Mem:227.93M (Peak 303.25M) | Time:00:00.23 | Mem:114.02M, Peak:114.02M | Scene, ViewLayer | Updating Geometry BVH Cylinder.062 148/808 | Building BVH
Fra:1 Mem:227.93M (Peak 303.25M) | Time:00:00.23 | Mem:114.03M, Peak:114.03M | Scene, ViewLayer | Updating Geometry BVH Cylinder.062 148/808 | Building mesh BLAS |      60 tris | Cylinder.062
Fra:1 Mem:227.93M (Peak 303.25M) | Time:00:00.23 | Mem:114.06M, Peak:114.06M | Scene, ViewLayer | Updating Geometry BVH Cylinder.063 149/808 | Building BVH
Fra:1 Mem:227.93M (Peak 303.25M) | Time:00:00.23 | Mem:114.07M, Peak:114.07M | Scene, ViewLayer | Updating Geometry BVH Cylinder.063 149/808 | Building mesh BLAS |      60 tris | Cylinder.063
Fra:1 Mem:227.93M (Peak 303.25M) | Time:00:00.23 | Mem:114.08M, Peak:114.08M | Scene, ViewLayer | Updating Geometry BVH North colonnade arch vault.002 794/808 | Building BVH
Fra:1 Mem:227.93M (Peak 303.25M) | Time:00:00.23 | Mem:114.08M, Peak:114.08M | Scene, ViewLayer | Updating Geometry BVH North colonnade arch vault.002 794/808 | Building mesh BLAS |    1436 tris | North colonnade arch vault.002
Fra:1 Mem:227.93M (Peak 303.25M) | Time:00:00.23 | Mem:114.09M, Peak:114.09M | Scene, ViewLayer | Updating Geometry BVH Cylinder.064 150/808 | Building BVH
Fra:1 Mem:227.93M (Peak 303.25M) | Time:00:00.23 | Mem:114.10M, Peak:114.10M | Scene, ViewLayer | Updating Geometry BVH Cylinder.064 150/808 | Building mesh BLAS |      60 tris | Cylinder.064
Fra:1 Mem:227.93M (Peak 303.25M) | Time:00:00.23 | Mem:114.10M, Peak:114.10M | Scene, ViewLayer | Updating Geometry BVH Cylinder.065 151/808 | Building BVH
Fra:1 Mem:227.93M (Peak 303.25M) | Time:00:00.23 | Mem:114.10M, Peak:114.10M | Scene, ViewLayer | Updating Geometry BVH Cylinder.065 151/808 | Building mesh BLAS |      60 tris | Cylinder.065
Fra:1 Mem:227.93M (Peak 303.25M) | Time:00:00.23 | Mem:114.11M, Peak:114.11M | Scene, ViewLayer | Updating Geometry BVH Cylinder.066 152/808 | Building BVH
Fra:1 Mem:227.93M (Peak 303.25M) | Time:00:00.23 | Mem:114.11M, Peak:114.11M | Scene, ViewLayer | Updating Geometry BVH Cylinder.066 152/808 | Building mesh BLAS |      60 tris | Cylinder.066
Fra:1 Mem:227.93M (Peak 303.25M) | Time:00:00.23 | Mem:114.12M, Peak:114.12M | Scene, ViewLayer | Updating Geometry BVH Cylinder.067 153/808 | Building BVH
Fra:1 Mem:227.93M (Peak 303.25M) | Time:00:00.23 | Mem:114.14M, Peak:114.14M | Scene, ViewLayer | Updating Geometry BVH Cylinder.067 153/808 | Building mesh BLAS |      60 tris | Cylinder.067
Fra:1 Mem:227.93M (Peak 303.25M) | Time:00:00.23 | Mem:114.23M, Peak:114.23M | Scene, ViewLayer | Updating Geometry BVH Cylinder.068 154/808 | Building BVH
Fra:1 Mem:227.93M (Peak 303.25M) | Time:00:00.23 | Mem:114.23M, Peak:114.23M | Scene, ViewLayer | Updating Geometry BVH Cylinder.068 154/808 | Building mesh BLAS |      60 tris | Cylinder.068
Fra:1 Mem:227.93M (Peak 303.25M) | Time:00:00.23 | Mem:114.25M, Peak:114.25M | Scene, ViewLayer | Updating Geometry BVH Cylinder.069 155/808 | Building BVH
Fra:1 Mem:227.93M (Peak 303.25M) | Time:00:00.23 | Mem:114.27M, Peak:114.27M | Scene, ViewLayer | Updating Geometry BVH Cylinder.069 155/808 | Building mesh BLAS |      60 tris | Cylinder.069
Fra:1 Mem:227.93M (Peak 303.25M) | Time:00:00.23 | Mem:114.28M, Peak:114.28M | Scene, ViewLayer | Updating Geometry BVH Cylinder.070 156/808 | Building BVH
Fra:1 Mem:227.93M (Peak 303.25M) | Time:00:00.23 | Mem:114.28M, Peak:114.28M | Scene, ViewLayer | Updating Geometry BVH Cube.085 158/808 | Building mesh BLAS |      60 tris | Cylinder.070
Fra:1 Mem:227.93M (Peak 303.25M) | Time:00:00.23 | Mem:114.28M, Peak:114.28M | Scene, ViewLayer | Updating Geometry BVH Cube.085 158/808 | Building mesh BLAS |     188 tris | Cube.085
Fra:1 Mem:227.93M (Peak 303.25M) | Time:00:00.23 | Mem:114.28M, Peak:114.28M | Scene, ViewLayer | Updating Geometry BVH Cube.085 158/808 | Building mesh BLAS |      60 tris | Cylinder.071
Fra:1 Mem:227.93M (Peak 303.25M) | Time:00:00.23 | Mem:114.28M, Peak:114.28M | Scene, ViewLayer | Updating Geometry BVH Cube.086 159/808 | Building BVH
Fra:1 Mem:227.93M (Peak 303.25M) | Time:00:00.23 | Mem:114.29M, Peak:114.29M | Scene, ViewLayer | Updating Geometry BVH Cube.087 160/808 | Building BVH
Fra:1 Mem:227.93M (Peak 303.25M) | Time:00:00.23 | Mem:114.30M, Peak:114.30M | Scene, ViewLayer | Updating Geometry BVH Cube.087 160/808 | Building mesh BLAS |     188 tris | Cube.086
Fra:1 Mem:227.93M (Peak 303.25M) | Time:00:00.23 | Mem:114.30M, Peak:114.30M | Scene, ViewLayer | Updating Geometry BVH Cube.087 160/808 | Building mesh BLAS |     188 tris | Cube.087
Fra:1 Mem:227.93M (Peak 303.25M) | Time:00:00.23 | Mem:114.31M, Peak:114.31M | Scene, ViewLayer | Updating Geometry BVH Cube.088 161/808 | Building BVH
Fra:1 Mem:227.93M (Peak 303.25M) | Time:00:00.23 | Mem:114.32M, Peak:114.32M | Scene, ViewLayer | Updating Geometry BVH Cube.089 162/808 | Building BVH
Fra:1 Mem:227.93M (Peak 303.25M) | Time:00:00.23 | Mem:114.32M, Peak:114.32M | Scene, ViewLayer | Updating Geometry BVH Cube.089 162/808 | Building mesh BLAS |     188 tris | Cube.088
Fra:1 Mem:227.93M (Peak 303.25M) | Time:00:00.23 | Mem:114.33M, Peak:114.33M | Scene, ViewLayer | Updating Geometry BVH Cube.090 163/808 | Building mesh BLAS |     188 tris | Cube.089
Fra:1 Mem:227.93M (Peak 303.25M) | Time:00:00.23 | Mem:114.34M, Peak:114.34M | Scene, ViewLayer | Updating Geometry BVH Cube.090 163/808 | Building mesh BLAS |     188 tris | Cube.090
Fra:1 Mem:227.93M (Peak 303.25M) | Time:00:00.23 | Mem:114.34M, Peak:114.34M | Scene, ViewLayer | Updating Geometry BVH Cube.091 164/808 | Building BVH
Fra:1 Mem:227.93M (Peak 303.25M) | Time:00:00.23 | Mem:114.35M, Peak:114.35M | Scene, ViewLayer | Updating Geometry BVH Cube.092 165/808 | Building BVH
Fra:1 Mem:227.93M (Peak 303.25M) | Time:00:00.23 | Mem:114.36M, Peak:114.36M | Scene, ViewLayer | Updating Geometry BVH Cube.092 165/808 | Building mesh BLAS |     188 tris | Cube.092
Fra:1 Mem:227.93M (Peak 303.25M) | Time:00:00.23 | Mem:114.36M, Peak:114.36M | Scene, ViewLayer | Updating Geometry BVH Cube.093 166/808 | Building BVH
Fra:1 Mem:227.93M (Peak 303.25M) | Time:00:00.23 | Mem:114.36M, Peak:114.36M | Scene, ViewLayer | Updating Geometry BVH Cube.093 166/808 | Building mesh BLAS |     188 tris | Cube.093
Fra:1 Mem:227.93M (Peak 303.25M) | Time:00:00.23 | Mem:114.37M, Peak:114.37M | Scene, ViewLayer | Updating Geometry BVH North colonnade arch vault.001 793/808 | Building BVH
Fra:1 Mem:227.93M (Peak 303.25M) | Time:00:00.23 | Mem:114.47M, Peak:114.47M | Scene, ViewLayer | Updating Geometry BVH North colonnade arch vault.001 793/808 | Building mesh BLAS |    1436 tris | North colonnade arch vault.001
Fra:1 Mem:227.93M (Peak 303.25M) | Time:00:00.23 | Mem:114.47M, Peak:114.47M | Scene, ViewLayer | Updating Geometry BVH Cube.094 167/808 | Building BVH
Fra:1 Mem:227.93M (Peak 303.25M) | Time:00:00.23 | Mem:114.47M, Peak:114.47M | Scene, ViewLayer | Updating Geometry BVH Cube.095 168/808 | Building BVH
Fra:1 Mem:227.93M (Peak 303.25M) | Time:00:00.23 | Mem:114.48M, Peak:114.48M | Scene, ViewLayer | Updating Geometry BVH Cube.095 168/808 | Building mesh BLAS |     188 tris | Cube.094
Fra:1 Mem:227.93M (Peak 303.25M) | Time:00:00.23 | Mem:114.50M, Peak:114.50M | Scene, ViewLayer | Updating Geometry BVH Cube.097 170/808 | Building BVH
Fra:1 Mem:227.93M (Peak 303.25M) | Time:00:00.23 | Mem:114.50M, Peak:114.50M | Scene, ViewLayer | Updating Geometry BVH Cube.099 172/808 | Building BVH
Fra:1 Mem:227.93M (Peak 303.25M) | Time:00:00.23 | Mem:114.51M, Peak:114.51M | Scene, ViewLayer | Updating Geometry BVH Cube.100 173/808 | Building mesh BLAS |     188 tris | Cube.099
Fra:1 Mem:227.93M (Peak 303.25M) | Time:00:00.23 | Mem:114.51M, Peak:114.51M | Scene, ViewLayer | Updating Geometry BVH Cube.100 173/808 | Building mesh BLAS |     188 tris | Cube.098
Fra:1 Mem:227.93M (Peak 303.25M) | Time:00:00.23 | Mem:114.51M, Peak:114.51M | Scene, ViewLayer | Updating Geometry BVH Cube.101 174/808 | Building BVH
Fra:1 Mem:227.93M (Peak 303.25M) | Time:00:00.23 | Mem:114.51M, Peak:114.51M | Scene, ViewLayer | Updating Geometry BVH Cube.102 175/808 | Building BVH
Fra:1 Mem:227.93M (Peak 303.25M) | Time:00:00.23 | Mem:114.51M, Peak:114.51M | Scene, ViewLayer | Updating Geometry BVH Cube.103 176/808 | Building mesh BLAS |     188 tris | Cube.096
Fra:1 Mem:227.93M (Peak 303.25M) | Time:00:00.23 | Mem:114.51M, Peak:114.51M | Scene, ViewLayer | Updating Geometry BVH Cube.103 176/808 | Building mesh BLAS |     188 tris | Cube.102
Fra:1 Mem:227.93M (Peak 303.25M) | Time:00:00.23 | Mem:114.53M, Peak:114.53M | Scene, ViewLayer | Updating Geometry BVH Cube.106 179/808 | Building BVH
Fra:1 Mem:227.93M (Peak 303.25M) | Time:00:00.23 | Mem:114.53M, Peak:114.53M | Scene, ViewLayer | Updating Geometry BVH Cube.104 177/808 | Building BVH
Fra:1 Mem:227.93M (Peak 303.25M) | Time:00:00.23 | Mem:114.53M, Peak:114.53M | Scene, ViewLayer | Updating Geometry BVH Cube.107 180/808 | Building BVH
Fra:1 Mem:227.93M (Peak 303.25M) | Time:00:00.23 | Mem:114.53M, Peak:114.53M | Scene, ViewLayer | Updating Geometry BVH Cube.105 178/808 | Building BVH
Fra:1 Mem:227.93M (Peak 303.25M) | Time:00:00.23 | Mem:114.53M, Peak:114.53M | Scene, ViewLayer | Updating Geometry BVH Cube.108 181/808 | Building mesh BLAS |     188 tris | Cube.106
Fra:1 Mem:227.93M (Peak 303.25M) | Time:00:00.23 | Mem:114.53M, Peak:114.53M | Scene, ViewLayer | Updating Geometry BVH Cube.108 181/808 | Building mesh BLAS |     188 tris | Cube.107
Fra:1 Mem:227.93M (Peak 303.25M) | Time:00:00.23 | Mem:114.53M, Peak:114.53M | Scene, ViewLayer | Updating Geometry BVH Cube.109 182/808 | Building BVH
Fra:1 Mem:227.93M (Peak 303.25M) | Time:00:00.23 | Mem:114.53M, Peak:114.53M | Scene, ViewLayer | Updating Geometry BVH Cube.109 182/808 | Building mesh BLAS |     188 tris | Cube.109
Fra:1 Mem:227.93M (Peak 303.25M) | Time:00:00.23 | Mem:114.53M, Peak:114.53M | Scene, ViewLayer | Updating Geometry BVH Cube.109 182/808 | Building mesh BLAS |     188 tris | Cube.105
Fra:1 Mem:227.93M (Peak 303.25M) | Time:00:00.23 | Mem:114.54M, Peak:114.54M | Scene, ViewLayer | Updating Geometry BVH Cube.110 183/808 | Building BVH
Fra:1 Mem:227.93M (Peak 303.25M) | Time:00:00.23 | Mem:114.62M, Peak:114.62M | Scene, ViewLayer | Updating Geometry BVH Cube.110 183/808 | Building mesh BLAS |     188 tris | Cube.110
Fra:1 Mem:227.93M (Peak 303.25M) | Time:00:00.23 | Mem:114.62M, Peak:114.62M | Scene, ViewLayer | Updating Geometry BVH North colonnade arch vault 792/808 | Building BVH
Fra:1 Mem:227.93M (Peak 303.25M) | Time:00:00.23 | Mem:114.62M, Peak:114.62M | Scene, ViewLayer | Updating Geometry BVH Cube.111 184/808 | Building BVH
Fra:1 Mem:227.93M (Peak 303.25M) | Time:00:00.23 | Mem:114.62M, Peak:114.62M | Scene, ViewLayer | Updating Geometry BVH Cube.112 185/808 | Building BVH
Fra:1 Mem:227.93M (Peak 303.25M) | Time:00:00.23 | Mem:114.62M, Peak:114.62M | Scene, ViewLayer | Updating Geometry BVH Cube.112 185/808 | Building mesh BLAS |    1436 tris | North colonnade arch vault
Fra:1 Mem:227.93M (Peak 303.25M) | Time:00:00.23 | Mem:114.62M, Peak:114.62M | Scene, ViewLayer | Updating Geometry BVH Cube.112 185/808 | Building mesh BLAS |     188 tris | Cube.111
Fra:1 Mem:227.93M (Peak 303.25M) | Time:00:00.23 | Mem:114.62M, Peak:114.62M | Scene, ViewLayer | Updating Geometry BVH Cube.112 185/808 | Building mesh BLAS |     188 tris | Cube.103
Fra:1 Mem:227.93M (Peak 303.25M) | Time:00:00.23 | Mem:114.64M, Peak:114.64M | Scene, ViewLayer | Updating Geometry BVH Cube.113 186/808 | Building BVH
Fra:1 Mem:227.93M (Peak 303.25M) | Time:00:00.23 | Mem:114.64M, Peak:114.64M | Scene, ViewLayer | Updating Geometry BVH Cube.114 187/808 | Building BVH
Fra:1 Mem:227.93M (Peak 303.25M) | Time:00:00.23 | Mem:114.64M, Peak:114.64M | Scene, ViewLayer | Updating Geometry BVH Cube.115 188/808 | Building mesh BLAS |     552 tris | Cube.113
Fra:1 Mem:227.93M (Peak 303.25M) | Time:00:00.23 | Mem:114.64M, Peak:114.64M | Scene, ViewLayer | Updating Geometry BVH Cube.115 188/808 | Building mesh BLAS |     524 tris | Cube.114
Fra:1 Mem:227.93M (Peak 303.25M) | Time:00:00.23 | Mem:114.65M, Peak:114.65M | Scene, ViewLayer | Updating Geometry BVH Cube.115 188/808 | Building mesh BLAS |     188 tris | Cube.115
Fra:1 Mem:227.93M (Peak 303.25M) | Time:00:00.23 | Mem:114.65M, Peak:114.65M | Scene, ViewLayer | Updating Geometry BVH Cube.116 189/808 | Building BVH
Fra:1 Mem:227.93M (Peak 303.25M) | Time:00:00.23 | Mem:114.65M, Peak:114.65M | Scene, ViewLayer | Updating Geometry BVH Cube.116 189/808 | Building mesh BLAS |     188 tris | Cube.116
Fra:1 Mem:227.93M (Peak 303.25M) | Time:00:00.23 | Mem:114.65M, Peak:114.65M | Scene, ViewLayer | Updating Geometry BVH Cube.117 190/808 | Building BVH
Fra:1 Mem:227.93M (Peak 303.25M) | Time:00:00.23 | Mem:114.65M, Peak:114.65M | Scene, ViewLayer | Updating Geometry BVH Cube.117 190/808 | Building mesh BLAS |     188 tris | Cube.117
Fra:1 Mem:227.93M (Peak 303.25M) | Time:00:00.23 | Mem:114.65M, Peak:114.65M | Scene, ViewLayer | Updating Geometry BVH Cube.118 191/808 | Building BVH
Fra:1 Mem:227.93M (Peak 303.25M) | Time:00:00.23 | Mem:114.65M, Peak:114.65M | Scene, ViewLayer | Updating Geometry BVH Cube.119 192/808 | Building BVH
Fra:1 Mem:227.93M (Peak 303.25M) | Time:00:00.23 | Mem:114.65M, Peak:114.65M | Scene, ViewLayer | Updating Geometry BVH Cube.119 192/808 | Building mesh BLAS |     188 tris | Cube.119
Fra:1 Mem:227.93M (Peak 303.25M) | Time:00:00.23 | Mem:114.65M, Peak:114.65M | Scene, ViewLayer | Updating Geometry BVH Cube.120 193/808 | Building BVH
Fra:1 Mem:227.93M (Peak 303.25M) | Time:00:00.23 | Mem:114.66M, Peak:114.66M | Scene, ViewLayer | Updating Geometry BVH Cube.122 195/808 | Building BVH
Fra:1 Mem:227.93M (Peak 303.25M) | Time:00:00.23 | Mem:114.66M, Peak:114.66M | Scene, ViewLayer | Updating Geometry BVH Cube.123 196/808 | Building BVH
Fra:1 Mem:227.93M (Peak 303.25M) | Time:00:00.23 | Mem:114.66M, Peak:114.66M | Scene, ViewLayer | Updating Geometry BVH Cube.124 197/808 | Building mesh BLAS |     188 tris | Cube.122
Fra:1 Mem:227.93M (Peak 303.25M) | Time:00:00.23 | Mem:114.66M, Peak:114.66M | Scene, ViewLayer | Updating Geometry BVH Cube.124 197/808 | Building mesh BLAS |     188 tris | Cube.123
Fra:1 Mem:227.93M (Peak 303.25M) | Time:00:00.23 | Mem:114.66M, Peak:114.66M | Scene, ViewLayer | Updating Geometry BVH Cube.124 197/808 | Building mesh BLAS |     188 tris | Cube.121
Fra:1 Mem:227.93M (Peak 303.25M) | Time:00:00.23 | Mem:114.66M, Peak:114.66M | Scene, ViewLayer | Updating Geometry BVH Cube.124 197/808 | Building mesh BLAS |     188 tris | Cube.124
Fra:1 Mem:227.93M (Peak 303.25M) | Time:00:00.23 | Mem:114.67M, Peak:114.67M | Scene, ViewLayer | Updating Geometry BVH Cube.125 198/808 | Building BVH
Fra:1 Mem:227.93M (Peak 303.25M) | Time:00:00.23 | Mem:114.67M, Peak:114.67M | Scene, ViewLayer | Updating Geometry BVH Cube.126 199/808 | Building BVH
Fra:1 Mem:227.93M (Peak 303.25M) | Time:00:00.23 | Mem:114.67M, Peak:114.67M | Scene, ViewLayer | Updating Geometry BVH Continuous stair soffit.003 791/808 | Building BVH
Fra:1 Mem:227.93M (Peak 303.25M) | Time:00:00.23 | Mem:114.67M, Peak:114.67M | Scene, ViewLayer | Updating Geometry BVH Cube.127 200/808 | Building BVH
Fra:1 Mem:227.93M (Peak 303.25M) | Time:00:00.23 | Mem:114.68M, Peak:114.68M | Scene, ViewLayer | Updating Geometry BVH Cube.127 200/808 | Building mesh BLAS |     188 tris | Continuous stair soffit.003
Fra:1 Mem:227.93M (Peak 303.25M) | Time:00:00.23 | Mem:114.68M, Peak:114.68M | Scene, ViewLayer | Updating Geometry BVH Cube.127 200/808 | Building mesh BLAS |     188 tris | Cube.127
Fra:1 Mem:227.93M (Peak 303.25M) | Time:00:00.23 | Mem:114.68M, Peak:114.68M | Scene, ViewLayer | Updating Geometry BVH Cube.128 201/808 | Building BVH
Fra:1 Mem:227.93M (Peak 303.25M) | Time:00:00.23 | Mem:114.68M, Peak:114.68M | Scene, ViewLayer | Updating Geometry BVH Cube.129 202/808 | Building BVH
Fra:1 Mem:227.93M (Peak 303.25M) | Time:00:00.23 | Mem:114.68M, Peak:114.68M | Scene, ViewLayer | Updating Geometry BVH Cube.129 202/808 | Building mesh BLAS |     188 tris | Cube.128
Fra:1 Mem:227.93M (Peak 303.25M) | Time:00:00.23 | Mem:114.68M, Peak:114.68M | Scene, ViewLayer | Updating Geometry BVH Cube.129 202/808 | Building mesh BLAS |     188 tris | Cube.129
Fra:1 Mem:227.93M (Peak 303.25M) | Time:00:00.23 | Mem:114.76M, Peak:114.76M | Scene, ViewLayer | Updating Geometry BVH Cube.130 203/808 | Building BVH
Fra:1 Mem:227.93M (Peak 303.25M) | Time:00:00.23 | Mem:114.77M, Peak:114.77M | Scene, ViewLayer | Updating Geometry BVH Cube.130 203/808 | Building mesh BLAS |     188 tris | Cube.130
Fra:1 Mem:227.93M (Peak 303.25M) | Time:00:00.23 | Mem:114.77M, Peak:114.77M | Scene, ViewLayer | Updating Geometry BVH Cube.131 204/808 | Building BVH
Fra:1 Mem:227.93M (Peak 303.25M) | Time:00:00.23 | Mem:114.77M, Peak:114.77M | Scene, ViewLayer | Updating Geometry BVH Cube.133 206/808 | Building BVH
Fra:1 Mem:227.93M (Peak 303.25M) | Time:00:00.23 | Mem:114.77M, Peak:114.77M | Scene, ViewLayer | Updating Geometry BVH Cube.133 206/808 | Building mesh BLAS |     188 tris | Cube.132
Fra:1 Mem:227.93M (Peak 303.25M) | Time:00:00.23 | Mem:114.77M, Peak:114.77M | Scene, ViewLayer | Updating Geometry BVH Cube.133 206/808 | Building mesh BLAS |     188 tris | Cube.131
Fra:1 Mem:227.93M (Peak 303.25M) | Time:00:00.23 | Mem:114.77M, Peak:114.77M | Scene, ViewLayer | Updating Geometry BVH Cube.134 207/808 | Building BVH
Fra:1 Mem:227.93M (Peak 303.25M) | Time:00:00.23 | Mem:114.77M, Peak:114.77M | Scene, ViewLayer | Updating Geometry BVH Cube.134 207/808 | Building mesh BLAS |     188 tris | Cube.134
Fra:1 Mem:227.93M (Peak 303.25M) | Time:00:00.23 | Mem:114.77M, Peak:114.77M | Scene, ViewLayer | Updating Geometry BVH Cube.135 208/808 | Building BVH
Fra:1 Mem:227.93M (Peak 303.25M) | Time:00:00.23 | Mem:114.77M, Peak:114.77M | Scene, ViewLayer | Updating Geometry BVH Cube.135 208/808 | Building mesh BLAS |     188 tris | Cube.135
Fra:1 Mem:227.93M (Peak 303.25M) | Time:00:00.23 | Mem:114.78M, Peak:114.78M | Scene, ViewLayer | Updating Geometry BVH Cube.136 209/808 | Building BVH
Fra:1 Mem:227.93M (Peak 303.25M) | Time:00:00.23 | Mem:114.78M, Peak:114.78M | Scene, ViewLayer | Updating Geometry BVH Cube.136 209/808 | Building mesh BLAS |     188 tris | Cube.136
Fra:1 Mem:227.93M (Peak 303.25M) | Time:00:00.23 | Mem:114.78M, Peak:114.78M | Scene, ViewLayer | Updating Geometry BVH Cube.137 210/808 | Building BVH
Fra:1 Mem:227.93M (Peak 303.25M) | Time:00:00.23 | Mem:114.78M, Peak:114.78M | Scene, ViewLayer | Updating Geometry BVH Cube.138 211/808 | Building BVH
Fra:1 Mem:227.93M (Peak 303.25M) | Time:00:00.23 | Mem:114.78M, Peak:114.78M | Scene, ViewLayer | Updating Geometry BVH Cube.138 211/808 | Building mesh BLAS |     188 tris | Cube.137
Fra:1 Mem:227.93M (Peak 303.25M) | Time:00:00.23 | Mem:114.78M, Peak:114.78M | Scene, ViewLayer | Updating Geometry BVH Cube.138 211/808 | Building mesh BLAS |     188 tris | Cube.138
Fra:1 Mem:227.93M (Peak 303.25M) | Time:00:00.23 | Mem:114.78M, Peak:114.78M | Scene, ViewLayer | Updating Geometry BVH Cube.139 212/808 | Building BVH
Fra:1 Mem:227.93M (Peak 303.25M) | Time:00:00.23 | Mem:114.78M, Peak:114.78M | Scene, ViewLayer | Updating Geometry BVH Cube.139 212/808 | Building mesh BLAS |     188 tris | Cube.139
Fra:1 Mem:227.93M (Peak 303.25M) | Time:00:00.23 | Mem:114.78M, Peak:114.78M | Scene, ViewLayer | Updating Geometry BVH Cube.140 213/808 | Building BVH
Fra:1 Mem:227.93M (Peak 303.25M) | Time:00:00.23 | Mem:114.78M, Peak:114.78M | Scene, ViewLayer | Updating Geometry BVH Cube.141 214/808 | Building BVH
Fra:1 Mem:227.93M (Peak 303.25M) | Time:00:00.23 | Mem:114.78M, Peak:114.78M | Scene, ViewLayer | Updating Geometry BVH Cube.141 214/808 | Building mesh BLAS |     188 tris | Cube.140
Fra:1 Mem:227.93M (Peak 303.25M) | Time:00:00.23 | Mem:114.78M, Peak:114.78M | Scene, ViewLayer | Updating Geometry BVH Cube.141 214/808 | Building mesh BLAS |     188 tris | Cube.141
Fra:1 Mem:227.93M (Peak 303.25M) | Time:00:00.23 | Mem:114.80M, Peak:114.80M | Scene, ViewLayer | Updating Geometry BVH Cube.142 215/808 | Building BVH
Fra:1 Mem:227.93M (Peak 303.25M) | Time:00:00.23 | Mem:114.80M, Peak:114.80M | Scene, ViewLayer | Updating Geometry BVH Continuous stair soffit.002 790/808 | Building BVH
Fra:1 Mem:227.93M (Peak 303.25M) | Time:00:00.23 | Mem:114.80M, Peak:114.80M | Scene, ViewLayer | Updating Geometry BVH Continuous stair soffit.002 790/808 | Building mesh BLAS |     188 tris | Cube.142
Fra:1 Mem:227.93M (Peak 303.25M) | Time:00:00.23 | Mem:114.80M, Peak:114.80M | Scene, ViewLayer | Updating Geometry BVH Continuous stair soffit.002 790/808 | Building mesh BLAS |     188 tris | Continuous stair soffit.002
Fra:1 Mem:227.93M (Peak 303.25M) | Time:00:00.23 | Mem:114.80M, Peak:114.80M | Scene, ViewLayer | Updating Geometry BVH Cube.145 218/808 | Building BVH
Fra:1 Mem:227.93M (Peak 303.25M) | Time:00:00.23 | Mem:114.80M, Peak:114.80M | Scene, ViewLayer | Updating Geometry BVH Cube.145 218/808 | Building mesh BLAS |     188 tris | Cube.143
Fra:1 Mem:227.93M (Peak 303.25M) | Time:00:00.23 | Mem:114.80M, Peak:114.80M | Scene, ViewLayer | Updating Geometry BVH Cube.145 218/808 | Building mesh BLAS |     188 tris | Cube.144
Fra:1 Mem:227.93M (Peak 303.25M) | Time:00:00.23 | Mem:114.80M, Peak:114.80M | Scene, ViewLayer | Updating Geometry BVH Cube.145 218/808 | Building mesh BLAS |     188 tris | Cube.145
Fra:1 Mem:227.93M (Peak 303.25M) | Time:00:00.23 | Mem:114.81M, Peak:114.81M | Scene, ViewLayer | Updating Geometry BVH Cube.146 219/808 | Building BVH
Fra:1 Mem:227.93M (Peak 303.25M) | Time:00:00.23 | Mem:114.82M, Peak:114.82M | Scene, ViewLayer | Updating Geometry BVH Cube.146 219/808 | Building mesh BLAS |     188 tris | Cube.146
Fra:1 Mem:227.93M (Peak 303.25M) | Time:00:00.23 | Mem:114.82M, Peak:114.82M | Scene, ViewLayer | Updating Geometry BVH Cube.147 220/808 | Building BVH
Fra:1 Mem:227.93M (Peak 303.25M) | Time:00:00.23 | Mem:114.82M, Peak:114.82M | Scene, ViewLayer | Updating Geometry BVH Cube.149 222/808 | Building BVH
Fra:1 Mem:227.93M (Peak 303.25M) | Time:00:00.23 | Mem:114.82M, Peak:114.82M | Scene, ViewLayer | Updating Geometry BVH Cube.149 222/808 | Building mesh BLAS |     188 tris | Cube.147
Fra:1 Mem:227.93M (Peak 303.25M) | Time:00:00.23 | Mem:114.82M, Peak:114.82M | Scene, ViewLayer | Updating Geometry BVH Cube.149 222/808 | Building mesh BLAS |     188 tris | Cube.149
Fra:1 Mem:227.93M (Peak 303.25M) | Time:00:00.23 | Mem:114.82M, Peak:114.82M | Scene, ViewLayer | Updating Geometry BVH Cube.150 223/808 | Building mesh BLAS |     188 tris | Cube.148
Fra:1 Mem:227.93M (Peak 303.25M) | Time:00:00.23 | Mem:114.82M, Peak:114.82M | Scene, ViewLayer | Updating Geometry BVH Cube.150 223/808 | Building mesh BLAS |     188 tris | Cube.150
Fra:1 Mem:227.93M (Peak 303.25M) | Time:00:00.23 | Mem:114.83M, Peak:114.83M | Scene, ViewLayer | Updating Geometry BVH Cube.151 224/808 | Building BVH
Fra:1 Mem:227.93M (Peak 303.25M) | Time:00:00.23 | Mem:114.83M, Peak:114.83M | Scene, ViewLayer | Updating Geometry BVH Cube.152 225/808 | Building BVH
Fra:1 Mem:227.93M (Peak 303.25M) | Time:00:00.23 | Mem:114.83M, Peak:114.83M | Scene, ViewLayer | Updating Geometry BVH Cube.153 226/808 | Building mesh BLAS |     188 tris | Cube.151
Fra:1 Mem:227.93M (Peak 303.25M) | Time:00:00.23 | Mem:114.83M, Peak:114.83M | Scene, ViewLayer | Updating Geometry BVH Cube.153 226/808 | Building mesh BLAS |     188 tris | Cube.152
Fra:1 Mem:227.93M (Peak 303.25M) | Time:00:00.23 | Mem:114.83M, Peak:114.83M | Scene, ViewLayer | Updating Geometry BVH Cube.153 226/808 | Building mesh BLAS |     188 tris | Cube.153
Fra:1 Mem:227.93M (Peak 303.25M) | Time:00:00.23 | Mem:114.83M, Peak:114.83M | Scene, ViewLayer | Updating Geometry BVH Cube.154 227/808 | Building BVH
Fra:1 Mem:227.93M (Peak 303.25M) | Time:00:00.23 | Mem:114.83M, Peak:114.83M | Scene, ViewLayer | Updating Geometry BVH Cube.154 227/808 | Building mesh BLAS |     188 tris | Cube.154
Fra:1 Mem:227.93M (Peak 303.25M) | Time:00:00.23 | Mem:114.83M, Peak:114.83M | Scene, ViewLayer | Updating Geometry BVH Cube.155 228/808 | Building BVH
Fra:1 Mem:227.93M (Peak 303.25M) | Time:00:00.23 | Mem:114.83M, Peak:114.83M | Scene, ViewLayer | Updating Geometry BVH Cube.155 228/808 | Building mesh BLAS |     188 tris | Cube.155
Fra:1 Mem:227.93M (Peak 303.25M) | Time:00:00.23 | Mem:114.91M, Peak:114.91M | Scene, ViewLayer | Updating Geometry BVH Cube.156 229/808 | Building BVH
Fra:1 Mem:227.93M (Peak 303.25M) | Time:00:00.23 | Mem:114.91M, Peak:114.91M | Scene, ViewLayer | Updating Geometry BVH Cube.157 230/808 | Building BVH
Fra:1 Mem:227.93M (Peak 303.25M) | Time:00:00.23 | Mem:114.91M, Peak:114.91M | Scene, ViewLayer | Updating Geometry BVH Cube.158 231/808 | Building BVH
Fra:1 Mem:227.93M (Peak 303.25M) | Time:00:00.23 | Mem:114.91M, Peak:114.91M | Scene, ViewLayer | Updating Geometry BVH Cube.158 231/808 | Building mesh BLAS |     188 tris | Cube.157
Fra:1 Mem:227.93M (Peak 303.25M) | Time:00:00.23 | Mem:114.91M, Peak:114.91M | Scene, ViewLayer | Updating Geometry BVH Cube.158 231/808 | Building mesh BLAS |     188 tris | Cube.158
Fra:1 Mem:227.93M (Peak 303.25M) | Time:00:00.23 | Mem:114.93M, Peak:114.93M | Scene, ViewLayer | Updating Geometry BVH Cube.159 232/808 | Building BVH
Fra:1 Mem:227.93M (Peak 303.25M) | Time:00:00.23 | Mem:114.93M, Peak:114.93M | Scene, ViewLayer | Updating Geometry BVH Continuous stair soffit.001 789/808 | Building BVH
Fra:1 Mem:227.93M (Peak 303.25M) | Time:00:00.23 | Mem:114.93M, Peak:114.93M | Scene, ViewLayer | Updating Geometry BVH Continuous stair soffit.001 789/808 | Building mesh BLAS |     188 tris | Cube.159
Fra:1 Mem:227.93M (Peak 303.25M) | Time:00:00.23 | Mem:114.93M, Peak:114.93M | Scene, ViewLayer | Updating Geometry BVH Continuous stair soffit.001 789/808 | Building mesh BLAS |     188 tris | Continuous stair soffit.001
Fra:1 Mem:227.93M (Peak 303.25M) | Time:00:00.23 | Mem:114.93M, Peak:114.93M | Scene, ViewLayer | Updating Geometry BVH Cube.160 233/808 | Building BVH
Fra:1 Mem:227.93M (Peak 303.25M) | Time:00:00.23 | Mem:114.93M, Peak:114.93M | Scene, ViewLayer | Updating Geometry BVH Cube.160 233/808 | Building mesh BLAS |     188 tris | Cube.160
Fra:1 Mem:227.93M (Peak 303.25M) | Time:00:00.23 | Mem:114.94M, Peak:114.94M | Scene, ViewLayer | Updating Geometry BVH Cube.161 234/808 | Building BVH
Fra:1 Mem:227.93M (Peak 303.25M) | Time:00:00.23 | Mem:114.94M, Peak:114.94M | Scene, ViewLayer | Updating Geometry BVH Cube.161 234/808 | Building mesh BLAS |     188 tris | Cube.161
Fra:1 Mem:227.93M (Peak 303.25M) | Time:00:00.23 | Mem:114.94M, Peak:114.94M | Scene, ViewLayer | Updating Geometry BVH Cube.162 235/808 | Building BVH
Fra:1 Mem:227.93M (Peak 303.25M) | Time:00:00.23 | Mem:114.94M, Peak:114.94M | Scene, ViewLayer | Updating Geometry BVH Cube.162 235/808 | Building mesh BLAS |     188 tris | Cube.162
Fra:1 Mem:227.93M (Peak 303.25M) | Time:00:00.23 | Mem:114.94M, Peak:114.94M | Scene, ViewLayer | Updating Geometry BVH Cube.163 236/808 | Building BVH
Fra:1 Mem:227.93M (Peak 303.25M) | Time:00:00.23 | Mem:114.94M, Peak:114.94M | Scene, ViewLayer | Updating Geometry BVH Cube.165 238/808 | Building BVH
Fra:1 Mem:227.93M (Peak 303.25M) | Time:00:00.23 | Mem:114.94M, Peak:114.94M | Scene, ViewLayer | Updating Geometry BVH Cube.165 238/808 | Building mesh BLAS |     188 tris | Cube.164
Fra:1 Mem:227.93M (Peak 303.25M) | Time:00:00.23 | Mem:114.94M, Peak:114.94M | Scene, ViewLayer | Updating Geometry BVH Cube.165 238/808 | Building mesh BLAS |     188 tris | Cube.165
Fra:1 Mem:227.93M (Peak 303.25M) | Time:00:00.23 | Mem:114.95M, Peak:114.95M | Scene, ViewLayer | Updating Geometry BVH Cube.166 239/808 | Building BVH
Fra:1 Mem:227.93M (Peak 303.25M) | Time:00:00.23 | Mem:114.95M, Peak:114.95M | Scene, ViewLayer | Updating Geometry BVH Cube.167 240/808 | Building BVH
Fra:1 Mem:227.93M (Peak 303.25M) | Time:00:00.23 | Mem:114.95M, Peak:114.95M | Scene, ViewLayer | Updating Geometry BVH Cube.167 240/808 | Building mesh BLAS |     188 tris | Cube.166
Fra:1 Mem:227.93M (Peak 303.25M) | Time:00:00.23 | Mem:114.95M, Peak:114.95M | Scene, ViewLayer | Updating Geometry BVH Cube.167 240/808 | Building mesh BLAS |     188 tris | Cube.167
Fra:1 Mem:227.93M (Peak 303.25M) | Time:00:00.23 | Mem:114.96M, Peak:114.96M | Scene, ViewLayer | Updating Geometry BVH Cube.168 241/808 | Building BVH
Fra:1 Mem:227.93M (Peak 303.25M) | Time:00:00.23 | Mem:114.96M, Peak:114.96M | Scene, ViewLayer | Updating Geometry BVH Cube.168 241/808 | Building mesh BLAS |     188 tris | Cube.168
Fra:1 Mem:227.93M (Peak 303.25M) | Time:00:00.23 | Mem:114.96M, Peak:114.96M | Scene, ViewLayer | Updating Geometry BVH Cube.170 243/808 | Building BVH
Fra:1 Mem:227.93M (Peak 303.25M) | Time:00:00.23 | Mem:114.96M, Peak:114.96M | Scene, ViewLayer | Updating Geometry BVH Cube.170 243/808 | Building mesh BLAS |     188 tris | Cube.170
Fra:1 Mem:227.93M (Peak 303.25M) | Time:00:00.23 | Mem:114.96M, Peak:114.96M | Scene, ViewLayer | Updating Geometry BVH Cube.170 243/808 | Building mesh BLAS |     188 tris | Cube.169
Fra:1 Mem:227.93M (Peak 303.25M) | Time:00:00.23 | Mem:114.97M, Peak:114.97M | Scene, ViewLayer | Updating Geometry BVH Cube.171 244/808 | Building BVH
Fra:1 Mem:227.93M (Peak 303.25M) | Time:00:00.23 | Mem:115.05M, Peak:115.05M | Scene, ViewLayer | Updating Geometry BVH Cube.172 245/808 | Building BVH
Fra:1 Mem:227.93M (Peak 303.25M) | Time:00:00.23 | Mem:115.05M, Peak:115.05M | Scene, ViewLayer | Updating Geometry BVH Cube.172 245/808 | Building mesh BLAS |     188 tris | Cube.172
Fra:1 Mem:227.93M (Peak 303.25M) | Time:00:00.23 | Mem:115.05M, Peak:115.05M | Scene, ViewLayer | Updating Geometry BVH Cube.173 246/808 | Building BVH
Fra:1 Mem:227.93M (Peak 303.25M) | Time:00:00.23 | Mem:115.05M, Peak:115.05M | Scene, ViewLayer | Updating Geometry BVH Cube.173 246/808 | Building mesh BLAS |     188 tris | Cube.173
Fra:1 Mem:227.93M (Peak 303.25M) | Time:00:00.23 | Mem:115.05M, Peak:115.05M | Scene, ViewLayer | Updating Geometry BVH Cube.174 247/808 | Building BVH
Fra:1 Mem:227.93M (Peak 303.25M) | Time:00:00.23 | Mem:115.05M, Peak:115.05M | Scene, ViewLayer | Updating Geometry BVH Cube.175 248/808 | Building mesh BLAS |     188 tris | Cube.174
Fra:1 Mem:227.93M (Peak 303.25M) | Time:00:00.23 | Mem:115.06M, Peak:115.06M | Scene, ViewLayer | Updating Geometry BVH Cube.175 248/808 | Building mesh BLAS |     188 tris | Cube.175
Fra:1 Mem:227.93M (Peak 303.25M) | Time:00:00.23 | Mem:115.07M, Peak:115.07M | Scene, ViewLayer | Updating Geometry BVH Continuous stair soffit 788/808 | Building BVH
Fra:1 Mem:227.93M (Peak 303.25M) | Time:00:00.23 | Mem:115.07M, Peak:115.07M | Scene, ViewLayer | Updating Geometry BVH Cube.176 249/808 | Building BVH
Fra:1 Mem:227.93M (Peak 303.25M) | Time:00:00.23 | Mem:115.07M, Peak:115.07M | Scene, ViewLayer | Updating Geometry BVH Cube.176 249/808 | Building mesh BLAS |     188 tris | Cube.176
Fra:1 Mem:227.93M (Peak 303.25M) | Time:00:00.23 | Mem:115.08M, Peak:115.08M | Scene, ViewLayer | Updating Geometry BVH Cube.177 250/808 | Building BVH
Fra:1 Mem:227.93M (Peak 303.25M) | Time:00:00.23 | Mem:115.08M, Peak:115.08M | Scene, ViewLayer | Updating Geometry BVH Cube.177 250/808 | Building mesh BLAS |     188 tris | Cube.177
Fra:1 Mem:227.93M (Peak 303.25M) | Time:00:00.23 | Mem:115.08M, Peak:115.08M | Scene, ViewLayer | Updating Geometry BVH Cube.178 251/808 | Building BVH
Fra:1 Mem:227.93M (Peak 303.25M) | Time:00:00.23 | Mem:115.08M, Peak:115.08M | Scene, ViewLayer | Updating Geometry BVH Cube.178 251/808 | Building mesh BLAS |     188 tris | Cube.178
Fra:1 Mem:227.93M (Peak 303.25M) | Time:00:00.23 | Mem:115.10M, Peak:115.10M | Scene, ViewLayer | Updating Geometry BVH Cube.179 252/808 | Building BVH
Fra:1 Mem:227.93M (Peak 303.25M) | Time:00:00.23 | Mem:115.10M, Peak:115.10M | Scene, ViewLayer | Updating Geometry BVH Cube.180 253/808 | Building BVH
Fra:1 Mem:227.93M (Peak 303.25M) | Time:00:00.23 | Mem:115.10M, Peak:115.10M | Scene, ViewLayer | Updating Geometry BVH Cube.181 254/808 | Building mesh BLAS |     188 tris | Cube.180
Fra:1 Mem:227.93M (Peak 303.25M) | Time:00:00.23 | Mem:115.11M, Peak:115.11M | Scene, ViewLayer | Updating Geometry BVH Cube.182 255/808 | Building BVH
Fra:1 Mem:227.93M (Peak 303.25M) | Time:00:00.23 | Mem:115.11M, Peak:115.11M | Scene, ViewLayer | Updating Geometry BVH Cube.182 255/808 | Building mesh BLAS |     188 tris | Cube.182
Fra:1 Mem:227.93M (Peak 303.25M) | Time:00:00.23 | Mem:115.11M, Peak:115.11M | Scene, ViewLayer | Updating Geometry BVH Cube.183 256/808 | Building BVH
Fra:1 Mem:227.93M (Peak 303.25M) | Time:00:00.23 | Mem:115.11M, Peak:115.11M | Scene, ViewLayer | Updating Geometry BVH Cube.183 256/808 | Building mesh BLAS |     188 tris | Cube.183
Fra:1 Mem:227.93M (Peak 303.25M) | Time:00:00.23 | Mem:115.11M, Peak:115.11M | Scene, ViewLayer | Updating Geometry BVH Cube.184 257/808 | Building BVH
Fra:1 Mem:227.93M (Peak 303.25M) | Time:00:00.23 | Mem:115.11M, Peak:115.11M | Scene, ViewLayer | Updating Geometry BVH Cube.184 257/808 | Building mesh BLAS |     188 tris | Cube.184
Fra:1 Mem:227.93M (Peak 303.25M) | Time:00:00.23 | Mem:115.15M, Peak:115.15M | Scene, ViewLayer | Updating Geometry BVH Cube.185 258/808 | Building BVH
Fra:1 Mem:227.93M (Peak 303.25M) | Time:00:00.23 | Mem:115.16M, Peak:115.16M | Scene, ViewLayer | Updating Geometry BVH Cube.185 258/808 | Building mesh BLAS |     188 tris | Cube.185
Fra:1 Mem:227.93M (Peak 303.25M) | Time:00:00.23 | Mem:115.16M, Peak:115.16M | Scene, ViewLayer | Updating Geometry BVH Cube.186 259/808 | Building BVH
Fra:1 Mem:227.93M (Peak 303.25M) | Time:00:00.23 | Mem:115.18M, Peak:115.18M | Scene, ViewLayer | Updating Geometry BVH Cube.187 260/808 | Building BVH
Fra:1 Mem:227.93M (Peak 303.25M) | Time:00:00.23 | Mem:115.18M, Peak:115.18M | Scene, ViewLayer | Updating Geometry BVH Cube.187 260/808 | Building mesh BLAS |     188 tris | Cube.186
Fra:1 Mem:227.93M (Peak 303.25M) | Time:00:00.23 | Mem:115.18M, Peak:115.18M | Scene, ViewLayer | Updating Geometry BVH Cube.187 260/808 | Building mesh BLAS |     188 tris | Cube.187
Fra:1 Mem:227.93M (Peak 303.25M) | Time:00:00.23 | Mem:115.26M, Peak:115.26M | Scene, ViewLayer | Updating Geometry BVH Cube.188 261/808 | Building BVH
Fra:1 Mem:227.93M (Peak 303.25M) | Time:00:00.23 | Mem:115.27M, Peak:115.27M | Scene, ViewLayer | Updating Geometry BVH Cube.189 262/808 | Building BVH
Fra:1 Mem:227.93M (Peak 303.25M) | Time:00:00.23 | Mem:115.28M, Peak:115.28M | Scene, ViewLayer | Updating Geometry BVH Cube.190 263/808 | Building BVH
Fra:1 Mem:227.93M (Peak 303.25M) | Time:00:00.23 | Mem:115.29M, Peak:115.29M | Scene, ViewLayer | Updating Geometry BVH Cube.190 263/808 | Building mesh BLAS |     188 tris | Cube.190
Fra:1 Mem:227.93M (Peak 303.25M) | Time:00:00.23 | Mem:115.29M, Peak:115.29M | Scene, ViewLayer | Updating Geometry BVH Cube.191 264/808 | Building BVH
Fra:1 Mem:227.93M (Peak 303.25M) | Time:00:00.23 | Mem:115.29M, Peak:115.29M | Scene, ViewLayer | Updating Geometry BVH Cube.191 264/808 | Building mesh BLAS |     188 tris | Cube.191
Fra:1 Mem:227.93M (Peak 303.25M) | Time:00:00.23 | Mem:115.29M, Peak:115.29M | Scene, ViewLayer | Updating Geometry BVH Cube.192 265/808 | Building BVH
Fra:1 Mem:227.93M (Peak 303.25M) | Time:00:00.23 | Mem:115.29M, Peak:115.29M | Scene, ViewLayer | Updating Geometry BVH Cube.192 265/808 | Building mesh BLAS |     188 tris | Cube.192
Fra:1 Mem:227.93M (Peak 303.25M) | Time:00:00.23 | Mem:115.30M, Peak:115.30M | Scene, ViewLayer | Updating Geometry BVH Cube.193 266/808 | Building BVH
Fra:1 Mem:227.93M (Peak 303.25M) | Time:00:00.23 | Mem:115.30M, Peak:115.30M | Scene, ViewLayer | Updating Geometry BVH Cube.193 266/808 | Building mesh BLAS |     188 tris | Cube.193
Fra:1 Mem:227.93M (Peak 303.25M) | Time:00:00.23 | Mem:115.30M, Peak:115.30M | Scene, ViewLayer | Updating Geometry BVH Cube.710 787/808 | Building BVH
Fra:1 Mem:227.93M (Peak 303.25M) | Time:00:00.23 | Mem:115.30M, Peak:115.30M | Scene, ViewLayer | Updating Geometry BVH Cube.710 787/808 | Building mesh BLAS |     188 tris | Cube.710
Fra:1 Mem:227.93M (Peak 303.25M) | Time:00:00.23 | Mem:115.35M, Peak:115.35M | Scene, ViewLayer | Updating Geometry BVH Cube.194 267/808 | Building BVH
Fra:1 Mem:227.93M (Peak 303.25M) | Time:00:00.23 | Mem:115.35M, Peak:115.35M | Scene, ViewLayer | Updating Geometry BVH Cube.195 268/808 | Building BVH
Fra:1 Mem:227.93M (Peak 303.25M) | Time:00:00.23 | Mem:115.36M, Peak:115.36M | Scene, ViewLayer | Updating Geometry BVH Cube.195 268/808 | Building mesh BLAS |     188 tris | Cube.194
Fra:1 Mem:227.93M (Peak 303.25M) | Time:00:00.23 | Mem:115.37M, Peak:115.37M | Scene, ViewLayer | Updating Geometry BVH Cube.195 268/808 | Building mesh BLAS |     188 tris | Cube.195
Fra:1 Mem:227.93M (Peak 303.25M) | Time:00:00.23 | Mem:115.37M, Peak:115.37M | Scene, ViewLayer | Updating Geometry BVH Cube.196 269/808 | Building BVH
Fra:1 Mem:227.93M (Peak 303.25M) | Time:00:00.23 | Mem:115.37M, Peak:115.37M | Scene, ViewLayer | Updating Geometry BVH Cube.196 269/808 | Building mesh BLAS |     188 tris | Cube.196
Fra:1 Mem:227.93M (Peak 303.25M) | Time:00:00.23 | Mem:115.37M, Peak:115.37M | Scene, ViewLayer | Updating Geometry BVH Cube.197 270/808 | Building BVH
Fra:1 Mem:227.93M (Peak 303.25M) | Time:00:00.23 | Mem:115.37M, Peak:115.37M | Scene, ViewLayer | Updating Geometry BVH Cube.197 270/808 | Building mesh BLAS |     188 tris | Cube.197
Fra:1 Mem:227.93M (Peak 303.25M) | Time:00:00.23 | Mem:115.38M, Peak:115.38M | Scene, ViewLayer | Updating Geometry BVH Cube.199 272/808 | Building BVH
Fra:1 Mem:227.93M (Peak 303.25M) | Time:00:00.23 | Mem:115.38M, Peak:115.38M | Scene, ViewLayer | Updating Geometry BVH Cube.198 271/808 | Building BVH
Fra:1 Mem:227.93M (Peak 303.25M) | Time:00:00.23 | Mem:115.38M, Peak:115.38M | Scene, ViewLayer | Updating Geometry BVH Cube.200 273/808 | Building BVH
Fra:1 Mem:227.93M (Peak 303.25M) | Time:00:00.23 | Mem:115.38M, Peak:115.38M | Scene, ViewLayer | Updating Geometry BVH Cube.200 273/808 | Building mesh BLAS |     188 tris | Cube.198
Fra:1 Mem:227.93M (Peak 303.25M) | Time:00:00.23 | Mem:115.38M, Peak:115.38M | Scene, ViewLayer | Updating Geometry BVH Cube.200 273/808 | Building mesh BLAS |     188 tris | Cube.200
Fra:1 Mem:227.93M (Peak 303.25M) | Time:00:00.23 | Mem:115.38M, Peak:115.38M | Scene, ViewLayer | Updating Geometry BVH Cube.201 274/808 | Building BVH
Fra:1 Mem:227.93M (Peak 303.25M) | Time:00:00.23 | Mem:115.38M, Peak:115.38M | Scene, ViewLayer | Updating Geometry BVH Cube.201 274/808 | Building mesh BLAS |     188 tris | Cube.201
Fra:1 Mem:227.93M (Peak 303.25M) | Time:00:00.23 | Mem:115.49M, Peak:115.49M | Scene, ViewLayer | Updating Geometry BVH Cube.202 275/808 | Building BVH
Fra:1 Mem:227.93M (Peak 303.25M) | Time:00:00.23 | Mem:115.49M, Peak:115.49M | Scene, ViewLayer | Updating Geometry BVH Cube.202 275/808 | Building mesh BLAS |     188 tris | Cube.202
Fra:1 Mem:227.93M (Peak 303.25M) | Time:00:00.23 | Mem:115.53M, Peak:115.53M | Scene, ViewLayer | Updating Geometry BVH Cube.204 277/808 | Building BVH
Fra:1 Mem:227.93M (Peak 303.25M) | Time:00:00.23 | Mem:115.53M, Peak:115.53M | Scene, ViewLayer | Updating Geometry BVH Cube.203 276/808 | Building BVH
Fra:1 Mem:227.93M (Peak 303.25M) | Time:00:00.23 | Mem:115.53M, Peak:115.53M | Scene, ViewLayer | Updating Geometry BVH Cube.203 276/808 | Building mesh BLAS |     188 tris | Cube.204
Fra:1 Mem:227.93M (Peak 303.25M) | Time:00:00.23 | Mem:115.53M, Peak:115.53M | Scene, ViewLayer | Updating Geometry BVH Cube.203 276/808 | Building mesh BLAS |     188 tris | Cube.203
Fra:1 Mem:227.93M (Peak 303.25M) | Time:00:00.23 | Mem:115.53M, Peak:115.53M | Scene, ViewLayer | Updating Geometry BVH Cube.205 278/808 | Building BVH
Fra:1 Mem:227.93M (Peak 303.25M) | Time:00:00.23 | Mem:115.56M, Peak:115.56M | Scene, ViewLayer | Updating Geometry BVH Cube.206 279/808 | Building mesh BLAS |     188 tris | Cube.205
Fra:1 Mem:227.93M (Peak 303.25M) | Time:00:00.23 | Mem:115.56M, Peak:115.56M | Scene, ViewLayer | Updating Geometry BVH Cube.206 279/808 | Building mesh BLAS |     188 tris | Cube.206
Fra:1 Mem:227.93M (Peak 303.25M) | Time:00:00.23 | Mem:115.56M, Peak:115.56M | Scene, ViewLayer | Updating Geometry BVH Cube.207 280/808 | Building BVH
Fra:1 Mem:227.93M (Peak 303.25M) | Time:00:00.23 | Mem:115.56M, Peak:115.56M | Scene, ViewLayer | Updating Geometry BVH Cube.207 280/808 | Building mesh BLAS |     188 tris | Cube.207
Fra:1 Mem:227.93M (Peak 303.25M) | Time:00:00.23 | Mem:115.58M, Peak:115.58M | Scene, ViewLayer | Updating Geometry BVH Cube.208 281/808 | Building BVH
Fra:1 Mem:227.93M (Peak 303.25M) | Time:00:00.23 | Mem:115.58M, Peak:115.58M | Scene, ViewLayer | Updating Geometry BVH Cube.208 281/808 | Building mesh BLAS |     188 tris | Cube.208
Fra:1 Mem:227.93M (Peak 303.25M) | Time:00:00.23 | Mem:115.59M, Peak:115.59M | Scene, ViewLayer | Updating Geometry BVH Cube.209 282/808 | Building BVH
Fra:1 Mem:227.93M (Peak 303.25M) | Time:00:00.23 | Mem:115.60M, Peak:115.60M | Scene, ViewLayer | Updating Geometry BVH Cube.209 282/808 | Building mesh BLAS |     188 tris | Cube.209
Fra:1 Mem:227.93M (Peak 303.25M) | Time:00:00.23 | Mem:115.60M, Peak:115.60M | Scene, ViewLayer | Updating Geometry BVH Cube.210 283/808 | Building BVH
Fra:1 Mem:227.93M (Peak 303.25M) | Time:00:00.23 | Mem:115.60M, Peak:115.60M | Scene, ViewLayer | Updating Geometry BVH Cube.210 283/808 | Building mesh BLAS |     188 tris | Cube.210
Fra:1 Mem:227.93M (Peak 303.25M) | Time:00:00.23 | Mem:115.60M, Peak:115.60M | Scene, ViewLayer | Updating Geometry BVH Plane.070 786/808 | Building BVH
Fra:1 Mem:227.93M (Peak 303.25M) | Time:00:00.23 | Mem:115.63M, Peak:115.63M | Scene, ViewLayer | Updating Geometry BVH Plane.070 786/808 | Building mesh BLAS |  106900 tris | Plane.070
Fra:1 Mem:227.93M (Peak 303.25M) | Time:00:00.23 | Mem:115.63M, Peak:115.63M | Scene, ViewLayer | Updating Geometry BVH Cube.211 284/808 | Building BVH
Fra:1 Mem:227.93M (Peak 303.25M) | Time:00:00.23 | Mem:115.63M, Peak:115.63M | Scene, ViewLayer | Updating Geometry BVH Cube.211 284/808 | Building mesh BLAS |     188 tris | Cube.211
Fra:1 Mem:227.93M (Peak 303.25M) | Time:00:00.23 | Mem:115.63M, Peak:115.63M | Scene, ViewLayer | Updating Geometry BVH Cube.212 285/808 | Building BVH
Fra:1 Mem:227.93M (Peak 303.25M) | Time:00:00.23 | Mem:115.64M, Peak:115.64M | Scene, ViewLayer | Updating Geometry BVH Cube.213 286/808 | Building BVH
Fra:1 Mem:227.93M (Peak 303.25M) | Time:00:00.23 | Mem:115.66M, Peak:115.66M | Scene, ViewLayer | Updating Geometry BVH Cube.213 286/808 | Building mesh BLAS |     188 tris | Cube.212
Fra:1 Mem:227.93M (Peak 303.25M) | Time:00:00.23 | Mem:115.69M, Peak:115.69M | Scene, ViewLayer | Updating Geometry BVH Cube.214 287/808 | Building BVH
Fra:1 Mem:227.93M (Peak 303.25M) | Time:00:00.23 | Mem:115.72M, Peak:115.72M | Scene, ViewLayer | Updating Geometry BVH Cube.215 288/808 | Building BVH
Fra:1 Mem:227.93M (Peak 303.25M) | Time:00:00.23 | Mem:115.72M, Peak:115.72M | Scene, ViewLayer | Updating Geometry BVH Cube.215 288/808 | Building mesh BLAS |     188 tris | Cube.214
Fra:1 Mem:227.93M (Peak 303.25M) | Time:00:00.23 | Mem:115.72M, Peak:115.72M | Scene, ViewLayer | Updating Geometry BVH Cube.217 290/808 | Building BVH
Fra:1 Mem:227.93M (Peak 303.25M) | Time:00:00.23 | Mem:115.72M, Peak:115.72M | Scene, ViewLayer | Updating Geometry BVH Cube.218 291/808 | Building BVH
Fra:1 Mem:227.93M (Peak 303.25M) | Time:00:00.23 | Mem:115.72M, Peak:115.72M | Scene, ViewLayer | Updating Geometry BVH Cube.218 291/808 | Building mesh BLAS |     188 tris | Cube.217
Fra:1 Mem:227.93M (Peak 303.25M) | Time:00:00.23 | Mem:115.72M, Peak:115.72M | Scene, ViewLayer | Updating Geometry BVH Cube.219 292/808 | Building BVH
Fra:1 Mem:227.93M (Peak 303.25M) | Time:00:00.23 | Mem:115.72M, Peak:115.72M | Scene, ViewLayer | Updating Geometry BVH Cube.219 292/808 | Building mesh BLAS |     188 tris | Cube.218
Fra:1 Mem:227.93M (Peak 303.25M) | Time:00:00.23 | Mem:115.73M, Peak:115.73M | Scene, ViewLayer | Updating Geometry BVH Cube.219 292/808 | Building mesh BLAS |     188 tris | Cube.216
Fra:1 Mem:227.93M (Peak 303.25M) | Time:00:00.23 | Mem:115.74M, Peak:115.74M | Scene, ViewLayer | Updating Geometry BVH Cube.219 292/808 | Building mesh BLAS |     188 tris | Cube.219
Fra:1 Mem:227.93M (Peak 303.25M) | Time:00:00.23 | Mem:115.76M, Peak:115.76M | Scene, ViewLayer | Updating Geometry BVH Cube.221 294/808 | Building BVH
Fra:1 Mem:227.93M (Peak 303.25M) | Time:00:00.23 | Mem:115.76M, Peak:115.76M | Scene, ViewLayer | Updating Geometry BVH Cube.222 295/808 | Building BVH
Fra:1 Mem:227.93M (Peak 303.25M) | Time:00:00.23 | Mem:115.76M, Peak:115.76M | Scene, ViewLayer | Updating Geometry BVH Cube.222 295/808 | Building mesh BLAS |     188 tris | Cube.221
Fra:1 Mem:227.93M (Peak 303.25M) | Time:00:00.23 | Mem:115.76M, Peak:115.76M | Scene, ViewLayer | Updating Geometry BVH Cube.223 296/808 | Building BVH
Fra:1 Mem:227.93M (Peak 303.25M) | Time:00:00.23 | Mem:115.76M, Peak:115.76M | Scene, ViewLayer | Updating Geometry BVH Cube.223 296/808 | Building mesh BLAS |     188 tris | Cube.222
Fra:1 Mem:227.93M (Peak 303.25M) | Time:00:00.23 | Mem:115.76M, Peak:115.76M | Scene, ViewLayer | Updating Geometry BVH Cube.225 298/808 | Building mesh BLAS |     188 tris | Cube.223
Fra:1 Mem:227.93M (Peak 303.25M) | Time:00:00.23 | Mem:115.79M, Peak:115.79M | Scene, ViewLayer | Updating Geometry BVH Cube.225 298/808 | Building mesh BLAS |     188 tris | Cube.224
Fra:1 Mem:227.93M (Peak 303.25M) | Time:00:00.23 | Mem:115.79M, Peak:115.79M | Scene, ViewLayer | Updating Geometry BVH Cube.226 299/808 | Building BVH
Fra:1 Mem:227.93M (Peak 303.25M) | Time:00:00.23 | Mem:115.79M, Peak:115.79M | Scene, ViewLayer | Updating Geometry BVH Cube.226 299/808 | Building mesh BLAS |     188 tris | Cube.225
Fra:1 Mem:227.93M (Peak 303.25M) | Time:00:00.23 | Mem:115.80M, Peak:115.80M | Scene, ViewLayer | Updating Geometry BVH Cube.226 299/808 | Building mesh BLAS |     188 tris | Cube.226
Fra:1 Mem:227.93M (Peak 303.25M) | Time:00:00.23 | Mem:115.82M, Peak:115.82M | Scene, ViewLayer | Updating Geometry BVH Cube.227 300/808 | Building BVH
Fra:1 Mem:227.93M (Peak 303.25M) | Time:00:00.23 | Mem:115.82M, Peak:115.82M | Scene, ViewLayer | Updating Geometry BVH Cube.227 300/808 | Building mesh BLAS |     188 tris | Cube.227
Fra:1 Mem:227.93M (Peak 303.25M) | Time:00:00.23 | Mem:115.82M, Peak:115.82M | Scene, ViewLayer | Updating Geometry BVH Cube.228 301/808 | Building BVH
Fra:1 Mem:227.93M (Peak 303.25M) | Time:00:00.23 | Mem:115.82M, Peak:115.82M | Scene, ViewLayer | Updating Geometry BVH Cube.228 301/808 | Building mesh BLAS |     188 tris | Cube.228
Fra:1 Mem:227.93M (Peak 303.25M) | Time:00:00.23 | Mem:115.84M, Peak:115.84M | Scene, ViewLayer | Updating Geometry BVH Cube.229 302/808 | Building BVH
Fra:1 Mem:227.93M (Peak 303.25M) | Time:00:00.23 | Mem:115.85M, Peak:115.85M | Scene, ViewLayer | Updating Geometry BVH Cube.230 303/808 | Building BVH
Fra:1 Mem:227.93M (Peak 303.25M) | Time:00:00.23 | Mem:115.85M, Peak:115.85M | Scene, ViewLayer | Updating Geometry BVH Cube.230 303/808 | Building mesh BLAS |     188 tris | Cube.229
Fra:1 Mem:227.93M (Peak 303.25M) | Time:00:00.23 | Mem:115.85M, Peak:115.85M | Scene, ViewLayer | Updating Geometry BVH Cube.230 303/808 | Building mesh BLAS |     188 tris | Cube.230
Fra:1 Mem:227.93M (Peak 303.25M) | Time:00:00.23 | Mem:115.85M, Peak:115.85M | Scene, ViewLayer | Updating Geometry BVH Cube.231 304/808 | Building BVH
Fra:1 Mem:227.93M (Peak 303.25M) | Time:00:00.23 | Mem:115.85M, Peak:115.85M | Scene, ViewLayer | Updating Geometry BVH Cube.231 304/808 | Building mesh BLAS |     188 tris | Cube.231
Fra:1 Mem:227.93M (Peak 303.25M) | Time:00:00.23 | Mem:115.86M, Peak:115.86M | Scene, ViewLayer | Updating Geometry BVH Cube.232 305/808 | Building BVH
Fra:1 Mem:227.93M (Peak 303.25M) | Time:00:00.23 | Mem:115.89M, Peak:115.89M | Scene, ViewLayer | Updating Geometry BVH Cube.233 306/808 | Building BVH
Fra:1 Mem:227.93M (Peak 303.25M) | Time:00:00.23 | Mem:115.89M, Peak:115.89M | Scene, ViewLayer | Updating Geometry BVH Cube.233 306/808 | Building mesh BLAS |     188 tris | Cube.232
Fra:1 Mem:227.93M (Peak 303.25M) | Time:00:00.23 | Mem:115.89M, Peak:115.89M | Scene, ViewLayer | Updating Geometry BVH Cube.234 307/808 | Building mesh BLAS |     188 tris | Cube.233
Fra:1 Mem:227.93M (Peak 303.25M) | Time:00:00.23 | Mem:115.89M, Peak:115.89M | Scene, ViewLayer | Updating Geometry BVH Cube.235 308/808 | Building mesh BLAS |     188 tris | Cube.234
Fra:1 Mem:227.93M (Peak 303.25M) | Time:00:00.23 | Mem:115.89M, Peak:115.89M | Scene, ViewLayer | Updating Geometry BVH Cube.235 308/808 | Building mesh BLAS |     188 tris | Cube.235
Fra:1 Mem:227.93M (Peak 303.25M) | Time:00:00.23 | Mem:115.89M, Peak:115.89M | Scene, ViewLayer | Updating Geometry BVH Cube.236 309/808 | Building BVH
Fra:1 Mem:227.93M (Peak 303.25M) | Time:00:00.23 | Mem:115.91M, Peak:115.91M | Scene, ViewLayer | Updating Geometry BVH Cube.236 309/808 | Building mesh BLAS |     188 tris | Cube.236
Fra:1 Mem:227.93M (Peak 303.25M) | Time:00:00.23 | Mem:115.91M, Peak:115.91M | Scene, ViewLayer | Updating Geometry BVH Cube.237 310/808 | Building BVH
Fra:1 Mem:227.93M (Peak 303.25M) | Time:00:00.23 | Mem:115.92M, Peak:115.92M | Scene, ViewLayer | Updating Geometry BVH Cube.237 310/808 | Building mesh BLAS |     188 tris | Cube.237
Fra:1 Mem:227.93M (Peak 303.25M) | Time:00:00.23 | Mem:115.92M, Peak:115.92M | Scene, ViewLayer | Updating Geometry BVH Cube.238 311/808 | Building BVH
Fra:1 Mem:227.93M (Peak 303.25M) | Time:00:00.23 | Mem:115.92M, Peak:115.92M | Scene, ViewLayer | Updating Geometry BVH Cube.239 312/808 | Building BVH
Fra:1 Mem:227.93M (Peak 303.25M) | Time:00:00.23 | Mem:115.93M, Peak:115.93M | Scene, ViewLayer | Updating Geometry BVH Cube.240 313/808 | Building BVH
Fra:1 Mem:227.93M (Peak 303.25M) | Time:00:00.23 | Mem:115.93M, Peak:115.93M | Scene, ViewLayer | Updating Geometry BVH Cube.240 313/808 | Building mesh BLAS |     188 tris | Cube.238
Fra:1 Mem:227.93M (Peak 303.25M) | Time:00:00.23 | Mem:115.93M, Peak:115.93M | Scene, ViewLayer | Updating Geometry BVH Cube.241 314/808 | Building BVH
Fra:1 Mem:227.93M (Peak 303.25M) | Time:00:00.23 | Mem:115.93M, Peak:115.93M | Scene, ViewLayer | Updating Geometry BVH Cube.241 314/808 | Building mesh BLAS |     188 tris | Cube.241
Fra:1 Mem:227.93M (Peak 303.25M) | Time:00:00.23 | Mem:115.93M, Peak:115.93M | Scene, ViewLayer | Updating Geometry BVH Circle.002 785/808 | Building BVH
Fra:1 Mem:227.93M (Peak 303.25M) | Time:00:00.23 | Mem:115.93M, Peak:115.93M | Scene, ViewLayer | Updating Geometry BVH Circle.002 785/808 | Building mesh BLAS |    5440 tris | Circle.002
Fra:1 Mem:227.93M (Peak 303.25M) | Time:00:00.23 | Mem:115.97M, Peak:115.97M | Scene, ViewLayer | Updating Geometry BVH Cube.242 315/808 | Building BVH
Fra:1 Mem:227.93M (Peak 303.25M) | Time:00:00.23 | Mem:115.97M, Peak:115.97M | Scene, ViewLayer | Updating Geometry BVH Cube.242 315/808 | Building mesh BLAS |     188 tris | Cube.242
Fra:1 Mem:227.93M (Peak 303.25M) | Time:00:00.23 | Mem:115.97M, Peak:115.97M | Scene, ViewLayer | Updating Geometry BVH Cube.243 316/808 | Building BVH
Fra:1 Mem:227.93M (Peak 303.25M) | Time:00:00.23 | Mem:115.97M, Peak:115.97M | Scene, ViewLayer | Updating Geometry BVH Cube.244 317/808 | Building BVH
Fra:1 Mem:227.93M (Peak 303.25M) | Time:00:00.23 | Mem:115.97M, Peak:115.97M | Scene, ViewLayer | Updating Geometry BVH Cube.244 317/808 | Building mesh BLAS |     188 tris | Cube.244
Fra:1 Mem:227.93M (Peak 303.25M) | Time:00:00.23 | Mem:115.98M, Peak:115.98M | Scene, ViewLayer | Updating Geometry BVH Cube.245 318/808 | Building BVH
Fra:1 Mem:227.93M (Peak 303.25M) | Time:00:00.23 | Mem:115.98M, Peak:115.98M | Scene, ViewLayer | Updating Geometry BVH Cube.245 318/808 | Building mesh BLAS |     188 tris | Cube.245
Fra:1 Mem:227.93M (Peak 303.25M) | Time:00:00.23 | Mem:116.00M, Peak:116.00M | Scene, ViewLayer | Updating Geometry BVH Cube.246 319/808 | Building BVH
Fra:1 Mem:227.93M (Peak 303.25M) | Time:00:00.23 | Mem:116.00M, Peak:116.00M | Scene, ViewLayer | Updating Geometry BVH Cube.246 319/808 | Building mesh BLAS |     188 tris | Cube.246
Fra:1 Mem:227.93M (Peak 303.25M) | Time:00:00.23 | Mem:116.00M, Peak:116.00M | Scene, ViewLayer | Updating Geometry BVH Cube.247 320/808 | Building BVH
Fra:1 Mem:227.93M (Peak 303.25M) | Time:00:00.23 | Mem:116.00M, Peak:116.00M | Scene, ViewLayer | Updating Geometry BVH Cube.247 320/808 | Building mesh BLAS |     188 tris | Cube.247
Fra:1 Mem:227.93M (Peak 303.25M) | Time:00:00.23 | Mem:116.02M, Peak:116.02M | Scene, ViewLayer | Updating Geometry BVH Cube.248 321/808 | Building BVH
Fra:1 Mem:227.93M (Peak 303.25M) | Time:00:00.23 | Mem:116.02M, Peak:116.02M | Scene, ViewLayer | Updating Geometry BVH Cube.248 321/808 | Building mesh BLAS |     188 tris | Cube.248
Fra:1 Mem:227.93M (Peak 303.25M) | Time:00:00.23 | Mem:116.03M, Peak:116.03M | Scene, ViewLayer | Updating Geometry BVH Cube.249 322/808 | Building BVH
Fra:1 Mem:227.93M (Peak 303.25M) | Time:00:00.23 | Mem:116.03M, Peak:116.03M | Scene, ViewLayer | Updating Geometry BVH Cube.249 322/808 | Building mesh BLAS |     188 tris | Cube.249
Fra:1 Mem:227.93M (Peak 303.25M) | Time:00:00.23 | Mem:116.04M, Peak:116.04M | Scene, ViewLayer | Updating Geometry BVH Cube.250 323/808 | Building BVH
Fra:1 Mem:227.93M (Peak 303.25M) | Time:00:00.23 | Mem:116.04M, Peak:116.04M | Scene, ViewLayer | Updating Geometry BVH Cube.250 323/808 | Building mesh BLAS |     188 tris | Cube.250
Fra:1 Mem:227.93M (Peak 303.25M) | Time:00:00.23 | Mem:116.04M, Peak:116.04M | Scene, ViewLayer | Updating Geometry BVH Cube.251 324/808 | Building BVH
Fra:1 Mem:227.93M (Peak 303.25M) | Time:00:00.23 | Mem:116.04M, Peak:116.04M | Scene, ViewLayer | Updating Geometry BVH Cube.251 324/808 | Building mesh BLAS |     188 tris | Cube.251
Fra:1 Mem:227.93M (Peak 303.25M) | Time:00:00.24 | Mem:116.05M, Peak:116.05M | Scene, ViewLayer | Updating Geometry BVH Cube.252 325/808 | Building BVH
Fra:1 Mem:227.93M (Peak 303.25M) | Time:00:00.24 | Mem:116.05M, Peak:116.05M | Scene, ViewLayer | Updating Geometry BVH Cube.253 326/808 | Building BVH
Fra:1 Mem:227.93M (Peak 303.25M) | Time:00:00.24 | Mem:116.05M, Peak:116.05M | Scene, ViewLayer | Updating Geometry BVH Cube.254 327/808 | Building BVH
Fra:1 Mem:227.93M (Peak 303.25M) | Time:00:00.24 | Mem:116.05M, Peak:116.05M | Scene, ViewLayer | Updating Geometry BVH Cube.254 327/808 | Building mesh BLAS |     188 tris | Cube.253
Fra:1 Mem:227.93M (Peak 303.25M) | Time:00:00.24 | Mem:116.05M, Peak:116.05M | Scene, ViewLayer | Updating Geometry BVH Cube.254 327/808 | Building mesh BLAS |     188 tris | Cube.254
Fra:1 Mem:227.93M (Peak 303.25M) | Time:00:00.24 | Mem:116.06M, Peak:116.06M | Scene, ViewLayer | Updating Geometry BVH Cube.255 328/808 | Building BVH
Fra:1 Mem:227.93M (Peak 303.25M) | Time:00:00.24 | Mem:116.06M, Peak:116.06M | Scene, ViewLayer | Updating Geometry BVH Cube.256 329/808 | Building BVH
Fra:1 Mem:227.93M (Peak 303.25M) | Time:00:00.24 | Mem:116.06M, Peak:116.06M | Scene, ViewLayer | Updating Geometry BVH Cube.256 329/808 | Building mesh BLAS |     188 tris | Cube.255
Fra:1 Mem:227.93M (Peak 303.25M) | Time:00:00.24 | Mem:116.06M, Peak:116.06M | Scene, ViewLayer | Updating Geometry BVH Cube.256 329/808 | Building mesh BLAS |     188 tris | Cube.256
Fra:1 Mem:227.93M (Peak 303.25M) | Time:00:00.24 | Mem:116.09M, Peak:116.09M | Scene, ViewLayer | Updating Geometry BVH Cube.257 330/808 | Building BVH
Fra:1 Mem:227.93M (Peak 303.25M) | Time:00:00.24 | Mem:116.11M, Peak:116.11M | Scene, ViewLayer | Updating Geometry BVH Cube.258 331/808 | Building mesh BLAS |     188 tris | Cube.257
Fra:1 Mem:227.93M (Peak 303.25M) | Time:00:00.24 | Mem:116.12M, Peak:116.12M | Scene, ViewLayer | Updating Geometry BVH Cube.259 332/808 | Building BVH
Fra:1 Mem:227.93M (Peak 303.25M) | Time:00:00.24 | Mem:116.12M, Peak:116.12M | Scene, ViewLayer | Updating Geometry BVH Cube.259 332/808 | Building mesh BLAS |     188 tris | Cube.259
Fra:1 Mem:227.93M (Peak 303.25M) | Time:00:00.24 | Mem:116.13M, Peak:116.13M | Scene, ViewLayer | Updating Geometry BVH Cube.260 333/808 | Building BVH
Fra:1 Mem:227.93M (Peak 303.25M) | Time:00:00.24 | Mem:116.14M, Peak:116.14M | Scene, ViewLayer | Updating Geometry BVH Cube.261 334/808 | Building BVH
Fra:1 Mem:227.93M (Peak 303.25M) | Time:00:00.24 | Mem:116.14M, Peak:116.14M | Scene, ViewLayer | Updating Geometry BVH Cube.262 335/808 | Building BVH
Fra:1 Mem:227.93M (Peak 303.25M) | Time:00:00.24 | Mem:116.14M, Peak:116.14M | Scene, ViewLayer | Updating Geometry BVH Circle.008 784/808 | Building mesh BLAS |     188 tris | Cube.261
Fra:1 Mem:227.93M (Peak 303.25M) | Time:00:00.24 | Mem:116.14M, Peak:116.14M | Scene, ViewLayer | Updating Geometry BVH Circle.008 784/808 | Building mesh BLAS |     188 tris | Cube.262
Fra:1 Mem:227.93M (Peak 303.25M) | Time:00:00.24 | Mem:116.16M, Peak:116.16M | Scene, ViewLayer | Updating Geometry BVH Cube.263 336/808 | Building BVH
Fra:1 Mem:227.93M (Peak 303.25M) | Time:00:00.24 | Mem:116.16M, Peak:116.16M | Scene, ViewLayer | Updating Geometry BVH Cube.263 336/808 | Building mesh BLAS |     188 tris | Cube.263
Fra:1 Mem:227.93M (Peak 303.25M) | Time:00:00.24 | Mem:116.16M, Peak:116.16M | Scene, ViewLayer | Updating Geometry BVH Cube.263 336/808 | Building mesh BLAS |   56878 tris | Circle.008
Fra:1 Mem:227.93M (Peak 303.25M) | Time:00:00.24 | Mem:116.17M, Peak:116.17M | Scene, ViewLayer | Updating Geometry BVH Cube.264 337/808 | Building BVH
Fra:1 Mem:227.93M (Peak 303.25M) | Time:00:00.24 | Mem:116.17M, Peak:116.17M | Scene, ViewLayer | Updating Geometry BVH Cube.264 337/808 | Building mesh BLAS |     188 tris | Cube.264
Fra:1 Mem:227.93M (Peak 303.25M) | Time:00:00.24 | Mem:116.18M, Peak:116.18M | Scene, ViewLayer | Updating Geometry BVH Cube.265 338/808 | Building BVH
Fra:1 Mem:227.93M (Peak 303.25M) | Time:00:00.24 | Mem:116.18M, Peak:116.18M | Scene, ViewLayer | Updating Geometry BVH Cube.265 338/808 | Building mesh BLAS |     188 tris | Cube.265
Fra:1 Mem:227.93M (Peak 303.25M) | Time:00:00.24 | Mem:116.18M, Peak:116.18M | Scene, ViewLayer | Updating Geometry BVH Cube.266 339/808 | Building BVH
Fra:1 Mem:227.93M (Peak 303.25M) | Time:00:00.24 | Mem:116.18M, Peak:116.18M | Scene, ViewLayer | Updating Geometry BVH Cube.266 339/808 | Building mesh BLAS |     188 tris | Cube.266
Fra:1 Mem:227.93M (Peak 303.25M) | Time:00:00.24 | Mem:116.20M, Peak:116.20M | Scene, ViewLayer | Updating Geometry BVH Cube.267 340/808 | Building BVH
Fra:1 Mem:227.93M (Peak 303.25M) | Time:00:00.24 | Mem:116.21M, Peak:116.21M | Scene, ViewLayer | Updating Geometry BVH Cube.267 340/808 | Building mesh BLAS |     188 tris | Cube.267
Fra:1 Mem:227.93M (Peak 303.25M) | Time:00:00.24 | Mem:116.21M, Peak:116.21M | Scene, ViewLayer | Updating Geometry BVH Cube.268 341/808 | Building BVH
Fra:1 Mem:227.93M (Peak 303.25M) | Time:00:00.24 | Mem:116.21M, Peak:116.21M | Scene, ViewLayer | Updating Geometry BVH Cube.268 341/808 | Building mesh BLAS |     188 tris | Cube.268
Fra:1 Mem:227.93M (Peak 303.25M) | Time:00:00.24 | Mem:116.22M, Peak:116.22M | Scene, ViewLayer | Updating Geometry BVH Cube.269 342/808 | Building BVH
Fra:1 Mem:227.93M (Peak 303.25M) | Time:00:00.24 | Mem:116.22M, Peak:116.22M | Scene, ViewLayer | Updating Geometry BVH Cube.269 342/808 | Building mesh BLAS |     188 tris | Cube.269
Fra:1 Mem:227.93M (Peak 303.25M) | Time:00:00.24 | Mem:116.22M, Peak:116.22M | Scene, ViewLayer | Updating Geometry BVH Cube.271 344/808 | Building BVH
Fra:1 Mem:227.93M (Peak 303.25M) | Time:00:00.24 | Mem:116.22M, Peak:116.22M | Scene, ViewLayer | Updating Geometry BVH Cube.271 344/808 | Building mesh BLAS |     188 tris | Cube.271
Fra:1 Mem:227.93M (Peak 303.25M) | Time:00:00.24 | Mem:116.22M, Peak:116.22M | Scene, ViewLayer | Updating Geometry BVH Cube.271 344/808 | Building mesh BLAS |     188 tris | Cube.270
Fra:1 Mem:227.93M (Peak 303.25M) | Time:00:00.24 | Mem:116.23M, Peak:116.23M | Scene, ViewLayer | Updating Geometry BVH Cube.272 345/808 | Building BVH
Fra:1 Mem:227.93M (Peak 303.25M) | Time:00:00.24 | Mem:116.23M, Peak:116.23M | Scene, ViewLayer | Updating Geometry BVH Cube.272 345/808 | Building mesh BLAS |     188 tris | Cube.272
Fra:1 Mem:227.93M (Peak 303.25M) | Time:00:00.24 | Mem:116.23M, Peak:116.23M | Scene, ViewLayer | Updating Geometry BVH Cube.273 346/808 | Building BVH
Fra:1 Mem:227.93M (Peak 303.25M) | Time:00:00.24 | Mem:116.23M, Peak:116.23M | Scene, ViewLayer | Updating Geometry BVH Cube.273 346/808 | Building mesh BLAS |     188 tris | Cube.273
Fra:1 Mem:227.93M (Peak 303.25M) | Time:00:00.24 | Mem:116.24M, Peak:116.24M | Scene, ViewLayer | Updating Geometry BVH Cube.274 347/808 | Building BVH
Fra:1 Mem:227.93M (Peak 303.25M) | Time:00:00.24 | Mem:116.24M, Peak:116.24M | Scene, ViewLayer | Updating Geometry BVH Cube.274 347/808 | Building mesh BLAS |     188 tris | Cube.274
Fra:1 Mem:227.93M (Peak 303.25M) | Time:00:00.24 | Mem:116.26M, Peak:116.26M | Scene, ViewLayer | Updating Geometry BVH Cube.275 348/808 | Building BVH
Fra:1 Mem:227.93M (Peak 303.25M) | Time:00:00.24 | Mem:116.26M, Peak:116.26M | Scene, ViewLayer | Updating Geometry BVH Cube.275 348/808 | Building mesh BLAS |     188 tris | Cube.275
Fra:1 Mem:227.93M (Peak 303.25M) | Time:00:00.24 | Mem:116.29M, Peak:116.29M | Scene, ViewLayer | Updating Geometry BVH Cube.276 349/808 | Building BVH
Fra:1 Mem:227.93M (Peak 303.25M) | Time:00:00.24 | Mem:116.29M, Peak:116.29M | Scene, ViewLayer | Updating Geometry BVH Cube.277 350/808 | Building mesh BLAS |     188 tris | Cube.276
Fra:1 Mem:227.93M (Peak 303.25M) | Time:00:00.24 | Mem:116.29M, Peak:116.29M | Scene, ViewLayer | Updating Geometry BVH Cube.278 351/808 | Building BVH
Fra:1 Mem:227.93M (Peak 303.25M) | Time:00:00.24 | Mem:116.29M, Peak:116.29M | Scene, ViewLayer | Updating Geometry BVH Cube.279 352/808 | Building BVH
Fra:1 Mem:227.93M (Peak 303.25M) | Time:00:00.24 | Mem:116.29M, Peak:116.29M | Scene, ViewLayer | Updating Geometry BVH Cube.279 352/808 | Building mesh BLAS |     188 tris | Cube.278
Fra:1 Mem:227.93M (Peak 303.25M) | Time:00:00.24 | Mem:116.29M, Peak:116.29M | Scene, ViewLayer | Updating Geometry BVH Cube.279 352/808 | Building mesh BLAS |     188 tris | Cube.279
Fra:1 Mem:227.93M (Peak 303.25M) | Time:00:00.24 | Mem:116.30M, Peak:116.30M | Scene, ViewLayer | Updating Geometry BVH Cube.280 353/808 | Building BVH
Fra:1 Mem:227.93M (Peak 303.25M) | Time:00:00.24 | Mem:116.30M, Peak:116.30M | Scene, ViewLayer | Updating Geometry BVH Cube.280 353/808 | Building mesh BLAS |     188 tris | Cube.280
Fra:1 Mem:227.93M (Peak 303.25M) | Time:00:00.24 | Mem:116.30M, Peak:116.30M | Scene, ViewLayer | Updating Geometry BVH potted_plant_01_base_low 783/808 | Building BVH
Fra:1 Mem:227.93M (Peak 303.25M) | Time:00:00.24 | Mem:116.30M, Peak:116.30M | Scene, ViewLayer | Updating Geometry BVH potted_plant_01_base_low 783/808 | Building mesh BLAS |    7008 tris | potted_plant_01_base_low
Fra:1 Mem:227.93M (Peak 303.25M) | Time:00:00.24 | Mem:116.32M, Peak:116.32M | Scene, ViewLayer | Updating Geometry BVH Cube.281 354/808 | Building BVH
Fra:1 Mem:227.93M (Peak 303.25M) | Time:00:00.24 | Mem:116.32M, Peak:116.32M | Scene, ViewLayer | Updating Geometry BVH Cube.281 354/808 | Building mesh BLAS |     188 tris | Cube.281
Fra:1 Mem:227.93M (Peak 303.25M) | Time:00:00.24 | Mem:116.34M, Peak:116.34M | Scene, ViewLayer | Updating Geometry BVH Cube.282 355/808 | Building BVH
Fra:1 Mem:227.94M (Peak 303.25M) | Time:00:00.24 | Mem:116.34M, Peak:116.34M | Scene, ViewLayer | Updating Geometry BVH Cube.283 356/808 | Building BVH
Fra:1 Mem:227.94M (Peak 303.25M) | Time:00:00.24 | Mem:116.34M, Peak:116.34M | Scene, ViewLayer | Updating Geometry BVH Cube.283 356/808 | Building mesh BLAS |     188 tris | Cube.282
Fra:1 Mem:227.94M (Peak 303.25M) | Time:00:00.24 | Mem:116.34M, Peak:116.34M | Scene, ViewLayer | Updating Geometry BVH Cube.283 356/808 | Building mesh BLAS |     188 tris | Cube.283
Fra:1 Mem:227.94M (Peak 303.25M) | Time:00:00.24 | Mem:116.36M, Peak:116.36M | Scene, ViewLayer | Updating Geometry BVH Cube.284 357/808 | Building BVH
Fra:1 Mem:227.94M (Peak 303.25M) | Time:00:00.24 | Mem:116.36M, Peak:116.36M | Scene, ViewLayer | Updating Geometry BVH Cube.284 357/808 | Building mesh BLAS |     188 tris | Cube.284
Fra:1 Mem:227.94M (Peak 303.25M) | Time:00:00.24 | Mem:116.36M, Peak:116.36M | Scene, ViewLayer | Updating Geometry BVH Cube.285 358/808 | Building BVH
Fra:1 Mem:227.94M (Peak 303.25M) | Time:00:00.24 | Mem:116.36M, Peak:116.36M | Scene, ViewLayer | Updating Geometry BVH Cube.285 358/808 | Building mesh BLAS |     188 tris | Cube.285
Fra:1 Mem:227.94M (Peak 303.25M) | Time:00:00.24 | Mem:116.37M, Peak:116.37M | Scene, ViewLayer | Updating Geometry BVH Cube.286 359/808 | Building BVH
Fra:1 Mem:227.94M (Peak 303.25M) | Time:00:00.24 | Mem:116.37M, Peak:116.37M | Scene, ViewLayer | Updating Geometry BVH Cube.287 360/808 | Building BVH
Fra:1 Mem:227.94M (Peak 303.25M) | Time:00:00.24 | Mem:116.38M, Peak:116.38M | Scene, ViewLayer | Updating Geometry BVH Cube.288 361/808 | Building BVH
Fra:1 Mem:227.94M (Peak 303.25M) | Time:00:00.24 | Mem:116.38M, Peak:116.38M | Scene, ViewLayer | Updating Geometry BVH Cube.288 361/808 | Building mesh BLAS |     188 tris | Cube.287
Fra:1 Mem:227.94M (Peak 303.25M) | Time:00:00.24 | Mem:116.40M, Peak:116.40M | Scene, ViewLayer | Updating Geometry BVH Cube.288 361/808 | Building mesh BLAS |     188 tris | Cube.288
Fra:1 Mem:227.94M (Peak 303.25M) | Time:00:00.24 | Mem:116.40M, Peak:116.40M | Scene, ViewLayer | Updating Geometry BVH Cube.289 362/808 | Building BVH
Fra:1 Mem:227.94M (Peak 303.25M) | Time:00:00.24 | Mem:116.40M, Peak:116.40M | Scene, ViewLayer | Updating Geometry BVH Cube.291 364/808 | Building BVH
Fra:1 Mem:227.94M (Peak 303.25M) | Time:00:00.24 | Mem:116.40M, Peak:116.40M | Scene, ViewLayer | Updating Geometry BVH Cube.291 364/808 | Building mesh BLAS |     188 tris | Cube.289
Fra:1 Mem:227.94M (Peak 303.25M) | Time:00:00.24 | Mem:116.40M, Peak:116.40M | Scene, ViewLayer | Updating Geometry BVH Cube.291 364/808 | Building mesh BLAS |     188 tris | Cube.290
Fra:1 Mem:227.94M (Peak 303.25M) | Time:00:00.24 | Mem:116.40M, Peak:116.40M | Scene, ViewLayer | Updating Geometry BVH Cube.291 364/808 | Building mesh BLAS |     188 tris | Cube.291
Fra:1 Mem:227.94M (Peak 303.25M) | Time:00:00.24 | Mem:116.44M, Peak:116.44M | Scene, ViewLayer | Updating Geometry BVH Cube.292 365/808 | Building BVH
Fra:1 Mem:227.94M (Peak 303.25M) | Time:00:00.24 | Mem:116.44M, Peak:116.44M | Scene, ViewLayer | Updating Geometry BVH Cube.294 367/808 | Building BVH
Fra:1 Mem:227.94M (Peak 303.25M) | Time:00:00.24 | Mem:116.44M, Peak:116.44M | Scene, ViewLayer | Updating Geometry BVH Cube.294 367/808 | Building mesh BLAS |     188 tris | Cube.292
Fra:1 Mem:227.94M (Peak 303.25M) | Time:00:00.24 | Mem:116.44M, Peak:116.44M | Scene, ViewLayer | Updating Geometry BVH Cube.294 367/808 | Building mesh BLAS |     188 tris | Cube.293
Fra:1 Mem:227.94M (Peak 303.25M) | Time:00:00.24 | Mem:116.44M, Peak:116.44M | Scene, ViewLayer | Updating Geometry BVH Cube.294 367/808 | Building mesh BLAS |     188 tris | Cube.294
Fra:1 Mem:227.94M (Peak 303.25M) | Time:00:00.24 | Mem:116.46M, Peak:116.46M | Scene, ViewLayer | Updating Geometry BVH Cube.295 368/808 | Building BVH
Fra:1 Mem:227.94M (Peak 303.25M) | Time:00:00.24 | Mem:116.46M, Peak:116.46M | Scene, ViewLayer | Updating Geometry BVH Cube.296 369/808 | Building BVH
Fra:1 Mem:227.94M (Peak 303.25M) | Time:00:00.24 | Mem:116.46M, Peak:116.46M | Scene, ViewLayer | Updating Geometry BVH Cube.709 782/808 | Building BVH
Fra:1 Mem:227.94M (Peak 303.25M) | Time:00:00.24 | Mem:116.46M, Peak:116.46M | Scene, ViewLayer | Updating Geometry BVH Cube.709 782/808 | Building mesh BLAS |     188 tris | Cube.296
Fra:1 Mem:227.94M (Peak 303.25M) | Time:00:00.24 | Mem:116.46M, Peak:116.46M | Scene, ViewLayer | Updating Geometry BVH Cube.709 782/808 | Building mesh BLAS |     188 tris | Cube.297
Fra:1 Mem:227.94M (Peak 303.25M) | Time:00:00.24 | Mem:116.47M, Peak:116.47M | Scene, ViewLayer | Updating Geometry BVH Cube.709 782/808 | Building mesh BLAS |     188 tris | Cube.709
Fra:1 Mem:227.94M (Peak 303.25M) | Time:00:00.24 | Mem:116.48M, Peak:116.48M | Scene, ViewLayer | Updating Geometry BVH Cube.298 371/808 | Building BVH
Fra:1 Mem:227.94M (Peak 303.25M) | Time:00:00.24 | Mem:116.48M, Peak:116.48M | Scene, ViewLayer | Updating Geometry BVH Cube.299 372/808 | Building BVH
Fra:1 Mem:227.94M (Peak 303.25M) | Time:00:00.24 | Mem:116.48M, Peak:116.48M | Scene, ViewLayer | Updating Geometry BVH Cube.299 372/808 | Building mesh BLAS |     188 tris | Cube.298
Fra:1 Mem:227.94M (Peak 303.25M) | Time:00:00.24 | Mem:116.48M, Peak:116.48M | Scene, ViewLayer | Updating Geometry BVH Cube.300 373/808 | Building BVH
Fra:1 Mem:227.94M (Peak 303.25M) | Time:00:00.24 | Mem:116.48M, Peak:116.48M | Scene, ViewLayer | Updating Geometry BVH Cube.300 373/808 | Building mesh BLAS |     188 tris | Cube.300
Fra:1 Mem:227.94M (Peak 303.25M) | Time:00:00.24 | Mem:116.52M, Peak:116.52M | Scene, ViewLayer | Updating Geometry BVH Cube.301 374/808 | Building BVH
Fra:1 Mem:227.94M (Peak 303.25M) | Time:00:00.24 | Mem:116.52M, Peak:116.52M | Scene, ViewLayer | Updating Geometry BVH Cube.301 374/808 | Building mesh BLAS |     188 tris | Cube.301
Fra:1 Mem:227.94M (Peak 303.25M) | Time:00:00.24 | Mem:116.52M, Peak:116.52M | Scene, ViewLayer | Updating Geometry BVH Cube.302 375/808 | Building BVH
Fra:1 Mem:227.94M (Peak 303.25M) | Time:00:00.24 | Mem:116.52M, Peak:116.52M | Scene, ViewLayer | Updating Geometry BVH Cube.302 375/808 | Building mesh BLAS |     188 tris | Cube.302
Fra:1 Mem:227.94M (Peak 303.25M) | Time:00:00.24 | Mem:116.57M, Peak:116.57M | Scene, ViewLayer | Updating Geometry BVH Cube.303 376/808 | Building BVH
Fra:1 Mem:227.94M (Peak 303.25M) | Time:00:00.24 | Mem:116.57M, Peak:116.57M | Scene, ViewLayer | Updating Geometry BVH Cube.303 376/808 | Building mesh BLAS |     188 tris | Cube.303
Fra:1 Mem:227.94M (Peak 303.25M) | Time:00:00.24 | Mem:116.57M, Peak:116.57M | Scene, ViewLayer | Updating Geometry BVH Cube.304 377/808 | Building BVH
Fra:1 Mem:227.94M (Peak 303.25M) | Time:00:00.24 | Mem:116.57M, Peak:116.57M | Scene, ViewLayer | Updating Geometry BVH Cube.305 378/808 | Building BVH
Fra:1 Mem:227.94M (Peak 303.25M) | Time:00:00.24 | Mem:116.57M, Peak:116.57M | Scene, ViewLayer | Updating Geometry BVH Cube.305 378/808 | Building mesh BLAS |     188 tris | Cube.304
Fra:1 Mem:227.94M (Peak 303.25M) | Time:00:00.24 | Mem:116.57M, Peak:116.57M | Scene, ViewLayer | Updating Geometry BVH Cube.306 379/808 | Building mesh BLAS |     188 tris | Cube.305
Fra:1 Mem:227.94M (Peak 303.25M) | Time:00:00.24 | Mem:116.57M, Peak:116.57M | Scene, ViewLayer | Updating Geometry BVH Cube.307 380/808 | Building BVH
Fra:1 Mem:227.94M (Peak 303.25M) | Time:00:00.24 | Mem:116.57M, Peak:116.57M | Scene, ViewLayer | Updating Geometry BVH Cube.307 380/808 | Building mesh BLAS |     188 tris | Cube.306
Fra:1 Mem:227.94M (Peak 303.25M) | Time:00:00.24 | Mem:116.57M, Peak:116.57M | Scene, ViewLayer | Updating Geometry BVH Cube.307 380/808 | Building mesh BLAS |     188 tris | Cube.307
Fra:1 Mem:227.94M (Peak 303.25M) | Time:00:00.24 | Mem:116.57M, Peak:116.57M | Scene, ViewLayer | Updating Geometry BVH Cube.308 381/808 | Building BVH
Fra:1 Mem:227.94M (Peak 303.25M) | Time:00:00.24 | Mem:116.57M, Peak:116.57M | Scene, ViewLayer | Updating Geometry BVH Cube.308 381/808 | Building mesh BLAS |     188 tris | Cube.308
Fra:1 Mem:227.94M (Peak 303.25M) | Time:00:00.24 | Mem:116.58M, Peak:116.58M | Scene, ViewLayer | Updating Geometry BVH Cube.309 382/808 | Building BVH
Fra:1 Mem:227.94M (Peak 303.25M) | Time:00:00.24 | Mem:116.58M, Peak:116.58M | Scene, ViewLayer | Updating Geometry BVH Cube.309 382/808 | Building mesh BLAS |     188 tris | Cube.309
Fra:1 Mem:227.94M (Peak 303.25M) | Time:00:00.24 | Mem:116.61M, Peak:116.61M | Scene, ViewLayer | Updating Geometry BVH Cube.311 384/808 | Building BVH
Fra:1 Mem:227.94M (Peak 303.25M) | Time:00:00.24 | Mem:116.61M, Peak:116.61M | Scene, ViewLayer | Updating Geometry BVH Cube.310 383/808 | Building BVH
Fra:1 Mem:227.94M (Peak 303.25M) | Time:00:00.24 | Mem:116.61M, Peak:116.61M | Scene, ViewLayer | Updating Geometry BVH Cube.310 383/808 | Building mesh BLAS |     188 tris | Cube.310
Fra:1 Mem:227.94M (Peak 303.25M) | Time:00:00.24 | Mem:116.61M, Peak:116.61M | Scene, ViewLayer | Updating Geometry BVH Cube.310 383/808 | Building mesh BLAS |     188 tris | Cube.311
Fra:1 Mem:227.94M (Peak 303.25M) | Time:00:00.24 | Mem:116.62M, Peak:116.62M | Scene, ViewLayer | Updating Geometry BVH Cube.312 385/808 | Building BVH
Fra:1 Mem:227.94M (Peak 303.25M) | Time:00:00.24 | Mem:116.63M, Peak:116.63M | Scene, ViewLayer | Updating Geometry BVH Cube.312 385/808 | Building mesh BLAS |     188 tris | Cube.312
Fra:1 Mem:227.94M (Peak 303.25M) | Time:00:00.24 | Mem:116.63M, Peak:116.63M | Scene, ViewLayer | Updating Geometry BVH Cube.708 781/808 | Building BVH
Fra:1 Mem:227.94M (Peak 303.25M) | Time:00:00.24 | Mem:116.63M, Peak:116.63M | Scene, ViewLayer | Updating Geometry BVH Cube.708 781/808 | Building mesh BLAS |     188 tris | Cube.708
Fra:1 Mem:227.94M (Peak 303.25M) | Time:00:00.24 | Mem:116.63M, Peak:116.63M | Scene, ViewLayer | Updating Geometry BVH Cube.313 386/808 | Building BVH
Fra:1 Mem:227.94M (Peak 303.25M) | Time:00:00.24 | Mem:116.65M, Peak:116.65M | Scene, ViewLayer | Updating Geometry BVH Cube.314 387/808 | Building mesh BLAS |     188 tris | Cube.313
Fra:1 Mem:227.94M (Peak 303.25M) | Time:00:00.24 | Mem:116.67M, Peak:116.67M | Scene, ViewLayer | Updating Geometry BVH Cube.316 389/808 | Building BVH
Fra:1 Mem:227.94M (Peak 303.25M) | Time:00:00.24 | Mem:116.67M, Peak:116.67M | Scene, ViewLayer | Updating Geometry BVH Cube.317 390/808 | Building BVH
Fra:1 Mem:227.94M (Peak 303.25M) | Time:00:00.24 | Mem:116.67M, Peak:116.67M | Scene, ViewLayer | Updating Geometry BVH Cube.317 390/808 | Building mesh BLAS |     188 tris | Cube.315
Fra:1 Mem:227.94M (Peak 303.25M) | Time:00:00.24 | Mem:116.67M, Peak:116.67M | Scene, ViewLayer | Updating Geometry BVH Cube.317 390/808 | Building mesh BLAS |     188 tris | Cube.317
Fra:1 Mem:227.94M (Peak 303.25M) | Time:00:00.24 | Mem:121.79M, Peak:121.79M | Scene, ViewLayer | Updating Geometry BVH Cube.318 391/808 | Building BVH
Fra:1 Mem:227.94M (Peak 303.25M) | Time:00:00.24 | Mem:121.79M, Peak:121.79M | Scene, ViewLayer | Updating Geometry BVH Cube.319 392/808 | Building BVH
Fra:1 Mem:227.94M (Peak 303.25M) | Time:00:00.24 | Mem:121.79M, Peak:121.79M | Scene, ViewLayer | Updating Geometry BVH Cube.319 392/808 | Building mesh BLAS |     188 tris | Cube.318
Fra:1 Mem:227.94M (Peak 303.25M) | Time:00:00.24 | Mem:121.79M, Peak:121.79M | Scene, ViewLayer | Updating Geometry BVH Cube.319 392/808 | Building mesh BLAS |     188 tris | Cube.319
Fra:1 Mem:227.94M (Peak 303.25M) | Time:00:00.24 | Mem:121.82M, Peak:121.82M | Scene, ViewLayer | Updating Geometry BVH Cube.320 393/808 | Building BVH
Fra:1 Mem:227.94M (Peak 303.25M) | Time:00:00.24 | Mem:121.82M, Peak:121.82M | Scene, ViewLayer | Updating Geometry BVH Cube.320 393/808 | Building mesh BLAS |     188 tris | Cube.320
Fra:1 Mem:227.94M (Peak 303.25M) | Time:00:00.24 | Mem:121.83M, Peak:121.83M | Scene, ViewLayer | Updating Geometry BVH Cube.321 394/808 | Building BVH
Fra:1 Mem:227.94M (Peak 303.25M) | Time:00:00.24 | Mem:121.83M, Peak:121.83M | Scene, ViewLayer | Updating Geometry BVH Cube.322 395/808 | Building BVH
Fra:1 Mem:227.94M (Peak 303.25M) | Time:00:00.24 | Mem:121.83M, Peak:121.83M | Scene, ViewLayer | Updating Geometry BVH Cube.322 395/808 | Building mesh BLAS |     188 tris | Cube.321
Fra:1 Mem:227.94M (Peak 303.25M) | Time:00:00.24 | Mem:121.83M, Peak:121.83M | Scene, ViewLayer | Updating Geometry BVH Cube.322 395/808 | Building mesh BLAS |     188 tris | Cube.322
Fra:1 Mem:227.94M (Peak 303.25M) | Time:00:00.24 | Mem:121.84M, Peak:121.84M | Scene, ViewLayer | Updating Geometry BVH Cube.323 396/808 | Building BVH
Fra:1 Mem:227.94M (Peak 303.25M) | Time:00:00.24 | Mem:121.84M, Peak:121.84M | Scene, ViewLayer | Updating Geometry BVH Cube.323 396/808 | Building mesh BLAS |     188 tris | Cube.323
Fra:1 Mem:227.94M (Peak 303.25M) | Time:00:00.24 | Mem:121.84M, Peak:121.84M | Scene, ViewLayer | Updating Geometry BVH Cube.324 397/808 | Building BVH
Fra:1 Mem:227.94M (Peak 303.25M) | Time:00:00.24 | Mem:121.85M, Peak:121.85M | Scene, ViewLayer | Updating Geometry BVH Cube.325 398/808 | Building BVH
Fra:1 Mem:227.94M (Peak 303.25M) | Time:00:00.24 | Mem:121.85M, Peak:121.85M | Scene, ViewLayer | Updating Geometry BVH Cube.325 398/808 | Building mesh BLAS |     188 tris | Cube.324
Fra:1 Mem:227.94M (Peak 303.25M) | Time:00:00.24 | Mem:121.85M, Peak:121.85M | Scene, ViewLayer | Updating Geometry BVH Cube.326 399/808 | Building BVH
Fra:1 Mem:227.94M (Peak 303.25M) | Time:00:00.24 | Mem:121.85M, Peak:121.85M | Scene, ViewLayer | Updating Geometry BVH Cube.326 399/808 | Building mesh BLAS |     188 tris | Cube.326
Fra:1 Mem:227.94M (Peak 303.25M) | Time:00:00.24 | Mem:121.86M, Peak:121.86M | Scene, ViewLayer | Updating Geometry BVH Cube.327 400/808 | Building BVH
Fra:1 Mem:227.94M (Peak 303.25M) | Time:00:00.24 | Mem:121.88M, Peak:121.88M | Scene, ViewLayer | Updating Geometry BVH Cube.327 400/808 | Building mesh BLAS |     188 tris | Cube.327
Fra:1 Mem:227.94M (Peak 303.25M) | Time:00:00.24 | Mem:121.91M, Peak:121.91M | Scene, ViewLayer | Updating Geometry BVH Cube.707 780/808 | Building BVH
Fra:1 Mem:227.94M (Peak 303.25M) | Time:00:00.24 | Mem:121.91M, Peak:121.91M | Scene, ViewLayer | Updating Geometry BVH Cube.329 402/808 | Building BVH
Fra:1 Mem:227.94M (Peak 303.25M) | Time:00:00.24 | Mem:121.91M, Peak:121.91M | Scene, ViewLayer | Updating Geometry BVH Cube.329 402/808 | Building mesh BLAS |     188 tris | Cube.707
Fra:1 Mem:227.94M (Peak 303.25M) | Time:00:00.24 | Mem:121.92M, Peak:121.92M | Scene, ViewLayer | Updating Geometry BVH Cube.328 401/808 | Building mesh BLAS |     188 tris | Cube.329
Fra:1 Mem:227.94M (Peak 303.25M) | Time:00:00.24 | Mem:121.93M, Peak:121.93M | Scene, ViewLayer | Updating Geometry BVH Cube.331 404/808 | Building BVH
Fra:1 Mem:227.94M (Peak 303.25M) | Time:00:00.24 | Mem:121.95M, Peak:121.95M | Scene, ViewLayer | Updating Geometry BVH Cube.332 405/808 | Building BVH
Fra:1 Mem:227.94M (Peak 303.25M) | Time:00:00.24 | Mem:122.22M, Peak:122.22M | Scene, ViewLayer | Updating Geometry BVH Cube.334 407/808 | Building mesh BLAS |     188 tris | Cube.331
Fra:1 Mem:227.94M (Peak 303.25M) | Time:00:00.24 | Mem:122.23M, Peak:122.23M | Scene, ViewLayer | Updating Geometry BVH Cube.334 407/808 | Building mesh BLAS |     188 tris | Cube.332
Fra:1 Mem:227.94M (Peak 303.25M) | Time:00:00.24 | Mem:122.23M, Peak:122.23M | Scene, ViewLayer | Updating Geometry BVH Cube.335 408/808 | Building mesh BLAS |     188 tris | Cube.333
Fra:1 Mem:227.94M (Peak 303.25M) | Time:00:00.24 | Mem:122.23M, Peak:122.23M | Scene, ViewLayer | Updating Geometry BVH Cube.336 409/808 | Building BVH
Fra:1 Mem:227.94M (Peak 303.25M) | Time:00:00.24 | Mem:122.23M, Peak:122.23M | Scene, ViewLayer | Updating Geometry BVH Cube.336 409/808 | Building mesh BLAS |     188 tris | Cube.330
Fra:1 Mem:227.94M (Peak 303.25M) | Time:00:00.24 | Mem:122.24M, Peak:122.24M | Scene, ViewLayer | Updating Geometry BVH Cube.336 409/808 | Building mesh BLAS |     188 tris | Cube.336
Fra:1 Mem:227.94M (Peak 303.25M) | Time:00:00.24 | Mem:122.24M, Peak:122.24M | Scene, ViewLayer | Updating Geometry BVH Cube.336 409/808 | Building mesh BLAS |     188 tris | Cube.335
Fra:1 Mem:227.94M (Peak 303.25M) | Time:00:00.24 | Mem:122.24M, Peak:122.24M | Scene, ViewLayer | Updating Geometry BVH Cube.337 410/808 | Building BVH
Fra:1 Mem:227.94M (Peak 303.25M) | Time:00:00.24 | Mem:122.26M, Peak:122.26M | Scene, ViewLayer | Updating Geometry BVH Cube.337 410/808 | Building mesh BLAS |     188 tris | Cube.337
Fra:1 Mem:227.94M (Peak 303.25M) | Time:00:00.24 | Mem:122.26M, Peak:122.26M | Scene, ViewLayer | Updating Geometry BVH Cube.338 411/808 | Building BVH
Fra:1 Mem:227.94M (Peak 303.25M) | Time:00:00.24 | Mem:122.26M, Peak:122.26M | Scene, ViewLayer | Updating Geometry BVH Cube.338 411/808 | Building mesh BLAS |     188 tris | Cube.338
Fra:1 Mem:227.94M (Peak 303.25M) | Time:00:00.24 | Mem:122.26M, Peak:122.26M | Scene, ViewLayer | Updating Geometry BVH Cube.339 412/808 | Building BVH
Fra:1 Mem:227.94M (Peak 303.25M) | Time:00:00.24 | Mem:122.26M, Peak:122.26M | Scene, ViewLayer | Updating Geometry BVH Cube.339 412/808 | Building mesh BLAS |     188 tris | Cube.339
Fra:1 Mem:227.94M (Peak 303.25M) | Time:00:00.24 | Mem:122.29M, Peak:122.29M | Scene, ViewLayer | Updating Geometry BVH Cube.340 413/808 | Building BVH
Fra:1 Mem:227.94M (Peak 303.25M) | Time:00:00.24 | Mem:122.29M, Peak:122.29M | Scene, ViewLayer | Updating Geometry BVH Cube.341 414/808 | Building BVH
Fra:1 Mem:227.94M (Peak 303.25M) | Time:00:00.24 | Mem:122.29M, Peak:122.29M | Scene, ViewLayer | Updating Geometry BVH Cube.341 414/808 | Building mesh BLAS |     188 tris | Cube.340
Fra:1 Mem:227.94M (Peak 303.25M) | Time:00:00.24 | Mem:122.29M, Peak:122.29M | Scene, ViewLayer | Updating Geometry BVH Cube.341 414/808 | Building mesh BLAS |     188 tris | Cube.341
Fra:1 Mem:227.94M (Peak 303.25M) | Time:00:00.24 | Mem:122.29M, Peak:122.29M | Scene, ViewLayer | Updating Geometry BVH Cube.342 415/808 | Building BVH
Fra:1 Mem:227.94M (Peak 303.25M) | Time:00:00.24 | Mem:122.29M, Peak:122.29M | Scene, ViewLayer | Updating Geometry BVH Cube.342 415/808 | Building mesh BLAS |     188 tris | Cube.342
Fra:1 Mem:227.94M (Peak 303.25M) | Time:00:00.24 | Mem:122.29M, Peak:122.29M | Scene, ViewLayer | Updating Geometry BVH Cube.343 416/808 | Building BVH
Fra:1 Mem:227.94M (Peak 303.25M) | Time:00:00.24 | Mem:122.29M, Peak:122.29M | Scene, ViewLayer | Updating Geometry BVH Cube.343 416/808 | Building mesh BLAS |     188 tris | Cube.343
Fra:1 Mem:227.94M (Peak 303.25M) | Time:00:00.24 | Mem:122.29M, Peak:122.29M | Scene, ViewLayer | Updating Geometry BVH Cube.344 417/808 | Building BVH
Fra:1 Mem:227.94M (Peak 303.25M) | Time:00:00.24 | Mem:122.29M, Peak:122.29M | Scene, ViewLayer | Updating Geometry BVH Cube.344 417/808 | Building mesh BLAS |     188 tris | Cube.344
Fra:1 Mem:227.94M (Peak 303.25M) | Time:00:00.24 | Mem:122.32M, Peak:122.32M | Scene, ViewLayer | Updating Geometry BVH Cube.706 779/808 | Building BVH
Fra:1 Mem:227.94M (Peak 303.25M) | Time:00:00.24 | Mem:122.34M, Peak:122.34M | Scene, ViewLayer | Updating Geometry BVH Cube.345 418/808 | Building BVH
Fra:1 Mem:227.94M (Peak 303.25M) | Time:00:00.24 | Mem:122.34M, Peak:122.34M | Scene, ViewLayer | Updating Geometry BVH Cube.345 418/808 | Building mesh BLAS |     188 tris | Cube.706
Fra:1 Mem:227.94M (Peak 303.25M) | Time:00:00.24 | Mem:122.34M, Peak:122.34M | Scene, ViewLayer | Updating Geometry BVH Cube.345 418/808 | Building mesh BLAS |     188 tris | Cube.345
Fra:1 Mem:227.94M (Peak 303.25M) | Time:00:00.24 | Mem:122.37M, Peak:122.37M | Scene, ViewLayer | Updating Geometry BVH Cube.346 419/808 | Building BVH
Fra:1 Mem:227.94M (Peak 303.25M) | Time:00:00.24 | Mem:122.38M, Peak:122.38M | Scene, ViewLayer | Updating Geometry BVH Cube.346 419/808 | Building mesh BLAS |     188 tris | Cube.346
Fra:1 Mem:227.94M (Peak 303.25M) | Time:00:00.24 | Mem:122.38M, Peak:122.38M | Scene, ViewLayer | Updating Geometry BVH Cube.347 420/808 | Building BVH
Fra:1 Mem:227.94M (Peak 303.25M) | Time:00:00.24 | Mem:122.38M, Peak:122.38M | Scene, ViewLayer | Updating Geometry BVH Cube.348 421/808 | Building BVH
Fra:1 Mem:227.94M (Peak 303.25M) | Time:00:00.24 | Mem:122.38M, Peak:122.38M | Scene, ViewLayer | Updating Geometry BVH Cube.348 421/808 | Building mesh BLAS |     188 tris | Cube.347
Fra:1 Mem:227.94M (Peak 303.25M) | Time:00:00.24 | Mem:122.38M, Peak:122.38M | Scene, ViewLayer | Updating Geometry BVH Cube.348 421/808 | Building mesh BLAS |     188 tris | Cube.348
Fra:1 Mem:227.94M (Peak 303.25M) | Time:00:00.24 | Mem:122.39M, Peak:122.39M | Scene, ViewLayer | Updating Geometry BVH Cube.349 422/808 | Building BVH
Fra:1 Mem:227.94M (Peak 303.25M) | Time:00:00.24 | Mem:122.40M, Peak:122.40M | Scene, ViewLayer | Updating Geometry BVH Cube.349 422/808 | Building mesh BLAS |     188 tris | Cube.349
Fra:1 Mem:227.94M (Peak 303.25M) | Time:00:00.24 | Mem:122.40M, Peak:122.40M | Scene, ViewLayer | Updating Geometry BVH Cube.350 423/808 | Building BVH
Fra:1 Mem:227.94M (Peak 303.25M) | Time:00:00.24 | Mem:122.40M, Peak:122.40M | Scene, ViewLayer | Updating Geometry BVH Cube.350 423/808 | Building mesh BLAS |     188 tris | Cube.350
Fra:1 Mem:227.94M (Peak 303.25M) | Time:00:00.24 | Mem:122.41M, Peak:122.41M | Scene, ViewLayer | Updating Geometry BVH Cube.351 424/808 | Building BVH
Fra:1 Mem:227.94M (Peak 303.25M) | Time:00:00.24 | Mem:122.42M, Peak:122.42M | Scene, ViewLayer | Updating Geometry BVH Cube.351 424/808 | Building mesh BLAS |     188 tris | Cube.351
Fra:1 Mem:227.94M (Peak 303.25M) | Time:00:00.24 | Mem:122.42M, Peak:122.42M | Scene, ViewLayer | Updating Geometry BVH Cube.352 425/808 | Building BVH
Fra:1 Mem:227.94M (Peak 303.25M) | Time:00:00.24 | Mem:122.42M, Peak:122.42M | Scene, ViewLayer | Updating Geometry BVH Cube.353 426/808 | Building BVH
Fra:1 Mem:227.94M (Peak 303.25M) | Time:00:00.24 | Mem:122.42M, Peak:122.42M | Scene, ViewLayer | Updating Geometry BVH Cube.355 428/808 | Building BVH
Fra:1 Mem:227.94M (Peak 303.25M) | Time:00:00.24 | Mem:122.42M, Peak:122.42M | Scene, ViewLayer | Updating Geometry BVH Cube.355 428/808 | Building mesh BLAS |     188 tris | Cube.352
Fra:1 Mem:227.94M (Peak 303.25M) | Time:00:00.24 | Mem:122.42M, Peak:122.42M | Scene, ViewLayer | Updating Geometry BVH Cube.355 428/808 | Building mesh BLAS |     188 tris | Cube.355
Fra:1 Mem:227.94M (Peak 303.25M) | Time:00:00.24 | Mem:122.42M, Peak:122.42M | Scene, ViewLayer | Updating Geometry BVH Cube.355 428/808 | Building mesh BLAS |     188 tris | Cube.354
Fra:1 Mem:227.94M (Peak 303.25M) | Time:00:00.24 | Mem:125.32M, Peak:125.32M | Scene, ViewLayer | Updating Geometry BVH Cube.356 429/808 | Building BVH
Fra:1 Mem:227.94M (Peak 303.25M) | Time:00:00.24 | Mem:125.32M, Peak:125.32M | Scene, ViewLayer | Updating Geometry BVH Cube.356 429/808 | Building mesh BLAS |     188 tris | Cube.356
Fra:1 Mem:227.94M (Peak 303.25M) | Time:00:00.24 | Mem:125.34M, Peak:125.34M | Scene, ViewLayer | Updating Geometry BVH Cube.357 430/808 | Building BVH
Fra:1 Mem:227.94M (Peak 303.25M) | Time:00:00.24 | Mem:125.34M, Peak:125.34M | Scene, ViewLayer | Updating Geometry BVH Cube.357 430/808 | Building mesh BLAS |     188 tris | Cube.357
Fra:1 Mem:227.94M (Peak 303.25M) | Time:00:00.24 | Mem:125.35M, Peak:125.35M | Scene, ViewLayer | Updating Geometry BVH Cube.358 431/808 | Building BVH
Fra:1 Mem:227.94M (Peak 303.25M) | Time:00:00.24 | Mem:125.35M, Peak:125.35M | Scene, ViewLayer | Updating Geometry BVH Cube.359 432/808 | Building BVH
Fra:1 Mem:227.94M (Peak 303.25M) | Time:00:00.24 | Mem:125.35M, Peak:125.35M | Scene, ViewLayer | Updating Geometry BVH Cube.359 432/808 | Building mesh BLAS |     188 tris | Cube.358
Fra:1 Mem:227.94M (Peak 303.25M) | Time:00:00.24 | Mem:125.35M, Peak:125.35M | Scene, ViewLayer | Updating Geometry BVH Cube.359 432/808 | Building mesh BLAS |     188 tris | Cube.359
Fra:1 Mem:227.94M (Peak 303.25M) | Time:00:00.24 | Mem:125.35M, Peak:125.35M | Scene, ViewLayer | Updating Geometry BVH Cube.360 433/808 | Building BVH
Fra:1 Mem:227.94M (Peak 303.25M) | Time:00:00.24 | Mem:125.35M, Peak:125.35M | Scene, ViewLayer | Updating Geometry BVH Cube.360 433/808 | Building mesh BLAS |     188 tris | Cube.360
Fra:1 Mem:227.94M (Peak 303.25M) | Time:00:00.24 | Mem:125.35M, Peak:125.35M | Scene, ViewLayer | Updating Geometry BVH Cube.361 434/808 | Building BVH
Fra:1 Mem:227.94M (Peak 303.25M) | Time:00:00.24 | Mem:125.35M, Peak:125.35M | Scene, ViewLayer | Updating Geometry BVH Cube.361 434/808 | Building mesh BLAS |     188 tris | Cube.361
Fra:1 Mem:227.94M (Peak 303.25M) | Time:00:00.24 | Mem:125.35M, Peak:125.35M | Scene, ViewLayer | Updating Geometry BVH Cube.705 778/808 | Building BVH
Fra:1 Mem:227.94M (Peak 303.25M) | Time:00:00.24 | Mem:125.35M, Peak:125.35M | Scene, ViewLayer | Updating Geometry BVH Cube.705 778/808 | Building mesh BLAS |     188 tris | Cube.705
Fra:1 Mem:227.94M (Peak 303.25M) | Time:00:00.24 | Mem:125.39M, Peak:125.39M | Scene, ViewLayer | Updating Geometry BVH Cube.362 435/808 | Building BVH
Fra:1 Mem:227.94M (Peak 303.25M) | Time:00:00.24 | Mem:125.39M, Peak:125.39M | Scene, ViewLayer | Updating Geometry BVH Cube.362 435/808 | Building mesh BLAS |     188 tris | Cube.362
Fra:1 Mem:227.94M (Peak 303.25M) | Time:00:00.24 | Mem:125.39M, Peak:125.39M | Scene, ViewLayer | Updating Geometry BVH Cube.363 436/808 | Building BVH
Fra:1 Mem:227.94M (Peak 303.25M) | Time:00:00.24 | Mem:125.42M, Peak:125.42M | Scene, ViewLayer | Updating Geometry BVH Cube.364 437/808 | Building BVH
Fra:1 Mem:227.94M (Peak 303.25M) | Time:00:00.24 | Mem:125.42M, Peak:125.42M | Scene, ViewLayer | Updating Geometry BVH Cube.364 437/808 | Building mesh BLAS |     188 tris | Cube.363
Fra:1 Mem:227.94M (Peak 303.25M) | Time:00:00.24 | Mem:125.42M, Peak:125.42M | Scene, ViewLayer | Updating Geometry BVH Cube.364 437/808 | Building mesh BLAS |     188 tris | Cube.364
Fra:1 Mem:227.94M (Peak 303.25M) | Time:00:00.24 | Mem:125.42M, Peak:125.42M | Scene, ViewLayer | Updating Geometry BVH Cube.366 439/808 | Building BVH
Fra:1 Mem:227.94M (Peak 303.25M) | Time:00:00.24 | Mem:125.43M, Peak:125.43M | Scene, ViewLayer | Updating Geometry BVH Cube.367 440/808 | Building BVH
Fra:1 Mem:227.94M (Peak 303.25M) | Time:00:00.24 | Mem:125.43M, Peak:125.43M | Scene, ViewLayer | Updating Geometry BVH Cube.367 440/808 | Building mesh BLAS |     188 tris | Cube.366
Fra:1 Mem:227.94M (Peak 303.25M) | Time:00:00.24 | Mem:125.43M, Peak:125.43M | Scene, ViewLayer | Updating Geometry BVH Cube.367 440/808 | Building mesh BLAS |     188 tris | Cube.367
Fra:1 Mem:227.94M (Peak 303.25M) | Time:00:00.24 | Mem:125.43M, Peak:125.43M | Scene, ViewLayer | Updating Geometry BVH Cube.367 440/808 | Building mesh BLAS |     188 tris | Cube.365
Fra:1 Mem:227.94M (Peak 303.25M) | Time:00:00.24 | Mem:125.43M, Peak:125.43M | Scene, ViewLayer | Updating Geometry BVH Cube.368 441/808 | Building BVH
Fra:1 Mem:227.94M (Peak 303.25M) | Time:00:00.24 | Mem:125.44M, Peak:125.44M | Scene, ViewLayer | Updating Geometry BVH Cube.368 441/808 | Building mesh BLAS |     188 tris | Cube.368
Fra:1 Mem:227.94M (Peak 303.25M) | Time:00:00.24 | Mem:125.46M, Peak:125.46M | Scene, ViewLayer | Updating Geometry BVH Cube.369 442/808 | Building BVH
Fra:1 Mem:227.94M (Peak 303.25M) | Time:00:00.24 | Mem:125.84M, Peak:125.84M | Scene, ViewLayer | Updating Geometry BVH Cube.369 442/808 | Building mesh BLAS |     188 tris | Cube.369
Fra:1 Mem:227.94M (Peak 303.25M) | Time:00:00.24 | Mem:125.84M, Peak:125.84M | Scene, ViewLayer | Updating Geometry BVH Cube.370 443/808 | Building BVH
Fra:1 Mem:227.94M (Peak 303.25M) | Time:00:00.24 | Mem:125.84M, Peak:125.84M | Scene, ViewLayer | Updating Geometry BVH Cube.372 445/808 | Building BVH
Fra:1 Mem:227.94M (Peak 303.25M) | Time:00:00.24 | Mem:125.84M, Peak:125.84M | Scene, ViewLayer | Updating Geometry BVH Cube.372 445/808 | Building mesh BLAS |     188 tris | Cube.370
Fra:1 Mem:227.94M (Peak 303.25M) | Time:00:00.24 | Mem:125.84M, Peak:125.84M | Scene, ViewLayer | Updating Geometry BVH Cube.372 445/808 | Building mesh BLAS |     188 tris | Cube.371
Fra:1 Mem:227.94M (Peak 303.25M) | Time:00:00.24 | Mem:125.84M, Peak:125.84M | Scene, ViewLayer | Updating Geometry BVH Cube.372 445/808 | Building mesh BLAS |     188 tris | Cube.372
Fra:1 Mem:227.94M (Peak 303.25M) | Time:00:00.24 | Mem:125.84M, Peak:125.84M | Scene, ViewLayer | Updating Geometry BVH Cube.373 446/808 | Building BVH
Fra:1 Mem:227.94M (Peak 303.25M) | Time:00:00.24 | Mem:125.84M, Peak:125.84M | Scene, ViewLayer | Updating Geometry BVH Cube.373 446/808 | Building mesh BLAS |     188 tris | Cube.373
Fra:1 Mem:227.94M (Peak 303.25M) | Time:00:00.24 | Mem:125.91M, Peak:125.91M | Scene, ViewLayer | Updating Geometry BVH Cube.374 447/808 | Building BVH
Fra:1 Mem:227.94M (Peak 303.25M) | Time:00:00.24 | Mem:125.92M, Peak:125.92M | Scene, ViewLayer | Updating Geometry BVH Cube.375 448/808 | Building BVH
Fra:1 Mem:227.94M (Peak 303.25M) | Time:00:00.24 | Mem:125.93M, Peak:125.93M | Scene, ViewLayer | Updating Geometry BVH Cube.375 448/808 | Building mesh BLAS |     188 tris | Cube.374
Fra:1 Mem:227.94M (Peak 303.25M) | Time:00:00.24 | Mem:125.93M, Peak:125.93M | Scene, ViewLayer | Updating Geometry BVH Cube.704 777/808 | Building BVH
Fra:1 Mem:227.94M (Peak 303.25M) | Time:00:00.24 | Mem:125.93M, Peak:125.93M | Scene, ViewLayer | Updating Geometry BVH Cube.377 450/808 | Building BVH
Fra:1 Mem:227.94M (Peak 303.25M) | Time:00:00.24 | Mem:125.93M, Peak:125.93M | Scene, ViewLayer | Updating Geometry BVH Cube.378 451/808 | Building BVH
Fra:1 Mem:227.94M (Peak 303.25M) | Time:00:00.24 | Mem:125.93M, Peak:125.93M | Scene, ViewLayer | Updating Geometry BVH Cube.378 451/808 | Building mesh BLAS |     188 tris | Cube.376
Fra:1 Mem:227.94M (Peak 303.25M) | Time:00:00.24 | Mem:125.93M, Peak:125.93M | Scene, ViewLayer | Updating Geometry BVH Cube.378 451/808 | Building mesh BLAS |     188 tris | Cube.378
Fra:1 Mem:227.94M (Peak 303.25M) | Time:00:00.24 | Mem:125.93M, Peak:125.93M | Scene, ViewLayer | Updating Geometry BVH Cube.378 451/808 | Building mesh BLAS |     188 tris | Cube.377
Fra:1 Mem:227.94M (Peak 303.25M) | Time:00:00.24 | Mem:125.94M, Peak:125.94M | Scene, ViewLayer | Updating Geometry BVH Cube.379 452/808 | Building BVH
Fra:1 Mem:227.94M (Peak 303.25M) | Time:00:00.24 | Mem:125.94M, Peak:125.94M | Scene, ViewLayer | Updating Geometry BVH Cube.379 452/808 | Building mesh BLAS |     188 tris | Cube.379
Fra:1 Mem:227.94M (Peak 303.25M) | Time:00:00.24 | Mem:125.94M, Peak:125.94M | Scene, ViewLayer | Updating Geometry BVH Cube.380 453/808 | Building BVH
Fra:1 Mem:227.94M (Peak 303.25M) | Time:00:00.24 | Mem:125.94M, Peak:125.94M | Scene, ViewLayer | Updating Geometry BVH Cube.381 454/808 | Building mesh BLAS |     188 tris | Cube.380
Fra:1 Mem:227.94M (Peak 303.25M) | Time:00:00.24 | Mem:125.94M, Peak:125.94M | Scene, ViewLayer | Updating Geometry BVH Cube.381 454/808 | Building mesh BLAS |     188 tris | Cube.381
Fra:1 Mem:227.94M (Peak 303.25M) | Time:00:00.24 | Mem:125.94M, Peak:125.94M | Scene, ViewLayer | Updating Geometry BVH Cube.382 455/808 | Building BVH
Fra:1 Mem:227.94M (Peak 303.25M) | Time:00:00.24 | Mem:125.94M, Peak:125.94M | Scene, ViewLayer | Updating Geometry BVH Cube.382 455/808 | Building mesh BLAS |     188 tris | Cube.382
Fra:1 Mem:227.94M (Peak 303.25M) | Time:00:00.24 | Mem:125.94M, Peak:125.94M | Scene, ViewLayer | Updating Geometry BVH Cube.383 456/808 | Building BVH
Fra:1 Mem:227.94M (Peak 303.25M) | Time:00:00.24 | Mem:125.94M, Peak:125.94M | Scene, ViewLayer | Updating Geometry BVH Cube.384 457/808 | Building BVH
Fra:1 Mem:227.94M (Peak 303.25M) | Time:00:00.24 | Mem:125.94M, Peak:125.94M | Scene, ViewLayer | Updating Geometry BVH Cube.384 457/808 | Building mesh BLAS |     188 tris | Cube.383
Fra:1 Mem:227.94M (Peak 303.25M) | Time:00:00.24 | Mem:125.94M, Peak:125.94M | Scene, ViewLayer | Updating Geometry BVH Cube.384 457/808 | Building mesh BLAS |     188 tris | Cube.384
Fra:1 Mem:227.94M (Peak 303.25M) | Time:00:00.24 | Mem:125.96M, Peak:125.96M | Scene, ViewLayer | Updating Geometry BVH Cube.385 458/808 | Building BVH
Fra:1 Mem:227.94M (Peak 303.25M) | Time:00:00.24 | Mem:125.98M, Peak:125.98M | Scene, ViewLayer | Updating Geometry BVH Cube.385 458/808 | Building mesh BLAS |     188 tris | Cube.385
Fra:1 Mem:227.94M (Peak 303.25M) | Time:00:00.24 | Mem:125.99M, Peak:125.99M | Scene, ViewLayer | Updating Geometry BVH Cube.386 459/808 | Building BVH
Fra:1 Mem:227.94M (Peak 303.25M) | Time:00:00.24 | Mem:126.00M, Peak:126.00M | Scene, ViewLayer | Updating Geometry BVH Cube.386 459/808 | Building mesh BLAS |     188 tris | Cube.386
Fra:1 Mem:227.94M (Peak 303.25M) | Time:00:00.24 | Mem:126.00M, Peak:126.00M | Scene, ViewLayer | Updating Geometry BVH Cube.387 460/808 | Building BVH
Fra:1 Mem:227.94M (Peak 303.25M) | Time:00:00.24 | Mem:126.00M, Peak:126.00M | Scene, ViewLayer | Updating Geometry BVH Cube.387 460/808 | Building mesh BLAS |     188 tris | Cube.387
Fra:1 Mem:227.94M (Peak 303.25M) | Time:00:00.24 | Mem:126.01M, Peak:126.01M | Scene, ViewLayer | Updating Geometry BVH Cube.388 461/808 | Building BVH
Fra:1 Mem:227.94M (Peak 303.25M) | Time:00:00.24 | Mem:126.01M, Peak:126.01M | Scene, ViewLayer | Updating Geometry BVH Cube.388 461/808 | Building mesh BLAS |     188 tris | Cube.388
Fra:1 Mem:227.94M (Peak 303.25M) | Time:00:00.24 | Mem:126.01M, Peak:126.01M | Scene, ViewLayer | Updating Geometry BVH Cube.389 462/808 | Building BVH
Fra:1 Mem:227.94M (Peak 303.25M) | Time:00:00.24 | Mem:126.01M, Peak:126.01M | Scene, ViewLayer | Updating Geometry BVH Cube.389 462/808 | Building mesh BLAS |     188 tris | Cube.389
Fra:1 Mem:227.94M (Peak 303.25M) | Time:00:00.24 | Mem:126.03M, Peak:126.03M | Scene, ViewLayer | Updating Geometry BVH Cube.390 463/808 | Building BVH
Fra:1 Mem:227.94M (Peak 303.25M) | Time:00:00.24 | Mem:126.03M, Peak:126.03M | Scene, ViewLayer | Updating Geometry BVH Cube.390 463/808 | Building mesh BLAS |     188 tris | Cube.390
Fra:1 Mem:227.94M (Peak 303.25M) | Time:00:00.24 | Mem:126.04M, Peak:126.04M | Scene, ViewLayer | Updating Geometry BVH Cube.391 464/808 | Building BVH
Fra:1 Mem:227.94M (Peak 303.25M) | Time:00:00.24 | Mem:126.04M, Peak:126.04M | Scene, ViewLayer | Updating Geometry BVH Cube.392 465/808 | Building mesh BLAS |     188 tris | Cube.391
Fra:1 Mem:227.94M (Peak 303.25M) | Time:00:00.24 | Mem:126.04M, Peak:126.04M | Scene, ViewLayer | Updating Geometry BVH Cube.392 465/808 | Building mesh BLAS |     188 tris | Cube.392
Fra:1 Mem:227.94M (Peak 303.25M) | Time:00:00.24 | Mem:126.06M, Peak:126.06M | Scene, ViewLayer | Updating Geometry BVH Cube.393 466/808 | Building BVH
Fra:1 Mem:227.94M (Peak 303.25M) | Time:00:00.24 | Mem:126.06M, Peak:126.06M | Scene, ViewLayer | Updating Geometry BVH Cube.703 776/808 | Building BVH
Fra:1 Mem:227.94M (Peak 303.25M) | Time:00:00.24 | Mem:126.06M, Peak:126.06M | Scene, ViewLayer | Updating Geometry BVH Cube.703 776/808 | Building mesh BLAS |     188 tris | Cube.393
Fra:1 Mem:227.94M (Peak 303.25M) | Time:00:00.24 | Mem:126.06M, Peak:126.06M | Scene, ViewLayer | Updating Geometry BVH Cube.703 776/808 | Building mesh BLAS |     188 tris | Cube.703
Fra:1 Mem:227.94M (Peak 303.25M) | Time:00:00.24 | Mem:126.06M, Peak:126.06M | Scene, ViewLayer | Updating Geometry BVH Cube.394 467/808 | Building BVH
Fra:1 Mem:227.94M (Peak 303.25M) | Time:00:00.24 | Mem:126.06M, Peak:126.06M | Scene, ViewLayer | Updating Geometry BVH Cube.394 467/808 | Building mesh BLAS |     188 tris | Cube.394
Fra:1 Mem:227.94M (Peak 303.25M) | Time:00:00.24 | Mem:126.06M, Peak:126.06M | Scene, ViewLayer | Updating Geometry BVH Cube.395 468/808 | Building BVH
Fra:1 Mem:227.94M (Peak 303.25M) | Time:00:00.24 | Mem:126.06M, Peak:126.06M | Scene, ViewLayer | Updating Geometry BVH Cube.395 468/808 | Building mesh BLAS |     188 tris | Cube.395
Fra:1 Mem:227.94M (Peak 303.25M) | Time:00:00.24 | Mem:126.09M, Peak:126.09M | Scene, ViewLayer | Updating Geometry BVH Cube.396 469/808 | Building BVH
Fra:1 Mem:227.94M (Peak 303.25M) | Time:00:00.24 | Mem:126.09M, Peak:126.09M | Scene, ViewLayer | Updating Geometry BVH Cube.397 470/808 | Building BVH
Fra:1 Mem:227.94M (Peak 303.25M) | Time:00:00.24 | Mem:126.09M, Peak:126.09M | Scene, ViewLayer | Updating Geometry BVH Cube.397 470/808 | Building mesh BLAS |     188 tris | Cube.396
Fra:1 Mem:227.94M (Peak 303.25M) | Time:00:00.24 | Mem:126.09M, Peak:126.09M | Scene, ViewLayer | Updating Geometry BVH Cube.397 470/808 | Building mesh BLAS |     188 tris | Cube.397
Fra:1 Mem:227.94M (Peak 303.25M) | Time:00:00.24 | Mem:126.09M, Peak:126.09M | Scene, ViewLayer | Updating Geometry BVH Cube.398 471/808 | Building BVH
Fra:1 Mem:227.94M (Peak 303.25M) | Time:00:00.24 | Mem:126.09M, Peak:126.09M | Scene, ViewLayer | Updating Geometry BVH Cube.398 471/808 | Building mesh BLAS |     188 tris | Cube.398
Fra:1 Mem:227.94M (Peak 303.25M) | Time:00:00.24 | Mem:126.10M, Peak:126.10M | Scene, ViewLayer | Updating Geometry BVH Cube.399 472/808 | Building BVH
Fra:1 Mem:227.94M (Peak 303.25M) | Time:00:00.24 | Mem:126.10M, Peak:126.10M | Scene, ViewLayer | Updating Geometry BVH Cube.399 472/808 | Building mesh BLAS |     188 tris | Cube.399
Fra:1 Mem:227.94M (Peak 303.25M) | Time:00:00.24 | Mem:126.10M, Peak:126.10M | Scene, ViewLayer | Updating Geometry BVH Cube.400 473/808 | Building BVH
Fra:1 Mem:227.94M (Peak 303.25M) | Time:00:00.24 | Mem:126.10M, Peak:126.10M | Scene, ViewLayer | Updating Geometry BVH Cube.401 474/808 | Building BVH
Fra:1 Mem:227.94M (Peak 303.25M) | Time:00:00.24 | Mem:126.10M, Peak:126.10M | Scene, ViewLayer | Updating Geometry BVH Cube.401 474/808 | Building mesh BLAS |     188 tris | Cube.400
Fra:1 Mem:227.94M (Peak 303.25M) | Time:00:00.24 | Mem:126.10M, Peak:126.10M | Scene, ViewLayer | Updating Geometry BVH Cube.401 474/808 | Building mesh BLAS |     188 tris | Cube.401
Fra:1 Mem:227.94M (Peak 303.25M) | Time:00:00.24 | Mem:126.12M, Peak:126.12M | Scene, ViewLayer | Updating Geometry BVH Cube.402 475/808 | Building BVH
Fra:1 Mem:227.94M (Peak 303.25M) | Time:00:00.24 | Mem:126.12M, Peak:126.12M | Scene, ViewLayer | Updating Geometry BVH Cube.402 475/808 | Building mesh BLAS |     188 tris | Cube.402
Fra:1 Mem:227.94M (Peak 303.25M) | Time:00:00.24 | Mem:126.15M, Peak:126.15M | Scene, ViewLayer | Updating Geometry BVH Cube.403 476/808 | Building BVH
Fra:1 Mem:227.94M (Peak 303.25M) | Time:00:00.24 | Mem:126.17M, Peak:126.17M | Scene, ViewLayer | Updating Geometry BVH Cube.403 476/808 | Building mesh BLAS |     188 tris | Cube.403
Fra:1 Mem:227.94M (Peak 303.25M) | Time:00:00.24 | Mem:126.17M, Peak:126.17M | Scene, ViewLayer | Updating Geometry BVH Cube.404 477/808 | Building BVH
Fra:1 Mem:227.94M (Peak 303.25M) | Time:00:00.24 | Mem:126.17M, Peak:126.17M | Scene, ViewLayer | Updating Geometry BVH Cube.405 478/808 | Building BVH
Fra:1 Mem:227.94M (Peak 303.25M) | Time:00:00.24 | Mem:126.17M, Peak:126.17M | Scene, ViewLayer | Updating Geometry BVH Cube.405 478/808 | Building mesh BLAS |     188 tris | Cube.404
Fra:1 Mem:227.94M (Peak 303.25M) | Time:00:00.24 | Mem:126.17M, Peak:126.17M | Scene, ViewLayer | Updating Geometry BVH Cube.406 479/808 | Building BVH
Fra:1 Mem:227.94M (Peak 303.25M) | Time:00:00.24 | Mem:126.17M, Peak:126.17M | Scene, ViewLayer | Updating Geometry BVH Cube.406 479/808 | Building mesh BLAS |     188 tris | Cube.406
Fra:1 Mem:227.94M (Peak 303.25M) | Time:00:00.24 | Mem:126.18M, Peak:126.18M | Scene, ViewLayer | Updating Geometry BVH Cube.407 480/808 | Building BVH
Fra:1 Mem:227.94M (Peak 303.25M) | Time:00:00.24 | Mem:126.18M, Peak:126.18M | Scene, ViewLayer | Updating Geometry BVH Cube.407 480/808 | Building mesh BLAS |     188 tris | Cube.407
Fra:1 Mem:227.94M (Peak 303.25M) | Time:00:00.25 | Mem:126.19M, Peak:126.19M | Scene, ViewLayer | Updating Geometry BVH Cube.408 481/808 | Building BVH
Fra:1 Mem:227.94M (Peak 303.25M) | Time:00:00.25 | Mem:126.19M, Peak:126.19M | Scene, ViewLayer | Updating Geometry BVH Cube.408 481/808 | Building mesh BLAS |     188 tris | Cube.408
Fra:1 Mem:227.94M (Peak 303.25M) | Time:00:00.25 | Mem:126.20M, Peak:126.20M | Scene, ViewLayer | Updating Geometry BVH Cube.409 482/808 | Building BVH
Fra:1 Mem:227.94M (Peak 303.25M) | Time:00:00.25 | Mem:126.20M, Peak:126.20M | Scene, ViewLayer | Updating Geometry BVH Cube.409 482/808 | Building mesh BLAS |     188 tris | Cube.409
Fra:1 Mem:227.94M (Peak 303.25M) | Time:00:00.25 | Mem:126.24M, Peak:126.24M | Scene, ViewLayer | Updating Geometry BVH Cube.702 775/808 | Building BVH
Fra:1 Mem:227.94M (Peak 303.25M) | Time:00:00.25 | Mem:126.24M, Peak:126.24M | Scene, ViewLayer | Updating Geometry BVH Cube.702 775/808 | Building mesh BLAS |     188 tris | Cube.702
Fra:1 Mem:227.94M (Peak 303.25M) | Time:00:00.25 | Mem:126.24M, Peak:126.24M | Scene, ViewLayer | Updating Geometry BVH Cube.410 483/808 | Building BVH
Fra:1 Mem:227.94M (Peak 303.25M) | Time:00:00.25 | Mem:126.24M, Peak:126.24M | Scene, ViewLayer | Updating Geometry BVH Cube.411 484/808 | Building BVH
Fra:1 Mem:227.94M (Peak 303.25M) | Time:00:00.25 | Mem:126.24M, Peak:126.24M | Scene, ViewLayer | Updating Geometry BVH Cube.412 485/808 | Building mesh BLAS |     188 tris | Cube.410
Fra:1 Mem:227.94M (Peak 303.25M) | Time:00:00.25 | Mem:126.24M, Peak:126.24M | Scene, ViewLayer | Updating Geometry BVH Cube.412 485/808 | Building mesh BLAS |     188 tris | Cube.411
Fra:1 Mem:227.94M (Peak 303.25M) | Time:00:00.25 | Mem:126.24M, Peak:126.24M | Scene, ViewLayer | Updating Geometry BVH Cube.412 485/808 | Building mesh BLAS |     188 tris | Cube.412
Fra:1 Mem:227.94M (Peak 303.25M) | Time:00:00.25 | Mem:126.26M, Peak:126.26M | Scene, ViewLayer | Updating Geometry BVH Cube.413 486/808 | Building BVH
Fra:1 Mem:227.94M (Peak 303.25M) | Time:00:00.25 | Mem:126.27M, Peak:126.27M | Scene, ViewLayer | Updating Geometry BVH Cube.414 487/808 | Building mesh BLAS |     188 tris | Cube.413
Fra:1 Mem:227.94M (Peak 303.25M) | Time:00:00.25 | Mem:126.27M, Peak:126.27M | Scene, ViewLayer | Updating Geometry BVH Cube.415 488/808 | Building BVH
Fra:1 Mem:227.94M (Peak 303.25M) | Time:00:00.25 | Mem:126.27M, Peak:126.27M | Scene, ViewLayer | Updating Geometry BVH Cube.416 489/808 | Building BVH
Fra:1 Mem:227.94M (Peak 303.25M) | Time:00:00.25 | Mem:126.27M, Peak:126.27M | Scene, ViewLayer | Updating Geometry BVH Cube.416 489/808 | Building mesh BLAS |     188 tris | Cube.415
Fra:1 Mem:227.94M (Peak 303.25M) | Time:00:00.25 | Mem:126.27M, Peak:126.27M | Scene, ViewLayer | Updating Geometry BVH Cube.416 489/808 | Building mesh BLAS |     188 tris | Cube.416
Fra:1 Mem:227.94M (Peak 303.25M) | Time:00:00.25 | Mem:126.27M, Peak:126.27M | Scene, ViewLayer | Updating Geometry BVH Cube.417 490/808 | Building BVH
Fra:1 Mem:227.94M (Peak 303.25M) | Time:00:00.25 | Mem:126.28M, Peak:126.28M | Scene, ViewLayer | Updating Geometry BVH Cube.417 490/808 | Building mesh BLAS |     188 tris | Cube.417
Fra:1 Mem:227.94M (Peak 303.25M) | Time:00:00.25 | Mem:126.28M, Peak:126.28M | Scene, ViewLayer | Updating Geometry BVH Cube.418 491/808 | Building BVH
Fra:1 Mem:227.94M (Peak 303.25M) | Time:00:00.25 | Mem:126.29M, Peak:126.29M | Scene, ViewLayer | Updating Geometry BVH Cube.418 491/808 | Building mesh BLAS |     188 tris | Cube.418
Fra:1 Mem:227.94M (Peak 303.25M) | Time:00:00.25 | Mem:126.29M, Peak:126.29M | Scene, ViewLayer | Updating Geometry BVH Cube.419 492/808 | Building BVH
Fra:1 Mem:227.94M (Peak 303.25M) | Time:00:00.25 | Mem:126.30M, Peak:126.30M | Scene, ViewLayer | Updating Geometry BVH Cube.419 492/808 | Building mesh BLAS |     188 tris | Cube.419
Fra:1 Mem:227.94M (Peak 303.25M) | Time:00:00.25 | Mem:126.32M, Peak:126.32M | Scene, ViewLayer | Updating Geometry BVH Cube.420 493/808 | Building BVH
Fra:1 Mem:227.94M (Peak 303.25M) | Time:00:00.25 | Mem:126.32M, Peak:126.32M | Scene, ViewLayer | Updating Geometry BVH Cube.421 494/808 | Building BVH
Fra:1 Mem:227.94M (Peak 303.25M) | Time:00:00.25 | Mem:126.33M, Peak:126.33M | Scene, ViewLayer | Updating Geometry BVH Cube.422 495/808 | Building BVH
Fra:1 Mem:227.94M (Peak 303.25M) | Time:00:00.25 | Mem:126.33M, Peak:126.33M | Scene, ViewLayer | Updating Geometry BVH Cube.423 496/808 | Building BVH
Fra:1 Mem:227.94M (Peak 303.25M) | Time:00:00.25 | Mem:126.33M, Peak:126.33M | Scene, ViewLayer | Updating Geometry BVH Cube.423 496/808 | Building mesh BLAS |     188 tris | Cube.421
Fra:1 Mem:227.94M (Peak 303.25M) | Time:00:00.25 | Mem:126.33M, Peak:126.33M | Scene, ViewLayer | Updating Geometry BVH Cube.423 496/808 | Building mesh BLAS |     188 tris | Cube.422
Fra:1 Mem:227.94M (Peak 303.25M) | Time:00:00.25 | Mem:126.33M, Peak:126.33M | Scene, ViewLayer | Updating Geometry BVH Cube.423 496/808 | Building mesh BLAS |     188 tris | Cube.423
Fra:1 Mem:227.94M (Peak 303.25M) | Time:00:00.25 | Mem:126.33M, Peak:126.33M | Scene, ViewLayer | Updating Geometry BVH Cube.424 497/808 | Building BVH
Fra:1 Mem:227.94M (Peak 303.25M) | Time:00:00.25 | Mem:126.34M, Peak:126.34M | Scene, ViewLayer | Updating Geometry BVH Cube.424 497/808 | Building mesh BLAS |     188 tris | Cube.424
Fra:1 Mem:227.94M (Peak 303.25M) | Time:00:00.25 | Mem:126.35M, Peak:126.35M | Scene, ViewLayer | Updating Geometry BVH Cube.425 498/808 | Building BVH
Fra:1 Mem:227.94M (Peak 303.25M) | Time:00:00.25 | Mem:126.35M, Peak:126.35M | Scene, ViewLayer | Updating Geometry BVH Cube.426 499/808 | Building BVH
Fra:1 Mem:227.94M (Peak 303.25M) | Time:00:00.25 | Mem:126.36M, Peak:126.36M | Scene, ViewLayer | Updating Geometry BVH Cube.426 499/808 | Building mesh BLAS |     188 tris | Cube.425
Fra:1 Mem:227.94M (Peak 303.25M) | Time:00:00.25 | Mem:126.36M, Peak:126.36M | Scene, ViewLayer | Updating Geometry BVH Cube.426 499/808 | Building mesh BLAS |     188 tris | Cube.426
Fra:1 Mem:227.94M (Peak 303.25M) | Time:00:00.25 | Mem:126.38M, Peak:126.38M | Scene, ViewLayer | Updating Geometry BVH Cube.701 774/808 | Building BVH
Fra:1 Mem:227.94M (Peak 303.25M) | Time:00:00.25 | Mem:126.38M, Peak:126.38M | Scene, ViewLayer | Updating Geometry BVH Cube.701 774/808 | Building mesh BLAS |     188 tris | Cube.701
Fra:1 Mem:227.94M (Peak 303.25M) | Time:00:00.25 | Mem:126.38M, Peak:126.38M | Scene, ViewLayer | Updating Geometry BVH Cube.427 500/808 | Building BVH
Fra:1 Mem:227.94M (Peak 303.25M) | Time:00:00.25 | Mem:126.38M, Peak:126.38M | Scene, ViewLayer | Updating Geometry BVH Cube.427 500/808 | Building mesh BLAS |     188 tris | Cube.427
Fra:1 Mem:227.94M (Peak 303.25M) | Time:00:00.25 | Mem:126.40M, Peak:126.40M | Scene, ViewLayer | Updating Geometry BVH Cube.428 501/808 | Building BVH
Fra:1 Mem:227.94M (Peak 303.25M) | Time:00:00.25 | Mem:126.40M, Peak:126.40M | Scene, ViewLayer | Updating Geometry BVH Cube.428 501/808 | Building mesh BLAS |     188 tris | Cube.428
Fra:1 Mem:227.94M (Peak 303.25M) | Time:00:00.25 | Mem:126.40M, Peak:126.40M | Scene, ViewLayer | Updating Geometry BVH Cube.429 502/808 | Building BVH
Fra:1 Mem:227.94M (Peak 303.25M) | Time:00:00.25 | Mem:126.40M, Peak:126.40M | Scene, ViewLayer | Updating Geometry BVH Cube.429 502/808 | Building mesh BLAS |     188 tris | Cube.429
Fra:1 Mem:227.94M (Peak 303.25M) | Time:00:00.25 | Mem:126.43M, Peak:126.43M | Scene, ViewLayer | Updating Geometry BVH Cube.430 503/808 | Building BVH
Fra:1 Mem:227.94M (Peak 303.25M) | Time:00:00.25 | Mem:126.43M, Peak:126.43M | Scene, ViewLayer | Updating Geometry BVH Cube.430 503/808 | Building mesh BLAS |     188 tris | Cube.430
Fra:1 Mem:227.94M (Peak 303.25M) | Time:00:00.25 | Mem:126.43M, Peak:126.43M | Scene, ViewLayer | Updating Geometry BVH Cube.431 504/808 | Building BVH
Fra:1 Mem:227.94M (Peak 303.25M) | Time:00:00.25 | Mem:126.43M, Peak:126.43M | Scene, ViewLayer | Updating Geometry BVH Cube.431 504/808 | Building mesh BLAS |     188 tris | Cube.431
Fra:1 Mem:227.94M (Peak 303.25M) | Time:00:00.25 | Mem:126.44M, Peak:126.44M | Scene, ViewLayer | Updating Geometry BVH Cube.432 505/808 | Building BVH
Fra:1 Mem:227.94M (Peak 303.25M) | Time:00:00.25 | Mem:126.44M, Peak:126.44M | Scene, ViewLayer | Updating Geometry BVH Cube.432 505/808 | Building mesh BLAS |     188 tris | Cube.432
Fra:1 Mem:227.94M (Peak 303.25M) | Time:00:00.25 | Mem:126.44M, Peak:126.44M | Scene, ViewLayer | Updating Geometry BVH Cube.433 506/808 | Building BVH
Fra:1 Mem:227.94M (Peak 303.25M) | Time:00:00.25 | Mem:126.45M, Peak:126.45M | Scene, ViewLayer | Updating Geometry BVH Cube.434 507/808 | Building BVH
Fra:1 Mem:227.94M (Peak 303.25M) | Time:00:00.25 | Mem:126.45M, Peak:126.45M | Scene, ViewLayer | Updating Geometry BVH Cube.434 507/808 | Building mesh BLAS |     188 tris | Cube.433
Fra:1 Mem:227.94M (Peak 303.25M) | Time:00:00.25 | Mem:126.45M, Peak:126.45M | Scene, ViewLayer | Updating Geometry BVH Cube.434 507/808 | Building mesh BLAS |     188 tris | Cube.434
Fra:1 Mem:227.94M (Peak 303.25M) | Time:00:00.25 | Mem:126.47M, Peak:126.47M | Scene, ViewLayer | Updating Geometry BVH Cube.435 508/808 | Building BVH
Fra:1 Mem:227.94M (Peak 303.25M) | Time:00:00.25 | Mem:126.47M, Peak:126.47M | Scene, ViewLayer | Updating Geometry BVH Cube.436 509/808 | Building mesh BLAS |     188 tris | Cube.435
Fra:1 Mem:227.94M (Peak 303.25M) | Time:00:00.25 | Mem:126.47M, Peak:126.47M | Scene, ViewLayer | Updating Geometry BVH Cube.436 509/808 | Building mesh BLAS |     188 tris | Cube.436
Fra:1 Mem:227.94M (Peak 303.25M) | Time:00:00.25 | Mem:126.47M, Peak:126.47M | Scene, ViewLayer | Updating Geometry BVH Cube.437 510/808 | Building BVH
Fra:1 Mem:227.94M (Peak 303.25M) | Time:00:00.25 | Mem:126.47M, Peak:126.47M | Scene, ViewLayer | Updating Geometry BVH Cube.437 510/808 | Building mesh BLAS |     188 tris | Cube.437
Fra:1 Mem:227.94M (Peak 303.25M) | Time:00:00.25 | Mem:126.47M, Peak:126.47M | Scene, ViewLayer | Updating Geometry BVH Cube.438 511/808 | Building BVH
Fra:1 Mem:227.94M (Peak 303.25M) | Time:00:00.25 | Mem:126.49M, Peak:126.49M | Scene, ViewLayer | Updating Geometry BVH Cube.438 511/808 | Building mesh BLAS |     188 tris | Cube.438
Fra:1 Mem:227.94M (Peak 303.25M) | Time:00:00.25 | Mem:126.50M, Peak:126.50M | Scene, ViewLayer | Updating Geometry BVH Cube.439 512/808 | Building BVH
Fra:1 Mem:227.94M (Peak 303.25M) | Time:00:00.25 | Mem:126.51M, Peak:126.51M | Scene, ViewLayer | Updating Geometry BVH Cube.439 512/808 | Building mesh BLAS |     188 tris | Cube.439
Fra:1 Mem:227.94M (Peak 303.25M) | Time:00:00.25 | Mem:126.51M, Peak:126.51M | Scene, ViewLayer | Updating Geometry BVH Cube.440 513/808 | Building BVH
Fra:1 Mem:227.94M (Peak 303.25M) | Time:00:00.25 | Mem:126.51M, Peak:126.51M | Scene, ViewLayer | Updating Geometry BVH Cube.440 513/808 | Building mesh BLAS |     188 tris | Cube.440
Fra:1 Mem:227.94M (Peak 303.25M) | Time:00:00.25 | Mem:126.51M, Peak:126.51M | Scene, ViewLayer | Updating Geometry BVH Cube.441 514/808 | Building BVH
Fra:1 Mem:227.94M (Peak 303.25M) | Time:00:00.25 | Mem:126.51M, Peak:126.51M | Scene, ViewLayer | Updating Geometry BVH Cube.441 514/808 | Building mesh BLAS |     188 tris | Cube.441
Fra:1 Mem:227.94M (Peak 303.25M) | Time:00:00.25 | Mem:126.54M, Peak:126.54M | Scene, ViewLayer | Updating Geometry BVH Cube.442 515/808 | Building BVH
Fra:1 Mem:227.94M (Peak 303.25M) | Time:00:00.25 | Mem:126.54M, Peak:126.54M | Scene, ViewLayer | Updating Geometry BVH Cube.442 515/808 | Building mesh BLAS |     188 tris | Cube.442
Fra:1 Mem:227.94M (Peak 303.25M) | Time:00:00.25 | Mem:126.54M, Peak:126.54M | Scene, ViewLayer | Updating Geometry BVH Cube.700 773/808 | Building BVH
Fra:1 Mem:227.94M (Peak 303.25M) | Time:00:00.25 | Mem:126.54M, Peak:126.54M | Scene, ViewLayer | Updating Geometry BVH Cube.444 517/808 | Building BVH
Fra:1 Mem:227.94M (Peak 303.25M) | Time:00:00.25 | Mem:126.54M, Peak:126.54M | Scene, ViewLayer | Updating Geometry BVH Cube.444 517/808 | Building mesh BLAS |     188 tris | Cube.700
Fra:1 Mem:227.94M (Peak 303.25M) | Time:00:00.25 | Mem:126.54M, Peak:126.54M | Scene, ViewLayer | Updating Geometry BVH Cube.444 517/808 | Building mesh BLAS |     188 tris | Cube.443
Fra:1 Mem:227.94M (Peak 303.25M) | Time:00:00.25 | Mem:126.58M, Peak:126.58M | Scene, ViewLayer | Updating Geometry BVH Cube.445 518/808 | Building BVH
Fra:1 Mem:227.94M (Peak 303.25M) | Time:00:00.25 | Mem:126.58M, Peak:126.58M | Scene, ViewLayer | Updating Geometry BVH Cube.446 519/808 | Building BVH
Fra:1 Mem:227.94M (Peak 303.25M) | Time:00:00.25 | Mem:126.58M, Peak:126.58M | Scene, ViewLayer | Updating Geometry BVH Cube.446 519/808 | Building mesh BLAS |     188 tris | Cube.445
Fra:1 Mem:227.94M (Peak 303.25M) | Time:00:00.25 | Mem:126.58M, Peak:126.58M | Scene, ViewLayer | Updating Geometry BVH Cube.446 519/808 | Building mesh BLAS |     188 tris | Cube.446
Fra:1 Mem:227.94M (Peak 303.25M) | Time:00:00.25 | Mem:126.60M, Peak:126.60M | Scene, ViewLayer | Updating Geometry BVH Cube.447 520/808 | Building BVH
Fra:1 Mem:227.94M (Peak 303.25M) | Time:00:00.25 | Mem:126.60M, Peak:126.60M | Scene, ViewLayer | Updating Geometry BVH Cube.448 521/808 | Building BVH
Fra:1 Mem:227.94M (Peak 303.25M) | Time:00:00.25 | Mem:126.60M, Peak:126.60M | Scene, ViewLayer | Updating Geometry BVH Cube.448 521/808 | Building mesh BLAS |     188 tris | Cube.447
Fra:1 Mem:227.94M (Peak 303.25M) | Time:00:00.25 | Mem:126.60M, Peak:126.60M | Scene, ViewLayer | Updating Geometry BVH Cube.448 521/808 | Building mesh BLAS |     188 tris | Cube.448
Fra:1 Mem:227.94M (Peak 303.25M) | Time:00:00.25 | Mem:126.60M, Peak:126.60M | Scene, ViewLayer | Updating Geometry BVH Cube.449 522/808 | Building BVH
Fra:1 Mem:227.94M (Peak 303.25M) | Time:00:00.25 | Mem:126.60M, Peak:126.60M | Scene, ViewLayer | Updating Geometry BVH Cube.449 522/808 | Building mesh BLAS |     188 tris | Cube.449
Fra:1 Mem:227.94M (Peak 303.25M) | Time:00:00.25 | Mem:126.60M, Peak:126.60M | Scene, ViewLayer | Updating Geometry BVH Cube.450 523/808 | Building BVH
Fra:1 Mem:227.94M (Peak 303.25M) | Time:00:00.25 | Mem:126.61M, Peak:126.61M | Scene, ViewLayer | Updating Geometry BVH Cube.450 523/808 | Building mesh BLAS |     188 tris | Cube.450
Fra:1 Mem:227.94M (Peak 303.25M) | Time:00:00.25 | Mem:126.64M, Peak:126.64M | Scene, ViewLayer | Updating Geometry BVH Cube.451 524/808 | Building BVH
Fra:1 Mem:227.94M (Peak 303.25M) | Time:00:00.25 | Mem:126.64M, Peak:126.64M | Scene, ViewLayer | Updating Geometry BVH Cube.452 525/808 | Building BVH
Fra:1 Mem:227.94M (Peak 303.25M) | Time:00:00.25 | Mem:126.64M, Peak:126.64M | Scene, ViewLayer | Updating Geometry BVH Cube.453 526/808 | Building BVH
Fra:1 Mem:227.94M (Peak 303.25M) | Time:00:00.25 | Mem:126.64M, Peak:126.64M | Scene, ViewLayer | Updating Geometry BVH Cube.453 526/808 | Building mesh BLAS |     188 tris | Cube.451
Fra:1 Mem:227.94M (Peak 303.25M) | Time:00:00.25 | Mem:126.67M, Peak:126.67M | Scene, ViewLayer | Updating Geometry BVH Cube.453 526/808 | Building mesh BLAS |     188 tris | Cube.453
Fra:1 Mem:227.94M (Peak 303.25M) | Time:00:00.25 | Mem:126.68M, Peak:126.68M | Scene, ViewLayer | Updating Geometry BVH Cube.454 527/808 | Building BVH
Fra:1 Mem:227.94M (Peak 303.25M) | Time:00:00.25 | Mem:126.68M, Peak:126.68M | Scene, ViewLayer | Updating Geometry BVH Cube.455 528/808 | Building BVH
Fra:1 Mem:227.94M (Peak 303.25M) | Time:00:00.25 | Mem:126.68M, Peak:126.68M | Scene, ViewLayer | Updating Geometry BVH Cube.457 530/808 | Building BVH
Fra:1 Mem:227.94M (Peak 303.25M) | Time:00:00.25 | Mem:126.69M, Peak:126.69M | Scene, ViewLayer | Updating Geometry BVH Cube.457 530/808 | Building mesh BLAS |     188 tris | Cube.457
Fra:1 Mem:227.94M (Peak 303.25M) | Time:00:00.25 | Mem:126.70M, Peak:126.70M | Scene, ViewLayer | Updating Geometry BVH Cube.457 530/808 | Building mesh BLAS |     188 tris | Cube.454
Fra:1 Mem:227.94M (Peak 303.25M) | Time:00:00.25 | Mem:126.70M, Peak:126.70M | Scene, ViewLayer | Updating Geometry BVH Cube.457 530/808 | Building mesh BLAS |     188 tris | Cube.456
Fra:1 Mem:227.94M (Peak 303.25M) | Time:00:00.25 | Mem:126.70M, Peak:126.70M | Scene, ViewLayer | Updating Geometry BVH Cube.458 531/808 | Building BVH
Fra:1 Mem:227.94M (Peak 303.25M) | Time:00:00.25 | Mem:126.72M, Peak:126.72M | Scene, ViewLayer | Updating Geometry BVH Cube.458 531/808 | Building mesh BLAS |     188 tris | Cube.455
Fra:1 Mem:227.94M (Peak 303.25M) | Time:00:00.25 | Mem:126.72M, Peak:126.72M | Scene, ViewLayer | Updating Geometry BVH Cube.459 532/808 | Building BVH
Fra:1 Mem:227.94M (Peak 303.25M) | Time:00:00.25 | Mem:126.72M, Peak:126.72M | Scene, ViewLayer | Updating Geometry BVH Cube.460 533/808 | Building BVH
Fra:1 Mem:227.94M (Peak 303.25M) | Time:00:00.25 | Mem:126.72M, Peak:126.72M | Scene, ViewLayer | Updating Geometry BVH Cube.460 533/808 | Building mesh BLAS |     188 tris | Cube.459
Fra:1 Mem:227.94M (Peak 303.25M) | Time:00:00.25 | Mem:126.73M, Peak:126.73M | Scene, ViewLayer | Updating Geometry BVH Cube.699 772/808 | Building BVH
Fra:1 Mem:227.94M (Peak 303.25M) | Time:00:00.25 | Mem:126.73M, Peak:126.73M | Scene, ViewLayer | Updating Geometry BVH Cube.699 772/808 | Building mesh BLAS |     188 tris | Cube.699
Fra:1 Mem:227.94M (Peak 303.25M) | Time:00:00.25 | Mem:126.74M, Peak:126.74M | Scene, ViewLayer | Updating Geometry BVH Cube.699 772/808 | Building mesh BLAS |     188 tris | Cube.460
Fra:1 Mem:227.94M (Peak 303.25M) | Time:00:00.25 | Mem:126.75M, Peak:126.75M | Scene, ViewLayer | Updating Geometry BVH Cube.461 534/808 | Building BVH
Fra:1 Mem:227.94M (Peak 303.25M) | Time:00:00.25 | Mem:126.76M, Peak:126.76M | Scene, ViewLayer | Updating Geometry BVH Cube.461 534/808 | Building mesh BLAS |     188 tris | Cube.461
Fra:1 Mem:227.94M (Peak 303.25M) | Time:00:00.25 | Mem:126.76M, Peak:126.76M | Scene, ViewLayer | Updating Geometry BVH Cube.462 535/808 | Building BVH
Fra:1 Mem:227.94M (Peak 303.25M) | Time:00:00.25 | Mem:126.76M, Peak:126.76M | Scene, ViewLayer | Updating Geometry BVH Cube.463 536/808 | Building BVH
Fra:1 Mem:227.94M (Peak 303.25M) | Time:00:00.25 | Mem:126.77M, Peak:126.77M | Scene, ViewLayer | Updating Geometry BVH Cube.463 536/808 | Building mesh BLAS |     188 tris | Cube.462
Fra:1 Mem:227.94M (Peak 303.25M) | Time:00:00.25 | Mem:126.77M, Peak:126.77M | Scene, ViewLayer | Updating Geometry BVH Cube.463 536/808 | Building mesh BLAS |     188 tris | Cube.463
Fra:1 Mem:227.94M (Peak 303.25M) | Time:00:00.25 | Mem:126.78M, Peak:126.78M | Scene, ViewLayer | Updating Geometry BVH Cube.464 537/808 | Building BVH
Fra:1 Mem:227.94M (Peak 303.25M) | Time:00:00.25 | Mem:126.78M, Peak:126.78M | Scene, ViewLayer | Updating Geometry BVH Cube.464 537/808 | Building mesh BLAS |     188 tris | Cube.464
Fra:1 Mem:227.94M (Peak 303.25M) | Time:00:00.25 | Mem:126.79M, Peak:126.79M | Scene, ViewLayer | Updating Geometry BVH Cube.466 539/808 | Building BVH
Fra:1 Mem:227.94M (Peak 303.25M) | Time:00:00.25 | Mem:126.79M, Peak:126.79M | Scene, ViewLayer | Updating Geometry BVH Cube.466 539/808 | Building mesh BLAS |     188 tris | Cube.466
Fra:1 Mem:227.94M (Peak 303.25M) | Time:00:00.25 | Mem:126.79M, Peak:126.79M | Scene, ViewLayer | Updating Geometry BVH Cube.466 539/808 | Building mesh BLAS |     188 tris | Cube.465
Fra:1 Mem:227.94M (Peak 303.25M) | Time:00:00.25 | Mem:126.79M, Peak:126.79M | Scene, ViewLayer | Updating Geometry BVH Cube.467 540/808 | Building BVH
Fra:1 Mem:227.94M (Peak 303.25M) | Time:00:00.25 | Mem:126.80M, Peak:126.80M | Scene, ViewLayer | Updating Geometry BVH Cube.467 540/808 | Building mesh BLAS |     188 tris | Cube.467
Fra:1 Mem:227.94M (Peak 303.25M) | Time:00:00.25 | Mem:126.84M, Peak:126.84M | Scene, ViewLayer | Updating Geometry BVH Cube.468 541/808 | Building BVH
Fra:1 Mem:227.94M (Peak 303.25M) | Time:00:00.25 | Mem:126.84M, Peak:126.84M | Scene, ViewLayer | Updating Geometry BVH Cube.468 541/808 | Building mesh BLAS |     188 tris | Cube.468
Fra:1 Mem:227.94M (Peak 303.25M) | Time:00:00.25 | Mem:126.84M, Peak:126.84M | Scene, ViewLayer | Updating Geometry BVH Cube.469 542/808 | Building BVH
Fra:1 Mem:227.94M (Peak 303.25M) | Time:00:00.25 | Mem:126.84M, Peak:126.84M | Scene, ViewLayer | Updating Geometry BVH Cube.469 542/808 | Building mesh BLAS |     188 tris | Cube.469
Fra:1 Mem:227.94M (Peak 303.25M) | Time:00:00.25 | Mem:126.84M, Peak:126.84M | Scene, ViewLayer | Updating Geometry BVH Cube.470 543/808 | Building BVH
Fra:1 Mem:227.94M (Peak 303.25M) | Time:00:00.25 | Mem:126.84M, Peak:126.84M | Scene, ViewLayer | Updating Geometry BVH Cube.470 543/808 | Building mesh BLAS |     188 tris | Cube.470
Fra:1 Mem:227.94M (Peak 303.25M) | Time:00:00.25 | Mem:126.84M, Peak:126.84M | Scene, ViewLayer | Updating Geometry BVH Cube.471 544/808 | Building BVH
Fra:1 Mem:227.94M (Peak 303.25M) | Time:00:00.25 | Mem:126.86M, Peak:126.86M | Scene, ViewLayer | Updating Geometry BVH Cube.471 544/808 | Building mesh BLAS |     188 tris | Cube.471
Fra:1 Mem:227.94M (Peak 303.25M) | Time:00:00.25 | Mem:126.86M, Peak:126.86M | Scene, ViewLayer | Updating Geometry BVH Cube.472 545/808 | Building BVH
Fra:1 Mem:227.94M (Peak 303.25M) | Time:00:00.25 | Mem:126.86M, Peak:126.86M | Scene, ViewLayer | Updating Geometry BVH Cube.474 547/808 | Building BVH
Fra:1 Mem:227.94M (Peak 303.25M) | Time:00:00.25 | Mem:126.86M, Peak:126.86M | Scene, ViewLayer | Updating Geometry BVH Cube.474 547/808 | Building mesh BLAS |     188 tris | Cube.472
Fra:1 Mem:227.94M (Peak 303.25M) | Time:00:00.25 | Mem:126.86M, Peak:126.86M | Scene, ViewLayer | Updating Geometry BVH Cube.475 548/808 | Building BVH
Fra:1 Mem:227.94M (Peak 303.25M) | Time:00:00.25 | Mem:126.86M, Peak:126.86M | Scene, ViewLayer | Updating Geometry BVH Cube.475 548/808 | Building mesh BLAS |     188 tris | Cube.474
Fra:1 Mem:227.94M (Peak 303.25M) | Time:00:00.25 | Mem:126.86M, Peak:126.86M | Scene, ViewLayer | Updating Geometry BVH Cube.475 548/808 | Building mesh BLAS |     188 tris | Cube.475
Fra:1 Mem:227.94M (Peak 303.25M) | Time:00:00.25 | Mem:126.89M, Peak:126.89M | Scene, ViewLayer | Updating Geometry BVH Cube.476 549/808 | Building BVH
Fra:1 Mem:227.94M (Peak 303.25M) | Time:00:00.25 | Mem:126.90M, Peak:126.90M | Scene, ViewLayer | Updating Geometry BVH Cube.476 549/808 | Building mesh BLAS |     188 tris | Cube.476
Fra:1 Mem:227.94M (Peak 303.25M) | Time:00:00.25 | Mem:126.90M, Peak:126.90M | Scene, ViewLayer | Updating Geometry BVH Cube.698 771/808 | Building BVH
Fra:1 Mem:227.94M (Peak 303.25M) | Time:00:00.25 | Mem:126.90M, Peak:126.90M | Scene, ViewLayer | Updating Geometry BVH Cube.698 771/808 | Building mesh BLAS |     188 tris | Cube.698
Fra:1 Mem:227.94M (Peak 303.25M) | Time:00:00.25 | Mem:126.91M, Peak:126.91M | Scene, ViewLayer | Updating Geometry BVH Cube.477 550/808 | Building BVH
Fra:1 Mem:227.94M (Peak 303.25M) | Time:00:00.25 | Mem:126.91M, Peak:126.91M | Scene, ViewLayer | Updating Geometry BVH Cube.477 550/808 | Building mesh BLAS |     188 tris | Cube.477
Fra:1 Mem:227.94M (Peak 303.25M) | Time:00:00.25 | Mem:126.93M, Peak:126.93M | Scene, ViewLayer | Updating Geometry BVH Cube.478 551/808 | Building BVH
Fra:1 Mem:227.94M (Peak 303.25M) | Time:00:00.25 | Mem:126.93M, Peak:126.93M | Scene, ViewLayer | Updating Geometry BVH Cube.479 552/808 | Building BVH
Fra:1 Mem:227.94M (Peak 303.25M) | Time:00:00.25 | Mem:126.93M, Peak:126.93M | Scene, ViewLayer | Updating Geometry BVH Cube.479 552/808 | Building mesh BLAS |     188 tris | Cube.478
Fra:1 Mem:227.94M (Peak 303.25M) | Time:00:00.25 | Mem:126.93M, Peak:126.93M | Scene, ViewLayer | Updating Geometry BVH Cube.479 552/808 | Building mesh BLAS |     188 tris | Cube.479
Fra:1 Mem:227.94M (Peak 303.25M) | Time:00:00.25 | Mem:126.94M, Peak:126.94M | Scene, ViewLayer | Updating Geometry BVH Cube.480 553/808 | Building BVH
Fra:1 Mem:227.94M (Peak 303.25M) | Time:00:00.25 | Mem:126.94M, Peak:126.94M | Scene, ViewLayer | Updating Geometry BVH Cube.480 553/808 | Building mesh BLAS |     188 tris | Cube.480
Fra:1 Mem:227.94M (Peak 303.25M) | Time:00:00.25 | Mem:126.94M, Peak:126.94M | Scene, ViewLayer | Updating Geometry BVH Cube.481 554/808 | Building BVH
Fra:1 Mem:227.94M (Peak 303.25M) | Time:00:00.25 | Mem:126.94M, Peak:126.94M | Scene, ViewLayer | Updating Geometry BVH Cube.481 554/808 | Building mesh BLAS |     188 tris | Cube.481
Fra:1 Mem:227.94M (Peak 303.25M) | Time:00:00.25 | Mem:126.96M, Peak:126.96M | Scene, ViewLayer | Updating Geometry BVH Cube.482 555/808 | Building BVH
Fra:1 Mem:227.94M (Peak 303.25M) | Time:00:00.25 | Mem:126.96M, Peak:126.96M | Scene, ViewLayer | Updating Geometry BVH Cube.483 556/808 | Building BVH
Fra:1 Mem:227.94M (Peak 303.25M) | Time:00:00.25 | Mem:126.96M, Peak:126.96M | Scene, ViewLayer | Updating Geometry BVH Cube.483 556/808 | Building mesh BLAS |     188 tris | Cube.482
Fra:1 Mem:227.94M (Peak 303.25M) | Time:00:00.25 | Mem:126.96M, Peak:126.96M | Scene, ViewLayer | Updating Geometry BVH Cube.483 556/808 | Building mesh BLAS |     188 tris | Cube.483
Fra:1 Mem:227.94M (Peak 303.25M) | Time:00:00.25 | Mem:126.96M, Peak:126.96M | Scene, ViewLayer | Updating Geometry BVH Cube.484 557/808 | Building BVH
Fra:1 Mem:227.94M (Peak 303.25M) | Time:00:00.25 | Mem:126.96M, Peak:126.96M | Scene, ViewLayer | Updating Geometry BVH Cube.484 557/808 | Building mesh BLAS |     188 tris | Cube.484
Fra:1 Mem:227.94M (Peak 303.25M) | Time:00:00.25 | Mem:127.00M, Peak:127.00M | Scene, ViewLayer | Updating Geometry BVH Cube.485 558/808 | Building BVH
Fra:1 Mem:227.94M (Peak 303.25M) | Time:00:00.25 | Mem:127.00M, Peak:127.00M | Scene, ViewLayer | Updating Geometry BVH Cube.486 559/808 | Building BVH
Fra:1 Mem:227.94M (Peak 303.25M) | Time:00:00.25 | Mem:127.00M, Peak:127.00M | Scene, ViewLayer | Updating Geometry BVH Cube.486 559/808 | Building mesh BLAS |     188 tris | Cube.485
Fra:1 Mem:227.94M (Peak 303.25M) | Time:00:00.25 | Mem:127.00M, Peak:127.00M | Scene, ViewLayer | Updating Geometry BVH Cube.486 559/808 | Building mesh BLAS |     188 tris | Cube.486
Fra:1 Mem:227.94M (Peak 303.25M) | Time:00:00.25 | Mem:127.00M, Peak:127.00M | Scene, ViewLayer | Updating Geometry BVH Cube.488 561/808 | Building BVH
Fra:1 Mem:227.94M (Peak 303.25M) | Time:00:00.25 | Mem:127.01M, Peak:127.01M | Scene, ViewLayer | Updating Geometry BVH Cube.489 562/808 | Building BVH
Fra:1 Mem:227.94M (Peak 303.25M) | Time:00:00.25 | Mem:127.01M, Peak:127.01M | Scene, ViewLayer | Updating Geometry BVH Cube.489 562/808 | Building mesh BLAS |     188 tris | Cube.487
Fra:1 Mem:227.94M (Peak 303.25M) | Time:00:00.25 | Mem:127.01M, Peak:127.01M | Scene, ViewLayer | Updating Geometry BVH Cube.490 563/808 | Building BVH
Fra:1 Mem:227.94M (Peak 303.25M) | Time:00:00.25 | Mem:127.02M, Peak:127.02M | Scene, ViewLayer | Updating Geometry BVH Cube.490 563/808 | Building mesh BLAS |     188 tris | Cube.490
Fra:1 Mem:227.94M (Peak 303.25M) | Time:00:00.25 | Mem:127.03M, Peak:127.03M | Scene, ViewLayer | Updating Geometry BVH Cube.491 564/808 | Building BVH
Fra:1 Mem:227.94M (Peak 303.25M) | Time:00:00.25 | Mem:127.05M, Peak:127.05M | Scene, ViewLayer | Updating Geometry BVH Cube.492 565/808 | Building mesh BLAS |     188 tris | Cube.491
Fra:1 Mem:227.94M (Peak 303.25M) | Time:00:00.25 | Mem:127.05M, Peak:127.05M | Scene, ViewLayer | Updating Geometry BVH Cube.493 566/808 | Building BVH
Fra:1 Mem:227.94M (Peak 303.25M) | Time:00:00.25 | Mem:127.05M, Peak:127.05M | Scene, ViewLayer | Updating Geometry BVH Cube.493 566/808 | Building mesh BLAS |     188 tris | Cube.492
Fra:1 Mem:227.94M (Peak 303.25M) | Time:00:00.25 | Mem:127.09M, Peak:127.09M | Scene, ViewLayer | Updating Geometry BVH Cube.494 567/808 | Building BVH
Fra:1 Mem:227.94M (Peak 303.25M) | Time:00:00.25 | Mem:127.09M, Peak:127.09M | Scene, ViewLayer | Updating Geometry BVH Cube.494 567/808 | Building mesh BLAS |     188 tris | Cube.494
Fra:1 Mem:227.94M (Peak 303.25M) | Time:00:00.25 | Mem:127.09M, Peak:127.09M | Scene, ViewLayer | Updating Geometry BVH Cube.494 567/808 | Building mesh BLAS |     188 tris | Cube.493
Fra:1 Mem:227.94M (Peak 303.25M) | Time:00:00.25 | Mem:127.09M, Peak:127.09M | Scene, ViewLayer | Updating Geometry BVH Cube.494 567/808 | Building mesh BLAS |     188 tris | Cube.488
Fra:1 Mem:227.94M (Peak 303.25M) | Time:00:00.25 | Mem:127.09M, Peak:127.09M | Scene, ViewLayer | Updating Geometry BVH Cube.495 568/808 | Building BVH
Fra:1 Mem:227.94M (Peak 303.25M) | Time:00:00.25 | Mem:127.09M, Peak:127.09M | Scene, ViewLayer | Updating Geometry BVH Cube.495 568/808 | Building mesh BLAS |     188 tris | Cube.495
Fra:1 Mem:227.94M (Peak 303.25M) | Time:00:00.25 | Mem:127.10M, Peak:127.10M | Scene, ViewLayer | Updating Geometry BVH Cube.495 568/808 | Building mesh BLAS |     188 tris | Cube.496
Fra:1 Mem:227.94M (Peak 303.25M) | Time:00:00.25 | Mem:127.14M, Peak:127.14M | Scene, ViewLayer | Updating Geometry BVH Cube.497 570/808 | Building BVH
Fra:1 Mem:227.94M (Peak 303.25M) | Time:00:00.25 | Mem:127.14M, Peak:127.14M | Scene, ViewLayer | Updating Geometry BVH Cube.499 572/808 | Building BVH
Fra:1 Mem:227.94M (Peak 303.25M) | Time:00:00.25 | Mem:127.15M, Peak:127.15M | Scene, ViewLayer | Updating Geometry BVH Cube.500 573/808 | Building mesh BLAS |     188 tris | Cube.497
Fra:1 Mem:227.94M (Peak 303.25M) | Time:00:00.25 | Mem:127.16M, Peak:127.16M | Scene, ViewLayer | Updating Geometry BVH Cube.500 573/808 | Building mesh BLAS |     188 tris | Cube.499
Fra:1 Mem:227.94M (Peak 303.25M) | Time:00:00.25 | Mem:127.16M, Peak:127.16M | Scene, ViewLayer | Updating Geometry BVH Cube.500 573/808 | Building mesh BLAS |     188 tris | Cube.500
Fra:1 Mem:227.94M (Peak 303.25M) | Time:00:00.25 | Mem:127.16M, Peak:127.16M | Scene, ViewLayer | Updating Geometry BVH Cube.502 575/808 | Building BVH
Fra:1 Mem:227.94M (Peak 303.25M) | Time:00:00.25 | Mem:127.16M, Peak:127.16M | Scene, ViewLayer | Updating Geometry BVH Cube.501 574/808 | Building BVH
Fra:1 Mem:227.94M (Peak 303.25M) | Time:00:00.25 | Mem:127.16M, Peak:127.16M | Scene, ViewLayer | Updating Geometry BVH Cube.503 576/808 | Building mesh BLAS |     188 tris | Cube.502
Fra:1 Mem:227.94M (Peak 303.25M) | Time:00:00.25 | Mem:127.16M, Peak:127.16M | Scene, ViewLayer | Updating Geometry BVH Cube.503 576/808 | Building mesh BLAS |     188 tris | Cube.501
Fra:1 Mem:227.94M (Peak 303.25M) | Time:00:00.25 | Mem:127.19M, Peak:127.19M | Scene, ViewLayer | Updating Geometry BVH Cube.504 577/808 | Building mesh BLAS |     188 tris | Cube.503
Fra:1 Mem:227.94M (Peak 303.25M) | Time:00:00.25 | Mem:127.19M, Peak:127.19M | Scene, ViewLayer | Updating Geometry BVH Cube.506 579/808 | Building BVH
Fra:1 Mem:227.94M (Peak 303.25M) | Time:00:00.25 | Mem:127.20M, Peak:127.20M | Scene, ViewLayer | Updating Geometry BVH Cube.506 579/808 | Building mesh BLAS |     188 tris | Cube.504
Fra:1 Mem:227.94M (Peak 303.25M) | Time:00:00.25 | Mem:127.20M, Peak:127.20M | Scene, ViewLayer | Updating Geometry BVH Cube.507 580/808 | Building BVH
Fra:1 Mem:227.94M (Peak 303.25M) | Time:00:00.25 | Mem:127.20M, Peak:127.20M | Scene, ViewLayer | Updating Geometry BVH Cube.507 580/808 | Building mesh BLAS |     188 tris | Cube.506
Fra:1 Mem:227.94M (Peak 303.25M) | Time:00:00.25 | Mem:127.22M, Peak:127.22M | Scene, ViewLayer | Updating Geometry BVH Cube.507 580/808 | Building mesh BLAS |     188 tris | Cube.505
Fra:1 Mem:227.94M (Peak 303.25M) | Time:00:00.25 | Mem:127.23M, Peak:127.23M | Scene, ViewLayer | Updating Geometry BVH Cube.508 581/808 | Building BVH
Fra:1 Mem:227.94M (Peak 303.25M) | Time:00:00.25 | Mem:127.23M, Peak:127.23M | Scene, ViewLayer | Updating Geometry BVH Cube.509 582/808 | Building BVH
Fra:1 Mem:227.94M (Peak 303.25M) | Time:00:00.25 | Mem:127.23M, Peak:127.23M | Scene, ViewLayer | Updating Geometry BVH Cube.509 582/808 | Building mesh BLAS |     188 tris | Cube.508
Fra:1 Mem:227.94M (Peak 303.25M) | Time:00:00.25 | Mem:127.23M, Peak:127.23M | Scene, ViewLayer | Updating Geometry BVH Cube.509 582/808 | Building mesh BLAS |     188 tris | Cube.509
Fra:1 Mem:227.94M (Peak 303.25M) | Time:00:00.25 | Mem:127.23M, Peak:127.23M | Scene, ViewLayer | Updating Geometry BVH Cube.509 582/808 | Building mesh BLAS |     188 tris | Cube.507
Fra:1 Mem:227.94M (Peak 303.25M) | Time:00:00.25 | Mem:127.25M, Peak:127.25M | Scene, ViewLayer | Updating Geometry BVH Cube.510 583/808 | Building BVH
Fra:1 Mem:227.94M (Peak 303.25M) | Time:00:00.25 | Mem:127.25M, Peak:127.25M | Scene, ViewLayer | Updating Geometry BVH Cube.696 769/808 | Building BVH
Fra:1 Mem:227.94M (Peak 303.25M) | Time:00:00.25 | Mem:127.25M, Peak:127.25M | Scene, ViewLayer | Updating Geometry BVH Cube.511 584/808 | Building mesh BLAS |     188 tris | Cube.510
Fra:1 Mem:227.94M (Peak 303.25M) | Time:00:00.25 | Mem:127.25M, Peak:127.25M | Scene, ViewLayer | Updating Geometry BVH Cube.511 584/808 | Building mesh BLAS |     188 tris | Cube.696
Fra:1 Mem:227.94M (Peak 303.25M) | Time:00:00.25 | Mem:127.25M, Peak:127.25M | Scene, ViewLayer | Updating Geometry BVH Cube.511 584/808 | Building mesh BLAS |     188 tris | Cube.511
Fra:1 Mem:227.94M (Peak 303.25M) | Time:00:00.25 | Mem:127.25M, Peak:127.25M | Scene, ViewLayer | Updating Geometry BVH Cube.512 585/808 | Building BVH
Fra:1 Mem:227.94M (Peak 303.25M) | Time:00:00.25 | Mem:127.25M, Peak:127.25M | Scene, ViewLayer | Updating Geometry BVH Cube.512 585/808 | Building mesh BLAS |     188 tris | Cube.512
Fra:1 Mem:227.94M (Peak 303.25M) | Time:00:00.25 | Mem:127.25M, Peak:127.25M | Scene, ViewLayer | Updating Geometry BVH Cube.513 586/808 | Building BVH
Fra:1 Mem:227.94M (Peak 303.25M) | Time:00:00.25 | Mem:127.25M, Peak:127.25M | Scene, ViewLayer | Updating Geometry BVH Cube.513 586/808 | Building mesh BLAS |     188 tris | Cube.513
Fra:1 Mem:227.94M (Peak 303.25M) | Time:00:00.25 | Mem:127.30M, Peak:127.30M | Scene, ViewLayer | Updating Geometry BVH Cube.514 587/808 | Building BVH
Fra:1 Mem:227.94M (Peak 303.25M) | Time:00:00.25 | Mem:127.31M, Peak:127.31M | Scene, ViewLayer | Updating Geometry BVH Cube.516 589/808 | Building BVH
Fra:1 Mem:227.94M (Peak 303.25M) | Time:00:00.25 | Mem:127.31M, Peak:127.31M | Scene, ViewLayer | Updating Geometry BVH Cube.516 589/808 | Building mesh BLAS |     188 tris | Cube.514
Fra:1 Mem:227.94M (Peak 303.25M) | Time:00:00.25 | Mem:127.31M, Peak:127.31M | Scene, ViewLayer | Updating Geometry BVH Cube.516 589/808 | Building mesh BLAS |     188 tris | Cube.515
Fra:1 Mem:227.94M (Peak 303.25M) | Time:00:00.25 | Mem:127.31M, Peak:127.31M | Scene, ViewLayer | Updating Geometry BVH Cube.516 589/808 | Building mesh BLAS |     188 tris | Cube.516
Fra:1 Mem:227.94M (Peak 303.25M) | Time:00:00.25 | Mem:127.31M, Peak:127.31M | Scene, ViewLayer | Updating Geometry BVH Cube.517 590/808 | Building BVH
Fra:1 Mem:227.94M (Peak 303.25M) | Time:00:00.25 | Mem:127.31M, Peak:127.31M | Scene, ViewLayer | Updating Geometry BVH Cube.517 590/808 | Building mesh BLAS |     188 tris | Cube.517
Fra:1 Mem:227.94M (Peak 303.25M) | Time:00:00.25 | Mem:127.31M, Peak:127.31M | Scene, ViewLayer | Updating Geometry BVH Cube.518 591/808 | Building BVH
Fra:1 Mem:227.94M (Peak 303.25M) | Time:00:00.25 | Mem:127.31M, Peak:127.31M | Scene, ViewLayer | Updating Geometry BVH Cube.518 591/808 | Building mesh BLAS |     188 tris | Cube.518
Fra:1 Mem:227.94M (Peak 303.25M) | Time:00:00.25 | Mem:127.31M, Peak:127.31M | Scene, ViewLayer | Updating Geometry BVH Cube.519 592/808 | Building BVH
Fra:1 Mem:227.94M (Peak 303.25M) | Time:00:00.25 | Mem:127.31M, Peak:127.31M | Scene, ViewLayer | Updating Geometry BVH Cube.519 592/808 | Building mesh BLAS |     188 tris | Cube.519
Fra:1 Mem:227.94M (Peak 303.25M) | Time:00:00.25 | Mem:127.32M, Peak:127.32M | Scene, ViewLayer | Updating Geometry BVH Cube.520 593/808 | Building BVH
Fra:1 Mem:227.94M (Peak 303.25M) | Time:00:00.25 | Mem:127.32M, Peak:127.32M | Scene, ViewLayer | Updating Geometry BVH Cube.520 593/808 | Building mesh BLAS |     188 tris | Cube.520
Fra:1 Mem:227.94M (Peak 303.25M) | Time:00:00.25 | Mem:127.32M, Peak:127.32M | Scene, ViewLayer | Updating Geometry BVH Cube.521 594/808 | Building BVH
Fra:1 Mem:227.94M (Peak 303.25M) | Time:00:00.25 | Mem:127.32M, Peak:127.32M | Scene, ViewLayer | Updating Geometry BVH Cube.521 594/808 | Building mesh BLAS |     188 tris | Cube.521
Fra:1 Mem:227.94M (Peak 303.25M) | Time:00:00.25 | Mem:127.34M, Peak:127.34M | Scene, ViewLayer | Updating Geometry BVH Cube.522 595/808 | Building BVH
Fra:1 Mem:227.94M (Peak 303.25M) | Time:00:00.25 | Mem:127.34M, Peak:127.34M | Scene, ViewLayer | Updating Geometry BVH Cube.522 595/808 | Building mesh BLAS |     188 tris | Cube.522
Fra:1 Mem:227.94M (Peak 303.25M) | Time:00:00.25 | Mem:127.36M, Peak:127.36M | Scene, ViewLayer | Updating Geometry BVH Cube.523 596/808 | Building BVH
Fra:1 Mem:227.94M (Peak 303.25M) | Time:00:00.25 | Mem:127.36M, Peak:127.36M | Scene, ViewLayer | Updating Geometry BVH Cube.523 596/808 | Building mesh BLAS |     188 tris | Cube.523
Fra:1 Mem:227.94M (Peak 303.25M) | Time:00:00.25 | Mem:127.36M, Peak:127.36M | Scene, ViewLayer | Updating Geometry BVH Cube.524 597/808 | Building BVH
Fra:1 Mem:227.94M (Peak 303.25M) | Time:00:00.25 | Mem:127.36M, Peak:127.36M | Scene, ViewLayer | Updating Geometry BVH Cube.524 597/808 | Building mesh BLAS |     188 tris | Cube.524
Fra:1 Mem:227.94M (Peak 303.25M) | Time:00:00.25 | Mem:127.38M, Peak:127.38M | Scene, ViewLayer | Updating Geometry BVH Cube.525 598/808 | Building BVH
Fra:1 Mem:227.94M (Peak 303.25M) | Time:00:00.25 | Mem:127.39M, Peak:127.39M | Scene, ViewLayer | Updating Geometry BVH Cube.526 599/808 | Building mesh BLAS |     188 tris | Cube.525
Fra:1 Mem:227.94M (Peak 303.25M) | Time:00:00.25 | Mem:127.40M, Peak:127.40M | Scene, ViewLayer | Updating Geometry BVH Cube.695 768/808 | Building BVH
Fra:1 Mem:227.94M (Peak 303.25M) | Time:00:00.25 | Mem:127.42M, Peak:127.42M | Scene, ViewLayer | Updating Geometry BVH Cube.527 600/808 | Building BVH
Fra:1 Mem:227.94M (Peak 303.25M) | Time:00:00.25 | Mem:127.42M, Peak:127.42M | Scene, ViewLayer | Updating Geometry BVH Cube.529 602/808 | Building mesh BLAS |     188 tris | Cube.695
Fra:1 Mem:227.94M (Peak 303.25M) | Time:00:00.25 | Mem:127.42M, Peak:127.42M | Scene, ViewLayer | Updating Geometry BVH Cube.529 602/808 | Building mesh BLAS |     188 tris | Cube.526
Fra:1 Mem:227.94M (Peak 303.25M) | Time:00:00.25 | Mem:127.42M, Peak:127.42M | Scene, ViewLayer | Updating Geometry BVH Cube.530 603/808 | Building BVH
Fra:1 Mem:227.94M (Peak 303.25M) | Time:00:00.25 | Mem:127.42M, Peak:127.42M | Scene, ViewLayer | Updating Geometry BVH Cube.530 603/808 | Building mesh BLAS |     188 tris | Cube.528
Fra:1 Mem:227.94M (Peak 303.25M) | Time:00:00.25 | Mem:127.42M, Peak:127.42M | Scene, ViewLayer | Updating Geometry BVH Cube.530 603/808 | Building mesh BLAS |     188 tris | Cube.529
Fra:1 Mem:227.94M (Peak 303.25M) | Time:00:00.25 | Mem:127.42M, Peak:127.42M | Scene, ViewLayer | Updating Geometry BVH Cube.530 603/808 | Building mesh BLAS |     188 tris | Cube.527
Fra:1 Mem:227.94M (Peak 303.25M) | Time:00:00.25 | Mem:127.42M, Peak:127.42M | Scene, ViewLayer | Updating Geometry BVH Cube.530 603/808 | Building mesh BLAS |     188 tris | Cube.530
Fra:1 Mem:227.94M (Peak 303.25M) | Time:00:00.25 | Mem:127.46M, Peak:127.46M | Scene, ViewLayer | Updating Geometry BVH Cube.531 604/808 | Building BVH
Fra:1 Mem:227.94M (Peak 303.25M) | Time:00:00.25 | Mem:127.46M, Peak:127.46M | Scene, ViewLayer | Updating Geometry BVH Cube.531 604/808 | Building mesh BLAS |     188 tris | Cube.531
Fra:1 Mem:227.94M (Peak 303.25M) | Time:00:00.25 | Mem:127.46M, Peak:127.46M | Scene, ViewLayer | Updating Geometry BVH Cube.532 605/808 | Building BVH
Fra:1 Mem:227.94M (Peak 303.25M) | Time:00:00.25 | Mem:127.46M, Peak:127.46M | Scene, ViewLayer | Updating Geometry BVH Cube.532 605/808 | Building mesh BLAS |     188 tris | Cube.532
Fra:1 Mem:227.94M (Peak 303.25M) | Time:00:00.25 | Mem:127.49M, Peak:127.49M | Scene, ViewLayer | Updating Geometry BVH Cube.533 606/808 | Building BVH
Fra:1 Mem:227.94M (Peak 303.25M) | Time:00:00.25 | Mem:127.49M, Peak:127.49M | Scene, ViewLayer | Updating Geometry BVH Cube.534 607/808 | Building BVH
Fra:1 Mem:227.94M (Peak 303.25M) | Time:00:00.25 | Mem:127.49M, Peak:127.49M | Scene, ViewLayer | Updating Geometry BVH Cube.535 608/808 | Building BVH
Fra:1 Mem:227.94M (Peak 303.25M) | Time:00:00.25 | Mem:127.49M, Peak:127.49M | Scene, ViewLayer | Updating Geometry BVH Cube.536 609/808 | Building BVH
Fra:1 Mem:227.94M (Peak 303.25M) | Time:00:00.25 | Mem:127.49M, Peak:127.49M | Scene, ViewLayer | Updating Geometry BVH Cube.536 609/808 | Building mesh BLAS |     188 tris | Cube.535
Fra:1 Mem:227.94M (Peak 303.25M) | Time:00:00.25 | Mem:127.49M, Peak:127.49M | Scene, ViewLayer | Updating Geometry BVH Cube.536 609/808 | Building mesh BLAS |     188 tris | Cube.536
Fra:1 Mem:227.94M (Peak 303.25M) | Time:00:00.25 | Mem:127.51M, Peak:127.51M | Scene, ViewLayer | Updating Geometry BVH Cube.537 610/808 | Building BVH
Fra:1 Mem:227.94M (Peak 303.25M) | Time:00:00.25 | Mem:127.51M, Peak:127.51M | Scene, ViewLayer | Updating Geometry BVH Cube.537 610/808 | Building mesh BLAS |     188 tris | Cube.537
Fra:1 Mem:227.94M (Peak 303.25M) | Time:00:00.25 | Mem:127.51M, Peak:127.51M | Scene, ViewLayer | Updating Geometry BVH Cube.538 611/808 | Building BVH
Fra:1 Mem:227.94M (Peak 303.25M) | Time:00:00.25 | Mem:127.51M, Peak:127.51M | Scene, ViewLayer | Updating Geometry BVH Cube.538 611/808 | Building mesh BLAS |     188 tris | Cube.538
Fra:1 Mem:227.94M (Peak 303.25M) | Time:00:00.25 | Mem:127.51M, Peak:127.51M | Scene, ViewLayer | Updating Geometry BVH Cube.539 612/808 | Building BVH
Fra:1 Mem:227.94M (Peak 303.25M) | Time:00:00.25 | Mem:127.51M, Peak:127.51M | Scene, ViewLayer | Updating Geometry BVH Cube.539 612/808 | Building mesh BLAS |     188 tris | Cube.539
Fra:1 Mem:227.94M (Peak 303.25M) | Time:00:00.25 | Mem:127.53M, Peak:127.53M | Scene, ViewLayer | Updating Geometry BVH Cube.540 613/808 | Building BVH
Fra:1 Mem:227.94M (Peak 303.25M) | Time:00:00.25 | Mem:127.53M, Peak:127.53M | Scene, ViewLayer | Updating Geometry BVH Cube.540 613/808 | Building mesh BLAS |     188 tris | Cube.540
Fra:1 Mem:227.94M (Peak 303.25M) | Time:00:00.25 | Mem:127.56M, Peak:127.56M | Scene, ViewLayer | Updating Geometry BVH Cube.541 614/808 | Building BVH
Fra:1 Mem:227.94M (Peak 303.25M) | Time:00:00.25 | Mem:127.58M, Peak:127.58M | Scene, ViewLayer | Updating Geometry BVH Cube.694 767/808 | Building BVH
Fra:1 Mem:227.94M (Peak 303.25M) | Time:00:00.25 | Mem:127.59M, Peak:127.59M | Scene, ViewLayer | Updating Geometry BVH Cube.542 615/808 | Building mesh BLAS |     188 tris | Cube.541
Fra:1 Mem:227.94M (Peak 303.25M) | Time:00:00.25 | Mem:127.59M, Peak:127.59M | Scene, ViewLayer | Updating Geometry BVH Cube.543 616/808 | Building mesh BLAS |     188 tris | Cube.694
Fra:1 Mem:227.94M (Peak 303.25M) | Time:00:00.25 | Mem:127.60M, Peak:127.60M | Scene, ViewLayer | Updating Geometry BVH Cube.544 617/808 | Building BVH
Fra:1 Mem:227.94M (Peak 303.25M) | Time:00:00.25 | Mem:127.60M, Peak:127.60M | Scene, ViewLayer | Updating Geometry BVH Cube.545 618/808 | Building BVH
Fra:1 Mem:227.94M (Peak 303.25M) | Time:00:00.25 | Mem:127.61M, Peak:127.61M | Scene, ViewLayer | Updating Geometry BVH Cube.545 618/808 | Building mesh BLAS |     188 tris | Cube.545
Fra:1 Mem:227.94M (Peak 303.25M) | Time:00:00.25 | Mem:127.61M, Peak:127.61M | Scene, ViewLayer | Updating Geometry BVH Cube.545 618/808 | Building mesh BLAS |     188 tris | Cube.544
Fra:1 Mem:227.94M (Peak 303.25M) | Time:00:00.25 | Mem:127.61M, Peak:127.61M | Scene, ViewLayer | Updating Geometry BVH Cube.545 618/808 | Building mesh BLAS |     188 tris | Cube.543
Fra:1 Mem:227.94M (Peak 303.25M) | Time:00:00.25 | Mem:127.63M, Peak:127.63M | Scene, ViewLayer | Updating Geometry BVH Cube.546 619/808 | Building BVH
Fra:1 Mem:227.94M (Peak 303.25M) | Time:00:00.25 | Mem:127.64M, Peak:127.64M | Scene, ViewLayer | Updating Geometry BVH Cube.547 620/808 | Building BVH
Fra:1 Mem:227.94M (Peak 303.25M) | Time:00:00.25 | Mem:127.64M, Peak:127.64M | Scene, ViewLayer | Updating Geometry BVH Cube.547 620/808 | Building mesh BLAS |     188 tris | Cube.546
Fra:1 Mem:227.94M (Peak 303.25M) | Time:00:00.25 | Mem:127.64M, Peak:127.64M | Scene, ViewLayer | Updating Geometry BVH Cube.548 621/808 | Building BVH
Fra:1 Mem:227.94M (Peak 303.25M) | Time:00:00.25 | Mem:127.64M, Peak:127.64M | Scene, ViewLayer | Updating Geometry BVH Cube.548 621/808 | Building mesh BLAS |     188 tris | Cube.547
Fra:1 Mem:227.94M (Peak 303.25M) | Time:00:00.25 | Mem:127.64M, Peak:127.64M | Scene, ViewLayer | Updating Geometry BVH Cube.549 622/808 | Building BVH
Fra:1 Mem:227.94M (Peak 303.25M) | Time:00:00.25 | Mem:127.64M, Peak:127.64M | Scene, ViewLayer | Updating Geometry BVH Cube.551 624/808 | Building BVH
Fra:1 Mem:227.94M (Peak 303.25M) | Time:00:00.25 | Mem:127.65M, Peak:127.65M | Scene, ViewLayer | Updating Geometry BVH Cube.551 624/808 | Building mesh BLAS |     188 tris | Cube.549
Fra:1 Mem:227.94M (Peak 303.25M) | Time:00:00.25 | Mem:127.65M, Peak:127.65M | Scene, ViewLayer | Updating Geometry BVH Cube.552 625/808 | Building BVH
Fra:1 Mem:227.94M (Peak 303.25M) | Time:00:00.25 | Mem:127.65M, Peak:127.65M | Scene, ViewLayer | Updating Geometry BVH Cube.552 625/808 | Building mesh BLAS |     188 tris | Cube.550
Fra:1 Mem:227.94M (Peak 303.25M) | Time:00:00.25 | Mem:127.65M, Peak:127.65M | Scene, ViewLayer | Updating Geometry BVH Cube.552 625/808 | Building mesh BLAS |     188 tris | Cube.552
Fra:1 Mem:227.94M (Peak 303.25M) | Time:00:00.25 | Mem:127.65M, Peak:127.65M | Scene, ViewLayer | Updating Geometry BVH Cube.553 626/808 | Building BVH
Fra:1 Mem:227.94M (Peak 303.25M) | Time:00:00.25 | Mem:127.67M, Peak:127.67M | Scene, ViewLayer | Updating Geometry BVH Cube.553 626/808 | Building mesh BLAS |     188 tris | Cube.553
Fra:1 Mem:227.94M (Peak 303.25M) | Time:00:00.25 | Mem:127.68M, Peak:127.68M | Scene, ViewLayer | Updating Geometry BVH Cube.554 627/808 | Building BVH
Fra:1 Mem:227.94M (Peak 303.25M) | Time:00:00.25 | Mem:127.68M, Peak:127.68M | Scene, ViewLayer | Updating Geometry BVH Cube.554 627/808 | Building mesh BLAS |     188 tris | Cube.554
Fra:1 Mem:227.94M (Peak 303.25M) | Time:00:00.25 | Mem:127.68M, Peak:127.68M | Scene, ViewLayer | Updating Geometry BVH Cube.555 628/808 | Building BVH
Fra:1 Mem:227.94M (Peak 303.25M) | Time:00:00.25 | Mem:127.68M, Peak:127.68M | Scene, ViewLayer | Updating Geometry BVH Cube.555 628/808 | Building mesh BLAS |     188 tris | Cube.555
Fra:1 Mem:227.94M (Peak 303.25M) | Time:00:00.25 | Mem:127.68M, Peak:127.68M | Scene, ViewLayer | Updating Geometry BVH Cube.556 629/808 | Building BVH
Fra:1 Mem:227.94M (Peak 303.25M) | Time:00:00.25 | Mem:127.68M, Peak:127.68M | Scene, ViewLayer | Updating Geometry BVH Cube.556 629/808 | Building mesh BLAS |     188 tris | Cube.556
Fra:1 Mem:227.94M (Peak 303.25M) | Time:00:00.25 | Mem:127.68M, Peak:127.68M | Scene, ViewLayer | Updating Geometry BVH Cube.557 630/808 | Building BVH
Fra:1 Mem:227.94M (Peak 303.25M) | Time:00:00.25 | Mem:127.68M, Peak:127.68M | Scene, ViewLayer | Updating Geometry BVH Cube.557 630/808 | Building mesh BLAS |     188 tris | Cube.557
Fra:1 Mem:227.94M (Peak 303.25M) | Time:00:00.25 | Mem:127.72M, Peak:127.72M | Scene, ViewLayer | Updating Geometry BVH Cube.558 631/808 | Building BVH
Fra:1 Mem:227.94M (Peak 303.25M) | Time:00:00.25 | Mem:127.73M, Peak:127.73M | Scene, ViewLayer | Updating Geometry BVH Cube.693 766/808 | Building BVH
Fra:1 Mem:227.94M (Peak 303.25M) | Time:00:00.25 | Mem:127.74M, Peak:127.74M | Scene, ViewLayer | Updating Geometry BVH Cube.693 766/808 | Building mesh BLAS |     188 tris | Cube.693
Fra:1 Mem:227.94M (Peak 303.25M) | Time:00:00.25 | Mem:127.75M, Peak:127.75M | Scene, ViewLayer | Updating Geometry BVH Cube.561 634/808 | Building BVH
Fra:1 Mem:227.94M (Peak 303.25M) | Time:00:00.25 | Mem:127.75M, Peak:127.75M | Scene, ViewLayer | Updating Geometry BVH Cube.561 634/808 | Building mesh BLAS |     188 tris | Cube.561
Fra:1 Mem:227.94M (Peak 303.25M) | Time:00:00.25 | Mem:127.75M, Peak:127.75M | Scene, ViewLayer | Updating Geometry BVH Cube.561 634/808 | Building mesh BLAS |     188 tris | Cube.560
Fra:1 Mem:227.94M (Peak 303.25M) | Time:00:00.25 | Mem:127.77M, Peak:127.77M | Scene, ViewLayer | Updating Geometry BVH Cube.562 635/808 | Building BVH
Fra:1 Mem:227.94M (Peak 303.25M) | Time:00:00.25 | Mem:127.78M, Peak:127.78M | Scene, ViewLayer | Updating Geometry BVH Cube.563 636/808 | Building mesh BLAS |     188 tris | Cube.559
Fra:1 Mem:227.94M (Peak 303.25M) | Time:00:00.25 | Mem:127.78M, Peak:127.78M | Scene, ViewLayer | Updating Geometry BVH Cube.564 637/808 | Building BVH
Fra:1 Mem:227.94M (Peak 303.25M) | Time:00:00.25 | Mem:127.78M, Peak:127.78M | Scene, ViewLayer | Updating Geometry BVH Cube.566 639/808 | Building BVH
Fra:1 Mem:227.94M (Peak 303.25M) | Time:00:00.25 | Mem:127.80M, Peak:127.80M | Scene, ViewLayer | Updating Geometry BVH Cube.566 639/808 | Building mesh BLAS |     188 tris | Cube.563
Fra:1 Mem:227.94M (Peak 303.25M) | Time:00:00.25 | Mem:127.81M, Peak:127.81M | Scene, ViewLayer | Updating Geometry BVH Cube.567 640/808 | Building mesh BLAS |     188 tris | Cube.566
Fra:1 Mem:227.94M (Peak 303.25M) | Time:00:00.25 | Mem:127.81M, Peak:127.81M | Scene, ViewLayer | Updating Geometry BVH Cube.567 640/808 | Building mesh BLAS |     188 tris | Cube.565
Fra:1 Mem:227.94M (Peak 303.25M) | Time:00:00.25 | Mem:127.81M, Peak:127.81M | Scene, ViewLayer | Updating Geometry BVH Cube.568 641/808 | Building BVH
Fra:1 Mem:227.94M (Peak 303.25M) | Time:00:00.25 | Mem:127.81M, Peak:127.81M | Scene, ViewLayer | Updating Geometry BVH Cube.570 643/808 | Building BVH
Fra:1 Mem:227.94M (Peak 303.25M) | Time:00:00.25 | Mem:127.82M, Peak:127.82M | Scene, ViewLayer | Updating Geometry BVH Cube.570 643/808 | Building mesh BLAS |     188 tris | Cube.568
Fra:1 Mem:227.94M (Peak 303.25M) | Time:00:00.25 | Mem:127.82M, Peak:127.82M | Scene, ViewLayer | Updating Geometry BVH Cube.570 643/808 | Building mesh BLAS |     188 tris | Cube.570
Fra:1 Mem:227.94M (Peak 303.25M) | Time:00:00.25 | Mem:127.83M, Peak:127.83M | Scene, ViewLayer | Updating Geometry BVH Cube.571 644/808 | Building BVH
Fra:1 Mem:227.94M (Peak 303.25M) | Time:00:00.25 | Mem:127.84M, Peak:127.84M | Scene, ViewLayer | Updating Geometry BVH Cube.571 644/808 | Building mesh BLAS |     188 tris | Cube.567
Fra:1 Mem:227.94M (Peak 303.25M) | Time:00:00.25 | Mem:127.85M, Peak:127.85M | Scene, ViewLayer | Updating Geometry BVH Cube.571 644/808 | Building mesh BLAS |     188 tris | Cube.571
Fra:1 Mem:227.94M (Peak 303.25M) | Time:00:00.25 | Mem:127.85M, Peak:127.85M | Scene, ViewLayer | Updating Geometry BVH Cube.572 645/808 | Building BVH
Fra:1 Mem:227.94M (Peak 303.25M) | Time:00:00.25 | Mem:127.86M, Peak:127.86M | Scene, ViewLayer | Updating Geometry BVH Cube.573 646/808 | Building BVH
Fra:1 Mem:227.94M (Peak 303.25M) | Time:00:00.25 | Mem:127.87M, Peak:127.87M | Scene, ViewLayer | Updating Geometry BVH Cube.574 647/808 | Building BVH
Fra:1 Mem:227.94M (Peak 303.25M) | Time:00:00.25 | Mem:127.87M, Peak:127.87M | Scene, ViewLayer | Updating Geometry BVH Cube.574 647/808 | Building mesh BLAS |     188 tris | Cube.573
Fra:1 Mem:227.94M (Peak 303.25M) | Time:00:00.25 | Mem:127.87M, Peak:127.87M | Scene, ViewLayer | Updating Geometry BVH Cube.574 647/808 | Building mesh BLAS |     188 tris | Cube.574
Fra:1 Mem:227.94M (Peak 303.25M) | Time:00:00.25 | Mem:127.88M, Peak:127.88M | Scene, ViewLayer | Updating Geometry BVH Cube.692 765/808 | Building BVH
Fra:1 Mem:227.94M (Peak 303.25M) | Time:00:00.25 | Mem:127.89M, Peak:127.89M | Scene, ViewLayer | Updating Geometry BVH Cube.692 765/808 | Building mesh BLAS |     188 tris | Cube.692
Fra:1 Mem:227.94M (Peak 303.25M) | Time:00:00.25 | Mem:127.89M, Peak:127.89M | Scene, ViewLayer | Updating Geometry BVH Cube.575 648/808 | Building BVH
Fra:1 Mem:227.94M (Peak 303.25M) | Time:00:00.25 | Mem:127.89M, Peak:127.89M | Scene, ViewLayer | Updating Geometry BVH Cube.576 649/808 | Building BVH
Fra:1 Mem:227.94M (Peak 303.25M) | Time:00:00.25 | Mem:127.89M, Peak:127.89M | Scene, ViewLayer | Updating Geometry BVH Cube.576 649/808 | Building mesh BLAS |     188 tris | Cube.575
Fra:1 Mem:227.94M (Peak 303.25M) | Time:00:00.25 | Mem:127.89M, Peak:127.89M | Scene, ViewLayer | Updating Geometry BVH Cube.576 649/808 | Building mesh BLAS |     188 tris | Cube.576
Fra:1 Mem:227.94M (Peak 303.25M) | Time:00:00.25 | Mem:127.92M, Peak:127.92M | Scene, ViewLayer | Updating Geometry BVH Cube.577 650/808 | Building BVH
Fra:1 Mem:227.94M (Peak 303.25M) | Time:00:00.25 | Mem:127.92M, Peak:127.92M | Scene, ViewLayer | Updating Geometry BVH Cube.577 650/808 | Building mesh BLAS |     188 tris | Cube.577
Fra:1 Mem:227.94M (Peak 303.25M) | Time:00:00.25 | Mem:127.92M, Peak:127.92M | Scene, ViewLayer | Updating Geometry BVH Cube.578 651/808 | Building BVH
Fra:1 Mem:227.94M (Peak 303.25M) | Time:00:00.25 | Mem:127.92M, Peak:127.92M | Scene, ViewLayer | Updating Geometry BVH Cube.578 651/808 | Building mesh BLAS |     188 tris | Cube.578
Fra:1 Mem:227.94M (Peak 303.25M) | Time:00:00.25 | Mem:127.93M, Peak:127.93M | Scene, ViewLayer | Updating Geometry BVH Cube.579 652/808 | Building BVH
Fra:1 Mem:227.94M (Peak 303.25M) | Time:00:00.25 | Mem:127.95M, Peak:127.95M | Scene, ViewLayer | Updating Geometry BVH Cube.580 653/808 | Building BVH
Fra:1 Mem:227.94M (Peak 303.25M) | Time:00:00.25 | Mem:127.95M, Peak:127.95M | Scene, ViewLayer | Updating Geometry BVH Cube.581 654/808 | Building mesh BLAS |     188 tris | Cube.579
Fra:1 Mem:227.94M (Peak 303.25M) | Time:00:00.25 | Mem:127.95M, Peak:127.95M | Scene, ViewLayer | Updating Geometry BVH Cube.582 655/808 | Building mesh BLAS |     188 tris | Cube.580
Fra:1 Mem:227.94M (Peak 303.25M) | Time:00:00.25 | Mem:127.95M, Peak:127.95M | Scene, ViewLayer | Updating Geometry BVH Cube.582 655/808 | Building mesh BLAS |     188 tris | Cube.581
Fra:1 Mem:227.94M (Peak 303.25M) | Time:00:00.25 | Mem:127.95M, Peak:127.95M | Scene, ViewLayer | Updating Geometry BVH Cube.582 655/808 | Building mesh BLAS |     188 tris | Cube.582
Fra:1 Mem:227.94M (Peak 303.25M) | Time:00:00.25 | Mem:127.96M, Peak:127.96M | Scene, ViewLayer | Updating Geometry BVH Cube.583 656/808 | Building BVH
Fra:1 Mem:227.94M (Peak 303.25M) | Time:00:00.25 | Mem:127.98M, Peak:127.98M | Scene, ViewLayer | Updating Geometry BVH Cube.583 656/808 | Building mesh BLAS |     188 tris | Cube.583
Fra:1 Mem:227.94M (Peak 303.25M) | Time:00:00.25 | Mem:127.98M, Peak:127.98M | Scene, ViewLayer | Updating Geometry BVH Cube.584 657/808 | Building BVH
Fra:1 Mem:227.94M (Peak 303.25M) | Time:00:00.25 | Mem:128.00M, Peak:128.00M | Scene, ViewLayer | Updating Geometry BVH Cube.585 658/808 | Building mesh BLAS |     188 tris | Cube.584
Fra:1 Mem:227.94M (Peak 303.25M) | Time:00:00.25 | Mem:128.00M, Peak:128.00M | Scene, ViewLayer | Updating Geometry BVH Cube.586 659/808 | Building BVH
Fra:1 Mem:227.94M (Peak 303.25M) | Time:00:00.25 | Mem:128.02M, Peak:128.02M | Scene, ViewLayer | Updating Geometry BVH Cube.587 660/808 | Building BVH
Fra:1 Mem:227.94M (Peak 303.25M) | Time:00:00.25 | Mem:128.02M, Peak:128.02M | Scene, ViewLayer | Updating Geometry BVH Cube.587 660/808 | Building mesh BLAS |     188 tris | Cube.586
Fra:1 Mem:227.94M (Peak 303.25M) | Time:00:00.25 | Mem:128.02M, Peak:128.02M | Scene, ViewLayer | Updating Geometry BVH Cube.588 661/808 | Building BVH
Fra:1 Mem:227.94M (Peak 303.25M) | Time:00:00.25 | Mem:128.02M, Peak:128.02M | Scene, ViewLayer | Updating Geometry BVH Cube.589 662/808 | Building BVH
Fra:1 Mem:227.94M (Peak 303.25M) | Time:00:00.25 | Mem:128.02M, Peak:128.02M | Scene, ViewLayer | Updating Geometry BVH Cube.589 662/808 | Building mesh BLAS |     188 tris | Cube.588
Fra:1 Mem:227.94M (Peak 303.25M) | Time:00:00.25 | Mem:128.02M, Peak:128.02M | Scene, ViewLayer | Updating Geometry BVH Cube.589 662/808 | Building mesh BLAS |     188 tris | Cube.585
Fra:1 Mem:227.94M (Peak 303.25M) | Time:00:00.25 | Mem:128.02M, Peak:128.02M | Scene, ViewLayer | Updating Geometry BVH Cube.590 663/808 | Building BVH
Fra:1 Mem:227.94M (Peak 303.25M) | Time:00:00.25 | Mem:128.02M, Peak:128.02M | Scene, ViewLayer | Updating Geometry BVH Cube.590 663/808 | Building mesh BLAS |     188 tris | Cube.589
Fra:1 Mem:227.94M (Peak 303.25M) | Time:00:00.25 | Mem:128.02M, Peak:128.02M | Scene, ViewLayer | Updating Geometry BVH Cube.591 664/808 | Building BVH
Fra:1 Mem:227.94M (Peak 303.25M) | Time:00:00.25 | Mem:128.02M, Peak:128.02M | Scene, ViewLayer | Updating Geometry BVH Cube.591 664/808 | Building mesh BLAS |     188 tris | Cube.591
Fra:1 Mem:227.94M (Peak 303.25M) | Time:00:00.25 | Mem:128.05M, Peak:128.05M | Scene, ViewLayer | Updating Geometry BVH Cube.691 764/808 | Building BVH
Fra:1 Mem:227.94M (Peak 303.25M) | Time:00:00.25 | Mem:128.05M, Peak:128.05M | Scene, ViewLayer | Updating Geometry BVH Cube.592 665/808 | Building BVH
Fra:1 Mem:227.94M (Peak 303.25M) | Time:00:00.25 | Mem:128.05M, Peak:128.05M | Scene, ViewLayer | Updating Geometry BVH Cube.592 665/808 | Building mesh BLAS |     188 tris | Cube.592
Fra:1 Mem:227.94M (Peak 303.25M) | Time:00:00.25 | Mem:128.05M, Peak:128.05M | Scene, ViewLayer | Updating Geometry BVH Cube.592 665/808 | Building mesh BLAS |     188 tris | Cube.691
Fra:1 Mem:227.94M (Peak 303.25M) | Time:00:00.25 | Mem:128.05M, Peak:128.05M | Scene, ViewLayer | Updating Geometry BVH Cube.593 666/808 | Building BVH
Fra:1 Mem:227.94M (Peak 303.25M) | Time:00:00.25 | Mem:128.05M, Peak:128.05M | Scene, ViewLayer | Updating Geometry BVH Cube.593 666/808 | Building mesh BLAS |     188 tris | Cube.593
Fra:1 Mem:227.94M (Peak 303.25M) | Time:00:00.26 | Mem:128.07M, Peak:128.07M | Scene, ViewLayer | Updating Geometry BVH Cube.594 667/808 | Building BVH
Fra:1 Mem:227.94M (Peak 303.25M) | Time:00:00.26 | Mem:128.07M, Peak:128.07M | Scene, ViewLayer | Updating Geometry BVH Cube.594 667/808 | Building mesh BLAS |     188 tris | Cube.594
Fra:1 Mem:227.94M (Peak 303.25M) | Time:00:00.26 | Mem:128.07M, Peak:128.07M | Scene, ViewLayer | Updating Geometry BVH Cube.595 668/808 | Building BVH
Fra:1 Mem:227.94M (Peak 303.25M) | Time:00:00.26 | Mem:128.07M, Peak:128.07M | Scene, ViewLayer | Updating Geometry BVH Cube.595 668/808 | Building mesh BLAS |     188 tris | Cube.595
Fra:1 Mem:227.94M (Peak 303.25M) | Time:00:00.26 | Mem:128.10M, Peak:128.10M | Scene, ViewLayer | Updating Geometry BVH Cube.596 669/808 | Building BVH
Fra:1 Mem:227.94M (Peak 303.25M) | Time:00:00.26 | Mem:128.10M, Peak:128.10M | Scene, ViewLayer | Updating Geometry BVH Cube.596 669/808 | Building mesh BLAS |     188 tris | Cube.596
Fra:1 Mem:227.94M (Peak 303.25M) | Time:00:00.26 | Mem:128.10M, Peak:128.10M | Scene, ViewLayer | Updating Geometry BVH Cube.597 670/808 | Building BVH
Fra:1 Mem:227.94M (Peak 303.25M) | Time:00:00.26 | Mem:128.10M, Peak:128.10M | Scene, ViewLayer | Updating Geometry BVH Cube.597 670/808 | Building mesh BLAS |     188 tris | Cube.597
Fra:1 Mem:227.94M (Peak 303.25M) | Time:00:00.26 | Mem:128.10M, Peak:128.10M | Scene, ViewLayer | Updating Geometry BVH Cube.598 671/808 | Building BVH
Fra:1 Mem:227.94M (Peak 303.25M) | Time:00:00.26 | Mem:128.10M, Peak:128.10M | Scene, ViewLayer | Updating Geometry BVH Cube.598 671/808 | Building mesh BLAS |     188 tris | Cube.598
Fra:1 Mem:227.94M (Peak 303.25M) | Time:00:00.26 | Mem:128.13M, Peak:128.13M | Scene, ViewLayer | Updating Geometry BVH Cube.599 672/808 | Building BVH
Fra:1 Mem:227.94M (Peak 303.25M) | Time:00:00.26 | Mem:128.14M, Peak:128.14M | Scene, ViewLayer | Updating Geometry BVH Cube.599 672/808 | Building mesh BLAS |     188 tris | Cube.599
Fra:1 Mem:227.94M (Peak 303.25M) | Time:00:00.26 | Mem:128.14M, Peak:128.14M | Scene, ViewLayer | Updating Geometry BVH Cube.600 673/808 | Building BVH
Fra:1 Mem:227.94M (Peak 303.25M) | Time:00:00.26 | Mem:128.14M, Peak:128.14M | Scene, ViewLayer | Updating Geometry BVH Cube.601 674/808 | Building BVH
Fra:1 Mem:227.94M (Peak 303.25M) | Time:00:00.26 | Mem:128.14M, Peak:128.14M | Scene, ViewLayer | Updating Geometry BVH Cube.601 674/808 | Building mesh BLAS |     188 tris | Cube.601
Fra:1 Mem:227.94M (Peak 303.25M) | Time:00:00.26 | Mem:128.18M, Peak:128.18M | Scene, ViewLayer | Updating Geometry BVH Cube.602 675/808 | Building BVH
Fra:1 Mem:227.94M (Peak 303.25M) | Time:00:00.26 | Mem:128.19M, Peak:128.19M | Scene, ViewLayer | Updating Geometry BVH Cube.603 676/808 | Building BVH
Fra:1 Mem:227.94M (Peak 303.25M) | Time:00:00.26 | Mem:128.19M, Peak:128.19M | Scene, ViewLayer | Updating Geometry BVH Cube.603 676/808 | Building mesh BLAS |     188 tris | Cube.602
Fra:1 Mem:227.94M (Peak 303.25M) | Time:00:00.26 | Mem:128.19M, Peak:128.19M | Scene, ViewLayer | Updating Geometry BVH Cube.603 676/808 | Building mesh BLAS |     188 tris | Cube.603
Fra:1 Mem:227.94M (Peak 303.25M) | Time:00:00.26 | Mem:128.19M, Peak:128.19M | Scene, ViewLayer | Updating Geometry BVH Cube.604 677/808 | Building BVH
Fra:1 Mem:227.94M (Peak 303.25M) | Time:00:00.26 | Mem:128.19M, Peak:128.19M | Scene, ViewLayer | Updating Geometry BVH Cube.604 677/808 | Building mesh BLAS |     188 tris | Cube.604
Fra:1 Mem:227.94M (Peak 303.25M) | Time:00:00.26 | Mem:128.19M, Peak:128.19M | Scene, ViewLayer | Updating Geometry BVH Cube.605 678/808 | Building BVH
Fra:1 Mem:227.94M (Peak 303.25M) | Time:00:00.26 | Mem:128.19M, Peak:128.19M | Scene, ViewLayer | Updating Geometry BVH Cube.605 678/808 | Building mesh BLAS |     188 tris | Cube.605
Fra:1 Mem:227.94M (Peak 303.25M) | Time:00:00.26 | Mem:128.19M, Peak:128.19M | Scene, ViewLayer | Updating Geometry BVH Cube.606 679/808 | Building BVH
Fra:1 Mem:227.94M (Peak 303.25M) | Time:00:00.26 | Mem:128.20M, Peak:128.20M | Scene, ViewLayer | Updating Geometry BVH Cube.607 680/808 | Building mesh BLAS |     188 tris | Cube.606
Fra:1 Mem:227.94M (Peak 303.25M) | Time:00:00.26 | Mem:128.21M, Peak:128.21M | Scene, ViewLayer | Updating Geometry BVH Cube.608 681/808 | Building BVH
Fra:1 Mem:227.94M (Peak 303.25M) | Time:00:00.26 | Mem:128.21M, Peak:128.21M | Scene, ViewLayer | Updating Geometry BVH Cube.608 681/808 | Building mesh BLAS |     188 tris | Cube.607
Fra:1 Mem:227.94M (Peak 303.25M) | Time:00:00.26 | Mem:128.21M, Peak:128.21M | Scene, ViewLayer | Updating Geometry BVH Cube.690 763/808 | Building BVH
Fra:1 Mem:227.94M (Peak 303.25M) | Time:00:00.26 | Mem:128.21M, Peak:128.21M | Scene, ViewLayer | Updating Geometry BVH Cube.690 763/808 | Building mesh BLAS |     188 tris | Cube.690
Fra:1 Mem:227.94M (Peak 303.25M) | Time:00:00.26 | Mem:128.21M, Peak:128.21M | Scene, ViewLayer | Updating Geometry BVH Cube.690 763/808 | Building mesh BLAS |     188 tris | Cube.609
Fra:1 Mem:227.94M (Peak 303.25M) | Time:00:00.26 | Mem:128.23M, Peak:128.23M | Scene, ViewLayer | Updating Geometry BVH Cube.610 683/808 | Building BVH
Fra:1 Mem:227.94M (Peak 303.25M) | Time:00:00.26 | Mem:128.23M, Peak:128.23M | Scene, ViewLayer | Updating Geometry BVH Cube.610 683/808 | Building mesh BLAS |     188 tris | Cube.610
Fra:1 Mem:227.94M (Peak 303.25M) | Time:00:00.26 | Mem:128.26M, Peak:128.26M | Scene, ViewLayer | Updating Geometry BVH Cube.611 684/808 | Building BVH
Fra:1 Mem:227.94M (Peak 303.25M) | Time:00:00.26 | Mem:128.26M, Peak:128.26M | Scene, ViewLayer | Updating Geometry BVH Cube.612 685/808 | Building BVH
Fra:1 Mem:227.94M (Peak 303.25M) | Time:00:00.26 | Mem:128.26M, Peak:128.26M | Scene, ViewLayer | Updating Geometry BVH Cube.612 685/808 | Building mesh BLAS |     188 tris | Cube.611
Fra:1 Mem:227.94M (Peak 303.25M) | Time:00:00.26 | Mem:128.26M, Peak:128.26M | Scene, ViewLayer | Updating Geometry BVH Cube.612 685/808 | Building mesh BLAS |     188 tris | Cube.612
Fra:1 Mem:227.94M (Peak 303.25M) | Time:00:00.26 | Mem:128.27M, Peak:128.27M | Scene, ViewLayer | Updating Geometry BVH Cube.613 686/808 | Building BVH
Fra:1 Mem:227.94M (Peak 303.25M) | Time:00:00.26 | Mem:128.27M, Peak:128.27M | Scene, ViewLayer | Updating Geometry BVH Cube.613 686/808 | Building mesh BLAS |     188 tris | Cube.613
Fra:1 Mem:227.94M (Peak 303.25M) | Time:00:00.26 | Mem:128.27M, Peak:128.27M | Scene, ViewLayer | Updating Geometry BVH Cube.614 687/808 | Building BVH
Fra:1 Mem:227.94M (Peak 303.25M) | Time:00:00.26 | Mem:128.27M, Peak:128.27M | Scene, ViewLayer | Updating Geometry BVH Cube.614 687/808 | Building mesh BLAS |     188 tris | Cube.614
Fra:1 Mem:227.94M (Peak 303.25M) | Time:00:00.26 | Mem:128.30M, Peak:128.30M | Scene, ViewLayer | Updating Geometry BVH Cube.615 688/808 | Building BVH
Fra:1 Mem:227.94M (Peak 303.25M) | Time:00:00.26 | Mem:128.32M, Peak:128.32M | Scene, ViewLayer | Updating Geometry BVH Cube.615 688/808 | Building mesh BLAS |     188 tris | Cube.615
Fra:1 Mem:227.94M (Peak 303.25M) | Time:00:00.26 | Mem:128.32M, Peak:128.32M | Scene, ViewLayer | Updating Geometry BVH Cube.616 689/808 | Building BVH
Fra:1 Mem:227.94M (Peak 303.25M) | Time:00:00.26 | Mem:128.32M, Peak:128.32M | Scene, ViewLayer | Updating Geometry BVH Cube.618 691/808 | Building BVH
Fra:1 Mem:227.94M (Peak 303.25M) | Time:00:00.26 | Mem:128.32M, Peak:128.32M | Scene, ViewLayer | Updating Geometry BVH Cube.619 692/808 | Building BVH
Fra:1 Mem:227.94M (Peak 303.25M) | Time:00:00.26 | Mem:128.32M, Peak:128.32M | Scene, ViewLayer | Updating Geometry BVH Cube.619 692/808 | Building mesh BLAS |     188 tris | Cube.617
Fra:1 Mem:227.94M (Peak 303.25M) | Time:00:00.26 | Mem:128.32M, Peak:128.32M | Scene, ViewLayer | Updating Geometry BVH Cube.620 693/808 | Building BVH
Fra:1 Mem:227.94M (Peak 303.25M) | Time:00:00.26 | Mem:128.32M, Peak:128.32M | Scene, ViewLayer | Updating Geometry BVH Cube.621 694/808 | Building BVH
Fra:1 Mem:227.94M (Peak 303.25M) | Time:00:00.26 | Mem:128.32M, Peak:128.32M | Scene, ViewLayer | Updating Geometry BVH Cube.621 694/808 | Building mesh BLAS |     188 tris | Cube.618
Fra:1 Mem:227.94M (Peak 303.25M) | Time:00:00.26 | Mem:128.34M, Peak:128.34M | Scene, ViewLayer | Updating Geometry BVH Cube.621 694/808 | Building mesh BLAS |     188 tris | Cube.621
Fra:1 Mem:227.94M (Peak 303.25M) | Time:00:00.26 | Mem:128.34M, Peak:128.34M | Scene, ViewLayer | Updating Geometry BVH Cube.621 694/808 | Building mesh BLAS |      12 tris | Cube.620
Fra:1 Mem:227.94M (Peak 303.25M) | Time:00:00.26 | Mem:128.34M, Peak:128.34M | Scene, ViewLayer | Updating Geometry BVH Cube.622 695/808 | Building BVH
Fra:1 Mem:227.94M (Peak 303.25M) | Time:00:00.26 | Mem:128.34M, Peak:128.34M | Scene, ViewLayer | Updating Geometry BVH Cube.622 695/808 | Building mesh BLAS |     188 tris | Cube.622
Fra:1 Mem:227.94M (Peak 303.25M) | Time:00:00.26 | Mem:128.34M, Peak:128.34M | Scene, ViewLayer | Updating Geometry BVH Cube.623 696/808 | Building BVH
Fra:1 Mem:227.94M (Peak 303.25M) | Time:00:00.26 | Mem:128.35M, Peak:128.35M | Scene, ViewLayer | Updating Geometry BVH Cube.623 696/808 | Building mesh BLAS |     188 tris | Cube.623
Fra:1 Mem:227.94M (Peak 303.25M) | Time:00:00.26 | Mem:128.35M, Peak:128.35M | Scene, ViewLayer | Updating Geometry BVH Cube.624 697/808 | Building BVH
Fra:1 Mem:227.94M (Peak 303.25M) | Time:00:00.26 | Mem:128.36M, Peak:128.36M | Scene, ViewLayer | Updating Geometry BVH Cube.624 697/808 | Building mesh BLAS |     188 tris | Cube.624
Fra:1 Mem:227.94M (Peak 303.25M) | Time:00:00.26 | Mem:128.36M, Peak:128.36M | Scene, ViewLayer | Updating Geometry BVH Cube.625 698/808 | Building BVH
Fra:1 Mem:227.94M (Peak 303.25M) | Time:00:00.26 | Mem:128.37M, Peak:128.37M | Scene, ViewLayer | Updating Geometry BVH Cube.626 699/808 | Building BVH
Fra:1 Mem:227.94M (Peak 303.25M) | Time:00:00.26 | Mem:128.40M, Peak:128.40M | Scene, ViewLayer | Updating Geometry BVH Cube.689 762/808 | Building BVH
Fra:1 Mem:227.94M (Peak 303.25M) | Time:00:00.26 | Mem:128.41M, Peak:128.41M | Scene, ViewLayer | Updating Geometry BVH Cube.627 700/808 | Building mesh BLAS |     188 tris | Cube.626
Fra:1 Mem:227.94M (Peak 303.25M) | Time:00:00.26 | Mem:128.41M, Peak:128.41M | Scene, ViewLayer | Updating Geometry BVH Cube.628 701/808 | Building BVH
Fra:1 Mem:227.94M (Peak 303.25M) | Time:00:00.26 | Mem:128.41M, Peak:128.41M | Scene, ViewLayer | Updating Geometry BVH Cube.629 702/808 | Building BVH
Fra:1 Mem:227.94M (Peak 303.25M) | Time:00:00.26 | Mem:128.42M, Peak:128.42M | Scene, ViewLayer | Updating Geometry BVH Cube.629 702/808 | Building mesh BLAS |     188 tris | Cube.628
Fra:1 Mem:227.94M (Peak 303.25M) | Time:00:00.26 | Mem:128.43M, Peak:128.43M | Scene, ViewLayer | Updating Geometry BVH Cube.630 703/808 | Building BVH
Fra:1 Mem:227.94M (Peak 303.25M) | Time:00:00.26 | Mem:128.44M, Peak:128.44M | Scene, ViewLayer | Updating Geometry BVH Cube.630 703/808 | Building mesh BLAS |     188 tris | Cube.629
Fra:1 Mem:227.94M (Peak 303.25M) | Time:00:00.26 | Mem:128.44M, Peak:128.44M | Scene, ViewLayer | Updating Geometry BVH Cube.631 704/808 | Building BVH
Fra:1 Mem:227.94M (Peak 303.25M) | Time:00:00.26 | Mem:128.44M, Peak:128.44M | Scene, ViewLayer | Updating Geometry BVH Cube.631 704/808 | Building mesh BLAS |     188 tris | Cube.630
Fra:1 Mem:227.94M (Peak 303.25M) | Time:00:00.26 | Mem:128.44M, Peak:128.44M | Scene, ViewLayer | Updating Geometry BVH Cube.631 704/808 | Building mesh BLAS |     188 tris | Cube.631
Fra:1 Mem:227.94M (Peak 303.25M) | Time:00:00.26 | Mem:128.47M, Peak:128.47M | Scene, ViewLayer | Updating Geometry BVH Cube.632 705/808 | Building BVH
Fra:1 Mem:227.94M (Peak 303.25M) | Time:00:00.26 | Mem:128.47M, Peak:128.47M | Scene, ViewLayer | Updating Geometry BVH Cube.632 705/808 | Building mesh BLAS |     188 tris | Cube.632
Fra:1 Mem:227.94M (Peak 303.25M) | Time:00:00.26 | Mem:128.47M, Peak:128.47M | Scene, ViewLayer | Updating Geometry BVH Cube.633 706/808 | Building BVH
Fra:1 Mem:227.94M (Peak 303.25M) | Time:00:00.26 | Mem:128.47M, Peak:128.47M | Scene, ViewLayer | Updating Geometry BVH Cube.633 706/808 | Building mesh BLAS |     188 tris | Cube.633
Fra:1 Mem:227.94M (Peak 303.25M) | Time:00:00.26 | Mem:128.49M, Peak:128.49M | Scene, ViewLayer | Updating Geometry BVH Cube.634 707/808 | Building BVH
Fra:1 Mem:227.94M (Peak 303.25M) | Time:00:00.26 | Mem:128.49M, Peak:128.49M | Scene, ViewLayer | Updating Geometry BVH Cube.634 707/808 | Building mesh BLAS |     188 tris | Cube.634
Fra:1 Mem:227.94M (Peak 303.25M) | Time:00:00.26 | Mem:128.49M, Peak:128.49M | Scene, ViewLayer | Updating Geometry BVH Cube.635 708/808 | Building BVH
Fra:1 Mem:227.94M (Peak 303.25M) | Time:00:00.26 | Mem:128.49M, Peak:128.49M | Scene, ViewLayer | Updating Geometry BVH Cube.635 708/808 | Building mesh BLAS |     188 tris | Cube.635
Fra:1 Mem:227.94M (Peak 303.25M) | Time:00:00.26 | Mem:128.49M, Peak:128.49M | Scene, ViewLayer | Updating Geometry BVH Cube.636 709/808 | Building BVH
Fra:1 Mem:227.94M (Peak 303.25M) | Time:00:00.26 | Mem:128.49M, Peak:128.49M | Scene, ViewLayer | Updating Geometry BVH Cube.636 709/808 | Building mesh BLAS |     188 tris | Cube.636
Fra:1 Mem:227.94M (Peak 303.25M) | Time:00:00.26 | Mem:128.49M, Peak:128.49M | Scene, ViewLayer | Updating Geometry BVH Cube.637 710/808 | Building BVH
Fra:1 Mem:227.94M (Peak 303.25M) | Time:00:00.26 | Mem:128.49M, Peak:128.49M | Scene, ViewLayer | Updating Geometry BVH Cube.637 710/808 | Building mesh BLAS |     188 tris | Cube.637
Fra:1 Mem:227.94M (Peak 303.25M) | Time:00:00.26 | Mem:128.49M, Peak:128.49M | Scene, ViewLayer | Updating Geometry BVH Cube.638 711/808 | Building BVH
Fra:1 Mem:227.94M (Peak 303.25M) | Time:00:00.26 | Mem:128.49M, Peak:128.49M | Scene, ViewLayer | Updating Geometry BVH Cube.638 711/808 | Building mesh BLAS |     188 tris | Cube.638
Fra:1 Mem:227.94M (Peak 303.25M) | Time:00:00.26 | Mem:128.51M, Peak:128.51M | Scene, ViewLayer | Updating Geometry BVH Cube.639 712/808 | Building BVH
Fra:1 Mem:227.94M (Peak 303.25M) | Time:00:00.26 | Mem:128.51M, Peak:128.51M | Scene, ViewLayer | Updating Geometry BVH Cube.639 712/808 | Building mesh BLAS |     188 tris | Cube.639
Fra:1 Mem:227.94M (Peak 303.25M) | Time:00:00.26 | Mem:128.51M, Peak:128.51M | Scene, ViewLayer | Updating Geometry BVH Cube.640 713/808 | Building BVH
Fra:1 Mem:227.94M (Peak 303.25M) | Time:00:00.26 | Mem:128.51M, Peak:128.51M | Scene, ViewLayer | Updating Geometry BVH Cube.640 713/808 | Building mesh BLAS |     188 tris | Cube.640
Fra:1 Mem:227.94M (Peak 303.25M) | Time:00:00.26 | Mem:128.53M, Peak:128.53M | Scene, ViewLayer | Updating Geometry BVH Cube.641 714/808 | Building BVH
Fra:1 Mem:227.94M (Peak 303.25M) | Time:00:00.26 | Mem:128.53M, Peak:128.53M | Scene, ViewLayer | Updating Geometry BVH Cube.641 714/808 | Building mesh BLAS |     188 tris | Cube.641
Fra:1 Mem:227.94M (Peak 303.25M) | Time:00:00.26 | Mem:128.55M, Peak:128.55M | Scene, ViewLayer | Updating Geometry BVH Cube.642 715/808 | Building BVH
Fra:1 Mem:227.94M (Peak 303.25M) | Time:00:00.26 | Mem:128.55M, Peak:128.55M | Scene, ViewLayer | Updating Geometry BVH Cube.642 715/808 | Building mesh BLAS |     188 tris | Cube.642
Fra:1 Mem:227.94M (Peak 303.25M) | Time:00:00.26 | Mem:128.55M, Peak:128.55M | Scene, ViewLayer | Updating Geometry BVH Cube.643 716/808 | Building BVH
Fra:1 Mem:227.94M (Peak 303.25M) | Time:00:00.26 | Mem:128.55M, Peak:128.55M | Scene, ViewLayer | Updating Geometry BVH Cube.643 716/808 | Building mesh BLAS |     188 tris | Cube.643
Fra:1 Mem:227.94M (Peak 303.25M) | Time:00:00.26 | Mem:128.55M, Peak:128.55M | Scene, ViewLayer | Updating Geometry BVH Cube.644 717/808 | Building BVH
Fra:1 Mem:227.94M (Peak 303.25M) | Time:00:00.26 | Mem:128.55M, Peak:128.55M | Scene, ViewLayer | Updating Geometry BVH Cube.644 717/808 | Building mesh BLAS |     188 tris | Cube.644
Fra:1 Mem:227.94M (Peak 303.25M) | Time:00:00.26 | Mem:128.58M, Peak:128.58M | Scene, ViewLayer | Updating Geometry BVH Cube.688 761/808 | Building BVH
Fra:1 Mem:227.94M (Peak 303.25M) | Time:00:00.26 | Mem:128.59M, Peak:128.59M | Scene, ViewLayer | Updating Geometry BVH Cube.688 761/808 | Building mesh BLAS |     188 tris | Cube.688
Fra:1 Mem:227.94M (Peak 303.25M) | Time:00:00.26 | Mem:128.60M, Peak:128.60M | Scene, ViewLayer | Updating Geometry BVH Cube.645 718/808 | Building BVH
Fra:1 Mem:227.94M (Peak 303.25M) | Time:00:00.26 | Mem:128.60M, Peak:128.60M | Scene, ViewLayer | Updating Geometry BVH Cube.645 718/808 | Building mesh BLAS |     188 tris | Cube.645
Fra:1 Mem:227.94M (Peak 303.25M) | Time:00:00.26 | Mem:128.60M, Peak:128.60M | Scene, ViewLayer | Updating Geometry BVH Cube.646 719/808 | Building BVH
Fra:1 Mem:227.94M (Peak 303.25M) | Time:00:00.26 | Mem:128.60M, Peak:128.60M | Scene, ViewLayer | Updating Geometry BVH Cube.646 719/808 | Building mesh BLAS |     188 tris | Cube.646
Fra:1 Mem:227.94M (Peak 303.25M) | Time:00:00.26 | Mem:128.60M, Peak:128.60M | Scene, ViewLayer | Updating Geometry BVH Cube.647 720/808 | Building BVH
Fra:1 Mem:227.94M (Peak 303.25M) | Time:00:00.26 | Mem:128.61M, Peak:128.61M | Scene, ViewLayer | Updating Geometry BVH Cube.647 720/808 | Building mesh BLAS |     188 tris | Cube.647
Fra:1 Mem:227.94M (Peak 303.25M) | Time:00:00.26 | Mem:128.61M, Peak:128.61M | Scene, ViewLayer | Updating Geometry BVH Cube.648 721/808 | Building BVH
Fra:1 Mem:227.94M (Peak 303.25M) | Time:00:00.26 | Mem:128.61M, Peak:128.61M | Scene, ViewLayer | Updating Geometry BVH Cube.648 721/808 | Building mesh BLAS |     188 tris | Cube.648
Fra:1 Mem:227.94M (Peak 303.25M) | Time:00:00.26 | Mem:128.61M, Peak:128.61M | Scene, ViewLayer | Updating Geometry BVH Cube.649 722/808 | Building BVH
Fra:1 Mem:227.94M (Peak 303.25M) | Time:00:00.26 | Mem:128.61M, Peak:128.61M | Scene, ViewLayer | Updating Geometry BVH Cube.649 722/808 | Building mesh BLAS |     188 tris | Cube.649
Fra:1 Mem:227.94M (Peak 303.25M) | Time:00:00.26 | Mem:128.61M, Peak:128.61M | Scene, ViewLayer | Updating Geometry BVH Cube.650 723/808 | Building BVH
Fra:1 Mem:227.94M (Peak 303.25M) | Time:00:00.26 | Mem:128.62M, Peak:128.62M | Scene, ViewLayer | Updating Geometry BVH Cube.650 723/808 | Building mesh BLAS |     188 tris | Cube.650
Fra:1 Mem:227.94M (Peak 303.25M) | Time:00:00.26 | Mem:128.64M, Peak:128.64M | Scene, ViewLayer | Updating Geometry BVH Cube.651 724/808 | Building BVH
Fra:1 Mem:227.94M (Peak 303.25M) | Time:00:00.26 | Mem:128.64M, Peak:128.64M | Scene, ViewLayer | Updating Geometry BVH Cube.651 724/808 | Building mesh BLAS |     188 tris | Cube.651
Fra:1 Mem:227.94M (Peak 303.25M) | Time:00:00.26 | Mem:128.64M, Peak:128.64M | Scene, ViewLayer | Updating Geometry BVH Cube.652 725/808 | Building BVH
Fra:1 Mem:227.94M (Peak 303.25M) | Time:00:00.26 | Mem:128.64M, Peak:128.64M | Scene, ViewLayer | Updating Geometry BVH Cube.652 725/808 | Building mesh BLAS |     188 tris | Cube.652
Fra:1 Mem:227.94M (Peak 303.25M) | Time:00:00.26 | Mem:128.64M, Peak:128.64M | Scene, ViewLayer | Updating Geometry BVH Cube.653 726/808 | Building BVH
Fra:1 Mem:227.94M (Peak 303.25M) | Time:00:00.26 | Mem:128.64M, Peak:128.64M | Scene, ViewLayer | Updating Geometry BVH Cube.653 726/808 | Building mesh BLAS |     188 tris | Cube.653
Fra:1 Mem:227.94M (Peak 303.25M) | Time:00:00.26 | Mem:128.65M, Peak:128.65M | Scene, ViewLayer | Updating Geometry BVH Cube.654 727/808 | Building BVH
Fra:1 Mem:227.94M (Peak 303.25M) | Time:00:00.26 | Mem:128.65M, Peak:128.65M | Scene, ViewLayer | Updating Geometry BVH Cube.654 727/808 | Building mesh BLAS |     188 tris | Cube.654
Fra:1 Mem:227.94M (Peak 303.25M) | Time:00:00.26 | Mem:128.65M, Peak:128.65M | Scene, ViewLayer | Updating Geometry BVH Cube.655 728/808 | Building BVH
Fra:1 Mem:227.94M (Peak 303.25M) | Time:00:00.26 | Mem:128.65M, Peak:128.65M | Scene, ViewLayer | Updating Geometry BVH Cube.655 728/808 | Building mesh BLAS |     188 tris | Cube.655
Fra:1 Mem:227.94M (Peak 303.25M) | Time:00:00.26 | Mem:128.67M, Peak:128.67M | Scene, ViewLayer | Updating Geometry BVH Cube.656 729/808 | Building BVH
Fra:1 Mem:227.94M (Peak 303.25M) | Time:00:00.26 | Mem:128.68M, Peak:128.68M | Scene, ViewLayer | Updating Geometry BVH Cube.656 729/808 | Building mesh BLAS |     188 tris | Cube.656
Fra:1 Mem:227.94M (Peak 303.25M) | Time:00:00.26 | Mem:128.68M, Peak:128.68M | Scene, ViewLayer | Updating Geometry BVH Cube.657 730/808 | Building BVH
Fra:1 Mem:227.94M (Peak 303.25M) | Time:00:00.26 | Mem:128.69M, Peak:128.69M | Scene, ViewLayer | Updating Geometry BVH Cube.657 730/808 | Building mesh BLAS |     188 tris | Cube.657
Fra:1 Mem:227.94M (Peak 303.25M) | Time:00:00.26 | Mem:128.70M, Peak:128.70M | Scene, ViewLayer | Updating Geometry BVH Cube.658 731/808 | Building BVH
Fra:1 Mem:227.94M (Peak 303.25M) | Time:00:00.26 | Mem:128.70M, Peak:128.70M | Scene, ViewLayer | Updating Geometry BVH Cube.658 731/808 | Building mesh BLAS |     188 tris | Cube.658
Fra:1 Mem:227.94M (Peak 303.25M) | Time:00:00.26 | Mem:128.70M, Peak:128.70M | Scene, ViewLayer | Updating Geometry BVH Cube.659 732/808 | Building BVH
Fra:1 Mem:227.94M (Peak 303.25M) | Time:00:00.26 | Mem:128.70M, Peak:128.70M | Scene, ViewLayer | Updating Geometry BVH Cube.659 732/808 | Building mesh BLAS |     188 tris | Cube.659
Fra:1 Mem:227.94M (Peak 303.25M) | Time:00:00.26 | Mem:128.70M, Peak:128.70M | Scene, ViewLayer | Updating Geometry BVH Cube.660 733/808 | Building BVH
Fra:1 Mem:227.94M (Peak 303.25M) | Time:00:00.26 | Mem:128.70M, Peak:128.70M | Scene, ViewLayer | Updating Geometry BVH Cube.660 733/808 | Building mesh BLAS |     188 tris | Cube.660
Fra:1 Mem:227.94M (Peak 303.25M) | Time:00:00.26 | Mem:128.74M, Peak:128.74M | Scene, ViewLayer | Updating Geometry BVH Cube.687 760/808 | Building BVH
Fra:1 Mem:227.94M (Peak 303.25M) | Time:00:00.26 | Mem:128.75M, Peak:128.75M | Scene, ViewLayer | Updating Geometry BVH Cube.687 760/808 | Building mesh BLAS |     188 tris | Cube.687
Fra:1 Mem:227.94M (Peak 303.25M) | Time:00:00.26 | Mem:128.77M, Peak:128.77M | Scene, ViewLayer | Updating Geometry BVH Cube.661 734/808 | Building BVH
Fra:1 Mem:227.94M (Peak 303.25M) | Time:00:00.26 | Mem:128.77M, Peak:128.77M | Scene, ViewLayer | Updating Geometry BVH Cube.661 734/808 | Building mesh BLAS |     188 tris | Cube.661
Fra:1 Mem:227.94M (Peak 303.25M) | Time:00:00.26 | Mem:128.78M, Peak:128.78M | Scene, ViewLayer | Updating Geometry BVH Cube.662 735/808 | Building BVH
Fra:1 Mem:227.94M (Peak 303.25M) | Time:00:00.26 | Mem:128.78M, Peak:128.78M | Scene, ViewLayer | Updating Geometry BVH Cube.662 735/808 | Building mesh BLAS |     188 tris | Cube.662
Fra:1 Mem:227.94M (Peak 303.25M) | Time:00:00.26 | Mem:128.78M, Peak:128.78M | Scene, ViewLayer | Updating Geometry BVH Cube.664 737/808 | Building BVH
Fra:1 Mem:227.94M (Peak 303.25M) | Time:00:00.26 | Mem:128.78M, Peak:128.78M | Scene, ViewLayer | Updating Geometry BVH Cube.664 737/808 | Building mesh BLAS |     188 tris | Cube.664
Fra:1 Mem:227.94M (Peak 303.25M) | Time:00:00.26 | Mem:128.79M, Peak:128.79M | Scene, ViewLayer | Updating Geometry BVH Cube.664 737/808 | Building mesh BLAS |     188 tris | Cube.663
Fra:1 Mem:227.94M (Peak 303.25M) | Time:00:00.26 | Mem:128.80M, Peak:128.80M | Scene, ViewLayer | Updating Geometry BVH Cube.665 738/808 | Building BVH
Fra:1 Mem:227.94M (Peak 303.25M) | Time:00:00.26 | Mem:128.80M, Peak:128.80M | Scene, ViewLayer | Updating Geometry BVH Cube.666 739/808 | Building BVH
Fra:1 Mem:227.94M (Peak 303.25M) | Time:00:00.26 | Mem:128.80M, Peak:128.80M | Scene, ViewLayer | Updating Geometry BVH Cube.667 740/808 | Building BVH
Fra:1 Mem:227.94M (Peak 303.25M) | Time:00:00.26 | Mem:128.80M, Peak:128.80M | Scene, ViewLayer | Updating Geometry BVH Cube.667 740/808 | Building mesh BLAS |     188 tris | Cube.666
Fra:1 Mem:227.94M (Peak 303.25M) | Time:00:00.26 | Mem:128.80M, Peak:128.80M | Scene, ViewLayer | Updating Geometry BVH Cube.667 740/808 | Building mesh BLAS |     188 tris | Cube.667
Fra:1 Mem:227.94M (Peak 303.25M) | Time:00:00.26 | Mem:128.80M, Peak:128.80M | Scene, ViewLayer | Updating Geometry BVH Cube.668 741/808 | Building BVH
Fra:1 Mem:227.94M (Peak 303.25M) | Time:00:00.26 | Mem:128.81M, Peak:128.81M | Scene, ViewLayer | Updating Geometry BVH Cube.669 742/808 | Building BVH
Fra:1 Mem:227.94M (Peak 303.25M) | Time:00:00.26 | Mem:128.81M, Peak:128.81M | Scene, ViewLayer | Updating Geometry BVH Cube.669 742/808 | Building mesh BLAS |     188 tris | Cube.668
Fra:1 Mem:227.94M (Peak 303.25M) | Time:00:00.26 | Mem:128.81M, Peak:128.81M | Scene, ViewLayer | Updating Geometry BVH Cube.669 742/808 | Building mesh BLAS |     188 tris | Cube.669
Fra:1 Mem:227.94M (Peak 303.25M) | Time:00:00.26 | Mem:128.83M, Peak:128.83M | Scene, ViewLayer | Updating Geometry BVH Cube.670 743/808 | Building BVH
Fra:1 Mem:227.94M (Peak 303.25M) | Time:00:00.26 | Mem:128.84M, Peak:128.84M | Scene, ViewLayer | Updating Geometry BVH Cube.670 743/808 | Building mesh BLAS |     188 tris | Cube.670
Fra:1 Mem:227.94M (Peak 303.25M) | Time:00:00.26 | Mem:128.85M, Peak:128.85M | Scene, ViewLayer | Updating Geometry BVH Cube.671 744/808 | Building BVH
Fra:1 Mem:227.94M (Peak 303.25M) | Time:00:00.26 | Mem:128.85M, Peak:128.85M | Scene, ViewLayer | Updating Geometry BVH Cube.672 745/808 | Building BVH
Fra:1 Mem:227.94M (Peak 303.25M) | Time:00:00.26 | Mem:128.86M, Peak:128.86M | Scene, ViewLayer | Updating Geometry BVH Cube.673 746/808 | Building BVH
Fra:1 Mem:227.94M (Peak 303.25M) | Time:00:00.26 | Mem:128.86M, Peak:128.86M | Scene, ViewLayer | Updating Geometry BVH Cube.673 746/808 | Building mesh BLAS |     188 tris | Cube.672
Fra:1 Mem:227.94M (Peak 303.25M) | Time:00:00.26 | Mem:128.86M, Peak:128.86M | Scene, ViewLayer | Updating Geometry BVH Cube.673 746/808 | Building mesh BLAS |     188 tris | Cube.673
Fra:1 Mem:227.94M (Peak 303.25M) | Time:00:00.26 | Mem:128.86M, Peak:128.86M | Scene, ViewLayer | Updating Geometry BVH Cube.674 747/808 | Building BVH
Fra:1 Mem:227.94M (Peak 303.25M) | Time:00:00.26 | Mem:128.86M, Peak:128.86M | Scene, ViewLayer | Updating Geometry BVH Cube.674 747/808 | Building mesh BLAS |     188 tris | Cube.674
Fra:1 Mem:227.94M (Peak 303.25M) | Time:00:00.26 | Mem:128.86M, Peak:128.86M | Scene, ViewLayer | Updating Geometry BVH Cube.675 748/808 | Building BVH
Fra:1 Mem:227.94M (Peak 303.25M) | Time:00:00.26 | Mem:128.86M, Peak:128.86M | Scene, ViewLayer | Updating Geometry BVH Cube.675 748/808 | Building mesh BLAS |     188 tris | Cube.675
Fra:1 Mem:227.94M (Peak 303.25M) | Time:00:00.26 | Mem:128.87M, Peak:128.87M | Scene, ViewLayer | Updating Geometry BVH Cube.676 749/808 | Building BVH
Fra:1 Mem:227.94M (Peak 303.25M) | Time:00:00.26 | Mem:128.87M, Peak:128.87M | Scene, ViewLayer | Updating Geometry BVH Cube.676 749/808 | Building mesh BLAS |     188 tris | Cube.676
Fra:1 Mem:227.94M (Peak 303.25M) | Time:00:00.26 | Mem:128.87M, Peak:128.87M | Scene, ViewLayer | Updating Geometry BVH Cube.677 750/808 | Building BVH
Fra:1 Mem:227.94M (Peak 303.25M) | Time:00:00.26 | Mem:128.87M, Peak:128.87M | Scene, ViewLayer | Updating Geometry BVH Cube.677 750/808 | Building mesh BLAS |     188 tris | Cube.677
Fra:1 Mem:227.94M (Peak 303.25M) | Time:00:00.26 | Mem:128.89M, Peak:128.89M | Scene, ViewLayer | Updating Geometry BVH Cube.686 759/808 | Building BVH
Fra:1 Mem:227.94M (Peak 303.25M) | Time:00:00.26 | Mem:128.89M, Peak:128.89M | Scene, ViewLayer | Updating Geometry BVH Cube.686 759/808 | Building mesh BLAS |     188 tris | Cube.686
Fra:1 Mem:227.94M (Peak 303.25M) | Time:00:00.26 | Mem:128.91M, Peak:128.91M | Scene, ViewLayer | Updating Geometry BVH Cube.678 751/808 | Building BVH
Fra:1 Mem:227.94M (Peak 303.25M) | Time:00:00.26 | Mem:128.91M, Peak:128.91M | Scene, ViewLayer | Updating Geometry BVH Cube.678 751/808 | Building mesh BLAS |     188 tris | Cube.678
Fra:1 Mem:227.94M (Peak 303.25M) | Time:00:00.26 | Mem:128.91M, Peak:128.91M | Scene, ViewLayer | Updating Geometry BVH Cube.679 752/808 | Building BVH
Fra:1 Mem:227.94M (Peak 303.25M) | Time:00:00.26 | Mem:128.91M, Peak:128.91M | Scene, ViewLayer | Updating Geometry BVH Cube.679 752/808 | Building mesh BLAS |     188 tris | Cube.679
Fra:1 Mem:227.94M (Peak 303.25M) | Time:00:00.26 | Mem:128.93M, Peak:128.93M | Scene, ViewLayer | Updating Geometry BVH Cube.680 753/808 | Building BVH
Fra:1 Mem:227.94M (Peak 303.25M) | Time:00:00.26 | Mem:128.93M, Peak:128.93M | Scene, ViewLayer | Updating Geometry BVH Cube.681 754/808 | Building BVH
Fra:1 Mem:227.94M (Peak 303.25M) | Time:00:00.26 | Mem:128.93M, Peak:128.93M | Scene, ViewLayer | Updating Geometry BVH Cube.681 754/808 | Building mesh BLAS |     188 tris | Cube.680
Fra:1 Mem:227.94M (Peak 303.25M) | Time:00:00.26 | Mem:128.93M, Peak:128.93M | Scene, ViewLayer | Updating Geometry BVH Cube.681 754/808 | Building mesh BLAS |     188 tris | Cube.681
Fra:1 Mem:227.94M (Peak 303.25M) | Time:00:00.26 | Mem:128.96M, Peak:128.96M | Scene, ViewLayer | Updating Geometry BVH Cube.682 755/808 | Building BVH
Fra:1 Mem:227.94M (Peak 303.25M) | Time:00:00.26 | Mem:128.96M, Peak:128.96M | Scene, ViewLayer | Updating Geometry BVH Cube.682 755/808 | Building mesh BLAS |     188 tris | Cube.682
Fra:1 Mem:227.94M (Peak 303.25M) | Time:00:00.26 | Mem:128.97M, Peak:128.97M | Scene, ViewLayer | Updating Geometry BVH Cube.683 756/808 | Building BVH
Fra:1 Mem:227.94M (Peak 303.25M) | Time:00:00.26 | Mem:128.97M, Peak:128.97M | Scene, ViewLayer | Updating Geometry BVH Cube.683 756/808 | Building mesh BLAS |     188 tris | Cube.683
Fra:1 Mem:227.94M (Peak 303.25M) | Time:00:00.26 | Mem:128.97M, Peak:128.97M | Scene, ViewLayer | Updating Geometry BVH Cube.684 757/808 | Building BVH
Fra:1 Mem:227.94M (Peak 303.25M) | Time:00:00.26 | Mem:128.97M, Peak:128.97M | Scene, ViewLayer | Updating Geometry BVH Cube.684 757/808 | Building mesh BLAS |     188 tris | Cube.684
Fra:1 Mem:227.94M (Peak 303.25M) | Time:00:00.26 | Mem:128.98M, Peak:128.98M | Scene, ViewLayer | Updating Geometry BVH Cube.685 758/808 | Building BVH
Fra:1 Mem:227.94M (Peak 303.25M) | Time:00:00.26 | Mem:128.98M, Peak:128.98M | Scene, ViewLayer | Updating Geometry BVH Cube.685 758/808 | Building mesh BLAS |     188 tris | Cube.685
Fra:1 Mem:227.94M (Peak 303.25M) | Time:00:00.26 | Mem:129.16M, Peak:129.16M | Scene, ViewLayer | Updating Scene BVH | Building
Fra:1 Mem:227.96M (Peak 303.25M) | Time:00:00.27 | Mem:129.88M, Peak:129.88M | Scene, ViewLayer | Updating Scene BVH | Building TLAS      |     820 instances
Fra:1 Mem:227.97M (Peak 303.25M) | Time:00:00.28 | Mem:130.05M, Peak:130.05M | Scene, ViewLayer | Updating Scene BVH | Copying BVH to device
Fra:1 Mem:227.97M (Peak 303.25M) | Time:00:00.28 | Mem:130.05M, Peak:130.05M | Scene, ViewLayer | Updating Mesh | Computing normals
Fra:1 Mem:242.73M (Peak 303.25M) | Time:00:00.28 | Mem:130.05M, Peak:130.05M | Scene, ViewLayer | Updating Mesh | Copying Mesh to device
Fra:1 Mem:227.97M (Peak 303.25M) | Time:00:00.28 | Mem:144.84M, Peak:144.84M | Scene, ViewLayer | Updating Objects Flags
Fra:1 Mem:227.97M (Peak 303.25M) | Time:00:00.28 | Mem:144.84M, Peak:144.84M | Scene, ViewLayer | Updating Primitive Offsets
Fra:1 Mem:227.97M (Peak 303.25M) | Time:00:00.28 | Mem:144.84M, Peak:144.84M | Scene, ViewLayer | Updating Images
Fra:1 Mem:227.97M (Peak 303.25M) | Time:00:00.28 | Mem:144.84M, Peak:144.84M | Scene, ViewLayer | Updating Images | Loading marble_01_disp_2k.jpg
Fra:1 Mem:231.97M (Peak 303.25M) | Time:00:00.28 | Mem:144.84M, Peak:144.84M | Scene, ViewLayer | Updating Images | Loading sky_nishita
Fra:1 Mem:232.97M (Peak 303.25M) | Time:00:00.28 | Mem:144.84M, Peak:144.84M | Scene, ViewLayer | Updating Images | Loading marble_01_diff_2k.jpg
Fra:1 Mem:248.97M (Peak 303.25M) | Time:00:00.28 | Mem:144.84M, Peak:144.84M | Scene, ViewLayer | Updating Images | Loading marble_01_rough_2k.jpg
Fra:1 Mem:248.97M (Peak 303.25M) | Time:00:00.28 | Mem:144.84M, Peak:144.84M | Scene, ViewLayer | Updating Images | Loading concrete_floor_02_diff_2k.jpg
Fra:1 Mem:308.97M (Peak 308.97M) | Time:00:00.28 | Mem:148.84M, Peak:148.84M | Scene, ViewLayer | Updating Images | Loading plastered_wall_02_disp_2k.jpg
Fra:1 Mem:312.97M (Peak 312.97M) | Time:00:00.31 | Mem:229.84M, Peak:229.84M | Scene, ViewLayer | Updating Camera Volume
Fra:1 Mem:312.97M (Peak 312.97M) | Time:00:00.31 | Mem:229.84M, Peak:229.84M | Scene, ViewLayer | Updating Lookup Tables
Fra:1 Mem:312.88M (Peak 312.97M) | Time:00:00.31 | Mem:229.94M, Peak:229.94M | Scene, ViewLayer | Updating Lights
Fra:1 Mem:312.88M (Peak 312.97M) | Time:00:00.31 | Mem:229.94M, Peak:229.94M | Scene, ViewLayer | Updating Lights | Importance map
Fra:1 Mem:312.87M (Peak 316.88M) | Time:00:00.34 | Mem:230.97M, Peak:233.46M | Scene, ViewLayer | Updating Lights | Computing tree
Fra:1 Mem:312.87M (Peak 316.88M) | Time:00:00.34 | Mem:230.98M, Peak:233.46M | Scene, ViewLayer | Updating Integrator
Fra:1 Mem:312.87M (Peak 316.88M) | Time:00:00.34 | Mem:230.98M, Peak:233.46M | Scene, ViewLayer | Updating Film
Fra:1 Mem:312.96M (Peak 316.88M) | Time:00:00.34 | Mem:230.89M, Peak:233.46M | Scene, ViewLayer | Updating Lookup Tables
Fra:1 Mem:312.87M (Peak 316.88M) | Time:00:00.34 | Mem:230.98M, Peak:233.46M | Scene, ViewLayer | Updating Baking
Fra:1 Mem:312.87M (Peak 316.88M) | Time:00:00.34 | Mem:230.98M, Peak:233.46M | Scene, ViewLayer | Updating Device | Writing constant memory
Fra:1 Mem:312.89M (Peak 316.88M) | Time:00:00.35 | Mem:230.98M, Peak:233.46M | Scene, ViewLayer | Loading denoising kernels (may take a few minutes the first time)
Fra:1 Mem:312.89M (Peak 344.89M) | Time:00:00.36 | Mem:3046.99M, Peak:3046.99M | Scene, ViewLayer | Sample 0/48 (Using optimized kernels)
Fra:1 Mem:312.89M (Peak 381.38M) | Time:00:00.51 | Remaining:00:07.15 | Mem:3115.51M, Peak:3115.51M | Scene, ViewLayer | Sample 1/48 (9 kernels to optimize)
Fra:1 Mem:341.73M (Peak 384.99M) | Time:00:04.38 | Mem:3115.52M, Peak:3115.52M | Scene, ViewLayer | Sample 48/48 (9 kernels to optimize)
Fra:1 Mem:341.73M (Peak 384.99M) | Time:00:04.38 | Mem:3115.52M, Peak:3115.52M | Scene, ViewLayer | Finished
Saved: '/Users/xuanji/gits/mv-astra/output/cycles/evening-preview.png'
Time: 00:04.68 (Saving: 00:00.24)

Imported plant height: 1.350163996219635
FINISHED evening-preview

Blender quit
